iso_time,epoch_seconds,sample_index,q1_raw,q1_valid,q2_raw,q2_valid,q1_baseline,q2_baseline,event
2026-09-08T12:49:59.806,1788851999.8060,1,-125,1,0,0,,,
2026-09-08T12:49:59.821,1788851999.8219,2,-247,1,0,0,,,
2026-09-08T12:49:59.859,1788851999.8594,3,-320,1,0,0,,,
2026-09-08T12:49:59.874,1788851999.8745,4,-404,1,0,0,,,
2026-09-08T12:49:59.894,1788851999.8941,5,-467,1,0,0,,,
2026-09-08T12:49:59.913,1788851999.9137,6,-506,1,0,0,,,
2026-09-08T12:49:59.933,1788851999.9333,7,-483,1,0,0,,,
2026-09-08T12:49:59.952,1788851999.9530,8,-475,1,0,0,,,
2026-09-08T12:49:59.979,1788851999.9791,9,-367,1,0,0,,,
2026-09-08T12:49:59.997,1788851999.9976,10,-225,1,0,0,,,
2026-09-08T12:50:00.016,1788852000.0160,11,-52,1,0,0,,,
2026-09-08T12:50:00.033,1788852000.0339,12,104,1,0,0,,,
2026-09-08T12:50:00.049,1788852000.0496,13,203,1,0,0,,,
2026-09-08T12:50:00.073,1788852000.0733,14,213,1,0,0,,,
2026-09-08T12:50:00.094,1788852000.0949,15,147,1,0,0,,,
2026-09-08T12:50:00.111,1788852000.1116,16,16,1,0,0,,,
2026-09-08T12:50:00.128,1788852000.1282,17,-121,1,0,0,,,
2026-09-08T12:50:00.152,1788852000.1525,18,-200,1,0,0,,,
2026-09-08T12:50:00.170,1788852000.1704,19,-216,1,0,0,,,
2026-09-08T12:50:00.195,1788852000.1952,20,-134,1,0,0,,,
2026-09-08T12:50:00.216,1788852000.2162,21,-7,1,0,0,,,
2026-09-08T12:50:00.236,1788852000.2362,22,124,1,0,0,,,
2026-09-08T12:50:00.247,1788852000.2479,23,223,1,0,0,,,
2026-09-08T12:50:00.270,1788852000.2707,24,259,1,0,0,,,
2026-09-08T12:50:00.297,1788852000.2975,25,192,1,0,0,,,
2026-09-08T12:50:00.313,1788852000.3138,26,66,1,0,0,,,
2026-09-08T12:50:00.335,1788852000.3351,27,-77,1,0,0,,,
2026-09-08T12:50:00.354,1788852000.3545,28,-195,1,0,0,,,
2026-09-08T12:50:00.377,1788852000.3771,29,-222,1,0,0,,,
2026-09-08T12:50:00.390,1788852000.3910,30,-185,1,0,0,,,
2026-09-08T12:50:00.420,1788852000.4207,31,-83,1,0,0,,,
2026-09-08T12:50:00.440,1788852000.4402,32,49,1,0,0,,,
2026-09-08T12:50:00.453,1788852000.4538,33,170,1,0,0,,,
2026-09-08T12:50:00.470,1788852000.4708,34,212,1,0,0,,,
2026-09-08T12:50:00.494,1788852000.4942,35,182,1,0,0,,,
2026-09-08T12:50:00.509,1788852000.5095,36,69,1,0,0,,,
2026-09-08T12:50:00.525,1788852000.5255,37,-68,1,0,0,,,
2026-09-08T12:50:00.551,1788852000.5511,38,-176,1,0,0,,,
2026-09-08T12:50:00.579,1788852000.5791,39,-233,1,0,0,,,
2026-09-08T12:50:00.594,1788852000.5941,40,-204,1,0,0,,,
2026-09-08T12:50:00.608,1788852000.6090,41,-106,1,0,0,,,
2026-09-08T12:50:00.640,1788852000.6408,42,24,1,0,0,,,
2026-09-08T12:50:00.650,1788852000.6510,43,149,1,0,0,,,
2026-09-08T12:50:00.671,1788852000.6713,44,229,1,0,0,,,
2026-09-08T12:50:00.691,1788852000.6919,45,209,1,0,0,,,
2026-09-08T12:50:00.717,1788852000.7174,46,122,1,0,0,,,
2026-09-08T12:50:00.733,1788852000.7332,47,-14,1,0,0,,,
2026-09-08T12:50:00.756,1788852000.7563,48,-146,1,0,0,,,
2026-09-08T12:50:00.774,1788852000.7745,49,-211,1,0,0,,,
2026-09-08T12:50:00.783,1788852000.7838,50,-210,1,0,0,,,
2026-09-08T12:50:00.815,1788852000.8157,51,-126,1,0,0,,,
2026-09-08T12:50:00.833,1788852000.8339,52,10,1,0,0,,,
2026-09-08T12:50:00.847,1788852000.8476,53,159,1,0,0,,,
2026-09-08T12:50:00.871,1788852000.8715,54,258,1,0,0,,,
2026-09-08T12:50:00.879,1788852000.8792,55,294,1,0,0,,,
2026-09-08T12:50:00.916,1788852000.9162,56,234,1,0,0,,,
2026-09-08T12:50:00.942,1788852000.9424,57,122,1,0,0,,,
2026-09-08T12:50:00.945,1788852000.9459,58,1,1,0,0,,,
2026-09-08T12:50:00.974,1788852000.9742,59,-91,1,0,0,,,
2026-09-08T12:50:00.990,1788852000.9904,60,-117,1,0,0,,,
2026-09-08T12:50:01.006,1788852001.0063,61,-81,1,0,0,,,
2026-09-08T12:50:01.038,1788852001.0382,62,-1,1,0,0,,,
2026-09-08T12:50:01.054,1788852001.0542,63,94,1,0,0,,,
2026-09-08T12:50:01.071,1788852001.0720,64,170,1,0,0,,,
2026-09-08T12:50:01.086,1788852001.0865,65,158,1,0,0,,,
2026-09-08T12:50:01.102,1788852001.1028,66,78,1,0,0,,,
2026-09-08T12:50:01.134,1788852001.1344,67,-62,1,0,0,,,
2026-09-08T12:50:01.152,1788852001.1524,68,-213,1,0,0,,,
2026-09-08T12:50:01.175,1788852001.1760,69,-312,1,0,0,,,
2026-09-08T12:50:01.182,1788852001.1825,70,-349,1,0,0,,,
2026-09-08T12:50:01.198,1788852001.1981,71,-301,1,0,0,,,
2026-09-08T12:50:01.229,1788852001.2298,72,-186,1,0,0,,,
2026-09-08T12:50:01.245,1788852001.2455,73,-40,1,0,0,,,
2026-09-08T12:50:01.274,1788852001.2747,74,80,1,0,0,,,
2026-09-08T12:50:01.289,1788852001.2900,75,151,1,0,0,,,
2026-09-08T12:50:01.312,1788852001.3125,76,119,1,0,0,,,
2026-09-08T12:50:01.337,1788852001.3371,77,19,1,0,0,,,
2026-09-08T12:50:01.353,1788852001.3533,78,-116,1,0,0,,,
2026-09-08T12:50:01.372,1788852001.3723,79,-241,1,0,0,,,
2026-09-08T12:50:01.385,1788852001.3853,80,-299,1,0,0,,,
2026-09-08T12:50:01.402,1788852001.4025,81,-284,1,0,0,,,
2026-09-08T12:50:01.433,1788852001.4331,82,-195,1,0,0,,,
2026-09-08T12:50:01.449,1788852001.4492,83,-64,1,0,0,,,
2026-09-08T12:50:01.472,1788852001.4723,84,70,1,0,0,,,
2026-09-08T12:50:01.481,1788852001.4810,85,139,1,0,0,,,
2026-09-08T12:50:01.512,1788852001.5127,86,138,1,0,0,,,
2026-09-08T12:50:01.531,1788852001.5317,87,51,1,0,0,,,
2026-09-08T12:50:01.559,1788852001.5594,88,-78,1,0,0,,,
2026-09-08T12:50:01.572,1788852001.5723,89,-203,1,0,0,,,
2026-09-08T12:50:01.592,1788852001.5921,90,-289,1,0,0,,,
2026-09-08T12:50:01.624,1788852001.6241,91,-291,1,0,0,,,
2026-09-08T12:50:01.624,1788852001.6241,92,-219,1,0,0,,,
2026-09-08T12:50:01.655,1788852001.6556,93,-92,1,0,0,,,
2026-09-08T12:50:01.675,1788852001.6755,94,34,1,0,0,,,
2026-09-08T12:50:01.687,1788852001.6871,95,131,1,0,0,,,
2026-09-08T12:50:01.702,1788852001.7028,96,138,1,0,0,,,
2026-09-08T12:50:01.734,1788852001.7343,97,75,1,0,0,,,
2026-09-08T12:50:01.750,1788852001.7504,98,-51,1,0,0,,,
2026-09-08T12:50:01.772,1788852001.7726,99,-187,1,0,0,,,
2026-09-08T12:50:01.782,1788852001.7822,100,-280,1,0,0,,,
2026-09-08T12:50:01.798,1788852001.7983,101,-306,1,0,0,,,
2026-09-08T12:50:01.830,1788852001.8304,102,-250,1,0,0,,,
2026-09-08T12:50:01.848,1788852001.8484,103,-133,1,0,0,,,
2026-09-08T12:50:01.872,1788852001.8727,104,8,1,0,0,,,
2026-09-08T12:50:01.894,1788852001.8944,105,110,1,0,0,,,
2026-09-08T12:50:01.910,1788852001.9105,106,157,1,0,0,,,
2026-09-08T12:50:01.942,1788852001.9425,107,107,1,0,0,,,
2026-09-08T12:50:01.944,1788852001.9446,108,-2,1,0,0,,,
2026-09-08T12:50:01.974,1788852001.9748,109,-137,1,0,0,,,
2026-09-08T12:50:01.990,1788852001.9909,110,-252,1,0,0,,,
2026-09-08T12:50:02.006,1788852002.0068,111,-296,1,0,0,,,
2026-09-08T12:50:02.038,1788852002.0384,112,-266,1,0,0,,,
2026-09-08T12:50:02.054,1788852002.0544,113,-171,1,0,0,,,
2026-09-08T12:50:02.073,1788852002.0731,114,-42,1,0,0,,,
2026-09-08T12:50:02.086,1788852002.0869,115,82,1,0,0,,,
2026-09-08T12:50:02.103,1788852002.1032,116,131,1,0,0,,,
2026-09-08T12:50:02.119,1788852002.1193,117,111,1,0,0,,,
2026-09-08T12:50:02.151,1788852002.1512,118,6,1,0,0,,,
2026-09-08T12:50:02.173,1788852002.1734,119,-131,1,0,0,,,
2026-09-08T12:50:02.182,1788852002.1830,120,-247,1,0,0,,,
2026-09-08T12:50:02.214,1788852002.2148,121,-317,1,0,0,,,
2026-09-08T12:50:02.230,1788852002.2310,122,-304,1,0,0,,,
2026-09-08T12:50:02.247,1788852002.2471,123,-221,1,0,0,,,
2026-09-08T12:50:02.273,1788852002.2736,124,-92,1,0,0,,,
2026-09-08T12:50:02.294,1788852002.2947,125,31,1,0,0,,,
2026-09-08T12:50:02.312,1788852002.3125,126,118,1,0,0,,,
2026-09-08T12:50:02.327,1788852002.3279,127,109,1,0,0,,,
2026-09-08T12:50:02.342,1788852002.3427,128,31,1,0,0,,,
2026-09-08T12:50:02.374,1788852002.3749,129,-101,1,0,0,,,
2026-09-08T12:50:02.391,1788852002.3910,130,-232,1,0,0,,,
2026-09-08T12:50:02.408,1788852002.4089,131,-309,1,0,0,,,
2026-09-08T12:50:02.426,1788852002.4267,132,-318,1,0,0,,,
2026-09-08T12:50:02.455,1788852002.4551,133,-257,1,0,0,,,
2026-09-08T12:50:02.473,1788852002.4738,134,-135,1,0,0,,,
2026-09-08T12:50:02.486,1788852002.4869,135,4,1,0,0,,,
2026-09-08T12:50:02.502,1788852002.5030,136,95,1,0,0,,,
2026-09-08T12:50:02.518,1788852002.5189,137,123,1,0,0,,,
2026-09-08T12:50:02.559,1788852002.5596,138,55,1,0,0,,,
2026-09-08T12:50:02.573,1788852002.5739,139,-65,1,0,0,,,
2026-09-08T12:50:02.583,1788852002.5832,140,-189,1,0,0,,,
2026-09-08T12:50:02.599,1788852002.5994,141,-291,1,0,0,,,
2026-09-08T12:50:02.631,1788852002.6315,142,-315,1,0,0,,,
2026-09-08T12:50:02.647,1788852002.6473,143,-264,1,0,0,,,
2026-09-08T12:50:02.674,1788852002.6740,144,-153,1,0,0,,,
2026-09-08T12:50:02.695,1788852002.6952,145,-18,1,0,0,,,
2026-09-08T12:50:02.711,1788852002.7114,146,102,1,0,0,,,
2026-09-08T12:50:02.727,1788852002.7271,147,142,1,0,0,,,
2026-09-08T12:50:02.743,1788852002.7432,148,110,1,0,0,,,
2026-09-08T12:50:02.774,1788852002.7742,149,0,1,0,0,,,
2026-09-08T12:50:02.791,1788852002.7916,150,-138,1,0,0,,,
2026-09-08T12:50:02.807,1788852002.8076,151,-242,1,0,0,,,
2026-09-08T12:50:02.823,1788852002.8234,152,-294,1,0,0,,,
2026-09-08T12:50:02.839,1788852002.8394,153,-275,1,0,0,,,
2026-09-08T12:50:02.874,1788852002.8746,154,-179,1,0,0,,,
2026-09-08T12:50:02.894,1788852002.8949,155,-43,1,0,0,,,
2026-09-08T12:50:02.919,1788852002.9190,156,75,1,0,0,,,
2026-09-08T12:50:02.935,1788852002.9350,157,151,1,0,0,,,
2026-09-08T12:50:02.951,1788852002.9512,158,128,1,0,0,,,
2026-09-08T12:50:02.982,1788852002.9827,159,38,1,0,0,,,
2026-09-08T12:50:02.982,1788852002.9827,160,-86,1,0,0,,,
2026-09-08T12:50:03.014,1788852003.0142,161,-217,1,0,0,,,
2026-09-08T12:50:03.030,1788852003.0305,162,-290,1,0,0,,,
2026-09-08T12:50:03.046,1788852003.0463,163,-294,1,0,0,,,
2026-09-08T12:50:03.064,1788852003.0644,164,-231,1,0,0,,,
2026-09-08T12:50:03.094,1788852003.0941,165,-114,1,0,0,,,
2026-09-08T12:50:03.109,1788852003.1098,166,9,1,0,0,,,
2026-09-08T12:50:03.125,1788852003.1259,167,81,1,0,0,,,
2026-09-08T12:50:03.141,1788852003.1419,168,91,1,0,0,,,
2026-09-08T12:50:03.159,1788852003.1598,169,11,1,0,0,,,
2026-09-08T12:50:03.190,1788852003.1900,170,-112,1,0,0,,,
2026-09-08T12:50:03.206,1788852003.2060,171,-231,1,0,0,,,
2026-09-08T12:50:03.222,1788852003.2221,172,-316,1,0,0,,,
2026-09-08T12:50:03.254,1788852003.2545,173,-331,1,0,0,,,
2026-09-08T12:50:03.270,1788852003.2706,174,-259,1,0,0,,,
2026-09-08T12:50:03.302,1788852003.3022,175,-132,1,0,0,,,
2026-09-08T12:50:03.312,1788852003.3126,176,4,1,0,0,,,
2026-09-08T12:50:03.334,1788852003.3340,177,118,1,0,0,,,
2026-09-08T12:50:03.350,1788852003.3501,178,146,1,0,0,,,
2026-09-08T12:50:03.375,1788852003.3752,179,101,1,0,0,,,
2026-09-08T12:50:03.392,1788852003.3929,180,-4,1,0,0,,,
2026-09-08T12:50:03.414,1788852003.4143,181,-142,1,0,0,,,
2026-09-08T12:50:03.428,1788852003.4287,182,-252,1,0,0,,,
2026-09-08T12:50:03.444,1788852003.4447,183,-290,1,0,0,,,
2026-09-08T12:50:03.475,1788852003.4751,184,-251,1,0,0,,,
2026-09-08T12:50:03.492,1788852003.4928,185,-136,1,0,0,,,
2026-09-08T12:50:03.508,1788852003.5089,186,6,1,0,0,,,
2026-09-08T12:50:03.524,1788852003.5247,187,117,1,0,0,,,
2026-09-08T12:50:03.540,1788852003.5405,188,173,1,0,0,,,
2026-09-08T12:50:03.575,1788852003.5754,189,142,1,0,0,,,
2026-09-08T12:50:03.588,1788852003.5884,190,34,1,0,0,,,
2026-09-08T12:50:03.604,1788852003.6046,191,-101,1,0,0,,,
2026-09-08T12:50:03.622,1788852003.6229,192,-237,1,0,0,,,
2026-09-08T12:50:03.652,1788852003.6527,193,-315,1,0,0,,,
2026-09-08T12:50:03.668,1788852003.6688,194,-301,1,0,0,,,
2026-09-08T12:50:03.684,1788852003.6848,195,-218,1,0,0,,,
2026-09-08T12:50:03.700,1788852003.7005,196,-91,1,0,0,,,
2026-09-08T12:50:03.732,1788852003.7327,197,36,1,0,0,,,
2026-09-08T12:50:03.748,1788852003.7486,198,98,1,0,0,,,
2026-09-08T12:50:03.775,1788852003.7760,199,91,1,0,0,,,
2026-09-08T12:50:03.780,1788852003.7805,200,9,1,0,0,,,
2026-09-08T12:50:03.812,1788852003.8123,201,-124,1,0,0,,,
2026-09-08T12:50:03.843,1788852003.8438,202,-249,1,0,0,,,
2026-09-08T12:50:03.843,1788852003.8438,203,-330,1,0,0,,,
2026-09-08T12:50:03.875,1788852003.8759,204,-339,1,0,0,,,
2026-09-08T12:50:03.891,1788852003.8919,205,-261,1,0,0,,,
2026-09-08T12:50:03.907,1788852003.9076,206,-134,1,0,0,,,
2026-09-08T12:50:03.923,1788852003.9235,207,-5,1,0,0,,,
2026-09-08T12:50:03.955,1788852003.9555,208,92,1,0,0,,,
2026-09-08T12:50:03.971,1788852003.9719,209,104,1,0,0,,,
2026-09-08T12:50:03.987,1788852003.9877,210,41,1,0,0,,,
2026-09-08T12:50:04.003,1788852004.0039,211,-72,1,0,0,,,
2026-09-08T12:50:04.020,1788852004.0200,212,-212,1,0,0,,,
2026-09-08T12:50:04.051,1788852004.0518,213,-310,1,0,0,,,
2026-09-08T12:50:04.067,1788852004.0677,214,-329,1,0,0,,,
2026-09-08T12:50:04.084,1788852004.0840,215,-275,1,0,0,,,
2026-09-08T12:50:04.099,1788852004.0999,216,-153,1,0,0,,,
2026-09-08T12:50:04.131,1788852004.1315,217,-10,1,0,0,,,
2026-09-08T12:50:04.147,1788852004.1477,218,91,1,0,0,,,
2026-09-08T12:50:04.163,1788852004.1638,219,134,1,0,0,,,
2026-09-08T12:50:04.195,1788852004.1952,220,83,1,0,0,,,
2026-09-08T12:50:04.210,1788852004.2109,221,-45,1,0,0,,,
2026-09-08T12:50:04.226,1788852004.2266,222,-204,1,0,0,,,
2026-09-08T12:50:04.242,1788852004.2424,223,-363,1,0,0,,,
2026-09-08T12:50:04.273,1788852004.2740,224,-452,1,0,0,,,
2026-09-08T12:50:04.289,1788852004.2898,225,-412,1,0,0,,,
2026-09-08T12:50:04.322,1788852004.3226,226,-288,1,0,0,,,
2026-09-08T12:50:04.323,1788852004.3235,227,-124,1,0,0,,,
2026-09-08T12:50:04.337,1788852004.3377,228,34,1,0,0,,,
2026-09-08T12:50:04.377,1788852004.3778,229,127,1,0,0,,,
2026-09-08T12:50:04.385,1788852004.3853,230,163,1,0,0,,,
2026-09-08T12:50:04.401,1788852004.4011,231,116,1,0,0,,,
2026-09-08T12:50:04.433,1788852004.4334,232,-13,1,0,0,,,
2026-09-08T12:50:04.449,1788852004.4492,233,-144,1,0,0,,,
2026-09-08T12:50:04.481,1788852004.4815,234,-224,1,0,0,,,
2026-09-08T12:50:04.481,1788852004.4815,235,-232,1,0,0,,,
2026-09-08T12:50:04.513,1788852004.5137,236,-155,1,0,0,,,
2026-09-08T12:50:04.529,1788852004.5297,237,-33,1,0,0,,,
2026-09-08T12:50:04.545,1788852004.5456,238,80,1,0,0,,,
2026-09-08T12:50:04.562,1788852004.5630,239,156,1,0,0,,,
2026-09-08T12:50:04.594,1788852004.5941,240,146,1,0,0,,,
2026-09-08T12:50:04.610,1788852004.6102,241,63,1,0,0,,,
2026-09-08T12:50:04.626,1788852004.6261,242,-51,1,0,0,,,
2026-09-08T12:50:04.642,1788852004.6420,243,-185,1,0,0,,,
2026-09-08T12:50:04.657,1788852004.6577,244,-276,1,0,0,,,
2026-09-08T12:50:04.689,1788852004.6894,245,-286,1,0,0,,,
2026-09-08T12:50:04.721,1788852004.7213,246,-224,1,0,0,,,
2026-09-08T12:50:04.721,1788852004.7213,247,-104,1,0,0,,,
2026-09-08T12:50:04.753,1788852004.7533,248,27,1,0,0,,,
2026-09-08T12:50:04.769,1788852004.7692,249,101,1,0,0,,,
2026-09-08T12:50:04.784,1788852004.7850,250,122,1,0,0,,,
2026-09-08T12:50:04.816,1788852004.8167,251,-565,1,0,0,,,
2026-09-08T12:50:04.832,1788852004.8325,252,-614,1,0,0,,,
2026-09-08T12:50:04.848,1788852004.8485,253,-566,1,0,0,,,
2026-09-08T12:50:04.864,1788852004.8646,254,-478,1,0,0,,,
2026-09-08T12:50:04.896,1788852004.8964,255,-357,1,0,0,,,
2026-09-08T12:50:04.912,1788852004.9124,256,-226,1,0,0,,,
2026-09-08T12:50:04.928,1788852004.9287,257,-113,1,0,0,,,
2026-09-08T12:50:04.944,1788852004.9447,258,29,1,0,0,,,
2026-09-08T12:50:04.961,1788852004.9611,259,146,1,0,0,,,
2026-09-08T12:50:04.992,1788852004.9925,260,174,1,0,0,,,
2026-09-08T12:50:05.008,1788852005.0087,261,123,1,0,0,,,
2026-09-08T12:50:05.024,1788852005.0250,262,22,1,0,0,,,
2026-09-08T12:50:05.041,1788852005.0411,263,-126,1,0,0,,,
2026-09-08T12:50:05.073,1788852005.0730,264,-253,1,0,0,,,
2026-09-08T12:50:05.089,1788852005.0891,265,-314,1,0,0,,,
2026-09-08T12:50:05.105,1788852005.1053,266,-295,1,0,0,,,
2026-09-08T12:50:05.137,1788852005.1377,267,-188,1,0,0,,,
2026-09-08T12:50:05.153,1788852005.1536,268,-42,1,0,0,,,
2026-09-08T12:50:05.169,1788852005.1700,269,69,1,0,0,,,
2026-09-08T12:50:05.202,1788852005.2020,270,143,1,0,0,,,
2026-09-08T12:50:05.217,1788852005.2177,271,129,1,0,0,,,
2026-09-08T12:50:05.234,1788852005.2343,272,40,1,0,0,,,
2026-09-08T12:50:05.250,1788852005.2505,273,-76,1,0,0,,,
2026-09-08T12:50:05.266,1788852005.2668,274,-198,1,0,0,,,
2026-09-08T12:50:05.282,1788852005.2823,275,-273,1,0,0,,,
2026-09-08T12:50:05.316,1788852005.3162,276,-263,1,0,0,,,
2026-09-08T12:50:05.330,1788852005.3302,277,-185,1,0,0,,,
2026-09-08T12:50:05.346,1788852005.3465,278,-58,1,0,0,,,
2026-09-08T12:50:05.363,1788852005.3633,279,73,1,0,0,,,
2026-09-08T12:50:05.383,1788852005.3836,280,142,1,0,0,,,
2026-09-08T12:50:05.418,1788852005.4187,281,147,1,0,0,,,
2026-09-08T12:50:05.428,1788852005.4285,282,93,1,0,0,,,
2026-09-08T12:50:05.442,1788852005.4421,283,-32,1,0,0,,,
2026-09-08T12:50:05.473,1788852005.4736,284,-154,1,0,0,,,
2026-09-08T12:50:05.489,1788852005.4898,285,-241,1,0,0,,,
2026-09-08T12:50:05.515,1788852005.5156,286,-258,1,0,0,,,
2026-09-08T12:50:05.521,1788852005.5218,287,-191,1,0,0,,,
2026-09-08T12:50:05.553,1788852005.5536,288,-68,1,0,0,,,
2026-09-08T12:50:05.571,1788852005.5711,289,46,1,0,0,,,
2026-09-08T12:50:05.585,1788852005.5855,290,149,1,0,0,,,
2026-09-08T12:50:05.617,1788852005.6174,291,169,1,0,0,-115,,
2026-09-08T12:50:05.634,1788852005.6347,292,115,1,0,0,-115,,
2026-09-08T12:50:05.658,1788852005.6588,293,16,1,0,0,-115,,
2026-09-08T12:50:05.674,1788852005.6748,294,-115,1,0,0,-115,,
2026-09-08T12:50:05.690,1788852005.6909,295,-219,1,0,0,-115,,
2026-09-08T12:50:05.722,1788852005.7229,296,-253,1,0,0,-115,,
2026-09-08T12:50:05.722,1788852005.7229,297,-215,1,0,0,-115,,
2026-09-08T12:50:05.754,1788852005.7547,298,-104,1,0,0,-115,,
2026-09-08T12:50:05.770,1788852005.7707,299,36,1,0,0,-115,,
2026-09-08T12:50:05.786,1788852005.7866,300,132,1,0,0,-115,,
2026-09-08T12:50:05.802,1788852005.8025,301,183,1,0,0,-115,,
2026-09-08T12:50:05.818,1788852005.8188,302,170,1,0,0,-115,,
2026-09-08T12:50:05.850,1788852005.8508,303,67,1,0,0,-115,,
2026-09-08T12:50:05.866,1788852005.8666,304,-55,1,0,0,-115,,
2026-09-08T12:50:05.884,1788852005.8846,305,-174,1,0,0,-115,,
2026-09-08T12:50:05.913,1788852005.9138,306,-239,1,0,0,-115,,
2026-09-08T12:50:05.930,1788852005.9301,307,-216,1,0,0,-115,,
2026-09-08T12:50:05.947,1788852005.9479,308,-126,1,0,0,-115,,
2026-09-08T12:50:05.962,1788852005.9624,309,-19,1,0,0,-115,,
2026-09-08T12:50:05.984,1788852005.9850,310,105,1,0,0,-115,,
2026-09-08T12:50:06.010,1788852006.0100,311,187,1,0,0,-115,,
2026-09-08T12:50:06.025,1788852006.0259,312,173,1,0,0,-115,,
2026-09-08T12:50:06.041,1788852006.0416,313,99,1,0,0,-115,,
2026-09-08T12:50:06.073,1788852006.0737,314,-38,1,0,0,-115,,
2026-09-08T12:50:06.089,1788852006.0897,315,-164,1,0,0,-115,,
2026-09-08T12:50:06.105,1788852006.1055,316,-242,1,0,0,-115,,
2026-09-08T12:50:06.121,1788852006.1214,317,-252,1,0,0,-115,,
2026-09-08T12:50:06.152,1788852006.1529,318,-203,1,0,0,-115,,
2026-09-08T12:50:06.168,1788852006.1686,319,-76,1,0,0,-115,,
2026-09-08T12:50:06.185,1788852006.1851,320,34,1,0,0,-115,,
2026-09-08T12:50:06.201,1788852006.2012,321,129,1,0,0,-115,,
2026-09-08T12:50:06.233,1788852006.2332,322,160,1,0,0,-115,,
2026-09-08T12:50:06.249,1788852006.2493,323,90,1,0,0,-115,,
2026-09-08T12:50:06.265,1788852006.2653,324,-16,1,0,0,-115,,
2026-09-08T12:50:06.286,1788852006.2867,325,-144,1,0,0,-115,,
2026-09-08T12:50:06.313,1788852006.3135,326,-236,1,0,0,-115,,
2026-09-08T12:50:06.329,1788852006.3294,327,-253,1,0,0,-115,,
2026-09-08T12:50:06.345,1788852006.3454,328,-204,1,0,0,-115,,
2026-09-08T12:50:06.377,1788852006.3773,329,-115,1,0,0,-115,,
2026-09-08T12:50:06.393,1788852006.3931,330,18,1,0,0,-115,,
2026-09-08T12:50:06.408,1788852006.4089,331,125,1,0,0,-115,,
2026-09-08T12:50:06.442,1788852006.4427,332,151,1,0,0,-115,,
2026-09-08T12:50:06.443,1788852006.4432,333,115,1,0,0,-115,,
2026-09-08T12:50:06.472,1788852006.4725,334,-3,1,0,0,-115,,
2026-09-08T12:50:06.490,1788852006.4904,335,-127,1,0,0,-115,,
2026-09-08T12:50:06.504,1788852006.5041,336,-235,1,0,0,-115,,
2026-09-08T12:50:06.535,1788852006.5356,337,-283,1,0,0,-115,,
2026-09-08T12:50:06.551,1788852006.5515,338,-270,1,0,0,-115,,
2026-09-08T12:50:06.569,1788852006.5691,339,-167,1,0,0,-115,,
2026-09-08T12:50:06.590,1788852006.5909,340,-57,1,0,0,-115,,
2026-09-08T12:50:06.615,1788852006.6154,341,58,1,0,0,-115,,
2026-09-08T12:50:06.631,1788852006.6316,342,123,1,0,0,-115,,
2026-09-08T12:50:06.647,1788852006.6475,343,93,1,0,0,-115,,
2026-09-08T12:50:06.663,1788852006.6636,344,12,1,0,0,-115,,
2026-09-08T12:50:06.695,1788852006.6954,345,-119,1,0,0,-115,,
2026-09-08T12:50:06.711,1788852006.7115,346,-232,1,0,0,-115,,
2026-09-08T12:50:06.727,1788852006.7274,347,-287,1,0,0,-115,,
2026-09-08T12:50:06.743,1788852006.7433,348,-271,1,0,0,-115,,
2026-09-08T12:50:06.759,1788852006.7591,349,-200,1,0,0,-115,,
2026-09-08T12:50:06.791,1788852006.7913,350,-60,1,0,0,-115,,
2026-09-08T12:50:06.807,1788852006.8074,351,72,1,0,0,-115,,
2026-09-08T12:50:06.828,1788852006.8282,352,153,1,0,0,-115,,
2026-09-08T12:50:06.855,1788852006.8555,353,169,1,0,0,-115,,
2026-09-08T12:50:06.871,1788852006.8717,354,89,1,0,0,-115,,
2026-09-08T12:50:06.889,1788852006.8895,355,-20,1,0,0,-115,,
2026-09-08T12:50:06.903,1788852006.9039,356,-143,1,0,0,-115,,
2026-09-08T12:50:06.919,1788852006.9199,357,-222,1,0,0,-115,,
2026-09-08T12:50:06.952,1788852006.9521,358,-242,1,0,0,-115,,
2026-09-08T12:50:06.968,1788852006.9682,359,-170,1,0,0,-115,,
2026-09-08T12:50:06.989,1788852006.9894,360,-66,1,0,0,-115,,
2026-09-08T12:50:07.016,1788852007.0162,361,69,1,0,0,-115,,
2026-09-08T12:50:07.034,1788852007.0343,362,173,1,0,0,-115,,
2026-09-08T12:50:07.064,1788852007.0640,363,189,1,0,0,-115,,
2026-09-08T12:50:07.064,1788852007.0640,364,144,1,0,0,-115,,
2026-09-08T12:50:07.089,1788852007.0897,365,22,1,0,0,-115,,
2026-09-08T12:50:07.112,1788852007.1125,366,-99,1,0,0,-115,,
2026-09-08T12:50:07.128,1788852007.1282,367,-191,1,0,0,-115,,
2026-09-08T12:50:07.159,1788852007.1596,368,-217,1,0,0,-115,,
2026-09-08T12:50:07.175,1788852007.1757,369,-184,1,0,0,-115,,
2026-09-08T12:50:07.191,1788852007.1915,370,-66,1,0,0,-115,,
2026-09-08T12:50:07.207,1788852007.2074,371,68,1,0,0,-115,,
2026-09-08T12:50:07.223,1788852007.2235,372,176,1,0,0,-115,,
2026-09-08T12:50:07.239,1788852007.2396,373,228,1,0,0,-115,,
2026-09-08T12:50:07.271,1788852007.2717,374,179,1,0,0,-115,,
2026-09-08T12:50:07.289,1788852007.2900,375,83,1,0,0,-115,,
2026-09-08T12:50:07.312,1788852007.3125,376,-49,1,0,0,-115,,
2026-09-08T12:50:07.336,1788852007.3364,377,-157,1,0,0,-115,,
2026-09-08T12:50:07.352,1788852007.3527,378,-218,1,0,0,-115,,
2026-09-08T12:50:07.368,1788852007.3687,379,-186,1,0,0,-115,,
2026-09-08T12:50:07.390,1788852007.3902,380,-106,1,0,0,-115,,
2026-09-08T12:50:07.400,1788852007.4003,381,31,1,0,0,-115,,
2026-09-08T12:50:07.432,1788852007.4322,382,156,1,0,0,-115,,
2026-09-08T12:50:07.449,1788852007.4499,383,214,1,0,0,-115,,
2026-09-08T12:50:07.465,1788852007.4659,384,208,1,0,0,-115,,
2026-09-08T12:50:07.495,1788852007.4957,385,110,1,0,0,-115,,
2026-09-08T12:50:07.511,1788852007.5115,386,-6,1,0,0,-115,,
2026-09-08T12:50:07.527,1788852007.5276,387,-123,1,0,0,-115,,
2026-09-08T12:50:07.543,1788852007.5437,388,-186,1,0,0,-115,,
2026-09-08T12:50:07.575,1788852007.5751,389,-191,1,0,0,-115,,
2026-09-08T12:50:07.590,1788852007.5909,390,-104,1,0,0,-115,,
2026-09-08T12:50:07.606,1788852007.6068,391,21,1,0,0,-115,,
2026-09-08T12:50:07.622,1788852007.6229,392,150,1,0,0,-115,,
2026-09-08T12:50:07.639,1788852007.6392,393,239,1,0,0,-115,,
2026-09-08T12:50:07.671,1788852007.6712,394,235,1,0,0,-115,,
2026-09-08T12:50:07.692,1788852007.6929,395,172,1,0,0,-115,,
2026-09-08T12:50:07.718,1788852007.7188,396,43,1,0,0,-115,,
2026-09-08T12:50:07.734,1788852007.7349,397,-75,1,0,0,-115,,
2026-09-08T12:50:07.750,1788852007.7507,398,-168,1,0,0,-115,,
2026-09-08T12:50:07.782,1788852007.7823,399,-176,1,0,0,-115,,
2026-09-08T12:50:07.792,1788852007.7928,400,-129,1,0,0,-115,,
2026-09-08T12:50:07.814,1788852007.8145,401,-3,1,0,0,-115,,
2026-09-08T12:50:07.830,1788852007.8307,402,131,1,0,0,-115,,
2026-09-08T12:50:07.846,1788852007.8464,403,227,1,0,0,-115,,
2026-09-08T12:50:07.862,1788852007.8625,404,262,1,0,0,-115,,
2026-09-08T12:50:07.894,1788852007.8944,405,198,1,0,0,-115,,
2026-09-08T12:50:07.910,1788852007.9105,406,95,1,0,0,-115,,
2026-09-08T12:50:07.926,1788852007.9262,407,-33,1,0,0,-115,,
2026-09-08T12:50:07.957,1788852007.9579,408,-130,1,0,0,-115,,
2026-09-08T12:50:07.957,1788852007.9579,409,-176,1,0,0,-115,,
2026-09-08T12:50:07.995,1788852007.9952,410,-131,1,0,0,-115,,
2026-09-08T12:50:08.005,1788852008.0056,411,-33,1,0,0,-115,,
2026-09-08T12:50:08.021,1788852008.0214,412,100,1,0,0,-115,,
2026-09-08T12:50:08.053,1788852008.0532,413,212,1,0,0,-115,,
2026-09-08T12:50:08.071,1788852008.0715,414,249,1,0,0,-115,,
2026-09-08T12:50:08.093,1788852008.0933,415,223,1,0,0,-115,,
2026-09-08T12:50:08.116,1788852008.1166,416,112,1,0,0,-115,,
2026-09-08T12:50:08.132,1788852008.1325,417,-7,1,0,0,-115,,
2026-09-08T12:50:08.148,1788852008.1486,418,-125,1,0,0,-115,,
2026-09-08T12:50:08.164,1788852008.1646,419,-172,1,0,0,-115,,
2026-09-08T12:50:08.196,1788852008.1965,420,-161,1,0,0,-115,,
2026-09-08T12:50:08.212,1788852008.2126,421,-59,1,0,0,-115,,
2026-09-08T12:50:08.229,1788852008.2291,422,70,1,0,0,-115,,
2026-09-08T12:50:08.245,1788852008.2454,423,191,1,0,0,-115,,
2026-09-08T12:50:08.261,1788852008.2616,424,265,1,0,0,-115,,
2026-09-08T12:50:08.293,1788852008.2934,425,243,1,0,0,-115,,
2026-09-08T12:50:08.312,1788852008.3129,426,166,1,0,0,-115,,
2026-09-08T12:50:08.326,1788852008.3265,427,35,1,0,0,-115,,
2026-09-08T12:50:08.344,1788852008.3441,428,-79,1,0,0,-115,,
2026-09-08T12:50:08.373,1788852008.3734,429,-154,1,0,0,-115,,
2026-09-08T12:50:08.389,1788852008.3892,430,-141,1,0,0,-115,,
2026-09-08T12:50:08.405,1788852008.4051,431,-73,1,0,0,-115,,
2026-09-08T12:50:08.436,1788852008.4369,432,59,1,0,0,-115,,
2026-09-08T12:50:08.452,1788852008.4527,433,187,1,0,0,-115,,
2026-09-08T12:50:08.468,1788852008.4684,434,266,1,0,0,-115,,
2026-09-08T12:50:08.484,1788852008.4845,435,280,1,0,0,-115,,
2026-09-08T12:50:08.500,1788852008.5006,436,193,1,0,0,-115,,
2026-09-08T12:50:08.532,1788852008.5325,437,76,1,0,0,-115,,
2026-09-08T12:50:08.548,1788852008.5485,438,-58,1,0,0,-115,,
2026-09-08T12:50:08.566,1788852008.5664,439,-145,1,0,0,-115,,
2026-09-08T12:50:08.580,1788852008.5805,440,-182,1,0,0,-115,,
2026-09-08T12:50:08.619,1788852008.6193,441,-119,1,0,0,-115,,
2026-09-08T12:50:08.630,1788852008.6302,442,-9,1,0,0,-115,,
2026-09-08T12:50:08.643,1788852008.6440,443,122,1,0,0,-115,,
2026-09-08T12:50:08.660,1788852008.6601,444,224,1,0,0,-115,,
2026-09-08T12:50:08.691,1788852008.6920,445,243,1,0,0,-115,,
2026-09-08T12:50:08.707,1788852008.7078,446,200,1,0,0,-115,,
2026-09-08T12:50:08.723,1788852008.7237,447,87,1,0,0,-115,,
2026-09-08T12:50:08.740,1788852008.7401,448,-35,1,0,0,-115,,
2026-09-08T12:50:08.773,1788852008.7730,449,-142,1,0,0,-115,,
2026-09-08T12:50:08.788,1788852008.7883,450,-172,1,0,0,-115,,
2026-09-08T12:50:08.820,1788852008.8201,451,-146,1,0,0,-115,,
2026-09-08T12:50:08.835,1788852008.8360,452,-33,1,0,0,-115,,
2026-09-08T12:50:08.851,1788852008.8518,453,98,1,0,0,-115,,
2026-09-08T12:50:08.867,1788852008.8677,454,208,1,0,0,-115,,
2026-09-08T12:50:08.883,1788852008.8836,455,263,1,0,0,-115,,
2026-09-08T12:50:08.899,1788852008.8997,456,218,1,0,0,-115,,
2026-09-08T12:50:08.931,1788852008.9313,457,126,1,0,0,-115,,
2026-09-08T12:50:08.947,1788852008.9474,458,-3,1,0,0,-115,,
2026-09-08T12:50:08.975,1788852008.9751,459,-111,1,0,0,-115,,
2026-09-08T12:50:08.995,1788852008.9951,460,-182,1,0,0,-115,,
2026-09-08T12:50:09.010,1788852009.0105,461,-154,1,0,0,-115,,
2026-09-08T12:50:09.026,1788852009.0264,462,-71,1,0,0,-115,,
2026-09-08T12:50:09.042,1788852009.0421,463,64,1,0,0,-115,,
2026-09-08T12:50:09.074,1788852009.0743,464,188,1,0,0,-115,,
2026-09-08T12:50:09.090,1788852009.0900,465,247,1,0,0,-115,,
2026-09-08T12:50:09.106,1788852009.1061,466,242,1,0,0,-115,,
2026-09-08T12:50:09.137,1788852009.1379,467,154,1,0,0,-115,,
2026-09-08T12:50:09.153,1788852009.1536,468,34,1,0,0,-115,,
2026-09-08T12:50:09.169,1788852009.1697,469,-91,1,0,0,-115,,
2026-09-08T12:50:09.186,1788852009.1862,470,-156,1,0,0,-115,,
2026-09-08T12:50:09.201,1788852009.2018,471,-169,1,0,0,-115,,
2026-09-08T12:50:09.236,1788852009.2362,472,-85,1,0,0,-115,,
2026-09-08T12:50:09.249,1788852009.2499,473,36,1,0,0,-115,,
2026-09-08T12:50:09.281,1788852009.2818,474,165,1,0,0,-115,,
2026-09-08T12:50:09.281,1788852009.2818,475,256,1,0,0,-115,,
2026-09-08T12:50:09.316,1788852009.3163,476,255,1,0,0,-115,,
2026-09-08T12:50:09.329,1788852009.3293,477,194,1,0,0,-115,,
2026-09-08T12:50:09.344,1788852009.3450,478,73,1,0,0,-115,,
2026-09-08T12:50:09.361,1788852009.3610,479,-47,1,0,0,-115,,
2026-09-08T12:50:09.392,1788852009.3926,480,-151,1,0,0,-115,,
2026-09-08T12:50:09.408,1788852009.4088,481,-162,1,0,0,-115,,
2026-09-08T12:50:09.424,1788852009.4249,482,-118,1,0,0,-115,,
2026-09-08T12:50:09.440,1788852009.4407,483,3,1,0,0,-115,,
2026-09-08T12:50:09.472,1788852009.4726,484,130,1,0,0,-115,,
2026-09-08T12:50:09.488,1788852009.4883,485,224,1,0,0,-115,,
2026-09-08T12:50:09.504,1788852009.5043,486,260,1,0,0,-115,,
2026-09-08T12:50:09.520,1788852009.5207,487,205,1,0,0,-115,,
2026-09-08T12:50:09.552,1788852009.5521,488,100,1,0,0,-115,,
2026-09-08T12:50:09.568,1788852009.5688,489,-32,1,0,0,-115,,
2026-09-08T12:50:09.583,1788852009.5840,490,-131,1,0,0,-115,,
2026-09-08T12:50:09.606,1788852009.6070,491,-185,1,0,0,-115,,
2026-09-08T12:50:09.631,1788852009.6315,492,-139,1,0,0,-115,,
2026-09-08T12:50:09.663,1788852009.6632,493,-42,1,0,0,-115,,
2026-09-08T12:50:09.663,1788852009.6632,494,92,1,0,0,-115,,
2026-09-08T12:50:09.679,1788852009.6794,495,206,1,0,0,-115,,
2026-09-08T12:50:09.713,1788852009.7132,496,248,1,0,0,-115,,
2026-09-08T12:50:09.727,1788852009.7274,497,227,1,0,0,-115,,
2026-09-08T12:50:09.759,1788852009.7597,498,125,1,0,0,-115,,
2026-09-08T12:50:09.775,1788852009.7754,499,3,1,0,0,-115,,
2026-09-08T12:50:09.791,1788852009.7911,500,-121,1,0,0,-115,,
2026-09-08T12:50:09.807,1788852009.8072,501,-172,1,0,0,-115,,
2026-09-08T12:50:09.823,1788852009.8234,502,-168,1,0,0,-115,,
2026-09-08T12:50:09.852,1788852009.8528,503,-71,1,0,0,-115,,
2026-09-08T12:50:09.868,1788852009.8683,504,54,1,0,0,-115,,
2026-09-08T12:50:09.886,1788852009.8864,505,175,1,0,0,-115,,
2026-09-08T12:50:09.916,1788852009.9165,506,250,1,0,0,-115,,
2026-09-08T12:50:09.932,1788852009.9326,507,232,1,0,0,-115,,
2026-09-08T12:50:09.950,1788852009.9506,508,156,1,0,0,-115,,
2026-09-08T12:50:09.974,1788852009.9747,509,26,1,0,0,-115,,
2026-09-08T12:50:09.996,1788852009.9964,510,-92,1,0,0,-115,,
2026-09-08T12:50:10.014,1788852010.0142,511,-184,1,0,0,-115,,
2026-09-08T12:50:10.028,1788852010.0283,512,-180,1,0,0,-115,,
2026-09-08T12:50:10.046,1788852010.0461,513,-119,1,0,0,-115,,
2026-09-08T12:50:10.078,1788852010.0784,514,10,1,0,0,-115,,
2026-09-08T12:50:10.092,1788852010.0922,515,139,1,0,0,-115,,
2026-09-08T12:50:10.110,1788852010.1105,516,224,1,0,0,-115,,
2026-09-08T12:50:10.124,1788852010.1244,517,246,1,0,0,-115,,
2026-09-08T12:50:10.156,1788852010.1562,518,176,1,0,0,-115,,
2026-09-08T12:50:10.172,1788852010.1721,519,62,1,0,0,-115,,
2026-09-08T12:50:10.188,1788852010.1881,520,-68,1,0,0,-115,,
2026-09-08T12:50:10.208,1788852010.2080,521,-157,1,0,0,-115,,
2026-09-08T12:50:10.237,1788852010.2378,522,-197,1,0,0,-115,,
2026-09-08T12:50:10.251,1788852010.2517,523,-135,1,0,0,-115,,
2026-09-08T12:50:10.267,1788852010.2677,524,-28,1,0,0,-115,,
2026-09-08T12:50:10.301,1788852010.3017,525,106,1,0,0,-115,,
2026-09-08T12:50:10.312,1788852010.3128,526,214,1,0,0,-115,,
2026-09-08T12:50:10.333,1788852010.3338,527,238,1,0,0,-115,,
2026-09-08T12:50:10.347,1788852010.3474,528,202,1,0,0,-115,,
2026-09-08T12:50:10.367,1788852010.3680,529,90,1,0,0,-115,,
2026-09-08T12:50:10.379,1788852010.3794,530,-36,1,0,0,-115,,
2026-09-08T12:50:10.411,1788852010.4112,531,-155,1,0,0,-115,,
2026-09-08T12:50:10.429,1788852010.4292,532,-192,1,0,0,-115,,
2026-09-08T12:50:10.443,1788852010.4433,533,-171,1,0,0,-115,,
2026-09-08T12:50:10.467,1788852010.4674,534,-60,1,0,0,-115,,
2026-09-08T12:50:10.492,1788852010.4929,535,70,1,0,0,-115,,
2026-09-08T12:50:10.506,1788852010.5067,536,184,1,0,0,-115,,
2026-09-08T12:50:10.538,1788852010.5384,537,248,1,0,0,-115,,
2026-09-08T12:50:10.559,1788852010.5593,538,218,1,0,0,-115,,
2026-09-08T12:50:10.571,1788852010.5711,539,131,1,0,0,-115,,
2026-09-08T12:50:10.588,1788852010.5882,540,5,1,0,0,-115,,
2026-09-08T12:50:10.602,1788852010.6023,541,-111,1,0,0,-115,,
2026-09-08T12:50:10.634,1788852010.6340,542,-193,1,0,0,-115,,
2026-09-08T12:50:10.651,1788852010.6520,543,-172,1,0,0,-115,,
2026-09-08T12:50:10.666,1788852010.6661,544,-95,1,0,0,-115,,
2026-09-08T12:50:10.698,1788852010.6982,545,39,1,0,0,-115,,
2026-09-08T12:50:10.713,1788852010.7140,546,167,1,0,0,-115,,
2026-09-08T12:50:10.729,1788852010.7300,547,228,1,0,0,-115,,
2026-09-08T12:50:10.747,1788852010.7479,548,234,1,0,0,-115,,
2026-09-08T12:50:10.780,1788852010.7801,549,153,1,0,0,-115,,
2026-09-08T12:50:10.793,1788852010.7939,550,34,1,0,0,-115,,
2026-09-08T12:50:10.812,1788852010.8121,551,-99,1,0,0,-115,,
2026-09-08T12:50:10.844,1788852010.8443,552,-181,1,0,0,-115,,
2026-09-08T12:50:10.858,1788852010.8581,553,-209,1,0,0,-115,,
2026-09-08T12:50:10.873,1788852010.8739,554,-136,1,0,0,-115,,
2026-09-08T12:50:10.889,1788852010.8899,555,-17,1,0,0,-115,,
2026-09-08T12:50:10.907,1788852010.9078,556,114,1,0,0,-115,,
2026-09-08T12:50:10.921,1788852010.9217,557,210,1,0,0,-115,,
2026-09-08T12:50:10.954,1788852010.9541,558,220,1,0,0,-115,,
2026-09-08T12:50:10.971,1788852010.9715,559,170,1,0,0,-115,,
2026-09-08T12:50:10.987,1788852010.9875,560,68,1,0,0,-115,,
2026-09-08T12:50:11.003,1788852011.0035,561,-2309,1,0,0,-115,,
2026-09-08T12:50:11.033,1788852011.0336,562,-6444,1,0,0,-115,,
2026-09-08T12:50:11.049,1788852011.0493,563,-10565,1,0,0,-115,,
2026-09-08T12:50:11.065,1788852011.0651,564,-14622,1,0,0,-115,,
2026-09-08T12:50:11.088,1788852011.0885,565,-18560,1,0,0,-115,,
2026-09-08T12:50:11.113,1788852011.1131,566,-22452,1,0,0,-115,,
2026-09-08T12:50:11.131,1788852011.1311,567,-26304,1,0,0,-115,,
2026-09-08T12:50:11.144,1788852011.1448,568,-27893,1,0,0,-115,,
2026-09-08T12:50:11.176,1788852011.1769,569,-27707,1,0,0,-115,,
2026-09-08T12:50:11.192,1788852011.1929,570,-27469,1,0,0,-115,,
2026-09-08T12:50:11.209,1788852011.2093,571,-27244,1,0,0,-115,,
2026-09-08T12:50:11.227,1788852011.2271,572,-27022,1,0,0,-115,,
2026-09-08T12:50:11.241,1788852011.2412,573,-26802,1,0,0,-115,,
2026-09-08T12:50:11.272,1788852011.2728,574,-26564,1,0,0,-115,,
2026-09-08T12:50:11.290,1788852011.2907,575,-26304,1,0,0,-115,,
2026-09-08T12:50:11.312,1788852011.3128,576,-25872,1,0,0,-115,,
2026-09-08T12:50:11.320,1788852011.3206,577,-25328,1,0,0,-115,,
2026-09-08T12:50:11.353,1788852011.3536,578,-24655,1,0,0,-115,,
2026-09-08T12:50:11.383,1788852011.3835,579,-23462,1,0,0,-115,,
2026-09-08T12:50:11.383,1788852011.3835,580,-21711,1,0,0,-115,,
2026-09-08T12:50:11.415,1788852011.4152,581,-19258,1,0,0,-115,,
2026-09-08T12:50:11.431,1788852011.4313,582,-16436,1,0,0,-115,,
2026-09-08T12:50:11.449,1788852011.4494,583,-13337,1,0,0,-115,,
2026-09-08T12:50:11.466,1788852011.4662,584,-10117,1,0,0,-115,,
2026-09-08T12:50:11.495,1788852011.4957,585,-6790,1,0,0,-115,,
2026-09-08T12:50:11.513,1788852011.5139,586,-3910,1,0,0,-115,,
2026-09-08T12:50:11.527,1788852011.5280,587,-1551,1,0,0,-115,,
2026-09-08T12:50:11.545,1788852011.5459,588,87,1,0,0,-115,,
2026-09-08T12:50:11.560,1788852011.5602,589,1312,1,0,0,-115,,
2026-09-08T12:50:11.604,1788852011.6048,590,2047,1,0,0,-115,,
2026-09-08T12:50:11.609,1788852011.6099,591,2531,1,0,0,-115,,
2026-09-08T12:50:11.623,1788852011.6236,592,2794,1,0,0,-115,,
2026-09-08T12:50:11.641,1788852011.6414,593,2983,1,0,0,-115,,
2026-09-08T12:50:11.673,1788852011.6736,594,3170,1,0,0,-115,,
2026-09-08T12:50:11.687,1788852011.6877,595,3368,1,0,0,-115,,
2026-09-08T12:50:11.705,1788852011.7051,596,3580,1,0,0,-115,,
2026-09-08T12:50:11.735,1788852011.7357,597,3793,1,0,0,-115,,
2026-09-08T12:50:11.751,1788852011.7516,598,3937,1,0,0,-115,,
2026-09-08T12:50:11.769,1788852011.7695,599,4011,1,0,0,-115,,
2026-09-08T12:50:11.783,1788852011.7836,600,4011,1,0,0,-115,,
2026-09-08T12:50:11.815,1788852011.8156,601,3922,1,0,0,-115,,
2026-09-08T12:50:11.833,1788852011.8334,602,3801,1,0,0,-115,,
2026-09-08T12:50:11.847,1788852011.8476,603,3709,1,0,0,-115,,
2026-09-08T12:50:11.865,1788852011.8655,604,3659,1,0,0,-115,,
2026-09-08T12:50:11.897,1788852011.8971,605,3708,1,0,0,-115,,
2026-09-08T12:50:11.911,1788852011.9111,606,3807,1,0,0,-115,,
2026-09-08T12:50:11.929,1788852011.9293,607,3909,1,0,0,-115,,
2026-09-08T12:50:11.943,1788852011.9430,608,4013,1,0,0,-115,,
2026-09-08T12:50:11.960,1788852011.9608,609,4072,1,0,0,-115,,
2026-09-08T12:50:11.992,1788852011.9923,610,4032,1,0,0,-115,,
2026-09-08T12:50:12.006,1788852012.0065,611,3933,1,0,0,-115,,
2026-09-08T12:50:12.024,1788852012.0244,612,3789,1,0,0,-115,,
2026-09-08T12:50:12.056,1788852012.0561,613,3646,1,0,0,-115,,
2026-09-08T12:50:12.069,1788852012.0699,614,3581,1,0,0,-115,,
2026-09-08T12:50:12.085,1788852012.0858,615,3573,1,0,0,-115,,
2026-09-08T12:50:12.106,1788852012.1066,616,3621,1,0,0,-115,,
2026-09-08T12:50:12.133,1788852012.1334,617,3730,1,0,0,-115,,
2026-09-08T12:50:12.151,1788852012.1512,618,3803,1,0,0,-115,,
2026-09-08T12:50:12.165,1788852012.1652,619,3847,1,0,0,-115,,
2026-09-08T12:50:12.182,1788852012.1830,620,3829,1,0,0,-115,,
2026-09-08T12:50:12.214,1788852012.2150,621,3719,1,0,0,-115,,
2026-09-08T12:50:12.229,1788852012.2290,622,3570,1,0,0,-115,,Q1 BUTTON HOLD
2026-09-08T12:50:12.247,1788852012.2472,623,3424,1,0,0,-115,,
2026-09-08T12:50:12.272,1788852012.2726,624,3311,1,0,0,-115,,
2026-09-08T12:50:12.290,1788852012.2905,625,3300,1,0,0,-115,,
2026-09-08T12:50:12.321,1788852012.3213,626,3349,1,0,0,-115,,
2026-09-08T12:50:12.336,1788852012.3364,627,3424,1,0,0,-115,,
2026-09-08T12:50:12.352,1788852012.3523,628,3526,1,0,0,-115,,
2026-09-08T12:50:12.368,1788852012.3680,629,3597,1,0,0,-115,,
2026-09-08T12:50:12.383,1788852012.3839,630,3580,1,0,0,-115,,
2026-09-08T12:50:12.406,1788852012.4068,631,3501,1,0,0,-115,,
2026-09-08T12:50:12.437,1788852012.4372,632,3355,1,0,0,-115,,
2026-09-08T12:50:12.448,1788852012.4487,633,3194,1,0,0,-115,,
2026-09-08T12:50:12.467,1788852012.4677,634,3088,1,0,0,-115,,
2026-09-08T12:50:12.507,1788852012.5071,635,3034,1,0,0,-115,,
2026-09-08T12:50:12.512,1788852012.5122,636,3048,1,0,0,-115,,
2026-09-08T12:50:12.528,1788852012.5285,637,3143,1,0,0,-115,,
2026-09-08T12:50:12.544,1788852012.5445,638,3224,1,0,0,-115,,
2026-09-08T12:50:12.562,1788852012.5625,639,3299,1,0,0,-115,,
2026-09-08T12:50:12.592,1788852012.5921,640,3318,1,0,0,-115,,
2026-09-08T12:50:12.623,1788852012.6233,641,3242,1,0,0,-115,,
2026-09-08T12:50:12.625,1788852012.6253,642,3115,1,0,0,-115,,
2026-09-08T12:50:12.655,1788852012.6558,643,2966,1,0,0,-115,,
2026-09-08T12:50:12.671,1788852012.6718,644,2830,1,0,0,-115,,
2026-09-08T12:50:12.690,1788852012.6901,645,2787,1,0,0,-115,,
2026-09-08T12:50:12.708,1788852012.7081,646,2191,1,0,0,-115,,
2026-09-08T12:50:12.736,1788852012.7362,647,-1859,1,0,0,-115,,
2026-09-08T12:50:12.752,1788852012.7521,648,-5882,1,0,0,-115,,
2026-09-08T12:50:12.767,1788852012.7680,649,-9773,1,0,0,-115,,
2026-09-08T12:50:12.783,1788852012.7837,650,-12657,1,0,0,-115,,
2026-09-08T12:50:12.808,1788852012.8083,651,-15982,1,0,0,-115,,
2026-09-08T12:50:12.831,1788852012.8316,652,-18462,1,0,0,-115,,
2026-09-08T12:50:12.849,1788852012.8494,653,-19759,1,0,0,-115,,
2026-09-08T12:50:12.863,1788852012.8634,654,-16844,1,0,0,-115,,
2026-09-08T12:50:12.895,1788852012.8953,655,-13517,1,0,0,-115,,
2026-09-08T12:50:12.910,1788852012.9110,656,-9905,1,0,0,-115,,
2026-09-08T12:50:12.926,1788852012.9268,657,-7137,1,0,0,-115,,
2026-09-08T12:50:12.959,1788852012.9593,658,-3828,1,0,0,-115,,
2026-09-08T12:50:12.975,1788852012.9752,659,-1372,1,0,0,-115,,
2026-09-08T12:50:12.991,1788852012.9912,660,489,1,0,0,-115,,
2026-09-08T12:50:13.009,1788852013.0092,661,1622,1,0,0,-115,,
2026-09-08T12:50:13.023,1788852013.0235,662,2369,1,0,0,-115,,
2026-09-08T12:50:13.039,1788852013.0395,663,2726,1,0,0,-115,,
2026-09-08T12:50:13.075,1788852013.0752,664,2939,1,0,0,-115,,
2026-09-08T12:50:13.087,1788852013.0877,665,3084,1,0,0,-115,,
2026-09-08T12:50:13.110,1788852013.1108,666,3226,1,0,0,-115,,
2026-09-08T12:50:13.119,1788852013.1198,667,3389,1,0,0,-115,,
2026-09-08T12:50:13.151,1788852013.1517,668,3574,1,0,0,-115,,
2026-09-08T12:50:13.167,1788852013.1679,669,3745,1,0,0,-115,,
2026-09-08T12:50:13.183,1788852013.1840,670,3849,1,0,0,-115,,
2026-09-08T12:50:13.216,1788852013.2160,671,3885,1,0,0,-115,,
2026-09-08T12:50:13.231,1788852013.2319,672,3818,1,0,0,-115,,
2026-09-08T12:50:13.247,1788852013.2479,673,3705,1,0,0,-115,,
2026-09-08T12:50:13.263,1788852013.2639,674,3579,1,0,0,-115,,
2026-09-08T12:50:13.279,1788852013.2799,675,3476,1,0,0,-115,,
2026-09-08T12:50:13.312,1788852013.3127,676,3436,1,0,0,-115,,
2026-09-08T12:50:13.327,1788852013.3279,677,3478,1,0,0,-115,,
2026-09-08T12:50:13.343,1788852013.3433,678,3555,1,0,0,-115,,
2026-09-08T12:50:13.374,1788852013.3747,679,3663,1,0,0,-115,,
2026-09-08T12:50:13.390,1788852013.3908,680,3745,1,0,0,-115,,
2026-09-08T12:50:13.422,1788852013.4223,681,3743,1,0,0,-115,,
2026-09-08T12:50:13.433,1788852013.4337,682,3677,1,0,0,-115,,
2026-09-08T12:50:13.456,1788852013.4562,683,3541,1,0,0,-115,,
2026-09-08T12:50:13.471,1788852013.4719,684,3388,1,0,0,-115,,
2026-09-08T12:50:13.485,1788852013.4854,685,3276,1,0,0,-115,,
2026-09-08T12:50:13.512,1788852013.5122,686,3212,1,0,0,-115,,
2026-09-08T12:50:13.533,1788852013.5333,687,3213,1,0,0,-115,,
2026-09-08T12:50:13.549,1788852013.5491,688,3297,1,0,0,-115,,
2026-09-08T12:50:13.566,1788852013.5663,689,3404,1,0,0,-115,,
2026-09-08T12:50:13.580,1788852013.5807,690,3483,1,0,0,-115,,
2026-09-08T12:50:13.613,1788852013.6139,691,3509,1,0,0,-115,,
2026-09-08T12:50:13.629,1788852013.6296,692,3441,1,0,0,-115,,
2026-09-08T12:50:13.644,1788852013.6448,693,3323,1,0,0,-115,,
2026-09-08T12:50:13.660,1788852013.6609,694,3176,1,0,0,-115,,
2026-09-08T12:50:13.693,1788852013.6930,695,3037,1,0,0,-115,,
2026-09-08T12:50:13.715,1788852013.7159,696,2952,1,0,0,-115,,
2026-09-08T12:50:13.724,1788852013.7246,697,2950,1,0,0,-115,,
2026-09-08T12:50:13.740,1788852013.7403,698,3001,1,0,0,-115,,
2026-09-08T12:50:13.772,1788852013.7725,699,3106,1,0,0,-115,,
2026-09-08T12:50:13.788,1788852013.7886,700,3201,1,0,0,-115,,
2026-09-08T12:50:13.814,1788852013.8143,701,3229,1,0,0,-115,,
2026-09-08T12:50:13.820,1788852013.8204,702,3194,1,0,0,-115,,
2026-09-08T12:50:13.851,1788852013.8519,703,3077,1,0,0,-115,,
2026-09-08T12:50:13.867,1788852013.8678,704,2928,1,0,0,-115,,
2026-09-08T12:50:13.899,1788852013.8994,705,2795,1,0,0,-115,,
2026-09-08T12:50:13.915,1788852013.9153,706,2700,1,0,0,-115,,
2026-09-08T12:50:13.931,1788852013.9312,707,2672,1,0,0,-115,,
2026-09-08T12:50:13.947,1788852013.9475,708,2730,1,0,0,-115,,
2026-09-08T12:50:13.963,1788852013.9637,709,2830,1,0,0,-115,,
2026-09-08T12:50:13.995,1788852013.9954,710,2926,1,0,0,-115,,
2026-09-08T12:50:14.014,1788852014.0144,711,2984,1,0,0,-115,,
2026-09-08T12:50:14.027,1788852014.0274,712,2044,1,0,0,-115,,
2026-09-08T12:50:14.043,1788852014.0434,713,-1736,1,0,0,-115,,
2026-09-08T12:50:14.077,1788852014.0772,714,-5919,1,0,0,-115,,
2026-09-08T12:50:14.091,1788852014.0911,715,-10097,1,0,0,-115,,
2026-09-08T12:50:14.114,1788852014.1146,716,-14237,1,0,0,-115,,
2026-09-08T12:50:14.123,1788852014.1234,717,-18308,1,0,0,-115,,
2026-09-08T12:50:14.155,1788852014.1552,718,-22311,1,0,0,-115,,
2026-09-08T12:50:14.171,1788852014.1713,719,-25255,1,0,0,-115,,
2026-09-08T12:50:14.187,1788852014.1872,720,-25041,1,0,0,-115,,
2026-09-08T12:50:14.219,1788852014.2190,721,-23475,1,0,0,-115,,
2026-09-08T12:50:14.234,1788852014.2348,722,-21327,1,0,0,-115,,
2026-09-08T12:50:14.250,1788852014.2510,723,-18508,1,0,0,-115,,
2026-09-08T12:50:14.266,1788852014.2670,724,-15375,1,0,0,-115,,
2026-09-08T12:50:14.283,1788852014.2830,725,-11883,1,0,0,-115,,
2026-09-08T12:50:14.312,1788852014.3130,726,-8275,1,0,0,-115,,
2026-09-08T12:50:14.330,1788852014.3306,727,-4792,1,0,0,-115,,
2026-09-08T12:50:14.346,1788852014.3465,728,-2190,1,0,0,-115,,
2026-09-08T12:50:14.378,1788852014.3788,729,-122,1,0,0,-115,,
2026-09-08T12:50:14.394,1788852014.3947,730,1267,1,0,0,-115,,
2026-09-08T12:50:14.410,1788852014.4106,731,2311,1,0,0,-115,,
2026-09-08T12:50:14.426,1788852014.4265,732,2934,1,0,0,-115,,
2026-09-08T12:50:14.458,1788852014.4582,733,3333,1,0,0,-115,,
2026-09-08T12:50:14.476,1788852014.4761,734,3497,1,0,0,-115,,
2026-09-08T12:50:14.490,1788852014.4903,735,3568,1,0,0,-115,,
2026-09-08T12:50:14.515,1788852014.5154,736,3608,1,0,0,-115,,
2026-09-08T12:50:14.522,1788852014.5225,737,3656,1,0,0,-115,,
2026-09-08T12:50:14.538,1788852014.5388,738,3747,1,0,0,-115,,
2026-09-08T12:50:14.571,1788852014.5717,739,3895,1,0,0,-115,,
2026-09-08T12:50:14.586,1788852014.5868,740,4056,1,0,0,-115,,
2026-09-08T12:50:14.615,1788852014.6153,741,4180,1,0,0,-115,,
2026-09-08T12:50:14.634,1788852014.6348,742,4249,1,0,0,-115,,
2026-09-08T12:50:14.650,1788852014.6509,743,4215,1,0,0,-115,,
2026-09-08T12:50:14.666,1788852014.6667,744,4121,1,0,0,-115,,
2026-09-08T12:50:14.682,1788852014.6825,745,3987,1,0,0,-115,,
2026-09-08T12:50:14.715,1788852014.7153,746,3855,1,0,0,-115,,
2026-09-08T12:50:14.730,1788852014.7303,747,3777,1,0,0,-115,,
2026-09-08T12:50:14.746,1788852014.7464,748,3778,1,0,0,-115,,
2026-09-08T12:50:14.762,1788852014.7624,749,3842,1,0,0,-115,,
2026-09-08T12:50:14.794,1788852014.7945,750,3952,1,0,0,-115,,
2026-09-08T12:50:14.815,1788852014.8152,751,4057,1,0,0,-115,,
2026-09-08T12:50:14.826,1788852014.8263,752,4098,1,0,0,-115,,
2026-09-08T12:50:14.841,1788852014.8420,753,4075,1,0,0,-115,,
2026-09-08T12:50:14.874,1788852014.8741,754,3964,1,0,0,-115,,
2026-09-08T12:50:14.890,1788852014.8903,755,3815,1,0,0,-115,,
2026-09-08T12:50:14.915,1788852014.9155,756,3668,1,0,0,-115,,
2026-09-08T12:50:14.922,1788852014.9223,757,3566,1,0,0,-115,,
2026-09-08T12:50:14.954,1788852014.9543,758,3527,1,0,0,-115,,
2026-09-08T12:50:14.970,1788852014.9704,759,3581,1,0,0,-115,,
2026-09-08T12:50:14.986,1788852014.9866,760,3678,1,0,0,-115,,
2026-09-08T12:50:15.018,1788852015.0184,761,3777,1,0,0,-115,,
2026-09-08T12:50:15.034,1788852015.0345,762,3842,1,0,0,-115,,
2026-09-08T12:50:15.050,1788852015.0507,763,3817,1,0,0,-115,,
2026-09-08T12:50:15.066,1788852015.0664,764,3732,1,0,0,-115,,
2026-09-08T12:50:15.082,1788852015.0825,765,3590,1,0,0,-115,,
2026-09-08T12:50:15.098,1788852015.0984,766,3433,1,0,0,-115,,
2026-09-08T12:50:15.130,1788852015.1305,767,3313,1,0,0,-115,,
2026-09-08T12:50:15.146,1788852015.1462,768,3267,1,0,0,-115,,
2026-09-08T12:50:15.170,1788852015.1705,769,3293,1,0,0,-115,,
2026-09-08T12:50:15.193,1788852015.1939,770,3386,1,0,0,-115,,
2026-09-08T12:50:15.215,1788852015.2155,771,3490,1,0,0,-115,,
2026-09-08T12:50:15.226,1788852015.2261,772,3554,1,0,0,-115,,
2026-09-08T12:50:15.242,1788852015.2422,773,3560,1,0,0,-115,,
2026-09-08T12:50:15.274,1788852015.2741,774,3473,1,0,0,-115,,
2026-09-08T12:50:15.290,1788852015.2901,775,3340,1,0,0,-115,,
2026-09-08T12:50:15.312,1788852015.3124,776,3185,1,0,0,-115,,
2026-09-08T12:50:15.322,1788852015.3225,777,2586,1,0,0,-115,,
2026-09-08T12:50:15.353,1788852015.3535,778,-907,1,0,0,-115,,
2026-09-08T12:50:15.370,1788852015.3702,779,-5054,1,0,0,-115,,
2026-09-08T12:50:15.385,1788852015.3858,780,-9133,1,0,0,-115,,
2026-09-08T12:50:15.417,1788852015.4176,781,-13120,1,0,0,-115,,
2026-09-08T12:50:15.433,1788852015.4337,782,-17068,1,0,0,-115,,
2026-09-08T12:50:15.449,1788852015.4498,783,-20989,1,0,0,-115,,
2026-09-08T12:50:15.483,1788852015.4838,784,-24442,1,0,0,-115,,
2026-09-08T12:50:15.497,1788852015.4976,785,-24882,1,0,0,-115,,
2026-09-08T12:50:15.516,1788852015.5164,786,-24312,1,0,0,-115,,
2026-09-08T12:50:15.529,1788852015.5295,787,-22857,1,0,0,-115,,
2026-09-08T12:50:15.545,1788852015.5455,788,-20788,1,0,0,-115,,
2026-09-08T12:50:15.563,1788852015.5632,789,-18195,1,0,0,-115,,
2026-09-08T12:50:15.593,1788852015.5937,790,-15067,1,0,0,-115,,
2026-09-08T12:50:15.609,1788852015.6097,791,-11681,1,0,0,-115,,
2026-09-08T12:50:15.625,1788852015.6257,792,-8160,1,0,0,-115,,
2026-09-08T12:50:15.641,1788852015.6415,793,-4845,1,0,0,-115,,
2026-09-08T12:50:15.673,1788852015.6737,794,-2360,1,0,0,-115,,
2026-09-08T12:50:15.689,1788852015.6894,795,-481,1,0,0,-115,,
2026-09-08T12:50:15.716,1788852015.7170,796,918,1,0,0,-115,,
2026-09-08T12:50:15.721,1788852015.7218,797,1799,1,0,0,-115,,
2026-09-08T12:50:15.753,1788852015.7533,798,2459,1,0,0,-115,,
2026-09-08T12:50:15.769,1788852015.7693,799,2961,1,0,0,-115,,
2026-09-08T12:50:15.786,1788852015.7866,800,3413,1,0,0,-115,,
2026-09-08T12:50:15.801,1788852015.8012,801,3796,1,0,0,-115,,
2026-09-08T12:50:15.833,1788852015.8330,802,4115,1,0,0,-115,,
2026-09-08T12:50:15.849,1788852015.8490,803,4315,1,0,0,-115,,
2026-09-08T12:50:15.871,1788852015.8711,804,4424,1,0,0,-115,,
2026-09-08T12:50:15.881,1788852015.8811,805,4439,1,0,0,-115,,
2026-09-08T12:50:15.912,1788852015.9128,806,4375,1,0,0,-115,,
2026-09-08T12:50:15.929,1788852015.9291,807,4298,1,0,0,-115,,
2026-09-08T12:50:15.948,1788852015.9482,808,4245,1,0,0,-115,,
2026-09-08T12:50:15.976,1788852015.9767,809,4249,1,0,0,-115,,
2026-09-08T12:50:15.992,1788852015.9923,810,4335,1,0,0,-115,,
2026-09-08T12:50:16.008,1788852016.0084,811,4465,1,0,0,-115,,
2026-09-08T12:50:16.024,1788852016.0245,812,4590,1,0,0,-115,,
2026-09-08T12:50:16.055,1788852016.0559,813,4677,1,0,0,-115,,
2026-09-08T12:50:16.071,1788852016.0717,814,4668,1,0,0,-115,,
2026-09-08T12:50:16.087,1788852016.0876,815,4597,1,0,0,-115,,
2026-09-08T12:50:16.103,1788852016.1035,816,4465,1,0,0,-115,,
2026-09-08T12:50:16.119,1788852016.1194,817,4313,1,0,0,-115,,
2026-09-08T12:50:16.151,1788852016.1518,818,4180,1,0,0,-115,,
2026-09-08T12:50:16.167,1788852016.1679,819,4132,1,0,0,-115,,
2026-09-08T12:50:16.199,1788852016.1993,820,4156,1,0,0,-115,,
2026-09-08T12:50:16.215,1788852016.2154,821,4253,1,0,0,-115,,
2026-09-08T12:50:16.237,1788852016.2377,822,4362,1,0,0,-115,,
2026-09-08T12:50:16.246,1788852016.2469,823,4431,1,0,0,-115,,
2026-09-08T12:50:16.263,1788852016.2631,824,4445,1,0,0,-115,,
2026-09-08T12:50:16.278,1788852016.2790,825,4374,1,0,0,-115,,
2026-09-08T12:50:16.321,1788852016.3214,826,4242,1,0,0,-115,,
2026-09-08T12:50:16.327,1788852016.3278,827,4076,1,0,0,-115,,
2026-09-08T12:50:16.343,1788852016.3431,828,3937,1,0,0,-115,,
2026-09-08T12:50:16.375,1788852016.3750,829,3852,1,0,0,-115,,
2026-09-08T12:50:16.390,1788852016.3908,830,3865,1,0,0,-115,,
2026-09-08T12:50:16.406,1788852016.4070,831,3941,1,0,0,-115,,
2026-09-08T12:50:16.422,1788852016.4227,832,4049,1,0,0,-115,,
2026-09-08T12:50:16.454,1788852016.4543,833,4139,1,0,0,-115,,
2026-09-08T12:50:16.470,1788852016.4704,834,4158,1,0,0,-115,,
2026-09-08T12:50:16.489,1788852016.4894,835,4107,1,0,0,-115,,
2026-09-08T12:50:16.505,1788852016.5050,836,3984,1,0,0,-115,,
2026-09-08T12:50:16.534,1788852016.5348,837,3824,1,0,0,-115,,
2026-09-08T12:50:16.550,1788852016.5509,838,3664,1,0,0,-115,,
2026-09-08T12:50:16.567,1788852016.5675,839,3575,1,0,0,-115,,
2026-09-08T12:50:16.592,1788852016.5924,840,3554,1,0,0,-115,,
2026-09-08T12:50:16.614,1788852016.6146,841,3624,1,0,0,-115,,
2026-09-08T12:50:16.630,1788852016.6309,842,3730,1,0,0,-115,,
2026-09-08T12:50:16.647,1788852016.6472,843,3821,1,0,0,-115,,
2026-09-08T12:50:16.662,1788852016.6629,844,3868,1,0,0,-115,,
2026-09-08T12:50:16.678,1788852016.6788,845,3732,1,0,0,-115,,
2026-09-08T12:50:16.710,1788852016.7106,846,1882,1,0,0,-115,,
2026-09-08T12:50:16.726,1788852016.7264,847,-2073,1,0,0,-115,,
2026-09-08T12:50:16.742,1788852016.7424,848,-6261,1,0,0,-115,,
2026-09-08T12:50:16.774,1788852016.7748,849,-10420,1,0,0,-115,,
2026-09-08T12:50:16.790,1788852016.7907,850,-14491,1,0,0,-115,,
2026-09-08T12:50:16.806,1788852016.8069,851,-18495,1,0,0,-115,,
2026-09-08T12:50:16.822,1788852016.8225,852,-21810,1,0,0,-115,,
2026-09-08T12:50:16.854,1788852016.8545,853,-20699,1,0,0,-115,,
2026-09-08T12:50:16.870,1788852016.8704,854,-17406,1,0,0,-115,,
2026-09-08T12:50:16.886,1788852016.8864,855,-13940,1,0,0,-115,,
2026-09-08T12:50:16.902,1788852016.9023,856,-10437,1,0,0,-115,,
2026-09-08T12:50:16.934,1788852016.9342,857,-6890,1,0,0,-115,,
2026-09-08T12:50:16.950,1788852016.9500,858,-3280,1,0,0,-115,,
2026-09-08T12:50:16.965,1788852016.9657,859,-56,1,0,0,-115,,
2026-09-08T12:50:16.981,1788852016.9817,860,503,1,0,0,-115,,
2026-09-08T12:50:17.013,1788852017.0131,861,1042,1,0,0,-115,,
2026-09-08T12:50:17.029,1788852017.0293,862,1662,1,0,0,-115,,
2026-09-08T12:50:17.045,1788852017.0453,863,2220,1,0,0,-115,,
2026-09-08T12:50:17.061,1788852017.0614,864,2681,1,0,0,-115,,
2026-09-08T12:50:17.093,1788852017.0935,865,3010,1,0,0,-115,,
2026-09-08T12:50:17.111,1788852017.1115,866,3177,1,0,0,-115,,
2026-09-08T12:50:17.125,1788852017.1256,867,3241,1,0,0,-115,,
2026-09-08T12:50:17.157,1788852017.1576,868,3235,1,0,0,-115,,
2026-09-08T12:50:17.173,1788852017.1737,869,3220,1,0,0,-115,,
2026-09-08T12:50:17.189,1788852017.1898,870,3264,1,0,0,-115,,
2026-09-08T12:50:17.206,1788852017.2060,871,3364,1,0,0,-115,,
2026-09-08T12:50:17.224,1788852017.2248,872,3522,1,0,0,-115,,
2026-09-08T12:50:17.254,1788852017.2542,873,3691,1,0,0,-115,,
2026-09-08T12:50:17.269,1788852017.2699,874,3822,1,0,0,-115,,
2026-09-08T12:50:17.285,1788852017.2856,875,3889,1,0,0,-115,,
2026-09-08T12:50:17.312,1788852017.3128,876,3868,1,0,0,-115,,
2026-09-08T12:50:17.333,1788852017.3331,877,3773,1,0,0,-115,,
2026-09-08T12:50:17.349,1788852017.3490,878,3636,1,0,0,-115,,
2026-09-08T12:50:17.381,1788852017.3810,879,3517,1,0,0,-115,,
2026-09-08T12:50:17.381,1788852017.3810,880,3447,1,0,0,-115,,
2026-09-08T12:50:17.412,1788852017.4130,881,3471,1,0,0,-115,,
2026-09-08T12:50:17.429,1788852017.4291,882,3558,1,0,0,-115,,
2026-09-08T12:50:17.444,1788852017.4450,883,3678,1,0,0,-115,,
2026-09-08T12:50:17.461,1788852017.4610,884,3784,1,0,0,-115,,
2026-09-08T12:50:17.495,1788852017.4955,885,3824,1,0,0,-115,,
2026-09-08T12:50:17.508,1788852017.5085,886,3792,1,0,0,-115,,
2026-09-08T12:50:17.526,1788852017.5262,887,3689,1,0,0,-115,,
2026-09-08T12:50:17.540,1788852017.5405,888,3540,1,0,0,-115,,
2026-09-08T12:50:17.573,1788852017.5732,889,3386,1,0,0,-115,,
2026-09-08T12:50:17.588,1788852017.5885,890,3299,1,0,0,-115,,
2026-09-08T12:50:17.604,1788852017.6042,891,3281,1,0,0,-115,,
2026-09-08T12:50:17.636,1788852017.6365,892,3355,1,0,0,-115,,
2026-09-08T12:50:17.652,1788852017.6527,893,3469,1,0,0,-115,,
2026-09-08T12:50:17.668,1788852017.6689,894,3568,1,0,0,-115,,
2026-09-08T12:50:17.684,1788852017.6849,895,3631,1,0,0,-115,,
2026-09-08T12:50:17.701,1788852017.7011,896,3611,1,0,0,-115,,
2026-09-08T12:50:17.733,1788852017.7330,897,3520,1,0,0,-115,,
2026-09-08T12:50:17.748,1788852017.7489,898,3379,1,0,0,-115,,
2026-09-08T12:50:17.764,1788852017.7650,899,3236,1,0,0,-115,,
2026-09-08T12:50:17.781,1788852017.7811,900,3125,1,0,0,-115,,
2026-09-08T12:50:17.813,1788852017.8132,901,2685,1,0,0,-115,,
2026-09-08T12:50:17.829,1788852017.8290,902,-590,1,0,0,-115,,
2026-09-08T12:50:17.844,1788852017.8450,903,-4600,1,0,0,-115,,
2026-09-08T12:50:17.860,1788852017.8610,904,-8561,1,0,0,-115,,
2026-09-08T12:50:17.897,1788852017.8974,905,-12472,1,0,0,-115,,
2026-09-08T12:50:17.908,1788852017.9087,906,-16382,1,0,0,-115,,
2026-09-08T12:50:17.927,1788852017.9273,907,-20299,1,0,0,-115,,
2026-09-08T12:50:17.940,1788852017.9409,908,-23488,1,0,0,-115,,
2026-09-08T12:50:17.972,1788852017.9727,909,-21048,1,0,0,-115,,
2026-09-08T12:50:17.988,1788852017.9888,910,-17578,1,0,0,-115,,
2026-09-08T12:50:18.004,1788852018.0047,911,-14109,1,0,0,-115,,
2026-09-08T12:50:18.027,1788852018.0274,912,-10517,1,0,0,-115,,
2026-09-08T12:50:18.052,1788852018.0523,913,-6843,1,0,0,-115,,
2026-09-08T12:50:18.070,1788852018.0703,914,-3110,1,0,0,-115,,
2026-09-08T12:50:18.086,1788852018.0869,915,298,1,0,0,-115,,
2026-09-08T12:50:18.100,1788852018.1005,916,957,1,0,0,-115,,
2026-09-08T12:50:18.132,1788852018.1324,917,1388,1,0,0,-115,,
2026-09-08T12:50:18.148,1788852018.1482,918,1803,1,0,0,-115,,
2026-09-08T12:50:18.164,1788852018.1643,919,2099,1,0,0,-115,,
2026-09-08T12:50:18.196,1788852018.1962,920,2334,1,0,0,-115,,
2026-09-08T12:50:18.211,1788852018.2120,921,2558,1,0,0,-115,,
2026-09-08T12:50:18.228,1788852018.2282,922,2803,1,0,0,-115,,
2026-09-08T12:50:18.244,1788852018.2446,923,3074,1,0,0,-115,,
2026-09-08T12:50:18.260,1788852018.2610,924,3340,1,0,0,-115,,
2026-09-08T12:50:18.293,1788852018.2931,925,3556,1,0,0,-115,,
2026-09-08T12:50:18.312,1788852018.3127,926,3693,1,0,0,-115,,
2026-09-08T12:50:18.329,1788852018.3298,927,3742,1,0,0,-115,,
2026-09-08T12:50:18.340,1788852018.3409,928,3692,1,0,0,-115,,
2026-09-08T12:50:18.373,1788852018.3732,929,3588,1,0,0,-115,,
2026-09-08T12:50:18.389,1788852018.3891,930,3489,1,0,0,-115,,
2026-09-08T12:50:18.405,1788852018.4051,931,3430,1,0,0,-115,,
2026-09-08T12:50:18.429,1788852018.4297,932,3463,1,0,0,-115,,
2026-09-08T12:50:18.453,1788852018.4530,933,3559,1,0,0,-115,,
2026-09-08T12:50:18.469,1788852018.4692,934,3683,1,0,0,-115,,
2026-09-08T12:50:18.502,1788852018.5029,935,3810,1,0,0,-115,,
2026-09-08T12:50:18.502,1788852018.5029,936,3889,1,0,0,-115,,
2026-09-08T12:50:18.533,1788852018.5330,937,3883,1,0,0,-115,,
2026-09-08T12:50:18.548,1788852018.5487,938,3807,1,0,0,-115,,
2026-09-08T12:50:18.565,1788852018.5656,939,3674,1,0,0,-115,,
2026-09-08T12:50:18.581,1788852018.5810,940,3530,1,0,0,-115,,
2026-09-08T12:50:18.612,1788852018.6129,941,3446,1,0,0,-115,,
2026-09-08T12:50:18.630,1788852018.6308,942,3429,1,0,0,-115,,
2026-09-08T12:50:18.644,1788852018.6447,943,3492,1,0,0,-115,,
2026-09-08T12:50:18.660,1788852018.6605,944,3612,1,0,0,-115,,
2026-09-08T12:50:18.692,1788852018.6923,945,3720,1,0,0,-115,,
2026-09-08T12:50:18.708,1788852018.7080,946,3799,1,0,0,-115,,
2026-09-08T12:50:18.731,1788852018.7313,947,3809,1,0,0,-115,,
2026-09-08T12:50:18.755,1788852018.7560,948,3729,1,0,0,-115,,
2026-09-08T12:50:18.772,1788852018.7721,949,3592,1,0,0,-115,,
2026-09-08T12:50:18.788,1788852018.7881,950,3441,1,0,0,-115,,
2026-09-08T12:50:18.803,1788852018.8040,951,3317,1,0,0,-115,,
2026-09-08T12:50:18.835,1788852018.8356,952,3284,1,0,0,-115,,
2026-09-08T12:50:18.851,1788852018.8518,953,3322,1,0,0,-115,,
2026-09-08T12:50:18.867,1788852018.8679,954,3417,1,0,0,-115,,
2026-09-08T12:50:18.883,1788852018.8839,955,3537,1,0,0,-115,,
2026-09-08T12:50:18.899,1788852018.8996,956,3625,1,0,0,-115,,
2026-09-08T12:50:18.932,1788852018.9328,957,3641,1,0,0,-115,,
2026-09-08T12:50:18.947,1788852018.9474,958,3586,1,0,0,-115,,
2026-09-08T12:50:18.979,1788852018.9797,959,3456,1,0,0,-115,,
2026-09-08T12:50:18.995,1788852018.9958,960,3180,1,0,0,-115,,
2026-09-08T12:50:19.011,1788852019.0118,961,-650,1,0,0,-115,,
2026-09-08T12:50:19.033,1788852019.0333,962,-4773,1,0,0,-115,,
2026-09-08T12:50:19.043,1788852019.0436,963,-8814,1,0,0,-115,,
2026-09-08T12:50:19.075,1788852019.0757,964,-12775,1,0,0,-115,,
2026-09-08T12:50:19.091,1788852019.0919,965,-16657,1,0,0,-115,,
2026-09-08T12:50:19.108,1788852019.1083,966,-20490,1,0,0,-115,,
2026-09-08T12:50:19.133,1788852019.1337,967,-24186,1,0,0,-115,,
2026-09-08T12:50:19.140,1788852019.1409,968,-23651,1,0,0,-115,,
2026-09-08T12:50:19.172,1788852019.1729,969,-22129,1,0,0,-115,,
2026-09-08T12:50:19.188,1788852019.1887,970,-19756,1,0,0,-115,,
2026-09-08T12:50:19.204,1788852019.2046,971,-16939,1,0,0,-115,,
2026-09-08T12:50:19.233,1788852019.2338,972,-13640,1,0,0,-115,,
2026-09-08T12:50:19.252,1788852019.2526,973,-10093,1,0,0,-115,,
2026-09-08T12:50:19.268,1788852019.2683,974,-6319,1,0,0,-115,,
2026-09-08T12:50:19.284,1788852019.2842,975,-3130,1,0,0,-115,,
2026-09-08T12:50:19.312,1788852019.3125,976,-589,1,0,0,-115,,
2026-09-08T12:50:19.334,1788852019.3340,977,1089,1,0,0,-115,,
2026-09-08T12:50:19.348,1788852019.3482,978,2281,1,0,0,-115,,
2026-09-08T12:50:19.364,1788852019.3642,979,2951,1,0,0,-115,,
2026-09-08T12:50:19.380,1788852019.3803,980,3354,1,0,0,-115,,
2026-09-08T12:50:19.412,1788852019.4123,981,3549,1,0,0,-115,,
2026-09-08T12:50:19.434,1788852019.4343,982,3691,1,0,0,-115,,
2026-09-08T12:50:19.444,1788852019.4444,983,3859,1,0,0,-115,,
2026-09-08T12:50:19.460,1788852019.4606,984,4036,1,0,0,-115,,
2026-09-08T12:50:19.493,1788852019.4932,985,4226,1,0,0,-115,,
2026-09-08T12:50:19.512,1788852019.5121,986,4397,1,0,0,-115,,
2026-09-08T12:50:19.534,1788852019.5344,987,4516,1,0,0,-115,,
2026-09-08T12:50:19.541,1788852019.5415,988,4544,1,0,0,-115,,
2026-09-08T12:50:19.574,1788852019.5744,989,4497,1,0,0,-115,,
2026-09-08T12:50:19.589,1788852019.5895,990,4383,1,0,0,-115,,
2026-09-08T12:50:19.605,1788852019.6055,991,4248,1,0,0,-115,,
2026-09-08T12:50:19.637,1788852019.6377,992,4161,1,0,0,-115,,
2026-09-08T12:50:19.653,1788852019.6536,993,4136,1,0,0,-115,,
2026-09-08T12:50:19.669,1788852019.6698,994,4193,1,0,0,-115,,
2026-09-08T12:50:19.685,1788852019.6857,995,4305,1,0,0,-115,,
2026-09-08T12:50:19.717,1788852019.7175,996,4417,1,0,0,-115,,
2026-09-08T12:50:19.734,1788852019.7349,997,4501,1,0,0,-115,,
2026-09-08T12:50:19.749,1788852019.7495,998,4522,1,0,0,-115,,
2026-09-08T12:50:19.765,1788852019.7656,999,4455,1,0,0,-115,,
2026-09-08T12:50:19.781,1788852019.7816,1000,4325,1,0,0,-115,,
2026-09-08T12:50:19.797,1788852019.7978,1001,4171,1,0,0,-115,,
2026-09-08T12:50:19.835,1788852019.8351,1002,4035,1,0,0,-115,,
2026-09-08T12:50:19.845,1788852019.8456,1003,3978,1,0,0,-115,,
2026-09-08T12:50:19.875,1788852019.8757,1004,3996,1,0,0,-115,,
2026-09-08T12:50:19.893,1788852019.8935,1005,4073,1,0,0,-115,,
2026-09-08T12:50:19.907,1788852019.9075,1006,4178,1,0,0,-115,,
2026-09-08T12:50:19.923,1788852019.9231,1007,4258,1,0,0,-115,,
2026-09-08T12:50:19.955,1788852019.9552,1008,4273,1,0,0,-115,,
2026-09-08T12:50:19.971,1788852019.9712,1009,4220,1,0,0,-115,,
2026-09-08T12:50:19.988,1788852019.9890,1010,4093,1,0,0,-115,,
2026-09-08T12:50:20.018,1788852020.0187,1011,3932,1,0,0,-115,,
2026-09-08T12:50:20.020,1788852020.0208,1012,3793,1,0,0,-115,,
2026-09-08T12:50:20.052,1788852020.0526,1013,3709,1,0,0,-115,,
2026-09-08T12:50:20.066,1788852020.0668,1014,3712,1,0,0,-115,,
2026-09-08T12:50:20.098,1788852020.0987,1015,3791,1,0,0,-115,,
2026-09-08T12:50:20.114,1788852020.1147,1016,3889,1,0,0,-115,,
2026-09-08T12:50:20.135,1788852020.1350,1017,3984,1,0,0,-115,,
2026-09-08T12:50:20.148,1788852020.1486,1018,4027,1,0,0,-115,,
2026-09-08T12:50:20.162,1788852020.1627,1019,3985,1,0,0,-115,,
2026-09-08T12:50:20.194,1788852020.1945,1020,3875,1,0,0,-115,,
2026-09-08T12:50:20.210,1788852020.2104,1021,3723,1,0,0,-115,,
2026-09-08T12:50:20.235,1788852020.2352,1022,3569,1,0,0,-115,,
2026-09-08T12:50:20.244,1788852020.2445,1023,3483,1,0,0,-115,,
2026-09-08T12:50:20.276,1788852020.2762,1024,3141,1,0,0,-115,,
2026-09-08T12:50:20.290,1788852020.2901,1025,-749,1,0,0,-115,,
2026-09-08T12:50:20.312,1788852020.3127,1026,-4773,1,0,0,-115,,
2026-09-08T12:50:20.335,1788852020.3356,1027,-8746,1,0,0,-115,,
2026-09-08T12:50:20.353,1788852020.3535,1028,-12532,1,0,0,-115,,
2026-09-08T12:50:20.370,1788852020.3705,1029,-12193,1,0,0,-115,,
2026-09-08T12:50:20.385,1788852020.3858,1030,-8032,1,0,0,-115,,
2026-09-08T12:50:20.403,1788852020.4036,1031,-3590,1,0,0,-115,,
2026-09-08T12:50:20.435,1788852020.4354,1032,3398,1,0,0,-115,,
2026-09-08T12:50:20.449,1788852020.4499,1033,9679,1,0,0,-115,,
2026-09-08T12:50:20.467,1788852020.4679,1034,14959,1,0,0,-115,,
2026-09-08T12:50:20.498,1788852020.4983,1035,19631,1,0,0,-115,,
2026-09-08T12:50:20.516,1788852020.5161,1036,19842,1,0,0,-115,,
2026-09-08T12:50:20.536,1788852020.5363,1037,15890,1,0,0,-115,,
2026-09-08T12:50:20.546,1788852020.5465,1038,11778,1,0,0,-115,,
2026-09-08T12:50:20.578,1788852020.5785,1039,8560,1,0,0,-115,,
2026-09-08T12:50:20.578,1788852020.5785,1040,6154,1,0,0,-115,,
2026-09-08T12:50:20.610,1788852020.6101,1041,4669,1,0,0,-115,,
2026-09-08T12:50:20.636,1788852020.6362,1042,3597,1,0,0,-115,,
2026-09-08T12:50:20.642,1788852020.6424,1043,2871,1,0,0,-115,,
2026-09-08T12:50:20.674,1788852020.6742,1044,2476,1,0,0,-115,,
2026-09-08T12:50:20.692,1788852020.6924,1045,2274,1,0,0,-115,,
2026-09-08T12:50:20.706,1788852020.7064,1046,2247,1,0,0,-115,,
2026-09-08T12:50:20.736,1788852020.7364,1047,2274,1,0,0,-115,,
2026-09-08T12:50:20.756,1788852020.7564,1048,2326,1,0,0,-115,,
2026-09-08T12:50:20.769,1788852020.7698,1049,2337,1,0,0,-115,,
2026-09-08T12:50:20.787,1788852020.7877,1050,2277,1,0,0,-115,,
2026-09-08T12:50:20.819,1788852020.8197,1051,2161,1,0,0,-115,,
2026-09-08T12:50:20.833,1788852020.8337,1052,2025,1,0,0,-115,,
2026-09-08T12:50:20.851,1788852020.8515,1053,1902,1,0,0,-115,,
2026-09-08T12:50:20.865,1788852020.8652,1054,1858,1,0,0,-115,,
2026-09-08T12:50:20.896,1788852020.8970,1055,1884,1,0,0,-115,,
2026-09-08T12:50:20.913,1788852020.9131,1056,1959,1,0,0,-115,,
2026-09-08T12:50:20.928,1788852020.9289,1057,2084,1,0,0,-115,,
2026-09-08T12:50:20.948,1788852020.9482,1058,2188,1,0,0,-115,,
2026-09-08T12:50:20.978,1788852020.9783,1059,2237,1,0,0,-115,,
2026-09-08T12:50:20.992,1788852020.9925,1060,2215,1,0,0,-115,,
2026-09-08T12:50:21.010,1788852021.0103,1061,2115,1,0,0,-115,,
2026-09-08T12:50:21.036,1788852021.0367,1062,1973,1,0,0,-115,,
2026-09-08T12:50:21.042,1788852021.0420,1063,1859,1,0,0,-115,,
2026-09-08T12:50:21.074,1788852021.0743,1064,1776,1,0,0,-115,,
2026-09-08T12:50:21.088,1788852021.0883,1065,1780,1,0,0,-115,,
2026-09-08T12:50:21.106,1788852021.1064,1066,1855,1,0,0,-115,,
2026-09-08T12:50:21.138,1788852021.1388,1067,1958,1,0,0,-115,,
2026-09-08T12:50:21.152,1788852021.1530,1068,2069,1,0,0,-115,,
2026-09-08T12:50:21.170,1788852021.1708,1069,2137,1,0,0,-115,,
2026-09-08T12:50:21.185,1788852021.1851,1070,2128,1,0,0,-115,,
2026-09-08T12:50:21.202,1788852021.2029,1071,2052,1,0,0,-115,,
2026-09-08T12:50:21.240,1788852021.2401,1072,1924,1,0,0,-115,,
2026-09-08T12:50:21.248,1788852021.2483,1073,1788,1,0,0,-115,,
2026-09-08T12:50:21.280,1788852021.2800,1074,1715,1,0,0,-115,,
2026-09-08T12:50:21.297,1788852021.2979,1075,1530,1,0,0,-115,,
2026-09-08T12:50:21.312,1788852021.3128,1076,-1229,1,0,0,-115,,
2026-09-08T12:50:21.344,1788852021.3441,1077,-5209,1,0,0,-115,,
2026-09-08T12:50:21.344,1788852021.3441,1078,-9136,1,0,0,-115,,
2026-09-08T12:50:21.376,1788852021.3761,1079,-13015,1,0,0,-115,,
2026-09-08T12:50:21.392,1788852021.3922,1080,-16885,1,0,0,-115,,
2026-09-08T12:50:21.408,1788852021.4081,1081,-20762,1,0,0,-115,,
2026-09-08T12:50:21.424,1788852021.4241,1082,-24480,1,0,0,-115,,
2026-09-08T12:50:21.456,1788852021.4564,1083,-25537,1,0,0,-115,,
2026-09-08T12:50:21.472,1788852021.4727,1084,-25299,1,0,0,-115,,
2026-09-08T12:50:21.490,1788852021.4905,1085,-25059,1,0,0,-115,,
2026-09-08T12:50:21.504,1788852021.5045,1086,-24822,1,0,0,-115,,
2026-09-08T12:50:21.522,1788852021.5223,1087,-24587,1,0,0,-115,,
2026-09-08T12:50:21.559,1788852021.5594,1088,-24355,1,0,0,-115,,
2026-09-08T12:50:21.568,1788852021.5688,1089,-24124,1,0,0,-115,,
2026-09-08T12:50:21.600,1788852021.6003,1090,-23896,1,0,0,-115,,
2026-09-08T12:50:21.616,1788852021.6164,1091,-23670,1,0,0,-115,,
2026-09-08T12:50:21.632,1788852021.6325,1092,-23433,1,0,0,-115,,
2026-09-08T12:50:21.664,1788852021.6645,1093,-23212,1,0,0,-115,,
2026-09-08T12:50:21.664,1788852021.6645,1094,-22979,1,0,0,-115,,
2026-09-08T12:50:21.682,1788852021.6826,1095,-22762,1,0,0,-115,,
2026-09-08T12:50:21.714,1788852021.7147,1096,-22546,1,0,0,-115,,
2026-09-08T12:50:21.728,1788852021.7284,1097,-22333,1,0,0,-115,,
2026-09-08T12:50:21.746,1788852021.7465,1098,-22121,1,0,0,-115,,
2026-09-08T12:50:21.778,1788852021.7787,1099,-21912,1,0,0,-115,,
2026-09-08T12:50:21.793,1788852021.7930,1100,-21705,1,0,0,-115,,
2026-09-08T12:50:21.811,1788852021.8114,1101,-21500,1,0,0,-115,,
2026-09-08T12:50:21.825,1788852021.8251,1102,-21296,1,0,0,-115,,
2026-09-08T12:50:21.841,1788852021.8410,1103,-21083,1,0,0,-115,,
2026-09-08T12:50:21.874,1788852021.8746,1104,-20884,1,0,0,-115,,
2026-09-08T12:50:21.888,1788852021.8884,1105,-20686,1,0,0,-115,,
2026-09-08T12:50:21.920,1788852021.9204,1106,-20490,1,0,0,-115,,
2026-09-08T12:50:21.936,1788852021.9365,1107,-20296,1,0,0,-115,,
2026-09-08T12:50:21.952,1788852021.9525,1108,-20104,1,0,0,-115,,
2026-09-08T12:50:21.970,1788852021.9710,1109,-19914,1,0,0,-115,,
2026-09-08T12:50:21.984,1788852021.9848,1110,-19726,1,0,0,-115,,
2026-09-08T12:50:22.016,1788852022.0162,1111,-19539,1,0,0,-115,,
2026-09-08T12:50:22.033,1788852022.0339,1112,-19344,1,0,0,-115,,
2026-09-08T12:50:22.047,1788852022.0476,1113,-19161,1,0,0,-115,,
2026-09-08T12:50:22.065,1788852022.0656,1114,-18969,1,0,0,-115,,
2026-09-08T12:50:22.097,1788852022.0975,1115,-18789,1,0,0,-115,,
2026-09-08T12:50:22.111,1788852022.1116,1116,-18611,1,0,0,-115,,
2026-09-08T12:50:22.129,1788852022.1296,1117,-18435,1,0,0,-115,,
2026-09-08T12:50:22.143,1788852022.1438,1118,-18261,1,0,0,-115,,
2026-09-08T12:50:22.161,1788852022.1615,1119,-18088,1,0,0,-115,,
2026-09-08T12:50:22.193,1788852022.1934,1120,-17917,1,0,0,-115,,
2026-09-08T12:50:22.207,1788852022.2074,1121,-17748,1,0,0,-115,,
2026-09-08T12:50:22.239,1788852022.2393,1122,-17580,1,0,0,-115,,
2026-09-08T12:50:22.255,1788852022.2553,1123,-17404,1,0,0,-115,,
2026-09-08T12:50:22.271,1788852022.2714,1124,-17239,1,0,0,-115,,
2026-09-08T12:50:22.303,1788852022.3033,1125,-17076,1,0,0,-115,,
2026-09-08T12:50:22.312,1788852022.3129,1126,-16914,1,0,0,-115,,
2026-09-08T12:50:22.321,1788852022.3213,1127,-16754,1,0,0,-115,,
2026-09-08T12:50:22.353,1788852022.3534,1128,-16596,1,0,0,-115,,
2026-09-08T12:50:22.367,1788852022.3672,1129,-16439,1,0,0,-115,,
2026-09-08T12:50:22.385,1788852022.3855,1130,-16284,1,0,0,-115,,
2026-09-08T12:50:22.417,1788852022.4177,1131,-16129,1,0,0,-115,,
2026-09-08T12:50:22.431,1788852022.4314,1132,-15968,1,0,0,-115,,
2026-09-08T12:50:22.449,1788852022.4498,1133,-15817,1,0,0,-115,,
2026-09-08T12:50:22.463,1788852022.4638,1134,-15659,1,0,0,-115,,
2026-09-08T12:50:22.481,1788852022.4820,1135,-15510,1,0,0,-115,,
2026-09-08T12:50:22.511,1788852022.5118,1136,-15363,1,0,0,-115,,
2026-09-08T12:50:22.530,1788852022.5300,1137,-15218,1,0,0,-115,,
2026-09-08T12:50:22.545,1788852022.5456,1138,-15074,1,0,0,-115,,
2026-09-08T12:50:22.560,1788852022.5602,1139,-14932,1,0,0,-115,,
2026-09-08T12:50:22.590,1788852022.5910,1140,-14790,1,0,0,-115,,
2026-09-08T12:50:22.608,1788852022.6088,1141,-14651,1,0,0,-115,,
2026-09-08T12:50:22.622,1788852022.6228,1142,-14512,1,0,0,-115,,
2026-09-08T12:50:22.654,1788852022.6547,1143,-14367,1,0,0,-115,,
2026-09-08T12:50:22.672,1788852022.6726,1144,-14231,1,0,0,-115,,
2026-09-08T12:50:22.686,1788852022.6868,1145,-14096,1,0,0,-115,,
2026-09-08T12:50:22.719,1788852022.7193,1146,-13963,1,0,0,-115,,
2026-09-08T12:50:22.737,1788852022.7371,1147,-13830,1,0,0,-115,,
2026-09-08T12:50:22.751,1788852022.7511,1148,-13700,1,0,0,-115,,
2026-09-08T12:50:22.768,1788852022.7690,1149,-13570,1,0,0,-115,,
2026-09-08T12:50:22.782,1788852022.7829,1150,-13442,1,0,0,-115,,
2026-09-08T12:50:22.814,1788852022.8146,1151,-13315,1,0,0,-115,,
2026-09-08T12:50:22.832,1788852022.8327,1152,-13181,1,0,0,-115,,
2026-09-08T12:50:22.846,1788852022.8467,1153,-13057,1,0,0,-115,,
2026-09-08T12:50:22.864,1788852022.8646,1154,-12926,1,0,0,-115,,
2026-09-08T12:50:22.894,1788852022.8944,1155,-12804,1,0,0,-115,,
2026-09-08T12:50:22.910,1788852022.9104,1156,-12682,1,0,0,-115,,
2026-09-08T12:50:22.935,1788852022.9352,1157,-12562,1,0,0,-115,,
2026-09-08T12:50:22.957,1788852022.9575,1158,-12443,1,0,0,-115,,
2026-09-08T12:50:22.973,1788852022.9735,1159,-12326,1,0,0,-115,,
2026-09-08T12:50:22.991,1788852022.9915,1160,-12209,1,0,0,-115,,
2026-09-08T12:50:23.005,1788852023.0054,1161,-12094,1,0,0,-115,,
2026-09-08T12:50:23.023,1788852023.0235,1162,-11979,1,0,0,-115,,
2026-09-08T12:50:23.055,1788852023.0555,1163,-11859,1,0,0,-115,,
2026-09-08T12:50:23.069,1788852023.0697,1164,-11747,1,0,0,-115,,
2026-09-08T12:50:23.089,1788852023.0891,1165,-11636,1,0,0,-115,,
2026-09-08T12:50:23.117,1788852023.1178,1166,-11526,1,0,0,-115,,
2026-09-08T12:50:23.133,1788852023.1335,1167,-11417,1,0,0,-115,,
2026-09-08T12:50:23.151,1788852023.1515,1168,-11309,1,0,0,-115,,
2026-09-08T12:50:23.165,1788852023.1652,1169,-11202,1,0,0,-115,,
2026-09-08T12:50:23.183,1788852023.1838,1170,-11096,1,0,0,-115,,
2026-09-08T12:50:23.215,1788852023.2153,1171,-10991,1,0,0,-115,,
2026-09-08T12:50:23.229,1788852023.2294,1172,-10881,1,0,0,-115,,
2026-09-08T12:50:23.261,1788852023.2615,1173,-10778,1,0,0,-115,,
2026-09-08T12:50:23.270,1788852023.2704,1174,-10670,1,0,0,-115,,
2026-09-08T12:50:23.293,1788852023.2934,1175,-10569,1,0,0,-115,,
2026-09-08T12:50:23.313,1788852023.3134,1176,-10469,1,0,0,-115,,
2026-09-08T12:50:23.326,1788852023.3262,1177,-10370,1,0,0,-115,,
2026-09-08T12:50:23.357,1788852023.3572,1178,-10272,1,0,0,-115,,
2026-09-08T12:50:23.375,1788852023.3754,1179,-10174,1,0,0,-115,,
2026-09-08T12:50:23.389,1788852023.3895,1180,-10078,1,0,0,-115,,
2026-09-08T12:50:23.405,1788852023.4053,1181,-9983,1,0,0,-115,,
2026-09-08T12:50:23.437,1788852023.4373,1182,-9889,1,0,0,-115,,
2026-09-08T12:50:23.453,1788852023.4533,1183,-9790,1,0,0,-115,,
2026-09-08T12:50:23.469,1788852023.4693,1184,-9697,1,0,0,-115,,
2026-09-08T12:50:23.485,1788852023.4853,1185,-9605,1,0,0,-115,,
2026-09-08T12:50:23.517,1788852023.5172,1186,-9514,1,0,0,-115,,
2026-09-08T12:50:23.535,1788852023.5354,1187,-9424,1,0,0,-115,,
2026-09-08T12:50:23.549,1788852023.5492,1188,-9335,1,0,0,-115,,
2026-09-08T12:50:23.575,1788852023.5758,1189,-9247,1,0,0,-115,,
2026-09-08T12:50:23.580,1788852023.5809,1190,-9159,1,0,0,-115,,
2026-09-08T12:50:23.612,1788852023.6127,1191,-9073,1,0,0,-115,,
2026-09-08T12:50:23.629,1788852023.6300,1192,-8982,1,0,0,-115,,
2026-09-08T12:50:23.644,1788852023.6446,1193,-8897,1,0,0,-115,,
2026-09-08T12:50:23.676,1788852023.6765,1194,-8808,1,0,0,-115,,
2026-09-08T12:50:23.692,1788852023.6926,1195,-8725,1,0,0,-115,,
2026-09-08T12:50:23.724,1788852023.7242,1196,-8642,1,0,0,-115,,
2026-09-08T12:50:23.724,1788852023.7242,1197,-8560,1,0,0,-115,,
2026-09-08T12:50:23.756,1788852023.7561,1198,-8479,1,0,0,-115,,
2026-09-08T12:50:23.772,1788852023.7721,1199,-8399,1,0,0,-115,,
2026-09-08T12:50:23.787,1788852023.7878,1200,-8320,1,0,0,-115,,
2026-09-08T12:50:23.803,1788852023.8039,1201,-8241,1,0,0,-115,,
2026-09-08T12:50:23.835,1788852023.8356,1202,-8163,1,0,0,-115,,
2026-09-08T12:50:23.851,1788852023.8518,1203,-8081,1,0,0,-115,,
2026-09-08T12:50:23.870,1788852023.8700,1204,-8005,1,0,0,-115,,
2026-09-08T12:50:23.883,1788852023.8836,1205,-7929,1,0,0,-115,,
2026-09-08T12:50:23.915,1788852023.9157,1206,-7854,1,0,0,-115,,
2026-09-08T12:50:23.931,1788852023.9317,1207,-7780,1,0,0,-115,,
2026-09-08T12:50:23.947,1788852023.9478,1208,-7706,1,0,0,-115,,
2026-09-08T12:50:23.963,1788852023.9638,1209,-7633,1,0,0,-115,,
2026-09-08T12:50:23.995,1788852023.9955,1210,-7561,1,0,0,-115,,
2026-09-08T12:50:24.011,1788852024.0112,1211,-7489,1,0,0,-115,,
2026-09-08T12:50:24.027,1788852024.0271,1212,-7414,1,0,0,-115,,
2026-09-08T12:50:24.044,1788852024.0448,1213,-7344,1,0,0,-115,,
2026-09-08T12:50:24.058,1788852024.0590,1214,-7271,1,0,0,-115,,
2026-09-08T12:50:24.090,1788852024.0909,1215,-7202,1,0,0,-115,,
2026-09-08T12:50:24.106,1788852024.1067,1216,-7134,1,0,0,-115,,
2026-09-08T12:50:24.145,1788852024.1451,1217,-7066,1,0,0,-115,,
2026-09-08T12:50:24.154,1788852024.1547,1218,-6999,1,0,0,-115,,
2026-09-08T12:50:24.170,1788852024.1706,1219,-6933,1,0,0,-115,,
2026-09-08T12:50:24.186,1788852024.1864,1220,-6868,1,0,0,-115,,
2026-09-08T12:50:24.202,1788852024.2024,1221,-6803,1,0,0,-115,,
2026-09-08T12:50:24.234,1788852024.2343,1222,-6738,1,0,0,-115,,
2026-09-08T12:50:24.250,1788852024.2504,1223,-6671,1,0,0,-115,,
2026-09-08T12:50:24.266,1788852024.2666,1224,-6608,1,0,0,-115,,
2026-09-08T12:50:24.282,1788852024.2827,1225,-6545,1,0,0,-115,,
2026-09-08T12:50:24.316,1788852024.3160,1226,-6483,1,0,0,-115,,
2026-09-08T12:50:24.330,1788852024.3302,1227,-6301,1,0,0,-115,,
2026-09-08T12:50:24.346,1788852024.3463,1228,-6207,1,0,0,-115,,
2026-09-08T12:50:24.362,1788852024.3624,1229,-5817,1,0,0,-115,,
2026-09-08T12:50:24.394,1788852024.3943,1230,-4488,1,0,0,-115,,
2026-09-08T12:50:24.410,1788852024.4104,1231,-2701,1,0,0,-115,,
2026-09-08T12:50:24.426,1788852024.4263,1232,-395,1,0,0,-115,,
2026-09-08T12:50:24.445,1788852024.4453,1233,2167,1,0,0,-115,,
2026-09-08T12:50:24.474,1788852024.4742,1234,4735,1,0,0,-115,,
2026-09-08T12:50:24.490,1788852024.4901,1235,7593,1,0,0,-115,,
2026-09-08T12:50:24.506,1788852024.5064,1236,10256,1,0,0,-115,,
2026-09-08T12:50:24.538,1788852024.5383,1237,12220,1,0,0,-115,,
2026-09-08T12:50:24.559,1788852024.5595,1238,13878,1,0,0,-115,,
2026-09-08T12:50:24.571,1788852024.5719,1239,15010,1,0,0,-115,,
2026-09-08T12:50:24.586,1788852024.5861,1240,16046,1,0,0,-115,,
2026-09-08T12:50:24.618,1788852024.6182,1241,16881,1,0,0,-115,,
2026-09-08T12:50:24.634,1788852024.6341,1242,17471,1,0,0,-115,,
2026-09-08T12:50:24.650,1788852024.6503,1243,17945,1,0,0,-115,,
2026-09-08T12:50:24.666,1788852024.6663,1244,18122,1,0,0,-115,,
2026-09-08T12:50:24.682,1788852024.6821,1245,18120,1,0,0,-115,,
2026-09-08T12:50:24.714,1788852024.7143,1246,18118,1,0,0,-115,,
2026-09-08T12:50:24.730,1788852024.7306,1247,17948,1,0,0,-115,,
2026-09-08T12:50:24.746,1788852024.7464,1248,17906,1,0,0,-115,,
2026-09-08T12:50:24.762,1788852024.7626,1249,17907,1,0,0,-115,,
2026-09-08T12:50:24.794,1788852024.7948,1250,17946,1,0,0,-115,,
2026-09-08T12:50:24.810,1788852024.8105,1251,17999,1,0,0,-115,,
2026-09-08T12:50:24.826,1788852024.8262,1252,18037,1,0,0,-115,,
2026-09-08T12:50:24.857,1788852024.8577,1253,18018,1,0,0,-115,,
2026-09-08T12:50:24.873,1788852024.8738,1254,17947,1,0,0,-115,,
2026-09-08T12:50:24.889,1788852024.8897,1255,17768,1,0,0,-115,,
2026-09-08T12:50:24.905,1788852024.9056,1256,17550,1,0,0,-115,,
2026-09-08T12:50:24.937,1788852024.9373,1257,17316,1,0,0,-115,,
2026-09-08T12:50:24.953,1788852024.9534,1258,17119,1,0,0,-115,,
2026-09-08T12:50:24.969,1788852024.9692,1259,17006,1,0,0,-115,,
2026-09-08T12:50:24.985,1788852024.9852,1260,16945,1,0,0,-115,,
2026-09-08T12:50:25.001,1788852025.0012,1261,16930,1,0,0,-115,,
2026-09-08T12:50:25.033,1788852025.0333,1262,16916,1,0,0,-115,,
2026-09-08T12:50:25.048,1788852025.0488,1263,16873,1,0,0,-115,,
2026-09-08T12:50:25.065,1788852025.0650,1264,16760,1,0,0,-115,,
2026-09-08T12:50:25.081,1788852025.0813,1265,16595,1,0,0,-115,,
2026-09-08T12:50:25.113,1788852025.1131,1266,16357,1,0,0,-115,,
2026-09-08T12:50:25.129,1788852025.1290,1267,16110,1,0,0,-115,,
2026-09-08T12:50:25.150,1788852025.1501,1268,15899,1,0,0,-115,,
2026-09-08T12:50:25.160,1788852025.1606,1269,15744,1,0,0,-115,,
2026-09-08T12:50:25.192,1788852025.1926,1270,15676,1,0,0,-115,,
2026-09-08T12:50:25.208,1788852025.2086,1271,15637,1,0,0,-115,,
2026-09-08T12:50:25.224,1788852025.2245,1272,15604,1,0,0,-115,,
2026-09-08T12:50:25.256,1788852025.2566,1273,15537,1,0,0,-115,,
2026-09-08T12:50:25.275,1788852025.2754,1274,15428,1,0,0,-115,,
2026-09-08T12:50:25.288,1788852025.2884,1275,15224,1,0,0,-115,,
2026-09-08T12:50:25.312,1788852025.3128,1276,14978,1,0,0,-115,,
2026-09-08T12:50:25.321,1788852025.3217,1277,14707,1,0,0,-115,,
2026-09-08T12:50:25.359,1788852025.3595,1278,14468,1,0,0,-115,,
2026-09-08T12:50:25.369,1788852025.3690,1279,14321,1,0,0,-115,,
2026-09-08T12:50:25.399,1788852025.3999,1280,14237,1,0,0,-115,,
2026-09-08T12:50:25.415,1788852025.4156,1281,14218,1,0,0,-115,,
2026-09-08T12:50:25.431,1788852025.4319,1282,14220,1,0,0,-115,,
2026-09-08T12:50:25.465,1788852025.4654,1283,14206,1,0,0,-115,,
2026-09-08T12:50:25.465,1788852025.4654,1284,14127,1,0,0,-115,,
2026-09-08T12:50:25.495,1788852025.4956,1285,13989,1,0,0,-115,,
2026-09-08T12:50:25.511,1788852025.5118,1286,13764,1,0,0,-115,,
2026-09-08T12:50:25.527,1788852025.5278,1287,13523,1,0,0,-115,,
2026-09-08T12:50:25.550,1788852025.5502,1288,13307,1,0,0,-115,,
2026-09-08T12:50:25.574,1788852025.5750,1289,13147,1,0,0,-115,,
2026-09-08T12:50:25.590,1788852025.5910,1290,13088,1,0,0,-115,,
2026-09-08T12:50:25.606,1788852025.6070,1291,13080,1,0,0,-115,,
2026-09-08T12:50:25.622,1788852025.6229,1292,13110,1,0,0,-115,,
2026-09-08T12:50:25.650,1788852025.6504,1293,13122,1,0,0,-115,,
2026-09-08T12:50:25.671,1788852025.6711,1294,13100,1,0,0,-115,,
2026-09-08T12:50:25.687,1788852025.6871,1295,12973,1,0,0,-115,,
2026-09-08T12:50:25.719,1788852025.7192,1296,12796,1,0,0,-115,,
2026-09-08T12:50:25.735,1788852025.7350,1297,12565,1,0,0,-115,,
2026-09-08T12:50:25.750,1788852025.7506,1298,12343,1,0,0,-115,,
2026-09-08T12:50:25.782,1788852025.7822,1299,12188,1,0,0,-115,,
2026-09-08T12:50:25.782,1788852025.7822,1300,12098,1,0,0,-115,,
2026-09-08T12:50:25.814,1788852025.8142,1301,12090,1,0,0,-115,,
2026-09-08T12:50:25.830,1788852025.8304,1302,12124,1,0,0,-115,,
2026-09-08T12:50:25.851,1788852025.8519,1303,12156,1,0,0,-115,,
2026-09-08T12:50:25.862,1788852025.8624,1304,12135,1,0,0,-115,,
2026-09-08T12:50:25.893,1788852025.8939,1305,12067,1,0,0,-115,,
2026-09-08T12:50:25.910,1788852025.9101,1306,11905,1,0,0,-115,,
2026-09-08T12:50:25.926,1788852025.9260,1307,11714,1,0,0,-115,,
2026-09-08T12:50:25.958,1788852025.9586,1308,11516,1,0,0,-115,,
2026-09-08T12:50:25.973,1788852025.9734,1309,11362,1,0,0,-115,,
2026-09-08T12:50:25.989,1788852025.9895,1310,11305,1,0,0,-115,,
2026-09-08T12:50:26.005,1788852026.0054,1311,11311,1,0,0,-115,,
2026-09-08T12:50:26.037,1788852026.0375,1312,11370,1,0,0,-115,,
2026-09-08T12:50:26.053,1788852026.0532,1313,11426,1,0,0,-115,,
2026-09-08T12:50:26.073,1788852026.0738,1314,11456,1,0,0,-115,,
2026-09-08T12:50:26.100,1788852026.1010,1315,11386,1,0,0,-115,,
2026-09-08T12:50:26.117,1788852026.1171,1316,11247,1,0,0,-115,,
2026-09-08T12:50:26.133,1788852026.1332,1317,11011,1,0,0,-115,,
2026-09-08T12:50:26.152,1788852026.1524,1318,10739,1,0,0,-115,,
2026-09-08T12:50:26.165,1788852026.1656,1319,10476,1,0,0,-115,,
2026-09-08T12:50:26.181,1788852026.1815,1320,10268,1,0,0,-115,,
2026-09-08T12:50:26.215,1788852026.2155,1321,10148,1,0,0,-115,,
2026-09-08T12:50:26.229,1788852026.2296,1322,10090,1,0,0,-115,,
2026-09-08T12:50:26.252,1788852026.2524,1323,10065,1,0,0,-115,,
2026-09-08T12:50:26.261,1788852026.2614,1324,10026,1,0,0,-115,,
2026-09-08T12:50:26.292,1788852026.2929,1325,9972,1,0,0,-115,,
2026-09-08T12:50:26.312,1788852026.3123,1326,9846,1,0,0,-115,,
2026-09-08T12:50:26.325,1788852026.3259,1327,9685,1,0,0,-115,,
2026-09-08T12:50:26.352,1788852026.3528,1328,9493,1,0,0,-115,,
2026-09-08T12:50:26.373,1788852026.3736,1329,9322,1,0,0,-115,,
2026-09-08T12:50:26.389,1788852026.3899,1330,9224,1,0,0,-115,,
2026-09-08T12:50:26.405,1788852026.4058,1331,9190,1,0,0,-115,,
2026-09-08T12:50:26.421,1788852026.4218,1332,9216,1,0,0,-115,,
2026-09-08T12:50:26.452,1788852026.4529,1333,9261,1,0,0,-115,,
2026-09-08T12:50:26.469,1788852026.4692,1334,9289,1,0,0,-115,,
2026-09-08T12:50:26.484,1788852026.4850,1335,9232,1,0,0,-115,,
2026-09-08T12:50:26.516,1788852026.5164,1336,9115,1,0,0,-115,,
2026-09-08T12:50:26.532,1788852026.5322,1337,8907,1,0,0,-115,,
2026-09-08T12:50:26.565,1788852026.5652,1338,8681,1,0,0,-115,,
2026-09-08T12:50:26.565,1788852026.5657,1339,8485,1,0,0,-115,,
2026-09-08T12:50:26.595,1788852026.5955,1340,8350,1,0,0,-115,,
2026-09-08T12:50:26.611,1788852026.6113,1341,8317,1,0,0,-115,,
2026-09-08T12:50:26.627,1788852026.6274,1342,8349,1,0,0,-115,,
2026-09-08T12:50:26.654,1788852026.6543,1343,8422,1,0,0,-115,,
2026-09-08T12:50:26.675,1788852026.6755,1344,8476,1,0,0,-115,,
2026-09-08T12:50:26.691,1788852026.6911,1345,8493,1,0,0,-115,,
2026-09-08T12:50:26.706,1788852026.7069,1346,8397,1,0,0,-115,,
2026-09-08T12:50:26.722,1788852026.7229,1347,8240,1,0,0,-115,,
2026-09-08T12:50:26.754,1788852026.7542,1348,8026,1,0,0,-115,,
2026-09-08T12:50:26.770,1788852026.7703,1349,7827,1,0,0,-115,,
2026-09-08T12:50:26.786,1788852026.7865,1350,7704,1,0,0,-115,,
2026-09-08T12:50:26.802,1788852026.8028,1351,7654,1,0,0,-115,,
2026-09-08T12:50:26.834,1788852026.8346,1352,7690,1,0,0,-115,,
2026-09-08T12:50:26.850,1788852026.8507,1353,7763,1,0,0,-115,,
2026-09-08T12:50:26.866,1788852026.8668,1354,7845,1,0,0,-115,,
2026-09-08T12:50:26.882,1788852026.8828,1355,7858,1,0,0,-115,,
2026-09-08T12:50:26.898,1788852026.8987,1356,7809,1,0,0,-115,,
2026-09-08T12:50:26.932,1788852026.9329,1357,7651,1,0,0,-115,,
2026-09-08T12:50:26.956,1788852026.9562,1358,7451,1,0,0,-115,,
2026-09-08T12:50:26.978,1788852026.9787,1359,7248,1,0,0,-115,,
2026-09-08T12:50:26.994,1788852026.9946,1360,7091,1,0,0,-115,,
2026-09-08T12:50:27.010,1788852027.0105,1361,7032,1,0,0,-115,,
2026-09-08T12:50:27.042,1788852027.0425,1362,7043,1,0,0,-115,,
2026-09-08T12:50:27.056,1788852027.0564,1363,7105,1,0,0,-115,,
2026-09-08T12:50:27.074,1788852027.0743,1364,7176,1,0,0,-115,,
2026-09-08T12:50:27.090,1788852027.0903,1365,7225,1,0,0,-115,,
2026-09-08T12:50:27.106,1788852027.1066,1366,7166,1,0,0,-115,,
2026-09-08T12:50:27.124,1788852027.1240,1367,7043,1,0,0,-115,,
2026-09-08T12:50:27.156,1788852027.1566,1368,6839,1,0,0,-115,,
2026-09-08T12:50:27.170,1788852027.1702,1369,6629,1,0,0,-115,,
2026-09-08T12:50:27.185,1788852027.1859,1370,3296,1,0,0,-115,,
2026-09-08T12:50:27.217,1788852027.2178,1371,-864,1,0,0,-115,,
2026-09-08T12:50:27.233,1788852027.2338,1372,-4955,1,0,0,-115,,
2026-09-08T12:50:27.256,1788852027.2567,1373,-8578,1,0,0,-115,,
2026-09-08T12:50:27.265,1788852027.2658,1374,-11519,1,0,0,-115,,
2026-09-08T12:50:27.297,1788852027.2975,1375,-13456,1,0,0,-115,,
2026-09-08T12:50:27.315,1788852027.3151,1376,-14905,1,0,0,-115,,
2026-09-08T12:50:27.329,1788852027.3293,1377,-12693,1,0,0,-115,,
2026-09-08T12:50:27.345,1788852027.3452,1378,-9417,1,0,0,-115,,
2026-09-08T12:50:27.361,1788852027.3611,1379,-5887,1,0,0,-115,,
2026-09-08T12:50:27.392,1788852027.3929,1380,-2610,1,0,0,-115,,
2026-09-08T12:50:27.409,1788852027.4092,1381,235,1,0,0,-115,,
2026-09-08T12:50:27.434,1788852027.4343,1382,2161,1,0,0,-115,,
2026-09-08T12:50:27.456,1788852027.4570,1383,3657,1,0,0,-115,,
2026-09-08T12:50:27.473,1788852027.4731,1384,4640,1,0,0,-115,,
2026-09-08T12:50:27.488,1788852027.4890,1385,5407,1,0,0,-115,,
2026-09-08T12:50:27.504,1788852027.5048,1386,5849,1,0,0,-115,,
2026-09-08T12:50:27.520,1788852027.5206,1387,6112,1,0,0,-115,,
2026-09-08T12:50:27.559,1788852027.5594,1388,6154,1,0,0,-115,,
2026-09-08T12:50:27.570,1788852027.5708,1389,6122,1,0,0,-115,,
2026-09-08T12:50:27.585,1788852027.5850,1390,6093,1,0,0,-115,,
2026-09-08T12:50:27.600,1788852027.6008,1391,6070,1,0,0,-115,,
2026-09-08T12:50:27.632,1788852027.6322,1392,6129,1,0,0,-115,,
2026-09-08T12:50:27.664,1788852027.6643,1393,6231,1,0,0,-115,,
2026-09-08T12:50:27.664,1788852027.6643,1394,6359,1,0,0,-115,,
2026-09-08T12:50:27.696,1788852027.6962,1395,6459,1,0,0,-115,,
2026-09-08T12:50:27.712,1788852027.7125,1396,6517,1,0,0,-115,,
2026-09-08T12:50:27.728,1788852027.7288,1397,6456,1,0,0,-115,,
2026-09-08T12:50:27.760,1788852027.7606,1398,6332,1,0,0,-115,,
2026-09-08T12:50:27.776,1788852027.7763,1399,6147,1,0,0,-115,,
2026-09-08T12:50:27.792,1788852027.7923,1400,5974,1,0,0,-115,,
2026-09-08T12:50:27.808,1788852027.8084,1401,5878,1,0,0,-115,,
2026-09-08T12:50:27.824,1788852027.8243,1402,5846,1,0,0,-115,,
2026-09-08T12:50:27.840,1788852027.8403,1403,5875,1,0,0,-115,,
2026-09-08T12:50:27.872,1788852027.8725,1404,5959,1,0,0,-115,,
2026-09-08T12:50:27.888,1788852027.8883,1405,6050,1,0,0,-115,,
2026-09-08T12:50:27.903,1788852027.9040,1406,6071,1,0,0,-115,,
2026-09-08T12:50:27.935,1788852027.9357,1407,6034,1,0,0,-115,,
2026-09-08T12:50:27.951,1788852027.9518,1408,5889,1,0,0,-115,,
2026-09-08T12:50:27.967,1788852027.9677,1409,5706,1,0,0,-115,,
2026-09-08T12:50:27.983,1788852027.9835,1410,5545,1,0,0,-115,,
2026-09-08T12:50:28.015,1788852028.0153,1411,5411,1,0,0,-115,,
2026-09-08T12:50:28.031,1788852028.0314,1412,5371,1,0,0,-115,,
2026-09-08T12:50:28.047,1788852028.0471,1413,5398,1,0,0,-115,,
2026-09-08T12:50:28.078,1788852028.0788,1414,5472,1,0,0,-115,,
2026-09-08T12:50:28.094,1788852028.0950,1415,5551,1,0,0,-115,,
2026-09-08T12:50:28.111,1788852028.1111,1416,5607,1,0,0,-115,,
2026-09-08T12:50:28.127,1788852028.1272,1417,5558,1,0,0,-115,,
2026-09-08T12:50:28.143,1788852028.1430,1418,5449,1,0,0,-115,,
2026-09-08T12:50:28.175,1788852028.1752,1419,5264,1,0,0,-115,,
2026-09-08T12:50:28.191,1788852028.1913,1420,5077,1,0,0,-115,,
2026-09-08T12:50:28.207,1788852028.2075,1421,4955,1,0,0,-115,,
2026-09-08T12:50:28.223,1788852028.2234,1422,4893,1,0,0,-115,,
2026-09-08T12:50:28.239,1788852028.2394,1423,4898,1,0,0,-115,,
2026-09-08T12:50:28.271,1788852028.2717,1424,4977,1,0,0,-115,,
2026-09-08T12:50:28.287,1788852028.2880,1425,5073,1,0,0,-115,,
2026-09-08T12:50:28.320,1788852028.3206,1426,5117,1,0,0,-115,,
2026-09-08T12:50:28.335,1788852028.3359,1427,3307,1,0,0,-115,,
2026-09-08T12:50:28.352,1788852028.3523,1428,-763,1,0,0,-115,,
2026-09-08T12:50:28.368,1788852028.3685,1429,-4857,1,0,0,-115,,
2026-09-08T12:50:28.384,1788852028.3846,1430,-8937,1,0,0,-115,,
2026-09-08T12:50:28.416,1788852028.4166,1431,-12728,1,0,0,-115,,
2026-09-08T12:50:28.432,1788852028.4324,1432,-15639,1,0,0,-115,,
2026-09-08T12:50:28.448,1788852028.4485,1433,-17737,1,0,0,-115,,
2026-09-08T12:50:28.464,1788852028.4647,1434,-17445,1,0,0,-115,,
2026-09-08T12:50:28.480,1788852028.4805,1435,-14353,1,0,0,-115,,
2026-09-08T12:50:28.512,1788852028.5127,1436,-11005,1,0,0,-115,,
2026-09-08T12:50:28.528,1788852028.5289,1437,-7474,1,0,0,-115,,
2026-09-08T12:50:28.545,1788852028.5451,1438,-4172,1,0,0,-115,,
2026-09-08T12:50:28.563,1788852028.5634,1439,-1619,1,0,0,-115,,
2026-09-08T12:50:28.593,1788852028.5931,1440,248,1,0,0,-115,,
2026-09-08T12:50:28.609,1788852028.6094,1441,1705,1,0,0,-115,,
2026-09-08T12:50:28.627,1788852028.6273,1442,2618,1,0,0,-115,,
2026-09-08T12:50:28.641,1788852028.6415,1443,3329,1,0,0,-115,,
2026-09-08T12:50:28.673,1788852028.6735,1444,3869,1,0,0,-115,,
2026-09-08T12:50:28.689,1788852028.6895,1445,4340,1,0,0,-115,,
2026-09-08T12:50:28.705,1788852028.7052,1446,4667,1,0,0,-115,,
2026-09-08T12:50:28.736,1788852028.7368,1447,4892,1,0,0,-115,,
2026-09-08T12:50:28.752,1788852028.7528,1448,4944,1,0,0,-115,,
2026-09-08T12:50:28.768,1788852028.7684,1449,4909,1,0,0,-115,,
2026-09-08T12:50:28.802,1788852028.8021,1450,4840,1,0,0,-115,,
2026-09-08T12:50:28.808,1788852028.8086,1451,4738,1,0,0,-115,,
2026-09-08T12:50:28.832,1788852028.8321,1452,4711,1,0,0,-115,,
2026-09-08T12:50:28.848,1788852028.8483,1453,4741,1,0,0,-115,,
2026-09-08T12:50:28.864,1788852028.8644,1454,4824,1,0,0,-115,,
2026-09-08T12:50:28.896,1788852028.8967,1455,4943,1,0,0,-115,,
2026-09-08T12:50:28.912,1788852028.9129,1456,5057,1,0,0,-115,,
2026-09-08T12:50:28.929,1788852028.9290,1457,5089,1,0,0,-115,,
2026-09-08T12:50:28.944,1788852028.9449,1458,5059,1,0,0,-115,,
2026-09-08T12:50:28.962,1788852028.9628,1459,4923,1,0,0,-115,,
2026-09-08T12:50:28.992,1788852028.9929,1460,4756,1,0,0,-115,,
2026-09-08T12:50:29.008,1788852029.0086,1461,4621,1,0,0,-115,,
2026-09-08T12:50:29.024,1788852029.0246,1462,4521,1,0,0,-115,,
2026-09-08T12:50:29.056,1788852029.0568,1463,4490,1,0,0,-115,,
2026-09-08T12:50:29.073,1788852029.0731,1464,4551,1,0,0,-115,,
2026-09-08T12:50:29.089,1788852029.0892,1465,4651,1,0,0,-115,,
2026-09-08T12:50:29.112,1788852029.1127,1466,4738,1,0,0,-115,,
2026-09-08T12:50:29.137,1788852029.1372,1467,4793,1,0,0,-115,,
2026-09-08T12:50:29.153,1788852029.1532,1468,4740,1,0,0,-115,,
2026-09-08T12:50:29.172,1788852029.1728,1469,4626,1,0,0,-115,,
2026-09-08T12:50:29.184,1788852029.1845,1470,4479,1,0,0,-115,,
2026-09-08T12:50:29.216,1788852029.2161,1471,4314,1,0,0,-115,,
2026-09-08T12:50:29.232,1788852029.2321,1472,4187,1,0,0,-115,,
2026-09-08T12:50:29.248,1788852029.2481,1473,4161,1,0,0,-115,,
2026-09-08T12:50:29.263,1788852029.2633,1474,4200,1,0,0,-115,,
2026-09-08T12:50:29.279,1788852029.2794,1475,4298,1,0,0,-115,,
2026-09-08T12:50:29.312,1788852029.3125,1476,4407,1,0,0,-115,,
2026-09-08T12:50:29.327,1788852029.3279,1477,4454,1,0,0,-115,,
2026-09-08T12:50:29.359,1788852029.3593,1478,4442,1,0,0,-115,,
2026-09-08T12:50:29.375,1788852029.3750,1479,4355,1,0,0,-115,,
2026-09-08T12:50:29.391,1788852029.3911,1480,4192,1,0,0,-115,,
2026-09-08T12:50:29.422,1788852029.4227,1481,4053,1,0,0,-115,,
2026-09-08T12:50:29.422,1788852029.4227,1482,3938,1,0,0,-115,,
2026-09-08T12:50:29.464,1788852029.4647,1483,3887,1,0,0,-115,,
2026-09-08T12:50:29.470,1788852029.4708,1484,3933,1,0,0,-115,,
2026-09-08T12:50:29.486,1788852029.4866,1485,2701,1,0,0,-115,,
2026-09-08T12:50:29.502,1788852029.5027,1486,-1186,1,0,0,-115,,
2026-09-08T12:50:29.534,1788852029.5346,1487,-5138,1,0,0,-115,,
2026-09-08T12:50:29.550,1788852029.5505,1488,-8990,1,0,0,-115,,
2026-09-08T12:50:29.569,1788852029.5692,1489,-9542,1,0,0,-115,,
2026-09-08T12:50:29.598,1788852029.5985,1490,-8523,1,0,0,-115,,
2026-09-08T12:50:29.614,1788852029.6145,1491,-8149,1,0,0,-115,,
2026-09-08T12:50:29.630,1788852029.6303,1492,-6730,1,0,0,-115,,
2026-09-08T12:50:29.646,1788852029.6464,1493,-2751,1,0,0,-115,,
2026-09-08T12:50:29.665,1788852029.6659,1494,1281,1,0,0,-115,,
2026-09-08T12:50:29.694,1788852029.6945,1495,5154,1,0,0,-115,,
2026-09-08T12:50:29.710,1788852029.7105,1496,5681,1,0,0,-115,,
2026-09-08T12:50:29.726,1788852029.7262,1497,4555,1,0,0,-115,,
2026-09-08T12:50:29.742,1788852029.7421,1498,3998,1,0,0,-115,,
2026-09-08T12:50:29.774,1788852029.7741,1499,3688,1,0,0,-115,,
2026-09-08T12:50:29.790,1788852029.7902,1500,3503,1,0,0,-115,,
2026-09-08T12:50:29.806,1788852029.8063,1501,3389,1,0,0,-115,,
2026-09-08T12:50:29.838,1788852029.8383,1502,3315,1,0,0,-115,,
2026-09-08T12:50:29.854,1788852029.8542,1503,3305,1,0,0,-115,,
2026-09-08T12:50:29.878,1788852029.8780,1504,3396,1,0,0,-115,,
2026-09-08T12:50:29.883,1788852029.8830,1505,3537,1,0,0,-115,,
2026-09-08T12:50:29.898,1788852029.8989,1506,3693,1,0,0,-115,,
2026-09-08T12:50:29.932,1788852029.9327,1507,3830,1,0,0,-115,,
2026-09-08T12:50:29.946,1788852029.9461,1508,3862,1,0,0,-115,,
2026-09-08T12:50:29.978,1788852029.9781,1509,3830,1,0,0,-115,,
2026-09-08T12:50:29.996,1788852029.9960,1510,3742,1,0,0,-115,,
2026-09-08T12:50:30.009,1788852030.0098,1511,3598,1,0,0,-115,,
2026-09-08T12:50:30.041,1788852030.0414,1512,3464,1,0,0,-115,,
2026-09-08T12:50:30.041,1788852030.0414,1513,3409,1,0,0,-115,,
2026-09-08T12:50:30.073,1788852030.0733,1514,3419,1,0,0,-115,,
2026-09-08T12:50:30.091,1788852030.0913,1515,3517,1,0,0,-115,,
2026-09-08T12:50:30.105,1788852030.1051,1516,3638,1,0,0,-115,,
2026-09-08T12:50:30.121,1788852030.1211,1517,3724,1,0,0,-115,,
2026-09-08T12:50:30.157,1788852030.1579,1518,3765,1,0,0,-115,,
2026-09-08T12:50:30.180,1788852030.1802,1519,3730,1,0,0,-115,,
2026-09-08T12:50:30.188,1788852030.1880,1520,3606,1,0,0,-115,,
2026-09-08T12:50:30.217,1788852030.2179,1521,3473,1,0,0,-115,,
2026-09-08T12:50:30.232,1788852030.2322,1522,3332,1,0,0,-115,,
2026-09-08T12:50:30.250,1788852030.2503,1523,3241,1,0,0,-115,,
2026-09-08T12:50:30.266,1788852030.2665,1524,3251,1,0,0,-115,,
2026-09-08T12:50:30.282,1788852030.2825,1525,3323,1,0,0,-115,,
2026-09-08T12:50:30.314,1788852030.3147,1526,3437,1,0,0,-115,,
2026-09-08T12:50:30.328,1788852030.3289,1527,3545,1,0,0,-115,,
2026-09-08T12:50:30.346,1788852030.3470,1528,3569,1,0,0,-115,,
2026-09-08T12:50:30.366,1788852030.3668,1529,3533,1,0,0,-115,,
2026-09-08T12:50:30.393,1788852030.3934,1530,3435,1,0,0,-115,,
2026-09-08T12:50:30.411,1788852030.4112,1531,3278,1,0,0,-115,,
2026-09-08T12:50:30.424,1788852030.4249,1532,3124,1,0,0,-115,,
2026-09-08T12:50:30.456,1788852030.4569,1533,3038,1,0,0,-115,,
2026-09-08T12:50:30.474,1788852030.4747,1534,3020,1,0,0,-115,,
2026-09-08T12:50:30.488,1788852030.4888,1535,3096,1,0,0,-115,,
2026-09-08T12:50:30.506,1788852030.5065,1536,3210,1,0,0,-115,,
2026-09-08T12:50:30.520,1788852030.5203,1537,3305,1,0,0,-115,,
2026-09-08T12:50:30.552,1788852030.5522,1538,3365,1,0,0,-115,,
2026-09-08T12:50:30.572,1788852030.5721,1539,3345,1,0,0,-115,,
2026-09-08T12:50:30.583,1788852030.5839,1540,2599,1,0,0,-115,,
2026-09-08T12:50:30.615,1788852030.6155,1541,-1289,1,0,0,-115,,
2026-09-08T12:50:30.635,1788852030.6355,1542,-5437,1,0,0,-115,,
2026-09-08T12:50:30.647,1788852030.6472,1543,-9555,1,0,0,-115,,
2026-09-08T12:50:30.680,1788852030.6807,1544,-13589,1,0,0,-115,,
2026-09-08T12:50:30.696,1788852030.6964,1545,-17552,1,0,0,-115,,
2026-09-08T12:50:30.725,1788852030.7260,1546,-21417,1,0,0,-115,,
2026-09-08T12:50:30.725,1788852030.7260,1547,-21976,1,0,0,-115,,
2026-09-08T12:50:30.742,1788852030.7421,1548,-14225,1,0,0,-115,,
2026-09-08T12:50:30.774,1788852030.7741,1549,-7305,1,0,0,-115,,
2026-09-08T12:50:30.789,1788852030.7898,1550,-1667,1,0,0,-115,,
2026-09-08T12:50:30.805,1788852030.8059,1551,3334,1,0,0,-115,,
2026-09-08T12:50:30.823,1788852030.8237,1552,7931,1,0,0,-115,,
2026-09-08T12:50:30.855,1788852030.8551,1553,12197,1,0,0,-115,,
2026-09-08T12:50:30.870,1788852030.8708,1554,13726,1,0,0,-115,,
2026-09-08T12:50:30.886,1788852030.8865,1555,9971,1,0,0,-115,,
2026-09-08T12:50:30.916,1788852030.9166,1556,7231,1,0,0,-115,,
2026-09-08T12:50:30.936,1788852030.9368,1557,5675,1,0,0,-115,,
2026-09-08T12:50:30.950,1788852030.9505,1558,4658,1,0,0,-115,,
2026-09-08T12:50:30.971,1788852030.9710,1559,3944,1,0,0,-115,,
2026-09-08T12:50:30.996,1788852030.9965,1560,3481,1,0,0,-115,,
2026-09-08T12:50:31.014,1788852031.0144,1561,3113,1,0,0,-115,,
2026-09-08T12:50:31.028,1788852031.0282,1562,2835,1,0,0,-115,,
2026-09-08T12:50:31.046,1788852031.0460,1563,2631,1,0,0,-115,,
2026-09-08T12:50:31.071,1788852031.0714,1564,2567,1,0,0,-115,,
2026-09-08T12:50:31.091,1788852031.0918,1565,2588,1,0,0,-115,,
2026-09-08T12:50:31.107,1788852031.1078,1566,2699,1,0,0,-115,,
2026-09-08T12:50:31.123,1788852031.1239,1567,2830,1,0,0,-115,,
2026-09-08T12:50:31.141,1788852031.1420,1568,2913,1,0,0,-115,,
2026-09-08T12:50:31.173,1788852031.1738,1569,2942,1,0,0,-115,,
2026-09-08T12:50:31.205,1788852031.2057,1570,2900,1,0,0,-115,,
2026-09-08T12:50:31.205,1788852031.2057,1571,2773,1,0,0,-115,,
2026-09-08T12:50:31.237,1788852031.2377,1572,2624,1,0,0,-115,,
2026-09-08T12:50:31.254,1788852031.2548,1573,2516,1,0,0,-115,,
2026-09-08T12:50:31.274,1788852031.2742,1574,2467,1,0,0,-115,,
2026-09-08T12:50:31.283,1788852031.2836,1575,2520,1,0,0,-115,,
2026-09-08T12:50:31.316,1788852031.3160,1576,2626,1,0,0,-115,,
2026-09-08T12:50:31.333,1788852031.3336,1577,2746,1,0,0,-115,,
2026-09-08T12:50:31.347,1788852031.3477,1578,2851,1,0,0,-115,,
2026-09-08T12:50:31.374,1788852031.3745,1579,2886,1,0,0,-115,,
2026-09-08T12:50:31.379,1788852031.3796,1580,2828,1,0,0,-115,,
2026-09-08T12:50:31.411,1788852031.4116,1581,2717,1,0,0,-115,,
2026-09-08T12:50:31.429,1788852031.4298,1582,2562,1,0,0,-115,,
2026-09-08T12:50:31.443,1788852031.4437,1583,2427,1,0,0,-115,,
2026-09-08T12:50:31.475,1788852031.4757,1584,2380,1,0,0,-115,,
2026-09-08T12:50:31.493,1788852031.4936,1585,2400,1,0,0,-115,,
2026-09-08T12:50:31.507,1788852031.5077,1586,2500,1,0,0,-115,,
2026-09-08T12:50:31.527,1788852031.5273,1587,2625,1,0,0,-115,,
2026-09-08T12:50:31.559,1788852031.5591,1588,2712,1,0,0,-115,,
2026-09-08T12:50:31.574,1788852031.5750,1589,2748,1,0,0,-115,,
2026-09-08T12:50:31.593,1788852031.5938,1590,2708,1,0,0,-115,,
2026-09-08T12:50:31.619,1788852031.6195,1591,2580,1,0,0,-115,,
2026-09-08T12:50:31.635,1788852031.6357,1592,2420,1,0,0,-115,,
2026-09-08T12:50:31.653,1788852031.6538,1593,2287,1,0,0,-115,,
2026-09-08T12:50:31.675,1788852031.6752,1594,2208,1,0,0,-115,,
2026-09-08T12:50:31.686,1788852031.6863,1595,2233,1,0,0,-115,,
2026-09-08T12:50:31.717,1788852031.7177,1596,2316,1,0,0,-115,,
2026-09-08T12:50:31.731,1788852031.7317,1597,2433,1,0,0,-115,,
2026-09-08T12:50:31.747,1788852031.7474,1598,2543,1,0,0,-115,,
2026-09-08T12:50:31.775,1788852031.7756,1599,2589,1,0,0,-115,,
2026-09-08T12:50:31.779,1788852031.7792,1600,2550,1,0,0,-115,,
2026-09-08T12:50:31.813,1788852031.8131,1601,2439,1,0,0,-115,,
2026-09-08T12:50:31.827,1788852031.8272,1602,2279,1,0,0,-115,,
2026-09-08T12:50:31.845,1788852031.8452,1603,542,1,0,0,-115,,
2026-09-08T12:50:31.875,1788852031.8757,1604,-3576,1,0,0,-115,,
2026-09-08T12:50:31.890,1788852031.8910,1605,-7654,1,0,0,-115,,
2026-09-08T12:50:31.908,1788852031.9089,1606,-11245,1,0,0,-115,,
2026-09-08T12:50:31.940,1788852031.9404,1607,-14735,1,0,0,-115,,
2026-09-08T12:50:31.954,1788852031.9543,1608,-17385,1,0,0,-115,,
2026-09-08T12:50:31.972,1788852031.9725,1609,-19452,1,0,0,-115,,
2026-09-08T12:50:31.986,1788852031.9866,1610,-19161,1,0,0,-115,,
2026-09-08T12:50:32.002,1788852032.0025,1611,-16135,1,0,0,-115,,
2026-09-08T12:50:32.034,1788852032.0346,1612,-12864,1,0,0,-115,,
2026-09-08T12:50:32.050,1788852032.0507,1613,-9688,1,0,0,-115,,
2026-09-08T12:50:32.069,1788852032.0691,1614,-6391,1,0,0,-115,,
2026-09-08T12:50:32.100,1788852032.1009,1615,-3706,1,0,0,-115,,
2026-09-08T12:50:32.100,1788852032.1009,1616,-1532,1,0,0,-115,,
2026-09-08T12:50:32.135,1788852032.1359,1617,-98,1,0,0,-115,,
2026-09-08T12:50:32.146,1788852032.1466,1618,995,1,0,0,-115,,
2026-09-08T12:50:32.164,1788852032.1646,1619,1807,1,0,0,-115,,
2026-09-08T12:50:32.195,1788852032.1956,1620,2258,1,0,0,-115,,
2026-09-08T12:50:32.209,1788852032.2095,1621,2500,1,0,0,-115,,
2026-09-08T12:50:32.227,1788852032.2275,1622,2558,1,0,0,-115,,
2026-09-08T12:50:32.259,1788852032.2595,1623,2562,1,0,0,-115,,
2026-09-08T12:50:32.278,1788852032.2783,1624,2580,1,0,0,-115,,
2026-09-08T12:50:32.291,1788852032.2914,1625,2644,1,0,0,-115,,
2026-09-08T12:50:32.312,1788852032.3126,1626,2775,1,0,0,-115,,
2026-09-08T12:50:32.337,1788852032.3370,1627,2937,1,0,0,-115,,
2026-09-08T12:50:32.355,1788852032.3553,1628,3086,1,0,0,-115,,
2026-09-08T12:50:32.369,1788852032.3693,1629,3184,1,0,0,-115,,
2026-09-08T12:50:32.387,1788852032.3873,1630,3202,1,0,0,-115,,
2026-09-08T12:50:32.401,1788852032.4012,1631,3119,1,0,0,-115,,
2026-09-08T12:50:32.433,1788852032.4334,1632,2980,1,0,0,-115,,
2026-09-08T12:50:32.451,1788852032.4513,1633,2841,1,0,0,-115,,
2026-09-08T12:50:32.465,1788852032.4655,1634,2738,1,0,0,-115,,
2026-09-08T12:50:32.483,1788852032.4834,1635,2738,1,0,0,-115,,
2026-09-08T12:50:32.515,1788852032.5154,1636,2800,1,0,0,-115,,
2026-09-08T12:50:32.529,1788852032.5297,1637,2920,1,0,0,-115,,
2026-09-08T12:50:32.547,1788852032.5476,1638,3047,1,0,0,-115,,
2026-09-08T12:50:32.561,1788852032.5619,1639,3129,1,0,0,-115,,
2026-09-08T12:50:32.593,1788852032.5933,1640,3130,1,0,0,-115,,
2026-09-08T12:50:32.611,1788852032.6113,1641,3055,1,0,0,-115,,
2026-09-08T12:50:32.625,1788852032.6253,1642,2908,1,0,0,-115,,
2026-09-08T12:50:32.656,1788852032.6568,1643,2753,1,0,0,-115,,
2026-09-08T12:50:32.674,1788852032.6748,1644,2654,1,0,0,-115,,
2026-09-08T12:50:32.688,1788852032.6888,1645,2620,1,0,0,-115,,
2026-09-08T12:50:32.706,1788852032.7068,1646,2687,1,0,0,-115,,
2026-09-08T12:50:32.720,1788852032.7208,1647,2797,1,0,0,-115,,
2026-09-08T12:50:32.752,1788852032.7529,1648,2912,1,0,0,-115,,
2026-09-08T12:50:32.771,1788852032.7711,1649,2994,1,0,0,-115,,
2026-09-08T12:50:32.785,1788852032.7852,1650,3002,1,0,0,-115,,
2026-09-08T12:50:32.803,1788852032.8032,1651,2917,1,0,0,-115,,
2026-09-08T12:50:32.835,1788852032.8351,1652,2773,1,0,0,-115,,
2026-09-08T12:50:32.848,1788852032.8489,1653,2614,1,0,0,-115,,
2026-09-08T12:50:32.866,1788852032.8669,1654,2487,1,0,0,-115,,
2026-09-08T12:50:32.898,1788852032.8985,1655,2458,1,0,0,-115,,
2026-09-08T12:50:32.912,1788852032.9124,1656,2496,1,0,0,-115,,
2026-09-08T12:50:32.930,1788852032.9305,1657,2605,1,0,0,-115,,
2026-09-08T12:50:32.944,1788852032.9444,1658,2726,1,0,0,-115,,
2026-09-08T12:50:32.962,1788852032.9624,1659,2808,1,0,0,-115,,
2026-09-08T12:50:32.994,1788852032.9943,1660,2816,1,0,0,-115,,
2026-09-08T12:50:33.007,1788852033.0079,1661,2749,1,0,0,-115,,
2026-09-08T12:50:33.025,1788852033.0260,1662,436,1,0,0,-115,,
2026-09-08T12:50:33.039,1788852033.0399,1663,-3606,1,0,0,-115,,
2026-09-08T12:50:33.071,1788852033.0717,1664,-7727,1,0,0,-115,,
2026-09-08T12:50:33.089,1788852033.0896,1665,-11798,1,0,0,-115,,
2026-09-08T12:50:33.105,1788852033.1059,1666,-15661,1,0,0,-115,,
2026-09-08T12:50:33.135,1788852033.1353,1667,-19380,1,0,0,-115,,
2026-09-08T12:50:33.151,1788852033.1514,1668,-22304,1,0,0,-115,,
2026-09-08T12:50:33.167,1788852033.1672,1669,-22456,1,0,0,-115,,
2026-09-08T12:50:33.183,1788852033.1837,1670,-20146,1,0,0,-115,,
2026-09-08T12:50:33.215,1788852033.2159,1671,-17371,1,0,0,-115,,
2026-09-08T12:50:33.231,1788852033.2319,1672,-14342,1,0,0,-115,,
2026-09-08T12:50:33.250,1788852033.2502,1673,-11125,1,0,0,-115,,
2026-09-08T12:50:33.281,1788852033.2818,1674,-7810,1,0,0,-115,,
2026-09-08T12:50:33.295,1788852033.2959,1675,-5000,1,0,0,-115,,
2026-09-08T12:50:33.313,1788852033.3140,1676,-2667,1,0,0,-115,,
2026-09-08T12:50:33.328,1788852033.3283,1677,-989,1,0,0,-115,,
2026-09-08T12:50:33.344,1788852033.3443,1678,314,1,0,0,-115,,
2026-09-08T12:50:33.381,1788852033.3820,1679,1329,1,0,0,-115,,
2026-09-08T12:50:33.392,1788852033.3925,1680,1979,1,0,0,-115,,
2026-09-08T12:50:33.407,1788852033.4079,1681,2402,1,0,0,-115,,
2026-09-08T12:50:33.424,1788852033.4242,1682,2577,1,0,0,-115,,
2026-09-08T12:50:33.456,1788852033.4563,1683,2651,1,0,0,-115,,
2026-09-08T12:50:33.472,1788852033.4723,1684,2686,1,0,0,-115,,
2026-09-08T12:50:33.488,1788852033.4880,1685,2746,1,0,0,-115,,
2026-09-08T12:50:33.519,1788852033.5199,1686,2873,1,0,0,-115,,
2026-09-08T12:50:33.536,1788852033.5360,1687,3043,1,0,0,-115,,
2026-09-08T12:50:33.551,1788852033.5519,1688,3228,1,0,0,-115,,
2026-09-08T12:50:33.569,1788852033.5693,1689,3384,1,0,0,-115,,
2026-09-08T12:50:33.605,1788852033.6058,1690,3467,1,0,0,-115,,
2026-09-08T12:50:33.615,1788852033.6158,1691,3448,1,0,0,-115,,
2026-09-08T12:50:33.632,1788852033.6322,1692,3356,1,0,0,-115,,
2026-09-08T12:50:33.647,1788852033.6473,1693,3224,1,0,0,-115,,
2026-09-08T12:50:33.679,1788852033.6792,1694,3105,1,0,0,-115,,
2026-09-08T12:50:33.682,1788852033.6829,1695,3073,1,0,0,-115,,
2026-09-08T12:50:33.710,1788852033.7106,1696,3109,1,0,0,-115,,
2026-09-08T12:50:33.726,1788852033.7267,1697,3229,1,0,0,-115,,
2026-09-08T12:50:33.742,1788852033.7428,1698,3376,1,0,0,-115,,
2026-09-08T12:50:33.774,1788852033.7747,1699,3498,1,0,0,-115,,
2026-09-08T12:50:33.790,1788852033.7907,1700,3553,1,0,0,-115,,
2026-09-08T12:50:33.806,1788852033.8066,1701,3529,1,0,0,-115,,
2026-09-08T12:50:33.822,1788852033.8225,1702,3409,1,0,0,-115,,
2026-09-08T12:50:33.854,1788852033.8544,1703,3256,1,0,0,-115,,
2026-09-08T12:50:33.870,1788852033.8703,1704,3127,1,0,0,-115,,
2026-09-08T12:50:33.886,1788852033.8861,1705,3049,1,0,0,-115,,
2026-09-08T12:50:33.902,1788852033.9021,1706,3075,1,0,0,-115,,
2026-09-08T12:50:33.933,1788852033.9339,1707,3161,1,0,0,-115,,
2026-09-08T12:50:33.956,1788852033.9565,1708,3279,1,0,0,-115,,
2026-09-08T12:50:33.965,1788852033.9657,1709,3388,1,0,0,-115,,
2026-09-08T12:50:33.994,1788852033.9941,1710,3446,1,0,0,-115,,
2026-09-08T12:50:34.013,1788852034.0138,1711,3399,1,0,0,-115,,
2026-09-08T12:50:34.029,1788852034.0296,1712,3281,1,0,0,-115,,
2026-09-08T12:50:34.053,1788852034.0538,1713,3119,1,0,0,-115,,
2026-09-08T12:50:34.083,1788852034.0837,1714,2967,1,0,0,-115,,
2026-09-08T12:50:34.093,1788852034.0935,1715,2898,1,0,0,-115,,
2026-09-08T12:50:34.109,1788852034.1098,1716,2898,1,0,0,-115,,
2026-09-08T12:50:34.125,1788852034.1256,1717,2972,1,0,0,-115,,
2026-09-08T12:50:34.157,1788852034.1574,1718,3090,1,0,0,-115,,
2026-09-08T12:50:34.173,1788852034.1737,1719,3191,1,0,0,-115,,
2026-09-08T12:50:34.189,1788852034.1895,1720,3235,1,0,0,-115,,
2026-09-08T12:50:34.205,1788852034.2055,1721,3203,1,0,0,-115,,
2026-09-08T12:50:34.221,1788852034.2218,1722,3074,1,0,0,-115,,
2026-09-08T12:50:34.253,1788852034.2536,1723,2908,1,0,0,-115,,
2026-09-08T12:50:34.269,1788852034.2698,1724,2762,1,0,0,-115,,
2026-09-08T12:50:34.286,1788852034.2860,1725,2668,1,0,0,-115,,
2026-09-08T12:50:34.312,1788852034.3127,1726,2679,1,0,0,-115,,
2026-09-08T12:50:34.333,1788852034.3331,1727,2752,1,0,0,-115,,
2026-09-08T12:50:34.349,1788852034.3492,1728,2861,1,0,0,-115,,
2026-09-08T12:50:34.365,1788852034.3652,1729,2969,1,0,0,-115,,
2026-09-08T12:50:34.384,1788852034.3844,1730,3031,1,0,0,-115,,
2026-09-08T12:50:34.412,1788852034.4130,1731,2988,1,0,0,-115,,
2026-09-08T12:50:34.432,1788852034.4330,1732,2871,1,0,0,-115,,
2026-09-08T12:50:34.444,1788852034.4450,1733,2706,1,0,0,-115,,
2026-09-08T12:50:34.476,1788852034.4764,1734,2549,1,0,0,-115,,
2026-09-08T12:50:34.492,1788852034.4925,1735,2473,1,0,0,-115,,
2026-09-08T12:50:34.508,1788852034.5086,1736,2462,1,0,0,-115,,
2026-09-08T12:50:34.524,1788852034.5245,1737,2529,1,0,0,-115,,
2026-09-08T12:50:34.540,1788852034.5406,1738,2645,1,0,0,-115,,
2026-09-08T12:50:34.573,1788852034.5737,1739,2750,1,0,0,-115,,
2026-09-08T12:50:34.590,1788852034.5908,1740,2801,1,0,0,-115,,
2026-09-08T12:50:34.604,1788852034.6042,1741,2778,1,0,0,-115,,
2026-09-08T12:50:34.620,1788852034.6202,1742,2656,1,0,0,-115,,
2026-09-08T12:50:34.652,1788852034.6521,1743,2492,1,0,0,-115,,
2026-09-08T12:50:34.667,1788852034.6680,1744,2340,1,0,0,-115,,
2026-09-08T12:50:34.684,1788852034.6847,1745,2236,1,0,0,-115,,
2026-09-08T12:50:34.715,1788852034.7153,1746,2239,1,0,0,-115,,
2026-09-08T12:50:34.731,1788852034.7315,1747,2307,1,0,0,-115,,
2026-09-08T12:50:34.747,1788852034.7475,1748,2417,1,0,0,-115,,
2026-09-08T12:50:34.763,1788852034.7636,1749,2530,1,0,0,-115,,
2026-09-08T12:50:34.795,1788852034.7954,1750,2602,1,0,0,-115,,
2026-09-08T12:50:34.811,1788852034.8111,1751,2575,1,0,0,-115,,
2026-09-08T12:50:34.826,1788852034.8270,1752,2471,1,0,0,-115,,
2026-09-08T12:50:34.858,1788852034.8588,1753,2310,1,0,0,-115,,
2026-09-08T12:50:34.858,1788852034.8588,1754,2149,1,0,0,-115,,
2026-09-08T12:50:34.890,1788852034.8908,1755,2062,1,0,0,-115,,
2026-09-08T12:50:34.906,1788852034.9067,1756,2043,1,0,0,-115,,
2026-09-08T12:50:34.922,1788852034.9224,1757,2106,1,0,0,-115,,
2026-09-08T12:50:34.954,1788852034.9544,1758,2223,1,0,0,-115,,
2026-09-08T12:50:34.972,1788852034.9723,1759,2333,1,0,0,-115,,
2026-09-08T12:50:34.986,1788852034.9864,1760,2397,1,0,0,-115,,
2026-09-08T12:50:35.002,1788852035.0022,1761,2160,1,0,0,-115,,
2026-09-08T12:50:35.033,1788852035.0338,1762,-982,1,0,0,-115,,
2026-09-08T12:50:35.049,1788852035.0496,1763,-4802,1,0,0,-115,,
2026-09-08T12:50:35.065,1788852035.0655,1764,-8865,1,0,0,-115,,
2026-09-08T12:50:35.097,1788852035.0973,1765,-12944,1,0,0,-115,,
2026-09-08T12:50:35.113,1788852035.1135,1766,-16919,1,0,0,-115,,
2026-09-08T12:50:35.129,1788852035.1294,1767,-20830,1,0,0,-115,,
2026-09-08T12:50:35.145,1788852035.1453,1768,-24434,1,0,0,-115,,
2026-09-08T12:50:35.161,1788852035.1616,1769,-25172,1,0,0,-115,,
2026-09-08T12:50:35.193,1788852035.1937,1770,-25247,1,0,0,-115,,
2026-09-08T12:50:35.209,1788852035.2098,1771,-25070,1,0,0,-115,,
2026-09-08T12:50:35.225,1788852035.2256,1772,-24847,1,0,0,-115,,
2026-09-08T12:50:35.241,1788852035.2414,1773,-24643,1,0,0,-115,,
2026-09-08T12:50:35.273,1788852035.2730,1774,-24432,1,0,0,-115,,
2026-09-08T12:50:35.288,1788852035.2890,1775,-24209,1,0,0,-115,,
2026-09-08T12:50:35.312,1788852035.3127,1776,-23982,1,0,0,-115,,
2026-09-08T12:50:35.321,1788852035.3220,1777,-23742,1,0,0,-115,,
2026-09-08T12:50:35.352,1788852035.3530,1778,-23517,1,0,0,-115,,
2026-09-08T12:50:35.370,1788852035.3702,1779,-23282,1,0,0,-115,,
2026-09-08T12:50:35.386,1788852035.3868,1780,-23061,1,0,0,-115,,
2026-09-08T12:50:35.416,1788852035.4168,1781,-22843,1,0,0,-115,,
2026-09-08T12:50:35.432,1788852035.4326,1782,-22627,1,0,0,-115,,
2026-09-08T12:50:35.448,1788852035.4487,1783,-22412,1,0,0,-115,,
2026-09-08T12:50:35.464,1788852035.4645,1784,-22201,1,0,0,-115,,
2026-09-08T12:50:35.496,1788852035.4965,1785,-21990,1,0,0,-115,,
2026-09-08T12:50:35.512,1788852035.5122,1786,-21783,1,0,0,-115,,
2026-09-08T12:50:35.528,1788852035.5282,1787,-21577,1,0,0,-115,,
2026-09-08T12:50:35.544,1788852035.5444,1788,-21361,1,0,0,-115,,
2026-09-08T12:50:35.576,1788852035.5761,1789,-21159,1,0,0,-115,,
2026-09-08T12:50:35.594,1788852035.5945,1790,-20958,1,0,0,-115,,
2026-09-08T12:50:35.613,1788852035.6136,1791,-20760,1,0,0,-115,,
2026-09-08T12:50:35.644,1788852035.6446,1792,-20563,1,0,0,-115,,
2026-09-08T12:50:35.654,1788852035.6545,1793,-20369,1,0,0,-115,,
2026-09-08T12:50:35.670,1788852035.6703,1794,-20176,1,0,0,-115,,
2026-09-08T12:50:35.687,1788852035.6871,1795,-19986,1,0,0,-115,,
2026-09-08T12:50:35.718,1788852035.7181,1796,-19797,1,0,0,-115,,
2026-09-08T12:50:35.734,1788852035.7340,1797,-19598,1,0,0,-115,,
2026-09-08T12:50:35.750,1788852035.7501,1798,-19413,1,0,0,-115,,
2026-09-08T12:50:35.766,1788852035.7662,1799,-19219,1,0,0,-115,,
2026-09-08T12:50:35.798,1788852035.7984,1800,-19037,1,0,0,-115,,
2026-09-08T12:50:35.814,1788852035.8146,1801,-18856,1,0,0,-115,,
2026-09-08T12:50:35.833,1788852035.8338,1802,-18678,1,0,0,-115,,
2026-09-08T12:50:35.845,1788852035.8454,1803,-18501,1,0,0,-115,,
2026-09-08T12:50:35.877,1788852035.8776,1804,-18326,1,0,0,-115,,
2026-09-08T12:50:35.893,1788852035.8935,1805,-18153,1,0,0,-115,,
2026-09-08T12:50:35.908,1788852035.9088,1806,-17981,1,0,0,-115,,
2026-09-08T12:50:35.932,1788852035.9322,1807,-17811,1,0,0,-115,,
2026-09-08T12:50:35.950,1788852035.9503,1808,-17633,1,0,0,-115,,
2026-09-08T12:50:35.972,1788852035.9725,1809,-17466,1,0,0,-115,,
2026-09-08T12:50:35.988,1788852035.9885,1810,-17301,1,0,0,-115,,
2026-09-08T12:50:36.004,1788852036.0043,1811,-17137,1,0,0,-115,,
2026-09-08T12:50:36.036,1788852036.0364,1812,-16975,1,0,0,-115,,
2026-09-08T12:50:36.052,1788852036.0527,1813,-16814,1,0,0,-115,,
2026-09-08T12:50:36.068,1788852036.0688,1814,-16655,1,0,0,-115,,
2026-09-08T12:50:36.087,1788852036.0877,1815,-16498,1,0,0,-115,,
2026-09-08T12:50:36.116,1788852036.1167,1816,-16342,1,0,0,-115,,
2026-09-08T12:50:36.132,1788852036.1328,1817,-16178,1,0,0,-115,,
2026-09-08T12:50:36.148,1788852036.1486,1818,-16025,1,0,0,-115,,
2026-09-08T12:50:36.164,1788852036.1643,1819,-15873,1,0,0,-115,,
2026-09-08T12:50:36.187,1788852036.1879,1820,-15723,1,0,0,-115,,
2026-09-08T12:50:36.211,1788852036.2119,1821,-15574,1,0,0,-115,,
2026-09-08T12:50:36.227,1788852036.2277,1822,-15427,1,0,0,-115,,
2026-09-08T12:50:36.244,1788852036.2440,1823,-15281,1,0,0,-115,,
2026-09-08T12:50:36.275,1788852036.2755,1824,-15137,1,0,0,-115,,
2026-09-08T12:50:36.291,1788852036.2912,1825,-14994,1,0,0,-115,,
2026-09-08T12:50:36.323,1788852036.3234,1826,-14843,1,0,0,-115,,
2026-09-08T12:50:36.338,1788852036.3387,1827,-14703,1,0,0,-115,,
2026-09-08T12:50:36.354,1788852036.3548,1828,-14556,1,0,0,-115,,
2026-09-08T12:50:36.370,1788852036.3709,1829,-14418,1,0,0,-115,,
2026-09-08T12:50:36.388,1788852036.3884,1830,-14281,1,0,0,-115,,
2026-09-08T12:50:36.402,1788852036.4029,1831,-14146,1,0,0,-115,,
2026-09-08T12:50:36.435,1788852036.4351,1832,-14012,1,0,0,-115,,
2026-09-08T12:50:36.451,1788852036.4511,1833,-13880,1,0,0,-115,,
2026-09-08T12:50:36.483,1788852036.4830,1834,-13749,1,0,0,-115,,
2026-09-08T12:50:36.499,1788852036.4991,1835,-13619,1,0,0,-115,,
2026-09-08T12:50:36.514,1788852036.5148,1836,-13490,1,0,0,-115,,
2026-09-08T12:50:36.530,1788852036.5309,1837,-13355,1,0,0,-115,,
2026-09-08T12:50:36.546,1788852036.5468,1838,-13228,1,0,0,-115,,
2026-09-08T12:50:36.564,1788852036.5644,1839,-13103,1,0,0,-115,,
2026-09-08T12:50:36.595,1788852036.5955,1840,-12979,1,0,0,-115,,
2026-09-08T12:50:36.610,1788852036.6103,1841,-12856,1,0,0,-115,,
2026-09-08T12:50:36.626,1788852036.6264,1842,-12734,1,0,0,-115,,
2026-09-08T12:50:36.658,1788852036.6585,1843,-12614,1,0,0,-115,,
2026-09-08T12:50:36.674,1788852036.6743,1844,-12495,1,0,0,-115,,
2026-09-08T12:50:36.690,1788852036.6900,1845,-12377,1,0,0,-115,,
2026-09-08T12:50:36.705,1788852036.7058,1846,-12253,1,0,0,-115,,
2026-09-08T12:50:36.721,1788852036.7215,1847,-12137,1,0,0,-115,,
2026-09-08T12:50:36.753,1788852036.7534,1848,-12016,1,0,0,-115,,
2026-09-08T12:50:36.769,1788852036.7695,1849,-11902,1,0,0,-115,,
2026-09-08T12:50:36.789,1788852036.7893,1850,-11789,1,0,0,-115,,
2026-09-08T12:50:36.801,1788852036.8015,1851,-11677,1,0,0,-115,,
2026-09-08T12:50:36.833,1788852036.8339,1852,-11567,1,0,0,-115,,
2026-09-08T12:50:36.849,1788852036.8498,1853,-11457,1,0,0,-115,,
2026-09-08T12:50:36.881,1788852036.8818,1854,-11349,1,0,0,-115,,
2026-09-08T12:50:36.897,1788852036.8975,1855,-11242,1,0,0,-115,,
2026-09-08T12:50:36.913,1788852036.9132,1856,-11136,1,0,0,-115,,
2026-09-08T12:50:36.929,1788852036.9294,1857,-11024,1,0,0,-115,,
2026-09-08T12:50:36.945,1788852036.9454,1858,-10920,1,0,0,-115,,
2026-09-08T12:50:36.961,1788852036.9615,1859,-10816,1,0,0,-115,,
2026-09-08T12:50:36.993,1788852036.9935,1860,-10714,1,0,0,-115,,
2026-09-08T12:50:37.009,1788852037.0096,1861,-10613,1,0,0,-115,,
2026-09-08T12:50:37.025,1788852037.0254,1862,-10512,1,0,0,-115,,
2026-09-08T12:50:37.041,1788852037.0415,1863,-10413,1,0,0,-115,,
2026-09-08T12:50:37.073,1788852037.0737,1864,-10314,1,0,0,-115,,
2026-09-08T12:50:37.090,1788852037.0908,1865,-10217,1,0,0,-115,,
2026-09-08T12:50:37.105,1788852037.1059,1866,-10114,1,0,0,-115,,
2026-09-08T12:50:37.121,1788852037.1216,1867,-10019,1,0,0,-115,,
2026-09-08T12:50:37.153,1788852037.1531,1868,-9918,1,0,0,-115,,
2026-09-08T12:50:37.171,1788852037.1710,1869,-9825,1,0,0,-115,,
2026-09-08T12:50:37.191,1788852037.1913,1870,-9732,1,0,0,-115,,
2026-09-08T12:50:37.216,1788852037.2169,1871,-9640,1,0,0,-115,,
2026-09-08T12:50:37.232,1788852037.2329,1872,-9548,1,0,0,-115,,
2026-09-08T12:50:37.248,1788852037.2490,1873,-9458,1,0,0,-115,,
2026-09-08T12:50:37.265,1788852037.2651,1874,-9369,1,0,0,-115,,
2026-09-08T12:50:37.291,1788852037.2917,1875,-9280,1,0,0,-115,,
2026-09-08T12:50:37.328,1788852037.3287,1876,-9192,1,0,0,-115,,
2026-09-08T12:50:37.328,1788852037.3287,1877,-9100,1,0,0,-115,,
2026-09-08T12:50:37.344,1788852037.3449,1878,-9014,1,0,0,-115,,
2026-09-08T12:50:37.360,1788852037.3610,1879,-8929,1,0,0,-115,,
2026-09-08T12:50:37.392,1788852037.3922,1880,-8844,1,0,0,-115,,
2026-09-08T12:50:37.408,1788852037.4082,1881,-8761,1,0,0,-115,,
2026-09-08T12:50:37.424,1788852037.4241,1882,-8678,1,0,0,-115,,
2026-09-08T12:50:37.440,1788852037.4402,1883,-8596,1,0,0,-115,,
2026-09-08T12:50:37.471,1788852037.4717,1884,-8514,1,0,0,-115,,
2026-09-08T12:50:37.493,1788852037.4939,1885,-8434,1,0,0,-115,,
2026-09-08T12:50:37.503,1788852037.5034,1886,-8350,1,0,0,-115,,
2026-09-08T12:50:37.535,1788852037.5350,1887,-8271,1,0,0,-115,,
2026-09-08T12:50:37.559,1788852037.5593,1888,-8188,1,0,0,-115,,
2026-09-08T12:50:37.569,1788852037.5690,1889,-8110,1,0,0,-115,,
2026-09-08T12:50:37.593,1788852037.5940,1890,-8033,1,0,0,-115,,
2026-09-08T12:50:37.615,1788852037.6156,1891,-7957,1,0,0,-115,,
2026-09-08T12:50:37.631,1788852037.6313,1892,-7882,1,0,0,-115,,
2026-09-08T12:50:37.647,1788852037.6473,1893,-7807,1,0,0,-115,,
2026-09-08T12:50:37.663,1788852037.6635,1894,-7733,1,0,0,-115,,
2026-09-08T12:50:37.695,1788852037.6952,1895,-7660,1,0,0,-115,,
2026-09-08T12:50:37.711,1788852037.7110,1896,-7588,1,0,0,-115,,
2026-09-08T12:50:37.727,1788852037.7272,1897,-7512,1,0,0,-115,,
2026-09-08T12:50:37.743,1788852037.7431,1898,-7441,1,0,0,-115,,
2026-09-08T12:50:37.774,1788852037.7748,1899,-7370,1,0,0,-115,,
2026-09-08T12:50:37.794,1788852037.7942,1900,-7301,1,0,0,-115,,
2026-09-08T12:50:37.806,1788852037.8069,1901,-7232,1,0,0,-115,,
2026-09-08T12:50:37.822,1788852037.8228,1902,-7163,1,0,0,-115,,
2026-09-08T12:50:37.838,1788852037.8388,1903,-7095,1,0,0,-115,,
2026-09-08T12:50:37.871,1788852037.8712,1904,-7028,1,0,0,-115,,
2026-09-08T12:50:37.894,1788852037.8943,1905,-6962,1,0,0,-115,,
2026-09-08T12:50:37.919,1788852037.9192,1906,-6892,1,0,0,-115,,
2026-09-08T12:50:37.935,1788852037.9352,1907,-6827,1,0,0,-115,,
2026-09-08T12:50:37.951,1788852037.9513,1908,-6762,1,0,0,-115,,
2026-09-08T12:50:37.983,1788852037.9831,1909,-6698,1,0,0,-115,,
2026-09-08T12:50:37.994,1788852037.9944,1910,-6635,1,0,0,-115,,
2026-09-08T12:50:38.017,1788852038.0179,1911,-6572,1,0,0,-115,,
2026-09-08T12:50:38.034,1788852038.0345,1912,-6510,1,0,0,-115,,
2026-09-08T12:50:38.051,1788852038.0512,1913,-6449,1,0,0,-115,,
2026-09-08T12:50:38.063,1788852038.0633,1914,-6388,1,0,0,-115,,
2026-09-08T12:50:38.094,1788852038.0944,1915,-6324,1,0,0,-115,,
2026-09-08T12:50:38.114,1788852038.1140,1916,-6264,1,0,0,-115,,
2026-09-08T12:50:38.126,1788852038.1267,1917,-6201,1,0,0,-115,,
2026-09-08T12:50:38.142,1788852038.1425,1918,-6142,1,0,0,-115,,
2026-09-08T12:50:38.174,1788852038.1745,1919,-4869,1,0,0,-115,,
2026-09-08T12:50:38.200,1788852038.2001,1920,705,1,0,0,-115,,
2026-09-08T12:50:38.206,1788852038.2063,1921,6272,1,0,0,-115,,
2026-09-08T12:50:38.222,1788852038.2220,1922,9755,1,0,0,-115,,
2026-09-08T12:50:38.254,1788852038.2541,1923,11964,1,0,0,-115,,
2026-09-08T12:50:38.269,1788852038.2698,1924,13548,1,0,0,-115,,
2026-09-08T12:50:38.285,1788852038.2859,1925,14990,1,0,0,-115,,
2026-09-08T12:50:38.313,1788852038.3136,1926,15165,1,0,0,-115,,
2026-09-08T12:50:38.336,1788852038.3369,1927,11048,1,0,0,-115,,
2026-09-08T12:50:38.349,1788852038.3494,1928,6955,1,0,0,-115,,
2026-09-08T12:50:38.365,1788852038.3653,1929,4942,1,0,0,-115,,
2026-09-08T12:50:38.381,1788852038.3814,1930,4168,1,0,0,-115,,
2026-09-08T12:50:38.413,1788852038.4137,1931,4053,1,0,0,-115,,
2026-09-08T12:50:38.429,1788852038.4298,1932,4135,1,0,0,-115,,
2026-09-08T12:50:38.445,1788852038.4457,1933,4380,1,0,0,-115,,
2026-09-08T12:50:38.461,1788852038.4614,1934,4679,1,0,0,-115,,
2026-09-08T12:50:38.493,1788852038.4936,1935,5091,1,0,0,-115,,
2026-09-08T12:50:38.525,1788852038.5256,1936,5599,1,0,0,-115,,
2026-09-08T12:50:38.525,1788852038.5256,1937,6272,1,0,0,-115,,
2026-09-08T12:50:38.559,1788852038.5595,1938,6976,1,0,0,-115,,
2026-09-08T12:50:38.574,1788852038.5745,1939,7671,1,0,0,-115,,
2026-09-08T12:50:38.596,1788852038.5963,1940,8302,1,0,0,-115,,
2026-09-08T12:50:38.608,1788852038.6082,1941,8866,1,0,0,-115,,
2026-09-08T12:50:38.623,1788852038.6239,1942,9287,1,0,0,-115,,
2026-09-08T12:50:38.654,1788852038.6541,1943,9689,1,0,0,-115,,
2026-09-08T12:50:38.669,1788852038.6697,1944,10201,1,0,0,-115,,
2026-09-08T12:50:38.685,1788852038.6855,1945,10781,1,0,0,-115,,
2026-09-08T12:50:38.701,1788852038.7014,1946,11486,1,0,0,-115,,
2026-09-08T12:50:38.733,1788852038.7334,1947,12227,1,0,0,-115,,
2026-09-08T12:50:38.749,1788852038.7493,1948,13024,1,0,0,-115,,
2026-09-08T12:50:38.766,1788852038.7664,1949,13880,1,0,0,-115,,
2026-09-08T12:50:38.781,1788852038.7814,1950,14660,1,0,0,-115,,
2026-09-08T12:50:38.812,1788852038.8129,1951,15170,1,0,0,-115,,
2026-09-08T12:50:38.829,1788852038.8290,1952,15508,1,0,0,-115,,
2026-09-08T12:50:38.844,1788852038.8448,1953,15642,1,0,0,-115,,
2026-09-08T12:50:38.876,1788852038.8769,1954,15680,1,0,0,-115,,
2026-09-08T12:50:38.892,1788852038.8929,1955,15677,1,0,0,-115,,
2026-09-08T12:50:38.908,1788852038.9090,1956,15641,1,0,0,-115,,
2026-09-08T12:50:38.924,1788852038.9247,1957,13026,1,0,0,-115,,
2026-09-08T12:50:38.956,1788852038.9566,1958,9312,1,0,0,-115,,
2026-09-08T12:50:38.972,1788852038.9724,1959,5614,1,0,0,-115,,
2026-09-08T12:50:38.997,1788852038.9980,1960,1955,1,0,0,-115,,
2026-09-08T12:50:39.019,1788852039.0197,1961,-1682,1,0,0,-115,,
2026-09-08T12:50:39.019,1788852039.0197,1962,-5328,1,0,0,-115,,
2026-09-08T12:50:39.051,1788852039.0519,1963,-8980,1,0,0,-115,,
2026-09-08T12:50:39.067,1788852039.0679,1964,-10044,1,0,0,-115,,
2026-09-08T12:50:39.086,1788852039.0863,1965,-9976,1,0,0,-115,,
2026-09-08T12:50:39.099,1788852039.0996,1966,-9876,1,0,0,-115,,
2026-09-08T12:50:39.132,1788852039.1321,1967,-9783,1,0,0,-115,,
2026-09-08T12:50:39.147,1788852039.1479,1968,-9690,1,0,0,-115,,
2026-09-08T12:50:39.163,1788852039.1637,1969,-9598,1,0,0,-115,,
2026-09-08T12:50:39.197,1788852039.1979,1970,-9507,1,0,0,-115,,
2026-09-08T12:50:39.218,1788852039.2181,1971,-9417,1,0,0,-115,,
2026-09-08T12:50:39.226,1788852039.2268,1972,-9328,1,0,0,-115,,
2026-09-08T12:50:39.242,1788852039.2426,1973,-9240,1,0,0,-115,,
2026-09-08T12:50:39.274,1788852039.2744,1974,-9153,1,0,0,-115,,
2026-09-08T12:50:39.297,1788852039.2980,1975,-9061,1,0,0,-115,,
2026-09-08T12:50:39.312,1788852039.3126,1976,-8975,1,0,0,-115,,
2026-09-08T12:50:39.338,1788852039.3387,1977,-8886,1,0,0,-115,,
2026-09-08T12:50:39.354,1788852039.3543,1978,-8802,1,0,0,-115,,
2026-09-08T12:50:39.370,1788852039.3700,1979,-8718,1,0,0,-115,,
2026-09-08T12:50:39.386,1788852039.3863,1980,-8636,1,0,0,-115,,
2026-09-08T12:50:39.418,1788852039.4181,1981,-8554,1,0,0,-115,,
2026-09-08T12:50:39.433,1788852039.4339,1982,-8473,1,0,0,-115,,
2026-09-08T12:50:39.449,1788852039.4499,1983,-8393,1,0,0,-115,,
2026-09-08T12:50:39.465,1788852039.4660,1984,-8314,1,0,0,-115,,
2026-09-08T12:50:39.498,1788852039.4980,1985,-8235,1,0,0,-115,,
2026-09-08T12:50:39.513,1788852039.5137,1986,-8153,1,0,0,-115,,
2026-09-08T12:50:39.529,1788852039.5296,1987,-8075,1,0,0,-115,,
2026-09-08T12:50:39.545,1788852039.5458,1988,-7999,1,0,0,-115,,
2026-09-08T12:50:39.577,1788852039.5776,1989,-7923,1,0,0,-115,,
2026-09-08T12:50:39.593,1788852039.5939,1990,-7848,1,0,0,-115,,
2026-09-08T12:50:39.613,1788852039.6137,1991,-7774,1,0,0,-115,,
2026-09-08T12:50:39.625,1788852039.6253,1992,-7700,1,0,0,-115,,
2026-09-08T12:50:39.657,1788852039.6571,1993,-7628,1,0,0,-115,,
2026-09-08T12:50:39.673,1788852039.6732,1994,-7555,1,0,0,-115,,
2026-09-08T12:50:39.689,1788852039.6894,1995,-7480,1,0,0,-115,,
2026-09-08T12:50:39.713,1788852039.7137,1996,-7409,1,0,0,-115,,
2026-09-08T12:50:39.721,1788852039.7214,1997,-7335,1,0,0,-115,,
2026-09-08T12:50:39.753,1788852039.7534,1998,-7266,1,0,0,-115,,
2026-09-08T12:50:39.769,1788852039.7695,1999,-7197,1,0,0,-115,,
2026-09-08T12:50:39.785,1788852039.7855,2000,-7129,1,0,0,-115,,
2026-09-08T12:50:39.817,1788852039.8174,2001,-7061,1,0,0,-115,,
2026-09-08T12:50:39.833,1788852039.8334,2002,-6994,1,0,0,-115,,
2026-09-08T12:50:39.849,1788852039.8492,2003,-6928,1,0,0,-115,,
2026-09-08T12:50:39.874,1788852039.8741,2004,-6863,1,0,0,-115,,
2026-09-08T12:50:39.900,1788852039.9002,2005,-6798,1,0,0,-115,,
2026-09-08T12:50:39.906,1788852039.9069,2006,-6730,1,0,0,-115,,
2026-09-08T12:50:39.938,1788852039.9386,2007,-6666,1,0,0,-115,,
2026-09-08T12:50:39.954,1788852039.9546,2008,-6603,1,0,0,-115,,
2026-09-08T12:50:39.970,1788852039.9704,2009,-6540,1,0,0,-115,,
2026-09-08T12:50:39.986,1788852039.9864,2010,-6479,1,0,0,-115,,
2026-09-08T12:50:40.017,1788852040.0178,2011,-6417,1,0,0,-115,,
2026-09-08T12:50:40.034,1788852040.0341,2012,-6357,1,0,0,-115,,
2026-09-08T12:50:40.050,1788852040.0503,2013,-6297,1,0,0,-115,,
2026-09-08T12:50:40.075,1788852040.0758,2014,-6237,1,0,0,-115,,
2026-09-08T12:50:40.093,1788852040.0936,2015,-6175,1,0,0,-115,,
2026-09-08T12:50:40.113,1788852040.1132,2016,-6116,1,0,0,-115,,
2026-09-08T12:50:40.129,1788852040.1292,2017,-6055,1,0,0,-115,,
2026-09-08T12:50:40.161,1788852040.1612,2018,-5998,1,0,0,-115,,
2026-09-08T12:50:40.176,1788852040.1769,2019,-5941,1,0,0,-115,,
2026-09-08T12:50:40.192,1788852040.1925,2020,-5884,1,0,0,-115,,
2026-09-08T12:50:40.208,1788852040.2082,2021,-5829,1,0,0,-115,,
2026-09-08T12:50:40.223,1788852040.2239,2022,-5774,1,0,0,-115,,
2026-09-08T12:50:40.255,1788852040.2557,2023,-5719,1,0,0,-115,,
2026-09-08T12:50:40.271,1788852040.2716,2024,-5665,1,0,0,-115,,
2026-09-08T12:50:40.287,1788852040.2873,2025,-5612,1,0,0,-115,,
2026-09-08T12:50:40.312,1788852040.3128,2026,-5555,1,0,0,-115,,
2026-09-08T12:50:40.335,1788852040.3357,2027,-5503,1,0,0,-115,,
2026-09-08T12:50:40.351,1788852040.3517,2028,-5451,1,0,0,-115,,
2026-09-08T12:50:40.369,1788852040.3693,2029,-5399,1,0,0,-115,,
2026-09-08T12:50:40.384,1788852040.3840,2030,-4723,1,0,0,-115,,
2026-09-08T12:50:40.404,1788852040.4048,2031,-1639,1,0,0,-115,,
2026-09-08T12:50:40.431,1788852040.4313,2032,1633,1,0,0,-115,,
2026-09-08T12:50:40.447,1788852040.4471,2033,4966,1,0,0,-115,,
2026-09-08T12:50:40.478,1788852040.4789,2034,8319,1,0,0,-115,,
2026-09-08T12:50:40.494,1788852040.4947,2035,11717,1,0,0,-115,,
2026-09-08T12:50:40.510,1788852040.5105,2036,15142,1,0,0,-115,,
2026-09-08T12:50:40.526,1788852040.5263,2037,17988,1,0,0,-115,,
2026-09-08T12:50:40.542,1788852040.5425,2038,18462,1,0,0,-115,,
2026-09-08T12:50:40.574,1788852040.5748,2039,18766,1,0,0,-115,,
2026-09-08T12:50:40.590,1788852040.5900,2040,19003,1,0,0,-115,,
2026-09-08T12:50:40.605,1788852040.6052,2041,19191,1,0,0,-115,,
2026-09-08T12:50:40.622,1788852040.6228,2042,19276,1,0,0,-115,,
2026-09-08T12:50:40.653,1788852040.6531,2043,19277,1,0,0,-115,,
2026-09-08T12:50:40.669,1788852040.6690,2044,19183,1,0,0,-115,,
2026-09-08T12:50:40.684,1788852040.6848,2045,19027,1,0,0,-115,,
2026-09-08T12:50:40.706,1788852040.7070,2046,18856,1,0,0,-115,,
2026-09-08T12:50:40.732,1788852040.7322,2047,18701,1,0,0,-115,,
2026-09-08T12:50:40.748,1788852040.7481,2048,18596,1,0,0,-115,,
2026-09-08T12:50:40.780,1788852040.7802,2049,18554,1,0,0,-115,,
2026-09-08T12:50:40.796,1788852040.7962,2050,18556,1,0,0,-115,,
2026-09-08T12:50:40.812,1788852040.8122,2051,18557,1,0,0,-115,,
2026-09-08T12:50:40.827,1788852040.8279,2052,18528,1,0,0,-115,,
2026-09-08T12:50:40.843,1788852040.8440,2053,18421,1,0,0,-115,,
2026-09-08T12:50:40.875,1788852040.8756,2054,18252,1,0,0,-115,,
2026-09-08T12:50:40.891,1788852040.8913,2055,18034,1,0,0,-115,,
2026-09-08T12:50:40.907,1788852040.9077,2056,17806,1,0,0,-115,,
2026-09-08T12:50:40.922,1788852040.9230,2057,17607,1,0,0,-115,,
2026-09-08T12:50:40.956,1788852040.9569,2058,17470,1,0,0,-115,,
2026-09-08T12:50:40.970,1788852040.9710,2059,17394,1,0,0,-115,,
2026-09-08T12:50:40.987,1788852040.9871,2060,17371,1,0,0,-115,,
2026-09-08T12:50:41.008,1788852041.0085,2061,17360,1,0,0,-115,,
2026-09-08T12:50:41.035,1788852041.0351,2062,17303,1,0,0,-115,,
2026-09-08T12:50:41.050,1788852041.0508,2063,17188,1,0,0,-115,,
2026-09-08T12:50:41.074,1788852041.0741,2064,16995,1,0,0,-115,,
2026-09-08T12:50:41.098,1788852041.0989,2065,16761,1,0,0,-115,,
2026-09-08T12:50:41.114,1788852041.1148,2066,16525,1,0,0,-115,,
2026-09-08T12:50:41.131,1788852041.1312,2067,16318,1,0,0,-115,,
2026-09-08T12:50:41.163,1788852041.1630,2068,16170,1,0,0,-115,,
2026-09-08T12:50:41.163,1788852041.1630,2069,16099,1,0,0,-115,,
2026-09-08T12:50:41.198,1788852041.1981,2070,16079,1,0,0,-115,,
2026-09-08T12:50:41.210,1788852041.2109,2071,16067,1,0,0,-115,,
2026-09-08T12:50:41.226,1788852041.2270,2072,16030,1,0,0,-115,,
2026-09-08T12:50:41.242,1788852041.2427,2073,15909,1,0,0,-115,,
2026-09-08T12:50:41.274,1788852041.2745,2074,15724,1,0,0,-115,,
2026-09-08T12:50:41.290,1788852041.2906,2075,15484,1,0,0,-115,,
2026-09-08T12:50:41.312,1788852041.3128,2076,15230,1,0,0,-115,,
2026-09-08T12:50:41.323,1788852041.3233,2077,15004,1,0,0,-115,,
2026-09-08T12:50:41.354,1788852041.3544,2078,14843,1,0,0,-115,,
2026-09-08T12:50:41.370,1788852041.3708,2079,14745,1,0,0,-115,,
2026-09-08T12:50:41.386,1788852041.3869,2080,12739,1,0,0,-115,,
2026-09-08T12:50:41.409,1788852041.4092,2081,8833,1,0,0,-115,,
2026-09-08T12:50:41.434,1788852041.4349,2082,4886,1,0,0,-115,,
2026-09-08T12:50:41.451,1788852041.4511,2083,946,1,0,0,-115,,
2026-09-08T12:50:41.467,1788852041.4671,2084,-2996,1,0,0,-115,,
2026-09-08T12:50:41.482,1788852041.4828,2085,-6942,1,0,0,-115,,
2026-09-08T12:50:41.515,1788852041.5150,2086,-10883,1,0,0,-115,,
2026-09-08T12:50:41.530,1788852041.5308,2087,-12828,1,0,0,-115,,
2026-09-08T12:50:41.547,1788852041.5470,2088,-12811,1,0,0,-115,,
2026-09-08T12:50:41.578,1788852041.5787,2089,-12703,1,0,0,-115,,
2026-09-08T12:50:41.596,1788852041.5967,2090,-12583,1,0,0,-115,,
2026-09-08T12:50:41.610,1788852041.6108,2091,-12464,1,0,0,-115,,
2026-09-08T12:50:41.629,1788852041.6294,2092,-12346,1,0,0,-115,,
2026-09-08T12:50:41.642,1788852041.6429,2093,-12229,1,0,0,-115,,
2026-09-08T12:50:41.674,1788852041.6744,2094,-12114,1,0,0,-115,,
2026-09-08T12:50:41.690,1788852041.6905,2095,-11992,1,0,0,-115,,
2026-09-08T12:50:41.709,1788852041.7098,2096,-11879,1,0,0,-115,,
2026-09-08T12:50:41.722,1788852041.7225,2097,-11766,1,0,0,-115,,
2026-09-08T12:50:41.754,1788852041.7543,2098,-11655,1,0,0,-115,,
2026-09-08T12:50:41.770,1788852041.7702,2099,-11545,1,0,0,-115,,
2026-09-08T12:50:41.786,1788852041.7861,2100,-11436,1,0,0,-115,,
2026-09-08T12:50:41.810,1788852041.8103,2101,-11327,1,0,0,-115,,
2026-09-08T12:50:41.833,1788852041.8337,2102,-11220,1,0,0,-115,,
2026-09-08T12:50:41.849,1788852041.8494,2103,-11114,1,0,0,-115,,
2026-09-08T12:50:41.865,1788852041.8656,2104,-11003,1,0,0,-115,,
2026-09-08T12:50:41.897,1788852041.8976,2105,-10899,1,0,0,-115,,
2026-09-08T12:50:41.913,1788852041.9133,2106,-10790,1,0,0,-115,,
2026-09-08T12:50:41.929,1788852041.9293,2107,-10688,1,0,0,-115,,
2026-09-08T12:50:41.945,1788852041.9454,2108,-10586,1,0,0,-115,,
2026-09-08T12:50:41.961,1788852041.9615,2109,-10486,1,0,0,-115,,
2026-09-08T12:50:41.993,1788852041.9932,2110,-10387,1,0,0,-115,,
2026-09-08T12:50:42.010,1788852042.0109,2111,-10289,1,0,0,-115,,
2026-09-08T12:50:42.025,1788852042.0255,2112,-10191,1,0,0,-115,,
2026-09-08T12:50:42.042,1788852042.0420,2113,-10095,1,0,0,-115,,
2026-09-08T12:50:42.074,1788852042.0743,2114,-10000,1,0,0,-115,,
2026-09-08T12:50:42.090,1788852042.0901,2115,-9899,1,0,0,-115,,
2026-09-08T12:50:42.110,1788852042.1108,2116,-9806,1,0,0,-115,,
2026-09-08T12:50:42.137,1788852042.1377,2117,-9713,1,0,0,-115,,
2026-09-08T12:50:42.153,1788852042.1538,2118,-9621,1,0,0,-115,,
2026-09-08T12:50:42.169,1788852042.1698,2119,-9530,1,0,0,-115,,
2026-09-08T12:50:42.185,1788852042.1858,2120,-9440,1,0,0,-115,,
2026-09-08T12:50:42.210,1788852042.2109,2121,-9351,1,0,0,-115,,
2026-09-08T12:50:42.234,1788852042.2341,2122,-9262,1,0,0,-115,,
2026-09-08T12:50:42.250,1788852042.2500,2123,-9175,1,0,0,-115,,
2026-09-08T12:50:42.266,1788852042.2662,2124,-9083,1,0,0,-115,,
2026-09-08T12:50:42.282,1788852042.2824,2125,-8997,1,0,0,-115,,
2026-09-08T12:50:42.315,1788852042.3152,2126,-8907,1,0,0,-115,,
2026-09-08T12:50:42.330,1788852042.3302,2127,-8822,1,0,0,-115,,
2026-09-08T12:50:42.346,1788852042.3462,2128,-8739,1,0,0,-115,,
2026-09-08T12:50:42.362,1788852042.3622,2129,-8656,1,0,0,-115,,
2026-09-08T12:50:42.396,1788852042.3969,2130,-8574,1,0,0,-115,,
2026-09-08T12:50:42.411,1788852042.4112,2131,-8493,1,0,0,-115,,
2026-09-08T12:50:42.425,1788852042.4258,2132,-8413,1,0,0,-115,,
2026-09-08T12:50:42.441,1788852042.4418,2133,-8333,1,0,0,-115,,
2026-09-08T12:50:42.473,1788852042.4735,2134,-8254,1,0,0,-115,,
2026-09-08T12:50:42.489,1788852042.4895,2135,-8172,1,0,0,-115,,
2026-09-08T12:50:42.521,1788852042.5213,2136,-8095,1,0,0,-115,,
2026-09-08T12:50:42.537,1788852042.5374,2137,-8018,1,0,0,-115,,
2026-09-08T12:50:42.553,1788852042.5534,2138,-7942,1,0,0,-115,,
2026-09-08T12:50:42.585,1788852042.5856,2139,-7867,1,0,0,-115,,
2026-09-08T12:50:42.585,1788852042.5856,2140,-7792,1,0,0,-115,,
2026-09-08T12:50:42.617,1788852042.6177,2141,-7719,1,0,0,-115,,
2026-09-08T12:50:42.636,1788852042.6362,2142,-7646,1,0,0,-115,,
2026-09-08T12:50:42.649,1788852042.6499,2143,-7573,1,0,0,-115,,
2026-09-08T12:50:42.666,1788852042.6661,2144,-7498,1,0,0,-115,,
2026-09-08T12:50:42.697,1788852042.6976,2145,-7427,1,0,0,-115,,
2026-09-08T12:50:42.713,1788852042.7136,2146,-7356,1,0,0,-115,,
2026-09-08T12:50:42.729,1788852042.7297,2147,-7287,1,0,0,-115,,
2026-09-08T12:50:42.745,1788852042.7456,2148,-7218,1,0,0,-115,,
2026-09-08T12:50:42.777,1788852042.7776,2149,-7150,1,0,0,-115,,
2026-09-08T12:50:42.793,1788852042.7935,2150,-7082,1,0,0,-115,,
2026-09-08T12:50:42.811,1788852042.8116,2151,-7015,1,0,0,-115,,
2026-09-08T12:50:42.825,1788852042.8258,2152,-6949,1,0,0,-115,,
2026-09-08T12:50:42.858,1788852042.8581,2153,-6879,1,0,0,-115,,
2026-09-08T12:50:42.873,1788852042.8740,2154,-6814,1,0,0,-115,,
2026-09-08T12:50:42.889,1788852042.8900,2155,-6746,1,0,0,-115,,
2026-09-08T12:50:42.911,1788852042.9120,2156,-6682,1,0,0,-115,,
2026-09-08T12:50:42.921,1788852042.9218,2157,-6619,1,0,0,-115,,
2026-09-08T12:50:42.953,1788852042.9537,2158,-6556,1,0,0,-115,,
2026-09-08T12:50:42.969,1788852042.9698,2159,-6494,1,0,0,-115,,
2026-09-08T12:50:42.985,1788852042.9858,2160,-6433,1,0,0,-115,,
2026-09-08T12:50:43.012,1788852043.0122,2161,-6372,1,0,0,-115,,
2026-09-08T12:50:43.033,1788852043.0334,2162,-6311,1,0,0,-115,,
2026-09-08T12:50:43.049,1788852043.0494,2163,-6252,1,0,0,-115,,
2026-09-08T12:50:43.065,1788852043.0652,2164,-6189,1,0,0,-115,,
2026-09-08T12:50:43.097,1788852043.0971,2165,-6131,1,0,0,-115,,
2026-09-08T12:50:43.115,1788852043.1158,2166,-6072,1,0,0,-115,,
2026-09-08T12:50:43.128,1788852043.1284,2167,-6015,1,0,0,-115,,
2026-09-08T12:50:43.144,1788852043.1444,2168,-5958,1,0,0,-115,,
2026-09-08T12:50:43.176,1788852043.1763,2169,-5902,1,0,0,-115,,
2026-09-08T12:50:43.194,1788852043.1943,2170,-5846,1,0,0,-115,,
2026-09-08T12:50:43.213,1788852043.2136,2171,-5791,1,0,0,-115,,
2026-09-08T12:50:43.224,1788852043.2246,2172,-5736,1,0,0,-115,,
2026-09-08T12:50:43.256,1788852043.2564,2173,-5678,1,0,0,-115,,
2026-09-08T12:50:43.272,1788852043.2724,2174,-5625,1,0,0,-115,,
2026-09-08T12:50:43.288,1788852043.2884,2175,-5568,1,0,0,-115,,
2026-09-08T12:50:43.313,1788852043.3136,2176,-5516,1,0,0,-115,,
2026-09-08T12:50:43.321,1788852043.3214,2177,-5463,1,0,0,-115,,
2026-09-08T12:50:43.352,1788852043.3526,2178,-5412,1,0,0,-115,,
2026-09-08T12:50:43.381,1788852043.3811,2179,-5360,1,0,0,-115,,
2026-09-08T12:50:43.386,1788852043.3863,2180,-5310,1,0,0,-115,,
2026-09-08T12:50:43.413,1788852043.4138,2181,-5259,1,0,0,-115,,
2026-09-08T12:50:43.432,1788852043.4323,2182,-5210,1,0,0,-115,,
2026-09-08T12:50:43.448,1788852043.4481,2183,-5160,1,0,0,-115,,
2026-09-08T12:50:43.463,1788852043.4640,2184,-5109,1,0,0,-115,,
2026-09-08T12:50:43.495,1788852043.4957,2185,-5060,1,0,0,-115,,
2026-09-08T12:50:43.513,1788852043.5139,2186,-5013,1,0,0,-115,,
2026-09-08T12:50:43.527,1788852043.5275,2187,-4965,1,0,0,-115,,
2026-09-08T12:50:43.543,1788852043.5432,2188,-4918,1,0,0,-115,,
2026-09-08T12:50:43.574,1788852043.5747,2189,-4872,1,0,0,-115,,
2026-09-08T12:50:43.590,1788852043.5905,2190,-4826,1,0,0,-115,,
2026-09-08T12:50:43.614,1788852043.6142,2191,-4780,1,0,0,-115,,
2026-09-08T12:50:43.624,1788852043.6244,2192,-4735,1,0,0,-115,,
2026-09-08T12:50:43.654,1788852043.6548,2193,-4687,1,0,0,-115,,
2026-09-08T12:50:43.671,1788852043.6712,2194,-4643,1,0,0,-115,,
2026-09-08T12:50:43.687,1788852043.6872,2195,-4596,1,0,0,-115,,
2026-09-08T12:50:43.714,1788852043.7141,2196,-4553,1,0,0,-115,,
2026-09-08T12:50:43.734,1788852043.7349,2197,-4510,1,0,0,-115,,
2026-09-08T12:50:43.750,1788852043.7509,2198,-4467,1,0,0,-115,,
2026-09-08T12:50:43.767,1788852043.7670,2199,-4425,1,0,0,-115,,
2026-09-08T12:50:43.783,1788852043.7830,2200,-4383,1,0,0,-115,,
2026-09-08T12:50:43.815,1788852043.8153,2201,-4342,1,0,0,-115,,
2026-09-08T12:50:43.831,1788852043.8313,2202,-4301,1,0,0,-115,,
2026-09-08T12:50:43.847,1788852043.8474,2203,-4260,1,0,0,-115,,
2026-09-08T12:50:43.863,1788852043.8637,2204,-4217,1,0,0,-115,,
2026-09-08T12:50:43.895,1788852043.8952,2205,-4178,1,0,0,-115,,
2026-09-08T12:50:43.914,1788852043.9141,2206,-4138,1,0,0,-115,,
2026-09-08T12:50:43.927,1788852043.9272,2207,-4099,1,0,0,-115,,
2026-09-08T12:50:43.943,1788852043.9433,2208,-4060,1,0,0,-115,,
2026-09-08T12:50:43.975,1788852043.9751,2209,-4022,1,0,0,-115,,
2026-09-08T12:50:43.991,1788852043.9911,2210,-3984,1,0,0,-115,,
2026-09-08T12:50:44.014,1788852044.0141,2211,-3946,1,0,0,-115,,
2026-09-08T12:50:44.038,1788852044.0386,2212,-3908,1,0,0,-115,,
2026-09-08T12:50:44.054,1788852044.0544,2213,-3869,1,0,0,-115,,
2026-09-08T12:50:44.070,1788852044.0705,2214,-3833,1,0,0,-115,,
2026-09-08T12:50:44.086,1788852044.0867,2215,-3794,1,0,0,-115,,
2026-09-08T12:50:44.114,1788852044.1143,2216,-3758,1,0,0,-115,,
2026-09-08T12:50:44.118,1788852044.1189,2217,-3723,1,0,0,-115,,
2026-09-08T12:50:44.150,1788852044.1510,2218,-3688,1,0,0,-115,,
2026-09-08T12:50:44.166,1788852044.1669,2219,-3653,1,0,0,-115,,
2026-09-08T12:50:44.199,1788852044.1992,2220,-3559,1,0,0,-115,,
2026-09-08T12:50:44.214,1788852044.2147,2221,-3461,1,0,0,-115,,
2026-09-08T12:50:44.230,1788852044.2306,2222,-2888,1,0,0,-115,,
2026-09-08T12:50:44.262,1788852044.2627,2223,-1705,1,0,0,-115,,
2026-09-08T12:50:44.262,1788852044.2627,2224,255,1,0,0,-115,,
2026-09-08T12:50:44.294,1788852044.2944,2225,2615,1,0,0,-115,,
2026-09-08T12:50:44.315,1788852044.3156,2226,5297,1,0,0,-115,,
2026-09-08T12:50:44.327,1788852044.3274,2227,8228,1,0,0,-115,,
2026-09-08T12:50:44.342,1788852044.3424,2228,11351,1,0,0,-115,,
2026-09-08T12:50:44.374,1788852044.3742,2229,14202,1,0,0,-115,,
2026-09-08T12:50:44.389,1788852044.3900,2230,16537,1,0,0,-115,,
2026-09-08T12:50:44.422,1788852044.4220,2231,18144,1,0,0,-115,,
2026-09-08T12:50:44.422,1788852044.4220,2232,19338,1,0,0,-115,,
2026-09-08T12:50:44.453,1788852044.4537,2233,20168,1,0,0,-115,,
2026-09-08T12:50:44.469,1788852044.4698,2234,20646,1,0,0,-115,,
2026-09-08T12:50:44.485,1788852044.4856,2235,20866,1,0,0,-115,,
2026-09-08T12:50:44.515,1788852044.5156,2236,20846,1,0,0,-115,,
2026-09-08T12:50:44.533,1788852044.5334,2237,20754,1,0,0,-115,,
2026-09-08T12:50:44.549,1788852044.5495,2238,20656,1,0,0,-115,,
2026-09-08T12:50:44.566,1788852044.5661,2239,20635,1,0,0,-115,,
2026-09-08T12:50:44.581,1788852044.5812,2240,20684,1,0,0,-115,,
2026-09-08T12:50:44.615,1788852044.6158,2241,20758,1,0,0,-115,,
2026-09-08T12:50:44.629,1788852044.6295,2242,20823,1,0,0,-115,,
2026-09-08T12:50:44.648,1788852044.6482,2243,20852,1,0,0,-115,,
2026-09-08T12:50:44.661,1788852044.6614,2244,20759,1,0,0,-115,,
2026-09-08T12:50:44.693,1788852044.6932,2245,20552,1,0,0,-115,,
2026-09-08T12:50:44.716,1788852044.7161,2246,20246,1,0,0,-115,,
2026-09-08T12:50:44.724,1788852044.7246,2247,19866,1,0,0,-115,,
2026-09-08T12:50:44.756,1788852044.7566,2248,19514,1,0,0,-115,,
2026-09-08T12:50:44.772,1788852044.7723,2249,19243,1,0,0,-115,,
2026-09-08T12:50:44.788,1788852044.7881,2250,19059,1,0,0,-115,,
2026-09-08T12:50:44.816,1788852044.8160,2251,18969,1,0,0,-115,,
2026-09-08T12:50:44.835,1788852044.8360,2252,18928,1,0,0,-115,,
2026-09-08T12:50:44.851,1788852044.8519,2253,18858,1,0,0,-115,,
2026-09-08T12:50:44.868,1788852044.8682,2254,18781,1,0,0,-115,,
2026-09-08T12:50:44.884,1788852044.8841,2255,18623,1,0,0,-115,,
2026-09-08T12:50:44.916,1788852044.9160,2256,18413,1,0,0,-115,,
2026-09-08T12:50:44.931,1788852044.9319,2257,18180,1,0,0,-115,,
2026-09-08T12:50:44.947,1788852044.9476,2258,17947,1,0,0,-115,,
2026-09-08T12:50:44.963,1788852044.9638,2259,17757,1,0,0,-115,,
2026-09-08T12:50:44.995,1788852044.9955,2260,17633,1,0,0,-115,,
2026-09-08T12:50:45.011,1788852045.0113,2261,17560,1,0,0,-115,,
2026-09-08T12:50:45.027,1788852045.0273,2262,17520,1,0,0,-115,,
2026-09-08T12:50:45.058,1788852045.0590,2263,17478,1,0,0,-115,,
2026-09-08T12:50:45.074,1788852045.0748,2264,17359,1,0,0,-115,,
2026-09-08T12:50:45.090,1788852045.0905,2265,17189,1,0,0,-115,,
2026-09-08T12:50:45.116,1788852045.1170,2266,16973,1,0,0,-115,,
2026-09-08T12:50:45.138,1788852045.1382,2267,16720,1,0,0,-115,,
2026-09-08T12:50:45.159,1788852045.1591,2268,16490,1,0,0,-115,,
2026-09-08T12:50:45.169,1788852045.1700,2269,16304,1,0,0,-115,,
2026-09-08T12:50:45.185,1788852045.1857,2270,16181,1,0,0,-115,,
2026-09-08T12:50:45.201,1788852045.2017,2271,16135,1,0,0,-115,,
2026-09-08T12:50:45.233,1788852045.2333,2272,16131,1,0,0,-115,,
2026-09-08T12:50:45.249,1788852045.2492,2273,16089,1,0,0,-115,,
2026-09-08T12:50:45.265,1788852045.2652,2274,16024,1,0,0,-115,,
2026-09-08T12:50:45.281,1788852045.2810,2275,15893,1,0,0,-115,,
2026-09-08T12:50:45.314,1788852045.3144,2276,15670,1,0,0,-115,,
2026-09-08T12:50:45.328,1788852045.3285,2277,15417,1,0,0,-115,,
2026-09-08T12:50:45.344,1788852045.3445,2278,15150,1,0,0,-115,,
2026-09-08T12:50:45.362,1788852045.3622,2279,14921,1,0,0,-115,,
2026-09-08T12:50:45.392,1788852045.3928,2280,14768,1,0,0,-115,,
2026-09-08T12:50:45.418,1788852045.4187,2281,14682,1,0,0,-115,,
2026-09-08T12:50:45.424,1788852045.4248,2282,14624,1,0,0,-115,,
2026-09-08T12:50:45.456,1788852045.4570,2283,14616,1,0,0,-115,,
2026-09-08T12:50:45.473,1788852045.4731,2284,14553,1,0,0,-115,,
2026-09-08T12:50:45.489,1788852045.4891,2285,14450,1,0,0,-115,,
2026-09-08T12:50:45.518,1788852045.5189,2286,14294,1,0,0,-115,,
2026-09-08T12:50:45.520,1788852045.5206,2287,14070,1,0,0,-115,,
2026-09-08T12:50:45.552,1788852045.5522,2288,13847,1,0,0,-115,,
2026-09-08T12:50:45.569,1788852045.5694,2289,13648,1,0,0,-115,,
2026-09-08T12:50:45.584,1788852045.5841,2290,13505,1,0,0,-115,,
2026-09-08T12:50:45.618,1788852045.6187,2291,13440,1,0,0,-115,,
2026-09-08T12:50:45.632,1788852045.6323,2292,13426,1,0,0,-115,,
2026-09-08T12:50:45.651,1788852045.6511,2293,13396,1,0,0,-115,,
2026-09-08T12:50:45.664,1788852045.6644,2294,13367,1,0,0,-115,,
2026-09-08T12:50:45.696,1788852045.6963,2295,13288,1,0,0,-115,,
2026-09-08T12:50:45.712,1788852045.7120,2296,13129,1,0,0,-115,,
2026-09-08T12:50:45.728,1788852045.7282,2297,12934,1,0,0,-115,,
2026-09-08T12:50:45.744,1788852045.7440,2298,12712,1,0,0,-115,,
2026-09-08T12:50:45.759,1788852045.7599,2299,12520,1,0,0,-115,,
2026-09-08T12:50:45.791,1788852045.7917,2300,12395,1,0,0,-115,,
2026-09-08T12:50:45.807,1788852045.8077,2301,12335,1,0,0,-115,,
2026-09-08T12:50:45.823,1788852045.8236,2302,12303,1,0,0,-115,,
2026-09-08T12:50:45.855,1788852045.8560,2303,12317,1,0,0,-115,,
2026-09-08T12:50:45.872,1788852045.8720,2304,12276,1,0,0,-115,,
2026-09-08T12:50:45.887,1788852045.8880,2305,12196,1,0,0,-115,,
2026-09-08T12:50:45.904,1788852045.9042,2306,12058,1,0,0,-115,,
2026-09-08T12:50:45.936,1788852045.9363,2307,11845,1,0,0,-115,,
2026-09-08T12:50:45.953,1788852045.9535,2308,11625,1,0,0,-115,,
2026-09-08T12:50:45.967,1788852045.9675,2309,11423,1,0,0,-115,,
2026-09-08T12:50:45.983,1788852045.9833,2310,11278,1,0,0,-115,,
2026-09-08T12:50:46.015,1788852046.0150,2311,11214,1,0,0,-115,,
2026-09-08T12:50:46.030,1788852046.0309,2312,11207,1,0,0,-115,,
2026-09-08T12:50:46.047,1788852046.0471,2313,11197,1,0,0,-115,,
2026-09-08T12:50:46.063,1788852046.0632,2314,11198,1,0,0,-115,,
2026-09-08T12:50:46.094,1788852046.0949,2315,11150,1,0,0,-115,,
2026-09-08T12:50:46.110,1788852046.1109,2316,11015,1,0,0,-115,,
2026-09-08T12:50:46.127,1788852046.1270,2317,10839,1,0,0,-115,,
2026-09-08T12:50:46.143,1788852046.1431,2318,10625,1,0,0,-115,,
2026-09-08T12:50:46.159,1788852046.1590,2319,10432,1,0,0,-115,,
2026-09-08T12:50:46.191,1788852046.1913,2320,10298,1,0,0,-115,,
2026-09-08T12:50:46.207,1788852046.2074,2321,10231,1,0,0,-115,,
2026-09-08T12:50:46.223,1788852046.2234,2322,10200,1,0,0,-115,,
2026-09-08T12:50:46.255,1788852046.2551,2323,10228,1,0,0,-115,,
2026-09-08T12:50:46.271,1788852046.2711,2324,10211,1,0,0,-115,,
2026-09-08T12:50:46.302,1788852046.3029,2325,10162,1,0,0,-115,,
2026-09-08T12:50:46.313,1788852046.3138,2326,10060,1,0,0,-115,,
2026-09-08T12:50:46.334,1788852046.3345,2327,9880,1,0,0,-115,,
2026-09-08T12:50:46.350,1788852046.3503,2328,9684,1,0,0,-115,,
2026-09-08T12:50:46.374,1788852046.3744,2329,9497,1,0,0,-115,,
2026-09-08T12:50:46.382,1788852046.3825,2330,9361,1,0,0,-115,,
2026-09-08T12:50:46.414,1788852046.4146,2331,9308,1,0,0,-115,,
2026-09-08T12:50:46.430,1788852046.4305,2332,9313,1,0,0,-115,,
2026-09-08T12:50:46.446,1788852046.4465,2333,9321,1,0,0,-115,,
2026-09-08T12:50:46.462,1788852046.4625,2334,9345,1,0,0,-115,,
2026-09-08T12:50:46.494,1788852046.4947,2335,9327,1,0,0,-115,,
2026-09-08T12:50:46.513,1788852046.5133,2336,9223,1,0,0,-115,,
2026-09-08T12:50:46.526,1788852046.5264,2337,9058,1,0,0,-115,,
2026-09-08T12:50:46.542,1788852046.5423,2338,8849,1,0,0,-115,,
2026-09-08T12:50:46.576,1788852046.5760,2339,8647,1,0,0,-115,,
2026-09-08T12:50:46.590,1788852046.5902,2340,8509,1,0,0,-115,,
2026-09-08T12:50:46.607,1788852046.6074,2341,8456,1,0,0,-115,,
2026-09-08T12:50:46.622,1788852046.6221,2342,8432,1,0,0,-115,,
2026-09-08T12:50:46.656,1788852046.6568,2343,8469,1,0,0,-115,,
2026-09-08T12:50:46.670,1788852046.6703,2344,8492,1,0,0,-115,,
2026-09-08T12:50:46.686,1788852046.6863,2345,8488,1,0,0,-115,,
2026-09-08T12:50:46.702,1788852046.7025,2346,8438,1,0,0,-115,,
2026-09-08T12:50:46.734,1788852046.7344,2347,8292,1,0,0,-115,,
2026-09-08T12:50:46.750,1788852046.7503,2348,8104,1,0,0,-115,,
2026-09-08T12:50:46.766,1788852046.7664,2349,7924,1,0,0,-115,,
2026-09-08T12:50:46.782,1788852046.7821,2350,7793,1,0,0,-115,,
2026-09-08T12:50:46.813,1788852046.8139,2351,7729,1,0,0,-115,,
2026-09-08T12:50:46.829,1788852046.8299,2352,7723,1,0,0,-115,,
2026-09-08T12:50:46.845,1788852046.8456,2353,7731,1,0,0,-115,,
2026-09-08T12:50:46.861,1788852046.8619,2354,7767,1,0,0,-115,,
2026-09-08T12:50:46.893,1788852046.8936,2355,7768,1,0,0,-115,,
2026-09-08T12:50:46.909,1788852046.9095,2356,7690,1,0,0,-115,,
2026-09-08T12:50:46.925,1788852046.9256,2357,7565,1,0,0,-115,,
2026-09-08T12:50:46.957,1788852046.9574,2358,7388,1,0,0,-115,,
2026-09-08T12:50:46.973,1788852046.9732,2359,7220,1,0,0,-115,,
2026-09-08T12:50:46.989,1788852046.9893,2360,7095,1,0,0,-115,,
2026-09-08T12:50:47.005,1788852047.0051,2361,7031,1,0,0,-115,,
2026-09-08T12:50:47.020,1788852047.0207,2362,7009,1,0,0,-115,,
2026-09-08T12:50:47.052,1788852047.0528,2363,7055,1,0,0,-115,,
2026-09-08T12:50:47.068,1788852047.0689,2364,7078,1,0,0,-115,,
2026-09-08T12:50:47.084,1788852047.0850,2365,7085,1,0,0,-115,,
2026-09-08T12:50:47.100,1788852047.1007,2366,7038,1,0,0,-115,,
2026-09-08T12:50:47.132,1788852047.1325,2367,6907,1,0,0,-115,,
2026-09-08T12:50:47.148,1788852047.1490,2368,6747,1,0,0,-115,,
2026-09-08T12:50:47.164,1788852047.1649,2369,6576,1,0,0,-115,,
2026-09-08T12:50:47.180,1788852047.1808,2370,6444,1,0,0,-115,,
2026-09-08T12:50:47.212,1788852047.2128,2371,6381,1,0,0,-115,,
2026-09-08T12:50:47.228,1788852047.2288,2372,6377,1,0,0,-115,,
2026-09-08T12:50:47.244,1788852047.2445,2373,6395,1,0,0,-115,,
2026-09-08T12:50:47.276,1788852047.2762,2374,6449,1,0,0,-115,,
2026-09-08T12:50:47.292,1788852047.2922,2375,6476,1,0,0,-115,,
2026-09-08T12:50:47.312,1788852047.3128,2376,6427,1,0,0,-115,,
2026-09-08T12:50:47.325,1788852047.3257,2377,6326,1,0,0,-115,,
2026-09-08T12:50:47.340,1788852047.3404,2378,6163,1,0,0,-115,,
2026-09-08T12:50:47.372,1788852047.3722,2379,6004,1,0,0,-115,,
2026-09-08T12:50:47.388,1788852047.3881,2380,5878,1,0,0,-115,,
2026-09-08T12:50:47.404,1788852047.4042,2381,5809,1,0,0,-115,,
2026-09-08T12:50:47.422,1788852047.4223,2382,5783,1,0,0,-115,,
2026-09-08T12:50:47.452,1788852047.4522,2383,5832,1,0,0,-115,,
2026-09-08T12:50:47.468,1788852047.4686,2384,5865,1,0,0,-115,,
2026-09-08T12:50:47.484,1788852047.4849,2385,5891,1,0,0,-115,,
2026-09-08T12:50:47.517,1788852047.5171,2386,5868,1,0,0,-115,,
2026-09-08T12:50:47.533,1788852047.5330,2387,5760,1,0,0,-115,,
2026-09-08T12:50:47.564,1788852047.5647,2388,5618,1,0,0,-115,,
2026-09-08T12:50:47.566,1788852047.5663,2389,5456,1,0,0,-115,,
2026-09-08T12:50:47.596,1788852047.5969,2390,5330,1,0,0,-115,,
2026-09-08T12:50:47.613,1788852047.6130,2391,5273,1,0,0,-115,,
2026-09-08T12:50:47.629,1788852047.6294,2392,5278,1,0,0,-115,,
2026-09-08T12:50:47.645,1788852047.6453,2393,5311,1,0,0,-115,,
2026-09-08T12:50:47.677,1788852047.6770,2394,5382,1,0,0,-115,,
2026-09-08T12:50:47.693,1788852047.6933,2395,5430,1,0,0,-115,,
2026-09-08T12:50:47.709,1788852047.7096,2396,5406,1,0,0,-115,,
2026-09-08T12:50:47.725,1788852047.7258,2397,5326,1,0,0,-115,,
2026-09-08T12:50:47.741,1788852047.7416,2398,5172,1,0,0,-115,,
2026-09-08T12:50:47.773,1788852047.7735,2399,5012,1,0,0,-115,,
2026-09-08T12:50:47.789,1788852047.7898,2400,4875,1,0,0,-115,,
2026-09-08T12:50:47.805,1788852047.8055,2401,4796,1,0,0,-115,,
2026-09-08T12:50:47.823,1788852047.8231,2402,4766,1,0,0,-115,,
2026-09-08T12:50:47.853,1788852047.8536,2403,4815,1,0,0,-115,,
2026-09-08T12:50:47.869,1788852047.8696,2404,4878,1,0,0,-115,,
2026-09-08T12:50:47.888,1788852047.8882,2405,4920,1,0,0,-115,,
2026-09-08T12:50:47.917,1788852047.9176,2406,4917,1,0,0,-115,,
2026-09-08T12:50:47.933,1788852047.9334,2407,4830,1,0,0,-115,,
2026-09-08T12:50:47.949,1788852047.9497,2408,4702,1,0,0,-115,,
2026-09-08T12:50:47.965,1788852047.9655,2409,4544,1,0,0,-115,,
2026-09-08T12:50:47.997,1788852047.9971,2410,4412,1,0,0,-115,,
2026-09-08T12:50:48.012,1788852048.0129,2411,4321,1,0,0,-115,,
2026-09-08T12:50:48.045,1788852048.0451,2412,4315,1,0,0,-115,,
2026-09-08T12:50:48.045,1788852048.0451,2413,4343,1,0,0,-115,,
2026-09-08T12:50:48.076,1788852048.0768,2414,4416,1,0,0,-115,,
2026-09-08T12:50:48.093,1788852048.0931,2415,4472,1,0,0,-115,,
2026-09-08T12:50:48.109,1788852048.1090,2416,4463,1,0,0,-115,,
2026-09-08T12:50:48.126,1788852048.1270,2417,4401,1,0,0,-115,,
2026-09-08T12:50:48.156,1788852048.1566,2418,4269,1,0,0,-115,,
2026-09-08T12:50:48.172,1788852048.1726,2419,4127,1,0,0,-115,,
2026-09-08T12:50:48.188,1788852048.1885,2420,3999,1,0,0,-115,,
2026-09-08T12:50:48.220,1788852048.2202,2421,3926,1,0,0,-115,,
2026-09-08T12:50:48.235,1788852048.2359,2422,3903,1,0,0,-115,,
2026-09-08T12:50:48.251,1788852048.2516,2423,3968,1,0,0,-115,,
2026-09-08T12:50:48.267,1788852048.2675,2424,4054,1,0,0,-115,,
2026-09-08T12:50:48.298,1788852048.2989,2425,4122,1,0,0,-115,,
2026-09-08T12:50:48.314,1788852048.3150,2426,4140,1,0,0,-115,,
2026-09-08T12:50:48.330,1788852048.3310,2427,4075,1,0,0,-115,,
2026-09-08T12:50:48.347,1788852048.3471,2428,3965,1,0,0,-115,,
2026-09-08T12:50:48.363,1788852048.3631,2429,3818,1,0,0,-115,,
2026-09-08T12:50:48.394,1788852048.3950,2430,3687,1,0,0,-115,,
2026-09-08T12:50:48.410,1788852048.4109,2431,3594,1,0,0,-115,,
2026-09-08T12:50:48.442,1788852048.4425,2432,3581,1,0,0,-115,,
2026-09-08T12:50:48.442,1788852048.4425,2433,3599,1,0,0,-115,,
2026-09-08T12:50:48.474,1788852048.4748,2434,3666,1,0,0,-115,,
2026-09-08T12:50:48.490,1788852048.4909,2435,3721,1,0,0,-115,,
2026-09-08T12:50:48.506,1788852048.5067,2436,3719,1,0,0,-115,,
2026-09-08T12:50:48.524,1788852048.5243,2437,3661,1,0,0,-115,,
2026-09-08T12:50:48.554,1788852048.5548,2438,3527,1,0,0,-115,,
2026-09-08T12:50:48.571,1788852048.5716,2439,3384,1,0,0,-115,,
2026-09-08T12:50:48.591,1788852048.5919,2440,3261,1,0,0,-115,,
2026-09-08T12:50:48.603,1788852048.6033,2441,3190,1,0,0,-115,,
2026-09-08T12:50:48.624,1788852048.6248,2442,3173,1,0,0,-115,,
2026-09-08T12:50:48.651,1788852048.6511,2443,3237,1,0,0,-115,,
2026-09-08T12:50:48.669,1788852048.6691,2444,3324,1,0,0,-115,,
2026-09-08T12:50:48.699,1788852048.6994,2445,3407,1,0,0,-115,,
2026-09-08T12:50:48.715,1788852048.7154,2446,3450,1,0,0,-115,,
2026-09-08T12:50:48.731,1788852048.7312,2447,3408,1,0,0,-115,,
2026-09-08T12:50:48.747,1788852048.7472,2448,3316,1,0,0,-115,,
2026-09-08T12:50:48.778,1788852048.7786,2449,3175,1,0,0,-115,,
2026-09-08T12:50:48.794,1788852048.7947,2450,3048,1,0,0,-115,,
2026-09-08T12:50:48.810,1788852048.8106,2451,2952,1,0,0,-115,,
2026-09-08T12:50:48.826,1788852048.8263,2452,2933,1,0,0,-115,,
2026-09-08T12:50:48.842,1788852048.8421,2453,2953,1,0,0,-115,,
2026-09-08T12:50:48.873,1788852048.8736,2454,3032,1,0,0,-115,,
2026-09-08T12:50:48.889,1788852048.8899,2455,3108,1,0,0,-115,,
2026-09-08T12:50:48.905,1788852048.9059,2456,3138,1,0,0,-115,,
2026-09-08T12:50:48.938,1788852048.9380,2457,3112,1,0,0,-115,,
2026-09-08T12:50:48.954,1788852048.9542,2458,3005,1,0,0,-115,,
2026-09-08T12:50:48.986,1788852048.9862,2459,2873,1,0,0,-115,,
2026-09-08T12:50:48.986,1788852048.9862,2460,2740,1,0,0,-115,,
2026-09-08T12:50:49.017,1788852049.0179,2461,2651,1,0,0,-115,,
2026-09-08T12:50:49.034,1788852049.0340,2462,2610,1,0,0,-115,,
2026-09-08T12:50:49.049,1788852049.0498,2463,2650,1,0,0,-115,,
2026-09-08T12:50:49.065,1788852049.0660,2464,2725,1,0,0,-115,,
2026-09-08T12:50:49.081,1788852049.0819,2465,2807,1,0,0,-115,,
2026-09-08T12:50:49.114,1788852049.1141,2466,2859,1,0,0,-115,,
2026-09-08T12:50:49.129,1788852049.1298,2467,2835,1,0,0,-115,,
2026-09-08T12:50:49.145,1788852049.1455,2468,2760,1,0,0,-115,,
2026-09-08T12:50:49.161,1788852049.1615,2469,2630,1,0,0,-115,,
2026-09-08T12:50:49.193,1788852049.1932,2470,2509,1,0,0,-115,,
2026-09-08T12:50:49.209,1788852049.2093,2471,2411,1,0,0,-115,,
2026-09-08T12:50:49.225,1788852049.2250,2472,2390,1,0,0,-115,,
2026-09-08T12:50:49.256,1788852049.2569,2473,2414,1,0,0,-115,,
2026-09-08T12:50:49.272,1788852049.2728,2474,2503,1,0,0,-115,,
2026-09-08T12:50:49.305,1788852049.3050,2475,2593,1,0,0,-115,,
2026-09-08T12:50:49.312,1788852049.3128,2476,2645,1,0,0,-115,,
2026-09-08T12:50:49.326,1788852049.3266,2477,2644,1,0,0,-115,,
2026-09-08T12:50:49.353,1788852049.3533,2478,2559,1,0,0,-115,,
2026-09-08T12:50:49.369,1788852049.3693,2479,2446,1,0,0,-115,,
2026-09-08T12:50:49.385,1788852049.3853,2480,2313,1,0,0,-115,,
2026-09-08T12:50:49.417,1788852049.4170,2481,2217,1,0,0,-115,,
2026-09-08T12:50:49.432,1788852049.4329,2482,2170,1,0,0,-115,,
2026-09-08T12:50:49.449,1788852049.4492,2483,2206,1,0,0,-115,,
2026-09-08T12:50:49.481,1788852049.4812,2484,2279,1,0,0,-115,,
2026-09-08T12:50:49.481,1788852049.4812,2485,2369,1,0,0,-115,,
2026-09-08T12:50:49.513,1788852049.5137,2486,2427,1,0,0,-115,,
2026-09-08T12:50:49.529,1788852049.5297,2487,2419,1,0,0,-115,,
2026-09-08T12:50:49.545,1788852049.5457,2488,2356,1,0,0,-115,,
2026-09-08T12:50:49.577,1788852049.5773,2489,2231,1,0,0,-115,,
2026-09-08T12:50:49.593,1788852049.5933,2490,2104,1,0,0,-115,,
2026-09-08T12:50:49.609,1788852049.6094,2491,1997,1,0,0,-115,,
2026-09-08T12:50:49.626,1788852049.6270,2492,1959,1,0,0,-115,,
2026-09-08T12:50:49.657,1788852049.6576,2493,1973,1,0,0,-115,,
2026-09-08T12:50:49.676,1788852049.6762,2494,2055,1,0,0,-115,,
2026-09-08T12:50:49.689,1788852049.6891,2495,2149,1,0,0,-115,,
2026-09-08T12:50:49.720,1788852049.7205,2496,2211,1,0,0,-115,,
2026-09-08T12:50:49.736,1788852049.7362,2497,2225,1,0,0,-115,,
2026-09-08T12:50:49.751,1788852049.7519,2498,2152,1,0,0,-115,,
2026-09-08T12:50:49.767,1788852049.7679,2499,2049,1,0,0,-115,,
2026-09-08T12:50:49.783,1788852049.7840,2500,1916,1,0,0,-115,,
2026-09-08T12:50:49.815,1788852049.8155,2501,1819,1,0,0,-115,,
2026-09-08T12:50:49.831,1788852049.8315,2502,1763,1,0,0,-115,,
2026-09-08T12:50:49.863,1788852049.8639,2503,1791,1,0,0,-115,,
2026-09-08T12:50:49.863,1788852049.8639,2504,1862,1,0,0,-115,,
2026-09-08T12:50:49.896,1788852049.8963,2505,1960,1,0,0,-115,,
2026-09-08T12:50:49.906,1788852049.9062,2506,2034,1,0,0,-115,,
2026-09-08T12:50:49.938,1788852049.9382,2507,2044,1,0,0,-115,,
2026-09-08T12:50:49.956,1788852049.9561,2508,1999,1,0,0,-115,,
2026-09-08T12:50:49.970,1788852049.9701,2509,1883,1,0,0,-115,,
2026-09-08T12:50:50.002,1788852050.0021,2510,1762,1,0,0,-115,,
2026-09-08T12:50:50.002,1788852050.0021,2511,1650,1,0,0,-115,,
2026-09-08T12:50:50.034,1788852050.0342,2512,1604,1,0,0,-115,,
2026-09-08T12:50:50.052,1788852050.0520,2513,1606,1,0,0,-115,,
2026-09-08T12:50:50.065,1788852050.0659,2514,1680,1,0,0,-115,,
2026-09-08T12:50:50.083,1788852050.0839,2515,1770,1,0,0,-115,,
2026-09-08T12:50:50.113,1788852050.1136,2516,1839,1,0,0,-115,,
2026-09-08T12:50:50.129,1788852050.1297,2517,1862,1,0,0,-115,,
2026-09-08T12:50:50.147,1788852050.1478,2518,1804,1,0,0,-115,,
2026-09-08T12:50:50.177,1788852050.1777,2519,1708,1,0,0,-115,,
2026-09-08T12:50:50.193,1788852050.1939,2520,1578,1,0,0,-115,,
2026-09-08T12:50:50.211,1788852050.2119,2521,1476,1,0,0,-115,,
2026-09-08T12:50:50.241,1788852050.2420,2522,1412,1,0,0,-115,,
2026-09-08T12:50:50.258,1788852050.2580,2523,1432,1,0,0,-115,,
2026-09-08T12:50:50.276,1788852050.2761,2524,1496,1,0,0,-115,,
2026-09-08T12:50:50.290,1788852050.2901,2525,1599,1,0,0,-115,,
2026-09-08T12:50:50.312,1788852050.3128,2526,1689,1,0,0,-115,,
2026-09-08T12:50:50.328,1788852050.3284,2527,1718,1,0,0,-115,,
2026-09-08T12:50:50.353,1788852050.3539,2528,1689,1,0,0,-115,,
2026-09-08T12:50:50.370,1788852050.3706,2529,1582,1,0,0,-115,,
2026-09-08T12:50:50.385,1788852050.3855,2530,1464,1,0,0,-115,,
2026-09-08T12:50:50.417,1788852050.4171,2531,1348,1,0,0,-115,,
2026-09-08T12:50:50.433,1788852050.4330,2532,1287,1,0,0,-115,,
2026-09-08T12:50:50.448,1788852050.4488,2533,1276,1,0,0,-115,,
2026-09-08T12:50:50.467,1788852050.4672,2534,1355,1,0,0,-115,,
2026-09-08T12:50:50.496,1788852050.4966,2535,1462,1,0,0,-115,,
2026-09-08T12:50:50.512,1788852050.5125,2536,1560,1,0,0,-115,,
2026-09-08T12:50:50.530,1788852050.5305,2537,1614,1,0,0,-115,,
2026-09-08T12:50:50.562,1788852050.5626,2538,1581,1,0,0,-115,,
2026-09-08T12:50:50.576,1788852050.5764,2539,1505,1,0,0,-115,,
2026-09-08T12:50:50.594,1788852050.5947,2540,1385,1,0,0,-115,,
2026-09-08T12:50:50.616,1788852050.6161,2541,1278,1,0,0,-115,,
2026-09-08T12:50:50.631,1788852050.6310,2542,1202,1,0,0,-115,,
2026-09-08T12:50:50.640,1788852050.6406,2543,1213,1,0,0,-115,,
2026-09-08T12:50:50.672,1788852050.6725,2544,1273,1,0,0,-115,,
2026-09-08T12:50:50.690,1788852050.6905,2545,1384,1,0,0,-115,,
2026-09-08T12:50:50.704,1788852050.7045,2546,1486,1,0,0,-115,,
2026-09-08T12:50:50.731,1788852050.7312,2547,1530,1,0,0,-115,,
2026-09-08T12:50:50.754,1788852050.7541,2548,1512,1,0,0,-115,,
2026-09-08T12:50:50.767,1788852050.7678,2549,1413,1,0,0,-115,,
2026-09-08T12:50:50.785,1788852050.7857,2550,1291,1,0,0,-115,,
2026-09-08T12:50:50.817,1788852050.8172,2551,1165,1,0,0,-115,,
2026-09-08T12:50:50.831,1788852050.8314,2552,1092,1,0,0,-115,,
2026-09-08T12:50:50.849,1788852050.8496,2553,1063,1,0,0,-115,,
2026-09-08T12:50:50.863,1788852050.8634,2554,1119,1,0,0,-115,,
2026-09-08T12:50:50.895,1788852050.8951,2555,1205,1,0,0,-115,,
2026-09-08T12:50:50.913,1788852050.9132,2556,1291,1,0,0,-115,,
2026-09-08T12:50:50.931,1788852050.9316,2557,1337,1,0,0,-115,,
2026-09-08T12:50:50.951,1788852050.9520,2558,1304,1,0,0,-115,,
2026-09-08T12:50:50.960,1788852050.9601,2559,1222,1,0,0,-115,,
2026-09-08T12:50:50.991,1788852050.9911,2560,1103,1,0,0,-115,,
2026-09-08T12:50:51.009,1788852051.0092,2561,993,1,0,0,-115,,
2026-09-08T12:50:51.039,1788852051.0392,2562,922,1,0,0,-115,,
2026-09-08T12:50:51.055,1788852051.0553,2563,926,1,0,0,-115,,
2026-09-08T12:50:51.073,1788852051.0734,2564,981,1,0,0,-115,,
2026-09-08T12:50:51.087,1788852051.0876,2565,1085,1,0,0,-115,,
2026-09-08T12:50:51.119,1788852051.1197,2566,1184,1,0,0,-115,,
2026-09-08T12:50:51.137,1788852051.1377,2567,1228,1,0,0,-115,,
2026-09-08T12:50:51.151,1788852051.1517,2568,1219,1,0,0,-115,,
2026-09-08T12:50:51.169,1788852051.1697,2569,1119,1,0,0,-115,,
2026-09-08T12:50:51.183,1788852051.1838,2570,996,1,0,0,-115,,
2026-09-08T12:50:51.215,1788852051.2154,2571,862,1,0,0,-115,,
2026-09-08T12:50:51.233,1788852051.2339,2572,780,1,0,0,-115,,
2026-09-08T12:50:51.247,1788852051.2474,2573,741,1,0,0,-115,,
2026-09-08T12:50:51.279,1788852051.2792,2574,790,1,0,0,-115,,
2026-09-08T12:50:51.295,1788852051.2951,2575,870,1,0,0,-115,,
2026-09-08T12:50:51.313,1788852051.3139,2576,958,1,0,0,-115,,
2026-09-08T12:50:51.342,1788852051.3428,2577,1014,1,0,0,-115,,
2026-09-08T12:50:51.342,1788852051.3428,2578,992,1,0,0,-115,,
2026-09-08T12:50:51.374,1788852051.3747,2579,922,1,0,0,-115,,
2026-09-08T12:50:51.390,1788852051.3907,2580,805,1,0,0,-115,,
2026-09-08T12:50:51.406,1788852051.4067,2581,695,1,0,0,-115,,
2026-09-08T12:50:51.433,1788852051.4331,2582,614,1,0,0,-115,,
2026-09-08T12:50:51.456,1788852051.4568,2583,610,1,0,0,-115,,
2026-09-08T12:50:51.476,1788852051.4765,2584,654,1,0,0,-115,,
2026-09-08T12:50:51.488,1788852051.4885,2585,761,1,0,0,-115,,
2026-09-08T12:50:51.502,1788852051.5025,2586,868,1,0,0,-115,,
2026-09-08T12:50:51.534,1788852051.5342,2587,931,1,0,0,-115,,
2026-09-08T12:50:51.552,1788852051.5522,2588,941,1,0,0,-115,,
2026-09-08T12:50:51.566,1788852051.5668,2589,867,1,0,0,-115,,
2026-09-08T12:50:51.587,1788852051.5875,2590,762,1,0,0,-115,,
2026-09-08T12:50:51.613,1788852051.6137,2591,642,1,0,0,-115,,
2026-09-08T12:50:51.633,1788852051.6332,2592,567,1,0,0,-115,,
2026-09-08T12:50:51.647,1788852051.6477,2593,535,1,0,0,-115,,
2026-09-08T12:50:51.679,1788852051.6797,2594,595,1,0,0,-115,,
2026-09-08T12:50:51.695,1788852051.6957,2595,697,1,0,0,-115,,
2026-09-08T12:50:51.711,1788852051.7117,2596,810,1,0,0,-115,,
2026-09-08T12:50:51.733,1788852051.7332,2597,897,1,0,0,-115,,
2026-09-08T12:50:51.757,1788852051.7577,2598,904,1,0,0,-115,,
2026-09-08T12:50:51.773,1788852051.7737,2599,856,1,0,0,-115,,
2026-09-08T12:50:51.789,1788852051.7895,2600,752,1,0,0,-115,,
2026-09-08T12:50:51.805,1788852051.8052,2601,644,1,0,0,-115,,
2026-09-08T12:50:51.833,1788852051.8331,2602,556,1,0,0,-115,,
2026-09-08T12:50:51.853,1788852051.8532,2603,545,1,0,0,-115,,
2026-09-08T12:50:51.871,1788852051.8712,2604,586,1,0,0,-115,,
2026-09-08T12:50:51.895,1788852051.8960,2605,696,1,0,0,-115,,
2026-09-08T12:50:51.916,1788852051.9167,2606,811,1,0,0,-115,,
2026-09-08T12:50:51.934,1788852051.9341,2607,891,1,0,0,-115,,
2026-09-08T12:50:51.954,1788852051.9544,2608,912,1,0,0,-115,,
2026-09-08T12:50:51.973,1788852051.9738,2609,837,1,0,0,-115,,
2026-09-08T12:50:51.980,1788852051.9802,2610,725,1,0,0,-115,,
2026-09-08T12:50:52.012,1788852052.0122,2611,586,1,0,0,-115,,
2026-09-08T12:50:52.034,1788852052.0343,2612,487,1,0,0,-115,,
2026-09-08T12:50:52.053,1788852052.0540,2613,437,1,0,0,-115,,
2026-09-08T12:50:52.076,1788852052.0762,2614,477,1,0,0,-115,,
2026-09-08T12:50:52.094,1788852052.0942,2615,562,1,0,0,-115,,
2026-09-08T12:50:52.107,1788852052.1079,2616,673,1,0,0,-115,,
2026-09-08T12:50:52.134,1788852052.1347,2617,758,1,0,0,-115,,
2026-09-08T12:50:52.155,1788852052.1559,2618,772,1,0,0,-115,,
2026-09-08T12:50:52.171,1788852052.1718,2619,723,1,0,0,-115,,
2026-09-08T12:50:52.189,1788852052.1897,2620,605,1,0,0,-115,,
2026-09-08T12:50:52.221,1788852052.2218,2621,477,1,0,0,-115,,
2026-09-08T12:50:52.237,1788852052.2378,2622,365,1,0,0,-115,,
2026-09-08T12:50:52.253,1788852052.2537,2623,326,1,0,0,-115,,
2026-09-08T12:50:52.270,1788852052.2703,2624,343,1,0,0,-115,,
2026-09-08T12:50:52.285,1788852052.2859,2625,437,1,0,0,-115,,
2026-09-08T12:50:52.312,1788852052.3127,2626,551,1,0,0,-115,,
2026-09-08T12:50:52.334,1788852052.3349,2627,639,1,0,0,-115,,
2026-09-08T12:50:52.365,1788852052.3652,2628,679,1,0,0,-115,,
2026-09-08T12:50:52.370,1788852052.3704,2629,630,1,0,0,-115,,
2026-09-08T12:50:52.394,1788852052.3949,2630,540,1,0,0,-115,,
2026-09-08T12:50:52.412,1788852052.4129,2631,417,1,0,0,-115,,
2026-09-08T12:50:52.434,1788852052.4348,2632,326,1,0,0,-115,,
2026-09-08T12:50:52.459,1788852052.4594,2633,269,1,0,0,-115,,
2026-09-08T12:50:52.477,1788852052.4772,2634,307,1,0,0,-115,,
2026-09-08T12:50:52.491,1788852052.4914,2635,393,1,0,0,-115,,
2026-09-08T12:50:52.509,1788852052.5094,2636,511,1,0,0,-115,,
2026-09-08T12:50:52.541,1788852052.5418,2637,614,1,0,0,-115,,
2026-09-08T12:50:52.555,1788852052.5556,2638,643,1,0,0,-115,,
2026-09-08T12:50:52.572,1788852052.5723,2639,615,1,0,0,-115,,
2026-09-08T12:50:52.587,1788852052.5873,2640,518,1,0,0,-115,,
2026-09-08T12:50:52.605,1788852052.6053,2641,404,1,0,0,-115,,
2026-09-08T12:50:52.635,1788852052.6350,2642,293,1,0,0,-115,,
2026-09-08T12:50:52.650,1788852052.6509,2643,253,1,0,0,-115,,
2026-09-08T12:50:52.667,1788852052.6670,2644,262,1,0,0,-115,,
2026-09-08T12:50:52.683,1788852052.6831,2645,359,1,0,0,-115,,Q1 BUTTON HOLD RELEASE
2026-09-08T12:50:52.710,1788852052.7105,2646,477,1,0,0,-115,,
2026-09-08T12:50:52.735,1788852052.7351,2647,579,1,0,0,-115,,
2026-09-08T12:50:52.753,1788852052.7533,2648,633,1,0,0,-115,,
2026-09-08T12:50:52.769,1788852052.7696,2649,599,1,0,0,-115,,
2026-09-08T12:50:52.783,1788852052.7835,2650,517,1,0,0,-115,,
2026-09-08T12:50:52.815,1788852052.8152,2651,395,1,0,0,-115,,
2026-09-08T12:50:52.833,1788852052.8331,2652,296,1,0,0,-115,,
2026-09-08T12:50:52.847,1788852052.8470,2653,229,1,0,0,-115,,
2026-09-08T12:50:52.865,1788852052.8651,2654,254,1,0,0,-115,,
2026-09-08T12:50:52.896,1788852052.8969,2655,329,1,0,0,-115,,
2026-09-08T12:50:52.910,1788852052.9108,2656,447,1,0,0,-115,,
2026-09-08T12:50:52.928,1788852052.9288,2657,552,1,0,0,-115,,
2026-09-08T12:50:52.942,1788852052.9427,2658,593,1,0,0,-115,,
2026-09-08T12:50:52.974,1788852052.9743,2659,572,1,0,0,-115,,
2026-09-08T12:50:52.991,1788852052.9920,2660,478,1,0,0,-115,,
2026-09-08T12:50:53.024,1788852053.0241,2661,362,1,0,0,-115,,
2026-09-08T12:50:53.024,1788852053.0241,2662,241,1,0,0,-115,,
2026-09-08T12:50:53.055,1788852053.0560,2663,186,1,0,0,-115,,
2026-09-08T12:50:53.069,1788852053.0697,2664,181,1,0,0,-115,,
2026-09-08T12:50:53.085,1788852053.0858,2665,268,1,0,0,-115,,
2026-09-08T12:50:53.117,1788852053.1175,2666,383,1,0,0,-115,,
2026-09-08T12:50:53.136,1788852053.1361,2667,493,1,0,0,-115,,
2026-09-08T12:50:53.151,1788852053.1517,2668,559,1,0,0,-115,,
2026-09-08T12:50:53.165,1788852053.1653,2669,540,1,0,0,-115,,
2026-09-08T12:50:53.181,1788852053.1815,2670,469,1,0,0,-115,,
2026-09-08T12:50:53.213,1788852053.2135,2671,354,1,0,0,-115,,
