iso_time,epoch_seconds,sample_index,q1_raw,q1_voltage_mv,q1_activity,q1_activity_mv
2026-09-11T11:50:08.046,1789107608.0470,1,-21,-0.27,453,5.81
2026-09-11T11:50:08.050,1789107608.0510,2,-168,-2.15,442,5.67
2026-09-11T11:50:08.054,1789107608.0543,3,-12,-0.15,442,5.67
2026-09-11T11:50:08.066,1789107608.0665,4,288,3.69,456,5.85
2026-09-11T11:50:08.066,1789107608.0665,5,235,3.01,456,5.85
2026-09-11T11:50:08.072,1789107608.0724,6,-169,-2.17,457,5.86
2026-09-11T11:50:08.074,1789107608.0745,7,3,0.04,457,5.86
2026-09-11T11:50:08.082,1789107608.0826,8,295,3.78,464,5.95
2026-09-11T11:50:08.107,1789107608.1076,9,218,2.79,464,5.95
2026-09-11T11:50:08.109,1789107608.1096,10,-162,-2.08,457,5.86
2026-09-11T11:50:08.111,1789107608.1116,11,26,0.33,457,5.86
2026-09-11T11:50:08.114,1789107608.1146,12,302,3.87,464,5.95
2026-09-11T11:50:08.119,1789107608.1196,13,185,2.37,464,5.95
2026-09-11T11:50:08.128,1789107608.1286,14,-132,-1.69,434,5.56
2026-09-11T11:50:08.133,1789107608.1336,15,61,0.78,434,5.56
2026-09-11T11:50:08.137,1789107608.1376,16,321,4.12,453,5.81
2026-09-11T11:50:08.139,1789107608.1396,17,176,2.26,453,5.81
2026-09-11T11:50:08.141,1789107608.1416,18,-121,-1.55,442,5.67
2026-09-11T11:50:08.142,1789107608.1426,19,132,1.69,442,5.67
2026-09-11T11:50:08.145,1789107608.1456,20,359,4.6,480,6.15
2026-09-11T11:50:08.148,1789107608.1486,21,190,2.44,480,6.15
2026-09-11T11:50:08.151,1789107608.1516,22,-115,-1.47,474,6.08
2026-09-11T11:50:08.158,1789107608.1588,23,-46,-0.59,474,6.08
2026-09-11T11:50:08.166,1789107608.1669,24,361,4.63,476,6.1
2026-09-11T11:50:08.168,1789107608.1689,25,176,2.26,476,6.1
2026-09-11T11:50:08.173,1789107608.1731,26,-121,-1.55,482,6.18
2026-09-11T11:50:08.180,1789107608.1802,27,-32,-0.41,482,6.18
2026-09-11T11:50:08.180,1789107608.1802,28,351,4.5,472,6.05
2026-09-11T11:50:08.185,1789107608.1854,29,137,1.76,472,6.05
2026-09-11T11:50:08.191,1789107608.1914,30,-139,-1.78,490,6.28
2026-09-11T11:50:08.195,1789107608.1954,31,-15,-0.19,490,6.28
2026-09-11T11:50:08.209,1789107608.2095,32,261,3.35,400,5.13
2026-09-11T11:50:08.213,1789107608.2137,33,115,1.47,400,5.13
2026-09-11T11:50:08.220,1789107608.2207,34,-133,-1.71,394,5.05
2026-09-11T11:50:08.223,1789107608.2238,35,19,0.24,394,5.05
2026-09-11T11:50:08.229,1789107608.2299,36,291,3.73,424,5.44
2026-09-11T11:50:08.233,1789107608.2331,37,65,0.83,424,5.44
2026-09-11T11:50:08.237,1789107608.2371,38,-148,-1.9,439,5.63
2026-09-11T11:50:08.241,1789107608.2419,39,25,0.32,439,5.63
2026-09-11T11:50:08.243,1789107608.2439,40,297,3.81,445,5.71
2026-09-11T11:50:08.247,1789107608.2479,41,304,3.9,452,5.79
2026-09-11T11:50:08.254,1789107608.2541,42,-142,-1.82,446,5.72
2026-09-11T11:50:08.255,1789107608.2551,43,15,0.19,446,5.72
2026-09-11T11:50:08.275,1789107608.2751,44,315,4.04,457,5.86
2026-09-11T11:50:08.277,1789107608.2771,45,278,3.56,457,5.86
2026-09-11T11:50:08.280,1789107608.2802,46,-143,-1.83,458,5.87
2026-09-11T11:50:08.282,1789107608.2824,47,37,0.47,458,5.87
2026-09-11T11:50:08.286,1789107608.2864,48,325,4.17,468,6.0
2026-09-11T11:50:08.290,1789107608.2902,49,244,3.13,468,6.0
2026-09-11T11:50:08.293,1789107608.2935,50,-133,-1.71,458,5.87
2026-09-11T11:50:08.297,1789107608.2976,51,40,0.51,458,5.87
2026-09-11T11:50:08.300,1789107608.3006,52,323,4.14,456,5.85
2026-09-11T11:50:08.306,1789107608.3062,53,226,2.9,456,5.85
2026-09-11T11:50:08.317,1789107608.3174,54,-95,-1.22,418,5.36
2026-09-11T11:50:08.318,1789107608.3184,55,62,0.79,418,5.36
2026-09-11T11:50:08.322,1789107608.3226,56,330,4.23,425,5.45
2026-09-11T11:50:08.325,1789107608.3255,57,189,2.42,425,5.45
2026-09-11T11:50:08.335,1789107608.3357,58,-124,-1.59,454,5.82
2026-09-11T11:50:08.338,1789107608.3387,59,81,1.04,454,5.82
2026-09-11T11:50:08.344,1789107608.3447,60,317,4.06,441,5.65
2026-09-11T11:50:08.349,1789107608.3497,61,167,2.14,441,5.65
2026-09-11T11:50:08.351,1789107608.3519,62,-133,-1.71,450,5.77
2026-09-11T11:50:08.363,1789107608.3631,63,-89,-1.14,450,5.77
2026-09-11T11:50:08.371,1789107608.3711,64,311,3.99,444,5.69
2026-09-11T11:50:08.375,1789107608.3752,65,142,1.82,444,5.69
2026-09-11T11:50:08.377,1789107608.3772,66,-183,-2.35,494,6.33
2026-09-11T11:50:08.381,1789107608.3812,67,-98,-1.26,494,6.33
2026-09-11T11:50:08.383,1789107608.3835,68,306,3.92,489,6.27
2026-09-11T11:50:08.388,1789107608.3885,69,113,1.45,489,6.27
2026-09-11T11:50:08.393,1789107608.3935,70,-196,-2.51,502,6.44
2026-09-11T11:50:08.395,1789107608.3955,71,-75,-0.96,502,6.44
2026-09-11T11:50:08.402,1789107608.4029,72,173,2.22,369,4.73
2026-09-11T11:50:08.408,1789107608.4089,73,63,0.81,369,4.73
2026-09-11T11:50:08.418,1789107608.4185,74,-197,-2.53,370,4.74
2026-09-11T11:50:08.420,1789107608.4205,75,-68,-0.87,370,4.74
2026-09-11T11:50:08.425,1789107608.4257,76,208,2.67,405,5.19
2026-09-11T11:50:08.429,1789107608.4297,77,30,0.38,405,5.19
2026-09-11T11:50:08.430,1789107608.4307,78,-210,-2.69,418,5.36
2026-09-11T11:50:08.437,1789107608.4378,79,-57,-0.73,418,5.36
2026-09-11T11:50:08.440,1789107608.4408,80,227,2.91,437,5.6
2026-09-11T11:50:08.448,1789107608.4488,81,258,3.31,468,6.0
2026-09-11T11:50:08.458,1789107608.4590,82,-207,-2.65,465,5.96
2026-09-11T11:50:08.460,1789107608.4610,83,-38,-0.49,465,5.96
2026-09-11T11:50:08.467,1789107608.4671,84,246,3.15,465,5.96
2026-09-11T11:50:08.468,1789107608.4681,85,245,3.14,453,5.81
2026-09-11T11:50:08.473,1789107608.4737,86,-207,-2.65,453,5.81
2026-09-11T11:50:08.478,1789107608.4782,87,-35,-0.45,453,5.81
2026-09-11T11:50:08.484,1789107608.4845,88,262,3.36,469,6.01
2026-09-11T11:50:08.488,1789107608.4885,89,217,2.78,469,6.01
2026-09-11T11:50:08.490,1789107608.4905,90,-200,-2.56,462,5.92
2026-09-11T11:50:08.497,1789107608.4975,91,-15,-0.19,462,5.92
2026-09-11T11:50:08.507,1789107608.5078,92,285,3.65,485,6.22
2026-09-11T11:50:08.510,1789107608.5108,93,204,2.62,485,6.22
2026-09-11T11:50:08.520,1789107608.5209,94,-113,-1.45,398,5.1
2026-09-11T11:50:08.528,1789107608.5281,95,12,0.15,398,5.1
2026-09-11T11:50:08.529,1789107608.5291,96,276,3.54,389,4.99
2026-09-11T11:50:08.531,1789107608.5311,97,171,2.19,389,4.99
2026-09-11T11:50:08.537,1789107608.5373,98,-138,-1.77,414,5.31
2026-09-11T11:50:08.544,1789107608.5443,99,27,0.35,414,5.31
2026-09-11T11:50:08.548,1789107608.5483,100,283,3.63,421,5.4
2026-09-11T11:50:08.553,1789107608.5533,101,150,1.92,421,5.4
2026-09-11T11:50:08.558,1789107608.5583,102,-174,-2.23,457,5.86
2026-09-11T11:50:08.560,1789107608.5603,103,-142,-1.82,457,5.86
2026-09-11T11:50:08.567,1789107608.5673,104,291,3.73,465,5.96
2026-09-11T11:50:08.570,1789107608.5703,105,137,1.76,465,5.96
2026-09-11T11:50:08.571,1789107608.5713,106,-191,-2.45,482,6.18
2026-09-11T11:50:08.580,1789107608.5805,107,-118,-1.51,482,6.18
2026-09-11T11:50:08.583,1789107608.5836,108,298,3.82,489,6.27
2026-09-11T11:50:08.590,1789107608.5906,109,96,1.23,489,6.27
2026-09-11T11:50:08.594,1789107608.5946,110,-196,-2.51,494,6.33
2026-09-11T11:50:08.596,1789107608.5966,111,-107,-1.37,494,6.33
2026-09-11T11:50:08.604,1789107608.6046,112,137,1.76,333,4.27
2026-09-11T11:50:08.607,1789107608.6076,113,80,1.03,333,4.27
2026-09-11T11:50:08.618,1789107608.6186,114,-225,-2.88,362,4.64
2026-09-11T11:50:08.622,1789107608.6226,115,-100,-1.28,362,4.64
2026-09-11T11:50:08.625,1789107608.6256,116,173,2.22,398,5.1
2026-09-11T11:50:08.627,1789107608.6276,117,39,0.5,398,5.1
2026-09-11T11:50:08.637,1789107608.6372,118,-205,-2.63,378,4.85
2026-09-11T11:50:08.639,1789107608.6392,119,-84,-1.08,378,4.85
2026-09-11T11:50:08.644,1789107608.6441,120,204,2.62,409,5.24
2026-09-11T11:50:08.650,1789107608.6501,121,243,3.12,448,5.74
2026-09-11T11:50:08.653,1789107608.6533,122,-226,-2.9,469,6.01
2026-09-11T11:50:08.661,1789107608.6613,123,-77,-0.99,469,6.01
2026-09-11T11:50:08.667,1789107608.6678,124,223,2.86,469,6.01
2026-09-11T11:50:08.670,1789107608.6708,125,218,2.79,449,5.76
2026-09-11T11:50:08.672,1789107608.6728,126,-226,-2.9,449,5.76
2026-09-11T11:50:08.675,1789107608.6756,127,-61,-0.78,449,5.76
2026-09-11T11:50:08.689,1789107608.6891,128,239,3.06,465,5.96
2026-09-11T11:50:08.696,1789107608.6963,129,210,2.69,465,5.96
2026-09-11T11:50:08.700,1789107608.7005,130,-214,-2.74,453,5.81
2026-09-11T11:50:08.702,1789107608.7027,131,-50,-0.64,453,5.81
2026-09-11T11:50:08.705,1789107608.7057,132,255,3.27,469,6.01
2026-09-11T11:50:08.712,1789107608.7128,133,186,2.38,469,6.01
2026-09-11T11:50:08.719,1789107608.7199,134,-119,-1.53,374,4.79
2026-09-11T11:50:08.725,1789107608.7254,135,-30,-0.38,374,4.79
2026-09-11T11:50:08.727,1789107608.7274,136,266,3.41,385,4.94
2026-09-11T11:50:08.729,1789107608.7294,137,169,2.17,385,4.94
2026-09-11T11:50:08.733,1789107608.7340,138,-151,-1.94,417,5.35
2026-09-11T11:50:08.739,1789107608.7400,139,-18,-0.23,417,5.35
2026-09-11T11:50:08.741,1789107608.7419,140,278,3.56,429,5.5
2026-09-11T11:50:08.747,1789107608.7480,141,153,1.96,429,5.5
2026-09-11T11:50:08.756,1789107608.7561,142,-176,-2.26,454,5.82
2026-09-11T11:50:08.757,1789107608.7571,143,-183,-2.35,461,5.91
2026-09-11T11:50:08.768,1789107608.7683,144,282,3.62,465,5.96
2026-09-11T11:50:08.770,1789107608.7703,145,128,1.64,465,5.96
2026-09-11T11:50:08.774,1789107608.7746,146,-196,-2.51,478,6.13
2026-09-11T11:50:08.778,1789107608.7781,147,-155,-1.99,478,6.13
2026-09-11T11:50:08.785,1789107608.7857,148,273,3.5,469,6.01
2026-09-11T11:50:08.787,1789107608.7877,149,104,1.33,469,6.01
2026-09-11T11:50:08.794,1789107608.7947,150,-192,-2.46,465,5.96
2026-09-11T11:50:08.799,1789107608.7997,151,-152,-1.95,465,5.96
2026-09-11T11:50:08.800,1789107608.8007,152,109,1.4,301,3.86
2026-09-11T11:50:08.810,1789107608.8109,153,83,1.06,301,3.86
2026-09-11T11:50:08.818,1789107608.8181,154,-217,-2.78,326,4.18
2026-09-11T11:50:08.821,1789107608.8211,155,-120,-1.54,326,4.18
2026-09-11T11:50:08.826,1789107608.8263,156,160,2.05,377,4.83
2026-09-11T11:50:08.831,1789107608.8317,157,51,0.65,377,4.83
2026-09-11T11:50:08.833,1789107608.8337,158,-237,-3.04,397,5.09
2026-09-11T11:50:08.838,1789107608.8387,159,-108,-1.38,397,5.09
2026-09-11T11:50:08.841,1789107608.8417,160,188,2.41,425,5.45
2026-09-11T11:50:08.844,1789107608.8447,161,259,3.32,496,6.36
2026-09-11T11:50:08.857,1789107608.8579,162,-234,-3.0,493,6.32
2026-09-11T11:50:08.865,1789107608.8651,163,-85,-1.09,493,6.32
2026-09-11T11:50:08.874,1789107608.8744,164,199,2.55,493,6.32
2026-09-11T11:50:08.875,1789107608.8754,165,231,2.96,465,5.96
2026-09-11T11:50:08.876,1789107608.8764,166,-238,-3.05,469,6.01
2026-09-11T11:50:08.879,1789107608.8799,167,-73,-0.94,469,6.01
2026-09-11T11:50:08.885,1789107608.8850,168,207,2.65,469,6.01
2026-09-11T11:50:08.890,1789107608.8900,169,218,2.79,456,5.85
2026-09-11T11:50:08.892,1789107608.8920,170,-234,-3.0,452,5.79
2026-09-11T11:50:08.899,1789107608.8990,171,-65,-0.83,452,5.79
2026-09-11T11:50:08.905,1789107608.9052,172,231,2.96,465,5.96
2026-09-11T11:50:08.907,1789107608.9072,173,194,2.49,465,5.96
2026-09-11T11:50:08.916,1789107608.9164,174,-119,-1.53,350,4.49
2026-09-11T11:50:08.919,1789107608.9194,175,-57,-0.73,350,4.49
2026-09-11T11:50:08.924,1789107608.9240,176,231,2.96,350,4.49
2026-09-11T11:50:08.925,1789107608.9260,177,162,2.08,350,4.49
2026-09-11T11:50:08.933,1789107608.9337,178,-171,-2.19,402,5.15
2026-09-11T11:50:08.934,1789107608.9347,179,-57,-0.73,402,5.15
2026-09-11T11:50:08.942,1789107608.9427,180,227,2.91,398,5.1
2026-09-11T11:50:08.950,1789107608.9507,181,114,1.46,398,5.1
2026-09-11T11:50:08.951,1789107608.9518,182,-210,-2.69,437,5.6
2026-09-11T11:50:08.959,1789107608.9598,183,-233,-2.99,460,5.9
2026-09-11T11:50:08.973,1789107608.9734,184,212,2.72,445,5.71
2026-09-11T11:50:08.975,1789107608.9754,185,59,0.76,445,5.71
2026-09-11T11:50:08.978,1789107608.9789,186,-249,-3.19,461,5.91
2026-09-11T11:50:08.981,1789107608.9819,187,-244,-3.13,461,5.91
2026-09-11T11:50:08.983,1789107608.9831,188,197,2.53,446,5.72
2026-09-11T11:50:08.989,1789107608.9891,189,48,0.62,446,5.72
2026-09-11T11:50:08.993,1789107608.9931,190,-272,-3.49,469,6.01
2026-09-11T11:50:08.996,1789107608.9961,191,-235,-3.01,469,6.01
2026-09-11T11:50:09.003,1789107609.0033,192,18,0.23,320,4.1
2026-09-11T11:50:09.007,1789107609.0073,193,9,0.12,290,3.72
2026-09-11T11:50:09.013,1789107609.0134,194,-291,-3.73,309,3.96
2026-09-11T11:50:09.019,1789107609.0195,195,-206,-2.64,309,3.96
2026-09-11T11:50:09.021,1789107609.0217,196,43,0.55,334,4.28
2026-09-11T11:50:09.030,1789107609.0307,197,-14,-0.18,334,4.28
2026-09-11T11:50:09.031,1789107609.0318,198,-302,-3.87,345,4.42
2026-09-11T11:50:09.042,1789107609.0428,199,-177,-2.27,345,4.42
2026-09-11T11:50:09.046,1789107609.0468,200,100,1.28,402,5.15
2026-09-11T11:50:09.051,1789107609.0518,201,187,2.4,489,6.27
2026-09-11T11:50:09.054,1789107609.0540,202,-297,-3.81,484,6.21
2026-09-11T11:50:09.060,1789107609.0610,203,-148,-1.9,484,6.21
2026-09-11T11:50:09.069,1789107609.0691,204,132,1.69,484,6.21
2026-09-11T11:50:09.073,1789107609.0733,205,168,2.15,465,5.96
2026-09-11T11:50:09.078,1789107609.0788,206,-392,-5.03,560,7.18
2026-09-11T11:50:09.080,1789107609.0808,207,-263,-3.37,560,7.18
2026-09-11T11:50:09.082,1789107609.0829,208,10,0.13,560,7.18
2026-09-11T11:50:09.084,1789107609.0849,209,-10,-0.13,402,5.15
2026-09-11T11:50:09.096,1789107609.0965,210,-512,-6.56,522,6.69
2026-09-11T11:50:09.098,1789107609.0981,211,-314,-4.03,522,6.69
2026-09-11T11:50:09.101,1789107609.1012,212,-21,-0.27,502,6.44
2026-09-11T11:50:09.108,1789107609.1084,213,-73,-0.94,491,6.29
2026-09-11T11:50:09.118,1789107609.1185,214,-365,-4.68,344,4.41
2026-09-11T11:50:09.120,1789107609.1209,215,-305,-3.91,344,4.41
2026-09-11T11:50:09.126,1789107609.1261,216,-32,-0.41,333,4.27
2026-09-11T11:50:09.132,1789107609.1323,217,-92,-1.18,333,4.27
2026-09-11T11:50:09.136,1789107609.1363,218,-416,-5.33,384,4.92
2026-09-11T11:50:09.140,1789107609.1403,219,-296,-3.79,384,4.92
2026-09-11T11:50:09.143,1789107609.1434,220,-3,-0.04,413,5.29
2026-09-11T11:50:09.150,1789107609.1504,221,-119,-1.53,413,5.29
2026-09-11T11:50:09.152,1789107609.1524,222,-439,-5.63,436,5.59
2026-09-11T11:50:09.155,1789107609.1550,223,-469,-6.01,466,5.97
2026-09-11T11:50:09.166,1789107609.1662,224,18,0.23,487,6.24
2026-09-11T11:50:09.168,1789107609.1681,225,-138,-1.77,487,6.24
2026-09-11T11:50:09.173,1789107609.1733,226,-470,-6.03,488,6.26
2026-09-11T11:50:09.176,1789107609.1763,227,-436,-5.59,488,6.26
2026-09-11T11:50:09.181,1789107609.1818,228,15,0.19,485,6.22
2026-09-11T11:50:09.188,1789107609.1881,229,-133,-1.71,485,6.22
2026-09-11T11:50:09.195,1789107609.1951,230,-469,-6.01,484,6.21
2026-09-11T11:50:09.200,1789107609.2001,231,-419,-5.37,484,6.21
2026-09-11T11:50:09.203,1789107609.2032,232,-169,-2.17,336,4.31
2026-09-11T11:50:09.209,1789107609.2092,233,-149,-1.91,320,4.1
2026-09-11T11:50:09.219,1789107609.2196,234,-444,-5.69,295,3.78
2026-09-11T11:50:09.223,1789107609.2236,235,-378,-4.85,295,3.78
2026-09-11T11:50:09.227,1789107609.2276,236,-101,-1.29,343,4.4
2026-09-11T11:50:09.232,1789107609.2326,237,-161,-2.06,343,4.4
2026-09-11T11:50:09.233,1789107609.2336,238,-444,-5.69,343,4.4
2026-09-11T11:50:09.238,1789107609.2386,239,-318,-4.08,343,4.4
2026-09-11T11:50:09.243,1789107609.2436,240,-53,-0.68,391,5.01
2026-09-11T11:50:09.245,1789107609.2456,241,59,0.76,503,6.45
2026-09-11T11:50:09.254,1789107609.2549,242,-456,-5.85,515,6.6
2026-09-11T11:50:09.260,1789107609.2609,243,-319,-4.09,515,6.6
2026-09-11T11:50:09.266,1789107609.2662,244,-45,-0.58,515,6.6
2026-09-11T11:50:09.271,1789107609.2712,245,19,0.24,475,6.09
2026-09-11T11:50:09.275,1789107609.2754,246,-520,-6.67,539,6.91
2026-09-11T11:50:09.276,1789107609.2764,247,-382,-4.9,539,6.91
2026-09-11T11:50:09.283,1789107609.2832,248,-117,-1.5,539,6.91
2026-09-11T11:50:09.290,1789107609.2902,249,-108,-1.38,412,5.28
2026-09-11T11:50:09.294,1789107609.2942,250,-638,-8.18,530,6.79
2026-09-11T11:50:09.303,1789107609.3036,251,-456,-5.85,530,6.79
2026-09-11T11:50:09.305,1789107609.3056,252,-194,-2.49,530,6.79
2026-09-11T11:50:09.310,1789107609.3106,253,-213,-2.73,444,5.69
2026-09-11T11:50:09.318,1789107609.3188,254,-513,-6.58,319,4.09
2026-09-11T11:50:09.320,1789107609.3208,255,-500,-6.41,319,4.09
2026-09-11T11:50:09.323,1789107609.3239,256,-178,-2.28,335,4.29
2026-09-11T11:50:09.330,1789107609.3309,257,-233,-2.99,335,4.29
2026-09-11T11:50:09.334,1789107609.3341,258,-544,-6.97,366,4.69
2026-09-11T11:50:09.336,1789107609.3361,259,-443,-5.68,366,4.69
2026-09-11T11:50:09.342,1789107609.3421,260,-150,-1.92,394,5.05
2026-09-11T11:50:09.350,1789107609.3501,261,-233,-2.99,394,5.05
2026-09-11T11:50:09.354,1789107609.3544,262,-560,-7.18,410,5.26
2026-09-11T11:50:09.357,1789107609.3573,263,-622,-7.97,472,6.05
2026-09-11T11:50:09.367,1789107609.3676,264,-102,-1.31,520,6.67
2026-09-11T11:50:09.373,1789107609.3737,265,-206,-2.64,520,6.67
2026-09-11T11:50:09.376,1789107609.3767,266,-533,-6.83,520,6.67
2026-09-11T11:50:09.380,1789107609.3802,267,-511,-6.55,431,5.53
2026-09-11T11:50:09.385,1789107609.3857,268,20,0.26,553,7.09
2026-09-11T11:50:09.388,1789107609.3887,269,-104,-1.33,553,7.09
2026-09-11T11:50:09.394,1789107609.3948,270,-444,-5.69,531,6.81
2026-09-11T11:50:09.398,1789107609.3988,271,-382,-4.9,464,5.95
2026-09-11T11:50:09.402,1789107609.4020,272,-144,-1.85,340,4.36
2026-09-11T11:50:09.409,1789107609.4090,273,-64,-0.82,380,4.87
2026-09-11T11:50:09.414,1789107609.4149,274,-376,-4.82,318,4.08
2026-09-11T11:50:09.420,1789107609.4206,275,-306,-3.92,312,4.0
2026-09-11T11:50:09.423,1789107609.4239,276,-53,-0.68,323,4.14
2026-09-11T11:50:09.429,1789107609.4299,277,-30,-0.38,346,4.44
2026-09-11T11:50:09.433,1789107609.4338,278,-338,-4.33,308,3.95
2026-09-11T11:50:09.437,1789107609.4379,279,-228,-2.92,308,3.95
2026-09-11T11:50:09.440,1789107609.4401,280,33,0.42,371,4.76
2026-09-11T11:50:09.449,1789107609.4492,281,185,2.37,523,6.71
2026-09-11T11:50:09.453,1789107609.4535,282,-284,-3.64,469,6.01
2026-09-11T11:50:09.455,1789107609.4556,283,-163,-2.09,469,6.01
2026-09-11T11:50:09.467,1789107609.4680,284,106,1.36,469,6.01
2026-09-11T11:50:09.470,1789107609.4710,285,217,2.78,501,6.42
2026-09-11T11:50:09.473,1789107609.4731,286,-280,-3.59,497,6.37
2026-09-11T11:50:09.476,1789107609.4761,287,-115,-1.47,497,6.37
2026-09-11T11:50:09.482,1789107609.4829,288,178,2.28,497,6.37
2026-09-11T11:50:09.484,1789107609.4849,289,225,2.88,505,6.47
2026-09-11T11:50:09.493,1789107609.4935,290,-248,-3.18,473,6.06
2026-09-11T11:50:09.496,1789107609.4968,291,-71,-0.91,473,6.06
2026-09-11T11:50:09.499,1789107609.4999,292,222,2.85,473,6.06
2026-09-11T11:50:09.512,1789107609.5124,293,241,3.09,489,6.27
2026-09-11T11:50:09.519,1789107609.5194,294,-20,-0.26,312,4.0
2026-09-11T11:50:09.521,1789107609.5214,295,-23,-0.29,264,3.38
2026-09-11T11:50:09.524,1789107609.5246,296,273,3.5,296,3.79
2026-09-11T11:50:09.530,1789107609.5307,297,252,3.23,296,3.79
2026-09-11T11:50:09.535,1789107609.5359,298,-41,-0.53,314,4.03
2026-09-11T11:50:09.537,1789107609.5379,299,20,0.26,314,4.03
2026-09-11T11:50:09.544,1789107609.5443,300,336,4.31,377,4.83
2026-09-11T11:50:09.550,1789107609.5503,301,262,3.36,377,4.83
2026-09-11T11:50:09.551,1789107609.5513,302,-59,-0.76,395,5.06
2026-09-11T11:50:09.558,1789107609.5585,303,-135,-1.73,471,6.04
2026-09-11T11:50:09.564,1789107609.5648,304,354,4.54,489,6.27
2026-09-11T11:50:09.569,1789107609.5698,305,264,3.38,489,6.27
2026-09-11T11:50:09.570,1789107609.5708,306,-69,-0.88,489,6.27
2026-09-11T11:50:09.579,1789107609.5795,307,-104,-1.33,458,5.87
2026-09-11T11:50:09.581,1789107609.5815,308,380,4.87,484,6.21
2026-09-11T11:50:09.589,1789107609.5897,309,254,3.26,484,6.21
2026-09-11T11:50:09.593,1789107609.5937,310,-79,-1.01,484,6.21
2026-09-11T11:50:09.596,1789107609.5967,311,-74,-0.95,459,5.88
2026-09-11T11:50:09.605,1789107609.6051,312,142,1.82,333,4.27
2026-09-11T11:50:09.610,1789107609.6101,313,232,2.97,311,3.99
2026-09-11T11:50:09.621,1789107609.6217,314,-81,-1.04,313,4.01
2026-09-11T11:50:09.623,1789107609.6237,315,-45,-0.58,313,4.01
2026-09-11T11:50:09.627,1789107609.6277,316,167,2.14,313,4.01
2026-09-11T11:50:09.629,1789107609.6297,317,221,2.83,302,3.87
2026-09-11T11:50:09.633,1789107609.6338,318,-104,-1.33,325,4.17
2026-09-11T11:50:09.639,1789107609.6398,319,-11,-0.14,325,4.17
2026-09-11T11:50:09.641,1789107609.6418,320,225,2.88,329,4.22
2026-09-11T11:50:09.649,1789107609.6498,321,400,5.13,504,6.46
2026-09-11T11:50:09.651,1789107609.6518,322,-99,-1.27,499,6.4
2026-09-11T11:50:09.655,1789107609.6550,323,2,0.03,499,6.4
2026-09-11T11:50:09.673,1789107609.6731,324,266,3.41,499,6.4
2026-09-11T11:50:09.677,1789107609.6771,325,397,5.09,496,6.36
2026-09-11T11:50:09.680,1789107609.6804,326,-114,-1.46,511,6.55
2026-09-11T11:50:09.681,1789107609.6814,327,27,0.35,511,6.55
2026-09-11T11:50:09.683,1789107609.6836,328,319,4.09,511,6.55
2026-09-11T11:50:09.692,1789107609.6926,329,398,5.1,512,6.56
2026-09-11T11:50:09.696,1789107609.6965,330,-117,-1.5,515,6.6
2026-09-11T11:50:09.700,1789107609.7006,331,52,0.67,515,6.6
2026-09-11T11:50:09.704,1789107609.7048,332,344,4.41,515,6.6
2026-09-11T11:50:09.709,1789107609.7098,333,382,4.9,499,6.4
2026-09-11T11:50:09.718,1789107609.7185,334,105,1.35,330,4.23
2026-09-11T11:50:09.719,1789107609.7195,335,65,0.83,317,4.06
2026-09-11T11:50:09.723,1789107609.7237,336,365,4.68,317,4.06
2026-09-11T11:50:09.725,1789107609.7258,337,363,4.65,300,3.85
2026-09-11T11:50:09.733,1789107609.7330,338,70,0.9,300,3.85
2026-09-11T11:50:09.735,1789107609.7351,339,74,0.95,295,3.78
2026-09-11T11:50:09.743,1789107609.7430,340,386,4.95,316,4.05
2026-09-11T11:50:09.751,1789107609.7511,341,332,4.26,316,4.05
2026-09-11T11:50:09.753,1789107609.7533,342,23,0.29,363,4.65
2026-09-11T11:50:09.759,1789107609.7593,343,-101,-1.29,487,6.24
2026-09-11T11:50:09.769,1789107609.7695,344,387,4.96,488,6.26
2026-09-11T11:50:09.773,1789107609.7737,345,309,3.96,488,6.26
2026-09-11T11:50:09.774,1789107609.7747,346,-20,-0.26,488,6.26
2026-09-11T11:50:09.777,1789107609.7777,347,-84,-1.08,471,6.04
2026-09-11T11:50:09.786,1789107609.7866,348,396,5.08,480,6.15
2026-09-11T11:50:09.788,1789107609.7886,349,286,3.67,480,6.15
2026-09-11T11:50:09.793,1789107609.7936,350,-59,-0.76,480,6.15
2026-09-11T11:50:09.796,1789107609.7966,351,-66,-0.85,462,5.92
2026-09-11T11:50:09.803,1789107609.8038,352,118,1.51,352,4.51
2026-09-11T11:50:09.808,1789107609.8088,353,264,3.38,330,4.23
2026-09-11T11:50:09.816,1789107609.8160,354,-81,-1.04,345,4.42
2026-09-11T11:50:09.817,1789107609.8170,355,-73,-0.94,345,4.42
2026-09-11T11:50:09.821,1789107609.8210,356,151,1.94,345,4.42
2026-09-11T11:50:09.827,1789107609.8272,357,229,2.94,310,3.97
2026-09-11T11:50:09.829,1789107609.8300,358,-104,-1.33,333,4.27
2026-09-11T11:50:09.836,1789107609.8361,359,-55,-0.71,333,4.27
2026-09-11T11:50:09.842,1789107609.8421,360,181,2.32,333,4.27
2026-09-11T11:50:09.845,1789107609.8451,361,392,5.03,496,6.36
2026-09-11T11:50:09.852,1789107609.8521,362,-114,-1.46,506,6.49
2026-09-11T11:50:09.855,1789107609.8551,363,-22,-0.28,506,6.49
2026-09-11T11:50:09.866,1789107609.8661,364,210,2.69,506,6.49
2026-09-11T11:50:09.867,1789107609.8671,365,370,4.74,484,6.21
2026-09-11T11:50:09.872,1789107609.8723,366,-144,-1.85,514,6.59
2026-09-11T11:50:09.882,1789107609.8822,367,-36,-0.46,514,6.59
2026-09-11T11:50:09.888,1789107609.8885,368,248,3.18,514,6.59
2026-09-11T11:50:09.896,1789107609.8965,369,343,4.4,487,6.24
2026-09-11T11:50:09.906,1789107609.9065,370,114,1.46,379,4.86
2026-09-11T11:50:09.908,1789107609.9085,371,-26,-0.33,369,4.73
2026-09-11T11:50:09.913,1789107609.9135,372,254,3.26,369,4.73
2026-09-11T11:50:09.922,1789107609.9225,373,293,3.76,319,4.09
2026-09-11T11:50:09.936,1789107609.9365,374,24,0.31,319,4.09
2026-09-11T11:50:09.945,1789107609.9455,375,-63,-0.81,356,4.56
2026-09-11T11:50:09.952,1789107609.9527,376,221,2.83,356,4.56
2026-09-11T11:50:09.964,1789107609.9648,377,208,2.67,284,3.64
2026-09-11T11:50:09.966,1789107609.9668,378,-69,-0.88,290,3.72
2026-09-11T11:50:09.969,1789107609.9698,379,-127,-1.63,348,4.46
2026-09-11T11:50:09.973,1789107609.9730,380,137,1.76,335,4.29
2026-09-11T11:50:09.979,1789107609.9790,381,77,0.99,264,3.38
2026-09-11T11:50:09.981,1789107609.9810,382,-232,-2.97,369,4.73
2026-09-11T11:50:09.983,1789107609.9832,383,-439,-5.63,576,7.38
2026-09-11T11:50:09.986,1789107609.9862,384,-24,-0.31,516,6.62
2026-09-11T11:50:09.987,1789107609.9872,385,-148,-1.9,415,5.32
2026-09-11T11:50:09.990,1789107609.9902,386,-515,-6.6,491,6.29
2026-09-11T11:50:09.998,1789107609.9982,387,-661,-8.47,637,8.17
2026-09-11T11:50:10.001,1789107610.0012,388,-217,-2.78,513,6.58
2026-09-11T11:50:10.002,1789107610.0025,389,-348,-4.46,444,5.69
2026-09-11T11:50:10.005,1789107610.0055,390,-694,-8.9,477,6.12
2026-09-11T11:50:10.012,1789107610.0127,391,-768,-9.85,551,7.06
2026-09-11T11:50:10.015,1789107610.0157,392,-569,-7.29,420,5.38
2026-09-11T11:50:10.016,1789107610.0167,393,-445,-5.71,323,4.14
2026-09-11T11:50:10.021,1789107610.0218,394,-816,-10.46,371,4.76
2026-09-11T11:50:10.025,1789107610.0258,395,-832,-10.67,387,4.96
2026-09-11T11:50:10.030,1789107610.0308,396,-617,-7.91,387,4.96
2026-09-11T11:50:10.032,1789107610.0320,397,-521,-6.68,311,3.99
2026-09-11T11:50:10.037,1789107610.0370,398,-863,-11.06,342,4.38
2026-09-11T11:50:10.040,1789107610.0400,399,-824,-10.56,342,4.38
2026-09-11T11:50:10.042,1789107610.0420,400,-581,-7.45,342,4.38
2026-09-11T11:50:10.051,1789107610.0510,401,-354,-4.54,509,6.53
2026-09-11T11:50:10.053,1789107610.0531,402,-875,-11.22,521,6.68
2026-09-11T11:50:10.063,1789107610.0631,403,-787,-10.09,521,6.68
2026-09-11T11:50:10.070,1789107610.0702,404,-536,-6.87,521,6.68
2026-09-11T11:50:10.073,1789107610.0732,405,-354,-4.54,521,6.68
2026-09-11T11:50:10.077,1789107610.0772,406,-859,-11.01,505,6.47
2026-09-11T11:50:10.080,1789107610.0807,407,-767,-9.83,505,6.47
2026-09-11T11:50:10.083,1789107610.0837,408,-484,-6.21,505,6.47
2026-09-11T11:50:10.088,1789107610.0887,409,-362,-4.64,497,6.37
2026-09-11T11:50:10.091,1789107610.0917,410,-581,-7.45,405,5.19
2026-09-11T11:50:10.096,1789107610.0967,411,-731,-9.37,369,4.73
2026-09-11T11:50:10.099,1789107610.0997,412,-461,-5.91,369,4.73
2026-09-11T11:50:10.106,1789107610.1067,413,-375,-4.81,356,4.56
2026-09-11T11:50:10.116,1789107610.1167,414,-609,-7.81,356,4.56
2026-09-11T11:50:10.117,1789107610.1177,415,-707,-9.06,332,4.26
2026-09-11T11:50:10.136,1789107610.1362,416,-421,-5.4,332,4.26
2026-09-11T11:50:10.142,1789107610.1422,417,-359,-4.6,348,4.46
2026-09-11T11:50:10.148,1789107610.1482,418,-626,-8.03,348,4.46
2026-09-11T11:50:10.152,1789107610.1525,419,-652,-8.36,293,3.76
2026-09-11T11:50:10.157,1789107610.1577,420,-357,-4.58,295,3.78
2026-09-11T11:50:10.159,1789107610.1597,421,-348,-4.46,304,3.9
2026-09-11T11:50:10.162,1789107610.1621,422,-639,-8.19,304,3.9
2026-09-11T11:50:10.164,1789107610.1641,423,-828,-10.62,480,6.15
2026-09-11T11:50:10.174,1789107610.1742,424,-298,-3.82,530,6.79
2026-09-11T11:50:10.177,1789107610.1772,425,-357,-4.58,530,6.79
2026-09-11T11:50:10.182,1789107610.1829,426,-660,-8.46,530,6.79
2026-09-11T11:50:10.188,1789107610.1889,427,-801,-10.27,503,6.45
2026-09-11T11:50:10.192,1789107610.1929,428,-296,-3.79,505,6.47
2026-09-11T11:50:10.194,1789107610.1949,429,-403,-5.17,505,6.47
2026-09-11T11:50:10.196,1789107610.1969,430,-733,-9.4,505,6.47
2026-09-11T11:50:10.204,1789107610.2050,431,-818,-10.49,522,6.69
2026-09-11T11:50:10.206,1789107610.2070,432,-631,-8.09,415,5.32
2026-09-11T11:50:10.208,1789107610.2090,433,-439,-5.63,379,4.86
2026-09-11T11:50:10.216,1789107610.2161,434,-798,-10.23,379,4.86
2026-09-11T11:50:10.218,1789107610.2181,435,-830,-10.64,391,5.01
2026-09-11T11:50:10.221,1789107610.2211,436,-623,-7.99,391,5.01
2026-09-11T11:50:10.231,1789107610.2312,437,-479,-6.14,351,4.5
2026-09-11T11:50:10.233,1789107610.2333,438,-810,-10.38,351,4.5
2026-09-11T11:50:10.241,1789107610.2413,439,-798,-10.23,331,4.24
2026-09-11T11:50:10.243,1789107610.2435,440,-551,-7.06,331,4.24
2026-09-11T11:50:10.250,1789107610.2505,441,-273,-3.5,537,6.88
2026-09-11T11:50:10.253,1789107610.2537,442,-754,-9.67,525,6.73
2026-09-11T11:50:10.256,1789107610.2567,443,-683,-8.76,481,6.17
2026-09-11T11:50:10.269,1789107610.2691,444,-429,-5.5,481,6.17
2026-09-11T11:50:10.273,1789107610.2734,445,-199,-2.55,555,7.12
2026-09-11T11:50:10.276,1789107610.2764,446,-661,-8.47,484,6.21
2026-09-11T11:50:10.278,1789107610.2784,447,-554,-7.1,462,5.92
2026-09-11T11:50:10.283,1789107610.2831,448,-264,-3.38,462,5.92
2026-09-11T11:50:10.286,1789107610.2860,449,-87,-1.12,574,7.36
2026-09-11T11:50:10.296,1789107610.2962,450,-263,-3.37,467,5.99
2026-09-11T11:50:10.299,1789107610.2992,451,-392,-5.03,305,3.91
2026-09-11T11:50:10.302,1789107610.3023,452,-110,-1.41,305,3.91
2026-09-11T11:50:10.308,1789107610.3083,453,34,0.44,426,5.46
2026-09-11T11:50:10.317,1789107610.3175,454,-130,-1.67,426,5.46
2026-09-11T11:50:10.319,1789107610.3195,455,-244,-3.13,278,3.56
2026-09-11T11:50:10.322,1789107610.3227,456,61,0.78,305,3.91
2026-09-11T11:50:10.326,1789107610.3267,457,161,2.06,405,5.19
2026-09-11T11:50:10.330,1789107610.3307,458,-40,-0.51,405,5.19
2026-09-11T11:50:10.336,1789107610.3367,459,-59,-0.76,220,2.82
2026-09-11T11:50:10.339,1789107610.3397,460,278,3.56,337,4.32
2026-09-11T11:50:10.345,1789107610.3459,461,349,4.47,408,5.23
2026-09-11T11:50:10.362,1789107610.3627,462,123,1.58,408,5.23
2026-09-11T11:50:10.367,1789107610.3677,463,-37,-0.47,386,4.95
2026-09-11T11:50:10.373,1789107610.3739,464,458,5.87,495,6.35
2026-09-11T11:50:10.377,1789107610.3779,465,473,6.06,510,6.54
2026-09-11T11:50:10.382,1789107610.3825,466,207,2.65,510,6.54
2026-09-11T11:50:10.387,1789107610.3876,467,78,1.0,395,5.06
2026-09-11T11:50:10.393,1789107610.3935,468,597,7.65,519,6.65
2026-09-11T11:50:10.398,1789107610.3986,469,602,7.72,524,6.72
2026-09-11T11:50:10.400,1789107610.4006,470,304,3.9,524,6.72
2026-09-11T11:50:10.407,1789107610.4077,471,239,3.06,363,4.65
2026-09-11T11:50:10.410,1789107610.4102,472,470,6.03,363,4.65
2026-09-11T11:50:10.414,1789107610.4143,473,769,9.86,530,6.79
2026-09-11T11:50:10.419,1789107610.4193,474,470,6.03,530,6.79
2026-09-11T11:50:10.420,1789107610.4203,475,412,5.28,357,4.58
2026-09-11T11:50:10.423,1789107610.4236,476,630,8.08,357,4.58
2026-09-11T11:50:10.426,1789107610.4266,477,872,11.18,460,5.9
2026-09-11T11:50:10.434,1789107610.4348,478,545,6.99,460,5.9
2026-09-11T11:50:10.438,1789107610.4388,479,531,6.81,341,4.37
2026-09-11T11:50:10.443,1789107610.4438,480,756,9.69,341,4.37
2026-09-11T11:50:10.448,1789107610.4488,481,1057,13.55,526,6.74
2026-09-11T11:50:10.450,1789107610.4508,482,602,7.72,526,6.74
2026-09-11T11:50:10.457,1789107610.4574,483,619,7.94,455,5.83
2026-09-11T11:50:10.468,1789107610.4686,484,837,10.73,455,5.83
2026-09-11T11:50:10.472,1789107610.4727,485,1118,14.33,516,6.62
2026-09-11T11:50:10.480,1789107610.4802,486,630,8.08,499,6.4
2026-09-11T11:50:10.483,1789107610.4834,487,687,8.81,488,6.26
2026-09-11T11:50:10.486,1789107610.4864,488,932,11.95,488,6.26
2026-09-11T11:50:10.488,1789107610.4884,489,1125,14.42,495,6.35
2026-09-11T11:50:10.494,1789107610.4945,490,952,12.21,438,5.62
2026-09-11T11:50:10.497,1789107610.4975,491,710,9.1,415,5.32
2026-09-11T11:50:10.503,1789107610.5036,492,943,12.09,415,5.32
2026-09-11T11:50:10.508,1789107610.5086,493,1112,14.26,402,5.15
2026-09-11T11:50:10.512,1789107610.5126,494,907,11.63,402,5.15
2026-09-11T11:50:10.518,1789107610.5186,495,694,8.9,418,5.36
2026-09-11T11:50:10.525,1789107610.5251,496,963,12.35,418,5.36
2026-09-11T11:50:10.525,1789107610.5251,497,1067,13.68,373,4.78
2026-09-11T11:50:10.531,1789107610.5314,498,831,10.65,373,4.78
2026-09-11T11:50:10.543,1789107610.5434,499,681,8.73,386,4.95
2026-09-11T11:50:10.546,1789107610.5464,500,975,12.5,386,4.95
2026-09-11T11:50:10.551,1789107610.5514,501,1035,13.27,354,4.54
2026-09-11T11:50:10.553,1789107610.5535,502,803,10.29,354,4.54
2026-09-11T11:50:10.559,1789107610.5595,503,528,6.77,507,6.5
2026-09-11T11:50:10.575,1789107610.5756,504,983,12.6,507,6.5
2026-09-11T11:50:10.577,1789107610.5776,505,1003,12.86,475,6.09
2026-09-11T11:50:10.585,1789107610.5858,506,731,9.37,475,6.09
2026-09-11T11:50:10.587,1789107610.5878,507,512,6.56,491,6.29
2026-09-11T11:50:10.589,1789107610.5898,508,988,12.67,491,6.29
2026-09-11T11:50:10.594,1789107610.5948,509,976,12.51,476,6.1
2026-09-11T11:50:10.596,1789107610.5968,510,664,8.51,476,6.1
2026-09-11T11:50:10.598,1789107610.5988,511,509,6.53,479,6.14
2026-09-11T11:50:10.599,1789107610.5998,512,663,8.5,467,5.99
2026-09-11T11:50:10.606,1789107610.6069,513,897,11.5,388,4.97
2026-09-11T11:50:10.617,1789107610.6177,514,562,7.21,388,4.97
2026-09-11T11:50:10.618,1789107610.6187,515,435,5.58,462,5.92
2026-09-11T11:50:10.625,1789107610.6258,516,618,7.92,462,5.92
2026-09-11T11:50:10.627,1789107610.6278,517,808,10.36,373,4.78
2026-09-11T11:50:10.634,1789107610.6348,518,465,5.96,373,4.78
2026-09-11T11:50:10.636,1789107610.6368,519,387,4.96,421,5.4
2026-09-11T11:50:10.646,1789107610.6463,520,561,7.19,421,5.4
2026-09-11T11:50:10.647,1789107610.6479,521,859,11.01,472,6.05
2026-09-11T11:50:10.657,1789107610.6578,522,381,4.88,478,6.13
2026-09-11T11:50:10.660,1789107610.6608,523,335,4.29,524,6.72
2026-09-11T11:50:10.667,1789107610.6678,524,534,6.85,524,6.72
2026-09-11T11:50:10.670,1789107610.6709,525,804,10.31,469,6.01
2026-09-11T11:50:10.675,1789107610.6756,526,294,3.77,510,6.54
2026-09-11T11:50:10.679,1789107610.6796,527,305,3.91,510,6.54
2026-09-11T11:50:10.682,1789107610.6827,528,520,6.67,510,6.54
2026-09-11T11:50:10.690,1789107610.6907,529,750,9.62,456,5.85
2026-09-11T11:50:10.693,1789107610.6937,530,575,7.37,445,5.71
2026-09-11T11:50:10.694,1789107610.6947,531,248,3.18,502,6.44
2026-09-11T11:50:10.701,1789107610.7017,532,487,6.24,502,6.44
2026-09-11T11:50:10.706,1789107610.7067,533,661,8.47,413,5.29
2026-09-11T11:50:10.712,1789107610.7127,534,446,5.72,413,5.29
2026-09-11T11:50:10.728,1789107610.7281,535,180,2.31,481,6.17
2026-09-11T11:50:10.735,1789107610.7353,536,440,5.64,481,6.17
2026-09-11T11:50:10.737,1789107610.7373,537,570,7.31,390,5.0
2026-09-11T11:50:10.738,1789107610.7383,538,332,4.26,390,5.0
2026-09-11T11:50:10.742,1789107610.7424,539,142,1.82,428,5.49
2026-09-11T11:50:10.747,1789107610.7474,540,402,5.15,428,5.49
2026-09-11T11:50:10.750,1789107610.7504,541,484,6.21,342,4.38
2026-09-11T11:50:10.755,1789107610.7556,542,234,3.0,342,4.38
2026-09-11T11:50:10.759,1789107610.7596,543,-47,-0.6,531,6.81
2026-09-11T11:50:10.772,1789107610.7722,544,361,4.63,531,6.81
2026-09-11T11:50:10.773,1789107610.7732,545,420,5.38,467,5.99
2026-09-11T11:50:10.777,1789107610.7772,546,146,1.87,467,5.99
2026-09-11T11:50:10.780,1789107610.7807,547,-95,-1.22,515,6.6
2026-09-11T11:50:10.781,1789107610.7817,548,354,4.54,515,6.6
2026-09-11T11:50:10.784,1789107610.7848,549,348,4.46,449,5.76
2026-09-11T11:50:10.791,1789107610.7918,550,55,0.71,449,5.76
2026-09-11T11:50:10.799,1789107610.7998,551,-145,-1.86,499,6.4
2026-09-11T11:50:10.800,1789107610.8008,552,31,0.4,493,6.32
2026-09-11T11:50:10.809,1789107610.8090,553,278,3.56,423,5.42
2026-09-11T11:50:10.817,1789107610.8177,554,-39,-0.5,423,5.42
2026-09-11T11:50:10.819,1789107610.8197,555,-167,-2.14,445,5.71
2026-09-11T11:50:10.825,1789107610.8258,556,2,0.03,445,5.71
2026-09-11T11:50:10.829,1789107610.8298,557,224,2.87,391,5.01
2026-09-11T11:50:10.832,1789107610.8330,558,-88,-1.13,391,5.01
2026-09-11T11:50:10.842,1789107610.8426,559,-208,-2.67,432,5.54
2026-09-11T11:50:10.844,1789107610.8446,560,-11,-0.14,432,5.54
2026-09-11T11:50:10.849,1789107610.8496,561,293,3.76,501,6.42
2026-09-11T11:50:10.851,1789107610.8516,562,-161,-2.06,501,6.42
2026-09-11T11:50:10.859,1789107610.8598,563,-196,-2.51,489,6.27
2026-09-11T11:50:10.865,1789107610.8659,564,-20,-0.26,489,6.27
2026-09-11T11:50:10.870,1789107610.8709,565,264,3.38,460,5.9
2026-09-11T11:50:10.874,1789107610.8740,566,-193,-2.47,460,5.9
2026-09-11T11:50:10.877,1789107610.8770,567,-200,-2.56,464,5.95
2026-09-11T11:50:10.879,1789107610.8795,568,-8,-0.1,464,5.95
2026-09-11T11:50:10.887,1789107610.8875,569,236,3.03,436,5.59
2026-09-11T11:50:10.892,1789107610.8926,570,79,1.01,436,5.59
2026-09-11T11:50:10.895,1789107610.8956,571,-208,-2.67,444,5.69
2026-09-11T11:50:10.909,1789107610.9092,572,5,0.06,444,5.69
2026-09-11T11:50:10.912,1789107610.9123,573,213,2.73,421,5.4
2026-09-11T11:50:10.918,1789107610.9183,574,36,0.46,421,5.4
2026-09-11T11:50:10.921,1789107610.9213,575,-191,-2.45,404,5.18
2026-09-11T11:50:10.925,1789107610.9254,576,46,0.59,404,5.18
2026-09-11T11:50:10.931,1789107610.9316,577,202,2.59,393,5.04
2026-09-11T11:50:10.935,1789107610.9356,578,-11,-0.14,393,5.04
2026-09-11T11:50:10.942,1789107610.9426,579,-198,-2.54,400,5.13
2026-09-11T11:50:10.946,1789107610.9466,580,59,0.76,400,5.13
2026-09-11T11:50:10.953,1789107610.9530,581,179,2.29,377,4.83
2026-09-11T11:50:10.957,1789107610.9570,582,-42,-0.54,377,4.83
2026-09-11T11:50:10.960,1789107610.9600,583,-314,-4.03,493,6.32
2026-09-11T11:50:10.968,1789107610.9682,584,72,0.92,493,6.32
2026-09-11T11:50:10.972,1789107610.9724,585,152,1.95,466,5.97
2026-09-11T11:50:10.974,1789107610.9744,586,-81,-1.04,466,5.97
2026-09-11T11:50:10.977,1789107610.9774,587,-329,-4.22,481,6.17
2026-09-11T11:50:10.983,1789107610.9831,588,109,1.4,481,6.17
2026-09-11T11:50:10.991,1789107610.9911,589,117,1.5,446,5.72
2026-09-11T11:50:10.993,1789107610.9931,590,-120,-1.54,446,5.72
2026-09-11T11:50:11.001,1789107611.0011,591,-335,-4.29,452,5.79
2026-09-11T11:50:11.002,1789107611.0022,592,-166,-2.13,452,5.79
2026-09-11T11:50:11.011,1789107611.0112,593,102,1.31,437,5.6
2026-09-11T11:50:11.023,1789107611.0237,594,-182,-2.33,437,5.6
2026-09-11T11:50:11.027,1789107611.0277,595,-337,-4.32,439,5.63
2026-09-11T11:50:11.030,1789107611.0307,596,-164,-2.1,439,5.63
2026-09-11T11:50:11.031,1789107611.0319,597,72,0.92,409,5.24
2026-09-11T11:50:11.034,1789107611.0349,598,-208,-2.67,409,5.24
2026-09-11T11:50:11.038,1789107611.0389,599,-319,-4.09,391,5.01
2026-09-11T11:50:11.043,1789107611.0439,600,-146,-1.87,391,5.01
2026-09-11T11:50:11.046,1789107611.0469,601,143,1.83,462,5.92
2026-09-11T11:50:11.053,1789107611.0540,602,-230,-2.95,462,5.92
2026-09-11T11:50:11.057,1789107611.0580,603,-321,-4.12,464,5.95
2026-09-11T11:50:11.063,1789107611.0633,604,-132,-1.69,464,5.95
2026-09-11T11:50:11.069,1789107611.0690,605,160,2.05,481,6.17
2026-09-11T11:50:11.075,1789107611.0751,606,-268,-3.44,481,6.17
2026-09-11T11:50:11.076,1789107611.0761,607,-287,-3.68,447,5.73
2026-09-11T11:50:11.090,1789107611.0910,608,-110,-1.41,447,5.73
2026-09-11T11:50:11.095,1789107611.0960,609,158,2.03,445,5.71
2026-09-11T11:50:11.097,1789107611.0980,610,18,0.23,445,5.71
2026-09-11T11:50:11.100,1789107611.1010,611,-249,-3.19,407,5.22
2026-09-11T11:50:11.104,1789107611.1041,612,-64,-0.82,407,5.22
2026-09-11T11:50:11.111,1789107611.1111,613,172,2.21,421,5.4
2026-09-11T11:50:11.119,1789107611.1192,614,7,0.09,421,5.4
2026-09-11T11:50:11.123,1789107611.1234,615,-240,-3.08,412,5.28
2026-09-11T11:50:11.131,1789107611.1317,616,-15,-0.19,412,5.28
2026-09-11T11:50:11.133,1789107611.1338,617,169,2.17,409,5.24
2026-09-11T11:50:11.136,1789107611.1368,618,1,0.01,409,5.24
2026-09-11T11:50:11.140,1789107611.1408,619,-210,-2.69,379,4.86
2026-09-11T11:50:11.141,1789107611.1418,620,31,0.4,379,4.86
2026-09-11T11:50:11.148,1789107611.1488,621,186,2.38,396,5.08
2026-09-11T11:50:11.153,1789107611.1530,622,-26,-0.33,396,5.08
2026-09-11T11:50:11.161,1789107611.1610,623,-306,-3.92,492,6.31
2026-09-11T11:50:11.169,1789107611.1692,624,84,1.08,492,6.31
2026-09-11T11:50:11.173,1789107611.1734,625,171,2.19,477,6.12
2026-09-11T11:50:11.175,1789107611.1754,626,-53,-0.68,477,6.12
2026-09-11T11:50:11.180,1789107611.1809,627,-297,-3.81,468,6.0
2026-09-11T11:50:11.184,1789107611.1840,628,105,1.35,468,6.0
2026-09-11T11:50:11.190,1789107611.1901,629,160,2.05,457,5.86
2026-09-11T11:50:11.194,1789107611.1942,630,-64,-0.82,457,5.86
2026-09-11T11:50:11.196,1789107611.1962,631,-292,-3.74,452,5.79
2026-09-11T11:50:11.208,1789107611.2084,632,-139,-1.78,452,5.79
2026-09-11T11:50:11.211,1789107611.2114,633,165,2.12,457,5.86
2026-09-11T11:50:11.216,1789107611.2165,634,-103,-1.32,457,5.86
2026-09-11T11:50:11.219,1789107611.2195,635,-299,-3.83,464,5.95
2026-09-11T11:50:11.226,1789107611.2266,636,-122,-1.56,464,5.95
2026-09-11T11:50:11.228,1789107611.2286,637,150,1.92,449,5.76
2026-09-11T11:50:11.233,1789107611.2337,638,-155,-1.99,449,5.76
2026-09-11T11:50:11.236,1789107611.2368,639,-286,-3.67,436,5.59
2026-09-11T11:50:11.239,1789107611.2398,640,-93,-1.19,436,5.59
2026-09-11T11:50:11.246,1789107611.2468,641,203,2.6,489,6.27
2026-09-11T11:50:11.252,1789107611.2522,642,-178,-2.28,489,6.27
2026-09-11T11:50:11.255,1789107611.2552,643,-257,-3.29,460,5.9
2026-09-11T11:50:11.273,1789107611.2736,644,-68,-0.87,460,5.9
2026-09-11T11:50:11.278,1789107611.2786,645,216,2.77,473,6.06
2026-09-11T11:50:11.281,1789107611.2812,646,-189,-2.42,473,6.06
2026-09-11T11:50:11.283,1789107611.2833,647,-241,-3.09,457,5.86
2026-09-11T11:50:11.288,1789107611.2883,648,-48,-0.62,457,5.86
2026-09-11T11:50:11.293,1789107611.2933,649,232,2.97,473,6.06
2026-09-11T11:50:11.296,1789107611.2963,650,100,1.28,473,6.06
2026-09-11T11:50:11.303,1789107611.3036,651,-216,-2.77,448,5.74
2026-09-11T11:50:11.306,1789107611.3067,652,-23,-0.29,448,5.74
2026-09-11T11:50:11.312,1789107611.3129,653,241,3.09,457,5.86
2026-09-11T11:50:11.318,1789107611.3189,654,96,1.23,457,5.86
2026-09-11T11:50:11.322,1789107611.3220,655,-192,-2.46,433,5.55
2026-09-11T11:50:11.324,1789107611.3240,656,33,0.42,433,5.55
2026-09-11T11:50:11.327,1789107611.3270,657,245,3.14,437,5.6
2026-09-11T11:50:11.330,1789107611.3300,658,80,1.03,437,5.6
2026-09-11T11:50:11.338,1789107611.3382,659,-179,-2.29,424,5.44
2026-09-11T11:50:11.345,1789107611.3452,660,69,0.88,424,5.44
2026-09-11T11:50:11.347,1789107611.3472,661,245,3.14,424,5.44
2026-09-11T11:50:11.354,1789107611.3544,662,48,0.62,424,5.44
2026-09-11T11:50:11.361,1789107611.3614,663,-236,-3.03,481,6.17
2026-09-11T11:50:11.365,1789107611.3655,664,106,1.36,481,6.17
2026-09-11T11:50:11.371,1789107611.3713,665,241,3.09,477,6.12
2026-09-11T11:50:11.376,1789107611.3764,666,36,0.46,477,6.12
2026-09-11T11:50:11.378,1789107611.3784,667,-244,-3.13,485,6.22
2026-09-11T11:50:11.386,1789107611.3868,668,150,1.92,485,6.22
2026-09-11T11:50:11.388,1789107611.3888,669,229,2.94,473,6.06
2026-09-11T11:50:11.392,1789107611.3928,670,-8,-0.1,473,6.06
2026-09-11T11:50:11.399,1789107611.3998,671,-252,-3.23,481,6.17
2026-09-11T11:50:11.403,1789107611.4039,672,-87,-1.12,481,6.17
2026-09-11T11:50:11.406,1789107611.4069,673,213,2.73,465,5.96
2026-09-11T11:50:11.416,1789107611.4164,674,-32,-0.41,465,5.96
2026-09-11T11:50:11.416,1789107611.4164,675,-252,-3.23,465,5.96
2026-09-11T11:50:11.422,1789107611.4227,676,-95,-1.22,465,5.96
2026-09-11T11:50:11.424,1789107611.4247,677,205,2.63,457,5.86
2026-09-11T11:50:11.430,1789107611.4307,678,-76,-0.97,457,5.86
2026-09-11T11:50:11.437,1789107611.4379,679,-248,-3.18,453,5.81
2026-09-11T11:50:11.451,1789107611.4519,680,-71,-0.91,453,5.81
2026-09-11T11:50:11.457,1789107611.4570,681,229,2.94,477,6.12
2026-09-11T11:50:11.459,1789107611.4590,682,-116,-1.49,477,6.12
2026-09-11T11:50:11.462,1789107611.4623,683,-240,-3.08,469,6.01
2026-09-11T11:50:11.473,1789107611.4736,684,-63,-0.81,469,6.01
2026-09-11T11:50:11.477,1789107611.4776,685,241,3.09,481,6.17
2026-09-11T11:50:11.483,1789107611.4838,686,-168,-2.15,481,6.17
2026-09-11T11:50:11.485,1789107611.4858,687,-244,-3.13,485,6.22
2026-09-11T11:50:11.492,1789107611.4928,688,-55,-0.71,485,6.22
2026-09-11T11:50:11.493,1789107611.4938,689,241,3.09,485,6.22
2026-09-11T11:50:11.497,1789107611.4978,690,137,1.76,485,6.22
2026-09-11T11:50:11.500,1789107611.5008,691,-219,-2.81,460,5.9
2026-09-11T11:50:11.501,1789107611.5017,692,-30,-0.38,460,5.9
2026-09-11T11:50:11.508,1789107611.5089,693,230,2.95,449,5.76
2026-09-11T11:50:11.515,1789107611.5151,694,101,1.29,449,5.76
2026-09-11T11:50:11.521,1789107611.5211,695,-195,-2.5,425,5.45
2026-09-11T11:50:11.525,1789107611.5252,696,-6,-0.08,425,5.45
2026-09-11T11:50:11.531,1789107611.5312,697,242,3.1,437,5.6
2026-09-11T11:50:11.534,1789107611.5343,698,81,1.04,437,5.6
2026-09-11T11:50:11.540,1789107611.5403,699,-190,-2.44,432,5.54
2026-09-11T11:50:11.542,1789107611.5425,700,42,0.54,432,5.54
2026-09-11T11:50:11.549,1789107611.5495,701,234,3.0,424,5.44
2026-09-11T11:50:11.553,1789107611.5536,702,57,0.73,424,5.44
2026-09-11T11:50:11.555,1789107611.5556,703,-251,-3.22,485,6.22
2026-09-11T11:50:11.567,1789107611.5678,704,75,0.96,485,6.22
2026-09-11T11:50:11.571,1789107611.5719,705,238,3.05,489,6.27
2026-09-11T11:50:11.572,1789107611.5729,706,46,0.59,489,6.27
2026-09-11T11:50:11.575,1789107611.5759,707,-251,-3.22,489,6.27
2026-09-11T11:50:11.583,1789107611.5831,708,111,1.42,489,6.27
2026-09-11T11:50:11.590,1789107611.5901,709,227,2.91,478,6.13
2026-09-11T11:50:11.593,1789107611.5935,710,6,0.08,478,6.13
2026-09-11T11:50:11.596,1789107611.5965,711,-266,-3.41,493,6.32
2026-09-11T11:50:11.601,1789107611.6015,712,-141,-1.81,493,6.32
2026-09-11T11:50:11.604,1789107611.6046,713,211,2.71,477,6.12
2026-09-11T11:50:11.617,1789107611.6170,714,-26,-0.33,477,6.12
2026-09-11T11:50:11.617,1789107611.6170,715,-278,-3.56,489,6.27
2026-09-11T11:50:11.633,1789107611.6333,716,-113,-1.45,489,6.27
2026-09-11T11:50:11.639,1789107611.6395,717,195,2.5,473,6.06
2026-09-11T11:50:11.641,1789107611.6415,718,-58,-0.74,473,6.06
2026-09-11T11:50:11.644,1789107611.6445,719,-274,-3.51,469,6.01
2026-09-11T11:50:11.650,1789107611.6505,720,-105,-1.35,469,6.01
2026-09-11T11:50:11.654,1789107611.6546,721,188,2.41,462,5.92
2026-09-11T11:50:11.658,1789107611.6586,722,-126,-1.62,462,5.92
2026-09-11T11:50:11.664,1789107611.6649,723,-277,-3.55,465,5.96
2026-09-11T11:50:11.675,1789107611.6753,724,-84,-1.08,465,5.96
2026-09-11T11:50:11.677,1789107611.6773,725,208,2.67,485,6.22
2026-09-11T11:50:11.681,1789107611.6818,726,-149,-1.91,485,6.22
2026-09-11T11:50:11.683,1789107611.6839,727,-265,-3.4,473,6.06
2026-09-11T11:50:11.684,1789107611.6849,728,-104,-1.33,473,6.06
2026-09-11T11:50:11.686,1789107611.6869,729,201,2.58,466,5.97
2026-09-11T11:50:11.689,1789107611.6899,730,136,1.74,466,5.97
2026-09-11T11:50:11.698,1789107611.6989,731,-268,-3.44,469,6.01
2026-09-11T11:50:11.705,1789107611.7053,732,-91,-1.17,469,6.01
2026-09-11T11:50:11.708,1789107611.7083,733,197,2.53,465,5.96
2026-09-11T11:50:11.717,1789107611.7174,734,77,0.99,465,5.96
2026-09-11T11:50:11.719,1789107611.7194,735,-271,-3.47,468,6.0
2026-09-11T11:50:11.725,1789107611.7255,736,-74,-0.95,468,6.0
2026-09-11T11:50:11.727,1789107611.7275,737,195,2.5,466,5.97
2026-09-11T11:50:11.734,1789107611.7347,738,46,0.59,466,5.97
2026-09-11T11:50:11.738,1789107611.7387,739,-253,-3.24,448,5.74
2026-09-11T11:50:11.747,1789107611.7477,740,-60,-0.77,448,5.74
2026-09-11T11:50:11.750,1789107611.7507,741,172,2.21,425,5.45
2026-09-11T11:50:11.753,1789107611.7538,742,-1,-0.01,425,5.45
2026-09-11T11:50:11.756,1789107611.7568,743,-301,-3.86,473,6.06
2026-09-11T11:50:11.768,1789107611.7683,744,-18,-0.23,473,6.06
2026-09-11T11:50:11.769,1789107611.7693,745,142,1.82,443,5.68
2026-09-11T11:50:11.775,1789107611.7754,746,-39,-0.5,443,5.68
2026-09-11T11:50:11.776,1789107611.7764,747,-355,-4.55,497,6.37
2026-09-11T11:50:11.781,1789107611.7819,748,-32,-0.41,497,6.37
2026-09-11T11:50:11.785,1789107611.7852,749,120,1.54,475,6.09
2026-09-11T11:50:11.792,1789107611.7922,750,-93,-1.19,475,6.09
2026-09-11T11:50:11.808,1789107611.8084,751,-404,-5.18,524,6.72
2026-09-11T11:50:11.813,1789107611.8136,752,-275,-3.53,524,6.72
2026-09-11T11:50:11.817,1789107611.8176,753,75,0.96,479,6.14
2026-09-11T11:50:11.821,1789107611.8218,754,-154,-1.97,479,6.14
2026-09-11T11:50:11.827,1789107611.8278,755,-437,-5.6,512,6.56
2026-09-11T11:50:11.829,1789107611.8298,756,-307,-3.94,512,6.56
2026-09-11T11:50:11.830,1789107611.8308,757,38,0.49,475,6.09
2026-09-11T11:50:11.835,1789107611.8359,758,-194,-2.49,475,6.09
2026-09-11T11:50:11.839,1789107611.8399,759,-446,-5.72,484,6.21
2026-09-11T11:50:11.844,1789107611.8449,760,-268,-3.44,484,6.21
2026-09-11T11:50:11.851,1789107611.8519,761,37,0.47,483,6.19
2026-09-11T11:50:11.855,1789107611.8550,762,-227,-2.91,483,6.19
2026-09-11T11:50:11.859,1789107611.8590,763,-418,-5.36,455,5.83
2026-09-11T11:50:11.867,1789107611.8676,764,-237,-3.04,455,5.83
2026-09-11T11:50:11.869,1789107611.8693,765,64,0.82,482,6.18
2026-09-11T11:50:11.875,1789107611.8751,766,-256,-3.28,482,6.18
2026-09-11T11:50:11.876,1789107611.8761,767,-399,-5.12,463,5.94
2026-09-11T11:50:11.884,1789107611.8846,768,-205,-2.63,463,5.94
2026-09-11T11:50:11.885,1789107611.8856,769,99,1.27,498,6.38
2026-09-11T11:50:11.893,1789107611.8936,770,35,0.45,498,6.38
2026-09-11T11:50:11.900,1789107611.9006,771,-372,-4.77,471,6.04
2026-09-11T11:50:11.902,1789107611.9028,772,-179,-2.29,471,6.04
2026-09-11T11:50:11.911,1789107611.9120,773,126,1.62,498,6.38
2026-09-11T11:50:11.923,1789107611.9232,774,26,0.33,498,6.38
2026-09-11T11:50:11.926,1789107611.9262,775,-333,-4.27,459,5.88
2026-09-11T11:50:11.929,1789107611.9292,776,-124,-1.59,459,5.88
2026-09-11T11:50:11.930,1789107611.9302,777,144,1.85,477,6.12
2026-09-11T11:50:11.935,1789107611.9353,778,12,0.15,477,6.12
2026-09-11T11:50:11.937,1789107611.9373,779,-299,-3.83,443,5.68
2026-09-11T11:50:11.944,1789107611.9445,780,-70,-0.9,443,5.68
2026-09-11T11:50:11.947,1789107611.9475,781,162,2.08,461,5.91
2026-09-11T11:50:11.952,1789107611.9528,782,2,0.03,461,5.91
2026-09-11T11:50:11.956,1789107611.9568,783,-310,-3.97,472,6.05
2026-09-11T11:50:11.962,1789107611.9624,784,-24,-0.31,472,6.05
2026-09-11T11:50:11.968,1789107611.9684,785,172,2.21,482,6.18
2026-09-11T11:50:11.970,1789107611.9704,786,-1,-0.01,482,6.18
2026-09-11T11:50:11.986,1789107611.9865,787,-313,-4.01,485,6.22
2026-09-11T11:50:11.988,1789107611.9885,788,22,0.28,485,6.22
2026-09-11T11:50:11.992,1789107611.9925,789,170,2.18,483,6.19
2026-09-11T11:50:11.994,1789107611.9945,790,1,0.01,483,6.19
2026-09-11T11:50:11.998,1789107611.9984,791,-287,-3.68,457,5.86
2026-09-11T11:50:12.005,1789107612.0051,792,-198,-2.54,457,5.86
2026-09-11T11:50:12.010,1789107612.0101,793,190,2.44,477,6.12
2026-09-11T11:50:12.017,1789107612.0172,794,-26,-0.33,477,6.12
2026-09-11T11:50:12.020,1789107612.0202,795,-298,-3.82,488,6.26
2026-09-11T11:50:12.025,1789107612.0259,796,-161,-2.06,488,6.26
2026-09-11T11:50:12.027,1789107612.0279,797,179,2.29,477,6.12
2026-09-11T11:50:12.034,1789107612.0341,798,-46,-0.59,477,6.12
2026-09-11T11:50:12.038,1789107612.0381,799,-297,-3.81,476,6.1
2026-09-11T11:50:12.041,1789107612.0411,800,-132,-1.69,476,6.1
2026-09-11T11:50:12.049,1789107612.0491,801,156,2.0,453,5.81
2026-09-11T11:50:12.056,1789107612.0563,802,-81,-1.04,453,5.81
2026-09-11T11:50:12.058,1789107612.0583,803,-285,-3.65,441,5.65
2026-09-11T11:50:12.067,1789107612.0675,804,-120,-1.54,441,5.65
2026-09-11T11:50:12.068,1789107612.0685,805,193,2.47,478,6.13
2026-09-11T11:50:12.074,1789107612.0744,806,-121,-1.55,478,6.13
2026-09-11T11:50:12.077,1789107612.0774,807,-272,-3.49,465,5.96
2026-09-11T11:50:12.086,1789107612.0866,808,-91,-1.17,465,5.96
2026-09-11T11:50:12.088,1789107612.0886,809,217,2.78,489,6.27
2026-09-11T11:50:12.098,1789107612.0986,810,172,2.21,489,6.27
2026-09-11T11:50:12.100,1789107612.1006,811,-232,-2.97,449,5.76
2026-09-11T11:50:12.103,1789107612.1040,812,-71,-0.91,449,5.76
2026-09-11T11:50:12.106,1789107612.1070,813,249,3.19,481,6.17
2026-09-11T11:50:12.114,1789107612.1143,814,144,1.85,481,6.17
2026-09-11T11:50:12.120,1789107612.1203,815,-236,-3.03,485,6.22
2026-09-11T11:50:12.122,1789107612.1224,816,-39,-0.5,485,6.22
2026-09-11T11:50:12.127,1789107612.1274,817,257,3.29,493,6.32
2026-09-11T11:50:12.130,1789107612.1304,818,128,1.64,493,6.32
2026-09-11T11:50:12.137,1789107612.1377,819,-199,-2.55,456,5.85
2026-09-11T11:50:12.143,1789107612.1437,820,-7,-0.09,456,5.85
2026-09-11T11:50:12.145,1789107612.1457,821,257,3.29,456,5.85
2026-09-11T11:50:12.163,1789107612.1630,822,120,1.54,456,5.85
2026-09-11T11:50:12.169,1789107612.1690,823,-180,-2.31,437,5.6
2026-09-11T11:50:12.172,1789107612.1724,824,29,0.37,437,5.6
2026-09-11T11:50:12.176,1789107612.1764,825,265,3.4,445,5.71
2026-09-11T11:50:12.182,1789107612.1826,826,96,1.23,445,5.71
2026-09-11T11:50:12.187,1789107612.1876,827,-216,-2.77,481,6.17
2026-09-11T11:50:12.191,1789107612.1916,828,65,0.83,481,6.17
2026-09-11T11:50:12.195,1789107612.1956,829,261,3.35,477,6.12
2026-09-11T11:50:12.197,1789107612.1976,830,84,1.08,477,6.12
2026-09-11T11:50:12.198,1789107612.1986,831,-224,-2.87,485,6.22
2026-09-11T11:50:12.206,1789107612.2067,832,-143,-1.83,485,6.22
2026-09-11T11:50:12.210,1789107612.2107,833,253,3.24,477,6.12
2026-09-11T11:50:12.216,1789107612.2169,834,60,0.77,477,6.12
2026-09-11T11:50:12.218,1789107612.2189,835,-232,-2.97,485,6.22
2026-09-11T11:50:12.222,1789107612.2230,836,-120,-1.54,485,6.22
2026-09-11T11:50:12.227,1789107612.2280,837,260,3.33,492,6.31
2026-09-11T11:50:12.236,1789107612.2368,838,11,0.14,492,6.31
2026-09-11T11:50:12.238,1789107612.2388,839,-237,-3.04,497,6.37
2026-09-11T11:50:12.243,1789107612.2438,840,-92,-1.18,497,6.37
2026-09-11T11:50:12.248,1789107612.2488,841,201,2.58,438,5.62
2026-09-11T11:50:12.250,1789107612.2508,842,-5,-0.06,438,5.62
2026-09-11T11:50:12.256,1789107612.2569,843,-237,-3.04,438,5.62
2026-09-11T11:50:12.268,1789107612.2685,844,-88,-1.13,438,5.62
2026-09-11T11:50:12.270,1789107612.2706,845,216,2.77,453,5.81
2026-09-11T11:50:12.281,1789107612.2815,846,-62,-0.79,453,5.81
2026-09-11T11:50:12.284,1789107612.2848,847,-233,-2.99,449,5.76
2026-09-11T11:50:12.285,1789107612.2858,848,-60,-0.77,449,5.76
2026-09-11T11:50:12.287,1789107612.2878,849,228,2.92,461,5.91
2026-09-11T11:50:12.293,1789107612.2938,850,199,2.55,461,5.91
2026-09-11T11:50:12.296,1789107612.2968,851,-226,-2.9,454,5.82
2026-09-11T11:50:12.305,1789107612.3052,852,-61,-0.78,454,5.82
2026-09-11T11:50:12.309,1789107612.3092,853,256,3.28,482,6.18
2026-09-11T11:50:12.312,1789107612.3122,854,187,2.4,482,6.18
2026-09-11T11:50:12.318,1789107612.3182,855,-234,-3.0,490,6.28
2026-09-11T11:50:12.321,1789107612.3212,856,-45,-0.58,490,6.28
2026-09-11T11:50:12.327,1789107612.3272,857,251,3.22,485,6.22
2026-09-11T11:50:12.330,1789107612.3302,858,154,1.97,485,6.22
2026-09-11T11:50:12.347,1789107612.3472,859,-226,-2.9,477,6.12
2026-09-11T11:50:12.351,1789107612.3512,860,-13,-0.17,477,6.12
2026-09-11T11:50:12.353,1789107612.3533,861,259,3.32,485,6.22
2026-09-11T11:50:12.356,1789107612.3563,862,138,1.77,485,6.22
2026-09-11T11:50:12.362,1789107612.3622,863,-190,-2.44,449,5.76
2026-09-11T11:50:12.370,1789107612.3703,864,19,0.24,449,5.76
2026-09-11T11:50:12.376,1789107612.3765,865,259,3.32,449,5.76
2026-09-11T11:50:12.378,1789107612.3788,866,110,1.41,449,5.76
2026-09-11T11:50:12.386,1789107612.3868,867,-210,-2.69,469,6.01
2026-09-11T11:50:12.389,1789107612.3898,868,59,0.76,469,6.01
2026-09-11T11:50:12.391,1789107612.3918,869,259,3.32,469,6.01
2026-09-11T11:50:12.396,1789107612.3968,870,86,1.1,469,6.01
2026-09-11T11:50:12.397,1789107612.3978,871,-222,-2.85,481,6.17
2026-09-11T11:50:12.399,1789107612.3998,872,-149,-1.91,481,6.17
2026-09-11T11:50:12.408,1789107612.4089,873,263,3.37,485,6.22
2026-09-11T11:50:12.417,1789107612.4176,874,70,0.9,485,6.22
2026-09-11T11:50:12.420,1789107612.4206,875,-238,-3.05,501,6.42
2026-09-11T11:50:12.426,1789107612.4265,876,-122,-1.56,501,6.42
2026-09-11T11:50:12.427,1789107612.4275,877,266,3.41,504,6.46
2026-09-11T11:50:12.433,1789107612.4337,878,45,0.58,504,6.46
2026-09-11T11:50:12.435,1789107612.4357,879,-227,-2.91,493,6.32
2026-09-11T11:50:12.444,1789107612.4447,880,-110,-1.41,493,6.32
2026-09-11T11:50:12.446,1789107612.4467,881,171,2.19,398,5.1
2026-09-11T11:50:12.455,1789107612.4553,882,9,0.12,398,5.1
2026-09-11T11:50:12.458,1789107612.4583,883,-239,-3.06,410,5.26
2026-09-11T11:50:12.467,1789107612.4675,884,-98,-1.26,410,5.26
2026-09-11T11:50:12.468,1789107612.4685,885,198,2.54,437,5.6
2026-09-11T11:50:12.472,1789107612.4727,886,-24,-0.31,437,5.6
2026-09-11T11:50:12.480,1789107612.4807,887,-243,-3.12,441,5.65
2026-09-11T11:50:12.483,1789107612.4837,888,-75,-0.96,441,5.65
2026-09-11T11:50:12.485,1789107612.4857,889,214,2.74,457,5.86
2026-09-11T11:50:12.492,1789107612.4927,890,205,2.63,457,5.86
2026-09-11T11:50:12.495,1789107612.4957,891,-240,-3.08,454,5.82
2026-09-11T11:50:12.502,1789107612.5025,892,-67,-0.86,454,5.82
2026-09-11T11:50:12.520,1789107612.5209,893,230,2.95,470,6.03
2026-09-11T11:50:12.526,1789107612.5269,894,181,2.32,470,6.03
2026-09-11T11:50:12.528,1789107612.5282,895,-252,-3.23,482,6.18
2026-09-11T11:50:12.535,1789107612.5353,896,-67,-0.86,482,6.18
2026-09-11T11:50:12.539,1789107612.5393,897,214,2.74,466,5.97
2026-09-11T11:50:12.543,1789107612.5435,898,145,1.86,466,5.97
2026-09-11T11:50:12.550,1789107612.5505,899,-267,-3.42,481,6.17
2026-09-11T11:50:12.553,1789107612.5536,900,-82,-1.05,481,6.17
2026-09-11T11:50:12.559,1789107612.5596,901,206,2.64,473,6.06
2026-09-11T11:50:12.561,1789107612.5617,902,106,1.36,473,6.06
2026-09-11T11:50:12.562,1789107612.5627,903,-211,-2.71,417,5.35
2026-09-11T11:50:12.568,1789107612.5687,904,-61,-0.78,417,5.35
2026-09-11T11:50:12.570,1789107612.5707,905,207,2.65,418,5.36
2026-09-11T11:50:12.573,1789107612.5739,906,78,1.0,418,5.36
2026-09-11T11:50:12.575,1789107612.5759,907,-238,-3.05,445,5.71
2026-09-11T11:50:12.585,1789107612.5851,908,-32,-0.41,445,5.71
2026-09-11T11:50:12.589,1789107612.5891,909,220,2.82,458,5.87
2026-09-11T11:50:12.595,1789107612.5951,910,71,0.91,458,5.87
2026-09-11T11:50:12.599,1789107612.5991,911,-245,-3.14,465,5.96
2026-09-11T11:50:12.601,1789107612.6011,912,-188,-2.41,465,5.96
2026-09-11T11:50:12.608,1789107612.6082,913,228,2.92,473,6.06
2026-09-11T11:50:12.618,1789107612.6185,914,48,0.62,473,6.06
2026-09-11T11:50:12.619,1789107612.6195,915,-261,-3.35,489,6.27
2026-09-11T11:50:12.630,1789107612.6307,916,-188,-2.41,489,6.27
2026-09-11T11:50:12.633,1789107612.6338,917,237,3.04,498,6.38
2026-09-11T11:50:12.636,1789107612.6368,918,24,0.31,498,6.38
2026-09-11T11:50:12.637,1789107612.6378,919,-268,-3.44,505,6.47
2026-09-11T11:50:12.644,1789107612.6448,920,-171,-2.19,505,6.47
2026-09-11T11:50:12.646,1789107612.6468,921,113,1.45,381,4.88
2026-09-11T11:50:12.652,1789107612.6530,922,0,0.0,381,4.88
2026-09-11T11:50:12.657,1789107612.6580,923,-280,-3.59,393,5.04
2026-09-11T11:50:12.663,1789107612.6632,924,-143,-1.83,393,5.04
2026-09-11T11:50:12.667,1789107612.6678,925,142,1.82,422,5.41
2026-09-11T11:50:12.675,1789107612.6750,926,-28,-0.36,422,5.41
2026-09-11T11:50:12.675,1789107612.6756,927,-283,-3.63,425,5.45
2026-09-11T11:50:12.691,1789107612.6912,928,-122,-1.56,425,5.45
2026-09-11T11:50:12.694,1789107612.6944,929,170,2.18,453,5.81
2026-09-11T11:50:12.699,1789107612.6994,930,193,2.47,476,6.1
2026-09-11T11:50:12.701,1789107612.7014,931,-283,-3.63,476,6.1
2026-09-11T11:50:12.704,1789107612.7045,932,-114,-1.46,476,6.1
2026-09-11T11:50:12.711,1789107612.7112,933,202,2.59,485,6.22
2026-09-11T11:50:12.719,1789107612.7193,934,162,2.08,485,6.22
2026-09-11T11:50:12.724,1789107612.7245,935,-282,-3.62,484,6.21
2026-09-11T11:50:12.732,1789107612.7326,936,-89,-1.14,484,6.21
2026-09-11T11:50:12.734,1789107612.7346,937,211,2.71,493,6.32
2026-09-11T11:50:12.735,1789107612.7356,938,162,2.08,493,6.32
2026-09-11T11:50:12.739,1789107612.7396,939,-146,-1.87,357,4.58
2026-09-11T11:50:12.742,1789107612.7426,940,-85,-1.09,357,4.58
2026-09-11T11:50:12.747,1789107612.7476,941,227,2.91,373,4.78
2026-09-11T11:50:12.750,1789107612.7506,942,131,1.68,373,4.78
2026-09-11T11:50:12.761,1789107612.7620,943,-162,-2.08,389,4.99
2026-09-11T11:50:12.769,1789107612.7700,944,-60,-0.77,389,4.99
2026-09-11T11:50:12.773,1789107612.7731,945,248,3.18,410,5.26
2026-09-11T11:50:12.775,1789107612.7751,946,127,1.63,410,5.26
2026-09-11T11:50:12.782,1789107612.7821,947,-178,-2.28,426,5.46
2026-09-11T11:50:12.783,1789107612.7834,948,4,0.05,426,5.46
2026-09-11T11:50:12.789,1789107612.7894,949,276,3.54,454,5.82
2026-09-11T11:50:12.794,1789107612.7945,950,139,1.78,454,5.82
2026-09-11T11:50:12.796,1789107612.7965,951,-178,-2.28,454,5.82
2026-09-11T11:50:12.805,1789107612.8057,952,-161,-2.06,454,5.82
2026-09-11T11:50:12.809,1789107612.8097,953,299,3.83,477,6.12
2026-09-11T11:50:12.816,1789107612.8169,954,138,1.77,477,6.12
2026-09-11T11:50:12.822,1789107612.8220,955,-162,-2.08,461,5.91
2026-09-11T11:50:12.827,1789107612.8270,956,-110,-1.41,461,5.91
2026-09-11T11:50:12.828,1789107612.8280,957,326,4.18,488,6.26
2026-09-11T11:50:12.833,1789107612.8339,958,157,2.01,488,6.26
2026-09-11T11:50:12.836,1789107612.8369,959,-160,-2.05,486,6.23
2026-09-11T11:50:12.839,1789107612.8399,960,-67,-0.86,486,6.23
2026-09-11T11:50:12.846,1789107612.8469,961,197,2.53,357,4.58
2026-09-11T11:50:12.852,1789107612.8521,962,135,1.73,357,4.58
2026-09-11T11:50:12.864,1789107612.8645,963,-158,-2.03,355,4.55
2026-09-11T11:50:12.875,1789107612.8757,964,-33,-0.42,355,4.55
2026-09-11T11:50:12.876,1789107612.8767,965,239,3.06,397,5.09
2026-09-11T11:50:12.878,1789107612.8787,966,101,1.29,397,5.09
2026-09-11T11:50:12.885,1789107612.8853,967,-171,-2.19,410,5.26
2026-09-11T11:50:12.891,1789107612.8913,968,-27,-0.35,410,5.26
2026-09-11T11:50:12.895,1789107612.8955,969,265,3.4,436,5.59
2026-09-11T11:50:12.901,1789107612.9011,970,304,3.9,475,6.09
2026-09-11T11:50:12.904,1789107612.9042,971,-185,-2.37,489,6.27
2026-09-11T11:50:12.910,1789107612.9102,972,-20,-0.26,489,6.27
2026-09-11T11:50:12.912,1789107612.9125,973,284,3.64,489,6.27
2026-09-11T11:50:12.918,1789107612.9185,974,275,3.53,469,6.01
2026-09-11T11:50:12.920,1789107612.9205,975,-198,-2.54,482,6.18
2026-09-11T11:50:12.924,1789107612.9246,976,-18,-0.23,482,6.18
2026-09-11T11:50:12.931,1789107612.9318,977,282,3.62,480,6.15
2026-09-11T11:50:12.933,1789107612.9338,978,253,3.24,480,6.15
2026-09-11T11:50:12.939,1789107612.9398,979,-72,-0.92,354,4.54
2026-09-11T11:50:12.942,1789107612.9428,980,-35,-0.45,354,4.54
2026-09-11T11:50:12.946,1789107612.9468,981,258,3.31,330,4.23
2026-09-11T11:50:12.953,1789107612.9533,982,193,2.47,330,4.23
2026-09-11T11:50:12.960,1789107612.9603,983,-144,-1.85,402,5.15
2026-09-11T11:50:12.968,1789107612.9684,984,-55,-0.71,402,5.15
2026-09-11T11:50:12.971,1789107612.9714,985,225,2.88,369,4.73
2026-09-11T11:50:12.975,1789107612.9756,986,121,1.55,369,4.73
2026-09-11T11:50:12.983,1789107612.9838,987,-196,-2.51,421,5.4
2026-09-11T11:50:12.987,1789107612.9878,988,-78,-1.0,421,5.4
2026-09-11T11:50:12.991,1789107612.9918,989,190,2.44,386,4.95
2026-09-11T11:50:12.993,1789107612.9938,990,73,0.94,386,4.95
2026-09-11T11:50:12.998,1789107612.9988,991,-263,-3.37,453,5.81
2026-09-11T11:50:13.002,1789107613.0029,992,-270,-3.46,460,5.9
2026-09-11T11:50:13.006,1789107613.0069,993,187,2.4,457,5.86
2026-09-11T11:50:13.016,1789107613.0161,994,11,0.14,457,5.86
2026-09-11T11:50:13.017,1789107613.0171,995,-313,-4.01,500,6.41
2026-09-11T11:50:13.023,1789107613.0233,996,-284,-3.64,500,6.41
2026-09-11T11:50:13.025,1789107613.0253,997,149,1.91,462,5.92
2026-09-11T11:50:13.032,1789107613.0326,998,-23,-0.29,462,5.92
2026-09-11T11:50:13.034,1789107613.0347,999,-339,-4.35,488,6.26
2026-09-11T11:50:13.050,1789107613.0506,1000,-250,-3.21,488,6.26
2026-09-11T11:50:13.055,1789107613.0552,1001,-1,-0.01,338,4.33
2026-09-11T11:50:13.057,1789107613.0573,1002,-14,-0.18,338,4.33
2026-09-11T11:50:13.058,1789107613.0582,1003,-290,-3.72,289,3.71
2026-09-11T11:50:13.073,1789107613.0736,1004,-200,-2.56,289,3.71
2026-09-11T11:50:13.077,1789107613.0779,1005,76,0.97,366,4.69
2026-09-11T11:50:13.082,1789107613.0828,1006,-5,-0.06,366,4.69
2026-09-11T11:50:13.089,1789107613.0899,1007,-285,-3.65,361,4.63
2026-09-11T11:50:13.091,1789107613.0917,1008,-152,-1.95,361,4.63
2026-09-11T11:50:13.095,1789107613.0958,1009,121,1.55,406,5.21
2026-09-11T11:50:13.098,1789107613.0988,1010,200,2.56,485,6.22
2026-09-11T11:50:13.100,1789107613.1008,1011,-276,-3.54,476,6.1
2026-09-11T11:50:13.102,1789107613.1029,1012,-123,-1.58,476,6.1
2026-09-11T11:50:13.108,1789107613.1089,1013,165,2.12,476,6.1
2026-09-11T11:50:13.115,1789107613.1151,1014,189,2.42,465,5.96
2026-09-11T11:50:13.122,1789107613.1223,1015,-296,-3.79,485,6.22
2026-09-11T11:50:13.125,1789107613.1253,1016,-127,-1.63,485,6.22
2026-09-11T11:50:13.127,1789107613.1273,1017,166,2.13,485,6.22
2026-09-11T11:50:13.134,1789107613.1344,1018,165,2.12,462,5.92
2026-09-11T11:50:13.140,1789107613.1404,1019,-123,-1.58,293,3.76
2026-09-11T11:50:13.143,1789107613.1436,1020,-106,-1.36,289,3.71
2026-09-11T11:50:13.150,1789107613.1506,1021,199,2.55,322,4.13
2026-09-11T11:50:13.153,1789107613.1537,1022,158,2.03,322,4.13
2026-09-11T11:50:13.163,1789107613.1637,1023,-139,-1.78,338,4.33
2026-09-11T11:50:13.168,1789107613.1684,1024,-73,-0.94,338,4.33
2026-09-11T11:50:13.171,1789107613.1714,1025,243,3.12,382,4.9
2026-09-11T11:50:13.174,1789107613.1745,1026,170,2.18,382,4.9
2026-09-11T11:50:13.178,1789107613.1785,1027,-151,-1.94,394,5.05
2026-09-11T11:50:13.184,1789107613.1847,1028,-21,-0.27,394,5.05
2026-09-11T11:50:13.187,1789107613.1877,1029,267,3.42,418,5.36
2026-09-11T11:50:13.194,1789107613.1947,1030,166,2.13,418,5.36
2026-09-11T11:50:13.196,1789107613.1967,1031,-171,-2.19,438,5.62
2026-09-11T11:50:13.200,1789107613.2007,1032,-174,-2.23,441,5.65
2026-09-11T11:50:13.206,1789107613.2066,1033,299,3.83,473,6.06
2026-09-11T11:50:13.214,1789107613.2140,1034,165,2.12,473,6.06
2026-09-11T11:50:13.231,1789107613.2320,1035,-163,-2.09,473,6.06
2026-09-11T11:50:13.235,1789107613.2353,1036,-147,-1.88,462,5.92
2026-09-11T11:50:13.239,1789107613.2390,1037,310,3.97,473,6.06
2026-09-11T11:50:13.241,1789107613.2410,1038,156,2.0,473,6.06
2026-09-11T11:50:13.245,1789107613.2451,1039,-160,-2.05,470,6.03
2026-09-11T11:50:13.251,1789107613.2511,1040,-120,-1.54,470,6.03
2026-09-11T11:50:13.255,1789107613.2553,1041,133,1.71,316,4.05
2026-09-11T11:50:13.259,1789107613.2593,1042,151,1.94,311,3.99
2026-09-11T11:50:13.264,1789107613.2646,1043,-182,-2.33,333,4.27
2026-09-11T11:50:13.274,1789107613.2748,1044,-85,-1.09,333,4.27
2026-09-11T11:50:13.277,1789107613.2778,1045,172,2.21,354,4.54
2026-09-11T11:50:13.280,1789107613.2808,1046,122,1.56,354,4.54
2026-09-11T11:50:13.282,1789107613.2829,1047,-175,-2.24,347,4.45
2026-09-11T11:50:13.283,1789107613.2839,1048,-70,-0.9,347,4.45
2026-09-11T11:50:13.285,1789107613.2859,1049,206,2.64,381,4.88
2026-09-11T11:50:13.293,1789107613.2939,1050,293,3.76,468,6.0
2026-09-11T11:50:13.297,1789107613.2979,1051,-188,-2.41,481,6.17
2026-09-11T11:50:13.300,1789107613.3009,1052,-55,-0.71,481,6.17
2026-09-11T11:50:13.308,1789107613.3081,1053,225,2.88,481,6.17
2026-09-11T11:50:13.318,1789107613.3183,1054,276,3.54,464,5.95
2026-09-11T11:50:13.320,1789107613.3203,1055,-205,-2.63,481,6.17
2026-09-11T11:50:13.326,1789107613.3264,1056,-40,-0.51,481,6.17
2026-09-11T11:50:13.331,1789107613.3314,1057,252,3.23,481,6.17
2026-09-11T11:50:13.335,1789107613.3356,1058,251,3.22,457,5.86
2026-09-11T11:50:13.338,1789107613.3386,1059,-26,-0.33,292,3.74
2026-09-11T11:50:13.349,1789107613.3496,1060,-37,-0.47,289,3.71
2026-09-11T11:50:13.353,1789107613.3539,1061,259,3.32,296,3.79
2026-09-11T11:50:13.354,1789107613.3549,1062,218,2.79,296,3.79
2026-09-11T11:50:13.360,1789107613.3609,1063,-67,-0.86,326,4.18
2026-09-11T11:50:13.365,1789107613.3660,1064,-38,-0.49,326,4.18
2026-09-11T11:50:13.370,1789107613.3710,1065,254,3.26,321,4.12
2026-09-11T11:50:13.372,1789107613.3721,1066,189,2.42,321,4.12
2026-09-11T11:50:13.378,1789107613.3785,1067,-128,-1.64,382,4.9
2026-09-11T11:50:13.380,1789107613.3800,1068,-34,-0.44,382,4.9
2026-09-11T11:50:13.386,1789107613.3867,1069,258,3.31,386,4.95
2026-09-11T11:50:13.392,1789107613.3927,1070,165,2.12,386,4.95
2026-09-11T11:50:13.395,1789107613.3957,1071,-156,-2.0,414,5.31
2026-09-11T11:50:13.414,1789107613.4144,1072,-203,-2.6,461,5.91
2026-09-11T11:50:13.418,1789107613.4184,1073,262,3.36,465,5.96
2026-09-11T11:50:13.424,1789107613.4244,1074,153,1.96,465,5.96
2026-09-11T11:50:13.429,1789107613.4294,1075,-176,-2.26,465,5.96
2026-09-11T11:50:13.434,1789107613.4345,1076,-195,-2.5,457,5.86
2026-09-11T11:50:13.438,1789107613.4385,1077,266,3.41,461,5.91
2026-09-11T11:50:13.443,1789107613.4435,1078,121,1.55,461,5.91
2026-09-11T11:50:13.445,1789107613.4455,1079,-204,-2.62,470,6.03
2026-09-11T11:50:13.452,1789107613.4527,1080,-171,-2.19,470,6.03
2026-09-11T11:50:13.454,1789107613.4547,1081,53,0.68,325,4.17
2026-09-11T11:50:13.454,1789107613.4547,1082,96,1.23,300,3.85
2026-09-11T11:50:13.458,1789107613.4587,1083,-212,-2.72,308,3.95
2026-09-11T11:50:13.468,1789107613.4689,1084,-163,-2.09,308,3.95
2026-09-11T11:50:13.472,1789107613.4721,1085,81,1.04,308,3.95
2026-09-11T11:50:13.474,1789107613.4741,1086,56,0.72,293,3.76
2026-09-11T11:50:13.477,1789107613.4771,1087,-232,-2.97,313,4.01
2026-09-11T11:50:13.484,1789107613.4844,1088,-135,-1.73,313,4.01
2026-09-11T11:50:13.487,1789107613.4876,1089,117,1.5,349,4.47
2026-09-11T11:50:13.493,1789107613.4930,1090,257,3.29,489,6.27
2026-09-11T11:50:13.496,1789107613.4960,1091,-240,-3.08,497,6.37
2026-09-11T11:50:13.502,1789107613.5021,1092,-123,-1.58,497,6.37
2026-09-11T11:50:13.510,1789107613.5101,1093,165,2.12,497,6.37
2026-09-11T11:50:13.521,1789107613.5220,1094,244,3.13,484,6.21
2026-09-11T11:50:13.523,1789107613.5232,1095,-249,-3.19,493,6.32
2026-09-11T11:50:13.526,1789107613.5262,1096,-96,-1.23,493,6.32
2026-09-11T11:50:13.529,1789107613.5292,1097,201,2.58,493,6.32
2026-09-11T11:50:13.532,1789107613.5323,1098,232,2.97,481,6.17
2026-09-11T11:50:13.539,1789107613.5393,1099,-29,-0.37,328,4.21
2026-09-11T11:50:13.543,1789107613.5435,1100,-84,-1.08,316,4.05
2026-09-11T11:50:13.548,1789107613.5485,1101,205,2.63,316,4.05
2026-09-11T11:50:13.551,1789107613.5516,1102,212,2.72,296,3.79
2026-09-11T11:50:13.554,1789107613.5546,1103,-69,-0.88,296,3.79
2026-09-11T11:50:13.566,1789107613.5669,1104,-72,-0.92,284,3.64
2026-09-11T11:50:13.568,1789107613.5689,1105,240,3.08,312,4.0
2026-09-11T11:50:13.572,1789107613.5729,1106,183,2.35,312,4.0
2026-09-11T11:50:13.587,1789107613.5880,1107,-129,-1.65,369,4.73
2026-09-11T11:50:13.594,1789107613.5950,1108,-92,-1.18,369,4.73
2026-09-11T11:50:13.595,1789107613.5960,1109,-879,-11.27,1062,13.62
2026-09-11T11:50:13.597,1789107613.5980,1110,-980,-12.56,888,11.38
2026-09-11T11:50:13.603,1789107613.6031,1111,-144,-1.85,888,11.38
2026-09-11T11:50:13.609,1789107613.6091,1112,84,1.08,1064,13.64
2026-09-11T11:50:13.613,1789107613.6133,1113,-1011,-12.96,1095,14.04
2026-09-11T11:50:13.621,1789107613.6213,1114,-703,-9.01,1095,14.04
2026-09-11T11:50:13.628,1789107613.6284,1115,124,1.59,1135,14.55
2026-09-11T11:50:13.631,1789107613.6314,1116,212,2.72,1223,15.68
2026-09-11T11:50:13.636,1789107613.6365,1117,-896,-11.49,1108,14.21
2026-09-11T11:50:13.637,1789107613.6375,1118,-549,-7.04,1108,14.21
2026-09-11T11:50:13.639,1789107613.6395,1119,281,3.6,1177,15.09
2026-09-11T11:50:13.641,1789107613.6415,1120,284,3.64,1180,15.13
2026-09-11T11:50:13.648,1789107613.6485,1121,-213,-2.73,833,10.68
2026-09-11T11:50:13.654,1789107613.6547,1122,-377,-4.83,661,8.47
2026-09-11T11:50:13.657,1789107613.6577,1123,400,5.13,777,9.96
2026-09-11T11:50:13.667,1789107613.6679,1124,307,3.94,777,9.96
2026-09-11T11:50:13.669,1789107613.6699,1125,-226,-2.9,777,9.96
2026-09-11T11:50:13.676,1789107613.6760,1126,-271,-3.47,671,8.6
2026-09-11T11:50:13.678,1789107613.6780,1127,502,6.44,773,9.91
2026-09-11T11:50:13.685,1789107613.6854,1128,332,4.26,773,9.91
2026-09-11T11:50:13.688,1789107613.6884,1129,-249,-3.19,773,9.91
2026-09-11T11:50:13.698,1789107613.6984,1130,-628,-8.05,1130,14.49
2026-09-11T11:50:13.700,1789107613.7004,1131,599,7.68,1227,15.73
2026-09-11T11:50:13.703,1789107613.7036,1132,317,4.06,1227,15.73
2026-09-11T11:50:13.709,1789107613.7096,1133,-273,-3.5,1227,15.73
2026-09-11T11:50:13.717,1789107613.7177,1134,-540,-6.92,1139,14.6
2026-09-11T11:50:13.719,1789107613.7197,1135,675,8.65,1215,15.58
2026-09-11T11:50:13.724,1789107613.7248,1136,324,4.15,1215,15.58
2026-09-11T11:50:13.726,1789107613.7268,1137,-333,-4.27,1215,15.58
2026-09-11T11:50:13.731,1789107613.7318,1138,-480,-6.15,1155,14.81
2026-09-11T11:50:13.734,1789107613.7348,1139,118,1.51,804,10.31
2026-09-11T11:50:13.740,1789107613.7408,1140,299,3.83,779,9.99
2026-09-11T11:50:13.747,1789107613.7478,1141,-374,-4.79,779,9.99
2026-09-11T11:50:13.758,1789107613.7582,1142,-437,-5.6,736,9.44
2026-09-11T11:50:13.763,1789107613.7634,1143,201,2.58,736,9.44
2026-09-11T11:50:13.771,1789107613.7714,1144,269,3.45,706,9.05
2026-09-11T11:50:13.775,1789107613.7758,1145,-412,-5.28,706,9.05
2026-09-11T11:50:13.782,1789107613.7821,1146,-386,-4.95,681,8.73
2026-09-11T11:50:13.787,1789107613.7876,1147,299,3.83,711,9.12
2026-09-11T11:50:13.791,1789107613.7916,1148,231,2.96,711,9.12
2026-09-11T11:50:13.795,1789107613.7958,1149,-422,-5.41,721,9.24
2026-09-11T11:50:13.803,1789107613.8038,1150,-288,-3.69,721,9.24
2026-09-11T11:50:13.806,1789107613.8060,1151,369,4.73,791,10.14
2026-09-11T11:50:13.810,1789107613.8100,1152,556,7.13,978,12.54
2026-09-11T11:50:13.813,1789107613.8131,1153,-295,-3.78,851,10.91
2026-09-11T11:50:13.816,1789107613.8161,1154,-110,-1.41,851,10.91
2026-09-11T11:50:13.821,1789107613.8211,1155,271,3.47,851,10.91
2026-09-11T11:50:13.825,1789107613.8253,1156,169,2.17,566,7.26
2026-09-11T11:50:13.827,1789107613.8273,1157,189,2.42,381,4.88
2026-09-11T11:50:13.834,1789107613.8345,1158,160,2.05,111,1.42
2026-09-11T11:50:13.840,1789107613.8405,1159,-132,-1.69,321,4.12
2026-09-11T11:50:13.844,1789107613.8445,1160,-144,-1.85,333,4.27
2026-09-11T11:50:13.850,1789107613.8505,1161,97,1.24,304,3.9
2026-09-11T11:50:13.852,1789107613.8527,1162,243,3.12,387,4.96
2026-09-11T11:50:13.857,1789107613.8577,1163,-82,-1.05,387,4.96
2026-09-11T11:50:13.867,1789107613.8678,1164,-62,-0.79,325,4.17
2026-09-11T11:50:13.875,1789107613.8758,1165,178,2.28,325,4.17
2026-09-11T11:50:13.877,1789107613.8778,1166,248,3.18,330,4.23
2026-09-11T11:50:13.881,1789107613.8820,1167,-93,-1.19,341,4.37
2026-09-11T11:50:13.883,1789107613.8835,1168,-17,-0.22,341,4.37
2026-09-11T11:50:13.886,1789107613.8865,1169,235,3.01,341,4.37
2026-09-11T11:50:13.893,1789107613.8935,1170,450,5.77,543,6.96
2026-09-11T11:50:13.898,1789107613.8988,1171,-76,-0.97,526,6.74
2026-09-11T11:50:13.900,1789107613.9009,1172,20,0.26,526,6.74
2026-09-11T11:50:13.905,1789107613.9058,1173,300,3.85,526,6.74
2026-09-11T11:50:13.917,1789107613.9176,1174,459,5.88,535,6.86
2026-09-11T11:50:13.917,1789107613.9176,1175,-72,-0.92,531,6.81
2026-09-11T11:50:13.923,1789107613.9236,1176,36,0.46,531,6.81
2026-09-11T11:50:13.935,1789107613.9353,1177,340,4.36,531,6.81
2026-09-11T11:50:13.941,1789107613.9414,1178,435,5.58,507,6.5
2026-09-11T11:50:13.947,1789107613.9475,1179,197,2.53,399,5.12
2026-09-11T11:50:13.950,1789107613.9505,1180,69,0.88,366,4.69
2026-09-11T11:50:13.953,1789107613.9536,1181,385,4.94,366,4.69
2026-09-11T11:50:13.960,1789107613.9606,1182,439,5.63,370,4.74
2026-09-11T11:50:13.965,1789107613.9658,1183,157,2.01,370,4.74
2026-09-11T11:50:13.972,1789107613.9730,1184,93,1.19,346,4.44
2026-09-11T11:50:13.980,1789107613.9810,1185,397,5.09,346,4.44
2026-09-11T11:50:13.982,1789107613.9821,1186,403,5.17,310,3.97
2026-09-11T11:50:13.985,1789107613.9856,1187,102,1.31,310,3.97
2026-09-11T11:50:13.989,1789107613.9896,1188,106,1.36,301,3.86
2026-09-11T11:50:13.991,1789107613.9916,1189,437,5.6,335,4.29
2026-09-11T11:50:13.992,1789107613.9927,1190,395,5.06,335,4.29
2026-09-11T11:50:13.995,1789107613.9957,1191,74,0.95,363,4.65
2026-09-11T11:50:14.003,1789107614.0030,1192,-58,-0.74,495,6.35
2026-09-11T11:50:14.011,1789107614.0110,1193,465,5.96,523,6.71
2026-09-11T11:50:14.015,1789107614.0152,1194,383,4.91,523,6.71
2026-09-11T11:50:14.021,1789107614.0212,1195,46,0.59,523,6.71
2026-09-11T11:50:14.024,1789107614.0244,1196,-58,-0.74,523,6.71
2026-09-11T11:50:14.030,1789107614.0304,1197,461,5.91,519,6.65
2026-09-11T11:50:14.032,1789107614.0325,1198,344,4.41,519,6.65
2026-09-11T11:50:14.039,1789107614.0395,1199,-2,-0.03,519,6.65
2026-09-11T11:50:14.043,1789107614.0435,1200,-22,-0.28,483,6.19
2026-09-11T11:50:14.046,1789107614.0465,1201,174,2.23,366,4.69
2026-09-11T11:50:14.053,1789107614.0539,1202,328,4.21,350,4.49
2026-09-11T11:50:14.059,1789107614.0599,1203,-6,-0.08,350,4.49
2026-09-11T11:50:14.066,1789107614.0661,1204,-1,-0.01,334,4.28
2026-09-11T11:50:14.071,1789107614.0711,1205,199,2.55,334,4.28
2026-09-11T11:50:14.076,1789107614.0762,1206,296,3.79,302,3.87
2026-09-11T11:50:14.077,1789107614.0772,1207,-45,-0.58,341,4.37
2026-09-11T11:50:14.082,1789107614.0824,1208,-5,-0.06,341,4.37
2026-09-11T11:50:14.086,1789107614.0869,1209,251,3.22,341,4.37
2026-09-11T11:50:14.089,1789107614.0899,1210,450,5.77,495,6.35
2026-09-11T11:50:14.096,1789107614.0969,1211,-69,-0.88,519,6.65
2026-09-11T11:50:14.101,1789107614.1019,1212,12,0.15,519,6.65
2026-09-11T11:50:14.104,1789107614.1049,1213,267,3.42,519,6.65
2026-09-11T11:50:14.122,1789107614.1221,1214,434,5.56,503,6.45
2026-09-11T11:50:14.126,1789107614.1261,1215,-88,-1.13,522,6.69
2026-09-11T11:50:14.128,1789107614.1281,1216,28,0.36,522,6.69
2026-09-11T11:50:14.131,1789107614.1311,1217,304,3.9,522,6.69
2026-09-11T11:50:14.136,1789107614.1362,1218,427,5.47,515,6.6
2026-09-11T11:50:14.141,1789107614.1412,1219,189,2.42,399,5.12
2026-09-11T11:50:14.146,1789107614.1462,1220,25,0.32,402,5.15
2026-09-11T11:50:14.150,1789107614.1502,1221,333,4.27,402,5.15
2026-09-11T11:50:14.158,1789107614.1584,1222,416,5.33,391,5.01
2026-09-11T11:50:14.160,1789107614.1604,1223,146,1.87,391,5.01
2026-09-11T11:50:14.167,1789107614.1675,1224,74,0.95,342,4.38
2026-09-11T11:50:14.168,1789107614.1685,1225,421,5.4,347,4.45
2026-09-11T11:50:14.176,1789107614.1766,1226,464,5.95,390,5.0
2026-09-11T11:50:14.178,1789107614.1786,1227,166,2.13,390,5.0
2026-09-11T11:50:14.185,1789107614.1853,1228,137,1.76,327,4.19
2026-09-11T11:50:14.189,1789107614.1893,1229,453,5.81,327,4.19
2026-09-11T11:50:14.191,1789107614.1913,1230,435,5.58,316,4.05
2026-09-11T11:50:14.198,1789107614.1984,1231,105,1.35,348,4.46
2026-09-11T11:50:14.200,1789107614.2004,1232,-67,-0.86,520,6.67
2026-09-11T11:50:14.207,1789107614.2076,1233,449,5.76,516,6.62
2026-09-11T11:50:14.218,1789107614.2189,1234,391,5.01,516,6.62
2026-09-11T11:50:14.222,1789107614.2220,1235,46,0.59,516,6.62
2026-09-11T11:50:14.230,1789107614.2300,1236,-55,-0.71,504,6.46
2026-09-11T11:50:14.231,1789107614.2310,1237,445,5.71,500,6.41
2026-09-11T11:50:14.236,1789107614.2362,1238,359,4.6,500,6.41
2026-09-11T11:50:14.237,1789107614.2372,1239,18,0.23,500,6.41
2026-09-11T11:50:14.245,1789107614.2452,1240,-74,-0.95,519,6.65
2026-09-11T11:50:14.248,1789107614.2482,1241,130,1.67,433,5.55
2026-09-11T11:50:14.252,1789107614.2522,1242,316,4.05,390,5.0
2026-09-11T11:50:14.259,1789107614.2593,1243,-41,-0.53,390,5.0
2026-09-11T11:50:14.267,1789107614.2675,1244,-61,-0.78,377,4.83
2026-09-11T11:50:14.268,1789107614.2684,1245,143,1.83,377,4.83
2026-09-11T11:50:14.273,1789107614.2737,1246,289,3.71,350,4.49
2026-09-11T11:50:14.288,1789107614.2886,1247,-60,-0.77,350,4.49
2026-09-11T11:50:14.297,1789107614.2973,1248,-36,-0.46,349,4.47
2026-09-11T11:50:14.301,1789107614.3014,1249,192,2.46,349,4.47
2026-09-11T11:50:14.302,1789107614.3025,1250,435,5.58,495,6.35
2026-09-11T11:50:14.307,1789107614.3075,1251,-95,-1.22,530,6.79
2026-09-11T11:50:14.312,1789107614.3126,1252,-11,-0.14,530,6.79
2026-09-11T11:50:14.316,1789107614.3166,1253,217,2.78,530,6.79
2026-09-11T11:50:14.325,1789107614.3258,1254,420,5.38,515,6.6
2026-09-11T11:50:14.328,1789107614.3288,1255,-114,-1.46,534,6.85
2026-09-11T11:50:14.336,1789107614.3360,1256,-10,-0.13,534,6.85
2026-09-11T11:50:14.338,1789107614.3380,1257,262,3.36,534,6.85
2026-09-11T11:50:14.341,1789107614.3410,1258,421,5.4,535,6.86
2026-09-11T11:50:14.344,1789107614.3440,1259,183,2.35,431,5.53
2026-09-11T11:50:14.345,1789107614.3450,1260,3,0.04,418,5.36
2026-09-11T11:50:14.347,1789107614.3470,1261,299,3.83,418,5.36
2026-09-11T11:50:14.354,1789107614.3542,1262,394,5.05,391,5.01
2026-09-11T11:50:14.360,1789107614.3602,1263,160,2.05,391,5.01
2026-09-11T11:50:14.365,1789107614.3653,1264,32,0.41,362,4.64
2026-09-11T11:50:14.371,1789107614.3713,1265,340,4.36,362,4.64
2026-09-11T11:50:14.375,1789107614.3754,1266,383,4.91,351,4.5
2026-09-11T11:50:14.377,1789107614.3774,1267,137,1.76,351,4.5
2026-09-11T11:50:14.383,1789107614.3839,1268,45,0.58,338,4.33
2026-09-11T11:50:14.391,1789107614.3914,1269,373,4.78,338,4.33
2026-09-11T11:50:14.395,1789107614.3956,1270,392,5.03,347,4.45
2026-09-11T11:50:14.397,1789107614.3976,1271,90,1.15,347,4.45
2026-09-11T11:50:14.407,1789107614.4078,1272,-98,-1.26,490,6.28
2026-09-11T11:50:14.410,1789107614.4110,1273,430,5.51,528,6.77
2026-09-11T11:50:14.417,1789107614.4172,1274,400,5.13,528,6.77
2026-09-11T11:50:14.421,1789107614.4212,1275,79,1.01,528,6.77
2026-09-11T11:50:14.424,1789107614.4243,1276,-58,-0.74,488,6.26
2026-09-11T11:50:14.426,1789107614.4263,1277,454,5.82,512,6.56
2026-09-11T11:50:14.435,1789107614.4355,1278,388,4.97,512,6.56
2026-09-11T11:50:14.437,1789107614.4375,1279,27,0.35,512,6.56
2026-09-11T11:50:14.439,1789107614.4395,1280,-53,-0.68,507,6.5
2026-09-11T11:50:14.446,1789107614.4465,1281,123,1.58,441,5.65
2026-09-11T11:50:14.452,1789107614.4528,1282,353,4.53,406,5.21
2026-09-11T11:50:14.454,1789107614.4548,1283,-17,-0.22,406,5.21
2026-09-11T11:50:14.477,1789107614.4774,1284,-61,-0.78,414,5.31
2026-09-11T11:50:14.481,1789107614.4814,1285,144,1.85,414,5.31
2026-09-11T11:50:14.482,1789107614.4826,1286,297,3.81,358,4.59
2026-09-11T11:50:14.487,1789107614.4871,1287,-56,-0.72,358,4.59
2026-09-11T11:50:14.492,1789107614.4923,1288,-44,-0.56,353,4.53
2026-09-11T11:50:14.497,1789107614.4973,1289,160,2.05,353,4.53
2026-09-11T11:50:14.500,1789107614.5003,1290,436,5.59,492,6.31
2026-09-11T11:50:14.505,1789107614.5055,1291,-55,-0.71,491,6.29
2026-09-11T11:50:14.507,1789107614.5075,1292,-19,-0.24,491,6.29
2026-09-11T11:50:14.515,1789107614.5156,1293,221,2.83,491,6.29
2026-09-11T11:50:14.520,1789107614.5206,1294,456,5.85,511,6.55
2026-09-11T11:50:14.524,1789107614.5247,1295,-70,-0.9,526,6.74
2026-09-11T11:50:14.525,1789107614.5257,1296,2,0.03,526,6.74
2026-09-11T11:50:14.526,1789107614.5267,1297,238,3.05,526,6.74
2026-09-11T11:50:14.534,1789107614.5345,1298,437,5.6,507,6.5
2026-09-11T11:50:14.536,1789107614.5365,1299,215,2.76,435,5.58
2026-09-11T11:50:14.544,1789107614.5445,1300,-5,-0.06,442,5.67
2026-09-11T11:50:14.550,1789107614.5505,1301,275,3.53,442,5.67
2026-09-11T11:50:14.554,1789107614.5546,1302,414,5.31,419,5.37
2026-09-11T11:50:14.560,1789107614.5606,1303,176,2.26,419,5.37
2026-09-11T11:50:14.570,1789107614.5707,1304,12,0.15,402,5.15
2026-09-11T11:50:14.573,1789107614.5739,1305,300,3.85,402,5.15
2026-09-11T11:50:14.575,1789107614.5759,1306,383,4.91,371,4.76
2026-09-11T11:50:14.584,1789107614.5842,1307,129,1.65,371,4.76
2026-09-11T11:50:14.587,1789107614.5872,1308,-139,-1.78,522,6.69
2026-09-11T11:50:14.591,1789107614.5912,1309,321,4.12,522,6.69
2026-09-11T11:50:14.593,1789107614.5934,1310,348,4.46,487,6.24
2026-09-11T11:50:14.596,1789107614.5964,1311,71,0.91,487,6.24
2026-09-11T11:50:14.603,1789107614.6035,1312,-158,-2.03,506,6.49
2026-09-11T11:50:14.609,1789107614.6095,1313,347,4.45,506,6.49
2026-09-11T11:50:14.615,1789107614.6157,1314,337,4.32,505,6.47
2026-09-11T11:50:14.617,1789107614.6177,1315,16,0.21,505,6.47
2026-09-11T11:50:14.621,1789107614.6217,1316,-164,-2.1,511,6.55
2026-09-11T11:50:14.627,1789107614.6277,1317,345,4.42,509,6.53
2026-09-11T11:50:14.631,1789107614.6315,1318,295,3.78,509,6.53
2026-09-11T11:50:14.649,1789107614.6497,1319,-38,-0.49,509,6.53
2026-09-11T11:50:14.653,1789107614.6538,1320,-166,-2.13,511,6.55
2026-09-11T11:50:14.659,1789107614.6598,1321,43,0.55,461,5.91
2026-09-11T11:50:14.661,1789107614.6620,1322,249,3.19,415,5.32
2026-09-11T11:50:14.664,1789107614.6650,1323,-100,-1.28,415,5.32
2026-09-11T11:50:14.676,1789107614.6761,1324,-163,-2.09,412,5.28
2026-09-11T11:50:14.681,1789107614.6811,1325,37,0.47,412,5.28
2026-09-11T11:50:14.685,1789107614.6853,1326,224,2.87,387,4.96
2026-09-11T11:50:14.693,1789107614.6939,1327,-125,-1.6,387,4.96
2026-09-11T11:50:14.695,1789107614.6956,1328,-148,-1.9,372,4.77
2026-09-11T11:50:14.697,1789107614.6972,1329,64,0.82,372,4.77
2026-09-11T11:50:14.700,1789107614.7009,1330,336,4.31,484,6.21
2026-09-11T11:50:14.703,1789107614.7033,1331,-162,-2.08,498,6.38
2026-09-11T11:50:14.705,1789107614.7053,1332,-161,-2.06,498,6.38
2026-09-11T11:50:14.706,1789107614.7063,1333,63,0.81,498,6.38
2026-09-11T11:50:14.717,1789107614.7175,1334,331,4.24,493,6.32
2026-09-11T11:50:14.719,1789107614.7195,1335,-207,-2.65,538,6.9
2026-09-11T11:50:14.726,1789107614.7266,1336,-158,-2.03,538,6.9
2026-09-11T11:50:14.728,1789107614.7286,1337,86,1.1,538,6.9
2026-09-11T11:50:14.735,1789107614.7357,1338,318,4.08,525,6.73
2026-09-11T11:50:14.738,1789107614.7387,1339,93,1.19,476,6.1
2026-09-11T11:50:14.745,1789107614.7457,1340,-194,-2.49,512,6.56
2026-09-11T11:50:14.749,1789107614.7497,1341,118,1.51,512,6.56
2026-09-11T11:50:14.753,1789107614.7538,1342,190,2.44,384,4.92
2026-09-11T11:50:14.757,1789107614.7578,1343,-583,-7.47,773,9.91
2026-09-11T11:50:14.770,1789107614.7710,1344,-1410,-18.08,1600,20.51
2026-09-11T11:50:14.774,1789107614.7743,1345,-436,-5.59,1600,20.51
2026-09-11T11:50:14.776,1789107614.7763,1346,-58,-0.74,1352,17.33
2026-09-11T11:50:14.777,1789107614.7773,1347,-842,-10.79,1352,17.33
2026-09-11T11:50:14.783,1789107614.7838,1348,-1839,-23.58,1781,22.83
2026-09-11T11:50:14.790,1789107614.7904,1349,-342,-4.38,1781,22.83
2026-09-11T11:50:14.792,1789107614.7924,1350,-85,-1.09,1754,22.49
2026-09-11T11:50:14.798,1789107614.7984,1351,-905,-11.6,1754,22.49
2026-09-11T11:50:14.800,1789107614.8004,1352,-1785,-22.88,1700,21.79
2026-09-11T11:50:14.807,1789107614.8076,1353,-158,-2.03,1700,21.79
2026-09-11T11:50:14.817,1789107614.8176,1354,-41,-0.53,1744,22.36
2026-09-11T11:50:14.818,1789107614.8186,1355,-937,-12.01,1744,22.36
2026-09-11T11:50:14.830,1789107614.8309,1356,-1641,-21.04,1600,20.51
2026-09-11T11:50:14.835,1789107614.8350,1357,37,0.47,1678,21.51
2026-09-11T11:50:14.840,1789107614.8400,1358,9,0.12,1678,21.51
2026-09-11T11:50:14.843,1789107614.8432,1359,-987,-12.65,1678,21.51
2026-09-11T11:50:14.847,1789107614.8472,1360,-1531,-19.63,1568,20.1
2026-09-11T11:50:14.852,1789107614.8526,1361,-889,-11.4,1540,19.74
2026-09-11T11:50:14.857,1789107614.8576,1362,38,0.49,1569,20.12
2026-09-11T11:50:14.861,1789107614.8617,1363,-1047,-13.42,1569,20.12
2026-09-11T11:50:14.870,1789107614.8708,1364,-1438,-18.44,1476,18.92
2026-09-11T11:50:14.877,1789107614.8779,1365,-753,-9.65,1476,18.92
2026-09-11T11:50:14.880,1789107614.8809,1366,13,0.17,1451,18.6
2026-09-11T11:50:14.884,1789107614.8840,1367,-1123,-14.4,1451,18.6
2026-09-11T11:50:14.887,1789107614.8876,1368,-1347,-17.27,1360,17.44
2026-09-11T11:50:14.890,1789107614.8902,1369,-621,-7.96,1360,17.44
2026-09-11T11:50:14.892,1789107614.8922,1370,409,5.24,1756,22.51
2026-09-11T11:50:14.899,1789107614.8994,1371,-1137,-14.58,1756,22.51
2026-09-11T11:50:14.901,1789107614.9014,1372,-1176,-15.08,1585,20.32
2026-09-11T11:50:14.910,1789107614.9105,1373,-448,-5.74,1585,20.32
2026-09-11T11:50:14.916,1789107614.9166,1374,398,5.1,1574,20.18
2026-09-11T11:50:14.920,1789107614.9210,1375,-1051,-13.47,1574,20.18
2026-09-11T11:50:14.924,1789107614.9250,1376,-951,-12.19,1449,18.58
2026-09-11T11:50:14.928,1789107614.9290,1377,-299,-3.83,1449,18.58
2026-09-11T11:50:14.935,1789107614.9354,1378,310,3.97,1361,17.45
2026-09-11T11:50:14.939,1789107614.9394,1379,-95,-1.22,1261,16.17
2026-09-11T11:50:14.941,1789107614.9414,1380,-739,-9.47,1049,13.45
2026-09-11T11:50:14.952,1789107614.9528,1381,-152,-1.95,1049,13.45
2026-09-11T11:50:14.955,1789107614.9558,1382,260,3.33,999,12.81
2026-09-11T11:50:14.958,1789107614.9588,1383,-133,-1.71,999,12.81
2026-09-11T11:50:14.968,1789107614.9681,1384,-394,-5.05,654,8.38
2026-09-11T11:50:14.972,1789107614.9723,1385,96,1.23,654,8.38
2026-09-11T11:50:14.974,1789107614.9743,1386,295,3.78,689,8.83
2026-09-11T11:50:14.978,1789107614.9783,1387,42,0.54,689,8.83
2026-09-11T11:50:14.982,1789107614.9825,1388,-250,-3.21,545,6.99
2026-09-11T11:50:14.985,1789107614.9855,1389,259,3.32,545,6.99
2026-09-11T11:50:14.991,1789107614.9916,1390,378,4.85,628,8.05
2026-09-11T11:50:14.995,1789107614.9956,1391,113,1.45,628,8.05
2026-09-11T11:50:15.001,1789107615.0011,1392,-148,-1.9,526,6.74
2026-09-11T11:50:15.014,1789107615.0145,1393,337,4.32,526,6.74
2026-09-11T11:50:15.023,1789107615.0236,1394,384,4.92,532,6.82
2026-09-11T11:50:15.025,1789107615.0256,1395,110,1.41,532,6.82
2026-09-11T11:50:15.029,1789107615.0296,1396,-118,-1.51,502,6.44
2026-09-11T11:50:15.034,1789107615.0349,1397,394,5.05,512,6.56
2026-09-11T11:50:15.039,1789107615.0399,1398,412,5.28,530,6.79
2026-09-11T11:50:15.044,1789107615.0449,1399,99,1.27,530,6.79
2026-09-11T11:50:15.049,1789107615.0499,1400,-90,-1.15,502,6.44
2026-09-11T11:50:15.052,1789107615.0520,1401,107,1.37,502,6.44
2026-09-11T11:50:15.059,1789107615.0590,1402,409,5.24,499,6.4
2026-09-11T11:50:15.061,1789107615.0614,1403,75,0.96,499,6.4
2026-09-11T11:50:15.068,1789107615.0684,1404,-73,-0.94,482,6.18
2026-09-11T11:50:15.070,1789107615.0704,1405,127,1.63,482,6.18
2026-09-11T11:50:15.072,1789107615.0725,1406,381,4.88,454,5.82
2026-09-11T11:50:15.074,1789107615.0745,1407,11,0.14,454,5.82
2026-09-11T11:50:15.082,1789107615.0827,1408,-45,-0.58,426,5.46
2026-09-11T11:50:15.091,1789107615.0912,1409,139,1.78,426,5.46
2026-09-11T11:50:15.092,1789107615.0922,1410,467,5.99,512,6.56
2026-09-11T11:50:15.099,1789107615.0992,1411,-1,-0.01,512,6.56
2026-09-11T11:50:15.103,1789107615.1035,1412,-37,-0.47,504,6.46
2026-09-11T11:50:15.106,1789107615.1065,1413,160,2.05,504,6.46
2026-09-11T11:50:15.118,1789107615.1181,1414,459,5.88,496,6.36
2026-09-11T11:50:15.122,1789107615.1222,1415,-32,-0.41,496,6.36
2026-09-11T11:50:15.124,1789107615.1242,1416,-28,-0.36,491,6.29
2026-09-11T11:50:15.127,1789107615.1272,1417,196,2.51,491,6.29
2026-09-11T11:50:15.134,1789107615.1344,1418,463,5.94,495,6.35
2026-09-11T11:50:15.139,1789107615.1394,1419,298,3.82,491,6.29
2026-09-11T11:50:15.141,1789107615.1414,1420,-19,-0.24,482,6.18
2026-09-11T11:50:15.149,1789107615.1496,1421,241,3.09,482,6.18
2026-09-11T11:50:15.152,1789107615.1527,1422,460,5.9,479,6.14
2026-09-11T11:50:15.159,1789107615.1597,1423,246,3.15,479,6.14
2026-09-11T11:50:15.167,1789107615.1678,1424,-7,-0.09,467,5.99
2026-09-11T11:50:15.168,1789107615.1688,1425,261,3.35,467,5.99
2026-09-11T11:50:15.172,1789107615.1730,1426,432,5.54,439,5.63
2026-09-11T11:50:15.174,1789107615.1750,1427,211,2.71,439,5.63
2026-09-11T11:50:15.182,1789107615.1825,1428,-94,-1.21,526,6.74
2026-09-11T11:50:15.193,1789107615.1931,1429,302,3.87,526,6.74
2026-09-11T11:50:15.199,1789107615.1991,1430,421,5.4,515,6.6
2026-09-11T11:50:15.205,1789107615.2052,1431,171,2.19,515,6.6
2026-09-11T11:50:15.207,1789107615.2072,1432,-113,-1.45,534,6.85
2026-09-11T11:50:15.210,1789107615.2102,1433,327,4.19,534,6.85
2026-09-11T11:50:15.221,1789107615.2213,1434,398,5.1,511,6.55
2026-09-11T11:50:15.226,1789107615.2266,1435,136,1.74,511,6.55
2026-09-11T11:50:15.229,1789107615.2296,1436,-128,-1.64,526,6.74
2026-09-11T11:50:15.234,1789107615.2349,1437,344,4.41,526,6.74
2026-09-11T11:50:15.242,1789107615.2429,1438,383,4.91,511,6.55
2026-09-11T11:50:15.243,1789107615.2439,1439,85,1.09,511,6.55
2026-09-11T11:50:15.246,1789107615.2469,1440,-127,-1.63,510,6.54
2026-09-11T11:50:15.251,1789107615.2519,1441,61,0.78,510,6.54
2026-09-11T11:50:15.253,1789107615.2530,1442,352,4.51,479,6.14
2026-09-11T11:50:15.259,1789107615.2590,1443,30,0.38,479,6.14
2026-09-11T11:50:15.264,1789107615.2644,1444,-126,-1.62,478,6.13
2026-09-11T11:50:15.271,1789107615.2714,1445,63,0.81,478,6.13
2026-09-11T11:50:15.274,1789107615.2745,1446,337,4.32,463,5.94
2026-09-11T11:50:15.280,1789107615.2805,1447,0,0.0,463,5.94
2026-09-11T11:50:15.284,1789107615.2847,1448,-120,-1.54,457,5.86
2026-09-11T11:50:15.289,1789107615.2892,1449,76,0.97,457,5.86
2026-09-11T11:50:15.294,1789107615.2942,1450,404,5.18,524,6.72
2026-09-11T11:50:15.296,1789107615.2962,1451,-35,-0.45,524,6.72
2026-09-11T11:50:15.305,1789107615.3054,1452,-99,-1.27,503,6.45
2026-09-11T11:50:15.314,1789107615.3149,1453,97,1.24,503,6.45
2026-09-11T11:50:15.319,1789107615.3199,1454,421,5.4,520,6.67
2026-09-11T11:50:15.321,1789107615.3220,1455,-70,-0.9,520,6.67
2026-09-11T11:50:15.325,1789107615.3260,1456,-93,-1.19,514,6.59
2026-09-11T11:50:15.328,1789107615.3290,1457,135,1.73,514,6.59
2026-09-11T11:50:15.333,1789107615.3331,1458,426,5.46,519,6.65
2026-09-11T11:50:15.342,1789107615.3424,1459,273,3.5,519,6.65
2026-09-11T11:50:15.343,1789107615.3434,1460,-64,-0.82,490,6.28
2026-09-11T11:50:15.346,1789107615.3464,1461,176,2.26,490,6.28
2026-09-11T11:50:15.352,1789107615.3524,1462,432,5.54,496,6.36
2026-09-11T11:50:15.355,1789107615.3554,1463,234,3.0,496,6.36
2026-09-11T11:50:15.378,1789107615.3780,1464,-47,-0.6,479,6.14
2026-09-11T11:50:15.383,1789107615.3832,1465,222,2.85,479,6.14
2026-09-11T11:50:15.387,1789107615.3872,1466,417,5.35,464,5.95
2026-09-11T11:50:15.388,1789107615.3882,1467,199,2.55,464,5.95
2026-09-11T11:50:15.390,1789107615.3902,1468,-118,-1.51,535,6.86
2026-09-11T11:50:15.396,1789107615.3961,1469,259,3.32,535,6.86
2026-09-11T11:50:15.401,1789107615.4011,1470,398,5.1,516,6.62
2026-09-11T11:50:15.405,1789107615.4052,1471,160,2.05,516,6.62
2026-09-11T11:50:15.409,1789107615.4092,1472,-120,-1.54,518,6.64
2026-09-11T11:50:15.415,1789107615.4159,1473,284,3.64,518,6.64
2026-09-11T11:50:15.425,1789107615.4252,1474,391,5.01,511,6.55
2026-09-11T11:50:15.427,1789107615.4272,1475,138,1.77,511,6.55
2026-09-11T11:50:15.430,1789107615.4302,1476,-139,-1.78,530,6.79
2026-09-11T11:50:15.434,1789107615.4343,1477,305,3.91,530,6.79
2026-09-11T11:50:15.435,1789107615.4353,1478,384,4.92,523,6.71
2026-09-11T11:50:15.437,1789107615.4373,1479,75,0.96,523,6.71
2026-09-11T11:50:15.443,1789107615.4434,1480,-154,-1.97,538,6.9
2026-09-11T11:50:15.446,1789107615.4463,1481,23,0.29,538,6.9
2026-09-11T11:50:15.455,1789107615.4558,1482,346,4.44,500,6.41
2026-09-11T11:50:15.458,1789107615.4588,1483,24,0.31,500,6.41
2026-09-11T11:50:15.469,1789107615.4692,1484,-160,-2.05,506,6.49
2026-09-11T11:50:15.471,1789107615.4712,1485,33,0.42,506,6.49
2026-09-11T11:50:15.476,1789107615.4763,1486,323,4.14,483,6.19
2026-09-11T11:50:15.482,1789107615.4827,1487,-26,-0.33,483,6.19
2026-09-11T11:50:15.487,1789107615.4872,1488,-162,-2.08,485,6.22
2026-09-11T11:50:15.489,1789107615.4892,1489,47,0.6,485,6.22
2026-09-11T11:50:15.500,1789107615.5003,1490,351,4.5,513,6.58
2026-09-11T11:50:15.503,1789107615.5036,1491,-60,-0.77,513,6.58
2026-09-11T11:50:15.506,1789107615.5068,1492,-140,-1.79,491,6.29
2026-09-11T11:50:15.507,1789107615.5079,1493,45,0.58,491,6.29
2026-09-11T11:50:15.516,1789107615.5169,1494,369,4.73,509,6.53
2026-09-11T11:50:15.518,1789107615.5189,1495,-86,-1.1,509,6.53
2026-09-11T11:50:15.526,1789107615.5263,1496,-121,-1.55,490,6.28
2026-09-11T11:50:15.530,1789107615.5303,1497,79,1.01,490,6.28
2026-09-11T11:50:15.531,1789107615.5313,1498,379,4.86,500,6.41
2026-09-11T11:50:15.537,1789107615.5374,1499,225,2.88,500,6.41
2026-09-11T11:50:15.540,1789107615.5404,1500,-115,-1.47,494,6.33
2026-09-11T11:50:15.547,1789107615.5474,1501,121,1.55,494,6.33
2026-09-11T11:50:15.564,1789107615.5640,1502,385,4.94,500,6.41
2026-09-11T11:50:15.567,1789107615.5670,1503,203,2.6,500,6.41
2026-09-11T11:50:15.575,1789107615.5751,1504,-105,-1.35,490,6.28
2026-09-11T11:50:15.576,1789107615.5761,1505,135,1.73,490,6.28
2026-09-11T11:50:15.581,1789107615.5811,1506,371,4.76,476,6.1
2026-09-11T11:50:15.586,1789107615.5868,1507,166,2.13,476,6.1
2026-09-11T11:50:15.592,1789107615.5929,1508,-155,-1.99,526,6.74
2026-09-11T11:50:15.596,1789107615.5969,1509,186,2.38,526,6.74
2026-09-11T11:50:15.602,1789107615.6021,1510,361,4.63,516,6.62
2026-09-11T11:50:15.605,1789107615.6050,1511,148,1.9,516,6.62
2026-09-11T11:50:15.612,1789107615.6122,1512,-149,-1.91,510,6.54
2026-09-11T11:50:15.614,1789107615.6142,1513,232,2.97,510,6.54
2026-09-11T11:50:15.620,1789107615.6202,1514,355,4.55,504,6.46
2026-09-11T11:50:15.622,1789107615.6223,1515,122,1.56,504,6.46
2026-09-11T11:50:15.624,1789107615.6243,1516,-179,-2.29,534,6.85
2026-09-11T11:50:15.632,1789107615.6324,1517,270,3.46,534,6.85
2026-09-11T11:50:15.634,1789107615.6344,1518,349,4.47,528,6.77
2026-09-11T11:50:15.636,1789107615.6364,1519,84,1.08,528,6.77
2026-09-11T11:50:15.644,1789107615.6446,1520,-169,-2.17,518,6.64
2026-09-11T11:50:15.645,1789107615.6456,1521,-8,-0.1,518,6.64
2026-09-11T11:50:15.652,1789107615.6528,1522,327,4.19,496,6.36
2026-09-11T11:50:15.659,1789107615.6598,1523,53,0.68,496,6.36
2026-09-11T11:50:15.665,1789107615.6659,1524,-179,-2.29,506,6.49
2026-09-11T11:50:15.669,1789107615.6694,1525,14,0.18,506,6.49
2026-09-11T11:50:15.673,1789107615.6737,1526,309,3.96,488,6.26
2026-09-11T11:50:15.683,1789107615.6839,1527,-9,-0.12,488,6.26
2026-09-11T11:50:15.686,1789107615.6864,1528,-169,-2.17,478,6.13
2026-09-11T11:50:15.689,1789107615.6894,1529,8,0.1,478,6.13
2026-09-11T11:50:15.694,1789107615.6949,1530,328,4.21,497,6.37
2026-09-11T11:50:15.696,1789107615.6969,1531,-50,-0.64,497,6.37
2026-09-11T11:50:15.704,1789107615.7042,1532,-162,-2.08,490,6.28
2026-09-11T11:50:15.709,1789107615.7092,1533,35,0.45,490,6.28
2026-09-11T11:50:15.712,1789107615.7124,1534,370,4.74,532,6.82
2026-09-11T11:50:15.718,1789107615.7183,1535,-56,-0.72,532,6.82
2026-09-11T11:50:15.724,1789107615.7246,1536,-112,-1.44,482,6.18
2026-09-11T11:50:15.726,1789107615.7266,1537,101,1.29,482,6.18
2026-09-11T11:50:15.732,1789107615.7323,1538,420,5.38,532,6.82
2026-09-11T11:50:15.745,1789107615.7453,1539,310,3.97,532,6.82
2026-09-11T11:50:15.752,1789107615.7523,1540,-55,-0.71,475,6.09
2026-09-11T11:50:15.753,1789107615.7534,1541,166,2.13,475,6.09
2026-09-11T11:50:15.756,1789107615.7564,1542,465,5.96,520,6.67
2026-09-11T11:50:15.759,1789107615.7594,1543,327,4.19,520,6.67
2026-09-11T11:50:15.768,1789107615.7687,1544,153,1.96,312,4.0
2026-09-11T11:50:15.772,1789107615.7729,1545,-327,-4.19,792,10.15
2026-09-11T11:50:15.777,1789107615.7779,1546,-950,-12.18,1277,16.37
2026-09-11T11:50:15.782,1789107615.7820,1547,-730,-9.36,1103,14.14
2026-09-11T11:50:15.788,1789107615.7885,1548,-59,-0.76,891,11.42
2026-09-11T11:50:15.790,1789107615.7905,1549,-770,-9.87,891,11.42
2026-09-11T11:50:15.792,1789107615.7925,1550,-1239,-15.88,1180,15.13
2026-09-11T11:50:15.797,1789107615.7975,1551,-778,-9.97,1180,15.13
2026-09-11T11:50:15.802,1789107615.8026,1552,5,0.06,1244,15.95
2026-09-11T11:50:15.809,1789107615.8096,1553,-839,-10.76,1244,15.95
2026-09-11T11:50:15.817,1789107615.8178,1554,-1211,-15.53,1216,15.59
2026-09-11T11:50:15.820,1789107615.8208,1555,-671,-8.6,1216,15.59
2026-09-11T11:50:15.825,1789107615.8259,1556,72,0.92,1283,16.45
2026-09-11T11:50:15.828,1789107615.8289,1557,-876,-11.23,1283,16.45
2026-09-11T11:50:15.833,1789107615.8331,1558,-1132,-14.51,1204,15.44
2026-09-11T11:50:15.835,1789107615.8351,1559,-548,-7.03,1204,15.44
2026-09-11T11:50:15.844,1789107615.8441,1560,142,1.82,1274,16.33
2026-09-11T11:50:15.850,1789107615.8501,1561,-186,-2.38,1274,16.33
2026-09-11T11:50:15.852,1789107615.8522,1562,-1026,-13.15,1168,14.97
2026-09-11T11:50:15.861,1789107615.8612,1563,-378,-4.85,1168,14.97
2026-09-11T11:50:15.867,1789107615.8674,1564,219,2.81,1245,15.96
2026-09-11T11:50:15.871,1789107615.8714,1565,-177,-2.27,1245,15.96
2026-09-11T11:50:15.874,1789107615.8745,1566,-945,-12.12,1164,14.92
2026-09-11T11:50:15.877,1789107615.8775,1567,-213,-2.73,1164,14.92
2026-09-11T11:50:15.883,1789107615.8837,1568,267,3.42,1212,15.54
2026-09-11T11:50:15.886,1789107615.8867,1569,-174,-2.23,1212,15.54
2026-09-11T11:50:15.891,1789107615.8918,1570,-901,-11.55,1168,14.97
2026-09-11T11:50:15.897,1789107615.8978,1571,-70,-0.9,1168,14.97
2026-09-11T11:50:15.900,1789107615.9008,1572,282,3.62,1183,15.17
2026-09-11T11:50:15.907,1789107615.9073,1573,-179,-2.29,1183,15.17
2026-09-11T11:50:15.928,1789107615.9287,1574,-894,-11.46,1176,15.08
2026-09-11T11:50:15.933,1789107615.9338,1575,60,0.77,1176,15.08
2026-09-11T11:50:15.935,1789107615.9358,1576,280,3.59,1174,15.05
2026-09-11T11:50:15.936,1789107615.9368,1577,-157,-2.01,1174,15.05
2026-09-11T11:50:15.939,1789107615.9398,1578,-889,-11.4,1169,14.99
2026-09-11T11:50:15.945,1789107615.9458,1579,-637,-8.17,1169,14.99
2026-09-11T11:50:15.948,1789107615.9488,1580,285,3.65,1174,15.05
2026-09-11T11:50:15.953,1789107615.9540,1581,-184,-2.36,1174,15.05
2026-09-11T11:50:15.958,1789107615.9580,1582,-872,-11.18,1157,14.83
2026-09-11T11:50:15.964,1789107615.9641,1583,-544,-6.97,1157,14.83
2026-09-11T11:50:15.973,1789107615.9736,1584,221,2.83,1093,14.01
2026-09-11T11:50:15.977,1789107615.9776,1585,-252,-3.23,1093,14.01
2026-09-11T11:50:15.981,1789107615.9818,1586,-847,-10.86,1068,13.69
2026-09-11T11:50:15.982,1789107615.9828,1587,-504,-6.46,1068,13.69
2026-09-11T11:50:15.984,1789107615.9848,1588,170,2.18,1017,13.04
2026-09-11T11:50:15.987,1789107615.9878,1589,-383,-4.91,1017,13.04
2026-09-11T11:50:15.991,1789107615.9918,1590,-673,-8.63,843,10.81
2026-09-11T11:50:15.998,1789107615.9988,1591,-390,-5.0,843,10.81
2026-09-11T11:50:16.004,1789107616.0041,1592,-137,-1.76,536,6.87
2026-09-11T11:50:16.007,1789107616.0071,1593,-435,-5.58,536,6.87
2026-09-11T11:50:16.019,1789107616.0198,1594,-394,-5.05,298,3.82
2026-09-11T11:50:16.020,1789107616.0208,1595,-312,-4.0,298,3.82
2026-09-11T11:50:16.023,1789107616.0239,1596,-471,-6.04,159,2.04
2026-09-11T11:50:16.032,1789107616.0330,1597,-199,-2.55,272,3.49
2026-09-11T11:50:16.034,1789107616.0350,1598,-15,-0.19,456,5.85
2026-09-11T11:50:16.043,1789107616.0440,1599,-151,-1.94,456,5.85
2026-09-11T11:50:16.047,1789107616.0480,1600,-446,-5.72,431,5.53
2026-09-11T11:50:16.050,1789107616.0510,1601,-288,-3.69,431,5.53
2026-09-11T11:50:16.053,1789107616.0531,1602,133,1.71,579,7.42
2026-09-11T11:50:16.060,1789107616.0601,1603,-76,-0.97,579,7.42
2026-09-11T11:50:16.066,1789107616.0664,1604,-307,-3.94,440,5.64
2026-09-11T11:50:16.070,1789107616.0704,1605,-150,-1.92,440,5.64
2026-09-11T11:50:16.074,1789107616.0747,1606,246,3.15,553,7.09
2026-09-11T11:50:16.075,1789107616.0757,1607,-19,-0.24,553,7.09
2026-09-11T11:50:16.082,1789107616.0822,1608,-239,-3.06,485,6.22
2026-09-11T11:50:16.087,1789107616.0880,1609,-54,-0.69,485,6.22
2026-09-11T11:50:16.089,1789107616.0900,1610,278,3.56,517,6.63
2026-09-11T11:50:16.111,1789107616.1118,1611,-8,-0.1,517,6.63
2026-09-11T11:50:16.115,1789107616.1158,1612,-188,-2.41,466,5.97
2026-09-11T11:50:16.117,1789107616.1178,1613,-11,-0.14,466,5.97
2026-09-11T11:50:16.128,1789107616.1285,1614,337,4.32,525,6.73
2026-09-11T11:50:16.134,1789107616.1342,1615,-10,-0.13,525,6.73
2026-09-11T11:50:16.139,1789107616.1393,1616,-150,-1.92,487,6.24
2026-09-11T11:50:16.145,1789107616.1454,1617,63,0.81,487,6.24
2026-09-11T11:50:16.154,1789107616.1547,1618,402,5.15,552,7.08
2026-09-11T11:50:16.156,1789107616.1567,1619,333,4.27,552,7.08
2026-09-11T11:50:16.160,1789107616.1607,1620,-96,-1.23,498,6.38
2026-09-11T11:50:16.162,1789107616.1629,1621,104,1.33,498,6.38
2026-09-11T11:50:16.164,1789107616.1649,1622,436,5.59,532,6.82
2026-09-11T11:50:16.166,1789107616.1669,1623,318,4.08,532,6.82
2026-09-11T11:50:16.170,1789107616.1709,1624,-63,-0.81,499,6.4
2026-09-11T11:50:16.172,1789107616.1720,1625,153,1.96,499,6.4
2026-09-11T11:50:16.174,1789107616.1740,1626,432,5.54,495,6.35
2026-09-11T11:50:16.176,1789107616.1760,1627,295,3.78,495,6.35
2026-09-11T11:50:16.187,1789107616.1872,1628,-54,-0.69,486,6.23
2026-09-11T11:50:16.190,1789107616.1907,1629,186,2.38,486,6.23
2026-09-11T11:50:16.192,1789107616.1929,1630,433,5.55,487,6.24
2026-09-11T11:50:16.200,1789107616.2009,1631,264,3.38,487,6.24
2026-09-11T11:50:16.203,1789107616.2030,1632,-82,-1.05,515,6.6
2026-09-11T11:50:16.209,1789107616.2090,1633,207,2.65,515,6.6
2026-09-11T11:50:16.218,1789107616.2181,1634,426,5.46,508,6.51
2026-09-11T11:50:16.220,1789107616.2201,1635,220,2.82,508,6.51
2026-09-11T11:50:16.222,1789107616.2223,1636,-100,-1.28,526,6.74
2026-09-11T11:50:16.232,1789107616.2325,1637,240,3.08,526,6.74
2026-09-11T11:50:16.236,1789107616.2365,1638,427,5.47,527,6.76
2026-09-11T11:50:16.238,1789107616.2385,1639,202,2.59,527,6.76
2026-09-11T11:50:16.246,1789107616.2461,1640,-111,-1.42,538,6.9
2026-09-11T11:50:16.249,1789107616.2493,1641,-7,-0.09,538,6.9
2026-09-11T11:50:16.253,1789107616.2536,1642,404,5.18,515,6.6
2026-09-11T11:50:16.259,1789107616.2596,1643,162,2.08,515,6.6
2026-09-11T11:50:16.262,1789107616.2626,1644,-134,-1.72,538,6.9
2026-09-11T11:50:16.268,1789107616.2686,1645,22,0.28,538,6.9
2026-09-11T11:50:16.275,1789107616.2757,1646,393,5.04,527,6.76
2026-09-11T11:50:16.276,1789107616.2767,1647,104,1.33,527,6.76
2026-09-11T11:50:16.292,1789107616.2928,1648,-141,-1.81,534,6.85
2026-09-11T11:50:16.297,1789107616.2978,1649,28,0.36,534,6.85
2026-09-11T11:50:16.301,1789107616.3018,1650,340,4.36,481,6.17
2026-09-11T11:50:16.303,1789107616.3039,1651,57,0.73,481,6.17
2026-09-11T11:50:16.309,1789107616.3096,1652,-159,-2.04,499,6.4
2026-09-11T11:50:16.315,1789107616.3150,1653,25,0.32,499,6.4
2026-09-11T11:50:16.321,1789107616.3211,1654,349,4.47,508,6.51
2026-09-11T11:50:16.326,1789107616.3262,1655,18,0.23,508,6.51
2026-09-11T11:50:16.332,1789107616.3324,1656,-162,-2.08,511,6.55
2026-09-11T11:50:16.338,1789107616.3384,1657,27,0.35,511,6.55
2026-09-11T11:50:16.340,1789107616.3404,1658,363,4.65,525,6.73
2026-09-11T11:50:16.341,1789107616.3414,1659,293,3.76,525,6.73
2026-09-11T11:50:16.345,1789107616.3455,1660,-139,-1.78,502,6.44
2026-09-11T11:50:16.348,1789107616.3485,1661,49,0.63,502,6.44
2026-09-11T11:50:16.350,1789107616.3505,1662,357,4.58,496,6.36
2026-09-11T11:50:16.358,1789107616.3587,1663,267,3.42,496,6.36
2026-09-11T11:50:16.367,1789107616.3678,1664,-145,-1.86,502,6.44
2026-09-11T11:50:16.369,1789107616.3698,1665,59,0.76,502,6.44
2026-09-11T11:50:16.376,1789107616.3769,1666,363,4.65,508,6.51
2026-09-11T11:50:16.378,1789107616.3789,1667,238,3.05,508,6.51
2026-09-11T11:50:16.385,1789107616.3851,1668,-107,-1.37,470,6.03
2026-09-11T11:50:16.387,1789107616.3876,1669,82,1.05,470,6.03
2026-09-11T11:50:16.394,1789107616.3946,1670,369,4.73,476,6.1
2026-09-11T11:50:16.398,1789107616.3986,1671,204,2.62,476,6.1
2026-09-11T11:50:16.402,1789107616.4023,1672,-133,-1.71,502,6.44
2026-09-11T11:50:16.410,1789107616.4103,1673,116,1.49,502,6.44
2026-09-11T11:50:16.419,1789107616.4191,1674,360,4.62,493,6.32
2026-09-11T11:50:16.422,1789107616.4221,1675,178,2.28,493,6.32
2026-09-11T11:50:16.427,1789107616.4272,1676,-162,-2.08,522,6.69
2026-09-11T11:50:16.432,1789107616.4324,1677,147,1.88,522,6.69
2026-09-11T11:50:16.433,1789107616.4334,1678,346,4.44,508,6.51
2026-09-11T11:50:16.438,1789107616.4384,1679,141,1.81,508,6.51
2026-09-11T11:50:16.442,1789107616.4424,1680,-180,-2.31,526,6.74
2026-09-11T11:50:16.445,1789107616.4454,1681,-87,-1.12,526,6.74
2026-09-11T11:50:16.451,1789107616.4518,1682,333,4.27,513,6.58
2026-09-11T11:50:16.457,1789107616.4578,1683,99,1.27,513,6.58
2026-09-11T11:50:16.478,1789107616.4782,1684,-201,-2.58,534,6.85
2026-09-11T11:50:16.482,1789107616.4823,1685,-68,-0.87,534,6.85
2026-09-11T11:50:16.484,1789107616.4843,1686,307,3.94,508,6.51
2026-09-11T11:50:16.487,1789107616.4878,1687,54,0.69,508,6.51
2026-09-11T11:50:16.493,1789107616.4938,1688,-202,-2.59,509,6.53
2026-09-11T11:50:16.497,1789107616.4978,1689,-70,-0.9,509,6.53
2026-09-11T11:50:16.501,1789107616.5016,1690,259,3.32,461,5.91
2026-09-11T11:50:16.503,1789107616.5037,1691,20,0.26,461,5.91
2026-09-11T11:50:16.510,1789107616.5107,1692,-212,-2.72,471,6.04
2026-09-11T11:50:16.511,1789107616.5119,1693,-47,-0.6,471,6.04
2026-09-11T11:50:16.525,1789107616.5252,1694,289,3.71,501,6.42
2026-09-11T11:50:16.527,1789107616.5272,1695,-33,-0.42,501,6.42
2026-09-11T11:50:16.529,1789107616.5292,1696,-209,-2.68,498,6.38
2026-09-11T11:50:16.530,1789107616.5302,1697,-32,-0.41,498,6.38
2026-09-11T11:50:16.533,1789107616.5333,1698,292,3.74,501,6.42
2026-09-11T11:50:16.536,1789107616.5363,1699,263,3.37,501,6.42
2026-09-11T11:50:16.545,1789107616.5453,1700,-210,-2.69,502,6.44
2026-09-11T11:50:16.548,1789107616.5483,1701,-9,-0.12,502,6.44
2026-09-11T11:50:16.550,1789107616.5503,1702,303,3.88,513,6.58
2026-09-11T11:50:16.558,1789107616.5585,1703,214,2.74,513,6.58
2026-09-11T11:50:16.569,1789107616.5697,1704,-202,-2.59,505,6.47
2026-09-11T11:50:16.572,1789107616.5728,1705,-14,-0.18,505,6.47
2026-09-11T11:50:16.576,1789107616.5768,1706,306,3.92,508,6.51
2026-09-11T11:50:16.578,1789107616.5788,1707,201,2.58,508,6.51
2026-09-11T11:50:16.589,1789107616.5891,1708,-144,-1.85,450,5.77
2026-09-11T11:50:16.593,1789107616.5931,1709,26,0.33,450,5.77
2026-09-11T11:50:16.595,1789107616.5951,1710,318,4.08,462,5.92
2026-09-11T11:50:16.596,1789107616.5961,1711,188,2.41,462,5.92
2026-09-11T11:50:16.605,1789107616.6053,1712,-168,-2.15,486,6.23
2026-09-11T11:50:16.610,1789107616.6103,1713,49,0.63,486,6.23
2026-09-11T11:50:16.616,1789107616.6164,1714,325,4.17,493,6.32
2026-09-11T11:50:16.618,1789107616.6184,1715,156,2.0,493,6.32
2026-09-11T11:50:16.620,1789107616.6204,1716,-189,-2.42,514,6.59
2026-09-11T11:50:16.627,1789107616.6273,1717,-140,-1.79,514,6.59
2026-09-11T11:50:16.630,1789107616.6303,1718,304,3.9,493,6.32
2026-09-11T11:50:16.637,1789107616.6376,1719,131,1.68,493,6.32
2026-09-11T11:50:16.651,1789107616.6517,1720,-198,-2.54,502,6.44
2026-09-11T11:50:16.656,1789107616.6569,1721,-129,-1.65,502,6.44
2026-09-11T11:50:16.661,1789107616.6619,1722,287,3.68,485,6.22
2026-09-11T11:50:16.664,1789107616.6641,1723,106,1.36,485,6.22
2026-09-11T11:50:16.669,1789107616.6696,1724,-211,-2.71,498,6.38
2026-09-11T11:50:16.675,1789107616.6758,1725,-110,-1.41,498,6.38
2026-09-11T11:50:16.680,1789107616.6806,1726,290,3.72,501,6.42
2026-09-11T11:50:16.683,1789107616.6838,1727,65,0.83,501,6.42
2026-09-11T11:50:16.686,1789107616.6868,1728,-232,-2.97,522,6.69
2026-09-11T11:50:16.692,1789107616.6925,1729,-75,-0.96,522,6.69
2026-09-11T11:50:16.700,1789107616.7005,1730,202,2.59,434,5.56
2026-09-11T11:50:16.702,1789107616.7026,1731,32,0.41,434,5.56
2026-09-11T11:50:16.706,1789107616.7066,1732,-240,-3.08,442,5.67
2026-09-11T11:50:16.710,1789107616.7106,1733,-71,-0.91,442,5.67
2026-09-11T11:50:16.719,1789107616.7196,1734,237,3.04,477,6.12
2026-09-11T11:50:16.721,1789107616.7218,1735,-21,-0.27,477,6.12
2026-09-11T11:50:16.723,1789107616.7238,1736,-217,-2.78,454,5.82
2026-09-11T11:50:16.728,1789107616.7288,1737,-64,-0.82,454,5.82
2026-09-11T11:50:16.733,1789107616.7333,1738,132,1.69,349,4.47
2026-09-11T11:50:16.737,1789107616.7373,1739,128,1.64,349,4.47
2026-09-11T11:50:16.742,1789107616.7425,1740,-173,-2.22,305,3.91
2026-09-11T11:50:16.746,1789107616.7465,1741,-172,-2.21,305,3.91
2026-09-11T11:50:16.754,1789107616.7547,1742,-187,-2.4,315,4.04
2026-09-11T11:50:16.759,1789107616.7597,1743,-227,-2.91,55,0.71
2026-09-11T11:50:16.771,1789107616.7717,1744,-209,-2.68,55,0.71
2026-09-11T11:50:16.774,1789107616.7747,1745,-272,-3.49,85,1.09
2026-09-11T11:50:16.776,1789107616.7767,1746,-403,-5.17,194,2.49
2026-09-11T11:50:16.780,1789107616.7807,1747,-361,-4.63,194,2.49
2026-09-11T11:50:16.784,1789107616.7848,1748,-220,-2.82,183,2.35
2026-09-11T11:50:16.789,1789107616.7893,1749,-310,-3.97,183,2.35
2026-09-11T11:50:16.792,1789107616.7923,1750,-453,-5.81,233,2.99
2026-09-11T11:50:16.799,1789107616.7993,1751,-387,-4.96,233,2.99
2026-09-11T11:50:16.802,1789107616.8023,1752,-198,-2.54,255,3.27
2026-09-11T11:50:16.805,1789107616.8053,1753,-296,-3.79,255,3.27
2026-09-11T11:50:16.817,1789107616.8179,1754,-443,-5.68,245,3.14
2026-09-11T11:50:16.818,1789107616.8189,1755,-334,-4.28,245,3.14
2026-09-11T11:50:16.835,1789107616.8356,1756,-136,-1.74,307,3.94
2026-09-11T11:50:16.838,1789107616.8386,1757,-152,-1.95,307,3.94
2026-09-11T11:50:16.844,1789107616.8446,1758,-406,-5.21,270,3.46
2026-09-11T11:50:16.847,1789107616.8476,1759,-280,-3.59,270,3.46
2026-09-11T11:50:16.853,1789107616.8538,1760,-91,-1.17,315,4.04
2026-09-11T11:50:16.857,1789107616.8578,1761,-123,-1.58,315,4.04
2026-09-11T11:50:16.861,1789107616.8619,1762,-366,-4.69,275,3.53
2026-09-11T11:50:16.865,1789107616.8659,1763,-228,-2.92,275,3.53
2026-09-11T11:50:16.874,1789107616.8745,1764,-55,-0.71,311,3.99
2026-09-11T11:50:16.882,1789107616.8827,1765,-111,-1.42,311,3.99
2026-09-11T11:50:16.884,1789107616.8847,1766,-334,-4.28,279,3.58
2026-09-11T11:50:16.888,1789107616.8882,1767,-208,-2.67,279,3.58
2026-09-11T11:50:16.890,1789107616.8902,1768,-51,-0.65,283,3.63
2026-09-11T11:50:16.892,1789107616.8922,1769,-119,-1.53,283,3.63
2026-09-11T11:50:16.894,1789107616.8942,1770,-239,-3.06,188,2.41
2026-09-11T11:50:16.898,1789107616.8982,1771,-169,-2.17,188,2.41
2026-09-11T11:50:16.900,1789107616.9002,1772,-108,-1.38,131,1.68
2026-09-11T11:50:16.908,1789107616.9083,1773,-172,-2.21,131,1.68
2026-09-11T11:50:16.919,1789107616.9195,1774,-211,-2.71,103,1.32
2026-09-11T11:50:16.924,1789107616.9246,1775,-138,-1.77,103,1.32
2026-09-11T11:50:16.926,1789107616.9266,1776,-189,-2.42,73,0.94
2026-09-11T11:50:16.927,1789107616.9276,1777,-200,-2.56,73,0.94
2026-09-11T11:50:16.934,1789107616.9340,1778,-163,-2.09,62,0.79
2026-09-11T11:50:16.936,1789107616.9360,1779,-147,-1.88,53,0.68
2026-09-11T11:50:16.944,1789107616.9440,1780,-246,-3.15,99,1.27
2026-09-11T11:50:16.945,1789107616.9450,1781,-273,-3.5,126,1.62
2026-09-11T11:50:16.955,1789107616.9553,1782,-232,-2.97,126,1.62
2026-09-11T11:50:16.959,1789107616.9593,1783,-219,-2.81,54,0.69
2026-09-11T11:50:16.967,1789107616.9677,1784,-325,-4.17,106,1.36
2026-09-11T11:50:16.970,1789107616.9707,1785,-291,-3.73,106,1.36
2026-09-11T11:50:16.974,1789107616.9749,1786,-170,-2.18,155,1.99
2026-09-11T11:50:16.978,1789107616.9789,1787,-150,-1.92,175,2.24
2026-09-11T11:50:16.982,1789107616.9820,1788,-241,-3.09,141,1.81
2026-09-11T11:50:16.987,1789107616.9870,1789,-219,-2.81,91,1.17
2026-09-11T11:50:16.989,1789107616.9895,1790,22,0.28,263,3.37
2026-09-11T11:50:16.996,1789107616.9965,1791,2,0.03,263,3.37
2026-09-11T11:50:17.002,1789107617.0025,1792,-246,-3.15,268,3.44
2026-09-11T11:50:17.016,1789107617.0168,1793,-96,-1.23,268,3.44
2026-09-11T11:50:17.025,1789107617.0259,1794,208,2.67,454,5.82
2026-09-11T11:50:17.027,1789107617.0279,1795,111,1.42,454,5.82
2026-09-11T11:50:17.029,1789107617.0299,1796,-197,-2.53,405,5.19
2026-09-11T11:50:17.037,1789107617.0370,1797,-180,-2.31,405,5.19
2026-09-11T11:50:17.041,1789107617.0411,1798,320,4.1,517,6.63
2026-09-11T11:50:17.046,1789107617.0460,1799,187,2.4,517,6.63
2026-09-11T11:50:17.050,1789107617.0500,1800,-134,-1.72,500,6.41
2026-09-11T11:50:17.055,1789107617.0552,1801,-109,-1.4,454,5.82
2026-09-11T11:50:17.062,1789107617.0624,1802,399,5.12,533,6.83
2026-09-11T11:50:17.065,1789107617.0654,1803,201,2.58,533,6.83
2026-09-11T11:50:17.071,1789107617.0719,1804,-120,-1.54,519,6.65
2026-09-11T11:50:17.073,1789107617.0739,1805,-51,-0.65,519,6.65
2026-09-11T11:50:17.075,1789107617.0759,1806,420,5.38,540,6.92
2026-09-11T11:50:17.076,1789107617.0769,1807,194,2.49,540,6.92
2026-09-11T11:50:17.085,1789107617.0851,1808,-122,-1.56,542,6.95
2026-09-11T11:50:17.087,1789107617.0871,1809,-18,-0.23,542,6.95
2026-09-11T11:50:17.094,1789107617.0941,1810,274,3.51,396,5.08
2026-09-11T11:50:17.096,1789107617.0961,1811,188,2.41,396,5.08
2026-09-11T11:50:17.104,1789107617.1046,1812,-129,-1.65,403,5.17
2026-09-11T11:50:17.109,1789107617.1099,1813,3,0.04,403,5.17
2026-09-11T11:50:17.114,1789107617.1142,1814,307,3.94,436,5.59
2026-09-11T11:50:17.122,1789107617.1224,1815,121,1.55,436,5.59
2026-09-11T11:50:17.125,1789107617.1254,1816,-144,-1.85,451,5.78
2026-09-11T11:50:17.129,1789107617.1294,1817,25,0.32,451,5.78
2026-09-11T11:50:17.136,1789107617.1365,1818,333,4.27,477,6.12
2026-09-11T11:50:17.139,1789107617.1395,1819,375,4.81,519,6.65
2026-09-11T11:50:17.143,1789107617.1435,1820,-135,-1.73,510,6.54
2026-09-11T11:50:17.147,1789107617.1475,1821,14,0.18,510,6.54
2026-09-11T11:50:17.152,1789107617.1527,1822,330,4.23,510,6.54
2026-09-11T11:50:17.160,1789107617.1607,1823,325,4.17,465,5.96
2026-09-11T11:50:17.163,1789107617.1639,1824,-145,-1.86,475,6.09
2026-09-11T11:50:17.168,1789107617.1689,1825,12,0.15,475,6.09
2026-09-11T11:50:17.170,1789107617.1709,1826,344,4.41,489,6.27
2026-09-11T11:50:17.178,1789107617.1781,1827,290,3.72,489,6.27
2026-09-11T11:50:17.180,1789107617.1801,1828,-39,-0.5,383,4.91
2026-09-11T11:50:17.196,1789107617.1968,1829,18,0.23,383,4.91
2026-09-11T11:50:17.200,1789107617.2008,1830,350,4.49,389,4.99
2026-09-11T11:50:17.203,1789107617.2031,1831,273,3.5,389,4.99
2026-09-11T11:50:17.207,1789107617.2071,1832,-80,-1.03,430,5.51
2026-09-11T11:50:17.209,1789107617.2091,1833,29,0.37,430,5.51
2026-09-11T11:50:17.219,1789107617.2194,1834,356,4.56,436,5.59
2026-09-11T11:50:17.225,1789107617.2255,1835,231,2.96,436,5.59
2026-09-11T11:50:17.230,1789107617.2305,1836,-138,-1.77,494,6.33
2026-09-11T11:50:17.235,1789107617.2357,1837,-165,-2.12,521,6.68
2026-09-11T11:50:17.243,1789107617.2437,1838,331,4.24,496,6.36
2026-09-11T11:50:17.244,1789107617.2447,1839,186,2.38,496,6.36
2026-09-11T11:50:17.246,1789107617.2467,1840,-159,-2.04,496,6.36
2026-09-11T11:50:17.250,1789107617.2507,1841,-142,-1.82,490,6.28
2026-09-11T11:50:17.252,1789107617.2528,1842,326,4.18,485,6.22
2026-09-11T11:50:17.259,1789107617.2598,1843,165,2.12,485,6.22
2026-09-11T11:50:17.269,1789107617.2700,1844,-176,-2.26,502,6.44
2026-09-11T11:50:17.272,1789107617.2723,1845,-139,-1.78,502,6.44
2026-09-11T11:50:17.274,1789107617.2743,1846,309,3.96,485,6.22
2026-09-11T11:50:17.277,1789107617.2773,1847,112,1.44,485,6.22
2026-09-11T11:50:17.283,1789107617.2832,1848,-217,-2.78,526,6.74
2026-09-11T11:50:17.287,1789107617.2872,1849,-140,-1.79,526,6.74
2026-09-11T11:50:17.294,1789107617.2949,1850,125,1.6,342,4.38
2026-09-11T11:50:17.296,1789107617.2969,1851,75,0.96,342,4.38
2026-09-11T11:50:17.310,1789107617.3100,1852,-225,-2.88,350,4.49
2026-09-11T11:50:17.312,1789107617.3121,1853,-132,-1.69,350,4.49
2026-09-11T11:50:17.317,1789107617.3171,1854,172,2.21,397,5.09
2026-09-11T11:50:17.320,1789107617.3201,1855,50,0.64,397,5.09
2026-09-11T11:50:17.322,1789107617.3223,1856,-234,-3.0,406,5.21
2026-09-11T11:50:17.328,1789107617.3283,1857,-81,-1.04,406,5.21
2026-09-11T11:50:17.331,1789107617.3313,1858,215,2.76,449,5.76
2026-09-11T11:50:17.339,1789107617.3395,1859,259,3.32,493,6.32
2026-09-11T11:50:17.342,1789107617.3425,1860,-255,-3.27,514,6.59
2026-09-11T11:50:17.345,1789107617.3455,1861,-74,-0.95,514,6.59
2026-09-11T11:50:17.352,1789107617.3525,1862,239,3.06,514,6.59
2026-09-11T11:50:17.357,1789107617.3575,1863,258,3.31,513,6.58
2026-09-11T11:50:17.374,1789107617.3744,1864,-243,-3.12,501,6.42
2026-09-11T11:50:17.378,1789107617.3784,1865,-82,-1.05,501,6.42
2026-09-11T11:50:17.381,1789107617.3814,1866,234,3.0,501,6.42
2026-09-11T11:50:17.383,1789107617.3836,1867,225,2.88,477,6.12
2026-09-11T11:50:17.385,1789107617.3856,1868,-76,-0.97,316,4.05
2026-09-11T11:50:17.393,1789107617.3931,1869,-58,-0.74,310,3.97
2026-09-11T11:50:17.397,1789107617.3971,1870,270,3.46,346,4.44
2026-09-11T11:50:17.402,1789107617.4027,1871,201,2.58,346,4.44
2026-09-11T11:50:17.410,1789107617.4102,1872,-136,-1.74,406,5.21
2026-09-11T11:50:17.413,1789107617.4134,1873,-47,-0.6,406,5.21
2026-09-11T11:50:17.423,1789107617.4232,1874,274,3.51,410,5.26
2026-09-11T11:50:17.427,1789107617.4272,1875,181,2.32,410,5.26
2026-09-11T11:50:17.429,1789107617.4292,1876,-160,-2.05,434,5.56
2026-09-11T11:50:17.431,1789107617.4312,1877,-224,-2.87,498,6.38
2026-09-11T11:50:17.433,1789107617.4333,1878,266,3.41,490,6.28
2026-09-11T11:50:17.435,1789107617.4353,1879,136,1.74,490,6.28
2026-09-11T11:50:17.444,1789107617.4443,1880,-196,-2.51,490,6.28
2026-09-11T11:50:17.449,1789107617.4493,1881,-211,-2.71,477,6.12
2026-09-11T11:50:17.451,1789107617.4513,1882,278,3.56,489,6.27
2026-09-11T11:50:17.459,1789107617.4594,1883,116,1.49,489,6.27
2026-09-11T11:50:17.468,1789107617.4684,1884,-220,-2.82,498,6.38
2026-09-11T11:50:17.469,1789107617.4694,1885,-211,-2.71,498,6.38
2026-09-11T11:50:17.477,1789107617.4776,1886,266,3.41,486,6.23
2026-09-11T11:50:17.481,1789107617.4817,1887,77,0.99,486,6.23
2026-09-11T11:50:17.490,1789107617.4902,1888,-228,-2.92,494,6.33
2026-09-11T11:50:17.493,1789107617.4932,1889,-183,-2.35,494,6.33
2026-09-11T11:50:17.497,1789107617.4975,1890,66,0.85,305,3.91
2026-09-11T11:50:17.498,1789107617.4986,1891,65,0.83,294,3.77
2026-09-11T11:50:17.504,1789107617.5049,1892,-252,-3.23,318,4.08
2026-09-11T11:50:17.508,1789107617.5089,1893,-167,-2.14,318,4.08
2026-09-11T11:50:17.516,1789107617.5161,1894,110,1.41,362,4.64
2026-09-11T11:50:17.519,1789107617.5191,1895,25,0.32,362,4.64
2026-09-11T11:50:17.525,1789107617.5252,1896,-288,-3.69,398,5.1
2026-09-11T11:50:17.525,1789107617.5252,1897,-142,-1.82,398,5.1
2026-09-11T11:50:17.531,1789107617.5312,1898,146,1.87,434,5.56
2026-09-11T11:50:17.537,1789107617.5374,1899,254,3.26,542,6.95
2026-09-11T11:50:17.540,1789107617.5404,1900,-275,-3.53,529,6.78
2026-09-11T11:50:17.556,1789107617.5562,1901,-114,-1.46,529,6.78
2026-09-11T11:50:17.564,1789107617.5643,1902,178,2.28,529,6.78
2026-09-11T11:50:17.565,1789107617.5653,1903,221,2.83,496,6.36
2026-09-11T11:50:17.571,1789107617.5713,1904,-275,-3.53,496,6.36
2026-09-11T11:50:17.578,1789107617.5785,1905,-126,-1.62,496,6.36
2026-09-11T11:50:17.582,1789107617.5827,1906,214,2.74,496,6.36
2026-09-11T11:50:17.586,1789107617.5867,1907,197,2.53,489,6.27
2026-09-11T11:50:17.592,1789107617.5922,1908,-95,-1.22,340,4.36
2026-09-11T11:50:17.595,1789107617.5952,1909,-82,-1.05,309,3.96
2026-09-11T11:50:17.603,1789107617.6031,1910,210,2.69,305,3.91
2026-09-11T11:50:17.604,1789107617.6041,1911,202,2.59,305,3.91
2026-09-11T11:50:17.609,1789107617.6093,1912,-131,-1.68,341,4.37
2026-09-11T11:50:17.611,1789107617.6113,1913,-78,-1.0,341,4.37
2026-09-11T11:50:17.619,1789107617.6194,1914,231,2.96,362,4.64
2026-09-11T11:50:17.621,1789107617.6214,1915,162,2.08,362,4.64
2026-09-11T11:50:17.624,1789107617.6245,1916,-163,-2.09,394,5.05
2026-09-11T11:50:17.631,1789107617.6318,1917,-262,-3.36,493,6.32
2026-09-11T11:50:17.633,1789107617.6338,1918,255,3.27,517,6.63
2026-09-11T11:50:17.638,1789107617.6388,1919,146,1.87,517,6.63
2026-09-11T11:50:17.642,1789107617.6428,1920,-199,-2.55,517,6.63
2026-09-11T11:50:17.646,1789107617.6468,1921,-238,-3.05,493,6.32
2026-09-11T11:50:17.655,1789107617.6560,1922,263,3.37,501,6.42
2026-09-11T11:50:17.659,1789107617.6600,1923,126,1.62,501,6.42
2026-09-11T11:50:17.673,1789107617.6737,1924,-210,-2.69,501,6.42
2026-09-11T11:50:17.676,1789107617.6768,1925,-217,-2.78,480,6.15
2026-09-11T11:50:17.678,1789107617.6788,1926,275,3.53,492,6.31
2026-09-11T11:50:17.681,1789107617.6814,1927,110,1.41,492,6.31
2026-09-11T11:50:17.685,1789107617.6856,1928,-234,-3.0,509,6.53
2026-09-11T11:50:17.689,1789107617.6891,1929,-201,-2.58,509,6.53
2026-09-11T11:50:17.691,1789107617.6911,1930,48,0.62,344,4.41
2026-09-11T11:50:17.699,1789107617.6991,1931,74,0.95,308,3.95
2026-09-11T11:50:17.702,1789107617.7021,1932,-254,-3.26,328,4.21
2026-09-11T11:50:17.705,1789107617.7056,1933,-193,-2.47,328,4.21
2026-09-11T11:50:17.717,1789107617.7173,1934,88,1.13,342,4.38
2026-09-11T11:50:17.718,1789107617.7183,1935,59,0.76,342,4.38
2026-09-11T11:50:17.735,1789107617.7352,1936,-262,-3.36,350,4.49
2026-09-11T11:50:17.741,1789107617.7412,1937,-157,-2.01,350,4.49
2026-09-11T11:50:17.746,1789107617.7462,1938,112,1.44,374,4.79
2026-09-11T11:50:17.747,1789107617.7472,1939,264,3.38,526,6.74
2026-09-11T11:50:17.750,1789107617.7502,1940,-266,-3.41,530,6.79
2026-09-11T11:50:17.756,1789107617.7563,1941,-133,-1.71,530,6.79
2026-09-11T11:50:17.761,1789107617.7613,1942,172,2.21,530,6.79
2026-09-11T11:50:17.765,1789107617.7656,1943,231,2.96,497,6.37
2026-09-11T11:50:17.775,1789107617.7757,1944,-282,-3.62,513,6.58
2026-09-11T11:50:17.782,1789107617.7829,1945,-120,-1.54,513,6.58
2026-09-11T11:50:17.784,1789107617.7849,1946,204,2.62,513,6.58
2026-09-11T11:50:17.787,1789107617.7879,1947,219,2.81,501,6.42
2026-09-11T11:50:17.790,1789107617.7909,1948,-58,-0.74,339,4.35
2026-09-11T11:50:17.791,1789107617.7920,1949,-108,-1.38,327,4.19
2026-09-11T11:50:17.793,1789107617.7940,1950,220,2.82,328,4.21
2026-09-11T11:50:17.795,1789107617.7960,1951,203,2.6,328,4.21
2026-09-11T11:50:17.802,1789107617.8022,1952,-101,-1.29,328,4.21
2026-09-11T11:50:17.811,1789107617.8112,1953,-100,-1.28,321,4.12
2026-09-11T11:50:17.815,1789107617.8153,1954,228,2.92,329,4.22
2026-09-11T11:50:17.822,1789107617.8224,1955,183,2.35,329,4.22
2026-09-11T11:50:17.825,1789107617.8254,1956,-149,-1.91,377,4.83
2026-09-11T11:50:17.829,1789107617.8299,1957,-261,-3.35,489,6.27
2026-09-11T11:50:17.831,1789107617.8319,1958,253,3.24,514,6.59
2026-09-11T11:50:17.840,1789107617.8408,1959,164,2.1,514,6.59
2026-09-11T11:50:17.842,1789107617.8428,1960,-177,-2.27,514,6.59
2026-09-11T11:50:17.851,1789107617.8518,1961,-248,-3.18,501,6.42
2026-09-11T11:50:17.853,1789107617.8539,1962,265,3.4,513,6.58
2026-09-11T11:50:17.857,1789107617.8579,1963,132,1.69,513,6.58
2026-09-11T11:50:17.868,1789107617.8684,1964,-209,-2.68,513,6.58
2026-09-11T11:50:17.871,1789107617.8714,1965,-240,-3.08,505,6.47
2026-09-11T11:50:17.875,1789107617.8755,1966,249,3.19,489,6.27
2026-09-11T11:50:17.877,1789107617.8775,1967,104,1.33,489,6.27
2026-09-11T11:50:17.882,1789107617.8827,1968,-224,-2.87,489,6.27
2026-09-11T11:50:17.885,1789107617.8857,1969,-223,-2.86,473,6.06
2026-09-11T11:50:17.892,1789107617.8923,1970,21,0.27,328,4.21
2026-09-11T11:50:17.898,1789107617.8982,1971,80,1.03,304,3.9
2026-09-11T11:50:17.901,1789107617.9014,1972,-248,-3.18,328,4.21
2026-09-11T11:50:17.919,1789107617.9191,1973,-187,-2.4,328,4.21
2026-09-11T11:50:17.926,1789107617.9262,1974,62,0.79,328,4.21
2026-09-11T11:50:17.928,1789107617.9282,1975,69,0.88,317,4.06
2026-09-11T11:50:17.931,1789107617.9312,1976,-264,-3.38,333,4.27
2026-09-11T11:50:17.936,1789107617.9364,1977,-179,-2.29,333,4.27
2026-09-11T11:50:17.939,1789107617.9394,1978,98,1.26,362,4.64
2026-09-11T11:50:17.942,1789107617.9424,1979,246,3.15,510,6.54
2026-09-11T11:50:17.947,1789107617.9474,1980,-267,-3.42,513,6.58
2026-09-11T11:50:17.953,1789107617.9536,1981,-166,-2.13,513,6.58
2026-09-11T11:50:17.955,1789107617.9556,1982,130,1.67,513,6.58
2026-09-11T11:50:17.962,1789107617.9627,1983,242,3.1,509,6.53
2026-09-11T11:50:17.966,1789107617.9667,1984,-287,-3.68,529,6.78
2026-09-11T11:50:17.971,1789107617.9718,1985,-134,-1.72,529,6.78
2026-09-11T11:50:17.975,1789107617.9759,1986,162,2.08,529,6.78
2026-09-11T11:50:17.976,1789107617.9768,1987,222,2.85,509,6.53
2026-09-11T11:50:17.983,1789107617.9830,1988,-35,-0.45,356,4.56
2026-09-11T11:50:17.989,1789107617.9895,1989,-118,-1.51,340,4.36
2026-09-11T11:50:17.992,1789107617.9926,1990,191,2.45,340,4.36
2026-09-11T11:50:18.000,1789107618.0006,1991,210,2.69,328,4.21
2026-09-11T11:50:18.003,1789107618.0038,1992,-95,-1.22,328,4.21
2026-09-11T11:50:18.008,1789107618.0088,1993,-105,-1.35,315,4.04
2026-09-11T11:50:18.021,1789107618.0211,1994,207,2.65,315,4.04
2026-09-11T11:50:18.024,1789107618.0243,1995,190,2.44,312,4.0
2026-09-11T11:50:18.033,1789107618.0335,1996,-127,-1.63,334,4.28
2026-09-11T11:50:18.036,1789107618.0365,1997,-278,-3.56,485,6.22
2026-09-11T11:50:18.039,1789107618.0395,1998,235,3.01,513,6.58
2026-09-11T11:50:18.041,1789107618.0415,1999,162,2.08,513,6.58
2026-09-11T11:50:18.045,1789107618.0455,2000,-170,-2.18,513,6.58
2026-09-11T11:50:18.048,1789107618.0485,2001,-274,-3.51,509,6.53
2026-09-11T11:50:18.051,1789107618.0514,2002,240,3.08,514,6.59
2026-09-11T11:50:18.060,1789107618.0604,2003,135,1.73,514,6.59
2026-09-11T11:50:18.067,1789107618.0676,2004,-214,-2.74,514,6.59
2026-09-11T11:50:18.068,1789107618.0686,2005,-257,-3.29,497,6.37
2026-09-11T11:50:18.073,1789107618.0738,2006,232,2.97,489,6.27
2026-09-11T11:50:18.081,1789107618.0811,2007,111,1.42,489,6.27
2026-09-11T11:50:18.081,1789107618.0811,2008,-245,-3.14,489,6.27
2026-09-11T11:50:18.096,1789107618.0969,2009,-248,-3.18,480,6.15
2026-09-11T11:50:18.101,1789107618.1019,2010,-43,-0.55,359,4.6
2026-09-11T11:50:18.105,1789107618.1060,2011,60,0.77,308,3.95
2026-09-11T11:50:18.107,1789107618.1080,2012,-260,-3.33,320,4.1
2026-09-11T11:50:18.113,1789107618.1131,2013,-227,-2.91,320,4.1
2026-09-11T11:50:18.123,1789107618.1234,2014,14,0.18,320,4.1
2026-09-11T11:50:18.126,1789107618.1264,2015,57,0.73,317,4.06
2026-09-11T11:50:18.129,1789107618.1294,2016,-279,-3.58,336,4.31
2026-09-11T11:50:18.133,1789107618.1339,2017,-218,-2.79,336,4.31
2026-09-11T11:50:18.141,1789107618.1419,2018,67,0.86,346,4.44
2026-09-11T11:50:18.143,1789107618.1439,2019,242,3.1,521,6.68
2026-09-11T11:50:18.146,1789107618.1469,2020,-283,-3.63,525,6.73
2026-09-11T11:50:18.149,1789107618.1499,2021,-174,-2.23,525,6.73
2026-09-11T11:50:18.153,1789107618.1530,2022,115,1.47,525,6.73
2026-09-11T11:50:18.156,1789107618.1560,2023,243,3.12,526,6.74
2026-09-11T11:50:18.168,1789107618.1688,2024,-286,-3.67,529,6.78
2026-09-11T11:50:18.171,1789107618.1720,2025,-157,-2.01,529,6.78
2026-09-11T11:50:18.173,1789107618.1740,2026,151,1.94,529,6.78
2026-09-11T11:50:18.176,1789107618.1770,2027,219,2.81,505,6.47
2026-09-11T11:50:18.183,1789107618.1832,2028,-18,-0.23,376,4.82
2026-09-11T11:50:18.187,1789107618.1872,2029,-129,-1.65,348,4.46
2026-09-11T11:50:18.194,1789107618.1949,2030,188,2.41,348,4.46
2026-09-11T11:50:18.199,1789107618.1999,2031,203,2.6,332,4.26
2026-09-11T11:50:18.202,1789107618.2020,2032,-58,-0.74,332,4.26
2026-09-11T11:50:18.212,1789107618.2123,2033,-108,-1.38,311,3.99
2026-09-11T11:50:18.218,1789107618.2183,2034,192,2.46,311,3.99
2026-09-11T11:50:18.219,1789107618.2193,2035,191,2.45,300,3.85
2026-09-11T11:50:18.222,1789107618.2225,2036,-110,-1.41,302,3.87
2026-09-11T11:50:18.228,1789107618.2287,2037,-281,-3.6,473,6.06
2026-09-11T11:50:18.231,1789107618.2318,2038,228,2.92,509,6.53
2026-09-11T11:50:18.240,1789107618.2408,2039,168,2.15,509,6.53
2026-09-11T11:50:18.242,1789107618.2428,2040,-149,-1.91,509,6.53
2026-09-11T11:50:18.245,1789107618.2458,2041,-269,-3.45,497,6.37
2026-09-11T11:50:18.252,1789107618.2522,2042,229,2.94,498,6.38
2026-09-11T11:50:18.255,1789107618.2553,2043,140,1.79,498,6.38
2026-09-11T11:50:18.273,1789107618.2737,2044,-181,-2.32,498,6.38
2026-09-11T11:50:18.278,1789107618.2787,2045,-252,-3.23,481,6.17
2026-09-11T11:50:18.283,1789107618.2839,2046,241,3.09,493,6.32
2026-09-11T11:50:18.284,1789107618.2849,2047,124,1.59,493,6.32
2026-09-11T11:50:18.286,1789107618.2869,2048,-220,-2.82,493,6.32
2026-09-11T11:50:18.291,1789107618.2915,2049,-243,-3.12,484,6.21
2026-09-11T11:50:18.297,1789107618.2973,2050,-42,-0.54,367,4.71
2026-09-11T11:50:18.300,1789107618.3009,2051,109,1.4,352,4.51
2026-09-11T11:50:18.306,1789107618.3061,2052,-239,-3.06,352,4.51
2026-09-11T11:50:18.312,1789107618.3122,2053,-227,-2.91,348,4.46
2026-09-11T11:50:18.322,1789107618.3224,2054,6,0.08,348,4.46
2026-09-11T11:50:18.325,1789107618.3254,2055,85,1.09,324,4.15
2026-09-11T11:50:18.329,1789107618.3294,2056,-247,-3.17,332,4.26
2026-09-11T11:50:18.330,1789107618.3304,2057,-222,-2.85,332,4.26
2026-09-11T11:50:18.332,1789107618.3325,2058,35,0.45,332,4.26
2026-09-11T11:50:18.339,1789107618.3395,2059,251,3.22,498,6.38
2026-09-11T11:50:18.345,1789107618.3455,2060,-274,-3.51,525,6.73
2026-09-11T11:50:18.349,1789107618.3495,2061,-193,-2.47,525,6.73
2026-09-11T11:50:18.354,1789107618.3548,2062,79,1.01,525,6.73
2026-09-11T11:50:18.358,1789107618.3588,2063,239,3.06,513,6.58
2026-09-11T11:50:18.366,1789107618.3669,2064,-282,-3.62,521,6.68
2026-09-11T11:50:18.368,1789107618.3689,2065,-185,-2.37,521,6.68
2026-09-11T11:50:18.372,1789107618.3724,2066,124,1.59,521,6.68
2026-09-11T11:50:18.379,1789107618.3794,2067,231,2.96,513,6.58
2026-09-11T11:50:18.381,1789107618.3814,2068,-9,-0.12,416,5.33
2026-09-11T11:50:18.392,1789107618.3921,2069,-148,-1.9,379,4.86
2026-09-11T11:50:18.395,1789107618.3950,2070,140,1.79,379,4.86
2026-09-11T11:50:18.397,1789107618.3971,2071,200,2.56,348,4.46
2026-09-11T11:50:18.403,1789107618.4031,2072,-41,-0.53,348,4.46
2026-09-11T11:50:18.407,1789107618.4071,2073,-132,-1.69,332,4.26
2026-09-11T11:50:18.418,1789107618.4184,2074,181,2.32,332,4.26
2026-09-11T11:50:18.420,1789107618.4204,2075,180,2.31,313,4.01
2026-09-11T11:50:18.422,1789107618.4225,2076,-97,-1.24,313,4.01
2026-09-11T11:50:18.425,1789107618.4255,2077,-292,-3.74,473,6.06
2026-09-11T11:50:18.431,1789107618.4315,2078,193,2.47,485,6.22
2026-09-11T11:50:18.434,1789107618.4345,2079,185,2.37,485,6.22
2026-09-11T11:50:18.441,1789107618.4415,2080,-140,-1.79,485,6.22
2026-09-11T11:50:18.458,1789107618.4588,2081,-292,-3.74,485,6.22
2026-09-11T11:50:18.462,1789107618.4629,2082,222,2.85,514,6.59
2026-09-11T11:50:18.464,1789107618.4649,2083,165,2.12,514,6.59
2026-09-11T11:50:18.470,1789107618.4709,2084,-156,-2.0,514,6.59
2026-09-11T11:50:18.477,1789107618.4770,2085,-279,-3.58,501,6.42
2026-09-11T11:50:18.481,1789107618.4810,2086,242,3.1,521,6.68
2026-09-11T11:50:18.486,1789107618.4861,2087,141,1.81,521,6.68
2026-09-11T11:50:18.491,1789107618.4911,2088,-195,-2.5,521,6.68
2026-09-11T11:50:18.493,1789107618.4934,2089,-254,-3.26,496,6.36
2026-09-11T11:50:18.500,1789107618.5004,2090,-41,-0.53,395,5.06
2026-09-11T11:50:18.503,1789107618.5035,2091,106,1.36,360,4.62
2026-09-11T11:50:18.507,1789107618.5075,2092,-227,-2.91,360,4.62
2026-09-11T11:50:18.509,1789107618.5095,2093,-238,-3.05,344,4.41
2026-09-11T11:50:18.514,1789107618.5147,2094,-17,-0.22,344,4.41
2026-09-11T11:50:18.522,1789107618.5221,2095,98,1.26,336,4.31
2026-09-11T11:50:18.527,1789107618.5271,2096,-238,-3.05,336,4.31
2026-09-11T11:50:18.530,1789107618.5301,2097,-205,-2.63,336,4.31
2026-09-11T11:50:18.533,1789107618.5332,2098,12,0.15,336,4.31
2026-09-11T11:50:18.540,1789107618.5402,2099,244,3.13,482,6.18
2026-09-11T11:50:18.543,1789107618.5432,2100,-262,-3.36,506,6.49
2026-09-11T11:50:18.550,1789107618.5502,2101,-205,-2.63,506,6.49
2026-09-11T11:50:18.553,1789107618.5535,2102,52,0.67,506,6.49
2026-09-11T11:50:18.557,1789107618.5575,2103,244,3.13,506,6.49
2026-09-11T11:50:18.573,1789107618.5738,2104,-281,-3.6,525,6.73
2026-09-11T11:50:18.575,1789107618.5758,2105,-188,-2.41,525,6.73
2026-09-11T11:50:18.578,1789107618.5788,2106,105,1.35,525,6.73
2026-09-11T11:50:18.581,1789107618.5819,2107,236,3.03,517,6.63
2026-09-11T11:50:18.582,1789107618.5829,2108,7,0.09,424,5.44
2026-09-11T11:50:18.585,1789107618.5859,2109,-163,-2.09,399,5.12
2026-09-11T11:50:18.593,1789107618.5934,2110,129,1.65,399,5.12
2026-09-11T11:50:18.601,1789107618.6015,2111,229,2.94,392,5.03
2026-09-11T11:50:18.604,1789107618.6045,2112,-16,-0.21,392,5.03
2026-09-11T11:50:18.606,1789107618.6065,2113,-139,-1.78,368,4.72
2026-09-11T11:50:18.617,1789107618.6178,2114,162,2.08,368,4.72
2026-09-11T11:50:18.618,1789107618.6188,2115,205,2.63,344,4.41
2026-09-11T11:50:18.623,1789107618.6232,2116,-68,-0.87,344,4.41
2026-09-11T11:50:18.632,1789107618.6323,2117,-284,-3.64,489,6.27
2026-09-11T11:50:18.639,1789107618.6393,2118,198,2.54,489,6.27
2026-09-11T11:50:18.644,1789107618.6442,2119,189,2.42,482,6.18
2026-09-11T11:50:18.648,1789107618.6482,2120,-100,-1.28,482,6.18
2026-09-11T11:50:18.649,1789107618.6492,2121,-275,-3.53,473,6.06
2026-09-11T11:50:18.653,1789107618.6534,2122,226,2.9,501,6.42
2026-09-11T11:50:18.661,1789107618.6614,2123,177,2.27,501,6.42
2026-09-11T11:50:18.669,1789107618.6696,2124,-131,-1.68,501,6.42
2026-09-11T11:50:18.674,1789107618.6747,2125,-267,-3.42,493,6.32
2026-09-11T11:50:18.676,1789107618.6764,2126,235,3.01,502,6.44
2026-09-11T11:50:18.683,1789107618.6835,2127,158,2.03,502,6.44
2026-09-11T11:50:18.684,1789107618.6845,2128,-179,-2.29,502,6.44
2026-09-11T11:50:18.691,1789107618.6916,2129,-262,-3.36,497,6.37
2026-09-11T11:50:18.694,1789107618.6942,2130,-73,-0.94,420,5.38
2026-09-11T11:50:18.697,1789107618.6980,2131,122,1.56,384,4.92
2026-09-11T11:50:18.703,1789107618.7033,2132,-202,-2.59,384,4.92
2026-09-11T11:50:18.707,1789107618.7073,2133,-242,-3.1,364,4.67
2026-09-11T11:50:18.718,1789107618.7185,2134,-37,-0.47,364,4.67
2026-09-11T11:50:18.722,1789107618.7227,2135,123,1.58,365,4.68
2026-09-11T11:50:18.723,1789107618.7237,2136,-226,-2.9,365,4.68
2026-09-11T11:50:18.727,1789107618.7277,2137,-217,-2.78,349,4.47
2026-09-11T11:50:18.736,1789107618.7367,2138,4,0.05,349,4.47
2026-09-11T11:50:18.741,1789107618.7417,2139,272,3.49,498,6.38
2026-09-11T11:50:18.742,1789107618.7427,2140,-238,-3.05,510,6.54
2026-09-11T11:50:18.753,1789107618.7539,2141,-193,-2.47,510,6.54
2026-09-11T11:50:18.757,1789107618.7579,2142,56,0.72,510,6.54
2026-09-11T11:50:18.758,1789107618.7589,2143,260,3.33,498,6.38
2026-09-11T11:50:18.768,1789107618.7689,2144,-198,-2.54,458,5.87
2026-09-11T11:50:18.770,1789107618.7709,2145,-25,-0.32,458,5.87
2026-09-11T11:50:18.775,1789107618.7751,2146,-149,-1.91,458,5.87
2026-09-11T11:50:18.781,1789107618.7811,2147,-380,-4.87,355,4.55
2026-09-11T11:50:18.782,1789107618.7822,2148,-263,-3.37,355,4.55
2026-09-11T11:50:18.787,1789107618.7872,2149,13,0.17,393,5.04
2026-09-11T11:50:18.792,1789107618.7928,2150,-599,-7.68,612,7.85
2026-09-11T11:50:18.795,1789107618.7958,2151,-880,-11.28,893,11.45
2026-09-11T11:50:18.802,1789107618.8021,2152,-313,-4.01,893,11.45
2026-09-11T11:50:18.813,1789107618.8136,2153,27,0.35,907,11.63
2026-09-11T11:50:18.824,1789107618.8247,2154,-657,-8.42,907,11.63
2026-09-11T11:50:18.827,1789107618.8277,2155,-851,-10.91,878,11.26
2026-09-11T11:50:18.833,1789107618.8339,2156,-235,-3.01,878,11.26
2026-09-11T11:50:18.836,1789107618.8369,2157,406,5.21,1257,16.12
2026-09-11T11:50:18.842,1789107618.8429,2158,-692,-8.87,1257,16.12
2026-09-11T11:50:18.846,1789107618.8469,2159,-737,-9.45,1143,14.65
2026-09-11T11:50:18.850,1789107618.8509,2160,-50,-0.64,1143,14.65
2026-09-11T11:50:18.858,1789107618.8590,2161,482,6.18,1219,15.63
2026-09-11T11:50:18.859,1789107618.8600,2162,-688,-8.82,1219,15.63
2026-09-11T11:50:18.863,1789107618.8631,2163,-658,-8.44,1170,15.0
2026-09-11T11:50:18.869,1789107618.8691,2164,85,1.09,1170,15.0
2026-09-11T11:50:18.871,1789107618.8712,2165,465,5.96,1153,14.78
2026-09-11T11:50:18.874,1789107618.8743,2166,-749,-9.6,1214,15.56
2026-09-11T11:50:18.875,1789107618.8753,2167,-602,-7.72,1214,15.56
2026-09-11T11:50:18.886,1789107618.8865,2168,180,2.31,1214,15.56
2026-09-11T11:50:18.889,1789107618.8895,2169,475,6.09,1224,15.69
2026-09-11T11:50:18.890,1789107618.8905,2170,-18,-0.23,1077,13.81
2026-09-11T11:50:18.900,1789107618.9000,2171,-535,-6.86,1010,12.95
2026-09-11T11:50:18.901,1789107618.9014,2172,303,3.88,1010,12.95
2026-09-11T11:50:18.908,1789107618.9084,2173,437,5.6,972,12.46
2026-09-11T11:50:18.919,1789107618.9196,2174,-56,-0.72,972,12.46
2026-09-11T11:50:18.921,1789107618.9217,2175,-469,-6.01,906,11.62
2026-09-11T11:50:18.930,1789107618.9307,2176,377,4.83,906,11.62
2026-09-11T11:50:18.933,1789107618.9339,2177,407,5.22,876,11.23
2026-09-11T11:50:18.936,1789107618.9369,2178,-86,-1.1,876,11.23
2026-09-11T11:50:18.938,1789107618.9389,2179,-742,-9.51,1149,14.73
2026-09-11T11:50:18.944,1789107618.9449,2180,402,5.15,1149,14.73
2026-09-11T11:50:18.948,1789107618.9489,2181,353,4.53,1144,14.67
2026-09-11T11:50:18.954,1789107618.9541,2182,-161,-2.06,1144,14.67
2026-09-11T11:50:18.956,1789107618.9561,2183,-640,-8.21,1042,13.36
2026-09-11T11:50:18.967,1789107618.9673,2184,304,3.9,993,12.73
2026-09-11T11:50:18.968,1789107618.9683,2185,134,1.72,944,12.1
2026-09-11T11:50:18.972,1789107618.9726,2186,-250,-3.21,944,12.1
2026-09-11T11:50:18.975,1789107618.9756,2187,-453,-5.81,757,9.71
2026-09-11T11:50:18.994,1789107618.9944,2188,-171,-2.19,587,7.53
2026-09-11T11:50:18.999,1789107618.9993,2189,-167,-2.14,286,3.67
2026-09-11T11:50:19.002,1789107619.0025,2190,-226,-2.9,286,3.67
2026-09-11T11:50:19.004,1789107619.0045,2191,-69,-0.88,157,2.01
2026-09-11T11:50:19.007,1789107619.0075,2192,-137,-1.76,157,2.01
2026-09-11T11:50:19.014,1789107619.0146,2193,-251,-3.22,182,2.33
2026-09-11T11:50:19.022,1789107619.0227,2194,46,0.59,297,3.81
2026-09-11T11:50:19.029,1789107619.0297,2195,166,2.13,417,5.35
2026-09-11T11:50:19.032,1789107619.0329,2196,-35,-0.45,417,5.35
2026-09-11T11:50:19.038,1789107619.0389,2197,-275,-3.53,441,5.65
2026-09-11T11:50:19.040,1789107619.0409,2198,195,2.5,470,6.03
2026-09-11T11:50:19.044,1789107619.0449,2199,254,3.26,529,6.78
2026-09-11T11:50:19.047,1789107619.0479,2200,5,0.06,529,6.78
2026-09-11T11:50:19.048,1789107619.0489,2201,-223,-2.86,477,6.12
2026-09-11T11:50:19.051,1789107619.0519,2202,286,3.67,509,6.53
2026-09-11T11:50:19.061,1789107619.0610,2203,305,3.91,528,6.77
2026-09-11T11:50:19.064,1789107619.0642,2204,8,0.1,528,6.77
2026-09-11T11:50:19.071,1789107619.0712,2205,-160,-2.05,465,5.96
2026-09-11T11:50:19.072,1789107619.0724,2206,8,0.1,465,5.96
2026-09-11T11:50:19.081,1789107619.0814,2207,303,3.88,463,5.94
2026-09-11T11:50:19.082,1789107619.0826,2208,-18,-0.23,463,5.94
2026-09-11T11:50:19.090,1789107619.0900,2209,-138,-1.77,441,5.65
2026-09-11T11:50:19.096,1789107619.0964,2210,51,0.65,441,5.65
2026-09-11T11:50:19.100,1789107619.1005,2211,305,3.91,443,5.68
2026-09-11T11:50:19.102,1789107619.1028,2212,-40,-0.51,443,5.68
2026-09-11T11:50:19.114,1789107619.1140,2213,-112,-1.44,417,5.35
2026-09-11T11:50:19.118,1789107619.1180,2214,72,0.92,417,5.35
2026-09-11T11:50:19.121,1789107619.1211,2215,290,3.72,402,5.15
2026-09-11T11:50:19.125,1789107619.1252,2216,-51,-0.65,402,5.15
2026-09-11T11:50:19.130,1789107619.1302,2217,-102,-1.31,392,5.03
2026-09-11T11:50:19.134,1789107619.1344,2218,114,1.46,392,5.03
2026-09-11T11:50:19.140,1789107619.1404,2219,393,5.04,495,6.35
2026-09-11T11:50:19.143,1789107619.1434,2220,-89,-1.14,495,6.35
2026-09-11T11:50:19.146,1789107619.1464,2221,-93,-1.19,486,6.23
2026-09-11T11:50:19.152,1789107619.1527,2222,148,1.9,486,6.23
2026-09-11T11:50:19.155,1789107619.1557,2223,403,5.17,496,6.36
2026-09-11T11:50:19.173,1789107619.1734,2224,-107,-1.37,510,6.54
2026-09-11T11:50:19.180,1789107619.1804,2225,-67,-0.86,510,6.54
2026-09-11T11:50:19.181,1789107619.1814,2226,189,2.42,510,6.54
2026-09-11T11:50:19.185,1789107619.1855,2227,404,5.18,511,6.55
2026-09-11T11:50:19.187,1789107619.1875,2228,203,2.6,471,6.04
2026-09-11T11:50:19.189,1789107619.1895,2229,-49,-0.63,453,5.81
2026-09-11T11:50:19.197,1789107619.1970,2230,215,2.76,453,5.81
2026-09-11T11:50:19.200,1789107619.2000,2231,398,5.1,447,5.73
2026-09-11T11:50:19.204,1789107619.2041,2232,172,2.21,447,5.73
2026-09-11T11:50:19.210,1789107619.2101,2233,-28,-0.36,426,5.46
2026-09-11T11:50:19.221,1789107619.2215,2234,264,3.38,426,5.46
2026-09-11T11:50:19.222,1789107619.2226,2235,387,4.96,415,5.32
2026-09-11T11:50:19.224,1789107619.2246,2236,146,1.87,415,5.32
2026-09-11T11:50:19.227,1789107619.2276,2237,-139,-1.78,526,6.74
2026-09-11T11:50:19.236,1789107619.2368,2238,298,3.82,526,6.74
2026-09-11T11:50:19.238,1789107619.2388,2239,365,4.68,504,6.46
2026-09-11T11:50:19.244,1789107619.2448,2240,123,1.58,504,6.46
2026-09-11T11:50:19.247,1789107619.2478,2241,-149,-1.91,514,6.59
2026-09-11T11:50:19.255,1789107619.2550,2242,311,3.99,514,6.59
2026-09-11T11:50:19.259,1789107619.2590,2243,354,4.54,503,6.45
2026-09-11T11:50:19.266,1789107619.2661,2244,73,0.94,503,6.45
2026-09-11T11:50:19.270,1789107619.2701,2245,-156,-2.0,510,6.54
2026-09-11T11:50:19.275,1789107619.2753,2246,21,0.27,510,6.54
2026-09-11T11:50:19.279,1789107619.2793,2247,320,4.1,476,6.1
2026-09-11T11:50:19.281,1789107619.2813,2248,26,0.33,476,6.1
2026-09-11T11:50:19.290,1789107619.2904,2249,-150,-1.92,470,6.03
2026-09-11T11:50:19.295,1789107619.2951,2250,35,0.45,470,6.03
2026-09-11T11:50:19.296,1789107619.2961,2251,301,3.86,451,5.78
2026-09-11T11:50:19.304,1789107619.3042,2252,-36,-0.46,451,5.78
2026-09-11T11:50:19.309,1789107619.3092,2253,-156,-2.0,457,5.86
2026-09-11T11:50:19.317,1789107619.3174,2254,29,0.37,457,5.86
2026-09-11T11:50:19.318,1789107619.3184,2255,259,3.32,415,5.32
2026-09-11T11:50:19.325,1789107619.3255,2256,-78,-1.0,415,5.32
2026-09-11T11:50:19.325,1789107619.3255,2257,-149,-1.91,408,5.23
2026-09-11T11:50:19.331,1789107619.3315,2258,59,0.76,408,5.23
2026-09-11T11:50:19.337,1789107619.3375,2259,351,4.5,500,6.41
2026-09-11T11:50:19.349,1789107619.3497,2260,-115,-1.47,500,6.41
2026-09-11T11:50:19.355,1789107619.3558,2261,-131,-1.68,482,6.18
2026-09-11T11:50:19.360,1789107619.3608,2262,82,1.05,482,6.18
2026-09-11T11:50:19.362,1789107619.3630,2263,353,4.53,484,6.21
2026-09-11T11:50:19.372,1789107619.3721,2264,-149,-1.91,502,6.44
2026-09-11T11:50:19.377,1789107619.3771,2265,-128,-1.64,502,6.44
2026-09-11T11:50:19.382,1789107619.3822,2266,100,1.28,502,6.44
2026-09-11T11:50:19.388,1789107619.3882,2267,340,4.36,489,6.27
2026-09-11T11:50:19.391,1789107619.3912,2268,171,2.19,468,6.0
2026-09-11T11:50:19.398,1789107619.3984,2269,-117,-1.5,457,5.86
2026-09-11T11:50:19.399,1789107619.3994,2270,127,1.63,457,5.86
2026-09-11T11:50:19.403,1789107619.4035,2271,339,4.35,456,5.85
2026-09-11T11:50:19.406,1789107619.4065,2272,141,1.81,456,5.85
2026-09-11T11:50:19.408,1789107619.4085,2273,-107,-1.37,446,5.72
2026-09-11T11:50:19.419,1789107619.4199,2274,162,2.08,446,5.72
2026-09-11T11:50:19.421,1789107619.4220,2275,313,4.01,420,5.38
2026-09-11T11:50:19.425,1789107619.4260,2276,104,1.33,420,5.38
2026-09-11T11:50:19.431,1789107619.4313,2277,-200,-2.56,513,6.58
2026-09-11T11:50:19.433,1789107619.4334,2278,209,2.68,513,6.58
2026-09-11T11:50:19.440,1789107619.4404,2279,300,3.85,500,6.41
2026-09-11T11:50:19.443,1789107619.4434,2280,75,0.96,500,6.41
2026-09-11T11:50:19.445,1789107619.4454,2281,-206,-2.64,506,6.49
2026-09-11T11:50:19.452,1789107619.4527,2282,244,3.13,506,6.49
2026-09-11T11:50:19.460,1789107619.4606,2283,283,3.63,489,6.27
2026-09-11T11:50:19.464,1789107619.4649,2284,17,0.22,489,6.27
2026-09-11T11:50:19.476,1789107619.4761,2285,-219,-2.81,502,6.44
2026-09-11T11:50:19.479,1789107619.4791,2286,-54,-0.69,502,6.44
2026-09-11T11:50:19.480,1789107619.4801,2287,261,3.35,480,6.15
2026-09-11T11:50:19.483,1789107619.4832,2288,-32,-0.41,480,6.15
2026-09-11T11:50:19.491,1789107619.4912,2289,-223,-2.86,484,6.21
2026-09-11T11:50:19.494,1789107619.4943,2290,-47,-0.6,484,6.21
2026-09-11T11:50:19.498,1789107619.4980,2291,233,2.99,456,5.85
2026-09-11T11:50:19.503,1789107619.5035,2292,-72,-0.92,456,5.85
2026-09-11T11:50:19.505,1789107619.5054,2293,-212,-2.72,445,5.71
2026-09-11T11:50:19.517,1789107619.5172,2294,-47,-0.6,445,5.71
2026-09-11T11:50:19.519,1789107619.5192,2295,224,2.87,436,5.59
2026-09-11T11:50:19.522,1789107619.5225,2296,-121,-1.55,436,5.59
2026-09-11T11:50:19.534,1789107619.5348,2297,-221,-2.83,445,5.71
2026-09-11T11:50:19.541,1789107619.5418,2298,-24,-0.31,445,5.71
2026-09-11T11:50:19.545,1789107619.5458,2299,280,3.59,501,6.42
2026-09-11T11:50:19.548,1789107619.5488,2300,-149,-1.91,501,6.42
2026-09-11T11:50:19.556,1789107619.5560,2301,-205,-2.63,485,6.22
2026-09-11T11:50:19.559,1789107619.5590,2302,-20,-0.26,485,6.22
2026-09-11T11:50:19.563,1789107619.5638,2303,272,3.49,477,6.12
2026-09-11T11:50:19.573,1789107619.5739,2304,-210,-2.69,482,6.18
2026-09-11T11:50:19.576,1789107619.5769,2305,-197,-2.53,482,6.18
2026-09-11T11:50:19.583,1789107619.5833,2306,24,0.31,482,6.18
2026-09-11T11:50:19.584,1789107619.5843,2307,284,3.64,494,6.33
2026-09-11T11:50:19.586,1789107619.5863,2308,119,1.53,481,6.17
2026-09-11T11:50:19.589,1789107619.5893,2309,-185,-2.37,469,6.01
2026-09-11T11:50:19.592,1789107619.5928,2310,48,0.62,469,6.01
2026-09-11T11:50:19.595,1789107619.5950,2311,272,3.49,457,5.86
2026-09-11T11:50:19.604,1789107619.6042,2312,83,1.06,457,5.86
2026-09-11T11:50:19.610,1789107619.6102,2313,-173,-2.22,445,5.71
2026-09-11T11:50:19.615,1789107619.6153,2314,96,1.23,445,5.71
2026-09-11T11:50:19.622,1789107619.6225,2315,280,3.59,453,5.81
2026-09-11T11:50:19.625,1789107619.6255,2316,86,1.1,453,5.81
2026-09-11T11:50:19.631,1789107619.6316,2317,-246,-3.15,526,6.74
2026-09-11T11:50:19.633,1789107619.6336,2318,128,1.64,526,6.74
2026-09-11T11:50:19.641,1789107619.6416,2319,259,3.32,505,6.47
2026-09-11T11:50:19.643,1789107619.6436,2320,26,0.33,505,6.47
2026-09-11T11:50:19.645,1789107619.6456,2321,-258,-3.31,517,6.63
2026-09-11T11:50:19.655,1789107619.6559,2322,184,2.36,517,6.63
2026-09-11T11:50:19.660,1789107619.6609,2323,251,3.22,509,6.53
2026-09-11T11:50:19.668,1789107619.6681,2324,-6,-0.08,509,6.53
2026-09-11T11:50:19.671,1789107619.6711,2325,-262,-3.36,513,6.58
2026-09-11T11:50:19.673,1789107619.6732,2326,-109,-1.4,513,6.58
2026-09-11T11:50:19.675,1789107619.6759,2327,223,2.86,485,6.22
2026-09-11T11:50:19.684,1789107619.6840,2328,-46,-0.59,485,6.22
2026-09-11T11:50:19.688,1789107619.6881,2329,-274,-3.51,497,6.37
2026-09-11T11:50:19.690,1789107619.6900,2330,-97,-1.24,497,6.37
2026-09-11T11:50:19.697,1789107619.6976,2331,206,2.64,480,6.15
2026-09-11T11:50:19.700,1789107619.7006,2332,-70,-0.9,480,6.15
2026-09-11T11:50:19.715,1789107619.7153,2333,-266,-3.41,472,6.05
2026-09-11T11:50:19.723,1789107619.7233,2334,-65,-0.83,472,6.05
2026-09-11T11:50:19.728,1789107619.7283,2335,214,2.74,480,6.15
2026-09-11T11:50:19.730,1789107619.7303,2336,-111,-1.42,480,6.15
2026-09-11T11:50:19.732,1789107619.7324,2337,-238,-3.05,452,5.79
2026-09-11T11:50:19.739,1789107619.7394,2338,-49,-0.63,452,5.79
2026-09-11T11:50:19.742,1789107619.7424,2339,255,3.27,493,6.32
2026-09-11T11:50:19.747,1789107619.7474,2340,-151,-1.94,493,6.32
2026-09-11T11:50:19.749,1789107619.7494,2341,-226,-2.9,481,6.17
2026-09-11T11:50:19.753,1789107619.7536,2342,-37,-0.47,481,6.17
2026-09-11T11:50:19.759,1789107619.7596,2343,295,3.78,521,6.68
2026-09-11T11:50:19.767,1789107619.7678,2344,-151,-1.94,521,6.68
2026-09-11T11:50:19.768,1789107619.7688,2345,-182,-2.33,477,6.12
2026-09-11T11:50:19.773,1789107619.7739,2346,26,0.33,477,6.12
2026-09-11T11:50:19.779,1789107619.7799,2347,314,4.03,496,6.36
2026-09-11T11:50:19.780,1789107619.7809,2348,173,2.22,496,6.36
2026-09-11T11:50:19.792,1789107619.7921,2349,-163,-2.09,477,6.12
2026-09-11T11:50:19.795,1789107619.7952,2350,62,0.79,477,6.12
2026-09-11T11:50:19.797,1789107619.7972,2351,305,3.91,468,6.0
2026-09-11T11:50:19.805,1789107619.8050,2352,144,1.85,468,6.0
2026-09-11T11:50:19.807,1789107619.8070,2353,-168,-2.15,473,6.06
2026-09-11T11:50:19.818,1789107619.8181,2354,81,1.04,473,6.06
2026-09-11T11:50:19.822,1789107619.8223,2355,289,3.71,457,5.86
2026-09-11T11:50:19.825,1789107619.8253,2356,100,1.28,457,5.86
2026-09-11T11:50:19.827,1789107619.8273,2357,-217,-2.78,506,6.49
2026-09-11T11:50:19.837,1789107619.8372,2358,105,1.35,506,6.49
2026-09-11T11:50:19.840,1789107619.8402,2359,80,1.03,322,4.13
2026-09-11T11:50:19.843,1789107619.8432,2360,44,0.56,322,4.13
2026-09-11T11:50:19.850,1789107619.8502,2361,132,1.69,88,1.13
2026-09-11T11:50:19.853,1789107619.8533,2362,-161,-2.06,293,3.76
2026-09-11T11:50:19.857,1789107619.8573,2363,-240,-3.08,372,4.77
2026-09-11T11:50:19.866,1789107619.8666,2364,-83,-1.06,372,4.77
2026-09-11T11:50:19.866,1789107619.8666,2365,117,1.5,357,4.58
2026-09-11T11:50:19.873,1789107619.8730,2366,-39,-0.5,357,4.58
2026-09-11T11:50:19.876,1789107619.8760,2367,-386,-4.95,503,6.45
2026-09-11T11:50:19.882,1789107619.8828,2368,-121,-1.55,503,6.45
2026-09-11T11:50:19.894,1789107619.8942,2369,124,1.59,510,6.54
2026-09-11T11:50:19.899,1789107619.8992,2370,-81,-1.04,510,6.54
2026-09-11T11:50:19.903,1789107619.9033,2371,-411,-5.27,535,6.86
2026-09-11T11:50:19.906,1789107619.9063,2372,-81,-1.04,535,6.86
2026-09-11T11:50:19.908,1789107619.9083,2373,103,1.32,514,6.59
2026-09-11T11:50:19.920,1789107619.9208,2374,-101,-1.29,514,6.59
2026-09-11T11:50:19.923,1789107619.9240,2375,-423,-5.42,526,6.74
2026-09-11T11:50:19.928,1789107619.9290,2376,-69,-0.88,526,6.74
2026-09-11T11:50:19.933,1789107619.9331,2377,87,1.12,510,6.54
2026-09-11T11:50:19.942,1789107619.9421,2378,-162,-2.08,510,6.54
2026-09-11T11:50:19.945,1789107619.9451,2379,-493,-6.32,580,7.44
2026-09-11T11:50:19.949,1789107619.9491,2380,-33,-0.42,580,7.44
2026-09-11T11:50:19.950,1789107619.9501,2381,71,0.91,564,7.23
2026-09-11T11:50:19.952,1789107619.9521,2382,-142,-1.82,564,7.23
2026-09-11T11:50:19.961,1789107619.9613,2383,-457,-5.86,528,6.77
2026-09-11T11:50:19.964,1789107619.9644,2384,34,0.44,528,6.77
2026-09-11T11:50:19.972,1789107619.9725,2385,82,1.05,539,6.91
2026-09-11T11:50:19.976,1789107619.9765,2386,-110,-1.41,539,6.91
2026-09-11T11:50:19.979,1789107619.9796,2387,-342,-4.38,424,5.44
2026-09-11T11:50:19.983,1789107619.9837,2388,-185,-2.37,424,5.44
2026-09-11T11:50:19.991,1789107619.9917,2389,80,1.03,422,5.41
2026-09-11T11:50:19.993,1789107619.9933,2390,-85,-1.09,422,5.41
2026-09-11T11:50:20.001,1789107620.0013,2391,-204,-2.62,284,3.64
2026-09-11T11:50:20.003,1789107620.0034,2392,-84,-1.08,284,3.64
2026-09-11T11:50:20.006,1789107620.0064,2393,36,0.46,240,3.08
2026-09-11T11:50:20.019,1789107620.0196,2394,-40,-0.51,240,3.08
2026-09-11T11:50:20.021,1789107620.0218,2395,-60,-0.77,120,1.54
2026-09-11T11:50:20.025,1789107620.0257,2396,41,0.53,101,1.29
2026-09-11T11:50:20.028,1789107620.0287,2397,61,0.78,121,1.55
2026-09-11T11:50:20.032,1789107620.0329,2398,68,0.87,128,1.64
2026-09-11T11:50:20.041,1789107620.0419,2399,156,2.0,115,1.47
2026-09-11T11:50:20.044,1789107620.0449,2400,155,1.99,95,1.22
2026-09-11T11:50:20.046,1789107620.0469,2401,-49,-0.63,205,2.63
2026-09-11T11:50:20.049,1789107620.0499,2402,219,2.81,268,3.44
2026-09-11T11:50:20.056,1789107620.0565,2403,358,4.59,407,5.22
2026-09-11T11:50:20.067,1789107620.0679,2404,153,1.96,407,5.22
2026-09-11T11:50:20.080,1789107620.0807,2405,-128,-1.64,486,6.23
2026-09-11T11:50:20.084,1789107620.0849,2406,-19,-0.24,486,6.23
2026-09-11T11:50:20.089,1789107620.0899,2407,352,4.51,480,6.15
2026-09-11T11:50:20.091,1789107620.0919,2408,118,1.51,480,6.15
2026-09-11T11:50:20.096,1789107620.0965,2409,-178,-2.28,530,6.79
2026-09-11T11:50:20.101,1789107620.1015,2410,-14,-0.18,530,6.79
2026-09-11T11:50:20.105,1789107620.1056,2411,329,4.22,507,6.5
2026-09-11T11:50:20.109,1789107620.1096,2412,60,0.77,507,6.5
2026-09-11T11:50:20.113,1789107620.1138,2413,-172,-2.21,501,6.42
2026-09-11T11:50:20.120,1789107620.1208,2414,-8,-0.1,501,6.42
2026-09-11T11:50:20.128,1789107620.1289,2415,303,3.88,475,6.09
2026-09-11T11:50:20.130,1789107620.1309,2416,-6,-0.08,475,6.09
2026-09-11T11:50:20.134,1789107620.1340,2417,-202,-2.59,505,6.47
2026-09-11T11:50:20.138,1789107620.1380,2418,-17,-0.22,505,6.47
2026-09-11T11:50:20.139,1789107620.1390,2419,319,4.09,521,6.68
2026-09-11T11:50:20.143,1789107620.1431,2420,-71,-0.91,521,6.68
2026-09-11T11:50:20.145,1789107620.1451,2421,-207,-2.65,526,6.74
2026-09-11T11:50:20.157,1789107620.1578,2422,-18,-0.23,526,6.74
2026-09-11T11:50:20.159,1789107620.1598,2423,302,3.87,509,6.53
2026-09-11T11:50:20.167,1789107620.1679,2424,-108,-1.38,509,6.53
2026-09-11T11:50:20.170,1789107620.1709,2425,-176,-2.26,478,6.13
2026-09-11T11:50:20.172,1789107620.1721,2426,25,0.32,478,6.13
2026-09-11T11:50:20.178,1789107620.1785,2427,325,4.17,501,6.42
2026-09-11T11:50:20.180,1789107620.1805,2428,220,2.82,501,6.42
2026-09-11T11:50:20.190,1789107620.1908,2429,-157,-2.01,482,6.18
2026-09-11T11:50:20.194,1789107620.1944,2430,40,0.51,482,6.18
2026-09-11T11:50:20.202,1789107620.2025,2431,332,4.26,489,6.27
2026-09-11T11:50:20.207,1789107620.2075,2432,190,2.44,489,6.27
2026-09-11T11:50:20.209,1789107620.2095,2433,-162,-2.08,494,6.33
2026-09-11T11:50:20.217,1789107620.2177,2434,59,0.76,494,6.33
2026-09-11T11:50:20.219,1789107620.2197,2435,315,4.04,477,6.12
2026-09-11T11:50:20.224,1789107620.2248,2436,137,1.76,477,6.12
2026-09-11T11:50:20.226,1789107620.2268,2437,-203,-2.6,518,6.64
2026-09-11T11:50:20.231,1789107620.2313,2438,90,1.15,518,6.64
2026-09-11T11:50:20.238,1789107620.2384,2439,306,3.92,509,6.53
2026-09-11T11:50:20.240,1789107620.2404,2440,117,1.5,509,6.53
2026-09-11T11:50:20.247,1789107620.2474,2441,-208,-2.67,514,6.59
2026-09-11T11:50:20.260,1789107620.2608,2442,126,1.62,514,6.59
2026-09-11T11:50:20.265,1789107620.2650,2443,277,3.55,485,6.22
2026-09-11T11:50:20.274,1789107620.2742,2444,60,0.77,485,6.22
2026-09-11T11:50:20.275,1789107620.2752,2445,-240,-3.08,517,6.63
2026-09-11T11:50:20.276,1789107620.2762,2446,-131,-1.68,517,6.63
2026-09-11T11:50:20.279,1789107620.2792,2447,265,3.4,505,6.47
2026-09-11T11:50:20.285,1789107620.2859,2448,24,0.31,505,6.47
2026-09-11T11:50:20.288,1789107620.2885,2449,-248,-3.18,513,6.58
2026-09-11T11:50:20.294,1789107620.2947,2450,-123,-1.58,513,6.58
2026-09-11T11:50:20.302,1789107620.3028,2451,228,2.92,476,6.1
2026-09-11T11:50:20.310,1789107620.3108,2452,-25,-0.32,476,6.1
2026-09-11T11:50:20.312,1789107620.3130,2453,-276,-3.54,504,6.46
2026-09-11T11:50:20.319,1789107620.3200,2454,-123,-1.58,504,6.46
2026-09-11T11:50:20.320,1789107620.3210,2455,208,2.67,484,6.21
2026-09-11T11:50:20.324,1789107620.3241,2456,-64,-0.82,484,6.21
2026-09-11T11:50:20.333,1789107620.3335,2457,-292,-3.74,500,6.41
2026-09-11T11:50:20.337,1789107620.3375,2458,-107,-1.37,500,6.41
2026-09-11T11:50:20.340,1789107620.3405,2459,221,2.83,513,6.58
2026-09-11T11:50:20.343,1789107620.3435,2460,-104,-1.33,513,6.58
2026-09-11T11:50:20.347,1789107620.3475,2461,-284,-3.64,505,6.47
2026-09-11T11:50:20.356,1789107620.3568,2462,-99,-1.27,505,6.47
2026-09-11T11:50:20.358,1789107620.3588,2463,218,2.79,502,6.44
2026-09-11T11:50:20.367,1789107620.3679,2464,-152,-1.95,502,6.44
2026-09-11T11:50:20.370,1789107620.3709,2465,-271,-3.47,489,6.27
2026-09-11T11:50:20.381,1789107620.3812,2466,-102,-1.31,489,6.27
2026-09-11T11:50:20.384,1789107620.3843,2467,222,2.85,493,6.32
2026-09-11T11:50:20.387,1789107620.3873,2468,145,1.86,493,6.32
2026-09-11T11:50:20.389,1789107620.3893,2469,-262,-3.36,484,6.21
2026-09-11T11:50:20.393,1789107620.3938,2470,-73,-0.94,484,6.21
2026-09-11T11:50:20.398,1789107620.3988,2471,219,2.81,481,6.17
2026-09-11T11:50:20.404,1789107620.4040,2472,110,1.41,481,6.17
2026-09-11T11:50:20.407,1789107620.4070,2473,-257,-3.29,476,6.1
2026-09-11T11:50:20.417,1789107620.4177,2474,-32,-0.41,476,6.1
2026-09-11T11:50:20.418,1789107620.4187,2475,228,2.92,485,6.22
2026-09-11T11:50:20.422,1789107620.4228,2476,83,1.06,485,6.22
2026-09-11T11:50:20.425,1789107620.4258,2477,-258,-3.31,486,6.23
2026-09-11T11:50:20.445,1789107620.4455,2478,4,0.05,486,6.23
2026-09-11T11:50:20.452,1789107620.4524,2479,252,3.23,510,6.54
2026-09-11T11:50:20.454,1789107620.4545,2480,79,1.01,510,6.54
2026-09-11T11:50:20.457,1789107620.4580,2481,-237,-3.04,489,6.27
2026-09-11T11:50:20.463,1789107620.4631,2482,69,0.88,489,6.27
2026-09-11T11:50:20.467,1789107620.4677,2483,260,3.33,497,6.37
2026-09-11T11:50:20.476,1789107620.4769,2484,43,0.55,497,6.37
2026-09-11T11:50:20.481,1789107620.4818,2485,-269,-3.45,529,6.78
2026-09-11T11:50:20.484,1789107620.4843,2486,-180,-2.31,529,6.78
2026-09-11T11:50:20.492,1789107620.4923,2487,233,2.99,502,6.44
2026-09-11T11:50:20.493,1789107620.4938,2488,16,0.21,502,6.44
2026-09-11T11:50:20.498,1789107620.4988,2489,-284,-3.64,517,6.63
2026-09-11T11:50:20.500,1789107620.5008,2490,-167,-2.14,517,6.63
2026-09-11T11:50:20.503,1789107620.5030,2491,209,2.68,493,6.32
2026-09-11T11:50:20.504,1789107620.5040,2492,-20,-0.26,493,6.32
2026-09-11T11:50:20.511,1789107620.5110,2493,-308,-3.95,517,6.63
2026-09-11T11:50:20.514,1789107620.5144,2494,-171,-2.19,517,6.63
2026-09-11T11:50:20.522,1789107620.5226,2495,177,2.27,485,6.22
2026-09-11T11:50:20.524,1789107620.5246,2496,-67,-0.86,485,6.22
2026-09-11T11:50:20.531,1789107620.5318,2497,-311,-3.99,488,6.26
2026-09-11T11:50:20.533,1789107620.5338,2498,-150,-1.92,488,6.26
2026-09-11T11:50:20.539,1789107620.5398,2499,155,1.99,466,5.97
2026-09-11T11:50:20.541,1789107620.5418,2500,-122,-1.56,466,5.97
2026-09-11T11:50:20.550,1789107620.5508,2501,-314,-4.03,469,6.01
2026-09-11T11:50:20.553,1789107620.5539,2502,-137,-1.76,469,6.01
2026-09-11T11:50:20.562,1789107620.5620,2503,180,2.31,494,6.33
2026-09-11T11:50:20.568,1789107620.5680,2504,-165,-2.12,494,6.33
2026-09-11T11:50:20.570,1789107620.5700,2505,-325,-4.17,505,6.47
2026-09-11T11:50:20.574,1789107620.5742,2506,-120,-1.54,505,6.47
2026-09-11T11:50:20.577,1789107620.5771,2507,185,2.37,510,6.54
2026-09-11T11:50:20.584,1789107620.5844,2508,124,1.59,510,6.54
2026-09-11T11:50:20.587,1789107620.5874,2509,-299,-3.83,484,6.21
2026-09-11T11:50:20.591,1789107620.5914,2510,-110,-1.41,484,6.21
2026-09-11T11:50:20.597,1789107620.5979,2511,206,2.64,505,6.47
2026-09-11T11:50:20.599,1789107620.5999,2512,85,1.09,505,6.47
2026-09-11T11:50:20.608,1789107620.6081,2513,-302,-3.87,508,6.51
2026-09-11T11:50:20.623,1789107620.6236,2514,-101,-1.29,508,6.51
2026-09-11T11:50:20.629,1789107620.6296,2515,200,2.56,502,6.44
2026-09-11T11:50:20.634,1789107620.6347,2516,79,1.01,502,6.44
2026-09-11T11:50:20.636,1789107620.6367,2517,-273,-3.5,473,6.06
2026-09-11T11:50:20.638,1789107620.6387,2518,-63,-0.81,473,6.06
2026-09-11T11:50:20.642,1789107620.6427,2519,213,2.73,486,6.23
2026-09-11T11:50:20.647,1789107620.6477,2520,44,0.56,486,6.23
2026-09-11T11:50:20.651,1789107620.6517,2521,-296,-3.79,509,6.53
2026-09-11T11:50:20.655,1789107620.6558,2522,-10,-0.13,509,6.53
2026-09-11T11:50:20.661,1789107620.6616,2523,210,2.69,506,6.49
2026-09-11T11:50:20.675,1789107620.6759,2524,33,0.42,506,6.49
2026-09-11T11:50:20.676,1789107620.6769,2525,-315,-4.04,525,6.73
2026-09-11T11:50:20.679,1789107620.6799,2526,-234,-3.0,525,6.73
2026-09-11T11:50:20.684,1789107620.6848,2527,203,2.6,518,6.64
2026-09-11T11:50:20.686,1789107620.6864,2528,-6,-0.08,518,6.64
2026-09-11T11:50:20.688,1789107620.6880,2529,-326,-4.18,529,6.78
2026-09-11T11:50:20.690,1789107620.6906,2530,-204,-2.62,529,6.78
2026-09-11T11:50:20.698,1789107620.6983,2531,176,2.26,502,6.44
2026-09-11T11:50:20.706,1789107620.7063,2532,-20,-0.26,502,6.44
2026-09-11T11:50:20.708,1789107620.7083,2533,-336,-4.31,512,6.56
2026-09-11T11:50:20.717,1789107620.7175,2534,-191,-2.45,512,6.56
2026-09-11T11:50:20.719,1789107620.7195,2535,181,2.32,517,6.63
2026-09-11T11:50:20.725,1789107620.7257,2536,-67,-0.86,517,6.63
2026-09-11T11:50:20.727,1789107620.7277,2537,-339,-4.35,520,6.67
2026-09-11T11:50:20.735,1789107620.7358,2538,-166,-2.13,520,6.67
2026-09-11T11:50:20.738,1789107620.7388,2539,147,1.88,486,6.23
2026-09-11T11:50:20.749,1789107620.7498,2540,-103,-1.32,486,6.23
2026-09-11T11:50:20.751,1789107620.7520,2541,-326,-4.18,473,6.06
2026-09-11T11:50:20.756,1789107620.7570,2542,-149,-1.91,473,6.06
2026-09-11T11:50:20.758,1789107620.7590,2543,168,2.15,494,6.33
2026-09-11T11:50:20.768,1789107620.7681,2544,-138,-1.77,494,6.33
2026-09-11T11:50:20.771,1789107620.7711,2545,-321,-4.12,489,6.27
2026-09-11T11:50:20.775,1789107620.7752,2546,-136,-1.74,489,6.27
2026-09-11T11:50:20.781,1789107620.7812,2547,201,2.58,522,6.69
2026-09-11T11:50:20.782,1789107620.7825,2548,136,1.74,522,6.69
2026-09-11T11:50:20.786,1789107620.7865,2549,-292,-3.74,493,6.32
2026-09-11T11:50:20.792,1789107620.7925,2550,-115,-1.47,493,6.32
2026-09-11T11:50:20.796,1789107620.7960,2551,198,2.54,490,6.28
2026-09-11T11:50:20.810,1789107620.8109,2552,121,1.55,490,6.28
2026-09-11T11:50:20.817,1789107620.8171,2553,-275,-3.53,473,6.06
2026-09-11T11:50:20.825,1789107620.8250,2554,-90,-1.15,473,6.06
2026-09-11T11:50:20.829,1789107620.8290,2555,219,2.81,494,6.33
2026-09-11T11:50:20.836,1789107620.8361,2556,106,1.36,494,6.33
2026-09-11T11:50:20.841,1789107620.8411,2557,-235,-3.01,454,5.82
2026-09-11T11:50:20.845,1789107620.8451,2558,-57,-0.73,454,5.82
2026-09-11T11:50:20.851,1789107620.8511,2559,224,2.87,459,5.88
2026-09-11T11:50:20.858,1789107620.8583,2560,75,0.96,459,5.88
2026-09-11T11:50:20.860,1789107620.8603,2561,-262,-3.36,486,6.23
2026-09-11T11:50:20.862,1789107620.8624,2562,-24,-0.31,486,6.23
2026-09-11T11:50:20.866,1789107620.8664,2563,228,2.92,490,6.28
2026-09-11T11:50:20.870,1789107620.8704,2564,52,0.67,490,6.28
2026-09-11T11:50:20.872,1789107620.8725,2565,-289,-3.71,517,6.63
2026-09-11T11:50:20.875,1789107620.8755,2566,-227,-2.91,517,6.63
2026-09-11T11:50:20.878,1789107620.8785,2567,233,2.99,522,6.69
2026-09-11T11:50:20.885,1789107620.8856,2568,40,0.51,522,6.69
2026-09-11T11:50:20.889,1789107620.8896,2569,-292,-3.74,525,6.73
2026-09-11T11:50:20.895,1789107620.8952,2570,-207,-2.65,525,6.73
2026-09-11T11:50:20.899,1789107620.8991,2571,214,2.74,506,6.49
2026-09-11T11:50:20.900,1789107620.9002,2572,5,0.06,506,6.49
2026-09-11T11:50:20.908,1789107620.9083,2573,-307,-3.94,521,6.68
2026-09-11T11:50:20.918,1789107620.9185,2574,-174,-2.23,521,6.68
2026-09-11T11:50:20.921,1789107620.9216,2575,210,2.69,517,6.63
2026-09-11T11:50:20.930,1789107620.9306,2576,-30,-0.38,517,6.63
2026-09-11T11:50:20.933,1789107620.9338,2577,-306,-3.92,516,6.62
2026-09-11T11:50:20.936,1789107620.9368,2578,-161,-2.06,516,6.62
2026-09-11T11:50:20.937,1789107620.9378,2579,156,2.0,462,5.92
2026-09-11T11:50:20.945,1789107620.9458,2580,-74,-0.95,462,5.92
2026-09-11T11:50:20.947,1789107620.9478,2581,-313,-4.01,469,6.01
2026-09-11T11:50:20.955,1789107620.9558,2582,-128,-1.64,469,6.01
2026-09-11T11:50:20.958,1789107620.9588,2583,164,2.1,477,6.12
2026-09-11T11:50:20.963,1789107620.9638,2584,-101,-1.29,477,6.12
2026-09-11T11:50:20.968,1789107620.9688,2585,-305,-3.91,469,6.01
2026-09-11T11:50:20.975,1789107620.9758,2586,-132,-1.69,469,6.01
2026-09-11T11:50:20.976,1789107620.9768,2587,181,2.32,486,6.23
2026-09-11T11:50:20.993,1789107620.9940,2588,172,2.21,486,6.23
2026-09-11T11:50:21.000,1789107621.0010,2589,-300,-3.85,481,6.17
2026-09-11T11:50:21.004,1789107621.0042,2590,-107,-1.37,481,6.17
2026-09-11T11:50:21.010,1789107621.0102,2591,210,2.69,510,6.54
2026-09-11T11:50:21.013,1789107621.0133,2592,145,1.86,510,6.54
2026-09-11T11:50:21.017,1789107621.0173,2593,-299,-3.83,509,6.53
2026-09-11T11:50:21.027,1789107621.0278,2594,-98,-1.26,509,6.53
2026-09-11T11:50:21.035,1789107621.0350,2595,227,2.91,526,6.74
2026-09-11T11:50:21.037,1789107621.0370,2596,134,1.72,526,6.74
2026-09-11T11:50:21.039,1789107621.0390,2597,-223,-2.86,450,5.77
2026-09-11T11:50:21.044,1789107621.0440,2598,-81,-1.04,450,5.77
2026-09-11T11:50:21.046,1789107621.0460,2599,227,2.91,450,5.77
2026-09-11T11:50:21.048,1789107621.0480,2600,91,1.17,450,5.77
2026-09-11T11:50:21.050,1789107621.0500,2601,-254,-3.26,481,6.17
2026-09-11T11:50:21.051,1789107621.0510,2602,-36,-0.46,481,6.17
2026-09-11T11:50:21.060,1789107621.0600,2603,224,2.87,478,6.13
2026-09-11T11:50:21.064,1789107621.0642,2604,84,1.08,478,6.13
2026-09-11T11:50:21.071,1789107621.0712,2605,-265,-3.4,489,6.27
2026-09-11T11:50:21.073,1789107621.0733,2606,-244,-3.13,489,6.27
2026-09-11T11:50:21.081,1789107621.0813,2607,205,2.63,470,6.03
2026-09-11T11:50:21.082,1789107621.0830,2608,40,0.51,470,6.03
2026-09-11T11:50:21.089,1789107621.0900,2609,-228,-2.92,449,5.76
2026-09-11T11:50:21.096,1789107621.0960,2610,-311,-3.99,516,6.62
2026-09-11T11:50:21.101,1789107621.1010,2611,-504,-6.46,544,6.97
2026-09-11T11:50:21.111,1789107621.1112,2612,-458,-5.87,276,3.54
2026-09-11T11:50:21.113,1789107621.1133,2613,-248,-3.18,256,3.28
2026-09-11T11:50:21.118,1789107621.1183,2614,-311,-3.99,256,3.28
2026-09-11T11:50:21.122,1789107621.1225,2615,-716,-9.18,468,6.0
2026-09-11T11:50:21.125,1789107621.1255,2616,-445,-5.71,468,6.0
2026-09-11T11:50:21.129,1789107621.1298,2617,-99,-1.27,617,7.91
2026-09-11T11:50:21.134,1789107621.1350,2618,-247,-3.17,617,7.91
2026-09-11T11:50:21.136,1789107621.1366,2619,-590,-7.56,491,6.29
2026-09-11T11:50:21.141,1789107621.1416,2620,-361,-4.63,491,6.29
2026-09-11T11:50:21.147,1789107621.1477,2621,-48,-0.62,542,6.95
2026-09-11T11:50:21.150,1789107621.1506,2622,-244,-3.13,542,6.95
2026-09-11T11:50:21.157,1789107621.1578,2623,-583,-7.47,535,6.86
2026-09-11T11:50:21.179,1789107621.1793,2624,-258,-3.31,535,6.86
2026-09-11T11:50:21.185,1789107621.1856,2625,7,0.09,590,7.56
2026-09-11T11:50:21.186,1789107621.1866,2626,-189,-2.42,590,7.56
2026-09-11T11:50:21.190,1789107621.1902,2627,-568,-7.28,575,7.37
2026-09-11T11:50:21.196,1789107621.1963,2628,-546,-7.0,575,7.37
2026-09-11T11:50:21.200,1789107621.2003,2629,57,0.73,625,8.01
2026-09-11T11:50:21.204,1789107621.2049,2630,-172,-2.21,625,8.01
2026-09-11T11:50:21.209,1789107621.2099,2631,-539,-6.91,603,7.73
2026-09-11T11:50:21.214,1789107621.2140,2632,-485,-6.22,596,7.64
2026-09-11T11:50:21.217,1789107621.2170,2633,61,0.78,600,7.69
2026-09-11T11:50:21.225,1789107621.2254,2634,-163,-2.09,600,7.69
2026-09-11T11:50:21.230,1789107621.2304,2635,-510,-6.54,571,7.32
2026-09-11T11:50:21.231,1789107621.2314,2636,-392,-5.03,571,7.32
2026-09-11T11:50:21.233,1789107621.2336,2637,-55,-0.71,455,5.83
2026-09-11T11:50:21.234,1789107621.2346,2638,-190,-2.44,455,5.83
2026-09-11T11:50:21.238,1789107621.2386,2639,-402,-5.15,347,4.45
2026-09-11T11:50:21.241,1789107621.2416,2640,-280,-3.59,347,4.45
2026-09-11T11:50:21.249,1789107621.2496,2641,-131,-1.68,271,3.47
2026-09-11T11:50:21.253,1789107621.2537,2642,-282,-3.62,271,3.47
2026-09-11T11:50:21.258,1789107621.2587,2643,-264,-3.38,151,1.94
2026-09-11T11:50:21.267,1789107621.2678,2644,-211,-2.71,151,1.94
2026-09-11T11:50:21.270,1789107621.2708,2645,-307,-3.94,96,1.23
2026-09-11T11:50:21.275,1789107621.2760,2646,-349,-4.47,138,1.77
2026-09-11T11:50:21.283,1789107621.2831,2647,-135,-1.73,214,2.74
2026-09-11T11:50:21.286,1789107621.2861,2648,-210,-2.69,214,2.74
2026-09-11T11:50:21.288,1789107621.2881,2649,-410,-5.26,275,3.53
2026-09-11T11:50:21.298,1789107621.2987,2650,-472,-6.05,337,4.32
2026-09-11T11:50:21.301,1789107621.3017,2651,-269,-3.45,262,3.36
2026-09-11T11:50:21.303,1789107621.3039,2652,-332,-4.26,203,2.6
2026-09-11T11:50:21.305,1789107621.3059,2653,-470,-6.03,203,2.6
2026-09-11T11:50:21.317,1789107621.3176,2654,-461,-5.91,201,2.58
2026-09-11T11:50:21.319,1789107621.3196,2655,-291,-3.73,179,2.29
2026-09-11T11:50:21.325,1789107621.3259,2656,-193,-2.47,277,3.55
2026-09-11T11:50:21.327,1789107621.3279,2657,-360,-4.62,268,3.44
2026-09-11T11:50:21.333,1789107621.3331,2658,-295,-3.78,167,2.14
2026-09-11T11:50:21.335,1789107621.3351,2659,-82,-1.05,278,3.56
2026-09-11T11:50:21.342,1789107621.3421,2660,-38,-0.49,322,4.13
2026-09-11T11:50:21.358,1789107621.3584,2661,-249,-3.19,257,3.29
2026-09-11T11:50:21.364,1789107621.3646,2662,-128,-1.64,211,2.71
2026-09-11T11:50:21.370,1789107621.3706,2663,160,2.05,409,5.24
2026-09-11T11:50:21.373,1789107621.3737,2664,6,0.08,409,5.24
2026-09-11T11:50:21.377,1789107621.3777,2665,-234,-3.0,394,5.05
2026-09-11T11:50:21.382,1789107621.3829,2666,-69,-0.88,394,5.05
2026-09-11T11:50:21.386,1789107621.3869,2667,248,3.18,482,6.18
2026-09-11T11:50:21.391,1789107621.3919,2668,275,3.53,509,6.53
2026-09-11T11:50:21.394,1789107621.3949,2669,-210,-2.69,485,6.22
2026-09-11T11:50:21.399,1789107621.3999,2670,-30,-0.38,485,6.22
2026-09-11T11:50:21.407,1789107621.4071,2671,307,3.94,517,6.63
2026-09-11T11:50:21.409,1789107621.4090,2672,277,3.55,517,6.63
2026-09-11T11:50:21.411,1789107621.4116,2673,-192,-2.46,499,6.4
2026-09-11T11:50:21.417,1789107621.4173,2674,-3,-0.04,499,6.4
2026-09-11T11:50:21.419,1789107621.4193,2675,321,4.12,513,6.58
2026-09-11T11:50:21.427,1789107621.4275,2676,272,3.49,513,6.58
2026-09-11T11:50:21.429,1789107621.4295,2677,-53,-0.68,374,4.79
2026-09-11T11:50:21.432,1789107621.4320,2678,36,0.46,374,4.79
2026-09-11T11:50:21.440,1789107621.4400,2679,348,4.46,401,5.14
2026-09-11T11:50:21.442,1789107621.4420,2680,258,3.31,401,5.14
2026-09-11T11:50:21.449,1789107621.4500,2681,-75,-0.96,423,5.42
2026-09-11T11:50:21.456,1789107621.4561,2682,58,0.74,423,5.42
2026-09-11T11:50:21.459,1789107621.4591,2683,374,4.79,449,5.76
2026-09-11T11:50:21.469,1789107621.4692,2684,236,3.03,449,5.76
2026-09-11T11:50:21.471,1789107621.4712,2685,-93,-1.19,467,5.99
2026-09-11T11:50:21.474,1789107621.4744,2686,-116,-1.49,490,6.28
2026-09-11T11:50:21.481,1789107621.4818,2687,384,4.92,500,6.41
2026-09-11T11:50:21.483,1789107621.4835,2688,230,2.95,500,6.41
2026-09-11T11:50:21.489,1789107621.4898,2689,-111,-1.42,500,6.41
2026-09-11T11:50:21.495,1789107621.4952,2690,-86,-1.1,495,6.35
2026-09-11T11:50:21.499,1789107621.4992,2691,410,5.26,521,6.68
2026-09-11T11:50:21.501,1789107621.5012,2692,236,3.03,521,6.68
2026-09-11T11:50:21.509,1789107621.5093,2693,-121,-1.55,531,6.81
2026-09-11T11:50:21.517,1789107621.5180,2694,-40,-0.51,531,6.81
2026-09-11T11:50:21.518,1789107621.5190,2695,220,2.82,357,4.58
2026-09-11T11:50:21.524,1789107621.5243,2696,197,2.53,341,4.37
2026-09-11T11:50:21.526,1789107621.5263,2697,-120,-1.54,340,4.36
2026-09-11T11:50:21.544,1789107621.5446,2698,-19,-0.24,340,4.36
2026-09-11T11:50:21.549,1789107621.5496,2699,253,3.24,373,4.78
2026-09-11T11:50:21.553,1789107621.5530,2700,171,2.19,373,4.78
2026-09-11T11:50:21.554,1789107621.5540,2701,-134,-1.72,387,4.96
2026-09-11T11:50:21.558,1789107621.5581,2702,-14,-0.18,387,4.96
2026-09-11T11:50:21.564,1789107621.5642,2703,294,3.77,428,5.49
2026-09-11T11:50:21.572,1789107621.5727,2704,136,1.74,428,5.49
2026-09-11T11:50:21.577,1789107621.5778,2705,-161,-2.06,455,5.83
2026-09-11T11:50:21.581,1789107621.5819,2706,0,0.0,455,5.83
2026-09-11T11:50:21.583,1789107621.5839,2707,316,4.05,477,6.12
2026-09-11T11:50:21.589,1789107621.5899,2708,355,4.55,516,6.62
2026-09-11T11:50:21.591,1789107621.5919,2709,-159,-2.04,514,6.59
2026-09-11T11:50:21.595,1789107621.5954,2710,14,0.18,514,6.59
2026-09-11T11:50:21.598,1789107621.5984,2711,330,4.23,514,6.59
2026-09-11T11:50:21.603,1789107621.6035,2712,340,4.36,499,6.4
2026-09-11T11:50:21.609,1789107621.6095,2713,-145,-1.86,485,6.22
2026-09-11T11:50:21.619,1789107621.6196,2714,27,0.35,485,6.22
2026-09-11T11:50:21.620,1789107621.6206,2715,355,4.55,500,6.41
2026-09-11T11:50:21.626,1789107621.6268,2716,322,4.13,500,6.41
2026-09-11T11:50:21.628,1789107621.6288,2717,-11,-0.14,366,4.69
2026-09-11T11:50:21.633,1789107621.6339,2718,29,0.37,366,4.69
2026-09-11T11:50:21.638,1789107621.6389,2719,357,4.58,368,4.72
2026-09-11T11:50:21.640,1789107621.6409,2720,296,3.79,368,4.72
2026-09-11T11:50:21.650,1789107621.6509,2721,-61,-0.78,418,5.36
2026-09-11T11:50:21.661,1789107621.6610,2722,43,0.55,418,5.36
2026-09-11T11:50:21.663,1789107621.6632,2723,371,4.76,432,5.54
2026-09-11T11:50:21.668,1789107621.6682,2724,254,3.26,432,5.54
2026-09-11T11:50:21.670,1789107621.6703,2725,-91,-1.17,462,5.92
2026-09-11T11:50:21.675,1789107621.6756,2726,-135,-1.73,506,6.49
2026-09-11T11:50:21.676,1789107621.6766,2727,373,4.78,508,6.51
2026-09-11T11:50:21.684,1789107621.6847,2728,232,2.97,508,6.51
2026-09-11T11:50:21.691,1789107621.6917,2729,-133,-1.71,508,6.51
2026-09-11T11:50:21.691,1789107621.6917,2730,-124,-1.59,506,6.49
2026-09-11T11:50:21.697,1789107621.6972,2731,356,4.56,489,6.27
2026-09-11T11:50:21.700,1789107621.7002,2732,198,2.54,489,6.27
2026-09-11T11:50:21.707,1789107621.7075,2733,-151,-1.94,507,6.5
2026-09-11T11:50:21.730,1789107621.7303,2734,-102,-1.31,507,6.5
2026-09-11T11:50:21.731,1789107621.7313,2735,142,1.82,349,4.47
2026-09-11T11:50:21.735,1789107621.7355,2736,173,2.22,324,4.15
2026-09-11T11:50:21.738,1789107621.7385,2737,-172,-2.21,345,4.42
2026-09-11T11:50:21.741,1789107621.7415,2738,-99,-1.27,345,4.42
2026-09-11T11:50:21.746,1789107621.7465,2739,161,2.06,345,4.42
2026-09-11T11:50:21.751,1789107621.7515,2740,127,1.63,333,4.27
2026-09-11T11:50:21.755,1789107621.7556,2741,-198,-2.54,359,4.6
2026-09-11T11:50:21.759,1789107621.7596,2742,-81,-1.04,359,4.6
2026-09-11T11:50:21.763,1789107621.7638,2743,204,2.62,402,5.15
2026-09-11T11:50:21.773,1789107621.7730,2744,89,1.14,402,5.15
2026-09-11T11:50:21.774,1789107621.7750,2745,-203,-2.6,407,5.22
2026-09-11T11:50:21.776,1789107621.7770,2746,-74,-0.95,407,5.22
2026-09-11T11:50:21.780,1789107621.7810,2747,230,2.95,433,5.55
2026-09-11T11:50:21.783,1789107621.7831,2748,313,4.01,516,6.62
2026-09-11T11:50:21.789,1789107621.7891,2749,-216,-2.77,529,6.78
2026-09-11T11:50:21.790,1789107621.7901,2750,-47,-0.6,529,6.78
2026-09-11T11:50:21.798,1789107621.7986,2751,265,3.4,529,6.78
2026-09-11T11:50:21.805,1789107621.8058,2752,296,3.79,512,6.56
2026-09-11T11:50:21.808,1789107621.8088,2753,-225,-2.88,521,6.68
2026-09-11T11:50:21.817,1789107621.8177,2754,-40,-0.51,521,6.68
2026-09-11T11:50:21.818,1789107621.8187,2755,280,3.59,521,6.68
2026-09-11T11:50:21.826,1789107621.8263,2756,263,3.37,505,6.47
2026-09-11T11:50:21.829,1789107621.8293,2757,-50,-0.64,330,4.23
2026-09-11T11:50:21.839,1789107621.8397,2758,-37,-0.47,330,4.23
2026-09-11T11:50:21.841,1789107621.8417,2759,283,3.63,333,4.27
2026-09-11T11:50:21.845,1789107621.8457,2760,234,3.0,333,4.27
2026-09-11T11:50:21.847,1789107621.8477,2761,-83,-1.06,366,4.69
2026-09-11T11:50:21.851,1789107621.8517,2762,-18,-0.23,366,4.69
2026-09-11T11:50:21.857,1789107621.8579,2763,314,4.03,397,5.09
2026-09-11T11:50:21.868,1789107621.8681,2764,213,2.73,397,5.09
2026-09-11T11:50:21.870,1789107621.8701,2765,-116,-1.49,430,5.51
2026-09-11T11:50:21.874,1789107621.8741,2766,-196,-2.51,510,6.54
2026-09-11T11:50:21.876,1789107621.8761,2767,317,4.06,513,6.58
2026-09-11T11:50:21.883,1789107621.8831,2768,196,2.51,513,6.58
2026-09-11T11:50:21.885,1789107621.8859,2769,-157,-2.01,513,6.58
2026-09-11T11:50:21.906,1789107621.9066,2770,-180,-2.31,497,6.37
2026-09-11T11:50:21.911,1789107621.9119,2771,328,4.21,508,6.51
2026-09-11T11:50:21.914,1789107621.9141,2772,175,2.24,508,6.51
2026-09-11T11:50:21.917,1789107621.9171,2773,-166,-2.13,508,6.51
2026-09-11T11:50:21.928,1789107621.9282,2774,-149,-1.91,494,6.33
2026-09-11T11:50:21.933,1789107621.9333,2775,79,1.01,341,4.37
2026-09-11T11:50:21.936,1789107621.9363,2776,150,1.92,316,4.05
2026-09-11T11:50:21.941,1789107621.9413,2777,-187,-2.4,337,4.32
2026-09-11T11:50:21.948,1789107621.9484,2778,-146,-1.87,337,4.32
2026-09-11T11:50:21.951,1789107621.9516,2779,135,1.73,337,4.32
2026-09-11T11:50:21.954,1789107621.9546,2780,113,1.45,322,4.13
2026-09-11T11:50:21.957,1789107621.9576,2781,-204,-2.62,339,4.35
2026-09-11T11:50:21.958,1789107621.9586,2782,-119,-1.53,339,4.35
2026-09-11T11:50:21.960,1789107621.9606,2783,170,2.18,374,4.79
2026-09-11T11:50:21.966,1789107621.9667,2784,96,1.23,374,4.79
2026-09-11T11:50:21.968,1789107621.9687,2785,-229,-2.94,399,5.12
2026-09-11T11:50:21.976,1789107621.9768,2786,-96,-1.23,399,5.12
2026-09-11T11:50:21.978,1789107621.9788,2787,197,2.53,426,5.46
2026-09-11T11:50:21.985,1789107621.9860,2788,292,3.74,521,6.68
2026-09-11T11:50:21.987,1789107621.9880,2789,-241,-3.09,533,6.83
2026-09-11T11:50:21.994,1789107621.9950,2790,-85,-1.09,533,6.83
2026-09-11T11:50:22.001,1789107622.0010,2791,216,2.77,533,6.83
2026-09-11T11:50:22.005,1789107622.0052,2792,271,3.47,512,6.56
2026-09-11T11:50:22.007,1789107622.0072,2793,-254,-3.26,525,6.73
2026-09-11T11:50:22.019,1789107622.0193,2794,-61,-0.78,525,6.73
2026-09-11T11:50:22.023,1789107622.0235,2795,243,3.12,525,6.73
2026-09-11T11:50:22.025,1789107622.0255,2796,262,3.36,516,6.62
2026-09-11T11:50:22.027,1789107622.0275,2797,-31,-0.4,323,4.14
2026-09-11T11:50:22.034,1789107622.0350,2798,-46,-0.59,308,3.95
2026-09-11T11:50:22.036,1789107622.0370,2799,266,3.41,312,4.0
2026-09-11T11:50:22.043,1789107622.0440,2800,237,3.04,312,4.0
2026-09-11T11:50:22.045,1789107622.0460,2801,-96,-1.23,362,4.64
2026-09-11T11:50:22.051,1789107622.0520,2802,-54,-0.69,362,4.64
2026-09-11T11:50:22.057,1789107622.0572,2803,266,3.41,362,4.64
2026-09-11T11:50:22.063,1789107622.0636,2804,201,2.58,362,4.64
2026-09-11T11:50:22.082,1789107622.0826,2805,-128,-1.64,394,5.05
2026-09-11T11:50:22.087,1789107622.0876,2806,-239,-3.06,505,6.47
2026-09-11T11:50:22.090,1789107622.0906,2807,282,3.62,521,6.68
2026-09-11T11:50:22.092,1789107622.0926,2808,177,2.27,521,6.68
2026-09-11T11:50:22.096,1789107622.0962,2809,-168,-2.15,521,6.68
2026-09-11T11:50:22.102,1789107622.1024,2810,-227,-2.91,509,6.53
2026-09-11T11:50:22.105,1789107622.1054,2811,273,3.5,500,6.41
2026-09-11T11:50:22.109,1789107622.1094,2812,144,1.85,500,6.41
2026-09-11T11:50:22.117,1789107622.1176,2813,-200,-2.56,500,6.41
2026-09-11T11:50:22.126,1789107622.1267,2814,-211,-2.71,484,6.21
2026-09-11T11:50:22.130,1789107622.1307,2815,13,0.17,355,4.55
2026-09-11T11:50:22.132,1789107622.1328,2816,108,1.38,319,4.09
2026-09-11T11:50:22.134,1789107622.1348,2817,-236,-3.03,344,4.41
2026-09-11T11:50:22.135,1789107622.1358,2818,-207,-2.65,344,4.41
2026-09-11T11:50:22.137,1789107622.1378,2819,46,0.59,344,4.41
2026-09-11T11:50:22.144,1789107622.1448,2820,80,1.03,316,4.05
2026-09-11T11:50:22.150,1789107622.1508,2821,-264,-3.38,344,4.41
2026-09-11T11:50:22.154,1789107622.1540,2822,-179,-2.29,344,4.41
2026-09-11T11:50:22.161,1789107622.1610,2823,90,1.15,354,4.54
2026-09-11T11:50:22.170,1789107622.1702,2824,49,0.63,354,4.54
2026-09-11T11:50:22.172,1789107622.1724,2825,-280,-3.59,370,4.74
2026-09-11T11:50:22.173,1789107622.1734,2826,-167,-2.14,370,4.74
2026-09-11T11:50:22.178,1789107622.1784,2827,114,1.46,394,5.05
2026-09-11T11:50:22.185,1789107622.1856,2828,246,3.15,526,6.74
2026-09-11T11:50:22.188,1789107622.1886,2829,-283,-3.63,529,6.78
2026-09-11T11:50:22.196,1789107622.1961,2830,-150,-1.92,529,6.78
2026-09-11T11:50:22.201,1789107622.2011,2831,154,1.97,529,6.78
2026-09-11T11:50:22.202,1789107622.2023,2832,222,2.85,505,6.47
2026-09-11T11:50:22.211,1789107622.2113,2833,-295,-3.78,517,6.63
2026-09-11T11:50:22.216,1789107622.2164,2834,-126,-1.62,517,6.63
2026-09-11T11:50:22.220,1789107622.2204,2835,178,2.28,517,6.63
2026-09-11T11:50:22.224,1789107622.2246,2836,222,2.85,517,6.63
2026-09-11T11:50:22.225,1789107622.2255,2837,-59,-0.76,348,4.46
2026-09-11T11:50:22.231,1789107622.2318,2838,-118,-1.51,340,4.36
2026-09-11T11:50:22.237,1789107622.2378,2839,203,2.6,340,4.36
2026-09-11T11:50:22.240,1789107622.2408,2840,190,2.44,321,4.12
2026-09-11T11:50:22.263,1789107622.2634,2841,-103,-1.32,321,4.12
2026-09-11T11:50:22.267,1789107622.2674,2842,-93,-1.19,306,3.92
2026-09-11T11:50:22.268,1789107622.2684,2843,223,2.86,326,4.18
2026-09-11T11:50:22.279,1789107622.2795,2844,170,2.18,326,4.18
2026-09-11T11:50:22.285,1789107622.2855,2845,-114,-1.46,337,4.32
2026-09-11T11:50:22.288,1789107622.2887,2846,54,0.69,337,4.32
2026-09-11T11:50:22.293,1789107622.2932,2847,-438,-5.62,608,7.79
2026-09-11T11:50:22.298,1789107622.2982,2848,-456,-5.85,510,6.54
2026-09-11T11:50:22.304,1789107622.3044,2849,221,2.83,677,8.68
2026-09-11T11:50:22.307,1789107622.3074,2850,373,4.78,829,10.63
2026-09-11T11:50:22.312,1789107622.3127,2851,-832,-10.67,1205,15.45
2026-09-11T11:50:22.313,1789107622.3137,2852,-569,-7.29,1205,15.45
2026-09-11T11:50:22.315,1789107622.3157,2853,233,2.99,1205,15.45
2026-09-11T11:50:22.318,1789107622.3187,2854,280,3.59,1112,14.26
2026-09-11T11:50:22.321,1789107622.3219,2855,-233,-2.99,849,10.88
2026-09-11T11:50:22.325,1789107622.3259,2856,-533,-6.83,813,10.42
2026-09-11T11:50:22.328,1789107622.3289,2857,277,3.55,813,10.42
2026-09-11T11:50:22.332,1789107622.3320,2858,232,2.97,810,10.38
2026-09-11T11:50:22.342,1789107622.3420,2859,-297,-3.81,810,10.38
2026-09-11T11:50:22.346,1789107622.3460,2860,-444,-5.69,721,9.24
2026-09-11T11:50:22.347,1789107622.3470,2861,386,4.95,830,10.64
2026-09-11T11:50:22.354,1789107622.3542,2862,236,3.03,830,10.64
2026-09-11T11:50:22.355,1789107622.3552,2863,-329,-4.22,830,10.64
2026-09-11T11:50:22.367,1789107622.3675,2864,-320,-4.1,715,9.17
2026-09-11T11:50:22.375,1789107622.3758,2865,449,5.76,778,9.97
2026-09-11T11:50:22.379,1789107622.3798,2866,243,3.12,778,9.97
2026-09-11T11:50:22.382,1789107622.3821,2867,-374,-4.79,823,10.55
2026-09-11T11:50:22.384,1789107622.3841,2868,-752,-9.64,1201,15.4
2026-09-11T11:50:22.388,1789107622.3881,2869,504,6.46,1256,16.1
2026-09-11T11:50:22.393,1789107622.3931,2870,214,2.74,1256,16.1
2026-09-11T11:50:22.400,1789107622.4006,2871,-455,-5.83,1256,16.1
2026-09-11T11:50:22.403,1789107622.4039,2872,-710,-9.1,1214,15.56
2026-09-11T11:50:22.407,1789107622.4079,2873,550,7.05,1260,16.15
2026-09-11T11:50:22.413,1789107622.4134,2874,160,2.05,1260,16.15
2026-09-11T11:50:22.419,1789107622.4194,2875,-541,-6.94,1260,16.15
2026-09-11T11:50:22.425,1789107622.4251,2876,-687,-8.81,1237,15.86
2026-09-11T11:50:22.426,1789107622.4261,2877,-44,-0.56,847,10.86
2026-09-11T11:50:22.439,1789107622.4397,2878,118,1.51,805,10.32
2026-09-11T11:50:22.443,1789107622.4437,2879,-591,-7.58,805,10.32
2026-09-11T11:50:22.448,1789107622.4487,2880,-640,-8.21,758,9.72
2026-09-11T11:50:22.453,1789107622.4534,2881,42,0.54,758,9.72
2026-09-11T11:50:22.458,1789107622.4584,2882,8,0.1,682,8.74
2026-09-11T11:50:22.463,1789107622.4636,2883,-524,-6.72,682,8.74
2026-09-11T11:50:22.471,1789107622.4717,2884,-406,-5.21,566,7.26
2026-09-11T11:50:22.475,1789107622.4757,2885,28,0.36,552,7.08
2026-09-11T11:50:22.483,1789107622.4834,2886,88,1.13,612,7.85
2026-09-11T11:50:22.485,1789107622.4855,2887,-280,-3.59,494,6.33
2026-09-11T11:50:22.489,1789107622.4895,2888,-179,-2.29,368,4.72
2026-09-11T11:50:22.492,1789107622.4925,2889,-2,-0.03,368,4.72
2026-09-11T11:50:22.493,1789107622.4935,2890,-10,-0.13,278,3.56
2026-09-11T11:50:22.499,1789107622.4990,2891,-66,-0.85,177,2.27
2026-09-11T11:50:22.503,1789107622.5032,2892,30,0.38,96,1.23
2026-09-11T11:50:22.511,1789107622.5112,2893,6,0.08,96,1.23
2026-09-11T11:50:22.519,1789107622.5193,2894,-74,-0.95,104,1.33
2026-09-11T11:50:22.523,1789107622.5234,2895,54,0.69,128,1.64
2026-09-11T11:50:22.525,1789107622.5254,2896,245,3.14,319,4.09
2026-09-11T11:50:22.526,1789107622.5264,2897,-48,-0.62,319,4.09
2026-09-11T11:50:22.533,1789107622.5339,2898,-60,-0.77,305,3.91
2026-09-11T11:50:22.535,1789107622.5359,2899,132,1.69,305,3.91
2026-09-11T11:50:22.542,1789107622.5429,2900,266,3.41,326,4.18
2026-09-11T11:50:22.553,1789107622.5533,2901,-63,-0.81,329,4.22
2026-09-11T11:50:22.558,1789107622.5583,2902,-42,-0.54,329,4.22
2026-09-11T11:50:22.560,1789107622.5603,2903,194,2.49,329,4.22
2026-09-11T11:50:22.569,1789107622.5695,2904,243,3.12,306,3.92
2026-09-11T11:50:22.571,1789107622.5716,2905,-70,-0.9,313,4.01
2026-09-11T11:50:22.576,1789107622.5766,2906,-25,-0.32,313,4.01
2026-09-11T11:50:22.580,1789107622.5806,2907,243,3.12,313,4.01
2026-09-11T11:50:22.582,1789107622.5827,2908,406,5.21,476,6.1
2026-09-11T11:50:22.585,1789107622.5857,2909,-113,-1.45,519,6.65
2026-09-11T11:50:22.591,1789107622.5917,2910,0,0.0,519,6.65
2026-09-11T11:50:22.598,1789107622.5982,2911,260,3.33,519,6.65
2026-09-11T11:50:22.601,1789107622.6012,2912,395,5.06,508,6.51
2026-09-11T11:50:22.616,1789107622.6170,2913,-139,-1.78,534,6.85
2026-09-11T11:50:22.626,1789107622.6264,2914,-19,-0.24,534,6.85
2026-09-11T11:50:22.627,1789107622.6274,2915,289,3.71,534,6.85
2026-09-11T11:50:22.630,1789107622.6304,2916,376,4.82,515,6.6
2026-09-11T11:50:22.635,1789107622.6356,2917,123,1.58,395,5.06
2026-09-11T11:50:22.639,1789107622.6396,2918,-5,-0.06,381,4.88
2026-09-11T11:50:22.644,1789107622.6446,2919,303,3.88,381,4.88
2026-09-11T11:50:22.647,1789107622.6476,2920,350,4.49,355,4.55
2026-09-11T11:50:22.653,1789107622.6538,2921,64,0.82,355,4.55
2026-09-11T11:50:22.655,1789107622.6558,2922,-11,-0.14,361,4.63
2026-09-11T11:50:22.664,1789107622.6643,2923,325,4.17,361,4.63
2026-09-11T11:50:22.670,1789107622.6708,2924,323,4.14,336,4.31
2026-09-11T11:50:22.672,1789107622.6730,2925,18,0.23,336,4.31
2026-09-11T11:50:22.674,1789107622.6750,2926,-182,-2.33,507,6.5
2026-09-11T11:50:22.676,1789107622.6770,2927,335,4.29,517,6.63
2026-09-11T11:50:22.684,1789107622.6841,2928,285,3.65,517,6.63
2026-09-11T11:50:22.689,1789107622.6893,2929,-56,-0.72,517,6.63
2026-09-11T11:50:22.693,1789107622.6937,2930,-187,-2.4,522,6.69
2026-09-11T11:50:22.699,1789107622.6992,2931,341,4.37,528,6.77
2026-09-11T11:50:22.703,1789107622.7034,2932,248,3.18,528,6.77
2026-09-11T11:50:22.707,1789107622.7077,2933,-93,-1.19,528,6.77
2026-09-11T11:50:22.719,1789107622.7195,2934,-185,-2.37,526,6.74
2026-09-11T11:50:22.722,1789107622.7226,2935,16,0.21,433,5.55
2026-09-11T11:50:22.724,1789107622.7246,2936,207,2.65,392,5.03
2026-09-11T11:50:22.734,1789107622.7340,2937,-122,-1.56,392,5.03
2026-09-11T11:50:22.736,1789107622.7363,2938,-174,-2.23,381,4.88
2026-09-11T11:50:22.740,1789107622.7403,2939,23,0.29,381,4.88
2026-09-11T11:50:22.743,1789107622.7433,2940,170,2.18,344,4.41
2026-09-11T11:50:22.752,1789107622.7523,2941,-179,-2.29,349,4.47
2026-09-11T11:50:22.753,1789107622.7534,2942,-178,-2.28,349,4.47
2026-09-11T11:50:22.760,1789107622.7604,2943,50,0.64,349,4.47
2026-09-11T11:50:22.767,1789107622.7675,2944,149,1.91,328,4.21
2026-09-11T11:50:22.767,1789107622.7675,2945,-208,-2.67,357,4.58
2026-09-11T11:50:22.772,1789107622.7729,2946,-151,-1.94,357,4.58
2026-09-11T11:50:22.780,1789107622.7809,2947,102,1.31,357,4.58
2026-09-11T11:50:22.782,1789107622.7822,2948,305,3.91,513,6.58
2026-09-11T11:50:22.797,1789107622.7977,2949,-224,-2.87,529,6.78
2026-09-11T11:50:22.803,1789107622.8038,2950,-135,-1.73,529,6.78
2026-09-11T11:50:22.809,1789107622.8098,2951,125,1.6,529,6.78
2026-09-11T11:50:22.812,1789107622.8121,2952,289,3.71,513,6.58
2026-09-11T11:50:22.816,1789107622.8161,2953,-245,-3.14,534,6.85
2026-09-11T11:50:22.826,1789107622.8262,2954,-136,-1.74,534,6.85
2026-09-11T11:50:22.830,1789107622.8303,2955,153,1.96,534,6.85
2026-09-11T11:50:22.837,1789107622.8372,2956,272,3.49,517,6.63
2026-09-11T11:50:22.839,1789107622.8392,2957,27,0.35,408,5.23
2026-09-11T11:50:22.847,1789107622.8478,2958,-112,-1.44,384,4.92
2026-09-11T11:50:22.849,1789107622.8498,2959,189,2.42,384,4.92
2026-09-11T11:50:22.854,1789107622.8540,2960,244,3.13,356,4.56
2026-09-11T11:50:22.856,1789107622.8560,2961,-17,-0.22,356,4.56
2026-09-11T11:50:22.859,1789107622.8590,2962,-104,-1.33,348,4.46
2026-09-11T11:50:22.860,1789107622.8600,2963,212,2.72,348,4.46
2026-09-11T11:50:22.867,1789107622.8672,2964,240,3.08,344,4.41
2026-09-11T11:50:22.871,1789107622.8712,2965,-53,-0.68,344,4.41
2026-09-11T11:50:22.875,1789107622.8754,2966,-265,-3.4,505,6.47
2026-09-11T11:50:22.877,1789107622.8774,2967,228,2.92,505,6.47
2026-09-11T11:50:22.885,1789107622.8852,2968,207,2.65,493,6.32
2026-09-11T11:50:22.887,1789107622.8872,2969,-93,-1.19,493,6.32
2026-09-11T11:50:22.893,1789107622.8932,2970,-277,-3.55,505,6.47
2026-09-11T11:50:22.901,1789107622.9017,2971,248,3.18,525,6.73
2026-09-11T11:50:22.903,1789107622.9038,2972,187,2.4,525,6.73
2026-09-11T11:50:22.914,1789107622.9149,2973,-145,-1.86,525,6.73
2026-09-11T11:50:22.919,1789107622.9199,2974,-253,-3.24,501,6.42
2026-09-11T11:50:22.922,1789107622.9220,2975,-52,-0.67,440,5.64
2026-09-11T11:50:22.926,1789107622.9260,2976,175,2.24,428,5.49
2026-09-11T11:50:22.931,1789107622.9320,2977,-177,-2.27,428,5.49
2026-09-11T11:50:22.932,1789107622.9330,2978,-237,-3.04,412,5.28
2026-09-11T11:50:22.939,1789107622.9400,2979,-44,-0.56,412,5.28
2026-09-11T11:50:22.943,1789107622.9440,2980,143,1.83,380,4.87
2026-09-11T11:50:22.944,1789107622.9450,2981,-201,-2.58,380,4.87
2026-09-11T11:50:22.951,1789107622.9520,2982,-228,-2.92,371,4.76
2026-09-11T11:50:22.958,1789107622.9583,2983,-20,-0.26,371,4.76
2026-09-11T11:50:22.963,1789107622.9635,2984,108,1.38,336,4.31
2026-09-11T11:50:22.980,1789107622.9808,2985,-229,-2.94,337,4.32
2026-09-11T11:50:22.987,1789107622.9870,2986,-200,-2.56,337,4.32
2026-09-11T11:50:22.989,1789107622.9890,2987,33,0.42,337,4.32
2026-09-11T11:50:22.992,1789107622.9920,2988,261,3.35,490,6.28
2026-09-11T11:50:22.997,1789107622.9975,2989,-265,-3.4,526,6.74
2026-09-11T11:50:23.001,1789107623.0015,2990,-196,-2.51,526,6.74
2026-09-11T11:50:23.003,1789107623.0037,2991,73,0.94,526,6.74
2026-09-11T11:50:23.007,1789107623.0077,2992,257,3.29,522,6.69
2026-09-11T11:50:23.014,1789107623.0148,2993,-288,-3.69,545,6.99
2026-09-11T11:50:23.023,1789107623.0240,2994,-183,-2.35,545,6.99
2026-09-11T11:50:23.024,1789107623.0249,2995,110,1.41,545,6.99
2026-09-11T11:50:23.026,1789107623.0269,2996,241,3.09,529,6.78
2026-09-11T11:50:23.030,1789107623.0309,2997,16,0.21,424,5.44
2026-09-11T11:50:23.033,1789107623.0331,2998,-163,-2.09,404,5.18
2026-09-11T11:50:23.036,1789107623.0361,2999,138,1.77,404,5.18
2026-09-11T11:50:23.044,1789107623.0441,3000,229,2.94,392,5.03
2026-09-11T11:50:23.050,1789107623.0501,3001,-28,-0.36,392,5.03
2026-09-11T11:50:23.052,1789107623.0521,3002,-146,-1.87,375,4.81
2026-09-11T11:50:23.060,1789107623.0602,3003,170,2.18,375,4.81
2026-09-11T11:50:23.068,1789107623.0688,3004,214,2.74,360,4.62
2026-09-11T11:50:23.070,1789107623.0704,3005,-55,-0.71,360,4.62
2026-09-11T11:50:23.076,1789107623.0768,3006,-303,-3.88,517,6.63
2026-09-11T11:50:23.081,1789107623.0811,3007,191,2.45,517,6.63
2026-09-11T11:50:23.082,1789107623.0822,3008,174,2.23,494,6.33
2026-09-11T11:50:23.091,1789107623.0918,3009,-107,-1.37,494,6.33
2026-09-11T11:50:23.095,1789107623.0958,3010,-322,-4.13,513,6.58
2026-09-11T11:50:23.097,1789107623.0978,3011,195,2.5,517,6.63
2026-09-11T11:50:23.103,1789107623.1040,3012,155,1.99,517,6.63
2026-09-11T11:50:23.107,1789107623.1080,3013,-166,-2.13,517,6.63
2026-09-11T11:50:23.119,1789107623.1191,3014,-301,-3.86,496,6.36
2026-09-11T11:50:23.121,1789107623.1211,3015,-100,-1.28,456,5.85
2026-09-11T11:50:23.122,1789107623.1222,3016,147,1.88,448,5.74
2026-09-11T11:50:23.125,1789107623.1252,3017,-205,-2.63,448,5.74
2026-09-11T11:50:23.132,1789107623.1322,3018,-280,-3.59,427,5.47
2026-09-11T11:50:23.135,1789107623.1352,3019,-75,-0.96,427,5.47
2026-09-11T11:50:23.141,1789107623.1412,3020,108,1.38,388,4.97
2026-09-11T11:50:23.158,1789107623.1589,3021,-228,-2.92,388,4.97
2026-09-11T11:50:23.164,1789107623.1640,3022,-267,-3.42,375,4.81
2026-09-11T11:50:23.166,1789107623.1660,3023,-62,-0.79,375,4.81
2026-09-11T11:50:23.170,1789107623.1701,3024,234,3.0,501,6.42
2026-09-11T11:50:23.172,1789107623.1722,3025,-251,-3.22,501,6.42
2026-09-11T11:50:23.179,1789107623.1792,3026,-242,-3.1,485,6.22
2026-09-11T11:50:23.182,1789107623.1824,3027,-21,-0.27,485,6.22
2026-09-11T11:50:23.186,1789107623.1864,3028,231,2.96,482,6.18
2026-09-11T11:50:23.193,1789107623.1934,3029,-279,-3.58,510,6.54
2026-09-11T11:50:23.195,1789107623.1959,3030,-237,-3.04,510,6.54
2026-09-11T11:50:23.203,1789107623.2030,3031,12,0.15,510,6.54
2026-09-11T11:50:23.205,1789107623.2050,3032,219,2.81,498,6.38
2026-09-11T11:50:23.210,1789107623.2100,3033,-278,-3.56,497,6.37
2026-09-11T11:50:23.215,1789107623.2152,3034,-204,-2.62,497,6.37
2026-09-11T11:50:23.222,1789107623.2223,3035,56,0.72,497,6.37
2026-09-11T11:50:23.225,1789107623.2253,3036,228,2.92,506,6.49
2026-09-11T11:50:23.229,1789107623.2293,3037,23,0.29,432,5.54
2026-09-11T11:50:23.234,1789107623.2341,3038,-172,-2.21,400,5.13
2026-09-11T11:50:23.241,1789107623.2411,3039,89,1.14,400,5.13
2026-09-11T11:50:23.245,1789107623.2451,3040,213,2.73,385,4.94
2026-09-11T11:50:23.247,1789107623.2471,3041,-28,-0.36,385,4.94
2026-09-11T11:50:23.254,1789107623.2543,3042,-167,-2.14,380,4.87
2026-09-11T11:50:23.255,1789107623.2553,3043,134,1.72,380,4.87
2026-09-11T11:50:23.273,1789107623.2734,3044,193,2.47,360,4.62
2026-09-11T11:50:23.275,1789107623.2754,3045,-64,-0.82,360,4.62
2026-09-11T11:50:23.279,1789107623.2794,3046,-315,-4.04,508,6.51
2026-09-11T11:50:23.281,1789107623.2816,3047,179,2.29,508,6.51
2026-09-11T11:50:23.283,1789107623.2836,3048,190,2.44,505,6.47
2026-09-11T11:50:23.287,1789107623.2876,3049,-95,-1.22,505,6.47
2026-09-11T11:50:23.293,1789107623.2936,3050,-315,-4.04,505,6.47
2026-09-11T11:50:23.301,1789107623.3011,3051,183,2.35,505,6.47
2026-09-11T11:50:23.303,1789107623.3032,3052,167,2.14,498,6.38
2026-09-11T11:50:23.306,1789107623.3062,3053,-66,-0.85,498,6.38
2026-09-11T11:50:23.317,1789107623.3172,3054,-74,-0.95,257,3.29
2026-09-11T11:50:23.318,1789107623.3182,3055,-66,-0.85,241,3.09
2026-09-11T11:50:23.324,1789107623.3242,3056,-245,-3.14,179,2.29
2026-09-11T11:50:23.338,1789107623.3386,3057,52,0.67,297,3.81
2026-09-11T11:50:23.343,1789107623.3436,3058,168,2.15,413,5.29
2026-09-11T11:50:23.347,1789107623.3476,3059,-97,-1.24,413,5.29
2026-09-11T11:50:23.349,1789107623.3496,3060,-529,-6.78,697,8.94
2026-09-11T11:50:23.352,1789107623.3527,3061,137,1.76,697,8.94
2026-09-11T11:50:23.359,1789107623.3597,3062,232,2.97,761,9.76
2026-09-11T11:50:23.363,1789107623.3639,3063,-173,-2.22,761,9.76
2026-09-11T11:50:23.374,1789107623.3742,3064,-792,-10.15,1024,13.13
2026-09-11T11:50:23.376,1789107623.3762,3065,193,2.47,1024,13.13
2026-09-11T11:50:23.382,1789107623.3829,3066,204,2.62,996,12.77
2026-09-11T11:50:23.386,1789107623.3861,3067,-229,-2.94,996,12.77
2026-09-11T11:50:23.390,1789107623.3901,3068,-812,-10.41,1016,13.03
2026-09-11T11:50:23.393,1789107623.3931,3069,265,3.4,1077,13.81
2026-09-11T11:50:23.394,1789107623.3941,3070,204,2.62,1077,13.81
2026-09-11T11:50:23.397,1789107623.3976,3071,-276,-3.54,1077,13.81
2026-09-11T11:50:23.402,1789107623.4027,3072,-803,-10.29,1068,13.69
2026-09-11T11:50:23.410,1789107623.4103,3073,309,3.96,1112,14.26
2026-09-11T11:50:23.420,1789107623.4201,3074,176,2.26,1112,14.26
2026-09-11T11:50:23.423,1789107623.4233,3075,-369,-4.73,1112,14.26
2026-09-11T11:50:23.426,1789107623.4263,3076,-807,-10.35,1116,14.31
2026-09-11T11:50:23.431,1789107623.4313,3077,-344,-4.41,983,12.6
2026-09-11T11:50:23.432,1789107623.4325,3078,144,1.85,951,12.19
2026-09-11T11:50:23.440,1789107623.4405,3079,-445,-5.71,951,12.19
2026-09-11T11:50:23.443,1789107623.4435,3080,-787,-10.09,931,11.94
2026-09-11T11:50:23.452,1789107623.4530,3081,-268,-3.44,931,11.94
2026-09-11T11:50:23.454,1789107623.4546,3082,116,1.49,903,11.58
2026-09-11T11:50:23.459,1789107623.4596,3083,-533,-6.83,903,11.58
2026-09-11T11:50:23.467,1789107623.4678,3084,-727,-9.32,843,10.81
2026-09-11T11:50:23.471,1789107623.4718,3085,-180,-2.31,843,10.81
2026-09-11T11:50:23.474,1789107623.4750,3086,425,5.45,1152,14.77
2026-09-11T11:50:23.478,1789107623.4782,3087,-585,-7.5,1152,14.77
2026-09-11T11:50:23.483,1789107623.4839,3088,-687,-8.81,1112,14.26
2026-09-11T11:50:23.485,1789107623.4859,3089,-88,-1.13,1112,14.26
2026-09-11T11:50:23.491,1789107623.4919,3090,416,5.33,1103,14.14
2026-09-11T11:50:23.494,1789107623.4949,3091,-621,-7.96,1103,14.14
2026-09-11T11:50:23.501,1789107623.5018,3092,-615,-7.88,1037,13.29
2026-09-11T11:50:23.519,1789107623.5192,3093,-5,-0.06,1037,13.29
2026-09-11T11:50:23.527,1789107623.5275,3094,351,4.5,972,12.46
2026-09-11T11:50:23.528,1789107623.5285,3095,-26,-0.33,966,12.38
2026-09-11T11:50:23.533,1789107623.5338,3096,-504,-6.46,855,10.96
2026-09-11T11:50:23.538,1789107623.5388,3097,38,0.49,855,10.96
2026-09-11T11:50:23.543,1789107623.5438,3098,198,2.54,702,9.0
2026-09-11T11:50:23.548,1789107623.5488,3099,-103,-1.32,702,9.0
2026-09-11T11:50:23.554,1789107623.5543,3100,-364,-4.67,562,7.21
2026-09-11T11:50:23.558,1789107623.5583,3101,-31,-0.4,562,7.21
2026-09-11T11:50:23.564,1789107623.5645,3102,-23,-0.29,341,4.37
2026-09-11T11:50:23.566,1789107623.5665,3103,-203,-2.6,341,4.37
2026-09-11T11:50:23.573,1789107623.5737,3104,-310,-3.97,287,3.68
2026-09-11T11:50:23.575,1789107623.5757,3105,-132,-1.69,287,3.68
2026-09-11T11:50:23.577,1789107623.5777,3106,-211,-2.71,178,2.28
2026-09-11T11:50:23.578,1789107623.5787,3107,-223,-2.86,178,2.28
2026-09-11T11:50:23.586,1789107623.5868,3108,-106,-1.36,117,1.5
2026-09-11T11:50:23.587,1789107623.5878,3109,-273,-3.5,167,2.14
2026-09-11T11:50:23.596,1789107623.5969,3110,-308,-3.95,202,2.59
2026-09-11T11:50:23.597,1789107623.5979,3111,-134,-1.72,202,2.59
2026-09-11T11:50:23.605,1789107623.6053,3112,98,1.26,406,5.21
2026-09-11T11:50:23.609,1789107623.6093,3113,-219,-2.81,406,5.21
2026-09-11T11:50:23.615,1789107623.6154,3114,-182,-2.33,317,4.06
2026-09-11T11:50:23.621,1789107623.6214,3115,59,0.76,317,4.06
2026-09-11T11:50:23.625,1789107623.6255,3116,303,3.88,522,6.69
2026-09-11T11:50:23.628,1789107623.6285,3117,158,2.03,485,6.22
2026-09-11T11:50:23.637,1789107623.6376,3118,-82,-1.05,385,4.94
2026-09-11T11:50:23.639,1789107623.6396,3119,202,2.59,385,4.94
2026-09-11T11:50:23.643,1789107623.6437,3120,377,4.83,459,5.88
2026-09-11T11:50:23.647,1789107623.6476,3121,168,2.15,459,5.88
2026-09-11T11:50:23.655,1789107623.6559,3122,-28,-0.36,405,5.19
2026-09-11T11:50:23.658,1789107623.6589,3123,264,3.38,405,5.19
2026-09-11T11:50:23.666,1789107623.6665,3124,387,4.96,415,5.32
2026-09-11T11:50:23.666,1789107623.6665,3125,165,2.12,415,5.32
2026-09-11T11:50:23.672,1789107623.6726,3126,-140,-1.79,527,6.76
2026-09-11T11:50:23.675,1789107623.6756,3127,305,3.91,527,6.76
2026-09-11T11:50:23.682,1789107623.6826,3128,380,4.87,520,6.67
2026-09-11T11:50:23.699,1789107623.6994,3129,114,1.46,520,6.67
2026-09-11T11:50:23.707,1789107623.7076,3130,-166,-2.13,546,7.0
2026-09-11T11:50:23.709,1789107623.7096,3131,338,4.33,546,7.0
2026-09-11T11:50:23.710,1789107623.7106,3132,361,4.63,527,6.76
2026-09-11T11:50:23.715,1789107623.7157,3133,68,0.87,527,6.76
2026-09-11T11:50:23.725,1789107623.7255,3134,-161,-2.06,522,6.69
2026-09-11T11:50:23.729,1789107623.7294,3135,8,0.1,522,6.69
2026-09-11T11:50:23.733,1789107623.7336,3136,319,4.09,480,6.15
2026-09-11T11:50:23.737,1789107623.7376,3137,6,0.08,480,6.15
2026-09-11T11:50:23.745,1789107623.7456,3138,-171,-2.19,490,6.28
2026-09-11T11:50:23.747,1789107623.7476,3139,18,0.23,490,6.28
2026-09-11T11:50:23.750,1789107623.7506,3140,285,3.65,456,5.85
2026-09-11T11:50:23.753,1789107623.7537,3141,-52,-0.67,456,5.85
2026-09-11T11:50:23.755,1789107623.7557,3142,-172,-2.21,457,5.86
2026-09-11T11:50:23.757,1789107623.7577,3143,21,0.27,457,5.86
2026-09-11T11:50:23.769,1789107623.7694,3144,348,4.46,520,6.67
2026-09-11T11:50:23.773,1789107623.7737,3145,-102,-1.31,520,6.67
2026-09-11T11:50:23.776,1789107623.7767,3146,-166,-2.13,514,6.59
2026-09-11T11:50:23.777,1789107623.7777,3147,23,0.29,514,6.59
2026-09-11T11:50:23.785,1789107623.7858,3148,347,4.45,513,6.58
2026-09-11T11:50:23.786,1789107623.7868,3149,-139,-1.78,513,6.58
2026-09-11T11:50:23.794,1789107623.7948,3150,-155,-1.99,502,6.44
2026-09-11T11:50:23.796,1789107623.7963,3151,58,0.74,502,6.44
2026-09-11T11:50:23.804,1789107623.8045,3152,322,4.13,477,6.12
2026-09-11T11:50:23.815,1789107623.8157,3153,-172,-2.21,494,6.33
2026-09-11T11:50:23.821,1789107623.8218,3154,-144,-1.85,494,6.33
2026-09-11T11:50:23.823,1789107623.8238,3155,69,0.88,494,6.33
2026-09-11T11:50:23.827,1789107623.8278,3156,317,4.06,489,6.27
2026-09-11T11:50:23.830,1789107623.8308,3157,136,1.74,461,5.91
2026-09-11T11:50:23.833,1789107623.8340,3158,-156,-2.0,473,6.06
2026-09-11T11:50:23.838,1789107623.8390,3159,112,1.44,473,6.06
2026-09-11T11:50:23.845,1789107623.8455,3160,316,4.05,472,6.05
2026-09-11T11:50:23.845,1789107623.8455,3161,115,1.47,472,6.05
2026-09-11T11:50:23.852,1789107623.8525,3162,-145,-1.86,461,5.91
2026-09-11T11:50:23.855,1789107623.8555,3163,136,1.74,461,5.91
2026-09-11T11:50:23.878,1789107623.8788,3164,299,3.83,444,5.69
2026-09-11T11:50:23.883,1789107623.8831,3165,62,0.79,444,5.69
2026-09-11T11:50:23.888,1789107623.8881,3166,-230,-2.95,529,6.78
2026-09-11T11:50:23.890,1789107623.8901,3167,175,2.24,529,6.78
2026-09-11T11:50:23.892,1789107623.8921,3168,266,3.41,496,6.36
2026-09-11T11:50:23.896,1789107623.8966,3169,21,0.27,496,6.36
2026-09-11T11:50:23.901,1789107623.9016,3170,-271,-3.47,537,6.88
2026-09-11T11:50:23.906,1789107623.9068,3171,195,2.5,537,6.88
2026-09-11T11:50:23.911,1789107623.9119,3172,246,3.15,517,6.63
2026-09-11T11:50:23.916,1789107623.9169,3173,-27,-0.35,517,6.63
2026-09-11T11:50:23.927,1789107623.9270,3174,-283,-3.63,529,6.78
2026-09-11T11:50:23.932,1789107623.9322,3175,-106,-1.36,529,6.78
2026-09-11T11:50:23.934,1789107623.9342,3176,210,2.69,493,6.32
2026-09-11T11:50:23.935,1789107623.9352,3177,-87,-1.12,493,6.32
2026-09-11T11:50:23.937,1789107623.9372,3178,-299,-3.83,509,6.53
2026-09-11T11:50:23.939,1789107623.9392,3179,-98,-1.26,509,6.53
2026-09-11T11:50:23.945,1789107623.9452,3180,182,2.33,481,6.17
2026-09-11T11:50:23.952,1789107623.9522,3181,-135,-1.73,481,6.17
2026-09-11T11:50:23.955,1789107623.9554,3182,-290,-3.72,472,6.05
2026-09-11T11:50:23.960,1789107623.9604,3183,-89,-1.14,472,6.05
2026-09-11T11:50:23.966,1789107623.9665,3184,227,2.91,517,6.63
2026-09-11T11:50:23.972,1789107623.9726,3185,-174,-2.23,517,6.63
2026-09-11T11:50:23.974,1789107623.9746,3186,-277,-3.55,504,6.46
2026-09-11T11:50:23.981,1789107623.9817,3187,-80,-1.03,504,6.46
2026-09-11T11:50:23.985,1789107623.9857,3188,216,2.77,493,6.32
2026-09-11T11:50:23.989,1789107623.9897,3189,-225,-2.88,493,6.32
2026-09-11T11:50:23.996,1789107623.9967,3190,-277,-3.55,493,6.32
2026-09-11T11:50:23.999,1789107623.9998,3191,-64,-0.82,493,6.32
2026-09-11T11:50:24.002,1789107624.0029,3192,245,3.14,522,6.69
2026-09-11T11:50:24.007,1789107624.0079,3193,-261,-3.35,522,6.69
2026-09-11T11:50:24.018,1789107624.0181,3194,-264,-3.38,509,6.53
2026-09-11T11:50:24.022,1789107624.0223,3195,-35,-0.45,509,6.53
2026-09-11T11:50:24.025,1789107624.0253,3196,230,2.95,494,6.33
2026-09-11T11:50:24.026,1789107624.0263,3197,73,0.94,494,6.33
2026-09-11T11:50:24.032,1789107624.0325,3198,-251,-3.22,481,6.17
2026-09-11T11:50:24.034,1789107624.0345,3199,6,0.08,481,6.17
2026-09-11T11:50:24.042,1789107624.0425,3200,234,3.0,485,6.22
2026-09-11T11:50:24.060,1789107624.0609,3201,42,0.54,485,6.22
2026-09-11T11:50:24.063,1789107624.0631,3202,-213,-2.73,447,5.73
2026-09-11T11:50:24.067,1789107624.0671,3203,39,0.5,447,5.73
2026-09-11T11:50:24.073,1789107624.0735,3204,215,2.76,428,5.49
2026-09-11T11:50:24.078,1789107624.0785,3205,18,0.23,428,5.49
2026-09-11T11:50:24.083,1789107624.0837,3206,-310,-3.97,525,6.73
2026-09-11T11:50:24.089,1789107624.0897,3207,84,1.08,525,6.73
2026-09-11T11:50:24.095,1789107624.0957,3208,220,2.82,530,6.79
2026-09-11T11:50:24.096,1789107624.0967,3209,-17,-0.22,530,6.79
2026-09-11T11:50:24.103,1789107624.1039,3210,-325,-4.17,545,6.99
2026-09-11T11:50:24.106,1789107624.1069,3211,113,1.45,545,6.99
2026-09-11T11:50:24.108,1789107624.1089,3212,205,2.63,530,6.79
2026-09-11T11:50:24.113,1789107624.1131,3213,-44,-0.56,530,6.79
2026-09-11T11:50:24.118,1789107624.1181,3214,-332,-4.26,537,6.88
2026-09-11T11:50:24.121,1789107624.1211,3215,-159,-2.04,537,6.88
2026-09-11T11:50:24.124,1789107624.1242,3216,193,2.47,525,6.73
2026-09-11T11:50:24.132,1789107624.1326,3217,-71,-0.91,525,6.73
2026-09-11T11:50:24.134,1789107624.1346,3218,-331,-4.24,524,6.72
2026-09-11T11:50:24.140,1789107624.1406,3219,-146,-1.87,524,6.72
2026-09-11T11:50:24.143,1789107624.1436,3220,170,2.18,501,6.42
2026-09-11T11:50:24.147,1789107624.1476,3221,-143,-1.83,501,6.42
2026-09-11T11:50:24.157,1789107624.1571,3222,-314,-4.03,484,6.21
2026-09-11T11:50:24.160,1789107624.1601,3223,-129,-1.65,484,6.21
2026-09-11T11:50:24.172,1789107624.1723,3224,192,2.46,506,6.49
2026-09-11T11:50:24.175,1789107624.1754,3225,-170,-2.18,506,6.49
2026-09-11T11:50:24.179,1789107624.1793,3226,-305,-3.91,497,6.37
2026-09-11T11:50:24.181,1789107624.1813,3227,-124,-1.59,497,6.37
2026-09-11T11:50:24.185,1789107624.1855,3228,173,2.22,478,6.13
2026-09-11T11:50:24.190,1789107624.1905,3229,-184,-2.36,478,6.13
2026-09-11T11:50:24.192,1789107624.1925,3230,-240,-3.08,413,5.29
2026-09-11T11:50:24.199,1789107624.2000,3231,-91,-1.17,413,5.29
2026-09-11T11:50:24.200,1789107624.2010,3232,-26,-0.33,214,2.74
2026-09-11T11:50:24.207,1789107624.2072,3233,30,0.38,270,3.46
2026-09-11T11:50:24.218,1789107624.2185,3234,18,0.23,121,1.55
2026-09-11T11:50:24.219,1789107624.2195,3235,-42,-0.54,72,0.92
2026-09-11T11:50:24.236,1789107624.2361,3236,-130,-1.67,160,2.05
2026-09-11T11:50:24.243,1789107624.2431,3237,-62,-0.79,148,1.9
2026-09-11T11:50:24.245,1789107624.2451,3238,66,0.85,196,2.51
2026-09-11T11:50:24.248,1789107624.2481,3239,-62,-0.79,196,2.51
2026-09-11T11:50:24.254,1789107624.2541,3240,-226,-2.9,292,3.74
2026-09-11T11:50:24.257,1789107624.2571,3241,-89,-1.14,292,3.74
2026-09-11T11:50:24.261,1789107624.2611,3242,111,1.42,337,4.32
2026-09-11T11:50:24.266,1789107624.2662,3243,-98,-1.26,337,4.32
2026-09-11T11:50:24.279,1789107624.2800,3244,-277,-3.55,388,4.97
2026-09-11T11:50:24.280,1789107624.2810,3245,-64,-0.82,388,4.97
2026-09-11T11:50:24.282,1789107624.2821,3246,224,2.87,501,6.42
2026-09-11T11:50:24.285,1789107624.2851,3247,-149,-1.91,501,6.42
2026-09-11T11:50:24.288,1789107624.2881,3248,-297,-3.81,521,6.68
2026-09-11T11:50:24.291,1789107624.2911,3249,-55,-0.71,521,6.68
2026-09-11T11:50:24.293,1789107624.2931,3250,277,3.55,574,7.36
2026-09-11T11:50:24.297,1789107624.2971,3251,-177,-2.27,574,7.36
2026-09-11T11:50:24.305,1789107624.3054,3252,-288,-3.69,565,7.24
2026-09-11T11:50:24.308,1789107624.3084,3253,-15,-0.19,565,7.24
2026-09-11T11:50:24.318,1789107624.3186,3254,345,4.42,633,8.12
2026-09-11T11:50:24.320,1789107624.3206,3255,152,1.95,633,8.12
2026-09-11T11:50:24.325,1789107624.3258,3256,-336,-4.31,681,8.73
2026-09-11T11:50:24.327,1789107624.3278,3257,49,0.63,681,8.73
2026-09-11T11:50:24.334,1789107624.3349,3258,405,5.19,741,9.5
2026-09-11T11:50:24.339,1789107624.3399,3259,124,1.59,741,9.5
2026-09-11T11:50:24.343,1789107624.3439,3260,-351,-4.5,756,9.69
2026-09-11T11:50:24.350,1789107624.3509,3261,114,1.46,756,9.69
2026-09-11T11:50:24.354,1789107624.3547,3262,413,5.29,764,9.79
2026-09-11T11:50:24.357,1789107624.3577,3263,112,1.44,764,9.79
2026-09-11T11:50:24.368,1789107624.3681,3264,-369,-4.73,782,10.03
2026-09-11T11:50:24.370,1789107624.3701,3265,174,2.23,782,10.03
2026-09-11T11:50:24.376,1789107624.3762,3266,385,4.94,754,9.67
2026-09-11T11:50:24.379,1789107624.3792,3267,84,1.08,754,9.67
2026-09-11T11:50:24.382,1789107624.3823,3268,-372,-4.77,757,9.71
2026-09-11T11:50:24.385,1789107624.3854,3269,210,2.69,757,9.71
2026-09-11T11:50:24.392,1789107624.3924,3270,325,4.17,697,8.94
2026-09-11T11:50:24.397,1789107624.3980,3271,40,0.51,697,8.94
2026-09-11T11:50:24.411,1789107624.4117,3272,-384,-4.92,709,9.09
2026-09-11T11:50:24.417,1789107624.4179,3273,230,2.95,709,9.09
2026-09-11T11:50:24.423,1789107624.4240,3274,265,3.4,649,8.32
2026-09-11T11:50:24.428,1789107624.4287,3275,12,0.15,649,8.32
2026-09-11T11:50:24.440,1789107624.4405,3276,-368,-4.72,633,8.12
2026-09-11T11:50:24.446,1789107624.4465,3277,-182,-2.33,633,8.12
2026-09-11T11:50:24.449,1789107624.4495,3278,186,2.38,554,7.1
2026-09-11T11:50:24.457,1789107624.4572,3279,-43,-0.55,554,7.1
2026-09-11T11:50:24.459,1789107624.4592,3280,-295,-3.78,481,6.17
2026-09-11T11:50:24.462,1789107624.4623,3281,-118,-1.51,481,6.17
2026-09-11T11:50:24.465,1789107624.4653,3282,-129,-1.65,252,3.23
2026-09-11T11:50:24.467,1789107624.4673,3283,-137,-1.76,177,2.27
2026-09-11T11:50:24.470,1789107624.4703,3284,28,0.36,165,2.12
2026-09-11T11:50:24.471,1789107624.4716,3285,-36,-0.46,165,2.12
2026-09-11T11:50:24.473,1789107624.4738,3286,-312,-4.0,340,4.36
2026-09-11T11:50:24.475,1789107624.4758,3287,-50,-0.64,340,4.36
2026-09-11T11:50:24.483,1789107624.4830,3288,154,1.97,466,5.97
2026-09-11T11:50:24.490,1789107624.4900,3289,-34,-0.44,466,5.97
2026-09-11T11:50:24.492,1789107624.4920,3290,-346,-4.44,500,6.41
2026-09-11T11:50:24.500,1789107624.5005,3291,28,0.36,500,6.41
2026-09-11T11:50:24.505,1789107624.5057,3292,168,2.15,514,6.59
2026-09-11T11:50:24.508,1789107624.5087,3293,-33,-0.42,514,6.59
2026-09-11T11:50:24.518,1789107624.5188,3294,-353,-4.53,521,6.68
2026-09-11T11:50:24.520,1789107624.5208,3295,-199,-2.55,521,6.68
2026-09-11T11:50:24.532,1789107624.5321,3296,181,2.32,534,6.85
2026-09-11T11:50:24.535,1789107624.5351,3297,-48,-0.62,534,6.85
2026-09-11T11:50:24.537,1789107624.5371,3298,-335,-4.29,516,6.62
2026-09-11T11:50:24.543,1789107624.5431,3299,-178,-2.28,516,6.62
2026-09-11T11:50:24.545,1789107624.5451,3300,182,2.33,517,6.63
2026-09-11T11:50:24.550,1789107624.5501,3301,-79,-1.01,517,6.63
2026-09-11T11:50:24.553,1789107624.5533,3302,-338,-4.33,520,6.67
2026-09-11T11:50:24.559,1789107624.5593,3303,-137,-1.76,520,6.67
2026-09-11T11:50:24.563,1789107624.5633,3304,152,1.95,490,6.28
2026-09-11T11:50:24.568,1789107624.5683,3305,-134,-1.72,490,6.28
2026-09-11T11:50:24.572,1789107624.5723,3306,-321,-4.12,473,6.06
2026-09-11T11:50:24.578,1789107624.5783,3307,-132,-1.69,473,6.06
2026-09-11T11:50:24.590,1789107624.5902,3308,193,2.47,514,6.59
2026-09-11T11:50:24.593,1789107624.5932,3309,-173,-2.22,514,6.59
2026-09-11T11:50:24.596,1789107624.5962,3310,-316,-4.05,509,6.53
2026-09-11T11:50:24.599,1789107624.5997,3311,-111,-1.42,509,6.53
2026-09-11T11:50:24.603,1789107624.6039,3312,206,2.64,522,6.69
2026-09-11T11:50:24.606,1789107624.6069,3313,-224,-2.87,522,6.69
2026-09-11T11:50:24.620,1789107624.6200,3314,-287,-3.68,493,6.32
2026-09-11T11:50:24.624,1789107624.6248,3315,-90,-1.15,493,6.32
2026-09-11T11:50:24.629,1789107624.6298,3316,227,2.91,514,6.59
2026-09-11T11:50:24.637,1789107624.6379,3317,110,1.41,514,6.59
2026-09-11T11:50:24.640,1789107624.6409,3318,-282,-3.62,509,6.53
2026-09-11T11:50:24.644,1789107624.6449,3319,-65,-0.83,509,6.53
2026-09-11T11:50:24.646,1789107624.6469,3320,224,2.87,506,6.49
2026-09-11T11:50:24.647,1789107624.6479,3321,91,1.17,506,6.49
2026-09-11T11:50:24.651,1789107624.6519,3322,-265,-3.4,489,6.27
2026-09-11T11:50:24.660,1789107624.6601,3323,-27,-0.35,489,6.27
2026-09-11T11:50:24.670,1789107624.6705,3324,233,2.99,498,6.38
2026-09-11T11:50:24.672,1789107624.6722,3325,80,1.03,498,6.38
2026-09-11T11:50:24.675,1789107624.6752,3326,-281,-3.6,514,6.59
2026-09-11T11:50:24.682,1789107624.6824,3327,21,0.27,514,6.59
2026-09-11T11:50:24.684,1789107624.6844,3328,229,2.94,510,6.54
2026-09-11T11:50:24.689,1789107624.6894,3329,48,0.62,510,6.54
2026-09-11T11:50:24.695,1789107624.6954,3330,-288,-3.69,517,6.63
2026-09-11T11:50:24.696,1789107624.6964,3331,70,0.9,517,6.63
2026-09-11T11:50:24.708,1789107624.7082,3332,230,2.95,518,6.64
2026-09-11T11:50:24.711,1789107624.7112,3333,9,0.12,518,6.64
2026-09-11T11:50:24.720,1789107624.7203,3334,-303,-3.88,533,6.83
2026-09-11T11:50:24.721,1789107624.7213,3335,-186,-2.38,533,6.83
2026-09-11T11:50:24.726,1789107624.7265,3336,219,2.81,522,6.69
2026-09-11T11:50:24.732,1789107624.7328,3337,-2,-0.03,522,6.69
2026-09-11T11:50:24.734,1789107624.7348,3338,-310,-3.97,529,6.78
2026-09-11T11:50:24.736,1789107624.7368,3339,-161,-2.06,529,6.78
2026-09-11T11:50:24.742,1789107624.7428,3340,199,2.55,509,6.53
2026-09-11T11:50:24.745,1789107624.7458,3341,-30,-0.38,509,6.53
2026-09-11T11:50:24.751,1789107624.7518,3342,-326,-4.18,525,6.73
2026-09-11T11:50:24.765,1789107624.7653,3343,-136,-1.74,525,6.73
2026-09-11T11:50:24.776,1789107624.7765,3344,176,2.26,502,6.44
2026-09-11T11:50:24.778,1789107624.7785,3345,-93,-1.19,502,6.44
2026-09-11T11:50:24.781,1789107624.7816,3346,-321,-4.12,497,6.37
2026-09-11T11:50:24.787,1789107624.7876,3347,-136,-1.74,497,6.37
2026-09-11T11:50:24.792,1789107624.7926,3348,181,2.32,502,6.44
2026-09-11T11:50:24.796,1789107624.7966,3349,-153,-1.96,502,6.44
2026-09-11T11:50:24.800,1789107624.8001,3350,-328,-4.21,509,6.53
2026-09-11T11:50:24.805,1789107624.8053,3351,-119,-1.53,509,6.53
2026-09-11T11:50:24.812,1789107624.8125,3352,210,2.69,538,6.9
2026-09-11T11:50:24.814,1789107624.8145,3353,-196,-2.51,538,6.9
2026-09-11T11:50:24.820,1789107624.8208,3354,-319,-4.09,529,6.78
2026-09-11T11:50:24.822,1789107624.8228,3355,-122,-1.56,529,6.78
2026-09-11T11:50:24.824,1789107624.8248,3356,211,2.71,530,6.79
2026-09-11T11:50:24.832,1789107624.8320,3357,118,1.51,530,6.79
2026-09-11T11:50:24.834,1789107624.8340,3358,-305,-3.91,516,6.62
2026-09-11T11:50:24.840,1789107624.8400,3359,-96,-1.23,516,6.62
2026-09-11T11:50:24.843,1789107624.8430,3360,224,2.87,529,6.78
2026-09-11T11:50:24.846,1789107624.8460,3361,91,1.17,529,6.78
2026-09-11T11:50:24.853,1789107624.8532,3362,-276,-3.54,500,6.41
2026-09-11T11:50:24.860,1789107624.8602,3363,-59,-0.76,500,6.41
2026-09-11T11:50:24.868,1789107624.8683,3364,209,2.68,485,6.22
2026-09-11T11:50:24.871,1789107624.8713,3365,56,0.72,485,6.22
2026-09-11T11:50:24.876,1789107624.8765,3366,-292,-3.74,501,6.42
2026-09-11T11:50:24.884,1789107624.8846,3367,-10,-0.13,501,6.42
2026-09-11T11:50:24.887,1789107624.8876,3368,222,2.85,514,6.59
2026-09-11T11:50:24.890,1789107624.8906,3369,38,0.49,514,6.59
2026-09-11T11:50:24.892,1789107624.8926,3370,-291,-3.73,513,6.58
2026-09-11T11:50:24.898,1789107624.8981,3371,11,0.14,513,6.58
2026-09-11T11:50:24.905,1789107624.9053,3372,207,2.65,498,6.38
2026-09-11T11:50:24.908,1789107624.9083,3373,15,0.19,498,6.38
2026-09-11T11:50:24.916,1789107624.9164,3374,-317,-4.06,524,6.72
2026-09-11T11:50:24.917,1789107624.9174,3375,-216,-2.77,524,6.72
2026-09-11T11:50:24.922,1789107624.9224,3376,204,2.62,521,6.68
2026-09-11T11:50:24.925,1789107624.9254,3377,-16,-0.21,521,6.68
2026-09-11T11:50:24.932,1789107624.9324,3378,-328,-4.21,532,6.82
2026-09-11T11:50:24.949,1789107624.9498,3379,-203,-2.6,532,6.82
2026-09-11T11:50:24.956,1789107624.9560,3380,189,2.42,517,6.63
2026-09-11T11:50:24.957,1789107624.9570,3381,-43,-0.55,517,6.63
2026-09-11T11:50:24.959,1789107624.9590,3382,-335,-4.29,524,6.72
2026-09-11T11:50:24.959,1789107624.9600,3383,-182,-2.33,524,6.72
2026-09-11T11:50:24.970,1789107624.9701,3384,131,1.68,466,5.97
2026-09-11T11:50:24.974,1789107624.9743,3385,-102,-1.31,466,5.97
2026-09-11T11:50:24.979,1789107624.9793,3386,-342,-4.38,473,6.06
2026-09-11T11:50:24.984,1789107624.9845,3387,-169,-2.17,473,6.06
2026-09-11T11:50:24.987,1789107624.9874,3388,148,1.9,490,6.28
2026-09-11T11:50:24.994,1789107624.9945,3389,-145,-1.86,490,6.28
2026-09-11T11:50:24.996,1789107624.9964,3390,-341,-4.37,489,6.27
2026-09-11T11:50:25.000,1789107625.0006,3391,-155,-1.99,489,6.27
2026-09-11T11:50:25.003,1789107625.0038,3392,165,2.12,506,6.49
2026-09-11T11:50:25.010,1789107625.0108,3393,-172,-2.21,506,6.49
2026-09-11T11:50:25.014,1789107625.0149,3394,-323,-4.14,488,6.26
2026-09-11T11:50:25.022,1789107625.0220,3395,-126,-1.62,488,6.26
2026-09-11T11:50:25.026,1789107625.0270,3396,195,2.5,518,6.64
2026-09-11T11:50:25.030,1789107625.0300,3397,122,1.56,518,6.64
2026-09-11T11:50:25.033,1789107625.0332,3398,-322,-4.13,517,6.63
2026-09-11T11:50:25.040,1789107625.0402,3399,-105,-1.35,517,6.63
2026-09-11T11:50:25.042,1789107625.0422,3400,204,2.62,526,6.74
2026-09-11T11:50:25.051,1789107625.0512,3401,99,1.27,526,6.74
2026-09-11T11:50:25.053,1789107625.0533,3402,-284,-3.64,488,6.26
2026-09-11T11:50:25.062,1789107625.0625,3403,-87,-1.12,488,6.26
2026-09-11T11:50:25.068,1789107625.0685,3404,205,2.63,489,6.27
2026-09-11T11:50:25.070,1789107625.0708,3405,76,0.97,489,6.27
2026-09-11T11:50:25.076,1789107625.0763,3406,-276,-3.54,481,6.17
2026-09-11T11:50:25.079,1789107625.0800,3407,-62,-0.79,481,6.17
2026-09-11T11:50:25.085,1789107625.0851,3408,214,2.74,490,6.28
2026-09-11T11:50:25.087,1789107625.0871,3409,53,0.68,490,6.28
2026-09-11T11:50:25.091,1789107625.0911,3410,-295,-3.78,509,6.53
2026-09-11T11:50:25.097,1789107625.0971,3411,3,0.04,509,6.53
2026-09-11T11:50:25.100,1789107625.1006,3412,207,2.65,502,6.44
2026-09-11T11:50:25.107,1789107625.1078,3413,27,0.35,502,6.44
2026-09-11T11:50:25.131,1789107625.1319,3414,-306,-3.92,513,6.58
2026-09-11T11:50:25.135,1789107625.1359,3415,-220,-2.82,513,6.58
2026-09-11T11:50:25.137,1789107625.1379,3416,200,2.56,506,6.49
2026-09-11T11:50:25.142,1789107625.1429,3417,8,0.1,506,6.49
2026-09-11T11:50:25.147,1789107625.1479,3418,-320,-4.1,520,6.67
2026-09-11T11:50:25.151,1789107625.1519,3419,-211,-2.71,520,6.67
2026-09-11T11:50:25.157,1789107625.1571,3420,201,2.58,521,6.68
2026-09-11T11:50:25.162,1789107625.1626,3421,-12,-0.15,521,6.68
2026-09-11T11:50:25.165,1789107625.1656,3422,-323,-4.14,524,6.72
2026-09-11T11:50:25.172,1789107625.1723,3423,-170,-2.18,524,6.72
2026-09-11T11:50:25.177,1789107625.1773,3424,126,1.62,449,5.76
2026-09-11T11:50:25.180,1789107625.1803,3425,-47,-0.6,449,5.76
2026-09-11T11:50:25.182,1789107625.1825,3426,-331,-4.24,457,5.86
2026-09-11T11:50:25.184,1789107625.1845,3427,-141,-1.81,457,5.86
2026-09-11T11:50:25.185,1789107625.1855,3428,159,2.04,490,6.28
2026-09-11T11:50:25.188,1789107625.1885,3429,-106,-1.36,490,6.28
2026-09-11T11:50:25.191,1789107625.1915,3430,-326,-4.18,485,6.22
2026-09-11T11:50:25.201,1789107625.2019,3431,-132,-1.69,485,6.22
2026-09-11T11:50:25.203,1789107625.2039,3432,184,2.36,510,6.54
2026-09-11T11:50:25.210,1789107625.2109,3433,-133,-1.71,510,6.54
2026-09-11T11:50:25.219,1789107625.2190,3434,-317,-4.06,501,6.42
2026-09-11T11:50:25.222,1789107625.2223,3435,-112,-1.44,501,6.42
2026-09-11T11:50:25.224,1789107625.2243,3436,205,2.63,522,6.69
2026-09-11T11:50:25.227,1789107625.2273,3437,152,1.95,522,6.69
2026-09-11T11:50:25.234,1789107625.2344,3438,-296,-3.79,501,6.42
2026-09-11T11:50:25.237,1789107625.2374,3439,-111,-1.42,501,6.42
2026-09-11T11:50:25.247,1789107625.2474,3440,210,2.69,506,6.49
2026-09-11T11:50:25.250,1789107625.2504,3441,121,1.55,506,6.49
2026-09-11T11:50:25.253,1789107625.2536,3442,-275,-3.53,485,6.22
2026-09-11T11:50:25.260,1789107625.2606,3443,-78,-1.0,485,6.22
2026-09-11T11:50:25.266,1789107625.2667,3444,239,3.06,514,6.59
2026-09-11T11:50:25.271,1789107625.2719,3445,126,1.62,514,6.59
2026-09-11T11:50:25.274,1789107625.2749,3446,-227,-2.91,466,5.97
2026-09-11T11:50:25.277,1789107625.2779,3447,-29,-0.37,466,5.97
2026-09-11T11:50:25.281,1789107625.2812,3448,227,2.91,454,5.82
2026-09-11T11:50:25.287,1789107625.2872,3449,82,1.05,454,5.82
2026-09-11T11:50:25.290,1789107625.2902,3450,-186,-2.38,413,5.29
2026-09-11T11:50:25.309,1789107625.3092,3451,7,0.09,413,5.29
2026-09-11T11:50:25.316,1789107625.3163,3452,51,0.65,268,3.44
2026-09-11T11:50:25.318,1789107625.3183,3453,47,0.6,237,3.04
2026-09-11T11:50:25.322,1789107625.3224,3454,27,0.35,44,0.56
2026-09-11T11:50:25.328,1789107625.3284,3455,11,0.14,40,0.51
2026-09-11T11:50:25.330,1789107625.3304,3456,-85,-1.09,132,1.69
2026-09-11T11:50:25.334,1789107625.3346,3457,-29,-0.37,112,1.44
2026-09-11T11:50:25.338,1789107625.3386,3458,87,1.12,172,2.21
2026-09-11T11:50:25.342,1789107625.3426,3459,23,0.29,172,2.21
2026-09-11T11:50:25.347,1789107625.3476,3460,-213,-2.73,300,3.85
2026-09-11T11:50:25.354,1789107625.3544,3461,-56,-0.72,300,3.85
2026-09-11T11:50:25.356,1789107625.3566,3462,128,1.64,341,4.37
2026-09-11T11:50:25.360,1789107625.3606,3463,36,0.46,341,4.37
2026-09-11T11:50:25.365,1789107625.3657,3464,-192,-2.46,320,4.1
2026-09-11T11:50:25.371,1789107625.3719,3465,-59,-0.76,320,4.1
2026-09-11T11:50:25.376,1789107625.3769,3466,174,2.23,366,4.69
2026-09-11T11:50:25.379,1789107625.3799,3467,17,0.22,366,4.69
2026-09-11T11:50:25.382,1789107625.3823,3468,-267,-3.42,441,5.65
2026-09-11T11:50:25.390,1789107625.3903,3469,-21,-0.27,441,5.65
2026-09-11T11:50:25.391,1789107625.3913,3470,183,2.35,450,5.77
2026-09-11T11:50:25.398,1789107625.3989,3471,10,0.13,450,5.77
2026-09-11T11:50:25.405,1789107625.4055,3472,-286,-3.67,469,6.01
2026-09-11T11:50:25.406,1789107625.4065,3473,-280,-3.59,469,6.01
2026-09-11T11:50:25.421,1789107625.4218,3474,193,2.47,479,6.14
2026-09-11T11:50:25.424,1789107625.4249,3475,12,0.15,479,6.14
2026-09-11T11:50:25.425,1789107625.4259,3476,-272,-3.49,473,6.06
2026-09-11T11:50:25.428,1789107625.4289,3477,-215,-2.76,465,5.96
2026-09-11T11:50:25.436,1789107625.4360,3478,169,2.17,441,5.65
2026-09-11T11:50:25.438,1789107625.4380,3479,13,0.17,441,5.65
2026-09-11T11:50:25.445,1789107625.4451,3480,-196,-2.51,384,4.92
2026-09-11T11:50:25.447,1789107625.4470,3481,-103,-1.32,365,4.68
2026-09-11T11:50:25.450,1789107625.4500,3482,117,1.5,313,4.01
2026-09-11T11:50:25.456,1789107625.4566,3483,9,0.12,313,4.01
2026-09-11T11:50:25.467,1789107625.4678,3484,-47,-0.6,220,2.82
2026-09-11T11:50:25.481,1789107625.4816,3485,25,0.32,164,2.1
2026-09-11T11:50:25.487,1789107625.4877,3486,65,0.83,112,1.44
2026-09-11T11:50:25.490,1789107625.4907,3487,17,0.22,112,1.44
2026-09-11T11:50:25.492,1789107625.4927,3488,92,1.18,75,0.96
2026-09-11T11:50:25.499,1789107625.4995,3489,92,1.18,75,0.96
2026-09-11T11:50:25.501,1789107625.5015,3490,4,0.05,88,1.13
2026-09-11T11:50:25.505,1789107625.5056,3491,0,0.0,92,1.18
2026-09-11T11:50:25.509,1789107625.5096,3492,168,2.15,168,2.15
2026-09-11T11:50:25.511,1789107625.5118,3493,103,1.32,168,2.15
2026-09-11T11:50:25.518,1789107625.5188,3494,-185,-2.37,353,4.53
2026-09-11T11:50:25.525,1789107625.5259,3495,-152,-1.95,353,4.53
2026-09-11T11:50:25.528,1789107625.5289,3496,264,3.38,449,5.76
2026-09-11T11:50:25.532,1789107625.5323,3497,103,1.32,449,5.76
2026-09-11T11:50:25.534,1789107625.5343,3498,-205,-2.63,469,6.01
2026-09-11T11:50:25.535,1789107625.5353,3499,-149,-1.91,469,6.01
2026-09-11T11:50:25.543,1789107625.5435,3500,296,3.79,501,6.42
2026-09-11T11:50:25.550,1789107625.5505,3501,98,1.26,501,6.42
2026-09-11T11:50:25.553,1789107625.5537,3502,-218,-2.79,514,6.59
2026-09-11T11:50:25.560,1789107625.5607,3503,-113,-1.45,514,6.59
2026-09-11T11:50:25.569,1789107625.5698,3504,159,2.04,377,4.83
2026-09-11T11:50:25.571,1789107625.5719,3505,66,0.85,377,4.83
2026-09-11T11:50:25.576,1789107625.5767,3506,-227,-2.91,386,4.95
2026-09-11T11:50:25.580,1789107625.5807,3507,-98,-1.26,386,4.95
2026-09-11T11:50:25.583,1789107625.5839,3508,219,2.81,446,5.72
2026-09-11T11:50:25.593,1789107625.5939,3509,49,0.63,446,5.72
2026-09-11T11:50:25.597,1789107625.5979,3510,-236,-3.03,455,5.83
2026-09-11T11:50:25.600,1789107625.6009,3511,-83,-1.06,455,5.83
2026-09-11T11:50:25.603,1789107625.6031,3512,258,3.31,494,6.33
2026-09-11T11:50:25.609,1789107625.6091,3513,277,3.55,513,6.58
2026-09-11T11:50:25.616,1789107625.6167,3514,-237,-3.04,514,6.59
2026-09-11T11:50:25.621,1789107625.6218,3515,-64,-0.82,514,6.59
2026-09-11T11:50:25.624,1789107625.6248,3516,269,3.45,514,6.59
2026-09-11T11:50:25.627,1789107625.6278,3517,260,3.33,506,6.49
2026-09-11T11:50:25.630,1789107625.6308,3518,-237,-3.04,506,6.49
2026-09-11T11:50:25.637,1789107625.6380,3519,-40,-0.51,506,6.49
2026-09-11T11:50:25.639,1789107625.6400,3520,284,3.64,521,6.68
2026-09-11T11:50:25.659,1789107625.6591,3521,231,2.96,521,6.68
2026-09-11T11:50:25.665,1789107625.6653,3522,-218,-2.79,502,6.44
2026-09-11T11:50:25.669,1789107625.6693,3523,-25,-0.32,502,6.44
2026-09-11T11:50:25.675,1789107625.6755,3524,295,3.78,513,6.58
2026-09-11T11:50:25.682,1789107625.6821,3525,206,2.64,513,6.58
2026-09-11T11:50:25.688,1789107625.6881,3526,-111,-1.42,406,5.21
2026-09-11T11:50:25.692,1789107625.6921,3527,-6,-0.08,406,5.21
2026-09-11T11:50:25.698,1789107625.6981,3528,310,3.97,421,5.4
2026-09-11T11:50:25.699,1789107625.6991,3529,189,2.42,421,5.4
2026-09-11T11:50:25.707,1789107625.7073,3530,-160,-2.05,470,6.03
2026-09-11T11:50:25.708,1789107625.7083,3531,10,0.13,470,6.03
2026-09-11T11:50:25.711,1789107625.7117,3532,302,3.87,462,5.92
2026-09-11T11:50:25.715,1789107625.7158,3533,149,1.91,462,5.92
2026-09-11T11:50:25.718,1789107625.7188,3534,-172,-2.21,474,6.08
2026-09-11T11:50:25.720,1789107625.7208,3535,-171,-2.19,474,6.08
2026-09-11T11:50:25.726,1789107625.7269,3536,301,3.86,473,6.06
2026-09-11T11:50:25.728,1789107625.7289,3537,144,1.85,473,6.06
2026-09-11T11:50:25.736,1789107625.7360,3538,-201,-2.58,502,6.44
2026-09-11T11:50:25.738,1789107625.7380,3539,-152,-1.95,502,6.44
2026-09-11T11:50:25.746,1789107625.7460,3540,296,3.79,497,6.37
2026-09-11T11:50:25.751,1789107625.7510,3541,111,1.42,497,6.37
2026-09-11T11:50:25.754,1789107625.7541,3542,-213,-2.73,509,6.53
2026-09-11T11:50:25.761,1789107625.7611,3543,-133,-1.71,509,6.53
2026-09-11T11:50:25.766,1789107625.7663,3544,152,1.95,365,4.68
2026-09-11T11:50:25.775,1789107625.7754,3545,78,1.0,365,4.68
2026-09-11T11:50:25.777,1789107625.7774,3546,-238,-3.05,390,5.0
2026-09-11T11:50:25.781,1789107625.7814,3547,-105,-1.35,390,5.0
2026-09-11T11:50:25.783,1789107625.7835,3548,179,2.29,417,5.35
2026-09-11T11:50:25.789,1789107625.7894,3549,42,0.54,417,5.35
2026-09-11T11:50:25.793,1789107625.7936,3550,-255,-3.27,434,5.56
2026-09-11T11:50:25.799,1789107625.7996,3551,-98,-1.26,434,5.56
2026-09-11T11:50:25.804,1789107625.8047,3552,211,2.71,466,5.97
2026-09-11T11:50:25.805,1789107625.8058,3553,270,3.46,525,6.73
2026-09-11T11:50:25.816,1789107625.8170,3554,-263,-3.37,533,6.83
2026-09-11T11:50:25.817,1789107625.8180,3555,-78,-1.0,533,6.83
2026-09-11T11:50:25.822,1789107625.8223,3556,226,2.9,533,6.83
2026-09-11T11:50:25.825,1789107625.8253,3557,229,2.94,492,6.31
2026-09-11T11:50:25.838,1789107625.8387,3558,-247,-3.17,476,6.1
2026-09-11T11:50:25.844,1789107625.8447,3559,-70,-0.9,476,6.1
2026-09-11T11:50:25.846,1789107625.8467,3560,250,3.21,497,6.37
2026-09-11T11:50:25.849,1789107625.8497,3561,225,2.88,497,6.37
2026-09-11T11:50:25.858,1789107625.8589,3562,-264,-3.38,514,6.59
2026-09-11T11:50:25.863,1789107625.8640,3563,-63,-0.81,514,6.59
2026-09-11T11:50:25.873,1789107625.8739,3564,242,3.1,506,6.49
2026-09-11T11:50:25.881,1789107625.8819,3565,189,2.42,506,6.49
2026-09-11T11:50:25.883,1789107625.8840,3566,-144,-1.85,386,4.95
2026-09-11T11:50:25.887,1789107625.8870,3567,-54,-0.69,386,4.95
2026-09-11T11:50:25.891,1789107625.8910,3568,254,3.26,398,5.1
2026-09-11T11:50:25.893,1789107625.8930,3569,157,2.01,398,5.1
2026-09-11T11:50:25.895,1789107625.8950,3570,-184,-2.36,438,5.62
2026-09-11T11:50:25.901,1789107625.9011,3571,-46,-0.59,438,5.62
2026-09-11T11:50:25.903,1789107625.9033,3572,254,3.26,438,5.62
2026-09-11T11:50:25.909,1789107625.9093,3573,133,1.71,438,5.62
2026-09-11T11:50:25.919,1789107625.9195,3574,-228,-2.92,482,6.18
2026-09-11T11:50:25.921,1789107625.9216,3575,-215,-2.76,482,6.18
2026-09-11T11:50:25.925,1789107625.9256,3576,258,3.31,486,6.23
2026-09-11T11:50:25.930,1789107625.9306,3577,105,1.35,486,6.23
2026-09-11T11:50:25.932,1789107625.9328,3578,-247,-3.17,505,6.47
2026-09-11T11:50:25.940,1789107625.9408,3579,-206,-2.64,505,6.47
2026-09-11T11:50:25.943,1789107625.9438,3580,254,3.26,501,6.42
2026-09-11T11:50:25.945,1789107625.9458,3581,77,0.99,501,6.42
2026-09-11T11:50:25.952,1789107625.9529,3582,-255,-3.27,509,6.53
2026-09-11T11:50:25.959,1789107625.9599,3583,-190,-2.44,509,6.53
2026-09-11T11:50:25.968,1789107625.9681,3584,67,0.86,332,4.26
2026-09-11T11:50:25.970,1789107625.9701,3585,50,0.64,322,4.13
2026-09-11T11:50:25.978,1789107625.9782,3586,-271,-3.47,338,4.33
2026-09-11T11:50:25.980,1789107625.9802,3587,-170,-2.18,338,4.33
2026-09-11T11:50:25.981,1789107625.9812,3588,111,1.42,382,4.9
2026-09-11T11:50:25.988,1789107625.9884,3589,22,0.28,382,4.9
2026-09-11T11:50:25.990,1789107625.9904,3590,-290,-3.72,401,5.14
2026-09-11T11:50:25.997,1789107625.9974,3591,-153,-1.96,401,5.14
2026-09-11T11:50:26.015,1789107626.0152,3592,155,1.99,445,5.71
2026-09-11T11:50:26.017,1789107626.0172,3593,227,2.91,517,6.63
2026-09-11T11:50:26.025,1789107626.0253,3594,-294,-3.77,521,6.68
2026-09-11T11:50:26.027,1789107626.0273,3595,-129,-1.65,521,6.68
2026-09-11T11:50:26.030,1789107626.0303,3596,180,2.31,521,6.68
2026-09-11T11:50:26.032,1789107626.0324,3597,223,2.86,517,6.63
2026-09-11T11:50:26.037,1789107626.0375,3598,-298,-3.82,521,6.68
2026-09-11T11:50:26.041,1789107626.0414,3599,-125,-1.6,521,6.68
2026-09-11T11:50:26.045,1789107626.0454,3600,184,2.36,521,6.68
2026-09-11T11:50:26.050,1789107626.0504,3601,183,2.35,482,6.18
2026-09-11T11:50:26.054,1789107626.0546,3602,-305,-3.91,489,6.27
2026-09-11T11:50:26.062,1789107626.0627,3603,-100,-1.28,489,6.27
2026-09-11T11:50:26.069,1789107626.0697,3604,221,2.83,526,6.74
2026-09-11T11:50:26.072,1789107626.0728,3605,172,2.21,526,6.74
2026-09-11T11:50:26.074,1789107626.0748,3606,-153,-1.96,374,4.79
2026-09-11T11:50:26.082,1789107626.0830,3607,-83,-1.06,374,4.79
2026-09-11T11:50:26.084,1789107626.0850,3608,225,2.88,378,4.85
2026-09-11T11:50:26.090,1789107626.0910,3609,156,2.0,378,4.85
2026-09-11T11:50:26.093,1789107626.0940,3610,-193,-2.47,418,5.36
2026-09-11T11:50:26.095,1789107626.0960,3611,-71,-0.91,418,5.36
2026-09-11T11:50:26.104,1789107626.1040,3612,246,3.15,439,5.63
2026-09-11T11:50:26.111,1789107626.1110,3613,129,1.65,439,5.63
2026-09-11T11:50:26.115,1789107626.1152,3614,-228,-2.92,474,6.08
2026-09-11T11:50:26.122,1789107626.1223,3615,-259,-3.32,505,6.47
2026-09-11T11:50:26.125,1789107626.1258,3616,246,3.15,505,6.47
2026-09-11T11:50:26.128,1789107626.1288,3617,89,1.14,505,6.47
2026-09-11T11:50:26.137,1789107626.1372,3618,-247,-3.17,505,6.47
2026-09-11T11:50:26.141,1789107626.1412,3619,-222,-2.85,493,6.32
2026-09-11T11:50:26.143,1789107626.1432,3620,243,3.12,490,6.28
2026-09-11T11:50:26.151,1789107626.1512,3621,82,1.05,490,6.28
2026-09-11T11:50:26.155,1789107626.1553,3622,-263,-3.37,506,6.49
2026-09-11T11:50:26.157,1789107626.1574,3623,-226,-2.9,506,6.49
2026-09-11T11:50:26.167,1789107626.1675,3624,19,0.24,345,4.42
2026-09-11T11:50:26.167,1789107626.1675,3625,50,0.64,313,4.01
2026-09-11T11:50:26.172,1789107626.1730,3626,-286,-3.67,336,4.31
2026-09-11T11:50:26.175,1789107626.1760,3627,-189,-2.42,336,4.31
2026-09-11T11:50:26.182,1789107626.1828,3628,60,0.77,346,4.44
2026-09-11T11:50:26.193,1789107626.1938,3629,39,0.5,346,4.44
2026-09-11T11:50:26.197,1789107626.1978,3630,-285,-3.65,345,4.42
2026-09-11T11:50:26.202,1789107626.2024,3631,-184,-2.36,345,4.42
2026-09-11T11:50:26.206,1789107626.2064,3632,121,1.55,406,5.21
2026-09-11T11:50:26.208,1789107626.2084,3633,220,2.82,505,6.47
2026-09-11T11:50:26.219,1789107626.2196,3634,-309,-3.96,529,6.78
2026-09-11T11:50:26.224,1789107626.2248,3635,-152,-1.95,529,6.78
2026-09-11T11:50:26.229,1789107626.2298,3636,145,1.86,529,6.78
2026-09-11T11:50:26.234,1789107626.2349,3637,204,2.62,513,6.58
2026-09-11T11:50:26.236,1789107626.2369,3638,-308,-3.95,512,6.56
2026-09-11T11:50:26.243,1789107626.2439,3639,-127,-1.63,512,6.56
2026-09-11T11:50:26.244,1789107626.2449,3640,173,2.22,512,6.56
2026-09-11T11:50:26.246,1789107626.2469,3641,189,2.42,497,6.37
2026-09-11T11:50:26.253,1789107626.2531,3642,-312,-4.0,501,6.42
2026-09-11T11:50:26.261,1789107626.2614,3643,-118,-1.51,501,6.42
2026-09-11T11:50:26.265,1789107626.2652,3644,202,2.59,514,6.59
2026-09-11T11:50:26.271,1789107626.2713,3645,173,2.22,514,6.59
2026-09-11T11:50:26.277,1789107626.2774,3646,-135,-1.73,337,4.32
2026-09-11T11:50:26.280,1789107626.2804,3647,-102,-1.31,337,4.32
2026-09-11T11:50:26.283,1789107626.2836,3648,219,2.81,354,4.54
2026-09-11T11:50:26.290,1789107626.2906,3649,154,1.97,354,4.54
2026-09-11T11:50:26.292,1789107626.2926,3650,-175,-2.24,394,5.05
2026-09-11T11:50:26.301,1789107626.3011,3651,-81,-1.04,394,5.05
2026-09-11T11:50:26.305,1789107626.3054,3652,239,3.06,414,5.31
2026-09-11T11:50:26.312,1789107626.3126,3653,142,1.82,414,5.31
2026-09-11T11:50:26.318,1789107626.3186,3654,-198,-2.54,437,5.6
2026-09-11T11:50:26.320,1789107626.3206,3655,-257,-3.29,496,6.36
2026-09-11T11:50:26.325,1789107626.3257,3656,248,3.18,505,6.47
2026-09-11T11:50:26.326,1789107626.3267,3657,119,1.53,505,6.47
2026-09-11T11:50:26.333,1789107626.3339,3658,-230,-2.95,505,6.47
2026-09-11T11:50:26.336,1789107626.3369,3659,-233,-2.99,481,6.17
2026-09-11T11:50:26.341,1789107626.3419,3660,252,3.23,485,6.22
2026-09-11T11:50:26.347,1789107626.3479,3661,103,1.32,485,6.22
2026-09-11T11:50:26.350,1789107626.3509,3662,-237,-3.04,489,6.27
2026-09-11T11:50:26.357,1789107626.3571,3663,-224,-2.87,489,6.27
2026-09-11T11:50:26.383,1789107626.3836,3664,37,0.47,340,4.36
2026-09-11T11:50:26.385,1789107626.3856,3665,80,1.03,317,4.06
2026-09-11T11:50:26.387,1789107626.3876,3666,-241,-3.09,321,4.12
2026-09-11T11:50:26.394,1789107626.3946,3667,-188,-2.41,321,4.12
2026-09-11T11:50:26.399,1789107626.3991,3668,73,0.94,321,4.12
2026-09-11T11:50:26.403,1789107626.4036,3669,72,0.92,314,4.03
2026-09-11T11:50:26.408,1789107626.4086,3670,-257,-3.29,330,4.23
2026-09-11T11:50:26.413,1789107626.4138,3671,-164,-2.1,330,4.23
2026-09-11T11:50:26.420,1789107626.4204,3672,117,1.5,374,4.79
2026-09-11T11:50:26.422,1789107626.4226,3673,256,3.28,513,6.58
2026-09-11T11:50:26.429,1789107626.4296,3674,-281,-3.6,537,6.88
2026-09-11T11:50:26.430,1789107626.4306,3675,-144,-1.85,537,6.88
2026-09-11T11:50:26.432,1789107626.4328,3676,157,2.01,537,6.88
2026-09-11T11:50:26.436,1789107626.4368,3677,240,3.08,521,6.68
2026-09-11T11:50:26.439,1789107626.4398,3678,-281,-3.6,521,6.68
2026-09-11T11:50:26.440,1789107626.4408,3679,-120,-1.54,521,6.68
2026-09-11T11:50:26.442,1789107626.4428,3680,185,2.37,521,6.68
2026-09-11T11:50:26.450,1789107626.4508,3681,244,3.13,525,6.73
2026-09-11T11:50:26.454,1789107626.4549,3682,-281,-3.6,525,6.73
2026-09-11T11:50:26.458,1789107626.4589,3683,-100,-1.28,525,6.73
2026-09-11T11:50:26.468,1789107626.4683,3684,209,2.68,525,6.73
2026-09-11T11:50:26.470,1789107626.4703,3685,192,2.46,490,6.28
2026-09-11T11:50:26.475,1789107626.4754,3686,27,0.35,309,3.96
2026-09-11T11:50:26.477,1789107626.4774,3687,3,0.04,206,2.64
2026-09-11T11:50:26.484,1789107626.4846,3688,-301,-3.86,493,6.32
2026-09-11T11:50:26.491,1789107626.4916,3689,-320,-4.1,347,4.45
2026-09-11T11:50:26.494,1789107626.4946,3690,137,1.76,457,5.86
2026-09-11T11:50:26.499,1789107626.4991,3691,7,0.09,457,5.86
2026-09-11T11:50:26.503,1789107626.5033,3692,-641,-8.22,778,9.97
2026-09-11T11:50:26.508,1789107626.5083,3693,-490,-6.28,778,9.97
2026-09-11T11:50:26.518,1789107626.5185,3694,240,3.08,881,11.29
2026-09-11T11:50:26.521,1789107626.5216,3695,435,5.58,1076,13.79
2026-09-11T11:50:26.523,1789107626.5236,3696,-707,-9.06,1142,14.64
2026-09-11T11:50:26.530,1789107626.5306,3697,-476,-6.1,1142,14.64
2026-09-11T11:50:26.531,1789107626.5319,3698,342,4.38,1142,14.64
2026-09-11T11:50:26.537,1789107626.5379,3699,428,5.49,1135,14.55
2026-09-11T11:50:26.553,1789107626.5532,3700,-733,-9.4,1161,14.88
2026-09-11T11:50:26.559,1789107626.5592,3701,-398,-5.1,1161,14.88
2026-09-11T11:50:26.564,1789107626.5643,3702,427,5.47,1161,14.88
2026-09-11T11:50:26.566,1789107626.5663,3703,406,5.21,1160,14.87
2026-09-11T11:50:26.577,1789107626.5776,3704,-92,-1.18,825,10.58
2026-09-11T11:50:26.579,1789107626.5796,3705,-317,-4.06,744,9.54
2026-09-11T11:50:26.583,1789107626.5837,3706,484,6.21,801,10.27
2026-09-11T11:50:26.585,1789107626.5858,3707,371,4.76,801,10.27
2026-09-11T11:50:26.587,1789107626.5878,3708,-175,-2.24,801,10.27
2026-09-11T11:50:26.589,1789107626.5898,3709,-244,-3.13,728,9.33
2026-09-11T11:50:26.594,1789107626.5947,3710,533,6.83,777,9.96
2026-09-11T11:50:26.602,1789107626.6025,3711,335,4.29,777,9.96
2026-09-11T11:50:26.604,1789107626.6045,3712,-266,-3.41,799,10.24
2026-09-11T11:50:26.610,1789107626.6105,3713,-633,-8.12,1166,14.95
2026-09-11T11:50:26.617,1789107626.6176,3714,514,6.59,1147,14.71
2026-09-11T11:50:26.620,1789107626.6206,3715,240,3.08,1147,14.71
2026-09-11T11:50:26.624,1789107626.6247,3716,-297,-3.81,1147,14.71
2026-09-11T11:50:26.628,1789107626.6287,3717,-496,-6.36,1010,12.95
2026-09-11T11:50:26.633,1789107626.6335,3718,343,4.4,839,10.76
2026-09-11T11:50:26.641,1789107626.6415,3719,85,1.09,839,10.76
2026-09-11T11:50:26.643,1789107626.6435,3720,-247,-3.17,839,10.76
2026-09-11T11:50:26.648,1789107626.6485,3721,-250,-3.21,593,7.6
2026-09-11T11:50:26.656,1789107626.6569,3722,75,0.96,335,4.29
2026-09-11T11:50:26.659,1789107626.6599,3723,-49,-0.63,325,4.17
2026-09-11T11:50:26.674,1789107626.6741,3724,-69,-0.88,325,4.17
2026-09-11T11:50:26.677,1789107626.6773,3725,-5,-0.06,144,1.85
2026-09-11T11:50:26.680,1789107626.6804,3726,-37,-0.47,64,0.82
2026-09-11T11:50:26.682,1789107626.6823,3727,-96,-1.23,91,1.17
2026-09-11T11:50:26.684,1789107626.6843,3728,152,1.95,248,3.18
2026-09-11T11:50:26.688,1789107626.6884,3729,172,2.21,268,3.44
2026-09-11T11:50:26.692,1789107626.6926,3730,-45,-0.58,268,3.44
2026-09-11T11:50:26.699,1789107626.6992,3731,-36,-0.46,217,2.78
2026-09-11T11:50:26.704,1789107626.7043,3732,268,3.44,313,4.01
2026-09-11T11:50:26.706,1789107626.7063,3733,251,3.22,313,4.01
2026-09-11T11:50:26.717,1789107626.7176,3734,-46,-0.59,314,4.03
2026-09-11T11:50:26.719,1789107626.7196,3735,-178,-2.28,446,5.72
2026-09-11T11:50:26.723,1789107626.7239,3736,331,4.24,509,6.53
2026-09-11T11:50:26.736,1789107626.7361,3737,262,3.36,509,6.53
2026-09-11T11:50:26.741,1789107626.7411,3738,-71,-0.91,509,6.53
2026-09-11T11:50:26.743,1789107626.7431,3739,-127,-1.63,458,5.87
2026-09-11T11:50:26.748,1789107626.7481,3740,377,4.83,504,6.46
2026-09-11T11:50:26.751,1789107626.7511,3741,252,3.23,504,6.46
2026-09-11T11:50:26.760,1789107626.7602,3742,-85,-1.09,504,6.46
2026-09-11T11:50:26.764,1789107626.7648,3743,-105,-1.35,482,6.18
2026-09-11T11:50:26.772,1789107626.7729,3744,120,1.54,357,4.58
2026-09-11T11:50:26.774,1789107626.7749,3745,238,3.05,343,4.4
2026-09-11T11:50:26.783,1789107626.7832,3746,-91,-1.17,343,4.4
2026-09-11T11:50:26.784,1789107626.7842,3747,-87,-1.12,329,4.22
2026-09-11T11:50:26.787,1789107626.7872,3748,145,1.86,329,4.22
2026-09-11T11:50:26.792,1789107626.7922,3749,219,2.81,310,3.97
2026-09-11T11:50:26.794,1789107626.7942,3750,-114,-1.46,333,4.27
2026-09-11T11:50:26.796,1789107626.7962,3751,-57,-0.73,333,4.27
2026-09-11T11:50:26.803,1789107626.8034,3752,203,2.6,333,4.27
2026-09-11T11:50:26.811,1789107626.8117,3753,394,5.05,508,6.51
2026-09-11T11:50:26.815,1789107626.8157,3754,-144,-1.85,538,6.9
2026-09-11T11:50:26.822,1789107626.8228,3755,-39,-0.5,538,6.9
2026-09-11T11:50:26.825,1789107626.8258,3756,221,2.83,538,6.9
2026-09-11T11:50:26.833,1789107626.8330,3757,384,4.92,528,6.77
2026-09-11T11:50:26.835,1789107626.8350,3758,-150,-1.92,534,6.85
2026-09-11T11:50:26.842,1789107626.8420,3759,-26,-0.33,534,6.85
2026-09-11T11:50:26.846,1789107626.8460,3760,254,3.26,534,6.85
2026-09-11T11:50:26.848,1789107626.8480,3761,353,4.53,503,6.45
2026-09-11T11:50:26.857,1789107626.8573,3762,-172,-2.21,525,6.73
2026-09-11T11:50:26.859,1789107626.8593,3763,-24,-0.31,525,6.73
2026-09-11T11:50:26.869,1789107626.8694,3764,276,3.54,525,6.73
2026-09-11T11:50:26.871,1789107626.8714,3765,331,4.24,503,6.45
2026-09-11T11:50:26.874,1789107626.8745,3766,82,1.05,355,4.55
2026-09-11T11:50:26.876,1789107626.8765,3767,-10,-0.13,341,4.37
2026-09-11T11:50:26.885,1789107626.8857,3768,314,4.03,341,4.37
2026-09-11T11:50:26.886,1789107626.8867,3769,305,3.91,324,4.15
2026-09-11T11:50:26.891,1789107626.8917,3770,16,0.21,324,4.15
2026-09-11T11:50:26.897,1789107626.8977,3771,-19,-0.24,333,4.27
2026-09-11T11:50:26.900,1789107626.9002,3772,305,3.91,324,4.15
2026-09-11T11:50:26.917,1789107626.9171,3773,291,3.73,324,4.15
2026-09-11T11:50:26.928,1789107626.9285,3774,-42,-0.54,347,4.45
2026-09-11T11:50:26.930,1789107626.9305,3775,-190,-2.44,495,6.35
2026-09-11T11:50:26.934,1789107626.9346,3776,311,3.99,501,6.42
2026-09-11T11:50:26.940,1789107626.9406,3777,250,3.21,501,6.42
2026-09-11T11:50:26.945,1789107626.9456,3778,-107,-1.37,501,6.42
2026-09-11T11:50:26.949,1789107626.9496,3779,-175,-2.24,486,6.23
2026-09-11T11:50:26.955,1789107626.9550,3780,322,4.13,497,6.37
2026-09-11T11:50:26.957,1789107626.9570,3781,225,2.88,497,6.37
2026-09-11T11:50:26.964,1789107626.9640,3782,-124,-1.59,497,6.37
2026-09-11T11:50:26.966,1789107626.9663,3783,-180,-2.31,502,6.44
2026-09-11T11:50:26.973,1789107626.9735,3784,13,0.17,405,5.19
2026-09-11T11:50:26.975,1789107626.9755,3785,180,2.31,360,4.62
2026-09-11T11:50:26.977,1789107626.9775,3786,-157,-2.01,360,4.62
2026-09-11T11:50:26.979,1789107626.9795,3787,-168,-2.15,348,4.46
2026-09-11T11:50:26.981,1789107626.9816,3788,48,0.62,348,4.46
2026-09-11T11:50:26.992,1789107626.9926,3789,163,2.09,331,4.24
2026-09-11T11:50:26.996,1789107626.9966,3790,-186,-2.38,349,4.47
2026-09-11T11:50:26.997,1789107626.9976,3791,-145,-1.86,349,4.47
2026-09-11T11:50:27.006,1789107627.0065,3792,84,1.08,349,4.47
2026-09-11T11:50:27.008,1789107627.0085,3793,323,4.14,509,6.53
2026-09-11T11:50:27.018,1789107627.0186,3794,-207,-2.65,530,6.79
2026-09-11T11:50:27.022,1789107627.0227,3795,-126,-1.62,530,6.79
2026-09-11T11:50:27.026,1789107627.0267,3796,127,1.63,530,6.79
2026-09-11T11:50:27.027,1789107627.0277,3797,302,3.87,509,6.53
2026-09-11T11:50:27.038,1789107627.0388,3798,-215,-2.76,517,6.63
2026-09-11T11:50:27.041,1789107627.0418,3799,-114,-1.46,517,6.63
2026-09-11T11:50:27.044,1789107627.0448,3800,170,2.18,517,6.63
2026-09-11T11:50:27.051,1789107627.0518,3801,285,3.65,500,6.41
2026-09-11T11:50:27.054,1789107627.0550,3802,-228,-2.92,513,6.58
2026-09-11T11:50:27.059,1789107627.0600,3803,-103,-1.32,513,6.58
2026-09-11T11:50:27.068,1789107627.0685,3804,197,2.53,513,6.58
2026-09-11T11:50:27.069,1789107627.0696,3805,281,3.6,509,6.53
2026-09-11T11:50:27.073,1789107627.0740,3806,35,0.45,384,4.92
2026-09-11T11:50:27.080,1789107627.0807,3807,-76,-0.97,357,4.58
2026-09-11T11:50:27.081,1789107627.0817,3808,237,3.04,357,4.58
2026-09-11T11:50:27.086,1789107627.0870,3809,252,3.23,328,4.21
2026-09-11T11:50:27.103,1789107627.1036,3810,-13,-0.17,328,4.21
2026-09-11T11:50:27.109,1789107627.1096,3811,-60,-0.77,312,4.0
2026-09-11T11:50:27.111,1789107627.1117,3812,252,3.23,312,4.0
2026-09-11T11:50:27.114,1789107627.1147,3813,231,2.96,312,4.0
2026-09-11T11:50:27.125,1789107627.1259,3814,-62,-0.79,314,4.03
2026-09-11T11:50:27.129,1789107627.1299,3815,-254,-3.26,506,6.49
2026-09-11T11:50:27.134,1789107627.1341,3816,259,3.32,513,6.58
2026-09-11T11:50:27.138,1789107627.1381,3817,214,2.74,513,6.58
2026-09-11T11:50:27.145,1789107627.1451,3818,-106,-1.36,513,6.58
2026-09-11T11:50:27.148,1789107627.1481,3819,-242,-3.1,501,6.42
2026-09-11T11:50:27.149,1789107627.1491,3820,287,3.68,529,6.78
2026-09-11T11:50:27.153,1789107627.1533,3821,186,2.38,529,6.78
2026-09-11T11:50:27.156,1789107627.1563,3822,-143,-1.83,529,6.78
2026-09-11T11:50:27.158,1789107627.1582,3823,-214,-2.74,501,6.42
2026-09-11T11:50:27.169,1789107627.1694,3824,-9,-0.12,400,5.13
2026-09-11T11:50:27.174,1789107627.1745,3825,162,2.08,376,4.82
2026-09-11T11:50:27.177,1789107627.1775,3826,-183,-2.35,376,4.82
2026-09-11T11:50:27.178,1789107627.1785,3827,-206,-2.64,368,4.72
2026-09-11T11:50:27.185,1789107627.1853,3828,6,0.08,368,4.72
2026-09-11T11:50:27.189,1789107627.1893,3829,141,1.81,347,4.45
2026-09-11T11:50:27.193,1789107627.1933,3830,-195,-2.5,347,4.45
2026-09-11T11:50:27.198,1789107627.1983,3831,-187,-2.4,336,4.31
2026-09-11T11:50:27.202,1789107627.2024,3832,42,0.54,336,4.31
2026-09-11T11:50:27.208,1789107627.2085,3833,290,3.72,485,6.22
2026-09-11T11:50:27.222,1789107627.2222,3834,-216,-2.77,506,6.49
2026-09-11T11:50:27.225,1789107627.2252,3835,-159,-2.04,506,6.49
2026-09-11T11:50:27.226,1789107627.2262,3836,86,1.1,506,6.49
2026-09-11T11:50:27.233,1789107627.2333,3837,290,3.72,506,6.49
2026-09-11T11:50:27.235,1789107627.2353,3838,-248,-3.18,538,6.9
2026-09-11T11:50:27.238,1789107627.2383,3839,-139,-1.78,538,6.9
2026-09-11T11:50:27.246,1789107627.2463,3840,134,1.72,538,6.9
2026-09-11T11:50:27.249,1789107627.2493,3841,281,3.6,529,6.78
2026-09-11T11:50:27.251,1789107627.2513,3842,-240,-3.08,521,6.68
2026-09-11T11:50:27.258,1789107627.2585,3843,-115,-1.47,521,6.68
2026-09-11T11:50:27.263,1789107627.2637,3844,169,2.17,521,6.68
2026-09-11T11:50:27.269,1789107627.2697,3845,272,3.49,512,6.56
2026-09-11T11:50:27.281,1789107627.2814,3846,43,0.55,387,4.96
2026-09-11T11:50:27.285,1789107627.2854,3847,-92,-1.18,364,4.67
2026-09-11T11:50:27.288,1789107627.2884,3848,208,2.67,364,4.67
2026-09-11T11:50:27.292,1789107627.2924,3849,260,3.33,352,4.51
2026-09-11T11:50:27.295,1789107627.2954,3850,3,0.04,352,4.51
2026-09-11T11:50:27.300,1789107627.3009,3851,-72,-0.92,332,4.26
2026-09-11T11:50:27.305,1789107627.3052,3852,224,2.87,332,4.26
2026-09-11T11:50:27.310,1789107627.3102,3853,243,3.12,315,4.04
2026-09-11T11:50:27.319,1789107627.3191,3854,-42,-0.54,315,4.04
2026-09-11T11:50:27.322,1789107627.3223,3855,-262,-3.36,505,6.47
2026-09-11T11:50:27.329,1789107627.3293,3856,248,3.18,510,6.54
2026-09-11T11:50:27.331,1789107627.3313,3857,215,2.76,510,6.54
2026-09-11T11:50:27.335,1789107627.3355,3858,-90,-1.15,510,6.54
2026-09-11T11:50:27.338,1789107627.3385,3859,-246,-3.15,494,6.33
2026-09-11T11:50:27.343,1789107627.3435,3860,259,3.32,505,6.47
2026-09-11T11:50:27.351,1789107627.3515,3861,198,2.54,505,6.47
2026-09-11T11:50:27.353,1789107627.3536,3862,-127,-1.63,505,6.47
2026-09-11T11:50:27.359,1789107627.3596,3863,-238,-3.05,497,6.37
2026-09-11T11:50:27.369,1789107627.3697,3864,-33,-0.42,436,5.59
2026-09-11T11:50:27.371,1789107627.3719,3865,178,2.28,416,5.33
2026-09-11T11:50:27.375,1789107627.3759,3866,-159,-2.04,416,5.33
2026-09-11T11:50:27.379,1789107627.3799,3867,-214,-2.74,392,5.03
2026-09-11T11:50:27.385,1789107627.3850,3868,-17,-0.22,392,5.03
2026-09-11T11:50:27.387,1789107627.3870,3869,158,2.03,372,4.77
2026-09-11T11:50:27.398,1789107627.3980,3870,-187,-2.4,372,4.77
2026-09-11T11:50:27.400,1789107627.4006,3871,-202,-2.59,360,4.62
2026-09-11T11:50:27.401,1789107627.4016,3872,23,0.29,360,4.62
2026-09-11T11:50:27.411,1789107627.4112,3873,302,3.87,504,6.46
2026-09-11T11:50:27.417,1789107627.4173,3874,-207,-2.65,509,6.53
2026-09-11T11:50:27.421,1789107627.4220,3875,-178,-2.28,509,6.53
2026-09-11T11:50:27.424,1789107627.4241,3876,66,0.85,509,6.53
2026-09-11T11:50:27.427,1789107627.4271,3877,294,3.77,501,6.42
2026-09-11T11:50:27.431,1789107627.4311,3878,-216,-2.77,510,6.54
2026-09-11T11:50:27.437,1789107627.4374,3879,-151,-1.94,510,6.54
2026-09-11T11:50:27.440,1789107627.4404,3880,110,1.41,510,6.54
2026-09-11T11:50:27.458,1789107627.4581,3881,297,3.81,513,6.58
2026-09-11T11:50:27.463,1789107627.4632,3882,-224,-2.87,521,6.68
2026-09-11T11:50:27.468,1789107627.4683,3883,-127,-1.63,521,6.68
2026-09-11T11:50:27.472,1789107627.4727,3884,157,2.01,521,6.68
2026-09-11T11:50:27.479,1789107627.4791,3885,293,3.76,517,6.63
2026-09-11T11:50:27.481,1789107627.4811,3886,67,0.86,420,5.38
2026-09-11T11:50:27.485,1789107627.4853,3887,-104,-1.33,397,5.09
2026-09-11T11:50:27.488,1789107627.4882,3888,197,2.53,397,5.09
2026-09-11T11:50:27.494,1789107627.4943,3889,284,3.64,388,4.97
2026-09-11T11:50:27.498,1789107627.4982,3890,35,0.45,388,4.97
2026-09-11T11:50:27.505,1789107627.5053,3891,-80,-1.03,364,4.67
2026-09-11T11:50:27.507,1789107627.5074,3892,228,2.92,364,4.67
2026-09-11T11:50:27.509,1789107627.5094,3893,259,3.32,339,4.35
2026-09-11T11:50:27.517,1789107627.5175,3894,-2,-0.03,339,4.35
2026-09-11T11:50:27.519,1789107627.5195,3895,-242,-3.1,501,6.42
2026-09-11T11:50:27.526,1789107627.5267,3896,259,3.32,501,6.42
2026-09-11T11:50:27.527,1789107627.5277,3897,254,3.26,501,6.42
2026-09-11T11:50:27.535,1789107627.5358,3898,-43,-0.55,501,6.42
2026-09-11T11:50:27.537,1789107627.5378,3899,-239,-3.06,498,6.38
2026-09-11T11:50:27.544,1789107627.5448,3900,278,3.56,517,6.63
2026-09-11T11:50:27.551,1789107627.5518,3901,233,2.99,517,6.63
2026-09-11T11:50:27.552,1789107627.5530,3902,-88,-1.13,517,6.63
2026-09-11T11:50:27.562,1789107627.5621,3903,-219,-2.81,497,6.37
2026-09-11T11:50:27.567,1789107627.5671,3904,-26,-0.33,452,5.79
2026-09-11T11:50:27.575,1789107627.5752,3905,189,2.42,408,5.23
2026-09-11T11:50:27.577,1789107627.5772,3906,-128,-1.64,408,5.23
2026-09-11T11:50:27.581,1789107627.5812,3907,-212,-2.72,401,5.14
2026-09-11T11:50:27.582,1789107627.5823,3908,-27,-0.35,401,5.14
2026-09-11T11:50:27.591,1789107627.5914,3909,176,2.26,388,4.97
2026-09-11T11:50:27.596,1789107627.5964,3910,-153,-1.96,388,4.97
2026-09-11T11:50:27.597,1789107627.5974,3911,-204,-2.62,380,4.87
2026-09-11T11:50:27.602,1789107627.6030,3912,1,0.01,380,4.87
2026-09-11T11:50:27.604,1789107627.6050,3913,293,3.76,497,6.37
2026-09-11T11:50:27.616,1789107627.6170,3914,-189,-2.42,497,6.37
2026-09-11T11:50:27.617,1789107627.6180,3915,-188,-2.41,482,6.18
2026-09-11T11:50:27.622,1789107627.6220,3916,29,0.37,482,6.18
2026-09-11T11:50:27.634,1789107627.6341,3917,288,3.69,477,6.12
2026-09-11T11:50:27.637,1789107627.6371,3918,-221,-2.83,509,6.53
2026-09-11T11:50:27.641,1789107627.6411,3919,-176,-2.26,509,6.53
2026-09-11T11:50:27.645,1789107627.6451,3920,80,1.03,509,6.53
2026-09-11T11:50:27.649,1789107627.6491,3921,292,3.74,513,6.58
2026-09-11T11:50:27.659,1789107627.6595,3922,-233,-2.99,525,6.73
2026-09-11T11:50:27.662,1789107627.6626,3923,-145,-1.86,525,6.73
2026-09-11T11:50:27.672,1789107627.6728,3924,108,1.38,525,6.73
2026-09-11T11:50:27.675,1789107627.6758,3925,280,3.59,513,6.58
2026-09-11T11:50:27.682,1789107627.6827,3926,67,0.86,425,5.45
2026-09-11T11:50:27.683,1789107627.6837,3927,-125,-1.6,405,5.19
2026-09-11T11:50:27.687,1789107627.6877,3928,160,2.05,405,5.19
2026-09-11T11:50:27.690,1789107627.6907,3929,271,3.47,396,5.08
2026-09-11T11:50:27.692,1789107627.6927,3930,34,0.44,396,5.08
2026-09-11T11:50:27.701,1789107627.7019,3931,-125,-1.6,396,5.08
2026-09-11T11:50:27.703,1789107627.7039,3932,191,2.45,396,5.08
2026-09-11T11:50:27.710,1789107627.7106,3933,263,3.37,388,4.97
2026-09-11T11:50:27.720,1789107627.7208,3934,10,0.13,388,4.97
2026-09-11T11:50:27.723,1789107627.7239,3935,-266,-3.41,529,6.78
2026-09-11T11:50:27.725,1789107627.7259,3936,219,2.81,529,6.78
2026-09-11T11:50:27.732,1789107627.7321,3937,246,3.15,512,6.56
2026-09-11T11:50:27.733,1789107627.7331,3938,-31,-0.4,512,6.56
2026-09-11T11:50:27.740,1789107627.7401,3939,-251,-3.22,497,6.37
2026-09-11T11:50:27.744,1789107627.7441,3940,258,3.31,509,6.53
2026-09-11T11:50:27.747,1789107627.7471,3941,225,2.88,509,6.53
2026-09-11T11:50:27.755,1789107627.7553,3942,-83,-1.06,509,6.53
2026-09-11T11:50:27.760,1789107627.7603,3943,-255,-3.27,513,6.58
2026-09-11T11:50:27.768,1789107627.7684,3944,-50,-0.64,480,6.15
2026-09-11T11:50:27.770,1789107627.7704,3945,213,2.73,468,6.0
2026-09-11T11:50:27.777,1789107627.7772,3946,-120,-1.54,468,6.0
2026-09-11T11:50:27.778,1789107627.7782,3947,-235,-3.01,448,5.74
2026-09-11T11:50:27.785,1789107627.7854,3948,-42,-0.54,448,5.74
2026-09-11T11:50:27.787,1789107627.7874,3949,185,2.37,420,5.38
2026-09-11T11:50:27.790,1789107627.7904,3950,-144,-1.85,420,5.38
2026-09-11T11:50:27.797,1789107627.7974,3951,-224,-2.87,409,5.24
2026-09-11T11:50:27.803,1789107627.8039,3952,-27,-0.35,409,5.24
2026-09-11T11:50:27.816,1789107627.8169,3953,285,3.65,509,6.53
2026-09-11T11:50:27.825,1789107627.8251,3954,-188,-2.41,509,6.53
2026-09-11T11:50:27.829,1789107627.8296,3955,-212,-2.72,497,6.37
2026-09-11T11:50:27.831,1789107627.8316,3956,17,0.22,497,6.37
2026-09-11T11:50:27.834,1789107627.8347,3957,281,3.6,493,6.32
2026-09-11T11:50:27.840,1789107627.8404,3958,-208,-2.67,493,6.32
2026-09-11T11:50:27.845,1789107627.8455,3959,-192,-2.46,489,6.27
2026-09-11T11:50:27.848,1789107627.8485,3960,57,0.73,489,6.27
2026-09-11T11:50:27.852,1789107627.8523,3961,293,3.76,501,6.42
2026-09-11T11:50:27.858,1789107627.8583,3962,-213,-2.73,506,6.49
2026-09-11T11:50:27.861,1789107627.8613,3963,-140,-1.79,506,6.49
2026-09-11T11:50:27.874,1789107627.8741,3964,-91,-1.17,506,6.49
2026-09-11T11:50:27.875,1789107627.8757,3965,-407,-5.22,316,4.05
2026-09-11T11:50:27.877,1789107627.8778,3966,-97,-1.24,316,4.05
2026-09-11T11:50:27.878,1789107627.8788,3967,341,4.37,748,9.59
2026-09-11T11:50:27.880,1789107627.8809,3968,-276,-3.54,748,9.59
2026-09-11T11:50:27.888,1789107627.8890,3969,-639,-8.19,980,12.56
2026-09-11T11:50:27.893,1789107627.8940,3970,-129,-1.65,980,12.56
2026-09-11T11:50:27.897,1789107627.8980,3971,265,3.4,904,11.59
2026-09-11T11:50:27.905,1789107627.9058,3972,-416,-5.33,904,11.59
2026-09-11T11:50:27.907,1789107627.9079,3973,-650,-8.33,915,11.73
2026-09-11T11:50:27.918,1789107627.9183,3974,-64,-0.82,915,11.73
2026-09-11T11:50:27.921,1789107627.9213,3975,637,8.17,1287,16.5
2026-09-11T11:50:27.926,1789107627.9264,3976,-467,-5.99,1287,16.5
2026-09-11T11:50:27.928,1789107627.9284,3977,-589,-7.55,1226,15.72
2026-09-11T11:50:27.938,1789107627.9386,3978,69,0.88,1226,15.72
2026-09-11T11:50:27.941,1789107627.9416,3979,669,8.58,1258,16.13
2026-09-11T11:50:27.944,1789107627.9446,3980,-518,-6.64,1258,16.13
2026-09-11T11:50:27.946,1789107627.9466,3981,-552,-7.08,1221,15.65
2026-09-11T11:50:27.953,1789107627.9537,3982,162,2.08,1221,15.65
2026-09-11T11:50:27.959,1789107627.9597,3983,665,8.53,1217,15.6
2026-09-11T11:50:27.967,1789107627.9679,3984,190,2.44,1217,15.6
2026-09-11T11:50:27.968,1789107627.9690,3985,-508,-6.51,1173,15.04
2026-09-11T11:50:27.975,1789107627.9755,3986,270,3.46,1173,15.04
2026-09-11T11:50:27.977,1789107627.9775,3987,613,7.86,1121,14.37
2026-09-11T11:50:27.981,1789107627.9819,3988,131,1.68,1121,14.37
2026-09-11T11:50:27.998,1789107627.9989,3989,-452,-5.79,1065,13.65
2026-09-11T11:50:28.006,1789107628.0061,3990,382,4.9,1065,13.65
2026-09-11T11:50:28.012,1789107628.0124,3991,589,7.55,1041,13.35
2026-09-11T11:50:28.014,1789107628.0144,3992,94,1.21,1041,13.35
2026-09-11T11:50:28.018,1789107628.0184,3993,-618,-7.92,1207,15.47
2026-09-11T11:50:28.029,1789107628.0291,3994,478,6.13,1207,15.47
2026-09-11T11:50:28.031,1789107628.0311,3995,564,7.23,1182,15.15
2026-09-11T11:50:28.035,1789107628.0353,3996,74,0.95,1182,15.15
2026-09-11T11:50:28.037,1789107628.0373,3997,-610,-7.82,1174,15.05
2026-09-11T11:50:28.042,1789107628.0423,3998,509,6.53,1174,15.05
2026-09-11T11:50:28.049,1789107628.0493,3999,491,6.29,1119,14.35
2026-09-11T11:50:28.051,1789107628.0513,4000,17,0.22,1119,14.35
2026-09-11T11:50:28.053,1789107628.0535,4001,-463,-5.94,972,12.46
2026-09-11T11:50:28.057,1789107628.0575,4002,419,5.37,954,12.23
2026-09-11T11:50:28.060,1789107628.0605,4003,310,3.97,882,11.31
2026-09-11T11:50:28.067,1789107628.0676,4004,-8,-0.1,882,11.31
2026-09-11T11:50:28.070,1789107628.0706,4005,-152,-1.95,571,7.32
2026-09-11T11:50:28.074,1789107628.0748,4006,65,0.83,462,5.92
2026-09-11T11:50:28.075,1789107628.0758,4007,-43,-0.55,217,2.78
2026-09-11T11:50:28.084,1789107628.0841,4008,101,1.29,253,3.24
2026-09-11T11:50:28.091,1789107628.0911,4009,280,3.59,323,4.14
2026-09-11T11:50:28.094,1789107628.0941,4010,143,1.83,323,4.14
2026-09-11T11:50:28.101,1789107628.1013,4011,-45,-0.58,325,4.17
2026-09-11T11:50:28.103,1789107628.1035,4012,227,2.91,325,4.17
2026-09-11T11:50:28.107,1789107628.1075,4013,367,4.71,412,5.28
2026-09-11T11:50:28.123,1789107628.1231,4014,137,1.76,412,5.28
2026-09-11T11:50:28.125,1789107628.1251,4015,-143,-1.83,510,6.54
2026-09-11T11:50:28.130,1789107628.1301,4016,293,3.76,510,6.54
2026-09-11T11:50:28.132,1789107628.1322,4017,372,4.77,515,6.6
2026-09-11T11:50:28.134,1789107628.1342,4018,119,1.53,515,6.6
2026-09-11T11:50:28.139,1789107628.1392,4019,-150,-1.92,522,6.69
2026-09-11T11:50:28.143,1789107628.1432,4020,339,4.35,522,6.69
2026-09-11T11:50:28.151,1789107628.1516,4021,361,4.63,511,6.55
2026-09-11T11:50:28.153,1789107628.1536,4022,88,1.13,511,6.55
2026-09-11T11:50:28.157,1789107628.1576,4023,-133,-1.71,494,6.33
2026-09-11T11:50:28.168,1789107628.1686,4024,32,0.41,494,6.33
2026-09-11T11:50:28.168,1789107628.1686,4025,323,4.14,456,5.85
2026-09-11T11:50:28.173,1789107628.1736,4026,29,0.37,456,5.85
2026-09-11T11:50:28.184,1789107628.1845,4027,-139,-1.78,462,5.92
2026-09-11T11:50:28.191,1789107628.1917,4028,50,0.64,462,5.92
2026-09-11T11:50:28.197,1789107628.1977,4029,304,3.9,443,5.68
2026-09-11T11:50:28.198,1789107628.1987,4030,-29,-0.37,443,5.68
2026-09-11T11:50:28.201,1789107628.2012,4031,-141,-1.81,445,5.71
2026-09-11T11:50:28.205,1789107628.2054,4032,52,0.67,445,5.71
2026-09-11T11:50:28.211,1789107628.2114,4033,355,4.55,496,6.36
2026-09-11T11:50:28.220,1789107628.2205,4034,-63,-0.81,496,6.36
2026-09-11T11:50:28.226,1789107628.2267,4035,-139,-1.78,494,6.33
2026-09-11T11:50:28.229,1789107628.2297,4036,54,0.69,494,6.33
2026-09-11T11:50:28.236,1789107628.2362,4037,377,4.83,516,6.62
2026-09-11T11:50:28.238,1789107628.2382,4038,-97,-1.24,516,6.62
2026-09-11T11:50:28.243,1789107628.2432,4039,-117,-1.5,494,6.33
2026-09-11T11:50:28.245,1789107628.2452,4040,80,1.03,494,6.33
2026-09-11T11:50:28.246,1789107628.2462,4041,364,4.67,481,6.17
2026-09-11T11:50:28.253,1789107628.2533,4042,210,2.69,481,6.17
2026-09-11T11:50:28.261,1789107628.2613,4043,-130,-1.67,494,6.33
2026-09-11T11:50:28.268,1789107628.2681,4044,114,1.46,494,6.33
2026-09-11T11:50:28.271,1789107628.2716,4045,346,4.44,476,6.1
2026-09-11T11:50:28.277,1789107628.2773,4046,173,2.22,476,6.1
2026-09-11T11:50:28.281,1789107628.2813,4047,-107,-1.37,453,5.81
2026-09-11T11:50:28.282,1789107628.2827,4048,141,1.81,453,5.81
2026-09-11T11:50:28.291,1789107628.2917,4049,344,4.41,451,5.78
2026-09-11T11:50:28.293,1789107628.2937,4050,131,1.68,451,5.78
2026-09-11T11:50:28.303,1789107628.3035,4051,-109,-1.4,453,5.81
2026-09-11T11:50:28.307,1789107628.3075,4052,172,2.21,453,5.81
2026-09-11T11:50:28.310,1789107628.3105,4053,323,4.14,432,5.54
2026-09-11T11:50:28.317,1789107628.3176,4054,94,1.21,432,5.54
2026-09-11T11:50:28.321,1789107628.3213,4055,-211,-2.71,534,6.85
2026-09-11T11:50:28.326,1789107628.3264,4056,199,2.55,534,6.85
2026-09-11T11:50:28.328,1789107628.3284,4057,294,3.77,505,6.47
2026-09-11T11:50:28.335,1789107628.3355,4058,57,0.73,505,6.47
2026-09-11T11:50:28.336,1789107628.3365,4059,-231,-2.96,525,6.73
2026-09-11T11:50:28.341,1789107628.3415,4060,238,3.05,525,6.73
2026-09-11T11:50:28.347,1789107628.3479,4061,265,3.4,496,6.36
2026-09-11T11:50:28.349,1789107628.3499,4062,-4,-0.05,496,6.36
2026-09-11T11:50:28.358,1789107628.3581,4063,-236,-3.03,501,6.42
2026-09-11T11:50:28.379,1789107628.3796,4064,-75,-0.96,501,6.42
2026-09-11T11:50:28.381,1789107628.3818,4065,252,3.23,488,6.26
2026-09-11T11:50:28.385,1789107628.3858,4066,-45,-0.58,488,6.26
2026-09-11T11:50:28.391,1789107628.3918,4067,-253,-3.24,505,6.47
2026-09-11T11:50:28.396,1789107628.3968,4068,-52,-0.67,505,6.47
2026-09-11T11:50:28.400,1789107628.4003,4069,203,2.6,456,5.85
2026-09-11T11:50:28.407,1789107628.4074,4070,-85,-1.09,456,5.85
2026-09-11T11:50:28.409,1789107628.4094,4071,-249,-3.19,452,5.79
2026-09-11T11:50:28.416,1789107628.4166,4072,-60,-0.77,452,5.79
2026-09-11T11:50:28.418,1789107628.4186,4073,264,3.38,513,6.58
2026-09-11T11:50:28.426,1789107628.4266,4074,-146,-1.87,513,6.58
2026-09-11T11:50:28.427,1789107628.4275,4075,-249,-3.19,513,6.58
2026-09-11T11:50:28.429,1789107628.4295,4076,-44,-0.56,513,6.58
2026-09-11T11:50:28.432,1789107628.4327,4077,272,3.49,521,6.68
2026-09-11T11:50:28.435,1789107628.4357,4078,-190,-2.44,521,6.68
2026-09-11T11:50:28.438,1789107628.4387,4079,-225,-2.88,497,6.37
2026-09-11T11:50:28.442,1789107628.4427,4080,-28,-0.36,497,6.37
2026-09-11T11:50:28.448,1789107628.4487,4081,280,3.59,505,6.47
2026-09-11T11:50:28.455,1789107628.4559,4082,135,1.73,505,6.47
2026-09-11T11:50:28.457,1789107628.4579,4083,-201,-2.58,481,6.17
2026-09-11T11:50:28.468,1789107628.4680,4084,16,0.21,481,6.17
2026-09-11T11:50:28.472,1789107628.4729,4085,276,3.54,477,6.12
2026-09-11T11:50:28.476,1789107628.4769,4086,103,1.32,477,6.12
2026-09-11T11:50:28.478,1789107628.4789,4087,-205,-2.63,481,6.17
2026-09-11T11:50:28.489,1789107628.4897,4088,40,0.51,481,6.17
2026-09-11T11:50:28.493,1789107628.4937,4089,272,3.49,477,6.12
2026-09-11T11:50:28.495,1789107628.4957,4090,71,0.91,477,6.12
2026-09-11T11:50:28.501,1789107628.5012,4091,-168,-2.15,440,5.64
2026-09-11T11:50:28.503,1789107628.5034,4092,80,1.03,440,5.64
2026-09-11T11:50:28.511,1789107628.5114,4093,260,3.33,428,5.49
2026-09-11T11:50:28.518,1789107628.5183,4094,47,0.6,428,5.49
2026-09-11T11:50:28.519,1789107628.5196,4095,-257,-3.29,517,6.63
2026-09-11T11:50:28.523,1789107628.5238,4096,112,1.44,517,6.63
2026-09-11T11:50:28.526,1789107628.5268,4097,244,3.13,501,6.42
2026-09-11T11:50:28.533,1789107628.5331,4098,23,0.29,501,6.42
2026-09-11T11:50:28.536,1789107628.5361,4099,-281,-3.6,525,6.73
2026-09-11T11:50:28.557,1789107628.5573,4100,153,1.96,525,6.73
2026-09-11T11:50:28.561,1789107628.5613,4101,244,3.13,525,6.73
2026-09-11T11:50:28.563,1789107628.5634,4102,-33,-0.42,525,6.73
2026-09-11T11:50:28.567,1789107628.5674,4103,-293,-3.76,537,6.88
2026-09-11T11:50:28.577,1789107628.5775,4104,-128,-1.64,537,6.88
2026-09-11T11:50:28.581,1789107628.5812,4105,220,2.82,513,6.58
2026-09-11T11:50:28.585,1789107628.5853,4106,-65,-0.83,513,6.58
2026-09-11T11:50:28.589,1789107628.5893,4107,-300,-3.85,520,6.67
2026-09-11T11:50:28.592,1789107628.5923,4108,-107,-1.37,520,6.67
2026-09-11T11:50:28.598,1789107628.5983,4109,192,2.46,492,6.31
2026-09-11T11:50:28.600,1789107628.6003,4110,-108,-1.38,492,6.31
2026-09-11T11:50:28.601,1789107628.6013,4111,-300,-3.85,492,6.31
2026-09-11T11:50:28.604,1789107628.6045,4112,-115,-1.47,492,6.31
2026-09-11T11:50:28.607,1789107628.6075,4113,214,2.74,514,6.59
2026-09-11T11:50:28.619,1789107628.6196,4114,-160,-2.05,514,6.59
2026-09-11T11:50:28.621,1789107628.6220,4115,-287,-3.68,501,6.42
2026-09-11T11:50:28.624,1789107628.6250,4116,-98,-1.26,501,6.42
2026-09-11T11:50:28.628,1789107628.6290,4117,210,2.69,497,6.37
2026-09-11T11:50:28.634,1789107628.6341,4118,-207,-2.65,497,6.37
2026-09-11T11:50:28.637,1789107628.6371,4119,-294,-3.77,504,6.46
2026-09-11T11:50:28.643,1789107628.6431,4120,-81,-1.04,504,6.46
2026-09-11T11:50:28.650,1789107628.6501,4121,223,2.86,517,6.63
2026-09-11T11:50:28.651,1789107628.6511,4122,114,1.46,517,6.63
2026-09-11T11:50:28.660,1789107628.6609,4123,-281,-3.6,504,6.46
2026-09-11T11:50:28.674,1789107628.6749,4124,-52,-0.67,504,6.46
2026-09-11T11:50:28.678,1789107628.6781,4125,232,2.97,513,6.58
2026-09-11T11:50:28.679,1789107628.6797,4126,79,1.01,513,6.58
2026-09-11T11:50:28.680,1789107628.6808,4127,-232,-2.97,464,5.95
2026-09-11T11:50:28.683,1789107628.6839,4128,-27,-0.35,464,5.95
2026-09-11T11:50:28.687,1789107628.6879,4129,233,2.99,465,5.96
2026-09-11T11:50:28.694,1789107628.6949,4130,68,0.87,465,5.96
2026-09-11T11:50:28.697,1789107628.6979,4131,-231,-2.96,464,5.95
2026-09-11T11:50:28.702,1789107628.7028,4132,30,0.38,464,5.95
2026-09-11T11:50:28.707,1789107628.7077,4133,242,3.1,473,6.06
2026-09-11T11:50:28.714,1789107628.7147,4134,29,0.37,473,6.06
2026-09-11T11:50:28.718,1789107628.7187,4135,-299,-3.83,541,6.94
2026-09-11T11:50:28.721,1789107628.7217,4136,79,1.01,541,6.94
2026-09-11T11:50:28.736,1789107628.7363,4137,230,2.95,529,6.78
2026-09-11T11:50:28.740,1789107628.7403,4138,9,0.12,529,6.78
2026-09-11T11:50:28.744,1789107628.7443,4139,-311,-3.99,541,6.94
2026-09-11T11:50:28.747,1789107628.7473,4140,119,1.53,541,6.94
2026-09-11T11:50:28.750,1789107628.7503,4141,223,2.86,534,6.85
2026-09-11T11:50:28.757,1789107628.7570,4142,-10,-0.13,534,6.85
2026-09-11T11:50:28.761,1789107628.7610,4143,-302,-3.87,525,6.73
2026-09-11T11:50:28.769,1789107628.7692,4144,-157,-2.01,525,6.73
2026-09-11T11:50:28.774,1789107628.7742,4145,203,2.6,505,6.47
2026-09-11T11:50:28.781,1789107628.7812,4146,-50,-0.64,505,6.47
2026-09-11T11:50:28.783,1789107628.7833,4147,-314,-4.03,517,6.63
2026-09-11T11:50:28.787,1789107628.7873,4148,-116,-1.49,517,6.63
2026-09-11T11:50:28.790,1789107628.7903,4149,195,2.5,509,6.53
2026-09-11T11:50:28.793,1789107628.7933,4150,-89,-1.14,509,6.53
2026-09-11T11:50:28.799,1789107628.7993,4151,-301,-3.86,496,6.36
2026-09-11T11:50:28.800,1789107628.8003,4152,-112,-1.44,496,6.36
2026-09-11T11:50:28.809,1789107628.8090,4153,217,2.78,518,6.64
2026-09-11T11:50:28.819,1789107628.8192,4154,-133,-1.71,518,6.64
2026-09-11T11:50:28.821,1789107628.8212,4155,-272,-3.49,489,6.27
2026-09-11T11:50:28.827,1789107628.8273,4156,-87,-1.12,489,6.27
2026-09-11T11:50:28.832,1789107628.8324,4157,233,2.99,505,6.47
2026-09-11T11:50:28.836,1789107628.8364,4158,-177,-2.27,505,6.47
2026-09-11T11:50:28.839,1789107628.8394,4159,-280,-3.59,513,6.58
2026-09-11T11:50:28.850,1789107628.8505,4160,-71,-0.91,513,6.58
2026-09-11T11:50:28.854,1789107628.8546,4161,237,3.04,517,6.63
2026-09-11T11:50:28.857,1789107628.8577,4162,145,1.86,517,6.63
2026-09-11T11:50:28.859,1789107628.8596,4163,-255,-3.27,492,6.31
2026-09-11T11:50:28.866,1789107628.8668,4164,-46,-0.59,492,6.31
2026-09-11T11:50:28.868,1789107628.8688,4165,254,3.26,509,6.53
2026-09-11T11:50:28.877,1789107628.8779,4166,121,1.55,509,6.53
2026-09-11T11:50:28.880,1789107628.8809,4167,-243,-3.12,497,6.37
2026-09-11T11:50:28.880,1789107628.8809,4168,-10,-0.13,497,6.37
2026-09-11T11:50:28.888,1789107628.8881,4169,258,3.31,501,6.42
2026-09-11T11:50:28.890,1789107628.8900,4170,105,1.35,501,6.42
2026-09-11T11:50:28.898,1789107628.8981,4171,-214,-2.74,472,6.05
2026-09-11T11:50:28.912,1789107628.9122,4172,31,0.4,472,6.05
2026-09-11T11:50:28.916,1789107628.9162,4173,255,3.27,469,6.01
2026-09-11T11:50:28.925,1789107628.9253,4174,70,0.9,469,6.01
2026-09-11T11:50:28.927,1789107628.9273,4175,-267,-3.42,522,6.69
2026-09-11T11:50:28.931,1789107628.9313,4176,67,0.86,522,6.69
2026-09-11T11:50:28.936,1789107628.9365,4177,255,3.27,522,6.69
2026-09-11T11:50:28.940,1789107628.9405,4178,42,0.54,522,6.69
2026-09-11T11:50:28.944,1789107628.9445,4179,-270,-3.46,525,6.73
2026-09-11T11:50:28.947,1789107628.9475,4180,103,1.32,525,6.73
2026-09-11T11:50:28.952,1789107628.9523,4181,235,3.01,505,6.47
2026-09-11T11:50:28.954,1789107628.9545,4182,14,0.18,505,6.47
2026-09-11T11:50:28.961,1789107628.9617,4183,-282,-3.62,517,6.63
2026-09-11T11:50:28.968,1789107628.9687,4184,-145,-1.86,517,6.63
2026-09-11T11:50:28.970,1789107628.9707,4185,203,2.6,485,6.22
2026-09-11T11:50:28.976,1789107628.9769,4186,6,0.08,485,6.22
2026-09-11T11:50:28.978,1789107628.9789,4187,-70,-0.9,348,4.46
2026-09-11T11:50:28.986,1789107628.9860,4188,-73,-0.94,276,3.54
2026-09-11T11:50:28.988,1789107628.9880,4189,-224,-2.87,230,2.95
2026-09-11T11:50:28.995,1789107628.9950,4190,-83,-1.06,154,1.97
2026-09-11T11:50:29.001,1789107629.0010,4191,97,1.24,321,4.12
2026-09-11T11:50:29.004,1789107629.0043,4192,-92,-1.18,321,4.12
2026-09-11T11:50:29.011,1789107629.0113,4193,-523,-6.71,620,7.95
2026-09-11T11:50:29.019,1789107629.0194,4194,-15,-0.19,620,7.95
2026-09-11T11:50:29.026,1789107629.0265,4195,289,3.71,812,10.41
2026-09-11T11:50:29.029,1789107629.0295,4196,-44,-0.56,812,10.41
2026-09-11T11:50:29.032,1789107629.0328,4197,-620,-7.95,909,11.65
2026-09-11T11:50:29.033,1789107629.0338,4198,113,1.45,909,11.65
2026-09-11T11:50:29.040,1789107629.0408,4199,332,4.26,952,12.21
2026-09-11T11:50:29.044,1789107629.0448,4200,-41,-0.53,952,12.21
2026-09-11T11:50:29.047,1789107629.0478,4201,-669,-8.58,1001,12.83
2026-09-11T11:50:29.056,1789107629.0560,4202,-486,-6.23,1001,12.83
2026-09-11T11:50:29.056,1789107629.0560,4203,355,4.55,1024,13.13
2026-09-11T11:50:29.066,1789107629.0670,4204,-55,-0.71,1024,13.13
2026-09-11T11:50:29.071,1789107629.0720,4205,-691,-8.86,1046,13.41
2026-09-11T11:50:29.072,1789107629.0725,4206,-432,-5.54,1046,13.41
2026-09-11T11:50:29.085,1789107629.0850,4207,337,4.32,1028,13.18
2026-09-11T11:50:29.091,1789107629.0918,4208,-89,-1.14,1028,13.18
2026-09-11T11:50:29.095,1789107629.0958,4209,-692,-8.87,1029,13.19
2026-09-11T11:50:29.099,1789107629.0998,4210,-374,-4.79,1029,13.19
2026-09-11T11:50:29.101,1789107629.1013,4211,291,3.73,983,12.6
2026-09-11T11:50:29.102,1789107629.1025,4212,-163,-2.09,983,12.6
2026-09-11T11:50:29.113,1789107629.1134,4213,-666,-8.54,957,12.27
2026-09-11T11:50:29.123,1789107629.1236,4214,-291,-3.73,957,12.27
2026-09-11T11:50:29.126,1789107629.1266,4215,382,4.9,1048,13.44
2026-09-11T11:50:29.134,1789107629.1348,4216,-233,-2.99,1048,13.44
2026-09-11T11:50:29.137,1789107629.1378,4217,-588,-7.54,970,12.44
2026-09-11T11:50:29.140,1789107629.1408,4218,-209,-2.68,970,12.44
2026-09-11T11:50:29.144,1789107629.1448,4219,299,3.83,887,11.37
2026-09-11T11:50:29.145,1789107629.1458,4220,-266,-3.41,887,11.37
2026-09-11T11:50:29.147,1789107629.1478,4221,-409,-5.24,708,9.08
2026-09-11T11:50:29.149,1789107629.1498,4222,-127,-1.63,708,9.08
2026-09-11T11:50:29.158,1789107629.1584,4223,149,1.91,558,7.15
2026-09-11T11:50:29.169,1789107629.1695,4224,-4,-0.05,558,7.15
2026-09-11T11:50:29.170,1789107629.1709,4225,-279,-3.58,428,5.49
2026-09-11T11:50:29.176,1789107629.1769,4226,-93,-1.19,428,5.49
2026-09-11T11:50:29.179,1789107629.1799,4227,27,0.35,306,3.92
2026-09-11T11:50:29.187,1789107629.1871,4228,-105,-1.35,306,3.92
2026-09-11T11:50:29.189,1789107629.1891,4229,-188,-2.41,215,2.76
2026-09-11T11:50:29.195,1789107629.1951,4230,-91,-1.17,215,2.76
2026-09-11T11:50:29.200,1789107629.2001,4231,-163,-2.09,97,1.24
2026-09-11T11:50:29.201,1789107629.2016,4232,-198,-2.54,107,1.37
2026-09-11T11:50:29.212,1789107629.2121,4233,-41,-0.53,157,2.01
2026-09-11T11:50:29.218,1789107629.2181,4234,-145,-1.86,157,2.01
2026-09-11T11:50:29.220,1789107629.2201,4235,-329,-4.22,288,3.69
2026-09-11T11:50:29.225,1789107629.2252,4236,-176,-2.26,288,3.69
2026-09-11T11:50:29.229,1789107629.2292,4237,125,1.6,454,5.82
2026-09-11T11:50:29.233,1789107629.2334,4238,-136,-1.74,454,5.82
2026-09-11T11:50:29.240,1789107629.2404,4239,-299,-3.83,424,5.44
2026-09-11T11:50:29.241,1789107629.2415,4240,-94,-1.21,424,5.44
2026-09-11T11:50:29.247,1789107629.2474,4241,202,2.59,501,6.42
2026-09-11T11:50:29.252,1789107629.2527,4242,169,2.17,501,6.42
2026-09-11T11:50:29.255,1789107629.2557,4243,-239,-3.06,441,5.65
2026-09-11T11:50:29.282,1789107629.2822,4244,-42,-0.54,441,5.65
2026-09-11T11:50:29.284,1789107629.2843,4245,266,3.41,505,6.47
2026-09-11T11:50:29.285,1789107629.2853,4246,193,2.47,505,6.47
2026-09-11T11:50:29.289,1789107629.2893,4247,-207,-2.65,473,6.06
2026-09-11T11:50:29.295,1789107629.2953,4248,-2,-0.03,473,6.06
2026-09-11T11:50:29.300,1789107629.3003,4249,318,4.08,525,6.73
2026-09-11T11:50:29.305,1789107629.3050,4250,185,2.37,525,6.73
2026-09-11T11:50:29.311,1789107629.3110,4251,-167,-2.14,485,6.22
2026-09-11T11:50:29.313,1789107629.3132,4252,57,0.73,485,6.22
2026-09-11T11:50:29.320,1789107629.3202,4253,337,4.32,504,6.46
2026-09-11T11:50:29.327,1789107629.3273,4254,172,2.21,504,6.46
2026-09-11T11:50:29.329,1789107629.3293,4255,-173,-2.22,510,6.54
2026-09-11T11:50:29.331,1789107629.3313,4256,96,1.23,510,6.54
2026-09-11T11:50:29.332,1789107629.3324,4257,328,4.21,501,6.42
2026-09-11T11:50:29.334,1789107629.3344,4258,151,1.94,501,6.42
2026-09-11T11:50:29.336,1789107629.3364,4259,-182,-2.33,510,6.54
2026-09-11T11:50:29.343,1789107629.3434,4260,147,1.88,510,6.54
2026-09-11T11:50:29.352,1789107629.3524,4261,335,4.29,517,6.63
2026-09-11T11:50:29.354,1789107629.3545,4262,137,1.76,517,6.63
2026-09-11T11:50:29.361,1789107629.3618,4263,-187,-2.4,522,6.69
2026-09-11T11:50:29.365,1789107629.3658,4264,-86,-1.1,522,6.69
2026-09-11T11:50:29.371,1789107629.3719,4265,321,4.12,508,6.51
2026-09-11T11:50:29.374,1789107629.3749,4266,112,1.44,508,6.51
2026-09-11T11:50:29.382,1789107629.3821,4267,-197,-2.53,518,6.64
2026-09-11T11:50:29.385,1789107629.3851,4268,-64,-0.82,518,6.64
2026-09-11T11:50:29.395,1789107629.3951,4269,327,4.19,524,6.72
2026-09-11T11:50:29.399,1789107629.3991,4270,78,1.0,524,6.72
2026-09-11T11:50:29.401,1789107629.4011,4271,-202,-2.59,529,6.78
2026-09-11T11:50:29.403,1789107629.4032,4272,-49,-0.63,529,6.78
2026-09-11T11:50:29.407,1789107629.4072,4273,255,3.27,457,5.86
2026-09-11T11:50:29.417,1789107629.4179,4274,33,0.42,457,5.86
2026-09-11T11:50:29.420,1789107629.4209,4275,-219,-2.81,474,6.08
2026-09-11T11:50:29.424,1789107629.4243,4276,-31,-0.4,474,6.08
2026-09-11T11:50:29.426,1789107629.4263,4277,286,3.67,505,6.47
2026-09-11T11:50:29.432,1789107629.4327,4278,-9,-0.12,505,6.47
2026-09-11T11:50:29.437,1789107629.4377,4279,-209,-2.68,495,6.35
2026-09-11T11:50:29.440,1789107629.4407,4280,-20,-0.26,495,6.35
2026-09-11T11:50:29.457,1789107629.4576,4281,304,3.9,513,6.58
2026-09-11T11:50:29.462,1789107629.4625,4282,271,3.47,513,6.58
2026-09-11T11:50:29.465,1789107629.4656,4283,-206,-2.64,510,6.54
2026-09-11T11:50:29.470,1789107629.4706,4284,-13,-0.17,510,6.54
2026-09-11T11:50:29.471,1789107629.4716,4285,323,4.14,529,6.78
2026-09-11T11:50:29.479,1789107629.4797,4286,226,2.9,529,6.78
2026-09-11T11:50:29.483,1789107629.4836,4287,-179,-2.29,502,6.44
2026-09-11T11:50:29.487,1789107629.4871,4288,10,0.13,502,6.44
2026-09-11T11:50:29.491,1789107629.4911,4289,326,4.18,505,6.47
2026-09-11T11:50:29.494,1789107629.4941,4290,213,2.73,505,6.47
2026-09-11T11:50:29.498,1789107629.4981,4291,-180,-2.31,506,6.49
2026-09-11T11:50:29.505,1789107629.5052,4292,13,0.17,506,6.49
2026-09-11T11:50:29.508,1789107629.5082,4293,317,4.06,497,6.37
2026-09-11T11:50:29.519,1789107629.5194,4294,172,2.21,497,6.37
2026-09-11T11:50:29.521,1789107629.5214,4295,-173,-2.22,490,6.28
2026-09-11T11:50:29.525,1789107629.5256,4296,60,0.77,490,6.28
2026-09-11T11:50:29.527,1789107629.5276,4297,308,3.95,481,6.17
2026-09-11T11:50:29.535,1789107629.5357,4298,155,1.99,481,6.17
2026-09-11T11:50:29.537,1789107629.5377,4299,-206,-2.64,514,6.59
2026-09-11T11:50:29.544,1789107629.5447,4300,104,1.33,514,6.59
2026-09-11T11:50:29.546,1789107629.5467,4301,299,3.83,505,6.47
2026-09-11T11:50:29.553,1789107629.5539,4302,130,1.67,505,6.47
2026-09-11T11:50:29.560,1789107629.5609,4303,-210,-2.69,509,6.53
2026-09-11T11:50:29.565,1789107629.5650,4304,-129,-1.65,509,6.53
2026-09-11T11:50:29.575,1789107629.5751,4305,306,3.92,516,6.62
2026-09-11T11:50:29.578,1789107629.5781,4306,93,1.19,516,6.62
2026-09-11T11:50:29.580,1789107629.5801,4307,-219,-2.81,525,6.73
2026-09-11T11:50:29.582,1789107629.5822,4308,-118,-1.51,525,6.73
2026-09-11T11:50:29.591,1789107629.5912,4309,301,3.86,520,6.67
2026-09-11T11:50:29.593,1789107629.5932,4310,64,0.82,520,6.67
2026-09-11T11:50:29.601,1789107629.6012,4311,-228,-2.92,529,6.78
2026-09-11T11:50:29.603,1789107629.6035,4312,-83,-1.06,529,6.78
2026-09-11T11:50:29.605,1789107629.6055,4313,229,2.94,457,5.86
2026-09-11T11:50:29.617,1789107629.6172,4314,15,0.19,457,5.86
2026-09-11T11:50:29.618,1789107629.6190,4315,-233,-2.99,462,5.92
2026-09-11T11:50:29.622,1789107629.6222,4316,-76,-0.97,462,5.92
2026-09-11T11:50:29.634,1789107629.6345,4317,244,3.13,477,6.12
2026-09-11T11:50:29.639,1789107629.6395,4318,-10,-0.13,477,6.12
2026-09-11T11:50:29.643,1789107629.6435,4319,-230,-2.95,474,6.08
2026-09-11T11:50:29.646,1789107629.6465,4320,-53,-0.68,474,6.08
2026-09-11T11:50:29.648,1789107629.6485,4321,264,3.38,494,6.33
2026-09-11T11:50:29.652,1789107629.6527,4322,239,3.06,494,6.33
2026-09-11T11:50:29.661,1789107629.6619,4323,-234,-3.0,498,6.38
2026-09-11T11:50:29.674,1789107629.6741,4324,-41,-0.53,498,6.38
2026-09-11T11:50:29.681,1789107629.6815,4325,279,3.58,513,6.58
2026-09-11T11:50:29.684,1789107629.6842,4326,218,2.79,513,6.58
2026-09-11T11:50:29.685,1789107629.6852,4327,-223,-2.86,502,6.44
2026-09-11T11:50:29.688,1789107629.6882,4328,-30,-0.38,502,6.44
2026-09-11T11:50:29.692,1789107629.6922,4329,290,3.72,513,6.58
2026-09-11T11:50:29.694,1789107629.6942,4330,201,2.58,513,6.58
2026-09-11T11:50:29.696,1789107629.6962,4331,-151,-1.94,441,5.65
2026-09-11T11:50:29.703,1789107629.7035,4332,-6,-0.08,441,5.65
2026-09-11T11:50:29.710,1789107629.7105,4333,290,3.72,441,5.65
2026-09-11T11:50:29.718,1789107629.7186,4334,169,2.17,441,5.65
2026-09-11T11:50:29.720,1789107629.7206,4335,-184,-2.36,474,6.08
2026-09-11T11:50:29.722,1789107629.7227,4336,14,0.18,474,6.08
2026-09-11T11:50:29.729,1789107629.7297,4337,302,3.87,486,6.23
2026-09-11T11:50:29.730,1789107629.7307,4338,128,1.64,486,6.23
2026-09-11T11:50:29.739,1789107629.7399,4339,-208,-2.67,510,6.54
2026-09-11T11:50:29.749,1789107629.7499,4340,41,0.53,510,6.54
2026-09-11T11:50:29.751,1789107629.7519,4341,293,3.76,501,6.42
2026-09-11T11:50:29.754,1789107629.7550,4342,108,1.38,501,6.42
2026-09-11T11:50:29.760,1789107629.7610,4343,-212,-2.72,505,6.47
2026-09-11T11:50:29.767,1789107629.7671,4344,-171,-2.19,505,6.47
2026-09-11T11:50:29.771,1789107629.7715,4345,277,3.55,489,6.27
2026-09-11T11:50:29.776,1789107629.7765,4346,92,1.18,489,6.27
2026-09-11T11:50:29.779,1789107629.7795,4347,-245,-3.14,522,6.69
2026-09-11T11:50:29.781,1789107629.7815,4348,-156,-2.0,522,6.69
2026-09-11T11:50:29.788,1789107629.7885,4349,284,3.64,529,6.78
2026-09-11T11:50:29.790,1789107629.7905,4350,59,0.76,529,6.78
2026-09-11T11:50:29.797,1789107629.7975,4351,-249,-3.19,533,6.83
2026-09-11T11:50:29.814,1789107629.8147,4352,-124,-1.59,533,6.83
2026-09-11T11:50:29.818,1789107629.8187,4353,177,2.27,426,5.46
2026-09-11T11:50:29.823,1789107629.8239,4354,23,0.29,426,5.46
2026-09-11T11:50:29.827,1789107629.8279,4355,-277,-3.55,454,5.82
2026-09-11T11:50:29.829,1789107629.8299,4356,-112,-1.44,454,5.82
2026-09-11T11:50:29.833,1789107629.8340,4357,212,2.72,489,6.27
2026-09-11T11:50:29.837,1789107629.8380,4358,-21,-0.27,489,6.27
2026-09-11T11:50:29.843,1789107629.8440,4359,-269,-3.45,481,6.17
2026-09-11T11:50:29.849,1789107629.8500,4360,-96,-1.23,481,6.17
2026-09-11T11:50:29.853,1789107629.8532,4361,208,2.67,477,6.12
2026-09-11T11:50:29.861,1789107629.8612,4362,235,3.01,504,6.46
2026-09-11T11:50:29.865,1789107629.8653,4363,-273,-3.5,508,6.51
2026-09-11T11:50:29.871,1789107629.8712,4364,-64,-0.82,508,6.51
2026-09-11T11:50:29.872,1789107629.8729,4365,236,3.03,509,6.53
2026-09-11T11:50:29.876,1789107629.8766,4366,199,2.55,509,6.53
2026-09-11T11:50:29.879,1789107629.8793,4367,-261,-3.35,497,6.37
2026-09-11T11:50:29.881,1789107629.8813,4368,-56,-0.72,497,6.37
2026-09-11T11:50:29.889,1789107629.8891,4369,260,3.33,521,6.68
2026-09-11T11:50:29.897,1789107629.8972,4370,179,2.29,521,6.68
2026-09-11T11:50:29.899,1789107629.8992,4371,-158,-2.03,418,5.36
2026-09-11T11:50:29.904,1789107629.9048,4372,-52,-0.67,418,5.36
2026-09-11T11:50:29.906,1789107629.9068,4373,264,3.38,422,5.41
2026-09-11T11:50:29.917,1789107629.9171,4374,159,2.04,422,5.41
2026-09-11T11:50:29.920,1789107629.9201,4375,-182,-2.33,446,5.72
2026-09-11T11:50:29.929,1789107629.9293,4376,-20,-0.26,446,5.72
2026-09-11T11:50:29.933,1789107629.9336,4377,276,3.54,458,5.87
2026-09-11T11:50:29.934,1789107629.9346,4378,139,1.78,458,5.87
2026-09-11T11:50:29.940,1789107629.9406,4379,-218,-2.79,494,6.33
2026-09-11T11:50:29.942,1789107629.9426,4380,4,0.05,494,6.33
2026-09-11T11:50:29.949,1789107629.9496,4381,276,3.54,494,6.33
2026-09-11T11:50:29.955,1789107629.9558,4382,107,1.37,494,6.33
2026-09-11T11:50:29.958,1789107629.9588,4383,-233,-2.99,509,6.53
2026-09-11T11:50:29.967,1789107629.9675,4384,-189,-2.42,509,6.53
2026-09-11T11:50:29.968,1789107629.9683,4385,284,3.64,517,6.63
2026-09-11T11:50:29.974,1789107629.9746,4386,79,1.01,517,6.63
2026-09-11T11:50:29.976,1789107629.9767,4387,-245,-3.14,529,6.78
2026-09-11T11:50:29.991,1789107629.9919,4388,-169,-2.17,529,6.78
2026-09-11T11:50:29.995,1789107629.9959,4389,276,3.54,521,6.68
2026-09-11T11:50:29.997,1789107629.9979,4390,55,0.71,521,6.68
2026-09-11T11:50:30.001,1789107630.0019,4391,-262,-3.36,538,6.9
2026-09-11T11:50:30.004,1789107630.0049,4392,-133,-1.71,538,6.9
2026-09-11T11:50:30.013,1789107630.0130,4393,120,1.54,382,4.9
2026-09-11T11:50:30.022,1789107630.0222,4394,51,0.65,382,4.9
2026-09-11T11:50:30.029,1789107630.0292,4395,22,0.28,253,3.24
2026-09-11T11:50:30.031,1789107630.0312,4396,26,0.33,98,1.26
2026-09-11T11:50:30.038,1789107630.0383,4397,-106,-1.36,157,2.01
2026-09-11T11:50:30.041,1789107630.0413,4398,23,0.29,132,1.69
2026-09-11T11:50:30.045,1789107630.0453,4399,255,3.27,361,4.63
2026-09-11T11:50:30.048,1789107630.0483,4400,42,0.54,361,4.63
2026-09-11T11:50:30.049,1789107630.0493,4401,-374,-4.79,629,8.06
2026-09-11T11:50:30.051,1789107630.0513,4402,-452,-5.79,707,9.06
2026-09-11T11:50:30.058,1789107630.0585,4403,369,4.73,821,10.53
2026-09-11T11:50:30.066,1789107630.0666,4404,24,0.31,821,10.53
2026-09-11T11:50:30.068,1789107630.0686,4405,-608,-7.79,977,12.53
2026-09-11T11:50:30.073,1789107630.0738,4406,-598,-7.67,977,12.53
2026-09-11T11:50:30.079,1789107630.0798,4407,412,5.28,1020,13.08
2026-09-11T11:50:30.081,1789107630.0820,4408,-5,-0.06,1020,13.08
2026-09-11T11:50:30.088,1789107630.0890,4409,-705,-9.04,1117,14.32
2026-09-11T11:50:30.091,1789107630.0920,4410,-607,-7.78,1117,14.32
2026-09-11T11:50:30.098,1789107630.0990,4411,152,1.95,857,10.99
2026-09-11T11:50:30.108,1789107630.1089,4412,-18,-0.23,857,10.99
2026-09-11T11:50:30.113,1789107630.1131,4413,-750,-9.62,902,11.56
2026-09-11T11:50:30.119,1789107630.1191,4414,-547,-7.01,902,11.56
2026-09-11T11:50:30.123,1789107630.1233,4415,251,3.22,1001,12.83
2026-09-11T11:50:30.126,1789107630.1263,4416,-52,-0.67,1001,12.83
2026-09-11T11:50:30.128,1789107630.1283,4417,-755,-9.68,1006,12.9
2026-09-11T11:50:30.136,1789107630.1365,4418,-465,-5.96,1006,12.9
2026-09-11T11:50:30.138,1789107630.1385,4419,337,4.32,1092,14.0
2026-09-11T11:50:30.142,1789107630.1425,4420,-110,-1.41,1092,14.0
2026-09-11T11:50:30.145,1789107630.1455,4421,-757,-9.71,1094,14.03
2026-09-11T11:50:30.152,1789107630.1525,4422,-406,-5.21,1094,14.03
2026-09-11T11:50:30.157,1789107630.1575,4423,411,5.27,1168,14.97
2026-09-11T11:50:30.173,1789107630.1738,4424,342,4.38,1168,14.97
2026-09-11T11:50:30.175,1789107630.1758,4425,-747,-9.58,1158,14.85
2026-09-11T11:50:30.181,1789107630.1819,4426,-336,-4.31,1158,14.85
2026-09-11T11:50:30.182,1789107630.1829,4427,429,5.5,1176,15.08
2026-09-11T11:50:30.185,1789107630.1859,4428,276,3.54,1176,15.08
2026-09-11T11:50:30.190,1789107630.1910,4429,-716,-9.18,1145,14.68
2026-09-11T11:50:30.196,1789107630.1970,4430,-253,-3.24,1145,14.68
2026-09-11T11:50:30.203,1789107630.2030,4431,428,5.49,1144,14.67
2026-09-11T11:50:30.207,1789107630.2071,4432,186,2.38,1144,14.67
2026-09-11T11:50:30.211,1789107630.2110,4433,-343,-4.4,771,9.88
2026-09-11T11:50:30.221,1789107630.2212,4434,-175,-2.24,771,9.88
2026-09-11T11:50:30.222,1789107630.2224,4435,286,3.67,629,8.06
2026-09-11T11:50:30.226,1789107630.2264,4436,33,0.42,629,8.06
2026-09-11T11:50:30.229,1789107630.2294,4437,-324,-4.15,610,7.82
2026-09-11T11:50:30.231,1789107630.2314,4438,-113,-1.45,610,7.82
2026-09-11T11:50:30.240,1789107630.2405,4439,40,0.51,364,4.67
2026-09-11T11:50:30.246,1789107630.2463,4440,-97,-1.24,364,4.67
2026-09-11T11:50:30.250,1789107630.2503,4441,-180,-2.31,220,2.82
2026-09-11T11:50:30.254,1789107630.2544,4442,-104,-1.33,220,2.82
2026-09-11T11:50:30.258,1789107630.2584,4443,-323,-4.14,226,2.9
2026-09-11T11:50:30.268,1789107630.2686,4444,-233,-2.99,219,2.81
2026-09-11T11:50:30.270,1789107630.2702,4445,36,0.46,359,4.6
2026-09-11T11:50:30.275,1789107630.2759,4446,75,0.96,398,5.1
2026-09-11T11:50:30.279,1789107630.2799,4447,-364,-4.67,439,5.63
2026-09-11T11:50:30.290,1789107630.2900,4448,-183,-2.35,439,5.63
2026-09-11T11:50:30.292,1789107630.2920,4449,138,1.77,502,6.44
2026-09-11T11:50:30.295,1789107630.2950,4450,121,1.55,502,6.44
2026-09-11T11:50:30.298,1789107630.2980,4451,-179,-2.29,321,4.12
2026-09-11T11:50:30.302,1789107630.3020,4452,-113,-1.45,317,4.06
2026-09-11T11:50:30.310,1789107630.3106,4453,223,2.86,402,5.15
2026-09-11T11:50:30.320,1789107630.3200,4454,155,1.99,402,5.15
2026-09-11T11:50:30.321,1789107630.3210,4455,-174,-2.23,397,5.09
2026-09-11T11:50:30.324,1789107630.3240,4456,-60,-0.77,397,5.09
2026-09-11T11:50:30.326,1789107630.3260,4457,268,3.44,442,5.67
2026-09-11T11:50:30.333,1789107630.3335,4458,167,2.14,442,5.67
2026-09-11T11:50:30.336,1789107630.3368,4459,-190,-2.44,458,5.87
2026-09-11T11:50:30.355,1789107630.3553,4460,-12,-0.15,458,5.87
2026-09-11T11:50:30.359,1789107630.3593,4461,284,3.64,474,6.08
2026-09-11T11:50:30.363,1789107630.3638,4462,155,1.99,474,6.08
2026-09-11T11:50:30.366,1789107630.3668,4463,-190,-2.44,474,6.08
2026-09-11T11:50:30.376,1789107630.3762,4464,-197,-2.53,481,6.17
2026-09-11T11:50:30.379,1789107630.3792,4465,316,4.05,513,6.58
2026-09-11T11:50:30.383,1789107630.3836,4466,150,1.92,513,6.58
2026-09-11T11:50:30.390,1789107630.3906,4467,-222,-2.85,538,6.9
2026-09-11T11:50:30.392,1789107630.3926,4468,-157,-2.01,538,6.9
2026-09-11T11:50:30.400,1789107630.4006,4469,311,3.99,533,6.83
2026-09-11T11:50:30.401,1789107630.4018,4470,130,1.67,533,6.83
2026-09-11T11:50:30.406,1789107630.4063,4471,-207,-2.65,518,6.64
2026-09-11T11:50:30.410,1789107630.4103,4472,-142,-1.82,518,6.64
2026-09-11T11:50:30.411,1789107630.4114,4473,147,1.88,354,4.54
2026-09-11T11:50:30.417,1789107630.4175,4474,109,1.4,354,4.54
2026-09-11T11:50:30.418,1789107630.4185,4475,-212,-2.72,359,4.6
2026-09-11T11:50:30.425,1789107630.4253,4476,-91,-1.17,359,4.6
2026-09-11T11:50:30.427,1789107630.4273,4477,205,2.63,417,5.35
2026-09-11T11:50:30.434,1789107630.4345,4478,87,1.12,417,5.35
2026-09-11T11:50:30.435,1789107630.4355,4479,-205,-2.63,410,5.26
2026-09-11T11:50:30.444,1789107630.4447,4480,-60,-0.77,410,5.26
2026-09-11T11:50:30.450,1789107630.4507,4481,252,3.23,457,5.86
2026-09-11T11:50:30.452,1789107630.4521,4482,323,4.14,528,6.77
2026-09-11T11:50:30.461,1789107630.4611,4483,-206,-2.64,529,6.78
2026-09-11T11:50:30.473,1789107630.4738,4484,-50,-0.64,529,6.78
2026-09-11T11:50:30.478,1789107630.4788,4485,279,3.58,529,6.78
2026-09-11T11:50:30.480,1789107630.4808,4486,305,3.91,511,6.55
2026-09-11T11:50:30.485,1789107630.4857,4487,-204,-2.62,509,6.53
2026-09-11T11:50:30.488,1789107630.4887,4488,-11,-0.14,509,6.53
2026-09-11T11:50:30.491,1789107630.4917,4489,305,3.91,509,6.53
2026-09-11T11:50:30.494,1789107630.4947,4490,300,3.85,509,6.53
2026-09-11T11:50:30.497,1789107630.4977,4491,-21,-0.27,326,4.18
2026-09-11T11:50:30.504,1789107630.5043,4492,-5,-0.06,326,4.18
2026-09-11T11:50:30.507,1789107630.5073,4493,323,4.14,344,4.41
2026-09-11T11:50:30.513,1789107630.5135,4494,270,3.46,344,4.41
2026-09-11T11:50:30.519,1789107630.5195,4495,-47,-0.6,370,4.74
2026-09-11T11:50:30.520,1789107630.5205,4496,6,0.08,370,4.74
2026-09-11T11:50:30.539,1789107630.5391,4497,342,4.38,389,4.99
2026-09-11T11:50:30.544,1789107630.5441,4498,245,3.14,389,4.99
2026-09-11T11:50:30.547,1789107630.5471,4499,-100,-1.28,442,5.67
2026-09-11T11:50:30.549,1789107630.5491,4500,21,0.27,442,5.67
2026-09-11T11:50:30.552,1789107630.5521,4501,337,4.32,437,5.6
2026-09-11T11:50:30.558,1789107630.5582,4502,215,2.76,437,5.6
2026-09-11T11:50:30.561,1789107630.5612,4503,-133,-1.71,470,6.03
2026-09-11T11:50:30.569,1789107630.5694,4504,-149,-1.91,486,6.23
2026-09-11T11:50:30.572,1789107630.5725,4505,335,4.29,484,6.21
2026-09-11T11:50:30.577,1789107630.5775,4506,182,2.33,484,6.21
2026-09-11T11:50:30.585,1789107630.5856,4507,-179,-2.29,514,6.59
2026-09-11T11:50:30.587,1789107630.5876,4508,-130,-1.67,514,6.59
2026-09-11T11:50:30.591,1789107630.5916,4509,330,4.23,509,6.53
2026-09-11T11:50:30.594,1789107630.5946,4510,157,2.01,509,6.53
2026-09-11T11:50:30.597,1789107630.5976,4511,-180,-2.31,510,6.54
2026-09-11T11:50:30.602,1789107630.6028,4512,-123,-1.58,510,6.54
2026-09-11T11:50:30.608,1789107630.6083,4513,138,1.77,337,4.32
2026-09-11T11:50:30.620,1789107630.6210,4514,140,1.79,320,4.1
2026-09-11T11:50:30.622,1789107630.6222,4515,-201,-2.58,341,4.37
2026-09-11T11:50:30.626,1789107630.6262,4516,-100,-1.28,341,4.37
2026-09-11T11:50:30.630,1789107630.6302,4517,168,2.15,369,4.73
2026-09-11T11:50:30.636,1789107630.6363,4518,106,1.36,369,4.73
2026-09-11T11:50:30.641,1789107630.6413,4519,-222,-2.85,390,5.0
2026-09-11T11:50:30.643,1789107630.6433,4520,-85,-1.09,390,5.0
2026-09-11T11:50:30.646,1789107630.6463,4521,203,2.6,425,5.45
2026-09-11T11:50:30.654,1789107630.6545,4522,302,3.87,524,6.72
2026-09-11T11:50:30.659,1789107630.6595,4523,-223,-2.86,525,6.73
2026-09-11T11:50:30.666,1789107630.6666,4524,-78,-1.0,525,6.73
2026-09-11T11:50:30.673,1789107630.6731,4525,238,3.05,525,6.73
2026-09-11T11:50:30.679,1789107630.6790,4526,289,3.71,512,6.56
2026-09-11T11:50:30.680,1789107630.6806,4527,-244,-3.13,533,6.83
2026-09-11T11:50:30.681,1789107630.6816,4528,-55,-0.71,533,6.83
2026-09-11T11:50:30.687,1789107630.6876,4529,269,3.45,533,6.83
2026-09-11T11:50:30.690,1789107630.6906,4530,272,3.49,516,6.62
2026-09-11T11:50:30.697,1789107630.6976,4531,-25,-0.32,327,4.19
2026-09-11T11:50:30.702,1789107630.7024,4532,-48,-0.62,320,4.1
2026-09-11T11:50:30.705,1789107630.7059,4533,280,3.59,328,4.21
2026-09-11T11:50:30.726,1789107630.7264,4534,243,3.12,328,4.21
2026-09-11T11:50:30.729,1789107630.7294,4535,-74,-0.95,354,4.54
2026-09-11T11:50:30.731,1789107630.7317,4536,-45,-0.58,354,4.54
2026-09-11T11:50:30.732,1789107630.7329,4537,292,3.74,366,4.69
2026-09-11T11:50:30.733,1789107630.7339,4538,218,2.79,366,4.69
2026-09-11T11:50:30.742,1789107630.7429,4539,-126,-1.62,418,5.36
2026-09-11T11:50:30.747,1789107630.7479,4540,-17,-0.22,418,5.36
2026-09-11T11:50:30.748,1789107630.7489,4541,295,3.78,421,5.4
2026-09-11T11:50:30.758,1789107630.7580,4542,206,2.64,421,5.4
2026-09-11T11:50:30.760,1789107630.7600,4543,-143,-1.83,438,5.62
2026-09-11T11:50:30.771,1789107630.7712,4544,-202,-2.59,497,6.37
2026-09-11T11:50:30.774,1789107630.7743,4545,302,3.87,504,6.46
2026-09-11T11:50:30.776,1789107630.7763,4546,177,2.27,504,6.46
2026-09-11T11:50:30.778,1789107630.7783,4547,-179,-2.29,504,6.46
2026-09-11T11:50:30.785,1789107630.7854,4548,-183,-2.35,485,6.22
2026-09-11T11:50:30.787,1789107630.7874,4549,294,3.77,477,6.12
2026-09-11T11:50:30.795,1789107630.7955,4550,149,1.91,477,6.12
2026-09-11T11:50:30.797,1789107630.7975,4551,-208,-2.67,502,6.44
2026-09-11T11:50:30.804,1789107630.8047,4552,-171,-2.19,502,6.44
2026-09-11T11:50:30.810,1789107630.8107,4553,74,0.95,357,4.58
2026-09-11T11:50:30.815,1789107630.8158,4554,108,1.38,316,4.05
2026-09-11T11:50:30.821,1789107630.8219,4555,-228,-2.92,336,4.31
2026-09-11T11:50:30.825,1789107630.8259,4556,-155,-1.99,336,4.31
2026-09-11T11:50:30.830,1789107630.8309,4557,101,1.29,336,4.31
2026-09-11T11:50:30.837,1789107630.8371,4558,76,0.97,329,4.22
2026-09-11T11:50:30.840,1789107630.8401,4559,-261,-3.35,362,4.64
2026-09-11T11:50:30.844,1789107630.8441,4560,-156,-2.0,362,4.64
2026-09-11T11:50:30.850,1789107630.8501,4561,137,1.76,398,5.1
2026-09-11T11:50:30.855,1789107630.8552,4562,269,3.45,530,6.79
2026-09-11T11:50:30.857,1789107630.8572,4563,-261,-3.35,530,6.79
2026-09-11T11:50:30.867,1789107630.8674,4564,-136,-1.74,530,6.79
2026-09-11T11:50:30.867,1789107630.8674,4565,181,2.32,530,6.79
2026-09-11T11:50:30.872,1789107630.8728,4566,256,3.28,517,6.63
2026-09-11T11:50:30.875,1789107630.8758,4567,-277,-3.55,533,6.83
2026-09-11T11:50:30.883,1789107630.8832,4568,-116,-1.49,533,6.83
2026-09-11T11:50:30.885,1789107630.8852,4569,197,2.53,533,6.83
2026-09-11T11:50:30.901,1789107630.9012,4570,228,2.92,505,6.47
2026-09-11T11:50:30.904,1789107630.9048,4571,-33,-0.42,344,4.41
2026-09-11T11:50:30.908,1789107630.9088,4572,-104,-1.33,332,4.26
2026-09-11T11:50:30.910,1789107630.9108,4573,205,2.63,332,4.26
2026-09-11T11:50:30.920,1789107630.9209,4574,204,2.62,309,3.96
2026-09-11T11:50:30.925,1789107630.9251,4575,-81,-1.04,309,3.96
2026-09-11T11:50:30.929,1789107630.9291,4576,-88,-1.13,293,3.76
2026-09-11T11:50:30.935,1789107630.9353,4577,225,2.88,313,4.01
2026-09-11T11:50:30.937,1789107630.9373,4578,172,2.21,313,4.01
2026-09-11T11:50:30.940,1789107630.9403,4579,-145,-1.86,370,4.74
2026-09-11T11:50:30.947,1789107630.9473,4580,-280,-3.59,505,6.47
2026-09-11T11:50:30.948,1789107630.9483,4581,237,3.04,517,6.63
2026-09-11T11:50:30.954,1789107630.9545,4582,160,2.05,517,6.63
2026-09-11T11:50:30.960,1789107630.9605,4583,-200,-2.56,517,6.63
2026-09-11T11:50:30.967,1789107630.9676,4584,-256,-3.28,493,6.32
2026-09-11T11:50:30.971,1789107630.9717,4585,246,3.15,502,6.44
2026-09-11T11:50:30.977,1789107630.9777,4586,125,1.6,502,6.44
2026-09-11T11:50:30.980,1789107630.9807,4587,-216,-2.77,502,6.44
2026-09-11T11:50:30.982,1789107630.9828,4588,-243,-3.12,489,6.27
2026-09-11T11:50:30.989,1789107630.9899,4589,246,3.15,489,6.27
2026-09-11T11:50:30.990,1789107630.9909,4590,97,1.24,489,6.27
2026-09-11T11:50:31.000,1789107631.0009,4591,-263,-3.37,509,6.53
2026-09-11T11:50:31.010,1789107631.0105,4592,-238,-3.05,509,6.53
2026-09-11T11:50:31.013,1789107631.0137,4593,-1,-0.01,360,4.62
2026-09-11T11:50:31.017,1789107631.0177,4594,66,0.85,329,4.22
2026-09-11T11:50:31.018,1789107631.0187,4595,-266,-3.41,332,4.26
2026-09-11T11:50:31.027,1789107631.0278,4596,-225,-2.88,332,4.26
2026-09-11T11:50:31.031,1789107631.0317,4597,48,0.62,332,4.26
2026-09-11T11:50:31.038,1789107631.0386,4598,50,0.64,316,4.05
2026-09-11T11:50:31.040,1789107631.0406,4599,-294,-3.77,344,4.41
2026-09-11T11:50:31.045,1789107631.0456,4600,-201,-2.58,344,4.41
2026-09-11T11:50:31.050,1789107631.0506,4601,88,1.13,382,4.9
2026-09-11T11:50:31.051,1789107631.0516,4602,244,3.13,538,6.9
2026-09-11T11:50:31.056,1789107631.0569,4603,-301,-3.86,545,6.99
2026-09-11T11:50:31.067,1789107631.0679,4604,-164,-2.1,545,6.99
2026-09-11T11:50:31.070,1789107631.0708,4605,117,1.5,545,6.99
2026-09-11T11:50:31.074,1789107631.0742,4606,220,2.82,521,6.68
2026-09-11T11:50:31.086,1789107631.0865,4607,-301,-3.86,521,6.68
2026-09-11T11:50:31.088,1789107631.0884,4608,-156,-2.0,521,6.68
2026-09-11T11:50:31.092,1789107631.0925,4609,141,1.81,521,6.68
2026-09-11T11:50:31.096,1789107631.0965,4610,208,2.67,509,6.53
2026-09-11T11:50:31.102,1789107631.1020,4611,-40,-0.51,364,4.67
2026-09-11T11:50:31.106,1789107631.1065,4612,-127,-1.63,335,4.29
2026-09-11T11:50:31.114,1789107631.1147,4613,186,2.38,335,4.29
2026-09-11T11:50:31.121,1789107631.1218,4614,201,2.58,328,4.21
2026-09-11T11:50:31.124,1789107631.1248,4615,-100,-1.28,328,4.21
2026-09-11T11:50:31.131,1789107631.1313,4616,-114,-1.46,315,4.04
2026-09-11T11:50:31.138,1789107631.1389,4617,202,2.59,316,4.05
2026-09-11T11:50:31.140,1789107631.1409,4618,181,2.32,316,4.05
2026-09-11T11:50:31.141,1789107631.1419,4619,-139,-1.78,341,4.37
2026-09-11T11:50:31.145,1789107631.1459,4620,-303,-3.88,505,6.47
2026-09-11T11:50:31.148,1789107631.1489,4621,211,2.71,514,6.59
2026-09-11T11:50:31.157,1789107631.1571,4622,158,2.03,514,6.59
2026-09-11T11:50:31.159,1789107631.1591,4623,-183,-2.35,514,6.59
2026-09-11T11:50:31.168,1789107631.1685,4624,-294,-3.77,505,6.47
2026-09-11T11:50:31.170,1789107631.1700,4625,231,2.96,525,6.73
2026-09-11T11:50:31.177,1789107631.1772,4626,134,1.72,525,6.73
2026-09-11T11:50:31.180,1789107631.1802,4627,-214,-2.74,525,6.73
2026-09-11T11:50:31.186,1789107631.1863,4628,-269,-3.45,500,6.41
2026-09-11T11:50:31.189,1789107631.1894,4629,232,2.97,501,6.42
2026-09-11T11:50:31.195,1789107631.1954,4630,107,1.37,501,6.42
2026-09-11T11:50:31.199,1789107631.1994,4631,-249,-3.19,501,6.42
2026-09-11T11:50:31.202,1789107631.2024,4632,-248,-3.18,481,6.17
2026-09-11T11:50:31.210,1789107631.2109,4633,-31,-0.4,356,4.56
2026-09-11T11:50:31.217,1789107631.2170,4634,76,0.97,325,4.17
2026-09-11T11:50:31.221,1789107631.2210,4635,-280,-3.59,356,4.56
2026-09-11T11:50:31.223,1789107631.2231,4636,-231,-2.96,356,4.56
2026-09-11T11:50:31.232,1789107631.2323,4637,10,0.13,356,4.56
2026-09-11T11:50:31.234,1789107631.2343,4638,69,0.88,349,4.47
2026-09-11T11:50:31.239,1789107631.2393,4639,-264,-3.38,333,4.27
2026-09-11T11:50:31.242,1789107631.2429,4640,-170,-2.18,333,4.27
2026-09-11T11:50:31.245,1789107631.2459,4641,-74,-0.95,333,4.27
2026-09-11T11:50:31.251,1789107631.2519,4642,-134,-1.72,190,2.44
2026-09-11T11:50:31.256,1789107631.2565,4643,107,1.37,277,3.55
2026-09-11T11:50:31.279,1789107631.2798,4644,11,0.14,241,3.09
2026-09-11T11:50:31.283,1789107631.2839,4645,-337,-4.32,444,5.69
2026-09-11T11:50:31.286,1789107631.2869,4646,-552,-7.08,659,8.45
2026-09-11T11:50:31.289,1789107631.2899,4647,339,4.35,891,11.42
2026-09-11T11:50:31.295,1789107631.2959,4648,82,1.05,891,11.42
2026-09-11T11:50:31.301,1789107631.3017,4649,-539,-6.91,891,11.42
2026-09-11T11:50:31.307,1789107631.3076,4650,-724,-9.28,1063,13.63
2026-09-11T11:50:31.311,1789107631.3116,4651,-166,-2.13,806,10.33
2026-09-11T11:50:31.319,1789107631.3198,4652,73,0.94,797,10.22
2026-09-11T11:50:31.321,1789107631.3220,4653,-627,-8.04,797,10.22
2026-09-11T11:50:31.327,1789107631.3280,4654,-705,-9.04,778,9.97
2026-09-11T11:50:31.329,1789107631.3300,4655,-42,-0.54,778,9.97
2026-09-11T11:50:31.330,1789107631.3310,4656,72,0.92,777,9.96
2026-09-11T11:50:31.333,1789107631.3331,4657,-664,-8.51,777,9.96
2026-09-11T11:50:31.334,1789107631.3341,4658,-641,-8.22,736,9.44
2026-09-11T11:50:31.337,1789107631.3371,4659,89,1.14,753,9.65
2026-09-11T11:50:31.346,1789107631.3461,4660,501,6.42,1165,14.94
2026-09-11T11:50:31.350,1789107631.3501,4661,-685,-8.78,1186,15.21
2026-09-11T11:50:31.352,1789107631.3521,4662,-571,-7.32,1186,15.21
2026-09-11T11:50:31.360,1789107631.3603,4663,208,2.67,1186,15.21
2026-09-11T11:50:31.367,1789107631.3674,4664,455,5.83,1140,14.62
2026-09-11T11:50:31.370,1789107631.3704,4665,-687,-8.81,1142,14.64
2026-09-11T11:50:31.376,1789107631.3766,4666,-476,-6.1,1142,14.64
2026-09-11T11:50:31.379,1789107631.3796,4667,286,3.67,1142,14.64
2026-09-11T11:50:31.389,1789107631.3893,4668,388,4.97,1075,13.78
2026-09-11T11:50:31.391,1789107631.3913,4669,-621,-7.96,1009,12.94
2026-09-11T11:50:31.394,1789107631.3943,4670,-351,-4.5,1009,12.94
2026-09-11T11:50:31.400,1789107631.4003,4671,239,3.06,1009,12.94
2026-09-11T11:50:31.403,1789107631.4040,4672,234,3.0,860,11.03
2026-09-11T11:50:31.410,1789107631.4105,4673,-79,-1.01,590,7.56
2026-09-11T11:50:31.416,1789107631.4164,4674,-185,-2.37,424,5.44
2026-09-11T11:50:31.419,1789107631.4194,4675,104,1.33,419,5.37
2026-09-11T11:50:31.421,1789107631.4214,4676,11,0.14,289,3.71
2026-09-11T11:50:31.427,1789107631.4275,4677,-153,-1.96,289,3.71
2026-09-11T11:50:31.430,1789107631.4305,4678,-76,-0.97,257,3.29
2026-09-11T11:50:31.437,1789107631.4378,4679,-11,-0.14,164,2.1
2026-09-11T11:50:31.451,1789107631.4517,4680,-79,-1.01,142,1.82
2026-09-11T11:50:31.454,1789107631.4549,4681,-55,-0.71,68,0.87
2026-09-11T11:50:31.459,1789107631.4599,4682,105,1.35,184,2.36
2026-09-11T11:50:31.462,1789107631.4620,4683,-203,-2.6,308,3.95
2026-09-11T11:50:31.466,1789107631.4660,4684,-150,-1.92,308,3.95
2026-09-11T11:50:31.474,1789107631.4741,4685,94,1.21,308,3.95
2026-09-11T11:50:31.478,1789107631.4781,4686,258,3.31,461,5.91
2026-09-11T11:50:31.482,1789107631.4822,4687,-224,-2.87,482,6.18
2026-09-11T11:50:31.486,1789107631.4864,4688,-115,-1.47,482,6.18
2026-09-11T11:50:31.491,1789107631.4914,4689,170,2.18,482,6.18
2026-09-11T11:50:31.493,1789107631.4934,4690,265,3.4,489,6.27
2026-09-11T11:50:31.500,1789107631.5004,4691,44,0.56,380,4.87
2026-09-11T11:50:31.506,1789107631.5068,4692,-91,-1.17,356,4.56
2026-09-11T11:50:31.509,1789107631.5098,4693,221,2.83,356,4.56
2026-09-11T11:50:31.518,1789107631.5184,4694,272,3.49,363,4.65
2026-09-11T11:50:31.519,1789107631.5194,4695,27,0.35,363,4.65
2026-09-11T11:50:31.526,1789107631.5266,4696,-60,-0.77,332,4.26
2026-09-11T11:50:31.529,1789107631.5296,4697,256,3.28,332,4.26
2026-09-11T11:50:31.534,1789107631.5347,4698,255,3.27,316,4.05
2026-09-11T11:50:31.538,1789107631.5387,4699,-10,-0.13,316,4.05
2026-09-11T11:50:31.544,1789107631.5447,4700,-230,-2.95,486,6.23
2026-09-11T11:50:31.548,1789107631.5487,4701,275,3.53,505,6.47
2026-09-11T11:50:31.552,1789107631.5528,4702,258,3.31,505,6.47
2026-09-11T11:50:31.558,1789107631.5588,4703,-55,-0.71,505,6.47
2026-09-11T11:50:31.572,1789107631.5729,4704,-226,-2.9,501,6.42
2026-09-11T11:50:31.574,1789107631.5749,4705,302,3.87,528,6.77
2026-09-11T11:50:31.576,1789107631.5769,4706,241,3.09,528,6.77
2026-09-11T11:50:31.579,1789107631.5799,4707,-96,-1.23,528,6.77
2026-09-11T11:50:31.586,1789107631.5861,4708,-219,-2.81,521,6.68
2026-09-11T11:50:31.587,1789107631.5871,4709,306,3.92,525,6.73
2026-09-11T11:50:31.595,1789107631.5951,4710,204,2.62,525,6.73
2026-09-11T11:50:31.598,1789107631.5981,4711,-148,-1.9,525,6.73
2026-09-11T11:50:31.602,1789107631.6021,4712,-212,-2.72,518,6.64
2026-09-11T11:50:31.607,1789107631.6079,4713,17,0.22,416,5.33
2026-09-11T11:50:31.615,1789107631.6150,4714,188,2.41,400,5.13
2026-09-11T11:50:31.619,1789107631.6190,4715,-173,-2.22,400,5.13
2026-09-11T11:50:31.630,1789107631.6303,4716,-180,-2.31,368,4.72
2026-09-11T11:50:31.634,1789107631.6350,4717,36,0.46,368,4.72
2026-09-11T11:50:31.637,1789107631.6380,4718,155,1.99,335,4.29
2026-09-11T11:50:31.641,1789107631.6420,4719,-194,-2.49,349,4.47
2026-09-11T11:50:31.643,1789107631.6440,4720,-173,-2.22,349,4.47
2026-09-11T11:50:31.653,1789107631.6531,4721,68,0.87,349,4.47
2026-09-11T11:50:31.657,1789107631.6571,4722,312,4.0,506,6.49
2026-09-11T11:50:31.662,1789107631.6627,4723,-234,-3.0,546,7.0
2026-09-11T11:50:31.671,1789107631.6712,4724,-141,-1.81,546,7.0
2026-09-11T11:50:31.678,1789107631.6780,4725,123,1.58,546,7.0
2026-09-11T11:50:31.680,1789107631.6800,4726,319,4.09,553,7.09
2026-09-11T11:50:31.685,1789107631.6853,4727,-239,-3.06,558,7.15
2026-09-11T11:50:31.687,1789107631.6873,4728,-134,-1.72,558,7.15
2026-09-11T11:50:31.689,1789107631.6893,4729,167,2.14,558,7.15
2026-09-11T11:50:31.693,1789107631.6933,4730,294,3.77,533,6.83
2026-09-11T11:50:31.700,1789107631.7003,4731,65,0.83,428,5.49
2026-09-11T11:50:31.701,1789107631.7013,4732,-107,-1.37,401,5.14
2026-09-11T11:50:31.708,1789107631.7090,4733,202,2.59,401,5.14
2026-09-11T11:50:31.720,1789107631.7202,4734,277,3.55,384,4.92
2026-09-11T11:50:31.721,1789107631.7212,4735,28,0.36,384,4.92
2026-09-11T11:50:31.726,1789107631.7263,4736,-95,-1.22,372,4.77
2026-09-11T11:50:31.728,1789107631.7283,4737,229,2.94,372,4.77
2026-09-11T11:50:31.737,1789107631.7375,4738,256,3.28,351,4.5
2026-09-11T11:50:31.739,1789107631.7395,4739,-5,-0.06,351,4.5
2026-09-11T11:50:31.749,1789107631.7495,4740,-269,-3.45,525,6.73
2026-09-11T11:50:31.752,1789107631.7528,4741,249,3.19,525,6.73
2026-09-11T11:50:31.755,1789107631.7558,4742,236,3.03,518,6.64
2026-09-11T11:50:31.759,1789107631.7598,4743,-69,-0.88,518,6.64
2026-09-11T11:50:31.765,1789107631.7660,4744,-273,-3.5,522,6.69
2026-09-11T11:50:31.771,1789107631.7713,4745,268,3.44,541,6.94
2026-09-11T11:50:31.773,1789107631.7734,4746,219,2.81,541,6.94
2026-09-11T11:50:31.778,1789107631.7784,4747,-129,-1.65,541,6.94
2026-09-11T11:50:31.781,1789107631.7814,4748,-277,-3.55,545,6.99
2026-09-11T11:50:31.787,1789107631.7876,4749,268,3.44,545,6.99
2026-09-11T11:50:31.790,1789107631.7906,4750,171,2.19,545,6.99
2026-09-11T11:50:31.797,1789107631.7976,4751,-173,-2.22,545,6.99
2026-09-11T11:50:31.813,1789107631.8135,4752,-257,-3.29,525,6.73
2026-09-11T11:50:31.818,1789107631.8185,4753,-40,-0.51,428,5.49
2026-09-11T11:50:31.822,1789107631.8226,4754,143,1.83,400,5.13
2026-09-11T11:50:31.824,1789107631.8246,4755,-225,-2.88,400,5.13
2026-09-11T11:50:31.826,1789107631.8266,4756,-248,-3.18,391,5.01
2026-09-11T11:50:31.831,1789107631.8318,4757,-31,-0.4,391,5.01
2026-09-11T11:50:31.834,1789107631.8348,4758,112,1.44,360,4.62
2026-09-11T11:50:31.839,1789107631.8398,4759,-233,-2.99,360,4.62
2026-09-11T11:50:31.847,1789107631.8478,4760,-236,-3.03,348,4.46
2026-09-11T11:50:31.849,1789107631.8498,4761,1,0.01,348,4.46
2026-09-11T11:50:31.857,1789107631.8579,4762,257,3.29,493,6.32
2026-09-11T11:50:31.858,1789107631.8589,4763,-260,-3.33,517,6.63
2026-09-11T11:50:31.870,1789107631.8703,4764,-219,-2.81,517,6.63
2026-09-11T11:50:31.872,1789107631.8724,4765,46,0.59,517,6.63
2026-09-11T11:50:31.875,1789107631.8754,4766,246,3.15,506,6.49
2026-09-11T11:50:31.881,1789107631.8817,4767,-288,-3.69,534,6.85
2026-09-11T11:50:31.885,1789107631.8850,4768,-206,-2.64,534,6.85
2026-09-11T11:50:31.888,1789107631.8886,4769,82,1.05,534,6.85
2026-09-11T11:50:31.894,1789107631.8941,4770,242,3.1,530,6.79
2026-09-11T11:50:31.895,1789107631.8951,4771,17,0.22,448,5.74
2026-09-11T11:50:31.905,1789107631.9053,4772,-182,-2.33,424,5.44
2026-09-11T11:50:31.911,1789107631.9113,4773,107,1.37,424,5.44
2026-09-11T11:50:31.923,1789107631.9237,4774,223,2.86,405,5.19
2026-09-11T11:50:31.927,1789107631.9277,4775,-10,-0.13,405,5.19
2026-09-11T11:50:31.928,1789107631.9287,4776,-173,-2.22,396,5.08
2026-09-11T11:50:31.931,1789107631.9319,4777,152,1.95,396,5.08
2026-09-11T11:50:31.932,1789107631.9329,4778,203,2.6,376,4.82
2026-09-11T11:50:31.938,1789107631.9389,4779,-66,-0.85,376,4.82
2026-09-11T11:50:31.943,1789107631.9439,4780,-330,-4.23,533,6.83
2026-09-11T11:50:31.948,1789107631.9489,4781,164,2.1,533,6.83
2026-09-11T11:50:31.953,1789107631.9531,4782,184,2.36,514,6.59
2026-09-11T11:50:31.955,1789107631.9551,4783,-105,-1.35,514,6.59
2026-09-11T11:50:31.967,1789107631.9672,4784,-321,-4.12,505,6.47
2026-09-11T11:50:31.968,1789107631.9682,4785,181,2.32,505,6.47
2026-09-11T11:50:31.986,1789107631.9862,4786,156,2.0,502,6.44
2026-09-11T11:50:31.992,1789107631.9922,4787,-156,-2.0,502,6.44
2026-09-11T11:50:31.993,1789107631.9932,4788,-332,-4.26,513,6.58
2026-09-11T11:50:31.995,1789107631.9952,4789,186,2.38,518,6.64
2026-09-11T11:50:31.999,1789107631.9992,4790,130,1.67,518,6.64
2026-09-11T11:50:32.004,1789107632.0043,4791,-211,-2.71,518,6.64
2026-09-11T11:50:32.008,1789107632.0083,4792,-318,-4.08,504,6.46
2026-09-11T11:50:32.012,1789107632.0124,4793,-105,-1.35,448,5.74
2026-09-11T11:50:32.021,1789107632.0220,4794,107,1.37,425,5.45
2026-09-11T11:50:32.029,1789107632.0300,4795,-238,-3.05,425,5.45
2026-09-11T11:50:32.032,1789107632.0323,4796,-301,-3.86,408,5.23
2026-09-11T11:50:32.037,1789107632.0373,4797,-84,-1.08,408,5.23
2026-09-11T11:50:32.039,1789107632.0393,4798,80,1.03,381,4.88
2026-09-11T11:50:32.042,1789107632.0423,4799,-276,-3.54,381,4.88
2026-09-11T11:50:32.043,1789107632.0433,4800,-291,-3.73,371,4.76
2026-09-11T11:50:32.047,1789107632.0473,4801,-58,-0.74,371,4.76
2026-09-11T11:50:32.056,1789107632.0565,4802,214,2.74,505,6.47
2026-09-11T11:50:32.059,1789107632.0595,4803,-303,-3.88,517,6.63
2026-09-11T11:50:32.068,1789107632.0686,4804,-278,-3.56,517,6.63
2026-09-11T11:50:32.070,1789107632.0706,4805,-29,-0.37,517,6.63
2026-09-11T11:50:32.076,1789107632.0769,4806,211,2.71,514,6.59
2026-09-11T11:50:32.078,1789107632.0789,4807,-326,-4.18,537,6.88
2026-09-11T11:50:32.085,1789107632.0850,4808,-232,-2.97,537,6.88
2026-09-11T11:50:32.089,1789107632.0890,4809,24,0.31,537,6.88
2026-09-11T11:50:32.092,1789107632.0920,4810,216,2.77,542,6.95
2026-09-11T11:50:32.101,1789107632.1010,4811,12,0.15,448,5.74
2026-09-11T11:50:32.105,1789107632.1057,4812,-227,-2.91,443,5.68
2026-09-11T11:50:32.107,1789107632.1077,4813,58,0.74,443,5.68
2026-09-11T11:50:32.119,1789107632.1191,4814,193,2.47,420,5.38
2026-09-11T11:50:32.122,1789107632.1222,4815,-15,-0.19,420,5.38
2026-09-11T11:50:32.126,1789107632.1262,4816,-198,-2.54,391,5.01
2026-09-11T11:50:32.130,1789107632.1302,4817,103,1.32,391,5.01
2026-09-11T11:50:32.132,1789107632.1324,4818,198,2.54,396,5.08
2026-09-11T11:50:32.135,1789107632.1354,4819,-54,-0.69,396,5.08
2026-09-11T11:50:32.141,1789107632.1414,4820,-350,-4.49,548,7.03
2026-09-11T11:50:32.148,1789107632.1485,4821,140,1.79,548,7.03
2026-09-11T11:50:32.150,1789107632.1505,4822,171,2.19,521,6.68
2026-09-11T11:50:32.164,1789107632.1649,4823,-89,-1.14,521,6.68
2026-09-11T11:50:32.173,1789107632.1731,4824,-349,-4.47,520,6.67
2026-09-11T11:50:32.176,1789107632.1761,4825,161,2.06,520,6.67
2026-09-11T11:50:32.182,1789107632.1828,4826,148,1.9,510,6.54
2026-09-11T11:50:32.186,1789107632.1861,4827,-136,-1.74,510,6.54
2026-09-11T11:50:32.191,1789107632.1911,4828,-340,-4.36,501,6.42
2026-09-11T11:50:32.195,1789107632.1951,4829,-138,-1.77,488,6.26
2026-09-11T11:50:32.201,1789107632.2011,4830,146,1.87,486,6.23
2026-09-11T11:50:32.202,1789107632.2021,4831,-195,-2.5,486,6.23
2026-09-11T11:50:32.205,1789107632.2053,4832,-346,-4.44,492,6.31
2026-09-11T11:50:32.211,1789107632.2113,4833,-113,-1.45,492,6.31
2026-09-11T11:50:32.218,1789107632.2184,4834,131,1.68,477,6.12
2026-09-11T11:50:32.220,1789107632.2204,4835,-230,-2.95,477,6.12
2026-09-11T11:50:32.224,1789107632.2245,4836,-321,-4.12,452,5.79
2026-09-11T11:50:32.227,1789107632.2275,4837,-104,-1.33,452,5.79
2026-09-11T11:50:32.236,1789107632.2361,4838,100,1.28,421,5.4
2026-09-11T11:50:32.240,1789107632.2401,4839,-264,-3.38,421,5.4
2026-09-11T11:50:32.245,1789107632.2451,4840,-295,-3.78,395,5.06
2026-09-11T11:50:32.250,1789107632.2501,4841,-78,-1.0,395,5.06
2026-09-11T11:50:32.251,1789107632.2511,4842,226,2.9,521,6.68
2026-09-11T11:50:32.258,1789107632.2583,4843,-263,-3.37,521,6.68
2026-09-11T11:50:32.268,1789107632.2684,4844,-262,-3.36,489,6.27
2026-09-11T11:50:32.270,1789107632.2704,4845,-33,-0.42,489,6.27
2026-09-11T11:50:32.280,1789107632.2805,4846,239,3.06,502,6.44
2026-09-11T11:50:32.284,1789107632.2849,4847,-282,-3.62,521,6.68
2026-09-11T11:50:32.286,1789107632.2864,4848,-245,-3.14,521,6.68
2026-09-11T11:50:32.288,1789107632.2884,4849,24,0.31,521,6.68
2026-09-11T11:50:32.295,1789107632.2955,4850,224,2.87,506,6.49
2026-09-11T11:50:32.298,1789107632.2985,4851,47,0.6,469,6.01
2026-09-11T11:50:32.302,1789107632.3026,4852,-216,-2.77,440,5.64
2026-09-11T11:50:32.309,1789107632.3091,4853,61,0.78,440,5.64
2026-09-11T11:50:32.314,1789107632.3143,4854,229,2.94,445,5.71
2026-09-11T11:50:32.319,1789107632.3193,4855,20,0.26,445,5.71
2026-09-11T11:50:32.321,1789107632.3213,4856,-187,-2.4,416,5.33
2026-09-11T11:50:32.328,1789107632.3286,4857,57,0.73,416,5.33
2026-09-11T11:50:32.342,1789107632.3428,4858,-47,-0.6,244,3.13
2026-09-11T11:50:32.348,1789107632.3488,4859,-55,-0.71,244,3.13
2026-09-11T11:50:32.350,1789107632.3508,4860,18,0.23,112,1.44
2026-09-11T11:50:32.354,1789107632.3550,4861,-366,-4.69,384,4.92
2026-09-11T11:50:32.359,1789107632.3600,4862,-469,-6.01,487,6.24
2026-09-11T11:50:32.363,1789107632.3631,4863,-147,-1.88,487,6.24
2026-09-11T11:50:32.371,1789107632.3716,4864,190,2.44,659,8.45
2026-09-11T11:50:32.377,1789107632.3777,4865,-535,-6.86,725,9.29
2026-09-11T11:50:32.379,1789107632.3797,4866,-577,-7.4,767,9.83
2026-09-11T11:50:32.387,1789107632.3870,4867,-90,-1.15,767,9.83
2026-09-11T11:50:32.388,1789107632.3880,4868,266,3.41,843,10.81
2026-09-11T11:50:32.391,1789107632.3911,4869,-35,-0.45,843,10.81
2026-09-11T11:50:32.395,1789107632.3951,4870,-565,-7.24,831,10.65
2026-09-11T11:50:32.401,1789107632.4011,4871,14,0.18,831,10.65
2026-09-11T11:50:32.403,1789107632.4033,4872,322,4.13,887,11.37
2026-09-11T11:50:32.410,1789107632.4104,4873,-24,-0.31,887,11.37
2026-09-11T11:50:32.420,1789107632.4202,4874,-529,-6.78,851,10.91
2026-09-11T11:50:32.421,1789107632.4212,4875,121,1.55,851,10.91
2026-09-11T11:50:32.426,1789107632.4264,4876,328,4.21,857,10.99
2026-09-11T11:50:32.429,1789107632.4294,4877,-45,-0.58,857,10.99
2026-09-11T11:50:32.435,1789107632.4358,4878,-474,-6.08,802,10.28
2026-09-11T11:50:32.439,1789107632.4398,4879,216,2.77,802,10.28
2026-09-11T11:50:32.450,1789107632.4508,4880,331,4.24,805,10.32
2026-09-11T11:50:32.452,1789107632.4530,4881,-54,-0.69,805,10.32
2026-09-11T11:50:32.455,1789107632.4560,4882,-658,-8.44,989,12.68
2026-09-11T11:50:32.458,1789107632.4590,4883,286,3.67,989,12.68
2026-09-11T11:50:32.467,1789107632.4672,4884,313,4.01,971,12.45
2026-09-11T11:50:32.470,1789107632.4702,4885,-92,-1.18,971,12.45
2026-09-11T11:50:32.473,1789107632.4733,4886,-652,-8.36,965,12.37
2026-09-11T11:50:32.480,1789107632.4803,4887,320,4.1,972,12.46
2026-09-11T11:50:32.482,1789107632.4824,4888,291,3.73,972,12.46
2026-09-11T11:50:32.487,1789107632.4874,4889,-151,-1.94,972,12.46
2026-09-11T11:50:32.490,1789107632.4904,4890,-626,-8.03,946,12.13
2026-09-11T11:50:32.496,1789107632.4964,4891,-276,-3.54,917,11.76
2026-09-11T11:50:32.502,1789107632.5028,4892,200,2.56,826,10.59
2026-09-11T11:50:32.514,1789107632.5149,4893,-241,-3.09,826,10.59
2026-09-11T11:50:32.525,1789107632.5256,4894,-588,-7.54,788,10.1
2026-09-11T11:50:32.527,1789107632.5276,4895,-229,-2.94,788,10.1
2026-09-11T11:50:32.528,1789107632.5286,4896,67,0.86,655,8.4
2026-09-11T11:50:32.535,1789107632.5357,4897,-318,-4.08,655,8.4
2026-09-11T11:50:32.538,1789107632.5387,4898,-465,-5.96,532,6.82
2026-09-11T11:50:32.543,1789107632.5437,4899,-171,-2.19,532,6.82
2026-09-11T11:50:32.548,1789107632.5487,4900,98,1.26,563,7.22
2026-09-11T11:50:32.554,1789107632.5548,4901,-278,-3.56,563,7.22
2026-09-11T11:50:32.562,1789107632.5621,4902,-281,-3.6,379,4.86
2026-09-11T11:50:32.563,1789107632.5630,4903,-160,-2.05,379,4.86
2026-09-11T11:50:32.570,1789107632.5700,4904,-203,-2.6,121,1.55
2026-09-11T11:50:32.572,1789107632.5728,4905,-161,-2.06,121,1.55
2026-09-11T11:50:32.574,1789107632.5749,4906,-49,-0.63,154,1.97
2026-09-11T11:50:32.581,1789107632.5820,4907,-233,-2.99,184,2.36
2026-09-11T11:50:32.583,1789107632.5831,4908,-452,-5.79,403,5.17
2026-09-11T11:50:32.591,1789107632.5911,4909,-290,-3.72,403,5.17
2026-09-11T11:50:32.593,1789107632.5931,4910,79,1.01,531,6.81
2026-09-11T11:50:32.601,1789107632.6011,4911,-209,-2.68,531,6.81
2026-09-11T11:50:32.605,1789107632.6054,4912,-384,-4.92,463,5.94
2026-09-11T11:50:32.609,1789107632.6094,4913,-191,-2.45,463,5.94
2026-09-11T11:50:32.619,1789107632.6195,4914,137,1.76,521,6.68
2026-09-11T11:50:32.623,1789107632.6237,4915,-187,-2.4,521,6.68
2026-09-11T11:50:32.625,1789107632.6257,4916,-339,-4.35,476,6.1
2026-09-11T11:50:32.630,1789107632.6307,4917,-101,-1.29,476,6.1
2026-09-11T11:50:32.638,1789107632.6389,4918,150,1.92,489,6.27
2026-09-11T11:50:32.642,1789107632.6429,4919,-170,-2.18,489,6.27
2026-09-11T11:50:32.645,1789107632.6459,4920,-278,-3.56,428,5.49
2026-09-11T11:50:32.651,1789107632.6519,4921,-57,-0.73,428,5.49
2026-09-11T11:50:32.655,1789107632.6552,4922,260,3.33,538,6.9
2026-09-11T11:50:32.659,1789107632.6592,4923,-202,-2.59,538,6.9
2026-09-11T11:50:32.670,1789107632.6708,4924,-229,-2.94,489,6.27
2026-09-11T11:50:32.673,1789107632.6740,4925,-24,-0.31,489,6.27
2026-09-11T11:50:32.674,1789107632.6750,4926,296,3.79,525,6.73
2026-09-11T11:50:32.681,1789107632.6814,4927,-214,-2.74,525,6.73
2026-09-11T11:50:32.682,1789107632.6826,4928,-201,-2.58,510,6.54
2026-09-11T11:50:32.687,1789107632.6874,4929,20,0.26,510,6.54
2026-09-11T11:50:32.692,1789107632.6928,4930,308,3.95,522,6.69
2026-09-11T11:50:32.704,1789107632.7045,4931,146,1.87,509,6.53
2026-09-11T11:50:32.709,1789107632.7091,4932,-181,-2.32,489,6.27
2026-09-11T11:50:32.712,1789107632.7129,4933,75,0.96,489,6.27
2026-09-11T11:50:32.720,1789107632.7209,4934,319,4.09,500,6.41
2026-09-11T11:50:32.724,1789107632.7240,4935,130,1.67,500,6.41
2026-09-11T11:50:32.730,1789107632.7300,4936,-146,-1.87,465,5.96
2026-09-11T11:50:32.734,1789107632.7342,4937,131,1.68,465,5.96
2026-09-11T11:50:32.737,1789107632.7372,4938,310,3.97,456,5.85
2026-09-11T11:50:32.740,1789107632.7402,4939,97,1.24,456,5.85
2026-09-11T11:50:32.746,1789107632.7462,4940,-239,-3.06,549,7.04
2026-09-11T11:50:32.749,1789107632.7492,4941,170,2.18,549,7.04
2026-09-11T11:50:32.756,1789107632.7568,4942,285,3.65,524,6.72
2026-09-11T11:50:32.760,1789107632.7608,4943,64,0.82,524,6.72
2026-09-11T11:50:32.768,1789107632.7680,4944,-248,-3.18,533,6.83
2026-09-11T11:50:32.769,1789107632.7690,4945,209,2.68,533,6.83
2026-09-11T11:50:32.775,1789107632.7752,4946,277,3.55,525,6.73
2026-09-11T11:50:32.777,1789107632.7772,4947,31,0.4,525,6.73
2026-09-11T11:50:32.784,1789107632.7846,4948,-265,-3.4,542,6.95
2026-09-11T11:50:32.785,1789107632.7856,4949,-76,-0.97,542,6.95
2026-09-11T11:50:32.793,1789107632.7936,4950,272,3.49,537,6.88
2026-09-11T11:50:32.800,1789107632.8006,4951,-21,-0.27,537,6.88
2026-09-11T11:50:32.802,1789107632.8028,4952,-249,-3.19,521,6.68
2026-09-11T11:50:32.810,1789107632.8108,4953,-56,-0.72,521,6.68
2026-09-11T11:50:32.822,1789107632.8222,4954,247,3.17,496,6.36
2026-09-11T11:50:32.825,1789107632.8252,4955,-58,-0.74,496,6.36
2026-09-11T11:50:32.828,1789107632.8287,4956,-254,-3.26,501,6.42
2026-09-11T11:50:32.830,1789107632.8304,4957,-45,-0.58,501,6.42
2026-09-11T11:50:32.833,1789107632.8335,4958,230,2.95,484,6.21
2026-09-11T11:50:32.839,1789107632.8395,4959,-119,-1.53,484,6.21
2026-09-11T11:50:32.845,1789107632.8455,4960,-234,-3.0,464,5.95
2026-09-11T11:50:32.847,1789107632.8475,4961,-41,-0.53,464,5.95
2026-09-11T11:50:32.853,1789107632.8537,4962,287,3.68,521,6.68
2026-09-11T11:50:32.857,1789107632.8577,4963,-139,-1.78,521,6.68
2026-09-11T11:50:32.863,1789107632.8639,4964,-223,-2.86,510,6.54
2026-09-11T11:50:32.869,1789107632.8699,4965,-14,-0.18,510,6.54
2026-09-11T11:50:32.885,1789107632.8853,4966,306,3.92,529,6.78
2026-09-11T11:50:32.890,1789107632.8903,4967,-187,-2.4,529,6.78
2026-09-11T11:50:32.895,1789107632.8953,4968,-215,-2.76,521,6.68
2026-09-11T11:50:32.897,1789107632.8973,4969,22,0.28,521,6.68
2026-09-11T11:50:32.900,1789107632.9003,4970,298,3.82,513,6.58
2026-09-11T11:50:32.907,1789107632.9079,4971,153,1.96,513,6.58
2026-09-11T11:50:32.911,1789107632.9119,4972,-187,-2.4,485,6.22
2026-09-11T11:50:32.916,1789107632.9161,4973,54,0.69,485,6.22
2026-09-11T11:50:32.925,1789107632.9256,4974,298,3.82,485,6.22
2026-09-11T11:50:32.932,1789107632.9328,4975,112,1.44,485,6.22
2026-09-11T11:50:32.936,1789107632.9368,4976,-179,-2.29,477,6.12
2026-09-11T11:50:32.940,1789107632.9408,4977,94,1.21,477,6.12
2026-09-11T11:50:32.942,1789107632.9428,4978,309,3.96,488,6.26
2026-09-11T11:50:32.944,1789107632.9448,4979,96,1.23,488,6.26
2026-09-11T11:50:32.946,1789107632.9468,4980,-248,-3.18,557,7.14
2026-09-11T11:50:32.950,1789107632.9508,4981,137,1.76,557,7.14
2026-09-11T11:50:32.951,1789107632.9519,4982,281,3.6,529,6.78
2026-09-11T11:50:32.959,1789107632.9599,4983,76,0.97,529,6.78
2026-09-11T11:50:32.970,1789107632.9700,4984,-253,-3.24,534,6.85
2026-09-11T11:50:32.972,1789107632.9721,4985,177,2.27,534,6.85
2026-09-11T11:50:32.976,1789107632.9761,4986,272,3.49,525,6.73
2026-09-11T11:50:32.979,1789107632.9791,4987,39,0.5,525,6.73
2026-09-11T11:50:32.986,1789107632.9861,4988,-277,-3.55,549,7.04
2026-09-11T11:50:32.990,1789107632.9901,4989,-108,-1.38,549,7.04
2026-09-11T11:50:33.000,1789107633.0001,4990,268,3.44,545,6.99
2026-09-11T11:50:33.001,1789107633.0011,4991,-9,-0.12,545,6.99
2026-09-11T11:50:33.005,1789107633.0058,4992,-265,-3.4,533,6.83
2026-09-11T11:50:33.010,1789107633.0108,4993,-80,-1.03,533,6.83
2026-09-11T11:50:33.016,1789107633.0169,4994,239,3.06,504,6.46
2026-09-11T11:50:33.019,1789107633.0199,4995,-46,-0.59,504,6.46
2026-09-11T11:50:33.023,1789107633.0230,4996,-266,-3.41,505,6.47
2026-09-11T11:50:33.030,1789107633.0301,4997,-69,-0.88,505,6.47
2026-09-11T11:50:33.031,1789107633.0310,4998,223,2.86,489,6.27
2026-09-11T11:50:33.037,1789107633.0370,4999,-94,-1.21,489,6.27
2026-09-11T11:50:33.043,1789107633.0430,5000,-254,-3.26,477,6.12
2026-09-11T11:50:33.046,1789107633.0464,5001,-61,-0.78,477,6.12
2026-09-11T11:50:33.067,1789107633.0672,5002,279,3.58,533,6.83
2026-09-11T11:50:33.070,1789107633.0702,5003,-143,-1.83,533,6.83
2026-09-11T11:50:33.076,1789107633.0766,5004,-250,-3.21,529,6.78
2026-09-11T11:50:33.079,1789107633.0796,5005,-41,-0.53,529,6.78
2026-09-11T11:50:33.083,1789107633.0837,5006,267,3.42,517,6.63
2026-09-11T11:50:33.090,1789107633.0901,5007,-179,-2.29,517,6.63
2026-09-11T11:50:33.094,1789107633.0944,5008,-230,-2.95,497,6.37
2026-09-11T11:50:33.098,1789107633.0987,5009,-21,-0.27,497,6.37
2026-09-11T11:50:33.102,1789107633.1027,5010,283,3.63,513,6.58
2026-09-11T11:50:33.105,1789107633.1058,5011,154,1.97,513,6.58
2026-09-11T11:50:33.112,1789107633.1129,5012,-214,-2.74,497,6.37
2026-09-11T11:50:33.113,1789107633.1139,5013,7,0.09,497,6.37
2026-09-11T11:50:33.120,1789107633.1209,5014,271,3.47,485,6.22
2026-09-11T11:50:33.122,1789107633.1221,5015,114,1.46,485,6.22
2026-09-11T11:50:33.125,1789107633.1251,5016,-202,-2.59,473,6.06
2026-09-11T11:50:33.128,1789107633.1281,5017,47,0.6,473,6.06
2026-09-11T11:50:33.136,1789107633.1363,5018,275,3.53,477,6.12
2026-09-11T11:50:33.139,1789107633.1393,5019,86,1.1,477,6.12
2026-09-11T11:50:33.145,1789107633.1453,5020,-258,-3.31,533,6.83
2026-09-11T11:50:33.149,1789107633.1493,5021,87,1.12,533,6.83
2026-09-11T11:50:33.151,1789107633.1513,5022,263,3.37,521,6.68
2026-09-11T11:50:33.158,1789107633.1584,5023,54,0.69,521,6.68
2026-09-11T11:50:33.168,1789107633.1690,5024,-286,-3.67,549,7.04
2026-09-11T11:50:33.173,1789107633.1731,5025,132,1.69,549,7.04
2026-09-11T11:50:33.181,1789107633.1811,5026,255,3.27,541,6.94
2026-09-11T11:50:33.184,1789107633.1843,5027,46,0.59,541,6.94
2026-09-11T11:50:33.186,1789107633.1863,5028,-302,-3.87,557,7.14
2026-09-11T11:50:33.189,1789107633.1893,5029,-141,-1.81,557,7.14
2026-09-11T11:50:33.196,1789107633.1963,5030,251,3.22,553,7.09
2026-09-11T11:50:33.198,1789107633.1983,5031,2,0.03,553,7.09
2026-09-11T11:50:33.204,1789107633.2050,5032,-282,-3.62,533,6.83
2026-09-11T11:50:33.209,1789107633.2090,5033,-109,-1.4,533,6.83
2026-09-11T11:50:33.213,1789107633.2131,5034,227,2.91,509,6.53
2026-09-11T11:50:33.219,1789107633.2192,5035,-42,-0.54,509,6.53
2026-09-11T11:50:33.221,1789107633.2212,5036,-294,-3.77,521,6.68
2026-09-11T11:50:33.228,1789107633.2285,5037,-121,-1.55,521,6.68
2026-09-11T11:50:33.242,1789107633.2423,5038,223,2.86,517,6.63
2026-09-11T11:50:33.246,1789107633.2464,5039,-98,-1.26,517,6.63
2026-09-11T11:50:33.252,1789107633.2523,5040,-290,-3.72,513,6.58
2026-09-11T11:50:33.254,1789107633.2544,5041,-73,-0.94,513,6.58
2026-09-11T11:50:33.255,1789107633.2554,5042,240,3.08,530,6.79
2026-09-11T11:50:33.263,1789107633.2635,5043,-146,-1.87,530,6.79
2026-09-11T11:50:33.272,1789107633.2728,5044,-266,-3.41,506,6.49
2026-09-11T11:50:33.276,1789107633.2768,5045,-68,-0.87,506,6.49
2026-09-11T11:50:33.279,1789107633.2798,5046,252,3.23,518,6.64
2026-09-11T11:50:33.282,1789107633.2829,5047,-174,-2.23,518,6.64
2026-09-11T11:50:33.290,1789107633.2909,5048,-265,-3.4,517,6.63
2026-09-11T11:50:33.294,1789107633.2949,5049,-44,-0.56,517,6.63
2026-09-11T11:50:33.297,1789107633.2979,5050,268,3.44,533,6.83
2026-09-11T11:50:33.299,1789107633.2999,5051,155,1.99,533,6.83
2026-09-11T11:50:33.302,1789107633.3021,5052,-229,-2.94,497,6.37
2026-09-11T11:50:33.310,1789107633.3102,5053,-4,-0.05,497,6.37
2026-09-11T11:50:33.318,1789107633.3183,5054,272,3.49,501,6.42
2026-09-11T11:50:33.319,1789107633.3193,5055,127,1.63,501,6.42
2026-09-11T11:50:33.327,1789107633.3275,5056,-217,-2.78,489,6.27
2026-09-11T11:50:33.331,1789107633.3315,5057,32,0.41,489,6.27
2026-09-11T11:50:33.335,1789107633.3356,5058,284,3.64,501,6.42
2026-09-11T11:50:33.337,1789107633.3376,5059,107,1.37,501,6.42
2026-09-11T11:50:33.346,1789107633.3466,5060,-241,-3.09,525,6.73
2026-09-11T11:50:33.349,1789107633.3496,5061,68,0.87,525,6.73
2026-09-11T11:50:33.360,1789107633.3601,5062,284,3.64,525,6.73
2026-09-11T11:50:33.363,1789107633.3632,5063,91,1.17,525,6.73
2026-09-11T11:50:33.368,1789107633.3682,5064,-257,-3.29,541,6.94
2026-09-11T11:50:33.372,1789107633.3723,5065,112,1.44,541,6.94
2026-09-11T11:50:33.375,1789107633.3753,5066,280,3.59,537,6.88
2026-09-11T11:50:33.382,1789107633.3824,5067,55,0.71,537,6.88
2026-09-11T11:50:33.384,1789107633.3844,5068,-266,-3.41,546,7.0
2026-09-11T11:50:33.390,1789107633.3905,5069,-145,-1.86,546,7.0
2026-09-11T11:50:33.391,1789107633.3915,5070,263,3.37,529,6.78
2026-09-11T11:50:33.397,1789107633.3975,5071,38,0.49,529,6.78
2026-09-11T11:50:33.402,1789107633.4028,5072,-270,-3.46,533,6.83
2026-09-11T11:50:33.405,1789107633.4053,5073,-109,-1.4,533,6.83
2026-09-11T11:50:33.425,1789107633.4255,5074,251,3.22,521,6.68
2026-09-11T11:50:33.431,1789107633.4317,5075,-10,-0.13,521,6.68
2026-09-11T11:50:33.435,1789107633.4357,5076,-278,-3.56,529,6.78
2026-09-11T11:50:33.437,1789107633.4377,5077,-89,-1.14,529,6.78
2026-09-11T11:50:33.441,1789107633.4417,5078,223,2.86,501,6.42
2026-09-11T11:50:33.446,1789107633.4467,5079,-46,-0.59,501,6.42
2026-09-11T11:50:33.450,1789107633.4507,5080,-286,-3.67,509,6.53
2026-09-11T11:50:33.456,1789107633.4568,5081,-73,-0.94,509,6.53
2026-09-11T11:50:33.462,1789107633.4630,5082,263,3.37,549,7.04
2026-09-11T11:50:33.466,1789107633.4670,5083,-79,-1.01,549,7.04
2026-09-11T11:50:33.476,1789107633.4761,5084,-274,-3.51,537,6.88
2026-09-11T11:50:33.480,1789107633.4801,5085,-61,-0.78,537,6.88
2026-09-11T11:50:33.482,1789107633.4822,5086,247,3.17,521,6.68
2026-09-11T11:50:33.484,1789107633.4842,5087,18,0.23,521,6.68
2026-09-11T11:50:33.485,1789107633.4859,5088,2,0.03,308,3.95
2026-09-11T11:50:33.489,1789107633.4891,5089,-22,-0.28,269,3.45
2026-09-11T11:50:33.493,1789107633.4934,5090,-98,-1.26,116,1.49
2026-09-11T11:50:33.501,1789107633.5015,5091,-62,-0.79,100,1.28
2026-09-11T11:50:33.502,1789107633.5027,5092,74,0.95,172,2.21
2026-09-11T11:50:33.510,1789107633.5102,5093,-58,-0.74,172,2.21
2026-09-11T11:50:33.519,1789107633.5195,5094,-234,-3.0,308,3.95
2026-09-11T11:50:33.521,1789107633.5215,5095,-129,-1.65,308,3.95
2026-09-11T11:50:33.526,1789107633.5267,5096,127,1.63,361,4.63
2026-09-11T11:50:33.531,1789107633.5310,5097,-82,-1.05,361,4.63
2026-09-11T11:50:33.534,1789107633.5340,5098,-277,-3.55,404,5.18
2026-09-11T11:50:33.544,1789107633.5440,5099,-100,-1.28,404,5.18
2026-09-11T11:50:33.548,1789107633.5480,5100,200,2.56,477,6.12
2026-09-11T11:50:33.549,1789107633.5490,5101,-69,-0.88,477,6.12
2026-09-11T11:50:33.555,1789107633.5553,5102,-261,-3.35,461,5.91
2026-09-11T11:50:33.559,1789107633.5593,5103,-60,-0.77,461,5.91
2026-09-11T11:50:33.566,1789107633.5666,5104,240,3.08,501,6.42
2026-09-11T11:50:33.571,1789107633.5718,5105,-109,-1.4,501,6.42
2026-09-11T11:50:33.575,1789107633.5758,5106,-253,-3.24,493,6.32
2026-09-11T11:50:33.575,1789107633.5758,5107,-48,-0.62,493,6.32
2026-09-11T11:50:33.581,1789107633.5820,5108,232,2.97,485,6.22
2026-09-11T11:50:33.588,1789107633.5890,5109,108,1.38,485,6.22
2026-09-11T11:50:33.591,1789107633.5910,5110,-248,-3.18,480,6.15
2026-09-11T11:50:33.611,1789107633.6113,5111,-19,-0.24,480,6.15
2026-09-11T11:50:33.616,1789107633.6164,5112,213,2.73,461,5.91
2026-09-11T11:50:33.618,1789107633.6184,5113,72,0.92,461,5.91
2026-09-11T11:50:33.627,1789107633.6275,5114,-216,-2.77,429,5.5
2026-09-11T11:50:33.632,1789107633.6327,5115,1,0.01,429,5.5
2026-09-11T11:50:33.636,1789107633.6367,5116,209,2.68,425,5.45
2026-09-11T11:50:33.641,1789107633.6417,5117,48,0.62,425,5.45
2026-09-11T11:50:33.647,1789107633.6477,5118,-155,-1.99,364,4.67
2026-09-11T11:50:33.650,1789107633.6507,5119,37,0.47,364,4.67
2026-09-11T11:50:33.657,1789107633.6579,5120,165,2.12,320,4.1
2026-09-11T11:50:33.660,1789107633.6609,5121,13,0.17,320,4.1
2026-09-11T11:50:33.665,1789107633.6651,5122,-147,-1.88,312,4.0
2026-09-11T11:50:33.666,1789107633.6661,5123,34,0.44,312,4.0
2026-09-11T11:50:33.673,1789107633.6737,5124,85,1.09,232,2.97
2026-09-11T11:50:33.675,1789107633.6757,5125,-11,-0.14,232,2.97
2026-09-11T11:50:33.677,1789107633.6777,5126,-91,-1.17,176,2.26
2026-09-11T11:50:33.682,1789107633.6825,5127,10,0.13,176,2.26
2026-09-11T11:50:33.685,1789107633.6855,5128,-38,-0.49,101,1.29
2026-09-11T11:50:33.686,1789107633.6865,5129,-46,-0.59,101,1.29
2026-09-11T11:50:33.694,1789107633.6945,5130,18,0.23,64,0.82
2026-09-11T11:50:33.701,1789107633.7015,5131,34,0.44,80,1.03
2026-09-11T11:50:33.703,1789107633.7037,5132,-174,-2.23,208,2.67
2026-09-11T11:50:33.710,1789107633.7103,5133,-29,-0.37,208,2.67
2026-09-11T11:50:33.724,1789107633.7242,5134,259,3.32,433,5.55
2026-09-11T11:50:33.726,1789107633.7262,5135,190,2.44,433,5.55
2026-09-11T11:50:33.730,1789107633.7302,5136,-158,-2.03,417,5.35
2026-09-11T11:50:33.732,1789107633.7323,5137,70,0.9,417,5.35
2026-09-11T11:50:33.736,1789107633.7363,5138,350,4.49,508,6.51
2026-09-11T11:50:33.739,1789107633.7393,5139,228,2.92,508,6.51
2026-09-11T11:50:33.745,1789107633.7453,5140,-116,-1.49,466,5.97
2026-09-11T11:50:33.747,1789107633.7473,5141,112,1.44,466,5.97
2026-09-11T11:50:33.752,1789107633.7528,5142,380,4.87,496,6.36
2026-09-11T11:50:33.757,1789107633.7578,5143,235,3.01,496,6.36
2026-09-11T11:50:33.764,1789107633.7640,5144,-122,-1.56,502,6.44
2026-09-11T11:50:33.769,1789107633.7690,5145,178,2.28,502,6.44
2026-09-11T11:50:33.771,1789107633.7710,5146,390,5.0,512,6.56
2026-09-11T11:50:33.790,1789107633.7906,5147,200,2.56,512,6.56
2026-09-11T11:50:33.793,1789107633.7936,5148,-129,-1.65,519,6.65
2026-09-11T11:50:33.795,1789107633.7956,5149,-48,-0.62,519,6.65
2026-09-11T11:50:33.798,1789107633.7986,5150,399,5.12,528,6.77
2026-09-11T11:50:33.801,1789107633.8018,5151,182,2.33,528,6.77
2026-09-11T11:50:33.808,1789107633.8083,5152,-155,-1.99,554,7.1
2026-09-11T11:50:33.812,1789107633.8124,5153,-22,-0.28,554,7.1
2026-09-11T11:50:33.818,1789107633.8184,5154,381,4.88,536,6.87
2026-09-11T11:50:33.819,1789107633.8195,5155,143,1.83,536,6.87
2026-09-11T11:50:33.826,1789107633.8266,5156,-150,-1.92,531,6.81
2026-09-11T11:50:33.832,1789107633.8328,5157,-25,-0.32,531,6.81
2026-09-11T11:50:33.835,1789107633.8358,5158,362,4.64,512,6.56
2026-09-11T11:50:33.840,1789107633.8408,5159,97,1.24,512,6.56
2026-09-11T11:50:33.842,1789107633.8428,5160,-176,-2.26,538,6.9
2026-09-11T11:50:33.850,1789107633.8508,5161,5,0.06,538,6.9
2026-09-11T11:50:33.856,1789107633.8561,5162,325,4.17,501,6.42
2026-09-11T11:50:33.861,1789107633.8611,5163,46,0.59,501,6.42
2026-09-11T11:50:33.869,1789107633.8692,5164,-178,-2.28,503,6.45
2026-09-11T11:50:33.871,1789107633.8712,5165,7,0.09,503,6.45
2026-09-11T11:50:33.874,1789107633.8744,5166,319,4.09,497,6.37
2026-09-11T11:50:33.879,1789107633.8794,5167,-8,-0.1,497,6.37
2026-09-11T11:50:33.884,1789107633.8843,5168,-184,-2.36,503,6.45
2026-09-11T11:50:33.887,1789107633.8873,5169,9,0.12,503,6.45
2026-09-11T11:50:33.894,1789107633.8943,5170,341,4.37,525,6.73
2026-09-11T11:50:33.902,1789107633.9028,5171,276,3.54,525,6.73
2026-09-11T11:50:33.907,1789107633.9071,5172,-177,-2.27,518,6.64
2026-09-11T11:50:33.908,1789107633.9087,5173,20,0.26,518,6.64
2026-09-11T11:50:33.918,1789107633.9189,5174,332,4.26,509,6.53
2026-09-11T11:50:33.920,1789107633.9209,5175,242,3.1,509,6.53
2026-09-11T11:50:33.925,1789107633.9251,5176,-166,-2.13,498,6.38
2026-09-11T11:50:33.928,1789107633.9281,5177,42,0.54,498,6.38
2026-09-11T11:50:33.932,1789107633.9324,5178,350,4.49,516,6.62
2026-09-11T11:50:33.936,1789107633.9364,5179,213,2.73,516,6.62
2026-09-11T11:50:33.942,1789107633.9424,5180,-144,-1.85,494,6.33
2026-09-11T11:50:33.948,1789107633.9484,5181,57,0.73,494,6.33
2026-09-11T11:50:33.959,1789107633.9596,5182,341,4.37,485,6.22
2026-09-11T11:50:33.964,1789107633.9643,5183,184,2.36,485,6.22
2026-09-11T11:50:33.971,1789107633.9719,5184,-177,-2.27,518,6.64
2026-09-11T11:50:33.974,1789107633.9740,5185,84,1.08,518,6.64
2026-09-11T11:50:33.975,1789107633.9750,5186,344,4.41,521,6.68
2026-09-11T11:50:33.983,1789107633.9832,5187,139,1.78,521,6.68
2026-09-11T11:50:33.989,1789107633.9892,5188,-186,-2.38,530,6.79
2026-09-11T11:50:33.994,1789107633.9942,5189,-129,-1.65,530,6.79
2026-09-11T11:50:33.999,1789107633.9992,5190,315,4.04,501,6.42
2026-09-11T11:50:34.002,1789107634.0022,5191,105,1.35,501,6.42
2026-09-11T11:50:34.008,1789107634.0089,5192,-223,-2.86,538,6.9
2026-09-11T11:50:34.009,1789107634.0099,5193,-114,-1.46,538,6.9
2026-09-11T11:50:34.017,1789107634.0171,5194,314,4.03,537,6.88
2026-09-11T11:50:34.020,1789107634.0201,5195,81,1.04,537,6.88
2026-09-11T11:50:34.028,1789107634.0283,5196,-232,-2.97,546,7.0
2026-09-11T11:50:34.031,1789107634.0313,5197,-111,-1.42,546,7.0
2026-09-11T11:50:34.034,1789107634.0344,5198,289,3.71,521,6.68
2026-09-11T11:50:34.042,1789107634.0424,5199,52,0.67,521,6.68
2026-09-11T11:50:34.044,1789107634.0444,5200,-249,-3.19,538,6.9
2026-09-11T11:50:34.051,1789107634.0514,5201,-104,-1.33,538,6.9
2026-09-11T11:50:34.053,1789107634.0537,5202,225,2.88,474,6.08
2026-09-11T11:50:34.057,1789107634.0577,5203,-1,-0.01,474,6.08
2026-09-11T11:50:34.068,1789107634.0688,5204,-269,-3.45,494,6.33
2026-09-11T11:50:34.077,1789107634.0779,5205,-80,-1.03,494,6.33
2026-09-11T11:50:34.080,1789107634.0809,5206,244,3.13,513,6.58
2026-09-11T11:50:34.082,1789107634.0820,5207,-58,-0.74,513,6.58
2026-09-11T11:50:34.084,1789107634.0840,5208,-269,-3.45,513,6.58
2026-09-11T11:50:34.087,1789107634.0870,5209,-76,-0.97,513,6.58
2026-09-11T11:50:34.093,1789107634.0931,5210,252,3.23,521,6.68
2026-09-11T11:50:34.100,1789107634.1001,5211,219,2.81,521,6.68
2026-09-11T11:50:34.103,1789107634.1032,5212,-265,-3.4,517,6.63
2026-09-11T11:50:34.107,1789107634.1077,5213,-56,-0.72,517,6.63
2026-09-11T11:50:34.118,1789107634.1187,5214,264,3.38,529,6.78
2026-09-11T11:50:34.119,1789107634.1197,5215,191,2.45,529,6.78
2026-09-11T11:50:34.123,1789107634.1237,5216,-245,-3.14,509,6.53
2026-09-11T11:50:34.134,1789107634.1350,5217,-56,-0.72,509,6.53
2026-09-11T11:50:34.136,1789107634.1370,5218,276,3.54,521,6.68
2026-09-11T11:50:34.140,1789107634.1410,5219,155,1.99,521,6.68
2026-09-11T11:50:34.147,1789107634.1480,5220,-190,-2.44,466,5.97
2026-09-11T11:50:34.149,1789107634.1500,5221,-36,-0.46,466,5.97
2026-09-11T11:50:34.154,1789107634.1541,5222,268,3.44,458,5.87
2026-09-11T11:50:34.160,1789107634.1601,5223,139,1.78,458,5.87
2026-09-11T11:50:34.169,1789107634.1693,5224,-218,-2.79,486,6.23
2026-09-11T11:50:34.175,1789107634.1754,5225,12,0.15,486,6.23
2026-09-11T11:50:34.177,1789107634.1774,5226,284,3.64,502,6.44
2026-09-11T11:50:34.183,1789107634.1835,5227,107,1.37,502,6.44
2026-09-11T11:50:34.185,1789107634.1855,5228,-257,-3.29,541,6.94
2026-09-11T11:50:34.189,1789107634.1895,5229,-196,-2.51,541,6.94
2026-09-11T11:50:34.192,1789107634.1925,5230,272,3.49,529,6.78
2026-09-11T11:50:34.198,1789107634.1985,5231,79,1.01,529,6.78
2026-09-11T11:50:34.207,1789107634.2072,5232,-261,-3.35,533,6.83
2026-09-11T11:50:34.209,1789107634.2092,5233,-176,-2.26,533,6.83
2026-09-11T11:50:34.219,1789107634.2193,5234,268,3.44,529,6.78
2026-09-11T11:50:34.220,1789107634.2203,5235,67,0.86,529,6.78
2026-09-11T11:50:34.226,1789107634.2265,5236,-281,-3.6,549,7.04
2026-09-11T11:50:34.228,1789107634.2285,5237,-160,-2.05,549,7.04
2026-09-11T11:50:34.235,1789107634.2356,5238,244,3.13,525,6.73
2026-09-11T11:50:34.239,1789107634.2396,5239,31,0.4,525,6.73
2026-09-11T11:50:34.243,1789107634.2436,5240,-281,-3.6,525,6.73
2026-09-11T11:50:34.252,1789107634.2527,5241,-128,-1.64,525,6.73
2026-09-11T11:50:34.253,1789107634.2537,5242,168,2.15,449,5.76
2026-09-11T11:50:34.258,1789107634.2587,5243,7,0.09,449,5.76
2026-09-11T11:50:34.268,1789107634.2689,5244,-305,-3.91,473,6.06
2026-09-11T11:50:34.272,1789107634.2720,5245,-120,-1.54,473,6.06
2026-09-11T11:50:34.278,1789107634.2780,5246,197,2.53,502,6.44
2026-09-11T11:50:34.280,1789107634.2800,5247,-57,-0.73,502,6.44
2026-09-11T11:50:34.281,1789107634.2810,5248,-297,-3.81,494,6.33
2026-09-11T11:50:34.287,1789107634.2870,5249,-100,-1.28,494,6.33
2026-09-11T11:50:34.292,1789107634.2920,5250,209,2.68,506,6.49
2026-09-11T11:50:34.296,1789107634.2960,5251,196,2.51,506,6.49
2026-09-11T11:50:34.313,1789107634.3139,5252,-297,-3.81,506,6.49
2026-09-11T11:50:34.317,1789107634.3179,5253,-99,-1.27,506,6.49
2026-09-11T11:50:34.324,1789107634.3241,5254,233,2.99,530,6.79
2026-09-11T11:50:34.326,1789107634.3261,5255,176,2.26,530,6.79
2026-09-11T11:50:34.330,1789107634.3301,5256,-276,-3.54,509,6.53
2026-09-11T11:50:34.336,1789107634.3362,5257,-87,-1.12,509,6.53
2026-09-11T11:50:34.341,1789107634.3412,5258,237,3.04,513,6.58
2026-09-11T11:50:34.346,1789107634.3462,5259,157,2.01,513,6.58
2026-09-11T11:50:34.351,1789107634.3512,5260,-188,-2.41,425,5.45
2026-09-11T11:50:34.359,1789107634.3594,5261,-58,-0.74,425,5.45
2026-09-11T11:50:34.360,1789107634.3603,5262,246,3.15,434,5.56
2026-09-11T11:50:34.363,1789107634.3635,5263,133,1.71,434,5.56
2026-09-11T11:50:34.368,1789107634.3685,5264,-224,-2.87,470,6.03
2026-09-11T11:50:34.370,1789107634.3705,5265,-30,-0.38,470,6.03
2026-09-11T11:50:34.374,1789107634.3747,5266,243,3.12,467,5.99
2026-09-11T11:50:34.378,1789107634.3787,5267,94,1.21,467,5.99
2026-09-11T11:50:34.386,1789107634.3869,5268,-263,-3.37,506,6.49
2026-09-11T11:50:34.389,1789107634.3899,5269,-238,-3.05,506,6.49
2026-09-11T11:50:34.396,1789107634.3969,5270,259,3.32,522,6.69
2026-09-11T11:50:34.399,1789107634.3999,5271,94,1.21,522,6.69
2026-09-11T11:50:34.401,1789107634.4020,5272,-266,-3.41,525,6.73
2026-09-11T11:50:34.409,1789107634.4095,5273,-201,-2.58,525,6.73
2026-09-11T11:50:34.419,1789107634.4197,5274,259,3.32,525,6.73
2026-09-11T11:50:34.421,1789107634.4213,5275,82,1.05,525,6.73
2026-09-11T11:50:34.431,1789107634.4317,5276,-242,-3.1,501,6.42
2026-09-11T11:50:34.433,1789107634.4337,5277,-161,-2.06,501,6.42
2026-09-11T11:50:34.437,1789107634.4377,5278,136,1.74,378,4.85
2026-09-11T11:50:34.438,1789107634.4387,5279,66,0.85,378,4.85
2026-09-11T11:50:34.444,1789107634.4447,5280,-270,-3.46,406,5.21
2026-09-11T11:50:34.448,1789107634.4487,5281,-133,-1.71,406,5.21
2026-09-11T11:50:34.453,1789107634.4533,5282,163,2.09,433,5.55
2026-09-11T11:50:34.460,1789107634.4603,5283,30,0.38,433,5.55
2026-09-11T11:50:34.463,1789107634.4635,5284,-274,-3.51,437,5.6
2026-09-11T11:50:34.469,1789107634.4695,5285,-125,-1.6,437,5.6
2026-09-11T11:50:34.475,1789107634.4757,5286,191,2.45,465,5.96
2026-09-11T11:50:34.477,1789107634.4777,5287,-23,-0.29,465,5.96
2026-09-11T11:50:34.496,1789107634.4961,5288,-291,-3.73,482,6.18
2026-09-11T11:50:34.501,1789107634.5014,5289,-97,-1.24,482,6.18
2026-09-11T11:50:34.503,1789107634.5034,5290,211,2.71,502,6.44
2026-09-11T11:50:34.505,1789107634.5054,5291,234,3.0,525,6.73
2026-09-11T11:50:34.508,1789107634.5090,5292,-278,-3.56,512,6.56
2026-09-11T11:50:34.514,1789107634.5141,5293,-85,-1.09,512,6.56
2026-09-11T11:50:34.521,1789107634.5211,5294,235,3.01,513,6.58
2026-09-11T11:50:34.523,1789107634.5232,5295,198,2.54,513,6.58
2026-09-11T11:50:34.527,1789107634.5272,5296,-286,-3.67,521,6.68
2026-09-11T11:50:34.531,1789107634.5316,5297,-77,-0.99,521,6.68
2026-09-11T11:50:34.540,1789107634.5410,5298,239,3.06,525,6.73
2026-09-11T11:50:34.542,1789107634.5430,5299,174,2.23,525,6.73
2026-09-11T11:50:34.547,1789107634.5480,5300,-151,-1.94,390,5.0
2026-09-11T11:50:34.549,1789107634.5500,5301,-57,-0.73,390,5.0
2026-09-11T11:50:34.550,1789107634.5510,5302,251,3.22,402,5.15
2026-09-11T11:50:34.559,1789107634.5592,5303,146,1.87,402,5.15
2026-09-11T11:50:34.568,1789107634.5685,5304,-198,-2.54,449,5.76
2026-09-11T11:50:34.570,1789107634.5705,5305,-45,-0.58,449,5.76
2026-09-11T11:50:34.578,1789107634.5782,5306,252,3.23,450,5.77
2026-09-11T11:50:34.582,1789107634.5824,5307,127,1.63,450,5.77
2026-09-11T11:50:34.585,1789107634.5854,5308,-230,-2.95,482,6.18
2026-09-11T11:50:34.587,1789107634.5874,5309,-241,-3.09,493,6.32
2026-09-11T11:50:34.597,1789107634.5974,5310,252,3.23,493,6.32
2026-09-11T11:50:34.598,1789107634.5984,5311,99,1.27,493,6.32
2026-09-11T11:50:34.608,1789107634.6081,5312,-261,-3.35,513,6.58
2026-09-11T11:50:34.610,1789107634.6101,5313,-220,-2.82,513,6.58
2026-09-11T11:50:34.616,1789107634.6162,5314,256,3.28,517,6.63
2026-09-11T11:50:34.621,1789107634.6213,5315,79,1.01,517,6.63
2026-09-11T11:50:34.628,1789107634.6284,5316,-277,-3.55,533,6.83
2026-09-11T11:50:34.630,1789107634.6304,5317,-196,-2.51,533,6.83
2026-09-11T11:50:34.633,1789107634.6336,5318,57,0.73,356,4.56
2026-09-11T11:50:34.637,1789107634.6376,5319,64,0.82,341,4.37
2026-09-11T11:50:34.640,1789107634.6406,5320,-284,-3.64,348,4.46
2026-09-11T11:50:34.646,1789107634.6466,5321,-171,-2.19,348,4.46
2026-09-11T11:50:34.652,1789107634.6528,5322,117,1.5,401,5.14
2026-09-11T11:50:34.655,1789107634.6558,5323,28,0.36,401,5.14
2026-09-11T11:50:34.675,1789107634.6758,5324,-284,-3.64,401,5.14
2026-09-11T11:50:34.681,1789107634.6810,5325,-155,-1.99,401,5.14
2026-09-11T11:50:34.682,1789107634.6828,5326,157,2.01,441,5.65
2026-09-11T11:50:34.685,1789107634.6858,5327,-24,-0.31,441,5.65
2026-09-11T11:50:34.688,1789107634.6888,5328,-292,-3.74,449,5.76
2026-09-11T11:50:34.693,1789107634.6938,5329,-115,-1.47,449,5.76
2026-09-11T11:50:34.698,1789107634.6988,5330,194,2.49,486,6.23
2026-09-11T11:50:34.703,1789107634.7037,5331,245,3.14,537,6.88
2026-09-11T11:50:34.707,1789107634.7078,5332,-284,-3.64,529,6.78
2026-09-11T11:50:34.712,1789107634.7129,5333,-91,-1.17,529,6.78
2026-09-11T11:50:34.723,1789107634.7231,5334,218,2.79,529,6.78
2026-09-11T11:50:34.728,1789107634.7281,5335,209,2.68,502,6.44
2026-09-11T11:50:34.729,1789107634.7291,5336,-276,-3.54,494,6.33
2026-09-11T11:50:34.731,1789107634.7311,5337,-75,-0.96,494,6.33
2026-09-11T11:50:34.733,1789107634.7332,5338,258,3.31,534,6.85
2026-09-11T11:50:34.740,1789107634.7402,5339,201,2.58,534,6.85
2026-09-11T11:50:34.743,1789107634.7432,5340,-132,-1.69,390,5.0
2026-09-11T11:50:34.747,1789107634.7472,5341,-67,-0.86,390,5.0
2026-09-11T11:50:34.753,1789107634.7534,5342,254,3.26,386,4.95
2026-09-11T11:50:34.761,1789107634.7614,5343,173,2.22,386,4.95
2026-09-11T11:50:34.764,1789107634.7646,5344,-164,-2.1,418,5.36
2026-09-11T11:50:34.770,1789107634.7706,5345,-51,-0.65,418,5.36
2026-09-11T11:50:34.776,1789107634.7768,5346,50,0.64,337,4.32
2026-09-11T11:50:34.780,1789107634.7808,5347,-55,-0.71,214,2.74
2026-09-11T11:50:34.783,1789107634.7839,5348,-142,-1.82,192,2.46
2026-09-11T11:50:34.792,1789107634.7929,5349,-174,-2.23,224,2.87
2026-09-11T11:50:34.796,1789107634.7969,5350,-412,-5.28,357,4.58
2026-09-11T11:50:34.797,1789107634.7979,5351,-338,-4.33,270,3.46
2026-09-11T11:50:34.806,1789107634.8060,5352,-81,-1.04,331,4.24
2026-09-11T11:50:34.809,1789107634.8095,5353,-93,-1.19,331,4.24
2026-09-11T11:50:34.817,1789107634.8177,5354,-491,-6.29,410,5.26
2026-09-11T11:50:34.820,1789107634.8207,5355,-333,-4.27,410,5.26
2026-09-11T11:50:34.822,1789107634.8229,5356,0,0.0,491,6.29
2026-09-11T11:50:34.826,1789107634.8269,5357,-36,-0.46,491,6.29
2026-09-11T11:50:34.833,1789107634.8334,5358,-276,-3.54,333,4.27
2026-09-11T11:50:34.835,1789107634.8354,5359,-293,-3.76,293,3.76
2026-09-11T11:50:34.851,1789107634.8518,5360,56,0.72,349,4.47
2026-09-11T11:50:34.857,1789107634.8578,5361,-28,-0.36,349,4.47
2026-09-11T11:50:34.862,1789107634.8629,5362,-300,-3.85,356,4.56
2026-09-11T11:50:34.863,1789107634.8639,5363,-225,-2.88,356,4.56
2026-09-11T11:50:34.869,1789107634.8699,5364,96,1.23,396,5.08
2026-09-11T11:50:34.876,1789107634.8760,5365,-13,-0.17,396,5.08
2026-09-11T11:50:34.879,1789107634.8790,5366,-300,-3.85,396,5.08
2026-09-11T11:50:34.882,1789107634.8822,5367,-150,-1.92,396,5.08
2026-09-11T11:50:34.886,1789107634.8862,5368,119,1.53,419,5.37
2026-09-11T11:50:34.892,1789107634.8922,5369,-30,-0.38,419,5.37
2026-09-11T11:50:34.894,1789107634.8942,5370,-309,-3.96,428,5.49
2026-09-11T11:50:34.902,1789107634.9024,5371,-372,-4.77,491,6.29
2026-09-11T11:50:34.906,1789107634.9064,5372,114,1.46,486,6.23
2026-09-11T11:50:34.909,1789107634.9095,5373,-51,-0.65,486,6.23
2026-09-11T11:50:34.917,1789107634.9177,5374,-319,-4.09,486,6.23
2026-09-11T11:50:34.919,1789107634.9197,5375,-321,-4.12,435,5.58
2026-09-11T11:50:34.925,1789107634.9256,5376,64,0.82,385,4.94
2026-09-11T11:50:34.926,1789107634.9266,5377,-92,-1.18,385,4.94
2026-09-11T11:50:34.934,1789107634.9349,5378,-304,-3.9,385,4.94
2026-09-11T11:50:34.940,1789107634.9409,5379,-271,-3.47,368,4.72
2026-09-11T11:50:34.943,1789107634.9439,5380,-105,-1.35,212,2.72
2026-09-11T11:50:34.951,1789107634.9519,5381,-173,-2.22,199,2.55
2026-09-11T11:50:34.953,1789107634.9531,5382,-224,-2.87,166,2.13
2026-09-11T11:50:34.962,1789107634.9623,5383,-179,-2.29,119,1.53
2026-09-11T11:50:34.973,1789107634.9735,5384,-147,-1.88,77,0.99
2026-09-11T11:50:34.975,1789107634.9755,5385,-189,-2.42,77,0.99
2026-09-11T11:50:34.979,1789107634.9795,5386,-109,-1.4,80,1.03
2026-09-11T11:50:34.981,1789107634.9817,5387,-92,-1.18,97,1.24
2026-09-11T11:50:34.987,1789107634.9877,5388,-192,-2.46,100,1.28
2026-09-11T11:50:34.990,1789107634.9907,5389,-259,-3.32,167,2.14
2026-09-11T11:50:34.992,1789107634.9927,5390,-5,-0.06,254,3.26
2026-09-11T11:50:34.996,1789107634.9967,5391,-29,-0.37,254,3.26
2026-09-11T11:50:35.003,1789107635.0036,5392,-197,-2.53,254,3.26
2026-09-11T11:50:35.008,1789107635.0081,5393,-232,-2.97,227,2.91
2026-09-11T11:50:35.014,1789107635.0143,5394,77,0.99,309,3.96
2026-09-11T11:50:35.019,1789107635.0193,5395,25,0.32,309,3.96
2026-09-11T11:50:35.021,1789107635.0213,5396,-216,-2.77,309,3.96
2026-09-11T11:50:35.039,1789107635.0399,5397,-223,-2.86,300,3.85
2026-09-11T11:50:35.043,1789107635.0439,5398,-42,-0.54,248,3.18
2026-09-11T11:50:35.047,1789107635.0479,5399,46,0.59,269,3.45
2026-09-11T11:50:35.049,1789107635.0499,5400,-262,-3.36,308,3.95
2026-09-11T11:50:35.054,1789107635.0541,5401,-217,-2.78,308,3.95
2026-09-11T11:50:35.060,1789107635.0601,5402,15,0.19,308,3.95
2026-09-11T11:50:35.064,1789107635.0643,5403,27,0.35,289,3.71
2026-09-11T11:50:35.074,1789107635.0744,5404,-290,-3.72,317,4.06
2026-09-11T11:50:35.077,1789107635.0774,5405,-204,-2.62,317,4.06
2026-09-11T11:50:35.084,1789107635.0846,5406,76,0.97,366,4.69
2026-09-11T11:50:35.086,1789107635.0866,5407,47,0.6,366,4.69
2026-09-11T11:50:35.092,1789107635.0925,5408,-281,-3.6,357,4.58
2026-09-11T11:50:35.094,1789107635.0947,5409,-148,-1.9,357,4.58
2026-09-11T11:50:35.096,1789107635.0963,5410,161,2.06,442,5.67
2026-09-11T11:50:35.098,1789107635.0984,5411,260,3.33,541,6.94
2026-09-11T11:50:35.107,1789107635.1076,5412,-273,-3.5,533,6.83
2026-09-11T11:50:35.109,1789107635.1090,5413,-112,-1.44,533,6.83
2026-09-11T11:50:35.119,1789107635.1191,5414,208,2.67,533,6.83
2026-09-11T11:50:35.121,1789107635.1211,5415,272,3.49,545,6.99
2026-09-11T11:50:35.126,1789107635.1263,5416,-273,-3.5,545,6.99
2026-09-11T11:50:35.129,1789107635.1293,5417,-84,-1.08,545,6.99
2026-09-11T11:50:35.136,1789107635.1364,5418,236,3.03,545,6.99
2026-09-11T11:50:35.138,1789107635.1384,5419,251,3.22,524,6.72
2026-09-11T11:50:35.145,1789107635.1454,5420,-62,-0.79,335,4.29
2026-09-11T11:50:35.149,1789107635.1494,5421,-81,-1.04,332,4.26
2026-09-11T11:50:35.152,1789107635.1524,5422,260,3.33,341,4.37
2026-09-11T11:50:35.160,1789107635.1605,5423,227,2.91,341,4.37
2026-09-11T11:50:35.170,1789107635.1707,5424,-122,-1.56,382,4.9
2026-09-11T11:50:35.173,1789107635.1738,5425,-53,-0.68,382,4.9
2026-09-11T11:50:35.177,1789107635.1778,5426,267,3.42,389,4.99
2026-09-11T11:50:35.181,1789107635.1820,5427,202,2.59,389,4.99
2026-09-11T11:50:35.183,1789107635.1839,5428,-142,-1.82,409,5.24
2026-09-11T11:50:35.189,1789107635.1899,5429,-250,-3.21,517,6.63
2026-09-11T11:50:35.192,1789107635.1929,5430,295,3.78,545,6.99
2026-09-11T11:50:35.195,1789107635.1960,5431,170,2.18,545,6.99
2026-09-11T11:50:35.201,1789107635.2020,5432,-195,-2.5,545,6.99
2026-09-11T11:50:35.208,1789107635.2085,5433,-226,-2.9,521,6.68
2026-09-11T11:50:35.226,1789107635.2264,5434,291,3.73,517,6.63
2026-09-11T11:50:35.230,1789107635.2304,5435,150,1.92,517,6.63
2026-09-11T11:50:35.236,1789107635.2365,5436,-211,-2.71,517,6.63
2026-09-11T11:50:35.244,1789107635.2445,5437,-214,-2.74,505,6.47
2026-09-11T11:50:35.247,1789107635.2475,5438,19,0.24,364,4.67
2026-09-11T11:50:35.253,1789107635.2537,5439,122,1.56,336,4.31
2026-09-11T11:50:35.257,1789107635.2577,5440,-231,-2.96,353,4.53
2026-09-11T11:50:35.263,1789107635.2634,5441,-186,-2.38,353,4.53
2026-09-11T11:50:35.270,1789107635.2704,5442,55,0.71,353,4.53
2026-09-11T11:50:35.272,1789107635.2726,5443,102,1.31,333,4.27
2026-09-11T11:50:35.279,1789107635.2796,5444,-251,-3.22,353,4.53
2026-09-11T11:50:35.281,1789107635.2817,5445,-170,-2.18,353,4.53
2026-09-11T11:50:35.282,1789107635.2827,5446,119,1.53,370,4.74
2026-09-11T11:50:35.284,1789107635.2847,5447,77,0.99,370,4.74
2026-09-11T11:50:35.285,1789107635.2857,5448,-263,-3.37,382,4.9
2026-09-11T11:50:35.287,1789107635.2877,5449,-154,-1.97,382,4.9
2026-09-11T11:50:35.293,1789107635.2937,5450,159,2.04,422,5.41
2026-09-11T11:50:35.301,1789107635.3018,5451,262,3.36,525,6.73
2026-09-11T11:50:35.303,1789107635.3038,5452,-275,-3.53,537,6.88
2026-09-11T11:50:35.312,1789107635.3122,5453,-138,-1.77,537,6.88
2026-09-11T11:50:35.315,1789107635.3152,5454,198,2.54,537,6.88
2026-09-11T11:50:35.321,1789107635.3212,5455,262,3.36,537,6.88
2026-09-11T11:50:35.322,1789107635.3224,5456,-275,-3.53,537,6.88
2026-09-11T11:50:35.331,1789107635.3316,5457,-98,-1.26,537,6.88
2026-09-11T11:50:35.333,1789107635.3337,5458,214,2.74,537,6.88
2026-09-11T11:50:35.343,1789107635.3437,5459,253,3.24,528,6.77
2026-09-11T11:50:35.347,1789107635.3477,5460,-32,-0.41,351,4.5
2026-09-11T11:50:35.350,1789107635.3507,5461,-91,-1.17,344,4.41
2026-09-11T11:50:35.355,1789107635.3560,5462,238,3.05,344,4.41
2026-09-11T11:50:35.359,1789107635.3600,5463,209,2.68,329,4.22
2026-09-11T11:50:35.366,1789107635.3661,5464,-92,-1.18,330,4.23
2026-09-11T11:50:35.370,1789107635.3701,5465,-70,-0.9,330,4.23
2026-09-11T11:50:35.373,1789107635.3733,5466,246,3.15,338,4.33
2026-09-11T11:50:35.378,1789107635.3783,5467,201,2.58,338,4.33
2026-09-11T11:50:35.381,1789107635.3817,5468,-148,-1.9,394,5.05
2026-09-11T11:50:35.387,1789107635.3877,5469,-271,-3.47,517,6.63
2026-09-11T11:50:35.390,1789107635.3907,5470,262,3.36,533,6.83
2026-09-11T11:50:35.407,1789107635.4071,5471,169,2.17,533,6.83
2026-09-11T11:50:35.411,1789107635.4117,5472,-172,-2.21,533,6.83
2026-09-11T11:50:35.415,1789107635.4159,5473,-271,-3.47,533,6.83
2026-09-11T11:50:35.419,1789107635.4196,5474,282,3.62,553,7.09
2026-09-11T11:50:35.425,1789107635.4257,5475,157,2.01,553,7.09
2026-09-11T11:50:35.428,1789107635.4287,5476,-212,-2.72,553,7.09
2026-09-11T11:50:35.432,1789107635.4329,5477,-239,-3.06,521,6.68
2026-09-11T11:50:35.436,1789107635.4369,5478,-6,-0.08,396,5.08
2026-09-11T11:50:35.443,1789107635.4439,5479,117,1.5,356,4.56
2026-09-11T11:50:35.444,1789107635.4449,5480,-255,-3.27,372,4.77
2026-09-11T11:50:35.453,1789107635.4530,5481,-218,-2.79,372,4.77
2026-09-11T11:50:35.457,1789107635.4570,5482,26,0.33,372,4.77
2026-09-11T11:50:35.460,1789107635.4600,5483,97,1.24,352,4.51
2026-09-11T11:50:35.468,1789107635.4682,5484,-259,-3.32,356,4.56
2026-09-11T11:50:35.470,1789107635.4702,5485,-214,-2.74,356,4.56
2026-09-11T11:50:35.477,1789107635.4773,5486,63,0.81,356,4.56
2026-09-11T11:50:35.478,1789107635.4783,5487,81,1.04,340,4.36
2026-09-11T11:50:35.487,1789107635.4871,5488,-275,-3.53,356,4.56
2026-09-11T11:50:35.488,1789107635.4881,5489,-182,-2.33,356,4.56
2026-09-11T11:50:35.495,1789107635.4951,5490,103,1.32,378,4.85
2026-09-11T11:50:35.497,1789107635.4971,5491,271,3.47,546,7.0
2026-09-11T11:50:35.503,1789107635.5031,5492,-287,-3.68,558,7.15
2026-09-11T11:50:35.515,1789107635.5153,5493,-154,-1.97,558,7.15
2026-09-11T11:50:35.520,1789107635.5203,5494,139,1.78,558,7.15
2026-09-11T11:50:35.522,1789107635.5225,5495,266,3.41,553,7.09
2026-09-11T11:50:35.523,1789107635.5235,5496,-291,-3.73,557,7.14
2026-09-11T11:50:35.530,1789107635.5304,5497,-130,-1.67,557,7.14
2026-09-11T11:50:35.533,1789107635.5337,5498,195,2.5,557,7.14
2026-09-11T11:50:35.542,1789107635.5427,5499,238,3.05,529,6.78
2026-09-11T11:50:35.543,1789107635.5437,5500,-27,-0.35,368,4.72
2026-09-11T11:50:35.546,1789107635.5461,5501,-109,-1.4,347,4.45
2026-09-11T11:50:35.553,1789107635.5531,5502,215,2.76,347,4.45
2026-09-11T11:50:35.556,1789107635.5561,5503,214,2.74,324,4.15
2026-09-11T11:50:35.576,1789107635.5762,5504,-67,-0.86,324,4.15
2026-09-11T11:50:35.581,1789107635.5812,5505,-89,-1.14,304,3.9
2026-09-11T11:50:35.587,1789107635.5873,5506,231,2.96,320,4.1
2026-09-11T11:50:35.589,1789107635.5893,5507,202,2.59,320,4.1
2026-09-11T11:50:35.591,1789107635.5914,5508,-127,-1.63,358,4.59
2026-09-11T11:50:35.596,1789107635.5964,5509,-278,-3.56,509,6.53
2026-09-11T11:50:35.601,1789107635.6014,5510,251,3.22,529,6.78
2026-09-11T11:50:35.606,1789107635.6065,5511,186,2.38,529,6.78
2026-09-11T11:50:35.611,1789107635.6111,5512,-170,-2.18,529,6.78
2026-09-11T11:50:35.616,1789107635.6162,5513,-266,-3.41,517,6.63
2026-09-11T11:50:35.626,1789107635.6263,5514,271,3.47,537,6.88
2026-09-11T11:50:35.629,1789107635.6293,5515,170,2.18,537,6.88
2026-09-11T11:50:35.632,1789107635.6325,5516,-194,-2.49,537,6.88
2026-09-11T11:50:35.634,1789107635.6345,5517,-242,-3.1,513,6.58
2026-09-11T11:50:35.636,1789107635.6365,5518,-25,-0.32,412,5.28
2026-09-11T11:50:35.638,1789107635.6385,5519,130,1.67,372,4.77
2026-09-11T11:50:35.643,1789107635.6435,5520,-214,-2.74,372,4.77
2026-09-11T11:50:35.648,1789107635.6485,5521,-225,-2.88,355,4.55
2026-09-11T11:50:35.653,1789107635.6537,5522,-8,-0.1,355,4.55
2026-09-11T11:50:35.660,1789107635.6607,5523,115,1.47,340,4.36
2026-09-11T11:50:35.665,1789107635.6658,5524,-242,-3.1,357,4.58
2026-09-11T11:50:35.670,1789107635.6704,5525,-197,-2.53,357,4.58
2026-09-11T11:50:35.672,1789107635.6725,5526,40,0.51,357,4.58
2026-09-11T11:50:35.680,1789107635.6805,5527,99,1.27,341,4.37
2026-09-11T11:50:35.682,1789107635.6826,5528,-246,-3.15,345,4.42
2026-09-11T11:50:35.692,1789107635.6922,5529,-173,-2.22,345,4.42
2026-09-11T11:50:35.697,1789107635.6972,5530,92,1.18,345,4.42
2026-09-11T11:50:35.698,1789107635.6982,5531,271,3.47,517,6.63
2026-09-11T11:50:35.706,1789107635.7064,5532,-266,-3.41,537,6.88
2026-09-11T11:50:35.709,1789107635.7099,5533,-153,-1.96,537,6.88
2026-09-11T11:50:35.719,1789107635.7191,5534,128,1.64,537,6.88
2026-09-11T11:50:35.722,1789107635.7222,5535,259,3.32,525,6.73
2026-09-11T11:50:35.723,1789107635.7232,5536,-278,-3.56,537,6.88
2026-09-11T11:50:35.726,1789107635.7262,5537,-133,-1.71,537,6.88
2026-09-11T11:50:35.732,1789107635.7322,5538,180,2.31,537,6.88
2026-09-11T11:50:35.735,1789107635.7352,5539,251,3.22,529,6.78
2026-09-11T11:50:35.742,1789107635.7422,5540,-6,-0.08,384,4.92
2026-09-11T11:50:35.752,1789107635.7521,5541,-117,-1.5,368,4.72
2026-09-11T11:50:35.754,1789107635.7543,5542,196,2.51,368,4.72
2026-09-11T11:50:35.759,1789107635.7593,5543,223,2.86,340,4.36
2026-09-11T11:50:35.769,1789107635.7694,5544,-50,-0.64,340,4.36
2026-09-11T11:50:35.776,1789107635.7765,5545,-109,-1.4,332,4.26
2026-09-11T11:50:35.780,1789107635.7805,5546,216,2.77,332,4.26
2026-09-11T11:50:35.785,1789107635.7857,5547,207,2.65,325,4.17
2026-09-11T11:50:35.792,1789107635.7927,5548,-94,-1.21,325,4.17
2026-09-11T11:50:35.798,1789107635.7987,5549,-290,-3.72,506,6.49
2026-09-11T11:50:35.800,1789107635.8007,5550,236,3.03,526,6.74
2026-09-11T11:50:35.802,1789107635.8028,5551,191,2.45,526,6.74
2026-09-11T11:50:35.806,1789107635.8068,5552,-146,-1.87,526,6.74
2026-09-11T11:50:35.808,1789107635.8089,5553,-277,-3.55,513,6.58
2026-09-11T11:50:35.815,1789107635.8160,5554,256,3.28,533,6.83
2026-09-11T11:50:35.822,1789107635.8221,5555,167,2.14,533,6.83
2026-09-11T11:50:35.826,1789107635.8261,5556,-182,-2.33,533,6.83
2026-09-11T11:50:35.832,1789107635.8323,5557,-277,-3.55,533,6.83
2026-09-11T11:50:35.835,1789107635.8353,5558,-60,-0.77,444,5.69
2026-09-11T11:50:35.840,1789107635.8403,5559,139,1.78,416,5.33
2026-09-11T11:50:35.844,1789107635.8443,5560,-221,-2.83,416,5.33
2026-09-11T11:50:35.847,1789107635.8473,5561,-252,-3.23,391,5.01
2026-09-11T11:50:35.853,1789107635.8539,5562,-31,-0.4,391,5.01
2026-09-11T11:50:35.856,1789107635.8569,5563,120,1.54,372,4.77
2026-09-11T11:50:35.869,1789107635.8693,5564,-257,-3.29,377,4.83
2026-09-11T11:50:35.871,1789107635.8713,5565,-224,-2.87,377,4.83
2026-09-11T11:50:35.874,1789107635.8745,5566,1,0.01,377,4.83
2026-09-11T11:50:35.878,1789107635.8785,5567,104,1.33,361,4.63
2026-09-11T11:50:35.883,1789107635.8836,5568,-252,-3.23,356,4.56
2026-09-11T11:50:35.892,1789107635.8927,5569,-219,-2.81,356,4.56
2026-09-11T11:50:35.894,1789107635.8944,5570,66,0.85,356,4.56
2026-09-11T11:50:35.897,1789107635.8971,5571,273,3.5,525,6.73
2026-09-11T11:50:35.903,1789107635.9039,5572,-280,-3.59,553,7.09
2026-09-11T11:50:35.906,1789107635.9065,5573,-183,-2.35,553,7.09
2026-09-11T11:50:35.927,1789107635.9275,5574,90,1.15,553,7.09
2026-09-11T11:50:35.933,1789107635.9336,5575,261,3.35,541,6.94
2026-09-11T11:50:35.938,1789107635.9386,5576,-284,-3.64,545,6.99
2026-09-11T11:50:35.939,1789107635.9396,5577,-163,-2.09,545,6.99
2026-09-11T11:50:35.941,1789107635.9416,5578,134,1.72,545,6.99
2026-09-11T11:50:35.947,1789107635.9476,5579,253,3.24,537,6.88
2026-09-11T11:50:35.951,1789107635.9518,5580,8,0.1,416,5.33
2026-09-11T11:50:35.958,1789107635.9588,5581,-134,-1.72,387,4.96
2026-09-11T11:50:35.963,1789107635.9639,5582,154,1.97,387,4.96
2026-09-11T11:50:35.966,1789107635.9669,5583,225,2.88,359,4.6
2026-09-11T11:50:35.975,1789107635.9752,5584,-23,-0.29,359,4.6
2026-09-11T11:50:35.978,1789107635.9782,5585,-114,-1.46,339,4.35
2026-09-11T11:50:35.981,1789107635.9812,5586,206,2.64,339,4.35
2026-09-11T11:50:35.983,1789107635.9833,5587,222,2.85,336,4.31
2026-09-11T11:50:35.984,1789107635.9843,5588,-71,-0.91,336,4.31
2026-09-11T11:50:35.988,1789107635.9883,5589,-299,-3.83,521,6.68
2026-09-11T11:50:35.993,1789107635.9933,5590,211,2.71,521,6.68
2026-09-11T11:50:35.996,1789107635.9963,5591,206,2.64,510,6.54
2026-09-11T11:50:36.003,1789107636.0036,5592,-127,-1.63,510,6.54
2026-09-11T11:50:36.011,1789107636.0111,5593,-303,-3.88,514,6.59
2026-09-11T11:50:36.017,1789107636.0172,5594,231,2.96,534,6.85
2026-09-11T11:50:36.020,1789107636.0202,5595,178,2.28,534,6.85
2026-09-11T11:50:36.028,1789107636.0283,5596,-175,-2.24,534,6.85
2026-09-11T11:50:36.031,1789107636.0313,5597,-302,-3.87,533,6.83
2026-09-11T11:50:36.034,1789107636.0345,5598,-81,-1.04,480,6.15
2026-09-11T11:50:36.042,1789107636.0425,5599,155,1.99,457,5.86
2026-09-11T11:50:36.044,1789107636.0445,5600,-194,-2.49,457,5.86
2026-09-11T11:50:36.049,1789107636.0495,5601,-269,-3.45,424,5.44
2026-09-11T11:50:36.051,1789107636.0515,5602,-40,-0.51,424,5.44
2026-09-11T11:50:36.059,1789107636.0596,5603,131,1.68,400,5.13
2026-09-11T11:50:36.067,1789107636.0677,5604,-226,-2.9,400,5.13
2026-09-11T11:50:36.070,1789107636.0707,5605,-245,-3.14,376,4.82
2026-09-11T11:50:36.073,1789107636.0738,5606,-32,-0.41,376,4.82
2026-09-11T11:50:36.076,1789107636.0768,5607,115,1.47,360,4.62
2026-09-11T11:50:36.083,1789107636.0831,5608,-245,-3.14,360,4.62
2026-09-11T11:50:36.086,1789107636.0861,5609,-216,-2.77,360,4.62
2026-09-11T11:50:36.106,1789107636.1064,5610,17,0.22,360,4.62
2026-09-11T11:50:36.114,1789107636.1141,5611,273,3.5,518,6.64
2026-09-11T11:50:36.116,1789107636.1161,5612,-253,-3.24,526,6.74
2026-09-11T11:50:36.117,1789107636.1171,5613,-204,-2.62,526,6.74
2026-09-11T11:50:36.123,1789107636.1232,5614,61,0.78,526,6.74
2026-09-11T11:50:36.128,1789107636.1283,5615,261,3.35,514,6.59
2026-09-11T11:50:36.130,1789107636.1303,5616,-281,-3.6,542,6.95
2026-09-11T11:50:36.134,1789107636.1345,5617,-168,-2.15,542,6.95
2026-09-11T11:50:36.139,1789107636.1395,5618,121,1.55,542,6.95
2026-09-11T11:50:36.146,1789107636.1465,5619,249,3.19,530,6.79
2026-09-11T11:50:36.148,1789107636.1485,5620,28,0.36,417,5.35
2026-09-11T11:50:36.155,1789107636.1556,5621,-159,-2.04,408,5.23
2026-09-11T11:50:36.159,1789107636.1596,5622,157,2.01,408,5.23
2026-09-11T11:50:36.162,1789107636.1628,5623,241,3.09,400,5.13
2026-09-11T11:50:36.167,1789107636.1678,5624,4,0.05,400,5.13
2026-09-11T11:50:36.168,1789107636.1688,5625,-135,-1.73,376,4.82
2026-09-11T11:50:36.176,1789107636.1769,5626,193,2.47,376,4.82
2026-09-11T11:50:36.178,1789107636.1789,5627,229,2.94,364,4.67
2026-09-11T11:50:36.183,1789107636.1830,5628,-40,-0.51,364,4.67
2026-09-11T11:50:36.194,1789107636.1941,5629,-296,-3.79,525,6.73
2026-09-11T11:50:36.197,1789107636.1971,5630,214,2.74,525,6.73
2026-09-11T11:50:36.199,1789107636.1991,5631,213,2.73,510,6.54
2026-09-11T11:50:36.205,1789107636.2052,5632,-96,-1.23,510,6.54
2026-09-11T11:50:36.207,1789107636.2072,5633,-288,-3.69,502,6.44
2026-09-11T11:50:36.219,1789107636.2197,5634,230,2.95,518,6.64
2026-09-11T11:50:36.219,1789107636.2197,5635,181,2.32,518,6.64
2026-09-11T11:50:36.227,1789107636.2279,5636,-128,-1.64,518,6.64
2026-09-11T11:50:36.232,1789107636.2321,5637,-307,-3.94,537,6.88
2026-09-11T11:50:36.234,1789107636.2341,5638,-86,-1.1,488,6.26
2026-09-11T11:50:36.237,1789107636.2371,5639,173,2.22,480,6.15
2026-09-11T11:50:36.244,1789107636.2441,5640,-179,-2.29,480,6.15
2026-09-11T11:50:36.248,1789107636.2481,5641,-283,-3.63,456,5.85
2026-09-11T11:50:36.254,1789107636.2543,5642,-70,-0.9,456,5.85
2026-09-11T11:50:36.257,1789107636.2573,5643,142,1.82,425,5.45
2026-09-11T11:50:36.263,1789107636.2634,5644,-199,-2.55,425,5.45
2026-09-11T11:50:36.269,1789107636.2694,5645,-262,-3.36,404,5.18
2026-09-11T11:50:36.271,1789107636.2714,5646,-37,-0.47,404,5.18
2026-09-11T11:50:36.290,1789107636.2901,5647,110,1.41,372,4.77
2026-09-11T11:50:36.295,1789107636.2951,5648,34,0.44,372,4.77
2026-09-11T11:50:36.297,1789107636.2979,5649,26,0.33,147,1.88
2026-09-11T11:50:36.299,1789107636.3000,5650,-114,-1.46,224,2.87
2026-09-11T11:50:36.303,1789107636.3033,5651,-466,-5.97,500,6.41
2026-09-11T11:50:36.308,1789107636.3085,5652,253,3.24,719,9.22
2026-09-11T11:50:36.312,1789107636.3123,5653,192,2.46,719,9.22
2026-09-11T11:50:36.321,1789107636.3213,5654,-237,-3.04,719,9.22
2026-09-11T11:50:36.325,1789107636.3255,5655,-700,-8.97,953,12.22
2026-09-11T11:50:36.332,1789107636.3327,5656,416,5.33,1116,14.31
2026-09-11T11:50:36.333,1789107636.3337,5657,242,3.1,1116,14.31
2026-09-11T11:50:36.335,1789107636.3357,5658,-327,-4.19,1116,14.31
2026-09-11T11:50:36.337,1789107636.3377,5659,-713,-9.14,1129,14.47
2026-09-11T11:50:36.343,1789107636.3437,5660,-207,-2.65,955,12.24
2026-09-11T11:50:36.351,1789107636.3517,5661,260,3.33,973,12.47
2026-09-11T11:50:36.354,1789107636.3548,5662,-385,-4.94,973,12.47
2026-09-11T11:50:36.360,1789107636.3608,5663,-671,-8.6,931,11.94
2026-09-11T11:50:36.365,1789107636.3660,5664,-109,-1.4,931,11.94
2026-09-11T11:50:36.370,1789107636.3710,5665,218,2.79,889,11.4
2026-09-11T11:50:36.375,1789107636.3751,5666,-447,-5.73,889,11.4
2026-09-11T11:50:36.381,1789107636.3811,5667,-622,-7.97,840,10.77
2026-09-11T11:50:36.383,1789107636.3832,5668,-39,-0.5,840,10.77
2026-09-11T11:50:36.392,1789107636.3922,5669,565,7.24,1187,15.22
2026-09-11T11:50:36.394,1789107636.3942,5670,-474,-6.08,1187,15.22
2026-09-11T11:50:36.404,1789107636.4050,5671,-520,-6.67,1085,13.91
2026-09-11T11:50:36.409,1789107636.4100,5672,62,0.79,1085,13.91
2026-09-11T11:50:36.411,1789107636.4115,5673,478,6.13,998,12.79
2026-09-11T11:50:36.417,1789107636.4176,5674,-444,-5.69,998,12.79
2026-09-11T11:50:36.421,1789107636.4213,5675,-371,-4.76,922,11.82
2026-09-11T11:50:36.426,1789107636.4264,5676,119,1.53,922,11.82
2026-09-11T11:50:36.428,1789107636.4284,5677,282,3.62,726,9.31
2026-09-11T11:50:36.434,1789107636.4346,5678,-19,-0.24,653,8.37
2026-09-11T11:50:36.435,1789107636.4356,5679,-233,-2.99,515,6.6
2026-09-11T11:50:36.441,1789107636.4416,5680,11,0.14,515,6.6
2026-09-11T11:50:36.448,1789107636.4486,5681,-41,-0.53,244,3.13
2026-09-11T11:50:36.451,1789107636.4516,5682,-152,-1.95,244,3.13
2026-09-11T11:50:36.467,1789107636.4672,5683,32,0.41,184,2.36
2026-09-11T11:50:36.476,1789107636.4764,5684,-216,-2.77,248,3.18
2026-09-11T11:50:36.478,1789107636.4784,5685,-287,-3.68,319,4.09
2026-09-11T11:50:36.480,1789107636.4804,5686,-102,-1.31,319,4.09
2026-09-11T11:50:36.484,1789107636.4845,5687,110,1.41,397,5.09
2026-09-11T11:50:36.489,1789107636.4895,5688,-219,-2.81,397,5.09
2026-09-11T11:50:36.493,1789107636.4935,5689,-226,-2.9,336,4.31
2026-09-11T11:50:36.497,1789107636.4975,5690,-21,-0.27,336,4.31
2026-09-11T11:50:36.503,1789107636.5036,5691,271,3.47,497,6.37
2026-09-11T11:50:36.507,1789107636.5076,5692,-191,-2.45,497,6.37
2026-09-11T11:50:36.514,1789107636.5141,5693,-174,-2.23,462,5.92
2026-09-11T11:50:36.518,1789107636.5182,5694,71,0.91,462,5.92
2026-09-11T11:50:36.522,1789107636.5223,5695,299,3.83,490,6.28
2026-09-11T11:50:36.523,1789107636.5233,5696,-203,-2.6,502,6.44
2026-09-11T11:50:36.526,1789107636.5263,5697,-150,-1.92,502,6.44
2026-09-11T11:50:36.534,1789107636.5345,5698,106,1.36,502,6.44
2026-09-11T11:50:36.541,1789107636.5415,5699,310,3.97,513,6.58
2026-09-11T11:50:36.543,1789107636.5435,5700,137,1.76,460,5.9
2026-09-11T11:50:36.552,1789107636.5527,5701,-103,-1.32,413,5.29
2026-09-11T11:50:36.554,1789107636.5547,5702,177,2.27,413,5.29
2026-09-11T11:50:36.561,1789107636.5618,5703,329,4.22,432,5.54
2026-09-11T11:50:36.570,1789107636.5708,5704,123,1.58,432,5.54
2026-09-11T11:50:36.573,1789107636.5739,5705,-69,-0.88,398,5.1
2026-09-11T11:50:36.574,1789107636.5749,5706,220,2.82,398,5.1
2026-09-11T11:50:36.578,1789107636.5789,5707,315,4.04,384,4.92
2026-09-11T11:50:36.587,1789107636.5878,5708,90,1.15,384,4.92
2026-09-11T11:50:36.591,1789107636.5918,5709,-207,-2.65,522,6.69
2026-09-11T11:50:36.592,1789107636.5928,5710,250,3.21,522,6.69
2026-09-11T11:50:36.601,1789107636.6019,5711,309,3.96,516,6.62
2026-09-11T11:50:36.603,1789107636.6039,5712,56,0.72,516,6.62
2026-09-11T11:50:36.611,1789107636.6110,5713,-212,-2.72,521,6.68
2026-09-11T11:50:36.619,1789107636.6192,5714,261,3.35,521,6.68
2026-09-11T11:50:36.620,1789107636.6202,5715,300,3.85,512,6.56
2026-09-11T11:50:36.624,1789107636.6242,5716,11,0.14,512,6.56
2026-09-11T11:50:36.631,1789107636.6312,5717,-201,-2.58,501,6.42
2026-09-11T11:50:36.632,1789107636.6322,5718,-13,-0.17,501,6.42
2026-09-11T11:50:36.648,1789107636.6483,5719,270,3.46,471,6.04
2026-09-11T11:50:36.654,1789107636.6544,5720,-39,-0.5,471,6.04
2026-09-11T11:50:36.659,1789107636.6594,5721,-203,-2.6,473,6.06
2026-09-11T11:50:36.661,1789107636.6614,5722,6,0.08,473,6.06
2026-09-11T11:50:36.664,1789107636.6645,5723,253,3.24,456,5.85
2026-09-11T11:50:36.675,1789107636.6758,5724,-84,-1.08,456,5.85
2026-09-11T11:50:36.680,1789107636.6808,5725,-184,-2.36,437,5.6
2026-09-11T11:50:36.681,1789107636.6818,5726,17,0.22,437,5.6
2026-09-11T11:50:36.687,1789107636.6870,5727,325,4.17,509,6.53
2026-09-11T11:50:36.695,1789107636.6957,5728,-129,-1.65,509,6.53
2026-09-11T11:50:36.697,1789107636.6978,5729,-173,-2.22,498,6.38
2026-09-11T11:50:36.699,1789107636.6994,5730,36,0.46,498,6.38
2026-09-11T11:50:36.703,1789107636.7039,5731,336,4.31,509,6.53
2026-09-11T11:50:36.706,1789107636.7060,5732,-142,-1.82,509,6.53
2026-09-11T11:50:36.707,1789107636.7074,5733,-154,-1.97,490,6.28
2026-09-11T11:50:36.718,1789107636.7187,5734,71,0.91,490,6.28
2026-09-11T11:50:36.719,1789107636.7197,5735,322,4.13,476,6.1
2026-09-11T11:50:36.727,1789107636.7278,5736,-171,-2.19,493,6.32
2026-09-11T11:50:36.728,1789107636.7288,5737,-139,-1.78,493,6.32
2026-09-11T11:50:36.736,1789107636.7370,5738,110,1.41,493,6.32
2026-09-11T11:50:36.738,1789107636.7390,5739,325,4.17,496,6.36
2026-09-11T11:50:36.744,1789107636.7450,5740,140,1.79,464,5.95
2026-09-11T11:50:36.751,1789107636.7520,5741,-124,-1.59,449,5.76
2026-09-11T11:50:36.756,1789107636.7562,5742,133,1.71,449,5.76
2026-09-11T11:50:36.760,1789107636.7602,5743,312,4.0,436,5.59
2026-09-11T11:50:36.773,1789107636.7735,5744,107,1.37,436,5.59
2026-09-11T11:50:36.775,1789107636.7755,5745,-109,-1.4,421,5.4
2026-09-11T11:50:36.779,1789107636.7795,5746,172,2.21,421,5.4
2026-09-11T11:50:36.782,1789107636.7826,5747,303,3.88,412,5.28
2026-09-11T11:50:36.785,1789107636.7856,5748,98,1.26,412,5.28
2026-09-11T11:50:36.787,1789107636.7876,5749,-226,-2.9,529,6.78
2026-09-11T11:50:36.795,1789107636.7956,5750,203,2.6,529,6.78
2026-09-11T11:50:36.798,1789107636.7986,5751,274,3.51,500,6.41
2026-09-11T11:50:36.801,1789107636.8016,5752,53,0.68,500,6.41
2026-09-11T11:50:36.807,1789107636.8076,5753,-239,-3.06,513,6.58
2026-09-11T11:50:36.815,1789107636.8156,5754,230,2.95,513,6.58
2026-09-11T11:50:36.819,1789107636.8196,5755,265,3.4,504,6.46
2026-09-11T11:50:36.830,1789107636.8308,5756,-4,-0.05,504,6.46
2026-09-11T11:50:36.835,1789107636.8359,5757,-256,-3.28,521,6.68
2026-09-11T11:50:36.840,1789107636.8409,5758,-63,-0.81,521,6.68
2026-09-11T11:50:36.842,1789107636.8429,5759,248,3.18,504,6.46
2026-09-11T11:50:36.845,1789107636.8459,5760,-53,-0.68,504,6.46
2026-09-11T11:50:36.850,1789107636.8509,5761,-244,-3.13,492,6.31
2026-09-11T11:50:36.857,1789107636.8571,5762,-63,-0.81,492,6.31
2026-09-11T11:50:36.861,1789107636.8611,5763,212,2.72,456,5.85
2026-09-11T11:50:36.871,1789107636.8713,5764,-101,-1.29,456,5.85
2026-09-11T11:50:36.877,1789107636.8774,5765,-265,-3.4,477,6.12
2026-09-11T11:50:36.880,1789107636.8804,5766,-48,-0.62,477,6.12
2026-09-11T11:50:36.884,1789107636.8845,5767,269,3.45,534,6.85
2026-09-11T11:50:36.886,1789107636.8865,5768,-149,-1.91,534,6.85
2026-09-11T11:50:36.889,1789107636.8895,5769,-237,-3.04,506,6.49
2026-09-11T11:50:36.892,1789107636.8925,5770,-40,-0.51,506,6.49
2026-09-11T11:50:36.901,1789107636.9017,5771,265,3.4,502,6.44
2026-09-11T11:50:36.902,1789107636.9027,5772,-193,-2.47,502,6.44
2026-09-11T11:50:36.910,1789107636.9102,5773,-228,-2.92,493,6.32
2026-09-11T11:50:36.919,1789107636.9194,5774,-3,-0.04,493,6.32
2026-09-11T11:50:36.921,1789107636.9214,5775,293,3.76,521,6.68
2026-09-11T11:50:36.927,1789107636.9278,5776,-201,-2.58,521,6.68
2026-09-11T11:50:36.931,1789107636.9320,5777,-180,-2.31,494,6.33
2026-09-11T11:50:36.932,1789107636.9330,5778,48,0.62,494,6.33
2026-09-11T11:50:36.942,1789107636.9430,5779,296,3.79,497,6.37
2026-09-11T11:50:36.946,1789107636.9470,5780,127,1.63,476,6.1
2026-09-11T11:50:36.948,1789107636.9490,5781,-169,-2.17,465,5.96
2026-09-11T11:50:36.955,1789107636.9552,5782,84,1.08,465,5.96
2026-09-11T11:50:36.959,1789107636.9592,5783,304,3.9,473,6.06
2026-09-11T11:50:36.965,1789107636.9653,5784,118,1.51,473,6.06
2026-09-11T11:50:36.971,1789107636.9713,5785,-145,-1.86,449,5.76
2026-09-11T11:50:36.972,1789107636.9725,5786,123,1.58,449,5.76
2026-09-11T11:50:36.978,1789107636.9785,5787,271,3.47,416,5.33
2026-09-11T11:50:36.980,1789107636.9809,5788,82,1.05,416,5.33
2026-09-11T11:50:36.986,1789107636.9870,5789,-246,-3.15,517,6.63
2026-09-11T11:50:37.006,1789107637.0063,5790,163,2.09,517,6.63
2026-09-11T11:50:37.010,1789107637.0104,5791,286,3.67,532,6.82
2026-09-11T11:50:37.014,1789107637.0146,5792,49,0.63,532,6.82
2026-09-11T11:50:37.016,1789107637.0166,5793,-259,-3.32,545,6.99
2026-09-11T11:50:37.024,1789107637.0247,5794,194,2.49,545,6.99
2026-09-11T11:50:37.029,1789107637.0297,5795,270,3.46,529,6.78
2026-09-11T11:50:37.033,1789107637.0339,5796,9,0.12,529,6.78
2026-09-11T11:50:37.040,1789107637.0409,5797,-259,-3.32,529,6.78
2026-09-11T11:50:37.042,1789107637.0429,5798,-86,-1.1,529,6.78
2026-09-11T11:50:37.049,1789107637.0499,5799,253,3.24,512,6.56
2026-09-11T11:50:37.051,1789107637.0519,5800,-44,-0.56,512,6.56
2026-09-11T11:50:37.055,1789107637.0560,5801,-260,-3.33,513,6.58
2026-09-11T11:50:37.058,1789107637.0590,5802,-71,-0.91,513,6.58
2026-09-11T11:50:37.060,1789107637.0610,5803,225,2.88,485,6.22
2026-09-11T11:50:37.068,1789107637.0681,5804,-68,-0.87,485,6.22
2026-09-11T11:50:37.069,1789107637.0691,5805,-232,-2.97,457,5.86
2026-09-11T11:50:37.076,1789107637.0763,5806,-47,-0.6,457,5.86
2026-09-11T11:50:37.079,1789107637.0793,5807,269,3.45,501,6.42
2026-09-11T11:50:37.087,1789107637.0874,5808,-101,-1.29,501,6.42
2026-09-11T11:50:37.089,1789107637.0894,5809,-216,-2.77,485,6.22
2026-09-11T11:50:37.096,1789107637.0965,5810,-24,-0.31,485,6.22
2026-09-11T11:50:37.098,1789107637.0987,5811,285,3.65,501,6.42
2026-09-11T11:50:37.103,1789107637.1030,5812,-157,-2.01,501,6.42
2026-09-11T11:50:37.109,1789107637.1097,5813,-213,-2.73,498,6.38
2026-09-11T11:50:37.122,1789107637.1221,5814,-16,-0.21,498,6.38
2026-09-11T11:50:37.125,1789107637.1251,5815,288,3.69,501,6.42
2026-09-11T11:50:37.126,1789107637.1261,5816,-190,-2.44,501,6.42
2026-09-11T11:50:37.131,1789107637.1311,5817,-189,-2.42,478,6.13
2026-09-11T11:50:37.135,1789107637.1352,5818,24,0.31,478,6.13
2026-09-11T11:50:37.138,1789107637.1382,5819,300,3.85,490,6.28
2026-09-11T11:50:37.146,1789107637.1462,5820,151,1.94,489,6.27
2026-09-11T11:50:37.148,1789107637.1482,5821,-177,-2.27,477,6.12
2026-09-11T11:50:37.152,1789107637.1522,5822,59,0.76,477,6.12
2026-09-11T11:50:37.158,1789107637.1584,5823,283,3.63,460,5.9
2026-09-11T11:50:37.164,1789107637.1646,5824,102,1.31,460,5.9
2026-09-11T11:50:37.169,1789107637.1696,5825,-157,-2.01,440,5.64
2026-09-11T11:50:37.181,1789107637.1819,5826,87,1.12,440,5.64
2026-09-11T11:50:37.185,1789107637.1859,5827,275,3.53,432,5.54
2026-09-11T11:50:37.192,1789107637.1929,5828,94,1.21,432,5.54
2026-09-11T11:50:37.194,1789107637.1949,5829,-243,-3.12,518,6.64
2026-09-11T11:50:37.195,1789107637.1959,5830,127,1.63,518,6.64
2026-09-11T11:50:37.198,1789107637.1989,5831,279,3.58,522,6.69
2026-09-11T11:50:37.206,1789107637.2061,5832,57,0.73,522,6.69
2026-09-11T11:50:37.211,1789107637.2112,5833,-267,-3.42,546,7.0
2026-09-11T11:50:37.221,1789107637.2213,5834,163,2.09,546,7.0
2026-09-11T11:50:37.224,1789107637.2244,5835,250,3.21,517,6.63
2026-09-11T11:50:37.231,1789107637.2314,5836,21,0.27,517,6.63
2026-09-11T11:50:37.235,1789107637.2355,5837,-271,-3.47,521,6.68
2026-09-11T11:50:37.238,1789107637.2385,5838,-98,-1.26,521,6.68
2026-09-11T11:50:37.240,1789107637.2405,5839,270,3.46,541,6.94
2026-09-11T11:50:37.242,1789107637.2425,5840,17,0.22,541,6.94
2026-09-11T11:50:37.249,1789107637.2495,5841,-247,-3.17,517,6.63
2026-09-11T11:50:37.252,1789107637.2527,5842,-62,-0.79,517,6.63
2026-09-11T11:50:37.259,1789107637.2597,5843,249,3.19,496,6.36
2026-09-11T11:50:37.268,1789107637.2688,5844,-40,-0.51,496,6.36
2026-09-11T11:50:37.269,1789107637.2698,5845,-256,-3.28,505,6.47
2026-09-11T11:50:37.276,1789107637.2769,5846,-51,-0.65,505,6.47
2026-09-11T11:50:37.277,1789107637.2779,5847,253,3.24,509,6.53
2026-09-11T11:50:37.287,1789107637.2872,5848,-85,-1.09,509,6.53
2026-09-11T11:50:37.288,1789107637.2882,5849,-248,-3.18,501,6.42
2026-09-11T11:50:37.298,1789107637.2982,5850,-43,-0.55,501,6.42
2026-09-11T11:50:37.302,1789107637.3025,5851,265,3.4,513,6.58
2026-09-11T11:50:37.304,1789107637.3045,5852,-141,-1.81,513,6.58
2026-09-11T11:50:37.310,1789107637.3110,5853,-236,-3.03,501,6.42
2026-09-11T11:50:37.317,1789107637.3172,5854,-39,-0.5,501,6.42
2026-09-11T11:50:37.320,1789107637.3202,5855,277,3.55,513,6.58
2026-09-11T11:50:37.327,1789107637.3274,5856,-177,-2.27,513,6.58
2026-09-11T11:50:37.327,1789107637.3274,5857,-208,-2.67,485,6.22
2026-09-11T11:50:37.332,1789107637.3324,5858,-16,-0.21,485,6.22
2026-09-11T11:50:37.338,1789107637.3383,5859,268,3.44,476,6.1
2026-09-11T11:50:37.340,1789107637.3403,5860,151,1.94,476,6.1
2026-09-11T11:50:37.347,1789107637.3476,5861,-208,-2.67,476,6.1
2026-09-11T11:50:37.362,1789107637.3621,5862,4,0.05,476,6.1
2026-09-11T11:50:37.367,1789107637.3671,5863,272,3.49,480,6.15
2026-09-11T11:50:37.372,1789107637.3722,5864,119,1.53,480,6.15
2026-09-11T11:50:37.376,1789107637.3762,5865,-188,-2.41,460,5.9
2026-09-11T11:50:37.382,1789107637.3824,5866,37,0.47,460,5.9
2026-09-11T11:50:37.386,1789107637.3864,5867,268,3.44,456,5.85
2026-09-11T11:50:37.391,1789107637.3914,5868,87,1.12,456,5.85
2026-09-11T11:50:37.397,1789107637.3974,5869,-257,-3.29,525,6.73
2026-09-11T11:50:37.400,1789107637.4004,5870,85,1.09,525,6.73
2026-09-11T11:50:37.406,1789107637.4067,5871,268,3.44,525,6.73
2026-09-11T11:50:37.408,1789107637.4087,5872,71,0.91,525,6.73
2026-09-11T11:50:37.411,1789107637.4112,5873,-265,-3.4,533,6.83
2026-09-11T11:50:37.418,1789107637.4183,5874,125,1.6,533,6.83
2026-09-11T11:50:37.420,1789107637.4203,5875,260,3.33,525,6.73
2026-09-11T11:50:37.424,1789107637.4248,5876,51,0.65,525,6.73
2026-09-11T11:50:37.426,1789107637.4268,5877,-273,-3.5,533,6.83
2026-09-11T11:50:37.434,1789107637.4350,5878,-128,-1.64,533,6.83
2026-09-11T11:50:37.436,1789107637.4370,5879,244,3.13,517,6.63
2026-09-11T11:50:37.444,1789107637.4450,5880,-1,-0.01,517,6.63
2026-09-11T11:50:37.452,1789107637.4522,5881,-281,-3.6,525,6.73
2026-09-11T11:50:37.454,1789107637.4542,5882,-112,-1.44,525,6.73
2026-09-11T11:50:37.461,1789107637.4612,5883,236,3.03,517,6.63
2026-09-11T11:50:37.475,1789107637.4755,5884,-29,-0.37,517,6.63
2026-09-11T11:50:37.477,1789107637.4775,5885,-281,-3.6,517,6.63
2026-09-11T11:50:37.481,1789107637.4816,5886,-96,-1.23,517,6.63
2026-09-11T11:50:37.483,1789107637.4836,5887,212,2.72,493,6.32
2026-09-11T11:50:37.486,1789107637.4866,5888,-101,-1.29,493,6.32
2026-09-11T11:50:37.490,1789107637.4906,5889,-277,-3.55,489,6.27
2026-09-11T11:50:37.495,1789107637.4956,5890,-76,-0.97,489,6.27
2026-09-11T11:50:37.498,1789107637.4986,5891,241,3.09,518,6.64
2026-09-11T11:50:37.505,1789107637.5052,5892,-141,-1.81,518,6.64
2026-09-11T11:50:37.506,1789107637.5068,5893,-277,-3.55,518,6.64
2026-09-11T11:50:37.517,1789107637.5171,5894,-60,-0.77,518,6.64
2026-09-11T11:50:37.518,1789107637.5182,5895,257,3.29,534,6.85
2026-09-11T11:50:37.523,1789107637.5235,5896,-181,-2.32,534,6.85
2026-09-11T11:50:37.526,1789107637.5264,5897,-264,-3.38,521,6.68
2026-09-11T11:50:37.539,1789107637.5397,5898,-55,-0.71,521,6.68
2026-09-11T11:50:37.544,1789107637.5447,5899,253,3.24,517,6.63
2026-09-11T11:50:37.549,1789107637.5497,5900,152,1.95,517,6.63
2026-09-11T11:50:37.552,1789107637.5529,5901,-232,-2.97,485,6.22
2026-09-11T11:50:37.559,1789107637.5599,5902,-19,-0.24,485,6.22
2026-09-11T11:50:37.564,1789107637.5642,5903,269,3.45,501,6.42
2026-09-11T11:50:37.570,1789107637.5702,5904,124,1.59,501,6.42
2026-09-11T11:50:37.575,1789107637.5754,5905,-12,-0.15,288,3.69
2026-09-11T11:50:37.577,1789107637.5773,5906,-212,-2.72,481,6.17
2026-09-11T11:50:37.584,1789107637.5845,5907,-583,-7.47,707,9.06
2026-09-11T11:50:37.586,1789107637.5865,5908,-389,-4.99,571,7.32
2026-09-11T11:50:37.589,1789107637.5895,5909,189,2.42,772,9.9
2026-09-11T11:50:37.593,1789107637.5935,5910,-368,-4.72,772,9.9
2026-09-11T11:50:37.596,1789107637.5965,5911,-831,-10.65,1020,13.08
2026-09-11T11:50:37.605,1789107637.6056,5912,-376,-4.82,1020,13.08
2026-09-11T11:50:37.611,1789107637.6117,5913,358,4.59,1189,15.24
2026-09-11T11:50:37.618,1789107637.6187,5914,-432,-5.54,1189,15.24
2026-09-11T11:50:37.622,1789107637.6228,5915,-807,-10.35,1165,14.94
2026-09-11T11:50:37.625,1789107637.6258,5916,-292,-3.74,1165,14.94
2026-09-11T11:50:37.626,1789107637.6268,5917,454,5.82,1261,16.17
2026-09-11T11:50:37.634,1789107637.6340,5918,176,2.26,1261,16.17
2026-09-11T11:50:37.636,1789107637.6360,5919,-767,-9.83,1221,15.65
2026-09-11T11:50:37.645,1789107637.6450,5920,-196,-2.51,1221,15.65
2026-09-11T11:50:37.655,1789107637.6556,5921,513,6.58,1280,16.41
2026-09-11T11:50:37.660,1789107637.6606,5922,151,1.94,1280,16.41
2026-09-11T11:50:37.661,1789107637.6618,5923,-704,-9.03,1217,15.6
2026-09-11T11:50:37.669,1789107637.6696,5924,-77,-0.99,1217,15.6
2026-09-11T11:50:37.671,1789107637.6716,5925,535,6.86,1239,15.88
2026-09-11T11:50:37.675,1789107637.6758,5926,141,1.81,1239,15.88
2026-09-11T11:50:37.679,1789107637.6798,5927,-575,-7.37,1110,14.23
2026-09-11T11:50:37.684,1789107637.6841,5928,49,0.63,1110,14.23
2026-09-11T11:50:37.688,1789107637.6881,5929,549,7.04,1124,14.41
2026-09-11T11:50:37.691,1789107637.6911,5930,111,1.42,1124,14.41
2026-09-11T11:50:37.698,1789107637.6981,5931,-605,-7.76,1154,14.79
2026-09-11T11:50:37.701,1789107637.7011,5932,159,2.04,1154,14.79
2026-09-11T11:50:37.719,1789107637.7190,5933,483,6.19,1088,13.95
2026-09-11T11:50:37.728,1789107637.7282,5934,73,0.94,1088,13.95
2026-09-11T11:50:37.730,1789107637.7302,5935,-604,-7.74,1087,13.94
2026-09-11T11:50:37.732,1789107637.7325,5936,169,2.17,1087,13.94
2026-09-11T11:50:37.735,1789107637.7355,5937,296,3.79,900,11.54
2026-09-11T11:50:37.741,1789107637.7415,5938,-53,-0.68,900,11.54
2026-09-11T11:50:37.745,1789107637.7455,5939,-469,-6.01,765,9.81
2026-09-11T11:50:37.749,1789107637.7495,5940,-291,-3.73,765,9.81
2026-09-11T11:50:37.753,1789107637.7537,5941,101,1.29,570,7.31
2026-09-11T11:50:37.759,1789107637.7597,5942,-119,-1.53,570,7.31
2026-09-11T11:50:37.767,1789107637.7678,5943,-342,-4.38,443,5.68
2026-09-11T11:50:37.773,1789107637.7739,5944,-225,-2.88,443,5.68
2026-09-11T11:50:37.775,1789107637.7759,5945,-116,-1.49,226,2.9
2026-09-11T11:50:37.777,1789107637.7779,5946,-188,-2.41,226,2.9
2026-09-11T11:50:37.779,1789107637.7799,5947,-207,-2.65,109,1.4
2026-09-11T11:50:37.784,1789107637.7840,5948,-162,-2.08,91,1.17
2026-09-11T11:50:37.786,1789107637.7860,5949,-285,-3.65,123,1.58
2026-09-11T11:50:37.795,1789107637.7950,5950,-179,-2.29,123,1.58
2026-09-11T11:50:37.800,1789107637.8000,5951,46,0.59,331,4.24
2026-09-11T11:50:37.801,1789107637.8010,5952,-50,-0.64,331,4.24
2026-09-11T11:50:37.809,1789107637.8091,5953,-342,-4.38,388,4.97
2026-09-11T11:50:37.819,1789107637.8193,5954,0,0.0,388,4.97
2026-09-11T11:50:37.823,1789107637.8234,5955,204,2.62,546,7.0
2026-09-11T11:50:37.827,1789107637.8274,5956,39,0.5,546,7.0
2026-09-11T11:50:37.828,1789107637.8289,5957,-285,-3.65,489,6.27
2026-09-11T11:50:37.839,1789107637.8398,5958,-172,-2.21,489,6.27
2026-09-11T11:50:37.844,1789107637.8441,5959,260,3.33,545,6.99
2026-09-11T11:50:37.846,1789107637.8461,5960,75,0.96,545,6.99
2026-09-11T11:50:37.851,1789107637.8517,5961,-249,-3.19,509,6.53
2026-09-11T11:50:37.854,1789107637.8548,5962,-96,-1.23,509,6.53
2026-09-11T11:50:37.859,1789107637.8598,5963,312,4.0,561,7.19
2026-09-11T11:50:37.865,1789107637.8659,5964,75,0.96,561,7.19
2026-09-11T11:50:37.867,1789107637.8679,5965,-206,-2.64,518,6.64
2026-09-11T11:50:37.870,1789107637.8709,5966,-57,-0.73,518,6.64
2026-09-11T11:50:37.878,1789107637.8781,5967,263,3.37,469,6.01
2026-09-11T11:50:37.881,1789107637.8811,5968,65,0.83,469,6.01
2026-09-11T11:50:37.887,1789107637.8871,5969,-195,-2.5,458,5.87
2026-09-11T11:50:37.901,1789107637.9020,5970,-18,-0.23,458,5.87
2026-09-11T11:50:37.905,1789107637.9060,5971,314,4.03,509,6.53
2026-09-11T11:50:37.909,1789107637.9100,5972,23,0.29,509,6.53
2026-09-11T11:50:37.912,1789107637.9121,5973,-177,-2.27,491,6.29
2026-09-11T11:50:37.923,1789107637.9235,5974,20,0.26,491,6.29
2026-09-11T11:50:37.929,1789107637.9291,5975,328,4.21,505,6.47
2026-09-11T11:50:37.933,1789107637.9333,5976,-19,-0.24,505,6.47
2026-09-11T11:50:37.938,1789107637.9383,5977,-159,-2.04,487,6.24
2026-09-11T11:50:37.940,1789107637.9403,5978,34,0.44,487,6.24
2026-09-11T11:50:37.947,1789107637.9473,5979,350,4.49,509,6.53
2026-09-11T11:50:37.950,1789107637.9503,5980,292,3.74,509,6.53
2026-09-11T11:50:37.954,1789107637.9544,5981,-156,-2.0,506,6.49
2026-09-11T11:50:37.955,1789107637.9554,5982,44,0.56,506,6.49
2026-09-11T11:50:37.958,1789107637.9584,5983,360,4.62,516,6.62
2026-09-11T11:50:37.967,1789107637.9679,5984,247,3.17,516,6.62
2026-09-11T11:50:37.969,1789107637.9699,5985,-146,-1.87,506,6.49
2026-09-11T11:50:37.976,1789107637.9770,5986,47,0.6,506,6.49
2026-09-11T11:50:37.978,1789107637.9790,5987,346,4.44,492,6.31
2026-09-11T11:50:37.986,1789107637.9861,5988,217,2.78,492,6.31
2026-09-11T11:50:37.989,1789107637.9891,5989,-140,-1.79,486,6.23
2026-09-11T11:50:37.992,1789107637.9921,5990,97,1.24,486,6.23
2026-09-11T11:50:38.001,1789107638.0011,5991,345,4.42,485,6.22
2026-09-11T11:50:38.007,1789107638.0072,5992,188,2.41,485,6.22
2026-09-11T11:50:38.009,1789107638.0092,5993,-177,-2.27,522,6.69
2026-09-11T11:50:38.022,1789107638.0226,5994,116,1.49,522,6.69
2026-09-11T11:50:38.024,1789107638.0246,5995,332,4.26,509,6.53
2026-09-11T11:50:38.026,1789107638.0266,5996,154,1.97,509,6.53
2026-09-11T11:50:38.028,1789107638.0286,5997,-198,-2.54,530,6.79
2026-09-11T11:50:38.035,1789107638.0358,5998,-106,-1.36,530,6.79
2026-09-11T11:50:38.037,1789107638.0378,5999,326,4.18,524,6.72
2026-09-11T11:50:38.044,1789107638.0448,6000,117,1.5,524,6.72
2026-09-11T11:50:38.048,1789107638.0488,6001,-207,-2.65,533,6.83
2026-09-11T11:50:38.050,1789107638.0508,6002,-103,-1.32,533,6.83
2026-09-11T11:50:38.058,1789107638.0580,6003,309,3.96,516,6.62
2026-09-11T11:50:38.063,1789107638.0633,6004,76,0.97,516,6.62
2026-09-11T11:50:38.079,1789107638.0797,6005,-236,-3.03,545,6.99
2026-09-11T11:50:38.084,1789107638.0848,6006,-96,-1.23,545,6.99
2026-09-11T11:50:38.090,1789107638.0908,6007,221,2.83,457,5.86
2026-09-11T11:50:38.092,1789107638.0928,6008,43,0.55,457,5.86
2026-09-11T11:50:38.096,1789107638.0968,6009,-237,-3.04,458,5.87
2026-09-11T11:50:38.100,1789107638.1008,6010,-80,-1.03,458,5.87
2026-09-11T11:50:38.105,1789107638.1051,6011,228,2.92,465,5.96
2026-09-11T11:50:38.109,1789107638.1091,6012,-18,-0.23,465,5.96
2026-09-11T11:50:38.113,1789107638.1136,6013,-258,-3.31,486,6.23
2026-09-11T11:50:38.127,1789107638.1278,6014,-57,-0.73,486,6.23
2026-09-11T11:50:38.128,1789107638.1288,6015,243,3.12,501,6.42
2026-09-11T11:50:38.131,1789107638.1319,6016,-63,-0.81,501,6.42
2026-09-11T11:50:38.135,1789107638.1359,6017,-258,-3.31,501,6.42
2026-09-11T11:50:38.137,1789107638.1379,6018,-49,-0.63,501,6.42
2026-09-11T11:50:38.138,1789107638.1389,6019,259,3.32,517,6.63
2026-09-11T11:50:38.141,1789107638.1419,6020,206,2.64,517,6.63
2026-09-11T11:50:38.148,1789107638.1489,6021,-247,-3.17,506,6.49
2026-09-11T11:50:38.151,1789107638.1519,6022,-42,-0.54,506,6.49
2026-09-11T11:50:38.159,1789107638.1591,6023,271,3.47,518,6.64
2026-09-11T11:50:38.168,1789107638.1689,6024,190,2.44,518,6.64
2026-09-11T11:50:38.170,1789107638.1709,6025,-235,-3.01,506,6.49
2026-09-11T11:50:38.177,1789107638.1770,6026,-30,-0.38,506,6.49
2026-09-11T11:50:38.179,1789107638.1790,6027,286,3.67,521,6.68
2026-09-11T11:50:38.187,1789107638.1872,6028,165,2.12,521,6.68
2026-09-11T11:50:38.189,1789107638.1892,6029,-203,-2.6,489,6.27
2026-09-11T11:50:38.200,1789107638.2002,6030,2,0.03,489,6.27
2026-09-11T11:50:38.203,1789107638.2033,6031,270,3.46,473,6.06
2026-09-11T11:50:38.207,1789107638.2073,6032,133,1.71,473,6.06
2026-09-11T11:50:38.211,1789107638.2113,6033,-227,-2.91,497,6.37
2026-09-11T11:50:38.219,1789107638.2194,6034,19,0.24,497,6.37
2026-09-11T11:50:38.222,1789107638.2226,6035,271,3.47,498,6.38
2026-09-11T11:50:38.224,1789107638.2246,6036,93,1.19,498,6.38
2026-09-11T11:50:38.231,1789107638.2311,6037,-247,-3.17,518,6.64
2026-09-11T11:50:38.232,1789107638.2321,6038,-198,-2.54,518,6.64
2026-09-11T11:50:38.237,1789107638.2371,6039,259,3.32,506,6.49
2026-09-11T11:50:38.242,1789107638.2428,6040,78,1.0,506,6.49
2026-09-11T11:50:38.246,1789107638.2468,6041,-291,-3.73,550,7.05
2026-09-11T11:50:38.263,1789107638.2635,6042,-186,-2.38,550,7.05
2026-09-11T11:50:38.268,1789107638.2685,6043,251,3.22,542,6.95
2026-09-11T11:50:38.274,1789107638.2747,6044,38,0.49,542,6.95
2026-09-11T11:50:38.279,1789107638.2797,6045,-294,-3.77,545,6.99
2026-09-11T11:50:38.284,1789107638.2848,6046,-157,-2.01,545,6.99
2026-09-11T11:50:38.288,1789107638.2888,6047,123,1.58,417,5.35
2026-09-11T11:50:38.292,1789107638.2928,6048,6,0.08,417,5.35
2026-09-11T11:50:38.296,1789107638.2968,6049,-306,-3.92,429,5.5
2026-09-11T11:50:38.300,1789107638.3008,6050,-149,-1.91,429,5.5
2026-09-11T11:50:38.309,1789107638.3093,6051,180,2.31,486,6.23
2026-09-11T11:50:38.310,1789107638.3109,6052,-26,-0.33,486,6.23
2026-09-11T11:50:38.314,1789107638.3142,6053,-314,-4.03,494,6.33
2026-09-11T11:50:38.319,1789107638.3199,6054,-121,-1.55,494,6.33
2026-09-11T11:50:38.321,1789107638.3219,6055,208,2.67,522,6.69
2026-09-11T11:50:38.327,1789107638.3272,6056,-82,-1.05,522,6.69
2026-09-11T11:50:38.329,1789107638.3292,6057,-297,-3.81,505,6.47
2026-09-11T11:50:38.336,1789107638.3364,6058,-112,-1.44,505,6.47
2026-09-11T11:50:38.339,1789107638.3394,6059,224,2.87,521,6.68
2026-09-11T11:50:38.345,1789107638.3454,6060,187,2.4,521,6.68
2026-09-11T11:50:38.349,1789107638.3494,6061,-281,-3.6,505,6.47
2026-09-11T11:50:38.353,1789107638.3535,6062,-92,-1.18,505,6.47
2026-09-11T11:50:38.358,1789107638.3585,6063,233,2.99,514,6.59
2026-09-11T11:50:38.370,1789107638.3706,6064,172,2.21,514,6.59
2026-09-11T11:50:38.372,1789107638.3728,6065,-288,-3.69,521,6.68
2026-09-11T11:50:38.380,1789107638.3808,6066,-63,-0.81,521,6.68
2026-09-11T11:50:38.382,1789107638.3829,6067,241,3.09,529,6.78
2026-09-11T11:50:38.385,1789107638.3859,6068,140,1.79,529,6.78
2026-09-11T11:50:38.387,1789107638.3879,6069,-209,-2.68,450,5.77
2026-09-11T11:50:38.394,1789107638.3949,6070,-43,-0.55,450,5.77
2026-09-11T11:50:38.397,1789107638.3979,6071,257,3.29,466,5.97
2026-09-11T11:50:38.404,1789107638.4040,6072,136,1.74,466,5.97
2026-09-11T11:50:38.410,1789107638.4100,6073,-224,-2.87,481,6.17
2026-09-11T11:50:38.413,1789107638.4137,6074,-26,-0.33,481,6.17
2026-09-11T11:50:38.419,1789107638.4194,6075,266,3.41,490,6.28
2026-09-11T11:50:38.426,1789107638.4267,6076,109,1.4,490,6.28
2026-09-11T11:50:38.427,1789107638.4277,6077,-260,-3.33,526,6.74
2026-09-11T11:50:38.444,1789107638.4450,6078,-207,-2.65,526,6.74
2026-09-11T11:50:38.448,1789107638.4490,6079,254,3.26,514,6.59
2026-09-11T11:50:38.452,1789107638.4523,6080,81,1.04,514,6.59
2026-09-11T11:50:38.455,1789107638.4554,6081,-271,-3.47,525,6.73
2026-09-11T11:50:38.459,1789107638.4594,6082,-194,-2.49,525,6.73
2026-09-11T11:50:38.465,1789107638.4656,6083,254,3.26,525,6.73
2026-09-11T11:50:38.472,1789107638.4727,6084,61,0.78,525,6.73
2026-09-11T11:50:38.475,1789107638.4757,6085,-267,-3.42,521,6.68
2026-09-11T11:50:38.481,1789107638.4818,6086,-162,-2.08,521,6.68
2026-09-11T11:50:38.483,1789107638.4838,6087,107,1.37,374,4.79
2026-09-11T11:50:38.490,1789107638.4908,6088,33,0.42,374,4.79
2026-09-11T11:50:38.492,1789107638.4928,6089,-295,-3.78,402,5.15
2026-09-11T11:50:38.497,1789107638.4978,6090,-149,-1.91,402,5.15
2026-09-11T11:50:38.498,1789107638.4988,6091,155,1.99,450,5.77
2026-09-11T11:50:38.501,1789107638.5019,6092,6,0.08,450,5.77
2026-09-11T11:50:38.511,1789107638.5115,6093,-306,-3.92,461,5.91
2026-09-11T11:50:38.520,1789107638.5206,6094,-133,-1.71,461,5.91
2026-09-11T11:50:38.524,1789107638.5248,6095,187,2.4,493,6.32
2026-09-11T11:50:38.526,1789107638.5268,6096,-34,-0.44,493,6.32
2026-09-11T11:50:38.532,1789107638.5323,6097,-294,-3.77,481,6.17
2026-09-11T11:50:38.534,1789107638.5343,6098,-89,-1.14,481,6.17
2026-09-11T11:50:38.539,1789107638.5393,6099,211,2.71,505,6.47
2026-09-11T11:50:38.544,1789107638.5443,6100,198,2.54,505,6.47
2026-09-11T11:50:38.547,1789107638.5473,6101,-290,-3.72,501,6.42
2026-09-11T11:50:38.555,1789107638.5555,6102,-93,-1.19,501,6.42
2026-09-11T11:50:38.560,1789107638.5605,6103,232,2.97,522,6.69
2026-09-11T11:50:38.567,1789107638.5676,6104,183,2.35,522,6.69
2026-09-11T11:50:38.570,1789107638.5706,6105,-278,-3.56,510,6.54
2026-09-11T11:50:38.577,1789107638.5770,6106,-92,-1.18,510,6.54
2026-09-11T11:50:38.580,1789107638.5800,6107,244,3.13,522,6.69
2026-09-11T11:50:38.584,1789107638.5849,6108,155,1.99,522,6.69
2026-09-11T11:50:38.587,1789107638.5879,6109,-182,-2.33,426,5.46
2026-09-11T11:50:38.590,1789107638.5909,6110,-60,-0.77,426,5.46
2026-09-11T11:50:38.597,1789107638.5979,6111,248,3.18,430,5.51
2026-09-11T11:50:38.603,1789107638.6039,6112,143,1.83,430,5.51
2026-09-11T11:50:38.615,1789107638.6157,6113,-201,-2.58,449,5.76
2026-09-11T11:50:38.627,1789107638.6278,6114,-31,-0.4,449,5.76
2026-09-11T11:50:38.629,1789107638.6298,6115,265,3.4,466,5.97
2026-09-11T11:50:38.631,1789107638.6319,6116,136,1.74,466,5.97
2026-09-11T11:50:38.637,1789107638.6379,6117,-233,-2.99,498,6.38
2026-09-11T11:50:38.641,1789107638.6419,6118,-240,-3.08,505,6.47
2026-09-11T11:50:38.645,1789107638.6459,6119,257,3.29,497,6.37
2026-09-11T11:50:38.649,1789107638.6499,6120,88,1.13,497,6.37
2026-09-11T11:50:38.655,1789107638.6551,6121,-252,-3.23,509,6.53
2026-09-11T11:50:38.659,1789107638.6591,6122,-199,-2.55,509,6.53
2026-09-11T11:50:38.665,1789107638.6658,6123,265,3.4,517,6.63
2026-09-11T11:50:38.672,1789107638.6722,6124,84,1.08,517,6.63
2026-09-11T11:50:38.674,1789107638.6743,6125,-272,-3.49,537,6.88
2026-09-11T11:50:38.676,1789107638.6763,6126,-183,-2.35,537,6.88
2026-09-11T11:50:38.681,1789107638.6819,6127,86,1.1,358,4.59
2026-09-11T11:50:38.685,1789107638.6852,6128,60,0.77,358,4.59
2026-09-11T11:50:38.691,1789107638.6912,6129,-272,-3.49,358,4.59
2026-09-11T11:50:38.695,1789107638.6952,6130,-143,-1.83,358,4.59
2026-09-11T11:50:38.696,1789107638.6962,6131,130,1.67,402,5.15
2026-09-11T11:50:38.704,1789107638.7044,6132,24,0.31,402,5.15
2026-09-11T11:50:38.712,1789107638.7121,6133,-284,-3.64,414,5.31
2026-09-11T11:50:38.715,1789107638.7158,6134,-123,-1.58,414,5.31
2026-09-11T11:50:38.723,1789107638.7232,6135,174,2.23,458,5.87
2026-09-11T11:50:38.725,1789107638.7252,6136,0,0.0,458,5.87
2026-09-11T11:50:38.735,1789107638.7353,6137,-276,-3.54,450,5.77
2026-09-11T11:50:38.739,1789107638.7393,6138,-111,-1.42,450,5.77
2026-09-11T11:50:38.742,1789107638.7423,6139,206,2.64,482,6.18
2026-09-11T11:50:38.744,1789107638.7443,6140,233,2.99,509,6.53
2026-09-11T11:50:38.749,1789107638.7493,6141,-276,-3.54,509,6.53
2026-09-11T11:50:38.756,1789107638.7564,6142,-91,-1.17,509,6.53
2026-09-11T11:50:38.759,1789107638.7595,6143,242,3.1,518,6.64
2026-09-11T11:50:38.767,1789107638.7676,6144,217,2.78,518,6.64
2026-09-11T11:50:38.767,1789107638.7676,6145,-256,-3.28,498,6.38
2026-09-11T11:50:38.772,1789107638.7730,6146,-59,-0.76,498,6.38
2026-09-11T11:50:38.775,1789107638.7759,6147,253,3.24,509,6.53
2026-09-11T11:50:38.784,1789107638.7844,6148,196,2.51,509,6.53
2026-09-11T11:50:38.786,1789107638.7864,6149,-124,-1.59,377,4.83
2026-09-11T11:50:38.802,1789107638.8028,6150,-47,-0.6,377,4.83
2026-09-11T11:50:38.805,1789107638.8052,6151,265,3.4,389,4.99
2026-09-11T11:50:38.809,1789107638.8092,6152,172,2.21,389,4.99
2026-09-11T11:50:38.811,1789107638.8112,6153,-176,-2.26,441,5.65
2026-09-11T11:50:38.820,1789107638.8204,6154,-27,-0.35,441,5.65
2026-09-11T11:50:38.825,1789107638.8255,6155,285,3.65,461,5.91
2026-09-11T11:50:38.828,1789107638.8285,6156,156,2.0,461,5.91
2026-09-11T11:50:38.833,1789107638.8337,6157,-205,-2.63,490,6.28
2026-09-11T11:50:38.838,1789107638.8387,6158,-208,-2.67,493,6.32
2026-09-11T11:50:38.846,1789107638.8467,6159,277,3.55,485,6.22
2026-09-11T11:50:38.848,1789107638.8487,6160,144,1.85,485,6.22
2026-09-11T11:50:38.854,1789107638.8541,6161,-217,-2.78,494,6.33
2026-09-11T11:50:38.856,1789107638.8561,6162,-196,-2.51,494,6.33
2026-09-11T11:50:38.859,1789107638.8591,6163,281,3.6,498,6.38
2026-09-11T11:50:38.868,1789107638.8683,6164,116,1.49,498,6.38
2026-09-11T11:50:38.870,1789107638.8703,6165,-229,-2.94,510,6.54
2026-09-11T11:50:38.877,1789107638.8774,6166,-180,-2.31,510,6.54
2026-09-11T11:50:38.879,1789107638.8794,6167,73,0.94,345,4.42
2026-09-11T11:50:38.884,1789107638.8849,6168,92,1.18,321,4.12
2026-09-11T11:50:38.889,1789107638.8899,6169,-257,-3.29,349,4.47
2026-09-11T11:50:38.893,1789107638.8939,6170,-144,-1.85,349,4.47
2026-09-11T11:50:38.897,1789107638.8979,6171,133,1.71,390,5.0
2026-09-11T11:50:38.907,1789107638.9072,6172,63,0.81,390,5.0
2026-09-11T11:50:38.909,1789107638.9092,6173,-265,-3.4,398,5.1
2026-09-11T11:50:38.924,1789107638.9243,6174,-120,-1.54,398,5.1
2026-09-11T11:50:38.926,1789107638.9263,6175,173,2.22,438,5.62
2026-09-11T11:50:38.929,1789107638.9293,6176,35,0.45,438,5.62
2026-09-11T11:50:38.932,1789107638.9324,6177,-249,-3.19,422,5.41
2026-09-11T11:50:38.936,1789107638.9364,6178,-96,-1.23,422,5.41
2026-09-11T11:50:38.937,1789107638.9374,6179,216,2.77,465,5.96
2026-09-11T11:50:38.943,1789107638.9434,6180,275,3.53,524,6.72
2026-09-11T11:50:38.949,1789107638.9494,6181,-246,-3.15,521,6.68
2026-09-11T11:50:38.950,1789107638.9504,6182,-73,-0.94,521,6.68
2026-09-11T11:50:38.957,1789107638.9576,6183,243,3.12,521,6.68
2026-09-11T11:50:38.981,1789107638.9810,6184,250,3.21,496,6.36
2026-09-11T11:50:38.985,1789107638.9852,6185,-251,-3.22,501,6.42
2026-09-11T11:50:38.989,1789107638.9892,6186,-54,-0.69,501,6.42
2026-09-11T11:50:38.992,1789107638.9922,6187,255,3.27,506,6.49
2026-09-11T11:50:38.995,1789107638.9952,6188,234,3.0,506,6.49
2026-09-11T11:50:39.001,1789107639.0012,6189,-83,-1.06,338,4.33
2026-09-11T11:50:39.005,1789107639.0054,6190,-38,-0.49,338,4.33
2026-09-11T11:50:39.010,1789107639.0104,6191,274,3.51,357,4.58
2026-09-11T11:50:39.014,1789107639.0147,6192,221,2.83,357,4.58
2026-09-11T11:50:39.018,1789107639.0187,6193,-116,-1.49,390,5.0
2026-09-11T11:50:39.027,1789107639.0279,6194,-23,-0.29,390,5.0
2026-09-11T11:50:39.029,1789107639.0299,6195,294,3.77,410,5.26
2026-09-11T11:50:39.034,1789107639.0341,6196,196,2.51,410,5.26
2026-09-11T11:50:39.036,1789107639.0361,6197,-156,-2.0,450,5.77
2026-09-11T11:50:39.038,1789107639.0381,6198,-208,-2.67,502,6.44
2026-09-11T11:50:39.039,1789107639.0391,6199,297,3.81,505,6.47
2026-09-11T11:50:39.041,1789107639.0411,6200,160,2.05,505,6.47
2026-09-11T11:50:39.049,1789107639.0491,6201,-185,-2.37,505,6.47
2026-09-11T11:50:39.057,1789107639.0573,6202,-192,-2.46,489,6.27
2026-09-11T11:50:39.059,1789107639.0593,6203,301,3.86,493,6.32
2026-09-11T11:50:39.069,1789107639.0694,6204,143,1.83,493,6.32
2026-09-11T11:50:39.070,1789107639.0704,6205,-209,-2.68,510,6.54
2026-09-11T11:50:39.077,1789107639.0775,6206,-176,-2.26,510,6.54
2026-09-11T11:50:39.078,1789107639.0785,6207,60,0.77,352,4.51
2026-09-11T11:50:39.087,1789107639.0876,6208,123,1.58,332,4.26
2026-09-11T11:50:39.089,1789107639.0896,6209,-209,-2.68,332,4.26
2026-09-11T11:50:39.099,1789107639.0996,6210,-149,-1.91,332,4.26
2026-09-11T11:50:39.102,1789107639.1029,6211,112,1.44,332,4.26
2026-09-11T11:50:39.107,1789107639.1078,6212,90,1.15,321,4.12
2026-09-11T11:50:39.109,1789107639.1099,6213,-226,-2.9,338,4.33
2026-09-11T11:50:39.118,1789107639.1188,6214,-133,-1.71,338,4.33
2026-09-11T11:50:39.121,1789107639.1218,6215,163,2.09,389,4.99
2026-09-11T11:50:39.124,1789107639.1250,6216,78,1.0,389,4.99
2026-09-11T11:50:39.131,1789107639.1313,6217,-235,-3.01,398,5.1
2026-09-11T11:50:39.132,1789107639.1323,6218,-118,-1.51,398,5.1
2026-09-11T11:50:39.138,1789107639.1383,6219,187,2.4,422,5.41
2026-09-11T11:50:39.143,1789107639.1433,6220,266,3.41,501,6.42
2026-09-11T11:50:39.147,1789107639.1473,6221,-247,-3.17,513,6.58
2026-09-11T11:50:39.163,1789107639.1639,6222,-94,-1.21,513,6.58
2026-09-11T11:50:39.167,1789107639.1679,6223,230,2.95,513,6.58
2026-09-11T11:50:39.176,1789107639.1761,6224,253,3.24,500,6.41
2026-09-11T11:50:39.177,1789107639.1770,6225,-252,-3.23,505,6.47
2026-09-11T11:50:39.180,1789107639.1800,6226,-63,-0.81,505,6.47
2026-09-11T11:50:39.186,1789107639.1863,6227,254,3.26,506,6.49
2026-09-11T11:50:39.192,1789107639.1923,6228,237,3.04,506,6.49
2026-09-11T11:50:39.196,1789107639.1963,6229,-32,-0.41,317,4.06
2026-09-11T11:50:39.201,1789107639.2013,6230,-47,-0.6,301,3.86
2026-09-11T11:50:39.205,1789107639.2055,6231,273,3.5,320,4.1
2026-09-11T11:50:39.212,1789107639.2129,6232,216,2.77,320,4.1
2026-09-11T11:50:39.214,1789107639.2149,6233,-105,-1.35,378,4.85
2026-09-11T11:50:39.222,1789107639.2221,6234,-40,-0.51,378,4.85
2026-09-11T11:50:39.223,1789107639.2231,6235,277,3.55,382,4.9
2026-09-11T11:50:39.227,1789107639.2271,6236,199,2.55,382,4.9
2026-09-11T11:50:39.230,1789107639.2301,6237,-141,-1.81,418,5.36
2026-09-11T11:50:39.237,1789107639.2372,6238,-221,-2.83,498,6.38
2026-09-11T11:50:39.240,1789107639.2402,6239,284,3.64,505,6.47
2026-09-11T11:50:39.244,1789107639.2442,6240,179,2.29,505,6.47
2026-09-11T11:50:39.250,1789107639.2502,6241,-170,-2.18,505,6.47
2026-09-11T11:50:39.251,1789107639.2512,6242,-205,-2.63,489,6.27
2026-09-11T11:50:39.260,1789107639.2603,6243,296,3.79,501,6.42
2026-09-11T11:50:39.268,1789107639.2684,6244,143,1.83,501,6.42
2026-09-11T11:50:39.269,1789107639.2694,6245,-194,-2.49,501,6.42
2026-09-11T11:50:39.272,1789107639.2726,6246,-185,-2.37,490,6.28
2026-09-11T11:50:39.281,1789107639.2818,6247,44,0.56,337,4.32
2026-09-11T11:50:39.284,1789107639.2848,6248,126,1.62,320,4.1
2026-09-11T11:50:39.287,1789107639.2878,6249,-214,-2.74,340,4.36
2026-09-11T11:50:39.296,1789107639.2968,6250,-169,-2.17,340,4.36
2026-09-11T11:50:39.299,1789107639.2998,6251,75,0.96,340,4.36
2026-09-11T11:50:39.304,1789107639.3048,6252,106,1.36,320,4.1
2026-09-11T11:50:39.307,1789107639.3078,6253,-223,-2.86,329,4.22
2026-09-11T11:50:39.317,1789107639.3175,6254,-146,-1.87,329,4.22
2026-09-11T11:50:39.318,1789107639.3185,6255,123,1.58,346,4.44
2026-09-11T11:50:39.322,1789107639.3227,6256,85,1.09,346,4.44
2026-09-11T11:50:39.325,1789107639.3257,6257,-243,-3.12,366,4.69
2026-09-11T11:50:39.344,1789107639.3449,6258,-130,-1.67,366,4.69
2026-09-11T11:50:39.351,1789107639.3518,6259,166,2.13,409,5.24
2026-09-11T11:50:39.353,1789107639.3530,6260,290,3.72,533,6.83
2026-09-11T11:50:39.354,1789107639.3540,6261,-260,-3.33,550,7.05
2026-09-11T11:50:39.358,1789107639.3580,6262,-107,-1.37,550,7.05
2026-09-11T11:50:39.364,1789107639.3641,6263,202,2.59,550,7.05
2026-09-11T11:50:39.371,1789107639.3716,6264,253,3.24,513,6.58
2026-09-11T11:50:39.376,1789107639.3767,6265,-264,-3.38,517,6.63
2026-09-11T11:50:39.382,1789107639.3821,6266,-79,-1.01,517,6.63
2026-09-11T11:50:39.384,1789107639.3841,6267,225,2.88,517,6.63
2026-09-11T11:50:39.391,1789107639.3911,6268,224,2.87,489,6.27
2026-09-11T11:50:39.393,1789107639.3931,6269,71,0.91,304,3.9
2026-09-11T11:50:39.396,1789107639.3961,6270,-46,-0.59,271,3.47
2026-09-11T11:50:39.400,1789107639.4001,6271,-621,-7.96,845,10.83
2026-09-11T11:50:39.402,1789107639.4022,6272,-631,-8.09,702,9.0
2026-09-11T11:50:39.410,1789107639.4102,6273,-41,-0.53,590,7.56
2026-09-11T11:50:39.414,1789107639.4144,6274,-74,-0.95,590,7.56
2026-09-11T11:50:39.421,1789107639.4216,6275,-681,-8.73,640,8.21
2026-09-11T11:50:39.423,1789107639.4237,6276,-587,-7.53,640,8.21
2026-09-11T11:50:39.431,1789107639.4319,6277,120,1.54,801,10.27
2026-09-11T11:50:39.433,1789107639.4339,6278,347,4.45,1028,13.18
2026-09-11T11:50:39.440,1789107639.4409,6279,-690,-8.85,1037,13.29
2026-09-11T11:50:39.442,1789107639.4429,6280,-515,-6.6,1037,13.29
2026-09-11T11:50:39.450,1789107639.4509,6281,223,2.86,1037,13.29
2026-09-11T11:50:39.461,1789107639.4610,6282,362,4.64,1052,13.49
2026-09-11T11:50:39.463,1789107639.4631,6283,-635,-8.14,997,12.78
2026-09-11T11:50:39.469,1789107639.4691,6284,-361,-4.63,997,12.78
2026-09-11T11:50:39.472,1789107639.4722,6285,352,4.51,997,12.78
2026-09-11T11:50:39.475,1789107639.4753,6286,403,5.17,1038,13.31
2026-09-11T11:50:39.478,1789107639.4782,6287,-27,-0.35,764,9.79
2026-09-11T11:50:39.485,1789107639.4852,6288,-292,-3.74,695,8.91
2026-09-11T11:50:39.488,1789107639.4882,6289,425,5.45,717,9.19
2026-09-11T11:50:39.492,1789107639.4922,6290,387,4.96,717,9.19
2026-09-11T11:50:39.496,1789107639.4962,6291,-70,-0.9,717,9.19
2026-09-11T11:50:39.502,1789107639.5022,6292,-204,-2.62,629,8.06
2026-09-11T11:50:39.508,1789107639.5084,6293,453,5.81,657,8.42
2026-09-11T11:50:39.528,1789107639.5285,6294,331,4.24,657,8.42
2026-09-11T11:50:39.533,1789107639.5336,6295,-150,-1.92,657,8.42
2026-09-11T11:50:39.535,1789107639.5356,6296,-219,-2.81,672,8.62
2026-09-11T11:50:39.537,1789107639.5376,6297,406,5.21,625,8.01
2026-09-11T11:50:39.541,1789107639.5416,6298,180,2.31,625,8.01
2026-09-11T11:50:39.547,1789107639.5476,6299,-385,-4.94,791,10.14
2026-09-11T11:50:39.551,1789107639.5516,6300,-667,-8.55,1073,13.76
2026-09-11T11:50:39.555,1789107639.5558,6301,113,1.45,847,10.86
2026-09-11T11:50:39.558,1789107639.5588,6302,-196,-2.51,780,10.0
2026-09-11T11:50:39.562,1789107639.5629,6303,-471,-6.04,780,10.0
2026-09-11T11:50:39.573,1789107639.5731,6304,-389,-4.99,584,7.49
2026-09-11T11:50:39.575,1789107639.5751,6305,-562,-7.21,366,4.69
2026-09-11T11:50:39.579,1789107639.5797,6306,-476,-6.1,173,2.22
2026-09-11T11:50:39.582,1789107639.5828,6307,-198,-2.54,364,4.67
2026-09-11T11:50:39.583,1789107639.5838,6308,-85,-1.09,477,6.12
2026-09-11T11:50:39.586,1789107639.5868,6309,-297,-3.81,391,5.01
2026-09-11T11:50:39.593,1789107639.5938,6310,-302,-3.87,217,2.78
2026-09-11T11:50:39.598,1789107639.5988,6311,39,0.5,341,4.37
2026-09-11T11:50:39.603,1789107639.6030,6312,79,1.01,381,4.88
2026-09-11T11:50:39.611,1789107639.6110,6313,-173,-2.22,381,4.88
2026-09-11T11:50:39.616,1789107639.6160,6314,-147,-1.88,252,3.23
2026-09-11T11:50:39.621,1789107639.6210,6315,201,2.58,374,4.79
2026-09-11T11:50:39.622,1789107639.6222,6316,173,2.22,374,4.79
2026-09-11T11:50:39.632,1789107639.6323,6317,-144,-1.85,348,4.46
2026-09-11T11:50:39.634,1789107639.6343,6318,-275,-3.53,476,6.1
2026-09-11T11:50:39.643,1789107639.6433,6319,254,3.26,529,6.78
2026-09-11T11:50:39.647,1789107639.6473,6320,213,2.73,529,6.78
2026-09-11T11:50:39.649,1789107639.6493,6321,-120,-1.54,529,6.78
2026-09-11T11:50:39.655,1789107639.6557,6322,-207,-2.65,461,5.91
2026-09-11T11:50:39.659,1789107639.6597,6323,301,3.86,508,6.51
2026-09-11T11:50:39.668,1789107639.6689,6324,220,2.82,508,6.51
2026-09-11T11:50:39.670,1789107639.6709,6325,-113,-1.45,508,6.51
2026-09-11T11:50:39.673,1789107639.6731,6326,-160,-2.05,461,5.91
2026-09-11T11:50:39.676,1789107639.6761,6327,40,0.51,380,4.87
2026-09-11T11:50:39.682,1789107639.6825,6328,243,3.12,403,5.17
2026-09-11T11:50:39.686,1789107639.6863,6329,-130,-1.67,403,5.17
2026-09-11T11:50:39.692,1789107639.6923,6330,-130,-1.67,373,4.78
2026-09-11T11:50:39.707,1789107639.7076,6331,99,1.27,373,4.78
2026-09-11T11:50:39.712,1789107639.7122,6332,193,2.47,323,4.14
2026-09-11T11:50:39.716,1789107639.7162,6333,-136,-1.74,329,4.22
2026-09-11T11:50:39.720,1789107639.7202,6334,-99,-1.27,329,4.22
2026-09-11T11:50:39.723,1789107639.7233,6335,153,1.96,329,4.22
2026-09-11T11:50:39.727,1789107639.7273,6336,179,2.29,315,4.04
2026-09-11T11:50:39.732,1789107639.7325,6337,-149,-1.91,328,4.21
2026-09-11T11:50:39.735,1789107639.7355,6338,-89,-1.14,328,4.21
2026-09-11T11:50:39.740,1789107639.7405,6339,192,2.46,341,4.37
2026-09-11T11:50:39.744,1789107639.7445,6340,359,4.6,508,6.51
2026-09-11T11:50:39.753,1789107639.7531,6341,-179,-2.29,538,6.9
2026-09-11T11:50:39.755,1789107639.7551,6342,-47,-0.6,538,6.9
2026-09-11T11:50:39.761,1789107639.7611,6343,222,2.85,538,6.9
2026-09-11T11:50:39.765,1789107639.7653,6344,349,4.47,528,6.77
2026-09-11T11:50:39.770,1789107639.7703,6345,-173,-2.22,522,6.69
2026-09-11T11:50:39.774,1789107639.7744,6346,-40,-0.51,522,6.69
2026-09-11T11:50:39.782,1789107639.7825,6347,256,3.28,522,6.69
2026-09-11T11:50:39.785,1789107639.7855,6348,331,4.24,504,6.46
2026-09-11T11:50:39.790,1789107639.7905,6349,89,1.14,371,4.76
2026-09-11T11:50:39.795,1789107639.7955,6350,-14,-0.18,345,4.42
2026-09-11T11:50:39.796,1789107639.7965,6351,274,3.51,345,4.42
2026-09-11T11:50:39.803,1789107639.8037,6352,309,3.96,323,4.14
2026-09-11T11:50:39.806,1789107639.8067,6353,44,0.56,323,4.14
2026-09-11T11:50:39.818,1789107639.8184,6354,-12,-0.15,321,4.12
2026-09-11T11:50:39.826,1789107639.8263,6355,288,3.69,321,4.12
2026-09-11T11:50:39.830,1789107639.8303,6356,299,3.83,311,3.99
2026-09-11T11:50:39.832,1789107639.8325,6357,-14,-0.18,313,4.01
2026-09-11T11:50:39.834,1789107639.8345,6358,-198,-2.54,497,6.37
2026-09-11T11:50:39.840,1789107639.8405,6359,311,3.99,509,6.53
2026-09-11T11:50:39.843,1789107639.8435,6360,262,3.36,509,6.53
2026-09-11T11:50:39.850,1789107639.8505,6361,-35,-0.45,509,6.53
2026-09-11T11:50:39.855,1789107639.8556,6362,-175,-2.24,486,6.23
2026-09-11T11:50:39.856,1789107639.8566,6363,361,4.63,536,6.87
2026-09-11T11:50:39.867,1789107639.8680,6364,268,3.44,536,6.87
2026-09-11T11:50:39.868,1789107639.8690,6365,-53,-0.68,536,6.87
2026-09-11T11:50:39.873,1789107639.8732,6366,-121,-1.55,482,6.18
2026-09-11T11:50:39.887,1789107639.8875,6367,71,0.91,389,4.99
2026-09-11T11:50:39.893,1789107639.8935,6368,250,3.21,371,4.76
2026-09-11T11:50:39.897,1789107639.8975,6369,-111,-1.42,371,4.76
2026-09-11T11:50:39.899,1789107639.8995,6370,-127,-1.63,377,4.83
2026-09-11T11:50:39.904,1789107639.9044,6371,82,1.05,377,4.83
2026-09-11T11:50:39.910,1789107639.9103,6372,208,2.67,335,4.29
2026-09-11T11:50:39.914,1789107639.9145,6373,-137,-1.76,345,4.42
2026-09-11T11:50:39.921,1789107639.9215,6374,-136,-1.74,345,4.42
2026-09-11T11:50:39.926,1789107639.9266,6375,88,1.13,345,4.42
2026-09-11T11:50:39.927,1789107639.9276,6376,178,2.28,315,4.04
2026-09-11T11:50:39.935,1789107639.9358,6377,-182,-2.33,360,4.62
2026-09-11T11:50:39.937,1789107639.9378,6378,-118,-1.51,360,4.62
2026-09-11T11:50:39.942,1789107639.9428,6379,123,1.58,360,4.62
2026-09-11T11:50:39.944,1789107639.9448,6380,330,4.23,512,6.56
2026-09-11T11:50:39.946,1789107639.9468,6381,-199,-2.55,529,6.78
2026-09-11T11:50:39.954,1789107639.9544,6382,-115,-1.47,529,6.78
2026-09-11T11:50:39.955,1789107639.9554,6383,170,2.18,529,6.78
2026-09-11T11:50:39.968,1789107639.9687,6384,317,4.06,516,6.62
2026-09-11T11:50:39.972,1789107639.9729,6385,-221,-2.83,538,6.9
2026-09-11T11:50:39.975,1789107639.9759,6386,-108,-1.38,538,6.9
2026-09-11T11:50:39.976,1789107639.9769,6387,205,2.63,538,6.9
2026-09-11T11:50:39.983,1789107639.9831,6388,296,3.79,517,6.63
2026-09-11T11:50:39.992,1789107639.9921,6389,55,0.71,404,5.18
2026-09-11T11:50:39.994,1789107639.9941,6390,-92,-1.18,388,4.97
2026-09-11T11:50:40.003,1789107640.0038,6391,220,2.82,388,4.97
2026-09-11T11:50:40.007,1789107640.0078,6392,267,3.42,359,4.6
2026-09-11T11:50:40.010,1789107640.0108,6393,26,0.33,359,4.6
2026-09-11T11:50:40.018,1789107640.0184,6394,-61,-0.78,328,4.21
2026-09-11T11:50:40.021,1789107640.0214,6395,235,3.01,328,4.21
2026-09-11T11:50:40.026,1789107640.0265,6396,242,3.1,303,3.88
2026-09-11T11:50:40.029,1789107640.0295,6397,-35,-0.45,303,3.88
2026-09-11T11:50:40.034,1789107640.0340,6398,-255,-3.27,497,6.37
2026-09-11T11:50:40.036,1789107640.0360,6399,263,3.37,518,6.64
2026-09-11T11:50:40.042,1789107640.0420,6400,226,2.9,518,6.64
2026-09-11T11:50:40.049,1789107640.0491,6401,-87,-1.12,518,6.64
2026-09-11T11:50:40.051,1789107640.0511,6402,-231,-2.96,494,6.33
2026-09-11T11:50:40.068,1789107640.0682,6403,254,3.26,485,6.22
2026-09-11T11:50:40.078,1789107640.0781,6404,193,2.47,485,6.22
2026-09-11T11:50:40.080,1789107640.0801,6405,-132,-1.69,485,6.22
2026-09-11T11:50:40.083,1789107640.0833,6406,-247,-3.17,501,6.42
2026-09-11T11:50:40.088,1789107640.0883,6407,-42,-0.54,440,5.64
2026-09-11T11:50:40.093,1789107640.0933,6408,165,2.12,412,5.28
2026-09-11T11:50:40.097,1789107640.0973,6409,-180,-2.31,412,5.28
2026-09-11T11:50:40.102,1789107640.1024,6410,-235,-3.01,400,5.13
2026-09-11T11:50:40.106,1789107640.1065,6411,-14,-0.18,400,5.13
2026-09-11T11:50:40.108,1789107640.1085,6412,149,1.91,384,4.92
2026-09-11T11:50:40.116,1789107640.1163,6413,-204,-2.62,384,4.92
2026-09-11T11:50:40.121,1789107640.1213,6414,-223,-2.86,372,4.77
2026-09-11T11:50:40.125,1789107640.1254,6415,-6,-0.08,372,4.77
2026-09-11T11:50:40.126,1789107640.1264,6416,121,1.55,344,4.41
2026-09-11T11:50:40.128,1789107640.1284,6417,-232,-2.97,353,4.53
2026-09-11T11:50:40.135,1789107640.1355,6418,-215,-2.76,353,4.53
2026-09-11T11:50:40.140,1789107640.1405,6419,38,0.49,353,4.53
2026-09-11T11:50:40.144,1789107640.1445,6420,266,3.41,498,6.38
2026-09-11T11:50:40.150,1789107640.1505,6421,-248,-3.18,514,6.59
2026-09-11T11:50:40.155,1789107640.1556,6422,-183,-2.35,514,6.59
2026-09-11T11:50:40.156,1789107640.1566,6423,78,1.0,514,6.59
2026-09-11T11:50:40.170,1789107640.1708,6424,266,3.41,514,6.59
2026-09-11T11:50:40.175,1789107640.1751,6425,-251,-3.22,517,6.63
2026-09-11T11:50:40.177,1789107640.1770,6426,-166,-2.13,517,6.63
2026-09-11T11:50:40.179,1789107640.1790,6427,118,1.51,517,6.63
2026-09-11T11:50:40.192,1789107640.1929,6428,250,3.21,501,6.42
2026-09-11T11:50:40.193,1789107640.1939,6429,41,0.53,416,5.33
2026-09-11T11:50:40.196,1789107640.1969,6430,-154,-1.97,404,5.18
2026-09-11T11:50:40.200,1789107640.2009,6431,138,1.77,404,5.18
2026-09-11T11:50:40.205,1789107640.2050,6432,222,2.85,376,4.82
2026-09-11T11:50:40.210,1789107640.2100,6433,-19,-0.24,376,4.82
2026-09-11T11:50:40.218,1789107640.2187,6434,-154,-1.97,376,4.82
2026-09-11T11:50:40.218,1789107640.2187,6435,151,1.94,376,4.82
2026-09-11T11:50:40.224,1789107640.2240,6436,166,2.13,320,4.1
2026-09-11T11:50:40.231,1789107640.2314,6437,-107,-1.37,320,4.1
2026-09-11T11:50:40.233,1789107640.2334,6438,-358,-4.59,524,6.72
2026-09-11T11:50:40.246,1789107640.2464,6439,124,1.59,524,6.72
2026-09-11T11:50:40.249,1789107640.2494,6440,103,1.32,482,6.18
2026-09-11T11:50:40.252,1789107640.2526,6441,-217,-2.78,482,6.18
2026-09-11T11:50:40.256,1789107640.2566,6442,-404,-5.18,528,6.77
2026-09-11T11:50:40.260,1789107640.2606,6443,82,1.05,507,6.5
2026-09-11T11:50:40.270,1789107640.2708,6444,34,0.44,486,6.23
2026-09-11T11:50:40.275,1789107640.2759,6445,-294,-3.77,486,6.23
2026-09-11T11:50:40.279,1789107640.2799,6446,-433,-5.55,515,6.6
2026-09-11T11:50:40.286,1789107640.2862,6447,-223,-2.86,467,5.99
2026-09-11T11:50:40.288,1789107640.2882,6448,-11,-0.14,422,5.41
2026-09-11T11:50:40.295,1789107640.2952,6449,-363,-4.65,422,5.41
2026-09-11T11:50:40.297,1789107640.2972,6450,-433,-5.55,422,5.41
2026-09-11T11:50:40.301,1789107640.3012,6451,-224,-2.87,422,5.41
2026-09-11T11:50:40.303,1789107640.3035,6452,-63,-0.81,370,4.74
2026-09-11T11:50:40.308,1789107640.3085,6453,-391,-5.01,370,4.74
2026-09-11T11:50:40.321,1789107640.3214,6454,-409,-5.24,346,4.44
2026-09-11T11:50:40.324,1789107640.3241,6455,-244,-3.13,346,4.44
2026-09-11T11:50:40.326,1789107640.3261,6456,-115,-1.47,294,3.77
2026-09-11T11:50:40.333,1789107640.3333,6457,-446,-5.72,331,4.24
2026-09-11T11:50:40.335,1789107640.3353,6458,-429,-5.5,331,4.24
2026-09-11T11:50:40.341,1789107640.3413,6459,-219,-2.81,331,4.24
2026-09-11T11:50:40.344,1789107640.3443,6460,30,0.38,476,6.1
2026-09-11T11:50:40.347,1789107640.3473,6461,-486,-6.23,516,6.62
2026-09-11T11:50:40.354,1789107640.3545,6462,-428,-5.49,516,6.62
2026-09-11T11:50:40.364,1789107640.3647,6463,-202,-2.59,516,6.62
2026-09-11T11:50:40.369,1789107640.3697,6464,-1,-0.01,485,6.22
2026-09-11T11:50:40.371,1789107640.3718,6465,-524,-6.72,523,6.71
2026-09-11T11:50:40.377,1789107640.3778,6466,-422,-5.41,523,6.71
2026-09-11T11:50:40.380,1789107640.3808,6467,-173,-2.22,523,6.71
2026-09-11T11:50:40.382,1789107640.3829,6468,-24,-0.31,500,6.41
2026-09-11T11:50:40.391,1789107640.3919,6469,-240,-3.08,398,5.1
2026-09-11T11:50:40.394,1789107640.3949,6470,-429,-5.5,405,5.19
2026-09-11T11:50:40.397,1789107640.3979,6471,-147,-1.88,405,5.19
2026-09-11T11:50:40.400,1789107640.4009,6472,-67,-0.86,362,4.64
2026-09-11T11:50:40.407,1789107640.4071,6473,-298,-3.82,362,4.64
2026-09-11T11:50:40.427,1789107640.4271,6474,-415,-5.32,348,4.46
2026-09-11T11:50:40.432,1789107640.4322,6475,-149,-1.91,348,4.46
2026-09-11T11:50:40.438,1789107640.4382,6476,-117,-1.5,298,3.82
2026-09-11T11:50:40.439,1789107640.4392,6477,-364,-4.67,298,3.82
2026-09-11T11:50:40.444,1789107640.4442,6478,-607,-7.78,490,6.28
2026-09-11T11:50:40.449,1789107640.4492,6479,-175,-2.24,490,6.28
2026-09-11T11:50:40.454,1789107640.4543,6480,-202,-2.59,432,5.54
2026-09-11T11:50:40.457,1789107640.4573,6481,-493,-6.32,432,5.54
2026-09-11T11:50:40.461,1789107640.4613,6482,-699,-8.96,524,6.72
2026-09-11T11:50:40.467,1789107640.4674,6483,-259,-3.32,497,6.37
2026-09-11T11:50:40.475,1789107640.4759,6484,-318,-4.08,440,5.64
2026-09-11T11:50:40.477,1789107640.4779,6485,-660,-8.46,440,5.64
2026-09-11T11:50:40.479,1789107640.4799,6486,-822,-10.54,563,7.22
2026-09-11T11:50:40.482,1789107640.4823,6487,-647,-8.29,504,6.46
2026-09-11T11:50:40.486,1789107640.4863,6488,-526,-6.74,296,3.79
2026-09-11T11:50:40.487,1789107640.4873,6489,-868,-11.13,342,4.38
2026-09-11T11:50:40.494,1789107640.4943,6490,-973,-12.47,447,5.73
2026-09-11T11:50:40.501,1789107640.5013,6491,-801,-10.27,447,5.73
2026-09-11T11:50:40.504,1789107640.5044,6492,-676,-8.67,297,3.81
2026-09-11T11:50:40.512,1789107640.5125,6493,-1025,-13.14,349,4.47
2026-09-11T11:50:40.518,1789107640.5182,6494,-1065,-13.65,389,4.99
2026-09-11T11:50:40.522,1789107640.5225,6495,-881,-11.29,389,4.99
2026-09-11T11:50:40.524,1789107640.5245,6496,-779,-9.99,286,3.67
2026-09-11T11:50:40.526,1789107640.5265,6497,-1120,-14.36,341,4.37
2026-09-11T11:50:40.535,1789107640.5353,6498,-1108,-14.21,341,4.37
2026-09-11T11:50:40.546,1789107640.5463,6499,-908,-11.64,341,4.37
2026-09-11T11:50:40.549,1789107640.5493,6500,-652,-8.36,468,6.0
2026-09-11T11:50:40.552,1789107640.5525,6501,-1126,-14.44,474,6.08
2026-09-11T11:50:40.554,1789107640.5545,6502,-1058,-13.56,474,6.08
2026-09-11T11:50:40.561,1789107640.5617,6503,-854,-10.95,474,6.08
2026-09-11T11:50:40.569,1789107640.5697,6504,-614,-7.87,512,6.56
2026-09-11T11:50:40.573,1789107640.5738,6505,-1097,-14.06,483,6.19
2026-09-11T11:50:40.577,1789107640.5774,6506,-1013,-12.99,483,6.19
2026-09-11T11:50:40.579,1789107640.5794,6507,-793,-10.17,483,6.19
2026-09-11T11:50:40.579,1789107640.5794,6508,-598,-7.67,499,6.4
2026-09-11T11:50:40.588,1789107640.5886,6509,-791,-10.14,415,5.32
2026-09-11T11:50:40.590,1789107640.5906,6510,-952,-12.21,354,4.54
2026-09-11T11:50:40.596,1789107640.5966,6511,-668,-8.56,354,4.54
2026-09-11T11:50:40.614,1789107640.6142,6512,-542,-6.95,410,5.26
2026-09-11T11:50:40.617,1789107640.6172,6513,-724,-9.28,410,5.26
2026-09-11T11:50:40.624,1789107640.6243,6514,-813,-10.42,271,3.47
2026-09-11T11:50:40.626,1789107640.6263,6515,-526,-6.74,287,3.68
2026-09-11T11:50:40.630,1789107640.6303,6516,-420,-5.38,393,5.04
2026-09-11T11:50:40.636,1789107640.6364,6517,-630,-8.08,393,5.04
2026-09-11T11:50:40.642,1789107640.6424,6518,-828,-10.62,408,5.23
2026-09-11T11:50:40.646,1789107640.6464,6519,-366,-4.69,462,5.92
2026-09-11T11:50:40.651,1789107640.6514,6520,-356,-4.56,472,6.05
2026-09-11T11:50:40.658,1789107640.6586,6521,-627,-8.04,472,6.05
2026-09-11T11:50:40.660,1789107640.6606,6522,-841,-10.78,485,6.22
2026-09-11T11:50:40.663,1789107640.6637,6523,-371,-4.76,485,6.22
2026-09-11T11:50:40.668,1789107640.6688,6524,-357,-4.58,484,6.21
2026-09-11T11:50:40.671,1789107640.6711,6525,-584,-7.49,484,6.21
2026-09-11T11:50:40.677,1789107640.6771,6526,-718,-9.21,361,4.63
2026-09-11T11:50:40.679,1789107640.6791,6527,-507,-6.5,361,4.63
2026-09-11T11:50:40.684,1789107640.6843,6528,-224,-2.87,494,6.33
2026-09-11T11:50:40.691,1789107640.6913,6529,-479,-6.14,494,6.33
2026-09-11T11:50:40.694,1789107640.6943,6530,-553,-7.09,329,4.22
2026-09-11T11:50:40.702,1789107640.7023,6531,-343,-4.4,329,4.22
2026-09-11T11:50:40.704,1789107640.7045,6532,-102,-1.31,451,5.78
2026-09-11T11:50:40.712,1789107640.7120,6533,-369,-4.73,451,5.78
2026-09-11T11:50:40.721,1789107640.7211,6534,-420,-5.38,318,4.08
2026-09-11T11:50:40.724,1789107640.7241,6535,-198,-2.54,318,4.08
2026-09-11T11:50:40.726,1789107640.7261,6536,2,0.03,422,5.41
2026-09-11T11:50:40.735,1789107640.7353,6537,-274,-3.51,422,5.41
2026-09-11T11:50:40.738,1789107640.7383,6538,-285,-3.65,287,3.68
2026-09-11T11:50:40.741,1789107640.7413,6539,-60,-0.77,287,3.68
2026-09-11T11:50:40.745,1789107640.7453,6540,213,2.73,498,6.38
2026-09-11T11:50:40.749,1789107640.7493,6541,-153,-1.96,498,6.38
2026-09-11T11:50:40.754,1789107640.7544,6542,-120,-1.54,366,4.69
2026-09-11T11:50:40.761,1789107640.7614,6543,72,0.92,366,4.69
2026-09-11T11:50:40.764,1789107640.7646,6544,332,4.26,485,6.22
2026-09-11T11:50:40.769,1789107640.7696,6545,-26,-0.33,452,5.79
2026-09-11T11:50:40.771,1789107640.7718,6546,14,0.18,358,4.59
2026-09-11T11:50:40.778,1789107640.7788,6547,214,2.74,358,4.59
2026-09-11T11:50:40.781,1789107640.7817,6548,429,5.5,455,5.83
2026-09-11T11:50:40.798,1789107640.7990,6549,311,3.99,415,5.32
2026-09-11T11:50:40.803,1789107640.8031,6550,110,1.41,319,4.09
2026-09-11T11:50:40.808,1789107640.8081,6551,338,4.33,319,4.09
2026-09-11T11:50:40.810,1789107640.8101,6552,512,6.56,402,5.15
2026-09-11T11:50:40.813,1789107640.8134,6553,362,4.64,402,5.15
2026-09-11T11:50:40.822,1789107640.8225,6554,192,2.46,320,4.1
2026-09-11T11:50:40.827,1789107640.8275,6555,424,5.44,320,4.1
2026-09-11T11:50:40.829,1789107640.8295,6556,542,6.95,350,4.49
2026-09-11T11:50:40.833,1789107640.8337,6557,372,4.77,350,4.49
2026-09-11T11:50:40.838,1789107640.8387,6558,122,1.56,420,5.38
2026-09-11T11:50:40.846,1789107640.8467,6559,457,5.86,420,5.38
2026-09-11T11:50:40.847,1789107640.8477,6560,511,6.55,389,4.99
2026-09-11T11:50:40.851,1789107640.8517,6561,333,4.27,389,4.99
2026-09-11T11:50:40.854,1789107640.8548,6562,68,0.87,443,5.68
2026-09-11T11:50:40.856,1789107640.8568,6563,423,5.42,443,5.68
2026-09-11T11:50:40.869,1789107640.8699,6564,453,5.81,385,4.94
2026-09-11T11:50:40.872,1789107640.8721,6565,240,3.08,385,4.94
2026-09-11T11:50:40.875,1789107640.8751,6566,27,0.35,426,5.46
2026-09-11T11:50:40.877,1789107640.8770,6567,175,2.24,426,5.46
2026-09-11T11:50:40.884,1789107640.8842,6568,428,5.49,401,5.14
2026-09-11T11:50:40.887,1789107640.8873,6569,203,2.6,401,5.14
2026-09-11T11:50:40.893,1789107640.8932,6570,50,0.64,378,4.85
2026-09-11T11:50:40.901,1789107640.9013,6571,210,2.69,378,4.85
2026-09-11T11:50:40.903,1789107640.9034,6572,447,5.73,397,5.09
2026-09-11T11:50:40.913,1789107640.9136,6573,193,2.47,397,5.09
2026-09-11T11:50:40.919,1789107640.9196,6574,76,0.97,371,4.76
2026-09-11T11:50:40.923,1789107640.9237,6575,228,2.92,371,4.76
2026-09-11T11:50:40.927,1789107640.9277,6576,433,5.55,357,4.58
2026-09-11T11:50:40.931,1789107640.9319,6577,176,2.26,357,4.58
2026-09-11T11:50:40.936,1789107640.9369,6578,103,1.32,330,4.23
2026-09-11T11:50:40.937,1789107640.9379,6579,262,3.36,330,4.23
2026-09-11T11:50:40.944,1789107640.9449,6580,533,6.83,430,5.51
2026-09-11T11:50:40.947,1789107640.9479,6581,194,2.49,430,5.51
2026-09-11T11:50:40.950,1789107640.9509,6582,153,1.96,380,4.87
2026-09-11T11:50:40.957,1789107640.9577,6583,320,4.1,380,4.87
2026-09-11T11:50:40.979,1789107640.9792,6584,579,7.42,426,5.46
2026-09-11T11:50:40.985,1789107640.9854,6585,215,2.76,426,5.46
2026-09-11T11:50:40.991,1789107640.9914,6586,210,2.69,369,4.73
2026-09-11T11:50:40.993,1789107640.9934,6587,397,5.09,369,4.73
2026-09-11T11:50:40.995,1789107640.9954,6588,620,7.95,410,5.26
2026-09-11T11:50:40.997,1789107640.9974,6589,513,6.58,410,5.26
2026-09-11T11:50:40.999,1789107640.9994,6590,266,3.41,354,4.54
2026-09-11T11:50:41.004,1789107641.0046,6591,469,6.01,354,4.54
2026-09-11T11:50:41.010,1789107641.0106,6592,675,8.65,409,5.24
2026-09-11T11:50:41.013,1789107641.0137,6593,537,6.88,409,5.24
2026-09-11T11:50:41.019,1789107641.0197,6594,306,3.92,369,4.73
2026-09-11T11:50:41.024,1789107641.0249,6595,528,6.77,369,4.73
2026-09-11T11:50:41.026,1789107641.0269,6596,686,8.79,380,4.87
2026-09-11T11:50:41.033,1789107641.0340,6597,532,6.82,380,4.87
2026-09-11T11:50:41.035,1789107641.0360,6598,278,3.56,408,5.23
2026-09-11T11:50:41.041,1789107641.0420,6599,563,7.22,408,5.23
2026-09-11T11:50:41.043,1789107641.0440,6600,685,8.78,407,5.22
2026-09-11T11:50:41.049,1789107641.0500,6601,514,6.59,407,5.22
2026-09-11T11:50:41.054,1789107641.0541,6602,260,3.33,425,5.45
2026-09-11T11:50:41.057,1789107641.0571,6603,586,7.51,425,5.45
2026-09-11T11:50:41.069,1789107641.0692,6604,668,8.56,408,5.23
2026-09-11T11:50:41.073,1789107641.0734,6605,489,6.27,408,5.23
2026-09-11T11:50:41.075,1789107641.0754,6606,243,3.12,425,5.45
2026-09-11T11:50:41.078,1789107641.0784,6607,354,4.54,425,5.45
2026-09-11T11:50:41.083,1789107641.0836,6608,646,8.28,403,5.17
2026-09-11T11:50:41.092,1789107641.0926,6609,444,5.69,403,5.17
2026-09-11T11:50:41.095,1789107641.0956,6610,230,2.95,416,5.33
2026-09-11T11:50:41.104,1789107641.1048,6611,357,4.58,416,5.33
2026-09-11T11:50:41.106,1789107641.1068,6612,641,8.22,411,5.27
2026-09-11T11:50:41.109,1789107641.1098,6613,395,5.06,411,5.27
2026-09-11T11:50:41.118,1789107641.1190,6614,217,2.78,424,5.44
2026-09-11T11:50:41.123,1789107641.1231,6615,352,4.51,424,5.44
2026-09-11T11:50:41.125,1789107641.1251,6616,593,7.6,376,4.82
2026-09-11T11:50:41.129,1789107641.1291,6617,342,4.38,376,4.82
2026-09-11T11:50:41.136,1789107641.1363,6618,209,2.68,384,4.92
2026-09-11T11:50:41.137,1789107641.1373,6619,360,4.62,384,4.92
2026-09-11T11:50:41.141,1789107641.1420,6620,627,8.04,418,5.36
2026-09-11T11:50:41.148,1789107641.1490,6621,298,3.82,418,5.36
2026-09-11T11:50:41.150,1789107641.1510,6622,201,2.58,426,5.46
2026-09-11T11:50:41.157,1789107641.1576,6623,340,4.36,426,5.46
2026-09-11T11:50:41.180,1789107641.1810,6624,619,7.94,418,5.36
2026-09-11T11:50:41.186,1789107641.1860,6625,242,3.1,418,5.36
2026-09-11T11:50:41.187,1789107641.1870,6626,189,2.42,430,5.51
2026-09-11T11:50:41.190,1789107641.1900,6627,357,4.58,430,5.51
2026-09-11T11:50:41.196,1789107641.1960,6628,599,7.68,410,5.26
2026-09-11T11:50:41.200,1789107641.2000,6629,505,6.47,410,5.26
2026-09-11T11:50:41.205,1789107641.2052,6630,194,2.49,405,5.19
2026-09-11T11:50:41.210,1789107641.2102,6631,365,4.68,405,5.19
2026-09-11T11:50:41.214,1789107641.2149,6632,584,7.49,390,5.0
2026-09-11T11:50:41.217,1789107641.2179,6633,454,5.82,390,5.0
2026-09-11T11:50:41.226,1789107641.2261,6634,183,2.35,401,5.14
2026-09-11T11:50:41.230,1789107641.2301,6635,386,4.95,401,5.14
2026-09-11T11:50:41.233,1789107641.2334,6636,569,7.29,386,4.95
2026-09-11T11:50:41.235,1789107641.2354,6637,411,5.27,386,4.95
2026-09-11T11:50:41.237,1789107641.2374,6638,145,1.86,424,5.44
2026-09-11T11:50:41.238,1789107641.2384,6639,392,5.03,424,5.44
2026-09-11T11:50:41.245,1789107641.2454,6640,534,6.85,389,4.99
2026-09-11T11:50:41.246,1789107641.2464,6641,372,4.77,389,4.99
2026-09-11T11:50:41.254,1789107641.2546,6642,119,1.53,415,5.32
2026-09-11T11:50:41.256,1789107641.2566,6643,425,5.45,415,5.32
2026-09-11T11:50:41.269,1789107641.2697,6644,532,6.82,413,5.29
2026-09-11T11:50:41.271,1789107641.2719,6645,330,4.23,413,5.29
2026-09-11T11:50:41.273,1789107641.2739,6646,100,1.28,432,5.54
2026-09-11T11:50:41.276,1789107641.2769,6647,184,2.36,432,5.54
2026-09-11T11:50:41.284,1789107641.2841,6648,486,6.23,386,4.95
2026-09-11T11:50:41.295,1789107641.2951,6649,264,3.38,386,4.95
2026-09-11T11:50:41.297,1789107641.2971,6650,63,0.81,423,5.42
2026-09-11T11:50:41.299,1789107641.2991,6651,186,2.38,423,5.42
2026-09-11T11:50:41.306,1789107641.3063,6652,468,6.0,405,5.19
2026-09-11T11:50:41.310,1789107641.3103,6653,218,2.79,405,5.19
2026-09-11T11:50:41.318,1789107641.3181,6654,33,0.42,435,5.58
2026-09-11T11:50:41.321,1789107641.3211,6655,153,1.96,435,5.58
2026-09-11T11:50:41.323,1789107641.3232,6656,437,5.6,404,5.18
2026-09-11T11:50:41.326,1789107641.3262,6657,161,2.06,404,5.18
2026-09-11T11:50:41.332,1789107641.3326,6658,9,0.12,428,5.49
2026-09-11T11:50:41.339,1789107641.3396,6659,161,2.06,428,5.49
2026-09-11T11:50:41.341,1789107641.3416,6660,420,5.38,411,5.27
2026-09-11T11:50:41.358,1789107641.3589,6661,85,1.09,411,5.27
2026-09-11T11:50:41.363,1789107641.3634,6662,-11,-0.14,431,5.53
2026-09-11T11:50:41.367,1789107641.3673,6663,157,2.01,431,5.53
2026-09-11T11:50:41.371,1789107641.3713,6664,420,5.38,431,5.53
2026-09-11T11:50:41.373,1789107641.3735,6665,29,0.37,431,5.53
2026-09-11T11:50:41.379,1789107641.3795,6666,-23,-0.29,443,5.68
2026-09-11T11:50:41.384,1789107641.3846,6667,153,1.96,443,5.68
2026-09-11T11:50:41.386,1789107641.3866,6668,400,5.13,423,5.42
2026-09-11T11:50:41.390,1789107641.3906,6669,283,3.63,423,5.42
2026-09-11T11:50:41.396,1789107641.3966,6670,-14,-0.18,414,5.31
2026-09-11T11:50:41.404,1789107641.4049,6671,146,1.87,414,5.31
2026-09-11T11:50:41.406,1789107641.4069,6672,373,4.78,387,4.96
2026-09-11T11:50:41.410,1789107641.4104,6673,248,3.18,387,4.96
2026-09-11T11:50:41.420,1789107641.4208,6674,-29,-0.37,402,5.15
2026-09-11T11:50:41.422,1789107641.4229,6675,159,2.04,402,5.15
2026-09-11T11:50:41.424,1789107641.4249,6676,359,4.6,388,4.97
2026-09-11T11:50:41.428,1789107641.4289,6677,185,2.37,388,4.97
2026-09-11T11:50:41.435,1789107641.4350,6678,-100,-1.28,459,5.88
2026-09-11T11:50:41.438,1789107641.4380,6679,193,2.47,459,5.88
2026-09-11T11:50:41.445,1789107641.4450,6680,336,4.31,436,5.59
2026-09-11T11:50:41.448,1789107641.4480,6681,147,1.88,436,5.59
2026-09-11T11:50:41.456,1789107641.4562,6682,-134,-1.72,470,6.03
2026-09-11T11:50:41.461,1789107641.4612,6683,199,2.55,470,6.03
2026-09-11T11:50:41.472,1789107641.4726,6684,294,3.77,428,5.49
2026-09-11T11:50:41.474,1789107641.4746,6685,101,1.29,428,5.49
2026-09-11T11:50:41.476,1789107641.4766,6686,-183,-2.35,477,6.12
2026-09-11T11:50:41.480,1789107641.4806,6687,-91,-1.17,477,6.12
2026-09-11T11:50:41.481,1789107641.4817,6688,189,2.42,372,4.77
2026-09-11T11:50:41.491,1789107641.4917,6689,-40,-0.51,372,4.77
2026-09-11T11:50:41.496,1789107641.4967,6690,-303,-3.88,492,6.31
2026-09-11T11:50:41.498,1789107641.4983,6691,-162,-2.08,492,6.31
2026-09-11T11:50:41.504,1789107641.5041,6692,122,1.56,425,5.45
2026-09-11T11:50:41.506,1789107641.5061,6693,-118,-1.51,425,5.45
2026-09-11T11:50:41.517,1789107641.5180,6694,-318,-4.08,440,5.64
2026-09-11T11:50:41.520,1789107641.5210,6695,-165,-2.12,440,5.64
2026-09-11T11:50:41.523,1789107641.5231,6696,116,1.49,434,5.56
2026-09-11T11:50:41.526,1789107641.5262,6697,-161,-2.06,434,5.56
2026-09-11T11:50:41.540,1789107641.5404,6698,-324,-4.15,440,5.64
2026-09-11T11:50:41.545,1789107641.5454,6699,-151,-1.94,440,5.64
2026-09-11T11:50:41.549,1789107641.5494,6700,121,1.55,445,5.71
2026-09-11T11:50:41.551,1789107641.5514,6701,-211,-2.71,445,5.71
2026-09-11T11:50:41.553,1789107641.5535,6702,-314,-4.03,435,5.58
2026-09-11T11:50:41.561,1789107641.5616,6703,-141,-1.81,435,5.58
2026-09-11T11:50:41.568,1789107641.5686,6704,135,1.73,449,5.76
2026-09-11T11:50:41.572,1789107641.5728,6705,-237,-3.04,449,5.76
2026-09-11T11:50:41.577,1789107641.5778,6706,-309,-3.96,444,5.69
2026-09-11T11:50:41.586,1789107641.5862,6707,-139,-1.78,444,5.69
2026-09-11T11:50:41.589,1789107641.5892,6708,133,1.71,442,5.67
2026-09-11T11:50:41.593,1789107641.5933,6709,41,0.53,442,5.67
2026-09-11T11:50:41.595,1789107641.5953,6710,-294,-3.77,427,5.47
2026-09-11T11:50:41.597,1789107641.5973,6711,-109,-1.4,427,5.47
2026-09-11T11:50:41.604,1789107641.6045,6712,135,1.73,429,5.5
2026-09-11T11:50:41.605,1789107641.6055,6713,15,0.19,429,5.5
2026-09-11T11:50:41.619,1789107641.6192,6714,-276,-3.54,411,5.27
2026-09-11T11:50:41.623,1789107641.6233,6715,-79,-1.01,411,5.27
2026-09-11T11:50:41.625,1789107641.6253,6716,161,2.06,437,5.6
2026-09-11T11:50:41.627,1789107641.6273,6717,32,0.41,437,5.6
2026-09-11T11:50:41.633,1789107641.6338,6718,-256,-3.28,417,5.35
2026-09-11T11:50:41.642,1789107641.6428,6719,10,0.13,417,5.35
2026-09-11T11:50:41.643,1789107641.6438,6720,182,2.33,438,5.62
2026-09-11T11:50:41.653,1789107641.6537,6721,37,0.47,438,5.62
2026-09-11T11:50:41.655,1789107641.6557,6722,-255,-3.27,437,5.6
2026-09-11T11:50:41.660,1789107641.6607,6723,59,0.76,437,5.6
2026-09-11T11:50:41.668,1789107641.6689,6724,195,2.5,450,5.77
2026-09-11T11:50:41.673,1789107641.6731,6725,18,0.23,450,5.77
2026-09-11T11:50:41.676,1789107641.6761,6726,-258,-3.31,453,5.81
2026-09-11T11:50:41.680,1789107641.6808,6727,-157,-2.01,453,5.81
2026-09-11T11:50:41.685,1789107641.6859,6728,187,2.4,445,5.71
2026-09-11T11:50:41.687,1789107641.6879,6729,-10,-0.13,445,5.71
2026-09-11T11:50:41.692,1789107641.6929,6730,-265,-3.4,452,5.79
2026-09-11T11:50:41.698,1789107641.6989,6731,-124,-1.59,452,5.79
2026-09-11T11:50:41.700,1789107641.7009,6732,175,2.24,440,5.64
2026-09-11T11:50:41.707,1789107641.7072,6733,-29,-0.37,440,5.64
2026-09-11T11:50:41.731,1789107641.7317,6734,-249,-3.19,424,5.44
2026-09-11T11:50:41.733,1789107641.7337,6735,-104,-1.33,424,5.44
2026-09-11T11:50:41.736,1789107641.7367,6736,164,2.1,413,5.29
2026-09-11T11:50:41.742,1789107641.7429,6737,-61,-0.78,413,5.29
2026-09-11T11:50:41.744,1789107641.7449,6738,-233,-2.99,397,5.09
2026-09-11T11:50:41.750,1789107641.7509,6739,-80,-1.03,397,5.09
2026-09-11T11:50:41.755,1789107641.7550,6740,192,2.46,425,5.45
2026-09-11T11:50:41.761,1789107641.7610,6741,-93,-1.19,425,5.45
2026-09-11T11:50:41.769,1789107641.7692,6742,-217,-2.78,409,5.24
2026-09-11T11:50:41.771,1789107641.7712,6743,-60,-0.77,409,5.24
2026-09-11T11:50:41.778,1789107641.7783,6744,224,2.87,441,5.65
2026-09-11T11:50:41.779,1789107641.7793,6745,-101,-1.29,441,5.65
2026-09-11T11:50:41.781,1789107641.7816,6746,-189,-2.42,413,5.29
2026-09-11T11:50:41.783,1789107641.7836,6747,0,0.0,413,5.29
2026-09-11T11:50:41.785,1789107641.7856,6748,244,3.13,433,5.55
2026-09-11T11:50:41.790,1789107641.7906,6749,175,2.24,433,5.55
2026-09-11T11:50:41.794,1789107641.7946,6750,-161,-2.06,405,5.19
2026-09-11T11:50:41.801,1789107641.8017,6751,11,0.14,405,5.19
2026-09-11T11:50:41.804,1789107641.8047,6752,279,3.58,440,5.64
2026-09-11T11:50:41.807,1789107641.8077,6753,170,2.18,440,5.64
2026-09-11T11:50:41.819,1789107641.8194,6754,-146,-1.87,425,5.45
2026-09-11T11:50:41.822,1789107641.8226,6755,43,0.55,425,5.45
2026-09-11T11:50:41.824,1789107641.8246,6756,279,3.58,425,5.45
2026-09-11T11:50:41.826,1789107641.8266,6757,161,2.06,425,5.45
2026-09-11T11:50:41.834,1789107641.8347,6758,-127,-1.63,406,5.21
2026-09-11T11:50:41.836,1789107641.8367,6759,86,1.1,406,5.21
2026-09-11T11:50:41.846,1789107641.8467,6760,285,3.65,412,5.28
2026-09-11T11:50:41.850,1789107641.8508,6761,152,1.95,412,5.28
2026-09-11T11:50:41.852,1789107641.8529,6762,-128,-1.64,413,5.29
2026-09-11T11:50:41.858,1789107641.8589,6763,149,1.91,413,5.29
2026-09-11T11:50:41.870,1789107641.8701,6764,288,3.69,416,5.33
2026-09-11T11:50:41.873,1789107641.8732,6765,147,1.88,416,5.33
2026-09-11T11:50:41.876,1789107641.8762,6766,-142,-1.82,430,5.51
2026-09-11T11:50:41.881,1789107641.8812,6767,-65,-0.83,430,5.51
2026-09-11T11:50:41.881,1789107641.8816,6768,290,3.72,432,5.54
2026-09-11T11:50:41.887,1789107641.8877,6769,137,1.76,432,5.54
2026-09-11T11:50:41.892,1789107641.8927,6770,-143,-1.83,433,5.55
2026-09-11T11:50:41.896,1789107641.8967,6771,-43,-0.55,433,5.55
2026-09-11T11:50:41.919,1789107641.9191,6772,285,3.65,428,5.49
2026-09-11T11:50:41.923,1789107641.9234,6773,104,1.33,428,5.49
2026-09-11T11:50:41.929,1789107641.9294,6774,-161,-2.06,446,5.72
2026-09-11T11:50:41.934,1789107641.9346,6775,-28,-0.36,446,5.72
2026-09-11T11:50:41.940,1789107641.9406,6776,236,3.03,397,5.09
2026-09-11T11:50:41.943,1789107641.9436,6777,66,0.85,397,5.09
2026-09-11T11:50:41.947,1789107641.9476,6778,-158,-2.03,394,5.05
2026-09-11T11:50:41.951,1789107641.9520,6779,2,0.03,394,5.05
2026-09-11T11:50:41.954,1789107641.9540,6780,258,3.31,416,5.33
2026-09-11T11:50:41.961,1789107641.9615,6781,28,0.36,416,5.33
2026-09-11T11:50:41.963,1789107641.9635,6782,-156,-2.0,414,5.31
2026-09-11T11:50:41.965,1789107641.9655,6783,1,0.01,414,5.31
2026-09-11T11:50:41.972,1789107641.9727,6784,265,3.4,421,5.4
2026-09-11T11:50:41.974,1789107641.9747,6785,-13,-0.17,421,5.4
2026-09-11T11:50:41.975,1789107641.9757,6786,-137,-1.76,402,5.15
2026-09-11T11:50:41.977,1789107641.9777,6787,11,0.14,402,5.15
2026-09-11T11:50:41.985,1789107641.9860,6788,283,3.63,420,5.38
2026-09-11T11:50:41.988,1789107641.9890,6789,222,2.85,420,5.38
2026-09-11T11:50:41.991,1789107641.9920,6790,-143,-1.83,426,5.46
2026-09-11T11:50:41.997,1789107641.9980,6791,30,0.38,426,5.46
2026-09-11T11:50:42.007,1789107642.0071,6792,282,3.62,425,5.45
2026-09-11T11:50:42.009,1789107642.0091,6793,225,2.88,425,5.45
2026-09-11T11:50:42.018,1789107642.0184,6794,-116,-1.49,398,5.1
2026-09-11T11:50:42.022,1789107642.0227,6795,33,0.42,398,5.1
2026-09-11T11:50:42.026,1789107642.0267,6796,296,3.79,412,5.28
2026-09-11T11:50:42.028,1789107642.0287,6797,203,2.6,412,5.28
2026-09-11T11:50:42.038,1789107642.0388,6798,-93,-1.19,389,4.99
2026-09-11T11:50:42.043,1789107642.0438,6799,67,0.86,389,4.99
2026-09-11T11:50:42.045,1789107642.0458,6800,295,3.78,388,4.97
2026-09-11T11:50:42.051,1789107642.0518,6801,166,2.13,388,4.97
2026-09-11T11:50:42.054,1789107642.0541,6802,-107,-1.37,402,5.15
2026-09-11T11:50:42.059,1789107642.0591,6803,102,1.31,402,5.15
2026-09-11T11:50:42.069,1789107642.0700,6804,314,4.03,421,5.4
2026-09-11T11:50:42.070,1789107642.0710,6805,156,2.0,421,5.4
2026-09-11T11:50:42.074,1789107642.0741,6806,-120,-1.54,434,5.56
2026-09-11T11:50:42.077,1789107642.0771,6807,-76,-0.97,434,5.56
2026-09-11T11:50:42.083,1789107642.0832,6808,300,3.85,420,5.38
2026-09-11T11:50:42.086,1789107642.0862,6809,143,1.83,420,5.38
2026-09-11T11:50:42.092,1789107642.0922,6810,-142,-1.82,442,5.67
2026-09-11T11:50:42.095,1789107642.0952,6811,-49,-0.63,442,5.67
2026-09-11T11:50:42.109,1789107642.1095,6812,294,3.77,436,5.59
2026-09-11T11:50:42.115,1789107642.1151,6813,117,1.5,436,5.59
2026-09-11T11:50:42.121,1789107642.1211,6814,-155,-1.99,449,5.76
2026-09-11T11:50:42.124,1789107642.1243,6815,-43,-0.55,449,5.76
2026-09-11T11:50:42.131,1789107642.1316,6816,210,2.69,365,4.68
2026-09-11T11:50:42.135,1789107642.1357,6817,92,1.18,365,4.68
2026-09-11T11:50:42.140,1789107642.1407,6818,-153,-1.96,363,4.65
2026-09-11T11:50:42.145,1789107642.1450,6819,-28,-0.36,363,4.65
2026-09-11T11:50:42.149,1789107642.1494,6820,232,2.97,385,4.94
2026-09-11T11:50:42.157,1789107642.1575,6821,58,0.74,385,4.94
2026-09-11T11:50:42.159,1789107642.1595,6822,-162,-2.08,394,5.05
2026-09-11T11:50:42.160,1789107642.1605,6823,-2,-0.03,394,5.05
2026-09-11T11:50:42.168,1789107642.1687,6824,258,3.31,420,5.38
2026-09-11T11:50:42.169,1789107642.1697,6825,4,0.05,420,5.38
2026-09-11T11:50:42.173,1789107642.1739,6826,-152,-1.95,410,5.26
2026-09-11T11:50:42.175,1789107642.1759,6827,1,0.01,410,5.26
2026-09-11T11:50:42.183,1789107642.1831,6828,269,3.45,421,5.4
2026-09-11T11:50:42.192,1789107642.1921,6829,236,3.03,421,5.4
2026-09-11T11:50:42.194,1789107642.1941,6830,-157,-2.01,426,5.46
2026-09-11T11:50:42.201,1789107642.2011,6831,8,0.1,426,5.46
2026-09-11T11:50:42.203,1789107642.2034,6832,284,3.64,441,5.65
2026-09-11T11:50:42.206,1789107642.2064,6833,215,2.76,441,5.65
2026-09-11T11:50:42.220,1789107642.2202,6834,-138,-1.77,422,5.41
2026-09-11T11:50:42.223,1789107642.2234,6835,22,0.28,422,5.41
2026-09-11T11:50:42.225,1789107642.2254,6836,294,3.77,432,5.54
2026-09-11T11:50:42.234,1789107642.2345,6837,189,2.42,432,5.54
2026-09-11T11:50:42.236,1789107642.2365,6838,-95,-1.22,389,4.99
2026-09-11T11:50:42.241,1789107642.2415,6839,45,0.58,389,4.99
2026-09-11T11:50:42.243,1789107642.2435,6840,289,3.71,384,4.92
2026-09-11T11:50:42.249,1789107642.2495,6841,168,2.15,384,4.92
2026-09-11T11:50:42.256,1789107642.2566,6842,-129,-1.65,418,5.36
2026-09-11T11:50:42.258,1789107642.2586,6843,64,0.82,418,5.36
2026-09-11T11:50:42.267,1789107642.2678,6844,288,3.69,417,5.35
2026-09-11T11:50:42.267,1789107642.2678,6845,151,1.94,417,5.35
2026-09-11T11:50:42.273,1789107642.2740,6846,-138,-1.77,426,5.46
2026-09-11T11:50:42.276,1789107642.2770,6847,-105,-1.35,426,5.46
2026-09-11T11:50:42.284,1789107642.2842,6848,291,3.73,429,5.5
2026-09-11T11:50:42.286,1789107642.2862,6849,134,1.72,429,5.5
2026-09-11T11:50:42.302,1789107642.3024,6850,-159,-2.04,450,5.77
2026-09-11T11:50:42.307,1789107642.3074,6851,-90,-1.15,450,5.77
2026-09-11T11:50:42.312,1789107642.3121,6852,294,3.77,453,5.81
2026-09-11T11:50:42.313,1789107642.3137,6853,101,1.29,453,5.81
2026-09-11T11:50:42.321,1789107642.3218,6854,-188,-2.41,482,6.18
2026-09-11T11:50:42.325,1789107642.3257,6855,-51,-0.65,482,6.18
2026-09-11T11:50:42.329,1789107642.3298,6856,193,2.47,381,4.88
2026-09-11T11:50:42.332,1789107642.3330,6857,87,1.12,381,4.88
2026-09-11T11:50:42.335,1789107642.3360,6858,-173,-2.22,366,4.69
2026-09-11T11:50:42.342,1789107642.3430,6859,-32,-0.41,366,4.69
2026-09-11T11:50:42.349,1789107642.3500,6860,220,2.82,393,5.04
2026-09-11T11:50:42.350,1789107642.3510,6861,70,0.9,393,5.04
2026-09-11T11:50:42.355,1789107642.3551,6862,-163,-2.09,383,4.91
2026-09-11T11:50:42.360,1789107642.3601,6863,-6,-0.08,383,4.91
2026-09-11T11:50:42.365,1789107642.3653,6864,254,3.26,417,5.35
2026-09-11T11:50:42.371,1789107642.3713,6865,28,0.36,417,5.35
2026-09-11T11:50:42.373,1789107642.3734,6866,-156,-2.0,410,5.26
2026-09-11T11:50:42.381,1789107642.3814,6867,25,0.32,410,5.26
2026-09-11T11:50:42.382,1789107642.3827,6868,285,3.65,441,5.65
2026-09-11T11:50:42.390,1789107642.3907,6869,263,3.37,441,5.65
2026-09-11T11:50:42.392,1789107642.3927,6870,-150,-1.92,435,5.58
2026-09-11T11:50:42.398,1789107642.3987,6871,27,0.35,435,5.58
2026-09-11T11:50:42.406,1789107642.4060,6872,291,3.73,441,5.65
2026-09-11T11:50:42.409,1789107642.4100,6873,254,3.26,441,5.65
2026-09-11T11:50:42.422,1789107642.4223,6874,-119,-1.53,410,5.26
2026-09-11T11:50:42.426,1789107642.4263,6875,45,0.58,410,5.26
2026-09-11T11:50:42.427,1789107642.4273,6876,317,4.06,436,5.59
2026-09-11T11:50:42.429,1789107642.4293,6877,236,3.03,436,5.59
2026-09-11T11:50:42.435,1789107642.4355,6878,-57,-0.73,374,4.79
2026-09-11T11:50:42.439,1789107642.4396,6879,84,1.08,374,4.79
2026-09-11T11:50:42.443,1789107642.4435,6880,339,4.35,396,5.08
2026-09-11T11:50:42.450,1789107642.4505,6881,234,3.0,396,5.08
2026-09-11T11:50:42.452,1789107642.4527,6882,-47,-0.6,386,4.95
2026-09-11T11:50:42.456,1789107642.4567,6883,109,1.4,386,4.95
2026-09-11T11:50:42.468,1789107642.4680,6884,345,4.42,392,5.03
2026-09-11T11:50:42.469,1789107642.4690,6885,216,2.77,392,5.03
2026-09-11T11:50:42.487,1789107642.4875,6886,-81,-1.04,426,5.46
2026-09-11T11:50:42.494,1789107642.4945,6887,-53,-0.68,426,5.46
2026-09-11T11:50:42.496,1789107642.4965,6888,347,4.45,428,5.49
2026-09-11T11:50:42.498,1789107642.4985,6889,201,2.58,428,5.49
2026-09-11T11:50:42.502,1789107642.5027,6890,-95,-1.22,442,5.67
2026-09-11T11:50:42.508,1789107642.5087,6891,-31,-0.4,442,5.67
2026-09-11T11:50:42.512,1789107642.5129,6892,352,4.51,447,5.73
2026-09-11T11:50:42.516,1789107642.5164,6893,175,2.24,447,5.73
2026-09-11T11:50:42.525,1789107642.5256,6894,-94,-1.21,446,5.72
2026-09-11T11:50:42.532,1789107642.5327,6895,-25,-0.32,446,5.72
2026-09-11T11:50:42.534,1789107642.5347,6896,199,2.55,293,3.76
2026-09-11T11:50:42.536,1789107642.5367,6897,157,2.01,293,3.76
2026-09-11T11:50:42.540,1789107642.5407,6898,-104,-1.33,303,3.88
2026-09-11T11:50:42.543,1789107642.5437,6899,-4,-0.05,303,3.88
2026-09-11T11:50:42.544,1789107642.5447,6900,236,3.03,340,4.36
2026-09-11T11:50:42.546,1789107642.5467,6901,122,1.56,340,4.36
2026-09-11T11:50:42.555,1789107642.5559,6902,-122,-1.56,358,4.59
2026-09-11T11:50:42.560,1789107642.5609,6903,10,0.13,358,4.59
2026-09-11T11:50:42.567,1789107642.5671,6904,262,3.36,384,4.92
2026-09-11T11:50:42.572,1789107642.5726,6905,104,1.33,384,4.92
2026-09-11T11:50:42.576,1789107642.5766,6906,-124,-1.59,386,4.95
2026-09-11T11:50:42.578,1789107642.5786,6907,36,0.46,386,4.95
2026-09-11T11:50:42.582,1789107642.5826,6908,276,3.54,400,5.13
2026-09-11T11:50:42.593,1789107642.5936,6909,287,3.68,411,5.27
2026-09-11T11:50:42.596,1789107642.5966,6910,-126,-1.62,413,5.29
2026-09-11T11:50:42.598,1789107642.5986,6911,30,0.38,413,5.29
2026-09-11T11:50:42.610,1789107642.6107,6912,286,3.67,413,5.29
2026-09-11T11:50:42.612,1789107642.6129,6913,281,3.6,412,5.28
2026-09-11T11:50:42.619,1789107642.6194,6914,-120,-1.54,406,5.21
2026-09-11T11:50:42.622,1789107642.6225,6915,40,0.51,406,5.21
2026-09-11T11:50:42.626,1789107642.6265,6916,300,3.85,420,5.38
2026-09-11T11:50:42.628,1789107642.6285,6917,259,3.32,420,5.38
2026-09-11T11:50:42.633,1789107642.6337,6918,-18,-0.23,318,4.08
2026-09-11T11:50:42.639,1789107642.6397,6919,58,0.74,318,4.08
2026-09-11T11:50:42.640,1789107642.6407,6920,310,3.97,328,4.21
2026-09-11T11:50:42.647,1789107642.6477,6921,241,3.09,328,4.21
2026-09-11T11:50:42.652,1789107642.6529,6922,-48,-0.62,358,4.59
2026-09-11T11:50:42.655,1789107642.6559,6923,60,0.77,358,4.59
2026-09-11T11:50:42.679,1789107642.6799,6924,328,4.21,376,4.82
2026-09-11T11:50:42.684,1789107642.6847,6925,223,2.86,376,4.82
2026-09-11T11:50:42.686,1789107642.6867,6926,-82,-1.05,410,5.26
2026-09-11T11:50:42.690,1789107642.6907,6927,-86,-1.1,414,5.31
2026-09-11T11:50:42.695,1789107642.6957,6928,326,4.18,412,5.28
2026-09-11T11:50:42.700,1789107642.7007,6929,185,2.37,412,5.28
2026-09-11T11:50:42.704,1789107642.7049,6930,-96,-1.23,422,5.41
2026-09-11T11:50:42.709,1789107642.7094,6931,-71,-0.91,422,5.41
2026-09-11T11:50:42.714,1789107642.7143,6932,313,4.01,409,5.24
2026-09-11T11:50:42.717,1789107642.7175,6933,163,2.09,409,5.24
2026-09-11T11:50:42.725,1789107642.7250,6934,-117,-1.5,430,5.51
2026-09-11T11:50:42.729,1789107642.7290,6935,-85,-1.09,430,5.51
2026-09-11T11:50:42.732,1789107642.7322,6936,143,1.83,280,3.59
2026-09-11T11:50:42.733,1789107642.7332,6937,138,1.77,260,3.33
2026-09-11T11:50:42.734,1789107642.7342,6938,-139,-1.78,282,3.62
2026-09-11T11:50:42.736,1789107642.7362,6939,-62,-0.79,282,3.62
2026-09-11T11:50:42.744,1789107642.7442,6940,170,2.18,309,3.96
2026-09-11T11:50:42.751,1789107642.7516,6941,108,1.38,309,3.96
2026-09-11T11:50:42.752,1789107642.7526,6942,-148,-1.9,318,4.08
2026-09-11T11:50:42.760,1789107642.7606,6943,-48,-0.62,318,4.08
2026-09-11T11:50:42.766,1789107642.7668,6944,193,2.47,341,4.37
2026-09-11T11:50:42.769,1789107642.7698,6945,79,1.01,341,4.37
2026-09-11T11:50:42.771,1789107642.7719,6946,-170,-2.18,363,4.65
2026-09-11T11:50:42.779,1789107642.7799,6947,-37,-0.47,363,4.65
2026-09-11T11:50:42.782,1789107642.7822,6948,211,2.71,381,4.88
2026-09-11T11:50:42.792,1789107642.7922,6949,246,3.15,416,5.33
2026-09-11T11:50:42.796,1789107642.7962,6950,-175,-2.24,421,5.4
2026-09-11T11:50:42.797,1789107642.7972,6951,-50,-0.64,421,5.4
2026-09-11T11:50:42.804,1789107642.8045,6952,218,2.79,421,5.4
2026-09-11T11:50:42.810,1789107642.8105,6953,241,3.09,416,5.33
2026-09-11T11:50:42.817,1789107642.8173,6954,-188,-2.41,429,5.5
2026-09-11T11:50:42.819,1789107642.8193,6955,-47,-0.6,429,5.5
2026-09-11T11:50:42.826,1789107642.8264,6956,241,3.09,429,5.5
2026-09-11T11:50:42.827,1789107642.8274,6957,216,2.77,429,5.5
2026-09-11T11:50:42.832,1789107642.8324,6958,-52,-0.67,293,3.76
2026-09-11T11:50:42.838,1789107642.8385,6959,-24,-0.31,293,3.76
2026-09-11T11:50:42.841,1789107642.8415,6960,253,3.24,305,3.91
2026-09-11T11:50:42.855,1789107642.8558,6961,188,2.41,305,3.91
2026-09-11T11:50:42.862,1789107642.8621,6962,-97,-1.24,350,4.49
2026-09-11T11:50:42.863,1789107642.8631,6963,-24,-0.31,350,4.49
2026-09-11T11:50:42.869,1789107642.8691,6964,260,3.33,357,4.58
2026-09-11T11:50:42.873,1789107642.8733,6965,179,2.29,357,4.58
2026-09-11T11:50:42.877,1789107642.8773,6966,-126,-1.62,386,4.95
2026-09-11T11:50:42.880,1789107642.8803,6967,-153,-1.96,413,5.29
2026-09-11T11:50:42.886,1789107642.8867,6968,267,3.42,420,5.38
2026-09-11T11:50:42.890,1789107642.8906,6969,150,1.92,420,5.38
2026-09-11T11:50:42.898,1789107642.8987,6970,-130,-1.67,420,5.38
2026-09-11T11:50:42.900,1789107642.9007,6971,-150,-1.92,417,5.35
2026-09-11T11:50:42.903,1789107642.9039,6972,255,3.27,405,5.19
2026-09-11T11:50:42.909,1789107642.9098,6973,134,1.72,405,5.19
2026-09-11T11:50:42.919,1789107642.9196,6974,-155,-1.99,410,5.26
2026-09-11T11:50:42.922,1789107642.9228,6975,-122,-1.56,410,5.26
2026-09-11T11:50:42.925,1789107642.9258,6976,78,1.0,289,3.71
2026-09-11T11:50:42.932,1789107642.9321,6977,113,1.45,268,3.44
2026-09-11T11:50:42.935,1789107642.9351,6978,-152,-1.95,265,3.4
2026-09-11T11:50:42.940,1789107642.9401,6979,-107,-1.37,265,3.4
2026-09-11T11:50:42.945,1789107642.9451,6980,121,1.55,273,3.5
2026-09-11T11:50:42.948,1789107642.9481,6981,96,1.23,273,3.5
2026-09-11T11:50:42.954,1789107642.9543,6982,-177,-2.27,298,3.82
2026-09-11T11:50:42.963,1789107642.9635,6983,-100,-1.28,298,3.82
2026-09-11T11:50:42.969,1789107642.9695,6984,140,1.79,317,4.06
2026-09-11T11:50:42.970,1789107642.9705,6985,71,0.91,317,4.06
2026-09-11T11:50:42.976,1789107642.9767,6986,-201,-2.58,341,4.37
2026-09-11T11:50:42.980,1789107642.9807,6987,-81,-1.04,341,4.37
2026-09-11T11:50:42.984,1789107642.9850,6988,160,2.05,361,4.63
2026-09-11T11:50:42.991,1789107642.9919,6989,251,3.22,452,5.79
2026-09-11T11:50:42.992,1789107642.9929,6990,-202,-2.59,453,5.81
2026-09-11T11:50:42.997,1789107642.9980,6991,-73,-0.94,453,5.81
2026-09-11T11:50:43.003,1789107643.0033,6992,187,2.4,453,5.81
2026-09-11T11:50:43.006,1789107643.0063,6993,230,2.95,432,5.54
2026-09-11T11:50:43.023,1789107643.0232,6994,-207,-2.65,437,5.6
2026-09-11T11:50:43.027,1789107643.0272,6995,-62,-0.79,437,5.6
2026-09-11T11:50:43.032,1789107643.0323,6996,195,2.5,437,5.6
2026-09-11T11:50:43.036,1789107643.0363,6997,202,2.59,409,5.24
2026-09-11T11:50:43.038,1789107643.0383,6998,-59,-0.76,264,3.38
2026-09-11T11:50:43.042,1789107643.0423,6999,-58,-0.74,261,3.35
2026-09-11T11:50:43.047,1789107643.0473,7000,218,2.79,277,3.55
2026-09-11T11:50:43.051,1789107643.0513,7001,165,2.12,277,3.55
2026-09-11T11:50:43.056,1789107643.0566,7002,-111,-1.42,329,4.22
2026-09-11T11:50:43.060,1789107643.0606,7003,-62,-0.79,329,4.22
2026-09-11T11:50:43.072,1789107643.0729,7004,214,2.74,325,4.17
2026-09-11T11:50:43.075,1789107643.0759,7005,138,1.77,325,4.17
2026-09-11T11:50:43.078,1789107643.0789,7006,-151,-1.94,365,4.68
2026-09-11T11:50:43.082,1789107643.0822,7007,-218,-2.79,432,5.54
2026-09-11T11:50:43.083,1789107643.0832,7008,207,2.65,425,5.45
2026-09-11T11:50:43.088,1789107643.0882,7009,118,1.51,425,5.45
2026-09-11T11:50:43.095,1789107643.0952,7010,-175,-2.24,425,5.45
2026-09-11T11:50:43.097,1789107643.0972,7011,-194,-2.49,401,5.14
2026-09-11T11:50:43.104,1789107643.1045,7012,199,2.55,393,5.04
2026-09-11T11:50:43.106,1789107643.1065,7013,94,1.21,393,5.04
2026-09-11T11:50:43.119,1789107643.1193,7014,-210,-2.69,409,5.24
2026-09-11T11:50:43.122,1789107643.1226,7015,-217,-2.78,416,5.33
2026-09-11T11:50:43.124,1789107643.1248,7016,-12,-0.15,311,3.99
2026-09-11T11:50:43.126,1789107643.1263,7017,63,0.81,280,3.59
2026-09-11T11:50:43.134,1789107643.1350,7018,-229,-2.94,292,3.74
2026-09-11T11:50:43.144,1789107643.1449,7019,-201,-2.58,292,3.74
2026-09-11T11:50:43.148,1789107643.1489,7020,4,0.05,292,3.74
2026-09-11T11:50:43.151,1789107643.1513,7021,39,0.5,268,3.44
2026-09-11T11:50:43.153,1789107643.1533,7022,-253,-3.24,292,3.74
2026-09-11T11:50:43.158,1789107643.1583,7023,-176,-2.26,292,3.74
2026-09-11T11:50:43.170,1789107643.1704,7024,49,0.63,302,3.87
2026-09-11T11:50:43.171,1789107643.1715,7025,16,0.21,302,3.87
2026-09-11T11:50:43.173,1789107643.1736,7026,-268,-3.44,317,4.06
2026-09-11T11:50:43.176,1789107643.1767,7027,-179,-2.29,317,4.06
2026-09-11T11:50:43.184,1789107643.1840,7028,78,1.0,346,4.44
2026-09-11T11:50:43.185,1789107643.1860,7029,181,2.32,449,5.76
2026-09-11T11:50:43.192,1789107643.1920,7030,-271,-3.47,452,5.79
2026-09-11T11:50:43.210,1789107643.2104,7031,-174,-2.23,452,5.79
2026-09-11T11:50:43.215,1789107643.2155,7032,99,1.27,452,5.79
2026-09-11T11:50:43.216,1789107643.2165,7033,158,2.03,429,5.5
2026-09-11T11:50:43.222,1789107643.2227,7034,-270,-3.46,428,5.49
2026-09-11T11:50:43.228,1789107643.2287,7035,-141,-1.81,428,5.49
2026-09-11T11:50:43.232,1789107643.2324,7036,135,1.73,428,5.49
2026-09-11T11:50:43.234,1789107643.2344,7037,143,1.83,413,5.29
2026-09-11T11:50:43.238,1789107643.2384,7038,-98,-1.26,284,3.64
2026-09-11T11:50:43.245,1789107643.2453,7039,-136,-1.74,279,3.58
2026-09-11T11:50:43.247,1789107643.2473,7040,148,1.9,284,3.64
2026-09-11T11:50:43.254,1789107643.2546,7041,140,1.79,284,3.64
2026-09-11T11:50:43.256,1789107643.2566,7042,-133,-1.71,284,3.64
2026-09-11T11:50:43.261,1789107643.2618,7043,-111,-1.42,281,3.6
2026-09-11T11:50:43.264,1789107643.2648,7044,165,2.12,298,3.82
2026-09-11T11:50:43.270,1789107643.2708,7045,128,1.64,298,3.82
2026-09-11T11:50:43.276,1789107643.2769,7046,-164,-2.1,329,4.22
2026-09-11T11:50:43.278,1789107643.2789,7047,-247,-3.17,412,5.28
2026-09-11T11:50:43.285,1789107643.2853,7048,182,2.33,429,5.5
2026-09-11T11:50:43.289,1789107643.2893,7049,109,1.4,429,5.5
2026-09-11T11:50:43.292,1789107643.2922,7050,-195,-2.5,429,5.5
2026-09-11T11:50:43.299,1789107643.2992,7051,-239,-3.06,421,5.4
2026-09-11T11:50:43.305,1789107643.3059,7052,187,2.4,426,5.46
2026-09-11T11:50:43.307,1789107643.3078,7053,86,1.1,426,5.46
2026-09-11T11:50:43.319,1789107643.3192,7054,-206,-2.64,426,5.46
2026-09-11T11:50:43.321,1789107643.3217,7055,-222,-2.85,409,5.24
2026-09-11T11:50:43.330,1789107643.3307,7056,-37,-0.47,308,3.95
2026-09-11T11:50:43.333,1789107643.3340,7057,87,1.12,309,3.96
2026-09-11T11:50:43.336,1789107643.3370,7058,-214,-2.74,309,3.96
2026-09-11T11:50:43.338,1789107643.3390,7059,-213,-2.73,301,3.86
2026-09-11T11:50:43.344,1789107643.3450,7060,-8,-0.1,301,3.86
2026-09-11T11:50:43.351,1789107643.3520,7061,55,0.71,269,3.45
2026-09-11T11:50:43.354,1789107643.3542,7062,-241,-3.09,296,3.79
2026-09-11T11:50:43.360,1789107643.3602,7063,-192,-2.46,296,3.79
2026-09-11T11:50:43.368,1789107643.3684,7064,5,0.06,296,3.79
2026-09-11T11:50:43.369,1789107643.3693,7065,24,0.31,265,3.4
2026-09-11T11:50:43.374,1789107643.3746,7066,-248,-3.18,272,3.49
2026-09-11T11:50:43.381,1789107643.3811,7067,-187,-2.4,272,3.49
2026-09-11T11:50:43.393,1789107643.3931,7068,58,0.74,306,3.92
2026-09-11T11:50:43.398,1789107643.3981,7069,181,2.32,429,5.5
2026-09-11T11:50:43.404,1789107643.4043,7070,-267,-3.42,448,5.74
2026-09-11T11:50:43.406,1789107643.4063,7071,-154,-1.97,448,5.74
2026-09-11T11:50:43.408,1789107643.4083,7072,94,1.21,448,5.74
2026-09-11T11:50:43.413,1789107643.4130,7073,174,2.23,441,5.65
2026-09-11T11:50:43.422,1789107643.4224,7074,-283,-3.63,457,5.86
2026-09-11T11:50:43.427,1789107643.4274,7075,-158,-2.03,457,5.86
2026-09-11T11:50:43.433,1789107643.4335,7076,127,1.63,457,5.86
2026-09-11T11:50:43.435,1789107643.4355,7077,159,2.04,442,5.67
2026-09-11T11:50:43.442,1789107643.4426,7078,-50,-0.64,317,4.06
2026-09-11T11:50:43.443,1789107643.4436,7079,-113,-1.45,272,3.49
2026-09-11T11:50:43.446,1789107643.4466,7080,144,1.85,272,3.49
2026-09-11T11:50:43.449,1789107643.4496,7081,151,1.94,264,3.38
2026-09-11T11:50:43.453,1789107643.4539,7082,-90,-1.15,264,3.38
2026-09-11T11:50:43.455,1789107643.4559,7083,-116,-1.49,267,3.42
2026-09-11T11:50:43.471,1789107643.4711,7084,168,2.15,284,3.64
2026-09-11T11:50:43.472,1789107643.4722,7085,124,1.59,284,3.64
2026-09-11T11:50:43.475,1789107643.4752,7086,-141,-1.81,309,3.96
2026-09-11T11:50:43.480,1789107643.4802,7087,-256,-3.28,424,5.44
2026-09-11T11:50:43.483,1789107643.4839,7088,177,2.27,433,5.55
2026-09-11T11:50:43.486,1789107643.4869,7089,105,1.35,433,5.55
2026-09-11T11:50:43.495,1789107643.4959,7090,-164,-2.1,433,5.55
2026-09-11T11:50:43.500,1789107643.5009,7091,-255,-3.27,432,5.54
2026-09-11T11:50:43.502,1789107643.5030,7092,166,2.13,421,5.4
2026-09-11T11:50:43.512,1789107643.5121,7093,105,1.35,421,5.4
2026-09-11T11:50:43.520,1789107643.5203,7094,-195,-2.5,421,5.4
2026-09-11T11:50:43.523,1789107643.5236,7095,-238,-3.05,404,5.18
2026-09-11T11:50:43.526,1789107643.5266,7096,-73,-0.94,343,4.4
2026-09-11T11:50:43.532,1789107643.5329,7097,90,1.15,328,4.21
2026-09-11T11:50:43.533,1789107643.5339,7098,-222,-2.85,328,4.21
2026-09-11T11:50:43.540,1789107643.5409,7099,-221,-2.83,312,4.0
2026-09-11T11:50:43.542,1789107643.5429,7100,-36,-0.46,312,4.0
2026-09-11T11:50:43.545,1789107643.5459,7101,75,0.96,297,3.81
2026-09-11T11:50:43.552,1789107643.5524,7102,-233,-2.99,308,3.95
2026-09-11T11:50:43.559,1789107643.5594,7103,-212,-2.72,308,3.95
2026-09-11T11:50:43.576,1789107643.5769,7104,9,0.12,308,3.95
2026-09-11T11:50:43.580,1789107643.5809,7105,40,0.51,273,3.5
2026-09-11T11:50:43.585,1789107643.5851,7106,-260,-3.33,300,3.85
2026-09-11T11:50:43.587,1789107643.5871,7107,-183,-2.35,300,3.85
2026-09-11T11:50:43.591,1789107643.5911,7108,33,0.42,300,3.85
2026-09-11T11:50:43.595,1789107643.5951,7109,177,2.27,437,5.6
2026-09-11T11:50:43.597,1789107643.5971,7110,-264,-3.38,441,5.65
2026-09-11T11:50:43.601,1789107643.6011,7111,-179,-2.29,441,5.65
2026-09-11T11:50:43.605,1789107643.6054,7112,70,0.9,441,5.65
2026-09-11T11:50:43.612,1789107643.6126,7113,174,2.23,438,5.62
2026-09-11T11:50:43.621,1789107643.6211,7114,-283,-3.63,457,5.86
2026-09-11T11:50:43.623,1789107643.6234,7115,-154,-1.97,457,5.86
2026-09-11T11:50:43.626,1789107643.6264,7116,95,1.22,457,5.86
2026-09-11T11:50:43.630,1789107643.6304,7117,167,2.14,450,5.77
2026-09-11T11:50:43.633,1789107643.6336,7118,-38,-0.49,321,4.12
2026-09-11T11:50:43.637,1789107643.6376,7119,-145,-1.86,312,4.0
2026-09-11T11:50:43.644,1789107643.6448,7120,140,1.79,312,4.0
2026-09-11T11:50:43.648,1789107643.6488,7121,159,2.04,304,3.9
2026-09-11T11:50:43.652,1789107643.6524,7122,-73,-0.94,304,3.9
2026-09-11T11:50:43.659,1789107643.6594,7123,-124,-1.59,283,3.63
2026-09-11T11:50:43.668,1789107643.6688,7124,136,1.74,283,3.63
2026-09-11T11:50:43.669,1789107643.6698,7125,144,1.85,268,3.44
2026-09-11T11:50:43.676,1789107643.6761,7126,-109,-1.4,268,3.44
2026-09-11T11:50:43.681,1789107643.6811,7127,-252,-3.23,396,5.08
2026-09-11T11:50:43.683,1789107643.6831,7128,165,2.12,417,5.35
2026-09-11T11:50:43.693,1789107643.6931,7129,128,1.64,417,5.35
2026-09-11T11:50:43.696,1789107643.6961,7130,-160,-2.05,417,5.35
2026-09-11T11:50:43.699,1789107643.6991,7131,-259,-3.32,424,5.44
2026-09-11T11:50:43.705,1789107643.7054,7132,166,2.13,425,5.45
2026-09-11T11:50:43.710,1789107643.7104,7133,97,1.24,425,5.45
2026-09-11T11:50:43.714,1789107643.7149,7134,-183,-2.35,425,5.45
2026-09-11T11:50:43.721,1789107643.7214,7135,-262,-3.36,428,5.49
2026-09-11T11:50:43.725,1789107643.7255,7136,-101,-1.29,359,4.6
2026-09-11T11:50:43.726,1789107643.7265,7137,82,1.05,344,4.41
2026-09-11T11:50:43.732,1789107643.7329,7138,-210,-2.69,344,4.41
2026-09-11T11:50:43.739,1789107643.7399,7139,-245,-3.14,327,4.19
2026-09-11T11:50:43.741,1789107643.7418,7140,-44,-0.56,327,4.19
2026-09-11T11:50:43.758,1789107643.7581,7141,63,0.81,308,3.95
2026-09-11T11:50:43.763,1789107643.7633,7142,-245,-3.14,308,3.95
2026-09-11T11:50:43.765,1789107643.7653,7143,-228,-2.92,308,3.95
2026-09-11T11:50:43.773,1789107643.7736,7144,-43,-0.55,308,3.95
2026-09-11T11:50:43.776,1789107643.7766,7145,16,0.21,261,3.35
2026-09-11T11:50:43.780,1789107643.7806,7146,-296,-3.79,312,4.0
2026-09-11T11:50:43.784,1789107643.7840,7147,-270,-3.46,312,4.0
2026-09-11T11:50:43.788,1789107643.7880,7148,-65,-0.83,312,4.0
2026-09-11T11:50:43.792,1789107643.7920,7149,95,1.22,391,5.01
2026-09-11T11:50:43.794,1789107643.7940,7150,-373,-4.78,468,6.0
2026-09-11T11:50:43.801,1789107643.8010,7151,-312,-4.0,468,6.0
2026-09-11T11:50:43.802,1789107643.8021,7152,-59,-0.76,468,6.0
2026-09-11T11:50:43.808,1789107643.8082,7153,58,0.74,431,5.53
2026-09-11T11:50:43.820,1789107643.8210,7154,-390,-5.0,448,5.74
2026-09-11T11:50:43.824,1789107643.8247,7155,-293,-3.76,448,5.74
2026-09-11T11:50:43.825,1789107643.8257,7156,-23,-0.29,448,5.74
2026-09-11T11:50:43.833,1789107643.8330,7157,73,0.94,463,5.94
2026-09-11T11:50:43.835,1789107643.8351,7158,-136,-1.74,366,4.69
2026-09-11T11:50:43.840,1789107643.8400,7159,-282,-3.62,355,4.55
2026-09-11T11:50:43.844,1789107643.8441,7160,12,0.15,355,4.55
2026-09-11T11:50:43.847,1789107643.8471,7161,63,0.81,345,4.42
2026-09-11T11:50:43.854,1789107643.8545,7162,-161,-2.06,345,4.42
2026-09-11T11:50:43.865,1789107643.8657,7163,-247,-3.17,310,3.97
2026-09-11T11:50:43.870,1789107643.8707,7164,26,0.33,310,3.97
2026-09-11T11:50:43.874,1789107643.8749,7165,58,0.74,305,3.91
2026-09-11T11:50:43.878,1789107643.8789,7166,-186,-2.38,305,3.91
2026-09-11T11:50:43.880,1789107643.8809,7167,-357,-4.58,415,5.32
2026-09-11T11:50:43.883,1789107643.8832,7168,73,0.94,430,5.51
2026-09-11T11:50:43.893,1789107643.8932,7169,65,0.83,430,5.51
2026-09-11T11:50:43.895,1789107643.8952,7170,-204,-2.62,430,5.51
2026-09-11T11:50:43.897,1789107643.8972,7171,-339,-4.35,412,5.28
2026-09-11T11:50:43.903,1789107643.9034,7172,115,1.47,454,5.82
2026-09-11T11:50:43.905,1789107643.9053,7173,87,1.12,454,5.82
2026-09-11T11:50:43.928,1789107643.9280,7174,-218,-2.79,454,5.82
2026-09-11T11:50:43.934,1789107643.9342,7175,-301,-3.86,416,5.33
2026-09-11T11:50:43.941,1789107643.9412,7176,-139,-1.78,388,4.97
2026-09-11T11:50:43.943,1789107643.9432,7177,68,0.87,369,4.73
2026-09-11T11:50:43.947,1789107643.9472,7178,-228,-2.92,369,4.73
2026-09-11T11:50:43.953,1789107643.9535,7179,-267,-3.42,335,4.29
2026-09-11T11:50:43.955,1789107643.9555,7180,-82,-1.05,335,4.29
2026-09-11T11:50:43.960,1789107643.9605,7181,62,0.79,329,4.22
2026-09-11T11:50:43.963,1789107643.9637,7182,-238,-3.05,329,4.22
2026-09-11T11:50:43.968,1789107643.9687,7183,-261,-3.35,323,4.14
2026-09-11T11:50:43.978,1789107643.9788,7184,-64,-0.82,323,4.14
2026-09-11T11:50:43.982,1789107643.9830,7185,55,0.71,316,4.05
2026-09-11T11:50:43.985,1789107643.9860,7186,-249,-3.19,316,4.05
2026-09-11T11:50:43.986,1789107643.9870,7187,-236,-3.03,304,3.9
2026-09-11T11:50:43.988,1789107643.9890,7188,-23,-0.29,304,3.9
2026-09-11T11:50:43.992,1789107643.9930,7189,173,2.22,422,5.41
2026-09-11T11:50:43.996,1789107643.9970,7190,-248,-3.18,421,5.4
2026-09-11T11:50:43.997,1789107643.9980,7191,-191,-2.45,421,5.4
2026-09-11T11:50:44.006,1789107644.0064,7192,30,0.38,421,5.4
2026-09-11T11:50:44.009,1789107644.0093,7193,190,2.44,438,5.62
2026-09-11T11:50:44.018,1789107644.0181,7194,-255,-3.27,445,5.71
2026-09-11T11:50:44.021,1789107644.0211,7195,-166,-2.13,445,5.71
2026-09-11T11:50:44.026,1789107644.0262,7196,82,1.05,445,5.71
2026-09-11T11:50:44.028,1789107644.0282,7197,198,2.54,453,5.81
2026-09-11T11:50:44.035,1789107644.0355,7198,25,0.32,364,4.67
2026-09-11T11:50:44.046,1789107644.0466,7199,-134,-1.72,332,4.26
2026-09-11T11:50:44.050,1789107644.0506,7200,123,1.58,332,4.26
2026-09-11T11:50:44.053,1789107644.0539,7201,194,2.49,328,4.21
2026-09-11T11:50:44.054,1789107644.0549,7202,1,0.01,328,4.21
2026-09-11T11:50:44.058,1789107644.0589,7203,-106,-1.36,300,3.85
2026-09-11T11:50:44.070,1789107644.0701,7204,151,1.94,300,3.85
2026-09-11T11:50:44.072,1789107644.0722,7205,186,2.38,292,3.74
2026-09-11T11:50:44.075,1789107644.0752,7206,-26,-0.33,292,3.74
2026-09-11T11:50:44.078,1789107644.0782,7207,-234,-3.0,420,5.38
2026-09-11T11:50:44.083,1789107644.0834,7208,187,2.4,421,5.4
2026-09-11T11:50:44.085,1789107644.0855,7209,198,2.54,432,5.54
2026-09-11T11:50:44.092,1789107644.0924,7210,-55,-0.71,432,5.54
2026-09-11T11:50:44.098,1789107644.0985,7211,-226,-2.9,424,5.44
2026-09-11T11:50:44.109,1789107644.1097,7212,207,2.65,433,5.55
2026-09-11T11:50:44.114,1789107644.1149,7213,174,2.23,433,5.55
2026-09-11T11:50:44.122,1789107644.1226,7214,-95,-1.22,433,5.55
2026-09-11T11:50:44.124,1789107644.1246,7215,-202,-2.59,409,5.24
2026-09-11T11:50:44.128,1789107644.1286,7216,-38,-0.49,376,4.82
2026-09-11T11:50:44.133,1789107644.1339,7217,182,2.33,384,4.92
2026-09-11T11:50:44.138,1789107644.1389,7218,-107,-1.37,384,4.92
2026-09-11T11:50:44.143,1789107644.1439,7219,-191,-2.45,373,4.78
2026-09-11T11:50:44.146,1789107644.1469,7220,-22,-0.28,373,4.78
2026-09-11T11:50:44.151,1789107644.1519,7221,165,2.12,356,4.56
2026-09-11T11:50:44.160,1789107644.1601,7222,-115,-1.47,356,4.56
2026-09-11T11:50:44.161,1789107644.1612,7223,-163,-2.09,328,4.21
2026-09-11T11:50:44.168,1789107644.1684,7224,14,0.18,328,4.21
2026-09-11T11:50:44.170,1789107644.1704,7225,145,1.86,308,3.95
2026-09-11T11:50:44.177,1789107644.1771,7226,-144,-1.85,308,3.95
2026-09-11T11:50:44.178,1789107644.1781,7227,-147,-1.88,292,3.74
2026-09-11T11:50:44.185,1789107644.1852,7228,37,0.47,292,3.74
2026-09-11T11:50:44.189,1789107644.1893,7229,261,3.35,408,5.23
2026-09-11T11:50:44.193,1789107644.1933,7230,-149,-1.91,410,5.26
2026-09-11T11:50:44.198,1789107644.1983,7231,-120,-1.54,410,5.26
2026-09-11T11:50:44.204,1789107644.2046,7232,69,0.88,410,5.26
2026-09-11T11:50:44.206,1789107644.2066,7233,264,3.38,413,5.29
2026-09-11T11:50:44.218,1789107644.2187,7234,-165,-2.12,429,5.5
2026-09-11T11:50:44.226,1789107644.2269,7235,-117,-1.5,429,5.5
2026-09-11T11:50:44.228,1789107644.2289,7236,124,1.59,429,5.5
2026-09-11T11:50:44.230,1789107644.2309,7237,267,3.42,432,5.54
2026-09-11T11:50:44.234,1789107644.2342,7238,98,1.26,384,4.92
2026-09-11T11:50:44.236,1789107644.2362,7239,-81,-1.04,348,4.46
2026-09-11T11:50:44.244,1789107644.2441,7240,147,1.88,348,4.46
2026-09-11T11:50:44.250,1789107644.2501,7241,262,3.36,343,4.4
2026-09-11T11:50:44.252,1789107644.2522,7242,85,1.09,343,4.4
2026-09-11T11:50:44.258,1789107644.2584,7243,-66,-0.85,328,4.21
2026-09-11T11:50:44.268,1789107644.2687,7244,202,2.59,328,4.21
2026-09-11T11:50:44.269,1789107644.2697,7245,265,3.4,331,4.24
2026-09-11T11:50:44.273,1789107644.2739,7246,48,0.62,331,4.24
2026-09-11T11:50:44.287,1789107644.2874,7247,-180,-2.31,445,5.71
2026-09-11T11:50:44.293,1789107644.2934,7248,221,2.83,445,5.71
2026-09-11T11:50:44.297,1789107644.2974,7249,252,3.23,432,5.54
2026-09-11T11:50:44.299,1789107644.2994,7250,23,0.29,432,5.54
2026-09-11T11:50:44.302,1789107644.3027,7251,-169,-2.17,421,5.4
2026-09-11T11:50:44.305,1789107644.3057,7252,256,3.28,425,5.45
2026-09-11T11:50:44.310,1789107644.3107,7253,239,3.06,425,5.45
2026-09-11T11:50:44.320,1789107644.3204,7254,-18,-0.23,425,5.45
2026-09-11T11:50:44.325,1789107644.3259,7255,-158,-2.03,414,5.31
2026-09-11T11:50:44.327,1789107644.3275,7256,-10,-0.13,397,5.09
2026-09-11T11:50:44.333,1789107644.3339,7257,225,2.88,383,4.91
2026-09-11T11:50:44.335,1789107644.3359,7258,-47,-0.6,383,4.91
2026-09-11T11:50:44.338,1789107644.3389,7259,-151,-1.94,376,4.82
2026-09-11T11:50:44.343,1789107644.3439,7260,1,0.01,376,4.82
2026-09-11T11:50:44.345,1789107644.3459,7261,208,2.67,359,4.6
2026-09-11T11:50:44.356,1789107644.3561,7262,-73,-0.94,359,4.6
2026-09-11T11:50:44.360,1789107644.3601,7263,-132,-1.69,340,4.36
2026-09-11T11:50:44.368,1789107644.3682,7264,28,0.36,340,4.36
2026-09-11T11:50:44.371,1789107644.3712,7265,195,2.5,327,4.19
2026-09-11T11:50:44.372,1789107644.3724,7266,-98,-1.26,327,4.19
2026-09-11T11:50:44.380,1789107644.3804,7267,-125,-1.6,320,4.1
2026-09-11T11:50:44.381,1789107644.3814,7268,55,0.71,320,4.1
2026-09-11T11:50:44.389,1789107644.3896,7269,275,3.53,400,5.13
2026-09-11T11:50:44.393,1789107644.3936,7270,-143,-1.83,418,5.36
2026-09-11T11:50:44.402,1789107644.4030,7271,-118,-1.51,418,5.36
2026-09-11T11:50:44.405,1789107644.4060,7272,70,0.9,418,5.36
2026-09-11T11:50:44.407,1789107644.4080,7273,266,3.41,409,5.24
2026-09-11T11:50:44.417,1789107644.4178,7274,-168,-2.15,434,5.56
2026-09-11T11:50:44.420,1789107644.4208,7275,-147,-1.88,434,5.56
2026-09-11T11:50:44.424,1789107644.4241,7276,85,1.09,434,5.56
2026-09-11T11:50:44.427,1789107644.4271,7277,237,3.04,405,5.19
2026-09-11T11:50:44.432,1789107644.4326,7278,48,0.62,384,4.92
2026-09-11T11:50:44.438,1789107644.4386,7279,-219,-2.81,456,5.85
2026-09-11T11:50:44.441,1789107644.4418,7280,10,0.13,456,5.85
2026-09-11T11:50:44.447,1789107644.4478,7281,114,1.46,333,4.27
2026-09-11T11:50:44.451,1789107644.4511,7282,-67,-0.86,333,4.27
2026-09-11T11:50:44.466,1789107644.4664,7283,-245,-3.14,359,4.6
2026-09-11T11:50:44.473,1789107644.4735,7284,24,0.31,359,4.6
2026-09-11T11:50:44.475,1789107644.4755,7285,108,1.38,353,4.53
2026-09-11T11:50:44.477,1789107644.4775,7286,-97,-1.24,353,4.53
2026-09-11T11:50:44.482,1789107644.4828,7287,-328,-4.21,436,5.59
2026-09-11T11:50:44.485,1789107644.4858,7288,74,0.95,436,5.59
2026-09-11T11:50:44.489,1789107644.4898,7289,110,1.41,438,5.62
2026-09-11T11:50:44.496,1789107644.4968,7290,-119,-1.53,438,5.62
2026-09-11T11:50:44.502,1789107644.5022,7291,-322,-4.13,432,5.54
2026-09-11T11:50:44.509,1789107644.5092,7292,111,1.42,433,5.55
2026-09-11T11:50:44.510,1789107644.5102,7293,119,1.53,441,5.65
2026-09-11T11:50:44.516,1789107644.5169,7294,-137,-1.76,441,5.65
2026-09-11T11:50:44.519,1789107644.5199,7295,-285,-3.65,404,5.18
2026-09-11T11:50:44.523,1789107644.5232,7296,-140,-1.79,404,5.18
2026-09-11T11:50:44.532,1789107644.5326,7297,132,1.69,417,5.35
2026-09-11T11:50:44.534,1789107644.5346,7298,-148,-1.9,417,5.35
2026-09-11T11:50:44.541,1789107644.5417,7299,-264,-3.38,396,5.08
2026-09-11T11:50:44.543,1789107644.5437,7300,-103,-1.32,396,5.08
2026-09-11T11:50:44.551,1789107644.5511,7301,109,1.4,373,4.78
2026-09-11T11:50:44.553,1789107644.5533,7302,-163,-2.09,373,4.78
2026-09-11T11:50:44.558,1789107644.5583,7303,-239,-3.06,348,4.46
2026-09-11T11:50:44.573,1789107644.5738,7304,-74,-0.95,348,4.46
2026-09-11T11:50:44.575,1789107644.5758,7305,195,2.5,434,5.56
2026-09-11T11:50:44.579,1789107644.5798,7306,-175,-2.24,434,5.56
2026-09-11T11:50:44.580,1789107644.5808,7307,-194,-2.49,389,4.99
2026-09-11T11:50:44.584,1789107644.5840,7308,-29,-0.37,389,4.99
2026-09-11T11:50:44.588,1789107644.5880,7309,223,2.86,417,5.35
2026-09-11T11:50:44.594,1789107644.5950,7310,-170,-2.18,417,5.35
2026-09-11T11:50:44.600,1789107644.6010,7311,-162,-2.08,393,5.04
2026-09-11T11:50:44.603,1789107644.6032,7312,31,0.4,393,5.04
2026-09-11T11:50:44.608,1789107644.6082,7313,247,3.17,417,5.35
2026-09-11T11:50:44.619,1789107644.6190,7314,-139,-1.78,409,5.24
2026-09-11T11:50:44.620,1789107644.6200,7315,-90,-1.15,386,4.95
2026-09-11T11:50:44.637,1789107644.6376,7316,122,1.56,386,4.95
2026-09-11T11:50:44.644,1789107644.6447,7317,314,4.03,453,5.81
2026-09-11T11:50:44.646,1789107644.6466,7318,164,2.1,404,5.18
2026-09-11T11:50:44.649,1789107644.6497,7319,-32,-0.41,346,4.44
2026-09-11T11:50:44.654,1789107644.6550,7320,192,2.46,346,4.44
2026-09-11T11:50:44.657,1789107644.6579,7321,308,3.95,340,4.36
2026-09-11T11:50:44.662,1789107644.6621,7322,162,2.08,340,4.36
2026-09-11T11:50:44.665,1789107644.6651,7323,-30,-0.38,338,4.33
2026-09-11T11:50:44.674,1789107644.6749,7324,214,2.74,338,4.33
2026-09-11T11:50:44.681,1789107644.6816,7325,309,3.96,339,4.35
2026-09-11T11:50:44.682,1789107644.6829,7326,124,1.59,339,4.35
2026-09-11T11:50:44.686,1789107644.6869,7327,-132,-1.69,441,5.65
2026-09-11T11:50:44.689,1789107644.6898,7328,248,3.18,441,5.65
2026-09-11T11:50:44.691,1789107644.6918,7329,307,3.94,439,5.63
2026-09-11T11:50:44.693,1789107644.6938,7330,90,1.15,439,5.63
2026-09-11T11:50:44.697,1789107644.6979,7331,-130,-1.67,437,5.6
2026-09-11T11:50:44.705,1789107644.7052,7332,258,3.31,437,5.6
2026-09-11T11:50:44.707,1789107644.7072,7333,281,3.6,411,5.27
2026-09-11T11:50:44.719,1789107644.7190,7334,56,0.72,411,5.27
2026-09-11T11:50:44.724,1789107644.7244,7335,-136,-1.74,417,5.35
2026-09-11T11:50:44.726,1789107644.7267,7336,8,0.1,417,5.35
2026-09-11T11:50:44.728,1789107644.7283,7337,263,3.37,399,5.12
2026-09-11T11:50:44.733,1789107644.7336,7338,14,0.18,399,5.12
2026-09-11T11:50:44.740,1789107644.7406,7339,-130,-1.67,393,5.04
2026-09-11T11:50:44.743,1789107644.7436,7340,23,0.29,393,5.04
2026-09-11T11:50:44.755,1789107644.7551,7341,258,3.31,388,4.97
2026-09-11T11:50:44.758,1789107644.7589,7342,-27,-0.35,388,4.97
2026-09-11T11:50:44.762,1789107644.7622,7343,-131,-1.68,389,4.99
2026-09-11T11:50:44.769,1789107644.7692,7344,13,0.17,389,4.99
2026-09-11T11:50:44.772,1789107644.7723,7345,297,3.81,428,5.49
2026-09-11T11:50:44.774,1789107644.7743,7346,-61,-0.78,428,5.49
2026-09-11T11:50:44.777,1789107644.7773,7347,-121,-1.55,418,5.36
2026-09-11T11:50:44.785,1789107644.7856,7348,28,0.36,418,5.36
2026-09-11T11:50:44.785,1789107644.7856,7349,276,3.54,397,5.09
2026-09-11T11:50:44.792,1789107644.7926,7350,-102,-1.31,397,5.09
2026-09-11T11:50:44.798,1789107644.7987,7351,-114,-1.46,390,5.0
2026-09-11T11:50:44.800,1789107644.8007,7352,47,0.6,390,5.0
2026-09-11T11:50:44.807,1789107644.8076,7353,283,3.63,397,5.09
2026-09-11T11:50:44.818,1789107644.8190,7354,-127,-1.63,410,5.26
2026-09-11T11:50:44.818,1789107644.8190,7355,-127,-1.63,410,5.26
2026-09-11T11:50:44.824,1789107644.8241,7356,66,0.85,410,5.26
2026-09-11T11:50:44.831,1789107644.8311,7357,270,3.46,397,5.09
2026-09-11T11:50:44.831,1789107644.8311,7358,137,1.76,397,5.09
