iso_time,epoch_seconds,sample_index,q1_raw,q1_voltage_mv,q1_activity,q1_activity_mv
2026-09-11T11:42:47.605,1789107167.6054,1,553,7.09,398,5.1
2026-09-11T11:42:47.606,1789107167.6064,2,698,8.95,398,5.1
2026-09-11T11:42:47.610,1789107167.6104,3,872,11.18,319,4.09
2026-09-11T11:42:47.616,1789107167.6164,4,824,10.56,319,4.09
2026-09-11T11:42:47.619,1789107167.6194,5,483,6.19,389,4.99
2026-09-11T11:42:47.643,1789107167.6437,6,601,7.71,389,4.99
2026-09-11T11:42:47.646,1789107167.6467,7,782,10.03,341,4.37
2026-09-11T11:42:47.652,1789107167.6527,8,707,9.06,299,3.83
2026-09-11T11:42:47.654,1789107167.6547,9,355,4.55,427,5.47
2026-09-11T11:42:47.655,1789107167.6557,10,513,6.58,427,5.47
2026-09-11T11:42:47.666,1789107167.6662,11,683,8.76,352,4.51
2026-09-11T11:42:47.668,1789107167.6687,12,553,7.09,328,4.21
2026-09-11T11:42:47.672,1789107167.6727,13,331,4.24,352,4.51
2026-09-11T11:42:47.674,1789107167.6747,14,408,5.23,352,4.51
2026-09-11T11:42:47.675,1789107167.6757,15,591,7.58,260,3.33
2026-09-11T11:42:47.679,1789107167.6794,16,464,5.95,260,3.33
2026-09-11T11:42:47.680,1789107167.6804,17,215,2.76,376,4.82
2026-09-11T11:42:47.689,1789107167.6896,18,337,4.32,376,4.82
2026-09-11T11:42:47.691,1789107167.6917,19,504,6.46,289,3.71
2026-09-11T11:42:47.694,1789107167.6947,20,366,4.69,289,3.71
2026-09-11T11:42:47.705,1789107167.7054,21,128,1.64,376,4.82
2026-09-11T11:42:47.705,1789107167.7054,22,160,2.05,376,4.82
2026-09-11T11:42:47.710,1789107167.7104,23,470,6.03,342,4.38
2026-09-11T11:42:47.714,1789107167.7144,24,312,4.0,342,4.38
2026-09-11T11:42:47.720,1789107167.7204,25,87,1.12,383,4.91
2026-09-11T11:42:47.724,1789107167.7250,26,142,1.82,383,4.91
2026-09-11T11:42:47.728,1789107167.7289,27,409,5.24,322,4.13
2026-09-11T11:42:47.741,1789107167.7411,28,247,3.17,322,4.13
2026-09-11T11:42:47.746,1789107167.7463,29,22,0.28,387,4.96
2026-09-11T11:42:47.748,1789107167.7483,30,106,1.36,387,4.96
2026-09-11T11:42:47.758,1789107167.7584,31,353,4.53,331,4.24
2026-09-11T11:42:47.763,1789107167.7634,32,163,2.09,331,4.24
2026-09-11T11:42:47.766,1789107167.7664,33,-41,-0.53,394,5.05
2026-09-11T11:42:47.769,1789107167.7694,34,51,0.65,394,5.05
2026-09-11T11:42:47.776,1789107167.7768,35,227,2.91,268,3.44
2026-09-11T11:42:47.778,1789107167.7788,36,65,0.83,268,3.44
2026-09-11T11:42:47.782,1789107167.7829,37,-140,-1.79,367,4.71
2026-09-11T11:42:47.788,1789107167.7889,38,-15,-0.19,367,4.71
2026-09-11T11:42:47.790,1789107167.7909,39,161,2.06,301,3.86
2026-09-11T11:42:47.798,1789107167.7981,40,-52,-0.67,301,3.86
2026-09-11T11:42:47.807,1789107167.8077,41,-240,-3.08,401,5.14
2026-09-11T11:42:47.811,1789107167.8118,42,-103,-1.32,401,5.14
2026-09-11T11:42:47.813,1789107167.8138,43,57,0.73,297,3.81
2026-09-11T11:42:47.819,1789107167.8198,44,25,0.32,297,3.81
2026-09-11T11:42:47.824,1789107167.8249,45,-362,-4.64,419,5.37
2026-09-11T11:42:47.826,1789107167.8269,46,-221,-2.83,419,5.37
2026-09-11T11:42:47.832,1789107167.8320,47,-60,-0.77,387,4.96
2026-09-11T11:42:47.836,1789107167.8369,48,-144,-1.85,302,3.87
2026-09-11T11:42:47.840,1789107167.8408,49,-466,-5.97,406,5.21
2026-09-11T11:42:47.843,1789107167.8430,50,-312,-4.0,406,5.21
2026-09-11T11:42:47.854,1789107167.8543,51,-123,-1.58,343,4.4
2026-09-11T11:42:47.855,1789107167.8553,52,-230,-2.95,343,4.4
2026-09-11T11:42:47.860,1789107167.8603,53,-505,-6.47,382,4.9
2026-09-11T11:42:47.864,1789107167.8643,54,-401,-5.14,382,4.9
2026-09-11T11:42:47.875,1789107167.8754,55,-224,-2.87,281,3.6
2026-09-11T11:42:47.881,1789107167.8814,56,-351,-4.5,281,3.6
2026-09-11T11:42:47.882,1789107167.8826,57,-589,-7.55,365,4.68
2026-09-11T11:42:47.890,1789107167.8906,58,-393,-5.04,365,4.68
2026-09-11T11:42:47.894,1789107167.8948,59,-195,-2.5,394,5.05
2026-09-11T11:42:47.899,1789107167.8998,60,-326,-4.18,394,5.05
2026-09-11T11:42:47.905,1789107167.9050,61,-561,-7.19,366,4.69
2026-09-11T11:42:47.909,1789107167.9091,62,-511,-6.55,366,4.69
2026-09-11T11:42:47.912,1789107167.9120,63,-152,-1.95,409,5.24
2026-09-11T11:42:47.916,1789107167.9160,64,-299,-3.83,409,5.24
2026-09-11T11:42:47.920,1789107167.9201,65,-518,-6.64,366,4.69
2026-09-11T11:42:47.927,1789107167.9272,66,-436,-5.59,366,4.69
2026-09-11T11:42:47.929,1789107167.9292,67,-109,-1.4,409,5.24
2026-09-11T11:42:47.938,1789107167.9383,68,-265,-3.4,409,5.24
2026-09-11T11:42:47.942,1789107167.9425,69,-480,-6.15,371,4.76
2026-09-11T11:42:47.947,1789107167.9475,70,-346,-4.44,371,4.76
2026-09-11T11:42:47.956,1789107167.9567,71,-72,-0.92,408,5.23
2026-09-11T11:42:47.960,1789107167.9607,72,-248,-3.18,408,5.23
2026-09-11T11:42:47.963,1789107167.9637,73,-439,-5.63,367,4.71
2026-09-11T11:42:47.964,1789107167.9647,74,-289,-3.71,367,4.71
2026-09-11T11:42:47.971,1789107167.9718,75,-88,-1.13,351,4.5
2026-09-11T11:42:47.975,1789107167.9758,76,-223,-2.86,351,4.5
2026-09-11T11:42:47.981,1789107167.9820,77,-407,-5.22,319,4.09
2026-09-11T11:42:47.983,1789107167.9840,78,-245,-3.14,319,4.09
2026-09-11T11:42:47.997,1789107167.9972,79,-36,-0.46,371,4.76
2026-09-11T11:42:48.000,1789107168.0002,80,-228,-2.92,371,4.76
2026-09-11T11:42:48.005,1789107168.0058,81,-379,-4.86,343,4.4
2026-09-11T11:42:48.008,1789107168.0088,82,-189,-2.42,343,4.4
2026-09-11T11:42:48.013,1789107168.0138,83,11,0.14,390,5.0
2026-09-11T11:42:48.014,1789107168.0148,84,-17,-0.22,390,5.0
2026-09-11T11:42:48.022,1789107168.0230,85,-344,-4.41,355,4.55
2026-09-11T11:42:48.025,1789107168.0260,86,-162,-2.08,355,4.55
2026-09-11T11:42:48.027,1789107168.0280,87,54,0.69,398,5.1
2026-09-11T11:42:48.035,1789107168.0351,88,-26,-0.33,398,5.1
2026-09-11T11:42:48.051,1789107168.0514,89,-321,-4.12,375,4.81
2026-09-11T11:42:48.058,1789107168.0588,90,-136,-1.74,375,4.81
2026-09-11T11:42:48.062,1789107168.0628,91,61,0.78,382,4.9
2026-09-11T11:42:48.065,1789107168.0658,92,-27,-0.35,382,4.9
2026-09-11T11:42:48.067,1789107168.0678,93,-255,-3.27,316,4.05
2026-09-11T11:42:48.072,1789107168.0729,94,-101,-1.29,316,4.05
2026-09-11T11:42:48.078,1789107168.0789,95,75,0.96,330,4.23
2026-09-11T11:42:48.083,1789107168.0830,96,-45,-0.58,330,4.23
2026-09-11T11:42:48.088,1789107168.0880,97,-289,-3.71,364,4.67
2026-09-11T11:42:48.089,1789107168.0891,98,-91,-1.17,364,4.67
2026-09-11T11:42:48.095,1789107168.0951,99,82,1.05,371,4.76
2026-09-11T11:42:48.096,1789107168.0961,100,-67,-0.86,371,4.76
2026-09-11T11:42:48.106,1789107168.1061,101,-294,-3.77,376,4.82
2026-09-11T11:42:48.108,1789107168.1081,102,-253,-3.24,376,4.82
2026-09-11T11:42:48.115,1789107168.1151,103,68,0.87,362,4.64
2026-09-11T11:42:48.117,1789107168.1171,104,-72,-0.92,362,4.64
2026-09-11T11:42:48.125,1789107168.1252,105,-304,-3.9,372,4.77
2026-09-11T11:42:48.128,1789107168.1282,106,-231,-2.96,372,4.77
2026-09-11T11:42:48.132,1789107168.1324,107,66,0.85,370,4.74
2026-09-11T11:42:48.136,1789107168.1364,108,-94,-1.21,370,4.74
2026-09-11T11:42:48.140,1789107168.1404,109,-306,-3.92,372,4.77
2026-09-11T11:42:48.147,1789107168.1476,110,-204,-2.62,372,4.77
2026-09-11T11:42:48.155,1789107168.1557,111,85,1.09,391,5.01
2026-09-11T11:42:48.158,1789107168.1587,112,-108,-1.38,391,5.01
2026-09-11T11:42:48.168,1789107168.1687,113,-307,-3.94,392,5.03
2026-09-11T11:42:48.169,1789107168.1697,114,-174,-2.23,392,5.03
2026-09-11T11:42:48.172,1789107168.1728,115,3,0.04,310,3.97
2026-09-11T11:42:48.176,1789107168.1768,116,-114,-1.46,310,3.97
2026-09-11T11:42:48.179,1789107168.1798,117,-301,-3.86,304,3.9
2026-09-11T11:42:48.186,1789107168.1869,118,-144,-1.85,304,3.9
2026-09-11T11:42:48.192,1789107168.1923,119,44,0.56,345,4.42
2026-09-11T11:42:48.195,1789107168.1958,120,-136,-1.74,345,4.42
2026-09-11T11:42:48.204,1789107168.2045,121,-283,-3.63,327,4.19
2026-09-11T11:42:48.205,1789107168.2056,122,-130,-1.67,327,4.19
2026-09-11T11:42:48.217,1789107168.2173,123,66,0.85,349,4.47
2026-09-11T11:42:48.221,1789107168.2213,124,42,0.54,349,4.47
2026-09-11T11:42:48.224,1789107168.2246,125,-278,-3.56,344,4.41
2026-09-11T11:42:48.230,1789107168.2306,126,-109,-1.4,344,4.41
2026-09-11T11:42:48.232,1789107168.2326,127,88,1.13,366,4.69
2026-09-11T11:42:48.240,1789107168.2402,128,28,0.36,366,4.69
2026-09-11T11:42:48.246,1789107168.2463,129,-280,-3.59,368,4.72
2026-09-11T11:42:48.249,1789107168.2493,130,-87,-1.12,368,4.72
2026-09-11T11:42:48.257,1789107168.2573,131,102,1.31,382,4.9
2026-09-11T11:42:48.262,1789107168.2623,132,9,0.12,382,4.9
2026-09-11T11:42:48.263,1789107168.2633,133,-211,-2.71,313,4.01
2026-09-11T11:42:48.266,1789107168.2663,134,-85,-1.09,313,4.01
2026-09-11T11:42:48.271,1789107168.2713,135,99,1.27,310,3.97
2026-09-11T11:42:48.274,1789107168.2743,136,-13,-0.17,310,3.97
2026-09-11T11:42:48.281,1789107168.2813,137,-237,-3.04,336,4.31
2026-09-11T11:42:48.288,1789107168.2885,138,-79,-1.01,336,4.31
2026-09-11T11:42:48.289,1789107168.2895,139,105,1.35,342,4.38
2026-09-11T11:42:48.297,1789107168.2977,140,-31,-0.4,342,4.38
2026-09-11T11:42:48.302,1789107168.3028,141,-259,-3.32,364,4.67
2026-09-11T11:42:48.307,1789107168.3073,142,-222,-2.85,364,4.67
2026-09-11T11:42:48.310,1789107168.3103,143,95,1.22,354,4.54
2026-09-11T11:42:48.318,1789107168.3183,144,-49,-0.63,354,4.54
2026-09-11T11:42:48.320,1789107168.3203,145,-281,-3.6,376,4.82
2026-09-11T11:42:48.329,1789107168.3294,146,-212,-2.72,376,4.82
2026-09-11T11:42:48.333,1789107168.3336,147,85,1.09,366,4.69
2026-09-11T11:42:48.335,1789107168.3356,148,-79,-1.01,366,4.69
2026-09-11T11:42:48.342,1789107168.3427,149,-291,-3.73,376,4.82
2026-09-11T11:42:48.346,1789107168.3467,150,-182,-2.33,376,4.82
2026-09-11T11:42:48.356,1789107168.3562,151,99,1.27,390,5.0
2026-09-11T11:42:48.359,1789107168.3592,152,-98,-1.26,390,5.0
2026-09-11T11:42:48.360,1789107168.3602,153,-289,-3.71,388,4.97
2026-09-11T11:42:48.363,1789107168.3639,154,-172,-2.21,388,4.97
2026-09-11T11:42:48.379,1789107168.3791,155,25,0.32,314,4.03
2026-09-11T11:42:48.383,1789107168.3832,156,-104,-1.33,314,4.03
2026-09-11T11:42:48.385,1789107168.3852,157,-287,-3.68,312,4.0
2026-09-11T11:42:48.390,1789107168.3902,158,-138,-1.77,312,4.0
2026-09-11T11:42:48.391,1789107168.3912,159,62,0.79,349,4.47
2026-09-11T11:42:48.396,1789107168.3964,160,-118,-1.51,349,4.47
2026-09-11T11:42:48.410,1789107168.4106,161,-294,-3.77,356,4.56
2026-09-11T11:42:48.414,1789107168.4146,162,-109,-1.4,356,4.56
2026-09-11T11:42:48.417,1789107168.4176,163,84,1.08,378,4.85
2026-09-11T11:42:48.422,1789107168.4228,164,71,0.91,378,4.85
2026-09-11T11:42:48.424,1789107168.4244,165,-276,-3.54,360,4.62
2026-09-11T11:42:48.425,1789107168.4254,166,-99,-1.27,360,4.62
2026-09-11T11:42:48.430,1789107168.4304,167,109,1.4,385,4.94
2026-09-11T11:42:48.437,1789107168.4376,168,53,0.68,385,4.94
2026-09-11T11:42:48.439,1789107168.4396,169,-267,-3.42,376,4.82
2026-09-11T11:42:48.446,1789107168.4468,170,-78,-1.0,376,4.82
2026-09-11T11:42:48.454,1789107168.4549,171,118,1.51,385,4.94
2026-09-11T11:42:48.457,1789107168.4579,172,34,0.44,385,4.94
2026-09-11T11:42:48.460,1789107168.4609,173,-190,-2.44,308,3.95
2026-09-11T11:42:48.466,1789107168.4669,174,-80,-1.03,308,3.95
2026-09-11T11:42:48.468,1789107168.4689,175,120,1.54,310,3.97
2026-09-11T11:42:48.477,1789107168.4780,176,15,0.19,310,3.97
2026-09-11T11:42:48.488,1789107168.4881,177,-213,-2.73,333,4.27
2026-09-11T11:42:48.489,1789107168.4891,178,-51,-0.65,333,4.27
2026-09-11T11:42:48.491,1789107168.4911,179,121,1.55,334,4.28
2026-09-11T11:42:48.499,1789107168.4992,180,-3,-0.04,334,4.28
2026-09-11T11:42:48.504,1789107168.5046,181,-251,-3.22,372,4.77
2026-09-11T11:42:48.508,1789107168.5086,182,-202,-2.59,372,4.77
2026-09-11T11:42:48.513,1789107168.5136,183,131,1.68,382,4.9
2026-09-11T11:42:48.516,1789107168.5166,184,-22,-0.28,382,4.9
2026-09-11T11:42:48.519,1789107168.5196,185,-270,-3.46,401,5.14
2026-09-11T11:42:48.531,1789107168.5320,186,-205,-2.63,401,5.14
2026-09-11T11:42:48.534,1789107168.5350,187,124,1.59,394,5.05
2026-09-11T11:42:48.537,1789107168.5380,188,-48,-0.62,394,5.05
2026-09-11T11:42:48.546,1789107168.5461,189,-280,-3.59,404,5.18
2026-09-11T11:42:48.550,1789107168.5501,190,-175,-2.24,404,5.18
2026-09-11T11:42:48.559,1789107168.5592,191,122,1.56,402,5.15
2026-09-11T11:42:48.563,1789107168.5632,192,-63,-0.81,402,5.15
2026-09-11T11:42:48.567,1789107168.5672,193,-282,-3.62,404,5.18
2026-09-11T11:42:48.570,1789107168.5702,194,-161,-2.06,404,5.18
2026-09-11T11:42:48.575,1789107168.5754,195,35,0.45,317,4.06
2026-09-11T11:42:48.581,1789107168.5814,196,-81,-1.04,317,4.06
2026-09-11T11:42:48.583,1789107168.5835,197,-293,-3.76,328,4.21
2026-09-11T11:42:48.588,1789107168.5885,198,-140,-1.79,328,4.21
2026-09-11T11:42:48.589,1789107168.5895,199,57,0.73,350,4.49
2026-09-11T11:42:48.598,1789107168.5987,200,-100,-1.28,350,4.49
2026-09-11T11:42:48.607,1789107168.6079,201,-275,-3.53,332,4.26
2026-09-11T11:42:48.609,1789107168.6099,202,-114,-1.46,332,4.26
2026-09-11T11:42:48.611,1789107168.6119,203,74,0.95,349,4.47
2026-09-11T11:42:48.620,1789107168.6209,204,78,1.0,353,4.53
2026-09-11T11:42:48.623,1789107168.6231,205,-286,-3.67,364,4.67
2026-09-11T11:42:48.626,1789107168.6261,206,-101,-1.29,364,4.67
2026-09-11T11:42:48.632,1789107168.6322,207,104,1.33,390,5.0
2026-09-11T11:42:48.634,1789107168.6342,208,63,0.81,390,5.0
2026-09-11T11:42:48.644,1789107168.6441,209,-284,-3.64,388,4.97
2026-09-11T11:42:48.647,1789107168.6474,210,-91,-1.17,388,4.97
2026-09-11T11:42:48.661,1789107168.6612,211,109,1.4,393,5.04
2026-09-11T11:42:48.663,1789107168.6632,212,41,0.53,393,5.04
2026-09-11T11:42:48.664,1789107168.6642,213,-188,-2.41,297,3.81
2026-09-11T11:42:48.666,1789107168.6662,214,-66,-0.85,297,3.81
2026-09-11T11:42:48.671,1789107168.6714,215,134,1.72,322,4.13
2026-09-11T11:42:48.678,1789107168.6785,216,18,0.23,322,4.13
2026-09-11T11:42:48.681,1789107168.6816,217,-218,-2.79,352,4.51
2026-09-11T11:42:48.685,1789107168.6857,218,-60,-0.77,352,4.51
2026-09-11T11:42:48.691,1789107168.6919,219,140,1.79,358,4.59
2026-09-11T11:42:48.692,1789107168.6929,220,-5,-0.06,358,4.59
2026-09-11T11:42:48.712,1789107168.7126,221,-241,-3.09,381,4.88
2026-09-11T11:42:48.716,1789107168.7167,222,-232,-2.97,381,4.88
2026-09-11T11:42:48.718,1789107168.7187,223,141,1.81,382,4.9
2026-09-11T11:42:48.721,1789107168.7217,224,-15,-0.19,382,4.9
2026-09-11T11:42:48.726,1789107168.7268,225,-267,-3.42,408,5.23
2026-09-11T11:42:48.730,1789107168.7308,226,-210,-2.69,408,5.23
2026-09-11T11:42:48.734,1789107168.7350,227,139,1.78,406,5.21
2026-09-11T11:42:48.738,1789107168.7390,228,-38,-0.49,406,5.21
2026-09-11T11:42:48.743,1789107168.7431,229,-278,-3.56,417,5.35
2026-09-11T11:42:48.748,1789107168.7481,230,-168,-2.15,417,5.35
2026-09-11T11:42:48.755,1789107168.7552,231,108,1.38,386,4.95
2026-09-11T11:42:48.757,1789107168.7572,232,-60,-0.77,386,4.95
2026-09-11T11:42:48.759,1789107168.7592,233,-276,-3.54,384,4.92
2026-09-11T11:42:48.768,1789107168.7682,234,-159,-2.04,384,4.92
2026-09-11T11:42:48.769,1789107168.7692,235,14,0.18,290,3.72
2026-09-11T11:42:48.777,1789107168.7772,236,-79,-1.01,290,3.72
2026-09-11T11:42:48.783,1789107168.7832,237,-302,-3.87,316,4.05
2026-09-11T11:42:48.786,1789107168.7862,238,-161,-2.06,316,4.05
2026-09-11T11:42:48.793,1789107168.7932,239,51,0.65,353,4.53
2026-09-11T11:42:48.795,1789107168.7952,240,-117,-1.5,353,4.53
2026-09-11T11:42:48.805,1789107168.8059,241,-325,-4.17,376,4.82
2026-09-11T11:42:48.806,1789107168.8069,242,-148,-1.9,376,4.82
2026-09-11T11:42:48.816,1789107168.8169,243,53,0.68,378,4.85
2026-09-11T11:42:48.820,1789107168.8209,244,61,0.78,386,4.95
2026-09-11T11:42:48.821,1789107168.8220,245,-327,-4.19,388,4.97
2026-09-11T11:42:48.827,1789107168.8280,246,-141,-1.81,388,4.97
2026-09-11T11:42:48.830,1789107168.8310,247,67,0.86,394,5.05
2026-09-11T11:42:48.837,1789107168.8371,248,27,0.35,394,5.05
2026-09-11T11:42:48.843,1789107168.8433,249,-356,-4.56,423,5.42
2026-09-11T11:42:48.844,1789107168.8443,250,-147,-1.88,423,5.42
2026-09-11T11:42:48.859,1789107168.8596,251,65,0.83,421,5.4
2026-09-11T11:42:48.863,1789107168.8636,252,-11,-0.14,421,5.4
2026-09-11T11:42:48.869,1789107168.8696,253,-223,-2.86,288,3.69
2026-09-11T11:42:48.871,1789107168.8716,254,-129,-1.65,288,3.69
2026-09-11T11:42:48.872,1789107168.8727,255,88,1.13,311,3.99
2026-09-11T11:42:48.875,1789107168.8757,256,-16,-0.21,311,3.99
2026-09-11T11:42:48.882,1789107168.8828,257,-260,-3.33,348,4.46
2026-09-11T11:42:48.888,1789107168.8888,258,-94,-1.21,348,4.46
2026-09-11T11:42:48.893,1789107168.8940,259,98,1.26,358,4.59
2026-09-11T11:42:48.896,1789107168.8970,260,-34,-0.44,358,4.59
2026-09-11T11:42:48.906,1789107168.9067,261,-274,-3.51,372,4.77
2026-09-11T11:42:48.908,1789107168.9087,262,-277,-3.55,375,4.81
2026-09-11T11:42:48.912,1789107168.9128,263,116,1.49,393,5.04
2026-09-11T11:42:48.919,1789107168.9198,264,-36,-0.46,393,5.04
2026-09-11T11:42:48.922,1789107168.9222,265,-276,-3.54,393,5.04
2026-09-11T11:42:48.928,1789107168.9282,266,-243,-3.12,392,5.03
2026-09-11T11:42:48.931,1789107168.9312,267,130,1.67,406,5.21
2026-09-11T11:42:48.934,1789107168.9344,268,-54,-0.69,406,5.21
2026-09-11T11:42:48.941,1789107168.9414,269,-286,-3.67,416,5.33
2026-09-11T11:42:48.944,1789107168.9446,270,-213,-2.73,416,5.33
2026-09-11T11:42:48.955,1789107168.9558,271,-8,-0.1,278,3.56
2026-09-11T11:42:48.958,1789107168.9588,272,-56,-0.72,278,3.56
2026-09-11T11:42:48.961,1789107168.9618,273,-292,-3.74,284,3.64
2026-09-11T11:42:48.969,1789107168.9699,274,-175,-2.24,284,3.64
2026-09-11T11:42:48.972,1789107168.9730,275,2,0.03,294,3.77
2026-09-11T11:42:48.975,1789107168.9760,276,-75,-0.96,294,3.77
2026-09-11T11:42:48.979,1789107168.9799,277,-283,-3.63,285,3.65
2026-09-11T11:42:48.986,1789107168.9861,278,-154,-1.97,285,3.65
2026-09-11T11:42:48.994,1789107168.9942,279,59,0.76,342,4.38
2026-09-11T11:42:48.996,1789107168.9962,280,-70,-0.9,342,4.38
2026-09-11T11:42:49.005,1789107169.0053,281,-281,-3.6,340,4.36
2026-09-11T11:42:49.006,1789107169.0063,282,-116,-1.49,340,4.36
2026-09-11T11:42:49.018,1789107169.0183,283,100,1.28,381,4.88
2026-09-11T11:42:49.022,1789107169.0225,284,132,1.69,413,5.29
2026-09-11T11:42:49.024,1789107169.0245,285,-260,-3.33,392,5.03
2026-09-11T11:42:49.027,1789107169.0275,286,-67,-0.86,392,5.03
2026-09-11T11:42:49.034,1789107169.0346,287,141,1.81,401,5.14
2026-09-11T11:42:49.037,1789107169.0376,288,124,1.59,401,5.14
2026-09-11T11:42:49.040,1789107169.0406,289,-240,-3.08,381,4.88
2026-09-11T11:42:49.047,1789107169.0476,290,-43,-0.55,381,4.88
2026-09-11T11:42:49.054,1789107169.0542,291,177,2.27,417,5.35
2026-09-11T11:42:49.058,1789107169.0582,292,129,1.65,417,5.35
2026-09-11T11:42:49.061,1789107169.0612,293,-92,-1.18,269,3.45
2026-09-11T11:42:49.068,1789107169.0682,294,-11,-0.14,269,3.45
2026-09-11T11:42:49.070,1789107169.0702,295,197,2.53,289,3.71
2026-09-11T11:42:49.078,1789107169.0783,296,109,1.4,289,3.71
2026-09-11T11:42:49.083,1789107169.0836,297,-136,-1.74,333,4.27
2026-09-11T11:42:49.085,1789107169.0856,298,17,0.22,333,4.27
2026-09-11T11:42:49.093,1789107169.0939,299,205,2.63,341,4.37
2026-09-11T11:42:49.095,1789107169.0959,300,97,1.24,341,4.37
2026-09-11T11:42:49.106,1789107169.1062,301,-164,-2.1,369,4.73
2026-09-11T11:42:49.108,1789107169.1082,302,-183,-2.35,388,4.97
2026-09-11T11:42:49.117,1789107169.1172,303,205,2.63,388,4.97
2026-09-11T11:42:49.120,1789107169.1202,304,77,0.99,388,4.97
2026-09-11T11:42:49.122,1789107169.1223,305,-176,-2.26,388,4.97
2026-09-11T11:42:49.128,1789107169.1283,306,-155,-1.99,381,4.88
2026-09-11T11:42:49.131,1789107169.1313,307,214,2.74,390,5.0
2026-09-11T11:42:49.138,1789107169.1385,308,45,0.58,390,5.0
2026-09-11T11:42:49.142,1789107169.1426,309,-199,-2.55,413,5.29
2026-09-11T11:42:49.145,1789107169.1456,310,-143,-1.83,413,5.29
2026-09-11T11:42:49.155,1789107169.1558,311,34,0.44,244,3.13
2026-09-11T11:42:49.162,1789107169.1628,312,17,0.22,233,2.99
2026-09-11T11:42:49.166,1789107169.1668,313,-215,-2.76,249,3.19
2026-09-11T11:42:49.170,1789107169.1708,314,-114,-1.46,249,3.19
2026-09-11T11:42:49.174,1789107169.1750,315,74,0.95,289,3.71
2026-09-11T11:42:49.175,1789107169.1760,316,1,0.01,289,3.71
2026-09-11T11:42:49.184,1789107169.1841,317,-227,-2.91,301,3.86
2026-09-11T11:42:49.188,1789107169.1881,318,-94,-1.21,301,3.86
2026-09-11T11:42:49.192,1789107169.1922,319,98,1.26,325,4.17
2026-09-11T11:42:49.198,1789107169.1982,320,-27,-0.35,325,4.17
2026-09-11T11:42:49.206,1789107169.2065,321,-235,-3.01,333,4.27
2026-09-11T11:42:49.210,1789107169.2105,322,-78,-1.0,333,4.27
2026-09-11T11:42:49.212,1789107169.2125,323,131,1.68,366,4.69
2026-09-11T11:42:49.215,1789107169.2155,324,166,2.13,401,5.14
2026-09-11T11:42:49.224,1789107169.2247,325,-234,-3.0,400,5.13
2026-09-11T11:42:49.225,1789107169.2257,326,-70,-0.9,400,5.13
2026-09-11T11:42:49.233,1789107169.2339,327,143,1.83,400,5.13
2026-09-11T11:42:49.238,1789107169.2389,328,146,1.87,380,4.87
2026-09-11T11:42:49.242,1789107169.2430,329,-218,-2.79,364,4.67
2026-09-11T11:42:49.247,1789107169.2480,330,-41,-0.53,364,4.67
2026-09-11T11:42:49.253,1789107169.2531,331,167,2.14,385,4.94
2026-09-11T11:42:49.258,1789107169.2581,332,126,1.62,385,4.94
2026-09-11T11:42:49.262,1789107169.2621,333,-98,-1.26,265,3.4
2026-09-11T11:42:49.273,1789107169.2733,334,-29,-0.37,265,3.4
2026-09-11T11:42:49.275,1789107169.2753,335,187,2.4,285,3.65
2026-09-11T11:42:49.279,1789107169.2793,336,114,1.46,285,3.65
2026-09-11T11:42:49.281,1789107169.2813,337,-118,-1.51,305,3.91
2026-09-11T11:42:49.284,1789107169.2844,338,-9,-0.12,305,3.91
2026-09-11T11:42:49.293,1789107169.2937,339,199,2.55,317,4.06
2026-09-11T11:42:49.298,1789107169.2987,340,102,1.31,317,4.06
2026-09-11T11:42:49.301,1789107169.3018,341,-162,-2.08,361,4.63
2026-09-11T11:42:49.307,1789107169.3073,342,-177,-2.27,376,4.82
2026-09-11T11:42:49.317,1789107169.3173,343,207,2.65,384,4.92
2026-09-11T11:42:49.320,1789107169.3203,344,62,0.79,384,4.92
2026-09-11T11:42:49.323,1789107169.3235,345,-178,-2.28,385,4.94
2026-09-11T11:42:49.329,1789107169.3295,346,-173,-2.22,385,4.94
2026-09-11T11:42:49.330,1789107169.3305,347,200,2.56,378,4.85
2026-09-11T11:42:49.339,1789107169.3396,348,55,0.71,378,4.85
2026-09-11T11:42:49.343,1789107169.3437,349,-197,-2.53,397,5.09
2026-09-11T11:42:49.346,1789107169.3467,350,-149,-1.91,397,5.09
2026-09-11T11:42:49.357,1789107169.3578,351,56,0.72,253,3.24
2026-09-11T11:42:49.359,1789107169.3598,352,31,0.4,253,3.24
2026-09-11T11:42:49.364,1789107169.3648,353,-205,-2.63,261,3.35
2026-09-11T11:42:49.366,1789107169.3668,354,-128,-1.64,261,3.35
2026-09-11T11:42:49.371,1789107169.3715,355,72,0.92,277,3.55
2026-09-11T11:42:49.373,1789107169.3737,356,11,0.14,277,3.55
2026-09-11T11:42:49.380,1789107169.3807,357,-217,-2.78,289,3.71
2026-09-11T11:42:49.388,1789107169.3888,358,-100,-1.28,289,3.71
2026-09-11T11:42:49.389,1789107169.3898,359,88,1.13,305,3.91
2026-09-11T11:42:49.397,1789107169.3979,360,-5,-0.06,305,3.91
2026-09-11T11:42:49.406,1789107169.4066,361,-217,-2.78,305,3.91
2026-09-11T11:42:49.407,1789107169.4076,362,-80,-1.03,305,3.91
2026-09-11T11:42:49.413,1789107169.4131,363,124,1.59,341,4.37
2026-09-11T11:42:49.419,1789107169.4198,364,180,2.31,397,5.09
2026-09-11T11:42:49.427,1789107169.4279,365,-221,-2.83,401,5.14
2026-09-11T11:42:49.428,1789107169.4289,366,-64,-0.82,401,5.14
2026-09-11T11:42:49.432,1789107169.4322,367,144,1.85,401,5.14
2026-09-11T11:42:49.434,1789107169.4342,368,164,2.1,385,4.94
2026-09-11T11:42:49.442,1789107169.4423,369,-213,-2.73,377,4.83
2026-09-11T11:42:49.449,1789107169.4492,370,-28,-0.36,377,4.83
2026-09-11T11:42:49.454,1789107169.4547,371,168,2.15,381,4.88
2026-09-11T11:42:49.457,1789107169.4573,372,147,1.88,381,4.88
2026-09-11T11:42:49.459,1789107169.4593,373,-65,-0.83,233,2.99
2026-09-11T11:42:49.466,1789107169.4663,374,-12,-0.15,233,2.99
2026-09-11T11:42:49.469,1789107169.4693,375,196,2.51,261,3.35
2026-09-11T11:42:49.475,1789107169.4753,376,135,1.73,261,3.35
2026-09-11T11:42:49.478,1789107169.4783,377,-105,-1.35,301,3.86
2026-09-11T11:42:49.484,1789107169.4844,378,12,0.15,301,3.86
2026-09-11T11:42:49.490,1789107169.4904,379,196,2.51,301,3.86
2026-09-11T11:42:49.493,1789107169.4936,380,115,1.47,301,3.86
2026-09-11T11:42:49.504,1789107169.5046,381,-145,-1.86,341,4.37
2026-09-11T11:42:49.507,1789107169.5072,382,-193,-2.47,389,4.99
2026-09-11T11:42:49.522,1789107169.5222,383,204,2.62,397,5.09
2026-09-11T11:42:49.534,1789107169.5342,384,79,1.01,397,5.09
2026-09-11T11:42:49.540,1789107169.5402,385,-173,-2.22,397,5.09
2026-09-11T11:42:49.547,1789107169.5472,386,-173,-2.22,377,4.83
2026-09-11T11:42:49.553,1789107169.5532,387,208,2.67,381,4.88
2026-09-11T11:42:49.562,1789107169.5622,388,59,0.76,381,4.88
2026-09-11T11:42:49.569,1789107169.5692,389,-205,-2.63,413,5.29
2026-09-11T11:42:49.573,1789107169.5734,390,-172,-2.21,413,5.29
2026-09-11T11:42:49.586,1789107169.5866,391,29,0.37,264,3.38
2026-09-11T11:42:49.591,1789107169.5917,392,44,0.56,249,3.19
2026-09-11T11:42:49.593,1789107169.5937,393,-225,-2.88,269,3.45
2026-09-11T11:42:49.595,1789107169.5957,394,-124,-1.59,269,3.45
2026-09-11T11:42:49.600,1789107169.6007,395,65,0.83,290,3.72
2026-09-11T11:42:49.605,1789107169.6060,396,24,0.31,290,3.72
2026-09-11T11:42:49.608,1789107169.6085,397,-204,-2.62,269,3.45
2026-09-11T11:42:49.611,1789107169.6115,398,-100,-1.28,269,3.45
2026-09-11T11:42:49.614,1789107169.6145,399,69,0.88,273,3.5
2026-09-11T11:42:49.615,1789107169.6155,400,4,0.05,273,3.5
2026-09-11T11:42:49.623,1789107169.6236,401,-216,-2.77,285,3.65
2026-09-11T11:42:49.625,1789107169.6256,402,-87,-1.12,285,3.65
2026-09-11T11:42:49.630,1789107169.6306,403,101,1.29,317,4.06
2026-09-11T11:42:49.634,1789107169.6348,404,169,2.17,385,4.94
2026-09-11T11:42:49.636,1789107169.6368,405,-232,-2.97,401,5.14
2026-09-11T11:42:49.638,1789107169.6388,406,-99,-1.27,401,5.14
2026-09-11T11:42:49.641,1789107169.6415,407,121,1.55,401,5.14
2026-09-11T11:42:49.644,1789107169.6448,408,133,1.71,365,4.68
2026-09-11T11:42:49.648,1789107169.6488,409,-259,-3.32,392,5.03
2026-09-11T11:42:49.649,1789107169.6498,410,-98,-1.26,392,5.03
2026-09-11T11:42:49.652,1789107169.6529,411,94,1.21,392,5.03
2026-09-11T11:42:49.659,1789107169.6599,412,82,1.05,353,4.53
2026-09-11T11:42:49.664,1789107169.6649,413,-143,-1.83,237,3.04
2026-09-11T11:42:49.669,1789107169.6694,414,-141,-1.81,237,3.04
2026-09-11T11:42:49.672,1789107169.6726,415,64,0.82,225,2.88
2026-09-11T11:42:49.683,1789107169.6833,416,7,0.09,207,2.65
2026-09-11T11:42:49.686,1789107169.6863,417,-241,-3.09,305,3.91
2026-09-11T11:42:49.689,1789107169.6893,418,-190,-2.44,305,3.91
2026-09-11T11:42:49.694,1789107169.6945,419,-6,-0.08,248,3.18
2026-09-11T11:42:49.697,1789107169.6975,420,-102,-1.31,235,3.01
2026-09-11T11:42:49.706,1789107169.7062,421,-357,-4.58,351,4.5
2026-09-11T11:42:49.708,1789107169.7082,422,-456,-5.85,450,5.77
2026-09-11T11:42:49.713,1789107169.7132,423,-93,-1.19,363,4.65
2026-09-11T11:42:49.715,1789107169.7152,424,-209,-2.68,363,4.65
2026-09-11T11:42:49.721,1789107169.7212,425,-480,-6.15,387,4.96
2026-09-11T11:42:49.723,1789107169.7234,426,-518,-6.64,425,5.45
2026-09-11T11:42:49.730,1789107169.7304,427,-155,-1.99,363,4.65
2026-09-11T11:42:49.737,1789107169.7376,428,-318,-4.08,363,4.65
2026-09-11T11:42:49.738,1789107169.7386,429,-605,-7.76,450,5.77
2026-09-11T11:42:49.745,1789107169.7458,430,-598,-7.67,450,5.77
2026-09-11T11:42:49.763,1789107169.7639,431,-404,-5.18,287,3.68
2026-09-11T11:42:49.768,1789107169.7689,432,-433,-5.55,201,2.58
2026-09-11T11:42:49.774,1789107169.7742,433,-708,-9.08,304,3.9
2026-09-11T11:42:49.779,1789107169.7792,434,-649,-8.32,304,3.9
2026-09-11T11:42:49.783,1789107169.7833,435,-474,-6.08,275,3.53
2026-09-11T11:42:49.785,1789107169.7853,436,-535,-6.86,234,3.0
2026-09-11T11:42:49.786,1789107169.7863,437,-813,-10.42,339,4.35
2026-09-11T11:42:49.788,1789107169.7883,438,-742,-9.51,339,4.35
2026-09-11T11:42:49.795,1789107169.7956,439,-559,-7.17,278,3.56
2026-09-11T11:42:49.797,1789107169.7976,440,-655,-8.4,254,3.26
2026-09-11T11:42:49.807,1789107169.8074,441,-905,-11.6,346,4.44
2026-09-11T11:42:49.811,1789107169.8114,442,-801,-10.27,346,4.44
2026-09-11T11:42:49.817,1789107169.8174,443,-606,-7.77,299,3.83
2026-09-11T11:42:49.818,1789107169.8184,444,-516,-6.62,389,4.99
2026-09-11T11:42:49.820,1789107169.8204,445,-975,-12.5,459,5.88
2026-09-11T11:42:49.828,1789107169.8286,446,-835,-10.71,459,5.88
2026-09-11T11:42:49.832,1789107169.8327,447,-640,-8.21,459,5.88
2026-09-11T11:42:49.836,1789107169.8367,448,-601,-7.71,374,4.79
2026-09-11T11:42:49.841,1789107169.8419,449,-1032,-13.23,431,5.53
2026-09-11T11:42:49.846,1789107169.8470,450,-872,-11.18,431,5.53
2026-09-11T11:42:49.854,1789107169.8541,451,-668,-8.56,431,5.53
2026-09-11T11:42:49.860,1789107169.8601,452,-678,-8.69,364,4.67
2026-09-11T11:42:49.865,1789107169.8652,453,-931,-11.94,263,3.37
2026-09-11T11:42:49.867,1789107169.8679,454,-947,-12.14,279,3.58
2026-09-11T11:42:49.874,1789107169.8743,455,-751,-9.63,269,3.45
2026-09-11T11:42:49.876,1789107169.8763,456,-796,-10.21,196,2.51
2026-09-11T11:42:49.883,1789107169.8836,457,-1065,-13.65,314,4.03
2026-09-11T11:42:49.888,1789107169.8886,458,-1040,-13.33,314,4.03
2026-09-11T11:42:49.893,1789107169.8938,459,-860,-11.03,269,3.45
2026-09-11T11:42:49.896,1789107169.8968,460,-945,-12.12,205,2.63
2026-09-11T11:42:49.905,1789107169.9051,461,-1197,-15.35,337,4.32
2026-09-11T11:42:49.907,1789107169.9077,462,-1328,-17.03,468,6.0
2026-09-11T11:42:49.916,1789107169.9169,463,-923,-11.83,405,5.19
2026-09-11T11:42:49.919,1789107169.9199,464,-1039,-13.32,405,5.19
2026-09-11T11:42:49.922,1789107169.9222,465,-1319,-16.91,405,5.19
2026-09-11T11:42:49.929,1789107169.9292,466,-1386,-17.77,463,5.94
2026-09-11T11:42:49.931,1789107169.9312,467,-960,-12.31,426,5.46
2026-09-11T11:42:49.938,1789107169.9385,468,-1116,-14.31,426,5.46
2026-09-11T11:42:49.939,1789107169.9395,469,-1396,-17.9,436,5.59
2026-09-11T11:42:49.946,1789107169.9469,470,-1390,-17.82,436,5.59
2026-09-11T11:42:49.955,1789107169.9552,471,-1189,-15.24,280,3.59
2026-09-11T11:42:49.957,1789107169.9572,472,-1137,-14.58,259,3.32
2026-09-11T11:42:49.961,1789107169.9612,473,-1384,-17.74,253,3.24
2026-09-11T11:42:49.963,1789107169.9632,474,-1307,-16.76,247,3.17
2026-09-11T11:42:49.969,1789107169.9692,475,-1086,-13.92,298,3.82
2026-09-11T11:42:49.992,1789107169.9928,476,-1030,-13.21,354,4.54
2026-09-11T11:42:49.994,1789107169.9948,477,-1278,-16.38,277,3.55
2026-09-11T11:42:49.996,1789107169.9968,478,-1141,-14.63,248,3.18
2026-09-11T11:42:49.999,1789107169.9998,479,-892,-11.44,386,4.95
2026-09-11T11:42:50.005,1789107170.0050,480,-850,-10.9,428,5.49
2026-09-11T11:42:50.012,1789107170.0125,481,-1063,-13.63,291,3.73
2026-09-11T11:42:50.014,1789107170.0145,482,-891,-11.42,213,2.73
2026-09-11T11:42:50.018,1789107170.0185,483,-619,-7.94,444,5.69
2026-09-11T11:42:50.024,1789107170.0248,484,-457,-5.86,606,7.77
2026-09-11T11:42:50.027,1789107170.0278,485,-813,-10.42,434,5.56
2026-09-11T11:42:50.034,1789107170.0340,486,-618,-7.92,356,4.56
2026-09-11T11:42:50.036,1789107170.0360,487,-327,-4.19,486,6.23
2026-09-11T11:42:50.038,1789107170.0380,488,-234,-3.0,579,7.42
2026-09-11T11:42:50.042,1789107170.0422,489,-603,-7.73,384,4.92
2026-09-11T11:42:50.044,1789107170.0442,490,-389,-4.99,369,4.73
2026-09-11T11:42:50.057,1789107170.0574,491,-123,-1.58,480,6.15
2026-09-11T11:42:50.062,1789107170.0623,492,-63,-0.81,540,6.92
2026-09-11T11:42:50.063,1789107170.0634,493,-275,-3.53,326,4.18
2026-09-11T11:42:50.065,1789107170.0654,494,-224,-2.87,212,2.72
2026-09-11T11:42:50.073,1789107170.0736,495,41,0.53,316,4.05
2026-09-11T11:42:50.075,1789107170.0756,496,49,0.63,324,4.15
2026-09-11T11:42:50.081,1789107170.0818,497,-155,-1.99,273,3.5
2026-09-11T11:42:50.088,1789107170.0888,498,-54,-0.69,204,2.62
2026-09-11T11:42:50.092,1789107170.0930,499,203,2.6,358,4.59
2026-09-11T11:42:50.105,1789107170.1052,500,146,1.87,358,4.59
2026-09-11T11:42:50.112,1789107170.1123,501,-71,-0.91,274,3.51
2026-09-11T11:42:50.115,1789107170.1154,502,-162,-2.08,365,4.68
2026-09-11T11:42:50.118,1789107170.1184,503,338,4.33,500,6.41
2026-09-11T11:42:50.120,1789107170.1204,504,257,3.29,500,6.41
2026-09-11T11:42:50.121,1789107170.1213,505,4,0.05,500,6.41
2026-09-11T11:42:50.126,1789107170.1266,506,-28,-0.36,366,4.69
2026-09-11T11:42:50.133,1789107170.1338,507,463,5.94,491,6.29
2026-09-11T11:42:50.135,1789107170.1358,508,373,4.78,491,6.29
2026-09-11T11:42:50.139,1789107170.1398,509,132,1.69,491,6.29
2026-09-11T11:42:50.145,1789107170.1454,510,143,1.83,331,4.24
2026-09-11T11:42:50.151,1789107170.1514,511,370,4.74,241,3.09
2026-09-11T11:42:50.157,1789107170.1576,512,391,5.01,259,3.32
2026-09-11T11:42:50.159,1789107170.1596,513,113,1.45,278,3.56
2026-09-11T11:42:50.175,1789107170.1754,514,125,1.6,278,3.56
2026-09-11T11:42:50.178,1789107170.1784,515,328,4.21,278,3.56
2026-09-11T11:42:50.181,1789107170.1814,516,277,3.55,215,2.76
2026-09-11T11:42:50.183,1789107170.1837,517,-40,-0.51,368,4.72
2026-09-11T11:42:50.187,1789107170.1877,518,-64,-0.82,392,5.03
2026-09-11T11:42:50.194,1789107170.1948,519,60,0.77,341,4.37
2026-09-11T11:42:50.198,1789107170.1988,520,-128,-1.64,188,2.41
2026-09-11T11:42:50.207,1789107170.2075,521,-480,-6.15,540,6.92
2026-09-11T11:42:50.211,1789107170.2115,522,-434,-5.56,540,6.92
2026-09-11T11:42:50.219,1789107170.2195,523,-276,-3.54,352,4.51
2026-09-11T11:42:50.220,1789107170.2205,524,-199,-2.55,281,3.6
2026-09-11T11:42:50.222,1789107170.2226,525,-749,-9.6,550,7.05
2026-09-11T11:42:50.226,1789107170.2266,526,-630,-8.08,550,7.05
2026-09-11T11:42:50.231,1789107170.2312,527,-419,-5.37,550,7.05
2026-09-11T11:42:50.238,1789107170.2382,528,-322,-4.13,427,5.47
2026-09-11T11:42:50.239,1789107170.2392,529,-782,-10.03,460,5.9
2026-09-11T11:42:50.248,1789107170.2483,530,-595,-7.63,460,5.9
2026-09-11T11:42:50.258,1789107170.2585,531,-385,-4.94,460,5.9
2026-09-11T11:42:50.259,1789107170.2595,532,-335,-4.29,447,5.73
2026-09-11T11:42:50.266,1789107170.2668,533,-558,-7.15,260,3.33
2026-09-11T11:42:50.270,1789107170.2700,534,-529,-6.78,223,2.86
2026-09-11T11:42:50.271,1789107170.2712,535,-243,-3.12,315,4.04
2026-09-11T11:42:50.277,1789107170.2779,536,-230,-2.95,328,4.21
2026-09-11T11:42:50.283,1789107170.2830,537,-473,-6.06,299,3.83
2026-09-11T11:42:50.288,1789107170.2880,538,-353,-4.53,243,3.12
2026-09-11T11:42:50.296,1789107170.2962,539,1,0.01,474,6.08
2026-09-11T11:42:50.297,1789107170.2972,540,49,0.63,522,6.69
2026-09-11T11:42:50.307,1789107170.3077,541,-84,-1.08,402,5.15
2026-09-11T11:42:50.309,1789107170.3097,542,-87,-1.12,136,1.74
2026-09-11T11:42:50.312,1789107170.3127,543,676,8.67,763,9.78
2026-09-11T11:42:50.314,1789107170.3147,544,741,9.5,828,10.62
2026-09-11T11:42:50.322,1789107170.3227,545,610,7.82,828,10.62
2026-09-11T11:42:50.325,1789107170.3257,546,620,7.95,131,1.68
2026-09-11T11:42:50.328,1789107170.3287,547,1250,16.03,640,8.21
2026-09-11T11:42:50.335,1789107170.3350,548,1181,15.14,640,8.21
2026-09-11T11:42:50.338,1789107170.3381,549,956,12.26,630,8.08
2026-09-11T11:42:50.344,1789107170.3442,550,937,12.01,313,4.01
2026-09-11T11:42:50.363,1789107170.3635,551,1133,14.53,244,3.13
2026-09-11T11:42:50.367,1789107170.3675,552,1187,15.22,250,3.21
2026-09-11T11:42:50.369,1789107170.3695,553,915,11.73,272,3.49
2026-09-11T11:42:50.371,1789107170.3718,554,923,11.83,272,3.49
2026-09-11T11:42:50.378,1789107170.3784,555,1147,14.71,272,3.49
2026-09-11T11:42:50.380,1789107170.3804,556,1242,15.92,327,4.19
2026-09-11T11:42:50.383,1789107170.3837,557,981,12.58,319,4.09
2026-09-11T11:42:50.388,1789107170.3887,558,1065,13.65,261,3.35
2026-09-11T11:42:50.392,1789107170.3929,559,1297,16.63,316,4.05
2026-09-11T11:42:50.397,1789107170.3979,560,1358,17.41,377,4.83
2026-09-11T11:42:50.407,1789107170.4076,561,1128,14.46,293,3.76
2026-09-11T11:42:50.410,1789107170.4101,562,1248,16.0,230,2.95
2026-09-11T11:42:50.415,1789107170.4152,563,1487,19.06,359,4.6
2026-09-11T11:42:50.416,1789107170.4162,564,1661,21.29,533,6.83
2026-09-11T11:42:50.421,1789107170.4220,565,1237,15.86,424,5.44
2026-09-11T11:42:50.428,1789107170.4281,566,1368,17.54,424,5.44
2026-09-11T11:42:50.429,1789107170.4291,567,1591,20.4,424,5.44
2026-09-11T11:42:50.438,1789107170.4383,568,1709,21.91,472,6.05
2026-09-11T11:42:50.440,1789107170.4403,569,1296,16.62,413,5.29
2026-09-11T11:42:50.448,1789107170.4484,570,1451,18.6,413,5.29
2026-09-11T11:42:50.456,1789107170.4565,571,1681,21.55,413,5.29
2026-09-11T11:42:50.458,1789107170.4585,572,1767,22.65,471,6.04
2026-09-11T11:42:50.465,1789107170.4655,573,1552,19.9,316,4.05
2026-09-11T11:42:50.469,1789107170.4695,574,1545,19.81,222,2.85
2026-09-11T11:42:50.470,1789107170.4705,575,1794,23.0,249,3.19
2026-09-11T11:42:50.480,1789107170.4810,576,1815,23.27,270,3.46
2026-09-11T11:42:50.483,1789107170.4840,577,1612,20.67,270,3.46
2026-09-11T11:42:50.487,1789107170.4880,578,1664,21.33,203,2.6
2026-09-11T11:42:50.494,1789107170.4941,579,1906,24.44,294,3.77
2026-09-11T11:42:50.496,1789107170.4961,580,1895,24.29,294,3.77
2026-09-11T11:42:50.507,1789107170.5076,581,1699,21.78,242,3.1
2026-09-11T11:42:50.509,1789107170.5096,582,1556,19.95,350,4.49
2026-09-11T11:42:50.511,1789107170.5116,583,1995,25.58,439,5.63
2026-09-11T11:42:50.513,1789107170.5136,584,1928,24.72,439,5.63
2026-09-11T11:42:50.520,1789107170.5206,585,1684,21.59,439,5.63
2026-09-11T11:42:50.523,1789107170.5239,586,1554,19.92,441,5.65
2026-09-11T11:42:50.529,1789107170.5299,587,1941,24.88,387,4.96
2026-09-11T11:42:50.550,1789107170.5504,588,1821,23.35,387,4.96
2026-09-11T11:42:50.554,1789107170.5546,589,1542,19.77,399,5.12
2026-09-11T11:42:50.556,1789107170.5565,590,1464,18.77,477,6.12
2026-09-11T11:42:50.560,1789107170.5605,591,1634,20.95,357,4.58
2026-09-11T11:42:50.565,1789107170.5655,592,1649,21.14,185,2.37
2026-09-11T11:42:50.568,1789107170.5686,593,1330,17.05,319,4.09
2026-09-11T11:42:50.573,1789107170.5738,594,1285,16.47,364,4.67
2026-09-11T11:42:50.577,1789107170.5778,595,1428,18.31,364,4.67
2026-09-11T11:42:50.582,1789107170.5820,596,1384,17.74,143,1.83
2026-09-11T11:42:50.586,1789107170.5870,597,1063,13.63,365,4.68
2026-09-11T11:42:50.593,1789107170.5934,598,1067,13.68,365,4.68
2026-09-11T11:42:50.594,1789107170.5945,599,1203,15.42,321,4.12
2026-09-11T11:42:50.595,1789107170.5954,600,1137,14.58,140,1.79
2026-09-11T11:42:50.605,1789107170.6056,601,824,10.56,379,4.86
2026-09-11T11:42:50.607,1789107170.6076,602,865,11.09,379,4.86
2026-09-11T11:42:50.613,1789107170.6137,603,1006,12.9,313,4.01
2026-09-11T11:42:50.614,1789107170.6147,604,1134,14.54,310,3.97
2026-09-11T11:42:50.624,1789107170.6241,605,614,7.87,520,6.67
2026-09-11T11:42:50.625,1789107170.6251,606,695,8.91,520,6.67
2026-09-11T11:42:50.633,1789107170.6334,607,853,10.94,520,6.67
2026-09-11T11:42:50.634,1789107170.6344,608,945,12.12,331,4.24
2026-09-11T11:42:50.640,1789107170.6409,609,447,5.73,498,6.38
2026-09-11T11:42:50.649,1789107170.6491,610,573,7.35,498,6.38
2026-09-11T11:42:50.655,1789107170.6551,611,743,9.53,498,6.38
2026-09-11T11:42:50.663,1789107170.6630,612,804,10.31,357,4.58
2026-09-11T11:42:50.665,1789107170.6650,613,585,7.5,231,2.96
2026-09-11T11:42:50.667,1789107170.6676,614,489,6.27,315,4.04
2026-09-11T11:42:50.670,1789107170.6706,615,687,8.81,315,4.04
2026-09-11T11:42:50.679,1789107170.6798,616,701,8.99,212,2.72
2026-09-11T11:42:50.681,1789107170.6818,617,462,5.92,239,3.06
2026-09-11T11:42:50.685,1789107170.6860,618,407,5.22,294,3.77
2026-09-11T11:42:50.692,1789107170.6922,619,614,7.87,294,3.77
2026-09-11T11:42:50.696,1789107170.6963,620,579,7.42,207,2.65
2026-09-11T11:42:50.702,1789107170.7026,621,349,4.47,265,3.4
2026-09-11T11:42:50.706,1789107170.7066,622,164,2.1,450,5.77
2026-09-11T11:42:50.713,1789107170.7131,623,522,6.69,415,5.32
2026-09-11T11:42:50.714,1789107170.7141,624,424,5.44,358,4.59
2026-09-11T11:42:50.730,1789107170.7306,625,158,2.03,364,4.67
2026-09-11T11:42:50.735,1789107170.7359,626,9,0.12,513,6.58
2026-09-11T11:42:50.736,1789107170.7369,627,369,4.73,415,5.32
2026-09-11T11:42:50.738,1789107170.7389,628,227,2.91,360,4.62
2026-09-11T11:42:50.740,1789107170.7409,629,-42,-0.54,411,5.27
2026-09-11T11:42:50.748,1789107170.7482,630,-150,-1.92,519,6.65
2026-09-11T11:42:50.757,1789107170.7576,631,27,0.35,377,4.83
2026-09-11T11:42:50.761,1789107170.7616,632,78,1.0,228,2.92
2026-09-11T11:42:50.765,1789107170.7656,633,-210,-2.69,288,3.69
2026-09-11T11:42:50.772,1789107170.7729,634,-245,-3.14,323,4.14
2026-09-11T11:42:50.774,1789107170.7749,635,-68,-0.87,323,4.14
2026-09-11T11:42:50.776,1789107170.7769,636,-53,-0.68,192,2.46
2026-09-11T11:42:50.782,1789107170.7821,637,-320,-4.1,267,3.42
2026-09-11T11:42:50.786,1789107170.7861,638,-319,-4.09,267,3.42
2026-09-11T11:42:50.788,1789107170.7881,639,-130,-1.67,267,3.42
2026-09-11T11:42:50.798,1789107170.7983,640,55,0.71,375,4.81
2026-09-11T11:42:50.807,1789107170.8079,641,-385,-4.94,440,5.64
2026-09-11T11:42:50.812,1789107170.8122,642,-328,-4.21,440,5.64
2026-09-11T11:42:50.814,1789107170.8142,643,-134,-1.72,440,5.64
2026-09-11T11:42:50.820,1789107170.8203,644,26,0.33,411,5.27
2026-09-11T11:42:50.821,1789107170.8213,645,-413,-5.29,439,5.63
2026-09-11T11:42:50.827,1789107170.8275,646,-308,-3.95,439,5.63
2026-09-11T11:42:50.833,1789107170.8339,647,-114,-1.46,439,5.63
2026-09-11T11:42:50.835,1789107170.8359,648,26,0.33,439,5.63
2026-09-11T11:42:50.846,1789107170.8460,649,-401,-5.14,427,5.47
2026-09-11T11:42:50.850,1789107170.8501,650,-280,-3.59,427,5.47
2026-09-11T11:42:50.853,1789107170.8533,651,-71,-0.91,427,5.47
2026-09-11T11:42:50.858,1789107170.8583,652,14,0.18,415,5.32
2026-09-11T11:42:50.865,1789107170.8653,653,-179,-2.29,294,3.77
2026-09-11T11:42:50.868,1789107170.8683,654,-252,-3.23,266,3.41
2026-09-11T11:42:50.871,1789107170.8713,655,-39,-0.5,266,3.41
2026-09-11T11:42:50.875,1789107170.8756,656,5,0.06,257,3.29
2026-09-11T11:42:50.878,1789107170.8786,657,-195,-2.5,257,3.29
2026-09-11T11:42:50.884,1789107170.8847,658,-225,-2.88,230,2.95
2026-09-11T11:42:50.890,1789107170.8907,659,4,0.05,230,2.95
2026-09-11T11:42:50.892,1789107170.8929,660,-4,-0.05,229,2.94
2026-09-11T11:42:50.915,1789107170.9159,661,-236,-3.03,240,3.08
2026-09-11T11:42:50.916,1789107170.9169,662,-395,-5.06,399,5.12
2026-09-11T11:42:50.918,1789107170.9189,663,3,0.04,398,5.1
2026-09-11T11:42:50.922,1789107170.9222,664,-41,-0.53,398,5.1
2026-09-11T11:42:50.928,1789107170.9282,665,-261,-3.35,398,5.1
2026-09-11T11:42:50.931,1789107170.9312,666,-403,-5.17,406,5.21
2026-09-11T11:42:50.935,1789107170.9354,667,27,0.35,430,5.51
2026-09-11T11:42:50.939,1789107170.9394,668,-49,-0.63,430,5.51
2026-09-11T11:42:50.944,1789107170.9446,669,-285,-3.65,430,5.51
2026-09-11T11:42:50.950,1789107170.9506,670,-372,-4.77,399,5.12
2026-09-11T11:42:50.956,1789107170.9569,671,-159,-2.04,323,4.14
2026-09-11T11:42:50.959,1789107170.9599,672,-58,-0.74,314,4.03
2026-09-11T11:42:50.961,1789107170.9619,673,-314,-4.03,314,4.03
2026-09-11T11:42:50.968,1789107170.9689,674,-349,-4.47,291,3.73
2026-09-11T11:42:50.970,1789107170.9709,675,-135,-1.73,291,3.73
2026-09-11T11:42:50.978,1789107170.9781,676,-55,-0.71,294,3.77
2026-09-11T11:42:50.982,1789107170.9823,677,-323,-4.14,294,3.77
2026-09-11T11:42:50.985,1789107170.9853,678,-298,-3.82,268,3.44
2026-09-11T11:42:50.993,1789107170.9935,679,-88,-1.13,268,3.44
2026-09-11T11:42:50.996,1789107170.9965,680,96,1.23,419,5.37
2026-09-11T11:42:51.005,1789107171.0058,681,-312,-4.0,408,5.23
2026-09-11T11:42:51.008,1789107171.0083,682,-247,-3.17,408,5.23
2026-09-11T11:42:51.018,1789107171.0184,683,-54,-0.69,408,5.23
2026-09-11T11:42:51.020,1789107171.0204,684,126,1.62,438,5.62
2026-09-11T11:42:51.024,1789107171.0245,685,-306,-3.92,432,5.54
2026-09-11T11:42:51.027,1789107171.0275,686,-213,-2.73,432,5.54
2026-09-11T11:42:51.030,1789107171.0305,687,4,0.05,432,5.54
2026-09-11T11:42:51.037,1789107171.0377,688,136,1.74,442,5.67
2026-09-11T11:42:51.044,1789107171.0442,689,-284,-3.64,420,5.38
2026-09-11T11:42:51.046,1789107171.0462,690,-171,-2.19,420,5.38
2026-09-11T11:42:51.055,1789107171.0554,691,45,0.58,420,5.38
2026-09-11T11:42:51.056,1789107171.0564,692,149,1.91,433,5.55
2026-09-11T11:42:51.061,1789107171.0614,693,-43,-0.55,320,4.1
2026-09-11T11:42:51.064,1789107171.0644,694,-118,-1.51,267,3.42
2026-09-11T11:42:51.081,1789107171.0812,695,106,1.36,267,3.42
2026-09-11T11:42:51.085,1789107171.0854,696,158,2.03,276,3.54
2026-09-11T11:42:51.089,1789107171.0900,697,-55,-0.71,276,3.54
2026-09-11T11:42:51.090,1789107171.0910,698,-77,-0.99,235,3.01
2026-09-11T11:42:51.093,1789107171.0932,699,147,1.88,235,3.01
2026-09-11T11:42:51.100,1789107171.1002,700,158,2.03,235,3.01
2026-09-11T11:42:51.108,1789107171.1086,701,-58,-0.74,235,3.01
2026-09-11T11:42:51.114,1789107171.1141,702,-230,-2.95,388,4.97
2026-09-11T11:42:51.119,1789107171.1191,703,175,2.24,405,5.19
2026-09-11T11:42:51.125,1789107171.1254,704,142,1.82,405,5.19
2026-09-11T11:42:51.127,1789107171.1273,705,-66,-0.85,405,5.19
2026-09-11T11:42:51.132,1789107171.1326,706,-218,-2.79,393,5.04
2026-09-11T11:42:51.133,1789107171.1336,707,211,2.71,429,5.5
2026-09-11T11:42:51.134,1789107171.1346,708,134,1.72,429,5.5
2026-09-11T11:42:51.141,1789107171.1419,709,-98,-1.26,429,5.5
2026-09-11T11:42:51.147,1789107171.1479,710,-206,-2.64,417,5.35
2026-09-11T11:42:51.154,1789107171.1541,711,7,0.09,340,4.36
2026-09-11T11:42:51.160,1789107171.1602,712,122,1.56,328,4.21
2026-09-11T11:42:51.163,1789107171.1632,713,-123,-1.58,328,4.21
2026-09-11T11:42:51.169,1789107171.1692,714,-194,-2.49,316,4.05
2026-09-11T11:42:51.171,1789107171.1717,715,19,0.24,316,4.05
2026-09-11T11:42:51.178,1789107171.1787,716,110,1.41,304,3.9
2026-09-11T11:42:51.181,1789107171.1817,717,-155,-1.99,304,3.9
2026-09-11T11:42:51.184,1789107171.1840,718,-170,-2.18,280,3.59
2026-09-11T11:42:51.193,1789107171.1931,719,38,0.49,280,3.59
2026-09-11T11:42:51.194,1789107171.1941,720,246,3.15,416,5.33
2026-09-11T11:42:51.205,1789107171.2054,721,-167,-2.14,416,5.33
2026-09-11T11:42:51.208,1789107171.2089,722,-122,-1.56,413,5.29
2026-09-11T11:42:51.213,1789107171.2131,723,70,0.9,413,5.29
2026-09-11T11:42:51.215,1789107171.2151,724,250,3.21,417,5.35
2026-09-11T11:42:51.222,1789107171.2222,725,-163,-2.09,413,5.29
2026-09-11T11:42:51.226,1789107171.2263,726,-99,-1.27,413,5.29
2026-09-11T11:42:51.229,1789107171.2292,727,106,1.36,413,5.29
2026-09-11T11:42:51.236,1789107171.2364,728,269,3.45,432,5.54
2026-09-11T11:42:51.239,1789107171.2394,729,-152,-1.95,421,5.4
2026-09-11T11:42:51.257,1789107171.2580,730,-48,-0.62,421,5.4
2026-09-11T11:42:51.264,1789107171.2649,731,169,2.17,421,5.4
2026-09-11T11:42:51.266,1789107171.2669,732,288,3.69,440,5.64
2026-09-11T11:42:51.270,1789107171.2709,733,87,1.12,336,4.31
2026-09-11T11:42:51.277,1789107171.2771,734,-21,-0.27,309,3.96
2026-09-11T11:42:51.281,1789107171.2811,735,203,2.6,309,3.96
2026-09-11T11:42:51.286,1789107171.2863,736,274,3.51,295,3.78
2026-09-11T11:42:51.291,1789107171.2913,737,69,0.88,295,3.78
2026-09-11T11:42:51.293,1789107171.2935,738,18,0.23,256,3.28
2026-09-11T11:42:51.301,1789107171.3017,739,218,2.79,256,3.28
2026-09-11T11:42:51.304,1789107171.3047,740,257,3.29,239,3.06
2026-09-11T11:42:51.310,1789107171.3103,741,36,0.46,239,3.06
2026-09-11T11:42:51.312,1789107171.3123,742,-168,-2.15,425,5.45
2026-09-11T11:42:51.314,1789107171.3143,743,232,2.97,425,5.45
2026-09-11T11:42:51.319,1789107171.3193,744,211,2.71,400,5.13
2026-09-11T11:42:51.321,1789107171.3219,745,-10,-0.13,400,5.13
2026-09-11T11:42:51.326,1789107171.3269,746,-186,-2.38,418,5.36
2026-09-11T11:42:51.332,1789107171.3324,747,231,2.96,417,5.35
2026-09-11T11:42:51.333,1789107171.3334,748,162,2.08,417,5.35
2026-09-11T11:42:51.341,1789107171.3414,749,-62,-0.79,417,5.35
2026-09-11T11:42:51.348,1789107171.3486,750,-198,-2.54,429,5.5
2026-09-11T11:42:51.352,1789107171.3526,751,23,0.29,360,4.62
2026-09-11T11:42:51.359,1789107171.3599,752,162,2.08,360,4.62
2026-09-11T11:42:51.363,1789107171.3639,753,-95,-1.22,360,4.62
2026-09-11T11:42:51.373,1789107171.3732,754,-175,-2.24,337,4.32
2026-09-11T11:42:51.376,1789107171.3763,755,30,0.38,337,4.32
2026-09-11T11:42:51.381,1789107171.3815,756,133,1.71,308,3.95
2026-09-11T11:42:51.382,1789107171.3827,757,-148,-1.9,308,3.95
2026-09-11T11:42:51.384,1789107171.3847,758,-167,-2.14,300,3.85
2026-09-11T11:42:51.391,1789107171.3920,759,42,0.54,300,3.85
2026-09-11T11:42:51.393,1789107171.3940,760,242,3.1,409,5.24
2026-09-11T11:42:51.405,1789107171.4052,761,-164,-2.1,409,5.24
2026-09-11T11:42:51.405,1789107171.4052,762,-151,-1.94,406,5.21
2026-09-11T11:42:51.410,1789107171.4102,763,29,0.37,406,5.21
2026-09-11T11:42:51.414,1789107171.4143,764,229,2.94,393,5.04
2026-09-11T11:42:51.420,1789107171.4203,765,-192,-2.46,421,5.4
2026-09-11T11:42:51.437,1789107171.4377,766,-159,-2.04,421,5.4
2026-09-11T11:42:51.441,1789107171.4418,767,46,0.59,421,5.4
2026-09-11T11:42:51.445,1789107171.4458,768,205,2.63,397,5.09
2026-09-11T11:42:51.448,1789107171.4489,769,-244,-3.13,449,5.76
2026-09-11T11:42:51.452,1789107171.4520,770,-155,-1.99,449,5.76
2026-09-11T11:42:51.461,1789107171.4611,771,46,0.59,449,5.76
2026-09-11T11:42:51.465,1789107171.4650,772,170,2.18,414,5.31
2026-09-11T11:42:51.468,1789107171.4681,773,-19,-0.24,325,4.17
2026-09-11T11:42:51.473,1789107171.4734,774,-174,-2.23,344,4.41
2026-09-11T11:42:51.476,1789107171.4761,775,39,0.5,344,4.41
2026-09-11T11:42:51.481,1789107171.4815,776,131,1.68,305,3.91
2026-09-11T11:42:51.483,1789107171.4838,777,-98,-1.26,305,3.91
2026-09-11T11:42:51.489,1789107171.4898,778,-176,-2.26,307,3.94
2026-09-11T11:42:51.490,1789107171.4908,779,45,0.58,307,3.94
2026-09-11T11:42:51.497,1789107171.4970,780,101,1.29,277,3.55
2026-09-11T11:42:51.507,1789107171.5073,781,-104,-1.33,277,3.55
2026-09-11T11:42:51.511,1789107171.5113,782,-303,-3.88,404,5.18
2026-09-11T11:42:51.512,1789107171.5123,783,126,1.62,429,5.5
2026-09-11T11:42:51.520,1789107171.5203,784,138,1.77,441,5.65
2026-09-11T11:42:51.521,1789107171.5217,785,-35,-0.45,441,5.65
2026-09-11T11:42:51.527,1789107171.5277,786,-195,-2.5,333,4.27
2026-09-11T11:42:51.534,1789107171.5340,787,298,3.82,493,6.32
2026-09-11T11:42:51.537,1789107171.5370,788,269,3.45,493,6.32
2026-09-11T11:42:51.541,1789107171.5410,789,80,1.03,493,6.32
2026-09-11T11:42:51.552,1789107171.5524,790,-41,-0.53,339,4.35
2026-09-11T11:42:51.556,1789107171.5564,791,196,2.51,310,3.97
2026-09-11T11:42:51.558,1789107171.5584,792,389,4.99,430,5.51
2026-09-11T11:42:51.564,1789107171.5644,793,151,1.94,430,5.51
2026-09-11T11:42:51.567,1789107171.5674,794,79,1.01,310,3.97
2026-09-11T11:42:51.572,1789107171.5726,795,291,3.73,310,3.97
2026-09-11T11:42:51.577,1789107171.5776,796,443,5.68,364,4.67
2026-09-11T11:42:51.579,1789107171.5796,797,198,2.54,364,4.67
2026-09-11T11:42:51.584,1789107171.5850,798,153,1.96,290,3.72
2026-09-11T11:42:51.591,1789107171.5913,799,344,4.41,290,3.72
2026-09-11T11:42:51.593,1789107171.5933,800,583,7.47,430,5.51
2026-09-11T11:42:51.613,1789107171.6140,801,151,1.94,432,5.54
2026-09-11T11:42:51.618,1789107171.6189,802,130,1.67,453,5.81
2026-09-11T11:42:51.623,1789107171.6232,803,310,3.97,453,5.81
2026-09-11T11:42:51.625,1789107171.6253,804,501,6.42,371,4.76
2026-09-11T11:42:51.629,1789107171.6292,805,61,0.78,440,5.64
2026-09-11T11:42:51.633,1789107171.6335,806,93,1.19,440,5.64
2026-09-11T11:42:51.638,1789107171.6385,807,293,3.76,440,5.64
2026-09-11T11:42:51.641,1789107171.6418,808,492,6.31,431,5.53
2026-09-11T11:42:51.645,1789107171.6458,809,80,1.03,412,5.28
2026-09-11T11:42:51.649,1789107171.6498,810,168,2.15,412,5.28
2026-09-11T11:42:51.659,1789107171.6591,811,383,4.91,412,5.28
2026-09-11T11:42:51.661,1789107171.6611,812,554,7.1,474,6.08
2026-09-11T11:42:51.664,1789107171.6641,813,388,4.97,386,4.95
2026-09-11T11:42:51.667,1789107171.6676,814,254,3.26,300,3.85
2026-09-11T11:42:51.673,1789107171.6734,815,437,5.6,300,3.85
2026-09-11T11:42:51.676,1789107171.6761,816,571,7.32,317,4.06
2026-09-11T11:42:51.682,1789107171.6821,817,353,4.53,317,4.06
2026-09-11T11:42:51.687,1789107171.6873,818,271,3.47,300,3.85
2026-09-11T11:42:51.689,1789107171.6893,819,474,6.08,300,3.85
2026-09-11T11:42:51.696,1789107171.6965,820,540,6.92,269,3.45
2026-09-11T11:42:51.707,1789107171.7077,821,346,4.44,269,3.45
2026-09-11T11:42:51.710,1789107171.7108,822,125,1.6,415,5.32
2026-09-11T11:42:51.713,1789107171.7138,823,523,6.71,415,5.32
2026-09-11T11:42:51.724,1789107171.7241,824,557,7.14,432,5.54
2026-09-11T11:42:51.725,1789107171.7252,825,351,4.5,432,5.54
2026-09-11T11:42:51.730,1789107171.7301,826,145,1.86,412,5.28
2026-09-11T11:42:51.731,1789107171.7311,827,567,7.27,422,5.41
2026-09-11T11:42:51.734,1789107171.7343,828,537,6.88,422,5.41
2026-09-11T11:42:51.741,1789107171.7416,829,327,4.19,422,5.41
2026-09-11T11:42:51.747,1789107171.7476,830,150,1.92,417,5.35
2026-09-11T11:42:51.752,1789107171.7530,831,337,4.32,387,4.96
2026-09-11T11:42:51.756,1789107171.7560,832,502,6.44,352,4.51
2026-09-11T11:42:51.759,1789107171.7590,833,268,3.44,352,4.51
2026-09-11T11:42:51.766,1789107171.7660,834,151,1.94,351,4.5
2026-09-11T11:42:51.769,1789107171.7690,835,362,4.64,351,4.5
2026-09-11T11:42:51.789,1789107171.7897,836,482,6.18,331,4.24
2026-09-11T11:42:51.794,1789107171.7949,837,237,3.04,331,4.24
2026-09-11T11:42:51.796,1789107171.7969,838,172,2.21,310,3.97
2026-09-11T11:42:51.799,1789107171.7999,839,383,4.91,310,3.97
2026-09-11T11:42:51.806,1789107171.8061,840,593,7.6,421,5.4
2026-09-11T11:42:51.815,1789107171.8156,841,225,2.88,421,5.4
2026-09-11T11:42:51.820,1789107171.8206,842,228,2.92,368,4.72
2026-09-11T11:42:51.824,1789107171.8249,843,407,5.22,368,4.72
2026-09-11T11:42:51.832,1789107171.8321,844,622,7.97,397,5.09
2026-09-11T11:42:51.834,1789107171.8341,845,229,2.94,394,5.05
2026-09-11T11:42:51.836,1789107171.8361,846,277,3.55,393,5.04
2026-09-11T11:42:51.840,1789107171.8401,847,467,5.99,393,5.04
2026-09-11T11:42:51.841,1789107171.8410,848,662,8.49,433,5.55
2026-09-11T11:42:51.843,1789107171.8432,849,241,3.09,421,5.4
2026-09-11T11:42:51.845,1789107171.8452,850,308,3.95,421,5.4
2026-09-11T11:42:51.855,1789107171.8554,851,499,6.4,421,5.4
2026-09-11T11:42:51.857,1789107171.8574,852,649,8.32,408,5.23
2026-09-11T11:42:51.864,1789107171.8644,853,470,6.03,341,4.37
2026-09-11T11:42:51.865,1789107171.8655,854,328,4.21,321,4.12
2026-09-11T11:42:51.873,1789107171.8734,855,526,6.74,321,4.12
2026-09-11T11:42:51.874,1789107171.8744,856,640,8.21,312,4.0
2026-09-11T11:42:51.881,1789107171.8816,857,446,5.72,312,4.0
2026-09-11T11:42:51.888,1789107171.8889,858,343,4.4,297,3.81
2026-09-11T11:42:51.892,1789107171.8922,859,538,6.9,297,3.81
2026-09-11T11:42:51.902,1789107171.9026,860,624,8.0,281,3.6
2026-09-11T11:42:51.907,1789107171.9076,861,393,5.04,281,3.6
2026-09-11T11:42:51.909,1789107171.9095,862,168,2.15,456,5.85
2026-09-11T11:42:51.912,1789107171.9129,863,518,6.64,456,5.85
2026-09-11T11:42:51.915,1789107171.9160,864,524,6.72,356,4.56
2026-09-11T11:42:51.925,1789107171.9252,865,302,3.87,356,4.56
2026-09-11T11:42:51.926,1789107171.9263,866,101,1.29,423,5.42
2026-09-11T11:42:51.931,1789107171.9313,867,463,5.94,423,5.42
2026-09-11T11:42:51.936,1789107171.9366,868,446,5.72,362,4.64
2026-09-11T11:42:51.938,1789107171.9385,869,200,2.56,362,4.64
2026-09-11T11:42:51.945,1789107171.9457,870,19,0.24,444,5.69
2026-09-11T11:42:51.965,1789107171.9652,871,215,2.76,427,5.47
2026-09-11T11:42:51.973,1789107171.9733,872,336,4.31,317,4.06
2026-09-11T11:42:51.974,1789107171.9743,873,67,0.86,317,4.06
2026-09-11T11:42:51.976,1789107171.9763,874,-65,-0.83,401,5.14
2026-09-11T11:42:51.979,1789107171.9793,875,119,1.53,401,5.14
2026-09-11T11:42:51.985,1789107171.9853,876,229,2.94,294,3.77
2026-09-11T11:42:51.988,1789107171.9883,877,-32,-0.41,294,3.77
2026-09-11T11:42:51.992,1789107171.9927,878,-103,-1.32,332,4.26
2026-09-11T11:42:51.996,1789107171.9967,879,121,1.55,332,4.26
2026-09-11T11:42:52.002,1789107172.0021,880,325,4.17,428,5.49
2026-09-11T11:42:52.011,1789107172.0117,881,-54,-0.69,428,5.49
2026-09-11T11:42:52.012,1789107172.0127,882,-69,-0.88,394,5.05
2026-09-11T11:42:52.015,1789107172.0157,883,143,1.83,394,5.05
2026-09-11T11:42:52.019,1789107172.0197,884,350,4.49,419,5.37
2026-09-11T11:42:52.020,1789107172.0207,885,-68,-0.87,419,5.37
2026-09-11T11:42:52.025,1789107172.0259,886,-59,-0.76,418,5.36
2026-09-11T11:42:52.029,1789107172.0299,887,153,1.96,418,5.36
2026-09-11T11:42:52.038,1789107172.0382,888,324,4.15,392,5.03
2026-09-11T11:42:52.041,1789107172.0412,889,-118,-1.51,442,5.67
2026-09-11T11:42:52.045,1789107172.0455,890,-61,-0.78,442,5.67
2026-09-11T11:42:52.055,1789107172.0558,891,143,1.83,442,5.67
2026-09-11T11:42:52.057,1789107172.0577,892,290,3.72,408,5.23
2026-09-11T11:42:52.064,1789107172.0647,893,77,0.99,351,4.5
2026-09-11T11:42:52.068,1789107172.0688,894,-74,-0.95,364,4.67
2026-09-11T11:42:52.078,1789107172.0780,895,130,1.67,364,4.67
2026-09-11T11:42:52.080,1789107172.0800,896,229,2.94,303,3.88
2026-09-11T11:42:52.084,1789107172.0842,897,13,0.17,303,3.88
2026-09-11T11:42:52.085,1789107172.0852,898,-99,-1.27,328,4.21
2026-09-11T11:42:52.094,1789107172.0945,899,102,1.31,328,4.21
2026-09-11T11:42:52.095,1789107172.0955,900,185,2.37,284,3.64
2026-09-11T11:42:52.106,1789107172.1068,901,-59,-0.76,284,3.64
2026-09-11T11:42:52.107,1789107172.1077,902,-271,-3.47,456,5.85
2026-09-11T11:42:52.110,1789107172.1109,903,82,1.05,456,5.85
2026-09-11T11:42:52.113,1789107172.1140,904,106,1.36,377,4.83
2026-09-11T11:42:52.121,1789107172.1213,905,-110,-1.41,377,4.83
2026-09-11T11:42:52.123,1789107172.1233,906,-310,-3.97,416,5.33
2026-09-11T11:42:52.142,1789107172.1429,907,80,1.03,416,5.33
2026-09-11T11:42:52.147,1789107172.1479,908,59,0.76,390,5.0
2026-09-11T11:42:52.149,1789107172.1499,909,-173,-2.22,390,5.0
2026-09-11T11:42:52.154,1789107172.1540,910,-336,-4.31,416,5.33
2026-09-11T11:42:52.163,1789107172.1630,911,-127,-1.63,395,5.06
2026-09-11T11:42:52.166,1789107172.1660,912,25,0.32,361,4.63
2026-09-11T11:42:52.170,1789107172.1700,913,-211,-2.71,361,4.63
2026-09-11T11:42:52.175,1789107172.1758,914,-350,-4.49,375,4.81
2026-09-11T11:42:52.176,1789107172.1768,915,-121,-1.55,375,4.81
2026-09-11T11:42:52.184,1789107172.1847,916,-8,-0.1,342,4.38
2026-09-11T11:42:52.187,1789107172.1877,917,-252,-3.23,342,4.38
2026-09-11T11:42:52.190,1789107172.1907,918,-335,-4.29,327,4.19
2026-09-11T11:42:52.193,1789107172.1938,919,-106,-1.36,327,4.19
2026-09-11T11:42:52.194,1789107172.1948,920,82,1.05,417,5.35
2026-09-11T11:42:52.206,1789107172.2067,921,-294,-3.77,417,5.35
2026-09-11T11:42:52.208,1789107172.2087,922,-309,-3.96,391,5.01
2026-09-11T11:42:52.212,1789107172.2130,923,-111,-1.42,391,5.01
2026-09-11T11:42:52.216,1789107172.2170,924,97,1.24,406,5.21
2026-09-11T11:42:52.222,1789107172.2221,925,-315,-4.04,412,5.28
2026-09-11T11:42:52.230,1789107172.2301,926,-306,-3.92,412,5.28
2026-09-11T11:42:52.232,1789107172.2323,927,-97,-1.24,412,5.28
2026-09-11T11:42:52.239,1789107172.2393,928,80,1.03,395,5.06
2026-09-11T11:42:52.240,1789107172.2403,929,-81,-1.04,386,4.95
2026-09-11T11:42:52.247,1789107172.2476,930,-287,-3.68,367,4.71
2026-09-11T11:42:52.260,1789107172.2608,931,-90,-1.15,367,4.71
2026-09-11T11:42:52.263,1789107172.2638,932,74,0.95,361,4.63
2026-09-11T11:42:52.266,1789107172.2668,933,-130,-1.67,361,4.63
2026-09-11T11:42:52.268,1789107172.2688,934,-280,-3.59,354,4.54
2026-09-11T11:42:52.274,1789107172.2741,935,-95,-1.22,354,4.54
2026-09-11T11:42:52.277,1789107172.2771,936,46,0.59,326,4.18
2026-09-11T11:42:52.284,1789107172.2841,937,-159,-2.04,326,4.18
2026-09-11T11:42:52.288,1789107172.2883,938,-272,-3.49,318,4.08
2026-09-11T11:42:52.291,1789107172.2913,939,-71,-0.91,318,4.08
2026-09-11T11:42:52.295,1789107172.2954,940,29,0.37,301,3.86
2026-09-11T11:42:52.301,1789107172.3018,941,-191,-2.45,301,3.86
2026-09-11T11:42:52.306,1789107172.3068,942,-414,-5.31,443,5.68
2026-09-11T11:42:52.309,1789107172.3098,943,-52,-0.67,443,5.68
2026-09-11T11:42:52.326,1789107172.3261,944,-12,-0.15,402,5.15
2026-09-11T11:42:52.330,1789107172.3301,945,-216,-2.77,402,5.15
2026-09-11T11:42:52.333,1789107172.3335,946,-415,-5.32,403,5.17
2026-09-11T11:42:52.335,1789107172.3355,947,-20,-0.26,403,5.17
2026-09-11T11:42:52.338,1789107172.3385,948,-20,-0.26,395,5.06
2026-09-11T11:42:52.343,1789107172.3435,949,-248,-3.18,395,5.06
2026-09-11T11:42:52.348,1789107172.3485,950,-415,-5.32,395,5.06
2026-09-11T11:42:52.356,1789107172.3567,951,-205,-2.63,395,5.06
2026-09-11T11:42:52.359,1789107172.3597,952,-37,-0.47,378,4.85
2026-09-11T11:42:52.363,1789107172.3637,953,-265,-3.4,378,4.85
2026-09-11T11:42:52.365,1789107172.3657,954,-407,-5.22,370,4.74
2026-09-11T11:42:52.373,1789107172.3732,955,-206,-2.64,370,4.74
2026-09-11T11:42:52.375,1789107172.3752,956,-57,-0.73,350,4.49
2026-09-11T11:42:52.380,1789107172.3802,957,-301,-3.86,350,4.49
2026-09-11T11:42:52.390,1789107172.3906,958,-400,-5.13,343,4.4
2026-09-11T11:42:52.391,1789107172.3916,959,-170,-2.18,343,4.4
2026-09-11T11:42:52.397,1789107172.3977,960,34,0.44,434,5.56
2026-09-11T11:42:52.407,1789107172.4071,961,-333,-4.27,434,5.56
2026-09-11T11:42:52.411,1789107172.4114,962,-392,-5.03,426,5.46
2026-09-11T11:42:52.413,1789107172.4134,963,-167,-2.14,426,5.46
2026-09-11T11:42:52.419,1789107172.4191,964,34,0.44,426,5.46
2026-09-11T11:42:52.421,1789107172.4211,965,-366,-4.69,426,5.46
2026-09-11T11:42:52.429,1789107172.4293,966,-348,-4.46,400,5.13
2026-09-11T11:42:52.431,1789107172.4313,967,-163,-2.09,400,5.13
2026-09-11T11:42:52.435,1789107172.4355,968,38,0.49,404,5.18
2026-09-11T11:42:52.441,1789107172.4417,969,-122,-1.56,386,4.95
2026-09-11T11:42:52.445,1789107172.4457,970,-352,-4.51,390,5.0
2026-09-11T11:42:52.455,1789107172.4559,971,-123,-1.58,390,5.0
2026-09-11T11:42:52.458,1789107172.4589,972,30,0.38,382,4.9
2026-09-11T11:42:52.463,1789107172.4638,973,-147,-1.88,382,4.9
2026-09-11T11:42:52.466,1789107172.4668,974,-312,-4.0,342,4.38
2026-09-11T11:42:52.473,1789107172.4731,975,-127,-1.63,342,4.38
2026-09-11T11:42:52.473,1789107172.4731,976,17,0.22,329,4.22
2026-09-11T11:42:52.479,1789107172.4791,977,-163,-2.09,329,4.22
2026-09-11T11:42:52.486,1789107172.4864,978,-289,-3.71,306,3.92
2026-09-11T11:42:52.488,1789107172.4884,979,-99,-1.27,306,3.92
2026-09-11T11:42:52.509,1789107172.5091,980,21,0.27,310,3.97
2026-09-11T11:42:52.514,1789107172.5146,981,-203,-2.6,310,3.97
2026-09-11T11:42:52.516,1789107172.5167,982,-418,-5.36,439,5.63
2026-09-11T11:42:52.519,1789107172.5196,983,-96,-1.23,439,5.63
2026-09-11T11:42:52.524,1789107172.5248,984,9,0.12,427,5.47
2026-09-11T11:42:52.527,1789107172.5278,985,-219,-2.81,427,5.47
2026-09-11T11:42:52.532,1789107172.5330,986,-426,-5.46,435,5.58
2026-09-11T11:42:52.535,1789107172.5360,987,-52,-0.67,435,5.58
2026-09-11T11:42:52.542,1789107172.5423,988,-28,-0.36,398,5.1
2026-09-11T11:42:52.545,1789107172.5453,989,-259,-3.32,398,5.1
2026-09-11T11:42:52.551,1789107172.5513,990,-434,-5.56,406,5.21
2026-09-11T11:42:52.555,1789107172.5554,991,-245,-3.14,406,5.21
2026-09-11T11:42:52.558,1789107172.5584,992,-64,-0.82,370,4.74
2026-09-11T11:42:52.564,1789107172.5644,993,-283,-3.63,370,4.74
2026-09-11T11:42:52.566,1789107172.5664,994,-434,-5.56,370,4.74
2026-09-11T11:42:52.571,1789107172.5718,995,-229,-2.94,370,4.74
2026-09-11T11:42:52.577,1789107172.5778,996,-84,-1.08,350,4.49
2026-09-11T11:42:52.580,1789107172.5808,997,-323,-4.14,350,4.49
2026-09-11T11:42:52.585,1789107172.5851,998,-446,-5.72,362,4.64
2026-09-11T11:42:52.594,1789107172.5944,999,-224,-2.87,362,4.64
2026-09-11T11:42:52.595,1789107172.5954,1000,-15,-0.19,431,5.53
2026-09-11T11:42:52.607,1789107172.6072,1001,-359,-4.6,431,5.53
2026-09-11T11:42:52.610,1789107172.6102,1002,-434,-5.56,419,5.37
2026-09-11T11:42:52.614,1789107172.6145,1003,-216,-2.77,419,5.37
2026-09-11T11:42:52.615,1789107172.6155,1004,-15,-0.19,419,5.37
2026-09-11T11:42:52.625,1789107172.6257,1005,-378,-4.85,419,5.37
2026-09-11T11:42:52.629,1789107172.6297,1006,-405,-5.19,390,5.0
2026-09-11T11:42:52.630,1789107172.6307,1007,-183,-2.35,390,5.0
2026-09-11T11:42:52.634,1789107172.6349,1008,-15,-0.19,390,5.0
2026-09-11T11:42:52.640,1789107172.6410,1009,-163,-2.09,390,5.0
2026-09-11T11:42:52.649,1789107172.6492,1010,-396,-5.08,381,4.88
2026-09-11T11:42:52.652,1789107172.6524,1011,-195,-2.5,381,4.88
2026-09-11T11:42:52.657,1789107172.6574,1012,-14,-0.18,382,4.9
2026-09-11T11:42:52.664,1789107172.6640,1013,-178,-2.28,382,4.9
2026-09-11T11:42:52.664,1789107172.6645,1014,-368,-4.72,354,4.54
2026-09-11T11:42:52.670,1789107172.6701,1015,-162,-2.08,354,4.54
2026-09-11T11:42:52.691,1789107172.6919,1016,-10,-0.13,358,4.59
2026-09-11T11:42:52.693,1789107172.6939,1017,-206,-2.64,358,4.59
2026-09-11T11:42:52.695,1789107172.6959,1018,-347,-4.45,337,4.32
2026-09-11T11:42:52.699,1789107172.6999,1019,-166,-2.13,337,4.32
2026-09-11T11:42:52.704,1789107172.7041,1020,-25,-0.32,322,4.13
2026-09-11T11:42:52.711,1789107172.7116,1021,-221,-2.83,322,4.13
2026-09-11T11:42:52.714,1789107172.7147,1022,-456,-5.85,431,5.53
2026-09-11T11:42:52.718,1789107172.7187,1023,-125,-1.6,431,5.53
2026-09-11T11:42:52.722,1789107172.7228,1024,-48,-0.62,408,5.23
2026-09-11T11:42:52.729,1789107172.7298,1025,-256,-3.28,408,5.23
2026-09-11T11:42:52.730,1789107172.7308,1026,-463,-5.94,415,5.32
2026-09-11T11:42:52.731,1789107172.7320,1027,-108,-1.38,415,5.32
2026-09-11T11:42:52.734,1789107172.7350,1028,-60,-0.77,403,5.17
2026-09-11T11:42:52.741,1789107172.7414,1029,-264,-3.38,403,5.17
2026-09-11T11:42:52.750,1789107172.7505,1030,-459,-5.88,399,5.12
2026-09-11T11:42:52.753,1789107172.7537,1031,-265,-3.4,399,5.12
2026-09-11T11:42:52.758,1789107172.7587,1032,-84,-1.08,375,4.81
2026-09-11T11:42:52.763,1789107172.7637,1033,-279,-3.58,375,4.81
2026-09-11T11:42:52.767,1789107172.7677,1034,-458,-5.87,374,4.79
2026-09-11T11:42:52.771,1789107172.7717,1035,-256,-3.28,374,4.79
2026-09-11T11:42:52.777,1789107172.7778,1036,-83,-1.06,375,4.81
2026-09-11T11:42:52.778,1789107172.7788,1037,-307,-3.94,375,4.81
2026-09-11T11:42:52.789,1789107172.7890,1038,-442,-5.67,359,4.6
2026-09-11T11:42:52.790,1789107172.7900,1039,-224,-2.87,359,4.6
2026-09-11T11:42:52.800,1789107172.8002,1040,-23,-0.29,419,5.37
2026-09-11T11:42:52.806,1789107172.8064,1041,-339,-4.35,419,5.37
2026-09-11T11:42:52.807,1789107172.8074,1042,-425,-5.45,402,5.15
2026-09-11T11:42:52.813,1789107172.8139,1043,-224,-2.87,402,5.15
2026-09-11T11:42:52.820,1789107172.8208,1044,-15,-0.19,410,5.26
2026-09-11T11:42:52.821,1789107172.8218,1045,-366,-4.69,410,5.26
2026-09-11T11:42:52.826,1789107172.8270,1046,-413,-5.29,398,5.1
2026-09-11T11:42:52.831,1789107172.8311,1047,-207,-2.65,398,5.1
2026-09-11T11:42:52.833,1789107172.8334,1048,-38,-0.49,375,4.81
2026-09-11T11:42:52.840,1789107172.8404,1049,-150,-1.92,375,4.81
2026-09-11T11:42:52.846,1789107172.8466,1050,-412,-5.28,374,4.79
2026-09-11T11:42:52.863,1789107172.8639,1051,-194,-2.49,374,4.79
2026-09-11T11:42:52.867,1789107172.8679,1052,-18,-0.23,394,5.05
2026-09-11T11:42:52.872,1789107172.8723,1053,-174,-2.23,394,5.05
2026-09-11T11:42:52.873,1789107172.8733,1054,-375,-4.81,357,4.58
2026-09-11T11:42:52.876,1789107172.8763,1055,-174,-2.23,357,4.58
2026-09-11T11:42:52.879,1789107172.8793,1056,-13,-0.17,362,4.64
2026-09-11T11:42:52.885,1789107172.8855,1057,-197,-2.53,362,4.64
2026-09-11T11:42:52.889,1789107172.8895,1058,-343,-4.4,330,4.23
2026-09-11T11:42:52.892,1789107172.8927,1059,-153,-1.96,330,4.23
2026-09-11T11:42:52.899,1789107172.8997,1060,-29,-0.37,314,4.03
2026-09-11T11:42:52.908,1789107172.9090,1061,-200,-2.56,314,4.03
2026-09-11T11:42:52.912,1789107172.9125,1062,-452,-5.79,423,5.42
2026-09-11T11:42:52.916,1789107172.9165,1063,-125,-1.6,423,5.42
2026-09-11T11:42:52.918,1789107172.9185,1064,-32,-0.41,420,5.38
2026-09-11T11:42:52.920,1789107172.9205,1065,-244,-3.13,420,5.38
2026-09-11T11:42:52.925,1789107172.9258,1066,-467,-5.99,435,5.58
2026-09-11T11:42:52.931,1789107172.9311,1067,-104,-1.33,435,5.58
2026-09-11T11:42:52.935,1789107172.9351,1068,-56,-0.72,411,5.27
2026-09-11T11:42:52.942,1789107172.9424,1069,-251,-3.22,411,5.27
2026-09-11T11:42:52.946,1789107172.9464,1070,-454,-5.82,398,5.1
2026-09-11T11:42:52.957,1789107172.9575,1071,-293,-3.76,398,5.1
2026-09-11T11:42:52.959,1789107172.9595,1072,-71,-0.91,383,4.91
2026-09-11T11:42:52.961,1789107172.9615,1073,-275,-3.53,383,4.91
2026-09-11T11:42:52.965,1789107172.9655,1074,-462,-5.92,391,5.01
2026-09-11T11:42:52.978,1789107172.9788,1075,-288,-3.69,391,5.01
2026-09-11T11:42:52.981,1789107172.9820,1076,-186,-2.38,276,3.54
2026-09-11T11:42:52.985,1789107172.9850,1077,-494,-6.33,308,3.95
2026-09-11T11:42:52.986,1789107172.9870,1078,-1828,-23.44,1642,21.05
2026-09-11T11:42:52.989,1789107172.9900,1079,-3525,-45.19,3339,42.81
2026-09-11T11:42:52.996,1789107172.9961,1080,-4171,-53.47,3677,47.14
2026-09-11T11:42:53.006,1789107173.0064,1081,-3019,-38.71,2343,30.04
2026-09-11T11:42:53.008,1789107173.0084,1082,-2536,-32.51,1635,20.96
2026-09-11T11:42:53.011,1789107173.0120,1083,-3090,-39.62,1635,20.96
2026-09-11T11:42:53.013,1789107173.0140,1084,-3530,-45.26,994,12.74
2026-09-11T11:42:53.020,1789107173.0210,1085,-2028,-26.0,1502,19.26
2026-09-11T11:42:53.025,1789107173.0252,1086,-1668,-21.38,1862,23.87
2026-09-11T11:42:53.043,1789107173.0438,1087,-2238,-28.69,1862,23.87
2026-09-11T11:42:53.049,1789107173.0498,1088,-2689,-34.47,1021,13.09
2026-09-11T11:42:53.051,1789107173.0513,1089,-2134,-27.36,1021,13.09
2026-09-11T11:42:53.054,1789107173.0543,1090,-986,-12.64,1703,21.83
2026-09-11T11:42:53.063,1789107173.0633,1091,-1566,-20.08,1703,21.83
2026-09-11T11:42:53.069,1789107173.0693,1092,-2040,-26.15,1148,14.72
2026-09-11T11:42:53.072,1789107173.0726,1093,-1444,-18.51,1054,13.51
2026-09-11T11:42:53.077,1789107173.0776,1094,-520,-6.67,1520,19.49
2026-09-11T11:42:53.083,1789107173.0839,1095,-1114,-14.28,1520,19.49
2026-09-11T11:42:53.085,1789107173.0855,1096,-1622,-20.79,1102,14.13
2026-09-11T11:42:53.087,1789107173.0871,1097,-956,-12.26,1102,14.13
2026-09-11T11:42:53.090,1789107173.0908,1098,-264,-3.38,1358,17.41
2026-09-11T11:42:53.094,1789107173.0945,1099,-887,-11.37,1358,17.41
2026-09-11T11:42:53.095,1789107173.0955,1100,-1339,-17.17,1075,13.78
2026-09-11T11:42:53.107,1789107173.1079,1101,-654,-8.38,1075,13.78
2026-09-11T11:42:53.110,1789107173.1104,1102,189,2.42,1528,19.59
2026-09-11T11:42:53.115,1789107173.1154,1103,-823,-10.55,1528,19.59
2026-09-11T11:42:53.118,1789107173.1184,1104,-1192,-15.28,1381,17.71
2026-09-11T11:42:53.119,1789107173.1194,1105,-488,-6.26,1381,17.71
2026-09-11T11:42:53.128,1789107173.1287,1106,270,3.46,1462,18.74
2026-09-11T11:42:53.129,1789107173.1297,1107,-834,-10.69,1462,18.74
2026-09-11T11:42:53.136,1789107173.1370,1108,-1071,-13.73,1341,17.19
2026-09-11T11:42:53.145,1789107173.1453,1109,-367,-4.71,1341,17.19
2026-09-11T11:42:53.148,1789107173.1483,1110,311,3.99,1382,17.72
2026-09-11T11:42:53.160,1789107173.1606,1111,-230,-2.95,1382,17.72
2026-09-11T11:42:53.163,1789107173.1636,1112,-918,-11.77,1229,15.76
2026-09-11T11:42:53.166,1789107173.1666,1113,-246,-3.15,1229,15.76
2026-09-11T11:42:53.167,1789107173.1676,1114,250,3.21,1168,14.97
2026-09-11T11:42:53.171,1789107173.1717,1115,-271,-3.47,1168,14.97
2026-09-11T11:42:53.177,1789107173.1777,1116,-479,-6.14,729,9.35
2026-09-11T11:42:53.181,1789107173.1819,1117,95,1.22,729,9.35
2026-09-11T11:42:53.184,1789107173.1849,1118,187,2.4,666,8.54
2026-09-11T11:42:53.190,1789107173.1909,1119,234,3.0,713,9.14
2026-09-11T11:42:53.193,1789107173.1931,1120,453,5.81,358,4.59
2026-09-11T11:42:53.204,1789107173.2046,1121,369,4.73,266,3.41
2026-09-11T11:42:53.206,1789107173.2063,1122,280,3.59,219,2.81
2026-09-11T11:42:53.221,1789107173.2217,1123,479,6.14,199,2.55
2026-09-11T11:42:53.226,1789107173.2264,1124,697,8.94,417,5.35
2026-09-11T11:42:53.230,1789107173.2305,1125,380,4.87,417,5.35
2026-09-11T11:42:53.232,1789107173.2328,1126,302,3.87,395,5.06
2026-09-11T11:42:53.234,1789107173.2348,1127,505,6.47,395,5.06
2026-09-11T11:42:53.237,1789107173.2378,1128,695,8.91,393,5.04
2026-09-11T11:42:53.243,1789107173.2431,1129,576,7.38,393,5.04
2026-09-11T11:42:53.247,1789107173.2471,1130,269,3.45,426,5.46
2026-09-11T11:42:53.261,1789107173.2616,1131,476,6.1,426,5.46
2026-09-11T11:42:53.262,1789107173.2626,1132,658,8.44,389,4.99
2026-09-11T11:42:53.265,1789107173.2658,1133,492,6.31,389,4.99
2026-09-11T11:42:53.269,1789107173.2698,1134,237,3.04,421,5.4
2026-09-11T11:42:53.270,1789107173.2708,1135,432,5.54,421,5.4
2026-09-11T11:42:53.274,1789107173.2740,1136,618,7.92,381,4.88
2026-09-11T11:42:53.282,1789107173.2822,1137,440,5.64,381,4.88
2026-09-11T11:42:53.289,1789107173.2892,1138,225,2.88,393,5.04
2026-09-11T11:42:53.291,1789107173.2916,1139,412,5.28,393,5.04
2026-09-11T11:42:53.297,1789107173.2977,1140,575,7.37,350,4.49
2026-09-11T11:42:53.307,1789107173.3078,1141,365,4.68,350,4.49
2026-09-11T11:42:53.308,1789107173.3088,1142,107,1.37,468,6.0
2026-09-11T11:42:53.315,1789107173.3153,1143,386,4.95,468,6.0
2026-09-11T11:42:53.318,1789107173.3183,1144,516,6.62,409,5.24
2026-09-11T11:42:53.323,1789107173.3236,1145,294,3.77,409,5.24
2026-09-11T11:42:53.331,1789107173.3318,1146,49,0.63,467,5.99
2026-09-11T11:42:53.333,1789107173.3338,1147,376,4.82,467,5.99
2026-09-11T11:42:53.336,1789107173.3368,1148,463,5.94,414,5.31
2026-09-11T11:42:53.339,1789107173.3398,1149,249,3.19,414,5.31
2026-09-11T11:42:53.345,1789107173.3460,1150,24,0.31,439,5.63
2026-09-11T11:42:53.358,1789107173.3582,1151,176,2.26,439,5.63
2026-09-11T11:42:53.358,1789107173.3582,1152,426,5.46,402,5.15
2026-09-11T11:42:53.362,1789107173.3622,1153,204,2.62,402,5.15
2026-09-11T11:42:53.368,1789107173.3682,1154,-13,-0.17,439,5.63
2026-09-11T11:42:53.370,1789107173.3702,1155,167,2.14,439,5.63
2026-09-11T11:42:53.375,1789107173.3756,1156,373,4.78,386,4.95
2026-09-11T11:42:53.394,1789107173.3945,1157,148,1.9,386,4.95
2026-09-11T11:42:53.400,1789107173.4005,1158,-37,-0.47,410,5.26
2026-09-11T11:42:53.402,1789107173.4027,1159,163,2.09,410,5.26
2026-09-11T11:42:53.406,1789107173.4067,1160,387,4.96,424,5.44
2026-09-11T11:42:53.416,1789107173.4163,1161,88,1.13,424,5.44
2026-09-11T11:42:53.419,1789107173.4192,1162,-52,-0.67,439,5.63
2026-09-11T11:42:53.424,1789107173.4241,1163,160,2.05,439,5.63
2026-09-11T11:42:53.425,1789107173.4252,1164,375,4.81,427,5.47
2026-09-11T11:42:53.432,1789107173.4325,1165,29,0.37,427,5.47
2026-09-11T11:42:53.433,1789107173.4335,1166,-47,-0.6,422,5.41
2026-09-11T11:42:53.437,1789107173.4375,1167,157,2.01,422,5.41
2026-09-11T11:42:53.440,1789107173.4405,1168,368,4.72,415,5.32
2026-09-11T11:42:53.442,1789107173.4428,1169,251,3.22,415,5.32
2026-09-11T11:42:53.444,1789107173.4448,1170,-70,-0.9,438,5.62
2026-09-11T11:42:53.456,1789107173.4560,1171,142,1.82,438,5.62
2026-09-11T11:42:53.459,1789107173.4590,1172,341,4.37,411,5.27
2026-09-11T11:42:53.463,1789107173.4630,1173,200,2.56,411,5.27
2026-09-11T11:42:53.464,1789107173.4640,1174,-64,-0.82,405,5.19
2026-09-11T11:42:53.472,1789107173.4727,1175,140,1.79,405,5.19
2026-09-11T11:42:53.479,1789107173.4796,1176,331,4.24,395,5.06
2026-09-11T11:42:53.481,1789107173.4818,1177,170,2.18,395,5.06
2026-09-11T11:42:53.489,1789107173.4900,1178,-54,-0.69,385,4.94
2026-09-11T11:42:53.493,1789107173.4934,1179,142,1.82,385,4.94
2026-09-11T11:42:53.495,1789107173.4950,1180,309,3.96,363,4.65
2026-09-11T11:42:53.506,1789107173.5062,1181,120,1.54,363,4.65
2026-09-11T11:42:53.510,1789107173.5102,1182,-132,-1.69,441,5.65
2026-09-11T11:42:53.512,1789107173.5125,1183,152,1.95,441,5.65
2026-09-11T11:42:53.516,1789107173.5165,1184,280,3.59,412,5.28
2026-09-11T11:42:53.522,1789107173.5226,1185,87,1.12,412,5.28
2026-09-11T11:42:53.525,1789107173.5256,1186,-154,-1.97,434,5.56
2026-09-11T11:42:53.531,1789107173.5318,1187,167,2.14,434,5.56
2026-09-11T11:42:53.535,1789107173.5358,1188,270,3.46,424,5.44
2026-09-11T11:42:53.538,1789107173.5388,1189,49,0.63,424,5.44
2026-09-11T11:42:53.545,1789107173.5453,1190,-167,-2.14,437,5.6
2026-09-11T11:42:53.565,1789107173.5656,1191,-18,-0.23,437,5.6
2026-09-11T11:42:53.572,1789107173.5728,1192,241,3.09,408,5.23
2026-09-11T11:42:53.573,1789107173.5738,1193,16,0.21,408,5.23
2026-09-11T11:42:53.575,1789107173.5758,1194,-184,-2.36,425,5.45
2026-09-11T11:42:53.579,1789107173.5798,1195,-27,-0.35,425,5.45
2026-09-11T11:42:53.583,1789107173.5840,1196,204,2.62,388,4.97
2026-09-11T11:42:53.589,1789107173.5890,1197,-5,-0.06,388,4.97
2026-09-11T11:42:53.593,1789107173.5933,1198,-196,-2.51,400,5.13
2026-09-11T11:42:53.597,1789107173.5973,1199,4,0.05,400,5.13
2026-09-11T11:42:53.604,1789107173.6046,1200,200,2.56,396,5.08
2026-09-11T11:42:53.607,1789107173.6076,1201,-53,-0.68,396,5.08
2026-09-11T11:42:53.611,1789107173.6111,1202,-209,-2.68,409,5.24
2026-09-11T11:42:53.614,1789107173.6141,1203,16,0.21,409,5.24
2026-09-11T11:42:53.616,1789107173.6161,1204,220,2.82,429,5.5
2026-09-11T11:42:53.619,1789107173.6191,1205,-90,-1.15,429,5.5
2026-09-11T11:42:53.627,1789107173.6273,1206,-197,-2.53,417,5.35
2026-09-11T11:42:53.634,1789107173.6346,1207,7,0.09,417,5.35
2026-09-11T11:42:53.636,1789107173.6366,1208,223,2.86,420,5.38
2026-09-11T11:42:53.644,1789107173.6441,1209,130,1.67,420,5.38
2026-09-11T11:42:53.647,1789107173.6471,1210,-198,-2.54,421,5.4
2026-09-11T11:42:53.655,1789107173.6555,1211,27,0.35,421,5.4
2026-09-11T11:42:53.657,1789107173.6575,1212,223,2.86,421,5.4
2026-09-11T11:42:53.660,1789107173.6605,1213,94,1.21,421,5.4
2026-09-11T11:42:53.669,1789107173.6690,1214,-173,-2.22,396,5.08
2026-09-11T11:42:53.671,1789107173.6710,1215,31,0.4,396,5.08
2026-09-11T11:42:53.679,1789107173.6792,1216,227,2.91,400,5.13
2026-09-11T11:42:53.683,1789107173.6833,1217,70,0.9,400,5.13
2026-09-11T11:42:53.685,1789107173.6854,1218,-161,-2.06,388,4.97
2026-09-11T11:42:53.692,1789107173.6923,1219,51,0.65,388,4.97
2026-09-11T11:42:53.694,1789107173.6949,1220,215,2.76,376,4.82
2026-09-11T11:42:53.705,1789107173.7052,1221,38,0.49,376,4.82
2026-09-11T11:42:53.706,1789107173.7062,1222,-218,-2.79,433,5.55
2026-09-11T11:42:53.710,1789107173.7107,1223,64,0.82,433,5.55
2026-09-11T11:42:53.713,1789107173.7137,1224,211,2.71,429,5.5
2026-09-11T11:42:53.719,1789107173.7197,1225,7,0.09,429,5.5
2026-09-11T11:42:53.734,1789107173.7343,1226,-234,-3.0,445,5.71
2026-09-11T11:42:53.742,1789107173.7425,1227,72,0.92,445,5.71
2026-09-11T11:42:53.748,1789107173.7486,1228,188,2.41,422,5.41
2026-09-11T11:42:53.749,1789107173.7496,1229,-17,-0.22,422,5.41
2026-09-11T11:42:53.751,1789107173.7510,1230,-265,-3.4,453,5.81
2026-09-11T11:42:53.756,1789107173.7563,1231,-116,-1.49,453,5.81
2026-09-11T11:42:53.760,1789107173.7602,1232,164,2.1,429,5.5
2026-09-11T11:42:53.763,1789107173.7632,1233,-57,-0.73,429,5.5
2026-09-11T11:42:53.767,1789107173.7673,1234,-280,-3.59,444,5.69
2026-09-11T11:42:53.773,1789107173.7735,1235,-111,-1.42,444,5.69
2026-09-11T11:42:53.775,1789107173.7755,1236,137,1.76,417,5.35
2026-09-11T11:42:53.781,1789107173.7818,1237,-84,-1.08,417,5.35
2026-09-11T11:42:53.788,1789107173.7888,1238,-283,-3.63,420,5.38
2026-09-11T11:42:53.789,1789107173.7898,1239,-110,-1.41,420,5.38
2026-09-11T11:42:53.798,1789107173.7990,1240,118,1.51,401,5.14
2026-09-11T11:42:53.807,1789107173.8073,1241,-111,-1.42,401,5.14
2026-09-11T11:42:53.809,1789107173.8093,1242,-286,-3.67,404,5.18
2026-09-11T11:42:53.813,1789107173.8138,1243,-81,-1.04,404,5.18
2026-09-11T11:42:53.819,1789107173.8198,1244,143,1.83,429,5.5
2026-09-11T11:42:53.820,1789107173.8208,1245,-154,-1.97,429,5.5
2026-09-11T11:42:53.829,1789107173.8290,1246,-281,-3.6,424,5.44
2026-09-11T11:42:53.834,1789107173.8344,1247,-68,-0.87,424,5.44
2026-09-11T11:42:53.836,1789107173.8364,1248,132,1.69,413,5.29
2026-09-11T11:42:53.841,1789107173.8414,1249,56,0.72,413,5.29
2026-09-11T11:42:53.850,1789107173.8507,1250,-276,-3.54,408,5.23
2026-09-11T11:42:53.856,1789107173.8569,1251,-51,-0.65,408,5.23
2026-09-11T11:42:53.858,1789107173.8589,1252,157,2.01,433,5.55
2026-09-11T11:42:53.864,1789107173.8649,1253,29,0.37,433,5.55
2026-09-11T11:42:53.867,1789107173.8679,1254,-254,-3.26,411,5.27
2026-09-11T11:42:53.872,1789107173.8723,1255,-29,-0.37,411,5.27
2026-09-11T11:42:53.878,1789107173.8782,1256,163,2.09,417,5.35
2026-09-11T11:42:53.879,1789107173.8793,1257,10,0.13,417,5.35
2026-09-11T11:42:53.885,1789107173.8854,1258,-249,-3.19,412,5.28
2026-09-11T11:42:53.891,1789107173.8915,1259,-28,-0.36,412,5.28
2026-09-11T11:42:53.893,1789107173.8939,1260,152,1.95,401,5.14
2026-09-11T11:42:53.916,1789107173.9166,1261,-5,-0.06,401,5.14
2026-09-11T11:42:53.921,1789107173.9216,1262,-265,-3.4,417,5.35
2026-09-11T11:42:53.923,1789107173.9238,1263,-7,-0.09,417,5.35
2026-09-11T11:42:53.927,1789107173.9278,1264,157,2.01,422,5.41
2026-09-11T11:42:53.932,1789107173.9330,1265,-27,-0.35,422,5.41
2026-09-11T11:42:53.937,1789107173.9380,1266,-271,-3.47,428,5.49
2026-09-11T11:42:53.941,1789107173.9410,1267,7,0.09,428,5.49
2026-09-11T11:42:53.944,1789107173.9444,1268,167,2.14,438,5.62
2026-09-11T11:42:53.951,1789107173.9514,1269,-46,-0.59,438,5.62
2026-09-11T11:42:53.952,1789107173.9527,1270,-286,-3.67,453,5.81
2026-09-11T11:42:53.957,1789107173.9577,1271,-157,-2.01,453,5.81
2026-09-11T11:42:53.959,1789107173.9597,1272,144,1.85,430,5.51
2026-09-11T11:42:53.962,1789107173.9627,1273,-65,-0.83,430,5.51
2026-09-11T11:42:53.968,1789107173.9687,1274,-281,-3.6,425,5.45
2026-09-11T11:42:53.970,1789107173.9707,1275,-136,-1.74,425,5.45
2026-09-11T11:42:53.977,1789107173.9778,1276,121,1.55,402,5.15
2026-09-11T11:42:53.982,1789107173.9830,1277,-96,-1.23,402,5.15
2026-09-11T11:42:53.985,1789107173.9860,1278,-291,-3.73,412,5.28
2026-09-11T11:42:53.993,1789107173.9931,1279,-118,-1.51,412,5.28
2026-09-11T11:42:53.996,1789107173.9961,1280,98,1.26,389,4.99
2026-09-11T11:42:54.006,1789107174.0064,1281,-115,-1.47,389,4.99
2026-09-11T11:42:54.008,1789107174.0083,1282,-302,-3.87,400,5.13
2026-09-11T11:42:54.017,1789107174.0176,1283,-93,-1.19,400,5.13
2026-09-11T11:42:54.020,1789107174.0206,1284,123,1.58,425,5.45
2026-09-11T11:42:54.023,1789107174.0238,1285,-149,-1.91,425,5.45
2026-09-11T11:42:54.029,1789107174.0298,1286,-285,-3.65,408,5.23
2026-09-11T11:42:54.031,1789107174.0320,1287,-72,-0.92,408,5.23
2026-09-11T11:42:54.035,1789107174.0360,1288,133,1.71,418,5.36
2026-09-11T11:42:54.044,1789107174.0442,1289,72,0.92,418,5.36
2026-09-11T11:42:54.047,1789107174.0472,1290,-264,-3.38,397,5.09
2026-09-11T11:42:54.055,1789107174.0556,1291,-38,-0.49,397,5.09
2026-09-11T11:42:54.056,1789107174.0566,1292,150,1.92,414,5.31
2026-09-11T11:42:54.060,1789107174.0606,1293,37,0.47,414,5.31
2026-09-11T11:42:54.064,1789107174.0646,1294,-682,-8.74,832,10.67
2026-09-11T11:42:54.082,1789107174.0822,1295,-947,-12.14,1097,14.06
2026-09-11T11:42:54.088,1789107174.0882,1296,-1288,-16.51,1325,16.99
2026-09-11T11:42:54.090,1789107174.0902,1297,-1175,-15.06,606,7.77
2026-09-11T11:42:54.094,1789107174.0944,1298,-663,-8.5,625,8.01
2026-09-11T11:42:54.096,1789107174.0963,1299,-901,-11.55,625,8.01
2026-09-11T11:42:54.101,1789107174.1014,1300,-1069,-13.71,512,6.56
2026-09-11T11:42:54.112,1789107174.1121,1301,-773,-9.91,406,5.21
2026-09-11T11:42:54.114,1789107174.1141,1302,-334,-4.28,735,9.42
2026-09-11T11:42:54.121,1789107174.1211,1303,-655,-8.4,735,9.42
2026-09-11T11:42:54.123,1789107174.1233,1304,-813,-10.42,479,6.14
2026-09-11T11:42:54.125,1789107174.1253,1305,-426,-5.46,479,6.14
2026-09-11T11:42:54.129,1789107174.1293,1306,-16,-0.21,797,10.22
2026-09-11T11:42:54.130,1789107174.1303,1307,-367,-4.71,797,10.22
2026-09-11T11:42:54.136,1789107174.1366,1308,-514,-6.59,498,6.38
2026-09-11T11:42:54.138,1789107174.1385,1309,-172,-2.21,498,6.38
2026-09-11T11:42:54.148,1789107174.1488,1310,149,1.91,663,8.5
2026-09-11T11:42:54.157,1789107174.1575,1311,-20,-0.26,663,8.5
2026-09-11T11:42:54.162,1789107174.1625,1312,-259,-3.32,408,5.23
2026-09-11T11:42:54.164,1789107174.1645,1313,14,0.18,408,5.23
2026-09-11T11:42:54.165,1789107174.1656,1314,182,2.33,441,5.65
2026-09-11T11:42:54.172,1789107174.1728,1315,21,0.27,441,5.65
2026-09-11T11:42:54.173,1789107174.1738,1316,-70,-0.9,252,3.23
2026-09-11T11:42:54.183,1789107174.1830,1317,50,0.64,252,3.23
2026-09-11T11:42:54.193,1789107174.1933,1318,82,1.05,152,1.95
2026-09-11T11:42:54.197,1789107174.1973,1319,13,0.17,152,1.95
2026-09-11T11:42:54.199,1789107174.1993,1320,37,0.47,69,0.88
2026-09-11T11:42:54.206,1789107174.2065,1321,125,1.6,112,1.44
2026-09-11T11:42:54.208,1789107174.2085,1322,24,0.31,112,1.44
2026-09-11T11:42:54.215,1789107174.2151,1323,136,1.74,112,1.44
2026-09-11T11:42:54.216,1789107174.2160,1324,332,4.26,308,3.95
2026-09-11T11:42:54.222,1789107174.2222,1325,121,1.55,308,3.95
2026-09-11T11:42:54.224,1789107174.2242,1326,-48,-0.62,380,4.87
2026-09-11T11:42:54.230,1789107174.2302,1327,145,1.86,380,4.87
2026-09-11T11:42:54.236,1789107174.2364,1328,352,4.51,400,5.13
2026-09-11T11:42:54.239,1789107174.2394,1329,279,3.58,400,5.13
2026-09-11T11:42:54.255,1789107174.2560,1330,-106,-1.36,458,5.87
2026-09-11T11:42:54.265,1789107174.2650,1331,106,1.36,458,5.87
2026-09-11T11:42:54.267,1789107174.2670,1332,310,3.97,416,5.33
2026-09-11T11:42:54.271,1789107174.2710,1333,208,2.67,416,5.33
2026-09-11T11:42:54.276,1789107174.2762,1334,-128,-1.64,438,5.62
2026-09-11T11:42:54.280,1789107174.2802,1335,96,1.23,438,5.62
2026-09-11T11:42:54.282,1789107174.2824,1336,292,3.74,420,5.38
2026-09-11T11:42:54.284,1789107174.2844,1337,151,1.94,420,5.38
2026-09-11T11:42:54.288,1789107174.2884,1338,-133,-1.71,425,5.45
2026-09-11T11:42:54.296,1789107174.2967,1339,79,1.01,425,5.45
2026-09-11T11:42:54.298,1789107174.2982,1340,275,3.53,408,5.23
2026-09-11T11:42:54.305,1789107174.3056,1341,122,1.56,408,5.23
2026-09-11T11:42:54.307,1789107174.3076,1342,-139,-1.78,414,5.31
2026-09-11T11:42:54.313,1789107174.3137,1343,78,1.0,414,5.31
2026-09-11T11:42:54.315,1789107174.3157,1344,262,3.36,401,5.14
2026-09-11T11:42:54.322,1789107174.3229,1345,77,0.99,401,5.14
2026-09-11T11:42:54.329,1789107174.3300,1346,-184,-2.36,446,5.72
2026-09-11T11:42:54.334,1789107174.3343,1347,94,1.21,446,5.72
2026-09-11T11:42:54.335,1789107174.3353,1348,241,3.09,425,5.45
2026-09-11T11:42:54.342,1789107174.3426,1349,48,0.62,425,5.45
2026-09-11T11:42:54.344,1789107174.3445,1350,-200,-2.56,441,5.65
2026-09-11T11:42:54.356,1789107174.3568,1351,-99,-1.27,441,5.65
2026-09-11T11:42:54.363,1789107174.3639,1352,237,3.04,437,5.6
2026-09-11T11:42:54.365,1789107174.3658,1353,28,0.36,437,5.6
2026-09-11T11:42:54.369,1789107174.3698,1354,-204,-2.62,441,5.65
2026-09-11T11:42:54.370,1789107174.3708,1355,-63,-0.81,441,5.65
2026-09-11T11:42:54.379,1789107174.3791,1356,228,2.92,432,5.54
2026-09-11T11:42:54.381,1789107174.3811,1357,-4,-0.05,432,5.54
2026-09-11T11:42:54.388,1789107174.3883,1358,-204,-2.62,432,5.54
2026-09-11T11:42:54.391,1789107174.3916,1359,-48,-0.62,432,5.54
2026-09-11T11:42:54.393,1789107174.3936,1360,161,2.06,365,4.68
2026-09-11T11:42:54.405,1789107174.4058,1361,-13,-0.17,365,4.68
2026-09-11T11:42:54.405,1789107174.4058,1362,-209,-2.68,370,4.74
2026-09-11T11:42:54.411,1789107174.4118,1363,-16,-0.21,370,4.74
2026-09-11T11:42:54.421,1789107174.4216,1364,188,2.41,397,5.09
2026-09-11T11:42:54.428,1789107174.4288,1365,-45,-0.58,397,5.09
2026-09-11T11:42:54.434,1789107174.4340,1366,-205,-2.63,393,5.04
2026-09-11T11:42:54.435,1789107174.4351,1367,-16,-0.21,393,5.04
2026-09-11T11:42:54.437,1789107174.4370,1368,212,2.72,417,5.35
2026-09-11T11:42:54.440,1789107174.4401,1369,155,1.99,417,5.35
2026-09-11T11:42:54.449,1789107174.4492,1370,-214,-2.74,426,5.46
2026-09-11T11:42:54.457,1789107174.4574,1371,23,0.29,426,5.46
2026-09-11T11:42:54.463,1789107174.4634,1372,231,2.96,445,5.71
2026-09-11T11:42:54.465,1789107174.4654,1373,146,1.87,445,5.71
2026-09-11T11:42:54.468,1789107174.4684,1374,-210,-2.69,441,5.65
2026-09-11T11:42:54.471,1789107174.4716,1375,31,0.4,441,5.65
2026-09-11T11:42:54.476,1789107174.4766,1376,235,3.01,445,5.71
2026-09-11T11:42:54.483,1789107174.4839,1377,110,1.41,445,5.71
2026-09-11T11:42:54.484,1789107174.4849,1378,-186,-2.38,421,5.4
2026-09-11T11:42:54.492,1789107174.4926,1379,31,0.4,421,5.4
2026-09-11T11:42:54.499,1789107174.4996,1380,223,2.86,409,5.24
2026-09-11T11:42:54.503,1789107174.5039,1381,86,1.1,409,5.24
2026-09-11T11:42:54.510,1789107174.5109,1382,-175,-2.24,398,5.1
2026-09-11T11:42:54.513,1789107174.5131,1383,43,0.55,398,5.1
2026-09-11T11:42:54.519,1789107174.5191,1384,231,2.96,406,5.21
2026-09-11T11:42:54.521,1789107174.5211,1385,58,0.74,406,5.21
2026-09-11T11:42:54.534,1789107174.5344,1386,-190,-2.44,421,5.4
2026-09-11T11:42:54.536,1789107174.5364,1387,59,0.76,421,5.4
2026-09-11T11:42:54.539,1789107174.5394,1388,227,2.91,417,5.35
2026-09-11T11:42:54.541,1789107174.5414,1389,34,0.44,417,5.35
2026-09-11T11:42:54.543,1789107174.5436,1390,-210,-2.69,437,5.6
2026-09-11T11:42:54.555,1789107174.5559,1391,-126,-1.62,437,5.6
2026-09-11T11:42:54.557,1789107174.5579,1392,219,2.81,429,5.5
2026-09-11T11:42:54.562,1789107174.5629,1393,18,0.23,429,5.5
2026-09-11T11:42:54.565,1789107174.5659,1394,-234,-3.0,453,5.81
2026-09-11T11:42:54.570,1789107174.5709,1395,-97,-1.24,453,5.81
2026-09-11T11:42:54.576,1789107174.5761,1396,207,2.65,441,5.65
2026-09-11T11:42:54.579,1789107174.5791,1397,6,0.08,441,5.65
2026-09-11T11:42:54.586,1789107174.5864,1398,-226,-2.9,433,5.55
2026-09-11T11:42:54.601,1789107174.6012,1399,-69,-0.88,433,5.55
2026-09-11T11:42:54.606,1789107174.6064,1400,135,1.73,361,4.63
2026-09-11T11:42:54.610,1789107174.6103,1401,-26,-0.33,361,4.63
2026-09-11T11:42:54.614,1789107174.6140,1402,-230,-2.95,365,4.68
2026-09-11T11:42:54.619,1789107174.6190,1403,-53,-0.68,365,4.68
2026-09-11T11:42:54.623,1789107174.6232,1404,175,2.24,405,5.19
2026-09-11T11:42:54.626,1789107174.6263,1405,-43,-0.55,405,5.19
2026-09-11T11:42:54.629,1789107174.6293,1406,-226,-2.9,401,5.14
2026-09-11T11:42:54.633,1789107174.6331,1407,-26,-0.33,401,5.14
2026-09-11T11:42:54.640,1789107174.6401,1408,191,2.45,417,5.35
2026-09-11T11:42:54.642,1789107174.6423,1409,162,2.08,417,5.35
2026-09-11T11:42:54.648,1789107174.6483,1410,-223,-2.86,414,5.31
2026-09-11T11:42:54.658,1789107174.6587,1411,-14,-0.18,414,5.31
2026-09-11T11:42:54.660,1789107174.6607,1412,214,2.74,437,5.6
2026-09-11T11:42:54.662,1789107174.6627,1413,150,1.92,437,5.6
2026-09-11T11:42:54.670,1789107174.6703,1414,-215,-2.76,429,5.5
2026-09-11T11:42:54.671,1789107174.6713,1415,22,0.28,429,5.5
2026-09-11T11:42:54.677,1789107174.6775,1416,214,2.74,429,5.5
2026-09-11T11:42:54.681,1789107174.6813,1417,113,1.45,429,5.5
2026-09-11T11:42:54.685,1789107174.6855,1418,-199,-2.55,413,5.29
2026-09-11T11:42:54.691,1789107174.6917,1419,30,0.38,413,5.29
2026-09-11T11:42:54.700,1789107174.7005,1420,226,2.9,425,5.45
2026-09-11T11:42:54.703,1789107174.7032,1421,105,1.35,425,5.45
2026-09-11T11:42:54.712,1789107174.7130,1422,-163,-2.09,389,4.99
2026-09-11T11:42:54.715,1789107174.7160,1423,42,0.54,389,4.99
2026-09-11T11:42:54.717,1789107174.7180,1424,246,3.15,409,5.24
2026-09-11T11:42:54.718,1789107174.7190,1425,73,0.94,409,5.24
2026-09-11T11:42:54.727,1789107174.7271,1426,-183,-2.35,429,5.5
2026-09-11T11:42:54.730,1789107174.7301,1427,50,0.64,429,5.5
2026-09-11T11:42:54.737,1789107174.7373,1428,242,3.1,425,5.45
2026-09-11T11:42:54.740,1789107174.7403,1429,65,0.83,425,5.45
2026-09-11T11:42:54.743,1789107174.7435,1430,-192,-2.46,434,5.56
2026-09-11T11:42:54.755,1789107174.7558,1431,-127,-1.63,434,5.56
2026-09-11T11:42:54.755,1789107174.7558,1432,229,2.94,421,5.4
2026-09-11T11:42:54.771,1789107174.7713,1433,49,0.63,421,5.4
2026-09-11T11:42:54.775,1789107174.7755,1434,-204,-2.62,433,5.55
2026-09-11T11:42:54.781,1789107174.7816,1435,-95,-1.22,433,5.55
2026-09-11T11:42:54.782,1789107174.7826,1436,225,2.88,429,5.5
2026-09-11T11:42:54.784,1789107174.7846,1437,24,0.31,429,5.5
2026-09-11T11:42:54.790,1789107174.7910,1438,-212,-2.72,437,5.6
2026-09-11T11:42:54.794,1789107174.7950,1439,-75,-0.96,437,5.6
2026-09-11T11:42:54.799,1789107174.8000,1440,129,1.65,341,4.37
2026-09-11T11:42:54.806,1789107174.8063,1441,8,0.1,341,4.37
2026-09-11T11:42:54.808,1789107174.8083,1442,-216,-2.77,345,4.42
2026-09-11T11:42:54.813,1789107174.8138,1443,-31,-0.4,345,4.42
2026-09-11T11:42:54.815,1789107174.8158,1444,181,2.32,397,5.09
2026-09-11T11:42:54.822,1789107174.8221,1445,-13,-0.17,397,5.09
2026-09-11T11:42:54.824,1789107174.8241,1446,-217,-2.78,398,5.1
2026-09-11T11:42:54.832,1789107174.8323,1447,-20,-0.26,398,5.1
2026-09-11T11:42:54.839,1789107174.8393,1448,208,2.67,425,5.45
2026-09-11T11:42:54.841,1789107174.8413,1449,199,2.55,425,5.45
2026-09-11T11:42:54.848,1789107174.8485,1450,-197,-2.53,405,5.19
2026-09-11T11:42:54.857,1789107174.8576,1451,16,0.21,405,5.19
2026-09-11T11:42:54.859,1789107174.8596,1452,223,2.86,420,5.38
2026-09-11T11:42:54.864,1789107174.8646,1453,179,2.29,420,5.38
2026-09-11T11:42:54.870,1789107174.8706,1454,-190,-2.44,413,5.29
2026-09-11T11:42:54.871,1789107174.8719,1455,27,0.35,413,5.29
2026-09-11T11:42:54.882,1789107174.8821,1456,251,3.22,441,5.65
2026-09-11T11:42:54.884,1789107174.8841,1457,146,1.87,441,5.65
2026-09-11T11:42:54.888,1789107174.8881,1458,-174,-2.23,425,5.45
2026-09-11T11:42:54.891,1789107174.8911,1459,54,0.69,425,5.45
2026-09-11T11:42:54.897,1789107174.8974,1460,270,3.46,444,5.69
2026-09-11T11:42:54.903,1789107174.9036,1461,133,1.71,444,5.69
2026-09-11T11:42:54.908,1789107174.9086,1462,-120,-1.54,390,5.0
2026-09-11T11:42:54.910,1789107174.9107,1463,49,0.63,390,5.0
2026-09-11T11:42:54.916,1789107174.9162,1464,257,3.29,377,4.83
2026-09-11T11:42:54.919,1789107174.9192,1465,104,1.33,377,4.83
2026-09-11T11:42:54.925,1789107174.9254,1466,-152,-1.95,409,5.24
2026-09-11T11:42:54.928,1789107174.9284,1467,73,0.94,409,5.24
2026-09-11T11:42:54.947,1789107174.9473,1468,261,3.35,413,5.29
2026-09-11T11:42:54.953,1789107174.9535,1469,88,1.13,413,5.29
2026-09-11T11:42:54.954,1789107174.9545,1470,-177,-2.27,438,5.62
2026-09-11T11:42:54.964,1789107174.9644,1471,-116,-1.49,438,5.62
2026-09-11T11:42:54.968,1789107174.9685,1472,244,3.13,421,5.4
2026-09-11T11:42:54.970,1789107174.9708,1473,75,0.96,421,5.4
2026-09-11T11:42:54.975,1789107174.9758,1474,-185,-2.37,429,5.5
2026-09-11T11:42:54.978,1789107174.9788,1475,-96,-1.23,429,5.5
2026-09-11T11:42:54.985,1789107174.9851,1476,172,2.21,357,4.58
2026-09-11T11:42:54.987,1789107174.9871,1477,-305,-3.91,477,6.12
2026-09-11T11:42:54.990,1789107174.9901,1478,-392,-5.03,564,7.23
2026-09-11T11:42:54.993,1789107174.9933,1479,-426,-5.46,598,7.67
2026-09-11T11:42:54.995,1789107174.9953,1480,-477,-6.12,172,2.21
2026-09-11T11:42:55.007,1789107175.0076,1481,-385,-4.94,92,1.18
2026-09-11T11:42:55.008,1789107175.0086,1482,-247,-3.17,230,2.95
2026-09-11T11:42:55.013,1789107175.0137,1483,-346,-4.44,230,2.95
2026-09-11T11:42:55.020,1789107175.0207,1484,-501,-6.42,254,3.26
2026-09-11T11:42:55.023,1789107175.0239,1485,-261,-3.35,254,3.26
2026-09-11T11:42:55.026,1789107175.0269,1486,-24,-0.31,477,6.12
2026-09-11T11:42:55.034,1789107175.0342,1487,-208,-2.67,477,6.12
2026-09-11T11:42:55.036,1789107175.0362,1488,-395,-5.06,371,4.76
2026-09-11T11:42:55.044,1789107175.0445,1489,-366,-4.69,371,4.76
2026-09-11T11:42:55.046,1789107175.0465,1490,140,1.79,535,6.86
2026-09-11T11:42:55.058,1789107175.0587,1491,-100,-1.28,535,6.86
2026-09-11T11:42:55.062,1789107175.0627,1492,-324,-4.15,506,6.49
2026-09-11T11:42:55.063,1789107175.0637,1493,-255,-3.27,464,5.95
2026-09-11T11:42:55.066,1789107175.0667,1494,198,2.54,522,6.69
2026-09-11T11:42:55.072,1789107175.0730,1495,-55,-0.71,522,6.69
2026-09-11T11:42:55.077,1789107175.0779,1496,-290,-3.72,488,6.26
2026-09-11T11:42:55.078,1789107175.0789,1497,-193,-2.47,488,6.26
2026-09-11T11:42:55.086,1789107175.0861,1498,119,1.53,409,5.24
2026-09-11T11:42:55.088,1789107175.0881,1499,-109,-1.4,409,5.24
2026-09-11T11:42:55.095,1789107175.0953,1500,-249,-3.19,368,4.72
2026-09-11T11:42:55.115,1789107175.1158,1501,-120,-1.54,368,4.72
2026-09-11T11:42:55.121,1789107175.1215,1502,21,0.27,270,3.46
2026-09-11T11:42:55.123,1789107175.1236,1503,-80,-1.03,270,3.46
2026-09-11T11:42:55.127,1789107175.1276,1504,-127,-1.63,148,1.9
2026-09-11T11:42:55.129,1789107175.1296,1505,-95,-1.22,148,1.9
2026-09-11T11:42:55.131,1789107175.1320,1506,-78,-1.0,49,0.63
2026-09-11T11:42:55.136,1789107175.1370,1507,-166,-2.13,88,1.13
2026-09-11T11:42:55.140,1789107175.1410,1508,-165,-2.12,88,1.13
2026-09-11T11:42:55.145,1789107175.1452,1509,-152,-1.95,88,1.13
2026-09-11T11:42:55.150,1789107175.1502,1510,-184,-2.36,32,0.41
2026-09-11T11:42:55.159,1789107175.1595,1511,-211,-2.71,59,0.76
2026-09-11T11:42:55.160,1789107175.1605,1512,-34,-0.44,177,2.27
2026-09-11T11:42:55.164,1789107175.1645,1513,-49,-0.63,177,2.27
2026-09-11T11:42:55.167,1789107175.1675,1514,-193,-2.47,177,2.27
2026-09-11T11:42:55.168,1789107175.1685,1515,-132,-1.69,159,2.04
2026-09-11T11:42:55.177,1789107175.1776,1516,224,2.87,417,5.35
2026-09-11T11:42:55.183,1789107175.1839,1517,47,0.6,417,5.35
2026-09-11T11:42:55.186,1789107175.1869,1518,-185,-2.37,409,5.24
2026-09-11T11:42:55.193,1789107175.1933,1519,-76,-0.97,409,5.24
2026-09-11T11:42:55.198,1789107175.1983,1520,128,1.64,313,4.01
2026-09-11T11:42:55.203,1789107175.2036,1521,30,0.38,313,4.01
2026-09-11T11:42:55.209,1789107175.2096,1522,-186,-2.38,314,4.03
2026-09-11T11:42:55.214,1789107175.2141,1523,-37,-0.47,314,4.03
2026-09-11T11:42:55.216,1789107175.2161,1524,171,2.19,357,4.58
2026-09-11T11:42:55.225,1789107175.2254,1525,18,0.23,357,4.58
2026-09-11T11:42:55.227,1789107175.2274,1526,-183,-2.35,354,4.54
2026-09-11T11:42:55.230,1789107175.2304,1527,-18,-0.23,354,4.54
2026-09-11T11:42:55.237,1789107175.2376,1528,206,2.64,389,4.99
2026-09-11T11:42:55.242,1789107175.2420,1529,217,2.78,400,5.13
2026-09-11T11:42:55.247,1789107175.2470,1530,-187,-2.4,404,5.18
2026-09-11T11:42:55.255,1789107175.2555,1531,-3,-0.04,404,5.18
2026-09-11T11:42:55.255,1789107175.2555,1532,209,2.68,404,5.18
2026-09-11T11:42:55.261,1789107175.2617,1533,193,2.47,396,5.08
2026-09-11T11:42:55.263,1789107175.2637,1534,-200,-2.56,409,5.24
2026-09-11T11:42:55.270,1789107175.2707,1535,13,0.17,409,5.24
2026-09-11T11:42:55.289,1789107175.2894,1536,241,3.09,441,5.65
2026-09-11T11:42:55.292,1789107175.2926,1537,180,2.31,441,5.65
2026-09-11T11:42:55.296,1789107175.2966,1538,-53,-0.68,294,3.77
2026-09-11T11:42:55.298,1789107175.2987,1539,44,0.56,294,3.77
2026-09-11T11:42:55.300,1789107175.3007,1540,260,3.33,313,4.01
2026-09-11T11:42:55.308,1789107175.3088,1541,143,1.83,313,4.01
2026-09-11T11:42:55.310,1789107175.3108,1542,-102,-1.31,362,4.64
2026-09-11T11:42:55.315,1789107175.3154,1543,63,0.81,362,4.64
2026-09-11T11:42:55.316,1789107175.3164,1544,275,3.53,377,4.83
2026-09-11T11:42:55.322,1789107175.3226,1545,134,1.72,377,4.83
2026-09-11T11:42:55.329,1789107175.3296,1546,-131,-1.68,406,5.21
2026-09-11T11:42:55.330,1789107175.3306,1547,74,0.95,406,5.21
2026-09-11T11:42:55.336,1789107175.3368,1548,274,3.51,405,5.19
2026-09-11T11:42:55.338,1789107175.3388,1549,105,1.35,405,5.19
2026-09-11T11:42:55.345,1789107175.3459,1550,-163,-2.09,437,5.6
2026-09-11T11:42:55.357,1789107175.3573,1551,-139,-1.78,437,5.6
2026-09-11T11:42:55.361,1789107175.3613,1552,270,3.46,433,5.55
2026-09-11T11:42:55.363,1789107175.3633,1553,100,1.28,433,5.55
2026-09-11T11:42:55.370,1789107175.3703,1554,-168,-2.15,438,5.62
2026-09-11T11:42:55.372,1789107175.3723,1555,-91,-1.17,438,5.62
2026-09-11T11:42:55.377,1789107175.3775,1556,281,3.6,449,5.76
2026-09-11T11:42:55.382,1789107175.3827,1557,80,1.03,449,5.76
2026-09-11T11:42:55.383,1789107175.3837,1558,-177,-2.27,458,5.87
2026-09-11T11:42:55.392,1789107175.3929,1559,-64,-0.82,458,5.87
2026-09-11T11:42:55.398,1789107175.3989,1560,144,1.85,321,4.12
2026-09-11T11:42:55.406,1789107175.4062,1561,59,0.76,321,4.12
2026-09-11T11:42:55.409,1789107175.4093,1562,-162,-2.08,306,3.92
2026-09-11T11:42:55.410,1789107175.4108,1563,-13,-0.17,306,3.92
2026-09-11T11:42:55.420,1789107175.4205,1564,183,2.35,345,4.42
2026-09-11T11:42:55.422,1789107175.4222,1565,45,0.58,345,4.42
2026-09-11T11:42:55.425,1789107175.4254,1566,-179,-2.29,362,4.64
2026-09-11T11:42:55.431,1789107175.4314,1567,-10,-0.13,362,4.64
2026-09-11T11:42:55.433,1789107175.4336,1568,206,2.64,385,4.94
2026-09-11T11:42:55.440,1789107175.4406,1569,257,3.29,436,5.59
2026-09-11T11:42:55.443,1789107175.4438,1570,-172,-2.21,429,5.5
2026-09-11T11:42:55.464,1789107175.4642,1571,21,0.27,429,5.5
2026-09-11T11:42:55.465,1789107175.4652,1572,240,3.08,429,5.5
2026-09-11T11:42:55.466,1789107175.4662,1573,240,3.08,412,5.28
2026-09-11T11:42:55.470,1789107175.4702,1574,-169,-2.17,409,5.24
2026-09-11T11:42:55.476,1789107175.4763,1575,31,0.4,409,5.24
2026-09-11T11:42:55.480,1789107175.4803,1576,251,3.22,420,5.38
2026-09-11T11:42:55.484,1789107175.4846,1577,198,2.54,420,5.38
2026-09-11T11:42:55.488,1789107175.4886,1578,-15,-0.19,266,3.41
2026-09-11T11:42:55.496,1789107175.4967,1579,58,0.74,266,3.41
2026-09-11T11:42:55.497,1789107175.4978,1580,278,3.56,293,3.76
2026-09-11T11:42:55.505,1789107175.5056,1581,181,2.32,293,3.76
2026-09-11T11:42:55.507,1789107175.5071,1582,-76,-0.97,354,4.54
2026-09-11T11:42:55.514,1789107175.5143,1583,77,0.99,354,4.54
2026-09-11T11:42:55.516,1789107175.5163,1584,281,3.6,357,4.58
2026-09-11T11:42:55.523,1789107175.5236,1585,180,2.31,357,4.58
2026-09-11T11:42:55.528,1789107175.5285,1586,-93,-1.19,374,4.79
2026-09-11T11:42:55.531,1789107175.5317,1587,84,1.08,374,4.79
2026-09-11T11:42:55.538,1789107175.5387,1588,271,3.47,364,4.67
2026-09-11T11:42:55.541,1789107175.5420,1589,138,1.77,364,4.67
2026-09-11T11:42:55.544,1789107175.5450,1590,-134,-1.72,405,5.19
2026-09-11T11:42:55.557,1789107175.5572,1591,-122,-1.56,405,5.19
2026-09-11T11:42:55.565,1789107175.5652,1592,286,3.67,420,5.38
2026-09-11T11:42:55.566,1789107175.5662,1593,117,1.5,420,5.38
2026-09-11T11:42:55.570,1789107175.5702,1594,-147,-1.88,433,5.55
2026-09-11T11:42:55.571,1789107175.5712,1595,-95,-1.22,433,5.55
2026-09-11T11:42:55.575,1789107175.5754,1596,277,3.55,424,5.44
2026-09-11T11:42:55.581,1789107175.5814,1597,96,1.23,424,5.44
2026-09-11T11:42:55.588,1789107175.5885,1598,-172,-2.21,449,5.76
2026-09-11T11:42:55.590,1789107175.5910,1599,-67,-0.86,449,5.76
2026-09-11T11:42:55.596,1789107175.5961,1600,129,1.65,301,3.86
2026-09-11T11:42:55.606,1789107175.6065,1601,75,0.96,301,3.86
2026-09-11T11:42:55.607,1789107175.6075,1602,-185,-2.37,314,4.03
2026-09-11T11:42:55.612,1789107175.6124,1603,-60,-0.77,314,4.03
2026-09-11T11:42:55.625,1789107175.6253,1604,152,1.95,337,4.32
2026-09-11T11:42:55.629,1789107175.6293,1605,58,0.74,337,4.32
2026-09-11T11:42:55.633,1789107175.6335,1606,-194,-2.49,346,4.44
2026-09-11T11:42:55.637,1789107175.6375,1607,-33,-0.42,346,4.44
2026-09-11T11:42:55.640,1789107175.6400,1608,187,2.4,381,4.88
2026-09-11T11:42:55.642,1789107175.6422,1609,234,3.0,428,5.49
2026-09-11T11:42:55.649,1789107175.6492,1610,-191,-2.45,425,5.45
2026-09-11T11:42:55.660,1789107175.6602,1611,2,0.03,425,5.45
2026-09-11T11:42:55.667,1789107175.6677,1612,198,2.54,425,5.45
2026-09-11T11:42:55.669,1789107175.6695,1613,237,3.04,428,5.49
2026-09-11T11:42:55.672,1789107175.6727,1614,-172,-2.21,409,5.24
2026-09-11T11:42:55.675,1789107175.6757,1615,9,0.12,409,5.24
2026-09-11T11:42:55.677,1789107175.6777,1616,233,2.99,409,5.24
2026-09-11T11:42:55.681,1789107175.6818,1617,192,2.46,405,5.19
2026-09-11T11:42:55.685,1789107175.6858,1618,-33,-0.42,266,3.41
2026-09-11T11:42:55.692,1789107175.6922,1619,28,0.36,266,3.41
2026-09-11T11:42:55.696,1789107175.6962,1620,244,3.13,277,3.55
2026-09-11T11:42:55.705,1789107175.7054,1621,167,2.14,277,3.55
2026-09-11T11:42:55.707,1789107175.7074,1622,-62,-0.79,306,3.92
2026-09-11T11:42:55.712,1789107175.7124,1623,55,0.71,306,3.92
2026-09-11T11:42:55.718,1789107175.7187,1624,259,3.32,321,4.12
2026-09-11T11:42:55.721,1789107175.7212,1625,126,1.62,321,4.12
2026-09-11T11:42:55.733,1789107175.7338,1626,-114,-1.46,373,4.78
2026-09-11T11:42:55.735,1789107175.7358,1627,59,0.76,373,4.78
2026-09-11T11:42:55.739,1789107175.7398,1628,250,3.21,364,4.67
2026-09-11T11:42:55.741,1789107175.7411,1629,109,1.4,364,4.67
2026-09-11T11:42:55.745,1789107175.7451,1630,-155,-1.99,405,5.19
2026-09-11T11:42:55.756,1789107175.7564,1631,-150,-1.92,405,5.19
2026-09-11T11:42:55.758,1789107175.7584,1632,258,3.31,413,5.29
2026-09-11T11:42:55.762,1789107175.7624,1633,97,1.24,413,5.29
2026-09-11T11:42:55.764,1789107175.7644,1634,-179,-2.29,437,5.6
2026-09-11T11:42:55.770,1789107175.7704,1635,-143,-1.83,437,5.6
2026-09-11T11:42:55.776,1789107175.7766,1636,242,3.1,421,5.4
2026-09-11T11:42:55.778,1789107175.7786,1637,57,0.73,421,5.4
2026-09-11T11:42:55.795,1789107175.7952,1638,-192,-2.46,434,5.56
2026-09-11T11:42:55.801,1789107175.8012,1639,-127,-1.63,434,5.56
2026-09-11T11:42:55.806,1789107175.8065,1640,82,1.05,274,3.51
2026-09-11T11:42:55.809,1789107175.8095,1641,36,0.46,274,3.51
2026-09-11T11:42:55.816,1789107175.8168,1642,-208,-2.67,290,3.72
2026-09-11T11:42:55.819,1789107175.8197,1643,-95,-1.22,290,3.72
2026-09-11T11:42:55.824,1789107175.8240,1644,97,1.24,305,3.91
2026-09-11T11:42:55.826,1789107175.8260,1645,8,0.1,305,3.91
2026-09-11T11:42:55.830,1789107175.8300,1646,-232,-2.97,329,4.22
2026-09-11T11:42:55.832,1789107175.8322,1647,-75,-0.96,329,4.22
2026-09-11T11:42:55.838,1789107175.8382,1648,137,1.76,369,4.73
2026-09-11T11:42:55.840,1789107175.8403,1649,221,2.83,453,5.81
2026-09-11T11:42:55.846,1789107175.8465,1650,-220,-2.82,441,5.65
2026-09-11T11:42:55.855,1789107175.8558,1651,-51,-0.65,441,5.65
2026-09-11T11:42:55.857,1789107175.8578,1652,157,2.01,441,5.65
2026-09-11T11:42:55.864,1789107175.8649,1653,189,2.42,409,5.24
2026-09-11T11:42:55.866,1789107175.8668,1654,-228,-2.92,417,5.35
2026-09-11T11:42:55.875,1789107175.8752,1655,-35,-0.45,417,5.35
2026-09-11T11:42:55.877,1789107175.8772,1656,185,2.37,417,5.35
2026-09-11T11:42:55.883,1789107175.8834,1657,168,2.15,413,5.29
2026-09-11T11:42:55.884,1789107175.8844,1658,-56,-0.72,241,3.09
2026-09-11T11:42:55.892,1789107175.8927,1659,-11,-0.14,241,3.09
2026-09-11T11:42:55.903,1789107175.9037,1660,197,2.53,253,3.24
2026-09-11T11:42:55.906,1789107175.9063,1661,140,1.79,253,3.24
2026-09-11T11:42:55.909,1789107175.9095,1662,-81,-1.04,278,3.56
2026-09-11T11:42:55.911,1789107175.9116,1663,5,0.06,278,3.56
2026-09-11T11:42:55.918,1789107175.9184,1664,217,2.78,298,3.82
2026-09-11T11:42:55.921,1789107175.9213,1665,100,1.28,298,3.82
2026-09-11T11:42:55.926,1789107175.9265,1666,-133,-1.71,350,4.49
2026-09-11T11:42:55.932,1789107175.9328,1667,25,0.32,350,4.49
2026-09-11T11:42:55.933,1789107175.9338,1668,213,2.73,346,4.44
2026-09-11T11:42:55.939,1789107175.9398,1669,96,1.23,346,4.44
2026-09-11T11:42:55.946,1789107175.9462,1670,-157,-2.01,370,4.74
2026-09-11T11:42:55.952,1789107175.9527,1671,-196,-2.51,409,5.24
2026-09-11T11:42:55.968,1789107175.9683,1672,225,2.88,421,5.4
2026-09-11T11:42:55.971,1789107175.9713,1673,60,0.77,421,5.4
2026-09-11T11:42:55.975,1789107175.9756,1674,-200,-2.56,425,5.45
2026-09-11T11:42:55.977,1789107175.9776,1675,-180,-2.31,425,5.45
2026-09-11T11:42:55.980,1789107175.9806,1676,221,2.83,421,5.4
2026-09-11T11:42:55.984,1789107175.9847,1677,48,0.62,421,5.4
2026-09-11T11:42:55.987,1789107175.9877,1678,-212,-2.72,433,5.55
2026-09-11T11:42:55.991,1789107175.9919,1679,-163,-2.09,433,5.55
2026-09-11T11:42:55.994,1789107175.9949,1680,37,0.47,260,3.33
2026-09-11T11:42:56.009,1789107176.0091,1681,32,0.41,249,3.19
2026-09-11T11:42:56.013,1789107176.0137,1682,-224,-2.87,261,3.35
2026-09-11T11:42:56.014,1789107176.0147,1683,-135,-1.73,261,3.35
2026-09-11T11:42:56.015,1789107176.0157,1684,86,1.1,310,3.97
2026-09-11T11:42:56.022,1789107176.0230,1685,-4,-0.05,310,3.97
2026-09-11T11:42:56.028,1789107176.0289,1686,-228,-2.92,314,4.03
2026-09-11T11:42:56.032,1789107176.0321,1687,-107,-1.37,314,4.03
2026-09-11T11:42:56.038,1789107176.0381,1688,110,1.41,338,4.33
2026-09-11T11:42:56.042,1789107176.0423,1689,213,2.73,441,5.65
2026-09-11T11:42:56.048,1789107176.0483,1690,-231,-2.96,444,5.69
2026-09-11T11:42:56.058,1789107176.0584,1691,-67,-0.86,444,5.69
2026-09-11T11:42:56.061,1789107176.0614,1692,146,1.87,444,5.69
2026-09-11T11:42:56.062,1789107176.0624,1693,177,2.27,408,5.23
2026-09-11T11:42:56.065,1789107176.0655,1694,-223,-2.86,400,5.13
2026-09-11T11:42:56.073,1789107176.0734,1695,-43,-0.55,400,5.13
2026-09-11T11:42:56.078,1789107176.0784,1696,166,2.13,400,5.13
2026-09-11T11:42:56.082,1789107176.0827,1697,181,2.32,404,5.18
2026-09-11T11:42:56.089,1789107176.0897,1698,-40,-0.51,224,2.87
2026-09-11T11:42:56.090,1789107176.0907,1699,-23,-0.29,221,2.83
2026-09-11T11:42:56.098,1789107176.0980,1700,197,2.53,237,3.04
2026-09-11T11:42:56.103,1789107176.1031,1701,161,2.06,237,3.04
2026-09-11T11:42:56.106,1789107176.1061,1702,-76,-0.97,273,3.5
2026-09-11T11:42:56.109,1789107176.1093,1703,9,0.12,273,3.5
2026-09-11T11:42:56.115,1789107176.1158,1704,209,2.68,285,3.65
2026-09-11T11:42:56.118,1789107176.1188,1705,132,1.69,285,3.65
2026-09-11T11:42:56.140,1789107176.1408,1706,-116,-1.49,325,4.17
2026-09-11T11:42:56.143,1789107176.1439,1707,17,0.22,325,4.17
2026-09-11T11:42:56.145,1789107176.1459,1708,225,2.88,341,4.37
2026-09-11T11:42:56.146,1789107176.1469,1709,104,1.33,341,4.37
2026-09-11T11:42:56.148,1789107176.1489,1710,-152,-1.95,377,4.83
2026-09-11T11:42:56.157,1789107176.1572,1711,-188,-2.41,413,5.29
2026-09-11T11:42:56.161,1789107176.1612,1712,233,2.99,421,5.4
2026-09-11T11:42:56.166,1789107176.1662,1713,92,1.18,421,5.4
2026-09-11T11:42:56.170,1789107176.1702,1714,-168,-2.15,421,5.4
2026-09-11T11:42:56.176,1789107176.1763,1715,-172,-2.21,405,5.19
2026-09-11T11:42:56.179,1789107176.1793,1716,237,3.04,409,5.24
2026-09-11T11:42:56.182,1789107176.1827,1717,72,0.92,409,5.24
2026-09-11T11:42:56.185,1789107176.1857,1718,-204,-2.62,441,5.65
2026-09-11T11:42:56.194,1789107176.1948,1719,-151,-1.94,441,5.65
2026-09-11T11:42:56.196,1789107176.1968,1720,53,0.68,276,3.54
2026-09-11T11:42:56.205,1789107176.2060,1721,40,0.51,257,3.29
2026-09-11T11:42:56.207,1789107176.2080,1722,-228,-2.92,281,3.6
2026-09-11T11:42:56.214,1789107176.2144,1723,-123,-1.58,281,3.6
2026-09-11T11:42:56.217,1789107176.2175,1724,61,0.78,289,3.71
2026-09-11T11:42:56.223,1789107176.2237,1725,24,0.31,289,3.71
2026-09-11T11:42:56.228,1789107176.2287,1726,-224,-2.87,285,3.65
2026-09-11T11:42:56.232,1789107176.2329,1727,-107,-1.37,285,3.65
2026-09-11T11:42:56.244,1789107176.2440,1728,97,1.24,321,4.12
2026-09-11T11:42:56.246,1789107176.2460,1729,205,2.63,429,5.5
2026-09-11T11:42:56.248,1789107176.2480,1730,-236,-3.03,441,5.65
2026-09-11T11:42:56.257,1789107176.2573,1731,-91,-1.17,441,5.65
2026-09-11T11:42:56.259,1789107176.2593,1732,118,1.51,441,5.65
2026-09-11T11:42:56.265,1789107176.2653,1733,177,2.27,413,5.29
2026-09-11T11:42:56.266,1789107176.2663,1734,-243,-3.12,420,5.38
2026-09-11T11:42:56.272,1789107176.2726,1735,-78,-1.0,420,5.38
2026-09-11T11:42:56.273,1789107176.2736,1736,154,1.97,420,5.38
2026-09-11T11:42:56.280,1789107176.2806,1737,165,2.12,408,5.23
2026-09-11T11:42:56.283,1789107176.2839,1738,-55,-0.71,243,3.12
2026-09-11T11:42:56.289,1789107176.2899,1739,-54,-0.69,220,2.82
2026-09-11T11:42:56.308,1789107176.3082,1740,146,1.87,220,2.82
2026-09-11T11:42:56.314,1789107176.3146,1741,85,1.09,201,2.58
2026-09-11T11:42:56.316,1789107176.3163,1742,-23,-0.29,200,2.56
2026-09-11T11:42:56.319,1789107176.3193,1743,302,3.87,325,4.17
2026-09-11T11:42:56.324,1789107176.3245,1744,704,9.03,727,9.32
2026-09-11T11:42:56.326,1789107176.3265,1745,882,11.31,905,11.6
2026-09-11T11:42:56.331,1789107176.3316,1746,718,9.21,580,7.44
2026-09-11T11:42:56.333,1789107176.3336,1747,925,11.86,221,2.83
2026-09-11T11:42:56.337,1789107176.3376,1748,1261,16.17,543,6.96
2026-09-11T11:42:56.345,1789107176.3460,1749,1148,14.72,543,6.96
2026-09-11T11:42:56.346,1789107176.3470,1750,804,10.31,457,5.86
2026-09-11T11:42:56.355,1789107176.3553,1751,649,8.32,612,7.85
2026-09-11T11:42:56.356,1789107176.3563,1752,1175,15.06,526,6.74
2026-09-11T11:42:56.363,1789107176.3633,1753,1018,13.05,526,6.74
2026-09-11T11:42:56.367,1789107176.3673,1754,630,8.08,545,6.99
2026-09-11T11:42:56.372,1789107176.3725,1755,528,6.77,647,8.29
2026-09-11T11:42:56.377,1789107176.3775,1756,1031,13.22,503,6.45
2026-09-11T11:42:56.380,1789107176.3805,1757,830,10.64,503,6.45
2026-09-11T11:42:56.386,1789107176.3868,1758,435,5.58,596,7.64
2026-09-11T11:42:56.388,1789107176.3888,1759,398,5.1,633,8.12
2026-09-11T11:42:56.398,1789107176.3990,1760,616,7.9,432,5.54
2026-09-11T11:42:56.406,1789107176.4063,1761,630,8.08,232,2.97
2026-09-11T11:42:56.413,1789107176.4138,1762,240,3.08,390,5.0
2026-09-11T11:42:56.415,1789107176.4158,1763,259,3.32,390,5.0
2026-09-11T11:42:56.417,1789107176.4178,1764,470,6.03,390,5.0
2026-09-11T11:42:56.422,1789107176.4221,1765,429,5.5,230,2.95
2026-09-11T11:42:56.426,1789107176.4261,1766,84,1.08,386,4.95
2026-09-11T11:42:56.431,1789107176.4311,1767,155,1.99,386,4.95
2026-09-11T11:42:56.439,1789107176.4394,1768,403,5.17,345,4.42
2026-09-11T11:42:56.441,1789107176.4414,1769,581,7.45,497,6.37
2026-09-11T11:42:56.444,1789107176.4446,1770,-14,-0.18,595,7.63
2026-09-11T11:42:56.456,1789107176.4563,1771,78,1.0,595,7.63
2026-09-11T11:42:56.457,1789107176.4573,1772,321,4.12,595,7.63
2026-09-11T11:42:56.462,1789107176.4623,1773,448,5.74,462,5.92
2026-09-11T11:42:56.475,1789107176.4755,1774,-182,-2.33,630,8.08
2026-09-11T11:42:56.480,1789107176.4805,1775,-54,-0.69,630,8.08
2026-09-11T11:42:56.485,1789107176.4857,1776,175,2.24,630,8.08
2026-09-11T11:42:56.486,1789107176.4867,1777,230,2.95,412,5.28
2026-09-11T11:42:56.487,1789107176.4877,1778,-43,-0.55,284,3.64
2026-09-11T11:42:56.490,1789107176.4907,1779,-190,-2.44,420,5.38
2026-09-11T11:42:56.498,1789107176.4989,1780,35,0.45,420,5.38
2026-09-11T11:42:56.508,1789107176.5080,1781,71,0.91,261,3.35
2026-09-11T11:42:56.509,1789107176.5090,1782,-165,-2.12,261,3.35
2026-09-11T11:42:56.512,1789107176.5120,1783,-175,-2.24,246,3.15
2026-09-11T11:42:56.517,1789107176.5176,1784,82,1.05,257,3.29
2026-09-11T11:42:56.518,1789107176.5185,1785,81,1.04,257,3.29
2026-09-11T11:42:56.526,1789107176.5267,1786,-159,-2.04,257,3.29
2026-09-11T11:42:56.534,1789107176.5341,1787,-81,-1.04,241,3.09
2026-09-11T11:42:56.536,1789107176.5361,1788,175,2.24,334,4.28
2026-09-11T11:42:56.544,1789107176.5442,1789,90,1.15,334,4.28
2026-09-11T11:42:56.547,1789107176.5472,1790,-174,-2.23,349,4.47
2026-09-11T11:42:56.555,1789107176.5554,1791,-289,-3.71,464,5.95
2026-09-11T11:42:56.559,1789107176.5594,1792,208,2.67,497,6.37
2026-09-11T11:42:56.564,1789107176.5644,1793,95,1.22,497,6.37
2026-09-11T11:42:56.566,1789107176.5664,1794,-193,-2.47,497,6.37
2026-09-11T11:42:56.573,1789107176.5737,1795,-248,-3.18,456,5.85
2026-09-11T11:42:56.578,1789107176.5787,1796,233,2.99,481,6.17
2026-09-11T11:42:56.587,1789107176.5870,1797,96,1.23,481,6.17
2026-09-11T11:42:56.590,1789107176.5901,1798,-169,-2.17,481,6.17
2026-09-11T11:42:56.592,1789107176.5923,1799,-172,-2.21,405,5.19
2026-09-11T11:42:56.595,1789107176.5953,1800,57,0.73,268,3.44
2026-09-11T11:42:56.606,1789107176.6066,1801,111,1.42,283,3.63
2026-09-11T11:42:56.608,1789107176.6086,1802,-189,-2.42,300,3.85
2026-09-11T11:42:56.613,1789107176.6136,1803,-140,-1.79,300,3.85
2026-09-11T11:42:56.615,1789107176.6151,1804,96,1.23,300,3.85
2026-09-11T11:42:56.621,1789107176.6211,1805,79,1.01,285,3.65
2026-09-11T11:42:56.623,1789107176.6234,1806,-214,-2.74,310,3.97
2026-09-11T11:42:56.630,1789107176.6304,1807,-121,-1.55,310,3.97
2026-09-11T11:42:56.648,1789107176.6489,1808,112,1.44,326,4.18
2026-09-11T11:42:56.653,1789107176.6531,1809,295,3.78,509,6.53
2026-09-11T11:42:56.658,1789107176.6581,1810,-194,-2.49,489,6.27
2026-09-11T11:42:56.662,1789107176.6621,1811,-46,-0.59,489,6.27
2026-09-11T11:42:56.665,1789107176.6651,1812,195,2.5,489,6.27
2026-09-11T11:42:56.669,1789107176.6692,1813,346,4.44,540,6.92
2026-09-11T11:42:56.672,1789107176.6723,1814,-148,-1.9,494,6.33
2026-09-11T11:42:56.675,1789107176.6760,1815,25,0.32,494,6.33
2026-09-11T11:42:56.678,1789107176.6790,1816,261,3.35,494,6.33
2026-09-11T11:42:56.684,1789107176.6841,1817,364,4.67,512,6.56
2026-09-11T11:42:56.691,1789107176.6911,1818,126,1.62,339,4.35
2026-09-11T11:42:56.692,1789107176.6923,1819,94,1.21,270,3.46
2026-09-11T11:42:56.698,1789107176.6983,1820,326,4.18,270,3.46
2026-09-11T11:42:56.702,1789107176.7027,1821,360,4.62,266,3.41
2026-09-11T11:42:56.708,1789107176.7081,1822,107,1.37,266,3.41
2026-09-11T11:42:56.715,1789107176.7150,1823,119,1.53,253,3.24
2026-09-11T11:42:56.717,1789107176.7172,1824,359,4.6,253,3.24
2026-09-11T11:42:56.722,1789107176.7225,1825,333,4.27,252,3.23
2026-09-11T11:42:56.728,1789107176.7285,1826,48,0.62,311,3.99
2026-09-11T11:42:56.729,1789107176.7295,1827,96,1.23,311,3.99
2026-09-11T11:42:56.736,1789107176.7368,1828,324,4.15,285,3.65
2026-09-11T11:42:56.744,1789107176.7440,1829,250,3.21,276,3.54
2026-09-11T11:42:56.747,1789107176.7470,1830,-35,-0.45,359,4.6
2026-09-11T11:42:56.763,1789107176.7634,1831,-174,-2.23,498,6.38
2026-09-11T11:42:56.765,1789107176.7655,1832,306,3.92,480,6.15
2026-09-11T11:42:56.767,1789107176.7675,1833,197,2.53,480,6.15
2026-09-11T11:42:56.769,1789107176.7695,1834,-88,-1.13,480,6.15
2026-09-11T11:42:56.772,1789107176.7727,1835,-176,-2.26,482,6.18
2026-09-11T11:42:56.778,1789107176.7787,1836,285,3.65,461,5.91
2026-09-11T11:42:56.782,1789107176.7829,1837,148,1.9,461,5.91
2026-09-11T11:42:56.786,1789107176.7869,1838,-149,-1.91,461,5.91
2026-09-11T11:42:56.791,1789107176.7917,1839,-184,-2.36,469,6.01
2026-09-11T11:42:56.794,1789107176.7948,1840,60,0.77,332,4.26
2026-09-11T11:42:56.805,1789107176.8058,1841,91,1.17,275,3.53
2026-09-11T11:42:56.806,1789107176.8068,1842,-217,-2.78,308,3.95
2026-09-11T11:42:56.811,1789107176.8118,1843,-184,-2.36,308,3.95
2026-09-11T11:42:56.815,1789107176.8151,1844,28,0.36,308,3.95
2026-09-11T11:42:56.821,1789107176.8213,1845,23,0.29,245,3.14
2026-09-11T11:42:56.835,1789107176.8357,1846,-261,-3.35,289,3.71
2026-09-11T11:42:56.839,1789107176.8397,1847,-200,-2.56,289,3.71
2026-09-11T11:42:56.845,1789107176.8459,1848,37,0.47,298,3.82
2026-09-11T11:42:56.846,1789107176.8469,1849,205,2.63,466,5.97
2026-09-11T11:42:56.849,1789107176.8499,1850,-292,-3.74,497,6.37
2026-09-11T11:42:56.857,1789107176.8571,1851,-179,-2.29,497,6.37
2026-09-11T11:42:56.860,1789107176.8601,1852,50,0.64,497,6.37
2026-09-11T11:42:56.863,1789107176.8631,1853,182,2.33,474,6.08
2026-09-11T11:42:56.870,1789107176.8701,1854,-315,-4.04,497,6.37
2026-09-11T11:42:56.872,1789107176.8721,1855,-165,-2.12,497,6.37
2026-09-11T11:42:56.879,1789107176.8792,1856,59,0.76,497,6.37
2026-09-11T11:42:56.883,1789107176.8834,1857,163,2.09,478,6.13
2026-09-11T11:42:56.886,1789107176.8864,1858,-78,-1.0,328,4.21
2026-09-11T11:42:56.895,1789107176.8956,1859,-152,-1.95,315,4.04
2026-09-11T11:42:56.896,1789107176.8966,1860,81,1.04,315,4.04
2026-09-11T11:42:56.905,1789107176.9059,1861,132,1.69,284,3.64
2026-09-11T11:42:56.907,1789107176.9078,1862,-108,-1.38,284,3.64
2026-09-11T11:42:56.915,1789107176.9154,1863,-127,-1.63,259,3.32
2026-09-11T11:42:56.917,1789107176.9174,1864,126,1.62,259,3.32
2026-09-11T11:42:56.923,1789107176.9238,1865,113,1.45,253,3.24
2026-09-11T11:42:56.928,1789107176.9288,1866,-127,-1.63,253,3.24
2026-09-11T11:42:56.930,1789107176.9308,1867,-101,-1.29,253,3.24
2026-09-11T11:42:56.937,1789107176.9380,1868,139,1.78,266,3.41
2026-09-11T11:42:56.945,1789107176.9453,1869,91,1.17,266,3.41
2026-09-11T11:42:56.948,1789107176.9483,1870,-170,-2.18,309,3.96
2026-09-11T11:42:56.957,1789107176.9575,1871,-309,-3.96,448,5.74
2026-09-11T11:42:56.959,1789107176.9595,1872,156,2.0,465,5.96
2026-09-11T11:42:56.962,1789107176.9625,1873,68,0.87,465,5.96
2026-09-11T11:42:56.965,1789107176.9655,1874,-188,-2.41,465,5.96
2026-09-11T11:42:56.972,1789107176.9727,1875,-292,-3.74,448,5.74
2026-09-11T11:42:56.973,1789107176.9737,1876,190,2.44,482,6.18
2026-09-11T11:42:56.980,1789107176.9807,1877,77,0.99,482,6.18
2026-09-11T11:42:56.985,1789107176.9859,1878,-191,-2.45,482,6.18
2026-09-11T11:42:56.988,1789107176.9890,1879,-243,-3.12,433,5.55
2026-09-11T11:42:57.004,1789107177.0046,1880,-14,-0.18,320,4.1
2026-09-11T11:42:57.012,1789107177.0126,1881,50,0.64,293,3.76
2026-09-11T11:42:57.016,1789107177.0162,1882,-239,-3.06,293,3.76
2026-09-11T11:42:57.018,1789107177.0182,1883,-234,-3.0,289,3.71
2026-09-11T11:42:57.019,1789107177.0191,1884,-1,-0.01,289,3.71
2026-09-11T11:42:57.022,1789107177.0223,1885,30,0.38,269,3.45
2026-09-11T11:42:57.029,1789107177.0293,1886,-234,-3.0,264,3.38
2026-09-11T11:42:57.035,1789107177.0358,1887,-189,-2.42,264,3.38
2026-09-11T11:42:57.038,1789107177.0388,1888,12,0.15,264,3.38
2026-09-11T11:42:57.042,1789107177.0420,1889,208,2.67,442,5.67
2026-09-11T11:42:57.048,1789107177.0480,1890,-269,-3.45,477,6.12
2026-09-11T11:42:57.055,1789107177.0554,1891,-188,-2.41,477,6.12
2026-09-11T11:42:57.057,1789107177.0574,1892,33,0.42,477,6.12
2026-09-11T11:42:57.064,1789107177.0644,1893,165,2.12,434,5.56
2026-09-11T11:42:57.065,1789107177.0654,1894,-296,-3.79,461,5.91
2026-09-11T11:42:57.073,1789107177.0737,1895,-171,-2.19,461,5.91
2026-09-11T11:42:57.079,1789107177.0797,1896,42,0.54,461,5.91
2026-09-11T11:42:57.082,1789107177.0829,1897,146,1.87,442,5.67
2026-09-11T11:42:57.085,1789107177.0859,1898,-71,-0.91,317,4.06
2026-09-11T11:42:57.093,1789107177.0930,1899,-161,-2.06,307,3.94
2026-09-11T11:42:57.094,1789107177.0940,1900,72,0.92,307,3.94
2026-09-11T11:42:57.107,1789107177.1072,1901,135,1.73,296,3.79
2026-09-11T11:42:57.115,1789107177.1160,1902,-117,-1.5,296,3.79
2026-09-11T11:42:57.117,1789107177.1176,1903,-140,-1.79,275,3.53
2026-09-11T11:42:57.121,1789107177.1217,1904,93,1.19,275,3.53
2026-09-11T11:42:57.122,1789107177.1229,1905,109,1.4,249,3.19
2026-09-11T11:42:57.123,1789107177.1238,1906,-136,-1.74,249,3.19
2026-09-11T11:42:57.131,1789107177.1320,1907,-126,-1.62,245,3.14
2026-09-11T11:42:57.138,1789107177.1380,1908,115,1.47,251,3.22
2026-09-11T11:42:57.140,1789107177.1410,1909,62,0.79,251,3.22
2026-09-11T11:42:57.145,1789107177.1451,1910,-162,-2.08,277,3.55
2026-09-11T11:42:57.156,1789107177.1565,1911,-326,-4.18,441,5.65
2026-09-11T11:42:57.156,1789107177.1565,1912,128,1.64,454,5.82
2026-09-11T11:42:57.161,1789107177.1618,1913,52,0.67,454,5.82
2026-09-11T11:42:57.175,1789107177.1751,1914,-204,-2.62,454,5.82
2026-09-11T11:42:57.179,1789107177.1791,1915,-336,-4.31,464,5.95
2026-09-11T11:42:57.183,1789107177.1832,1916,130,1.67,466,5.97
2026-09-11T11:42:57.187,1789107177.1872,1917,13,0.17,466,5.97
2026-09-11T11:42:57.189,1789107177.1893,1918,-243,-3.12,466,5.97
2026-09-11T11:42:57.192,1789107177.1926,1919,-322,-4.13,452,5.79
2026-09-11T11:42:57.201,1789107177.2010,1920,-92,-1.18,335,4.29
2026-09-11T11:42:57.209,1789107177.2093,1921,-5,-0.06,317,4.06
2026-09-11T11:42:57.211,1789107177.2113,1922,-285,-3.65,317,4.06
2026-09-11T11:42:57.217,1789107177.2178,1923,-291,-3.73,286,3.67
2026-09-11T11:42:57.220,1789107177.2208,1924,-70,-0.9,286,3.67
2026-09-11T11:42:57.223,1789107177.2239,1925,-39,-0.5,252,3.23
2026-09-11T11:42:57.226,1789107177.2269,1926,-314,-4.03,275,3.53
2026-09-11T11:42:57.229,1789107177.2299,1927,-277,-3.55,275,3.53
2026-09-11T11:42:57.237,1789107177.2372,1928,-64,-0.82,275,3.53
2026-09-11T11:42:57.244,1789107177.2443,1929,132,1.69,446,5.72
2026-09-11T11:42:57.247,1789107177.2473,1930,-336,-4.31,468,6.0
2026-09-11T11:42:57.257,1789107177.2576,1931,-243,-3.12,468,6.0
2026-09-11T11:42:57.258,1789107177.2586,1932,-38,-0.49,468,6.0
2026-09-11T11:42:57.264,1789107177.2646,1933,118,1.51,454,5.82
2026-09-11T11:42:57.266,1789107177.2666,1934,-350,-4.49,468,6.0
2026-09-11T11:42:57.274,1789107177.2750,1935,-232,-2.97,468,6.0
2026-09-11T11:42:57.276,1789107177.2769,1936,-20,-0.26,468,6.0
2026-09-11T11:42:57.288,1789107177.2882,1937,93,1.19,443,5.68
2026-09-11T11:42:57.292,1789107177.2924,1938,-120,-1.54,325,4.17
2026-09-11T11:42:57.293,1789107177.2934,1939,-218,-2.79,311,3.99
2026-09-11T11:42:57.297,1789107177.2974,1940,11,0.14,311,3.99
2026-09-11T11:42:57.303,1789107177.3037,1941,83,1.06,301,3.86
2026-09-11T11:42:57.308,1789107177.3087,1942,-141,-1.81,301,3.86
2026-09-11T11:42:57.310,1789107177.3107,1943,-199,-2.55,282,3.62
2026-09-11T11:42:57.317,1789107177.3172,1944,21,0.27,282,3.62
2026-09-11T11:42:57.318,1789107177.3182,1945,57,0.73,256,3.28
2026-09-11T11:42:57.325,1789107177.3255,1946,-167,-2.14,256,3.28
2026-09-11T11:42:57.330,1789107177.3309,1947,-366,-4.69,423,5.42
2026-09-11T11:42:57.333,1789107177.3339,1948,16,0.21,423,5.42
2026-09-11T11:42:57.353,1789107177.3534,1949,-184,-2.36,382,4.9
2026-09-11T11:42:57.357,1789107177.3574,1950,-548,-7.03,564,7.23
2026-09-11T11:42:57.366,1789107177.3664,1951,-501,-6.42,564,7.23
2026-09-11T11:42:57.372,1789107177.3724,1952,-1180,-15.13,996,12.77
2026-09-11T11:42:57.375,1789107177.3755,1953,-1151,-14.76,679,8.71
2026-09-11T11:42:57.380,1789107177.3806,1954,-591,-7.58,679,8.71
2026-09-11T11:42:57.381,1789107177.3818,1955,-317,-4.06,863,11.06
2026-09-11T11:42:57.387,1789107177.3878,1956,-1611,-20.65,1294,16.59
2026-09-11T11:42:57.389,1789107177.3898,1957,-1269,-16.27,1294,16.59
2026-09-11T11:42:57.392,1789107177.3930,1958,-376,-4.82,1294,16.59
2026-09-11T11:42:57.396,1789107177.3970,1959,-115,-1.47,1496,19.18
2026-09-11T11:42:57.397,1789107177.3980,1960,-834,-10.69,1154,14.79
2026-09-11T11:42:57.406,1789107177.4066,1961,-950,-12.18,835,10.71
2026-09-11T11:42:57.408,1789107177.4087,1962,-70,-0.9,880,11.28
2026-09-11T11:42:57.415,1789107177.4158,1963,-22,-0.28,928,11.9
2026-09-11T11:42:57.418,1789107177.4181,1964,-733,-9.4,928,11.9
2026-09-11T11:42:57.423,1789107177.4233,1965,-746,-9.56,724,9.28
2026-09-11T11:42:57.428,1789107177.4283,1966,133,1.71,879,11.27
2026-09-11T11:42:57.429,1789107177.4293,1967,49,0.63,879,11.27
2026-09-11T11:42:57.436,1789107177.4365,1968,-595,-7.63,879,11.27
2026-09-11T11:42:57.445,1789107177.4456,1969,-1113,-14.27,1246,15.97
2026-09-11T11:42:57.446,1789107177.4467,1970,377,4.83,1490,19.1
2026-09-11T11:42:57.460,1789107177.4609,1971,140,1.79,1490,19.1
2026-09-11T11:42:57.462,1789107177.4628,1972,-489,-6.27,1490,19.1
2026-09-11T11:42:57.464,1789107177.4648,1973,-915,-11.73,1292,16.56
2026-09-11T11:42:57.467,1789107177.4679,1974,554,7.1,1469,18.83
2026-09-11T11:42:57.469,1789107177.4699,1975,188,2.41,1469,18.83
2026-09-11T11:42:57.478,1789107177.4781,1976,-457,-5.86,1469,18.83
2026-09-11T11:42:57.480,1789107177.4801,1977,-819,-10.5,1373,17.6
2026-09-11T11:42:57.486,1789107177.4863,1978,-132,-1.69,1007,12.91
2026-09-11T11:42:57.491,1789107177.4913,1979,110,1.41,929,11.91
2026-09-11T11:42:57.493,1789107177.4936,1980,-466,-5.97,929,11.91
2026-09-11T11:42:57.515,1789107177.5153,1981,-605,-7.76,715,9.17
2026-09-11T11:42:57.520,1789107177.5201,1982,-42,-0.54,715,9.17
2026-09-11T11:42:57.526,1789107177.5263,1983,-59,-0.76,563,7.22
2026-09-11T11:42:57.528,1789107177.5280,1984,-423,-5.42,563,7.22
2026-09-11T11:42:57.531,1789107177.5310,1985,-434,-5.56,392,5.03
2026-09-11T11:42:57.534,1789107177.5342,1986,-80,-1.03,375,4.81
2026-09-11T11:42:57.540,1789107177.5402,1987,101,1.29,535,6.86
2026-09-11T11:42:57.544,1789107177.5444,1988,-363,-4.65,535,6.86
2026-09-11T11:42:57.548,1789107177.5484,1989,-266,-3.41,464,5.95
2026-09-11T11:42:57.552,1789107177.5528,1990,-89,-1.14,464,5.95
2026-09-11T11:42:57.561,1789107177.5618,1991,-156,-2.0,274,3.51
2026-09-11T11:42:57.563,1789107177.5637,1992,45,0.58,311,3.99
2026-09-11T11:42:57.565,1789107177.5657,1993,73,0.94,229,2.94
2026-09-11T11:42:57.569,1789107177.5698,1994,-116,-1.49,229,2.94
2026-09-11T11:42:57.570,1789107177.5708,1995,-263,-3.37,336,4.31
2026-09-11T11:42:57.576,1789107177.5769,1996,190,2.44,453,5.81
2026-09-11T11:42:57.583,1789107177.5832,1997,109,1.4,453,5.81
2026-09-11T11:42:57.584,1789107177.5842,1998,-135,-1.73,453,5.81
2026-09-11T11:42:57.593,1789107177.5934,1999,-239,-3.06,429,5.5
2026-09-11T11:42:57.595,1789107177.5955,2000,-18,-0.23,348,4.46
2026-09-11T11:42:57.604,1789107177.6048,2001,86,1.1,325,4.17
2026-09-11T11:42:57.606,1789107177.6068,2002,-183,-2.35,325,4.17
2026-09-11T11:42:57.612,1789107177.6128,2003,-226,-2.9,312,4.0
2026-09-11T11:42:57.614,1789107177.6143,2004,7,0.09,312,4.0
2026-09-11T11:42:57.622,1789107177.6225,2005,70,0.9,296,3.79
2026-09-11T11:42:57.633,1789107177.6338,2006,-210,-2.69,296,3.79
2026-09-11T11:42:57.635,1789107177.6358,2007,-213,-2.73,283,3.63
2026-09-11T11:42:57.638,1789107177.6388,2008,11,0.14,283,3.63
2026-09-11T11:42:57.644,1789107177.6441,2009,223,2.86,436,5.59
2026-09-11T11:42:57.647,1789107177.6471,2010,-234,-3.0,457,5.86
2026-09-11T11:42:57.657,1789107177.6572,2011,-193,-2.47,457,5.86
2026-09-11T11:42:57.659,1789107177.6593,2012,20,0.26,457,5.86
2026-09-11T11:42:57.662,1789107177.6622,2013,188,2.41,422,5.41
2026-09-11T11:42:57.665,1789107177.6650,2014,-281,-3.6,469,6.01
2026-09-11T11:42:57.671,1789107177.6712,2015,-180,-2.31,469,6.01
2026-09-11T11:42:57.673,1789107177.6734,2016,13,0.17,469,6.01
2026-09-11T11:42:57.680,1789107177.6804,2017,161,2.06,442,5.67
2026-09-11T11:42:57.697,1789107177.6975,2018,-52,-0.67,341,4.37
2026-09-11T11:42:57.703,1789107177.7037,2019,-182,-2.33,343,4.4
2026-09-11T11:42:57.704,1789107177.7048,2020,34,0.44,343,4.4
2026-09-11T11:42:57.711,1789107177.7117,2021,142,1.82,324,4.15
2026-09-11T11:42:57.716,1789107177.7163,2022,-70,-0.9,324,4.15
2026-09-11T11:42:57.720,1789107177.7203,2023,-165,-2.12,307,3.94
2026-09-11T11:42:57.724,1789107177.7246,2024,60,0.77,307,3.94
2026-09-11T11:42:57.728,1789107177.7286,2025,116,1.49,281,3.6
2026-09-11T11:42:57.729,1789107177.7296,2026,-117,-1.5,281,3.6
2026-09-11T11:42:57.736,1789107177.7367,2027,-324,-4.15,440,5.64
2026-09-11T11:42:57.737,1789107177.7377,2028,97,1.24,440,5.64
2026-09-11T11:42:57.744,1789107177.7441,2029,105,1.35,429,5.5
2026-09-11T11:42:57.746,1789107177.7461,2030,-131,-1.68,429,5.5
2026-09-11T11:42:57.754,1789107177.7544,2031,-327,-4.19,432,5.54
2026-09-11T11:42:57.760,1789107177.7604,2032,123,1.58,450,5.77
2026-09-11T11:42:57.764,1789107177.7644,2033,78,1.0,450,5.77
2026-09-11T11:42:57.768,1789107177.7684,2034,-158,-2.03,450,5.77
2026-09-11T11:42:57.772,1789107177.7726,2035,-301,-3.86,424,5.44
2026-09-11T11:42:57.779,1789107177.7796,2036,140,1.79,441,5.65
2026-09-11T11:42:57.781,1789107177.7819,2037,68,0.87,441,5.65
2026-09-11T11:42:57.788,1789107177.7889,2038,-189,-2.42,441,5.65
2026-09-11T11:42:57.793,1789107177.7933,2039,-296,-3.79,436,5.59
2026-09-11T11:42:57.795,1789107177.7953,2040,-67,-0.86,364,4.67
2026-09-11T11:42:57.808,1789107177.8086,2041,49,0.63,345,4.42
2026-09-11T11:42:57.809,1789107177.8096,2042,-199,-2.55,345,4.42
2026-09-11T11:42:57.814,1789107177.8141,2043,-287,-3.68,336,4.31
2026-09-11T11:42:57.817,1789107177.8172,2044,-49,-0.63,336,4.31
2026-09-11T11:42:57.823,1789107177.8234,2045,18,0.23,305,3.91
2026-09-11T11:42:57.825,1789107177.8254,2046,-242,-3.1,305,3.91
2026-09-11T11:42:57.832,1789107177.8325,2047,-261,-3.35,279,3.58
2026-09-11T11:42:57.836,1789107177.8365,2048,-40,-0.51,279,3.58
2026-09-11T11:42:57.838,1789107177.8385,2049,168,2.15,429,5.5
2026-09-11T11:42:57.844,1789107177.8447,2050,-268,-3.44,436,5.59
2026-09-11T11:42:57.865,1789107177.8650,2051,-243,-3.12,436,5.59
2026-09-11T11:42:57.873,1789107177.8734,2052,-22,-0.28,436,5.59
2026-09-11T11:42:57.874,1789107177.8744,2053,174,2.23,442,5.67
2026-09-11T11:42:57.876,1789107177.8764,2054,-279,-3.58,453,5.81
2026-09-11T11:42:57.881,1789107177.8814,2055,-218,-2.79,453,5.81
2026-09-11T11:42:57.885,1789107177.8856,2056,11,0.14,453,5.81
2026-09-11T11:42:57.890,1789107177.8906,2057,171,2.19,450,5.77
2026-09-11T11:42:57.894,1789107177.8948,2058,-22,-0.28,389,4.99
2026-09-11T11:42:57.899,1789107177.8998,2059,-185,-2.37,356,4.56
2026-09-11T11:42:57.905,1789107177.9060,2060,40,0.51,356,4.56
2026-09-11T11:42:57.912,1789107177.9122,2061,160,2.05,345,4.42
2026-09-11T11:42:57.915,1789107177.9160,2062,-49,-0.63,345,4.42
2026-09-11T11:42:57.917,1789107177.9175,2063,-143,-1.83,303,3.88
2026-09-11T11:42:57.919,1789107177.9191,2064,85,1.09,303,3.88
2026-09-11T11:42:57.920,1789107177.9207,2065,165,2.12,308,3.95
2026-09-11T11:42:57.928,1789107177.9280,2066,-76,-0.97,308,3.95
2026-09-11T11:42:57.929,1789107177.9290,2067,-291,-3.73,456,5.85
2026-09-11T11:42:57.937,1789107177.9371,2068,98,1.26,456,5.85
2026-09-11T11:42:57.945,1789107177.9454,2069,134,1.72,425,5.45
2026-09-11T11:42:57.947,1789107177.9474,2070,-107,-1.37,425,5.45
2026-09-11T11:42:57.955,1789107177.9557,2071,-298,-3.82,432,5.54
2026-09-11T11:42:57.956,1789107177.9566,2072,119,1.53,432,5.54
2026-09-11T11:42:57.964,1789107177.9646,2073,99,1.27,417,5.35
2026-09-11T11:42:57.966,1789107177.9667,2074,-129,-1.65,417,5.35
2026-09-11T11:42:57.975,1789107177.9750,2075,-297,-3.81,416,5.33
2026-09-11T11:42:57.976,1789107177.9760,2076,152,1.95,449,5.76
2026-09-11T11:42:57.981,1789107177.9810,2077,96,1.23,449,5.76
2026-09-11T11:42:57.989,1789107177.9892,2078,-160,-2.05,449,5.76
2026-09-11T11:42:57.991,1789107177.9912,2079,-288,-3.69,440,5.64
2026-09-11T11:42:57.996,1789107177.9964,2080,-55,-0.71,384,4.92
2026-09-11T11:42:58.005,1789107178.0057,2081,69,0.88,357,4.58
2026-09-11T11:42:58.006,1789107178.0068,2082,-183,-2.35,357,4.58
2026-09-11T11:42:58.012,1789107178.0127,2083,-279,-3.58,348,4.46
2026-09-11T11:42:58.019,1789107178.0193,2084,-42,-0.54,348,4.46
2026-09-11T11:42:58.020,1789107178.0203,2085,46,0.59,325,4.17
2026-09-11T11:42:58.038,1789107178.0388,2086,-226,-2.9,325,4.17
2026-09-11T11:42:58.041,1789107178.0418,2087,-261,-3.35,307,3.94
2026-09-11T11:42:58.045,1789107178.0460,2088,-24,-0.31,307,3.94
2026-09-11T11:42:58.046,1789107178.0470,2089,184,2.36,445,5.71
2026-09-11T11:42:58.052,1789107178.0523,2090,-245,-3.14,445,5.71
2026-09-11T11:42:58.059,1789107178.0593,2091,-208,-2.67,429,5.5
2026-09-11T11:42:58.062,1789107178.0622,2092,1,0.01,429,5.5
2026-09-11T11:42:58.064,1789107178.0642,2093,193,2.47,438,5.62
2026-09-11T11:42:58.070,1789107178.0703,2094,-252,-3.23,445,5.71
2026-09-11T11:42:58.072,1789107178.0725,2095,-191,-2.45,445,5.71
2026-09-11T11:42:58.078,1789107178.0785,2096,38,0.49,445,5.71
2026-09-11T11:42:58.079,1789107178.0795,2097,209,2.68,461,5.91
2026-09-11T11:42:58.086,1789107178.0868,2098,1,0.01,400,5.13
2026-09-11T11:42:58.093,1789107178.0939,2099,-166,-2.13,375,4.81
2026-09-11T11:42:58.095,1789107178.0959,2100,58,0.74,375,4.81
2026-09-11T11:42:58.105,1789107178.1052,2101,182,2.33,348,4.46
2026-09-11T11:42:58.106,1789107178.1062,2102,-23,-0.29,348,4.46
2026-09-11T11:42:58.114,1789107178.1146,2103,-130,-1.67,312,4.0
2026-09-11T11:42:58.115,1789107178.1157,2104,87,1.12,312,4.0
2026-09-11T11:42:58.122,1789107178.1229,2105,179,2.29,309,3.96
2026-09-11T11:42:58.128,1789107178.1289,2106,-42,-0.54,309,3.96
2026-09-11T11:42:58.133,1789107178.1332,2107,-266,-3.41,445,5.71
2026-09-11T11:42:58.142,1789107178.1425,2108,120,1.54,445,5.71
2026-09-11T11:42:58.144,1789107178.1445,2109,167,2.14,433,5.55
2026-09-11T11:42:58.146,1789107178.1465,2110,-66,-0.85,433,5.55
2026-09-11T11:42:58.157,1789107178.1578,2111,-277,-3.55,444,5.69
2026-09-11T11:42:58.159,1789107178.1598,2112,144,1.85,444,5.69
2026-09-11T11:42:58.164,1789107178.1648,2113,140,1.79,421,5.4
2026-09-11T11:42:58.165,1789107178.1658,2114,-85,-1.09,421,5.4
2026-09-11T11:42:58.172,1789107178.1721,2115,-269,-3.45,413,5.29
2026-09-11T11:42:58.174,1789107178.1741,2116,165,2.12,434,5.56
2026-09-11T11:42:58.180,1789107178.1802,2117,124,1.59,434,5.56
2026-09-11T11:42:58.186,1789107178.1865,2118,-104,-1.33,434,5.56
2026-09-11T11:42:58.189,1789107178.1895,2119,-272,-3.49,437,5.6
2026-09-11T11:42:58.209,1789107178.2092,2120,-43,-0.55,396,5.08
2026-09-11T11:42:58.215,1789107178.2158,2121,120,1.54,392,5.03
2026-09-11T11:42:58.216,1789107178.2168,2122,-144,-1.85,392,5.03
2026-09-11T11:42:58.219,1789107178.2198,2123,-252,-3.23,372,4.77
2026-09-11T11:42:58.223,1789107178.2239,2124,-7,-0.09,372,4.77
2026-09-11T11:42:58.229,1789107178.2299,2125,93,1.19,345,4.42
2026-09-11T11:42:58.233,1789107178.2331,2126,-168,-2.15,345,4.42
2026-09-11T11:42:58.237,1789107178.2371,2127,-219,-2.81,312,4.0
2026-09-11T11:42:58.240,1789107178.2401,2128,14,0.18,312,4.0
2026-09-11T11:42:58.246,1789107178.2463,2129,218,2.79,437,5.6
2026-09-11T11:42:58.247,1789107178.2473,2130,-203,-2.6,437,5.6
2026-09-11T11:42:58.253,1789107178.2535,2131,-207,-2.65,425,5.45
2026-09-11T11:42:58.258,1789107178.2585,2132,22,0.28,425,5.45
2026-09-11T11:42:58.264,1789107178.2646,2133,234,3.0,441,5.65
2026-09-11T11:42:58.267,1789107178.2675,2134,-211,-2.71,445,5.71
2026-09-11T11:42:58.272,1789107178.2727,2135,-162,-2.08,445,5.71
2026-09-11T11:42:58.278,1789107178.2787,2136,54,0.69,445,5.71
2026-09-11T11:42:58.283,1789107178.2830,2137,222,2.85,433,5.55
2026-09-11T11:42:58.289,1789107178.2891,2138,37,0.47,384,4.92
2026-09-11T11:42:58.291,1789107178.2911,2139,-138,-1.77,360,4.62
2026-09-11T11:42:58.295,1789107178.2953,2140,83,1.06,360,4.62
2026-09-11T11:42:58.306,1789107178.3065,2141,242,3.1,380,4.87
2026-09-11T11:42:58.313,1789107178.3140,2142,25,0.32,380,4.87
2026-09-11T11:42:58.316,1789107178.3161,2143,-90,-1.15,332,4.26
2026-09-11T11:42:58.320,1789107178.3204,2144,130,1.67,332,4.26
2026-09-11T11:42:58.321,1789107178.3215,2145,246,3.15,336,4.31
2026-09-11T11:42:58.324,1789107178.3241,2146,25,0.32,336,4.31
2026-09-11T11:42:58.331,1789107178.3311,2147,-203,-2.6,449,5.76
2026-09-11T11:42:58.339,1789107178.3393,2148,182,2.33,449,5.76
2026-09-11T11:42:58.341,1789107178.3413,2149,237,3.04,440,5.64
2026-09-11T11:42:58.345,1789107178.3455,2150,12,0.15,440,5.64
2026-09-11T11:42:58.355,1789107178.3559,2151,-208,-2.67,445,5.71
2026-09-11T11:42:58.356,1789107178.3569,2152,193,2.47,445,5.71
2026-09-11T11:42:58.361,1789107178.3619,2153,224,2.87,432,5.54
2026-09-11T11:42:58.375,1789107178.3754,2154,-9,-0.12,432,5.54
2026-09-11T11:42:58.378,1789107178.3784,2155,-205,-2.63,429,5.5
2026-09-11T11:42:58.382,1789107178.3827,2156,220,2.82,429,5.5
2026-09-11T11:42:58.386,1789107178.3867,2157,195,2.5,425,5.45
2026-09-11T11:42:58.388,1789107178.3887,2158,-37,-0.47,425,5.45
2026-09-11T11:42:58.391,1789107178.3918,2159,-205,-2.63,425,5.45
2026-09-11T11:42:58.397,1789107178.3978,2160,12,0.15,400,5.13
2026-09-11T11:42:58.408,1789107178.4082,2161,167,2.14,372,4.77
2026-09-11T11:42:58.415,1789107178.4150,2162,-90,-1.15,372,4.77
2026-09-11T11:42:58.417,1789107178.4171,2163,-222,-2.85,389,4.99
2026-09-11T11:42:58.420,1789107178.4208,2164,19,0.24,389,4.99
2026-09-11T11:42:58.424,1789107178.4248,2165,118,1.51,340,4.36
2026-09-11T11:42:58.425,1789107178.4258,2166,-106,-1.36,340,4.36
2026-09-11T11:42:58.431,1789107178.4318,2167,-22,-0.28,224,2.87
2026-09-11T11:42:58.434,1789107178.4341,2168,-298,-3.82,416,5.33
2026-09-11T11:42:58.444,1789107178.4444,2169,-669,-8.58,647,8.29
2026-09-11T11:42:58.447,1789107178.4474,2170,235,3.01,904,11.59
2026-09-11T11:42:58.454,1789107178.4548,2171,282,3.62,951,12.19
2026-09-11T11:42:58.458,1789107178.4588,2172,-235,-3.01,951,12.19
2026-09-11T11:42:58.463,1789107178.4638,2173,-638,-8.18,920,11.79
2026-09-11T11:42:58.466,1789107178.4668,2174,482,6.18,1120,14.36
2026-09-11T11:42:58.473,1789107178.4731,2175,392,5.03,1120,14.36
2026-09-11T11:42:58.478,1789107178.4781,2176,-130,-1.67,1120,14.36
2026-09-11T11:42:58.480,1789107178.4801,2177,-569,-7.29,1051,13.47
2026-09-11T11:42:58.491,1789107178.4912,2178,-75,-0.96,961,12.32
2026-09-11T11:42:58.493,1789107178.4934,2179,387,4.96,956,12.26
2026-09-11T11:42:58.497,1789107178.4973,2180,-143,-1.83,956,12.26
2026-09-11T11:42:58.507,1789107178.5079,2181,-498,-6.38,885,11.35
2026-09-11T11:42:58.509,1789107178.5099,2182,32,0.41,885,11.35
2026-09-11T11:42:58.514,1789107178.5144,2183,365,4.68,863,11.06
2026-09-11T11:42:58.519,1789107178.5195,2184,-148,-1.9,863,11.06
2026-09-11T11:42:58.520,1789107178.5205,2185,-436,-5.59,801,10.27
2026-09-11T11:42:58.525,1789107178.5257,2186,114,1.46,801,10.27
2026-09-11T11:42:58.530,1789107178.5306,2187,709,9.09,1145,14.68
2026-09-11T11:42:58.533,1789107178.5339,2188,-199,-2.55,1145,14.68
2026-09-11T11:42:58.552,1789107178.5525,2189,-406,-5.21,1115,14.29
2026-09-11T11:42:58.557,1789107178.5575,2190,176,2.26,1115,14.29
2026-09-11T11:42:58.560,1789107178.5605,2191,723,9.27,1129,14.47
2026-09-11T11:42:58.563,1789107178.5635,2192,-269,-3.45,1129,14.47
2026-09-11T11:42:58.568,1789107178.5685,2193,-356,-4.56,1079,13.83
2026-09-11T11:42:58.571,1789107178.5719,2194,218,2.79,1079,13.83
2026-09-11T11:42:58.575,1789107178.5759,2195,665,8.53,1021,13.09
2026-09-11T11:42:58.578,1789107178.5789,2196,-334,-4.28,1021,13.09
2026-09-11T11:42:58.583,1789107178.5832,2197,-305,-3.91,999,12.81
2026-09-11T11:42:58.585,1789107178.5852,2198,200,2.56,999,12.81
2026-09-11T11:42:58.591,1789107178.5916,2199,520,6.67,854,10.95
2026-09-11T11:42:58.597,1789107178.5978,2200,45,0.58,825,10.58
2026-09-11T11:42:58.603,1789107178.6032,2201,-249,-3.19,769,9.86
2026-09-11T11:42:58.608,1789107178.6082,2202,156,2.0,769,9.86
2026-09-11T11:42:58.610,1789107178.6102,2203,295,3.78,544,6.97
2026-09-11T11:42:58.617,1789107178.6178,2204,-66,-0.85,544,6.97
2026-09-11T11:42:58.619,1789107178.6197,2205,-57,-0.73,361,4.63
2026-09-11T11:42:58.628,1789107178.6280,2206,-93,-1.19,388,4.97
2026-09-11T11:42:58.634,1789107178.6343,2207,-212,-2.72,155,1.99
2026-09-11T11:42:58.636,1789107178.6363,2208,-24,-0.31,188,2.41
2026-09-11T11:42:58.643,1789107178.6435,2209,205,2.63,417,5.35
2026-09-11T11:42:58.646,1789107178.6464,2210,-157,-2.01,417,5.35
2026-09-11T11:42:58.658,1789107178.6588,2211,-192,-2.46,397,5.09
2026-09-11T11:42:58.661,1789107178.6618,2212,49,0.63,397,5.09
2026-09-11T11:42:58.663,1789107178.6638,2213,261,3.35,453,5.81
2026-09-11T11:42:58.664,1789107178.6648,2214,-165,-2.12,453,5.81
2026-09-11T11:42:58.673,1789107178.6733,2215,-144,-1.85,426,5.46
2026-09-11T11:42:58.678,1789107178.6783,2216,80,1.03,426,5.46
2026-09-11T11:42:58.679,1789107178.6793,2217,280,3.59,445,5.71
2026-09-11T11:42:58.685,1789107178.6855,2218,107,1.37,424,5.44
2026-09-11T11:42:58.691,1789107178.6918,2219,-117,-1.5,397,5.09
2026-09-11T11:42:58.693,1789107178.6938,2220,100,1.28,397,5.09
2026-09-11T11:42:58.716,1789107178.7166,2221,279,3.58,396,5.08
2026-09-11T11:42:58.722,1789107178.7222,2222,70,0.9,396,5.08
2026-09-11T11:42:58.728,1789107178.7281,2223,-81,-1.04,360,4.62
2026-09-11T11:42:58.729,1789107178.7291,2224,131,1.68,360,4.62
2026-09-11T11:42:58.731,1789107178.7311,2225,274,3.51,355,4.55
2026-09-11T11:42:58.735,1789107178.7352,2226,57,0.73,355,4.55
2026-09-11T11:42:58.740,1789107178.7402,2227,-183,-2.35,457,5.86
2026-09-11T11:42:58.744,1789107178.7444,2228,166,2.13,457,5.86
2026-09-11T11:42:58.748,1789107178.7484,2229,269,3.45,452,5.79
2026-09-11T11:42:58.752,1789107178.7525,2230,36,0.46,452,5.79
2026-09-11T11:42:58.762,1789107178.7625,2231,-200,-2.56,469,6.01
2026-09-11T11:42:58.764,1789107178.7645,2232,193,2.47,469,6.01
2026-09-11T11:42:58.767,1789107178.7675,2233,252,3.23,452,5.79
2026-09-11T11:42:58.769,1789107178.7695,2234,19,0.24,452,5.79
2026-09-11T11:42:58.770,1789107178.7705,2235,-201,-2.58,453,5.81
2026-09-11T11:42:58.777,1789107178.7778,2236,232,2.97,453,5.81
2026-09-11T11:42:58.780,1789107178.7808,2237,243,3.12,444,5.69
2026-09-11T11:42:58.784,1789107178.7850,2238,6,0.08,444,5.69
2026-09-11T11:42:58.790,1789107178.7910,2239,-186,-2.38,429,5.5
2026-09-11T11:42:58.798,1789107178.7983,2240,27,0.35,429,5.5
2026-09-11T11:42:58.806,1789107178.8066,2241,222,2.85,408,5.23
2026-09-11T11:42:58.807,1789107178.8076,2242,-27,-0.35,408,5.23
2026-09-11T11:42:58.810,1789107178.8106,2243,-191,-2.45,413,5.29
2026-09-11T11:42:58.818,1789107178.8181,2244,50,0.64,413,5.29
2026-09-11T11:42:58.820,1789107178.8201,2245,185,2.37,376,4.82
2026-09-11T11:42:58.829,1789107178.8294,2246,-68,-0.87,376,4.82
2026-09-11T11:42:58.834,1789107178.8346,2247,-184,-2.36,369,4.73
2026-09-11T11:42:58.835,1789107178.8356,2248,69,0.88,369,4.73
2026-09-11T11:42:58.841,1789107178.8417,2249,301,3.86,485,6.22
2026-09-11T11:42:58.848,1789107178.8487,2250,-77,-0.99,485,6.22
2026-09-11T11:42:58.858,1789107178.8580,2251,-145,-1.86,446,5.72
2026-09-11T11:42:58.858,1789107178.8580,2252,108,1.38,446,5.72
2026-09-11T11:42:58.864,1789107178.8640,2253,307,3.94,452,5.79
2026-09-11T11:42:58.864,1789107178.8640,2254,-123,-1.58,452,5.79
2026-09-11T11:42:58.870,1789107178.8700,2255,-122,-1.56,430,5.51
2026-09-11T11:42:58.876,1789107178.8762,2256,94,1.21,430,5.51
2026-09-11T11:42:58.879,1789107178.8792,2257,306,3.92,429,5.5
2026-09-11T11:42:58.893,1789107178.8938,2258,125,1.6,428,5.49
2026-09-11T11:42:58.898,1789107178.8988,2259,-123,-1.58,429,5.5
2026-09-11T11:42:58.900,1789107178.9008,2260,109,1.4,429,5.5
2026-09-11T11:42:58.908,1789107178.9090,2261,305,3.91,428,5.49
2026-09-11T11:42:58.912,1789107178.9130,2262,96,1.23,428,5.49
2026-09-11T11:42:58.916,1789107178.9165,2263,-72,-0.92,377,4.83
2026-09-11T11:42:58.920,1789107178.9205,2264,136,1.74,377,4.83
2026-09-11T11:42:58.923,1789107178.9238,2265,292,3.74,364,4.67
2026-09-11T11:42:58.926,1789107178.9268,2266,87,1.12,364,4.67
2026-09-11T11:42:58.933,1789107178.9331,2267,-178,-2.28,470,6.03
2026-09-11T11:42:58.938,1789107178.9381,2268,163,2.09,470,6.03
2026-09-11T11:42:58.941,1789107178.9411,2269,286,3.67,464,5.95
2026-09-11T11:42:58.947,1789107178.9473,2270,69,0.88,464,5.95
2026-09-11T11:42:58.957,1789107178.9575,2271,-187,-2.4,473,6.06
2026-09-11T11:42:58.958,1789107178.9585,2272,222,2.85,473,6.06
2026-09-11T11:42:58.964,1789107178.9647,2273,285,3.65,472,6.05
2026-09-11T11:42:58.966,1789107178.9667,2274,56,0.72,472,6.05
2026-09-11T11:42:58.974,1789107178.9741,2275,-172,-2.21,457,5.86
2026-09-11T11:42:58.976,1789107178.9761,2276,244,3.13,457,5.86
2026-09-11T11:42:58.982,1789107178.9823,2277,279,3.58,451,5.78
2026-09-11T11:42:58.986,1789107178.9863,2278,38,0.49,451,5.78
2026-09-11T11:42:58.996,1789107178.9966,2279,-158,-2.03,437,5.6
2026-09-11T11:42:58.997,1789107178.9976,2280,51,0.65,437,5.6
2026-09-11T11:42:59.004,1789107179.0040,2281,245,3.14,403,5.17
2026-09-11T11:42:59.008,1789107179.0080,2282,4,0.05,403,5.17
2026-09-11T11:42:59.011,1789107179.0110,2283,-180,-2.31,425,5.45
2026-09-11T11:42:59.018,1789107179.0189,2284,41,0.53,425,5.45
2026-09-11T11:42:59.019,1789107179.0199,2285,204,2.62,384,4.92
2026-09-11T11:42:59.026,1789107179.0263,2286,-45,-0.58,384,4.92
2026-09-11T11:42:59.030,1789107179.0303,2287,-185,-2.37,389,4.99
2026-09-11T11:42:59.033,1789107179.0336,2288,52,0.67,389,4.99
2026-09-11T11:42:59.040,1789107179.0410,2289,272,3.49,457,5.86
2026-09-11T11:42:59.045,1789107179.0460,2290,-106,-1.36,457,5.86
2026-09-11T11:42:59.063,1789107179.0634,2291,-201,-2.58,473,6.06
2026-09-11T11:42:59.067,1789107179.0674,2292,23,0.29,473,6.06
2026-09-11T11:42:59.069,1789107179.0694,2293,239,3.06,440,5.64
2026-09-11T11:42:59.071,1789107179.0714,2294,-170,-2.18,440,5.64
2026-09-11T11:42:59.073,1789107179.0737,2295,-189,-2.42,428,5.49
2026-09-11T11:42:59.078,1789107179.0787,2296,47,0.6,428,5.49
2026-09-11T11:42:59.080,1789107179.0807,2297,259,3.32,448,5.74
2026-09-11T11:42:59.086,1789107179.0869,2298,86,1.1,448,5.74
2026-09-11T11:42:59.092,1789107179.0921,2299,-181,-2.32,440,5.64
2026-09-11T11:42:59.100,1789107179.1002,2300,39,0.5,440,5.64
2026-09-11T11:42:59.107,1789107179.1074,2301,231,2.96,412,5.28
2026-09-11T11:42:59.107,1789107179.1074,2302,50,0.64,412,5.28
2026-09-11T11:42:59.113,1789107179.1134,2303,-161,-2.06,392,5.03
2026-09-11T11:42:59.116,1789107179.1169,2304,67,0.86,392,5.03
2026-09-11T11:42:59.124,1789107179.1245,2305,235,3.01,396,5.08
2026-09-11T11:42:59.128,1789107179.1282,2306,22,0.28,396,5.08
2026-09-11T11:42:59.129,1789107179.1298,2307,-254,-3.26,489,6.27
2026-09-11T11:42:59.137,1789107179.1375,2308,88,1.13,489,6.27
2026-09-11T11:42:59.144,1789107179.1448,2309,227,2.91,481,6.17
2026-09-11T11:42:59.145,1789107179.1458,2310,6,0.08,481,6.17
2026-09-11T11:42:59.157,1789107179.1570,2311,-246,-3.15,473,6.06
2026-09-11T11:42:59.158,1789107179.1581,2312,120,1.54,473,6.06
2026-09-11T11:42:59.169,1789107179.1691,2313,219,2.81,465,5.96
2026-09-11T11:42:59.171,1789107179.1711,2314,-14,-0.18,465,5.96
2026-09-11T11:42:59.174,1789107179.1743,2315,-246,-3.15,465,5.96
2026-09-11T11:42:59.176,1789107179.1763,2316,-65,-0.83,465,5.96
2026-09-11T11:42:59.181,1789107179.1813,2317,199,2.55,445,5.71
2026-09-11T11:42:59.189,1789107179.1894,2318,-22,-0.28,445,5.71
2026-09-11T11:42:59.191,1789107179.1914,2319,-246,-3.15,445,5.71
2026-09-11T11:42:59.196,1789107179.1966,2320,-41,-0.53,445,5.71
2026-09-11T11:42:59.206,1789107179.2061,2321,179,2.29,425,5.45
2026-09-11T11:42:59.207,1789107179.2071,2322,-62,-0.79,425,5.45
2026-09-11T11:42:59.212,1789107179.2121,2323,-242,-3.1,421,5.4
2026-09-11T11:42:59.218,1789107179.2187,2324,-33,-0.42,421,5.4
2026-09-11T11:42:59.232,1789107179.2322,2325,147,1.88,389,4.99
2026-09-11T11:42:59.236,1789107179.2362,2326,-102,-1.31,389,4.99
2026-09-11T11:42:59.239,1789107179.2392,2327,-242,-3.1,389,4.99
2026-09-11T11:42:59.242,1789107179.2424,2328,-1,-0.01,389,4.99
2026-09-11T11:42:59.243,1789107179.2434,2329,227,2.91,469,6.01
2026-09-11T11:42:59.248,1789107179.2484,2330,-126,-1.62,469,6.01
2026-09-11T11:42:59.258,1789107179.2588,2331,-242,-3.1,469,6.01
2026-09-11T11:42:59.261,1789107179.2618,2332,3,0.04,469,6.01
2026-09-11T11:42:59.266,1789107179.2668,2333,235,3.01,477,6.12
2026-09-11T11:42:59.273,1789107179.2731,2334,-158,-2.03,477,6.12
2026-09-11T11:42:59.275,1789107179.2751,2335,-201,-2.58,436,5.59
2026-09-11T11:42:59.279,1789107179.2791,2336,35,0.45,436,5.59
2026-09-11T11:42:59.281,1789107179.2811,2337,235,3.01,436,5.59
2026-09-11T11:42:59.287,1789107179.2873,2338,90,1.15,436,5.59
2026-09-11T11:42:59.293,1789107179.2936,2339,-169,-2.17,404,5.18
2026-09-11T11:42:59.296,1789107179.2966,2340,75,0.96,404,5.18
2026-09-11T11:42:59.306,1789107179.3070,2341,267,3.42,436,5.59
2026-09-11T11:42:59.307,1789107179.3080,2342,110,1.41,436,5.59
2026-09-11T11:42:59.314,1789107179.3150,2343,-114,-1.46,381,4.88
2026-09-11T11:42:59.316,1789107179.3165,2344,119,1.53,381,4.88
2026-09-11T11:42:59.323,1789107179.3237,2345,298,3.82,412,5.28
2026-09-11T11:42:59.328,1789107179.3287,2346,109,1.4,412,5.28
2026-09-11T11:42:59.336,1789107179.3368,2347,-139,-1.78,437,5.6
2026-09-11T11:42:59.337,1789107179.3378,2348,161,2.06,437,5.6
2026-09-11T11:42:59.338,1789107179.3388,2349,349,4.47,488,6.26
2026-09-11T11:42:59.347,1789107179.3480,2350,135,1.73,488,6.26
2026-09-11T11:42:59.356,1789107179.3562,2351,-113,-1.45,462,5.92
2026-09-11T11:42:59.358,1789107179.3582,2352,247,3.17,462,5.92
2026-09-11T11:42:59.363,1789107179.3632,2353,362,4.64,475,6.09
2026-09-11T11:42:59.365,1789107179.3652,2354,125,1.6,475,6.09
2026-09-11T11:42:59.371,1789107179.3715,2355,-108,-1.38,470,6.03
2026-09-11T11:42:59.373,1789107179.3735,2356,53,0.68,470,6.03
2026-09-11T11:42:59.380,1789107179.3805,2357,335,4.29,443,5.68
2026-09-11T11:42:59.399,1789107179.3993,2358,102,1.31,443,5.68
2026-09-11T11:42:59.406,1789107179.4066,2359,-110,-1.41,445,5.71
2026-09-11T11:42:59.408,1789107179.4086,2360,82,1.05,445,5.71
2026-09-11T11:42:59.413,1789107179.4130,2361,341,4.37,451,5.78
2026-09-11T11:42:59.418,1789107179.4185,2362,91,1.17,451,5.78
2026-09-11T11:42:59.421,1789107179.4215,2363,-97,-1.24,438,5.62
2026-09-11T11:42:59.424,1789107179.4248,2364,99,1.27,438,5.62
2026-09-11T11:42:59.431,1789107179.4312,2365,306,3.92,403,5.17
2026-09-11T11:42:59.433,1789107179.4333,2366,52,0.67,403,5.17
2026-09-11T11:42:59.440,1789107179.4404,2367,-116,-1.49,422,5.41
2026-09-11T11:42:59.441,1789107179.4414,2368,105,1.35,422,5.41
2026-09-11T11:42:59.444,1789107179.4446,2369,336,4.31,452,5.79
2026-09-11T11:42:59.448,1789107179.4486,2370,-22,-0.28,452,5.79
2026-09-11T11:42:59.455,1789107179.4559,2371,-130,-1.67,466,5.97
2026-09-11T11:42:59.456,1789107179.4569,2372,103,1.32,466,5.97
2026-09-11T11:42:59.463,1789107179.4639,2373,330,4.23,460,5.9
2026-09-11T11:42:59.465,1789107179.4659,2374,-64,-0.82,460,5.9
2026-09-11T11:42:59.473,1789107179.4732,2375,-136,-1.74,466,5.97
2026-09-11T11:42:59.479,1789107179.4792,2376,97,1.24,466,5.97
2026-09-11T11:42:59.482,1789107179.4824,2377,308,3.95,444,5.69
2026-09-11T11:42:59.487,1789107179.4874,2378,171,2.19,444,5.69
2026-09-11T11:42:59.492,1789107179.4927,2379,11,0.14,297,3.81
2026-09-11T11:42:59.494,1789107179.4947,2380,123,1.58,297,3.81
2026-09-11T11:42:59.508,1789107179.5089,2381,262,3.36,251,3.22
2026-09-11T11:42:59.510,1789107179.5109,2382,169,2.17,251,3.22
2026-09-11T11:42:59.513,1789107179.5139,2383,-59,-0.76,321,4.12
2026-09-11T11:42:59.517,1789107179.5175,2384,69,0.88,321,4.12
2026-09-11T11:42:59.522,1789107179.5224,2385,213,2.73,272,3.49
2026-09-11T11:42:59.528,1789107179.5280,2386,104,1.33,272,3.49
2026-09-11T11:42:59.530,1789107179.5307,2387,-101,-1.29,314,4.03
2026-09-11T11:42:59.535,1789107179.5358,2388,32,0.41,314,4.03
2026-09-11T11:42:59.541,1789107179.5418,2389,164,2.1,265,3.4
2026-09-11T11:42:59.544,1789107179.5441,2390,47,0.6,265,3.4
2026-09-11T11:42:59.565,1789107179.5658,2391,-149,-1.91,313,4.01
2026-09-11T11:42:59.573,1789107179.5740,2392,32,0.41,313,4.01
2026-09-11T11:42:59.575,1789107179.5760,2393,144,1.85,293,3.76
2026-09-11T11:42:59.577,1789107179.5780,2394,28,0.36,293,3.76
2026-09-11T11:42:59.581,1789107179.5814,2395,-180,-2.31,324,4.15
2026-09-11T11:42:59.586,1789107179.5864,2396,-108,-1.38,324,4.15
2026-09-11T11:42:59.590,1789107179.5904,2397,137,1.76,317,4.06
2026-09-11T11:42:59.593,1789107179.5936,2398,0,0.0,317,4.06
2026-09-11T11:42:59.598,1789107179.5986,2399,-188,-2.41,325,4.17
2026-09-11T11:42:59.600,1789107179.6006,2400,-103,-1.32,325,4.17
2026-09-11T11:42:59.608,1789107179.6089,2401,109,1.4,297,3.81
2026-09-11T11:42:59.610,1789107179.6109,2402,-40,-0.51,297,3.81
2026-09-11T11:42:59.614,1789107179.6149,2403,-207,-2.65,316,4.05
2026-09-11T11:42:59.619,1789107179.6191,2404,-91,-1.17,316,4.05
2026-09-11T11:42:59.620,1789107179.6201,2405,93,1.19,300,3.85
2026-09-11T11:42:59.629,1789107179.6292,2406,-123,-1.58,300,3.85
2026-09-11T11:42:59.631,1789107179.6312,2407,-355,-4.55,448,5.74
2026-09-11T11:42:59.635,1789107179.6353,2408,-145,-1.86,448,5.74
2026-09-11T11:42:59.642,1789107179.6426,2409,171,2.19,526,6.74
2026-09-11T11:42:59.648,1789107179.6486,2410,-270,-3.46,526,6.74
2026-09-11T11:42:59.653,1789107179.6531,2411,-513,-6.58,684,8.77
2026-09-11T11:42:59.660,1789107179.6601,2412,-63,-0.81,684,8.77
2026-09-11T11:42:59.666,1789107179.6661,2413,278,3.56,791,10.14
2026-09-11T11:42:59.669,1789107179.6697,2414,-140,-1.79,791,10.14
2026-09-11T11:42:59.672,1789107179.6729,2415,-204,-2.62,482,6.18
2026-09-11T11:42:59.684,1789107179.6840,2416,57,0.73,482,6.18
2026-09-11T11:42:59.688,1789107179.6881,2417,277,3.55,481,6.17
2026-09-11T11:42:59.689,1789107179.6891,2418,144,1.85,481,6.17
2026-09-11T11:42:59.694,1789107179.6942,2419,-164,-2.1,441,5.65
2026-09-11T11:42:59.696,1789107179.6962,2420,61,0.78,441,5.65
2026-09-11T11:42:59.707,1789107179.7075,2421,272,3.49,436,5.59
2026-09-11T11:42:59.710,1789107179.7102,2422,95,1.22,436,5.59
2026-09-11T11:42:59.713,1789107179.7132,2423,-168,-2.15,440,5.64
2026-09-11T11:42:59.714,1789107179.7142,2424,36,0.46,440,5.64
2026-09-11T11:42:59.720,1789107179.7208,2425,248,3.18,416,5.33
2026-09-11T11:42:59.723,1789107179.7230,2426,39,0.5,416,5.33
2026-09-11T11:42:59.730,1789107179.7300,2427,-253,-3.24,501,6.42
2026-09-11T11:42:59.747,1789107179.7475,2428,17,0.22,501,6.42
2026-09-11T11:42:59.751,1789107179.7517,2429,193,2.47,446,5.72
2026-09-11T11:42:59.755,1789107179.7557,2430,-32,-0.41,446,5.72
2026-09-11T11:42:59.759,1789107179.7597,2431,-304,-3.9,497,6.37
2026-09-11T11:42:59.763,1789107179.7637,2432,-2,-0.03,497,6.37
2026-09-11T11:42:59.768,1789107179.7687,2433,134,1.72,438,5.62
2026-09-11T11:42:59.772,1789107179.7730,2434,-86,-1.1,438,5.62
2026-09-11T11:42:59.778,1789107179.7789,2435,-346,-4.44,480,6.15
2026-09-11T11:42:59.780,1789107179.7809,2436,-197,-2.53,480,6.15
2026-09-11T11:42:59.787,1789107179.7871,2437,108,1.38,454,5.82
2026-09-11T11:42:59.789,1789107179.7891,2438,-104,-1.33,454,5.82
2026-09-11T11:42:59.791,1789107179.7911,2439,-348,-4.46,456,5.85
2026-09-11T11:42:59.797,1789107179.7973,2440,-187,-2.4,456,5.85
2026-09-11T11:42:59.803,1789107179.8035,2441,122,1.56,470,6.03
2026-09-11T11:42:59.809,1789107179.8095,2442,-119,-1.53,470,6.03
2026-09-11T11:42:59.815,1789107179.8151,2443,-342,-4.38,464,5.95
2026-09-11T11:42:59.818,1789107179.8182,2444,-133,-1.71,464,5.95
2026-09-11T11:42:59.821,1789107179.8212,2445,115,1.47,457,5.86
2026-09-11T11:42:59.829,1789107179.8294,2446,-113,-1.45,457,5.86
2026-09-11T11:42:59.831,1789107179.8314,2447,-325,-4.17,440,5.64
2026-09-11T11:42:59.837,1789107179.8375,2448,-72,-0.92,440,5.64
2026-09-11T11:42:59.843,1789107179.8440,2449,165,2.12,490,6.28
2026-09-11T11:42:59.847,1789107179.8480,2450,-108,-1.38,490,6.28
2026-09-11T11:42:59.863,1789107179.8633,2451,-268,-3.44,433,5.55
2026-09-11T11:42:59.865,1789107179.8653,2452,-27,-0.35,433,5.55
2026-09-11T11:42:59.866,1789107179.8663,2453,217,2.78,485,6.22
2026-09-11T11:42:59.870,1789107179.8703,2454,-116,-1.49,485,6.22
2026-09-11T11:42:59.872,1789107179.8723,2455,-224,-2.87,441,5.65
2026-09-11T11:42:59.874,1789107179.8745,2456,37,0.47,441,5.65
2026-09-11T11:42:59.881,1789107179.8817,2457,277,3.55,501,6.42
2026-09-11T11:42:59.887,1789107179.8877,2458,176,2.26,501,6.42
2026-09-11T11:42:59.888,1789107179.8887,2459,-144,-1.85,421,5.4
2026-09-11T11:42:59.896,1789107179.8963,2460,100,1.28,421,5.4
2026-09-11T11:42:59.907,1789107179.9076,2461,336,4.31,480,6.15
2026-09-11T11:42:59.917,1789107179.9172,2462,194,2.49,480,6.15
2026-09-11T11:42:59.923,1789107179.9232,2463,-106,-1.36,442,5.67
2026-09-11T11:42:59.929,1789107179.9291,2464,151,1.94,442,5.67
2026-09-11T11:42:59.931,1789107179.9312,2465,378,4.85,484,6.21
2026-09-11T11:42:59.933,1789107179.9335,2466,200,2.56,484,6.21
2026-09-11T11:42:59.937,1789107179.9376,2467,-48,-0.62,426,5.46
2026-09-11T11:42:59.943,1789107179.9437,2468,232,2.97,426,5.46
2026-09-11T11:42:59.947,1789107179.9478,2469,423,5.42,471,6.04
2026-09-11T11:42:59.949,1789107179.9498,2470,221,2.83,471,6.04
2026-09-11T11:42:59.956,1789107179.9565,2471,-36,-0.46,459,5.88
2026-09-11T11:42:59.962,1789107179.9627,2472,292,3.74,459,5.88
2026-09-11T11:42:59.964,1789107179.9647,2473,455,5.83,491,6.29
2026-09-11T11:42:59.966,1789107179.9667,2474,253,3.24,491,6.29
2026-09-11T11:42:59.970,1789107179.9707,2475,0,0.0,455,5.83
2026-09-11T11:42:59.977,1789107179.9778,2476,116,1.49,455,5.83
2026-09-11T11:42:59.978,1789107179.9788,2477,523,6.71,523,6.71
2026-09-11T11:42:59.986,1789107179.9870,2478,296,3.79,523,6.71
2026-09-11T11:42:59.996,1789107179.9962,2479,59,0.76,464,5.95
2026-09-11T11:42:59.997,1789107179.9972,2480,231,2.96,464,5.95
2026-09-11T11:43:00.005,1789107180.0055,2481,540,6.92,481,6.17
2026-09-11T11:43:00.006,1789107180.0065,2482,298,3.82,481,6.17
2026-09-11T11:43:00.013,1789107180.0139,2483,69,0.88,471,6.04
2026-09-11T11:43:00.018,1789107180.0184,2484,277,3.55,471,6.04
2026-09-11T11:43:00.028,1789107180.0282,2485,546,7.0,477,6.12
2026-09-11T11:43:00.030,1789107180.0302,2486,308,3.95,477,6.12
2026-09-11T11:43:00.034,1789107180.0347,2487,98,1.26,448,5.74
2026-09-11T11:43:00.036,1789107180.0367,2488,326,4.18,448,5.74
2026-09-11T11:43:00.043,1789107180.0440,2489,565,7.24,467,5.99
2026-09-11T11:43:00.047,1789107180.0480,2490,300,3.85,467,5.99
2026-09-11T11:43:00.056,1789107180.0561,2491,131,1.68,434,5.56
2026-09-11T11:43:00.059,1789107180.0591,2492,379,4.86,434,5.56
2026-09-11T11:43:00.064,1789107180.0641,2493,617,7.91,486,6.23
2026-09-11T11:43:00.065,1789107180.0651,2494,293,3.76,486,6.23
2026-09-11T11:43:00.071,1789107180.0711,2495,156,2.0,461,5.91
2026-09-11T11:43:00.073,1789107180.0734,2496,431,5.53,461,5.91
2026-09-11T11:43:00.079,1789107180.0793,2497,649,8.32,493,6.32
2026-09-11T11:43:00.086,1789107180.0865,2498,551,7.06,493,6.32
2026-09-11T11:43:00.098,1789107180.0988,2499,211,2.71,438,5.62
2026-09-11T11:43:00.103,1789107180.1040,2500,471,6.04,438,5.62
2026-09-11T11:43:00.110,1789107180.1109,2501,693,8.88,482,6.18
2026-09-11T11:43:00.113,1789107180.1139,2502,562,7.21,482,6.18
2026-09-11T11:43:00.119,1789107180.1195,2503,267,3.42,426,5.46
2026-09-11T11:43:00.124,1789107180.1247,2504,494,6.33,426,5.46
2026-09-11T11:43:00.131,1789107180.1319,2505,700,8.97,433,5.55
2026-09-11T11:43:00.135,1789107180.1359,2506,541,6.94,433,5.55
2026-09-11T11:43:00.145,1789107180.1452,2507,251,3.22,449,5.76
2026-09-11T11:43:00.147,1789107180.1472,2508,497,6.37,449,5.76
2026-09-11T11:43:00.148,1789107180.1482,2509,707,9.06,456,5.85
2026-09-11T11:43:00.151,1789107180.1512,2510,508,6.51,456,5.85
2026-09-11T11:43:00.156,1789107180.1564,2511,226,2.9,481,6.17
2026-09-11T11:43:00.159,1789107180.1594,2512,520,6.67,481,6.17
2026-09-11T11:43:00.165,1789107180.1654,2513,698,8.95,472,6.05
2026-09-11T11:43:00.169,1789107180.1694,2514,479,6.14,472,6.05
2026-09-11T11:43:00.174,1789107180.1746,2515,201,2.58,497,6.37
2026-09-11T11:43:00.177,1789107180.1776,2516,325,4.17,497,6.37
2026-09-11T11:43:00.186,1789107180.1868,2517,689,8.83,488,6.26
2026-09-11T11:43:00.189,1789107180.1898,2518,459,5.88,488,6.26
2026-09-11T11:43:00.191,1789107180.1919,2519,205,2.63,484,6.21
2026-09-11T11:43:00.198,1789107180.1989,2520,352,4.51,484,6.21
2026-09-11T11:43:00.207,1789107180.2071,2521,660,8.46,455,5.83
2026-09-11T11:43:00.211,1789107180.2111,2522,418,5.36,455,5.83
2026-09-11T11:43:00.214,1789107180.2141,2523,204,2.62,456,5.85
2026-09-11T11:43:00.216,1789107180.2166,2524,367,4.71,456,5.85
2026-09-11T11:43:00.227,1789107180.2278,2525,636,8.15,432,5.54
2026-09-11T11:43:00.230,1789107180.2308,2526,377,4.83,432,5.54
2026-09-11T11:43:00.234,1789107180.2350,2527,168,2.15,468,6.0
2026-09-11T11:43:00.237,1789107180.2372,2528,371,4.76,468,6.0
2026-09-11T11:43:00.243,1789107180.2434,2529,601,7.71,433,5.55
2026-09-11T11:43:00.247,1789107180.2479,2530,329,4.22,433,5.55
2026-09-11T11:43:00.257,1789107180.2578,2531,132,1.69,469,6.01
2026-09-11T11:43:00.261,1789107180.2618,2532,363,4.65,469,6.01
2026-09-11T11:43:00.264,1789107180.2648,2533,590,7.56,458,5.87
2026-09-11T11:43:00.264,1789107180.2648,2534,261,3.35,458,5.87
2026-09-11T11:43:00.270,1789107180.2708,2535,120,1.54,470,6.03
2026-09-11T11:43:00.276,1789107180.2761,2536,348,4.46,470,6.03
2026-09-11T11:43:00.279,1789107180.2791,2537,566,7.26,446,5.72
2026-09-11T11:43:00.285,1789107180.2855,2538,472,6.05,446,5.72
2026-09-11T11:43:00.298,1789107180.2987,2539,98,1.26,468,6.0
2026-09-11T11:43:00.301,1789107180.3017,2540,325,4.17,468,6.0
2026-09-11T11:43:00.307,1789107180.3077,2541,544,6.97,446,5.72
2026-09-11T11:43:00.309,1789107180.3097,2542,402,5.15,446,5.72
2026-09-11T11:43:00.318,1789107180.3185,2543,76,0.97,468,6.0
2026-09-11T11:43:00.323,1789107180.3232,2544,316,4.05,468,6.0
2026-09-11T11:43:00.328,1789107180.3284,2545,518,6.64,442,5.67
2026-09-11T11:43:00.332,1789107180.3325,2546,340,4.36,442,5.67
2026-09-11T11:43:00.333,1789107180.3335,2547,51,0.65,467,5.99
2026-09-11T11:43:00.341,1789107180.3417,2548,275,3.53,467,5.99
2026-09-11T11:43:00.343,1789107180.3437,2549,461,5.91,410,5.26
2026-09-11T11:43:00.348,1789107180.3487,2550,276,3.54,410,5.26
2026-09-11T11:43:00.359,1789107180.3599,2551,-29,-0.37,490,6.28
2026-09-11T11:43:00.362,1789107180.3629,2552,239,3.06,490,6.28
2026-09-11T11:43:00.363,1789107180.3639,2553,418,5.36,447,5.73
2026-09-11T11:43:00.364,1789107180.3649,2554,196,2.51,447,5.73
2026-09-11T11:43:00.374,1789107180.3742,2555,-85,-1.09,503,6.45
2026-09-11T11:43:00.375,1789107180.3752,2556,8,0.1,503,6.45
2026-09-11T11:43:00.384,1789107180.3844,2557,363,4.65,448,5.74
2026-09-11T11:43:00.388,1789107180.3884,2558,141,1.81,448,5.74
2026-09-11T11:43:00.391,1789107180.3914,2559,-139,-1.78,502,6.44
2026-09-11T11:43:00.398,1789107180.3986,2560,-3,-0.04,502,6.44
2026-09-11T11:43:00.408,1789107180.4088,2561,308,3.95,447,5.73
2026-09-11T11:43:00.417,1789107180.4179,2562,55,0.71,447,5.73
2026-09-11T11:43:00.421,1789107180.4217,2563,-185,-2.37,493,6.32
2026-09-11T11:43:00.425,1789107180.4257,2564,-28,-0.36,493,6.32
2026-09-11T11:43:00.427,1789107180.4277,2565,235,3.01,420,5.38
2026-09-11T11:43:00.429,1789107180.4297,2566,2,0.03,420,5.38
2026-09-11T11:43:00.434,1789107180.4344,2567,-230,-2.95,465,5.96
2026-09-11T11:43:00.439,1789107180.4394,2568,-25,-0.32,465,5.96
2026-09-11T11:43:00.441,1789107180.4414,2569,199,2.55,429,5.5
2026-09-11T11:43:00.450,1789107180.4505,2570,-42,-0.54,429,5.5
2026-09-11T11:43:00.454,1789107180.4547,2571,-250,-3.21,449,5.76
2026-09-11T11:43:00.456,1789107180.4567,2572,-25,-0.32,449,5.76
2026-09-11T11:43:00.459,1789107180.4597,2573,187,2.4,437,5.6
2026-09-11T11:43:00.465,1789107180.4657,2574,-107,-1.37,437,5.6
2026-09-11T11:43:00.469,1789107180.4697,2575,-258,-3.31,445,5.71
2026-09-11T11:43:00.489,1789107180.4892,2576,-41,-0.53,445,5.71
2026-09-11T11:43:00.496,1789107180.4966,2577,183,2.35,441,5.65
2026-09-11T11:43:00.498,1789107180.4986,2578,86,1.1,441,5.65
2026-09-11T11:43:00.500,1789107180.5006,2579,-277,-3.55,460,5.9
2026-09-11T11:43:00.503,1789107180.5038,2580,-48,-0.62,460,5.9
2026-09-11T11:43:00.513,1789107180.5138,2581,172,2.21,449,5.76
2026-09-11T11:43:00.515,1789107180.5158,2582,47,0.6,449,5.76
2026-09-11T11:43:00.521,1789107180.5211,2583,-284,-3.64,456,5.85
2026-09-11T11:43:00.522,1789107180.5225,2584,-43,-0.55,456,5.85
2026-09-11T11:43:00.523,1789107180.5235,2585,161,2.06,445,5.71
2026-09-11T11:43:00.530,1789107180.5305,2586,28,0.36,445,5.71
2026-09-11T11:43:00.531,1789107180.5318,2587,-268,-3.44,429,5.5
2026-09-11T11:43:00.537,1789107180.5378,2588,-49,-0.63,429,5.5
2026-09-11T11:43:00.539,1789107180.5398,2589,143,1.83,411,5.27
2026-09-11T11:43:00.546,1789107180.5470,2590,-38,-0.49,411,5.27
2026-09-11T11:43:00.556,1789107180.5563,2591,-310,-3.97,453,5.81
2026-09-11T11:43:00.559,1789107180.5593,2592,-43,-0.55,453,5.81
2026-09-11T11:43:00.565,1789107180.5653,2593,133,1.71,443,5.68
2026-09-11T11:43:00.568,1789107180.5683,2594,-68,-0.87,443,5.68
2026-09-11T11:43:00.574,1789107180.5745,2595,-340,-4.36,473,6.06
2026-09-11T11:43:00.575,1789107180.5755,2596,-254,-3.26,473,6.06
2026-09-11T11:43:00.583,1789107180.5838,2597,115,1.47,455,5.83
2026-09-11T11:43:00.586,1789107180.5869,2598,-94,-1.21,455,5.83
2026-09-11T11:43:00.598,1789107180.5981,2599,-353,-4.53,468,6.0
2026-09-11T11:43:00.601,1789107180.6015,2600,-224,-2.87,468,6.0
2026-09-11T11:43:00.604,1789107180.6045,2601,97,1.24,450,5.77
2026-09-11T11:43:00.610,1789107180.6105,2602,-131,-1.68,450,5.77
2026-09-11T11:43:00.613,1789107180.6135,2603,-367,-4.71,464,5.95
2026-09-11T11:43:00.620,1789107180.6200,2604,-209,-2.68,464,5.95
2026-09-11T11:43:00.621,1789107180.6210,2605,83,1.06,450,5.77
2026-09-11T11:43:00.628,1789107180.6282,2606,-161,-2.06,450,5.77
2026-09-11T11:43:00.628,1789107180.6282,2607,-368,-4.72,451,5.78
2026-09-11T11:43:00.635,1789107180.6352,2608,-183,-2.35,451,5.78
2026-09-11T11:43:00.641,1789107180.6417,2609,50,0.64,418,5.36
2026-09-11T11:43:00.644,1789107180.6445,2610,-171,-2.19,418,5.36
2026-09-11T11:43:00.666,1789107180.6666,2611,-374,-4.79,424,5.44
2026-09-11T11:43:00.672,1789107180.6725,2612,-156,-2.0,424,5.44
2026-09-11T11:43:00.673,1789107180.6735,2613,72,0.92,446,5.72
2026-09-11T11:43:00.676,1789107180.6762,2614,-192,-2.46,446,5.72
2026-09-11T11:43:00.681,1789107180.6813,2615,-364,-4.67,436,5.59
2026-09-11T11:43:00.682,1789107180.6824,2616,-126,-1.62,436,5.59
2026-09-11T11:43:00.684,1789107180.6844,2617,74,0.95,438,5.62
2026-09-11T11:43:00.689,1789107180.6894,2618,6,0.08,438,5.62
2026-09-11T11:43:00.694,1789107180.6947,2619,-365,-4.68,439,5.63
2026-09-11T11:43:00.695,1789107180.6957,2620,-112,-1.44,439,5.63
2026-09-11T11:43:00.708,1789107180.7083,2621,109,1.4,474,6.08
2026-09-11T11:43:00.711,1789107180.7110,2622,8,0.1,474,6.08
2026-09-11T11:43:00.713,1789107180.7132,2623,-347,-4.45,456,5.85
2026-09-11T11:43:00.718,1789107180.7190,2624,-89,-1.14,456,5.85
2026-09-11T11:43:00.720,1789107180.7205,2625,119,1.53,466,5.97
2026-09-11T11:43:00.725,1789107180.7256,2626,-21,-0.27,466,5.97
2026-09-11T11:43:00.733,1789107180.7338,2627,-285,-3.65,404,5.18
2026-09-11T11:43:00.735,1789107180.7358,2628,-71,-0.91,404,5.18
2026-09-11T11:43:00.742,1789107180.7430,2629,133,1.71,418,5.36
2026-09-11T11:43:00.748,1789107180.7489,2630,-31,-0.4,418,5.36
2026-09-11T11:43:00.753,1789107180.7533,2631,-319,-4.09,452,5.79
2026-09-11T11:43:00.759,1789107180.7593,2632,-33,-0.42,452,5.79
2026-09-11T11:43:00.762,1789107180.7623,2633,183,2.35,502,6.44
2026-09-11T11:43:00.774,1789107180.7745,2634,-21,-0.27,502,6.44
2026-09-11T11:43:00.778,1789107180.7785,2635,-293,-3.76,476,6.1
2026-09-11T11:43:00.780,1789107180.7805,2636,-204,-2.62,476,6.1
2026-09-11T11:43:00.781,1789107180.7817,2637,756,9.69,1049,13.45
2026-09-11T11:43:00.787,1789107180.7877,2638,461,5.91,1049,13.45
2026-09-11T11:43:00.794,1789107180.7949,2639,-41,-0.53,960,12.31
2026-09-11T11:43:00.795,1789107180.7959,2640,227,2.91,797,10.22
2026-09-11T11:43:00.805,1789107180.8053,2641,1096,14.05,1137,14.58
2026-09-11T11:43:00.810,1789107180.8103,2642,591,7.58,1137,14.58
2026-09-11T11:43:00.812,1789107180.8122,2643,-59,-0.76,1155,14.81
2026-09-11T11:43:00.814,1789107180.8142,2644,241,3.09,1155,14.81
2026-09-11T11:43:00.822,1789107180.8221,2645,780,10.0,839,10.76
2026-09-11T11:43:00.834,1789107180.8344,2646,457,5.86,839,10.76
2026-09-11T11:43:00.839,1789107180.8394,2647,-169,-2.17,949,12.17
2026-09-11T11:43:00.843,1789107180.8437,2648,204,2.62,949,12.17
2026-09-11T11:43:00.845,1789107180.8457,2649,759,9.73,928,11.9
2026-09-11T11:43:00.849,1789107180.8497,2650,277,3.55,928,11.9
2026-09-11T11:43:00.861,1789107180.8610,2651,-320,-4.1,1079,13.83
2026-09-11T11:43:00.866,1789107180.8660,2652,145,1.86,1079,13.83
2026-09-11T11:43:00.870,1789107180.8700,2653,716,9.18,1036,13.28
2026-09-11T11:43:00.876,1789107180.8763,2654,87,1.12,1036,13.28
2026-09-11T11:43:00.879,1789107180.8793,2655,-442,-5.67,1158,14.85
2026-09-11T11:43:00.882,1789107180.8826,2656,92,1.18,1158,14.85
2026-09-11T11:43:00.884,1789107180.8846,2657,672,8.62,1114,14.28
2026-09-11T11:43:00.885,1789107180.8856,2658,577,7.4,1114,14.28
2026-09-11T11:43:00.893,1789107180.8930,2659,-529,-6.78,1201,15.4
2026-09-11T11:43:00.895,1789107180.8950,2660,57,0.73,1201,15.4
2026-09-11T11:43:00.908,1789107180.9083,2661,621,7.96,1150,14.74
2026-09-11T11:43:00.910,1789107180.9103,2662,407,5.22,1150,14.74
2026-09-11T11:43:00.913,1789107180.9133,2663,-582,-7.46,1203,15.42
2026-09-11T11:43:00.916,1789107180.9168,2664,28,0.36,1203,15.42
2026-09-11T11:43:00.925,1789107180.9251,2665,584,7.49,1166,14.95
2026-09-11T11:43:00.929,1789107180.9291,2666,282,3.62,1166,14.95
2026-09-11T11:43:00.932,1789107180.9323,2667,-423,-5.42,1007,12.91
2026-09-11T11:43:00.934,1789107180.9343,2668,-3,-0.04,1007,12.91
2026-09-11T11:43:00.943,1789107180.9434,2669,525,6.73,948,12.15
2026-09-11T11:43:00.948,1789107180.9484,2670,143,1.83,948,12.15
2026-09-11T11:43:00.956,1789107180.9567,2671,-546,-7.0,1071,13.73
2026-09-11T11:43:00.959,1789107180.9597,2672,-29,-0.37,1071,13.73
2026-09-11T11:43:00.964,1789107180.9647,2673,423,5.42,969,12.42
2026-09-11T11:43:00.965,1789107180.9657,2674,25,0.32,969,12.42
2026-09-11T11:43:00.972,1789107180.9721,2675,-647,-8.29,1070,13.72
2026-09-11T11:43:00.976,1789107180.9761,2676,-544,-6.97,1070,13.72
2026-09-11T11:43:00.979,1789107180.9791,2677,262,3.36,909,11.65
2026-09-11T11:43:00.986,1789107180.9862,2678,-151,-1.94,909,11.65
2026-09-11T11:43:00.988,1789107180.9882,2679,-698,-8.95,960,12.31
2026-09-11T11:43:01.007,1789107181.0075,2680,-508,-6.51,960,12.31
2026-09-11T11:43:01.013,1789107181.0137,2681,-45,-0.58,653,8.37
2026-09-11T11:43:01.014,1789107181.0147,2682,-337,-4.32,653,8.37
2026-09-11T11:43:01.017,1789107181.0172,2683,-635,-8.14,590,7.56
2026-09-11T11:43:01.020,1789107181.0202,2684,-477,-6.12,590,7.56
2026-09-11T11:43:01.024,1789107181.0244,2685,-239,-3.06,396,5.08
2026-09-11T11:43:01.028,1789107181.0284,2686,-390,-5.0,396,5.08
2026-09-11T11:43:01.033,1789107181.0336,2687,-636,-8.15,397,5.09
2026-09-11T11:43:01.035,1789107181.0356,2688,-454,-5.82,397,5.09
2026-09-11T11:43:01.045,1789107181.0458,2689,-228,-2.92,408,5.23
2026-09-11T11:43:01.046,1789107181.0468,2690,-410,-5.26,408,5.23
2026-09-11T11:43:01.055,1789107181.0551,2691,-645,-8.27,417,5.35
2026-09-11T11:43:01.057,1789107181.0571,2692,-438,-5.62,417,5.35
2026-09-11T11:43:01.064,1789107181.0641,2693,-204,-2.62,441,5.65
2026-09-11T11:43:01.066,1789107181.0661,2694,-435,-5.58,441,5.65
2026-09-11T11:43:01.074,1789107181.0744,2695,-641,-8.22,437,5.6
2026-09-11T11:43:01.075,1789107181.0755,2696,-415,-5.32,437,5.6
2026-09-11T11:43:01.083,1789107181.0836,2697,-181,-2.32,460,5.9
2026-09-11T11:43:01.089,1789107181.0896,2698,-200,-2.56,460,5.9
2026-09-11T11:43:01.091,1789107181.0917,2699,-606,-7.77,425,5.45
2026-09-11T11:43:01.098,1789107181.0984,2700,-380,-4.87,425,5.45
2026-09-11T11:43:01.104,1789107181.1045,2701,-142,-1.82,464,5.95
2026-09-11T11:43:01.114,1789107181.1143,2702,-229,-2.94,464,5.95
2026-09-11T11:43:01.115,1789107181.1159,2703,-607,-7.78,465,5.96
2026-09-11T11:43:01.120,1789107181.1201,2704,-356,-4.56,465,5.96
2026-09-11T11:43:01.121,1789107181.1218,2705,-123,-1.58,484,6.21
2026-09-11T11:43:01.127,1789107181.1279,2706,-234,-3.0,484,6.21
2026-09-11T11:43:01.130,1789107181.1310,2707,-510,-6.54,387,4.96
2026-09-11T11:43:01.137,1789107181.1371,2708,-321,-4.12,387,4.96
2026-09-11T11:43:01.143,1789107181.1433,2709,-116,-1.49,394,5.05
2026-09-11T11:43:01.144,1789107181.1443,2710,-268,-3.44,394,5.05
2026-09-11T11:43:01.156,1789107181.1564,2711,-538,-6.9,422,5.41
2026-09-11T11:43:01.156,1789107181.1564,2712,-298,-3.82,422,5.41
2026-09-11T11:43:01.162,1789107181.1624,2713,-81,-1.04,457,5.86
2026-09-11T11:43:01.173,1789107181.1735,2714,-253,-3.24,457,5.86
2026-09-11T11:43:01.181,1789107181.1820,2715,-548,-7.03,467,5.99
2026-09-11T11:43:01.186,1789107181.1860,2716,-490,-6.28,467,5.99
2026-09-11T11:43:01.188,1789107181.1890,2717,-47,-0.6,501,6.42
2026-09-11T11:43:01.197,1789107181.1972,2718,-238,-3.05,501,6.42
2026-09-11T11:43:01.200,1789107181.2002,2719,-514,-6.59,467,5.99
2026-09-11T11:43:01.205,1789107181.2053,2720,-428,-5.49,467,5.99
2026-09-11T11:43:01.213,1789107181.2133,2721,-25,-0.32,489,6.27
2026-09-11T11:43:01.220,1789107181.2205,2722,-253,-3.24,489,6.27
2026-09-11T11:43:01.222,1789107181.2227,2723,-520,-6.67,495,6.35
2026-09-11T11:43:01.224,1789107181.2247,2724,-382,-4.9,495,6.35
2026-09-11T11:43:01.228,1789107181.2287,2725,-141,-1.81,379,4.86
2026-09-11T11:43:01.231,1789107181.2318,2726,-256,-3.28,379,4.86
2026-09-11T11:43:01.232,1789107181.2328,2727,-503,-6.45,362,4.64
2026-09-11T11:43:01.236,1789107181.2368,2728,-341,-4.37,362,4.64
2026-09-11T11:43:01.238,1789107181.2388,2729,-124,-1.59,379,4.86
2026-09-11T11:43:01.246,1789107181.2469,2730,-267,-3.42,379,4.86
2026-09-11T11:43:01.256,1789107181.2561,2731,-506,-6.49,382,4.9
2026-09-11T11:43:01.258,1789107181.2581,2732,-324,-4.15,382,4.9
2026-09-11T11:43:01.265,1789107181.2651,2733,-91,-1.17,415,5.32
2026-09-11T11:43:01.270,1789107181.2701,2734,-294,-3.77,415,5.32
2026-09-11T11:43:01.275,1789107181.2753,2735,-501,-6.42,410,5.26
2026-09-11T11:43:01.276,1789107181.2763,2736,-279,-3.58,410,5.26
2026-09-11T11:43:01.285,1789107181.2854,2737,-54,-0.69,447,5.73
2026-09-11T11:43:01.287,1789107181.2874,2738,-74,-0.95,447,5.73
2026-09-11T11:43:01.297,1789107181.2976,2739,-488,-6.26,434,5.56
2026-09-11T11:43:01.300,1789107181.3006,2740,-258,-3.31,434,5.56
2026-09-11T11:43:01.305,1789107181.3057,2741,-21,-0.27,467,5.99
2026-09-11T11:43:01.310,1789107181.3107,2742,-93,-1.19,467,5.99
2026-09-11T11:43:01.314,1789107181.3147,2743,-468,-6.0,447,5.73
2026-09-11T11:43:01.318,1789107181.3182,2744,-226,-2.9,447,5.73
2026-09-11T11:43:01.323,1789107181.3234,2745,-1,-0.01,467,5.99
2026-09-11T11:43:01.328,1789107181.3287,2746,-93,-1.19,467,5.99
2026-09-11T11:43:01.330,1789107181.3307,2747,-357,-4.58,356,4.56
2026-09-11T11:43:01.335,1789107181.3352,2748,-209,-2.68,356,4.56
2026-09-11T11:43:01.341,1789107181.3412,2749,11,0.14,368,4.72
2026-09-11T11:43:01.344,1789107181.3444,2750,-109,-1.4,368,4.72
2026-09-11T11:43:01.365,1789107181.3656,2751,-372,-4.77,383,4.91
2026-09-11T11:43:01.368,1789107181.3686,2752,-185,-2.37,383,4.91
2026-09-11T11:43:01.373,1789107181.3731,2753,44,0.56,416,5.33
2026-09-11T11:43:01.378,1789107181.3781,2754,-129,-1.65,416,5.33
2026-09-11T11:43:01.380,1789107181.3801,2755,-420,-5.38,464,5.95
2026-09-11T11:43:01.384,1789107181.3842,2756,-386,-4.95,464,5.95
2026-09-11T11:43:01.389,1789107181.3892,2757,32,0.41,452,5.79
2026-09-11T11:43:01.393,1789107181.3934,2758,-141,-1.81,452,5.79
2026-09-11T11:43:01.399,1789107181.3994,2759,-440,-5.64,472,6.05
2026-09-11T11:43:01.404,1789107181.4046,2760,-346,-4.44,472,6.05
2026-09-11T11:43:01.415,1789107181.4151,2761,52,0.67,492,6.31
2026-09-11T11:43:01.417,1789107181.4175,2762,-157,-2.01,492,6.31
2026-09-11T11:43:01.424,1789107181.4244,2763,-420,-5.38,472,6.05
2026-09-11T11:43:01.427,1789107181.4274,2764,-314,-4.03,472,6.05
2026-09-11T11:43:01.428,1789107181.4284,2765,-89,-1.14,331,4.24
2026-09-11T11:43:01.431,1789107181.4314,2766,-169,-2.17,331,4.24
2026-09-11T11:43:01.432,1789107181.4325,2767,-424,-5.44,335,4.29
2026-09-11T11:43:01.437,1789107181.4371,2768,-255,-3.27,335,4.29
2026-09-11T11:43:01.444,1789107181.4443,2769,-30,-0.38,394,5.05
2026-09-11T11:43:01.446,1789107181.4463,2770,-166,-2.13,394,5.05
2026-09-11T11:43:01.458,1789107181.4587,2771,-393,-5.04,363,4.65
2026-09-11T11:43:01.460,1789107181.4607,2772,-224,-2.87,363,4.65
2026-09-11T11:43:01.462,1789107181.4627,2773,17,0.22,410,5.26
2026-09-11T11:43:01.466,1789107181.4667,2774,-171,-2.19,410,5.26
2026-09-11T11:43:01.471,1789107181.4717,2775,-390,-5.0,407,5.22
2026-09-11T11:43:01.475,1789107181.4758,2776,-185,-2.37,407,5.22
2026-09-11T11:43:01.480,1789107181.4808,2777,44,0.56,434,5.56
2026-09-11T11:43:01.492,1789107181.4923,2778,60,0.77,450,5.77
2026-09-11T11:43:01.494,1789107181.4943,2779,-380,-4.87,440,5.64
2026-09-11T11:43:01.505,1789107181.5054,2780,-146,-1.87,440,5.64
2026-09-11T11:43:01.513,1789107181.5130,2781,74,0.95,454,5.82
2026-09-11T11:43:01.514,1789107181.5146,2782,42,0.54,454,5.82
2026-09-11T11:43:01.516,1789107181.5162,2783,-377,-4.83,451,5.78
2026-09-11T11:43:01.520,1789107181.5205,2784,-136,-1.74,451,5.78
2026-09-11T11:43:01.523,1789107181.5238,2785,101,1.29,478,6.13
2026-09-11T11:43:01.527,1789107181.5274,2786,12,0.15,478,6.13
2026-09-11T11:43:01.532,1789107181.5326,2787,-252,-3.23,353,4.53
2026-09-11T11:43:01.535,1789107181.5356,2788,-102,-1.31,353,4.53
2026-09-11T11:43:01.539,1789107181.5396,2789,107,1.37,359,4.6
2026-09-11T11:43:01.545,1789107181.5458,2790,-10,-0.13,359,4.6
2026-09-11T11:43:01.551,1789107181.5519,2791,-290,-3.72,397,5.09
2026-09-11T11:43:01.556,1789107181.5569,2792,-83,-1.06,397,5.09
2026-09-11T11:43:01.570,1789107181.5709,2793,121,1.55,411,5.27
2026-09-11T11:43:01.575,1789107181.5751,2794,-31,-0.4,411,5.27
2026-09-11T11:43:01.581,1789107181.5811,2795,-315,-4.04,436,5.59
2026-09-11T11:43:01.585,1789107181.5853,2796,-318,-4.08,439,5.63
2026-09-11T11:43:01.588,1789107181.5883,2797,132,1.69,450,5.77
2026-09-11T11:43:01.592,1789107181.5925,2798,-49,-0.63,450,5.77
2026-09-11T11:43:01.597,1789107181.5975,2799,-333,-4.27,465,5.96
2026-09-11T11:43:01.601,1789107181.6016,2800,-279,-3.58,465,5.96
2026-09-11T11:43:01.612,1789107181.6126,2801,142,1.82,475,6.09
2026-09-11T11:43:01.619,1789107181.6191,2802,-55,-0.71,475,6.09
2026-09-11T11:43:01.621,1789107181.6211,2803,-354,-4.54,496,6.36
2026-09-11T11:43:01.624,1789107181.6243,2804,-245,-3.14,496,6.36
2026-09-11T11:43:01.627,1789107181.6273,2805,-28,-0.36,326,4.18
2026-09-11T11:43:01.629,1789107181.6293,2806,-81,-1.04,326,4.18
2026-09-11T11:43:01.631,1789107181.6313,2807,-356,-4.56,328,4.21
2026-09-11T11:43:01.638,1789107181.6384,2808,-215,-2.76,328,4.21
2026-09-11T11:43:01.640,1789107181.6404,2809,6,0.08,362,4.64
2026-09-11T11:43:01.647,1789107181.6475,2810,-106,-1.36,362,4.64
2026-09-11T11:43:01.655,1789107181.6559,2811,-354,-4.54,360,4.62
2026-09-11T11:43:01.657,1789107181.6579,2812,-189,-2.42,360,4.62
2026-09-11T11:43:01.660,1789107181.6609,2813,32,0.41,386,4.95
2026-09-11T11:43:01.667,1789107181.6679,2814,-133,-1.71,386,4.95
2026-09-11T11:43:01.671,1789107181.6711,2815,-344,-4.41,376,4.82
2026-09-11T11:43:01.677,1789107181.6774,2816,-151,-1.94,376,4.82
2026-09-11T11:43:01.679,1789107181.6794,2817,86,1.1,430,5.51
2026-09-11T11:43:01.688,1789107181.6882,2818,114,1.46,458,5.87
2026-09-11T11:43:01.693,1789107181.6935,2819,-334,-4.28,448,5.74
2026-09-11T11:43:01.695,1789107181.6955,2820,-117,-1.5,448,5.74
2026-09-11T11:43:01.705,1789107181.7050,2821,119,1.53,453,5.81
2026-09-11T11:43:01.707,1789107181.7070,2822,95,1.22,453,5.81
2026-09-11T11:43:01.715,1789107181.7150,2823,-265,-3.4,384,4.92
2026-09-11T11:43:01.716,1789107181.7165,2824,-40,-0.51,384,4.92
2026-09-11T11:43:01.720,1789107181.7206,2825,184,2.36,449,5.76
2026-09-11T11:43:01.726,1789107181.7269,2826,128,1.64,449,5.76
2026-09-11T11:43:01.728,1789107181.7289,2827,-125,-1.6,309,3.96
2026-09-11T11:43:01.735,1789107181.7351,2828,-19,-0.24,309,3.96
2026-09-11T11:43:01.739,1789107181.7391,2829,201,2.58,326,4.18
2026-09-11T11:43:01.753,1789107181.7534,2830,100,1.28,326,4.18
2026-09-11T11:43:01.764,1789107181.7644,2831,-188,-2.41,389,4.99
2026-09-11T11:43:01.765,1789107181.7654,2832,-11,-0.14,389,4.99
2026-09-11T11:43:01.770,1789107181.7704,2833,197,2.53,385,4.94
2026-09-11T11:43:01.776,1789107181.7766,2834,33,0.42,385,4.94
2026-09-11T11:43:01.782,1789107181.7828,2835,-228,-2.92,425,5.45
2026-09-11T11:43:01.786,1789107181.7868,2836,-259,-3.32,456,5.85
2026-09-11T11:43:01.791,1789107181.7920,2837,198,2.54,457,5.86
2026-09-11T11:43:01.792,1789107181.7930,2838,14,0.18,457,5.86
2026-09-11T11:43:01.801,1789107181.8013,2839,-262,-3.36,460,5.9
2026-09-11T11:43:01.802,1789107181.8023,2840,-241,-3.09,460,5.9
2026-09-11T11:43:01.807,1789107181.8073,2841,180,2.31,442,5.67
2026-09-11T11:43:01.809,1789107181.8093,2842,-17,-0.22,442,5.67
2026-09-11T11:43:01.812,1789107181.8123,2843,-293,-3.76,473,6.06
2026-09-11T11:43:01.817,1789107181.8179,2844,-216,-2.77,473,6.06
2026-09-11T11:43:01.819,1789107181.8199,2845,13,0.17,306,3.92
2026-09-11T11:43:01.827,1789107181.8271,2846,-48,-0.62,306,3.92
2026-09-11T11:43:01.834,1789107181.8344,2847,-320,-4.1,333,4.27
2026-09-11T11:43:01.836,1789107181.8363,2848,-190,-2.44,333,4.27
2026-09-11T11:43:01.844,1789107181.8446,2849,38,0.49,358,4.59
2026-09-11T11:43:01.846,1789107181.8466,2850,-50,-0.64,358,4.59
2026-09-11T11:43:01.855,1789107181.8552,2851,-318,-4.08,356,4.56
2026-09-11T11:43:01.857,1789107181.8573,2852,-153,-1.96,356,4.56
2026-09-11T11:43:01.864,1789107181.8643,2853,68,0.87,386,4.95
2026-09-11T11:43:01.866,1789107181.8663,2854,-61,-0.78,386,4.95
2026-09-11T11:43:01.876,1789107181.8764,2855,-297,-3.81,365,4.68
2026-09-11T11:43:01.879,1789107181.8794,2856,-112,-1.44,365,4.68
2026-09-11T11:43:01.881,1789107181.8818,2857,113,1.45,410,5.26
2026-09-11T11:43:01.889,1789107181.8890,2858,148,1.9,445,5.71
2026-09-11T11:43:01.891,1789107181.8910,2859,-284,-3.64,432,5.54
2026-09-11T11:43:01.897,1789107181.8973,2860,-91,-1.17,432,5.54
2026-09-11T11:43:01.905,1789107181.9056,2861,137,1.76,432,5.54
2026-09-11T11:43:01.906,1789107181.9066,2862,133,1.71,421,5.4
2026-09-11T11:43:01.912,1789107181.9126,2863,-311,-3.99,448,5.74
2026-09-11T11:43:01.915,1789107181.9153,2864,-82,-1.05,448,5.74
2026-09-11T11:43:01.922,1789107181.9222,2865,142,1.82,453,5.81
2026-09-11T11:43:01.924,1789107181.9250,2866,106,1.36,453,5.81
2026-09-11T11:43:01.940,1789107181.9410,2867,-159,-2.04,301,3.86
2026-09-11T11:43:01.947,1789107181.9472,2868,-61,-0.78,301,3.86
2026-09-11T11:43:01.949,1789107181.9492,2869,159,2.04,318,4.08
2026-09-11T11:43:01.951,1789107181.9512,2870,59,0.76,318,4.08
2026-09-11T11:43:01.960,1789107181.9604,2871,-197,-2.53,356,4.56
2026-09-11T11:43:01.964,1789107181.9644,2872,-71,-0.91,356,4.56
2026-09-11T11:43:01.967,1789107181.9674,2873,101,1.29,298,3.82
2026-09-11T11:43:01.972,1789107181.9729,2874,-80,-1.03,298,3.82
2026-09-11T11:43:01.979,1789107181.9799,2875,-403,-5.17,504,6.46
2026-09-11T11:43:01.980,1789107181.9809,2876,-446,-5.72,547,7.01
2026-09-11T11:43:01.986,1789107181.9861,2877,-1165,-14.94,1085,13.91
2026-09-11T11:43:01.988,1789107181.9881,2878,-956,-12.26,762,9.77
2026-09-11T11:43:01.991,1789107181.9911,2879,-445,-5.71,720,9.23
2026-09-11T11:43:01.995,1789107181.9953,2880,-459,-5.88,720,9.23
2026-09-11T11:43:02.007,1789107182.0076,2881,-1489,-19.09,1044,13.38
2026-09-11T11:43:02.010,1789107182.0106,2882,-1031,-13.22,1044,13.38
2026-09-11T11:43:02.014,1789107182.0146,2883,-223,-2.86,1266,16.23
2026-09-11T11:43:02.018,1789107182.0182,2884,-346,-4.44,1266,16.23
2026-09-11T11:43:02.020,1789107182.0202,2885,-1001,-12.83,808,10.36
2026-09-11T11:43:02.027,1789107182.0274,2886,-855,-10.96,778,9.97
2026-09-11T11:43:02.034,1789107182.0346,2887,52,0.67,1053,13.5
2026-09-11T11:43:02.038,1789107182.0386,2888,-204,-2.62,1053,13.5
2026-09-11T11:43:02.049,1789107182.0498,2889,-879,-11.27,931,11.94
2026-09-11T11:43:02.053,1789107182.0534,2890,-603,-7.73,931,11.94
2026-09-11T11:43:02.057,1789107182.0574,2891,300,3.85,1179,15.12
2026-09-11T11:43:02.058,1789107182.0584,2892,-86,-1.1,1179,15.12
2026-09-11T11:43:02.063,1789107182.0634,2893,-765,-9.81,1065,13.65
2026-09-11T11:43:02.067,1789107182.0674,2894,-338,-4.33,1065,13.65
2026-09-11T11:43:02.072,1789107182.0727,2895,459,5.88,1224,15.69
2026-09-11T11:43:02.075,1789107182.0757,2896,-34,-0.44,1224,15.69
2026-09-11T11:43:02.080,1789107182.0807,2897,-714,-9.15,1173,15.04
2026-09-11T11:43:02.083,1789107182.0839,2898,-915,-11.73,1374,17.62
2026-09-11T11:43:02.090,1789107182.0910,2899,585,7.5,1500,19.23
2026-09-11T11:43:02.096,1789107182.0962,2900,2,0.03,1500,19.23
2026-09-11T11:43:02.116,1789107182.1162,2901,-666,-8.54,1500,19.23
2026-09-11T11:43:02.121,1789107182.1212,2902,-707,-9.06,1292,16.56
2026-09-11T11:43:02.123,1789107182.1234,2903,599,7.68,1306,16.74
2026-09-11T11:43:02.124,1789107182.1244,2904,5,0.06,1306,16.74
2026-09-11T11:43:02.127,1789107182.1274,2905,-571,-7.32,1306,16.74
2026-09-11T11:43:02.132,1789107182.1325,2906,-469,-6.01,1170,15.0
2026-09-11T11:43:02.135,1789107182.1355,2907,173,2.22,744,9.54
2026-09-11T11:43:02.138,1789107182.1385,2908,-6,-0.08,744,9.54
2026-09-11T11:43:02.141,1789107182.1418,2909,-450,-5.77,642,8.23
2026-09-11T11:43:02.146,1789107182.1468,2910,-264,-3.38,623,7.99
2026-09-11T11:43:02.158,1789107182.1580,2911,229,2.94,679,8.71
2026-09-11T11:43:02.161,1789107182.1610,2912,-9,-0.12,679,8.71
2026-09-11T11:43:02.163,1789107182.1630,2913,-317,-4.06,546,7.0
2026-09-11T11:43:02.165,1789107182.1651,2914,-148,-1.9,546,7.0
2026-09-11T11:43:02.172,1789107182.1721,2915,216,2.77,533,6.83
2026-09-11T11:43:02.175,1789107182.1753,2916,264,3.38,581,7.45
2026-09-11T11:43:02.182,1789107182.1824,2917,-209,-2.68,473,6.06
2026-09-11T11:43:02.186,1789107182.1864,2918,-52,-0.67,473,6.06
2026-09-11T11:43:02.192,1789107182.1926,2919,140,1.79,473,6.06
2026-09-11T11:43:02.197,1789107182.1976,2920,87,1.12,349,4.47
2026-09-11T11:43:02.205,1789107182.2059,2921,87,1.12,192,2.46
2026-09-11T11:43:02.208,1789107182.2090,2922,98,1.26,53,0.68
2026-09-11T11:43:02.210,1789107182.2109,2923,-46,-0.59,144,1.85
2026-09-11T11:43:02.220,1789107182.2205,2924,-62,-0.79,160,2.05
2026-09-11T11:43:02.223,1789107182.2236,2925,119,1.53,181,2.32
2026-09-11T11:43:02.226,1789107182.2267,2926,125,1.6,187,2.4
2026-09-11T11:43:02.231,1789107182.2320,2927,-132,-1.69,257,3.29
2026-09-11T11:43:02.235,1789107182.2360,2928,-47,-0.6,257,3.29
2026-09-11T11:43:02.244,1789107182.2443,2929,157,2.01,289,3.71
2026-09-11T11:43:02.247,1789107182.2473,2930,95,1.22,289,3.71
2026-09-11T11:43:02.253,1789107182.2530,2931,-181,-2.32,338,4.33
2026-09-11T11:43:02.258,1789107182.2580,2932,-44,-0.56,338,4.33
2026-09-11T11:43:02.264,1789107182.2640,2933,144,1.85,325,4.17
2026-09-11T11:43:02.264,1789107182.2640,2934,50,0.64,325,4.17
2026-09-11T11:43:02.281,1789107182.2814,2935,-194,-2.49,338,4.33
2026-09-11T11:43:02.288,1789107182.2886,2936,-49,-0.63,338,4.33
2026-09-11T11:43:02.289,1789107182.2896,2937,171,2.19,365,4.68
2026-09-11T11:43:02.292,1789107182.2929,2938,250,3.21,444,5.69
2026-09-11T11:43:02.295,1789107182.2959,2939,-207,-2.65,457,5.86
2026-09-11T11:43:02.300,1789107182.3009,2940,-30,-0.38,457,5.86
2026-09-11T11:43:02.308,1789107182.3080,2941,194,2.49,457,5.86
2026-09-11T11:43:02.312,1789107182.3120,2942,217,2.78,424,5.44
2026-09-11T11:43:02.315,1789107182.3157,2943,-223,-2.86,440,5.64
2026-09-11T11:43:02.321,1789107182.3218,2944,-18,-0.23,440,5.64
2026-09-11T11:43:02.323,1789107182.3234,2945,202,2.59,440,5.64
2026-09-11T11:43:02.324,1789107182.3250,2946,189,2.42,425,5.45
2026-09-11T11:43:02.331,1789107182.3310,2947,-56,-0.72,258,3.31
2026-09-11T11:43:02.339,1789107182.3392,2948,-11,-0.14,258,3.31
2026-09-11T11:43:02.342,1789107182.3423,2949,225,2.88,281,3.6
2026-09-11T11:43:02.348,1789107182.3483,2950,160,2.05,281,3.6
2026-09-11T11:43:02.358,1789107182.3585,2951,-88,-1.13,313,4.01
2026-09-11T11:43:02.361,1789107182.3616,2952,13,0.17,313,4.01
2026-09-11T11:43:02.363,1789107182.3636,2953,221,2.83,309,3.96
2026-09-11T11:43:02.365,1789107182.3656,2954,124,1.59,309,3.96
2026-09-11T11:43:02.374,1789107182.3740,2955,-140,-1.79,361,4.63
2026-09-11T11:43:02.377,1789107182.3770,2956,-220,-2.82,441,5.65
2026-09-11T11:43:02.381,1789107182.3811,2957,237,3.04,457,5.86
2026-09-11T11:43:02.384,1789107182.3843,2958,92,1.18,457,5.86
2026-09-11T11:43:02.394,1789107182.3944,2959,-168,-2.15,457,5.86
2026-09-11T11:43:02.397,1789107182.3975,2960,-204,-2.62,441,5.65
2026-09-11T11:43:02.405,1789107182.4058,2961,229,2.94,433,5.55
2026-09-11T11:43:02.408,1789107182.4087,2962,56,0.72,433,5.55
2026-09-11T11:43:02.410,1789107182.4102,2963,-204,-2.62,433,5.55
2026-09-11T11:43:02.418,1789107182.4189,2964,-191,-2.45,433,5.55
2026-09-11T11:43:02.420,1789107182.4209,2965,29,0.37,260,3.33
2026-09-11T11:43:02.425,1789107182.4257,2966,36,0.46,240,3.08
2026-09-11T11:43:02.431,1789107182.4311,2967,-240,-3.08,276,3.54
2026-09-11T11:43:02.434,1789107182.4341,2968,-179,-2.29,276,3.54
2026-09-11T11:43:02.441,1789107182.4415,2969,42,0.54,282,3.62
2026-09-11T11:43:02.452,1789107182.4529,2970,13,0.17,282,3.62
2026-09-11T11:43:02.460,1789107182.4601,2971,-259,-3.32,301,3.86
2026-09-11T11:43:02.464,1789107182.4641,2972,-158,-2.03,301,3.86
2026-09-11T11:43:02.466,1789107182.4661,2973,67,0.86,326,4.18
2026-09-11T11:43:02.469,1789107182.4691,2974,-38,-0.49,326,4.18
2026-09-11T11:43:02.474,1789107182.4742,2975,-262,-3.36,329,4.22
2026-09-11T11:43:02.480,1789107182.4802,2976,-129,-1.65,329,4.22
2026-09-11T11:43:02.484,1789107182.4844,2977,83,1.06,345,4.42
2026-09-11T11:43:02.488,1789107182.4884,2978,191,2.45,453,5.81
2026-09-11T11:43:02.496,1789107182.4966,2979,-258,-3.31,449,5.76
2026-09-11T11:43:02.498,1789107182.4986,2980,-101,-1.29,449,5.76
2026-09-11T11:43:02.505,1789107182.5058,2981,132,1.69,449,5.76
2026-09-11T11:43:02.506,1789107182.5067,2982,179,2.29,437,5.6
2026-09-11T11:43:02.512,1789107182.5127,2983,-253,-3.24,432,5.54
2026-09-11T11:43:02.514,1789107182.5148,2984,-76,-0.97,432,5.54
2026-09-11T11:43:02.524,1789107182.5246,2985,156,2.0,432,5.54
2026-09-11T11:43:02.527,1789107182.5276,2986,159,2.04,412,5.28
2026-09-11T11:43:02.533,1789107182.5337,2987,-61,-0.78,235,3.01
2026-09-11T11:43:02.537,1789107182.5377,2988,-48,-0.62,220,2.82
2026-09-11T11:43:02.540,1789107182.5407,2989,180,2.31,241,3.09
2026-09-11T11:43:02.549,1789107182.5500,2990,127,1.63,241,3.09
2026-09-11T11:43:02.557,1789107182.5573,2991,-113,-1.45,293,3.76
2026-09-11T11:43:02.565,1789107182.5653,2992,-32,-0.41,293,3.76
2026-09-11T11:43:02.568,1789107182.5683,2993,193,2.47,306,3.92
2026-09-11T11:43:02.571,1789107182.5713,2994,112,1.44,306,3.92
2026-09-11T11:43:02.572,1789107182.5724,2995,-145,-1.86,338,4.33
2026-09-11T11:43:02.578,1789107182.5784,2996,-236,-3.03,429,5.5
2026-09-11T11:43:02.582,1789107182.5826,2997,177,2.27,413,5.29
2026-09-11T11:43:02.586,1789107182.5866,2998,72,0.92,413,5.29
2026-09-11T11:43:02.594,1789107182.5944,2999,-172,-2.21,413,5.29
2026-09-11T11:43:02.596,1789107182.5964,3000,-235,-3.01,412,5.28
2026-09-11T11:43:02.602,1789107182.6027,3001,202,2.59,437,5.6
2026-09-11T11:43:02.607,1789107182.6077,3002,53,0.68,437,5.6
2026-09-11T11:43:02.613,1789107182.6138,3003,-207,-2.65,437,5.6
2026-09-11T11:43:02.614,1789107182.6148,3004,-215,-2.76,417,5.35
2026-09-11T11:43:02.631,1789107182.6319,3005,18,0.23,268,3.44
2026-09-11T11:43:02.634,1789107182.6349,3006,41,0.53,256,3.28
2026-09-11T11:43:02.637,1789107182.6379,3007,-211,-2.71,256,3.28
2026-09-11T11:43:02.638,1789107182.6389,3008,-178,-2.28,252,3.23
2026-09-11T11:43:02.643,1789107182.6432,3009,35,0.45,252,3.23
2026-09-11T11:43:02.648,1789107182.6482,3010,14,0.18,246,3.15
2026-09-11T11:43:02.657,1789107182.6576,3011,-238,-3.05,273,3.5
2026-09-11T11:43:02.661,1789107182.6617,3012,-141,-1.81,273,3.5
2026-09-11T11:43:02.662,1789107182.6627,3013,55,0.71,293,3.76
2026-09-11T11:43:02.669,1789107182.6694,3014,-6,-0.08,293,3.76
2026-09-11T11:43:02.671,1789107182.6714,3015,-258,-3.31,313,4.01
2026-09-11T11:43:02.675,1789107182.6755,3016,-133,-1.71,313,4.01
2026-09-11T11:43:02.680,1789107182.6805,3017,84,1.08,342,4.38
2026-09-11T11:43:02.687,1789107182.6878,3018,195,2.5,453,5.81
2026-09-11T11:43:02.690,1789107182.6908,3019,-249,-3.19,444,5.69
2026-09-11T11:43:02.696,1789107182.6970,3020,-96,-1.23,444,5.69
2026-09-11T11:43:02.708,1789107182.7082,3021,108,1.38,444,5.69
2026-09-11T11:43:02.712,1789107182.7122,3022,183,2.35,432,5.54
2026-09-11T11:43:02.713,1789107182.7132,3023,-257,-3.29,440,5.64
2026-09-11T11:43:02.720,1789107182.7206,3024,-72,-0.92,440,5.64
2026-09-11T11:43:02.724,1789107182.7245,3025,132,1.69,440,5.64
2026-09-11T11:43:02.725,1789107182.7255,3026,168,2.15,425,5.45
2026-09-11T11:43:02.735,1789107182.7356,3027,-69,-0.88,240,3.08
2026-09-11T11:43:02.738,1789107182.7386,3028,-52,-0.67,237,3.04
2026-09-11T11:43:02.741,1789107182.7419,3029,180,2.31,249,3.19
2026-09-11T11:43:02.747,1789107182.7479,3030,148,1.9,249,3.19
2026-09-11T11:43:02.755,1789107182.7553,3031,-69,-0.88,249,3.19
2026-09-11T11:43:02.760,1789107182.7603,3032,-20,-0.26,249,3.19
2026-09-11T11:43:02.762,1789107182.7623,3033,193,2.47,262,3.36
2026-09-11T11:43:02.767,1789107182.7675,3034,120,1.54,262,3.36
2026-09-11T11:43:02.769,1789107182.7695,3035,-113,-1.45,306,3.92
2026-09-11T11:43:02.776,1789107182.7769,3036,-236,-3.03,429,5.5
2026-09-11T11:43:02.778,1789107182.7789,3037,201,2.58,437,5.6
2026-09-11T11:43:02.795,1789107182.7957,3038,88,1.13,437,5.6
2026-09-11T11:43:02.803,1789107182.8032,3039,-160,-2.05,437,5.6
2026-09-11T11:43:02.807,1789107182.8072,3040,-220,-2.82,421,5.4
2026-09-11T11:43:02.813,1789107182.8132,3041,197,2.53,417,5.35
2026-09-11T11:43:02.817,1789107182.8178,3042,60,0.77,417,5.35
2026-09-11T11:43:02.822,1789107182.8221,3043,-180,-2.31,417,5.35
2026-09-11T11:43:02.826,1789107182.8264,3044,-195,-2.5,392,5.03
2026-09-11T11:43:02.830,1789107182.8304,3045,6,0.08,255,3.27
2026-09-11T11:43:02.831,1789107182.8314,3046,53,0.68,248,3.18
2026-09-11T11:43:02.838,1789107182.8386,3047,-207,-2.65,260,3.33
2026-09-11T11:43:02.840,1789107182.8406,3048,-171,-2.19,260,3.33
2026-09-11T11:43:02.842,1789107182.8427,3049,30,0.38,260,3.33
2026-09-11T11:43:02.846,1789107182.8467,3050,45,0.58,252,3.23
2026-09-11T11:43:02.856,1789107182.8560,3051,-223,-2.86,268,3.44
2026-09-11T11:43:02.857,1789107182.8570,3052,-150,-1.92,268,3.44
2026-09-11T11:43:02.866,1789107182.8660,3053,46,0.59,269,3.45
2026-09-11T11:43:02.867,1789107182.8670,3054,25,0.32,269,3.45
2026-09-11T11:43:02.873,1789107182.8732,3055,-239,-3.06,285,3.65
2026-09-11T11:43:02.876,1789107182.8762,3056,-130,-1.67,285,3.65
2026-09-11T11:43:02.883,1789107182.8834,3057,67,0.86,306,3.92
2026-09-11T11:43:02.889,1789107182.8894,3058,202,2.59,441,5.65
2026-09-11T11:43:02.893,1789107182.8937,3059,-238,-3.05,440,5.64
2026-09-11T11:43:02.898,1789107182.8987,3060,-105,-1.35,440,5.64
2026-09-11T11:43:02.908,1789107182.9089,3061,107,1.37,440,5.64
2026-09-11T11:43:02.911,1789107182.9119,3062,191,2.45,429,5.5
2026-09-11T11:43:02.913,1789107182.9139,3063,-246,-3.15,437,5.6
2026-09-11T11:43:02.921,1789107182.9212,3064,-97,-1.24,437,5.6
2026-09-11T11:43:02.922,1789107182.9224,3065,123,1.58,437,5.6
2026-09-11T11:43:02.927,1789107182.9274,3066,159,2.04,405,5.19
2026-09-11T11:43:02.932,1789107182.9326,3067,-50,-0.64,256,3.28
2026-09-11T11:43:02.934,1789107182.9346,3068,-65,-0.83,224,2.87
2026-09-11T11:43:02.940,1789107182.9409,3069,172,2.21,237,3.04
2026-09-11T11:43:02.946,1789107182.9470,3070,159,2.04,237,3.04
2026-09-11T11:43:02.952,1789107182.9523,3071,-70,-0.9,242,3.1
2026-09-11T11:43:02.970,1789107182.9703,3072,-28,-0.36,242,3.1
2026-09-11T11:43:02.975,1789107182.9755,3073,172,2.21,242,3.1
2026-09-11T11:43:02.977,1789107182.9775,3074,143,1.83,242,3.1
2026-09-11T11:43:02.979,1789107182.9795,3075,-106,-1.36,278,3.56
2026-09-11T11:43:02.982,1789107182.9826,3076,-245,-3.14,417,5.35
2026-09-11T11:43:02.988,1789107182.9887,3077,196,2.51,441,5.65
2026-09-11T11:43:02.991,1789107182.9919,3078,119,1.53,441,5.65
2026-09-11T11:43:02.995,1789107182.9959,3079,-129,-1.65,441,5.65
2026-09-11T11:43:02.999,1789107182.9999,3080,-241,-3.09,437,5.6
2026-09-11T11:43:03.009,1789107183.0092,3081,192,2.46,433,5.55
2026-09-11T11:43:03.010,1789107183.0102,3082,91,1.17,433,5.55
2026-09-11T11:43:03.015,1789107183.0152,3083,-133,-1.71,433,5.55
2026-09-11T11:43:03.017,1789107183.0177,3084,-188,-2.41,380,4.87
2026-09-11T11:43:03.024,1789107183.0240,3085,-16,-0.21,279,3.58
2026-09-11T11:43:03.026,1789107183.0270,3086,32,0.41,220,2.82
2026-09-11T11:43:03.033,1789107183.0333,3087,-120,-1.54,220,2.82
2026-09-11T11:43:03.037,1789107183.0373,3088,-132,-1.69,164,2.1
2026-09-11T11:43:03.040,1789107183.0403,3089,-31,-0.4,164,2.1
2026-09-11T11:43:03.047,1789107183.0475,3090,17,0.22,149,1.91
2026-09-11T11:43:03.057,1789107183.0571,3091,-95,-1.22,149,1.91
2026-09-11T11:43:03.058,1789107183.0581,3092,-87,-1.12,112,1.44
2026-09-11T11:43:03.065,1789107183.0651,3093,-23,-0.29,112,1.44
2026-09-11T11:43:03.067,1789107183.0671,3094,-3,-0.04,92,1.18
2026-09-11T11:43:03.077,1789107183.0779,3095,-59,-0.76,84,1.08
2026-09-11T11:43:03.082,1789107183.0825,3096,-59,-0.76,56,0.72
2026-09-11T11:43:03.083,1789107183.0835,3097,-10,-0.13,56,0.72
2026-09-11T11:43:03.087,1789107183.0875,3098,42,0.54,101,1.29
2026-09-11T11:43:03.090,1789107183.0905,3099,-27,-0.35,101,1.29
2026-09-11T11:43:03.096,1789107183.0967,3100,-22,-0.28,69,0.88
2026-09-11T11:43:03.106,1789107183.1065,3101,6,0.08,69,0.88
2026-09-11T11:43:03.106,1789107183.1065,3102,26,0.33,53,0.68
2026-09-11T11:43:03.112,1789107183.1125,3103,-15,-0.19,48,0.62
2026-09-11T11:43:03.114,1789107183.1144,3104,9,0.12,41,0.53
2026-09-11T11:43:03.120,1789107183.1207,3105,33,0.42,48,0.62
2026-09-11T11:43:03.137,1789107183.1373,3106,69,0.88,84,1.08
2026-09-11T11:43:03.141,1789107183.1413,3107,53,0.68,60,0.77
2026-09-11T11:43:03.143,1789107183.1435,3108,13,0.17,56,0.72
2026-09-11T11:43:03.146,1789107183.1465,3109,81,1.04,68,0.87
2026-09-11T11:43:03.150,1789107183.1505,3110,96,1.23,83,1.06
2026-09-11T11:43:03.156,1789107183.1567,3111,60,0.77,83,1.06
2026-09-11T11:43:03.162,1789107183.1626,3112,24,0.31,72,0.92
2026-09-11T11:43:03.164,1789107183.1646,3113,116,1.49,92,1.18
2026-09-11T11:43:03.169,1789107183.1696,3114,131,1.68,107,1.37
2026-09-11T11:43:03.172,1789107183.1729,3115,35,0.45,107,1.37
2026-09-11T11:43:03.179,1789107183.1799,3116,-65,-0.83,196,2.51
2026-09-11T11:43:03.182,1789107183.1822,3117,143,1.83,208,2.67
2026-09-11T11:43:03.185,1789107183.1852,3118,130,1.67,208,2.67
2026-09-11T11:43:03.191,1789107183.1912,3119,-14,-0.18,208,2.67
2026-09-11T11:43:03.197,1789107183.1979,3120,-106,-1.36,249,3.19
2026-09-11T11:43:03.207,1789107183.2071,3121,186,2.38,292,3.74
2026-09-11T11:43:03.209,1789107183.2091,3122,138,1.77,292,3.74
2026-09-11T11:43:03.215,1789107183.2151,3123,-75,-0.96,292,3.74
2026-09-11T11:43:03.218,1789107183.2187,3124,-167,-2.14,353,4.53
2026-09-11T11:43:03.219,1789107183.2197,3125,6,0.08,305,3.91
2026-09-11T11:43:03.226,1789107183.2269,3126,89,1.14,256,3.28
2026-09-11T11:43:03.229,1789107183.2298,3127,-179,-2.29,268,3.44
2026-09-11T11:43:03.237,1789107183.2370,3128,-222,-2.85,311,3.99
2026-09-11T11:43:03.247,1789107183.2472,3129,-6,-0.08,311,3.99
2026-09-11T11:43:03.248,1789107183.2482,3130,42,0.54,264,3.38
2026-09-11T11:43:03.258,1789107183.2585,3131,-279,-3.58,321,4.12
2026-09-11T11:43:03.260,1789107183.2609,3132,-249,-3.19,321,4.12
2026-09-11T11:43:03.264,1789107183.2649,3133,-16,-0.21,321,4.12
2026-09-11T11:43:03.265,1789107183.2659,3134,-13,-0.17,266,3.41
2026-09-11T11:43:03.273,1789107183.2735,3135,-317,-4.06,304,3.9
2026-09-11T11:43:03.277,1789107183.2775,3136,-220,-2.82,304,3.9
2026-09-11T11:43:03.279,1789107183.2795,3137,1,0.01,318,4.08
2026-09-11T11:43:03.285,1789107183.2857,3138,165,2.12,482,6.18
2026-09-11T11:43:03.288,1789107183.2887,3139,-319,-4.09,484,6.21
2026-09-11T11:43:03.295,1789107183.2950,3140,-202,-2.59,484,6.21
2026-09-11T11:43:03.319,1789107183.3199,3141,7,0.09,484,6.21
2026-09-11T11:43:03.320,1789107183.3208,3142,135,1.73,454,5.82
2026-09-11T11:43:03.323,1789107183.3231,3143,-350,-4.49,485,6.22
2026-09-11T11:43:03.326,1789107183.3261,3144,-184,-2.36,485,6.22
2026-09-11T11:43:03.331,1789107183.3311,3145,32,0.41,485,6.22
2026-09-11T11:43:03.335,1789107183.3353,3146,108,1.38,458,5.87
2026-09-11T11:43:03.341,1789107183.3413,3147,-136,-1.74,292,3.74
2026-09-11T11:43:03.344,1789107183.3444,3148,-178,-2.28,286,3.67
2026-09-11T11:43:03.350,1789107183.3504,3149,59,0.76,286,3.67
2026-09-11T11:43:03.351,1789107183.3518,3150,86,1.1,264,3.38
2026-09-11T11:43:03.358,1789107183.3588,3151,-146,-1.87,264,3.38
2026-09-11T11:43:03.359,1789107183.3598,3152,-148,-1.9,234,3.0
2026-09-11T11:43:03.363,1789107183.3638,3153,89,1.14,237,3.04
2026-09-11T11:43:03.369,1789107183.3698,3154,48,0.62,237,3.04
2026-09-11T11:43:03.372,1789107183.3721,3155,-180,-2.31,269,3.45
2026-09-11T11:43:03.380,1789107183.3801,3156,-367,-4.71,456,5.85
2026-09-11T11:43:03.382,1789107183.3824,3157,99,1.27,466,5.97
2026-09-11T11:43:03.384,1789107183.3844,3158,54,0.69,466,5.97
2026-09-11T11:43:03.392,1789107183.3925,3159,-226,-2.9,466,5.97
2026-09-11T11:43:03.398,1789107183.3985,3160,-345,-4.42,444,5.69
2026-09-11T11:43:03.405,1789107183.4058,3161,117,1.5,462,5.92
2026-09-11T11:43:03.408,1789107183.4088,3162,24,0.31,462,5.92
2026-09-11T11:43:03.413,1789107183.4132,3163,-252,-3.23,462,5.92
2026-09-11T11:43:03.421,1789107183.4217,3164,-339,-4.35,456,5.85
2026-09-11T11:43:03.425,1789107183.4259,3165,-86,-1.1,363,4.65
2026-09-11T11:43:03.426,1789107183.4269,3166,-18,-0.23,321,4.12
2026-09-11T11:43:03.428,1789107183.4289,3167,-290,-3.72,321,4.12
2026-09-11T11:43:03.438,1789107183.4382,3168,-317,-4.06,299,3.83
2026-09-11T11:43:03.443,1789107183.4430,3169,-71,-0.91,299,3.83
2026-09-11T11:43:03.447,1789107183.4470,3170,-32,-0.41,285,3.65
2026-09-11T11:43:03.455,1789107183.4554,3171,-311,-3.99,285,3.65
2026-09-11T11:43:03.457,1789107183.4574,3172,-294,-3.77,279,3.58
2026-09-11T11:43:03.461,1789107183.4614,3173,-53,-0.68,279,3.58
2026-09-11T11:43:03.465,1789107183.4654,3174,-37,-0.47,274,3.51
2026-09-11T11:43:03.485,1789107183.4852,3175,-333,-4.27,296,3.79
2026-09-11T11:43:03.489,1789107183.4892,3176,-248,-3.18,296,3.79
2026-09-11T11:43:03.491,1789107183.4912,3177,-43,-0.55,296,3.79
2026-09-11T11:43:03.493,1789107183.4934,3178,129,1.65,462,5.92
2026-09-11T11:43:03.497,1789107183.4974,3179,-335,-4.29,464,5.95
2026-09-11T11:43:03.502,1789107183.5026,3180,-226,-2.9,464,5.95
2026-09-11T11:43:03.510,1789107183.5106,3181,-9,-0.12,464,5.95
2026-09-11T11:43:03.514,1789107183.5146,3182,151,1.94,486,6.23
2026-09-11T11:43:03.516,1789107183.5166,3183,-329,-4.22,480,6.15
2026-09-11T11:43:03.524,1789107183.5242,3184,-200,-2.56,480,6.15
2026-09-11T11:43:03.525,1789107183.5258,3185,25,0.32,480,6.15
2026-09-11T11:43:03.528,1789107183.5285,3186,137,1.76,466,5.97
2026-09-11T11:43:03.532,1789107183.5329,3187,-96,-1.23,337,4.32
2026-09-11T11:43:03.534,1789107183.5349,3188,-150,-1.92,287,3.68
2026-09-11T11:43:03.541,1789107183.5419,3189,71,0.91,287,3.68
2026-09-11T11:43:03.551,1789107183.5513,3190,118,1.51,268,3.44
2026-09-11T11:43:03.553,1789107183.5533,3191,-114,-1.46,268,3.44
2026-09-11T11:43:03.558,1789107183.5583,3192,-116,-1.49,234,3.0
2026-09-11T11:43:03.561,1789107183.5613,3193,96,1.23,234,3.0
2026-09-11T11:43:03.569,1789107183.5693,3194,96,1.23,212,2.72
2026-09-11T11:43:03.571,1789107183.5713,3195,-137,-1.76,233,2.99
2026-09-11T11:43:03.580,1789107183.5806,3196,-312,-4.0,408,5.23
2026-09-11T11:43:03.582,1789107183.5828,3197,117,1.5,429,5.5
2026-09-11T11:43:03.592,1789107183.5922,3198,89,1.14,429,5.5
2026-09-11T11:43:03.595,1789107183.5952,3199,-147,-1.88,429,5.5
2026-09-11T11:43:03.598,1789107183.5982,3200,-307,-3.94,424,5.44
2026-09-11T11:43:03.605,1789107183.6055,3201,167,2.14,474,6.08
2026-09-11T11:43:03.609,1789107183.6095,3202,82,1.05,474,6.08
2026-09-11T11:43:03.613,1789107183.6135,3203,-170,-2.18,474,6.08
2026-09-11T11:43:03.614,1789107183.6145,3204,-290,-3.72,457,5.86
2026-09-11T11:43:03.620,1789107183.6201,3205,-41,-0.53,372,4.77
2026-09-11T11:43:03.627,1789107183.6272,3206,51,0.65,341,4.37
2026-09-11T11:43:03.629,1789107183.6292,3207,-201,-2.58,341,4.37
2026-09-11T11:43:03.636,1789107183.6366,3208,-265,-3.4,316,4.05
2026-09-11T11:43:03.638,1789107183.6386,3209,-20,-0.26,316,4.05
2026-09-11T11:43:03.658,1789107183.6582,3210,32,0.41,297,3.81
2026-09-11T11:43:03.664,1789107183.6642,3211,-232,-2.97,297,3.81
2026-09-11T11:43:03.666,1789107183.6662,3212,-235,-3.01,267,3.42
2026-09-11T11:43:03.669,1789107183.6698,3213,-6,-0.08,267,3.42
2026-09-11T11:43:03.673,1789107183.6737,3214,17,0.22,252,3.23
2026-09-11T11:43:03.675,1789107183.6757,3215,-251,-3.22,268,3.44
2026-09-11T11:43:03.680,1789107183.6807,3216,-206,-2.64,268,3.44
2026-09-11T11:43:03.684,1789107183.6840,3217,15,0.19,268,3.44
2026-09-11T11:43:03.688,1789107183.6880,3218,194,2.49,445,5.71
2026-09-11T11:43:03.695,1789107183.6951,3219,-258,-3.31,452,5.79
2026-09-11T11:43:03.697,1789107183.6971,3220,-177,-2.27,452,5.79
2026-09-11T11:43:03.708,1789107183.7085,3221,43,0.55,452,5.79
2026-09-11T11:43:03.712,1789107183.7125,3222,183,2.35,441,5.65
2026-09-11T11:43:03.713,1789107183.7135,3223,-277,-3.55,460,5.9
2026-09-11T11:43:03.721,1789107183.7210,3224,-152,-1.95,460,5.9
2026-09-11T11:43:03.723,1789107183.7232,3225,72,0.92,460,5.9
2026-09-11T11:43:03.728,1789107183.7282,3226,188,2.41,465,5.96
2026-09-11T11:43:03.732,1789107183.7325,3227,-37,-0.47,340,4.36
2026-09-11T11:43:03.734,1789107183.7345,3228,-112,-1.44,300,3.85
2026-09-11T11:43:03.743,1789107183.7432,3229,117,1.5,300,3.85
2026-09-11T11:43:03.749,1789107183.7492,3230,184,2.36,296,3.79
2026-09-11T11:43:03.754,1789107183.7549,3231,-44,-0.56,296,3.79
2026-09-11T11:43:03.761,1789107183.7619,3232,-83,-1.06,267,3.42
2026-09-11T11:43:03.766,1789107183.7669,3233,141,1.81,267,3.42
2026-09-11T11:43:03.768,1789107183.7689,3234,169,2.17,252,3.23
2026-09-11T11:43:03.770,1789107183.7709,3235,-76,-0.97,252,3.23
2026-09-11T11:43:03.778,1789107183.7781,3236,-264,-3.38,433,5.55
2026-09-11T11:43:03.780,1789107183.7801,3237,162,2.08,433,5.55
2026-09-11T11:43:03.789,1789107183.7894,3238,145,1.86,426,5.46
2026-09-11T11:43:03.790,1789107183.7904,3239,-108,-1.38,426,5.46
2026-09-11T11:43:03.794,1789107183.7946,3240,-255,-3.27,417,5.35
2026-09-11T11:43:03.806,1789107183.8068,3241,190,2.44,445,5.71
2026-09-11T11:43:03.807,1789107183.8078,3242,117,1.5,445,5.71
2026-09-11T11:43:03.811,1789107183.8118,3243,-119,-1.53,445,5.71
2026-09-11T11:43:03.825,1789107183.8255,3244,-267,-3.42,457,5.86
2026-09-11T11:43:03.831,1789107183.8317,3245,-34,-0.44,384,4.92
2026-09-11T11:43:03.833,1789107183.8337,3246,90,1.15,357,4.58
2026-09-11T11:43:03.836,1789107183.8367,3247,-167,-2.14,357,4.58
2026-09-11T11:43:03.841,1789107183.8420,3248,-242,-3.1,332,4.26
2026-09-11T11:43:03.845,1789107183.8460,3249,-9,-0.12,332,4.26
2026-09-11T11:43:03.848,1789107183.8490,3250,62,0.79,304,3.9
2026-09-11T11:43:03.857,1789107183.8571,3251,-210,-2.69,304,3.9
2026-09-11T11:43:03.863,1789107183.8631,3252,-233,-2.99,295,3.78
2026-09-11T11:43:03.864,1789107183.8642,3253,12,0.15,295,3.78
2026-09-11T11:43:03.865,1789107183.8652,3254,23,0.29,256,3.28
2026-09-11T11:43:03.872,1789107183.8724,3255,-225,-2.88,256,3.28
2026-09-11T11:43:03.874,1789107183.8744,3256,-208,-2.67,248,3.18
2026-09-11T11:43:03.881,1789107183.8814,3257,4,0.05,248,3.18
2026-09-11T11:43:03.889,1789107183.8896,3258,196,2.51,421,5.4
2026-09-11T11:43:03.890,1789107183.8906,3259,-268,-3.44,464,5.95
2026-09-11T11:43:03.898,1789107183.8988,3260,-179,-2.29,464,5.95
2026-09-11T11:43:03.905,1789107183.9060,3261,25,0.32,464,5.95
2026-09-11T11:43:03.907,1789107183.9080,3262,201,2.58,469,6.01
2026-09-11T11:43:03.909,1789107183.9100,3263,-268,-3.44,469,6.01
2026-09-11T11:43:03.917,1789107183.9180,3264,-166,-2.13,469,6.01
2026-09-11T11:43:03.921,1789107183.9213,3265,50,0.64,469,6.01
2026-09-11T11:43:03.930,1789107183.9303,3266,178,2.28,446,5.72
2026-09-11T11:43:03.934,1789107183.9345,3267,-35,-0.45,344,4.41
2026-09-11T11:43:03.935,1789107183.9355,3268,-130,-1.67,308,3.95
2026-09-11T11:43:03.942,1789107183.9427,3269,79,1.01,308,3.95
2026-09-11T11:43:03.948,1789107183.9487,3270,175,2.24,305,3.91
2026-09-11T11:43:03.956,1789107183.9561,3271,-46,-0.59,305,3.91
2026-09-11T11:43:03.958,1789107183.9581,3272,-101,-1.29,276,3.54
2026-09-11T11:43:03.964,1789107183.9641,3273,124,1.59,276,3.54
2026-09-11T11:43:03.964,1789107183.9641,3274,167,2.14,268,3.44
2026-09-11T11:43:03.970,1789107183.9701,3275,-69,-0.88,268,3.44
2026-09-11T11:43:03.976,1789107183.9763,3276,-281,-3.6,448,5.74
2026-09-11T11:43:03.988,1789107183.9885,3277,156,2.0,448,5.74
2026-09-11T11:43:03.993,1789107183.9937,3278,172,2.21,453,5.81
2026-09-11T11:43:03.999,1789107183.9998,3279,-85,-1.09,453,5.81
2026-09-11T11:43:04.000,1789107184.0007,3280,-265,-3.4,437,5.6
2026-09-11T11:43:04.006,1789107184.0069,3281,176,2.26,441,5.65
2026-09-11T11:43:04.012,1789107184.0129,3282,128,1.64,441,5.65
2026-09-11T11:43:04.014,1789107184.0149,3283,-109,-1.4,441,5.65
2026-09-11T11:43:04.017,1789107184.0180,3284,-244,-3.13,420,5.38
2026-09-11T11:43:04.023,1789107184.0238,3285,-15,-0.19,372,4.77
2026-09-11T11:43:04.030,1789107184.0308,3286,124,1.59,368,4.72
2026-09-11T11:43:04.031,1789107184.0320,3287,-133,-1.71,368,4.72
2026-09-11T11:43:04.037,1789107184.0380,3288,-228,-2.92,352,4.51
2026-09-11T11:43:04.039,1789107184.0400,3289,17,0.22,352,4.51
2026-09-11T11:43:04.047,1789107184.0472,3290,116,1.49,344,4.41
2026-09-11T11:43:04.056,1789107184.0566,3291,-157,-2.01,344,4.41
2026-09-11T11:43:04.057,1789107184.0576,3292,-200,-2.56,316,4.05
2026-09-11T11:43:04.065,1789107184.0651,3293,29,0.37,316,4.05
2026-09-11T11:43:04.067,1789107184.0671,3294,84,1.08,284,3.64
2026-09-11T11:43:04.074,1789107184.0744,3295,-177,-2.27,284,3.64
2026-09-11T11:43:04.075,1789107184.0754,3296,-180,-2.31,264,3.38
2026-09-11T11:43:04.084,1789107184.0847,3297,41,0.53,264,3.38
2026-09-11T11:43:04.085,1789107184.0857,3298,225,2.88,405,5.19
2026-09-11T11:43:04.097,1789107184.0970,3299,-204,-2.62,429,5.5
2026-09-11T11:43:04.100,1789107184.1000,3300,-156,-2.0,429,5.5
2026-09-11T11:43:04.106,1789107184.1063,3301,61,0.78,429,5.5
2026-09-11T11:43:04.108,1789107184.1083,3302,233,2.99,437,5.6
2026-09-11T11:43:04.112,1789107184.1123,3303,-220,-2.82,453,5.81
2026-09-11T11:43:04.117,1789107184.1173,3304,-132,-1.69,453,5.81
2026-09-11T11:43:04.119,1789107184.1198,3305,85,1.09,453,5.81
2026-09-11T11:43:04.124,1789107184.1248,3306,245,3.14,465,5.96
2026-09-11T11:43:04.131,1789107184.1317,3307,20,0.26,377,4.83
2026-09-11T11:43:04.133,1789107184.1339,3308,-100,-1.28,345,4.42
2026-09-11T11:43:04.140,1789107184.1409,3309,109,1.4,345,4.42
2026-09-11T11:43:04.144,1789107184.1441,3310,232,2.97,332,4.26
2026-09-11T11:43:04.165,1789107184.1653,3311,8,0.1,332,4.26
2026-09-11T11:43:04.169,1789107184.1693,3312,-72,-0.92,304,3.9
2026-09-11T11:43:04.171,1789107184.1713,3313,153,1.96,304,3.9
2026-09-11T11:43:04.174,1789107184.1745,3314,216,2.77,288,3.69
2026-09-11T11:43:04.180,1789107184.1806,3315,-21,-0.27,288,3.69
2026-09-11T11:43:04.183,1789107184.1837,3316,-221,-2.83,437,5.6
2026-09-11T11:43:04.187,1789107184.1877,3317,188,2.41,437,5.6
2026-09-11T11:43:04.191,1789107184.1919,3318,200,2.56,421,5.4
2026-09-11T11:43:04.194,1789107184.1950,3319,-33,-0.42,421,5.4
2026-09-11T11:43:04.201,1789107184.2014,3320,-213,-2.73,413,5.29
2026-09-11T11:43:04.207,1789107184.2076,3321,196,2.51,413,5.29
2026-09-11T11:43:04.209,1789107184.2096,3322,183,2.35,409,5.24
2026-09-11T11:43:04.211,1789107184.2118,3323,-66,-0.85,409,5.24
2026-09-11T11:43:04.216,1789107184.2168,3324,-221,-2.83,417,5.35
2026-09-11T11:43:04.224,1789107184.2240,3325,3,0.04,404,5.18
2026-09-11T11:43:04.228,1789107184.2280,3326,146,1.87,367,4.71
2026-09-11T11:43:04.231,1789107184.2310,3327,-98,-1.26,367,4.71
2026-09-11T11:43:04.238,1789107184.2382,3328,-210,-2.69,356,4.56
2026-09-11T11:43:04.239,1789107184.2392,3329,23,0.29,356,4.56
2026-09-11T11:43:04.246,1789107184.2463,3330,126,1.62,336,4.31
2026-09-11T11:43:04.256,1789107184.2570,3331,-126,-1.62,336,4.31
2026-09-11T11:43:04.259,1789107184.2600,3332,-198,-2.54,324,4.15
2026-09-11T11:43:04.266,1789107184.2670,3333,39,0.5,324,4.15
2026-09-11T11:43:04.268,1789107184.2690,3334,235,3.01,433,5.55
2026-09-11T11:43:04.271,1789107184.2720,3335,-155,-1.99,433,5.55
2026-09-11T11:43:04.275,1789107184.2752,3336,-182,-2.33,417,5.35
2026-09-11T11:43:04.282,1789107184.2824,3337,55,0.71,417,5.35
2026-09-11T11:43:04.285,1789107184.2854,3338,238,3.05,420,5.38
2026-09-11T11:43:04.292,1789107184.2926,3339,-195,-2.5,433,5.55
2026-09-11T11:43:04.295,1789107184.2957,3340,-146,-1.87,433,5.55
2026-09-11T11:43:04.302,1789107184.3030,3341,74,0.95,433,5.55
2026-09-11T11:43:04.307,1789107184.3070,3342,242,3.1,437,5.6
2026-09-11T11:43:04.311,1789107184.3110,3343,-207,-2.65,449,5.76
2026-09-11T11:43:04.329,1789107184.3298,3344,-134,-1.72,449,5.76
2026-09-11T11:43:04.332,1789107184.3326,3345,74,0.95,449,5.76
2026-09-11T11:43:04.336,1789107184.3368,3346,246,3.15,453,5.81
2026-09-11T11:43:04.338,1789107184.3388,3347,41,0.53,380,4.87
2026-09-11T11:43:04.342,1789107184.3425,3348,-90,-1.15,336,4.31
2026-09-11T11:43:04.346,1789107184.3465,3349,102,1.31,336,4.31
2026-09-11T11:43:04.348,1789107184.3485,3350,230,2.95,320,4.1
2026-09-11T11:43:04.358,1789107184.3586,3351,21,0.27,320,4.1
2026-09-11T11:43:04.359,1789107184.3596,3352,-86,-1.1,316,4.05
2026-09-11T11:43:04.366,1789107184.3669,3353,138,1.77,316,4.05
2026-09-11T11:43:04.368,1789107184.3689,3354,209,2.68,295,3.78
2026-09-11T11:43:04.373,1789107184.3731,3355,-7,-0.09,295,3.78
2026-09-11T11:43:04.377,1789107184.3771,3356,-235,-3.01,444,5.69
2026-09-11T11:43:04.379,1789107184.3791,3357,162,2.08,444,5.69
2026-09-11T11:43:04.386,1789107184.3867,3358,205,2.63,440,5.64
2026-09-11T11:43:04.394,1789107184.3948,3359,-28,-0.36,440,5.64
2026-09-11T11:43:04.397,1789107184.3978,3360,-232,-2.97,437,5.6
2026-09-11T11:43:04.407,1789107184.4071,3361,182,2.33,437,5.6
2026-09-11T11:43:04.408,1789107184.4081,3362,169,2.17,414,5.31
2026-09-11T11:43:04.415,1789107184.4152,3363,-64,-0.82,414,5.31
2026-09-11T11:43:04.416,1789107184.4162,3364,-232,-2.97,414,5.31
2026-09-11T11:43:04.423,1789107184.4240,3365,-19,-0.24,401,5.14
2026-09-11T11:43:04.426,1789107184.4270,3366,149,1.91,381,4.88
2026-09-11T11:43:04.437,1789107184.4373,3367,-104,-1.33,381,4.88
2026-09-11T11:43:04.440,1789107184.4403,3368,-224,-2.87,373,4.78
2026-09-11T11:43:04.443,1789107184.4436,3369,5,0.06,373,4.78
2026-09-11T11:43:04.450,1789107184.4509,3370,136,1.74,360,4.62
2026-09-11T11:43:04.457,1789107184.4571,3371,-128,-1.64,360,4.62
2026-09-11T11:43:04.460,1789107184.4601,3372,-220,-2.82,356,4.56
2026-09-11T11:43:04.465,1789107184.4651,3373,5,0.06,356,4.56
2026-09-11T11:43:04.469,1789107184.4691,3374,229,2.94,449,5.76
2026-09-11T11:43:04.469,1789107184.4691,3375,-168,-2.15,449,5.76
2026-09-11T11:43:04.475,1789107184.4754,3376,-195,-2.5,424,5.44
2026-09-11T11:43:04.480,1789107184.4804,3377,45,0.58,424,5.44
2026-09-11T11:43:04.483,1789107184.4837,3378,241,3.09,436,5.59
2026-09-11T11:43:04.505,1789107184.5055,3379,-180,-2.31,436,5.59
2026-09-11T11:43:04.508,1789107184.5085,3380,-187,-2.4,428,5.49
2026-09-11T11:43:04.515,1789107184.5155,3381,49,0.63,428,5.49
2026-09-11T11:43:04.521,1789107184.5210,3382,237,3.04,424,5.44
2026-09-11T11:43:04.525,1789107184.5252,3383,-208,-2.67,445,5.71
2026-09-11T11:43:04.529,1789107184.5292,3384,-155,-1.99,445,5.71
2026-09-11T11:43:04.533,1789107184.5334,3385,77,0.99,445,5.71
2026-09-11T11:43:04.534,1789107184.5344,3386,245,3.14,453,5.81
2026-09-11T11:43:04.540,1789107184.5404,3387,52,0.67,400,5.13
2026-09-11T11:43:04.542,1789107184.5426,3388,-115,-1.47,360,4.62
2026-09-11T11:43:04.546,1789107184.5466,3389,101,1.29,360,4.62
2026-09-11T11:43:04.549,1789107184.5497,3390,245,3.14,360,4.62
2026-09-11T11:43:04.556,1789107184.5569,3391,28,0.36,360,4.62
2026-09-11T11:43:04.558,1789107184.5589,3392,-83,-1.06,328,4.21
2026-09-11T11:43:04.563,1789107184.5639,3393,129,1.65,328,4.21
2026-09-11T11:43:04.564,1789107184.5649,3394,240,3.08,323,4.14
2026-09-11T11:43:04.573,1789107184.5730,3395,0,0.0,323,4.14
2026-09-11T11:43:04.579,1789107184.5790,3396,-240,-3.08,480,6.15
2026-09-11T11:43:04.581,1789107184.5810,3397,153,1.96,480,6.15
2026-09-11T11:43:04.589,1789107184.5892,3398,232,2.97,472,6.05
2026-09-11T11:43:04.594,1789107184.5944,3399,-29,-0.37,472,6.05
2026-09-11T11:43:04.598,1789107184.5984,3400,-229,-2.94,461,5.91
2026-09-11T11:43:04.610,1789107184.6106,3401,200,2.56,461,5.91
2026-09-11T11:43:04.614,1789107184.6149,3402,195,2.5,429,5.5
2026-09-11T11:43:04.616,1789107184.6168,3403,-33,-0.42,429,5.5
2026-09-11T11:43:04.617,1789107184.6178,3404,-221,-2.83,421,5.4
2026-09-11T11:43:04.624,1789107184.6247,3405,-8,-0.1,416,5.33
2026-09-11T11:43:04.627,1789107184.6277,3406,163,2.09,384,4.92
2026-09-11T11:43:04.631,1789107184.6320,3407,-70,-0.9,384,4.92
2026-09-11T11:43:04.638,1789107184.6380,3408,-226,-2.9,389,4.99
2026-09-11T11:43:04.640,1789107184.6400,3409,15,0.19,389,4.99
2026-09-11T11:43:04.646,1789107184.6462,3410,142,1.82,368,4.72
2026-09-11T11:43:04.656,1789107184.6566,3411,-98,-1.26,368,4.72
2026-09-11T11:43:04.657,1789107184.6576,3412,-206,-2.64,348,4.46
2026-09-11T11:43:04.674,1789107184.6747,3413,23,0.29,348,4.46
2026-09-11T11:43:04.681,1789107184.6814,3414,207,2.65,413,5.29
2026-09-11T11:43:04.682,1789107184.6826,3415,-134,-1.72,413,5.29
2026-09-11T11:43:04.683,1789107184.6835,3416,-190,-2.44,397,5.09
2026-09-11T11:43:04.686,1789107184.6866,3417,27,0.35,397,5.09
2026-09-11T11:43:04.689,1789107184.6896,3418,191,2.45,381,4.88
2026-09-11T11:43:04.692,1789107184.6928,3419,-102,-1.31,381,4.88
2026-09-11T11:43:04.699,1789107184.6998,3420,-102,-1.31,293,3.76
2026-09-11T11:43:04.707,1789107184.7071,3421,79,1.01,293,3.76
2026-09-11T11:43:04.713,1789107184.7130,3422,218,2.79,320,4.1
2026-09-11T11:43:04.714,1789107184.7140,3423,-63,-0.81,320,4.1
2026-09-11T11:43:04.715,1789107184.7150,3424,-19,-0.24,281,3.6
2026-09-11T11:43:04.720,1789107184.7206,3425,105,1.35,281,3.6
2026-09-11T11:43:04.728,1789107184.7284,3426,221,2.83,284,3.64
2026-09-11T11:43:04.730,1789107184.7300,3427,96,1.23,240,3.08
2026-09-11T11:43:04.738,1789107184.7386,3428,-4,-0.05,225,2.88
2026-09-11T11:43:04.743,1789107184.7439,3429,124,1.59,225,2.88
2026-09-11T11:43:04.747,1789107184.7479,3430,208,2.67,212,2.72
2026-09-11T11:43:04.757,1789107184.7571,3431,79,1.01,212,2.72
2026-09-11T11:43:04.759,1789107184.7591,3432,31,0.4,177,2.27
2026-09-11T11:43:04.764,1789107184.7641,3433,147,1.88,177,2.27
2026-09-11T11:43:04.767,1789107184.7671,3434,206,2.64,175,2.24
2026-09-11T11:43:04.771,1789107184.7711,3435,65,0.83,175,2.24
2026-09-11T11:43:04.781,1789107184.7814,3436,-71,-0.91,277,3.55
2026-09-11T11:43:04.785,1789107184.7855,3437,145,1.86,277,3.55
2026-09-11T11:43:04.786,1789107184.7865,3438,185,2.37,256,3.28
2026-09-11T11:43:04.794,1789107184.7947,3439,56,0.72,256,3.28
2026-09-11T11:43:04.796,1789107184.7967,3440,-72,-0.92,257,3.29
2026-09-11T11:43:04.805,1789107184.8059,3441,164,2.1,257,3.29
2026-09-11T11:43:04.807,1789107184.8079,3442,179,2.29,251,3.22
2026-09-11T11:43:04.811,1789107184.8119,3443,30,0.38,251,3.22
2026-09-11T11:43:04.813,1789107184.8139,3444,-86,-1.1,265,3.4
2026-09-11T11:43:04.820,1789107184.8205,3445,11,0.14,265,3.4
2026-09-11T11:43:04.826,1789107184.8267,3446,138,1.77,224,2.87
2026-09-11T11:43:04.828,1789107184.8287,3447,-31,-0.4,224,2.87
2026-09-11T11:43:04.848,1789107184.8481,3448,-154,-1.97,292,3.74
2026-09-11T11:43:04.852,1789107184.8525,3449,-10,-0.13,292,3.74
2026-09-11T11:43:04.853,1789107184.8535,3450,114,1.46,268,3.44
2026-09-11T11:43:04.861,1789107184.8615,3451,-67,-0.86,268,3.44
2026-09-11T11:43:04.864,1789107184.8645,3452,-179,-2.29,293,3.76
2026-09-11T11:43:04.868,1789107184.8685,3453,-34,-0.44,293,3.76
2026-09-11T11:43:04.871,1789107184.8718,3454,98,1.26,277,3.55
2026-09-11T11:43:04.875,1789107184.8758,3455,-138,-1.77,277,3.55
2026-09-11T11:43:04.878,1789107184.8788,3456,-218,-2.79,316,4.05
2026-09-11T11:43:04.884,1789107184.8841,3457,-25,-0.32,316,4.05
2026-09-11T11:43:04.890,1789107184.8901,3458,199,2.55,417,5.35
2026-09-11T11:43:04.891,1789107184.8911,3459,-178,-2.28,417,5.35
2026-09-11T11:43:04.898,1789107184.8983,3460,-193,-2.47,392,5.03
2026-09-11T11:43:04.905,1789107184.9055,3461,24,0.31,392,5.03
2026-09-11T11:43:04.907,1789107184.9075,3462,223,2.86,416,5.33
2026-09-11T11:43:04.910,1789107184.9105,3463,-218,-2.79,441,5.65
2026-09-11T11:43:04.917,1789107184.9178,3464,-185,-2.37,441,5.65
2026-09-11T11:43:04.921,1789107184.9220,3465,52,0.67,441,5.65
2026-09-11T11:43:04.926,1789107184.9260,3466,244,3.13,462,5.92
2026-09-11T11:43:04.934,1789107184.9343,3467,63,0.81,429,5.5
2026-09-11T11:43:04.937,1789107184.9373,3468,-165,-2.12,409,5.24
2026-09-11T11:43:04.946,1789107184.9466,3469,72,0.92,409,5.24
2026-09-11T11:43:04.948,1789107184.9486,3470,236,3.03,401,5.14
2026-09-11T11:43:04.953,1789107184.9538,3471,27,0.35,401,5.14
2026-09-11T11:43:04.959,1789107184.9598,3472,-136,-1.74,372,4.77
2026-09-11T11:43:04.962,1789107184.9628,3473,84,1.08,372,4.77
2026-09-11T11:43:04.968,1789107184.9688,3474,224,2.87,360,4.62
2026-09-11T11:43:04.970,1789107184.9708,3475,-9,-0.12,360,4.62
2026-09-11T11:43:04.976,1789107184.9761,3476,-261,-3.35,485,6.22
2026-09-11T11:43:04.979,1789107184.9791,3477,113,1.45,485,6.22
2026-09-11T11:43:04.985,1789107184.9853,3478,212,2.72,473,6.06
2026-09-11T11:43:04.990,1789107184.9903,3479,-37,-0.47,473,6.06
2026-09-11T11:43:04.994,1789107184.9945,3480,-277,-3.55,489,6.27
2026-09-11T11:43:05.018,1789107185.0189,3481,149,1.91,489,6.27
2026-09-11T11:43:05.019,1789107185.0199,3482,180,2.31,457,5.86
2026-09-11T11:43:05.022,1789107185.0221,3483,-65,-0.83,457,5.86
2026-09-11T11:43:05.024,1789107185.0241,3484,-268,-3.44,448,5.74
2026-09-11T11:43:05.026,1789107185.0261,3485,-63,-0.81,448,5.74
2026-09-11T11:43:05.031,1789107185.0311,3486,164,2.1,432,5.54
2026-09-11T11:43:05.034,1789107185.0343,3487,-80,-1.03,432,5.54
2026-09-11T11:43:05.037,1789107185.0374,3488,-280,-3.59,444,5.69
2026-09-11T11:43:05.042,1789107185.0425,3489,-47,-0.6,444,5.69
2026-09-11T11:43:05.049,1789107185.0495,3490,133,1.71,413,5.29
2026-09-11T11:43:05.056,1789107185.0562,3491,-132,-1.69,413,5.29
2026-09-11T11:43:05.058,1789107185.0582,3492,-267,-3.42,400,5.13
2026-09-11T11:43:05.063,1789107185.0632,3493,-22,-0.28,400,5.13
2026-09-11T11:43:05.069,1789107185.0692,3494,206,2.64,473,6.06
2026-09-11T11:43:05.072,1789107185.0722,3495,-164,-2.1,473,6.06
2026-09-11T11:43:05.077,1789107185.0774,3496,-263,-3.37,469,6.01
2026-09-11T11:43:05.083,1789107185.0839,3497,-6,-0.08,469,6.01
2026-09-11T11:43:05.085,1789107185.0859,3498,214,2.74,477,6.12
2026-09-11T11:43:05.094,1789107185.0942,3499,-203,-2.6,477,6.12
2026-09-11T11:43:05.098,1789107185.0982,3500,-250,-3.21,464,5.95
2026-09-11T11:43:05.104,1789107185.1044,3501,15,0.19,464,5.95
2026-09-11T11:43:05.108,1789107185.1085,3502,207,2.65,457,5.86
2026-09-11T11:43:05.117,1789107185.1175,3503,-246,-3.15,457,5.86
2026-09-11T11:43:05.119,1789107185.1194,3504,-237,-3.04,453,5.81
2026-09-11T11:43:05.123,1789107185.1231,3505,4,0.05,453,5.81
2026-09-11T11:43:05.130,1789107185.1308,3506,208,2.67,454,5.82
2026-09-11T11:43:05.134,1789107185.1346,3507,7,0.09,445,5.71
2026-09-11T11:43:05.136,1789107185.1367,3508,-204,-2.62,412,5.28
2026-09-11T11:43:05.144,1789107185.1446,3509,25,0.32,412,5.28
2026-09-11T11:43:05.147,1789107185.1476,3510,213,2.73,417,5.35
2026-09-11T11:43:05.155,1789107185.1559,3511,-12,-0.15,417,5.35
2026-09-11T11:43:05.156,1789107185.1569,3512,-191,-2.45,404,5.18
2026-09-11T11:43:05.160,1789107185.1609,3513,42,0.54,404,5.18
2026-09-11T11:43:05.163,1789107185.1639,3514,193,2.47,384,4.92
2026-09-11T11:43:05.182,1789107185.1824,3515,-43,-0.55,384,4.92
2026-09-11T11:43:05.187,1789107185.1874,3516,-307,-3.94,500,6.41
2026-09-11T11:43:05.192,1789107185.1925,3517,71,0.91,500,6.41
2026-09-11T11:43:05.193,1789107185.1935,3518,174,2.23,481,6.17
2026-09-11T11:43:05.195,1789107185.1955,3519,-74,-0.95,481,6.17
2026-09-11T11:43:05.199,1789107185.1995,3520,-310,-3.97,484,6.21
2026-09-11T11:43:05.208,1789107185.2088,3521,96,1.23,484,6.21
2026-09-11T11:43:05.211,1789107185.2118,3522,155,1.99,465,5.96
2026-09-11T11:43:05.215,1789107185.2158,3523,-93,-1.19,465,5.96
2026-09-11T11:43:05.217,1789107185.2178,3524,-313,-4.01,468,6.0
2026-09-11T11:43:05.224,1789107185.2243,3525,-132,-1.69,468,6.0
2026-09-11T11:43:05.225,1789107185.2253,3526,124,1.59,437,5.6
2026-09-11T11:43:05.231,1789107185.2313,3527,-116,-1.49,437,5.6
2026-09-11T11:43:05.239,1789107185.2395,3528,-328,-4.21,452,5.79
2026-09-11T11:43:05.241,1789107185.2418,3529,-86,-1.1,452,5.79
2026-09-11T11:43:05.248,1789107185.2488,3530,101,1.29,429,5.5
2026-09-11T11:43:05.258,1789107185.2582,3531,-151,-1.94,429,5.5
2026-09-11T11:43:05.260,1789107185.2602,3532,-318,-4.08,419,5.37
2026-09-11T11:43:05.266,1789107185.2662,3533,-73,-0.94,419,5.37
2026-09-11T11:43:05.269,1789107185.2692,3534,151,1.94,469,6.01
2026-09-11T11:43:05.270,1789107185.2702,3535,-186,-2.38,469,6.01
2026-09-11T11:43:05.279,1789107185.2796,3536,-309,-3.96,460,5.9
2026-09-11T11:43:05.289,1789107185.2898,3537,-64,-0.82,460,5.9
2026-09-11T11:43:05.292,1789107185.2929,3538,188,2.41,497,6.37
2026-09-11T11:43:05.296,1789107185.2969,3539,-240,-3.08,497,6.37
2026-09-11T11:43:05.297,1789107185.2979,3540,-292,-3.74,480,6.15
2026-09-11T11:43:05.307,1789107185.3071,3541,-54,-0.69,480,6.15
2026-09-11T11:43:05.309,1789107185.3091,3542,186,2.38,478,6.13
2026-09-11T11:43:05.313,1789107185.3131,3543,-275,-3.53,478,6.13
2026-09-11T11:43:05.316,1789107185.3161,3544,-258,-3.31,461,5.91
2026-09-11T11:43:05.321,1789107185.3211,3545,-37,-0.47,461,5.91
2026-09-11T11:43:05.323,1789107185.3234,3546,195,2.5,470,6.03
2026-09-11T11:43:05.329,1789107185.3294,3547,-13,-0.17,453,5.81
2026-09-11T11:43:05.337,1789107185.3376,3548,-244,-3.13,439,5.63
2026-09-11T11:43:05.338,1789107185.3386,3549,-7,-0.09,439,5.63
2026-09-11T11:43:05.356,1789107185.3564,3550,181,2.32,425,5.45
2026-09-11T11:43:05.363,1789107185.3634,3551,-20,-0.26,425,5.45
2026-09-11T11:43:05.365,1789107185.3654,3552,-215,-2.76,396,5.08
2026-09-11T11:43:05.367,1789107185.3674,3553,6,0.08,396,5.08
2026-09-11T11:43:05.372,1789107185.3724,3554,170,2.18,385,4.94
2026-09-11T11:43:05.375,1789107185.3757,3555,-55,-0.71,385,4.94
2026-09-11T11:43:05.379,1789107185.3796,3556,-330,-4.23,500,6.41
2026-09-11T11:43:05.383,1789107185.3838,3557,32,0.41,500,6.41
2026-09-11T11:43:05.387,1789107185.3878,3558,156,2.0,486,6.23
2026-09-11T11:43:05.391,1789107185.3914,3559,-77,-0.99,486,6.23
2026-09-11T11:43:05.396,1789107185.3964,3560,-325,-4.17,481,6.17
2026-09-11T11:43:05.410,1789107185.4103,3561,61,0.78,481,6.17
2026-09-11T11:43:05.412,1789107185.4123,3562,157,2.01,482,6.18
2026-09-11T11:43:05.413,1789107185.4133,3563,-96,-1.23,482,6.18
2026-09-11T11:43:05.421,1789107185.4213,3564,-335,-4.29,492,6.31
2026-09-11T11:43:05.423,1789107185.4232,3565,-138,-1.77,492,6.31
2026-09-11T11:43:05.429,1789107185.4292,3566,130,1.67,465,5.96
2026-09-11T11:43:05.433,1789107185.4334,3567,-118,-1.51,465,5.96
2026-09-11T11:43:05.434,1789107185.4344,3568,-330,-4.23,460,5.9
2026-09-11T11:43:05.441,1789107185.4414,3569,-109,-1.4,460,5.9
2026-09-11T11:43:05.444,1789107185.4447,3570,99,1.27,429,5.5
2026-09-11T11:43:05.461,1789107185.4614,3571,-157,-2.01,429,5.5
2026-09-11T11:43:05.464,1789107185.4644,3572,-324,-4.15,423,5.42
2026-09-11T11:43:05.467,1789107185.4674,3573,-87,-1.12,423,5.42
2026-09-11T11:43:05.468,1789107185.4684,3574,161,2.06,485,6.22
2026-09-11T11:43:05.473,1789107185.4735,3575,-172,-2.21,485,6.22
2026-09-11T11:43:05.478,1789107185.4785,3576,-319,-4.09,480,6.15
2026-09-11T11:43:05.480,1789107185.4805,3577,-42,-0.54,480,6.15
2026-09-11T11:43:05.487,1789107185.4877,3578,178,2.28,497,6.37
2026-09-11T11:43:05.491,1789107185.4910,3579,-215,-2.76,497,6.37
2026-09-11T11:43:05.495,1789107185.4952,3580,-294,-3.77,472,6.05
2026-09-11T11:43:05.507,1789107185.5077,3581,-37,-0.47,472,6.05
2026-09-11T11:43:05.508,1789107185.5086,3582,176,2.26,470,6.03
2026-09-11T11:43:05.521,1789107185.5218,3583,-249,-3.19,470,6.03
2026-09-11T11:43:05.528,1789107185.5289,3584,-276,-3.54,452,5.79
2026-09-11T11:43:05.533,1789107185.5335,3585,-31,-0.4,452,5.79
2026-09-11T11:43:05.534,1789107185.5346,3586,185,2.37,461,5.91
2026-09-11T11:43:05.536,1789107185.5362,3587,16,0.21,461,5.91
2026-09-11T11:43:05.539,1789107185.5399,3588,-243,-3.12,428,5.49
2026-09-11T11:43:05.545,1789107185.5458,3589,-22,-0.28,428,5.49
2026-09-11T11:43:05.548,1789107185.5488,3590,198,2.54,441,5.65
2026-09-11T11:43:05.557,1789107185.5570,3591,-11,-0.14,441,5.65
2026-09-11T11:43:05.559,1789107185.5590,3592,-213,-2.73,411,5.27
2026-09-11T11:43:05.566,1789107185.5660,3593,0,0.0,411,5.27
2026-09-11T11:43:05.567,1789107185.5670,3594,180,2.31,393,5.04
2026-09-11T11:43:05.570,1789107185.5700,3595,-25,-0.32,393,5.04
2026-09-11T11:43:05.577,1789107185.5773,3596,-305,-3.91,485,6.22
2026-09-11T11:43:05.582,1789107185.5825,3597,49,0.63,485,6.22
2026-09-11T11:43:05.584,1789107185.5845,3598,181,2.32,486,6.23
2026-09-11T11:43:05.592,1789107185.5928,3599,-40,-0.51,486,6.23
2026-09-11T11:43:05.599,1789107185.5998,3600,-304,-3.9,485,6.22
2026-09-11T11:43:05.604,1789107185.6041,3601,86,1.1,485,6.22
2026-09-11T11:43:05.609,1789107185.6091,3602,181,2.32,485,6.22
2026-09-11T11:43:05.616,1789107185.6161,3603,-59,-0.76,485,6.22
2026-09-11T11:43:05.619,1789107185.6191,3604,-303,-3.88,484,6.21
2026-09-11T11:43:05.621,1789107185.6216,3605,-90,-1.15,484,6.21
2026-09-11T11:43:05.631,1789107185.6320,3606,174,2.23,477,6.12
2026-09-11T11:43:05.633,1789107185.6340,3607,-79,-1.01,477,6.12
2026-09-11T11:43:05.636,1789107185.6370,3608,-282,-3.62,456,5.85
2026-09-11T11:43:05.643,1789107185.6436,3609,-73,-0.94,456,5.85
2026-09-11T11:43:05.647,1789107185.6476,3610,170,2.18,452,5.79
2026-09-11T11:43:05.657,1789107185.6579,3611,-70,-0.9,452,5.79
2026-09-11T11:43:05.658,1789107185.6589,3612,-286,-3.67,456,5.85
2026-09-11T11:43:05.660,1789107185.6609,3613,-33,-0.42,456,5.85
2026-09-11T11:43:05.664,1789107185.6649,3614,203,2.6,489,6.27
2026-09-11T11:43:05.671,1789107185.6719,3615,-110,-1.41,489,6.27
2026-09-11T11:43:05.673,1789107185.6736,3616,-262,-3.36,465,5.96
2026-09-11T11:43:05.680,1789107185.6806,3617,-13,-0.17,465,5.96
2026-09-11T11:43:05.695,1789107185.6951,3618,227,2.91,489,6.27
2026-09-11T11:43:05.700,1789107185.7002,3619,-150,-1.92,489,6.27
2026-09-11T11:43:05.704,1789107185.7045,3620,-257,-3.29,484,6.21
2026-09-11T11:43:05.709,1789107185.7095,3621,8,0.1,484,6.21
2026-09-11T11:43:05.714,1789107185.7145,3622,228,2.92,485,6.22
2026-09-11T11:43:05.716,1789107185.7165,3623,99,1.27,485,6.22
2026-09-11T11:43:05.720,1789107185.7205,3624,-229,-2.94,457,5.86
2026-09-11T11:43:05.723,1789107185.7238,3625,16,0.21,457,5.86
2026-09-11T11:43:05.729,1789107185.7298,3626,232,2.97,461,5.91
2026-09-11T11:43:05.735,1789107185.7359,3627,71,0.91,461,5.91
2026-09-11T11:43:05.737,1789107185.7379,3628,-213,-2.73,445,5.71
2026-09-11T11:43:05.743,1789107185.7432,3629,32,0.41,445,5.71
2026-09-11T11:43:05.747,1789107185.7472,3630,236,3.03,449,5.76
2026-09-11T11:43:05.754,1789107185.7550,3631,43,0.55,449,5.76
2026-09-11T11:43:05.759,1789107185.7599,3632,-192,-2.46,428,5.49
2026-09-11T11:43:05.762,1789107185.7629,3633,41,0.53,428,5.49
2026-09-11T11:43:05.768,1789107185.7689,3634,233,2.99,425,5.45
2026-09-11T11:43:05.772,1789107185.7729,3635,20,0.26,425,5.45
2026-09-11T11:43:05.777,1789107185.7779,3636,-252,-3.23,485,6.22
2026-09-11T11:43:05.783,1789107185.7831,3637,73,0.94,485,6.22
2026-09-11T11:43:05.784,1789107185.7841,3638,229,2.94,481,6.17
2026-09-11T11:43:05.793,1789107185.7935,3639,8,0.1,481,6.17
2026-09-11T11:43:05.803,1789107185.8037,3640,-280,-3.59,509,6.53
2026-09-11T11:43:05.809,1789107185.8098,3641,114,1.46,509,6.53
2026-09-11T11:43:05.810,1789107185.8108,3642,205,2.63,485,6.22
2026-09-11T11:43:05.814,1789107185.8148,3643,-24,-0.31,485,6.22
2026-09-11T11:43:05.817,1789107185.8178,3644,-275,-3.53,480,6.15
2026-09-11T11:43:05.821,1789107185.8218,3645,-102,-1.31,480,6.15
2026-09-11T11:43:05.828,1789107185.8290,3646,209,2.68,484,6.21
2026-09-11T11:43:05.832,1789107185.8322,3647,-51,-0.65,484,6.21
2026-09-11T11:43:05.835,1789107185.8352,3648,-279,-3.58,488,6.26
2026-09-11T11:43:05.841,1789107185.8415,3649,-78,-1.0,488,6.26
2026-09-11T11:43:05.844,1789107185.8445,3650,178,2.28,457,5.86
2026-09-11T11:43:05.867,1789107185.8679,3651,-83,-1.06,457,5.86
2026-09-11T11:43:05.876,1789107185.8761,3652,-279,-3.58,457,5.86
2026-09-11T11:43:05.877,1789107185.8771,3653,-54,-0.69,457,5.86
2026-09-11T11:43:05.880,1789107185.8801,3654,186,2.38,465,5.96
2026-09-11T11:43:05.885,1789107185.8853,3655,-107,-1.37,465,5.96
2026-09-11T11:43:05.888,1789107185.8883,3656,-274,-3.51,460,5.9
2026-09-11T11:43:05.892,1789107185.8925,3657,-33,-0.42,460,5.9
2026-09-11T11:43:05.895,1789107185.8955,3658,223,2.86,497,6.37
2026-09-11T11:43:05.899,1789107185.8995,3659,-131,-1.68,497,6.37
2026-09-11T11:43:05.902,1789107185.9028,3660,-254,-3.26,477,6.12
2026-09-11T11:43:05.908,1789107185.9088,3661,-17,-0.22,477,6.12
2026-09-11T11:43:05.911,1789107185.9118,3662,219,2.81,473,6.06
2026-09-11T11:43:05.914,1789107185.9148,3663,102,1.31,473,6.06
2026-09-11T11:43:05.916,1789107185.9168,3664,-238,-3.05,457,5.86
2026-09-11T11:43:05.918,1789107185.9188,3665,3,0.04,457,5.86
2026-09-11T11:43:05.929,1789107185.9292,3666,227,2.91,465,5.96
2026-09-11T11:43:05.933,1789107185.9334,3667,74,0.95,465,5.96
2026-09-11T11:43:05.934,1789107185.9345,3668,-221,-2.83,448,5.74
2026-09-11T11:43:05.942,1789107185.9429,3669,8,0.1,448,5.74
2026-09-11T11:43:05.949,1789107185.9492,3670,224,2.87,445,5.71
2026-09-11T11:43:05.953,1789107185.9540,3671,35,0.45,445,5.71
2026-09-11T11:43:05.959,1789107185.9600,3672,-204,-2.62,428,5.49
2026-09-11T11:43:05.962,1789107185.9630,3673,37,0.47,428,5.49
2026-09-11T11:43:05.974,1789107185.9742,3674,224,2.87,428,5.49
2026-09-11T11:43:05.977,1789107185.9772,3675,28,0.36,428,5.49
2026-09-11T11:43:05.979,1789107185.9792,3676,-277,-3.55,501,6.42
2026-09-11T11:43:05.984,1789107185.9846,3677,49,0.63,501,6.42
2026-09-11T11:43:05.986,1789107185.9866,3678,217,2.78,494,6.33
2026-09-11T11:43:05.992,1789107185.9929,3679,0,0.0,494,6.33
2026-09-11T11:43:05.999,1789107185.9999,3680,-276,-3.54,493,6.32
2026-09-11T11:43:06.003,1789107186.0031,3681,86,1.1,493,6.32
2026-09-11T11:43:06.008,1789107186.0082,3682,217,2.78,493,6.32
2026-09-11T11:43:06.014,1789107186.0142,3683,-23,-0.29,493,6.32
2026-09-11T11:43:06.014,1789107186.0142,3684,-283,-3.63,500,6.41
2026-09-11T11:43:06.020,1789107186.0202,3685,-106,-1.36,500,6.41
2026-09-11T11:43:06.039,1789107186.0399,3686,210,2.69,493,6.32
2026-09-11T11:43:06.044,1789107186.0441,3687,-43,-0.55,493,6.32
2026-09-11T11:43:06.046,1789107186.0461,3688,-279,-3.58,489,6.27
2026-09-11T11:43:06.049,1789107186.0491,3689,-90,-1.15,489,6.27
2026-09-11T11:43:06.051,1789107186.0512,3690,194,2.49,473,6.06
2026-09-11T11:43:06.059,1789107186.0594,3691,-71,-0.91,473,6.06
2026-09-11T11:43:06.062,1789107186.0624,3692,-267,-3.42,461,5.91
2026-09-11T11:43:06.065,1789107186.0654,3693,-42,-0.54,461,5.91
2026-09-11T11:43:06.069,1789107186.0694,3694,211,2.71,478,6.13
2026-09-11T11:43:06.076,1789107186.0768,3695,-75,-0.96,478,6.13
2026-09-11T11:43:06.078,1789107186.0788,3696,-259,-3.32,470,6.03
2026-09-11T11:43:06.082,1789107186.0829,3697,-14,-0.18,470,6.03
2026-09-11T11:43:06.087,1789107186.0879,3698,227,2.91,486,6.23
2026-09-11T11:43:06.089,1789107186.0899,3699,-107,-1.37,486,6.23
2026-09-11T11:43:06.097,1789107186.0972,3700,-247,-3.17,474,6.08
2026-09-11T11:43:06.107,1789107186.1076,3701,6,0.08,474,6.08
2026-09-11T11:43:06.108,1789107186.1085,3702,250,3.21,497,6.37
2026-09-11T11:43:06.116,1789107186.1167,3703,141,1.81,497,6.37
2026-09-11T11:43:06.119,1789107186.1197,3704,-219,-2.81,469,6.01
2026-09-11T11:43:06.124,1789107186.1244,3705,34,0.44,469,6.01
2026-09-11T11:43:06.126,1789107186.1264,3706,254,3.26,473,6.06
2026-09-11T11:43:06.133,1789107186.1336,3707,117,1.5,473,6.06
2026-09-11T11:43:06.136,1789107186.1366,3708,-187,-2.4,441,5.65
2026-09-11T11:43:06.146,1789107186.1467,3709,46,0.59,441,5.65
2026-09-11T11:43:06.150,1789107186.1507,3710,278,3.56,465,5.96
2026-09-11T11:43:06.155,1789107186.1550,3711,101,1.29,465,5.96
2026-09-11T11:43:06.159,1789107186.1590,3712,-167,-2.14,445,5.71
2026-09-11T11:43:06.162,1789107186.1620,3713,66,0.85,445,5.71
2026-09-11T11:43:06.169,1789107186.1690,3714,262,3.36,429,5.5
2026-09-11T11:43:06.171,1789107186.1710,3715,73,0.94,429,5.5
2026-09-11T11:43:06.176,1789107186.1762,3716,-232,-2.97,494,6.33
2026-09-11T11:43:06.181,1789107186.1812,3717,90,1.15,494,6.33
2026-09-11T11:43:06.184,1789107186.1844,3718,257,3.29,489,6.27
2026-09-11T11:43:06.191,1789107186.1914,3719,44,0.56,489,6.27
2026-09-11T11:43:06.206,1789107186.2062,3720,-244,-3.13,501,6.42
2026-09-11T11:43:06.214,1789107186.2142,3721,118,1.51,501,6.42
2026-09-11T11:43:06.217,1789107186.2172,3722,257,3.29,501,6.42
2026-09-11T11:43:06.219,1789107186.2192,3723,20,0.26,501,6.42
2026-09-11T11:43:06.221,1789107186.2212,3724,-236,-3.03,493,6.32
2026-09-11T11:43:06.227,1789107186.2273,3725,-87,-1.12,493,6.32
2026-09-11T11:43:06.231,1789107186.2313,3726,233,2.99,469,6.01
2026-09-11T11:43:06.235,1789107186.2354,3727,0,0.0,469,6.01
2026-09-11T11:43:06.237,1789107186.2374,3728,-248,-3.18,481,6.17
2026-09-11T11:43:06.243,1789107186.2437,3729,-51,-0.65,481,6.17
2026-09-11T11:43:06.248,1789107186.2487,3730,236,3.03,484,6.21
2026-09-11T11:43:06.255,1789107186.2559,3731,-9,-0.12,484,6.21
2026-09-11T11:43:06.256,1789107186.2569,3732,-229,-2.94,465,5.96
2026-09-11T11:43:06.262,1789107186.2629,3733,-32,-0.41,465,5.96
2026-09-11T11:43:06.264,1789107186.2649,3734,228,2.92,457,5.86
2026-09-11T11:43:06.275,1789107186.2751,3735,-21,-0.27,457,5.86
2026-09-11T11:43:06.278,1789107186.2781,3736,-221,-2.83,449,5.76
2026-09-11T11:43:06.280,1789107186.2801,3737,4,0.05,449,5.76
2026-09-11T11:43:06.288,1789107186.2883,3738,244,3.13,465,5.96
2026-09-11T11:43:06.290,1789107186.2903,3739,-66,-0.85,465,5.96
2026-09-11T11:43:06.295,1789107186.2954,3740,-218,-2.79,462,5.92
2026-09-11T11:43:06.306,1789107186.3067,3741,23,0.29,462,5.92
2026-09-11T11:43:06.315,1789107186.3157,3742,267,3.42,485,6.22
2026-09-11T11:43:06.317,1789107186.3177,3743,182,2.33,485,6.22
2026-09-11T11:43:06.319,1789107186.3197,3744,-191,-2.45,458,5.87
2026-09-11T11:43:06.323,1789107186.3231,3745,58,0.74,458,5.87
2026-09-11T11:43:06.325,1789107186.3251,3746,282,3.62,473,6.06
2026-09-11T11:43:06.333,1789107186.3333,3747,149,1.91,473,6.06
2026-09-11T11:43:06.338,1789107186.3383,3748,-179,-2.29,461,5.91
2026-09-11T11:43:06.342,1789107186.3420,3749,78,1.0,461,5.91
2026-09-11T11:43:06.345,1789107186.3459,3750,289,3.71,468,6.0
2026-09-11T11:43:06.356,1789107186.3562,3751,132,1.69,468,6.0
2026-09-11T11:43:06.357,1789107186.3572,3752,-148,-1.9,437,5.6
2026-09-11T11:43:06.362,1789107186.3622,3753,105,1.35,437,5.6
2026-09-11T11:43:06.378,1789107186.3785,3754,288,3.69,436,5.59
2026-09-11T11:43:06.381,1789107186.3818,3755,91,1.17,436,5.59
2026-09-11T11:43:06.386,1789107186.3869,3756,-189,-2.42,477,6.12
2026-09-11T11:43:06.388,1789107186.3889,3757,112,1.44,477,6.12
2026-09-11T11:43:06.389,1789107186.3899,3758,288,3.69,477,6.12
2026-09-11T11:43:06.392,1789107186.3923,3759,91,1.17,477,6.12
2026-09-11T11:43:06.398,1789107186.3983,3760,-206,-2.64,494,6.33
2026-09-11T11:43:06.406,1789107186.4067,3761,139,1.78,494,6.33
2026-09-11T11:43:06.411,1789107186.4112,3762,267,3.42,473,6.06
2026-09-11T11:43:06.418,1789107186.4182,3763,62,0.79,473,6.06
2026-09-11T11:43:06.419,1789107186.4200,3764,-214,-2.74,481,6.17
2026-09-11T11:43:06.423,1789107186.4232,3765,-74,-0.95,481,6.17
2026-09-11T11:43:06.427,1789107186.4271,3766,266,3.41,480,6.15
2026-09-11T11:43:06.429,1789107186.4291,3767,25,0.32,480,6.15
2026-09-11T11:43:06.437,1789107186.4373,3768,-219,-2.81,485,6.22
2026-09-11T11:43:06.444,1789107186.4445,3769,-42,-0.54,485,6.22
2026-09-11T11:43:06.447,1789107186.4475,3770,257,3.29,476,6.1
2026-09-11T11:43:06.456,1789107186.4567,3771,0,0.0,476,6.1
2026-09-11T11:43:06.458,1789107186.4588,3772,-220,-2.82,477,6.12
2026-09-11T11:43:06.463,1789107186.4639,3773,-71,-0.91,477,6.12
2026-09-11T11:43:06.466,1789107186.4668,3774,-167,-2.14,220,2.82
2026-09-11T11:43:06.473,1789107186.4730,3775,-261,-3.35,190,2.44
2026-09-11T11:43:06.485,1789107186.4852,3776,-120,-1.54,190,2.44
2026-09-11T11:43:06.488,1789107186.4882,3777,-555,-7.12,435,5.58
2026-09-11T11:43:06.491,1789107186.4912,3778,-1025,-13.14,905,11.6
2026-09-11T11:43:06.492,1789107186.4925,3779,-425,-5.45,905,11.6
2026-09-11T11:43:06.498,1789107186.4985,3780,24,0.31,1049,13.45
2026-09-11T11:43:06.507,1789107186.5078,3781,-528,-6.77,1049,13.45
2026-09-11T11:43:06.512,1789107186.5128,3782,-1026,-13.15,1050,13.46
2026-09-11T11:43:06.514,1789107186.5148,3783,-790,-10.13,1050,13.46
2026-09-11T11:43:06.517,1789107186.5178,3784,306,3.92,1332,17.08
2026-09-11T11:43:06.519,1789107186.5198,3785,-320,-4.1,1332,17.08
2026-09-11T11:43:06.526,1789107186.5266,3786,-846,-10.85,1152,14.77
2026-09-11T11:43:06.529,1789107186.5296,3787,-543,-6.96,1152,14.77
2026-09-11T11:43:06.536,1789107186.5368,3788,442,5.67,1288,16.51
2026-09-11T11:43:06.549,1789107186.5493,3789,-208,-2.67,1288,16.51
2026-09-11T11:43:06.555,1789107186.5555,3790,-731,-9.37,1173,15.04
2026-09-11T11:43:06.558,1789107186.5585,3791,-336,-4.31,1173,15.04
2026-09-11T11:43:06.561,1789107186.5619,3792,488,6.26,1219,15.63
2026-09-11T11:43:06.567,1789107186.5679,3793,-126,-1.62,1219,15.63
2026-09-11T11:43:06.572,1789107186.5722,3794,-646,-8.28,1134,14.54
2026-09-11T11:43:06.575,1789107186.5752,3795,-159,-2.04,1134,14.54
2026-09-11T11:43:06.580,1789107186.5802,3796,613,7.86,1259,16.14
2026-09-11T11:43:06.582,1789107186.5824,3797,-103,-1.32,1259,16.14
2026-09-11T11:43:06.589,1789107186.5894,3798,-603,-7.73,1216,15.59
2026-09-11T11:43:06.595,1789107186.5956,3799,-56,-0.72,1216,15.59
2026-09-11T11:43:06.597,1789107186.5976,3800,696,8.92,1299,16.65
2026-09-11T11:43:06.608,1789107186.6088,3801,-121,-1.55,1299,16.65
2026-09-11T11:43:06.611,1789107186.6118,3802,-568,-7.28,1264,16.21
2026-09-11T11:43:06.612,1789107186.6128,3803,6,0.08,1264,16.21
2026-09-11T11:43:06.620,1789107186.6208,3804,718,9.21,1286,16.49
2026-09-11T11:43:06.622,1789107186.6225,3805,351,4.5,1286,16.49
2026-09-11T11:43:06.627,1789107186.6275,3806,-581,-7.45,1299,16.65
2026-09-11T11:43:06.632,1789107186.6328,3807,-35,-0.45,1299,16.65
2026-09-11T11:43:06.635,1789107186.6358,3808,525,6.73,1106,14.18
2026-09-11T11:43:06.644,1789107186.6441,3809,71,0.91,1106,14.18
2026-09-11T11:43:06.650,1789107186.6501,3810,-679,-8.71,1204,15.44
2026-09-11T11:43:06.660,1789107186.6608,3811,-189,-2.42,1204,15.44
2026-09-11T11:43:06.662,1789107186.6628,3812,196,2.51,875,11.22
2026-09-11T11:43:06.665,1789107186.6658,3813,-177,-2.27,875,11.22
2026-09-11T11:43:06.668,1789107186.6683,3814,-620,-7.95,816,10.46
2026-09-11T11:43:06.674,1789107186.6746,3815,-203,-2.6,816,10.46
2026-09-11T11:43:06.676,1789107186.6766,3816,74,0.95,694,8.9
2026-09-11T11:43:06.682,1789107186.6829,3817,-298,-3.82,694,8.9
2026-09-11T11:43:06.688,1789107186.6886,3818,-597,-7.65,671,8.6
2026-09-11T11:43:06.689,1789107186.6896,3819,-173,-2.22,671,8.6
2026-09-11T11:43:06.695,1789107186.6958,3820,-64,-0.82,533,6.83
2026-09-11T11:43:06.706,1789107186.7070,3821,-240,-3.08,533,6.83
2026-09-11T11:43:06.706,1789107186.7070,3822,-187,-2.4,176,2.26
2026-09-11T11:43:06.724,1789107186.7248,3823,-46,-0.59,194,2.49
2026-09-11T11:43:06.730,1789107186.7308,3824,-190,-2.44,194,2.49
2026-09-11T11:43:06.732,1789107186.7320,3825,15,0.19,205,2.63
2026-09-11T11:43:06.735,1789107186.7351,3826,255,3.27,445,5.71
2026-09-11T11:43:06.741,1789107186.7411,3827,230,2.95,445,5.71
2026-09-11T11:43:06.743,1789107186.7433,3828,-63,-0.81,318,4.08
2026-09-11T11:43:06.748,1789107186.7486,3829,201,2.58,318,4.08
2026-09-11T11:43:06.754,1789107186.7547,3830,460,5.9,523,6.71
2026-09-11T11:43:06.758,1789107186.7583,3831,343,4.4,523,6.71
2026-09-11T11:43:06.763,1789107186.7633,3832,29,0.37,431,5.53
2026-09-11T11:43:06.765,1789107186.7653,3833,289,3.71,431,5.53
2026-09-11T11:43:06.769,1789107186.7694,3834,528,6.77,499,6.4
2026-09-11T11:43:06.772,1789107186.7723,3835,354,4.54,499,6.4
2026-09-11T11:43:06.777,1789107186.7775,3836,56,0.72,472,6.05
2026-09-11T11:43:06.779,1789107186.7795,3837,324,4.15,472,6.05
2026-09-11T11:43:06.785,1789107186.7857,3838,539,6.91,483,6.19
2026-09-11T11:43:06.795,1789107186.7951,3839,313,4.01,483,6.19
2026-09-11T11:43:06.796,1789107186.7961,3840,23,0.29,516,6.62
2026-09-11T11:43:06.806,1789107186.8063,3841,347,4.45,516,6.62
2026-09-11T11:43:06.809,1789107186.8093,3842,534,6.85,511,6.55
2026-09-11T11:43:06.813,1789107186.8133,3843,323,4.14,511,6.55
2026-09-11T11:43:06.815,1789107186.8153,3844,30,0.38,504,6.46
2026-09-11T11:43:06.824,1789107186.8241,3845,162,2.08,504,6.46
2026-09-11T11:43:06.834,1789107186.8344,3846,544,6.97,514,6.59
2026-09-11T11:43:06.836,1789107186.8362,3847,326,4.18,514,6.59
2026-09-11T11:43:06.840,1789107186.8402,3848,69,0.88,475,6.09
2026-09-11T11:43:06.842,1789107186.8423,3849,224,2.87,475,6.09
2026-09-11T11:43:06.846,1789107186.8463,3850,586,7.51,517,6.63
2026-09-11T11:43:06.856,1789107186.8566,3851,331,4.24,517,6.63
2026-09-11T11:43:06.858,1789107186.8587,3852,90,1.15,496,6.36
2026-09-11T11:43:06.862,1789107186.8630,3853,290,3.72,496,6.36
2026-09-11T11:43:06.865,1789107186.8650,3854,533,6.83,443,5.68
2026-09-11T11:43:06.870,1789107186.8710,3855,336,4.31,443,5.68
2026-09-11T11:43:06.877,1789107186.8772,3856,119,1.53,414,5.31
2026-09-11T11:43:06.879,1789107186.8792,3857,390,5.0,414,5.31
2026-09-11T11:43:06.886,1789107186.8865,3858,653,8.37,534,6.85
2026-09-11T11:43:06.897,1789107186.8978,3859,392,5.03,534,6.85
2026-09-11T11:43:06.905,1789107186.9050,3860,198,2.54,455,5.83
2026-09-11T11:43:06.910,1789107186.9100,3861,429,5.5,455,5.83
2026-09-11T11:43:06.917,1789107186.9170,3862,692,8.87,494,6.33
2026-09-11T11:43:06.919,1789107186.9191,3863,641,8.22,494,6.33
2026-09-11T11:43:06.923,1789107186.9236,3864,213,2.73,479,6.14
2026-09-11T11:43:06.927,1789107186.9276,3865,464,5.95,479,6.14
2026-09-11T11:43:06.930,1789107186.9306,3866,694,8.9,481,6.17
2026-09-11T11:43:06.932,1789107186.9328,3867,584,7.49,481,6.17
2026-09-11T11:43:06.939,1789107186.9398,3868,156,2.0,538,6.9
2026-09-11T11:43:06.940,1789107186.9408,3869,424,5.44,538,6.9
2026-09-11T11:43:06.945,1789107186.9460,3870,618,7.92,462,5.92
2026-09-11T11:43:06.957,1789107186.9574,3871,500,6.41,462,5.92
2026-09-11T11:43:06.961,1789107186.9614,3872,141,1.81,477,6.12
2026-09-11T11:43:06.965,1789107186.9654,3873,388,4.97,477,6.12
2026-09-11T11:43:06.970,1789107186.9704,3874,631,8.09,490,6.28
2026-09-11T11:43:06.973,1789107186.9737,3875,476,6.1,490,6.28
2026-09-11T11:43:06.975,1789107186.9757,3876,151,1.94,480,6.15
2026-09-11T11:43:06.982,1789107186.9829,3877,393,5.04,480,6.15
2026-09-11T11:43:06.983,1789107186.9839,3878,620,7.95,469,6.01
2026-09-11T11:43:06.993,1789107186.9932,3879,429,5.5,469,6.01
2026-09-11T11:43:07.003,1789107187.0036,3880,132,1.69,488,6.26
2026-09-11T11:43:07.008,1789107187.0086,3881,375,4.81,488,6.26
2026-09-11T11:43:07.010,1789107187.0106,3882,573,7.35,441,5.65
2026-09-11T11:43:07.011,1789107187.0118,3883,335,4.29,441,5.65
2026-09-11T11:43:07.018,1789107187.0188,3884,18,0.23,555,7.12
2026-09-11T11:43:07.020,1789107187.0208,3885,117,1.5,555,7.12
2026-09-11T11:43:07.026,1789107187.0267,3886,480,6.15,462,5.92
2026-09-11T11:43:07.032,1789107187.0329,3887,218,2.79,462,5.92
2026-09-11T11:43:07.034,1789107187.0349,3888,-51,-0.65,531,6.81
2026-09-11T11:43:07.040,1789107187.0409,3889,73,0.94,531,6.81
2026-09-11T11:43:07.047,1789107187.0471,3890,396,5.08,447,5.73
2026-09-11T11:43:07.053,1789107187.0536,3891,166,2.13,447,5.73
2026-09-11T11:43:07.069,1789107187.0696,3892,-131,-1.68,527,6.76
2026-09-11T11:43:07.074,1789107187.0749,3893,46,0.59,527,6.76
2026-09-11T11:43:07.075,1789107187.0759,3894,266,3.41,397,5.09
2026-09-11T11:43:07.079,1789107187.0799,3895,71,0.91,397,5.09
2026-09-11T11:43:07.084,1789107187.0841,3896,-161,-2.06,427,5.47
2026-09-11T11:43:07.089,1789107187.0890,3897,28,0.36,427,5.47
2026-09-11T11:43:07.093,1789107187.0933,3898,276,3.54,437,5.6
2026-09-11T11:43:07.097,1789107187.0973,3899,25,0.32,437,5.6
2026-09-11T11:43:07.098,1789107187.0983,3900,-199,-2.55,475,6.09
2026-09-11T11:43:07.110,1789107187.1101,3901,46,0.59,475,6.09
2026-09-11T11:43:07.113,1789107187.1130,3902,278,3.56,477,6.12
2026-09-11T11:43:07.114,1789107187.1141,3903,237,3.04,477,6.12
2026-09-11T11:43:07.116,1789107187.1161,3904,-212,-2.72,490,6.28
2026-09-11T11:43:07.123,1789107187.1234,3905,29,0.37,490,6.28
2026-09-11T11:43:07.129,1789107187.1295,3906,285,3.65,497,6.37
2026-09-11T11:43:07.133,1789107187.1337,3907,188,2.41,497,6.37
2026-09-11T11:43:07.139,1789107187.1397,3908,-209,-2.68,494,6.33
2026-09-11T11:43:07.142,1789107187.1429,3909,64,0.82,494,6.33
2026-09-11T11:43:07.149,1789107187.1494,3910,292,3.74,501,6.42
2026-09-11T11:43:07.158,1789107187.1586,3911,231,2.96,501,6.42
2026-09-11T11:43:07.162,1789107187.1622,3912,-134,-1.72,426,5.46
2026-09-11T11:43:07.164,1789107187.1642,3913,115,1.47,426,5.46
2026-09-11T11:43:07.165,1789107187.1652,3914,326,4.18,460,5.9
2026-09-11T11:43:07.176,1789107187.1766,3915,177,2.27,460,5.9
2026-09-11T11:43:07.178,1789107187.1786,3916,-136,-1.74,462,5.92
2026-09-11T11:43:07.180,1789107187.1805,3917,85,1.09,462,5.92
2026-09-11T11:43:07.187,1789107187.1877,3918,301,3.86,437,5.6
2026-09-11T11:43:07.191,1789107187.1919,3919,116,1.49,437,5.6
2026-09-11T11:43:07.197,1789107187.1979,3920,-197,-2.53,498,6.38
2026-09-11T11:43:07.204,1789107187.2043,3921,65,0.83,498,6.38
2026-09-11T11:43:07.206,1789107187.2063,3922,260,3.33,457,5.86
2026-09-11T11:43:07.209,1789107187.2093,3923,51,0.65,457,5.86
2026-09-11T11:43:07.216,1789107187.2163,3924,-253,-3.24,513,6.58
2026-09-11T11:43:07.219,1789107187.2193,3925,-180,-2.31,513,6.58
2026-09-11T11:43:07.235,1789107187.2351,3926,221,2.83,474,6.08
2026-09-11T11:43:07.239,1789107187.2391,3927,0,0.0,474,6.08
2026-09-11T11:43:07.243,1789107187.2434,3928,-292,-3.74,513,6.58
2026-09-11T11:43:07.247,1789107187.2474,3929,-171,-2.19,513,6.58
2026-09-11T11:43:07.249,1789107187.2494,3930,205,2.63,497,6.37
2026-09-11T11:43:07.256,1789107187.2568,3931,-55,-0.71,497,6.37
2026-09-11T11:43:07.259,1789107187.2598,3932,-319,-4.09,524,6.72
2026-09-11T11:43:07.265,1789107187.2659,3933,-166,-2.13,524,6.72
2026-09-11T11:43:07.269,1789107187.2699,3934,79,1.01,398,5.1
2026-09-11T11:43:07.276,1789107187.2770,3935,-90,-1.15,398,5.1
2026-09-11T11:43:07.278,1789107187.2790,3936,-334,-4.28,413,5.29
2026-09-11T11:43:07.282,1789107187.2821,3937,-141,-1.81,413,5.29
2026-09-11T11:43:07.287,1789107187.2871,3938,116,1.49,450,5.77
2026-09-11T11:43:07.294,1789107187.2944,3939,-109,-1.4,450,5.77
2026-09-11T11:43:07.296,1789107187.2964,3940,-333,-4.27,449,5.76
2026-09-11T11:43:07.306,1789107187.3060,3941,-115,-1.47,449,5.76
2026-09-11T11:43:07.308,1789107187.3081,3942,129,1.65,462,5.92
2026-09-11T11:43:07.315,1789107187.3151,3943,105,1.35,462,5.92
2026-09-11T11:43:07.316,1789107187.3161,3944,-339,-4.35,468,6.0
2026-09-11T11:43:07.322,1789107187.3221,3945,-106,-1.36,468,6.0
2026-09-11T11:43:07.324,1789107187.3249,3946,139,1.78,478,6.13
2026-09-11T11:43:07.334,1789107187.3341,3947,70,0.9,478,6.13
2026-09-11T11:43:07.343,1789107187.3434,3948,-338,-4.33,477,6.12
2026-09-11T11:43:07.348,1789107187.3485,3949,-72,-0.92,477,6.12
2026-09-11T11:43:07.350,1789107187.3504,3950,152,1.95,490,6.28
2026-09-11T11:43:07.356,1789107187.3566,3951,47,0.6,490,6.28
2026-09-11T11:43:07.358,1789107187.3586,3952,-229,-2.94,381,4.88
2026-09-11T11:43:07.361,1789107187.3617,3953,-55,-0.71,381,4.88
2026-09-11T11:43:07.366,1789107187.3667,3954,166,2.13,395,5.06
2026-09-11T11:43:07.370,1789107187.3708,3955,13,0.17,395,5.06
2026-09-11T11:43:07.376,1789107187.3760,3956,-279,-3.58,445,5.71
2026-09-11T11:43:07.380,1789107187.3810,3957,-53,-0.68,445,5.71
2026-09-11T11:43:07.384,1789107187.3842,3958,167,2.14,446,5.72
2026-09-11T11:43:07.391,1789107187.3912,3959,-17,-0.22,446,5.72
2026-09-11T11:43:07.407,1789107187.4079,3960,-317,-4.06,484,6.21
2026-09-11T11:43:07.415,1789107187.4153,3961,-31,-0.4,484,6.21
2026-09-11T11:43:07.417,1789107187.4173,3962,173,2.22,490,6.28
2026-09-11T11:43:07.419,1789107187.4193,3963,-31,-0.4,490,6.28
2026-09-11T11:43:07.424,1789107187.4241,3964,-323,-4.14,496,6.36
2026-09-11T11:43:07.428,1789107187.4282,3965,-246,-3.15,496,6.36
2026-09-11T11:43:07.433,1789107187.4333,3966,163,2.09,486,6.23
2026-09-11T11:43:07.435,1789107187.4353,3967,-62,-0.79,486,6.23
2026-09-11T11:43:07.439,1789107187.4393,3968,-345,-4.42,508,6.51
2026-09-11T11:43:07.447,1789107187.4471,3969,-216,-2.77,508,6.51
2026-09-11T11:43:07.449,1789107187.4492,3970,161,2.06,506,6.49
2026-09-11T11:43:07.456,1789107187.4563,3971,-76,-0.97,506,6.49
2026-09-11T11:43:07.461,1789107187.4613,3972,-359,-4.6,520,6.67
2026-09-11T11:43:07.463,1789107187.4633,3973,-190,-2.44,520,6.67
2026-09-11T11:43:07.465,1789107187.4653,3974,67,0.86,426,5.46
2026-09-11T11:43:07.472,1789107187.4727,3975,122,1.56,481,6.17
2026-09-11T11:43:07.474,1789107187.4743,3976,-323,-4.14,445,5.71
2026-09-11T11:43:07.482,1789107187.4825,3977,210,2.69,533,6.83
2026-09-11T11:43:07.489,1789107187.4895,3978,1045,13.4,1368,17.54
2026-09-11T11:43:07.490,1789107187.4905,3979,492,6.31,1368,17.54
2026-09-11T11:43:07.499,1789107187.4996,3980,-374,-4.79,1419,18.19
2026-09-11T11:43:07.510,1789107187.5110,3981,380,4.87,1419,18.19
2026-09-11T11:43:07.513,1789107187.5139,3982,1286,16.49,1660,21.28
2026-09-11T11:43:07.516,1789107187.5170,3983,1333,17.09,1707,21.88
2026-09-11T11:43:07.517,1789107187.5180,3984,-533,-6.83,1866,23.92
2026-09-11T11:43:07.523,1789107187.5232,3985,337,4.32,1866,23.92
2026-09-11T11:43:07.526,1789107187.5267,3986,1231,15.78,1866,23.92
2026-09-11T11:43:07.532,1789107187.5330,3987,1079,13.83,1764,22.62
2026-09-11T11:43:07.539,1789107187.5400,3988,-630,-8.08,1861,23.86
2026-09-11T11:43:07.541,1789107187.5413,3989,277,3.55,1861,23.86
2026-09-11T11:43:07.546,1789107187.5463,3990,1160,14.87,1790,22.95
2026-09-11T11:43:07.556,1789107187.5565,3991,863,11.06,1790,22.95
2026-09-11T11:43:07.558,1789107187.5583,3992,-212,-2.72,1372,17.59
2026-09-11T11:43:07.562,1789107187.5626,3993,283,3.63,1372,17.59
2026-09-11T11:43:07.578,1789107187.5786,3994,1138,14.59,1350,17.31
2026-09-11T11:43:07.583,1789107187.5838,3995,698,8.95,1350,17.31
2026-09-11T11:43:07.585,1789107187.5858,3996,-413,-5.29,1551,19.88
2026-09-11T11:43:07.588,1789107187.5888,3997,267,3.42,1551,19.88
2026-09-11T11:43:07.591,1789107187.5919,3998,1110,14.23,1523,19.53
2026-09-11T11:43:07.595,1789107187.5959,3999,522,6.69,1523,19.53
2026-09-11T11:43:07.599,1789107187.5999,4000,-612,-7.85,1722,22.08
2026-09-11T11:43:07.609,1789107187.6093,4001,285,3.65,1722,22.08
2026-09-11T11:43:07.617,1789107187.6173,4002,1080,13.85,1692,21.69
2026-09-11T11:43:07.619,1789107187.6193,4003,391,5.01,1692,21.69
2026-09-11T11:43:07.621,1789107187.6213,4004,-774,-9.92,1854,23.77
2026-09-11T11:43:07.625,1789107187.6251,4005,-587,-7.53,1854,23.77
2026-09-11T11:43:07.627,1789107187.6271,4006,1082,13.87,1856,23.79
2026-09-11T11:43:07.630,1789107187.6300,4007,290,3.72,1856,23.79
2026-09-11T11:43:07.637,1789107187.6373,4008,-851,-10.91,1933,24.78
2026-09-11T11:43:07.645,1789107187.6455,4009,-488,-6.26,1933,24.78
2026-09-11T11:43:07.646,1789107187.6465,4010,972,12.46,1823,23.37
2026-09-11T11:43:07.658,1789107187.6582,4011,133,1.71,1823,23.37
2026-09-11T11:43:07.661,1789107187.6613,4012,-872,-11.18,1844,23.64
2026-09-11T11:43:07.663,1789107187.6637,4013,-396,-5.08,1844,23.64
2026-09-11T11:43:07.669,1789107187.6699,4014,345,4.42,1217,15.6
2026-09-11T11:43:07.674,1789107187.6742,4015,-43,-0.55,1217,15.6
2026-09-11T11:43:07.678,1789107187.6782,4016,-807,-10.35,1152,14.77
2026-09-11T11:43:07.686,1789107187.6860,4017,-324,-4.15,1152,14.77
2026-09-11T11:43:07.690,1789107187.6900,4018,250,3.21,1057,13.55
2026-09-11T11:43:07.692,1789107187.6922,4019,-233,-2.99,1057,13.55
2026-09-11T11:43:07.696,1789107187.6962,4020,-628,-8.05,878,11.26
2026-09-11T11:43:07.706,1789107187.7065,4021,-297,-3.81,878,11.26
2026-09-11T11:43:07.707,1789107187.7075,4022,-12,-0.15,616,7.9
2026-09-11T11:43:07.713,1789107187.7139,4023,4,0.05,632,8.1
2026-09-11T11:43:07.714,1789107187.7149,4024,-555,-7.12,559,7.17
2026-09-11T11:43:07.721,1789107187.7213,4025,-293,-3.76,559,7.17
2026-09-11T11:43:07.724,1789107187.7243,4026,-32,-0.41,559,7.17
2026-09-11T11:43:07.729,1789107187.7298,4027,-76,-0.97,523,6.71
2026-09-11T11:43:07.750,1789107187.7505,4028,-534,-6.85,502,6.44
2026-09-11T11:43:07.754,1789107187.7547,4029,-272,-3.49,502,6.44
2026-09-11T11:43:07.756,1789107187.7567,4030,-15,-0.19,519,6.65
2026-09-11T11:43:07.761,1789107187.7618,4031,-107,-1.37,519,6.65
2026-09-11T11:43:07.765,1789107187.7659,4032,-382,-4.9,367,4.71
2026-09-11T11:43:07.769,1789107187.7699,4033,-255,-3.27,367,4.71
2026-09-11T11:43:07.774,1789107187.7741,4034,-10,-0.13,372,4.77
2026-09-11T11:43:07.779,1789107187.7791,4035,-126,-1.62,372,4.77
2026-09-11T11:43:07.781,1789107187.7811,4036,-401,-5.14,391,5.01
2026-09-11T11:43:07.788,1789107187.7883,4037,-238,-3.05,391,5.01
2026-09-11T11:43:07.789,1789107187.7893,4038,-1,-0.01,400,5.13
2026-09-11T11:43:07.793,1789107187.7935,4039,-145,-1.86,400,5.13
2026-09-11T11:43:07.795,1789107187.7955,4040,-460,-5.9,459,5.88
2026-09-11T11:43:07.807,1789107187.8079,4041,-205,-2.63,459,5.88
2026-09-11T11:43:07.810,1789107187.8109,4042,20,0.26,480,6.15
2026-09-11T11:43:07.811,1789107187.8119,4043,-160,-2.05,480,6.15
2026-09-11T11:43:07.815,1789107187.8159,4044,-475,-6.09,495,6.35
2026-09-11T11:43:07.825,1789107187.8251,4045,-425,-5.45,495,6.35
2026-09-11T11:43:07.829,1789107187.8291,4046,33,0.42,508,6.51
2026-09-11T11:43:07.830,1789107187.8301,4047,-167,-2.14,508,6.51
2026-09-11T11:43:07.837,1789107187.8374,4048,-486,-6.23,519,6.65
2026-09-11T11:43:07.839,1789107187.8394,4049,-388,-4.97,519,6.65
2026-09-11T11:43:07.847,1789107187.8476,4050,38,0.49,524,6.72
2026-09-11T11:43:07.863,1789107187.8631,4051,-175,-2.24,524,6.72
2026-09-11T11:43:07.864,1789107187.8641,4052,-482,-6.18,520,6.67
2026-09-11T11:43:07.865,1789107187.8651,4053,-344,-4.41,520,6.67
2026-09-11T11:43:07.871,1789107187.8711,4054,-107,-1.37,375,4.81
2026-09-11T11:43:07.874,1789107187.8742,4055,-214,-2.74,375,4.81
2026-09-11T11:43:07.877,1789107187.8772,4056,-498,-6.38,391,5.01
2026-09-11T11:43:07.884,1789107187.8845,4057,-296,-3.79,391,5.01
2026-09-11T11:43:07.887,1789107187.8875,4058,-62,-0.79,436,5.59
2026-09-11T11:43:07.890,1789107187.8905,4059,-242,-3.1,436,5.59
2026-09-11T11:43:07.894,1789107187.8948,4060,-469,-6.01,407,5.22
2026-09-11T11:43:07.906,1789107187.9061,4061,-280,-3.59,407,5.22
2026-09-11T11:43:07.907,1789107187.9071,4062,-34,-0.44,435,5.58
2026-09-11T11:43:07.924,1789107187.9245,4063,2,0.03,471,6.04
2026-09-11T11:43:07.928,1789107187.9289,4064,-465,-5.96,467,5.99
2026-09-11T11:43:07.930,1789107187.9309,4065,-244,-3.13,467,5.99
2026-09-11T11:43:07.933,1789107187.9332,4066,13,0.17,478,6.13
2026-09-11T11:43:07.936,1789107187.9363,4067,5,0.06,478,6.13
2026-09-11T11:43:07.939,1789107187.9393,4068,-454,-5.82,467,5.99
2026-09-11T11:43:07.942,1789107187.9425,4069,-200,-2.56,467,5.99
2026-09-11T11:43:07.945,1789107187.9455,4070,65,0.83,519,6.65
2026-09-11T11:43:07.961,1789107187.9616,4071,-11,-0.14,519,6.65
2026-09-11T11:43:07.963,1789107187.9636,4072,-271,-3.47,336,4.31
2026-09-11T11:43:07.965,1789107187.9656,4073,-161,-2.06,336,4.31
2026-09-11T11:43:07.968,1789107187.9686,4074,92,1.18,363,4.65
2026-09-11T11:43:07.971,1789107187.9720,4075,-20,-0.26,363,4.65
2026-09-11T11:43:07.974,1789107187.9750,4076,-296,-3.79,388,4.97
2026-09-11T11:43:07.984,1789107187.9842,4077,-142,-1.82,388,4.97
2026-09-11T11:43:07.987,1789107187.9872,4078,103,1.32,399,5.12
2026-09-11T11:43:07.990,1789107187.9902,4079,-37,-0.47,399,5.12
2026-09-11T11:43:07.997,1789107187.9973,4080,-345,-4.42,448,5.74
2026-09-11T11:43:08.005,1789107188.0057,4081,-102,-1.31,448,5.74
2026-09-11T11:43:08.007,1789107188.0077,4082,118,1.51,463,5.94
2026-09-11T11:43:08.010,1789107188.0107,4083,-39,-0.5,463,5.94
2026-09-11T11:43:08.019,1789107188.0197,4084,-346,-4.44,464,5.95
2026-09-11T11:43:08.026,1789107188.0266,4085,-329,-4.22,464,5.95
2026-09-11T11:43:08.030,1789107188.0305,4086,141,1.81,487,6.24
2026-09-11T11:43:08.033,1789107188.0337,4087,-52,-0.67,487,6.24
2026-09-11T11:43:08.035,1789107188.0357,4088,-364,-4.67,505,6.47
2026-09-11T11:43:08.044,1789107188.0448,4089,-278,-3.56,505,6.47
2026-09-11T11:43:08.048,1789107188.0488,4090,135,1.73,499,6.4
2026-09-11T11:43:08.056,1789107188.0561,4091,-78,-1.0,499,6.4
2026-09-11T11:43:08.057,1789107188.0571,4092,-373,-4.78,508,6.51
2026-09-11T11:43:08.062,1789107188.0621,4093,-264,-3.38,508,6.51
2026-09-11T11:43:08.064,1789107188.0641,4094,-23,-0.29,350,4.49
2026-09-11T11:43:08.071,1789107188.0715,4095,-103,-1.32,350,4.49
2026-09-11T11:43:08.073,1789107188.0735,4096,-375,-4.81,352,4.51
2026-09-11T11:43:08.096,1789107188.0970,4097,-213,-2.73,352,4.51
2026-09-11T11:43:08.098,1789107188.0990,4098,32,0.41,407,5.22
2026-09-11T11:43:08.099,1789107188.1000,4099,-121,-1.55,407,5.22
2026-09-11T11:43:08.102,1789107188.1025,4100,-373,-4.78,405,5.19
2026-09-11T11:43:08.110,1789107188.1108,4101,-175,-2.24,405,5.19
2026-09-11T11:43:08.115,1789107188.1158,4102,70,0.9,443,5.68
2026-09-11T11:43:08.119,1789107188.1198,4103,129,1.65,502,6.44
2026-09-11T11:43:08.123,1789107188.1230,4104,-351,-4.5,480,6.15
2026-09-11T11:43:08.126,1789107188.1265,4105,-149,-1.91,480,6.15
2026-09-11T11:43:08.132,1789107188.1320,4106,111,1.42,480,6.15
2026-09-11T11:43:08.134,1789107188.1340,4107,119,1.53,470,6.03
2026-09-11T11:43:08.138,1789107188.1380,4108,-353,-4.53,472,6.05
2026-09-11T11:43:08.141,1789107188.1410,4109,-116,-1.49,472,6.05
2026-09-11T11:43:08.148,1789107188.1482,4110,153,1.96,506,6.49
2026-09-11T11:43:08.153,1789107188.1534,4111,96,1.23,506,6.49
2026-09-11T11:43:08.161,1789107188.1614,4112,-160,-2.05,313,4.01
2026-09-11T11:43:08.164,1789107188.1644,4113,-66,-0.85,313,4.01
2026-09-11T11:43:08.167,1789107188.1674,4114,158,2.03,318,4.08
2026-09-11T11:43:08.171,1789107188.1716,4115,65,0.83,318,4.08
2026-09-11T11:43:08.179,1789107188.1796,4116,-187,-2.4,345,4.42
2026-09-11T11:43:08.180,1789107188.1807,4117,-57,-0.73,345,4.42
2026-09-11T11:43:08.188,1789107188.1889,4118,175,2.24,362,4.64
2026-09-11T11:43:08.193,1789107188.1931,4119,59,0.76,362,4.64
2026-09-11T11:43:08.201,1789107188.2017,4120,-226,-2.9,401,5.14
2026-09-11T11:43:08.207,1789107188.2078,4121,-24,-0.31,401,5.14
2026-09-11T11:43:08.208,1789107188.2088,4122,200,2.56,426,5.46
2026-09-11T11:43:08.214,1789107188.2147,4123,32,0.41,426,5.46
2026-09-11T11:43:08.216,1789107188.2168,4124,-265,-3.4,465,5.96
2026-09-11T11:43:08.223,1789107188.2230,4125,-263,-3.37,465,5.96
2026-09-11T11:43:08.226,1789107188.2266,4126,201,2.58,466,5.97
2026-09-11T11:43:08.231,1789107188.2316,4127,33,0.42,466,5.97
2026-09-11T11:43:08.236,1789107188.2368,4128,-271,-3.47,472,6.05
2026-09-11T11:43:08.238,1789107188.2388,4129,-222,-2.85,472,6.05
2026-09-11T11:43:08.245,1789107188.2460,4130,202,2.59,473,6.06
2026-09-11T11:43:08.265,1789107188.2657,4131,6,0.08,473,6.06
2026-09-11T11:43:08.269,1789107188.2697,4132,-302,-3.87,504,6.46
2026-09-11T11:43:08.274,1789107188.2746,4133,-185,-2.37,504,6.46
2026-09-11T11:43:08.275,1789107188.2756,4134,56,0.72,358,4.59
2026-09-11T11:43:08.277,1789107188.2776,4135,-25,-0.32,358,4.59
2026-09-11T11:43:08.281,1789107188.2817,4136,-309,-3.96,365,4.68
2026-09-11T11:43:08.285,1789107188.2857,4137,-168,-2.15,365,4.68
2026-09-11T11:43:08.289,1789107188.2897,4138,76,0.97,385,4.94
2026-09-11T11:43:08.294,1789107188.2941,4139,-41,-0.53,385,4.94
2026-09-11T11:43:08.300,1789107188.3001,4140,-304,-3.9,380,4.87
2026-09-11T11:43:08.309,1789107188.3093,4141,-135,-1.73,380,4.87
2026-09-11T11:43:08.312,1789107188.3124,4142,113,1.45,417,5.35
2026-09-11T11:43:08.315,1789107188.3154,4143,181,2.32,485,6.22
2026-09-11T11:43:08.317,1789107188.3174,4144,-296,-3.79,477,6.12
2026-09-11T11:43:08.320,1789107188.3204,4145,-103,-1.32,477,6.12
2026-09-11T11:43:08.330,1789107188.3301,4146,154,1.97,477,6.12
2026-09-11T11:43:08.333,1789107188.3333,4147,177,2.27,473,6.06
2026-09-11T11:43:08.337,1789107188.3373,4148,-295,-3.78,472,6.05
2026-09-11T11:43:08.342,1789107188.3426,4149,-62,-0.79,472,6.05
2026-09-11T11:43:08.345,1789107188.3456,4150,194,2.49,489,6.27
2026-09-11T11:43:08.358,1789107188.3584,4151,150,1.92,489,6.27
2026-09-11T11:43:08.361,1789107188.3615,4152,-95,-1.22,289,3.71
2026-09-11T11:43:08.363,1789107188.3636,4153,-30,-0.38,289,3.71
2026-09-11T11:43:08.364,1789107188.3646,4154,211,2.71,306,3.92
2026-09-11T11:43:08.374,1789107188.3750,4155,134,1.72,306,3.92
2026-09-11T11:43:08.377,1789107188.3780,4156,-123,-1.58,334,4.28
2026-09-11T11:43:08.380,1789107188.3810,4157,-1,-0.01,334,4.28
2026-09-11T11:43:08.387,1789107188.3873,4158,231,2.96,354,4.54
2026-09-11T11:43:08.390,1789107188.3903,4159,126,1.62,354,4.54
2026-09-11T11:43:08.398,1789107188.3984,4160,-159,-2.04,390,5.0
2026-09-11T11:43:08.406,1789107188.4068,4161,15,0.19,390,5.0
2026-09-11T11:43:08.407,1789107188.4078,4162,247,3.17,406,5.21
2026-09-11T11:43:08.412,1789107188.4123,4163,126,1.62,406,5.21
2026-09-11T11:43:08.415,1789107188.4151,4164,-187,-2.4,434,5.56
2026-09-11T11:43:08.432,1789107188.4320,4165,-210,-2.69,457,5.86
2026-09-11T11:43:08.435,1789107188.4352,4166,259,3.32,469,6.01
2026-09-11T11:43:08.438,1789107188.4382,4167,82,1.05,469,6.01
2026-09-11T11:43:08.441,1789107188.4412,4168,-223,-2.86,482,6.18
2026-09-11T11:43:08.445,1789107188.4455,4169,-182,-2.33,482,6.18
2026-09-11T11:43:08.447,1789107188.4475,4170,267,3.42,490,6.28
2026-09-11T11:43:08.457,1789107188.4576,4171,58,0.74,490,6.28
2026-09-11T11:43:08.463,1789107188.4638,4172,-239,-3.06,506,6.49
2026-09-11T11:43:08.467,1789107188.4678,4173,-86,-1.1,506,6.49
2026-09-11T11:43:08.474,1789107188.4741,4174,539,6.91,778,9.97
2026-09-11T11:43:08.476,1789107188.4764,4175,748,9.59,987,12.65
2026-09-11T11:43:08.478,1789107188.4784,4176,-179,-2.29,927,11.88
2026-09-11T11:43:08.482,1789107188.4825,4177,250,3.21,927,11.88
2026-09-11T11:43:08.486,1789107188.4865,4178,1121,14.37,1300,16.67
2026-09-11T11:43:08.494,1789107188.4950,4179,806,10.33,1300,16.67
2026-09-11T11:43:08.496,1789107188.4960,4180,-318,-4.08,1439,18.45
2026-09-11T11:43:08.506,1789107188.5063,4181,260,3.33,1439,18.45
2026-09-11T11:43:08.511,1789107188.5113,4182,1235,15.83,1553,19.91
2026-09-11T11:43:08.515,1789107188.5153,4183,1642,21.05,1960,25.13
2026-09-11T11:43:08.518,1789107188.5183,4184,-491,-6.29,2133,27.35
2026-09-11T11:43:08.520,1789107188.5203,4185,259,3.32,2133,27.35
2026-09-11T11:43:08.531,1789107188.5311,4186,1234,15.82,2133,27.35
2026-09-11T11:43:08.534,1789107188.5343,4187,1437,18.42,1928,24.72
2026-09-11T11:43:08.535,1789107188.5353,4188,-662,-8.49,2099,26.91
2026-09-11T11:43:08.549,1789107188.5496,4189,237,3.04,2099,26.91
2026-09-11T11:43:08.550,1789107188.5510,4190,1232,15.79,2099,26.91
2026-09-11T11:43:08.556,1789107188.5570,4191,1251,16.04,1913,24.53
2026-09-11T11:43:08.558,1789107188.5590,4192,94,1.21,1157,14.83
2026-09-11T11:43:08.562,1789107188.5630,4193,229,2.94,1157,14.83
2026-09-11T11:43:08.565,1789107188.5660,4194,1232,15.79,1157,14.83
2026-09-11T11:43:08.571,1789107188.5720,4195,1027,13.17,1138,14.59
2026-09-11T11:43:08.575,1789107188.5751,4196,-101,-1.29,1333,17.09
2026-09-11T11:43:08.581,1789107188.5811,4197,242,3.1,1333,17.09
2026-09-11T11:43:08.585,1789107188.5854,4198,1206,15.46,1307,16.76
2026-09-11T11:43:08.591,1789107188.5914,4199,841,10.78,1307,16.76
2026-09-11T11:43:08.605,1789107188.6058,4200,-334,-4.28,1540,19.74
2026-09-11T11:43:08.618,1789107188.6180,4201,238,3.05,1540,19.74
2026-09-11T11:43:08.619,1789107188.6190,4202,1133,14.53,1467,18.81
2026-09-11T11:43:08.620,1789107188.6200,4203,613,7.86,1467,18.81
2026-09-11T11:43:08.623,1789107188.6232,4204,-558,-7.15,1691,21.68
2026-09-11T11:43:08.625,1789107188.6253,4205,-724,-9.28,1857,23.81
2026-09-11T11:43:08.630,1789107188.6308,4206,911,11.68,1635,20.96
2026-09-11T11:43:08.635,1789107188.6360,4207,347,4.45,1635,20.96
2026-09-11T11:43:08.637,1789107188.6380,4208,-598,-7.67,1635,20.96
2026-09-11T11:43:08.642,1789107188.6421,4209,-560,-7.18,1509,19.35
2026-09-11T11:43:08.649,1789107188.6491,4210,446,5.72,1044,13.38
2026-09-11T11:43:08.656,1789107188.6565,4211,16,0.21,1044,13.38
2026-09-11T11:43:08.658,1789107188.6585,4212,-512,-6.56,1006,12.9
2026-09-11T11:43:08.664,1789107188.6645,4213,-382,-4.9,958,12.28
2026-09-11T11:43:08.666,1789107188.6665,4214,-100,-1.28,528,6.77
2026-09-11T11:43:08.671,1789107188.6711,4215,-164,-2.1,412,5.28
2026-09-11T11:43:08.680,1789107188.6801,4216,-496,-6.36,396,5.08
2026-09-11T11:43:08.681,1789107188.6811,4217,-362,-4.64,396,5.08
2026-09-11T11:43:08.689,1789107188.6893,4218,-116,-1.49,380,4.87
2026-09-11T11:43:08.695,1789107188.6956,4219,-208,-2.67,380,4.87
2026-09-11T11:43:08.698,1789107188.6986,4220,-495,-6.35,379,4.86
2026-09-11T11:43:08.707,1789107188.7080,4221,-329,-4.22,379,4.86
2026-09-11T11:43:08.709,1789107188.7100,4222,-100,-1.28,395,5.06
2026-09-11T11:43:08.720,1789107188.7210,4223,28,0.36,523,6.71
2026-09-11T11:43:08.724,1789107188.7244,4224,-507,-6.5,535,6.86
2026-09-11T11:43:08.726,1789107188.7269,4225,-293,-3.76,535,6.86
2026-09-11T11:43:08.728,1789107188.7289,4226,-68,-0.87,535,6.86
2026-09-11T11:43:08.734,1789107188.7342,4227,-3,-0.04,504,6.46
2026-09-11T11:43:08.735,1789107188.7352,4228,-502,-6.44,499,6.4
2026-09-11T11:43:08.742,1789107188.7425,4229,-268,-3.44,499,6.4
2026-09-11T11:43:08.748,1789107188.7485,4230,-31,-0.4,499,6.4
2026-09-11T11:43:08.751,1789107188.7518,4231,-19,-0.24,483,6.19
2026-09-11T11:43:08.757,1789107188.7572,4232,-283,-3.63,264,3.38
2026-09-11T11:43:08.763,1789107188.7638,4233,-252,-3.23,264,3.38
2026-09-11T11:43:08.764,1789107188.7643,4234,5,0.06,288,3.69
2026-09-11T11:43:08.770,1789107188.7703,4235,-39,-0.5,288,3.69
2026-09-11T11:43:08.782,1789107188.7828,4236,-303,-3.88,308,3.95
2026-09-11T11:43:08.787,1789107188.7878,4237,-208,-2.67,308,3.95
2026-09-11T11:43:08.792,1789107188.7921,4238,33,0.42,336,4.31
2026-09-11T11:43:08.793,1789107188.7931,4239,-63,-0.81,336,4.31
2026-09-11T11:43:08.797,1789107188.7971,4240,-331,-4.24,364,4.67
2026-09-11T11:43:08.808,1789107188.8084,4241,-180,-2.31,364,4.67
2026-09-11T11:43:08.811,1789107188.8115,4242,53,0.68,384,4.92
2026-09-11T11:43:08.815,1789107188.8155,4243,-72,-0.92,384,4.92
2026-09-11T11:43:08.818,1789107188.8185,4244,-351,-4.5,404,5.18
2026-09-11T11:43:08.825,1789107188.8254,4245,-410,-5.26,463,5.94
2026-09-11T11:43:08.826,1789107188.8264,4246,80,1.03,490,6.28
2026-09-11T11:43:08.832,1789107188.8325,4247,-76,-0.97,490,6.28
2026-09-11T11:43:08.836,1789107188.8366,4248,-372,-4.77,490,6.28
2026-09-11T11:43:08.840,1789107188.8406,4249,-370,-4.74,452,5.79
2026-09-11T11:43:08.849,1789107188.8498,4250,84,1.08,456,5.85
2026-09-11T11:43:08.857,1789107188.8571,4251,-101,-1.29,456,5.85
2026-09-11T11:43:08.860,1789107188.8601,4252,-396,-5.08,480,6.15
2026-09-11T11:43:08.866,1789107188.8661,4253,-335,-4.29,480,6.15
2026-09-11T11:43:08.870,1789107188.8701,4254,-101,-1.29,295,3.78
2026-09-11T11:43:08.874,1789107188.8743,4255,-109,-1.4,295,3.78
2026-09-11T11:43:08.878,1789107188.8783,4256,-397,-5.09,296,3.79
2026-09-11T11:43:08.888,1789107188.8885,4257,-296,-3.79,296,3.79
2026-09-11T11:43:08.891,1789107188.8917,4258,-66,-0.85,331,4.24
2026-09-11T11:43:08.894,1789107188.8947,4259,-119,-1.53,331,4.24
2026-09-11T11:43:08.898,1789107188.8987,4260,-414,-5.31,348,4.46
2026-09-11T11:43:08.905,1789107188.9050,4261,-272,-3.49,348,4.46
2026-09-11T11:43:08.909,1789107188.9100,4262,-19,-0.24,395,5.06
2026-09-11T11:43:08.915,1789107188.9150,4263,109,1.4,523,6.71
2026-09-11T11:43:08.918,1789107188.9180,4264,-391,-5.01,500,6.41
2026-09-11T11:43:08.920,1789107188.9200,4265,-234,-3.0,500,6.41
2026-09-11T11:43:08.925,1789107188.9259,4266,23,0.29,500,6.41
2026-09-11T11:43:08.928,1789107188.9290,4267,91,1.17,482,6.18
2026-09-11T11:43:08.936,1789107188.9364,4268,-389,-4.99,480,6.15
2026-09-11T11:43:08.953,1789107188.9538,4269,-171,-2.19,480,6.15
2026-09-11T11:43:08.958,1789107188.9588,4270,70,0.9,480,6.15
2026-09-11T11:43:08.962,1789107188.9628,4271,93,1.19,482,6.18
2026-09-11T11:43:08.965,1789107188.9659,4272,-179,-2.29,272,3.49
2026-09-11T11:43:08.967,1789107188.9678,4273,-145,-1.86,272,3.49
2026-09-11T11:43:08.971,1789107188.9719,4274,100,1.28,279,3.58
2026-09-11T11:43:08.973,1789107188.9735,4275,87,1.12,279,3.58
2026-09-11T11:43:08.977,1789107188.9775,4276,-189,-2.42,289,3.71
2026-09-11T11:43:08.983,1789107188.9837,4277,-107,-1.37,289,3.71
2026-09-11T11:43:08.992,1789107188.9929,4278,134,1.72,323,4.14
2026-09-11T11:43:08.994,1789107188.9948,4279,65,0.83,323,4.14
2026-09-11T11:43:08.998,1789107188.9989,4280,-215,-2.76,349,4.47
2026-09-11T11:43:09.007,1789107189.0071,4281,-85,-1.09,349,4.47
2026-09-11T11:43:09.009,1789107189.0091,4282,155,1.99,370,4.74
2026-09-11T11:43:09.014,1789107189.0142,4283,31,0.4,370,4.74
2026-09-11T11:43:09.021,1789107189.0211,4284,-241,-3.09,396,5.08
2026-09-11T11:43:09.023,1789107189.0234,4285,-317,-4.06,472,6.05
2026-09-11T11:43:09.027,1789107189.0280,4286,185,2.37,502,6.44
2026-09-11T11:43:09.033,1789107189.0332,4287,36,0.46,502,6.44
2026-09-11T11:43:09.034,1789107189.0342,4288,-264,-3.38,502,6.44
2026-09-11T11:43:09.042,1789107189.0425,4289,-283,-3.63,468,6.0
2026-09-11T11:43:09.049,1789107189.0495,4290,182,2.33,465,5.96
2026-09-11T11:43:09.053,1789107189.0537,4291,6,0.08,465,5.96
2026-09-11T11:43:09.066,1789107189.0660,4292,-286,-3.67,468,6.0
2026-09-11T11:43:09.068,1789107189.0680,4293,-249,-3.19,468,6.0
2026-09-11T11:43:09.070,1789107189.0700,4294,-24,-0.31,292,3.74
2026-09-11T11:43:09.072,1789107189.0723,4295,3,0.04,289,3.71
2026-09-11T11:43:09.078,1789107189.0782,4296,-309,-3.96,312,4.0
2026-09-11T11:43:09.080,1789107189.0802,4297,-220,-2.82,312,4.0
2026-09-11T11:43:09.087,1789107189.0876,4298,17,0.22,326,4.18
2026-09-11T11:43:09.090,1789107189.0909,4299,-24,-0.31,326,4.18
2026-09-11T11:43:09.094,1789107189.0941,4300,-304,-3.9,321,4.12
2026-09-11T11:43:09.106,1789107189.1065,4301,-175,-2.24,321,4.12
2026-09-11T11:43:09.107,1789107189.1074,4302,54,0.69,358,4.59
2026-09-11T11:43:09.123,1789107189.1235,4303,190,2.44,494,6.33
2026-09-11T11:43:09.131,1789107189.1310,4304,-307,-3.94,497,6.37
2026-09-11T11:43:09.134,1789107189.1343,4305,-149,-1.91,497,6.37
2026-09-11T11:43:09.135,1789107189.1354,4306,91,1.17,497,6.37
2026-09-11T11:43:09.138,1789107189.1383,4307,179,2.29,486,6.23
2026-09-11T11:43:09.143,1789107189.1435,4308,-298,-3.82,477,6.12
2026-09-11T11:43:09.147,1789107189.1475,4309,-117,-1.5,477,6.12
2026-09-11T11:43:09.150,1789107189.1505,4310,144,1.85,477,6.12
2026-09-11T11:43:09.159,1789107189.1592,4311,179,2.29,477,6.12
2026-09-11T11:43:09.167,1789107189.1671,4312,-81,-1.04,296,3.79
2026-09-11T11:43:09.169,1789107189.1691,4313,-80,-1.03,260,3.33
2026-09-11T11:43:09.173,1789107189.1733,4314,169,2.17,260,3.33
2026-09-11T11:43:09.176,1789107189.1763,4315,152,1.95,250,3.21
2026-09-11T11:43:09.177,1789107189.1773,4316,-101,-1.29,270,3.46
2026-09-11T11:43:09.181,1789107189.1816,4317,-55,-0.71,270,3.46
2026-09-11T11:43:09.184,1789107189.1846,4318,185,2.37,286,3.67
2026-09-11T11:43:09.190,1789107189.1906,4319,136,1.74,286,3.67
2026-09-11T11:43:09.198,1789107189.1989,4320,-132,-1.69,317,4.06
2026-09-11T11:43:09.207,1789107189.2070,4321,-284,-3.64,469,6.01
2026-09-11T11:43:09.209,1789107189.2090,4322,214,2.74,498,6.38
2026-09-11T11:43:09.217,1789107189.2170,4323,117,1.5,498,6.38
2026-09-11T11:43:09.218,1789107189.2180,4324,-168,-2.15,498,6.38
2026-09-11T11:43:09.223,1789107189.2232,4325,-263,-3.37,477,6.12
2026-09-11T11:43:09.228,1789107189.2290,4326,234,3.0,497,6.37
2026-09-11T11:43:09.230,1789107189.2310,4327,93,1.19,497,6.37
2026-09-11T11:43:09.240,1789107189.2403,4328,-203,-2.6,497,6.37
2026-09-11T11:43:09.245,1789107189.2455,4329,-243,-3.12,477,6.12
2026-09-11T11:43:09.246,1789107189.2466,4330,238,3.05,481,6.17
2026-09-11T11:43:09.256,1789107189.2560,4331,73,0.94,481,6.17
2026-09-11T11:43:09.257,1789107189.2570,4332,-223,-2.86,481,6.17
2026-09-11T11:43:09.265,1789107189.2650,4333,-206,-2.64,461,5.91
2026-09-11T11:43:09.268,1789107189.2680,4334,39,0.5,296,3.79
2026-09-11T11:43:09.271,1789107189.2714,4335,38,0.49,262,3.36
2026-09-11T11:43:09.274,1789107189.2744,4336,-262,-3.36,301,3.86
2026-09-11T11:43:09.280,1789107189.2804,4337,-197,-2.53,301,3.86
2026-09-11T11:43:09.286,1789107189.2867,4338,47,0.6,309,3.96
2026-09-11T11:43:09.288,1789107189.2887,4339,10,0.13,309,3.96
2026-09-11T11:43:09.304,1789107189.3043,4340,-254,-3.26,301,3.86
2026-09-11T11:43:09.312,1789107189.3123,4341,-149,-1.91,301,3.86
2026-09-11T11:43:09.313,1789107189.3133,4342,84,1.08,338,4.33
2026-09-11T11:43:09.316,1789107189.3164,4343,231,2.96,485,6.22
2026-09-11T11:43:09.322,1789107189.3227,4344,-286,-3.67,517,6.63
2026-09-11T11:43:09.327,1789107189.3274,4345,-120,-1.54,517,6.63
2026-09-11T11:43:09.331,1789107189.3314,4346,120,1.54,517,6.63
2026-09-11T11:43:09.334,1789107189.3346,4347,236,3.03,522,6.69
2026-09-11T11:43:09.336,1789107189.3366,4348,-269,-3.45,505,6.47
2026-09-11T11:43:09.343,1789107189.3438,4349,-92,-1.18,505,6.47
2026-09-11T11:43:09.348,1789107189.3488,4350,148,1.9,505,6.47
2026-09-11T11:43:09.352,1789107189.3529,4351,208,2.67,477,6.12
2026-09-11T11:43:09.358,1789107189.3589,4352,-45,-0.58,300,3.85
2026-09-11T11:43:09.361,1789107189.3619,4353,-60,-0.77,268,3.44
2026-09-11T11:43:09.370,1789107189.3709,4354,188,2.41,268,3.44
2026-09-11T11:43:09.373,1789107189.3730,4355,187,2.4,248,3.18
2026-09-11T11:43:09.378,1789107189.3780,4356,-65,-0.83,253,3.24
2026-09-11T11:43:09.382,1789107189.3822,4357,-40,-0.51,253,3.24
2026-09-11T11:43:09.387,1789107189.3872,4358,212,2.72,277,3.55
2026-09-11T11:43:09.392,1789107189.3924,4359,163,2.09,277,3.55
2026-09-11T11:43:09.394,1789107189.3944,4360,-85,-1.09,297,3.81
2026-09-11T11:43:09.406,1789107189.4069,4361,-273,-3.5,485,6.22
2026-09-11T11:43:09.413,1789107189.4134,4362,244,3.13,517,6.63
2026-09-11T11:43:09.415,1789107189.4155,4363,167,2.14,517,6.63
2026-09-11T11:43:09.418,1789107189.4181,4364,-125,-1.6,517,6.63
2026-09-11T11:43:09.421,1789107189.4211,4365,-233,-2.99,477,6.12
2026-09-11T11:43:09.424,1789107189.4244,4366,244,3.13,477,6.12
2026-09-11T11:43:09.433,1789107189.4332,4367,119,1.53,477,6.12
2026-09-11T11:43:09.439,1789107189.4392,4368,-170,-2.18,477,6.12
2026-09-11T11:43:09.440,1789107189.4402,4369,-213,-2.73,457,5.86
2026-09-11T11:43:09.445,1789107189.4455,4370,268,3.44,481,6.17
2026-09-11T11:43:09.457,1789107189.4579,4371,107,1.37,481,6.17
2026-09-11T11:43:09.457,1789107189.4579,4372,-202,-2.59,481,6.17
2026-09-11T11:43:09.463,1789107189.4631,4373,-185,-2.37,470,6.03
2026-09-11T11:43:09.474,1789107189.4743,4374,60,0.77,309,3.96
2026-09-11T11:43:09.480,1789107189.4807,4375,91,1.17,293,3.76
2026-09-11T11:43:09.484,1789107189.4848,4376,-206,-2.64,297,3.81
2026-09-11T11:43:09.485,1789107189.4859,4377,-161,-2.06,297,3.81
2026-09-11T11:43:09.488,1789107189.4889,4378,80,1.03,297,3.81
2026-09-11T11:43:09.496,1789107189.4961,4379,-10,-0.13,286,3.67
2026-09-11T11:43:09.499,1789107189.4991,4380,-198,-2.54,278,3.56
2026-09-11T11:43:09.507,1789107189.5075,4381,-121,-1.55,278,3.56
2026-09-11T11:43:09.514,1789107189.5145,4382,60,0.77,258,3.31
2026-09-11T11:43:09.516,1789107189.5165,4383,215,2.76,413,5.29
2026-09-11T11:43:09.519,1789107189.5195,4384,-94,-1.21,336,4.31
2026-09-11T11:43:09.522,1789107189.5228,4385,-10,-0.13,309,3.96
2026-09-11T11:43:09.526,1789107189.5263,4386,158,2.03,309,3.96
2026-09-11T11:43:09.534,1789107189.5345,4387,282,3.62,376,4.82
2026-09-11T11:43:09.536,1789107189.5365,4388,-40,-0.51,322,4.13
2026-09-11T11:43:09.542,1789107189.5429,4389,48,0.62,322,4.13
2026-09-11T11:43:09.545,1789107189.5459,4390,180,2.31,322,4.13
2026-09-11T11:43:09.556,1789107189.5562,4391,267,3.42,307,3.94
2026-09-11T11:43:09.557,1789107189.5580,4392,150,1.92,219,2.81
2026-09-11T11:43:09.563,1789107189.5639,4393,66,0.85,201,2.58
2026-09-11T11:43:09.565,1789107189.5655,4394,170,2.18,201,2.58
2026-09-11T11:43:09.573,1789107189.5733,4395,229,2.94,163,2.09
2026-09-11T11:43:09.580,1789107189.5803,4396,124,1.59,163,2.09
2026-09-11T11:43:09.587,1789107189.5875,4397,68,0.87,161,2.06
2026-09-11T11:43:09.590,1789107189.5905,4398,179,2.29,161,2.06
2026-09-11T11:43:09.592,1789107189.5928,4399,219,2.81,151,1.94
2026-09-11T11:43:09.594,1789107189.5949,4400,114,1.46,151,1.94
2026-09-11T11:43:09.607,1789107189.6072,4401,-7,-0.09,226,2.9
2026-09-11T11:43:09.608,1789107189.6082,4402,201,2.58,226,2.9
2026-09-11T11:43:09.614,1789107189.6142,4403,228,2.92,235,3.01
2026-09-11T11:43:09.615,1789107189.6152,4404,103,1.32,235,3.01
2026-09-11T11:43:09.620,1789107189.6202,4405,-1,-0.01,229,2.94
2026-09-11T11:43:09.627,1789107189.6271,4406,234,3.0,235,3.01
2026-09-11T11:43:09.629,1789107189.6291,4407,214,2.74,235,3.01
2026-09-11T11:43:09.636,1789107189.6363,4408,81,1.04,235,3.01
2026-09-11T11:43:09.649,1789107189.6495,4409,-8,-0.1,242,3.1
2026-09-11T11:43:09.658,1789107189.6580,4410,244,3.13,252,3.23
2026-09-11T11:43:09.667,1789107189.6675,4411,203,2.6,252,3.23
2026-09-11T11:43:09.671,1789107189.6711,4412,30,0.38,252,3.23
2026-09-11T11:43:09.675,1789107189.6754,4413,-10,-0.13,254,3.26
2026-09-11T11:43:09.681,1789107189.6810,4414,146,1.87,213,2.73
2026-09-11T11:43:09.688,1789107189.6883,4415,164,2.1,174,2.23
2026-09-11T11:43:09.689,1789107189.6893,4416,-100,-1.28,264,3.38
2026-09-11T11:43:09.691,1789107189.6913,4417,-132,-1.69,296,3.79
2026-09-11T11:43:09.694,1789107189.6944,4418,101,1.29,296,3.79
2026-09-11T11:43:09.697,1789107189.6974,4419,107,1.37,239,3.06
2026-09-11T11:43:09.698,1789107189.6984,4420,-282,-3.62,389,4.99
2026-09-11T11:43:09.707,1789107189.7078,4421,-192,-2.46,389,4.99
2026-09-11T11:43:09.709,1789107189.7098,4422,92,1.18,389,4.99
2026-09-11T11:43:09.716,1789107189.7169,4423,276,3.54,558,7.15
2026-09-11T11:43:09.718,1789107189.7189,4424,-281,-3.6,557,7.14
2026-09-11T11:43:09.720,1789107189.7209,4425,-148,-1.9,557,7.14
2026-09-11T11:43:09.728,1789107189.7282,4426,80,1.03,557,7.14
2026-09-11T11:43:09.734,1789107189.7344,4427,220,2.82,501,6.42
2026-09-11T11:43:09.736,1789107189.7364,4428,-297,-3.81,517,6.63
2026-09-11T11:43:09.744,1789107189.7446,4429,-128,-1.64,517,6.63
2026-09-11T11:43:09.748,1789107189.7486,4430,101,1.29,517,6.63
2026-09-11T11:43:09.759,1789107189.7599,4431,201,2.58,498,6.38
2026-09-11T11:43:09.762,1789107189.7629,4432,-60,-0.77,329,4.22
2026-09-11T11:43:09.764,1789107189.7649,4433,-123,-1.58,324,4.15
2026-09-11T11:43:09.767,1789107189.7680,4434,110,1.41,324,4.15
2026-09-11T11:43:09.772,1789107189.7721,4435,157,2.01,280,3.59
2026-09-11T11:43:09.780,1789107189.7801,4436,-99,-1.27,280,3.59
2026-09-11T11:43:09.781,1789107189.7811,4437,-98,-1.26,256,3.28
2026-09-11T11:43:09.787,1789107189.7873,4438,147,1.88,256,3.28
2026-09-11T11:43:09.791,1789107189.7913,4439,130,1.67,246,3.15
2026-09-11T11:43:09.794,1789107189.7944,4440,-126,-1.62,273,3.5
2026-09-11T11:43:09.805,1789107189.8057,4441,-326,-4.18,473,6.06
2026-09-11T11:43:09.806,1789107189.8068,4442,152,1.95,478,6.13
2026-09-11T11:43:09.822,1789107189.8220,4443,99,1.27,478,6.13
2026-09-11T11:43:09.826,1789107189.8260,4444,-165,-2.12,478,6.13
2026-09-11T11:43:09.831,1789107189.8314,4445,-325,-4.17,477,6.12
2026-09-11T11:43:09.832,1789107189.8325,4446,177,2.27,502,6.44
2026-09-11T11:43:09.835,1789107189.8355,4447,76,0.97,502,6.44
2026-09-11T11:43:09.841,1789107189.8417,4448,-204,-2.62,502,6.44
2026-09-11T11:43:09.844,1789107189.8447,4449,-311,-3.99,488,6.26
2026-09-11T11:43:09.850,1789107189.8507,4450,190,2.44,501,6.42
2026-09-11T11:43:09.861,1789107189.8620,4451,45,0.58,501,6.42
2026-09-11T11:43:09.863,1789107189.8640,4452,-247,-3.17,501,6.42
2026-09-11T11:43:09.867,1789107189.8680,4453,-282,-3.62,472,6.05
2026-09-11T11:43:09.870,1789107189.8710,4454,-21,-0.27,327,4.19
2026-09-11T11:43:09.871,1789107189.8720,4455,27,0.35,309,3.96
2026-09-11T11:43:09.876,1789107189.8762,4456,-274,-3.51,309,3.96
2026-09-11T11:43:09.882,1789107189.8823,4457,-256,-3.28,301,3.86
2026-09-11T11:43:09.885,1789107189.8854,4458,-23,-0.29,301,3.86
2026-09-11T11:43:09.891,1789107189.8914,4459,-4,-0.05,270,3.46
2026-09-11T11:43:09.899,1789107189.8996,4460,-300,-3.85,296,3.79
2026-09-11T11:43:09.906,1789107189.9069,4461,-227,-2.91,296,3.79
2026-09-11T11:43:09.907,1789107189.9079,4462,-10,-0.13,296,3.79
2026-09-11T11:43:09.916,1789107189.9169,4463,198,2.54,498,6.38
2026-09-11T11:43:09.918,1789107189.9189,4464,-323,-4.14,521,6.68
2026-09-11T11:43:09.922,1789107189.9221,4465,-217,-2.78,521,6.68
2026-09-11T11:43:09.930,1789107189.9307,4466,36,0.46,521,6.68
2026-09-11T11:43:09.931,1789107189.9317,4467,183,2.35,506,6.49
2026-09-11T11:43:09.935,1789107189.9358,4468,-325,-4.17,508,6.51
2026-09-11T11:43:09.945,1789107189.9452,4469,-184,-2.36,508,6.51
2026-09-11T11:43:09.946,1789107189.9462,4470,45,0.58,508,6.51
2026-09-11T11:43:09.956,1789107189.9565,4471,185,2.37,510,6.54
2026-09-11T11:43:09.959,1789107189.9592,4472,-72,-0.92,369,4.73
2026-09-11T11:43:09.961,1789107189.9615,4473,-143,-1.83,328,4.21
2026-09-11T11:43:09.964,1789107189.9647,4474,90,1.15,328,4.21
2026-09-11T11:43:09.971,1789107189.9712,4475,150,1.92,293,3.76
2026-09-11T11:43:09.974,1789107189.9744,4476,-87,-1.12,293,3.76
2026-09-11T11:43:09.991,1789107189.9918,4477,-109,-1.4,259,3.32
2026-09-11T11:43:09.997,1789107189.9978,4478,127,1.63,259,3.32
2026-09-11T11:43:10.002,1789107190.0021,4479,147,1.88,256,3.28
2026-09-11T11:43:10.004,1789107190.0042,4480,-118,-1.51,265,3.4
2026-09-11T11:43:10.009,1789107190.0092,4481,-317,-4.06,464,5.95
2026-09-11T11:43:10.014,1789107190.0142,4482,176,2.26,493,6.32
2026-09-11T11:43:10.017,1789107190.0172,4483,127,1.63,493,6.32
2026-09-11T11:43:10.021,1789107190.0212,4484,-129,-1.65,493,6.32
2026-09-11T11:43:10.025,1789107190.0255,4485,-321,-4.12,497,6.37
2026-09-11T11:43:10.027,1789107190.0270,4486,177,2.27,498,6.38
2026-09-11T11:43:10.033,1789107190.0332,4487,100,1.28,498,6.38
2026-09-11T11:43:10.034,1789107190.0343,4488,-172,-2.21,498,6.38
2026-09-11T11:43:10.042,1789107190.0426,4489,-300,-3.85,477,6.12
2026-09-11T11:43:10.049,1789107190.0496,4490,198,2.54,498,6.38
2026-09-11T11:43:10.056,1789107190.0564,4491,77,0.99,498,6.38
2026-09-11T11:43:10.059,1789107190.0593,4492,-199,-2.55,498,6.38
2026-09-11T11:43:10.066,1789107190.0663,4493,-279,-3.58,477,6.12
2026-09-11T11:43:10.068,1789107190.0684,4494,-14,-0.18,356,4.56
2026-09-11T11:43:10.072,1789107190.0727,4495,46,0.59,325,4.17
2026-09-11T11:43:10.077,1789107190.0776,4496,-246,-3.15,325,4.17
2026-09-11T11:43:10.080,1789107190.0806,4497,-250,-3.21,296,3.79
2026-09-11T11:43:10.087,1789107190.0878,4498,19,0.24,296,3.79
2026-09-11T11:43:10.097,1789107190.0972,4499,31,0.4,281,3.6
2026-09-11T11:43:10.102,1789107190.1024,4500,-274,-3.51,305,3.91
2026-09-11T11:43:10.107,1789107190.1074,4501,-213,-2.73,305,3.91
2026-09-11T11:43:10.110,1789107190.1104,4502,8,0.1,305,3.91
2026-09-11T11:43:10.114,1789107190.1144,4503,212,2.72,486,6.23
2026-09-11T11:43:10.116,1789107190.1164,4504,-285,-3.65,497,6.37
2026-09-11T11:43:10.124,1789107190.1248,4505,-179,-2.29,497,6.37
2026-09-11T11:43:10.127,1789107190.1274,4506,49,0.63,497,6.37
2026-09-11T11:43:10.130,1789107190.1304,4507,205,2.63,490,6.28
2026-09-11T11:43:10.136,1789107190.1366,4508,-308,-3.95,513,6.58
2026-09-11T11:43:10.139,1789107190.1396,4509,-163,-2.09,513,6.58
2026-09-11T11:43:10.145,1789107190.1459,4510,82,1.05,513,6.58
2026-09-11T11:43:10.166,1789107190.1661,4511,210,2.69,518,6.64
2026-09-11T11:43:10.170,1789107190.1701,4512,-35,-0.45,373,4.78
2026-09-11T11:43:10.171,1789107190.1714,4513,-126,-1.62,336,4.31
2026-09-11T11:43:10.172,1789107190.1724,4514,103,1.32,336,4.31
2026-09-11T11:43:10.175,1789107190.1754,4515,190,2.44,316,4.05
2026-09-11T11:43:10.181,1789107190.1814,4516,-62,-0.79,316,4.05
2026-09-11T11:43:10.183,1789107190.1838,4517,-97,-1.24,287,3.68
2026-09-11T11:43:10.186,1789107190.1868,4518,143,1.83,287,3.68
2026-09-11T11:43:10.194,1789107190.1949,4519,167,2.14,264,3.38
2026-09-11T11:43:10.202,1789107190.2023,4520,-86,-1.1,264,3.38
2026-09-11T11:43:10.206,1789107190.2063,4521,-285,-3.65,452,5.79
2026-09-11T11:43:10.210,1789107190.2103,4522,180,2.31,465,5.96
2026-09-11T11:43:10.212,1789107190.2123,4523,159,2.04,465,5.96
2026-09-11T11:43:10.219,1789107190.2193,4524,-101,-1.29,465,5.96
2026-09-11T11:43:10.220,1789107190.2204,4525,-277,-3.55,457,5.86
2026-09-11T11:43:10.228,1789107190.2280,4526,196,2.51,473,6.06
2026-09-11T11:43:10.230,1789107190.2300,4527,128,1.64,473,6.06
2026-09-11T11:43:10.238,1789107190.2383,4528,-145,-1.86,473,6.06
2026-09-11T11:43:10.244,1789107190.2444,4529,-268,-3.44,464,5.95
2026-09-11T11:43:10.246,1789107190.2465,4530,221,2.83,489,6.27
2026-09-11T11:43:10.256,1789107190.2568,4531,104,1.33,489,6.27
2026-09-11T11:43:10.257,1789107190.2578,4532,-169,-2.17,489,6.27
2026-09-11T11:43:10.268,1789107190.2690,4533,-256,-3.28,477,6.12
2026-09-11T11:43:10.272,1789107190.2722,4534,5,0.06,360,4.62
2026-09-11T11:43:10.274,1789107190.2742,4535,88,1.13,344,4.41
2026-09-11T11:43:10.276,1789107190.2762,4536,-212,-2.72,344,4.41
2026-09-11T11:43:10.282,1789107190.2825,4537,-219,-2.81,307,3.94
2026-09-11T11:43:10.288,1789107190.2885,4538,30,0.38,307,3.94
2026-09-11T11:43:10.291,1789107190.2916,4539,60,0.77,279,3.58
2026-09-11T11:43:10.295,1789107190.2956,4540,-236,-3.03,296,3.79
2026-09-11T11:43:10.306,1789107190.3066,4541,-203,-2.6,296,3.79
2026-09-11T11:43:10.307,1789107190.3076,4542,38,0.49,296,3.79
2026-09-11T11:43:10.311,1789107190.3119,4543,242,3.1,478,6.13
2026-09-11T11:43:10.314,1789107190.3149,4544,-243,-3.12,485,6.22
2026-09-11T11:43:10.331,1789107190.3318,4545,-170,-2.18,485,6.22
2026-09-11T11:43:10.334,1789107190.3348,4546,62,0.79,485,6.22
2026-09-11T11:43:10.338,1789107190.3388,4547,258,3.31,501,6.42
2026-09-11T11:43:10.340,1789107190.3408,4548,-267,-3.42,525,6.73
2026-09-11T11:43:10.343,1789107190.3430,4549,-122,-1.56,525,6.73
2026-09-11T11:43:10.351,1789107190.3510,4550,90,1.15,525,6.73
2026-09-11T11:43:10.358,1789107190.3582,4551,238,3.05,505,6.47
2026-09-11T11:43:10.364,1789107190.3640,4552,9,0.12,360,4.62
2026-09-11T11:43:10.369,1789107190.3700,4553,-110,-1.41,348,4.46
2026-09-11T11:43:10.371,1789107190.3710,4554,139,1.78,348,4.46
2026-09-11T11:43:10.373,1789107190.3733,4555,234,3.0,344,4.41
2026-09-11T11:43:10.377,1789107190.3774,4556,1,0.01,344,4.41
2026-09-11T11:43:10.384,1789107190.3845,4557,-78,-1.0,312,4.0
2026-09-11T11:43:10.386,1789107190.3865,4558,166,2.13,312,4.0
2026-09-11T11:43:10.393,1789107190.3938,4559,210,2.69,288,3.69
2026-09-11T11:43:10.398,1789107190.3988,4560,-35,-0.45,288,3.69
2026-09-11T11:43:10.404,1789107190.4050,4561,-259,-3.32,469,6.01
2026-09-11T11:43:10.410,1789107190.4105,4562,206,2.64,469,6.01
2026-09-11T11:43:10.414,1789107190.4145,4563,206,2.64,465,5.96
2026-09-11T11:43:10.415,1789107190.4155,4564,-71,-0.91,465,5.96
2026-09-11T11:43:10.423,1789107190.4235,4565,-251,-3.22,457,5.86
2026-09-11T11:43:10.434,1789107190.4342,4566,234,3.0,485,6.22
2026-09-11T11:43:10.437,1789107190.4372,4567,177,2.27,485,6.22
2026-09-11T11:43:10.439,1789107190.4392,4568,-88,-1.13,485,6.22
2026-09-11T11:43:10.443,1789107190.4435,4569,-263,-3.37,497,6.37
2026-09-11T11:43:10.445,1789107190.4455,4570,246,3.15,509,6.53
2026-09-11T11:43:10.456,1789107190.4569,4571,145,1.86,509,6.53
2026-09-11T11:43:10.458,1789107190.4589,4572,-124,-1.59,509,6.53
2026-09-11T11:43:10.463,1789107190.4639,4573,-231,-2.96,477,6.12
2026-09-11T11:43:10.464,1789107190.4649,4574,18,0.23,376,4.82
2026-09-11T11:43:10.471,1789107190.4719,4575,121,1.55,352,4.51
2026-09-11T11:43:10.474,1789107190.4741,4576,-176,-2.26,352,4.51
2026-09-11T11:43:10.481,1789107190.4811,4577,-223,-2.86,344,4.41
2026-09-11T11:43:10.486,1789107190.4869,4578,34,0.44,344,4.41
2026-09-11T11:43:10.500,1789107190.5003,4579,116,1.49,339,4.35
2026-09-11T11:43:10.504,1789107190.5047,4580,-200,-2.56,339,4.35
2026-09-11T11:43:10.511,1789107190.5117,4581,-183,-2.35,316,4.05
2026-09-11T11:43:10.513,1789107190.5137,4582,53,0.68,316,4.05
2026-09-11T11:43:10.517,1789107190.5177,4583,269,3.45,469,6.01
2026-09-11T11:43:10.522,1789107190.5230,4584,-236,-3.03,505,6.47
2026-09-11T11:43:10.526,1789107190.5265,4585,-163,-2.09,505,6.47
2026-09-11T11:43:10.530,1789107190.5306,4586,77,0.99,505,6.47
2026-09-11T11:43:10.534,1789107190.5347,4587,265,3.4,501,6.42
2026-09-11T11:43:10.541,1789107190.5420,4588,-248,-3.18,513,6.58
2026-09-11T11:43:10.542,1789107190.5430,4589,-119,-1.53,513,6.58
2026-09-11T11:43:10.548,1789107190.5490,4590,101,1.29,513,6.58
2026-09-11T11:43:10.554,1789107190.5541,4591,249,3.19,497,6.37
2026-09-11T11:43:10.560,1789107190.5601,4592,24,0.31,368,4.72
2026-09-11T11:43:10.566,1789107190.5661,4593,-103,-1.32,352,4.51
2026-09-11T11:43:10.569,1789107190.5691,4594,121,1.55,352,4.51
2026-09-11T11:43:10.571,1789107190.5711,4595,241,3.09,344,4.41
2026-09-11T11:43:10.580,1789107190.5803,4596,4,0.05,344,4.41
2026-09-11T11:43:10.581,1789107190.5813,4597,-83,-1.06,324,4.15
2026-09-11T11:43:10.587,1789107190.5875,4598,169,2.17,324,4.15
2026-09-11T11:43:10.593,1789107190.5938,4599,232,2.97,315,4.04
2026-09-11T11:43:10.596,1789107190.5969,4600,-24,-0.31,315,4.04
2026-09-11T11:43:10.612,1789107190.6122,4601,-256,-3.28,488,6.26
2026-09-11T11:43:10.615,1789107190.6152,4602,201,2.58,488,6.26
2026-09-11T11:43:10.616,1789107190.6162,4603,208,2.67,464,5.95
2026-09-11T11:43:10.618,1789107190.6182,4604,-57,-0.73,464,5.95
2026-09-11T11:43:10.623,1789107190.6235,4605,-245,-3.14,453,5.81
2026-09-11T11:43:10.627,1789107190.6275,4606,220,2.82,465,5.96
2026-09-11T11:43:10.630,1789107190.6305,4607,196,2.51,465,5.96
2026-09-11T11:43:10.636,1789107190.6367,4608,-77,-0.99,465,5.96
2026-09-11T11:43:10.639,1789107190.6397,4609,-249,-3.19,469,6.01
2026-09-11T11:43:10.645,1789107190.6459,4610,244,3.13,493,6.32
2026-09-11T11:43:10.657,1789107190.6572,4611,155,1.99,493,6.32
2026-09-11T11:43:10.657,1789107190.6572,4612,-121,-1.55,493,6.32
2026-09-11T11:43:10.674,1789107190.6746,4613,-237,-3.04,481,6.17
2026-09-11T11:43:10.678,1789107190.6786,4614,28,0.36,392,5.03
2026-09-11T11:43:10.682,1789107190.6828,4615,143,1.83,380,4.87
2026-09-11T11:43:10.684,1789107190.6848,4616,-150,-1.92,380,4.87
2026-09-11T11:43:10.688,1789107190.6888,4617,-201,-2.58,344,4.41
2026-09-11T11:43:10.693,1789107190.6940,4618,56,0.72,344,4.41
2026-09-11T11:43:10.697,1789107190.6980,4619,122,1.56,323,4.14
2026-09-11T11:43:10.701,1789107190.7010,4620,-166,-2.13,323,4.14
2026-09-11T11:43:10.707,1789107190.7074,4621,-174,-2.23,296,3.79
2026-09-11T11:43:10.713,1789107190.7134,4622,71,0.91,296,3.79
2026-09-11T11:43:10.714,1789107190.7144,4623,283,3.63,457,5.86
2026-09-11T11:43:10.719,1789107190.7194,4624,-219,-2.81,502,6.44
2026-09-11T11:43:10.721,1789107190.7216,4625,-154,-1.97,502,6.44
2026-09-11T11:43:10.728,1789107190.7282,4626,71,0.91,502,6.44
2026-09-11T11:43:10.732,1789107190.7323,4627,263,3.37,482,6.18
2026-09-11T11:43:10.739,1789107190.7393,4628,-235,-3.01,498,6.38
2026-09-11T11:43:10.742,1789107190.7426,4629,-138,-1.77,498,6.38
2026-09-11T11:43:10.745,1789107190.7456,4630,95,1.22,498,6.38
2026-09-11T11:43:10.757,1789107190.7580,4631,262,3.36,497,6.37
2026-09-11T11:43:10.760,1789107190.7610,4632,33,0.42,400,5.13
2026-09-11T11:43:10.762,1789107190.7630,4633,-126,-1.62,388,4.97
2026-09-11T11:43:10.764,1789107190.7650,4634,95,1.22,388,4.97
2026-09-11T11:43:10.772,1789107190.7723,4635,-186,-2.38,281,3.6
2026-09-11T11:43:10.783,1789107190.7830,4636,-265,-3.4,360,4.62
2026-09-11T11:43:10.787,1789107190.7870,4637,-491,-6.29,586,7.51
2026-09-11T11:43:10.789,1789107190.7890,4638,-986,-12.64,800,10.26
2026-09-11T11:43:10.791,1789107190.7910,4639,-1138,-14.59,873,11.19
2026-09-11T11:43:10.799,1789107190.7992,4640,-537,-6.88,647,8.29
2026-09-11T11:43:10.808,1789107190.8086,4641,53,0.68,1191,15.27
2026-09-11T11:43:10.811,1789107190.8116,4642,-878,-11.26,1191,15.27
2026-09-11T11:43:10.813,1789107190.8136,4643,-915,-11.73,968,12.41
2026-09-11T11:43:10.819,1789107190.8196,4644,-211,-2.71,968,12.41
2026-09-11T11:43:10.820,1789107190.8210,4645,346,4.44,1261,16.17
2026-09-11T11:43:10.825,1789107190.8260,4646,-719,-9.22,1261,16.17
2026-09-11T11:43:10.829,1789107190.8291,4647,-664,-8.51,1065,13.65
2026-09-11T11:43:10.847,1789107190.8478,4648,14,0.18,1065,13.65
2026-09-11T11:43:10.851,1789107190.8518,4649,490,6.28,1209,15.5
2026-09-11T11:43:10.855,1789107190.8551,4650,-91,-1.17,1154,14.79
2026-09-11T11:43:10.865,1789107190.8651,4651,-473,-6.06,963,12.35
2026-09-11T11:43:10.868,1789107190.8681,4652,201,2.58,963,12.35
2026-09-11T11:43:10.871,1789107190.8712,4653,553,7.09,1026,13.15
2026-09-11T11:43:10.873,1789107190.8734,4654,-62,-0.79,1026,13.15
2026-09-11T11:43:10.878,1789107190.8784,4655,-343,-4.4,896,11.49
2026-09-11T11:43:10.885,1789107190.8856,4656,314,4.03,896,11.49
2026-09-11T11:43:10.887,1789107190.8875,4657,521,6.68,864,11.08
2026-09-11T11:43:10.888,1789107190.8885,4658,-85,-1.09,864,11.08
2026-09-11T11:43:10.892,1789107190.8928,4659,-231,-2.96,752,9.64
2026-09-11T11:43:10.896,1789107190.8968,4660,362,4.64,752,9.64
2026-09-11T11:43:10.903,1789107190.9033,4661,357,4.58,593,7.6
2026-09-11T11:43:10.908,1789107190.9083,4662,-88,-1.13,593,7.6
2026-09-11T11:43:10.911,1789107190.9113,4663,-376,-4.82,738,9.46
2026-09-11T11:43:10.918,1789107190.9183,4664,130,1.67,733,9.4
2026-09-11T11:43:10.920,1789107190.9203,4665,-15,-0.19,506,6.49
2026-09-11T11:43:10.928,1789107190.9284,4666,-251,-3.22,506,6.49
2026-09-11T11:43:10.934,1789107190.9343,4667,-314,-4.03,444,5.69
2026-09-11T11:43:10.936,1789107190.9363,4668,-319,-4.09,304,3.9
2026-09-11T11:43:10.944,1789107190.9445,4669,-402,-5.15,151,1.94
2026-09-11T11:43:10.947,1789107190.9475,4670,-345,-4.42,88,1.13
2026-09-11T11:43:10.962,1789107190.9628,4671,-235,-3.01,167,2.14
2026-09-11T11:43:10.964,1789107190.9648,4672,-286,-3.67,167,2.14
2026-09-11T11:43:10.968,1789107190.9688,4673,-363,-4.65,128,1.64
2026-09-11T11:43:10.972,1789107190.9721,4674,-118,-1.51,245,3.14
2026-09-11T11:43:10.974,1789107190.9741,4675,51,0.65,414,5.31
2026-09-11T11:43:10.976,1789107190.9760,4676,-142,-1.82,414,5.31
2026-09-11T11:43:10.981,1789107190.9811,4677,-228,-2.92,279,3.58
2026-09-11T11:43:10.988,1789107190.9883,4678,17,0.22,279,3.58
2026-09-11T11:43:10.989,1789107190.9893,4679,157,2.01,385,4.94
2026-09-11T11:43:10.995,1789107190.9956,4680,-91,-1.17,385,4.94
2026-09-11T11:43:11.006,1789107191.0069,4681,-311,-3.99,468,6.0
2026-09-11T11:43:11.007,1789107191.0079,4682,191,2.45,502,6.44
2026-09-11T11:43:11.022,1789107191.0223,4683,258,3.31,569,7.29
2026-09-11T11:43:11.029,1789107191.0298,4684,9,0.12,569,7.29
2026-09-11T11:43:11.030,1789107191.0308,4685,-215,-2.76,473,6.06
2026-09-11T11:43:11.031,1789107191.0318,4686,274,3.51,489,6.27
2026-09-11T11:43:11.033,1789107191.0340,4687,277,3.55,492,6.31
2026-09-11T11:43:11.036,1789107191.0370,4688,27,0.35,492,6.31
2026-09-11T11:43:11.042,1789107191.0423,4689,-185,-2.37,462,5.92
2026-09-11T11:43:11.049,1789107191.0493,4690,68,0.87,462,5.92
2026-09-11T11:43:11.055,1789107191.0555,4691,290,3.72,475,6.09
2026-09-11T11:43:11.062,1789107191.0629,4692,41,0.53,475,6.09
2026-09-11T11:43:11.063,1789107191.0639,4693,-107,-1.37,397,5.09
2026-09-11T11:43:11.069,1789107191.0699,4694,202,2.59,397,5.09
2026-09-11T11:43:11.072,1789107191.0721,4695,447,5.73,554,7.1
2026-09-11T11:43:11.079,1789107191.0791,4696,237,3.04,554,7.1
2026-09-11T11:43:11.084,1789107191.0844,4697,164,2.1,283,3.63
2026-09-11T11:43:11.087,1789107191.0874,4698,440,5.64,283,3.63
2026-09-11T11:43:11.093,1789107191.0936,4699,535,6.86,371,4.76
2026-09-11T11:43:11.097,1789107191.0977,4700,237,3.04,371,4.76
2026-09-11T11:43:11.105,1789107191.1059,4701,196,2.51,339,4.35
2026-09-11T11:43:11.110,1789107191.1109,4702,439,5.63,339,4.35
2026-09-11T11:43:11.113,1789107191.1139,4703,682,8.74,486,6.23
2026-09-11T11:43:11.116,1789107191.1169,4704,177,2.27,505,6.47
2026-09-11T11:43:11.127,1789107191.1277,4705,168,2.15,514,6.59
2026-09-11T11:43:11.132,1789107191.1329,4706,416,5.33,514,6.59
2026-09-11T11:43:11.133,1789107191.1339,4707,634,8.13,466,5.97
2026-09-11T11:43:11.136,1789107191.1369,4708,122,1.56,512,6.56
2026-09-11T11:43:11.143,1789107191.1432,4709,165,2.12,512,6.56
2026-09-11T11:43:11.146,1789107191.1462,4710,413,5.29,512,6.56
2026-09-11T11:43:11.155,1789107191.1555,4711,615,7.88,493,6.32
2026-09-11T11:43:11.156,1789107191.1565,4712,417,5.35,450,5.77
2026-09-11T11:43:11.161,1789107191.1618,4713,235,3.01,380,4.87
2026-09-11T11:43:11.164,1789107191.1648,4714,478,6.13,380,4.87
2026-09-11T11:43:11.172,1789107191.1722,4715,660,8.46,425,5.45
2026-09-11T11:43:11.187,1789107191.1879,4716,453,5.81,425,5.45
2026-09-11T11:43:11.193,1789107191.1934,4717,291,3.73,369,4.73
2026-09-11T11:43:11.198,1789107191.1987,4718,550,7.05,369,4.73
2026-09-11T11:43:11.200,1789107191.2007,4719,656,8.41,365,4.68
2026-09-11T11:43:11.203,1789107191.2030,4720,381,4.88,365,4.68
2026-09-11T11:43:11.210,1789107191.2110,4721,116,1.49,540,6.92
2026-09-11T11:43:11.214,1789107191.2140,4722,546,7.0,540,6.92
2026-09-11T11:43:11.217,1789107191.2170,4723,600,7.69,484,6.21
2026-09-11T11:43:11.220,1789107191.2200,4724,338,4.33,484,6.21
2026-09-11T11:43:11.224,1789107191.2244,4725,76,0.97,524,6.72
2026-09-11T11:43:11.230,1789107191.2310,4726,531,6.81,524,6.72
2026-09-11T11:43:11.233,1789107191.2332,4727,533,6.83,457,5.86
2026-09-11T11:43:11.239,1789107191.2392,4728,259,3.32,457,5.86
2026-09-11T11:43:11.240,1789107191.2402,4729,42,0.54,491,6.29
2026-09-11T11:43:11.248,1789107191.2485,4730,281,3.6,491,6.29
2026-09-11T11:43:11.258,1789107191.2588,4731,454,5.82,412,5.28
2026-09-11T11:43:11.260,1789107191.2608,4732,181,2.32,412,5.28
2026-09-11T11:43:11.262,1789107191.2628,4733,-8,-0.1,462,5.92
2026-09-11T11:43:11.264,1789107191.2648,4734,240,3.08,462,5.92
2026-09-11T11:43:11.275,1789107191.2755,4735,401,5.14,409,5.24
2026-09-11T11:43:11.278,1789107191.2785,4736,100,1.28,409,5.24
2026-09-11T11:43:11.283,1789107191.2837,4737,-37,-0.47,438,5.62
2026-09-11T11:43:11.288,1789107191.2887,4738,235,3.01,438,5.62
2026-09-11T11:43:11.298,1789107191.2990,4739,337,4.32,374,4.79
2026-09-11T11:43:11.300,1789107191.3010,4740,31,0.4,374,4.79
2026-09-11T11:43:11.307,1789107191.3072,4741,-33,-0.42,370,4.74
2026-09-11T11:43:11.308,1789107191.3082,4742,231,2.96,370,4.74
2026-09-11T11:43:11.311,1789107191.3112,4743,442,5.67,475,6.09
2026-09-11T11:43:11.318,1789107191.3182,4744,-25,-0.32,475,6.09
2026-09-11T11:43:11.321,1789107191.3212,4745,-28,-0.36,470,6.03
2026-09-11T11:43:11.328,1789107191.3290,4746,232,2.97,470,6.03
2026-09-11T11:43:11.330,1789107191.3310,4747,455,5.83,483,6.19
2026-09-11T11:43:11.333,1789107191.3340,4748,0,0.0,483,6.19
2026-09-11T11:43:11.340,1789107191.3410,4749,56,0.72,455,5.83
2026-09-11T11:43:11.345,1789107191.3460,4750,304,3.9,455,5.83
2026-09-11T11:43:11.367,1789107191.3676,4751,495,6.35,495,6.35
2026-09-11T11:43:11.372,1789107191.3728,4752,289,3.71,439,5.63
2026-09-11T11:43:11.373,1789107191.3739,4753,72,0.92,423,5.42
2026-09-11T11:43:11.374,1789107191.3749,4754,311,3.99,423,5.42
2026-09-11T11:43:11.375,1789107191.3759,4755,478,6.13,406,5.21
2026-09-11T11:43:11.377,1789107191.3778,4756,244,3.13,406,5.21
2026-09-11T11:43:11.386,1789107191.3861,4757,111,1.42,367,4.71
2026-09-11T11:43:11.389,1789107191.3891,4758,335,4.29,367,4.71
2026-09-11T11:43:11.394,1789107191.3943,4759,466,5.97,355,4.55
2026-09-11T11:43:11.397,1789107191.3973,4760,208,2.67,355,4.55
2026-09-11T11:43:11.407,1789107191.4077,4761,-41,-0.53,507,6.5
2026-09-11T11:43:11.410,1789107191.4102,4762,379,4.86,507,6.5
2026-09-11T11:43:11.413,1789107191.4133,4763,465,5.96,506,6.49
2026-09-11T11:43:11.415,1789107191.4153,4764,219,2.81,506,6.49
2026-09-11T11:43:11.422,1789107191.4225,4765,-30,-0.38,495,6.35
2026-09-11T11:43:11.429,1789107191.4295,4766,498,6.38,528,6.77
2026-09-11T11:43:11.431,1789107191.4316,4767,520,6.67,550,7.05
2026-09-11T11:43:11.438,1789107191.4387,4768,270,3.46,550,7.05
2026-09-11T11:43:11.441,1789107191.4419,4769,37,0.47,483,6.19
2026-09-11T11:43:11.445,1789107191.4459,4770,265,3.4,483,6.19
2026-09-11T11:43:11.459,1789107191.4593,4771,462,5.92,425,5.45
2026-09-11T11:43:11.462,1789107191.4623,4772,204,2.62,425,5.45
2026-09-11T11:43:11.471,1789107191.4714,4773,-5,-0.06,467,5.99
2026-09-11T11:43:11.475,1789107191.4757,4774,239,3.06,467,5.99
2026-09-11T11:43:11.477,1789107191.4776,4775,408,5.23,413,5.29
2026-09-11T11:43:11.478,1789107191.4787,4776,131,1.68,413,5.29
2026-09-11T11:43:11.480,1789107191.4807,4777,-14,-0.18,422,5.41
2026-09-11T11:43:11.487,1789107191.4879,4778,238,3.05,422,5.41
2026-09-11T11:43:11.490,1789107191.4909,4779,379,4.86,393,5.04
2026-09-11T11:43:11.498,1789107191.4981,4780,86,1.1,393,5.04
2026-09-11T11:43:11.506,1789107191.5065,4781,-14,-0.18,393,5.04
2026-09-11T11:43:11.507,1789107191.5075,4782,254,3.26,393,5.04
2026-09-11T11:43:11.512,1789107191.5125,4783,485,6.22,499,6.4
2026-09-11T11:43:11.514,1789107191.5146,4784,18,0.23,499,6.4
2026-09-11T11:43:11.532,1789107191.5326,4785,-43,-0.55,528,6.77
2026-09-11T11:43:11.538,1789107191.5387,4786,222,2.85,528,6.77
2026-09-11T11:43:11.541,1789107191.5419,4787,441,5.65,484,6.21
2026-09-11T11:43:11.543,1789107191.5438,4788,-46,-0.59,487,6.24
2026-09-11T11:43:11.545,1789107191.5458,4789,-22,-0.28,487,6.24
2026-09-11T11:43:11.549,1789107191.5499,4790,218,2.79,487,6.24
2026-09-11T11:43:11.558,1789107191.5581,4791,417,5.35,463,5.94
2026-09-11T11:43:11.562,1789107191.5627,4792,212,2.72,439,5.63
2026-09-11T11:43:11.567,1789107191.5670,4793,-21,-0.27,438,5.62
2026-09-11T11:43:11.574,1789107191.5741,4794,215,2.76,438,5.62
2026-09-11T11:43:11.575,1789107191.5751,4795,414,5.31,435,5.58
2026-09-11T11:43:11.577,1789107191.5771,4796,193,2.47,435,5.58
2026-09-11T11:43:11.584,1789107191.5843,4797,20,0.26,394,5.05
2026-09-11T11:43:11.585,1789107191.5853,4798,248,3.18,394,5.05
2026-09-11T11:43:11.593,1789107191.5936,4799,395,5.06,375,4.81
2026-09-11T11:43:11.599,1789107191.5996,4800,146,1.87,375,4.81
2026-09-11T11:43:11.605,1789107191.6052,4801,-119,-1.53,514,6.59
2026-09-11T11:43:11.611,1789107191.6112,4802,262,3.36,514,6.59
2026-09-11T11:43:11.614,1789107191.6142,4803,361,4.63,480,6.15
2026-09-11T11:43:11.620,1789107191.6202,4804,135,1.73,480,6.15
2026-09-11T11:43:11.622,1789107191.6224,4805,-85,-1.09,446,5.72
2026-09-11T11:43:11.629,1789107191.6297,4806,355,4.55,446,5.72
2026-09-11T11:43:11.633,1789107191.6338,4807,417,5.35,502,6.44
2026-09-11T11:43:11.635,1789107191.6358,4808,156,2.0,502,6.44
2026-09-11T11:43:11.644,1789107191.6441,4809,-69,-0.88,486,6.23
2026-09-11T11:43:11.646,1789107191.6462,4810,143,1.83,486,6.23
2026-09-11T11:43:11.658,1789107191.6584,4811,369,4.73,438,5.62
2026-09-11T11:43:11.661,1789107191.6614,4812,96,1.23,438,5.62
2026-09-11T11:43:11.663,1789107191.6634,4813,-113,-1.45,482,6.18
2026-09-11T11:43:11.666,1789107191.6664,4814,124,1.59,482,6.18
2026-09-11T11:43:11.672,1789107191.6725,4815,298,3.82,411,5.27
2026-09-11T11:43:11.675,1789107191.6760,4816,17,0.22,411,5.27
2026-09-11T11:43:11.678,1789107191.6790,4817,-139,-1.78,437,5.6
2026-09-11T11:43:11.686,1789107191.6863,4818,109,1.4,437,5.6
2026-09-11T11:43:11.691,1789107191.6916,4819,251,3.22,390,5.0
2026-09-11T11:43:11.694,1789107191.6946,4820,-34,-0.44,390,5.0
2026-09-11T11:43:11.718,1789107191.7190,4821,-157,-2.01,408,5.23
2026-09-11T11:43:11.720,1789107191.7210,4822,91,1.17,408,5.23
2026-09-11T11:43:11.723,1789107191.7232,4823,335,4.29,492,6.31
2026-09-11T11:43:11.726,1789107191.7263,4824,-107,-1.37,492,6.31
2026-09-11T11:43:11.731,1789107191.7318,4825,-155,-1.99,490,6.28
2026-09-11T11:43:11.736,1789107191.7360,4826,98,1.26,490,6.28
2026-09-11T11:43:11.741,1789107191.7410,4827,325,4.17,480,6.15
2026-09-11T11:43:11.743,1789107191.7433,4828,-148,-1.9,480,6.15
2026-09-11T11:43:11.750,1789107191.7503,4829,-160,-2.05,485,6.22
2026-09-11T11:43:11.752,1789107191.7525,4830,81,1.04,485,6.22
2026-09-11T11:43:11.758,1789107191.7585,4831,304,3.9,464,5.95
2026-09-11T11:43:11.760,1789107191.7609,4832,107,1.37,464,5.95
2026-09-11T11:43:11.762,1789107191.7629,4833,-148,-1.9,452,5.79
2026-09-11T11:43:11.769,1789107191.7699,4834,4,0.05,452,5.79
2026-09-11T11:43:11.773,1789107191.7730,4835,68,0.87,255,3.27
2026-09-11T11:43:11.776,1789107191.7760,4836,-480,-6.15,548,7.03
2026-09-11T11:43:11.785,1789107191.7852,4837,-878,-11.26,946,12.13
2026-09-11T11:43:11.786,1789107191.7862,4838,-643,-8.24,946,12.13
2026-09-11T11:43:11.793,1789107191.7934,4839,-693,-8.88,398,5.1
2026-09-11T11:43:11.799,1789107191.7994,4840,-982,-12.59,339,4.35
2026-09-11T11:43:11.806,1789107191.8066,4841,-1186,-15.21,543,6.96
2026-09-11T11:43:11.815,1789107191.8160,4842,-845,-10.83,493,6.32
2026-09-11T11:43:11.818,1789107191.8180,4843,-718,-9.21,468,6.0
2026-09-11T11:43:11.820,1789107191.8210,4844,-819,-10.5,468,6.0
2026-09-11T11:43:11.822,1789107191.8222,4845,-944,-12.1,226,2.9
2026-09-11T11:43:11.831,1789107191.8313,4846,-605,-7.76,339,4.35
2026-09-11T11:43:11.833,1789107191.8335,4847,-511,-6.55,433,5.55
2026-09-11T11:43:11.837,1789107191.8375,4848,-617,-7.91,433,5.55
2026-09-11T11:43:11.839,1789107191.8395,4849,-734,-9.41,223,2.86
2026-09-11T11:43:11.845,1789107191.8458,4850,-591,-7.58,223,2.86
2026-09-11T11:43:11.857,1789107191.8570,4851,-312,-4.0,422,5.41
2026-09-11T11:43:11.858,1789107191.8580,4852,-462,-5.92,422,5.41
2026-09-11T11:43:11.862,1789107191.8620,4853,-573,-7.35,279,3.58
2026-09-11T11:43:11.877,1789107191.8776,4854,-406,-5.21,261,3.35
2026-09-11T11:43:11.881,1789107191.8819,4855,-208,-2.67,365,4.68
2026-09-11T11:43:11.885,1789107191.8859,4856,-351,-4.5,365,4.68
2026-09-11T11:43:11.887,1789107191.8879,4857,-478,-6.13,270,3.46
2026-09-11T11:43:11.889,1789107191.8899,4858,-300,-3.85,270,3.46
2026-09-11T11:43:11.893,1789107191.8932,4859,-118,-1.51,360,4.62
2026-09-11T11:43:11.897,1789107191.8972,4860,-306,-3.92,360,4.62
2026-09-11T11:43:11.909,1789107191.9094,4861,-401,-5.14,283,3.63
2026-09-11T11:43:11.911,1789107191.9114,4862,-211,-2.71,283,3.63
2026-09-11T11:43:11.917,1789107191.9175,4863,-42,-0.54,359,4.6
2026-09-11T11:43:11.919,1789107191.9195,4864,-346,-4.44,359,4.6
2026-09-11T11:43:11.924,1789107191.9247,4865,-444,-5.69,402,5.15
2026-09-11T11:43:11.925,1789107191.9257,4866,-267,-3.42,402,5.15
2026-09-11T11:43:11.932,1789107191.9326,4867,-78,-1.0,366,4.69
2026-09-11T11:43:11.940,1789107191.9410,4868,-504,-6.46,426,5.46
2026-09-11T11:43:11.942,1789107191.9430,4869,-586,-7.51,508,6.51
2026-09-11T11:43:11.948,1789107191.9490,4870,-424,-5.44,508,6.51
2026-09-11T11:43:11.954,1789107191.9542,4871,-251,-3.22,335,4.29
2026-09-11T11:43:11.960,1789107191.9602,4872,-410,-5.26,335,4.29
2026-09-11T11:43:11.966,1789107191.9662,4873,-617,-7.91,366,4.69
2026-09-11T11:43:11.970,1789107191.9708,4874,-395,-5.06,366,4.69
2026-09-11T11:43:11.974,1789107191.9742,4875,-161,-2.06,456,5.85
2026-09-11T11:43:11.984,1789107191.9842,4876,-249,-3.19,456,5.85
2026-09-11T11:43:11.986,1789107191.9862,4877,-362,-4.64,234,3.0
2026-09-11T11:43:11.989,1789107191.9892,4878,-89,-1.14,273,3.5
2026-09-11T11:43:11.994,1789107191.9945,4879,136,1.74,498,6.38
2026-09-11T11:43:11.997,1789107191.9975,4880,-13,-0.17,498,6.38
2026-09-11T11:43:12.007,1789107192.0073,4881,-229,-2.94,365,4.68
2026-09-11T11:43:12.010,1789107192.0102,4882,185,2.37,414,5.31
2026-09-11T11:43:12.013,1789107192.0132,4883,356,4.56,585,7.5
2026-09-11T11:43:12.015,1789107192.0153,4884,154,1.97,585,7.5
2026-09-11T11:43:12.021,1789107192.0216,4885,-98,-1.26,454,5.82
2026-09-11T11:43:12.023,1789107192.0236,4886,326,4.18,454,5.82
2026-09-11T11:43:12.030,1789107192.0302,4887,405,5.19,503,6.45
2026-09-11T11:43:12.049,1789107192.0497,4888,163,2.09,503,6.45
2026-09-11T11:43:12.053,1789107192.0540,4889,-102,-1.31,507,6.5
2026-09-11T11:43:12.055,1789107192.0560,4890,107,1.37,507,6.5
2026-09-11T11:43:12.059,1789107192.0600,4891,397,5.09,499,6.4
2026-09-11T11:43:12.065,1789107192.0660,4892,128,1.64,499,6.4
2026-09-11T11:43:12.069,1789107192.0700,4893,-69,-0.88,466,5.97
2026-09-11T11:43:12.074,1789107192.0741,4894,163,2.09,466,5.97
2026-09-11T11:43:12.078,1789107192.0781,4895,429,5.5,498,6.38
2026-09-11T11:43:12.080,1789107192.0801,4896,171,2.19,498,6.38
2026-09-11T11:43:12.087,1789107192.0873,4897,-21,-0.27,450,5.77
2026-09-11T11:43:12.089,1789107192.0893,4898,231,2.96,450,5.77
2026-09-11T11:43:12.092,1789107192.0926,4899,444,5.69,465,5.96
2026-09-11T11:43:12.097,1789107192.0976,4900,158,2.03,465,5.96
2026-09-11T11:43:12.104,1789107192.1050,4901,9,0.12,435,5.58
2026-09-11T11:43:12.112,1789107192.1129,4902,281,3.6,435,5.58
2026-09-11T11:43:12.115,1789107192.1159,4903,548,7.03,539,6.91
2026-09-11T11:43:12.117,1789107192.1179,4904,164,2.1,539,6.91
2026-09-11T11:43:12.119,1789107192.1199,4905,92,1.18,456,5.85
2026-09-11T11:43:12.127,1789107192.1272,4906,375,4.81,456,5.85
2026-09-11T11:43:12.135,1789107192.1350,4907,634,8.13,542,6.95
2026-09-11T11:43:12.136,1789107192.1360,4908,193,2.47,542,6.95
2026-09-11T11:43:12.144,1789107192.1442,4909,157,2.01,477,6.12
2026-09-11T11:43:12.153,1789107192.1534,4910,420,5.38,477,6.12
2026-09-11T11:43:12.160,1789107192.1605,4911,722,9.26,565,7.24
2026-09-11T11:43:12.162,1789107192.1624,4912,576,7.38,565,7.24
2026-09-11T11:43:12.164,1789107192.1644,4913,332,4.26,390,5.0
2026-09-11T11:43:12.167,1789107192.1675,4914,571,7.32,390,5.0
2026-09-11T11:43:12.173,1789107192.1731,4915,769,9.86,437,5.6
2026-09-11T11:43:12.178,1789107192.1781,4916,578,7.41,437,5.6
2026-09-11T11:43:12.179,1789107192.1791,4917,342,4.38,427,5.47
2026-09-11T11:43:12.186,1789107192.1863,4918,561,7.19,427,5.47
2026-09-11T11:43:12.191,1789107192.1913,4919,731,9.37,389,4.99
2026-09-11T11:43:12.194,1789107192.1946,4920,524,6.72,389,4.99
2026-09-11T11:43:12.213,1789107192.2140,4921,194,2.49,537,6.88
2026-09-11T11:43:12.216,1789107192.2170,4922,548,7.03,537,6.88
2026-09-11T11:43:12.219,1789107192.2200,4923,702,9.0,508,6.51
2026-09-11T11:43:12.224,1789107192.2241,4924,407,5.22,508,6.51
2026-09-11T11:43:12.228,1789107192.2281,4925,125,1.6,577,7.4
2026-09-11T11:43:12.230,1789107192.2302,4926,516,6.62,577,7.4
2026-09-11T11:43:12.232,1789107192.2323,4927,610,7.82,485,6.22
2026-09-11T11:43:12.240,1789107192.2403,4928,351,4.5,485,6.22
2026-09-11T11:43:12.243,1789107192.2434,4929,78,1.0,532,6.82
2026-09-11T11:43:12.250,1789107192.2503,4930,262,3.36,532,6.82
2026-09-11T11:43:12.259,1789107192.2594,4931,531,6.81,453,5.81
2026-09-11T11:43:12.262,1789107192.2624,4932,265,3.4,453,5.81
2026-09-11T11:43:12.266,1789107192.2664,4933,20,0.26,511,6.55
2026-09-11T11:43:12.268,1789107192.2684,4934,240,3.08,511,6.55
2026-09-11T11:43:12.274,1789107192.2747,4935,453,5.81,433,5.55
2026-09-11T11:43:12.277,1789107192.2776,4936,183,2.35,433,5.55
2026-09-11T11:43:12.283,1789107192.2834,4937,-34,-0.44,487,6.24
2026-09-11T11:43:12.286,1789107192.2864,4938,203,2.6,487,6.24
2026-09-11T11:43:12.294,1789107192.2946,4939,392,5.03,426,5.46
2026-09-11T11:43:12.297,1789107192.2976,4940,118,1.51,426,5.46
2026-09-11T11:43:12.305,1789107192.3060,4941,10,0.13,382,4.9
2026-09-11T11:43:12.310,1789107192.3110,4942,274,3.51,382,4.9
2026-09-11T11:43:12.315,1789107192.3160,4943,513,6.58,503,6.45
2026-09-11T11:43:12.317,1789107192.3180,4944,125,1.6,503,6.45
2026-09-11T11:43:12.322,1789107192.3226,4945,9,0.12,504,6.46
2026-09-11T11:43:12.330,1789107192.3302,4946,249,3.19,504,6.46
2026-09-11T11:43:12.332,1789107192.3322,4947,480,6.15,471,6.04
2026-09-11T11:43:12.339,1789107192.3393,4948,32,0.41,471,6.04
2026-09-11T11:43:12.343,1789107192.3437,4949,-20,-0.26,500,6.41
2026-09-11T11:43:12.345,1789107192.3456,4950,228,2.92,500,6.41
2026-09-11T11:43:12.357,1789107192.3571,4951,451,5.78,471,6.04
2026-09-11T11:43:12.357,1789107192.3571,4952,274,3.51,471,6.04
2026-09-11T11:43:12.362,1789107192.3623,4953,-35,-0.45,486,6.23
2026-09-11T11:43:12.369,1789107192.3700,4954,213,2.73,486,6.23
2026-09-11T11:43:12.370,1789107192.3706,4955,416,5.33,451,5.78
2026-09-11T11:43:12.375,1789107192.3753,4956,219,2.81,451,5.78
2026-09-11T11:43:12.391,1789107192.3918,4957,-42,-0.54,458,5.87
2026-09-11T11:43:12.394,1789107192.3950,4958,198,2.54,458,5.87
2026-09-11T11:43:12.400,1789107192.4000,4959,373,4.78,415,5.32
2026-09-11T11:43:12.400,1789107192.4010,4960,156,2.0,415,5.32
2026-09-11T11:43:12.409,1789107192.4092,4961,-129,-1.65,502,6.44
2026-09-11T11:43:12.412,1789107192.4125,4962,200,2.56,502,6.44
2026-09-11T11:43:12.416,1789107192.4165,4963,371,4.76,500,6.41
2026-09-11T11:43:12.418,1789107192.4185,4964,134,1.72,500,6.41
2026-09-11T11:43:12.424,1789107192.4242,4965,-167,-2.14,538,6.9
2026-09-11T11:43:12.426,1789107192.4262,4966,226,2.9,538,6.9
2026-09-11T11:43:12.432,1789107192.4327,4967,341,4.37,508,6.51
2026-09-11T11:43:12.438,1789107192.4387,4968,76,0.97,508,6.51
2026-09-11T11:43:12.439,1789107192.4397,4969,-173,-2.22,514,6.59
2026-09-11T11:43:12.447,1789107192.4471,4970,12,0.15,514,6.59
2026-09-11T11:43:12.455,1789107192.4552,4971,331,4.24,504,6.46
2026-09-11T11:43:12.459,1789107192.4591,4972,66,0.85,504,6.46
2026-09-11T11:43:12.461,1789107192.4611,4973,-174,-2.23,505,6.47
2026-09-11T11:43:12.468,1789107192.4681,4974,26,0.33,505,6.47
2026-09-11T11:43:12.470,1789107192.4702,4975,289,3.71,463,5.94
2026-09-11T11:43:12.476,1789107192.4764,4976,20,0.26,463,5.94
2026-09-11T11:43:12.480,1789107192.4804,4977,-188,-2.41,477,6.12
2026-09-11T11:43:12.487,1789107192.4876,4978,105,1.35,477,6.12
2026-09-11T11:43:12.496,1789107192.4969,4979,347,4.45,535,6.86
2026-09-11T11:43:12.501,1789107192.5013,4980,69,0.88,535,6.86
2026-09-11T11:43:12.506,1789107192.5065,4981,-115,-1.47,462,5.92
2026-09-11T11:43:12.510,1789107192.5108,4982,138,1.77,462,5.92
2026-09-11T11:43:12.514,1789107192.5148,4983,377,4.83,492,6.31
2026-09-11T11:43:12.516,1789107192.5168,4984,-18,-0.23,492,6.31
2026-09-11T11:43:12.524,1789107192.5241,4985,-157,-2.01,534,6.85
2026-09-11T11:43:12.526,1789107192.5261,4986,103,1.32,534,6.85
2026-09-11T11:43:12.530,1789107192.5307,4987,327,4.19,484,6.21
2026-09-11T11:43:12.533,1789107192.5339,4988,-95,-1.22,484,6.21
2026-09-11T11:43:12.541,1789107192.5413,4989,-179,-2.29,506,6.49
2026-09-11T11:43:12.547,1789107192.5473,4990,74,0.95,506,6.49
2026-09-11T11:43:12.566,1789107192.5669,4991,301,3.86,480,6.15
2026-09-11T11:43:12.570,1789107192.5709,4992,136,1.74,480,6.15
2026-09-11T11:43:12.572,1789107192.5722,4993,-188,-2.41,489,6.27
2026-09-11T11:43:12.577,1789107192.5772,4994,77,0.99,489,6.27
2026-09-11T11:43:12.581,1789107192.5816,4995,273,3.5,461,5.91
2026-09-11T11:43:12.585,1789107192.5856,4996,80,1.03,461,5.91
2026-09-11T11:43:12.587,1789107192.5876,4997,-188,-2.41,461,5.91
2026-09-11T11:43:12.593,1789107192.5939,4998,41,0.53,461,5.91
2026-09-11T11:43:12.595,1789107192.5959,4999,245,3.14,433,5.55
2026-09-11T11:43:12.603,1789107192.6032,5000,32,0.41,433,5.55
2026-09-11T11:43:12.608,1789107192.6082,5001,-272,-3.49,517,6.63
2026-09-11T11:43:12.611,1789107192.6112,5002,50,0.64,517,6.63
2026-09-11T11:43:12.613,1789107192.6132,5003,221,2.83,493,6.32
2026-09-11T11:43:12.620,1789107192.6202,5004,-19,-0.24,493,6.32
2026-09-11T11:43:12.622,1789107192.6224,5005,-311,-3.99,532,6.82
2026-09-11T11:43:12.628,1789107192.6289,5006,55,0.71,532,6.82
2026-09-11T11:43:12.631,1789107192.6319,5007,194,2.49,505,6.47
2026-09-11T11:43:12.636,1789107192.6361,5008,-42,-0.54,505,6.47
2026-09-11T11:43:12.644,1789107192.6443,5009,-318,-4.08,512,6.56
2026-09-11T11:43:12.647,1789107192.6473,5010,-153,-1.96,512,6.56
2026-09-11T11:43:12.657,1789107192.6576,5011,159,2.04,477,6.12
2026-09-11T11:43:12.659,1789107192.6596,5012,-89,-1.14,477,6.12
2026-09-11T11:43:12.669,1789107192.6691,5013,-325,-4.17,484,6.21
2026-09-11T11:43:12.673,1789107192.6730,5014,-116,-1.49,484,6.21
2026-09-11T11:43:12.675,1789107192.6751,5015,152,1.95,477,6.12
2026-09-11T11:43:12.677,1789107192.6771,5016,-112,-1.44,477,6.12
2026-09-11T11:43:12.682,1789107192.6823,5017,-332,-4.26,484,6.21
2026-09-11T11:43:12.686,1789107192.6863,5018,-107,-1.37,484,6.21
2026-09-11T11:43:12.693,1789107192.6935,5019,154,1.97,486,6.23
2026-09-11T11:43:12.698,1789107192.6985,5020,-131,-1.68,486,6.23
2026-09-11T11:43:12.706,1789107192.7068,5021,-315,-4.04,469,6.01
2026-09-11T11:43:12.707,1789107192.7078,5022,-62,-0.79,469,6.01
2026-09-11T11:43:12.714,1789107192.7141,5023,183,2.35,498,6.38
2026-09-11T11:43:12.715,1789107192.7151,5024,-167,-2.14,498,6.38
2026-09-11T11:43:12.734,1789107192.7346,5025,-302,-3.87,485,6.22
2026-09-11T11:43:12.736,1789107192.7366,5026,-45,-0.58,485,6.22
2026-09-11T11:43:12.740,1789107192.7406,5027,196,2.51,498,6.38
2026-09-11T11:43:12.741,1789107192.7418,5028,-190,-2.44,498,6.38
2026-09-11T11:43:12.745,1789107192.7458,5029,-289,-3.71,485,6.22
2026-09-11T11:43:12.751,1789107192.7512,5030,-32,-0.41,485,6.22
2026-09-11T11:43:12.757,1789107192.7572,5031,204,2.62,493,6.32
2026-09-11T11:43:12.760,1789107192.7602,5032,64,0.82,493,6.32
2026-09-11T11:43:12.766,1789107192.7661,5033,-272,-3.49,476,6.1
2026-09-11T11:43:12.768,1789107192.7687,5034,-7,-0.09,476,6.1
2026-09-11T11:43:12.774,1789107192.7747,5035,213,2.73,485,6.22
2026-09-11T11:43:12.779,1789107192.7793,5036,45,0.58,485,6.22
2026-09-11T11:43:12.782,1789107192.7824,5037,-239,-3.06,452,5.79
2026-09-11T11:43:12.788,1789107192.7884,5038,6,0.08,452,5.79
2026-09-11T11:43:12.795,1789107192.7956,5039,218,2.79,457,5.86
2026-09-11T11:43:12.798,1789107192.7987,5040,17,0.22,457,5.86
2026-09-11T11:43:12.808,1789107192.8081,5041,-295,-3.78,513,6.58
2026-09-11T11:43:12.811,1789107192.8111,5042,-17,-0.22,513,6.58
2026-09-11T11:43:12.815,1789107192.8151,5043,104,1.33,399,5.12
2026-09-11T11:43:12.818,1789107192.8181,5044,-241,-3.09,399,5.12
2026-09-11T11:43:12.819,1789107192.8191,5045,-1404,-18.0,1508,19.33
2026-09-11T11:43:12.828,1789107192.8284,5046,-1129,-14.47,1508,19.33
2026-09-11T11:43:12.829,1789107192.8299,5047,-881,-11.29,1163,14.91
2026-09-11T11:43:12.839,1789107192.8391,5048,-1097,-14.06,523,6.71
2026-09-11T11:43:12.841,1789107192.8411,5049,-1389,-17.81,508,6.51
2026-09-11T11:43:12.850,1789107192.8503,5050,-1111,-14.24,508,6.51
2026-09-11T11:43:12.858,1789107192.8586,5051,-452,-5.79,937,12.01
2026-09-11T11:43:12.861,1789107192.8619,5052,-723,-9.27,937,12.01
2026-09-11T11:43:12.864,1789107192.8649,5053,-1020,-13.08,659,8.45
2026-09-11T11:43:12.867,1789107192.8679,5054,-764,-9.79,568,7.28
2026-09-11T11:43:12.869,1789107192.8699,5055,-223,-2.86,797,10.22
2026-09-11T11:43:12.876,1789107192.8766,5056,-530,-6.79,797,10.22
2026-09-11T11:43:12.880,1789107192.8806,5057,-848,-10.87,625,8.01
2026-09-11T11:43:12.885,1789107192.8859,5058,-537,-6.88,625,8.01
2026-09-11T11:43:12.900,1789107192.9002,5059,-147,-1.88,701,8.99
2026-09-11T11:43:12.907,1789107192.9074,5060,-402,-5.15,701,8.99
2026-09-11T11:43:12.912,1789107192.9124,5061,-684,-8.77,537,6.88
2026-09-11T11:43:12.915,1789107192.9154,5062,-350,-4.49,537,6.88
2026-09-11T11:43:12.920,1789107192.9204,5063,-8,-0.1,676,8.67
2026-09-11T11:43:12.923,1789107192.9237,5064,-380,-4.87,676,8.67
2026-09-11T11:43:12.925,1789107192.9257,5065,-627,-8.04,619,7.94
2026-09-11T11:43:12.930,1789107192.9302,5066,-312,-4.0,619,7.94
2026-09-11T11:43:12.934,1789107192.9344,5067,9,0.12,636,8.15
2026-09-11T11:43:12.941,1789107192.9413,5068,-455,-5.83,636,8.15
2026-09-11T11:43:12.943,1789107192.9435,5069,-645,-8.27,654,8.38
2026-09-11T11:43:12.946,1789107192.9465,5070,-358,-4.59,654,8.38
2026-09-11T11:43:12.957,1789107192.9579,5071,-77,-0.99,568,7.28
2026-09-11T11:43:12.962,1789107192.9620,5072,-225,-2.88,568,7.28
2026-09-11T11:43:12.964,1789107192.9640,5073,-789,-10.12,712,9.13
2026-09-11T11:43:12.970,1789107192.9701,5074,-554,-7.1,712,9.13
2026-09-11T11:43:12.973,1789107192.9733,5075,-320,-4.1,564,7.23
2026-09-11T11:43:12.980,1789107192.9803,5076,-515,-6.6,469,6.01
2026-09-11T11:43:12.982,1789107192.9824,5077,-949,-12.17,629,8.06
2026-09-11T11:43:12.990,1789107192.9905,5078,-674,-8.64,629,8.06
2026-09-11T11:43:12.992,1789107192.9926,5079,-435,-5.58,514,6.59
2026-09-11T11:43:12.996,1789107192.9966,5080,-621,-7.96,514,6.59
2026-09-11T11:43:13.006,1789107193.0069,5081,-967,-12.4,532,6.82
2026-09-11T11:43:13.015,1789107193.0154,5082,-672,-8.62,532,6.82
2026-09-11T11:43:13.017,1789107193.0174,5083,-445,-5.71,522,6.69
2026-09-11T11:43:13.021,1789107193.0214,5084,-631,-8.09,522,6.69
2026-09-11T11:43:13.022,1789107193.0226,5085,-881,-11.29,436,5.59
2026-09-11T11:43:13.029,1789107193.0299,5086,-502,-6.44,436,5.59
2026-09-11T11:43:13.033,1789107193.0330,5087,-288,-3.69,593,7.6
2026-09-11T11:43:13.038,1789107193.0381,5088,-475,-6.09,593,7.6
2026-09-11T11:43:13.044,1789107193.0444,5089,-725,-9.29,437,5.6
2026-09-11T11:43:13.045,1789107193.0454,5090,-534,-6.85,437,5.6
2026-09-11T11:43:13.056,1789107193.0568,5091,-95,-1.22,630,8.08
2026-09-11T11:43:13.061,1789107193.0619,5092,-303,-3.88,630,8.08
2026-09-11T11:43:13.062,1789107193.0629,5093,-574,-7.36,479,6.14
2026-09-11T11:43:13.079,1789107193.0792,5094,-364,-4.67,479,6.14
2026-09-11T11:43:13.082,1789107193.0825,5095,2,0.03,576,7.38
2026-09-11T11:43:13.086,1789107193.0866,5096,-222,-2.85,576,7.38
2026-09-11T11:43:13.089,1789107193.0895,5097,-461,-5.91,463,5.94
2026-09-11T11:43:13.092,1789107193.0927,5098,-239,-3.06,463,5.94
2026-09-11T11:43:13.098,1789107193.0987,5099,26,0.33,487,6.24
2026-09-11T11:43:13.101,1789107193.1020,5100,-199,-2.55,487,6.24
2026-09-11T11:43:13.109,1789107193.1100,5101,-422,-5.41,448,5.74
2026-09-11T11:43:13.112,1789107193.1130,5102,-156,-2.0,448,5.74
2026-09-11T11:43:13.118,1789107193.1190,5103,144,1.85,566,7.26
2026-09-11T11:43:13.121,1789107193.1210,5104,-137,-1.76,566,7.26
2026-09-11T11:43:13.122,1789107193.1222,5105,-296,-3.79,440,5.64
2026-09-11T11:43:13.127,1789107193.1272,5106,-39,-0.5,440,5.64
2026-09-11T11:43:13.132,1789107193.1329,5107,229,2.94,525,6.73
2026-09-11T11:43:13.134,1789107193.1349,5108,-124,-1.59,525,6.73
2026-09-11T11:43:13.145,1789107193.1452,5109,-236,-3.03,465,5.96
2026-09-11T11:43:13.149,1789107193.1492,5110,25,0.32,465,5.96
2026-09-11T11:43:13.157,1789107193.1578,5111,261,3.35,497,6.37
2026-09-11T11:43:13.162,1789107193.1622,5112,176,2.26,497,6.37
2026-09-11T11:43:13.163,1789107193.1632,5113,-212,-2.72,473,6.06
2026-09-11T11:43:13.165,1789107193.1652,5114,69,0.88,473,6.06
2026-09-11T11:43:13.172,1789107193.1724,5115,304,3.9,516,6.62
2026-09-11T11:43:13.175,1789107193.1756,5116,151,1.94,516,6.62
2026-09-11T11:43:13.180,1789107193.1809,5117,-157,-2.01,461,5.91
2026-09-11T11:43:13.191,1789107193.1911,5118,92,1.18,461,5.91
2026-09-11T11:43:13.193,1789107193.1933,5119,327,4.19,484,6.21
2026-09-11T11:43:13.197,1789107193.1976,5120,142,1.82,484,6.21
2026-09-11T11:43:13.206,1789107193.2067,5121,-162,-2.08,489,6.27
2026-09-11T11:43:13.207,1789107193.2077,5122,127,1.63,489,6.27
2026-09-11T11:43:13.212,1789107193.2121,5123,354,4.54,516,6.62
2026-09-11T11:43:13.218,1789107193.2182,5124,161,2.06,516,6.62
2026-09-11T11:43:13.220,1789107193.2201,5125,-136,-1.74,490,6.28
2026-09-11T11:43:13.226,1789107193.2264,5126,245,3.14,490,6.28
2026-09-11T11:43:13.228,1789107193.2289,5127,436,5.59,572,7.33
2026-09-11T11:43:13.237,1789107193.2371,5128,234,3.0,572,7.33
2026-09-11T11:43:13.255,1789107193.2551,5129,-63,-0.81,499,6.4
2026-09-11T11:43:13.258,1789107193.2581,5130,58,0.74,499,6.4
2026-09-11T11:43:13.264,1789107193.2640,5131,508,6.51,571,7.32
2026-09-11T11:43:13.265,1789107193.2651,5132,282,3.62,571,7.32
2026-09-11T11:43:13.267,1789107193.2670,5133,5,0.06,503,6.45
2026-09-11T11:43:13.271,1789107193.2711,5134,173,2.22,503,6.45
2026-09-11T11:43:13.275,1789107193.2753,5135,483,6.19,478,6.13
2026-09-11T11:43:13.280,1789107193.2803,5136,221,2.83,478,6.13
2026-09-11T11:43:13.282,1789107193.2826,5137,-44,-0.56,527,6.76
2026-09-11T11:43:13.284,1789107193.2845,5138,152,1.95,527,6.76
2026-09-11T11:43:13.294,1789107193.2949,5139,403,5.17,447,5.73
2026-09-11T11:43:13.299,1789107193.2999,5140,164,2.1,447,5.73
2026-09-11T11:43:13.304,1789107193.3041,5141,-68,-0.87,471,6.04
2026-09-11T11:43:13.312,1789107193.3122,5142,152,1.95,471,6.04
2026-09-11T11:43:13.315,1789107193.3152,5143,403,5.17,471,6.04
2026-09-11T11:43:13.317,1789107193.3172,5144,120,1.54,471,6.04
2026-09-11T11:43:13.323,1789107193.3234,5145,-64,-0.82,467,5.99
2026-09-11T11:43:13.329,1789107193.3300,5146,168,2.15,467,5.99
2026-09-11T11:43:13.331,1789107193.3320,5147,423,5.42,487,6.24
2026-09-11T11:43:13.340,1789107193.3401,5148,84,1.08,487,6.24
2026-09-11T11:43:13.341,1789107193.3411,5149,-80,-1.03,503,6.45
2026-09-11T11:43:13.348,1789107193.3483,5150,180,2.31,503,6.45
2026-09-11T11:43:13.361,1789107193.3620,5151,432,5.54,512,6.56
2026-09-11T11:43:13.363,1789107193.3640,5152,330,4.23,512,6.56
2026-09-11T11:43:13.368,1789107193.3680,5153,-72,-0.92,504,6.46
2026-09-11T11:43:13.370,1789107193.3710,5154,177,2.27,504,6.46
2026-09-11T11:43:13.372,1789107193.3724,5155,416,5.33,488,6.26
2026-09-11T11:43:13.377,1789107193.3773,5156,270,3.46,488,6.26
2026-09-11T11:43:13.384,1789107193.3846,5157,-58,-0.74,474,6.08
2026-09-11T11:43:13.385,1789107193.3856,5158,190,2.44,474,6.08
2026-09-11T11:43:13.392,1789107193.3921,5159,413,5.29,471,6.04
2026-09-11T11:43:13.394,1789107193.3940,5160,243,3.12,471,6.04
2026-09-11T11:43:13.406,1789107193.4064,5161,-70,-0.9,483,6.19
2026-09-11T11:43:13.407,1789107193.4074,5162,207,2.65,483,6.19
2026-09-11T11:43:13.411,1789107193.4116,5163,422,5.41,492,6.31
2026-09-11T11:43:13.424,1789107193.4248,5164,216,2.77,492,6.31
2026-09-11T11:43:13.432,1789107193.4321,5165,-92,-1.18,514,6.59
2026-09-11T11:43:13.433,1789107193.4331,5166,228,2.92,514,6.59
2026-09-11T11:43:13.434,1789107193.4341,5167,423,5.42,515,6.6
2026-09-11T11:43:13.440,1789107193.4401,5168,209,2.68,515,6.6
2026-09-11T11:43:13.444,1789107193.4444,5169,-103,-1.32,526,6.74
2026-09-11T11:43:13.448,1789107193.4484,5170,13,0.17,526,6.74
2026-09-11T11:43:13.456,1789107193.4566,5171,404,5.18,507,6.5
2026-09-11T11:43:13.462,1789107193.4629,5172,166,2.13,507,6.5
2026-09-11T11:43:13.464,1789107193.4649,5173,-114,-1.46,518,6.64
2026-09-11T11:43:13.465,1789107193.4659,5174,66,0.85,518,6.64
2026-09-11T11:43:13.472,1789107193.4722,5175,409,5.24,523,6.71
2026-09-11T11:43:13.477,1789107193.4772,5176,195,2.5,523,6.71
2026-09-11T11:43:13.480,1789107193.4802,5177,-58,-0.74,467,5.99
2026-09-11T11:43:13.489,1789107193.4894,5178,143,1.83,467,5.99
2026-09-11T11:43:13.492,1789107193.4926,5179,410,5.26,468,6.0
2026-09-11T11:43:13.495,1789107193.4956,5180,211,2.71,468,6.0
2026-09-11T11:43:13.507,1789107193.5071,5181,-30,-0.38,440,5.64
2026-09-11T11:43:13.510,1789107193.5104,5182,202,2.59,440,5.64
2026-09-11T11:43:13.513,1789107193.5134,5183,473,6.06,503,6.45
2026-09-11T11:43:13.521,1789107193.5217,5184,198,2.54,503,6.45
2026-09-11T11:43:13.522,1789107193.5228,5185,-15,-0.19,488,6.26
2026-09-11T11:43:13.532,1789107193.5325,5186,197,2.53,488,6.26
2026-09-11T11:43:13.535,1789107193.5355,5187,448,5.74,463,5.94
2026-09-11T11:43:13.538,1789107193.5385,5188,109,1.4,463,5.94
2026-09-11T11:43:13.542,1789107193.5427,5189,-52,-0.67,500,6.41
2026-09-11T11:43:13.547,1789107193.5477,5190,217,2.78,500,6.41
2026-09-11T11:43:13.554,1789107193.5540,5191,444,5.69,496,6.36
2026-09-11T11:43:13.559,1789107193.5590,5192,338,4.33,496,6.36
2026-09-11T11:43:13.565,1789107193.5652,5193,-52,-0.67,496,6.36
2026-09-11T11:43:13.565,1789107193.5652,5194,201,2.58,496,6.36
2026-09-11T11:43:13.571,1789107193.5714,5195,444,5.69,496,6.36
2026-09-11T11:43:13.574,1789107193.5744,5196,314,4.03,496,6.36
2026-09-11T11:43:13.580,1789107193.5806,5197,-63,-0.81,507,6.5
2026-09-11T11:43:13.596,1789107193.5963,5198,189,2.42,507,6.5
2026-09-11T11:43:13.603,1789107193.6039,5199,412,5.28,475,6.09
2026-09-11T11:43:13.604,1789107193.6049,5200,243,3.12,475,6.09
2026-09-11T11:43:13.613,1789107193.6139,5201,-58,-0.74,470,6.03
2026-09-11T11:43:13.617,1789107193.6179,5202,178,2.28,470,6.03
2026-09-11T11:43:13.620,1789107193.6209,5203,402,5.15,460,5.9
2026-09-11T11:43:13.626,1789107193.6262,5204,196,2.51,460,5.9
2026-09-11T11:43:13.627,1789107193.6272,5205,-121,-1.55,523,6.71
2026-09-11T11:43:13.628,1789107193.6287,5206,176,2.26,523,6.71
2026-09-11T11:43:13.634,1789107193.6349,5207,363,4.65,484,6.21
2026-09-11T11:43:13.637,1789107193.6379,5208,154,1.97,484,6.21
2026-09-11T11:43:13.644,1789107193.6442,5209,-167,-2.14,530,6.79
2026-09-11T11:43:13.646,1789107193.6462,5210,-34,-0.44,530,6.79
2026-09-11T11:43:13.657,1789107193.6576,5211,345,4.42,512,6.56
2026-09-11T11:43:13.658,1789107193.6586,5212,120,1.54,512,6.56
2026-09-11T11:43:13.665,1789107193.6657,5213,-177,-2.27,522,6.69
2026-09-11T11:43:13.667,1789107193.6677,5214,-24,-0.31,522,6.69
2026-09-11T11:43:13.676,1789107193.6762,5215,339,4.35,516,6.62
2026-09-11T11:43:13.677,1789107193.6772,5216,70,0.9,516,6.62
2026-09-11T11:43:13.683,1789107193.6831,5217,-182,-2.33,521,6.68
2026-09-11T11:43:13.685,1789107193.6851,5218,2,0.03,521,6.68
2026-09-11T11:43:13.694,1789107193.6943,5219,230,2.95,412,5.28
2026-09-11T11:43:13.704,1789107193.7047,5220,44,0.56,412,5.28
2026-09-11T11:43:13.711,1789107193.7113,5221,-192,-2.46,422,5.41
2026-09-11T11:43:13.712,1789107193.7126,5222,9,0.12,422,5.41
2026-09-11T11:43:13.715,1789107193.7156,5223,265,3.4,457,5.86
2026-09-11T11:43:13.719,1789107193.7196,5224,19,0.24,457,5.86
2026-09-11T11:43:13.722,1789107193.7229,5225,-197,-2.53,462,5.92
2026-09-11T11:43:13.727,1789107193.7278,5226,40,0.51,462,5.92
2026-09-11T11:43:13.732,1789107193.7321,5227,291,3.73,488,6.26
2026-09-11T11:43:13.736,1789107193.7362,5228,-19,-0.24,488,6.26
2026-09-11T11:43:13.741,1789107193.7417,5229,-187,-2.4,478,6.13
2026-09-11T11:43:13.744,1789107193.7448,5230,50,0.64,478,6.13
2026-09-11T11:43:13.765,1789107193.7653,5231,294,3.77,481,6.17
2026-09-11T11:43:13.768,1789107193.7683,5232,225,2.88,481,6.17
2026-09-11T11:43:13.772,1789107193.7723,5233,-180,-2.31,474,6.08
2026-09-11T11:43:13.776,1789107193.7764,5234,77,0.99,474,6.08
2026-09-11T11:43:13.779,1789107193.7794,5235,312,4.0,492,6.31
2026-09-11T11:43:13.782,1789107193.7826,5236,195,2.5,492,6.31
2026-09-11T11:43:13.787,1789107193.7876,5237,-193,-2.47,505,6.47
2026-09-11T11:43:13.792,1789107193.7927,5238,84,1.08,505,6.47
2026-09-11T11:43:13.796,1789107193.7967,5239,311,3.99,504,6.46
2026-09-11T11:43:13.800,1789107193.8007,5240,150,1.92,504,6.46
2026-09-11T11:43:13.810,1789107193.8100,5241,-142,-1.82,453,5.81
2026-09-11T11:43:13.814,1789107193.8140,5242,91,1.17,453,5.81
2026-09-11T11:43:13.817,1789107193.8170,5243,310,3.97,452,5.79
2026-09-11T11:43:13.818,1789107193.8181,5244,113,1.45,452,5.79
2026-09-11T11:43:13.822,1789107193.8223,5245,-191,-2.45,501,6.42
2026-09-11T11:43:13.826,1789107193.8263,5246,106,1.36,501,6.42
2026-09-11T11:43:13.833,1789107193.8331,5247,302,3.87,493,6.32
2026-09-11T11:43:13.837,1789107193.8371,5248,96,1.23,493,6.32
2026-09-11T11:43:13.841,1789107193.8411,5249,-204,-2.62,506,6.49
2026-09-11T11:43:13.847,1789107193.8473,5250,-99,-1.27,506,6.49
2026-09-11T11:43:13.855,1789107193.8558,5251,305,3.91,509,6.53
2026-09-11T11:43:13.857,1789107193.8578,5252,84,1.08,509,6.53
2026-09-11T11:43:13.862,1789107193.8620,5253,-213,-2.73,518,6.64
2026-09-11T11:43:13.875,1789107193.8753,5254,-76,-0.97,518,6.64
2026-09-11T11:43:13.879,1789107193.8793,5255,308,3.95,521,6.68
2026-09-11T11:43:13.881,1789107193.8813,5256,38,0.49,521,6.68
2026-09-11T11:43:13.883,1789107193.8835,5257,-222,-2.85,530,6.79
2026-09-11T11:43:13.888,1789107193.8886,5258,-45,-0.58,530,6.79
2026-09-11T11:43:13.891,1789107193.8918,5259,187,2.4,409,5.24
2026-09-11T11:43:13.896,1789107193.8968,5260,18,0.23,409,5.24
2026-09-11T11:43:13.906,1789107193.9061,5261,-231,-2.96,418,5.36
2026-09-11T11:43:13.911,1789107193.9111,5262,-14,-0.18,418,5.36
2026-09-11T11:43:13.912,1789107193.9121,5263,238,3.05,469,6.01
2026-09-11T11:43:13.915,1789107193.9151,5264,-559,-7.17,797,10.22
2026-09-11T11:43:13.921,1789107193.9216,5265,-913,-11.71,1151,14.76
2026-09-11T11:43:13.938,1789107193.9384,5266,-593,-7.6,1151,14.76
2026-09-11T11:43:13.942,1789107193.9427,5267,-143,-1.83,770,9.87
2026-09-11T11:43:13.946,1789107193.9467,5268,-46,-0.59,867,11.12
2026-09-11T11:43:13.947,1789107193.9477,5269,-649,-8.32,603,7.73
2026-09-11T11:43:13.950,1789107193.9507,5270,-258,-3.31,603,7.73
2026-09-11T11:43:13.959,1789107193.9598,5271,171,2.19,820,10.51
2026-09-11T11:43:13.965,1789107193.9651,5272,146,1.87,820,10.51
2026-09-11T11:43:13.969,1789107193.9691,5273,-521,-6.68,692,8.87
2026-09-11T11:43:13.970,1789107193.9701,5274,-115,-1.47,692,8.87
2026-09-11T11:43:13.977,1789107193.9775,5275,317,4.06,838,10.74
2026-09-11T11:43:13.979,1789107193.9791,5276,216,2.77,838,10.74
2026-09-11T11:43:13.984,1789107193.9846,5277,-440,-5.64,757,9.71
2026-09-11T11:43:13.986,1789107193.9862,5278,6,0.08,757,9.71
2026-09-11T11:43:13.993,1789107193.9940,5279,446,5.72,886,11.36
2026-09-11T11:43:13.999,1789107194.0000,5280,268,3.44,886,11.36
2026-09-11T11:43:14.007,1789107194.0072,5281,-237,-3.04,683,8.76
2026-09-11T11:43:14.009,1789107194.0092,5282,109,1.4,683,8.76
2026-09-11T11:43:14.014,1789107194.0142,5283,537,6.88,774,9.92
2026-09-11T11:43:14.017,1789107194.0173,5284,279,3.58,774,9.92
2026-09-11T11:43:14.023,1789107194.0235,5285,-262,-3.36,799,10.24
2026-09-11T11:43:14.024,1789107194.0245,5286,144,1.85,799,10.24
2026-09-11T11:43:14.034,1789107194.0342,5287,523,6.71,785,10.06
2026-09-11T11:43:14.045,1789107194.0454,5288,205,2.63,785,10.06
2026-09-11T11:43:14.048,1789107194.0484,5289,-336,-4.31,859,11.01
2026-09-11T11:43:14.052,1789107194.0527,5290,-266,-3.41,859,11.01
2026-09-11T11:43:14.057,1789107194.0577,5291,430,5.51,766,9.82
2026-09-11T11:43:14.060,1789107194.0606,5292,69,0.88,766,9.82
2026-09-11T11:43:14.063,1789107194.0638,5293,-440,-5.64,870,11.15
2026-09-11T11:43:14.068,1789107194.0688,5294,-322,-4.13,870,11.15
2026-09-11T11:43:14.069,1789107194.0698,5295,255,3.27,695,8.91
2026-09-11T11:43:14.076,1789107194.0761,5296,-102,-1.31,695,8.91
2026-09-11T11:43:14.080,1789107194.0801,5297,-561,-7.19,816,10.46
2026-09-11T11:43:14.086,1789107194.0864,5298,-387,-4.96,816,10.46
2026-09-11T11:43:14.089,1789107194.0894,5299,-70,-0.9,491,6.29
2026-09-11T11:43:14.095,1789107194.0956,5300,-250,-3.21,491,6.29
2026-09-11T11:43:14.117,1789107194.1170,5301,-625,-8.01,555,7.12
2026-09-11T11:43:14.119,1789107194.1191,5302,-447,-5.73,555,7.12
2026-09-11T11:43:14.121,1789107194.1210,5303,-101,-1.29,524,6.72
2026-09-11T11:43:14.125,1789107194.1253,5304,-280,-3.59,524,6.72
2026-09-11T11:43:14.130,1789107194.1308,5305,-583,-7.47,482,6.18
2026-09-11T11:43:14.133,1789107194.1340,5306,-357,-4.58,482,6.18
2026-09-11T11:43:14.138,1789107194.1380,5307,-60,-0.77,523,6.71
2026-09-11T11:43:14.142,1789107194.1421,5308,-23,-0.29,560,7.18
2026-09-11T11:43:14.150,1789107194.1501,5309,-538,-6.9,515,6.6
2026-09-11T11:43:14.151,1789107194.1511,5310,-268,-3.44,515,6.6
2026-09-11T11:43:14.158,1789107194.1583,5311,21,0.27,559,7.17
2026-09-11T11:43:14.161,1789107194.1613,5312,5,0.06,559,7.17
2026-09-11T11:43:14.163,1789107194.1633,5313,-458,-5.87,479,6.14
2026-09-11T11:43:14.171,1789107194.1713,5314,-188,-2.41,479,6.14
2026-09-11T11:43:14.173,1789107194.1736,5315,84,1.08,542,6.95
2026-09-11T11:43:14.178,1789107194.1786,5316,4,0.05,542,6.95
2026-09-11T11:43:14.182,1789107194.1827,5317,-407,-5.22,491,6.29
2026-09-11T11:43:14.184,1789107194.1847,5318,-125,-1.6,491,6.29
2026-09-11T11:43:14.193,1789107194.1930,5319,131,1.68,538,6.9
2026-09-11T11:43:14.200,1789107194.2000,5320,31,0.4,538,6.9
2026-09-11T11:43:14.207,1789107194.2073,5321,-289,-3.71,420,5.38
2026-09-11T11:43:14.211,1789107194.2113,5322,-79,-1.01,420,5.38
2026-09-11T11:43:14.221,1789107194.2216,5323,174,2.23,463,5.94
2026-09-11T11:43:14.224,1789107194.2246,5324,21,0.27,463,5.94
2026-09-11T11:43:14.227,1789107194.2276,5325,-283,-3.63,457,5.86
2026-09-11T11:43:14.228,1789107194.2286,5326,-13,-0.17,457,5.86
2026-09-11T11:43:14.232,1789107194.2324,5327,247,3.17,530,6.79
2026-09-11T11:43:14.239,1789107194.2394,5328,58,0.74,530,6.79
2026-09-11T11:43:14.241,1789107194.2414,5329,-266,-3.41,513,6.58
2026-09-11T11:43:14.249,1789107194.2496,5330,-205,-2.63,513,6.58
2026-09-11T11:43:14.255,1789107194.2558,5331,271,3.47,537,6.88
2026-09-11T11:43:14.257,1789107194.2578,5332,54,0.69,537,6.88
2026-09-11T11:43:14.259,1789107194.2598,5333,-254,-3.26,525,6.73
2026-09-11T11:43:14.268,1789107194.2682,5334,-149,-1.91,525,6.73
2026-09-11T11:43:14.270,1789107194.2701,5335,307,3.94,561,7.19
2026-09-11T11:43:14.286,1789107194.2869,5336,70,0.9,561,7.19
2026-09-11T11:43:14.294,1789107194.2941,5337,-214,-2.74,521,6.68
2026-09-11T11:43:14.296,1789107194.2961,5338,-65,-0.83,521,6.68
2026-09-11T11:43:14.298,1789107194.2981,5339,195,2.5,409,5.24
2026-09-11T11:43:14.301,1789107194.3011,5340,101,1.29,409,5.24
2026-09-11T11:43:14.307,1789107194.3073,5341,-156,-2.0,351,4.5
2026-09-11T11:43:14.312,1789107194.3123,5342,33,0.42,351,4.5
2026-09-11T11:43:14.316,1789107194.3163,5343,305,3.91,461,5.91
2026-09-11T11:43:14.320,1789107194.3203,5344,118,1.51,461,5.91
2026-09-11T11:43:14.327,1789107194.3277,5345,-130,-1.67,435,5.58
2026-09-11T11:43:14.330,1789107194.3302,5346,114,1.46,435,5.58
2026-09-11T11:43:14.334,1789107194.3344,5347,390,5.0,520,6.67
2026-09-11T11:43:14.336,1789107194.3364,5348,424,5.44,554,7.1
2026-09-11T11:43:14.343,1789107194.3436,5349,-34,-0.44,458,5.87
2026-09-11T11:43:14.349,1789107194.3496,5350,206,2.64,458,5.87
2026-09-11T11:43:14.355,1789107194.3558,5351,509,6.53,543,6.96
2026-09-11T11:43:14.359,1789107194.3598,5352,479,6.14,543,6.96
2026-09-11T11:43:14.365,1789107194.3650,5353,-3,-0.04,512,6.56
2026-09-11T11:43:14.368,1789107194.3680,5354,265,3.4,512,6.56
2026-09-11T11:43:14.373,1789107194.3733,5355,495,6.35,498,6.38
2026-09-11T11:43:14.381,1789107194.3813,5356,438,5.62,498,6.38
2026-09-11T11:43:14.384,1789107194.3844,5357,27,0.35,468,6.0
2026-09-11T11:43:14.395,1789107194.3951,5358,311,3.99,468,6.0
2026-09-11T11:43:14.398,1789107194.3983,5359,590,7.56,563,7.22
2026-09-11T11:43:14.400,1789107194.4009,5360,496,6.36,563,7.22
2026-09-11T11:43:14.408,1789107194.4082,5361,194,2.49,396,5.08
2026-09-11T11:43:14.409,1789107194.4092,5362,392,5.03,396,5.08
2026-09-11T11:43:14.413,1789107194.4137,5363,663,8.5,469,6.01
2026-09-11T11:43:14.421,1789107194.4215,5364,580,7.44,469,6.01
2026-09-11T11:43:14.424,1789107194.4248,5365,242,3.1,421,5.4
2026-09-11T11:43:14.425,1789107194.4258,5366,488,6.26,421,5.4
2026-09-11T11:43:14.431,1789107194.4317,5367,718,9.21,476,6.1
2026-09-11T11:43:14.434,1789107194.4347,5368,495,6.35,476,6.1
2026-09-11T11:43:14.442,1789107194.4420,5369,161,2.06,557,7.14
2026-09-11T11:43:14.444,1789107194.4440,5370,197,2.53,557,7.14
2026-09-11T11:43:14.467,1789107194.4676,5371,638,8.18,477,6.12
2026-09-11T11:43:14.468,1789107194.4686,5372,432,5.54,477,6.12
2026-09-11T11:43:14.470,1789107194.4706,5373,126,1.62,512,6.56
2026-09-11T11:43:14.473,1789107194.4739,5374,222,2.85,512,6.56
2026-09-11T11:43:14.477,1789107194.4779,5375,611,7.83,485,6.22
2026-09-11T11:43:14.482,1789107194.4820,5376,369,4.73,485,6.22
2026-09-11T11:43:14.486,1789107194.4860,5377,35,0.45,576,7.38
2026-09-11T11:43:14.489,1789107194.4890,5378,159,2.04,576,7.38
2026-09-11T11:43:14.492,1789107194.4923,5379,387,4.96,352,4.51
2026-09-11T11:43:14.499,1789107194.4993,5380,263,3.37,352,4.51
2026-09-11T11:43:14.506,1789107194.5064,5381,-30,-0.38,417,5.35
2026-09-11T11:43:14.508,1789107194.5084,5382,118,1.51,417,5.35
2026-09-11T11:43:14.514,1789107194.5146,5383,358,4.59,388,4.97
2026-09-11T11:43:14.518,1789107194.5186,5384,170,2.18,388,4.97
2026-09-11T11:43:14.520,1789107194.5209,5385,-110,-1.41,468,6.0
2026-09-11T11:43:14.528,1789107194.5289,5386,90,1.15,468,6.0
2026-09-11T11:43:14.530,1789107194.5305,5387,330,4.23,440,5.64
2026-09-11T11:43:14.538,1789107194.5387,5388,369,4.73,479,6.14
2026-09-11T11:43:14.544,1789107194.5441,5389,-153,-1.96,522,6.69
2026-09-11T11:43:14.547,1789107194.5471,5390,71,0.91,522,6.69
2026-09-11T11:43:14.557,1789107194.5574,5391,315,4.04,522,6.69
2026-09-11T11:43:14.558,1789107194.5584,5392,302,3.87,468,6.0
2026-09-11T11:43:14.568,1789107194.5684,5393,-191,-2.45,506,6.49
2026-09-11T11:43:14.569,1789107194.5694,5394,49,0.63,506,6.49
2026-09-11T11:43:14.573,1789107194.5736,5395,321,4.12,512,6.56
2026-09-11T11:43:14.575,1789107194.5756,5396,248,3.18,512,6.56
2026-09-11T11:43:14.583,1789107194.5838,5397,-201,-2.58,522,6.69
2026-09-11T11:43:14.585,1789107194.5858,5398,60,0.77,522,6.69
2026-09-11T11:43:14.593,1789107194.5939,5399,312,4.0,513,6.58
2026-09-11T11:43:14.596,1789107194.5970,5400,206,2.64,513,6.58
2026-09-11T11:43:14.607,1789107194.6074,5401,-110,-1.41,422,5.41
2026-09-11T11:43:14.608,1789107194.6084,5402,55,0.71,422,5.41
2026-09-11T11:43:14.615,1789107194.6154,5403,303,3.88,413,5.29
2026-09-11T11:43:14.616,1789107194.6164,5404,145,1.86,413,5.29
2026-09-11T11:43:14.632,1789107194.6325,5405,-167,-2.14,470,6.03
2026-09-11T11:43:14.636,1789107194.6365,5406,58,0.74,470,6.03
2026-09-11T11:43:14.640,1789107194.6405,5407,282,3.62,449,5.76
2026-09-11T11:43:14.641,1789107194.6417,5408,109,1.4,449,5.76
2026-09-11T11:43:14.645,1789107194.6457,5409,-207,-2.65,489,6.27
2026-09-11T11:43:14.649,1789107194.6497,5410,-195,-2.5,489,6.27
2026-09-11T11:43:14.657,1789107194.6575,5411,278,3.56,485,6.22
2026-09-11T11:43:14.663,1789107194.6635,5412,69,0.88,485,6.22
2026-09-11T11:43:14.665,1789107194.6655,5413,-239,-3.06,517,6.63
2026-09-11T11:43:14.672,1789107194.6723,5414,-182,-2.33,517,6.63
2026-09-11T11:43:14.674,1789107194.6744,5415,258,3.31,497,6.37
2026-09-11T11:43:14.678,1789107194.6783,5416,29,0.37,497,6.37
2026-09-11T11:43:14.680,1789107194.6803,5417,-255,-3.27,513,6.58
2026-09-11T11:43:14.689,1789107194.6897,5418,-154,-1.97,513,6.58
2026-09-11T11:43:14.695,1789107194.6950,5419,98,1.26,353,4.53
2026-09-11T11:43:14.698,1789107194.6990,5420,9,0.12,353,4.53
2026-09-11T11:43:14.707,1789107194.7072,5421,-279,-3.58,377,4.83
2026-09-11T11:43:14.711,1789107194.7112,5422,-122,-1.56,377,4.83
2026-09-11T11:43:14.715,1789107194.7152,5423,131,1.68,410,5.26
2026-09-11T11:43:14.718,1789107194.7182,5424,-19,-0.24,410,5.26
2026-09-11T11:43:14.719,1789107194.7192,5425,-295,-3.78,426,5.46
2026-09-11T11:43:14.726,1789107194.7264,5426,-106,-1.36,426,5.46
2026-09-11T11:43:14.737,1789107194.7376,5427,167,2.14,462,5.92
2026-09-11T11:43:14.739,1789107194.7396,5428,210,2.69,505,6.47
2026-09-11T11:43:14.743,1789107194.7438,5429,-279,-3.58,489,6.27
2026-09-11T11:43:14.745,1789107194.7458,5430,-61,-0.78,489,6.27
2026-09-11T11:43:14.756,1789107194.7560,5431,203,2.6,489,6.27
2026-09-11T11:43:14.759,1789107194.7590,5432,206,2.64,485,6.22
2026-09-11T11:43:14.763,1789107194.7630,5433,-283,-3.63,489,6.27
2026-09-11T11:43:14.767,1789107194.7670,5434,-25,-0.32,489,6.27
2026-09-11T11:43:14.771,1789107194.7714,5435,223,2.86,506,6.49
2026-09-11T11:43:14.774,1789107194.7744,5436,174,2.23,506,6.49
2026-09-11T11:43:14.781,1789107194.7814,5437,-271,-3.47,494,6.33
2026-09-11T11:43:14.784,1789107194.7846,5438,-10,-0.13,494,6.33
2026-09-11T11:43:14.804,1789107194.8041,5439,235,3.01,506,6.49
2026-09-11T11:43:14.808,1789107194.8085,5440,146,1.87,506,6.49
2026-09-11T11:43:14.813,1789107194.8134,5441,-143,-1.83,378,4.85
2026-09-11T11:43:14.816,1789107194.8164,5442,-5,-0.06,378,4.85
2026-09-11T11:43:14.820,1789107194.8204,5443,239,3.06,382,4.9
2026-09-11T11:43:14.823,1789107194.8236,5444,118,1.51,382,4.9
2026-09-11T11:43:14.828,1789107194.8286,5445,-187,-2.4,426,5.46
2026-09-11T11:43:14.830,1789107194.8306,5446,-5,-0.06,426,5.46
2026-09-11T11:43:14.832,1789107194.8327,5447,263,3.37,450,5.77
2026-09-11T11:43:14.836,1789107194.8367,5448,74,0.95,450,5.77
2026-09-11T11:43:14.845,1789107194.8450,5449,-246,-3.15,509,6.53
2026-09-11T11:43:14.846,1789107194.8460,5450,-237,-3.04,509,6.53
2026-09-11T11:43:14.859,1789107194.8594,5451,236,3.03,482,6.18
2026-09-11T11:43:14.862,1789107194.8624,5452,47,0.6,482,6.18
2026-09-11T11:43:14.863,1789107194.8634,5453,-238,-3.05,474,6.08
2026-09-11T11:43:14.871,1789107194.8717,5454,-185,-2.37,474,6.08
2026-09-11T11:43:14.872,1789107194.8727,5455,264,3.38,502,6.44
2026-09-11T11:43:14.879,1789107194.8797,5456,51,0.65,502,6.44
2026-09-11T11:43:14.882,1789107194.8829,5457,-257,-3.29,521,6.68
2026-09-11T11:43:14.886,1789107194.8869,5458,-156,-2.0,521,6.68
2026-09-11T11:43:14.895,1789107194.8952,5459,84,1.08,341,4.37
2026-09-11T11:43:14.900,1789107194.9002,5460,19,0.24,341,4.37
2026-09-11T11:43:14.911,1789107194.9115,5461,-265,-3.4,349,4.47
2026-09-11T11:43:14.913,1789107194.9134,5462,-112,-1.44,349,4.47
2026-09-11T11:43:14.917,1789107194.9175,5463,124,1.59,389,4.99
2026-09-11T11:43:14.918,1789107194.9185,5464,-1,-0.01,389,4.99
2026-09-11T11:43:14.923,1789107194.9237,5465,-253,-3.24,377,4.83
2026-09-11T11:43:14.926,1789107194.9267,5466,-96,-1.23,377,4.83
2026-09-11T11:43:14.932,1789107194.9330,5467,152,1.95,405,5.19
2026-09-11T11:43:14.938,1789107194.9390,5468,312,4.0,565,7.24
2026-09-11T11:43:14.939,1789107194.9400,5469,-502,-6.44,814,10.44
2026-09-11T11:43:14.946,1789107194.9463,5470,-288,-3.69,814,10.44
2026-09-11T11:43:14.952,1789107194.9529,5471,37,0.47,814,10.44
2026-09-11T11:43:14.957,1789107194.9579,5472,121,1.55,623,7.99
2026-09-11T11:43:14.973,1789107194.9732,5473,-527,-6.76,648,8.31
2026-09-11T11:43:14.978,1789107194.9782,5474,-280,-3.59,648,8.31
2026-09-11T11:43:14.982,1789107194.9824,5475,45,0.58,648,8.31
2026-09-11T11:43:14.984,1789107194.9844,5476,40,0.51,572,7.33
2026-09-11T11:43:14.987,1789107194.9874,5477,-527,-6.76,572,7.33
2026-09-11T11:43:14.992,1789107194.9926,5478,-217,-2.78,572,7.33
2026-09-11T11:43:14.996,1789107194.9965,5479,124,1.59,651,8.35
2026-09-11T11:43:14.999,1789107194.9996,5480,64,0.82,651,8.35
2026-09-11T11:43:15.011,1789107195.0120,5481,-276,-3.54,400,5.13
2026-09-11T11:43:15.013,1789107195.0139,5482,-150,-1.92,400,5.13
2026-09-11T11:43:15.014,1789107195.0149,5483,179,2.29,455,5.83
2026-09-11T11:43:15.019,1789107195.0199,5484,74,0.95,455,5.83
2026-09-11T11:43:15.022,1789107195.0221,5485,-294,-3.77,473,6.06
2026-09-11T11:43:15.028,1789107195.0281,5486,-91,-1.17,473,6.06
2026-09-11T11:43:15.031,1789107195.0316,5487,213,2.73,507,6.5
2026-09-11T11:43:15.039,1789107195.0398,5488,52,0.67,507,6.5
2026-09-11T11:43:15.042,1789107195.0430,5489,-340,-4.36,553,7.09
2026-09-11T11:43:15.044,1789107195.0450,5490,-378,-4.85,591,7.58
2026-09-11T11:43:15.058,1789107195.0582,5491,263,3.37,641,8.22
2026-09-11T11:43:15.061,1789107195.0612,5492,78,1.0,641,8.22
2026-09-11T11:43:15.063,1789107195.0632,5493,-302,-3.87,641,8.22
2026-09-11T11:43:15.067,1789107195.0672,5494,-289,-3.71,565,7.24
2026-09-11T11:43:15.072,1789107195.0727,5495,324,4.15,626,8.03
2026-09-11T11:43:15.075,1789107195.0757,5496,107,1.37,626,8.03
2026-09-11T11:43:15.084,1789107195.0841,5497,-242,-3.1,613,7.86
2026-09-11T11:43:15.087,1789107195.0870,5498,-173,-2.22,566,7.26
2026-09-11T11:43:15.095,1789107195.0953,5499,108,1.38,350,4.49
2026-09-11T11:43:15.098,1789107195.0983,5500,78,1.0,350,4.49
2026-09-11T11:43:15.105,1789107195.1057,5501,-266,-3.41,374,4.79
2026-09-11T11:43:15.109,1789107195.1096,5502,-149,-1.91,374,4.79
2026-09-11T11:43:15.114,1789107195.1150,5503,100,1.28,366,4.69
2026-09-11T11:43:15.114,1789107195.1150,5504,-38,-0.49,366,4.69
2026-09-11T11:43:15.121,1789107195.1213,5505,-334,-4.28,434,5.56
2026-09-11T11:43:15.124,1789107195.1243,5506,-208,-2.67,434,5.56
2026-09-11T11:43:15.130,1789107195.1308,5507,45,0.58,379,4.86
2026-09-11T11:43:15.148,1789107195.1487,5508,144,1.85,478,6.13
2026-09-11T11:43:15.152,1789107195.1529,5509,-340,-4.36,484,6.21
2026-09-11T11:43:15.156,1789107195.1569,5510,-178,-2.28,484,6.21
2026-09-11T11:43:15.161,1789107195.1619,5511,94,1.21,484,6.21
2026-09-11T11:43:15.166,1789107195.1669,5512,150,1.92,490,6.28
2026-09-11T11:43:15.172,1789107195.1722,5513,-330,-4.23,480,6.15
2026-09-11T11:43:15.176,1789107195.1762,5514,-109,-1.4,480,6.15
2026-09-11T11:43:15.180,1789107195.1802,5515,147,1.88,480,6.15
2026-09-11T11:43:15.187,1789107195.1873,5516,159,2.04,489,6.27
2026-09-11T11:43:15.189,1789107195.1894,5517,-285,-3.65,444,5.69
2026-09-11T11:43:15.191,1789107195.1915,5518,-52,-0.67,444,5.69
2026-09-11T11:43:15.195,1789107195.1954,5519,228,2.92,513,6.58
2026-09-11T11:43:15.198,1789107195.1980,5520,175,2.24,513,6.58
2026-09-11T11:43:15.208,1789107195.2080,5521,-106,-1.36,334,4.28
2026-09-11T11:43:15.212,1789107195.2120,5522,0,0.0,334,4.28
2026-09-11T11:43:15.215,1789107195.2150,5523,264,3.38,370,4.74
2026-09-11T11:43:15.221,1789107195.2210,5524,151,1.94,370,4.74
2026-09-11T11:43:15.223,1789107195.2233,5525,-138,-1.77,402,5.15
2026-09-11T11:43:15.228,1789107195.2283,5526,20,0.26,402,5.15
2026-09-11T11:43:15.233,1789107195.2331,5527,272,3.49,410,5.26
2026-09-11T11:43:15.236,1789107195.2361,5528,123,1.58,410,5.26
2026-09-11T11:43:15.242,1789107195.2423,5529,-194,-2.49,466,5.97
2026-09-11T11:43:15.251,1789107195.2520,5530,-253,-3.24,525,6.73
2026-09-11T11:43:15.258,1789107195.2581,5531,264,3.38,517,6.63
2026-09-11T11:43:15.259,1789107195.2591,5532,79,1.01,517,6.63
2026-09-11T11:43:15.265,1789107195.2651,5533,-238,-3.05,517,6.63
2026-09-11T11:43:15.268,1789107195.2681,5534,-225,-2.88,502,6.44
2026-09-11T11:43:15.273,1789107195.2734,5535,244,3.13,482,6.18
2026-09-11T11:43:15.276,1789107195.2764,5536,39,0.5,482,6.18
2026-09-11T11:43:15.280,1789107195.2804,5537,-261,-3.35,505,6.47
2026-09-11T11:43:15.287,1789107195.2876,5538,-200,-2.56,505,6.47
2026-09-11T11:43:15.289,1789107195.2896,5539,45,0.58,306,3.92
2026-09-11T11:43:15.295,1789107195.2959,5540,39,0.5,306,3.92
2026-09-11T11:43:15.314,1789107195.3141,5541,-269,-3.45,314,4.03
2026-09-11T11:43:15.318,1789107195.3181,5542,-148,-1.9,314,4.03
2026-09-11T11:43:15.323,1789107195.3234,5543,101,1.29,370,4.74
2026-09-11T11:43:15.324,1789107195.3245,5544,24,0.31,370,4.74
2026-09-11T11:43:15.326,1789107195.3265,5545,-257,-3.29,358,4.59
2026-09-11T11:43:15.330,1789107195.3310,5546,-100,-1.28,358,4.59
2026-09-11T11:43:15.336,1789107195.3362,5547,145,1.86,402,5.15
2026-09-11T11:43:15.338,1789107195.3381,5548,260,3.33,517,6.63
2026-09-11T11:43:15.341,1789107195.3412,5549,-273,-3.5,533,6.83
2026-09-11T11:43:15.347,1789107195.3474,5550,-76,-0.97,533,6.83
2026-09-11T11:43:15.358,1789107195.3587,5551,173,2.22,533,6.83
2026-09-11T11:43:15.361,1789107195.3617,5552,248,3.18,521,6.68
2026-09-11T11:43:15.363,1789107195.3637,5553,-265,-3.4,513,6.58
2026-09-11T11:43:15.372,1789107195.3730,5554,-44,-0.56,513,6.58
2026-09-11T11:43:15.376,1789107195.3770,5555,220,2.82,513,6.58
2026-09-11T11:43:15.378,1789107195.3790,5556,231,2.96,496,6.36
2026-09-11T11:43:15.379,1789107195.3800,5557,-245,-3.14,476,6.1
2026-09-11T11:43:15.388,1789107195.3881,5558,-16,-0.21,476,6.1
2026-09-11T11:43:15.395,1789107195.3955,5559,240,3.08,485,6.22
2026-09-11T11:43:15.397,1789107195.3975,5560,183,2.35,485,6.22
2026-09-11T11:43:15.407,1789107195.4077,5561,-102,-1.31,342,4.38
2026-09-11T11:43:15.408,1789107195.4087,5562,11,0.14,342,4.38
2026-09-11T11:43:15.419,1789107195.4193,5563,255,3.27,357,4.58
2026-09-11T11:43:15.422,1789107195.4221,5564,166,2.13,357,4.58
2026-09-11T11:43:15.425,1789107195.4253,5565,-114,-1.46,369,4.73
2026-09-11T11:43:15.426,1789107195.4263,5566,11,0.14,369,4.73
2026-09-11T11:43:15.431,1789107195.4319,5567,267,3.42,381,4.88
2026-09-11T11:43:15.435,1789107195.4352,5568,138,1.77,381,4.88
2026-09-11T11:43:15.444,1789107195.4444,5569,-159,-2.04,426,5.46
2026-09-11T11:43:15.446,1789107195.4464,5570,-226,-2.9,493,6.32
2026-09-11T11:43:15.456,1789107195.4568,5571,295,3.78,521,6.68
2026-09-11T11:43:15.458,1789107195.4587,5572,134,1.72,521,6.68
2026-09-11T11:43:15.463,1789107195.4631,5573,-183,-2.35,521,6.68
2026-09-11T11:43:15.464,1789107195.4641,5574,-170,-2.18,478,6.13
2026-09-11T11:43:15.482,1789107195.4826,5575,334,4.28,517,6.63
2026-09-11T11:43:15.485,1789107195.4856,5576,149,1.91,517,6.63
2026-09-11T11:43:15.489,1789107195.4896,5577,-172,-2.21,506,6.49
2026-09-11T11:43:15.490,1789107195.4910,5578,-111,-1.42,506,6.49
2026-09-11T11:43:15.492,1789107195.4930,5579,133,1.71,321,4.12
2026-09-11T11:43:15.500,1789107195.5010,5580,111,1.42,305,3.91
2026-09-11T11:43:15.511,1789107195.5112,5581,-189,-2.42,322,4.13
2026-09-11T11:43:15.512,1789107195.5121,5582,-80,-1.03,322,4.13
2026-09-11T11:43:15.519,1789107195.5195,5583,160,2.05,349,4.47
2026-09-11T11:43:15.521,1789107195.5218,5584,90,1.15,349,4.47
2026-09-11T11:43:15.522,1789107195.5228,5585,-186,-2.38,346,4.44
2026-09-11T11:43:15.528,1789107195.5288,5586,58,0.74,346,4.44
2026-09-11T11:43:15.530,1789107195.5308,5587,302,3.87,488,6.26
2026-09-11T11:43:15.536,1789107195.5369,5588,421,5.4,607,7.78
2026-09-11T11:43:15.543,1789107195.5433,5589,-105,-1.35,526,6.74
2026-09-11T11:43:15.547,1789107195.5473,5590,71,0.91,526,6.74
2026-09-11T11:43:15.558,1789107195.5586,5591,299,3.83,526,6.74
2026-09-11T11:43:15.563,1789107195.5634,5592,378,4.85,483,6.19
2026-09-11T11:43:15.564,1789107195.5644,5593,-140,-1.79,518,6.64
2026-09-11T11:43:15.571,1789107195.5714,5594,64,0.82,518,6.64
2026-09-11T11:43:15.572,1789107195.5726,5595,300,3.85,518,6.64
2026-09-11T11:43:15.579,1789107195.5796,5596,303,3.88,443,5.68
2026-09-11T11:43:15.583,1789107195.5837,5597,58,0.74,245,3.14
2026-09-11T11:43:15.585,1789107195.5858,5598,46,0.59,257,3.29
2026-09-11T11:43:15.595,1789107195.5952,5599,294,3.77,257,3.29
2026-09-11T11:43:15.600,1789107195.6005,5600,265,3.4,248,3.18
2026-09-11T11:43:15.606,1789107195.6069,5601,0,0.0,294,3.77
2026-09-11T11:43:15.609,1789107195.6099,5602,57,0.73,294,3.77
2026-09-11T11:43:15.614,1789107195.6149,5603,300,3.85,300,3.85
2026-09-11T11:43:15.617,1789107195.6179,5604,223,2.86,300,3.85
2026-09-11T11:43:15.623,1789107195.6231,5605,-66,-0.85,366,4.69
2026-09-11T11:43:15.626,1789107195.6261,5606,51,0.65,366,4.69
2026-09-11T11:43:15.630,1789107195.6301,5607,299,3.83,365,4.68
2026-09-11T11:43:15.636,1789107195.6365,5608,166,2.13,365,4.68
2026-09-11T11:43:15.642,1789107195.6426,5609,-123,-1.58,422,5.41
2026-09-11T11:43:15.645,1789107195.6456,5610,-206,-2.64,505,6.47
2026-09-11T11:43:15.663,1789107195.6638,5611,286,3.67,492,6.31
2026-09-11T11:43:15.668,1789107195.6683,5612,141,1.81,492,6.31
2026-09-11T11:43:15.670,1789107195.6701,5613,-179,-2.29,492,6.31
2026-09-11T11:43:15.672,1789107195.6723,5614,-195,-2.5,481,6.17
2026-09-11T11:43:15.675,1789107195.6753,5615,294,3.77,489,6.27
2026-09-11T11:43:15.680,1789107195.6803,5616,109,1.4,489,6.27
2026-09-11T11:43:15.685,1789107195.6855,5617,-208,-2.67,502,6.44
2026-09-11T11:43:15.688,1789107195.6886,5618,-167,-2.14,502,6.44
2026-09-11T11:43:15.692,1789107195.6928,5619,70,0.9,317,4.06
2026-09-11T11:43:15.700,1789107195.7008,5620,60,0.77,278,3.56
2026-09-11T11:43:15.708,1789107195.7081,5621,-232,-2.97,302,3.87
2026-09-11T11:43:15.711,1789107195.7111,5622,-143,-1.83,302,3.87
2026-09-11T11:43:15.713,1789107195.7130,5623,90,1.15,322,4.13
2026-09-11T11:43:15.716,1789107195.7161,5624,44,0.56,322,4.13
2026-09-11T11:43:15.725,1789107195.7254,5625,-252,-3.23,342,4.38
2026-09-11T11:43:15.727,1789107195.7274,5626,-115,-1.47,342,4.38
2026-09-11T11:43:15.734,1789107195.7348,5627,114,1.46,366,4.69
2026-09-11T11:43:15.737,1789107195.7377,5628,261,3.35,513,6.58
2026-09-11T11:43:15.743,1789107195.7439,5629,-268,-3.44,529,6.78
2026-09-11T11:43:15.746,1789107195.7469,5630,-87,-1.12,529,6.78
2026-09-11T11:43:15.755,1789107195.7552,5631,142,1.82,529,6.78
2026-09-11T11:43:15.759,1789107195.7592,5632,257,3.29,525,6.73
2026-09-11T11:43:15.767,1789107195.7672,5633,-272,-3.49,529,6.78
2026-09-11T11:43:15.770,1789107195.7702,5634,-35,-0.45,529,6.78
2026-09-11T11:43:15.772,1789107195.7722,5635,221,2.83,529,6.78
2026-09-11T11:43:15.779,1789107195.7793,5636,260,3.33,532,6.82
2026-09-11T11:43:15.782,1789107195.7825,5637,15,0.19,295,3.78
2026-09-11T11:43:15.787,1789107195.7875,5638,4,0.05,256,3.28
2026-09-11T11:43:15.791,1789107195.7917,5639,268,3.44,264,3.38
2026-09-11T11:43:15.795,1789107195.7957,5640,267,3.42,264,3.38
2026-09-11T11:43:15.807,1789107195.8072,5641,10,0.13,264,3.38
2026-09-11T11:43:15.808,1789107195.8082,5642,79,1.01,258,3.31
2026-09-11T11:43:15.813,1789107195.8132,5643,342,4.38,332,4.26
2026-09-11T11:43:15.825,1789107195.8254,5644,277,3.55,332,4.26
2026-09-11T11:43:15.828,1789107195.8285,5645,-12,-0.15,354,4.54
2026-09-11T11:43:15.831,1789107195.8315,5646,81,1.04,354,4.54
2026-09-11T11:43:15.836,1789107195.8368,5647,320,4.1,332,4.26
2026-09-11T11:43:15.838,1789107195.8388,5648,207,2.65,332,4.26
2026-09-11T11:43:15.843,1789107195.8440,5649,-94,-1.21,414,5.31
2026-09-11T11:43:15.849,1789107195.8500,5650,-181,-2.32,501,6.42
2026-09-11T11:43:15.860,1789107195.8603,5651,307,3.94,488,6.26
2026-09-11T11:43:15.863,1789107195.8633,5652,162,2.08,488,6.26
2026-09-11T11:43:15.870,1789107195.8703,5653,-159,-2.04,488,6.26
2026-09-11T11:43:15.873,1789107195.8735,5654,-198,-2.54,505,6.47
2026-09-11T11:43:15.876,1789107195.8765,5655,286,3.67,484,6.21
2026-09-11T11:43:15.878,1789107195.8785,5656,109,1.4,484,6.21
2026-09-11T11:43:15.881,1789107195.8815,5657,-207,-2.65,493,6.32
2026-09-11T11:43:15.890,1789107195.8907,5658,-190,-2.44,493,6.32
2026-09-11T11:43:15.891,1789107195.8919,5659,62,0.79,316,4.05
2026-09-11T11:43:15.899,1789107195.8999,5660,61,0.78,269,3.45
2026-09-11T11:43:15.903,1789107195.9031,5661,-247,-3.17,309,3.96
2026-09-11T11:43:15.910,1789107195.9101,5662,-178,-2.28,309,3.96
2026-09-11T11:43:15.912,1789107195.9121,5663,70,0.9,317,4.06
2026-09-11T11:43:15.918,1789107195.9181,5664,17,0.22,317,4.06
2026-09-11T11:43:15.920,1789107195.9201,5665,-271,-3.47,341,4.37
2026-09-11T11:43:15.929,1789107195.9294,5666,-146,-1.87,341,4.37
2026-09-11T11:43:15.932,1789107195.9325,5667,71,0.91,342,4.38
2026-09-11T11:43:15.942,1789107195.9428,5668,234,3.0,505,6.47
2026-09-11T11:43:15.945,1789107195.9458,5669,-290,-3.72,524,6.72
2026-09-11T11:43:15.947,1789107195.9478,5670,-129,-1.65,524,6.72
2026-09-11T11:43:15.957,1789107195.9573,5671,103,1.32,524,6.72
2026-09-11T11:43:15.960,1789107195.9603,5672,215,2.76,505,6.47
2026-09-11T11:43:15.965,1789107195.9653,5673,-138,-1.77,353,4.53
2026-09-11T11:43:15.968,1789107195.9683,5674,-293,-3.76,508,6.51
2026-09-11T11:43:15.969,1789107195.9693,5675,-896,-11.49,1111,14.24
2026-09-11T11:43:15.976,1789107195.9766,5676,-1465,-18.78,1327,17.01
2026-09-11T11:43:15.979,1789107195.9796,5677,-743,-9.53,1172,15.03
2026-09-11T11:43:15.985,1789107195.9858,5678,-632,-8.1,833,10.68
2026-09-11T11:43:15.989,1789107195.9898,5679,-1321,-16.94,833,10.68
2026-09-11T11:43:16.006,1789107196.0063,5680,-1340,-17.18,708,9.08
2026-09-11T11:43:16.013,1789107196.0133,5681,-527,-6.76,813,10.42
2026-09-11T11:43:16.016,1789107196.0163,5682,-541,-6.94,813,10.42
2026-09-11T11:43:16.021,1789107196.0213,5683,-1195,-15.32,813,10.42
2026-09-11T11:43:16.025,1789107196.0254,5684,-1031,-13.22,668,8.56
2026-09-11T11:43:16.029,1789107196.0294,5685,-186,-2.38,1009,12.94
2026-09-11T11:43:16.034,1789107196.0346,5686,-411,-5.27,1009,12.94
2026-09-11T11:43:16.035,1789107196.0356,5687,-1089,-13.96,903,11.58
2026-09-11T11:43:16.042,1789107196.0427,5688,-813,-10.42,903,11.58
2026-09-11T11:43:16.044,1789107196.0447,5689,22,0.28,1111,14.24
2026-09-11T11:43:16.048,1789107196.0487,5690,374,4.79,1463,18.76
2026-09-11T11:43:16.058,1789107196.0580,5691,-1066,-13.67,1440,18.46
2026-09-11T11:43:16.062,1789107196.0621,5692,-698,-8.95,1440,18.46
2026-09-11T11:43:16.063,1789107196.0631,5693,193,2.47,1440,18.46
2026-09-11T11:43:16.065,1789107196.0651,5694,376,4.82,1442,18.49
2026-09-11T11:43:16.072,1789107196.0722,5695,-988,-12.67,1364,17.49
2026-09-11T11:43:16.077,1789107196.0772,5696,-516,-6.62,1364,17.49
2026-09-11T11:43:16.082,1789107196.0825,5697,422,5.41,1410,18.08
2026-09-11T11:43:16.085,1789107196.0855,5698,436,5.59,1424,18.26
2026-09-11T11:43:16.095,1789107196.0953,5699,-269,-3.45,952,12.21
2026-09-11T11:43:16.099,1789107196.0993,5700,-265,-3.4,705,9.04
2026-09-11T11:43:16.111,1789107196.1113,5701,660,8.46,929,11.91
2026-09-11T11:43:16.113,1789107196.1133,5702,533,6.83,929,11.91
2026-09-11T11:43:16.117,1789107196.1173,5703,-141,-1.81,925,11.86
2026-09-11T11:43:16.119,1789107196.1193,5704,2,0.03,801,10.27
2026-09-11T11:43:16.123,1789107196.1235,5705,806,10.33,947,12.14
2026-09-11T11:43:16.129,1789107196.1295,5706,543,6.96,947,12.14
2026-09-11T11:43:16.133,1789107196.1330,5707,37,0.47,804,10.31
2026-09-11T11:43:16.139,1789107196.1390,5708,-195,-2.5,1001,12.83
2026-09-11T11:43:16.141,1789107196.1410,5709,701,8.99,896,11.49
2026-09-11T11:43:16.146,1789107196.1463,5710,422,5.41,896,11.49
2026-09-11T11:43:16.157,1789107196.1579,5711,128,1.64,896,11.49
2026-09-11T11:43:16.158,1789107196.1588,5712,40,0.51,661,8.47
2026-09-11T11:43:16.163,1789107196.1632,5713,339,4.35,382,4.9
2026-09-11T11:43:16.174,1789107196.1744,5714,201,2.58,299,3.83
2026-09-11T11:43:16.179,1789107196.1794,5715,164,2.1,299,3.83
2026-09-11T11:43:16.184,1789107196.1846,5716,240,3.08,175,2.24
2026-09-11T11:43:16.186,1789107196.1866,5717,227,2.91,76,0.97
2026-09-11T11:43:16.188,1789107196.1886,5718,138,1.77,102,1.31
2026-09-11T11:43:16.195,1789107196.1958,5719,345,4.42,207,2.65
2026-09-11T11:43:16.198,1789107196.1988,5720,384,4.92,246,3.15
2026-09-11T11:43:16.207,1789107196.2079,5721,146,1.87,246,3.15
2026-09-11T11:43:16.209,1789107196.2099,5722,146,1.87,238,3.05
2026-09-11T11:43:16.217,1789107196.2171,5723,385,4.94,239,3.06
2026-09-11T11:43:16.219,1789107196.2191,5724,348,4.46,239,3.06
2026-09-11T11:43:16.223,1789107196.2234,5725,63,0.81,322,4.13
2026-09-11T11:43:16.226,1789107196.2264,5726,115,1.47,322,4.13
2026-09-11T11:43:16.234,1789107196.2342,5727,362,4.64,299,3.83
2026-09-11T11:43:16.240,1789107196.2402,5728,277,3.55,299,3.83
2026-09-11T11:43:16.243,1789107196.2434,5729,-8,-0.1,370,4.74
2026-09-11T11:43:16.249,1789107196.2494,5730,-152,-1.95,514,6.59
2026-09-11T11:43:16.256,1789107196.2562,5731,340,4.36,492,6.31
2026-09-11T11:43:16.259,1789107196.2591,5732,199,2.55,492,6.31
2026-09-11T11:43:16.263,1789107196.2631,5733,-82,-1.05,492,6.31
2026-09-11T11:43:16.265,1789107196.2651,5734,-170,-2.18,510,6.54
2026-09-11T11:43:16.272,1789107196.2724,5735,327,4.19,497,6.37
2026-09-11T11:43:16.282,1789107196.2826,5736,161,2.06,497,6.37
2026-09-11T11:43:16.284,1789107196.2846,5737,-147,-1.88,497,6.37
2026-09-11T11:43:16.287,1789107196.2876,5738,-179,-2.29,506,6.49
2026-09-11T11:43:16.289,1789107196.2896,5739,86,1.1,340,4.36
2026-09-11T11:43:16.297,1789107196.2979,5740,116,1.49,295,3.78
2026-09-11T11:43:16.307,1789107196.3073,5741,-184,-2.36,300,3.85
2026-09-11T11:43:16.311,1789107196.3113,5742,-143,-1.83,300,3.85
2026-09-11T11:43:16.312,1789107196.3122,5743,105,1.35,300,3.85
2026-09-11T11:43:16.318,1789107196.3183,5744,112,1.44,296,3.79
2026-09-11T11:43:16.319,1789107196.3193,5745,-193,-2.47,305,3.91
2026-09-11T11:43:16.327,1789107196.3274,5746,-112,-1.44,305,3.91
2026-09-11T11:43:16.329,1789107196.3294,5747,128,1.64,321,4.12
2026-09-11T11:43:16.348,1789107196.3486,5748,308,3.95,501,6.42
2026-09-11T11:43:16.353,1789107196.3534,5749,-214,-2.74,522,6.69
2026-09-11T11:43:16.354,1789107196.3544,5750,-105,-1.35,522,6.69
2026-09-11T11:43:16.362,1789107196.3624,5751,140,1.79,522,6.69
2026-09-11T11:43:16.365,1789107196.3654,5752,275,3.53,489,6.27
2026-09-11T11:43:16.369,1789107196.3694,5753,-262,-3.36,537,6.88
2026-09-11T11:43:16.372,1789107196.3727,5754,-77,-0.99,537,6.88
2026-09-11T11:43:16.376,1789107196.3767,5755,151,1.94,537,6.88
2026-09-11T11:43:16.379,1789107196.3797,5756,239,3.06,501,6.42
2026-09-11T11:43:16.385,1789107196.3858,5757,-6,-0.08,316,4.05
2026-09-11T11:43:16.386,1789107196.3868,5758,-89,-1.14,328,4.21
2026-09-11T11:43:16.393,1789107196.3931,5759,167,2.14,328,4.21
2026-09-11T11:43:16.399,1789107196.3999,5760,206,2.64,295,3.78
2026-09-11T11:43:16.404,1789107196.4042,5761,-54,-0.69,295,3.78
2026-09-11T11:43:16.410,1789107196.4106,5762,-49,-0.63,260,3.33
2026-09-11T11:43:16.416,1789107196.4163,5763,179,2.29,260,3.33
2026-09-11T11:43:16.421,1789107196.4214,5764,178,2.28,233,2.99
2026-09-11T11:43:16.423,1789107196.4236,5765,-82,-1.05,261,3.35
2026-09-11T11:43:16.430,1789107196.4306,5766,-49,-0.63,261,3.35
2026-09-11T11:43:16.432,1789107196.4323,5767,219,2.81,301,3.86
2026-09-11T11:43:16.439,1789107196.4393,5768,158,2.03,301,3.86
2026-09-11T11:43:16.442,1789107196.4425,5769,-126,-1.62,345,4.42
2026-09-11T11:43:16.453,1789107196.4539,5770,-278,-3.56,497,6.37
2026-09-11T11:43:16.458,1789107196.4589,5771,239,3.06,517,6.63
2026-09-11T11:43:16.459,1789107196.4599,5772,135,1.73,517,6.63
2026-09-11T11:43:16.465,1789107196.4659,5773,-158,-2.03,517,6.63
2026-09-11T11:43:16.469,1789107196.4699,5774,-257,-3.29,496,6.36
2026-09-11T11:43:16.470,1789107196.4709,5775,236,3.03,493,6.32
2026-09-11T11:43:16.479,1789107196.4791,5776,87,1.12,493,6.32
2026-09-11T11:43:16.481,1789107196.4811,5777,-202,-2.59,493,6.32
2026-09-11T11:43:16.486,1789107196.4864,5778,-257,-3.29,493,6.32
2026-09-11T11:43:16.491,1789107196.4914,5779,8,0.1,344,4.41
2026-09-11T11:43:16.494,1789107196.4947,5780,67,0.86,324,4.15
2026-09-11T11:43:16.515,1789107196.5152,5781,-229,-2.94,324,4.15
2026-09-11T11:43:16.519,1789107196.5192,5782,-232,-2.97,299,3.83
2026-09-11T11:43:16.523,1789107196.5233,5783,25,0.32,299,3.83
2026-09-11T11:43:16.526,1789107196.5268,5784,36,0.46,268,3.44
2026-09-11T11:43:16.528,1789107196.5288,5785,-264,-3.38,300,3.85
2026-09-11T11:43:16.530,1789107196.5308,5786,-199,-2.55,300,3.85
2026-09-11T11:43:16.536,1789107196.5365,5787,45,0.58,309,3.96
2026-09-11T11:43:16.542,1789107196.5427,5788,233,2.99,497,6.37
2026-09-11T11:43:16.546,1789107196.5467,5789,-296,-3.79,529,6.78
2026-09-11T11:43:16.550,1789107196.5507,5790,-175,-2.24,529,6.78
2026-09-11T11:43:16.560,1789107196.5610,5791,62,0.79,529,6.78
2026-09-11T11:43:16.563,1789107196.5632,5792,214,2.74,510,6.54
2026-09-11T11:43:16.566,1789107196.5662,5793,-299,-3.83,513,6.58
2026-09-11T11:43:16.567,1789107196.5672,5794,-142,-1.82,513,6.58
2026-09-11T11:43:16.574,1789107196.5744,5795,107,1.37,513,6.58
2026-09-11T11:43:16.576,1789107196.5764,5796,206,2.64,505,6.47
2026-09-11T11:43:16.583,1789107196.5836,5797,-42,-0.54,348,4.46
2026-09-11T11:43:16.589,1789107196.5897,5798,-109,-1.4,315,4.04
2026-09-11T11:43:16.592,1789107196.5929,5799,139,1.78,315,4.04
2026-09-11T11:43:16.597,1789107196.5979,5800,195,2.5,304,3.9
2026-09-11T11:43:16.603,1789107196.6031,5801,-58,-0.74,304,3.9
2026-09-11T11:43:16.611,1789107196.6111,5802,-65,-0.83,260,3.33
2026-09-11T11:43:16.613,1789107196.6132,5803,180,2.31,260,3.33
2026-09-11T11:43:16.624,1789107196.6244,5804,191,2.45,256,3.28
2026-09-11T11:43:16.628,1789107196.6284,5805,-82,-1.05,273,3.5
2026-09-11T11:43:16.631,1789107196.6314,5806,-44,-0.56,273,3.5
2026-09-11T11:43:16.632,1789107196.6329,5807,200,2.56,282,3.62
2026-09-11T11:43:16.637,1789107196.6380,5808,155,1.99,282,3.62
2026-09-11T11:43:16.644,1789107196.6443,5809,-90,-1.15,290,3.72
2026-09-11T11:43:16.646,1789107196.6463,5810,-281,-3.6,481,6.17
2026-09-11T11:43:16.656,1789107196.6566,5811,216,2.77,497,6.37
2026-09-11T11:43:16.657,1789107196.6576,5812,131,1.68,497,6.37
2026-09-11T11:43:16.662,1789107196.6625,5813,-153,-1.96,497,6.37
2026-09-11T11:43:16.668,1789107196.6680,5814,-265,-3.4,481,6.17
2026-09-11T11:43:16.670,1789107196.6700,5815,228,2.92,493,6.32
2026-09-11T11:43:16.689,1789107196.6897,5816,111,1.42,493,6.32
2026-09-11T11:43:16.692,1789107196.6929,5817,-201,-2.58,493,6.32
2026-09-11T11:43:16.696,1789107196.6969,5818,-256,-3.28,484,6.21
2026-09-11T11:43:16.698,1789107196.6989,5819,-3,-0.04,367,4.71
2026-09-11T11:43:16.702,1789107196.7020,5820,76,0.97,332,4.26
2026-09-11T11:43:16.711,1789107196.7110,5821,-245,-3.14,332,4.26
2026-09-11T11:43:16.716,1789107196.7161,5822,-236,-3.03,321,4.12
2026-09-11T11:43:16.720,1789107196.7201,5823,29,0.37,321,4.12
2026-09-11T11:43:16.722,1789107196.7223,5824,44,0.56,289,3.71
2026-09-11T11:43:16.728,1789107196.7282,5825,-264,-3.38,308,3.95
2026-09-11T11:43:16.731,1789107196.7312,5826,-211,-2.71,308,3.95
2026-09-11T11:43:16.735,1789107196.7360,5827,34,0.44,308,3.95
2026-09-11T11:43:16.736,1789107196.7370,5828,254,3.26,518,6.64
2026-09-11T11:43:16.741,1789107196.7420,5829,-267,-3.42,521,6.68
2026-09-11T11:43:16.750,1789107196.7502,5830,-158,-2.03,521,6.68
2026-09-11T11:43:16.753,1789107196.7535,5831,78,1.0,521,6.68
2026-09-11T11:43:16.760,1789107196.7605,5832,258,3.31,525,6.73
2026-09-11T11:43:16.765,1789107196.7658,5833,-279,-3.58,537,6.88
2026-09-11T11:43:16.768,1789107196.7688,5834,-134,-1.72,537,6.88
2026-09-11T11:43:16.774,1789107196.7750,5835,95,1.22,537,6.88
2026-09-11T11:43:16.779,1789107196.7800,5836,222,2.85,501,6.42
2026-09-11T11:43:16.782,1789107196.7821,5837,-27,-0.35,356,4.56
2026-09-11T11:43:16.792,1789107196.7927,5838,-113,-1.45,335,4.29
2026-09-11T11:43:16.799,1789107196.7993,5839,139,1.78,335,4.29
2026-09-11T11:43:16.801,1789107196.8011,5840,211,2.71,324,4.15
2026-09-11T11:43:16.812,1789107196.8127,5841,-58,-0.74,324,4.15
2026-09-11T11:43:16.814,1789107196.8147,5842,-81,-1.04,292,3.74
2026-09-11T11:43:16.818,1789107196.8187,5843,167,2.14,292,3.74
2026-09-11T11:43:16.819,1789107196.8197,5844,183,2.35,264,3.38
2026-09-11T11:43:16.822,1789107196.8224,5845,-90,-1.15,273,3.5
2026-09-11T11:43:16.828,1789107196.8284,5846,-52,-0.67,273,3.5
2026-09-11T11:43:16.833,1789107196.8331,5847,196,2.51,286,3.67
2026-09-11T11:43:16.837,1789107196.8371,5848,155,1.99,286,3.67
2026-09-11T11:43:16.843,1789107196.8433,5849,-118,-1.51,314,4.03
2026-09-11T11:43:16.844,1789107196.8443,5850,-289,-3.71,485,6.22
2026-09-11T11:43:16.855,1789107196.8558,5851,208,2.67,497,6.37
2026-09-11T11:43:16.857,1789107196.8578,5852,123,1.58,497,6.37
2026-09-11T11:43:16.862,1789107196.8622,5853,-161,-2.06,497,6.37
2026-09-11T11:43:16.866,1789107196.8662,5854,-285,-3.65,493,6.32
2026-09-11T11:43:16.882,1789107196.8828,5855,217,2.78,502,6.44
2026-09-11T11:43:16.886,1789107196.8868,5856,96,1.23,502,6.44
2026-09-11T11:43:16.888,1789107196.8889,5857,-189,-2.42,502,6.44
2026-09-11T11:43:16.892,1789107196.8921,5858,-264,-3.38,481,6.17
2026-09-11T11:43:16.897,1789107196.8971,5859,5,0.06,360,4.62
2026-09-11T11:43:16.900,1789107196.9001,5860,64,0.82,328,4.21
2026-09-11T11:43:16.907,1789107196.9073,5861,-232,-2.97,328,4.21
2026-09-11T11:43:16.912,1789107196.9123,5862,-247,-3.17,311,3.99
2026-09-11T11:43:16.920,1789107196.9203,5863,6,0.08,311,3.99
2026-09-11T11:43:16.921,1789107196.9217,5864,45,0.58,292,3.74
2026-09-11T11:43:16.922,1789107196.9227,5865,-259,-3.32,304,3.9
2026-09-11T11:43:16.928,1789107196.9287,5866,-214,-2.74,304,3.9
2026-09-11T11:43:16.930,1789107196.9307,5867,23,0.29,304,3.9
2026-09-11T11:43:16.938,1789107196.9383,5868,231,2.96,490,6.28
2026-09-11T11:43:16.940,1789107196.9404,5869,-290,-3.72,521,6.68
2026-09-11T11:43:16.947,1789107196.9476,5870,-193,-2.47,521,6.68
2026-09-11T11:43:16.956,1789107196.9570,5871,67,0.86,521,6.68
2026-09-11T11:43:16.958,1789107196.9589,5872,231,2.96,521,6.68
2026-09-11T11:43:16.965,1789107196.9651,5873,-294,-3.77,525,6.73
2026-09-11T11:43:16.972,1789107196.9723,5874,-153,-1.96,525,6.73
2026-09-11T11:43:16.975,1789107196.9753,5875,100,1.28,525,6.73
2026-09-11T11:43:16.977,1789107196.9773,5876,216,2.77,510,6.54
2026-09-11T11:43:16.987,1789107196.9877,5877,-13,-0.17,369,4.73
2026-09-11T11:43:16.990,1789107196.9907,5878,-132,-1.69,348,4.46
2026-09-11T11:43:16.993,1789107196.9938,5879,125,1.6,348,4.46
2026-09-11T11:43:16.995,1789107196.9958,5880,224,2.87,356,4.56
2026-09-11T11:43:17.008,1789107197.0082,5881,-33,-0.42,356,4.56
2026-09-11T11:43:17.010,1789107197.0102,5882,-15,-0.19,257,3.29
2026-09-11T11:43:17.014,1789107197.0142,5883,529,6.78,562,7.21
2026-09-11T11:43:17.016,1789107197.0162,5884,683,8.76,716,9.18
2026-09-11T11:43:17.021,1789107197.0216,5885,92,1.18,698,8.95
2026-09-11T11:43:17.024,1789107197.0246,5886,62,0.79,621,7.96
2026-09-11T11:43:17.030,1789107197.0306,5887,649,8.32,621,7.96
2026-09-11T11:43:17.036,1789107197.0369,5888,647,8.29,587,7.53
2026-09-11T11:43:17.051,1789107197.0515,5889,24,0.31,625,8.01
2026-09-11T11:43:17.056,1789107197.0565,5890,-448,-5.74,1097,14.06
2026-09-11T11:43:17.062,1789107197.0626,5891,661,8.47,1109,14.22
2026-09-11T11:43:17.064,1789107197.0645,5892,555,7.12,1109,14.22
2026-09-11T11:43:17.067,1789107197.0676,5893,-71,-0.91,1109,14.22
2026-09-11T11:43:17.073,1789107197.0738,5894,-447,-5.73,1108,14.21
2026-09-11T11:43:17.078,1789107197.0788,5895,678,8.69,1125,14.42
2026-09-11T11:43:17.084,1789107197.0840,5896,460,5.9,1125,14.42
2026-09-11T11:43:17.084,1789107197.0850,5897,-178,-2.28,1125,14.42
2026-09-11T11:43:17.092,1789107197.0923,5898,-429,-5.5,1107,14.19
2026-09-11T11:43:17.094,1789107197.0943,5899,164,2.1,889,11.4
2026-09-11T11:43:17.098,1789107197.0983,5900,409,5.24,838,10.74
2026-09-11T11:43:17.106,1789107197.1065,5901,-285,-3.65,838,10.74
2026-09-11T11:43:17.110,1789107197.1105,5902,-408,-5.23,817,10.47
2026-09-11T11:43:17.114,1789107197.1145,5903,202,2.59,817,10.47
2026-09-11T11:43:17.117,1789107197.1174,5904,338,4.33,746,9.56
2026-09-11T11:43:17.123,1789107197.1239,5905,-391,-5.01,746,9.56
2026-09-11T11:43:17.127,1789107197.1279,5906,-377,-4.83,729,9.35
2026-09-11T11:43:17.130,1789107197.1309,5907,204,2.62,729,9.35
2026-09-11T11:43:17.137,1789107197.1375,5908,707,9.06,1098,14.08
2026-09-11T11:43:17.141,1789107197.1415,5909,-485,-6.22,1192,15.28
2026-09-11T11:43:17.147,1789107197.1477,5910,-339,-4.35,1192,15.28
2026-09-11T11:43:17.163,1789107197.1631,5911,235,3.01,1192,15.28
2026-09-11T11:43:17.165,1789107197.1651,5912,694,8.9,1179,15.12
2026-09-11T11:43:17.167,1789107197.1671,5913,-526,-6.74,1220,15.64
2026-09-11T11:43:17.170,1789107197.1701,5914,-276,-3.54,1220,15.64
2026-09-11T11:43:17.173,1789107197.1733,5915,289,3.71,1220,15.64
2026-09-11T11:43:17.175,1789107197.1754,5916,664,8.51,1190,15.26
2026-09-11T11:43:17.182,1789107197.1825,5917,90,1.15,940,12.05
2026-09-11T11:43:17.187,1789107197.1875,5918,-224,-2.87,888,11.38
2026-09-11T11:43:17.189,1789107197.1895,5919,329,4.22,888,11.38
2026-09-11T11:43:17.196,1789107197.1968,5920,583,7.47,807,10.35
2026-09-11T11:43:17.202,1789107197.2030,5921,21,0.27,807,10.35
2026-09-11T11:43:17.207,1789107197.2076,5922,-193,-2.47,776,9.95
2026-09-11T11:43:17.220,1789107197.2210,5923,376,4.82,776,9.95
2026-09-11T11:43:17.229,1789107197.2296,5924,538,6.9,731,9.37
2026-09-11T11:43:17.231,1789107197.2319,5925,-64,-0.82,731,9.37
2026-09-11T11:43:17.236,1789107197.2364,5926,-603,-7.73,1141,14.63
2026-09-11T11:43:17.241,1789107197.2414,5927,443,5.68,1141,14.63
2026-09-11T11:43:17.245,1789107197.2455,5928,482,6.18,1085,13.91
2026-09-11T11:43:17.249,1789107197.2495,5929,-108,-1.38,1085,13.91
2026-09-11T11:43:17.252,1789107197.2528,5930,-592,-7.59,1074,13.77
2026-09-11T11:43:17.260,1789107197.2608,5931,459,5.88,1074,13.77
2026-09-11T11:43:17.263,1789107197.2630,5932,381,4.88,1051,13.47
2026-09-11T11:43:17.266,1789107197.2660,5933,-176,-2.26,1051,13.47
2026-09-11T11:43:17.269,1789107197.2691,5934,-516,-6.62,975,12.5
2026-09-11T11:43:17.271,1789107197.2717,5935,355,4.55,897,11.5
2026-09-11T11:43:17.278,1789107197.2790,5936,193,2.47,871,11.17
2026-09-11T11:43:17.280,1789107197.2810,5937,-264,-3.38,871,11.17
2026-09-11T11:43:17.289,1789107197.2891,5938,-387,-4.96,742,9.51
2026-09-11T11:43:17.290,1789107197.2901,5939,-49,-0.63,580,7.44
2026-09-11T11:43:17.297,1789107197.2974,5940,66,0.85,453,5.81
2026-09-11T11:43:17.309,1789107197.3091,5941,-266,-3.41,453,5.81
2026-09-11T11:43:17.313,1789107197.3131,5942,-333,-4.27,399,5.12
2026-09-11T11:43:17.318,1789107197.3181,5943,-48,-0.62,399,5.12
2026-09-11T11:43:17.319,1789107197.3191,5944,20,0.26,353,4.53
2026-09-11T11:43:17.322,1789107197.3224,5945,-280,-3.59,353,4.53
2026-09-11T11:43:17.331,1789107197.3314,5946,-267,-3.42,300,3.85
2026-09-11T11:43:17.335,1789107197.3351,5947,-22,-0.28,300,3.85
2026-09-11T11:43:17.337,1789107197.3371,5948,194,2.49,474,6.08
2026-09-11T11:43:17.345,1789107197.3455,5949,-303,-3.88,497,6.37
2026-09-11T11:43:17.346,1789107197.3464,5950,-246,-3.15,497,6.37
2026-09-11T11:43:17.356,1789107197.3568,5951,-1,-0.01,497,6.37
2026-09-11T11:43:17.357,1789107197.3578,5952,183,2.35,486,6.23
2026-09-11T11:43:17.362,1789107197.3628,5953,-309,-3.96,492,6.31
2026-09-11T11:43:17.369,1789107197.3698,5954,-212,-2.72,492,6.31
2026-09-11T11:43:17.371,1789107197.3711,5955,21,0.27,492,6.31
2026-09-11T11:43:17.375,1789107197.3751,5956,169,2.17,478,6.13
2026-09-11T11:43:17.396,1789107197.3966,5957,-32,-0.41,381,4.88
2026-09-11T11:43:17.400,1789107197.4007,5958,-167,-2.14,336,4.31
2026-09-11T11:43:17.401,1789107197.4019,5959,54,0.69,336,4.31
2026-09-11T11:43:17.402,1789107197.4029,5960,174,2.23,341,4.37
2026-09-11T11:43:17.411,1789107197.4111,5961,-63,-0.81,341,4.37
2026-09-11T11:43:17.416,1789107197.4161,5962,-169,-2.17,343,4.4
2026-09-11T11:43:17.420,1789107197.4202,5963,83,1.06,343,4.4
2026-09-11T11:43:17.424,1789107197.4244,5964,159,2.04,328,4.21
2026-09-11T11:43:17.432,1789107197.4328,5965,-90,-1.15,328,4.21
2026-09-11T11:43:17.434,1789107197.4343,5966,-329,-4.22,488,6.26
2026-09-11T11:43:17.436,1789107197.4363,5967,121,1.55,488,6.26
2026-09-11T11:43:17.440,1789107197.4403,5968,136,1.74,465,5.96
2026-09-11T11:43:17.441,1789107197.4413,5969,-100,-1.28,465,5.96
2026-09-11T11:43:17.449,1789107197.4496,5970,-324,-4.15,460,5.9
2026-09-11T11:43:17.456,1789107197.4568,5971,150,1.92,474,6.08
2026-09-11T11:43:17.459,1789107197.4598,5972,101,1.29,474,6.08
2026-09-11T11:43:17.463,1789107197.4640,5973,-143,-1.83,474,6.08
2026-09-11T11:43:17.468,1789107197.4690,5974,-319,-4.09,469,6.01
2026-09-11T11:43:17.472,1789107197.4723,5975,159,2.04,478,6.13
2026-09-11T11:43:17.478,1789107197.4783,5976,78,1.0,478,6.13
2026-09-11T11:43:17.480,1789107197.4803,5977,-178,-2.28,478,6.13
2026-09-11T11:43:17.488,1789107197.4885,5978,-302,-3.87,461,5.91
2026-09-11T11:43:17.490,1789107197.4905,5979,-60,-0.77,380,4.87
2026-09-11T11:43:17.499,1789107197.4997,5980,71,0.91,373,4.78
2026-09-11T11:43:17.507,1789107197.5080,5981,-205,-2.63,373,4.78
2026-09-11T11:43:17.512,1789107197.5120,5982,-280,-3.59,351,4.5
2026-09-11T11:43:17.514,1789107197.5140,5983,-35,-0.45,351,4.5
2026-09-11T11:43:17.520,1789107197.5200,5984,52,0.67,332,4.26
2026-09-11T11:43:17.521,1789107197.5211,5985,-236,-3.03,332,4.26
2026-09-11T11:43:17.528,1789107197.5283,5986,-251,-3.22,303,3.88
2026-09-11T11:43:17.529,1789107197.5293,5987,-18,-0.23,303,3.88
2026-09-11T11:43:17.536,1789107197.5362,5988,186,2.38,437,5.6
2026-09-11T11:43:17.540,1789107197.5405,5989,-255,-3.27,441,5.65
2026-09-11T11:43:17.544,1789107197.5448,5990,-234,-3.0,441,5.65
2026-09-11T11:43:17.570,1789107197.5703,5991,-9,-0.12,441,5.65
2026-09-11T11:43:17.571,1789107197.5719,5992,195,2.5,450,5.77
2026-09-11T11:43:17.573,1789107197.5739,5993,-278,-3.56,473,6.06
2026-09-11T11:43:17.577,1789107197.5779,5994,-213,-2.73,473,6.06
2026-09-11T11:43:17.584,1789107197.5840,5995,8,0.1,473,6.06
2026-09-11T11:43:17.587,1789107197.5871,5996,188,2.41,466,5.97
2026-09-11T11:43:17.593,1789107197.5937,5997,-29,-0.37,401,5.14
2026-09-11T11:43:17.596,1789107197.5967,5998,-175,-2.24,363,4.65
2026-09-11T11:43:17.603,1789107197.6037,5999,41,0.53,363,4.65
2026-09-11T11:43:17.605,1789107197.6058,6000,177,2.27,352,4.51
2026-09-11T11:43:17.612,1789107197.6126,6001,-43,-0.55,352,4.51
2026-09-11T11:43:17.614,1789107197.6146,6002,-138,-1.77,315,4.04
2026-09-11T11:43:17.615,1789107197.6156,6003,78,1.0,315,4.04
2026-09-11T11:43:17.617,1789107197.6176,6004,166,2.13,304,3.9
2026-09-11T11:43:17.623,1789107197.6239,6005,-62,-0.79,304,3.9
2026-09-11T11:43:17.629,1789107197.6299,6006,-294,-3.77,460,5.9
2026-09-11T11:43:17.634,1789107197.6345,6007,143,1.83,460,5.9
2026-09-11T11:43:17.638,1789107197.6386,6008,163,2.09,457,5.86
2026-09-11T11:43:17.641,1789107197.6416,6009,-78,-1.0,457,5.86
2026-09-11T11:43:17.649,1789107197.6497,6010,-286,-3.67,449,5.76
2026-09-11T11:43:17.658,1789107197.6580,6011,156,2.0,449,5.76
2026-09-11T11:43:17.661,1789107197.6610,6012,155,1.99,442,5.67
2026-09-11T11:43:17.665,1789107197.6651,6013,-85,-1.09,442,5.67
2026-09-11T11:43:17.673,1789107197.6731,6014,-281,-3.6,437,5.6
2026-09-11T11:43:17.675,1789107197.6759,6015,184,2.36,465,5.96
2026-09-11T11:43:17.678,1789107197.6789,6016,148,1.9,465,5.96
2026-09-11T11:43:17.680,1789107197.6809,6017,-125,-1.6,465,5.96
2026-09-11T11:43:17.688,1789107197.6881,6018,-277,-3.55,461,5.91
2026-09-11T11:43:17.693,1789107197.6938,6019,-39,-0.5,425,5.45
2026-09-11T11:43:17.696,1789107197.6968,6020,108,1.38,385,4.94
2026-09-11T11:43:17.707,1789107197.7072,6021,-165,-2.12,385,4.94
2026-09-11T11:43:17.711,1789107197.7112,6022,-260,-3.33,368,4.72
2026-09-11T11:43:17.713,1789107197.7132,6023,-15,-0.19,368,4.72
2026-09-11T11:43:17.715,1789107197.7152,6024,96,1.23,356,4.56
2026-09-11T11:43:17.733,1789107197.7330,6025,-196,-2.51,356,4.56
2026-09-11T11:43:17.739,1789107197.7395,6026,-231,-2.96,327,4.19
2026-09-11T11:43:17.743,1789107197.7437,6027,2,0.03,327,4.19
2026-09-11T11:43:17.744,1789107197.7447,6028,222,2.85,453,5.81
2026-09-11T11:43:17.748,1789107197.7487,6029,-216,-2.77,453,5.81
2026-09-11T11:43:17.752,1789107197.7530,6030,-203,-2.6,438,5.62
2026-09-11T11:43:17.759,1789107197.7597,6031,38,0.49,438,5.62
2026-09-11T11:43:17.763,1789107197.7632,6032,246,3.15,462,5.92
2026-09-11T11:43:17.769,1789107197.7692,6033,-239,-3.06,485,6.22
2026-09-11T11:43:17.776,1789107197.7763,6034,-178,-2.28,485,6.22
2026-09-11T11:43:17.779,1789107197.7793,6035,50,0.64,485,6.22
2026-09-11T11:43:17.782,1789107197.7825,6036,238,3.05,477,6.12
2026-09-11T11:43:17.785,1789107197.7854,6037,41,0.53,416,5.33
2026-09-11T11:43:17.787,1789107197.7874,6038,-138,-1.77,376,4.82
2026-09-11T11:43:17.790,1789107197.7904,6039,91,1.17,376,4.82
2026-09-11T11:43:17.797,1789107197.7976,6040,250,3.21,388,4.97
2026-09-11T11:43:17.808,1789107197.8088,6041,21,0.27,388,4.97
2026-09-11T11:43:17.812,1789107197.8121,6042,-98,-1.26,348,4.46
2026-09-11T11:43:17.815,1789107197.8151,6043,135,1.73,348,4.46
2026-09-11T11:43:17.821,1789107197.8211,6044,238,3.05,336,4.31
2026-09-11T11:43:17.823,1789107197.8234,6045,9,0.12,336,4.31
2026-09-11T11:43:17.829,1789107197.8294,6046,-223,-2.86,461,5.91
2026-09-11T11:43:17.834,1789107197.8341,6047,218,2.79,461,5.91
2026-09-11T11:43:17.836,1789107197.8362,6048,301,3.86,524,6.72
2026-09-11T11:43:17.845,1789107197.8455,6049,52,0.67,524,6.72
2026-09-11T11:43:17.850,1789107197.8505,6050,-164,-2.1,465,5.96
2026-09-11T11:43:17.858,1789107197.8588,6051,268,3.44,465,5.96
2026-09-11T11:43:17.860,1789107197.8608,6052,275,3.53,439,5.63
2026-09-11T11:43:17.864,1789107197.8641,6053,26,0.33,439,5.63
2026-09-11T11:43:17.867,1789107197.8672,6054,-182,-2.33,457,5.86
2026-09-11T11:43:17.872,1789107197.8725,6055,267,3.42,457,5.86
2026-09-11T11:43:17.875,1789107197.8755,6056,230,2.95,449,5.76
2026-09-11T11:43:17.880,1789107197.8805,6057,-31,-0.4,449,5.76
2026-09-11T11:43:17.887,1789107197.8877,6058,-199,-2.55,466,5.97
2026-09-11T11:43:17.889,1789107197.8897,6059,38,0.49,429,5.5
2026-09-11T11:43:17.897,1789107197.8971,6060,196,2.51,395,5.06
2026-09-11T11:43:17.915,1789107197.9154,6061,-84,-1.08,395,5.06
2026-09-11T11:43:17.919,1789107197.9194,6062,-200,-2.56,396,5.08
2026-09-11T11:43:17.921,1789107197.9214,6063,53,0.68,396,5.08
2026-09-11T11:43:17.925,1789107197.9255,6064,163,2.09,363,4.65
2026-09-11T11:43:17.928,1789107197.9285,6065,-125,-1.6,363,4.65
2026-09-11T11:43:17.932,1789107197.9327,6066,-177,-2.27,340,4.36
2026-09-11T11:43:17.936,1789107197.9363,6067,76,0.97,340,4.36
2026-09-11T11:43:17.943,1789107197.9435,6068,316,4.05,493,6.32
2026-09-11T11:43:17.944,1789107197.9445,6069,-150,-1.92,493,6.32
2026-09-11T11:43:17.947,1789107197.9475,6070,-157,-2.01,473,6.06
2026-09-11T11:43:17.958,1789107197.9588,6071,75,0.96,473,6.06
2026-09-11T11:43:17.960,1789107197.9608,6072,279,3.58,436,5.59
2026-09-11T11:43:17.964,1789107197.9641,6073,-227,-2.91,506,6.49
2026-09-11T11:43:17.972,1789107197.9723,6074,-178,-2.28,506,6.49
2026-09-11T11:43:17.973,1789107197.9733,6075,71,0.91,506,6.49
2026-09-11T11:43:17.979,1789107197.9793,6076,251,3.22,478,6.13
2026-09-11T11:43:17.982,1789107197.9825,6077,38,0.49,429,5.5
2026-09-11T11:43:17.986,1789107197.9865,6078,-161,-2.06,412,5.28
2026-09-11T11:43:17.992,1789107197.9927,6079,83,1.06,412,5.28
2026-09-11T11:43:17.996,1789107197.9967,6080,247,3.17,408,5.23
2026-09-11T11:43:18.007,1789107198.0074,6081,18,0.23,408,5.23
2026-09-11T11:43:18.011,1789107198.0113,6082,-141,-1.81,388,4.97
2026-09-11T11:43:18.012,1789107198.0123,6083,99,1.27,388,4.97
2026-09-11T11:43:18.022,1789107198.0222,6084,239,3.06,380,4.87
2026-09-11T11:43:18.023,1789107198.0238,6085,14,0.18,380,4.87
2026-09-11T11:43:18.026,1789107198.0270,6086,-242,-3.1,481,6.17
2026-09-11T11:43:18.034,1789107198.0343,6087,195,2.5,481,6.17
2026-09-11T11:43:18.039,1789107198.0393,6088,270,3.46,512,6.56
2026-09-11T11:43:18.041,1789107198.0413,6089,17,0.22,512,6.56
2026-09-11T11:43:18.048,1789107198.0485,6090,-243,-3.12,513,6.58
2026-09-11T11:43:18.056,1789107198.0568,6091,222,2.85,513,6.58
2026-09-11T11:43:18.057,1789107198.0578,6092,238,3.05,481,6.17
2026-09-11T11:43:18.060,1789107198.0608,6093,-43,-0.55,481,6.17
2026-09-11T11:43:18.067,1789107198.0671,6094,-247,-3.17,485,6.22
2026-09-11T11:43:18.070,1789107198.0701,6095,222,2.85,485,6.22
2026-09-11T11:43:18.088,1789107198.0887,6096,193,2.47,469,6.01
2026-09-11T11:43:18.091,1789107198.0919,6097,-72,-0.92,469,6.01
2026-09-11T11:43:18.093,1789107198.0939,6098,-256,-3.28,478,6.13
2026-09-11T11:43:18.096,1789107198.0969,6099,1,0.01,449,5.76
2026-09-11T11:43:18.098,1789107198.0989,6100,152,1.95,408,5.23
2026-09-11T11:43:18.107,1789107198.1071,6101,-112,-1.44,408,5.23
2026-09-11T11:43:18.113,1789107198.1131,6102,-248,-3.18,400,5.13
2026-09-11T11:43:18.116,1789107198.1161,6103,5,0.06,400,5.13
2026-09-11T11:43:18.119,1789107198.1191,6104,132,1.69,380,4.87
2026-09-11T11:43:18.125,1789107198.1254,6105,-160,-2.05,380,4.87
2026-09-11T11:43:18.127,1789107198.1274,6106,-252,-3.23,384,4.92
2026-09-11T11:43:18.132,1789107198.1325,6107,29,0.37,384,4.92
2026-09-11T11:43:18.134,1789107198.1346,6108,261,3.35,513,6.58
2026-09-11T11:43:18.141,1789107198.1419,6109,-196,-2.51,513,6.58
2026-09-11T11:43:18.147,1789107198.1479,6110,-215,-2.76,476,6.1
2026-09-11T11:43:18.157,1789107198.1571,6111,42,0.54,476,6.1
2026-09-11T11:43:18.160,1789107198.1601,6112,249,3.19,464,5.95
2026-09-11T11:43:18.165,1789107198.1651,6113,-236,-3.03,485,6.22
2026-09-11T11:43:18.167,1789107198.1671,6114,-195,-2.5,485,6.22
2026-09-11T11:43:18.174,1789107198.1742,6115,30,0.38,485,6.22
2026-09-11T11:43:18.179,1789107198.1792,6116,238,3.05,474,6.08
2026-09-11T11:43:18.189,1789107198.1894,6117,33,0.42,433,5.55
2026-09-11T11:43:18.193,1789107198.1936,6118,-174,-2.23,412,5.28
2026-09-11T11:43:18.196,1789107198.1961,6119,66,0.85,412,5.28
2026-09-11T11:43:18.198,1789107198.1981,6120,234,3.0,408,5.23
2026-09-11T11:43:18.207,1789107198.2074,6121,25,0.32,408,5.23
2026-09-11T11:43:18.208,1789107198.2084,6122,-134,-1.72,368,4.72
2026-09-11T11:43:18.212,1789107198.2123,6123,87,1.12,368,4.72
2026-09-11T11:43:18.218,1789107198.2183,6124,230,2.95,364,4.67
2026-09-11T11:43:18.219,1789107198.2193,6125,-7,-0.09,364,4.67
2026-09-11T11:43:18.226,1789107198.2267,6126,-279,-3.58,509,6.53
2026-09-11T11:43:18.229,1789107198.2296,6127,135,1.73,509,6.53
2026-09-11T11:43:18.236,1789107198.2362,6128,206,2.64,485,6.22
2026-09-11T11:43:18.253,1789107198.2539,6129,-30,-0.38,485,6.22
2026-09-11T11:43:18.257,1789107198.2579,6130,-258,-3.31,464,5.95
2026-09-11T11:43:18.264,1789107198.2640,6131,175,2.24,464,5.95
2026-09-11T11:43:18.265,1789107198.2650,6132,226,2.9,484,6.21
2026-09-11T11:43:18.269,1789107198.2691,6133,-43,-0.55,484,6.21
2026-09-11T11:43:18.274,1789107198.2744,6134,-255,-3.27,481,6.17
2026-09-11T11:43:18.276,1789107198.2764,6135,223,2.86,481,6.17
2026-09-11T11:43:18.281,1789107198.2813,6136,218,2.79,478,6.13
2026-09-11T11:43:18.285,1789107198.2855,6137,-35,-0.45,478,6.13
2026-09-11T11:43:18.293,1789107198.2938,6138,-219,-2.81,442,5.67
2026-09-11T11:43:18.295,1789107198.2958,6139,2,0.03,437,5.6
2026-09-11T11:43:18.296,1789107198.2968,6140,177,2.27,396,5.08
2026-09-11T11:43:18.305,1789107198.3051,6141,-84,-1.08,396,5.08
2026-09-11T11:43:18.311,1789107198.3110,6142,-239,-3.06,416,5.33
2026-09-11T11:43:18.316,1789107198.3161,6143,13,0.17,416,5.33
2026-09-11T11:43:18.319,1789107198.3191,6144,152,1.95,391,5.01
2026-09-11T11:43:18.322,1789107198.3223,6145,-128,-1.64,391,5.01
2026-09-11T11:43:18.331,1789107198.3313,6146,-228,-2.92,380,4.87
2026-09-11T11:43:18.332,1789107198.3325,6147,41,0.53,380,4.87
2026-09-11T11:43:18.340,1789107198.3401,6148,281,3.6,509,6.53
2026-09-11T11:43:18.341,1789107198.3410,6149,-145,-1.86,509,6.53
2026-09-11T11:43:18.349,1789107198.3492,6150,-180,-2.31,461,5.91
2026-09-11T11:43:18.352,1789107198.3525,6151,69,0.88,461,5.91
2026-09-11T11:43:18.363,1789107198.3630,6152,292,3.74,472,6.05
2026-09-11T11:43:18.367,1789107198.3671,6153,-189,-2.42,481,6.17
2026-09-11T11:43:18.368,1789107198.3681,6154,-169,-2.17,481,6.17
2026-09-11T11:43:18.371,1789107198.3714,6155,60,0.77,481,6.17
2026-09-11T11:43:18.378,1789107198.3785,6156,264,3.38,453,5.81
2026-09-11T11:43:18.381,1789107198.3818,6157,79,1.01,433,5.55
2026-09-11T11:43:18.388,1789107198.3888,6158,-153,-1.96,417,5.35
2026-09-11T11:43:18.391,1789107198.3912,6159,72,0.92,417,5.35
2026-09-11T11:43:18.395,1789107198.3952,6160,264,3.38,417,5.35
2026-09-11T11:43:18.406,1789107198.4065,6161,43,0.55,417,5.35
2026-09-11T11:43:18.408,1789107198.4085,6162,-153,-1.96,417,5.35
2026-09-11T11:43:18.425,1789107198.4258,6163,84,1.08,417,5.35
2026-09-11T11:43:18.428,1789107198.4285,6164,244,3.13,397,5.09
2026-09-11T11:43:18.433,1789107198.4338,6165,15,0.19,397,5.09
2026-09-11T11:43:18.436,1789107198.4363,6166,-265,-3.4,509,6.53
2026-09-11T11:43:18.438,1789107198.4383,6167,112,1.44,509,6.53
2026-09-11T11:43:18.443,1789107198.4435,6168,232,2.97,497,6.37
2026-09-11T11:43:18.447,1789107198.4475,6169,-21,-0.27,497,6.37
2026-09-11T11:43:18.451,1789107198.4517,6170,-269,-3.45,501,6.42
2026-09-11T11:43:18.459,1789107198.4597,6171,136,1.74,501,6.42
2026-09-11T11:43:18.467,1789107198.4670,6172,204,2.62,473,6.06
2026-09-11T11:43:18.468,1789107198.4680,6173,-33,-0.42,473,6.06
2026-09-11T11:43:18.471,1789107198.4710,6174,-265,-3.4,469,6.01
2026-09-11T11:43:18.474,1789107198.4743,6175,188,2.41,469,6.01
2026-09-11T11:43:18.478,1789107198.4783,6176,208,2.67,473,6.06
2026-09-11T11:43:18.480,1789107198.4802,6177,-49,-0.63,473,6.06
2026-09-11T11:43:18.490,1789107198.4905,6178,-249,-3.19,457,5.86
2026-09-11T11:43:18.494,1789107198.4947,6179,-28,-0.36,457,5.86
2026-09-11T11:43:18.496,1789107198.4967,6180,175,2.24,424,5.44
2026-09-11T11:43:18.509,1789107198.5090,6181,-101,-1.29,424,5.44
2026-09-11T11:43:18.512,1789107198.5120,6182,-265,-3.4,440,5.64
2026-09-11T11:43:18.514,1789107198.5140,6183,-12,-0.15,440,5.64
2026-09-11T11:43:18.521,1789107198.5211,6184,151,1.94,416,5.33
2026-09-11T11:43:18.524,1789107198.5243,6185,-133,-1.71,416,5.33
2026-09-11T11:43:18.534,1789107198.5346,6186,-257,-3.29,408,5.23
2026-09-11T11:43:18.536,1789107198.5367,6187,-8,-0.1,408,5.23
2026-09-11T11:43:18.539,1789107198.5397,6188,236,3.03,493,6.32
2026-09-11T11:43:18.544,1789107198.5445,6189,-169,-2.17,493,6.32
2026-09-11T11:43:18.548,1789107198.5485,6190,-253,-3.24,489,6.27
2026-09-11T11:43:18.558,1789107198.5589,6191,0,0.0,489,6.27
2026-09-11T11:43:18.559,1789107198.5599,6192,244,3.13,497,6.37
2026-09-11T11:43:18.564,1789107198.5649,6193,-217,-2.78,497,6.37
2026-09-11T11:43:18.568,1789107198.5689,6194,-228,-2.92,472,6.05
2026-09-11T11:43:18.569,1789107198.5699,6195,5,0.06,472,6.05
2026-09-11T11:43:18.575,1789107198.5752,6196,237,3.04,465,5.96
2026-09-11T11:43:18.581,1789107198.5813,6197,60,0.77,465,5.96
2026-09-11T11:43:18.584,1789107198.5845,6198,-199,-2.55,436,5.59
2026-09-11T11:43:18.604,1789107198.6049,6199,33,0.42,436,5.59
2026-09-11T11:43:18.609,1789107198.6099,6200,225,2.88,424,5.44
2026-09-11T11:43:18.613,1789107198.6131,6201,28,0.36,424,5.44
2026-09-11T11:43:18.616,1789107198.6161,6202,-195,-2.5,420,5.38
2026-09-11T11:43:18.620,1789107198.6201,6203,10,0.13,420,5.38
2026-09-11T11:43:18.624,1789107198.6243,6204,182,2.33,377,4.83
2026-09-11T11:43:18.628,1789107198.6283,6205,-31,-0.4,377,4.83
2026-09-11T11:43:18.631,1789107198.6313,6206,-290,-3.72,472,6.05
2026-09-11T11:43:18.635,1789107198.6354,6207,15,0.19,472,6.05
2026-09-11T11:43:18.641,1789107198.6419,6208,171,2.19,461,5.91
2026-09-11T11:43:18.644,1789107198.6442,6209,-25,-0.32,461,5.91
2026-09-11T11:43:18.650,1789107198.6502,6210,-301,-3.86,472,6.05
2026-09-11T11:43:18.660,1789107198.6604,6211,49,0.63,472,6.05
2026-09-11T11:43:18.662,1789107198.6624,6212,168,2.15,469,6.01
2026-09-11T11:43:18.664,1789107198.6644,6213,-64,-0.82,469,6.01
2026-09-11T11:43:18.672,1789107198.6721,6214,-292,-3.74,460,5.9
2026-09-11T11:43:18.673,1789107198.6731,6215,-131,-1.68,460,5.9
2026-09-11T11:43:18.680,1789107198.6801,6216,153,1.96,445,5.71
2026-09-11T11:43:18.682,1789107198.6829,6217,-71,-0.91,445,5.71
2026-09-11T11:43:18.686,1789107198.6869,6218,-291,-3.73,444,5.69
2026-09-11T11:43:18.695,1789107198.6951,6219,-106,-1.36,444,5.69
2026-09-11T11:43:18.699,1789107198.6991,6220,138,1.77,429,5.5
2026-09-11T11:43:18.713,1789107198.7134,6221,-94,-1.21,429,5.5
2026-09-11T11:43:18.715,1789107198.7154,6222,-286,-3.67,424,5.44
2026-09-11T11:43:18.719,1789107198.7194,6223,-93,-1.19,424,5.44
2026-09-11T11:43:18.721,1789107198.7214,6224,127,1.63,413,5.29
2026-09-11T11:43:18.722,1789107198.7226,6225,-126,-1.62,413,5.29
2026-09-11T11:43:18.727,1789107198.7276,6226,-285,-3.65,412,5.28
2026-09-11T11:43:18.735,1789107198.7357,6227,-60,-0.77,412,5.28
2026-09-11T11:43:18.737,1789107198.7372,6228,180,2.31,465,5.96
2026-09-11T11:43:18.743,1789107198.7434,6229,-165,-2.12,465,5.96
2026-09-11T11:43:18.744,1789107198.7444,6230,-264,-3.38,444,5.69
2026-09-11T11:43:18.756,1789107198.7568,6231,-51,-0.65,444,5.69
2026-09-11T11:43:18.757,1789107198.7578,6232,193,2.47,457,5.86
2026-09-11T11:43:18.761,1789107198.7618,6233,-204,-2.62,457,5.86
2026-09-11T11:43:18.777,1789107198.7771,6234,-263,-3.37,456,5.85
2026-09-11T11:43:18.781,1789107198.7811,6235,-26,-0.33,456,5.85
2026-09-11T11:43:18.786,1789107198.7863,6236,206,2.64,469,6.01
2026-09-11T11:43:18.788,1789107198.7883,6237,57,0.73,469,6.01
2026-09-11T11:43:18.790,1789107198.7903,6238,-230,-2.95,436,5.59
2026-09-11T11:43:18.793,1789107198.7934,6239,-17,-0.22,436,5.59
2026-09-11T11:43:18.800,1789107198.8004,6240,211,2.71,441,5.65
2026-09-11T11:43:18.811,1789107198.8111,6241,38,0.49,441,5.65
2026-09-11T11:43:18.812,1789107198.8121,6242,-201,-2.58,412,5.28
2026-09-11T11:43:18.819,1789107198.8191,6243,19,0.24,412,5.28
2026-09-11T11:43:18.821,1789107198.8214,6244,215,2.76,416,5.33
2026-09-11T11:43:18.824,1789107198.8243,6245,42,0.54,416,5.33
2026-09-11T11:43:18.829,1789107198.8291,6246,-234,-3.0,449,5.76
2026-09-11T11:43:18.830,1789107198.8307,6247,28,0.36,449,5.76
2026-09-11T11:43:18.838,1789107198.8390,6248,204,2.62,438,5.62
2026-09-11T11:43:18.845,1789107198.8453,6249,3,0.04,438,5.62
2026-09-11T11:43:18.848,1789107198.8486,6250,-273,-3.5,477,6.12
2026-09-11T11:43:18.858,1789107198.8585,6251,41,0.53,477,6.12
2026-09-11T11:43:18.860,1789107198.8602,6252,165,2.12,438,5.62
2026-09-11T11:43:18.864,1789107198.8649,6253,-36,-0.46,438,5.62
2026-09-11T11:43:18.868,1789107198.8685,6254,-292,-3.74,457,5.86
2026-09-11T11:43:18.874,1789107198.8741,6255,-163,-2.09,457,5.86
2026-09-11T11:43:18.878,1789107198.8786,6256,142,1.82,434,5.56
2026-09-11T11:43:18.889,1789107198.8896,6257,-55,-0.71,434,5.56
2026-09-11T11:43:18.892,1789107198.8927,6258,-295,-3.78,437,5.6
2026-09-11T11:43:18.895,1789107198.8957,6259,-146,-1.87,437,5.6
2026-09-11T11:43:18.897,1789107198.8977,6260,119,1.53,414,5.31
2026-09-11T11:43:18.906,1789107198.9069,6261,-90,-1.15,414,5.31
2026-09-11T11:43:18.910,1789107198.9108,6262,-305,-3.91,424,5.44
2026-09-11T11:43:18.913,1789107198.9131,6263,-128,-1.64,424,5.44
2026-09-11T11:43:18.916,1789107198.9161,6264,100,1.28,405,5.19
2026-09-11T11:43:18.922,1789107198.9226,6265,-129,-1.65,405,5.19
2026-09-11T11:43:18.924,1789107198.9246,6266,-304,-3.9,404,5.18
2026-09-11T11:43:18.930,1789107198.9305,6267,-111,-1.42,404,5.18
2026-09-11T11:43:18.934,1789107198.9347,6268,122,1.56,426,5.46
2026-09-11T11:43:18.941,1789107198.9412,6269,-159,-2.04,426,5.46
2026-09-11T11:43:18.957,1789107198.9577,6270,-283,-3.63,405,5.19
2026-09-11T11:43:18.967,1789107198.9675,6271,-101,-1.29,405,5.19
2026-09-11T11:43:18.969,1789107198.9695,6272,143,1.83,426,5.46
2026-09-11T11:43:18.973,1789107198.9738,6273,-170,-2.18,426,5.46
2026-09-11T11:43:18.978,1789107198.9788,6274,-269,-3.45,412,5.28
2026-09-11T11:43:18.983,1789107198.9839,6275,-100,-1.28,412,5.28
2026-09-11T11:43:18.986,1789107198.9869,6276,140,1.79,409,5.24
2026-09-11T11:43:18.992,1789107198.9921,6277,60,0.77,409,5.24
2026-09-11T11:43:18.999,1789107198.9992,6278,-244,-3.13,384,4.92
2026-09-11T11:43:19.000,1789107199.0002,6279,-63,-0.81,384,4.92
2026-09-11T11:43:19.001,1789107199.0012,6280,161,2.06,405,5.19
2026-09-11T11:43:19.007,1789107199.0074,6281,53,0.68,405,5.19
2026-09-11T11:43:19.009,1789107199.0094,6282,-231,-2.96,392,5.03
2026-09-11T11:43:19.011,1789107199.0114,6283,-46,-0.59,392,5.03
2026-09-11T11:43:19.021,1789107199.0214,6284,174,2.23,405,5.19
2026-09-11T11:43:19.022,1789107199.0226,6285,34,0.44,405,5.19
2026-09-11T11:43:19.029,1789107199.0296,6286,-226,-2.9,400,5.13
2026-09-11T11:43:19.032,1789107199.0328,6287,-13,-0.17,400,5.13
2026-09-11T11:43:19.038,1789107199.0384,6288,191,2.45,417,5.35
2026-09-11T11:43:19.042,1789107199.0426,6289,19,0.24,417,5.35
2026-09-11T11:43:19.046,1789107199.0466,6290,-233,-2.99,424,5.44
2026-09-11T11:43:19.059,1789107199.0598,6291,40,0.51,424,5.44
2026-09-11T11:43:19.061,1789107199.0611,6292,204,2.62,437,5.6
2026-09-11T11:43:19.064,1789107199.0641,6293,31,0.4,437,5.6
2026-09-11T11:43:19.072,1789107199.0722,6294,-229,-2.94,433,5.55
2026-09-11T11:43:19.074,1789107199.0742,6295,-116,-1.49,433,5.55
2026-09-11T11:43:19.078,1789107199.0782,6296,208,2.67,437,5.6
2026-09-11T11:43:19.084,1789107199.0844,6297,27,0.35,437,5.6
2026-09-11T11:43:19.086,1789107199.0864,6298,-217,-2.78,425,5.45
2026-09-11T11:43:19.094,1789107199.0947,6299,-96,-1.23,425,5.45
2026-09-11T11:43:19.099,1789107199.0997,6300,192,2.46,409,5.24
2026-09-11T11:43:19.102,1789107199.1028,6301,7,0.09,409,5.24
2026-09-11T11:43:19.107,1789107199.1078,6302,-237,-3.04,429,5.5
2026-09-11T11:43:19.114,1789107199.1142,6303,-72,-0.92,429,5.5
2026-09-11T11:43:19.115,1789107199.1152,6304,180,2.31,417,5.35
2026-09-11T11:43:19.120,1789107199.1209,6305,-25,-0.32,417,5.35
2026-09-11T11:43:19.138,1789107199.1389,6306,-229,-2.94,409,5.24
2026-09-11T11:43:19.143,1789107199.1431,6307,-64,-0.82,409,5.24
2026-09-11T11:43:19.148,1789107199.1481,6308,160,2.05,389,4.99
2026-09-11T11:43:19.149,1789107199.1491,6309,-49,-0.63,389,4.99
2026-09-11T11:43:19.152,1789107199.1522,6310,-225,-2.88,385,4.94
2026-09-11T11:43:19.158,1789107199.1582,6311,-44,-0.56,385,4.94
2026-09-11T11:43:19.162,1789107199.1622,6312,188,2.41,413,5.29
2026-09-11T11:43:19.165,1789107199.1652,6313,-105,-1.35,413,5.29
2026-09-11T11:43:19.171,1789107199.1712,6314,-213,-2.73,401,5.14
2026-09-11T11:43:19.173,1789107199.1734,6315,-28,-0.36,401,5.14
2026-09-11T11:43:19.180,1789107199.1804,6316,200,2.56,413,5.29
2026-09-11T11:43:19.181,1789107199.1814,6317,123,1.58,413,5.29
2026-09-11T11:43:19.188,1789107199.1885,6318,-197,-2.53,397,5.09
2026-09-11T11:43:19.192,1789107199.1926,6319,-4,-0.05,397,5.09
2026-09-11T11:43:19.195,1789107199.1956,6320,212,2.72,409,5.24
2026-09-11T11:43:19.209,1789107199.2091,6321,119,1.53,409,5.24
2026-09-11T11:43:19.211,1789107199.2111,6322,-176,-2.26,388,4.97
2026-09-11T11:43:19.215,1789107199.2151,6323,4,0.05,388,4.97
2026-09-11T11:43:19.218,1789107199.2181,6324,228,2.92,404,5.18
2026-09-11T11:43:19.225,1789107199.2255,6325,103,1.32,404,5.18
2026-09-11T11:43:19.228,1789107199.2287,6326,-173,-2.22,401,5.14
2026-09-11T11:43:19.235,1789107199.2357,6327,20,0.26,401,5.14
2026-09-11T11:43:19.238,1789107199.2388,6328,232,2.97,405,5.19
2026-09-11T11:43:19.241,1789107199.2419,6329,75,0.96,405,5.19
2026-09-11T11:43:19.253,1789107199.2532,6330,-185,-2.37,417,5.35
2026-09-11T11:43:19.259,1789107199.2592,6331,36,0.46,417,5.35
2026-09-11T11:43:19.261,1789107199.2612,6332,240,3.08,425,5.45
2026-09-11T11:43:19.266,1789107199.2662,6333,59,0.76,425,5.45
2026-09-11T11:43:19.267,1789107199.2672,6334,-189,-2.42,429,5.5
2026-09-11T11:43:19.274,1789107199.2743,6335,-124,-1.59,429,5.5
2026-09-11T11:43:19.280,1789107199.2803,6336,224,2.87,413,5.29
2026-09-11T11:43:19.282,1789107199.2824,6337,59,0.76,413,5.29
2026-09-11T11:43:19.286,1789107199.2865,6338,-197,-2.53,421,5.4
2026-09-11T11:43:19.289,1789107199.2895,6339,-81,-1.04,421,5.4
2026-09-11T11:43:19.295,1789107199.2956,6340,223,2.86,420,5.38
2026-09-11T11:43:19.317,1789107199.3172,6341,22,0.28,420,5.38
2026-09-11T11:43:19.322,1789107199.3224,6342,-214,-2.74,437,5.6
2026-09-11T11:43:19.327,1789107199.3274,6343,-61,-0.78,437,5.6
2026-09-11T11:43:19.328,1789107199.3284,6344,203,2.6,417,5.35
2026-09-11T11:43:19.331,1789107199.3319,6345,-2,-0.03,417,5.35
2026-09-11T11:43:19.335,1789107199.3351,6346,-206,-2.64,409,5.24
2026-09-11T11:43:19.339,1789107199.3397,6347,-45,-0.58,409,5.24
2026-09-11T11:43:19.342,1789107199.3430,6348,179,2.29,385,4.94
2026-09-11T11:43:19.346,1789107199.3470,6349,-26,-0.33,385,4.94
2026-09-11T11:43:19.350,1789107199.3510,6350,-210,-2.69,389,4.99
2026-09-11T11:43:19.360,1789107199.3602,6351,-34,-0.44,389,4.99
2026-09-11T11:43:19.362,1789107199.3622,6352,203,2.6,413,5.29
2026-09-11T11:43:19.364,1789107199.3642,6353,-71,-0.91,413,5.29
2026-09-11T11:43:19.368,1789107199.3682,6354,-199,-2.55,402,5.15
2026-09-11T11:43:19.372,1789107199.3727,6355,-22,-0.28,402,5.15
2026-09-11T11:43:19.374,1789107199.3747,6356,222,2.85,421,5.4
2026-09-11T11:43:19.382,1789107199.3828,6357,165,2.12,421,5.4
2026-09-11T11:43:19.385,1789107199.3858,6358,-199,-2.55,421,5.4
2026-09-11T11:43:19.393,1789107199.3931,6359,-2,-0.03,421,5.4
2026-09-11T11:43:19.399,1789107199.3991,6360,234,3.0,433,5.55
2026-09-11T11:43:19.407,1789107199.4074,6361,137,1.76,433,5.55
2026-09-11T11:43:19.409,1789107199.4094,6362,-171,-2.19,405,5.19
2026-09-11T11:43:19.416,1789107199.4165,6363,10,0.13,405,5.19
2026-09-11T11:43:19.418,1789107199.4185,6364,242,3.1,413,5.29
2026-09-11T11:43:19.428,1789107199.4286,6365,109,1.4,413,5.29
2026-09-11T11:43:19.430,1789107199.4306,6366,-156,-2.0,398,5.1
2026-09-11T11:43:19.433,1789107199.4337,6367,21,0.27,398,5.1
2026-09-11T11:43:19.441,1789107199.4413,6368,253,3.24,409,5.24
2026-09-11T11:43:19.443,1789107199.4435,6369,92,1.18,409,5.24
2026-09-11T11:43:19.447,1789107199.4475,6370,-180,-2.31,433,5.55
2026-09-11T11:43:19.457,1789107199.4576,6371,41,0.53,433,5.55
2026-09-11T11:43:19.458,1789107199.4587,6372,241,3.09,421,5.4
2026-09-11T11:43:19.462,1789107199.4621,6373,80,1.03,421,5.4
2026-09-11T11:43:19.470,1789107199.4702,6374,-180,-2.31,421,5.4
2026-09-11T11:43:19.471,1789107199.4712,6375,-123,-1.58,421,5.4
2026-09-11T11:43:19.476,1789107199.4764,6376,233,2.99,413,5.29
2026-09-11T11:43:19.495,1789107199.4959,6377,52,0.67,413,5.29
2026-09-11T11:43:19.501,1789107199.5013,6378,-192,-2.46,425,5.45
2026-09-11T11:43:19.503,1789107199.5034,6379,-100,-1.28,425,5.45
2026-09-11T11:43:19.504,1789107199.5044,6380,216,2.77,408,5.23
2026-09-11T11:43:19.513,1789107199.5134,6381,35,0.45,408,5.23
2026-09-11T11:43:19.516,1789107199.5164,6382,-193,-2.47,409,5.24
2026-09-11T11:43:19.519,1789107199.5194,6383,-64,-0.82,409,5.24
2026-09-11T11:43:19.522,1789107199.5224,6384,212,2.72,405,5.19
2026-09-11T11:43:19.526,1789107199.5266,6385,19,0.24,405,5.19
2026-09-11T11:43:19.530,1789107199.5306,6386,-193,-2.47,405,5.19
2026-09-11T11:43:19.535,1789107199.5358,6387,-48,-0.62,405,5.19
2026-09-11T11:43:19.538,1789107199.5383,6388,180,2.31,373,4.78
2026-09-11T11:43:19.541,1789107199.5413,6389,-10,-0.13,373,4.78
2026-09-11T11:43:19.551,1789107199.5510,6390,-194,-2.49,374,4.79
2026-09-11T11:43:19.556,1789107199.5562,6391,-25,-0.32,374,4.79
2026-09-11T11:43:19.561,1789107199.5612,6392,211,2.71,405,5.19
2026-09-11T11:43:19.563,1789107199.5633,6393,-38,-0.49,405,5.19
2026-09-11T11:43:19.565,1789107199.5653,6394,-190,-2.44,401,5.14
2026-09-11T11:43:19.573,1789107199.5738,6395,-1,-0.01,401,5.14
2026-09-11T11:43:19.580,1789107199.5808,6396,219,2.81,409,5.24
2026-09-11T11:43:19.582,1789107199.5830,6397,178,2.28,409,5.24
2026-09-11T11:43:19.589,1789107199.5900,6398,-183,-2.35,402,5.15
2026-09-11T11:43:19.593,1789107199.5932,6399,-18,-0.23,402,5.15
2026-09-11T11:43:19.597,1789107199.5972,6400,234,3.0,417,5.35
2026-09-11T11:43:19.608,1789107199.6086,6401,153,1.96,417,5.35
2026-09-11T11:43:19.613,1789107199.6131,6402,-167,-2.14,401,5.14
2026-09-11T11:43:19.614,1789107199.6141,6403,10,0.13,401,5.14
2026-09-11T11:43:19.621,1789107199.6211,6404,242,3.1,409,5.24
2026-09-11T11:43:19.624,1789107199.6244,6405,133,1.71,409,5.24
2026-09-11T11:43:19.627,1789107199.6272,6406,-116,-1.49,358,4.59
2026-09-11T11:43:19.634,1789107199.6342,6407,17,0.22,358,4.59
2026-09-11T11:43:19.637,1789107199.6374,6408,253,3.24,369,4.73
2026-09-11T11:43:19.641,1789107199.6418,6409,116,1.49,369,4.73
2026-09-11T11:43:19.644,1789107199.6450,6410,-148,-1.9,401,5.14
2026-09-11T11:43:19.656,1789107199.6564,6411,41,0.53,401,5.14
2026-09-11T11:43:19.657,1789107199.6574,6412,232,2.97,380,4.87
2026-09-11T11:43:19.670,1789107199.6707,6413,108,1.38,380,4.87
2026-09-11T11:43:19.676,1789107199.6765,6414,-157,-2.01,389,4.99
2026-09-11T11:43:19.681,1789107199.6815,6415,-104,-1.33,389,4.99
2026-09-11T11:43:19.684,1789107199.6846,6416,232,2.97,389,4.99
2026-09-11T11:43:19.685,1789107199.6856,6417,79,1.01,389,4.99
2026-09-11T11:43:19.687,1789107199.6876,6418,-173,-2.22,405,5.19
2026-09-11T11:43:19.691,1789107199.6917,6419,-81,-1.04,405,5.19
2026-09-11T11:43:19.699,1789107199.6997,6420,263,3.37,436,5.59
2026-09-11T11:43:19.707,1789107199.7080,6421,86,1.1,436,5.59
2026-09-11T11:43:19.710,1789107199.7100,6422,-158,-2.03,421,5.4
2026-09-11T11:43:19.716,1789107199.7162,6423,-58,-0.74,421,5.4
2026-09-11T11:43:19.718,1789107199.7182,6424,242,3.1,400,5.13
2026-09-11T11:43:19.724,1789107199.7244,6425,61,0.78,400,5.13
2026-09-11T11:43:19.727,1789107199.7274,6426,-171,-2.19,413,5.29
2026-09-11T11:43:19.731,1789107199.7314,6427,-46,-0.59,413,5.29
2026-09-11T11:43:19.740,1789107199.7407,6428,178,2.28,349,4.47
2026-09-11T11:43:19.743,1789107199.7440,6429,28,0.36,349,4.47
2026-09-11T11:43:19.748,1789107199.7490,6430,-180,-2.31,358,4.59
2026-09-11T11:43:19.759,1789107199.7593,6431,-35,-0.45,358,4.59
2026-09-11T11:43:19.762,1789107199.7623,6432,181,2.32,361,4.63
2026-09-11T11:43:19.763,1789107199.7633,6433,-21,-0.27,361,4.63
2026-09-11T11:43:19.771,1789107199.7713,6434,-192,-2.46,373,4.78
2026-09-11T11:43:19.773,1789107199.7735,6435,-28,-0.36,373,4.78
2026-09-11T11:43:19.783,1789107199.7838,6436,204,2.62,396,5.08
2026-09-11T11:43:19.785,1789107199.7858,6437,188,2.41,396,5.08
2026-09-11T11:43:19.788,1789107199.7888,6438,-193,-2.47,397,5.09
2026-09-11T11:43:19.792,1789107199.7922,6439,-28,-0.36,397,5.09
2026-09-11T11:43:19.796,1789107199.7962,6440,200,2.56,393,5.04
2026-09-11T11:43:19.807,1789107199.8072,6441,151,1.94,393,5.04
2026-09-11T11:43:19.811,1789107199.8112,6442,-189,-2.42,389,4.99
2026-09-11T11:43:19.813,1789107199.8139,6443,-16,-0.21,389,4.99
2026-09-11T11:43:19.814,1789107199.8149,6444,220,2.82,409,5.24
2026-09-11T11:43:19.821,1789107199.8219,6445,143,1.83,409,5.24
2026-09-11T11:43:19.825,1789107199.8252,6446,-118,-1.51,338,4.33
2026-09-11T11:43:19.832,1789107199.8324,6447,-25,-0.32,338,4.33
2026-09-11T11:43:19.834,1789107199.8344,6448,216,2.77,334,4.28
2026-09-11T11:43:19.853,1789107199.8536,6449,115,1.47,334,4.28
2026-09-11T11:43:19.858,1789107199.8586,6450,-158,-2.03,374,4.79
2026-09-11T11:43:19.862,1789107199.8627,6451,3,0.04,374,4.79
2026-09-11T11:43:19.865,1789107199.8657,6452,223,2.86,381,4.88
2026-09-11T11:43:19.866,1789107199.8667,6453,95,1.22,381,4.88
2026-09-11T11:43:19.872,1789107199.8722,6454,-170,-2.18,393,5.04
2026-09-11T11:43:19.876,1789107199.8762,6455,-145,-1.86,393,5.04
2026-09-11T11:43:19.883,1789107199.8836,6456,227,2.91,397,5.09
2026-09-11T11:43:19.885,1789107199.8856,6457,66,0.85,397,5.09
2026-09-11T11:43:19.892,1789107199.8922,6458,-190,-2.44,417,5.35
2026-09-11T11:43:19.893,1789107199.8932,6459,-129,-1.65,417,5.35
2026-09-11T11:43:19.897,1789107199.8972,6460,219,2.81,409,5.24
2026-09-11T11:43:19.908,1789107199.9087,6461,70,0.9,409,5.24
2026-09-11T11:43:19.911,1789107199.9111,6462,-202,-2.59,421,5.4
2026-09-11T11:43:19.915,1789107199.9151,6463,-97,-1.24,421,5.4
2026-09-11T11:43:19.920,1789107199.9201,6464,219,2.81,421,5.4
2026-09-11T11:43:19.921,1789107199.9215,6465,34,0.44,421,5.4
2026-09-11T11:43:19.929,1789107199.9296,6466,-206,-2.64,425,5.45
2026-09-11T11:43:19.935,1789107199.9358,6467,-89,-1.14,425,5.45
2026-09-11T11:43:19.937,1789107199.9378,6468,135,1.73,341,4.37
2026-09-11T11:43:19.945,1789107199.9456,6469,30,0.38,341,4.37
2026-09-11T11:43:19.948,1789107199.9486,6470,-198,-2.54,333,4.27
2026-09-11T11:43:19.962,1789107199.9630,6471,-70,-0.9,333,4.27
2026-09-11T11:43:19.964,1789107199.9650,6472,147,1.88,345,4.42
2026-09-11T11:43:19.967,1789107199.9670,6473,5,0.06,345,4.42
2026-09-11T11:43:19.970,1789107199.9710,6474,-195,-2.5,342,4.38
2026-09-11T11:43:19.973,1789107199.9732,6475,-58,-0.74,342,4.38
2026-09-11T11:43:19.976,1789107199.9762,6476,202,2.59,397,5.09
2026-09-11T11:43:19.981,1789107199.9812,6477,209,2.68,404,5.18
2026-09-11T11:43:19.987,1789107199.9873,6478,-147,-1.88,356,4.56
2026-09-11T11:43:19.990,1789107199.9903,6479,9,0.12,356,4.56
2026-09-11T11:43:19.996,1789107199.9966,6480,233,2.99,380,4.87
2026-09-11T11:43:20.003,1789107200.0038,6481,208,2.67,380,4.87
2026-09-11T11:43:20.007,1789107200.0078,6482,-156,-2.0,389,4.99
2026-09-11T11:43:20.022,1789107200.0224,6483,8,0.1,389,4.99
2026-09-11T11:43:20.028,1789107200.0284,6484,236,3.03,392,5.03
2026-09-11T11:43:20.031,1789107200.0310,6485,175,2.24,392,5.03
2026-09-11T11:43:20.032,1789107200.0328,6486,-85,-1.09,321,4.12
2026-09-11T11:43:20.036,1789107200.0370,6487,7,0.09,321,4.12
2026-09-11T11:43:20.042,1789107200.0424,6488,231,2.96,316,4.05
2026-09-11T11:43:20.046,1789107200.0464,6489,155,1.99,316,4.05
2026-09-11T11:43:20.050,1789107200.0504,6490,-110,-1.41,341,4.37
2026-09-11T11:43:20.061,1789107200.0612,6491,-1,-0.01,341,4.37
2026-09-11T11:43:20.063,1789107200.0633,6492,235,3.01,345,4.42
2026-09-11T11:43:20.066,1789107200.0663,6493,106,1.36,345,4.42
2026-09-11T11:43:20.069,1789107200.0694,6494,-158,-2.03,393,5.04
2026-09-11T11:43:20.072,1789107200.0727,6495,-138,-1.77,393,5.04
2026-09-11T11:43:20.075,1789107200.0757,6496,223,2.86,381,4.88
2026-09-11T11:43:20.084,1789107200.0848,6497,78,1.0,381,4.88
2026-09-11T11:43:20.086,1789107200.0868,6498,-178,-2.28,401,5.14
2026-09-11T11:43:20.095,1789107200.0951,6499,-138,-1.77,401,5.14
2026-09-11T11:43:20.098,1789107200.0981,6500,211,2.71,389,4.99
2026-09-11T11:43:20.103,1789107200.1033,6501,66,0.85,389,4.99
2026-09-11T11:43:20.111,1789107200.1114,6502,-186,-2.38,397,5.09
2026-09-11T11:43:20.115,1789107200.1153,6503,-110,-1.41,397,5.09
2026-09-11T11:43:20.124,1789107200.1247,6504,222,2.85,408,5.23
2026-09-11T11:43:20.126,1789107200.1267,6505,58,0.74,408,5.23
2026-09-11T11:43:20.128,1789107200.1287,6506,-199,-2.55,421,5.4
2026-09-11T11:43:20.131,1789107200.1318,6507,-110,-1.41,421,5.4
2026-09-11T11:43:20.138,1789107200.1383,6508,107,1.37,306,3.92
2026-09-11T11:43:20.141,1789107200.1414,6509,37,0.47,306,3.92
2026-09-11T11:43:20.149,1789107200.1495,6510,-207,-2.65,314,4.03
2026-09-11T11:43:20.157,1789107200.1577,6511,-98,-1.26,314,4.03
2026-09-11T11:43:20.158,1789107200.1587,6512,138,1.77,345,4.42
2026-09-11T11:43:20.163,1789107200.1632,6513,-3,-0.04,345,4.42
2026-09-11T11:43:20.170,1789107200.1702,6514,-215,-2.76,353,4.53
2026-09-11T11:43:20.171,1789107200.1712,6515,-62,-0.79,353,4.53
2026-09-11T11:43:20.185,1789107200.1853,6516,182,2.33,397,5.09
2026-09-11T11:43:20.190,1789107200.1903,6517,193,2.47,408,5.23
2026-09-11T11:43:20.194,1789107200.1945,6518,-211,-2.71,404,5.18
2026-09-11T11:43:20.196,1789107200.1965,6519,-46,-0.59,404,5.18
2026-09-11T11:43:20.200,1789107200.2005,6520,194,2.49,405,5.19
2026-09-11T11:43:20.207,1789107200.2078,6521,165,2.12,405,5.19
2026-09-11T11:43:20.212,1789107200.2128,6522,-207,-2.65,401,5.14
2026-09-11T11:43:20.217,1789107200.2178,6523,-39,-0.5,401,5.14
2026-09-11T11:43:20.221,1789107200.2212,6524,202,2.59,409,5.24
2026-09-11T11:43:20.227,1789107200.2273,6525,161,2.06,409,5.24
2026-09-11T11:43:20.229,1789107200.2293,6526,-96,-1.23,298,3.82
2026-09-11T11:43:20.233,1789107200.2334,6527,-15,-0.19,298,3.82
2026-09-11T11:43:20.235,1789107200.2355,6528,213,2.73,309,3.96
2026-09-11T11:43:20.244,1789107200.2441,6529,141,1.81,309,3.96
2026-09-11T11:43:20.250,1789107200.2502,6530,-144,-1.85,357,4.58
2026-09-11T11:43:20.257,1789107200.2574,6531,-11,-0.14,357,4.58
2026-09-11T11:43:20.260,1789107200.2604,6532,213,2.73,357,4.58
2026-09-11T11:43:20.264,1789107200.2644,6533,112,1.44,357,4.58
2026-09-11T11:43:20.265,1789107200.2654,6534,-160,-2.05,373,4.78
2026-09-11T11:43:20.272,1789107200.2728,6535,-159,-2.04,373,4.78
2026-09-11T11:43:20.274,1789107200.2748,6536,217,2.78,377,4.83
2026-09-11T11:43:20.282,1789107200.2830,6537,84,1.08,377,4.83
2026-09-11T11:43:20.295,1789107200.2954,6538,-184,-2.36,401,5.14
2026-09-11T11:43:20.300,1789107200.3003,6539,-139,-1.78,401,5.14
2026-09-11T11:43:20.302,1789107200.3023,6540,217,2.78,401,5.14
2026-09-11T11:43:20.309,1789107200.3095,6541,68,0.87,401,5.14
2026-09-11T11:43:20.312,1789107200.3126,6542,-208,-2.67,425,5.45
2026-09-11T11:43:20.315,1789107200.3156,6543,-147,-1.88,425,5.45
2026-09-11T11:43:20.318,1789107200.3186,6544,53,0.68,276,3.54
2026-09-11T11:43:20.323,1789107200.3236,6545,33,0.42,261,3.35
2026-09-11T11:43:20.326,1789107200.3266,6546,-220,-2.82,273,3.5
2026-09-11T11:43:20.329,1789107200.3296,6547,-127,-1.63,273,3.5
2026-09-11T11:43:20.336,1789107200.3367,6548,86,1.1,306,3.92
2026-09-11T11:43:20.341,1789107200.3417,6549,9,0.12,306,3.92
2026-09-11T11:43:20.345,1789107200.3457,6550,-227,-2.91,313,4.01
2026-09-11T11:43:20.368,1789107200.3683,6551,-118,-1.51,313,4.01
2026-09-11T11:43:20.369,1789107200.3694,6552,94,1.21,321,4.12
2026-09-11T11:43:20.372,1789107200.3727,6553,-15,-0.19,321,4.12
2026-09-11T11:43:20.375,1789107200.3757,6554,-239,-3.06,333,4.27
2026-09-11T11:43:20.380,1789107200.3807,6555,-90,-1.15,333,4.27
2026-09-11T11:43:20.384,1789107200.3849,6556,130,1.67,369,4.73
2026-09-11T11:43:20.388,1789107200.3888,6557,174,2.23,413,5.29
2026-09-11T11:43:20.392,1789107200.3922,6558,-247,-3.17,421,5.4
2026-09-11T11:43:20.394,1789107200.3941,6559,-78,-1.0,421,5.4
2026-09-11T11:43:20.400,1789107200.4002,6560,155,1.99,421,5.4
2026-09-11T11:43:20.408,1789107200.4085,6561,154,1.97,402,5.15
2026-09-11T11:43:20.411,1789107200.4112,6562,-222,-2.85,377,4.83
2026-09-11T11:43:20.412,1789107200.4127,6563,-65,-0.83,377,4.83
2026-09-11T11:43:20.416,1789107200.4167,6564,167,2.14,389,4.99
2026-09-11T11:43:20.424,1789107200.4249,6565,142,1.82,389,4.99
2026-09-11T11:43:20.428,1789107200.4289,6566,-102,-1.31,269,3.45
2026-09-11T11:43:20.435,1789107200.4358,6567,-53,-0.68,269,3.45
2026-09-11T11:43:20.439,1789107200.4390,6568,183,2.35,285,3.65
2026-09-11T11:43:20.440,1789107200.4406,6569,118,1.51,285,3.65
2026-09-11T11:43:20.448,1789107200.4486,6570,-138,-1.77,321,4.12
2026-09-11T11:43:20.456,1789107200.4563,6571,-53,-0.68,321,4.12
2026-09-11T11:43:20.459,1789107200.4593,6572,195,2.5,333,4.27
2026-09-11T11:43:20.468,1789107200.4680,6573,95,1.22,333,4.27
2026-09-11T11:43:20.471,1789107200.4710,6574,-174,-2.23,369,4.73
2026-09-11T11:43:20.474,1789107200.4743,6575,-177,-2.27,372,4.77
2026-09-11T11:43:20.480,1789107200.4809,6576,208,2.67,385,4.94
2026-09-11T11:43:20.482,1789107200.4830,6577,95,1.22,385,4.94
2026-09-11T11:43:20.489,1789107200.4893,6578,-189,-2.42,397,5.09
2026-09-11T11:43:20.490,1789107200.4903,6579,-165,-2.12,397,5.09
2026-09-11T11:43:20.497,1789107200.4974,6580,216,2.77,405,5.19
2026-09-11T11:43:20.506,1789107200.5068,6581,67,0.86,405,5.19
2026-09-11T11:43:20.507,1789107200.5078,6582,-201,-2.58,417,5.35
2026-09-11T11:43:20.513,1789107200.5138,6583,-160,-2.05,417,5.35
2026-09-11T11:43:20.530,1789107200.5302,6584,24,0.31,268,3.44
2026-09-11T11:43:20.537,1789107200.5373,6585,39,0.5,240,3.08
2026-09-11T11:43:20.539,1789107200.5399,6586,-205,-2.63,244,3.13
2026-09-11T11:43:20.541,1789107200.5419,6587,-132,-1.69,244,3.13
2026-09-11T11:43:20.545,1789107200.5451,6588,61,0.78,266,3.41
2026-09-11T11:43:20.550,1789107200.5501,6589,24,0.31,266,3.41
2026-09-11T11:43:20.552,1789107200.5524,6590,-221,-2.83,282,3.62
2026-09-11T11:43:20.560,1789107200.5608,6591,-128,-1.64,282,3.62
2026-09-11T11:43:20.564,1789107200.5648,6592,93,1.19,314,4.03
2026-09-11T11:43:20.567,1789107200.5678,6593,-4,-0.05,314,4.03
2026-09-11T11:43:20.573,1789107200.5732,6594,-224,-2.87,317,4.06
2026-09-11T11:43:20.575,1789107200.5752,6595,-99,-1.27,317,4.06
2026-09-11T11:43:20.577,1789107200.5772,6596,133,1.71,357,4.58
2026-09-11T11:43:20.581,1789107200.5812,6597,181,2.32,405,5.19
2026-09-11T11:43:20.590,1789107200.5905,6598,-220,-2.82,401,5.14
2026-09-11T11:43:20.593,1789107200.5936,6599,-79,-1.01,401,5.14
2026-09-11T11:43:20.598,1789107200.5986,6600,153,1.96,401,5.14
2026-09-11T11:43:20.604,1789107200.6049,6601,164,2.1,384,4.92
2026-09-11T11:43:20.610,1789107200.6109,6602,-228,-2.92,392,5.03
2026-09-11T11:43:20.615,1789107200.6153,6603,-79,-1.01,392,5.03
2026-09-11T11:43:20.618,1789107200.6183,6604,169,2.17,397,5.09
2026-09-11T11:43:20.623,1789107200.6235,6605,153,1.96,397,5.09
2026-09-11T11:43:20.635,1789107200.6357,6606,-80,-1.03,249,3.19
2026-09-11T11:43:20.636,1789107200.6367,6607,-51,-0.65,249,3.19
2026-09-11T11:43:20.639,1789107200.6392,6608,201,2.58,281,3.6
2026-09-11T11:43:20.641,1789107200.6412,6609,133,1.71,281,3.6
2026-09-11T11:43:20.647,1789107200.6479,6610,-116,-1.49,317,4.06
2026-09-11T11:43:20.658,1789107200.6589,6611,-31,-0.4,317,4.06
2026-09-11T11:43:20.661,1789107200.6612,6612,217,2.78,333,4.27
2026-09-11T11:43:20.664,1789107200.6642,6613,124,1.59,333,4.27
2026-09-11T11:43:20.667,1789107200.6678,6614,-140,-1.79,357,4.58
2026-09-11T11:43:20.669,1789107200.6698,6615,-179,-2.29,396,5.08
2026-09-11T11:43:20.676,1789107200.6763,6616,221,2.83,400,5.13
2026-09-11T11:43:20.682,1789107200.6826,6617,120,1.54,400,5.13
2026-09-11T11:43:20.685,1789107200.6856,6618,-156,-2.0,400,5.13
2026-09-11T11:43:20.699,1789107200.7000,6619,-171,-2.19,392,5.03
2026-09-11T11:43:20.703,1789107200.7031,6620,221,2.83,392,5.03
2026-09-11T11:43:20.709,1789107200.7091,6621,92,1.18,392,5.03
2026-09-11T11:43:20.710,1789107200.7102,6622,-172,-2.21,393,5.04
2026-09-11T11:43:20.718,1789107200.7182,6623,-131,-1.68,393,5.04
2026-09-11T11:43:20.722,1789107200.7222,6624,45,0.58,264,3.38
2026-09-11T11:43:20.726,1789107200.7264,6625,68,0.87,240,3.08
2026-09-11T11:43:20.731,1789107200.7314,6626,-192,-2.46,260,3.33
2026-09-11T11:43:20.732,1789107200.7327,6627,-115,-1.47,260,3.33
2026-09-11T11:43:20.739,1789107200.7392,6628,73,0.94,265,3.4
2026-09-11T11:43:20.743,1789107200.7434,6629,60,0.77,265,3.4
2026-09-11T11:43:20.748,1789107200.7481,6630,-196,-2.51,269,3.45
2026-09-11T11:43:20.757,1789107200.7570,6631,-108,-1.38,269,3.45
2026-09-11T11:43:20.759,1789107200.7590,6632,93,1.19,289,3.71
2026-09-11T11:43:20.767,1789107200.7670,6633,32,0.41,289,3.71
2026-09-11T11:43:20.768,1789107200.7680,6634,-204,-2.62,297,3.81
2026-09-11T11:43:20.774,1789107200.7744,6635,-80,-1.03,297,3.81
2026-09-11T11:43:20.779,1789107200.7793,6636,153,1.96,357,4.58
2026-09-11T11:43:20.780,1789107200.7803,6637,204,2.62,408,5.23
2026-09-11T11:43:20.788,1789107200.7885,6638,-205,-2.63,409,5.24
2026-09-11T11:43:20.790,1789107200.7905,6639,-76,-0.97,409,5.24
2026-09-11T11:43:20.797,1789107200.7977,6640,160,2.05,409,5.24
2026-09-11T11:43:20.812,1789107200.8122,6641,196,2.51,401,5.14
2026-09-11T11:43:20.814,1789107200.8142,6642,-205,-2.63,401,5.14
2026-09-11T11:43:20.815,1789107200.8152,6643,-56,-0.72,401,5.14
2026-09-11T11:43:20.821,1789107200.8212,6644,188,2.41,401,5.14
2026-09-11T11:43:20.823,1789107200.8234,6645,171,2.19,393,5.04
2026-09-11T11:43:20.829,1789107200.8294,6646,-69,-0.88,257,3.29
2026-09-11T11:43:20.831,1789107200.8314,6647,-36,-0.46,257,3.29
2026-09-11T11:43:20.837,1789107200.8380,6648,196,2.51,265,3.4
2026-09-11T11:43:20.841,1789107200.8419,6649,159,2.04,265,3.4
2026-09-11T11:43:20.845,1789107200.8452,6650,-102,-1.31,298,3.82
2026-09-11T11:43:20.856,1789107200.8565,6651,-40,-0.51,298,3.82
2026-09-11T11:43:20.857,1789107200.8575,6652,196,2.51,298,3.82
2026-09-11T11:43:20.874,1789107200.8744,6653,131,1.68,298,3.82
2026-09-11T11:43:20.880,1789107200.8804,6654,-133,-1.71,329,4.22
2026-09-11T11:43:20.881,1789107200.8819,6655,-189,-2.42,385,4.94
2026-09-11T11:43:20.884,1789107200.8841,6656,204,2.62,393,5.04
2026-09-11T11:43:20.888,1789107200.8881,6657,103,1.32,393,5.04
2026-09-11T11:43:20.893,1789107200.8934,6658,-173,-2.22,393,5.04
2026-09-11T11:43:20.896,1789107200.8964,6659,-185,-2.37,389,4.99
2026-09-11T11:43:20.901,1789107200.9014,6660,196,2.51,381,4.88
2026-09-11T11:43:20.911,1789107200.9120,6661,75,0.96,381,4.88
2026-09-11T11:43:20.913,1789107200.9140,6662,-189,-2.42,385,4.94
2026-09-11T11:43:20.917,1789107200.9170,6663,-164,-2.1,385,4.94
2026-09-11T11:43:20.920,1789107200.9200,6664,8,0.1,264,3.38
2026-09-11T11:43:20.920,1789107200.9210,6665,64,0.82,253,3.24
2026-09-11T11:43:20.930,1789107200.9302,6666,-213,-2.73,277,3.55
2026-09-11T11:43:20.933,1789107200.9334,6667,-156,-2.0,277,3.55
2026-09-11T11:43:20.940,1789107200.9404,6668,33,0.42,277,3.55
2026-09-11T11:43:20.942,1789107200.9426,6669,36,0.46,249,3.19
2026-09-11T11:43:20.949,1789107200.9496,6670,-204,-2.62,240,3.08
2026-09-11T11:43:20.958,1789107200.9588,6671,-131,-1.68,240,3.08
2026-09-11T11:43:20.959,1789107200.9598,6672,73,0.94,277,3.55
2026-09-11T11:43:20.965,1789107200.9660,6673,16,0.21,277,3.55
2026-09-11T11:43:20.970,1789107200.9710,6674,-228,-2.92,301,3.86
2026-09-11T11:43:20.972,1789107200.9722,6675,-99,-1.27,301,3.86
2026-09-11T11:43:20.981,1789107200.9812,6676,97,1.24,325,4.17
2026-09-11T11:43:20.985,1789107200.9854,6677,189,2.42,417,5.35
2026-09-11T11:43:20.987,1789107200.9874,6678,-232,-2.97,421,5.4
2026-09-11T11:43:20.993,1789107200.9935,6679,-99,-1.27,421,5.4
2026-09-11T11:43:20.996,1789107200.9965,6680,125,1.6,421,5.4
2026-09-11T11:43:21.007,1789107201.0072,6681,157,2.01,389,4.99
2026-09-11T11:43:21.011,1789107201.0112,6682,-240,-3.08,397,5.09
2026-09-11T11:43:21.012,1789107201.0122,6683,-91,-1.17,397,5.09
2026-09-11T11:43:21.016,1789107201.0162,6684,146,1.87,397,5.09
2026-09-11T11:43:21.022,1789107201.0225,6685,149,1.91,389,4.99
2026-09-11T11:43:21.024,1789107201.0245,6686,-79,-1.01,240,3.08
2026-09-11T11:43:21.030,1789107201.0306,6687,-82,-1.05,231,2.96
2026-09-11T11:43:21.035,1789107201.0358,6688,162,2.08,244,3.13
2026-09-11T11:43:21.041,1789107201.0414,6689,114,1.46,244,3.13
2026-09-11T11:43:21.046,1789107201.0465,6690,-119,-1.53,281,3.6
