iso_time,epoch_seconds,sample_index,q1_raw,q1_voltage_mv,q1_activity,q1_activity_mv
2026-09-11T11:31:34.119,1789106494.1195,1,307,3.94,574,7.36
2026-09-11T11:31:34.121,1789106494.1215,2,213,2.73,574,7.36
2026-09-11T11:31:34.127,1789106494.1277,3,-247,-3.17,554,7.1
2026-09-11T11:31:34.130,1789106494.1302,4,-14,-0.18,554,7.1
2026-09-11T11:31:34.136,1789106494.1362,5,306,3.92,553,7.09
2026-09-11T11:31:34.142,1789106494.1429,6,185,2.37,553,7.09
2026-09-11T11:31:34.145,1789106494.1459,7,-235,-3.01,541,6.94
2026-09-11T11:31:34.152,1789106494.1520,8,-6,-0.08,541,6.94
2026-09-11T11:31:34.183,1789106494.1836,9,314,4.03,549,7.04
2026-09-11T11:31:34.185,1789106494.1856,10,153,1.96,549,7.04
2026-09-11T11:31:34.190,1789106494.1906,11,-224,-2.87,538,6.9
2026-09-11T11:31:34.192,1789106494.1926,12,22,0.28,538,6.9
2026-09-11T11:31:34.199,1789106494.1996,13,322,4.13,546,7.0
2026-09-11T11:31:34.202,1789106494.2027,14,116,1.49,546,7.0
2026-09-11T11:31:34.205,1789106494.2057,15,-252,-3.23,574,7.36
2026-09-11T11:31:34.207,1789106494.2077,16,38,0.49,574,7.36
2026-09-11T11:31:34.210,1789106494.2107,17,290,3.72,542,6.95
2026-09-11T11:31:34.212,1789106494.2128,18,80,1.03,542,6.95
2026-09-11T11:31:34.217,1789106494.2178,19,-280,-3.59,570,7.31
2026-09-11T11:31:34.218,1789106494.2188,20,-163,-2.09,570,7.31
2026-09-11T11:31:34.223,1789106494.2230,21,286,3.67,566,7.26
2026-09-11T11:31:34.224,1789106494.2240,22,56,0.72,566,7.26
2026-09-11T11:31:34.230,1789106494.2300,23,-300,-3.85,586,7.51
2026-09-11T11:31:34.232,1789106494.2324,24,-151,-1.94,586,7.51
2026-09-11T11:31:34.235,1789106494.2354,25,269,3.45,569,7.29
2026-09-11T11:31:34.241,1789106494.2419,26,20,0.26,569,7.29
2026-09-11T11:31:34.246,1789106494.2469,27,-292,-3.74,561,7.19
2026-09-11T11:31:34.249,1789106494.2500,28,-127,-1.63,561,7.19
2026-09-11T11:31:34.262,1789106494.2623,29,162,2.08,454,5.82
2026-09-11T11:31:34.262,1789106494.2623,30,0,0.0,454,5.82
2026-09-11T11:31:34.267,1789106494.2673,31,-300,-3.85,462,5.92
2026-09-11T11:31:34.270,1789106494.2703,32,-110,-1.41,462,5.92
2026-09-11T11:31:34.281,1789106494.2811,33,202,2.59,502,6.44
2026-09-11T11:31:34.283,1789106494.2832,34,-56,-0.72,502,6.44
2026-09-11T11:31:34.290,1789106494.2902,35,-307,-3.94,509,6.53
2026-09-11T11:31:34.294,1789106494.2942,36,-90,-1.15,509,6.53
2026-09-11T11:31:34.297,1789106494.2972,37,218,2.79,525,6.73
2026-09-11T11:31:34.306,1789106494.3064,38,-104,-1.33,525,6.73
2026-09-11T11:31:34.314,1789106494.3146,39,-307,-3.94,525,6.73
2026-09-11T11:31:34.317,1789106494.3176,40,-82,-1.05,525,6.73
2026-09-11T11:31:34.321,1789106494.3217,41,250,3.21,557,7.14
2026-09-11T11:31:34.326,1789106494.3267,42,185,2.37,557,7.14
2026-09-11T11:31:34.329,1789106494.3291,43,-287,-3.68,537,6.88
2026-09-11T11:31:34.332,1789106494.3329,44,-54,-0.69,537,6.88
2026-09-11T11:31:34.343,1789106494.3431,45,263,3.37,550,7.05
2026-09-11T11:31:34.346,1789106494.3461,46,150,1.92,550,7.05
2026-09-11T11:31:34.349,1789106494.3491,47,-266,-3.41,529,6.78
2026-09-11T11:31:34.355,1789106494.3558,48,-45,-0.58,529,6.78
2026-09-11T11:31:34.361,1789106494.3618,49,275,3.53,541,6.94
2026-09-11T11:31:34.366,1789106494.3662,50,138,1.77,541,6.94
2026-09-11T11:31:34.373,1789106494.3735,51,-231,-2.96,506,6.49
2026-09-11T11:31:34.376,1789106494.3767,52,-21,-0.27,506,6.49
2026-09-11T11:31:34.377,1789106494.3773,53,271,3.47,502,6.44
2026-09-11T11:31:34.381,1789106494.3815,54,90,1.15,502,6.44
2026-09-11T11:31:34.384,1789106494.3848,55,-266,-3.41,537,6.88
2026-09-11T11:31:34.390,1789106494.3908,56,4,0.05,537,6.88
2026-09-11T11:31:34.397,1789106494.3970,57,268,3.44,534,6.85
2026-09-11T11:31:34.400,1789106494.4000,58,55,0.71,534,6.85
2026-09-11T11:31:34.415,1789106494.4152,59,-298,-3.82,566,7.26
2026-09-11T11:31:34.418,1789106494.4189,60,-216,-2.77,566,7.26
2026-09-11T11:31:34.421,1789106494.4219,61,256,3.28,554,7.1
2026-09-11T11:31:34.427,1789106494.4271,62,23,0.29,554,7.1
2026-09-11T11:31:34.429,1789106494.4291,63,-309,-3.96,565,7.24
2026-09-11T11:31:34.437,1789106494.4372,64,-195,-2.5,565,7.24
2026-09-11T11:31:34.440,1789106494.4402,65,241,3.09,550,7.05
2026-09-11T11:31:34.443,1789106494.4432,66,8,0.1,550,7.05
2026-09-11T11:31:34.452,1789106494.4522,67,-328,-4.21,569,7.29
2026-09-11T11:31:34.454,1789106494.4543,68,-167,-2.14,569,7.29
2026-09-11T11:31:34.464,1789106494.4645,69,126,1.62,454,5.82
2026-09-11T11:31:34.466,1789106494.4665,70,-27,-0.35,454,5.82
2026-09-11T11:31:34.468,1789106494.4685,71,-335,-4.29,461,5.91
2026-09-11T11:31:34.471,1789106494.4717,72,-150,-1.92,461,5.91
2026-09-11T11:31:34.480,1789106494.4803,73,155,1.99,490,6.28
2026-09-11T11:31:34.481,1789106494.4812,74,-55,-0.71,490,6.28
2026-09-11T11:31:34.489,1789106494.4894,75,-347,-4.45,502,6.44
2026-09-11T11:31:34.491,1789106494.4914,76,-129,-1.65,502,6.44
2026-09-11T11:31:34.499,1789106494.4994,77,187,2.4,534,6.85
2026-09-11T11:31:34.505,1789106494.5056,78,-118,-1.51,534,6.85
2026-09-11T11:31:34.510,1789106494.5106,79,-334,-4.28,521,6.68
2026-09-11T11:31:34.521,1789106494.5212,80,-112,-1.44,521,6.68
2026-09-11T11:31:34.526,1789106494.5263,81,220,2.82,554,7.1
2026-09-11T11:31:34.528,1789106494.5283,82,155,1.99,554,7.1
2026-09-11T11:31:34.529,1789106494.5293,83,-317,-4.06,537,6.88
2026-09-11T11:31:34.542,1789106494.5428,84,-96,-1.23,537,6.88
2026-09-11T11:31:34.547,1789106494.5478,85,233,2.99,550,7.05
2026-09-11T11:31:34.550,1789106494.5508,86,132,1.69,550,7.05
2026-09-11T11:31:34.551,1789106494.5518,87,-296,-3.79,529,6.78
2026-09-11T11:31:34.557,1789106494.5580,88,-67,-0.86,529,6.78
2026-09-11T11:31:34.569,1789106494.5693,89,238,3.05,534,6.85
2026-09-11T11:31:34.571,1789106494.5713,90,105,1.35,534,6.85
2026-09-11T11:31:34.574,1789106494.5746,91,-240,-3.08,478,6.13
2026-09-11T11:31:34.577,1789106494.5771,92,-58,-0.74,478,6.13
2026-09-11T11:31:34.579,1789106494.5791,93,263,3.37,503,6.45
2026-09-11T11:31:34.584,1789106494.5843,94,98,1.26,503,6.45
2026-09-11T11:31:34.586,1789106494.5863,95,-283,-3.63,546,7.0
2026-09-11T11:31:34.592,1789106494.5923,96,-9,-0.12,546,7.0
2026-09-11T11:31:34.595,1789106494.5953,97,275,3.53,558,7.15
2026-09-11T11:31:34.605,1789106494.6054,98,74,0.95,558,7.15
2026-09-11T11:31:34.612,1789106494.6126,99,-290,-3.72,565,7.24
2026-09-11T11:31:34.615,1789106494.6156,100,-217,-2.78,565,7.24
2026-09-11T11:31:34.622,1789106494.6227,101,280,3.59,570,7.31
2026-09-11T11:31:34.626,1789106494.6267,102,55,0.71,570,7.31
2026-09-11T11:31:34.630,1789106494.6307,103,-298,-3.82,578,7.41
2026-09-11T11:31:34.634,1789106494.6347,104,-180,-2.31,578,7.41
2026-09-11T11:31:34.638,1789106494.6387,105,252,3.23,550,7.05
2026-09-11T11:31:34.644,1789106494.6447,106,31,0.4,550,7.05
2026-09-11T11:31:34.648,1789106494.6487,107,-297,-3.81,549,7.04
2026-09-11T11:31:34.653,1789106494.6537,108,-160,-2.05,549,7.04
2026-09-11T11:31:34.659,1789106494.6597,109,133,1.71,430,5.51
2026-09-11T11:31:34.665,1789106494.6657,110,-1,-0.01,430,5.51
2026-09-11T11:31:34.667,1789106494.6677,111,-309,-3.96,442,5.67
2026-09-11T11:31:34.675,1789106494.6754,112,-132,-1.69,442,5.67
2026-09-11T11:31:34.677,1789106494.6780,113,157,2.01,466,5.97
2026-09-11T11:31:34.684,1789106494.6850,114,-33,-0.42,466,5.97
2026-09-11T11:31:34.687,1789106494.6880,115,-312,-4.0,469,6.01
2026-09-11T11:31:34.693,1789106494.6940,116,-111,-1.42,469,6.01
2026-09-11T11:31:34.700,1789106494.7010,117,201,2.58,513,6.58
2026-09-11T11:31:34.706,1789106494.7064,118,-68,-0.87,513,6.58
2026-09-11T11:31:34.714,1789106494.7146,119,-316,-4.05,517,6.63
2026-09-11T11:31:34.725,1789106494.7257,120,-91,-1.17,517,6.63
2026-09-11T11:31:34.727,1789106494.7277,121,233,2.99,549,7.04
2026-09-11T11:31:34.732,1789106494.7329,122,201,2.58,549,7.04
2026-09-11T11:31:34.735,1789106494.7359,123,-300,-3.85,533,6.83
2026-09-11T11:31:34.738,1789106494.7389,124,-59,-0.76,533,6.83
2026-09-11T11:31:34.744,1789106494.7450,125,250,3.21,550,7.05
2026-09-11T11:31:34.749,1789106494.7490,126,181,2.32,550,7.05
2026-09-11T11:31:34.752,1789106494.7530,127,-292,-3.74,542,6.95
2026-09-11T11:31:34.758,1789106494.7580,128,-58,-0.74,542,6.95
2026-09-11T11:31:34.767,1789106494.7673,129,266,3.41,558,7.15
2026-09-11T11:31:34.771,1789106494.7712,130,149,1.91,558,7.15
2026-09-11T11:31:34.772,1789106494.7723,131,-204,-2.62,470,6.03
2026-09-11T11:31:34.775,1789106494.7751,132,-22,-0.28,470,6.03
2026-09-11T11:31:34.775,1789106494.7757,133,274,3.51,478,6.13
2026-09-11T11:31:34.781,1789106494.7812,134,125,1.6,478,6.13
2026-09-11T11:31:34.798,1789106494.7983,135,-239,-3.06,513,6.58
2026-09-11T11:31:34.802,1789106494.8023,136,-10,-0.13,513,6.58
2026-09-11T11:31:34.811,1789106494.8118,137,279,3.58,518,6.64
2026-09-11T11:31:34.814,1789106494.8148,138,89,1.14,518,6.64
2026-09-11T11:31:34.832,1789106494.8320,139,-267,-3.42,546,7.0
2026-09-11T11:31:34.836,1789106494.8360,140,-226,-2.9,546,7.0
2026-09-11T11:31:34.841,1789106494.8410,141,275,3.53,542,6.95
2026-09-11T11:31:34.846,1789106494.8460,142,82,1.05,542,6.95
2026-09-11T11:31:34.847,1789106494.8470,143,-294,-3.77,569,7.29
2026-09-11T11:31:34.849,1789106494.8490,144,-201,-2.58,569,7.29
2026-09-11T11:31:34.854,1789106494.8542,145,275,3.53,569,7.29
2026-09-11T11:31:34.855,1789106494.8552,146,54,0.69,569,7.29
2026-09-11T11:31:34.862,1789106494.8624,147,-302,-3.87,577,7.4
2026-09-11T11:31:34.865,1789106494.8654,148,-169,-2.17,577,7.4
2026-09-11T11:31:34.868,1789106494.8684,149,116,1.49,418,5.36
2026-09-11T11:31:34.869,1789106494.8694,150,10,0.13,418,5.36
2026-09-11T11:31:34.872,1789106494.8726,151,-298,-3.82,414,5.31
2026-09-11T11:31:34.874,1789106494.8746,152,-133,-1.71,414,5.31
2026-09-11T11:31:34.878,1789106494.8786,153,148,1.9,446,5.72
2026-09-11T11:31:34.880,1789106494.8806,154,-18,-0.23,446,5.72
2026-09-11T11:31:34.888,1789106494.8887,155,-306,-3.92,454,5.82
2026-09-11T11:31:34.895,1789106494.8959,156,-128,-1.64,454,5.82
2026-09-11T11:31:34.898,1789106494.8989,157,188,2.41,494,6.33
2026-09-11T11:31:34.905,1789106494.9053,158,-37,-0.47,494,6.33
2026-09-11T11:31:34.914,1789106494.9144,159,-305,-3.91,493,6.32
2026-09-11T11:31:34.918,1789106494.9184,160,-84,-1.08,493,6.32
2026-09-11T11:31:34.919,1789106494.9194,161,220,2.82,525,6.73
2026-09-11T11:31:34.928,1789106494.9285,162,207,2.65,525,6.73
2026-09-11T11:31:34.930,1789106494.9305,163,-305,-3.91,525,6.73
2026-09-11T11:31:34.934,1789106494.9347,164,-88,-1.13,525,6.73
2026-09-11T11:31:34.940,1789106494.9407,165,252,3.23,557,7.14
2026-09-11T11:31:34.943,1789106494.9439,166,195,2.5,557,7.14
2026-09-11T11:31:34.947,1789106494.9479,167,-297,-3.81,549,7.04
2026-09-11T11:31:34.957,1789106494.9571,168,-60,-0.77,549,7.04
2026-09-11T11:31:34.960,1789106494.9601,169,273,3.5,570,7.31
2026-09-11T11:31:34.963,1789106494.9633,170,168,2.15,570,7.31
2026-09-11T11:31:34.977,1789106494.9776,171,-181,-2.32,454,5.82
2026-09-11T11:31:34.981,1789106494.9810,172,-31,-0.4,454,5.82
2026-09-11T11:31:34.986,1789106494.9860,173,281,3.6,462,5.92
2026-09-11T11:31:34.989,1789106494.9890,174,152,1.95,462,5.92
2026-09-11T11:31:34.991,1789106494.9910,175,-225,-2.88,506,6.49
2026-09-11T11:31:34.996,1789106494.9960,176,-11,-0.14,506,6.49
2026-09-11T11:31:35.000,1789106495.0000,177,313,4.01,538,6.9
2026-09-11T11:31:35.005,1789106495.0050,178,168,2.15,538,6.9
2026-09-11T11:31:35.014,1789106495.0142,179,-509,-6.53,822,10.54
2026-09-11T11:31:35.016,1789106495.0162,180,-451,-5.78,822,10.54
2026-09-11T11:31:35.021,1789106495.0212,181,942,12.08,1451,18.6
2026-09-11T11:31:35.027,1789106495.0274,182,442,5.67,1451,18.6
2026-09-11T11:31:35.029,1789106495.0294,183,-575,-7.37,1517,19.45
2026-09-11T11:31:35.032,1789106495.0326,184,-453,-5.81,1517,19.45
2026-09-11T11:31:35.038,1789106495.0386,185,908,11.64,1483,19.01
2026-09-11T11:31:35.040,1789106495.0406,186,316,4.05,1483,19.01
2026-09-11T11:31:35.050,1789106495.0510,187,-653,-8.37,1561,20.01
2026-09-11T11:31:35.052,1789106495.0530,188,-394,-5.05,1561,20.01
2026-09-11T11:31:35.062,1789106495.0630,189,327,4.19,980,12.56
2026-09-11T11:31:35.063,1789106495.0640,190,231,2.96,980,12.56
2026-09-11T11:31:35.072,1789106495.0720,191,-702,-9.0,1029,13.19
2026-09-11T11:31:35.073,1789106495.0740,192,-352,-4.51,1029,13.19
2026-09-11T11:31:35.080,1789106495.0802,193,422,5.41,1124,14.41
2026-09-11T11:31:35.083,1789106495.0833,194,157,2.01,1124,14.41
2026-09-11T11:31:35.087,1789106495.0873,195,-724,-9.28,1146,14.69
2026-09-11T11:31:35.093,1789106495.0933,196,-301,-3.86,1146,14.69
2026-09-11T11:31:35.096,1789106495.0963,197,508,6.51,1232,15.79
2026-09-11T11:31:35.104,1789106495.1047,198,771,9.88,1495,19.17
2026-09-11T11:31:35.113,1789106495.1139,199,-785,-10.06,1556,19.95
2026-09-11T11:31:35.117,1789106495.1179,200,-254,-3.26,1556,19.95
2026-09-11T11:31:35.122,1789106495.1220,201,615,7.88,1556,19.95
2026-09-11T11:31:35.125,1789106495.1250,202,701,8.99,1486,19.05
2026-09-11T11:31:35.126,1789106495.1260,203,-785,-10.06,1486,19.05
2026-09-11T11:31:35.132,1789106495.1322,204,-202,-2.59,1486,19.05
2026-09-11T11:31:35.135,1789106495.1352,205,690,8.85,1486,19.05
2026-09-11T11:31:35.146,1789106495.1467,206,640,8.21,1475,18.91
2026-09-11T11:31:35.149,1789106495.1493,207,-782,-10.03,1472,18.87
2026-09-11T11:31:35.155,1789106495.1555,208,-135,-1.73,1472,18.87
2026-09-11T11:31:35.165,1789106495.1651,209,774,9.92,1556,19.95
2026-09-11T11:31:35.166,1789106495.1667,210,575,7.37,1556,19.95
2026-09-11T11:31:35.172,1789106495.1723,211,-376,-4.82,1150,14.74
2026-09-11T11:31:35.178,1789106495.1783,212,-103,-1.32,1150,14.74
2026-09-11T11:31:35.182,1789106495.1829,213,793,10.17,1169,14.99
2026-09-11T11:31:35.184,1789106495.1849,214,506,6.49,1169,14.99
2026-09-11T11:31:35.189,1789106495.1898,215,-500,-6.41,1293,16.58
2026-09-11T11:31:35.194,1789106495.1950,216,-63,-0.81,1293,16.58
2026-09-11T11:31:35.200,1789106495.2010,217,817,10.47,1317,16.88
2026-09-11T11:31:35.204,1789106495.2041,218,430,5.51,1317,16.88
2026-09-11T11:31:35.213,1789106495.2133,219,-524,-6.72,1341,17.19
2026-09-11T11:31:35.217,1789106495.2173,220,-470,-6.03,1341,17.19
2026-09-11T11:31:35.218,1789106495.2183,221,404,5.18,954,12.23
2026-09-11T11:31:35.222,1789106495.2225,222,174,2.23,928,11.9
2026-09-11T11:31:35.231,1789106495.2316,223,-78,-1.0,874,11.21
2026-09-11T11:31:35.233,1789106495.2336,224,-42,-0.54,482,6.18
2026-09-11T11:31:35.241,1789106495.2419,225,374,4.79,452,5.79
2026-09-11T11:31:35.245,1789106495.2459,226,184,2.36,452,5.79
2026-09-11T11:31:35.246,1789106495.2469,227,-161,-2.06,535,6.86
2026-09-11T11:31:35.254,1789106495.2542,228,-88,-1.13,535,6.86
2026-09-11T11:31:35.263,1789106495.2633,229,156,2.0,345,4.42
2026-09-11T11:31:35.266,1789106495.2663,230,122,1.56,317,4.06
2026-09-11T11:31:35.267,1789106495.2673,231,-238,-3.05,394,5.05
2026-09-11T11:31:35.277,1789106495.2775,232,-121,-1.55,394,5.05
2026-09-11T11:31:35.280,1789106495.2806,233,175,2.24,413,5.29
2026-09-11T11:31:35.282,1789106495.2828,234,49,0.63,413,5.29
2026-09-11T11:31:35.291,1789106495.2920,235,-287,-3.68,462,5.92
2026-09-11T11:31:35.292,1789106495.2930,236,-114,-1.46,462,5.92
2026-09-11T11:31:35.297,1789106495.2980,237,183,2.35,470,6.03
2026-09-11T11:31:35.300,1789106495.3010,238,258,3.31,545,6.99
2026-09-11T11:31:35.312,1789106495.3123,239,-315,-4.04,573,7.35
2026-09-11T11:31:35.312,1789106495.3123,240,-114,-1.46,573,7.35
2026-09-11T11:31:35.324,1789106495.3245,241,199,2.55,573,7.35
2026-09-11T11:31:35.326,1789106495.3265,242,226,2.9,541,6.94
2026-09-11T11:31:35.330,1789106495.3305,243,-323,-4.14,549,7.04
2026-09-11T11:31:35.334,1789106495.3345,244,-101,-1.29,549,7.04
2026-09-11T11:31:35.339,1789106495.3395,245,223,2.86,549,7.04
2026-09-11T11:31:35.344,1789106495.3445,246,198,2.54,546,7.0
2026-09-11T11:31:35.346,1789106495.3465,247,-326,-4.18,549,7.04
2026-09-11T11:31:35.353,1789106495.3535,248,-97,-1.24,549,7.04
2026-09-11T11:31:35.363,1789106495.3637,249,247,3.17,573,7.35
2026-09-11T11:31:35.367,1789106495.3677,250,174,2.23,573,7.35
2026-09-11T11:31:35.369,1789106495.3697,251,-170,-2.18,417,5.35
2026-09-11T11:31:35.371,1789106495.3717,252,-72,-0.92,417,5.35
2026-09-11T11:31:35.379,1789106495.3798,253,244,3.13,414,5.31
2026-09-11T11:31:35.380,1789106495.3808,254,139,1.78,414,5.31
2026-09-11T11:31:35.388,1789106495.3888,255,-230,-2.95,474,6.08
2026-09-11T11:31:35.390,1789106495.3908,256,-64,-0.82,474,6.08
2026-09-11T11:31:35.398,1789106495.3988,257,261,3.35,491,6.29
2026-09-11T11:31:35.404,1789106495.4050,258,116,1.49,491,6.29
2026-09-11T11:31:35.413,1789106495.4132,259,-269,-3.45,530,6.79
2026-09-11T11:31:35.417,1789106495.4172,260,-280,-3.59,541,6.94
2026-09-11T11:31:35.418,1789106495.4182,261,262,3.36,542,6.95
2026-09-11T11:31:35.428,1789106495.4283,262,77,0.99,542,6.95
2026-09-11T11:31:35.431,1789106495.4313,263,-292,-3.74,554,7.1
2026-09-11T11:31:35.434,1789106495.4344,264,-263,-3.37,554,7.1
2026-09-11T11:31:35.435,1789106495.4354,265,258,3.31,550,7.05
2026-09-11T11:31:35.443,1789106495.4434,266,49,0.63,550,7.05
2026-09-11T11:31:35.449,1789106495.4494,267,-327,-4.19,585,7.5
2026-09-11T11:31:35.453,1789106495.4535,268,-233,-2.99,585,7.5
2026-09-11T11:31:35.462,1789106495.4627,269,15,0.19,376,4.82
2026-09-11T11:31:35.463,1789106495.4638,270,22,0.28,349,4.47
2026-09-11T11:31:35.475,1789106495.4751,271,-326,-4.18,348,4.46
2026-09-11T11:31:35.479,1789106495.4796,272,-220,-2.82,348,4.46
2026-09-11T11:31:35.481,1789106495.4816,273,72,0.92,398,5.1
2026-09-11T11:31:35.482,1789106495.4828,274,-1,-0.01,398,5.1
2026-09-11T11:31:35.486,1789106495.4868,275,-341,-4.37,413,5.29
2026-09-11T11:31:35.495,1789106495.4951,276,-191,-2.45,413,5.29
2026-09-11T11:31:35.500,1789106495.5001,277,117,1.5,458,5.87
2026-09-11T11:31:35.505,1789106495.5054,278,217,2.78,558,7.15
2026-09-11T11:31:35.514,1789106495.5145,279,-348,-4.46,565,7.24
2026-09-11T11:31:35.515,1789106495.5155,280,-147,-1.88,565,7.24
2026-09-11T11:31:35.520,1789106495.5205,281,146,1.87,565,7.24
2026-09-11T11:31:35.521,1789106495.5217,282,217,2.78,565,7.24
2026-09-11T11:31:35.529,1789106495.5297,283,-355,-4.55,572,7.33
2026-09-11T11:31:35.531,1789106495.5318,284,-130,-1.67,572,7.33
2026-09-11T11:31:35.539,1789106495.5398,285,183,2.35,572,7.33
2026-09-11T11:31:35.540,1789106495.5408,286,190,2.44,545,6.99
2026-09-11T11:31:35.548,1789106495.5489,287,-338,-4.33,528,6.77
2026-09-11T11:31:35.556,1789106495.5562,288,-121,-1.55,528,6.77
2026-09-11T11:31:35.559,1789106495.5594,289,200,2.56,538,6.9
2026-09-11T11:31:35.565,1789106495.5651,290,155,1.99,538,6.9
2026-09-11T11:31:35.576,1789106495.5764,291,-154,-1.97,354,4.54
2026-09-11T11:31:35.577,1789106495.5774,292,-100,-1.28,354,4.54
2026-09-11T11:31:35.579,1789106495.5799,293,240,3.08,394,5.05
2026-09-11T11:31:35.584,1789106495.5841,294,135,1.73,394,5.05
2026-09-11T11:31:35.587,1789106495.5871,295,-221,-2.83,461,5.91
2026-09-11T11:31:35.593,1789106495.5931,296,-79,-1.01,461,5.91
2026-09-11T11:31:35.600,1789106495.6001,297,237,3.04,458,5.87
2026-09-11T11:31:35.602,1789106495.6021,298,108,1.38,458,5.87
2026-09-11T11:31:35.612,1789106495.6124,299,-252,-3.23,489,6.27
2026-09-11T11:31:35.612,1789106495.6124,300,-295,-3.78,532,6.82
2026-09-11T11:31:35.621,1789106495.6214,301,270,3.46,565,7.24
2026-09-11T11:31:35.624,1789106495.6246,302,93,1.19,565,7.24
2026-09-11T11:31:35.630,1789106495.6306,303,-287,-3.68,565,7.24
2026-09-11T11:31:35.631,1789106495.6318,304,-270,-3.46,557,7.14
2026-09-11T11:31:35.639,1789106495.6398,305,255,3.27,542,6.95
2026-09-11T11:31:35.646,1789106495.6470,306,66,0.85,542,6.95
2026-09-11T11:31:35.652,1789106495.6521,307,-306,-3.92,561,7.19
2026-09-11T11:31:35.656,1789106495.6562,308,-225,-2.88,561,7.19
2026-09-11T11:31:35.665,1789106495.6653,309,32,0.41,372,4.77
2026-09-11T11:31:35.670,1789106495.6705,310,47,0.6,353,4.53
2026-09-11T11:31:35.672,1789106495.6727,311,-313,-4.01,360,4.62
2026-09-11T11:31:35.675,1789106495.6757,312,-208,-2.67,360,4.62
2026-09-11T11:31:35.677,1789106495.6777,313,57,0.73,370,4.74
2026-09-11T11:31:35.682,1789106495.6824,314,28,0.36,370,4.74
2026-09-11T11:31:35.688,1789106495.6884,315,-345,-4.42,402,5.15
2026-09-11T11:31:35.691,1789106495.6914,316,-171,-2.19,402,5.15
2026-09-11T11:31:35.700,1789106495.7004,317,101,1.29,446,5.72
2026-09-11T11:31:35.705,1789106495.7057,318,249,3.19,594,7.62
2026-09-11T11:31:35.712,1789106495.7128,319,-348,-4.46,597,7.65
2026-09-11T11:31:35.714,1789106495.7148,320,-151,-1.94,597,7.65
2026-09-11T11:31:35.720,1789106495.7208,321,138,1.77,597,7.65
2026-09-11T11:31:35.722,1789106495.7230,322,229,2.94,577,7.4
2026-09-11T11:31:35.730,1789106495.7310,323,-339,-4.35,568,7.28
2026-09-11T11:31:35.735,1789106495.7359,324,-134,-1.72,568,7.28
2026-09-11T11:31:35.737,1789106495.7379,325,195,2.5,568,7.28
2026-09-11T11:31:35.748,1789106495.7489,326,202,2.59,541,6.94
2026-09-11T11:31:35.750,1789106495.7509,327,-343,-4.4,545,6.99
2026-09-11T11:31:35.753,1789106495.7530,328,-105,-1.35,545,6.99
2026-09-11T11:31:35.763,1789106495.7632,329,223,2.86,566,7.26
2026-09-11T11:31:35.764,1789106495.7642,330,190,2.44,566,7.26
2026-09-11T11:31:35.769,1789106495.7692,331,-123,-1.58,346,4.44
2026-09-11T11:31:35.772,1789106495.7724,332,-93,-1.19,346,4.44
2026-09-11T11:31:35.777,1789106495.7774,333,240,3.08,363,4.65
2026-09-11T11:31:35.780,1789106495.7809,334,159,2.04,363,4.65
2026-09-11T11:31:35.792,1789106495.7921,335,-166,-2.13,406,5.21
2026-09-11T11:31:35.796,1789106495.7961,336,-72,-0.92,406,5.21
2026-09-11T11:31:35.802,1789106495.8021,337,264,3.38,430,5.51
2026-09-11T11:31:35.803,1789106495.8033,338,135,1.73,430,5.51
2026-09-11T11:31:35.817,1789106495.8174,339,-229,-2.94,493,6.32
2026-09-11T11:31:35.820,1789106495.8204,340,-297,-3.81,561,7.19
2026-09-11T11:31:35.824,1789106495.8246,341,273,3.5,570,7.31
2026-09-11T11:31:35.827,1789106495.8276,342,96,1.23,570,7.31
2026-09-11T11:31:35.832,1789106495.8328,343,-253,-3.24,570,7.31
2026-09-11T11:31:35.833,1789106495.8338,344,-260,-3.33,533,6.83
2026-09-11T11:31:35.839,1789106495.8398,345,282,3.62,542,6.95
2026-09-11T11:31:35.840,1789106495.8408,346,76,0.97,542,6.95
2026-09-11T11:31:35.848,1789106495.8489,347,-276,-3.54,558,7.15
2026-09-11T11:31:35.855,1789106495.8551,348,-243,-3.12,558,7.15
2026-09-11T11:31:35.860,1789106495.8601,349,14,0.18,352,4.51
2026-09-11T11:31:35.867,1789106495.8673,350,73,0.94,349,4.47
2026-09-11T11:31:35.871,1789106495.8713,351,-287,-3.68,360,4.62
2026-09-11T11:31:35.876,1789106495.8764,352,-214,-2.74,360,4.62
2026-09-11T11:31:35.877,1789106495.8774,353,43,0.55,360,4.62
2026-09-11T11:31:35.885,1789106495.8858,354,42,0.54,330,4.23
2026-09-11T11:31:35.887,1789106495.8878,355,-331,-4.24,374,4.79
2026-09-11T11:31:35.897,1789106495.8980,356,-185,-2.37,374,4.79
2026-09-11T11:31:35.899,1789106495.9000,357,99,1.27,430,5.51
2026-09-11T11:31:35.903,1789106495.9033,358,251,3.22,582,7.46
2026-09-11T11:31:35.913,1789106495.9135,359,-338,-4.33,589,7.55
2026-09-11T11:31:35.917,1789106495.9175,360,-161,-2.06,589,7.55
2026-09-11T11:31:35.919,1789106495.9195,361,136,1.74,589,7.55
2026-09-11T11:31:35.921,1789106495.9216,362,235,3.01,573,7.35
2026-09-11T11:31:35.926,1789106495.9266,363,-317,-4.06,552,7.08
2026-09-11T11:31:35.930,1789106495.9306,364,-132,-1.69,552,7.08
2026-09-11T11:31:35.942,1789106495.9421,365,184,2.36,552,7.08
2026-09-11T11:31:35.946,1789106495.9461,366,228,2.92,545,6.99
2026-09-11T11:31:35.950,1789106495.9509,367,-329,-4.22,557,7.14
2026-09-11T11:31:35.955,1789106495.9558,368,-120,-1.54,557,7.14
2026-09-11T11:31:35.965,1789106495.9651,369,209,2.68,557,7.14
2026-09-11T11:31:35.967,1789106495.9671,370,200,2.56,538,6.9
2026-09-11T11:31:35.972,1789106495.9723,371,-105,-1.35,329,4.22
2026-09-11T11:31:35.975,1789106495.9753,372,-99,-1.27,314,4.03
2026-09-11T11:31:35.980,1789106495.9808,373,225,2.88,330,4.23
2026-09-11T11:31:35.983,1789106495.9830,374,180,2.31,330,4.23
2026-09-11T11:31:35.989,1789106495.9890,375,-144,-1.85,369,4.73
2026-09-11T11:31:35.992,1789106495.9920,376,-87,-1.12,369,4.73
2026-09-11T11:31:35.998,1789106495.9980,377,254,3.26,398,5.1
2026-09-11T11:31:36.004,1789106496.0043,378,165,2.12,398,5.1
2026-09-11T11:31:36.011,1789106496.0113,379,-204,-2.62,458,5.87
2026-09-11T11:31:36.016,1789106496.0164,380,-299,-3.83,553,7.09
2026-09-11T11:31:36.021,1789106496.0214,381,270,3.46,569,7.29
2026-09-11T11:31:36.022,1789106496.0226,382,133,1.71,569,7.29
2026-09-11T11:31:36.029,1789106496.0296,383,-243,-3.12,569,7.29
2026-09-11T11:31:36.035,1789106496.0358,384,-274,-3.51,544,6.97
2026-09-11T11:31:36.036,1789106496.0368,385,267,3.42,541,6.94
2026-09-11T11:31:36.044,1789106496.0450,386,102,1.31,541,6.94
2026-09-11T11:31:36.047,1789106496.0480,387,-270,-3.46,541,6.94
2026-09-11T11:31:36.058,1789106496.0582,388,-249,-3.19,537,6.88
2026-09-11T11:31:36.064,1789106496.0643,389,4,0.05,372,4.77
2026-09-11T11:31:36.065,1789106496.0654,390,74,0.95,344,4.41
2026-09-11T11:31:36.071,1789106496.0714,391,-282,-3.62,356,4.56
2026-09-11T11:31:36.073,1789106496.0735,392,-225,-2.88,356,4.56
2026-09-11T11:31:36.079,1789106496.0795,393,32,0.41,356,4.56
2026-09-11T11:31:36.082,1789106496.0829,394,43,0.55,325,4.17
2026-09-11T11:31:36.088,1789106496.0889,395,-313,-4.01,356,4.56
2026-09-11T11:31:36.092,1789106496.0920,396,-196,-2.51,356,4.56
2026-09-11T11:31:36.095,1789106496.0960,397,85,1.09,398,5.1
2026-09-11T11:31:36.108,1789106496.1082,398,276,3.54,589,7.55
2026-09-11T11:31:36.119,1789106496.1194,399,-313,-4.01,589,7.55
2026-09-11T11:31:36.120,1789106496.1204,400,-160,-2.05,589,7.55
2026-09-11T11:31:36.122,1789106496.1225,401,141,1.81,589,7.55
2026-09-11T11:31:36.128,1789106496.1285,402,272,3.49,585,7.5
2026-09-11T11:31:36.133,1789106496.1338,403,-609,-7.81,881,11.29
2026-09-11T11:31:36.136,1789106496.1368,404,-350,-4.49,881,11.29
2026-09-11T11:31:36.138,1789106496.1388,405,543,6.96,1152,14.77
2026-09-11T11:31:36.144,1789106496.1450,406,873,11.19,1482,19.0
2026-09-11T11:31:36.152,1789106496.1522,407,-1114,-14.28,1987,25.47
2026-09-11T11:31:36.154,1789106496.1542,408,-414,-5.31,1987,25.47
2026-09-11T11:31:36.162,1789106496.1624,409,760,9.74,1987,25.47
2026-09-11T11:31:36.164,1789106496.1644,410,885,11.35,1999,25.63
2026-09-11T11:31:36.171,1789106496.1716,411,-187,-2.4,1299,16.65
2026-09-11T11:31:36.173,1789106496.1736,412,-353,-4.53,1238,15.87
2026-09-11T11:31:36.180,1789106496.1807,413,868,11.13,1238,15.87
2026-09-11T11:31:36.182,1789106496.1828,414,825,10.58,1221,15.65
2026-09-11T11:31:36.190,1789106496.1908,415,-375,-4.81,1243,15.94
2026-09-11T11:31:36.192,1789106496.1930,416,-281,-3.6,1243,15.94
2026-09-11T11:31:36.198,1789106496.1990,417,944,12.1,1319,16.91
2026-09-11T11:31:36.200,1789106496.2010,418,729,9.35,1319,16.91
2026-09-11T11:31:36.212,1789106496.2122,419,-554,-7.1,1498,19.21
2026-09-11T11:31:36.220,1789106496.2202,420,-1096,-14.05,2040,26.15
2026-09-11T11:31:36.224,1789106496.2244,421,1013,12.99,2109,27.04
2026-09-11T11:31:36.227,1789106496.2274,422,653,8.37,2109,27.04
2026-09-11T11:31:36.229,1789106496.2294,423,-737,-9.45,2109,27.04
2026-09-11T11:31:36.232,1789106496.2326,424,-1026,-13.15,2039,26.14
2026-09-11T11:31:36.239,1789106496.2396,425,1066,13.67,2092,26.82
2026-09-11T11:31:36.242,1789106496.2429,426,566,7.26,2092,26.82
2026-09-11T11:31:36.249,1789106496.2499,427,-852,-10.92,2092,26.82
2026-09-11T11:31:36.250,1789106496.2509,428,-941,-12.06,2007,25.73
2026-09-11T11:31:36.267,1789106496.2673,429,-57,-0.73,1507,19.32
2026-09-11T11:31:36.270,1789106496.2703,430,491,6.29,1432,18.36
2026-09-11T11:31:36.273,1789106496.2734,431,-943,-12.09,1434,18.38
2026-09-11T11:31:36.278,1789106496.2784,432,-828,-10.62,1434,18.38
2026-09-11T11:31:36.283,1789106496.2831,433,104,1.33,1434,18.38
2026-09-11T11:31:36.284,1789106496.2841,434,407,5.22,1350,17.31
2026-09-11T11:31:36.290,1789106496.2901,435,-1011,-12.96,1418,18.18
2026-09-11T11:31:36.295,1789106496.2951,436,-699,-8.96,1418,18.18
2026-09-11T11:31:36.298,1789106496.2981,437,268,3.44,1418,18.18
2026-09-11T11:31:36.307,1789106496.3073,438,1147,14.71,2158,27.67
2026-09-11T11:31:36.316,1789106496.3164,439,-1043,-13.37,2190,28.08
2026-09-11T11:31:36.317,1789106496.3174,440,-587,-7.53,2190,28.08
2026-09-11T11:31:36.320,1789106496.3204,441,467,5.99,2190,28.08
2026-09-11T11:31:36.323,1789106496.3235,442,1086,13.92,2129,27.29
2026-09-11T11:31:36.329,1789106496.3295,443,-1039,-13.32,2125,27.24
2026-09-11T11:31:36.332,1789106496.3327,444,-483,-6.19,2125,27.24
2026-09-11T11:31:36.340,1789106496.3407,445,595,7.63,2125,27.24
2026-09-11T11:31:36.342,1789106496.3429,446,948,12.15,1987,25.47
2026-09-11T11:31:36.351,1789106496.3515,447,-912,-11.69,1860,23.85
2026-09-11T11:31:36.353,1789106496.3536,448,-264,-3.38,1860,23.85
2026-09-11T11:31:36.362,1789106496.3629,449,465,5.96,1860,23.85
2026-09-11T11:31:36.366,1789106496.3669,450,407,5.22,1377,17.65
2026-09-11T11:31:36.371,1789106496.3715,451,-70,-0.9,729,9.35
2026-09-11T11:31:36.373,1789106496.3736,452,-113,-1.45,578,7.41
2026-09-11T11:31:36.377,1789106496.3779,453,248,3.18,520,6.67
2026-09-11T11:31:36.386,1789106496.3864,454,239,3.06,361,4.63
2026-09-11T11:31:36.389,1789106496.3894,455,-90,-1.15,361,4.63
2026-09-11T11:31:36.394,1789106496.3944,456,-61,-0.78,338,4.33
2026-09-11T11:31:36.400,1789106496.4004,457,288,3.69,378,4.85
2026-09-11T11:31:36.402,1789106496.4025,458,227,2.91,378,4.85
2026-09-11T11:31:36.414,1789106496.4140,459,-150,-1.92,438,5.62
2026-09-11T11:31:36.414,1789106496.4140,460,-290,-3.72,578,7.41
2026-09-11T11:31:36.418,1789106496.4180,461,300,3.85,590,7.56
2026-09-11T11:31:36.421,1789106496.4213,462,186,2.38,590,7.56
2026-09-11T11:31:36.431,1789106496.4313,463,-178,-2.28,590,7.56
2026-09-11T11:31:36.436,1789106496.4365,464,-270,-3.46,570,7.31
2026-09-11T11:31:36.437,1789106496.4375,465,315,4.04,585,7.5
2026-09-11T11:31:36.444,1789106496.4443,466,158,2.03,585,7.5
2026-09-11T11:31:36.447,1789106496.4473,467,-206,-2.64,585,7.5
2026-09-11T11:31:36.456,1789106496.4565,468,-226,-2.9,541,6.94
2026-09-11T11:31:36.464,1789106496.4646,469,11,0.14,384,4.92
2026-09-11T11:31:36.465,1789106496.4657,470,130,1.67,356,4.56
2026-09-11T11:31:36.468,1789106496.4687,471,-243,-3.12,373,4.78
2026-09-11T11:31:36.473,1789106496.4738,472,-210,-2.69,373,4.78
2026-09-11T11:31:36.475,1789106496.4758,473,23,0.29,373,4.78
2026-09-11T11:31:36.485,1789106496.4856,474,98,1.26,341,4.37
2026-09-11T11:31:36.490,1789106496.4909,475,-278,-3.56,376,4.82
2026-09-11T11:31:36.494,1789106496.4949,476,-181,-2.32,376,4.82
2026-09-11T11:31:36.497,1789106496.4979,477,55,0.71,376,4.82
2026-09-11T11:31:36.504,1789106496.5042,478,295,3.78,573,7.35
2026-09-11T11:31:36.512,1789106496.5123,479,-298,-3.82,593,7.6
2026-09-11T11:31:36.514,1789106496.5143,480,-177,-2.27,593,7.6
2026-09-11T11:31:36.521,1789106496.5213,481,112,1.44,593,7.6
2026-09-11T11:31:36.523,1789106496.5235,482,283,3.63,581,7.45
2026-09-11T11:31:36.532,1789106496.5327,483,-306,-3.92,589,7.55
2026-09-11T11:31:36.533,1789106496.5338,484,-153,-1.96,589,7.55
2026-09-11T11:31:36.538,1789106496.5388,485,132,1.69,589,7.55
2026-09-11T11:31:36.544,1789106496.5450,486,255,3.27,561,7.19
2026-09-11T11:31:36.546,1789106496.5470,487,-326,-4.18,581,7.45
2026-09-11T11:31:36.553,1789106496.5533,488,-137,-1.76,581,7.45
2026-09-11T11:31:36.562,1789106496.5624,489,176,2.26,581,7.45
2026-09-11T11:31:36.563,1789106496.5634,490,227,2.91,553,7.09
2026-09-11T11:31:36.569,1789106496.5694,491,-38,-0.49,364,4.67
2026-09-11T11:31:36.579,1789106496.5798,492,-116,-1.49,343,4.4
2026-09-11T11:31:36.583,1789106496.5834,493,200,2.56,343,4.4
2026-09-11T11:31:36.585,1789106496.5854,494,212,2.72,328,4.21
2026-09-11T11:31:36.592,1789106496.5924,495,-101,-1.29,328,4.21
2026-09-11T11:31:36.596,1789106496.5964,496,-104,-1.33,316,4.05
2026-09-11T11:31:36.599,1789106496.5994,497,225,2.88,329,4.22
2026-09-11T11:31:36.605,1789106496.6056,498,184,2.36,329,4.22
2026-09-11T11:31:36.614,1789106496.6148,499,-141,-1.81,366,4.69
2026-09-11T11:31:36.616,1789106496.6168,500,-332,-4.26,557,7.14
2026-09-11T11:31:36.618,1789106496.6188,501,249,3.19,581,7.45
2026-09-11T11:31:36.624,1789106496.6250,502,156,2.0,581,7.45
2026-09-11T11:31:36.625,1789106496.6260,503,-188,-2.41,581,7.45
2026-09-11T11:31:36.633,1789106496.6332,504,-303,-3.88,552,7.08
2026-09-11T11:31:36.637,1789106496.6372,505,258,3.31,561,7.19
2026-09-11T11:31:36.644,1789106496.6442,506,125,1.6,561,7.19
2026-09-11T11:31:36.651,1789106496.6512,507,-239,-3.06,561,7.19
2026-09-11T11:31:36.653,1789106496.6534,508,-283,-3.63,541,6.94
2026-09-11T11:31:36.662,1789106496.6629,509,-45,-0.58,408,5.23
2026-09-11T11:31:36.663,1789106496.6639,510,98,1.26,381,4.88
2026-09-11T11:31:36.671,1789106496.6717,511,-271,-3.47,381,4.88
2026-09-11T11:31:36.673,1789106496.6736,512,-242,-3.1,369,4.73
2026-09-11T11:31:36.683,1789106496.6834,513,-9,-0.12,369,4.73
2026-09-11T11:31:36.685,1789106496.6854,514,74,0.95,345,4.42
2026-09-11T11:31:36.688,1789106496.6884,515,-298,-3.82,372,4.77
2026-09-11T11:31:36.695,1789106496.6954,516,-233,-2.99,372,4.77
2026-09-11T11:31:36.697,1789106496.6974,517,28,0.36,372,4.77
2026-09-11T11:31:36.703,1789106496.7036,518,280,3.59,578,7.41
2026-09-11T11:31:36.712,1789106496.7127,519,-309,-3.96,589,7.55
2026-09-11T11:31:36.712,1789106496.7127,520,-204,-2.62,589,7.55
2026-09-11T11:31:36.718,1789106496.7188,521,77,0.99,589,7.55
2026-09-11T11:31:36.725,1789106496.7259,522,276,3.54,585,7.5
2026-09-11T11:31:36.728,1789106496.7289,523,-321,-4.12,597,7.65
2026-09-11T11:31:36.734,1789106496.7342,524,-180,-2.31,597,7.65
2026-09-11T11:31:36.738,1789106496.7382,525,105,1.35,597,7.65
2026-09-11T11:31:36.742,1789106496.7422,526,257,3.29,578,7.41
2026-09-11T11:31:36.750,1789106496.7507,527,-320,-4.1,577,7.4
2026-09-11T11:31:36.755,1789106496.7557,528,-151,-1.94,577,7.4
2026-09-11T11:31:36.763,1789106496.7631,529,158,2.03,577,7.4
2026-09-11T11:31:36.771,1789106496.7711,530,237,3.04,557,7.14
2026-09-11T11:31:36.772,1789106496.7723,531,-36,-0.46,388,4.97
2026-09-11T11:31:36.776,1789106496.7763,532,-135,-1.73,372,4.77
2026-09-11T11:31:36.779,1789106496.7793,533,178,2.28,372,4.77
2026-09-11T11:31:36.784,1789106496.7844,534,225,2.88,360,4.62
2026-09-11T11:31:36.785,1789106496.7854,535,-80,-1.03,360,4.62
2026-09-11T11:31:36.793,1789106496.7934,536,-110,-1.41,335,4.29
2026-09-11T11:31:36.801,1789106496.8016,537,214,2.74,335,4.29
2026-09-11T11:31:36.802,1789106496.8026,538,190,2.44,324,4.15
2026-09-11T11:31:36.812,1789106496.8128,539,-111,-1.42,325,4.17
2026-09-11T11:31:36.814,1789106496.8148,540,-315,-4.04,529,6.78
2026-09-11T11:31:36.820,1789106496.8208,541,239,3.06,554,7.1
2026-09-11T11:31:36.822,1789106496.8230,542,166,2.13,554,7.1
2026-09-11T11:31:36.829,1789106496.8300,543,-187,-2.4,554,7.1
2026-09-11T11:31:36.832,1789106496.8322,544,-318,-4.08,557,7.14
2026-09-11T11:31:36.842,1789106496.8422,545,256,3.28,574,7.36
2026-09-11T11:31:36.845,1789106496.8452,546,139,1.78,574,7.36
2026-09-11T11:31:36.846,1789106496.8462,547,-226,-2.9,574,7.36
2026-09-11T11:31:36.854,1789106496.8544,548,-293,-3.76,549,7.04
2026-09-11T11:31:36.862,1789106496.8622,549,-64,-0.82,432,5.54
2026-09-11T11:31:36.864,1789106496.8643,550,123,1.58,416,5.33
2026-09-11T11:31:36.866,1789106496.8664,551,-257,-3.29,416,5.33
2026-09-11T11:31:36.872,1789106496.8726,552,-256,-3.28,380,4.87
2026-09-11T11:31:36.875,1789106496.8756,553,-31,-0.4,380,4.87
2026-09-11T11:31:36.887,1789106496.8880,554,100,1.28,357,4.58
2026-09-11T11:31:36.891,1789106496.8920,555,-272,-3.49,372,4.77
2026-09-11T11:31:36.895,1789106496.8960,556,-239,-3.06,372,4.77
2026-09-11T11:31:36.897,1789106496.8980,557,6,0.08,372,4.77
2026-09-11T11:31:36.900,1789106496.9010,558,273,3.5,545,6.99
2026-09-11T11:31:36.913,1789106496.9133,559,-300,-3.85,573,7.35
2026-09-11T11:31:36.918,1789106496.9183,560,-223,-2.86,573,7.35
2026-09-11T11:31:36.920,1789106496.9203,561,38,0.49,573,7.35
2026-09-11T11:31:36.926,1789106496.9265,562,274,3.51,574,7.36
2026-09-11T11:31:36.928,1789106496.9285,563,-319,-4.09,593,7.6
2026-09-11T11:31:36.933,1789106496.9336,564,-186,-2.38,593,7.6
2026-09-11T11:31:36.935,1789106496.9356,565,91,1.17,593,7.6
2026-09-11T11:31:36.942,1789106496.9429,566,258,3.31,577,7.4
2026-09-11T11:31:36.950,1789106496.9509,567,-311,-3.99,569,7.29
2026-09-11T11:31:36.951,1789106496.9520,568,-165,-2.12,569,7.29
2026-09-11T11:31:36.963,1789106496.9632,569,131,1.68,569,7.29
2026-09-11T11:31:36.966,1789106496.9662,570,247,3.17,558,7.15
2026-09-11T11:31:36.969,1789106496.9692,571,-14,-0.18,412,5.28
2026-09-11T11:31:36.971,1789106496.9712,572,-129,-1.65,376,4.82
2026-09-11T11:31:36.979,1789106496.9794,573,188,2.41,376,4.82
2026-09-11T11:31:36.980,1789106496.9809,574,235,3.01,364,4.67
2026-09-11T11:31:36.990,1789106496.9900,575,-46,-0.59,364,4.67
2026-09-11T11:31:36.995,1789106496.9950,576,-117,-1.5,352,4.51
2026-09-11T11:31:36.996,1789106496.9960,577,224,2.87,352,4.51
2026-09-11T11:31:37.004,1789106497.0043,578,219,2.81,341,4.37
2026-09-11T11:31:37.011,1789106497.0113,579,-90,-1.15,341,4.37
2026-09-11T11:31:37.014,1789106497.0146,580,-322,-4.13,546,7.0
2026-09-11T11:31:37.017,1789106497.0176,581,240,3.08,562,7.21
2026-09-11T11:31:37.022,1789106497.0228,582,179,2.29,562,7.21
2026-09-11T11:31:37.025,1789106497.0258,583,-138,-1.77,562,7.21
2026-09-11T11:31:37.036,1789106497.0370,584,-305,-3.91,545,6.99
2026-09-11T11:31:37.039,1789106497.0400,585,276,3.54,581,7.45
2026-09-11T11:31:37.043,1789106497.0440,586,151,1.94,581,7.45
2026-09-11T11:31:37.048,1789106497.0490,587,-197,-2.53,581,7.45
2026-09-11T11:31:37.054,1789106497.0541,588,-288,-3.69,564,7.23
2026-09-11T11:31:37.065,1789106497.0652,589,-47,-0.6,439,5.63
2026-09-11T11:31:37.068,1789106497.0682,590,136,1.74,424,5.44
2026-09-11T11:31:37.073,1789106497.0734,591,-221,-2.83,424,5.44
2026-09-11T11:31:37.074,1789106497.0744,592,-256,-3.28,392,5.03
2026-09-11T11:31:37.079,1789106497.0794,593,-39,-0.5,392,5.03
2026-09-11T11:31:37.081,1789106497.0819,594,104,1.33,360,4.62
2026-09-11T11:31:37.089,1789106497.0890,595,-256,-3.28,360,4.62
2026-09-11T11:31:37.094,1789106497.0941,596,-243,-3.12,360,4.62
2026-09-11T11:31:37.097,1789106497.0971,597,2,0.03,360,4.62
2026-09-11T11:31:37.104,1789106497.1049,598,282,3.62,538,6.9
2026-09-11T11:31:37.114,1789106497.1146,599,-292,-3.74,574,7.36
2026-09-11T11:31:37.116,1789106497.1166,600,-215,-2.76,574,7.36
2026-09-11T11:31:37.118,1789106497.1186,601,38,0.49,574,7.36
2026-09-11T11:31:37.122,1789106497.1227,602,282,3.62,574,7.36
2026-09-11T11:31:37.135,1789106497.1359,603,-307,-3.94,589,7.55
2026-09-11T11:31:37.136,1789106497.1369,604,-186,-2.38,589,7.55
2026-09-11T11:31:37.137,1789106497.1379,605,83,1.06,589,7.55
2026-09-11T11:31:37.140,1789106497.1409,606,286,3.67,593,7.6
2026-09-11T11:31:37.148,1789106497.1480,607,-319,-4.09,605,7.76
2026-09-11T11:31:37.154,1789106497.1550,608,-166,-2.13,605,7.76
2026-09-11T11:31:37.160,1789106497.1610,609,131,1.68,605,7.76
2026-09-11T11:31:37.163,1789106497.1631,610,254,3.26,573,7.35
2026-09-11T11:31:37.166,1789106497.1661,611,9,0.12,420,5.38
2026-09-11T11:31:37.179,1789106497.1795,612,-137,-1.76,391,5.01
2026-09-11T11:31:37.184,1789106497.1842,613,159,2.04,391,5.01
2026-09-11T11:31:37.189,1789106497.1892,614,247,3.17,384,4.92
2026-09-11T11:31:37.190,1789106497.1902,615,-26,-0.33,384,4.92
2026-09-11T11:31:37.192,1789106497.1922,616,-106,-1.36,353,4.53
2026-09-11T11:31:37.201,1789106497.2012,617,-141,-1.81,388,4.97
2026-09-11T11:31:37.203,1789106497.2033,618,-161,-2.06,135,1.73
2026-09-11T11:31:37.218,1789106497.2184,619,-84,-1.08,77,0.99
2026-09-11T11:31:37.220,1789106497.2204,620,-8,-0.1,153,1.96
2026-09-11T11:31:37.222,1789106497.2226,621,-259,-3.32,251,3.22
2026-09-11T11:31:37.226,1789106497.2266,622,-250,-3.21,251,3.22
2026-09-11T11:31:37.228,1789106497.2286,623,-97,-1.24,251,3.22
2026-09-11T11:31:37.233,1789106497.2338,624,-9,-0.12,250,3.21
2026-09-11T11:31:37.236,1789106497.2368,625,-312,-4.0,303,3.88
2026-09-11T11:31:37.246,1789106497.2461,626,-255,-3.27,303,3.88
2026-09-11T11:31:37.249,1789106497.2491,627,-42,-0.54,303,3.88
2026-09-11T11:31:37.252,1789106497.2523,628,14,0.18,326,4.18
2026-09-11T11:31:37.265,1789106497.2654,629,-150,-1.92,269,3.45
2026-09-11T11:31:37.267,1789106497.2674,630,-212,-2.72,226,2.9
2026-09-11T11:31:37.268,1789106497.2684,631,-7,-0.09,226,2.9
2026-09-11T11:31:37.272,1789106497.2726,632,5,0.06,217,2.78
2026-09-11T11:31:37.278,1789106497.2786,633,-139,-1.78,217,2.78
2026-09-11T11:31:37.282,1789106497.2822,634,-146,-1.87,151,1.94
2026-09-11T11:31:37.289,1789106497.2892,635,63,0.81,209,2.68
2026-09-11T11:31:37.294,1789106497.2942,636,43,0.55,209,2.68
2026-09-11T11:31:37.296,1789106497.2962,637,-94,-1.21,209,2.68
2026-09-11T11:31:37.303,1789106497.3034,638,-229,-2.94,292,3.74
2026-09-11T11:31:37.313,1789106497.3135,639,108,1.38,337,4.32
2026-09-11T11:31:37.315,1789106497.3155,640,60,0.77,337,4.32
2026-09-11T11:31:37.318,1789106497.3185,641,-73,-0.94,337,4.32
2026-09-11T11:31:37.330,1789106497.3307,642,-188,-2.41,296,3.79
2026-09-11T11:31:37.332,1789106497.3330,643,149,1.91,337,4.32
2026-09-11T11:31:37.338,1789106497.3390,644,80,1.03,337,4.32
2026-09-11T11:31:37.343,1789106497.3430,645,-68,-0.87,337,4.32
2026-09-11T11:31:37.344,1789106497.3440,646,-160,-2.05,309,3.96
2026-09-11T11:31:37.351,1789106497.3510,647,189,2.42,349,4.47
2026-09-11T11:31:37.356,1789106497.3562,648,92,1.18,349,4.47
2026-09-11T11:31:37.362,1789106497.3628,649,-48,-0.62,349,4.47
2026-09-11T11:31:37.367,1789106497.3679,650,-112,-1.44,301,3.86
2026-09-11T11:31:37.373,1789106497.3738,651,44,0.56,204,2.62
2026-09-11T11:31:37.375,1789106497.3758,652,107,1.37,219,2.81
2026-09-11T11:31:37.377,1789106497.3780,653,-33,-0.42,219,2.81
2026-09-11T11:31:37.384,1789106497.3843,654,-65,-0.83,172,2.21
2026-09-11T11:31:37.385,1789106497.3853,655,83,1.06,172,2.21
2026-09-11T11:31:37.395,1789106497.3953,656,70,0.9,148,1.9
2026-09-11T11:31:37.398,1789106497.3983,657,-30,-0.38,148,1.9
2026-09-11T11:31:37.405,1789106497.4055,658,-38,-0.49,121,1.55
2026-09-11T11:31:37.412,1789106497.4126,659,78,1.0,116,1.49
2026-09-11T11:31:37.416,1789106497.4163,660,138,1.77,176,2.26
2026-09-11T11:31:37.421,1789106497.4213,661,13,0.17,176,2.26
2026-09-11T11:31:37.423,1789106497.4235,662,61,0.78,125,1.6
2026-09-11T11:31:37.428,1789106497.4285,663,117,1.5,125,1.6
2026-09-11T11:31:37.433,1789106497.4339,664,104,1.33,104,1.33
2026-09-11T11:31:37.435,1789106497.4359,665,124,1.59,63,0.81
2026-09-11T11:31:37.445,1789106497.4452,666,119,1.53,20,0.26
2026-09-11T11:31:37.449,1789106497.4492,667,159,2.04,55,0.71
2026-09-11T11:31:37.454,1789106497.4545,668,142,1.82,40,0.51
2026-09-11T11:31:37.460,1789106497.4605,669,81,1.04,78,1.0
2026-09-11T11:31:37.464,1789106497.4646,670,200,2.56,119,1.53
2026-09-11T11:31:37.467,1789106497.4676,671,-48,-0.62,248,3.18
2026-09-11T11:31:37.472,1789106497.4729,672,-152,-1.95,352,4.51
2026-09-11T11:31:37.475,1789106497.4759,673,44,0.56,352,4.51
2026-09-11T11:31:37.486,1789106497.4867,674,211,2.71,363,4.65
2026-09-11T11:31:37.491,1789106497.4920,675,-158,-2.03,369,4.73
2026-09-11T11:31:37.495,1789106497.4960,676,-197,-2.53,408,5.23
2026-09-11T11:31:37.499,1789106497.4995,677,39,0.5,408,5.23
2026-09-11T11:31:37.501,1789106497.5015,678,355,4.55,552,7.08
2026-09-11T11:31:37.513,1789106497.5135,679,-207,-2.65,562,7.21
2026-09-11T11:31:37.518,1789106497.5185,680,-198,-2.54,562,7.21
2026-09-11T11:31:37.520,1789106497.5205,681,47,0.6,562,7.21
2026-09-11T11:31:37.526,1789106497.5266,682,327,4.19,534,6.85
2026-09-11T11:31:37.528,1789106497.5286,683,-267,-3.42,594,7.62
2026-09-11T11:31:37.530,1789106497.5306,684,-190,-2.44,594,7.62
2026-09-11T11:31:37.537,1789106497.5378,685,75,0.96,594,7.62
2026-09-11T11:31:37.544,1789106497.5450,686,318,4.08,585,7.5
2026-09-11T11:31:37.545,1789106497.5460,687,-295,-3.78,613,7.86
2026-09-11T11:31:37.553,1789106497.5533,688,-174,-2.23,613,7.86
2026-09-11T11:31:37.563,1789106497.5634,689,107,1.37,613,7.86
2026-09-11T11:31:37.564,1789106497.5644,690,286,3.67,581,7.45
2026-09-11T11:31:37.571,1789106497.5714,691,33,0.42,460,5.9
2026-09-11T11:31:37.572,1789106497.5727,692,-158,-2.03,444,5.69
2026-09-11T11:31:37.580,1789106497.5807,693,147,1.88,444,5.69
2026-09-11T11:31:37.581,1789106497.5818,694,266,3.41,424,5.44
2026-09-11T11:31:37.593,1789106497.5931,695,-11,-0.14,424,5.44
2026-09-11T11:31:37.595,1789106497.5951,696,-149,-1.91,415,5.32
2026-09-11T11:31:37.598,1789106497.5981,697,183,2.35,415,5.32
2026-09-11T11:31:37.604,1789106497.6043,698,242,3.1,391,5.01
2026-09-11T11:31:37.609,1789106497.6093,699,-43,-0.55,391,5.01
2026-09-11T11:31:37.616,1789106497.6165,700,-354,-4.54,596,7.64
2026-09-11T11:31:37.618,1789106497.6185,701,208,2.67,596,7.64
2026-09-11T11:31:37.622,1789106497.6226,702,207,2.65,562,7.21
2026-09-11T11:31:37.625,1789106497.6257,703,-90,-1.15,562,7.21
2026-09-11T11:31:37.636,1789106497.6369,704,-354,-4.54,562,7.21
2026-09-11T11:31:37.639,1789106497.6399,705,220,2.82,574,7.36
2026-09-11T11:31:37.645,1789106497.6451,706,171,2.19,574,7.36
2026-09-11T11:31:37.651,1789106497.6511,707,-158,-2.03,574,7.36
2026-09-11T11:31:37.656,1789106497.6562,708,-333,-4.27,553,7.09
2026-09-11T11:31:37.663,1789106497.6634,709,-96,-1.23,504,6.46
2026-09-11T11:31:37.665,1789106497.6654,710,152,1.95,485,6.22
2026-09-11T11:31:37.669,1789106497.6699,711,-213,-2.73,485,6.22
2026-09-11T11:31:37.676,1789106497.6761,712,-328,-4.21,480,6.15
2026-09-11T11:31:37.678,1789106497.6781,713,-71,-0.91,480,6.15
2026-09-11T11:31:37.685,1789106497.6853,714,121,1.55,449,5.76
2026-09-11T11:31:37.686,1789106497.6862,715,-256,-3.28,449,5.76
2026-09-11T11:31:37.694,1789106497.6943,716,-287,-3.68,408,5.23
2026-09-11T11:31:37.695,1789106497.6953,717,-54,-0.69,408,5.23
2026-09-11T11:31:37.703,1789106497.7034,718,263,3.37,550,7.05
2026-09-11T11:31:37.712,1789106497.7125,719,-291,-3.73,554,7.1
2026-09-11T11:31:37.714,1789106497.7145,720,-266,-3.41,554,7.1
2026-09-11T11:31:37.720,1789106497.7205,721,-37,-0.47,554,7.1
2026-09-11T11:31:37.721,1789106497.7217,722,267,3.42,558,7.15
2026-09-11T11:31:37.730,1789106497.7307,723,-310,-3.97,577,7.4
2026-09-11T11:31:37.731,1789106497.7318,724,-253,-3.24,577,7.4
2026-09-11T11:31:37.740,1789106497.7408,725,0,0.0,577,7.4
2026-09-11T11:31:37.744,1789106497.7440,726,264,3.38,574,7.36
2026-09-11T11:31:37.747,1789106497.7470,727,-325,-4.17,589,7.55
2026-09-11T11:31:37.754,1789106497.7543,728,-224,-2.87,589,7.55
2026-09-11T11:31:37.761,1789106497.7613,729,49,0.63,589,7.55
2026-09-11T11:31:37.763,1789106497.7634,730,265,3.4,590,7.56
2026-09-11T11:31:37.767,1789106497.7674,731,16,0.21,489,6.27
2026-09-11T11:31:37.772,1789106497.7725,732,-203,-2.6,468,6.0
2026-09-11T11:31:37.776,1789106497.7765,733,98,1.26,468,6.0
2026-09-11T11:31:37.789,1789106497.7894,734,258,3.31,461,5.91
2026-09-11T11:31:37.796,1789106497.7964,735,-15,-0.19,461,5.91
2026-09-11T11:31:37.797,1789106497.7974,736,-170,-2.18,428,5.49
2026-09-11T11:31:37.799,1789106497.7994,737,143,1.83,428,5.49
2026-09-11T11:31:37.805,1789106497.8056,738,230,2.95,400,5.13
2026-09-11T11:31:37.813,1789106497.8138,739,-43,-0.55,400,5.13
2026-09-11T11:31:37.817,1789106497.8178,740,-354,-4.54,584,7.49
2026-09-11T11:31:37.820,1789106497.8208,741,183,2.35,584,7.49
2026-09-11T11:31:37.824,1789106497.8249,742,203,2.6,557,7.14
2026-09-11T11:31:37.833,1789106497.8331,743,-90,-1.15,557,7.14
2026-09-11T11:31:37.834,1789106497.8341,744,-358,-4.59,561,7.19
2026-09-11T11:31:37.837,1789106497.8371,745,216,2.77,574,7.36
2026-09-11T11:31:37.843,1789106497.8431,746,167,2.14,574,7.36
2026-09-11T11:31:37.849,1789106497.8491,747,-137,-1.76,574,7.36
2026-09-11T11:31:37.851,1789106497.8511,748,-361,-4.63,577,7.4
2026-09-11T11:31:37.863,1789106497.8633,749,-115,-1.47,528,6.77
2026-09-11T11:31:37.865,1789106497.8654,750,156,2.0,517,6.63
2026-09-11T11:31:37.868,1789106497.8684,751,-200,-2.56,517,6.63
2026-09-11T11:31:37.871,1789106497.8714,752,-348,-4.46,504,6.46
2026-09-11T11:31:37.880,1789106497.8805,753,-86,-1.1,504,6.46
2026-09-11T11:31:37.883,1789106497.8839,754,113,1.45,461,5.91
2026-09-11T11:31:37.887,1789106497.8879,755,-243,-3.12,461,5.91
2026-09-11T11:31:37.899,1789106497.8991,756,-322,-4.13,435,5.58
2026-09-11T11:31:37.902,1789106497.9022,757,-89,-1.14,435,5.58
2026-09-11T11:31:37.905,1789106497.9052,758,255,3.27,577,7.4
2026-09-11T11:31:37.914,1789106497.9144,759,-290,-3.72,577,7.4
2026-09-11T11:31:37.918,1789106497.9184,760,-309,-3.96,564,7.23
2026-09-11T11:31:37.921,1789106497.9214,761,-60,-0.77,564,7.23
2026-09-11T11:31:37.924,1789106497.9245,762,264,3.38,573,7.35
2026-09-11T11:31:37.927,1789106497.9275,763,-309,-3.96,573,7.35
2026-09-11T11:31:37.931,1789106497.9316,764,-272,-3.49,573,7.35
2026-09-11T11:31:37.939,1789106497.9396,765,-27,-0.35,573,7.35
2026-09-11T11:31:37.941,1789106497.9411,766,262,3.36,571,7.32
2026-09-11T11:31:37.953,1789106497.9533,767,-328,-4.21,590,7.56
2026-09-11T11:31:37.959,1789106497.9590,768,-250,-3.21,590,7.56
2026-09-11T11:31:37.964,1789106497.9645,769,27,0.35,590,7.56
2026-09-11T11:31:37.969,1789106497.9691,770,258,3.31,586,7.51
2026-09-11T11:31:37.974,1789106497.9744,771,25,0.32,508,6.51
2026-09-11T11:31:37.980,1789106497.9804,772,-221,-2.83,479,6.14
2026-09-11T11:31:37.987,1789106497.9871,773,68,0.87,479,6.14
2026-09-11T11:31:37.989,1789106497.9891,774,247,3.17,468,6.0
2026-09-11T11:31:37.995,1789106497.9951,775,-6,-0.08,468,6.0
2026-09-11T11:31:37.997,1789106497.9971,776,-204,-2.62,451,5.78
2026-09-11T11:31:37.999,1789106497.9991,777,121,1.55,451,5.78
2026-09-11T11:31:38.002,1789106498.0021,778,224,2.87,428,5.49
2026-09-11T11:31:38.013,1789106498.0134,779,-33,-0.42,428,5.49
2026-09-11T11:31:38.015,1789106498.0154,780,-357,-4.58,581,7.45
2026-09-11T11:31:38.021,1789106498.0214,781,153,1.96,581,7.45
2026-09-11T11:31:38.024,1789106498.0246,782,201,2.58,558,7.15
2026-09-11T11:31:38.029,1789106498.0296,783,-64,-0.82,558,7.15
2026-09-11T11:31:38.033,1789106498.0338,784,-364,-4.67,565,7.24
2026-09-11T11:31:38.039,1789106498.0398,785,182,2.33,565,7.24
2026-09-11T11:31:38.046,1789106498.0460,786,178,2.28,546,7.0
2026-09-11T11:31:38.049,1789106498.0490,787,-123,-1.58,546,7.0
2026-09-11T11:31:38.053,1789106498.0531,788,-367,-4.71,549,7.04
2026-09-11T11:31:38.064,1789106498.0644,789,-121,-1.55,545,6.99
2026-09-11T11:31:38.067,1789106498.0674,790,158,2.03,525,6.73
2026-09-11T11:31:38.069,1789106498.0694,791,-178,-2.28,525,6.73
2026-09-11T11:31:38.077,1789106498.0776,792,-354,-4.54,512,6.56
2026-09-11T11:31:38.079,1789106498.0796,793,-96,-1.23,512,6.56
2026-09-11T11:31:38.083,1789106498.0832,794,135,1.73,489,6.27
2026-09-11T11:31:38.089,1789106498.0892,795,-229,-2.94,489,6.27
2026-09-11T11:31:38.090,1789106498.0902,796,-332,-4.26,467,5.99
2026-09-11T11:31:38.097,1789106498.0972,797,-91,-1.17,467,5.99
2026-09-11T11:31:38.106,1789106498.1066,798,245,3.14,577,7.4
2026-09-11T11:31:38.116,1789106498.1161,799,-268,-3.44,577,7.4
2026-09-11T11:31:38.118,1789106498.1181,800,-311,-3.99,556,7.13
2026-09-11T11:31:38.121,1789106498.1211,801,-74,-0.95,556,7.13
2026-09-11T11:31:38.127,1789106498.1273,802,258,3.31,569,7.29
2026-09-11T11:31:38.130,1789106498.1303,803,-303,-3.88,569,7.29
2026-09-11T11:31:38.135,1789106498.1354,804,-278,-3.56,561,7.19
2026-09-11T11:31:38.136,1789106498.1364,805,-41,-0.53,561,7.19
2026-09-11T11:31:38.146,1789106498.1467,806,256,3.28,559,7.17
2026-09-11T11:31:38.150,1789106498.1507,807,-322,-4.13,578,7.41
2026-09-11T11:31:38.153,1789106498.1538,808,-260,-3.33,578,7.41
2026-09-11T11:31:38.162,1789106498.1630,809,-3,-0.04,578,7.41
2026-09-11T11:31:38.163,1789106498.1640,810,257,3.29,579,7.42
2026-09-11T11:31:38.170,1789106498.1710,811,28,0.36,517,6.63
2026-09-11T11:31:38.173,1789106498.1731,812,-235,-3.01,492,6.31
2026-09-11T11:31:38.179,1789106498.1791,813,46,0.59,492,6.31
2026-09-11T11:31:38.182,1789106498.1823,814,238,3.05,473,6.06
2026-09-11T11:31:38.188,1789106498.1888,815,1,0.01,473,6.06
2026-09-11T11:31:38.195,1789106498.1958,816,-202,-2.59,440,5.64
2026-09-11T11:31:38.198,1789106498.1988,817,95,1.22,440,5.64
2026-09-11T11:31:38.209,1789106498.2090,818,243,3.12,445,5.71
2026-09-11T11:31:38.214,1789106498.2142,819,-22,-0.28,445,5.71
2026-09-11T11:31:38.216,1789106498.2162,820,-354,-4.54,597,7.65
2026-09-11T11:31:38.221,1789106498.2212,821,140,1.79,597,7.65
2026-09-11T11:31:38.224,1789106498.2244,822,223,2.86,577,7.4
2026-09-11T11:31:38.231,1789106498.2314,823,-58,-0.74,577,7.4
2026-09-11T11:31:38.232,1789106498.2326,824,-361,-4.63,584,7.49
2026-09-11T11:31:38.238,1789106498.2386,825,173,2.22,584,7.49
2026-09-11T11:31:38.240,1789106498.2406,826,204,2.62,565,7.24
2026-09-11T11:31:38.246,1789106498.2467,827,-105,-1.35,565,7.24
2026-09-11T11:31:38.256,1789106498.2570,828,-365,-4.68,569,7.29
2026-09-11T11:31:38.265,1789106498.2651,829,-123,-1.58,569,7.29
2026-09-11T11:31:38.267,1789106498.2671,830,169,2.17,534,6.85
2026-09-11T11:31:38.274,1789106498.2743,831,-144,-1.85,534,6.85
2026-09-11T11:31:38.276,1789106498.2763,832,-356,-4.56,525,6.73
2026-09-11T11:31:38.281,1789106498.2813,833,-106,-1.36,525,6.73
2026-09-11T11:31:38.286,1789106498.2864,834,145,1.86,501,6.42
2026-09-11T11:31:38.290,1789106498.2904,835,-203,-2.6,501,6.42
2026-09-11T11:31:38.293,1789106498.2934,836,-338,-4.33,483,6.19
2026-09-11T11:31:38.299,1789106498.2994,837,-89,-1.14,483,6.19
2026-09-11T11:31:38.301,1789106498.3014,838,247,3.17,585,7.5
2026-09-11T11:31:38.313,1789106498.3137,839,-250,-3.21,585,7.5
2026-09-11T11:31:38.316,1789106498.3167,840,-321,-4.12,568,7.28
2026-09-11T11:31:38.319,1789106498.3197,841,-92,-1.18,568,7.28
2026-09-11T11:31:38.321,1789106498.3218,842,257,3.29,578,7.41
2026-09-11T11:31:38.330,1789106498.3308,843,-277,-3.55,578,7.41
2026-09-11T11:31:38.333,1789106498.3339,844,-292,-3.74,549,7.04
2026-09-11T11:31:38.338,1789106498.3389,845,-55,-0.71,549,7.04
2026-09-11T11:31:38.345,1789106498.3451,846,254,3.26,546,7.0
2026-09-11T11:31:38.347,1789106498.3471,847,-316,-4.05,570,7.31
2026-09-11T11:31:38.360,1789106498.3609,848,-262,-3.36,570,7.31
2026-09-11T11:31:38.365,1789106498.3652,849,-21,-0.27,570,7.31
2026-09-11T11:31:38.367,1789106498.3673,850,267,3.42,583,7.47
2026-09-11T11:31:38.369,1789106498.3693,851,54,0.69,529,6.78
2026-09-11T11:31:38.376,1789106498.3767,852,-249,-3.19,516,6.62
2026-09-11T11:31:38.379,1789106498.3797,853,24,0.31,516,6.62
2026-09-11T11:31:38.384,1789106498.3844,854,252,3.23,501,6.42
2026-09-11T11:31:38.390,1789106498.3904,855,7,0.09,501,6.42
2026-09-11T11:31:38.393,1789106498.3934,856,-212,-2.72,464,5.95
2026-09-11T11:31:38.396,1789106498.3964,857,73,0.94,464,5.95
2026-09-11T11:31:38.410,1789106498.4102,858,240,3.08,452,5.79
2026-09-11T11:31:38.421,1789106498.4211,859,-4,-0.05,452,5.79
2026-09-11T11:31:38.422,1789106498.4221,860,-360,-4.62,600,7.69
2026-09-11T11:31:38.424,1789106498.4242,861,118,1.51,600,7.69
2026-09-11T11:31:38.427,1789106498.4272,862,217,2.78,577,7.4
2026-09-11T11:31:38.432,1789106498.4323,863,-40,-0.51,577,7.4
2026-09-11T11:31:38.435,1789106498.4353,864,-351,-4.5,568,7.28
2026-09-11T11:31:38.437,1789106498.4373,865,167,2.14,568,7.28
2026-09-11T11:31:38.446,1789106498.4463,866,214,2.74,565,7.24
2026-09-11T11:31:38.452,1789106498.4527,867,-95,-1.22,565,7.24
2026-09-11T11:31:38.453,1789106498.4537,868,-363,-4.65,577,7.4
2026-09-11T11:31:38.461,1789106498.4617,869,-133,-1.71,577,7.4
2026-09-11T11:31:38.463,1789106498.4639,870,179,2.29,542,6.95
2026-09-11T11:31:38.470,1789106498.4707,871,-138,-1.77,542,6.95
2026-09-11T11:31:38.471,1789106498.4717,872,-358,-4.59,537,6.88
2026-09-11T11:31:38.479,1789106498.4799,873,-124,-1.59,537,6.88
2026-09-11T11:31:38.480,1789106498.4809,874,156,2.0,514,6.59
2026-09-11T11:31:38.489,1789106498.4895,875,-181,-2.32,514,6.59
2026-09-11T11:31:38.495,1789106498.4955,876,-336,-4.31,492,6.31
2026-09-11T11:31:38.498,1789106498.4986,877,-91,-1.17,492,6.31
2026-09-11T11:31:38.504,1789106498.5047,878,245,3.14,581,7.45
2026-09-11T11:31:38.518,1789106498.5189,879,-220,-2.82,581,7.45
2026-09-11T11:31:38.519,1789106498.5199,880,-307,-3.94,552,7.08
2026-09-11T11:31:38.524,1789106498.5241,881,-74,-0.95,552,7.08
2026-09-11T11:31:38.526,1789106498.5261,882,258,3.31,565,7.24
2026-09-11T11:31:38.527,1789106498.5271,883,-263,-3.37,565,7.24
2026-09-11T11:31:38.532,1789106498.5322,884,-310,-3.97,568,7.28
2026-09-11T11:31:38.536,1789106498.5362,885,-61,-0.78,568,7.28
2026-09-11T11:31:38.544,1789106498.5442,886,259,3.32,569,7.29
2026-09-11T11:31:38.547,1789106498.5472,887,-290,-3.72,569,7.29
2026-09-11T11:31:38.550,1789106498.5502,888,-233,-2.99,549,7.04
2026-09-11T11:31:38.570,1789106498.5706,889,-120,-1.54,549,7.04
2026-09-11T11:31:38.572,1789106498.5727,890,-680,-8.72,560,7.18
2026-09-11T11:31:38.574,1789106498.5747,891,-409,-5.24,560,7.18
2026-09-11T11:31:38.577,1789106498.5777,892,239,3.06,919,11.78
2026-09-11T11:31:38.583,1789106498.5834,893,-378,-4.85,919,11.78
2026-09-11T11:31:38.587,1789106498.5874,894,-964,-12.36,1203,15.42
2026-09-11T11:31:38.593,1789106498.5933,895,-453,-5.81,1203,15.42
2026-09-11T11:31:38.597,1789106498.5973,896,211,2.71,1175,15.06
2026-09-11T11:31:38.599,1789106498.5993,897,-426,-5.46,1175,15.06
2026-09-11T11:31:38.605,1789106498.6055,898,-904,-11.59,1115,14.29
2026-09-11T11:31:38.612,1789106498.6127,899,-320,-4.1,1115,14.29
2026-09-11T11:31:38.614,1789106498.6147,900,561,7.19,1465,18.78
2026-09-11T11:31:38.619,1789106498.6197,901,-490,-6.28,1465,18.78
2026-09-11T11:31:38.622,1789106498.6221,902,-824,-10.56,1385,17.76
2026-09-11T11:31:38.630,1789106498.6301,903,-181,-2.32,1385,17.76
2026-09-11T11:31:38.632,1789106498.6323,904,632,8.1,1456,18.67
2026-09-11T11:31:38.640,1789106498.6403,905,-547,-7.01,1456,18.67
2026-09-11T11:31:38.643,1789106498.6433,906,-749,-9.6,1381,17.71
2026-09-11T11:31:38.647,1789106498.6473,907,-82,-1.05,1381,17.71
2026-09-11T11:31:38.655,1789106498.6556,908,666,8.54,1415,18.14
2026-09-11T11:31:38.661,1789106498.6617,909,159,2.04,1415,18.14
2026-09-11T11:31:38.665,1789106498.6657,910,-679,-8.71,1345,17.24
2026-09-11T11:31:38.672,1789106498.6724,911,36,0.46,1345,17.24
2026-09-11T11:31:38.674,1789106498.6744,912,668,8.56,1347,17.27
2026-09-11T11:31:38.678,1789106498.6784,913,89,1.14,1347,17.27
2026-09-11T11:31:38.682,1789106498.6826,914,-589,-7.55,1257,16.12
2026-09-11T11:31:38.687,1789106498.6870,915,169,2.17,1257,16.12
2026-09-11T11:31:38.694,1789106498.6942,916,621,7.96,1210,15.51
2026-09-11T11:31:38.699,1789106498.6992,917,62,0.79,1210,15.51
2026-09-11T11:31:38.700,1789106498.7003,918,-646,-8.28,1267,16.24
2026-09-11T11:31:38.714,1789106498.7146,919,286,3.67,1267,16.24
2026-09-11T11:31:38.717,1789106498.7176,920,537,6.88,1183,15.17
2026-09-11T11:31:38.721,1789106498.7218,921,55,0.71,1183,15.17
2026-09-11T11:31:38.725,1789106498.7258,922,-553,-7.09,1090,13.97
2026-09-11T11:31:38.729,1789106498.7298,923,346,4.44,1090,13.97
2026-09-11T11:31:38.733,1789106498.7339,924,433,5.55,986,12.64
2026-09-11T11:31:38.740,1789106498.7401,925,75,0.96,986,12.64
2026-09-11T11:31:38.744,1789106498.7441,926,-345,-4.42,778,9.97
2026-09-11T11:31:38.751,1789106498.7511,927,393,5.04,778,9.97
2026-09-11T11:31:38.758,1789106498.7583,928,359,4.6,738,9.46
2026-09-11T11:31:38.761,1789106498.7615,929,122,1.56,738,9.46
2026-09-11T11:31:38.765,1789106498.7654,930,-39,-0.5,432,5.54
2026-09-11T11:31:38.768,1789106498.7685,931,161,2.06,398,5.1
2026-09-11T11:31:38.774,1789106498.7743,932,108,1.38,200,2.56
2026-09-11T11:31:38.776,1789106498.7763,933,187,2.4,226,2.9
2026-09-11T11:31:38.784,1789106498.7849,934,363,4.65,255,3.27
2026-09-11T11:31:38.789,1789106498.7899,935,277,3.55,255,3.27
2026-09-11T11:31:38.790,1789106498.7909,936,80,1.03,283,3.63
2026-09-11T11:31:38.799,1789106498.7999,937,332,4.26,283,3.63
2026-09-11T11:31:38.806,1789106498.8060,938,554,7.1,474,6.08
2026-09-11T11:31:38.810,1789106498.8100,939,396,5.08,474,6.08
2026-09-11T11:31:38.816,1789106498.8162,940,71,0.91,483,6.19
2026-09-11T11:31:38.821,1789106498.8212,941,474,6.08,483,6.19
2026-09-11T11:31:38.829,1789106498.8294,942,632,8.1,561,7.19
2026-09-11T11:31:38.832,1789106498.8325,943,397,5.09,561,7.19
2026-09-11T11:31:38.835,1789106498.8355,944,72,0.92,560,7.18
2026-09-11T11:31:38.837,1789106498.8375,945,591,7.58,560,7.18
2026-09-11T11:31:38.843,1789106498.8437,946,700,8.97,628,8.05
2026-09-11T11:31:38.850,1789106498.8507,947,438,5.62,628,8.05
2026-09-11T11:31:38.851,1789106498.8518,948,116,1.49,584,7.49
2026-09-11T11:31:38.862,1789106498.8625,949,303,3.88,584,7.49
2026-09-11T11:31:38.863,1789106498.8635,950,632,8.1,516,6.62
2026-09-11T11:31:38.876,1789106498.8764,951,321,4.12,516,6.62
2026-09-11T11:31:38.881,1789106498.8814,952,28,0.36,604,7.74
2026-09-11T11:31:38.882,1789106498.8826,953,256,3.28,604,7.74
2026-09-11T11:31:38.886,1789106498.8861,954,541,6.94,513,6.58
2026-09-11T11:31:38.888,1789106498.8889,955,223,2.86,513,6.58
2026-09-11T11:31:38.895,1789106498.8957,956,-10,-0.13,551,7.06
2026-09-11T11:31:38.900,1789106498.9007,957,206,2.64,551,7.06
2026-09-11T11:31:38.905,1789106498.9058,958,549,7.04,559,7.17
2026-09-11T11:31:38.915,1789106498.9160,959,97,1.24,559,7.17
2026-09-11T11:31:38.916,1789106498.9170,960,-71,-0.91,620,7.95
2026-09-11T11:31:38.918,1789106498.9190,961,149,1.91,620,7.95
2026-09-11T11:31:38.920,1789106498.9210,962,484,6.21,555,7.12
2026-09-11T11:31:38.928,1789106498.9282,963,-15,-0.19,555,7.12
2026-09-11T11:31:38.931,1789106498.9312,964,-111,-1.42,595,7.63
2026-09-11T11:31:38.937,1789106498.9374,965,126,1.62,595,7.63
2026-09-11T11:31:38.944,1789106498.9444,966,441,5.65,552,7.08
2026-09-11T11:31:38.945,1789106498.9454,967,-102,-1.31,552,7.08
2026-09-11T11:31:38.953,1789106498.9537,968,-121,-1.55,562,7.21
2026-09-11T11:31:38.962,1789106498.9629,969,111,1.42,562,7.21
2026-09-11T11:31:38.964,1789106498.9649,970,439,5.63,560,7.18
2026-09-11T11:31:38.972,1789106498.9720,971,253,3.24,560,7.18
2026-09-11T11:31:38.982,1789106498.9822,972,-79,-1.01,518,6.64
2026-09-11T11:31:38.983,1789106498.9832,973,161,2.06,518,6.64
2026-09-11T11:31:38.986,1789106498.9862,974,436,5.59,515,6.6
2026-09-11T11:31:38.989,1789106498.9892,975,227,2.91,515,6.6
2026-09-11T11:31:38.991,1789106498.9912,976,-90,-1.15,526,6.74
2026-09-11T11:31:38.999,1789106498.9992,977,147,1.88,526,6.74
2026-09-11T11:31:39.004,1789106499.0046,978,386,4.95,476,6.1
2026-09-11T11:31:39.010,1789106499.0106,979,157,2.01,476,6.1
2026-09-11T11:31:39.013,1789106499.0137,980,-224,-2.87,610,7.82
2026-09-11T11:31:39.026,1789106499.0270,981,173,2.22,610,7.82
2026-09-11T11:31:39.029,1789106499.0300,982,341,4.37,565,7.24
2026-09-11T11:31:39.035,1789106499.0351,983,95,1.22,565,7.24
2026-09-11T11:31:39.036,1789106499.0361,984,-269,-3.45,610,7.82
2026-09-11T11:31:39.037,1789106499.0378,985,184,2.36,610,7.82
2026-09-11T11:31:39.047,1789106499.0476,986,284,3.64,553,7.09
2026-09-11T11:31:39.050,1789106499.0506,987,31,0.4,553,7.09
2026-09-11T11:31:39.054,1789106499.0548,988,-298,-3.82,582,7.46
2026-09-11T11:31:39.066,1789106499.0670,989,-104,-1.33,582,7.46
2026-09-11T11:31:39.068,1789106499.0690,990,247,3.17,545,6.99
2026-09-11T11:31:39.070,1789106499.0710,991,-6,-0.08,545,6.99
2026-09-11T11:31:39.074,1789106499.0741,992,-326,-4.18,573,7.35
2026-09-11T11:31:39.078,1789106499.0781,993,-96,-1.23,573,7.35
2026-09-11T11:31:39.081,1789106499.0811,994,235,3.01,561,7.19
2026-09-11T11:31:39.089,1789106499.0894,995,-74,-0.95,561,7.19
2026-09-11T11:31:39.096,1789106499.0964,996,-330,-4.23,565,7.24
2026-09-11T11:31:39.098,1789106499.0984,997,-80,-1.03,565,7.24
2026-09-11T11:31:39.105,1789106499.1056,998,244,3.13,574,7.36
2026-09-11T11:31:39.113,1789106499.1138,999,-138,-1.77,574,7.36
2026-09-11T11:31:39.116,1789106499.1168,1000,-325,-4.17,569,7.29
2026-09-11T11:31:39.118,1789106499.1188,1001,-80,-1.03,569,7.29
2026-09-11T11:31:39.127,1789106499.1279,1002,264,3.38,589,7.55
2026-09-11T11:31:39.128,1789106499.1289,1003,-197,-2.53,589,7.55
2026-09-11T11:31:39.139,1789106499.1390,1004,-304,-3.9,568,7.28
2026-09-11T11:31:39.141,1789106499.1410,1005,-67,-0.86,568,7.28
2026-09-11T11:31:39.145,1789106499.1450,1006,261,3.35,565,7.24
2026-09-11T11:31:39.149,1789106499.1494,1007,-237,-3.04,565,7.24
2026-09-11T11:31:39.154,1789106499.1548,1008,-284,-3.64,545,6.99
2026-09-11T11:31:39.162,1789106499.1624,1009,-43,-0.55,545,6.99
2026-09-11T11:31:39.164,1789106499.1645,1010,270,3.46,554,7.1
2026-09-11T11:31:39.170,1789106499.1703,1011,105,1.35,554,7.1
2026-09-11T11:31:39.171,1789106499.1713,1012,-251,-3.22,521,6.68
2026-09-11T11:31:39.176,1789106499.1764,1013,-30,-0.38,521,6.68
2026-09-11T11:31:39.185,1789106499.1857,1014,274,3.51,525,6.73
2026-09-11T11:31:39.194,1789106499.1941,1015,93,1.19,525,6.73
2026-09-11T11:31:39.195,1789106499.1951,1016,-226,-2.9,500,6.41
2026-09-11T11:31:39.201,1789106499.2011,1017,27,0.35,500,6.41
2026-09-11T11:31:39.207,1789106499.2072,1018,271,3.47,497,6.37
2026-09-11T11:31:39.214,1789106499.2144,1019,66,0.85,497,6.37
2026-09-11T11:31:39.218,1789106499.2184,1020,-318,-4.08,589,7.55
2026-09-11T11:31:39.224,1789106499.2246,1021,72,0.92,589,7.55
2026-09-11T11:31:39.226,1789106499.2266,1022,283,3.63,601,7.71
2026-09-11T11:31:39.227,1789106499.2276,1023,34,0.44,601,7.71
2026-09-11T11:31:39.233,1789106499.2338,1024,-326,-4.18,609,7.81
2026-09-11T11:31:39.235,1789106499.2358,1025,120,1.54,609,7.81
2026-09-11T11:31:39.244,1789106499.2441,1026,260,3.33,586,7.51
2026-09-11T11:31:39.245,1789106499.2451,1027,-9,-0.12,586,7.51
2026-09-11T11:31:39.253,1789106499.2533,1028,-333,-4.27,593,7.6
2026-09-11T11:31:39.263,1789106499.2635,1029,-160,-2.05,593,7.6
2026-09-11T11:31:39.264,1789106499.2645,1030,236,3.03,569,7.29
2026-09-11T11:31:39.270,1789106499.2705,1031,-25,-0.32,569,7.29
2026-09-11T11:31:39.272,1789106499.2726,1032,-349,-4.47,585,7.5
2026-09-11T11:31:39.281,1789106499.2818,1033,-132,-1.69,585,7.5
2026-09-11T11:31:39.282,1789106499.2828,1034,216,2.77,565,7.24
2026-09-11T11:31:39.292,1789106499.2923,1035,-81,-1.04,565,7.24
2026-09-11T11:31:39.297,1789106499.2973,1036,-340,-4.36,556,7.13
2026-09-11T11:31:39.298,1789106499.2983,1037,-107,-1.37,556,7.13
2026-09-11T11:31:39.304,1789106499.3045,1038,213,2.73,553,7.09
2026-09-11T11:31:39.312,1789106499.3126,1039,-120,-1.54,553,7.09
2026-09-11T11:31:39.314,1789106499.3146,1040,-348,-4.46,561,7.19
2026-09-11T11:31:39.317,1789106499.3176,1041,-86,-1.1,561,7.19
2026-09-11T11:31:39.323,1789106499.3238,1042,246,3.15,594,7.62
2026-09-11T11:31:39.325,1789106499.3258,1043,-184,-2.36,594,7.62
2026-09-11T11:31:39.340,1789106499.3400,1044,-335,-4.29,581,7.45
2026-09-11T11:31:39.345,1789106499.3451,1045,-74,-0.95,581,7.45
2026-09-11T11:31:39.347,1789106499.3471,1046,251,3.22,586,7.51
2026-09-11T11:31:39.350,1789106499.3501,1047,-223,-2.86,586,7.51
2026-09-11T11:31:39.353,1789106499.3533,1048,-302,-3.87,553,7.09
2026-09-11T11:31:39.364,1789106499.3646,1049,-61,-0.78,553,7.09
2026-09-11T11:31:39.369,1789106499.3696,1050,272,3.49,574,7.36
2026-09-11T11:31:39.371,1789106499.3717,1051,114,1.46,574,7.36
2026-09-11T11:31:39.378,1789106499.3788,1052,-273,-3.5,545,6.99
2026-09-11T11:31:39.380,1789106499.3808,1053,-52,-0.67,545,6.99
2026-09-11T11:31:39.383,1789106499.3839,1054,272,3.49,545,6.99
2026-09-11T11:31:39.388,1789106499.3883,1055,91,1.17,545,6.99
2026-09-11T11:31:39.393,1789106499.3933,1056,-248,-3.18,520,6.67
2026-09-11T11:31:39.396,1789106499.3963,1057,-7,-0.09,520,6.67
2026-09-11T11:31:39.405,1789106499.4056,1058,281,3.6,529,6.78
2026-09-11T11:31:39.414,1789106499.4143,1059,56,0.72,529,6.78
2026-09-11T11:31:39.417,1789106499.4173,1060,-312,-4.0,593,7.6
2026-09-11T11:31:39.419,1789106499.4193,1061,50,0.64,593,7.6
2026-09-11T11:31:39.422,1789106499.4225,1062,274,3.51,586,7.51
2026-09-11T11:31:39.430,1789106499.4302,1063,37,0.47,586,7.51
2026-09-11T11:31:39.434,1789106499.4344,1064,-328,-4.21,602,7.72
2026-09-11T11:31:39.437,1789106499.4374,1065,98,1.26,602,7.72
2026-09-11T11:31:39.447,1789106499.4474,1066,270,3.46,598,7.67
2026-09-11T11:31:39.450,1789106499.4504,1067,37,0.47,598,7.67
2026-09-11T11:31:39.452,1789106499.4526,1068,-331,-4.24,601,7.71
2026-09-11T11:31:39.463,1789106499.4637,1069,-158,-2.03,601,7.71
2026-09-11T11:31:39.465,1789106499.4657,1070,254,3.26,585,7.5
2026-09-11T11:31:39.469,1789106499.4697,1071,-7,-0.09,585,7.5
2026-09-11T11:31:39.475,1789106499.4758,1072,-335,-4.29,589,7.55
2026-09-11T11:31:39.476,1789106499.4768,1073,-121,-1.55,589,7.55
2026-09-11T11:31:39.483,1789106499.4831,1074,246,3.15,581,7.45
2026-09-11T11:31:39.496,1789106499.4963,1075,-43,-0.55,581,7.45
2026-09-11T11:31:39.501,1789106499.5013,1076,-327,-4.19,573,7.35
2026-09-11T11:31:39.503,1789106499.5034,1077,-105,-1.35,573,7.35
2026-09-11T11:31:39.504,1789106499.5044,1078,219,2.81,546,7.0
2026-09-11T11:31:39.513,1789106499.5135,1079,-95,-1.22,546,7.0
2026-09-11T11:31:39.517,1789106499.5175,1080,-326,-4.18,545,6.99
2026-09-11T11:31:39.520,1789106499.5205,1081,-77,-0.99,545,6.99
2026-09-11T11:31:39.521,1789106499.5217,1082,259,3.32,585,7.5
2026-09-11T11:31:39.528,1789106499.5287,1083,-138,-1.77,585,7.5
2026-09-11T11:31:39.536,1789106499.5360,1084,-286,-3.67,545,6.99
2026-09-11T11:31:39.538,1789106499.5380,1085,-53,-0.68,545,6.99
2026-09-11T11:31:39.543,1789106499.5431,1086,283,3.63,569,7.29
2026-09-11T11:31:39.545,1789106499.5451,1087,-178,-2.28,569,7.29
2026-09-11T11:31:39.553,1789106499.5535,1088,-282,-3.62,565,7.24
2026-09-11T11:31:39.564,1789106499.5648,1089,-41,-0.53,565,7.24
2026-09-11T11:31:39.565,1789106499.5658,1090,296,3.79,578,7.41
2026-09-11T11:31:39.571,1789106499.5718,1091,158,2.03,578,7.41
2026-09-11T11:31:39.574,1789106499.5743,1092,-245,-3.14,541,6.94
2026-09-11T11:31:39.580,1789106499.5803,1093,-12,-0.15,541,6.94
2026-09-11T11:31:39.582,1789106499.5825,1094,304,3.9,549,7.04
2026-09-11T11:31:39.590,1789106499.5910,1095,138,1.77,549,7.04
2026-09-11T11:31:39.593,1789106499.5931,1096,-225,-2.88,529,6.78
2026-09-11T11:31:39.603,1789106499.6034,1097,24,0.31,529,6.78
2026-09-11T11:31:39.606,1789106499.6064,1098,300,3.85,525,6.73
2026-09-11T11:31:39.610,1789106499.6104,1099,103,1.32,525,6.73
2026-09-11T11:31:39.616,1789106499.6165,1100,-266,-3.41,566,7.26
2026-09-11T11:31:39.618,1789106499.6185,1101,52,0.67,566,7.26
2026-09-11T11:31:39.625,1789106499.6257,1102,316,4.05,582,7.46
2026-09-11T11:31:39.626,1789106499.6267,1103,90,1.15,582,7.46
2026-09-11T11:31:39.632,1789106499.6330,1104,-282,-3.62,598,7.67
2026-09-11T11:31:39.637,1789106499.6380,1105,100,1.28,598,7.67
2026-09-11T11:31:39.641,1789106499.6413,1106,304,3.9,586,7.51
2026-09-11T11:31:39.651,1789106499.6513,1107,62,0.79,586,7.51
2026-09-11T11:31:39.654,1789106499.6545,1108,-290,-3.72,594,7.62
2026-09-11T11:31:39.659,1789106499.6595,1109,-141,-1.81,594,7.62
2026-09-11T11:31:39.669,1789106499.6697,1110,291,3.73,581,7.45
2026-09-11T11:31:39.673,1789106499.6736,1111,34,0.44,581,7.45
2026-09-11T11:31:39.677,1789106499.6776,1112,-298,-3.82,589,7.55
2026-09-11T11:31:39.681,1789106499.6818,1113,-109,-1.4,589,7.55
2026-09-11T11:31:39.683,1789106499.6838,1114,263,3.37,561,7.19
2026-09-11T11:31:39.690,1789106499.6903,1115,6,0.08,561,7.19
2026-09-11T11:31:39.694,1789106499.6943,1116,-318,-4.08,581,7.45
2026-09-11T11:31:39.698,1789106499.6983,1117,-93,-1.19,581,7.45
2026-09-11T11:31:39.701,1789106499.7013,1118,235,3.01,553,7.09
2026-09-11T11:31:39.715,1789106499.7153,1119,-43,-0.55,553,7.09
2026-09-11T11:31:39.718,1789106499.7183,1120,-306,-3.92,541,6.94
2026-09-11T11:31:39.719,1789106499.7193,1121,-65,-0.83,541,6.94
2026-09-11T11:31:39.721,1789106499.7213,1122,263,3.37,569,7.29
2026-09-11T11:31:39.728,1789106499.7283,1123,-91,-1.17,569,7.29
2026-09-11T11:31:39.732,1789106499.7323,1124,-287,-3.68,550,7.05
2026-09-11T11:31:39.740,1789106499.7403,1125,-49,-0.63,550,7.05
2026-09-11T11:31:39.745,1789106499.7453,1126,283,3.63,570,7.31
2026-09-11T11:31:39.746,1789106499.7463,1127,-151,-1.94,570,7.31
2026-09-11T11:31:39.756,1789106499.7565,1128,-282,-3.62,565,7.24
2026-09-11T11:31:39.764,1789106499.7647,1129,-41,-0.53,565,7.24
2026-09-11T11:31:39.768,1789106499.7687,1130,303,3.88,585,7.5
2026-09-11T11:31:39.770,1789106499.7707,1131,170,2.18,585,7.5
2026-09-11T11:31:39.776,1789106499.7769,1132,-266,-3.41,569,7.29
2026-09-11T11:31:39.778,1789106499.7789,1133,-21,-0.27,569,7.29
2026-09-11T11:31:39.785,1789106499.7850,1134,307,3.94,573,7.35
2026-09-11T11:31:39.787,1789106499.7875,1135,154,1.97,573,7.35
2026-09-11T11:31:39.791,1789106499.7915,1136,-234,-3.0,541,6.94
2026-09-11T11:31:39.804,1789106499.8040,1137,3,0.04,541,6.94
2026-09-11T11:31:39.808,1789106499.8080,1138,311,3.99,545,6.99
2026-09-11T11:31:39.814,1789106499.8141,1139,122,1.56,545,6.99
2026-09-11T11:31:39.815,1789106499.8151,1140,-255,-3.27,566,7.26
2026-09-11T11:31:39.822,1789106499.8223,1141,39,0.5,566,7.26
2026-09-11T11:31:39.827,1789106499.8270,1142,319,4.09,574,7.36
2026-09-11T11:31:39.831,1789106499.8310,1143,102,1.31,574,7.36
2026-09-11T11:31:39.837,1789106499.8372,1144,-283,-3.63,602,7.72
2026-09-11T11:31:39.839,1789106499.8392,1145,83,1.06,602,7.72
2026-09-11T11:31:39.845,1789106499.8452,1146,311,3.99,594,7.62
2026-09-11T11:31:39.850,1789106499.8502,1147,69,0.88,594,7.62
2026-09-11T11:31:39.852,1789106499.8523,1148,-299,-3.83,610,7.82
2026-09-11T11:31:39.863,1789106499.8636,1149,-158,-2.03,610,7.82
2026-09-11T11:31:39.867,1789106499.8676,1150,290,3.72,589,7.55
2026-09-11T11:31:39.869,1789106499.8696,1151,41,0.53,589,7.55
2026-09-11T11:31:39.871,1789106499.8717,1152,-311,-3.99,601,7.71
2026-09-11T11:31:39.879,1789106499.8797,1153,-138,-1.77,601,7.71
2026-09-11T11:31:39.880,1789106499.8807,1154,290,3.72,601,7.71
2026-09-11T11:31:39.887,1789106499.8873,1155,9,0.12,601,7.71
2026-09-11T11:31:39.895,1789106499.8953,1156,-311,-3.99,601,7.71
2026-09-11T11:31:39.897,1789106499.8973,1157,-122,-1.56,601,7.71
2026-09-11T11:31:39.907,1789106499.9076,1158,211,2.71,522,6.69
2026-09-11T11:31:39.913,1789106499.9137,1159,-39,-0.5,522,6.69
2026-09-11T11:31:39.915,1789106499.9157,1160,-315,-4.04,526,6.74
2026-09-11T11:31:39.920,1789106499.9207,1161,-78,-1.0,526,6.74
2026-09-11T11:31:39.923,1789106499.9239,1162,239,3.06,554,7.1
2026-09-11T11:31:39.929,1789106499.9299,1163,-79,-1.01,554,7.1
2026-09-11T11:31:39.930,1789106499.9309,1164,-327,-4.19,566,7.26
2026-09-11T11:31:39.938,1789106499.9380,1165,-66,-0.85,566,7.26
2026-09-11T11:31:39.940,1789106499.9400,1166,271,3.47,598,7.67
2026-09-11T11:31:39.954,1789106499.9543,1167,-147,-1.88,598,7.67
2026-09-11T11:31:39.956,1789106499.9563,1168,-299,-3.83,570,7.31
2026-09-11T11:31:39.964,1789106499.9645,1169,-65,-0.83,570,7.31
2026-09-11T11:31:39.967,1789106499.9671,1170,279,3.58,578,7.41
2026-09-11T11:31:39.969,1789106499.9692,1171,166,2.13,578,7.41
2026-09-11T11:31:39.976,1789106499.9766,1172,-294,-3.77,573,7.35
2026-09-11T11:31:39.978,1789106499.9786,1173,-45,-0.58,573,7.35
2026-09-11T11:31:39.986,1789106499.9862,1174,287,3.68,581,7.45
2026-09-11T11:31:39.989,1789106499.9892,1175,138,1.77,581,7.45
2026-09-11T11:31:39.994,1789106499.9942,1176,-274,-3.51,561,7.19
2026-09-11T11:31:39.999,1789106499.9992,1177,-40,-0.51,561,7.19
2026-09-11T11:31:40.001,1789106500.0012,1178,296,3.79,570,7.31
2026-09-11T11:31:40.011,1789106500.0114,1179,119,1.53,570,7.31
2026-09-11T11:31:40.013,1789106500.0137,1180,-266,-3.41,562,7.21
2026-09-11T11:31:40.019,1789106500.0197,1181,4,0.05,562,7.21
2026-09-11T11:31:40.021,1789106500.0219,1182,296,3.79,562,7.21
2026-09-11T11:31:40.028,1789106500.0289,1183,79,1.01,562,7.21
2026-09-11T11:31:40.036,1789106500.0361,1184,-273,-3.5,569,7.29
2026-09-11T11:31:40.038,1789106500.0381,1185,36,0.46,569,7.29
2026-09-11T11:31:40.045,1789106500.0451,1186,280,3.59,553,7.09
2026-09-11T11:31:40.049,1789106500.0491,1187,55,0.71,553,7.09
2026-09-11T11:31:40.052,1789106500.0521,1188,-305,-3.91,585,7.5
2026-09-11T11:31:40.064,1789106500.0643,1189,-200,-2.56,585,7.5
2026-09-11T11:31:40.065,1789106500.0653,1190,297,3.81,602,7.72
2026-09-11T11:31:40.071,1789106500.0713,1191,31,0.4,602,7.72
2026-09-11T11:31:40.073,1789106500.0735,1192,-329,-4.22,626,8.03
2026-09-11T11:31:40.079,1789106500.0795,1193,-155,-1.99,626,8.03
2026-09-11T11:31:40.081,1789106500.0816,1194,261,3.35,590,7.56
2026-09-11T11:31:40.087,1789106500.0871,1195,12,0.15,590,7.56
2026-09-11T11:31:40.093,1789106500.0931,1196,-320,-4.1,581,7.45
2026-09-11T11:31:40.101,1789106500.1011,1197,-143,-1.83,581,7.45
2026-09-11T11:31:40.105,1789106500.1054,1198,181,2.32,501,6.42
2026-09-11T11:31:40.114,1789106500.1145,1199,-44,-0.56,501,6.42
2026-09-11T11:31:40.120,1789106500.1206,1200,-336,-4.31,517,6.63
2026-09-11T11:31:40.123,1789106500.1237,1201,-115,-1.47,517,6.63
2026-09-11T11:31:40.126,1789106500.1267,1202,202,2.59,538,6.9
2026-09-11T11:31:40.128,1789106500.1287,1203,-84,-1.08,538,6.9
2026-09-11T11:31:40.132,1789106500.1329,1204,-332,-4.26,534,6.85
2026-09-11T11:31:40.142,1789106500.1422,1205,-98,-1.26,534,6.85
2026-09-11T11:31:40.145,1789106500.1452,1206,242,3.1,574,7.36
2026-09-11T11:31:40.150,1789106500.1502,1207,-136,-1.74,574,7.36
2026-09-11T11:31:40.151,1789106500.1520,1208,-323,-4.14,565,7.24
2026-09-11T11:31:40.162,1789106500.1623,1209,-74,-0.95,565,7.24
2026-09-11T11:31:40.163,1789106500.1633,1210,250,3.21,573,7.35
2026-09-11T11:31:40.170,1789106500.1703,1211,169,2.17,573,7.35
2026-09-11T11:31:40.172,1789106500.1724,1212,-307,-3.94,557,7.14
2026-09-11T11:31:40.179,1789106500.1794,1213,-53,-0.68,557,7.14
2026-09-11T11:31:40.187,1789106500.1871,1214,275,3.53,582,7.46
2026-09-11T11:31:40.188,1789106500.1881,1215,134,1.72,582,7.46
2026-09-11T11:31:40.195,1789106500.1951,1216,-286,-3.67,561,7.19
2026-09-11T11:31:40.198,1789106500.1981,1217,-41,-0.53,561,7.19
2026-09-11T11:31:40.209,1789106500.2094,1218,279,3.58,565,7.24
2026-09-11T11:31:40.215,1789106500.2155,1219,118,1.51,565,7.24
2026-09-11T11:31:40.216,1789106500.2165,1220,-266,-3.41,545,6.99
2026-09-11T11:31:40.220,1789106500.2205,1221,-24,-0.31,545,6.99
2026-09-11T11:31:40.222,1789106500.2227,1222,292,3.74,558,7.15
2026-09-11T11:31:40.229,1789106500.2297,1223,95,1.22,558,7.15
2026-09-11T11:31:40.231,1789106500.2318,1224,-286,-3.67,578,7.41
2026-09-11T11:31:40.236,1789106500.2368,1225,4,0.05,578,7.41
2026-09-11T11:31:40.244,1789106500.2443,1226,284,3.64,570,7.31
2026-09-11T11:31:40.245,1789106500.2452,1227,67,0.86,570,7.31
2026-09-11T11:31:40.255,1789106500.2554,1228,-317,-4.06,601,7.71
2026-09-11T11:31:40.265,1789106500.2655,1229,-200,-2.56,601,7.71
2026-09-11T11:31:40.266,1789106500.2665,1230,281,3.6,598,7.67
2026-09-11T11:31:40.271,1789106500.2717,1231,36,0.46,598,7.67
2026-09-11T11:31:40.277,1789106500.2777,1232,-320,-4.1,601,7.71
2026-09-11T11:31:40.279,1789106500.2797,1233,-187,-2.4,601,7.71
2026-09-11T11:31:40.282,1789106500.2828,1234,257,3.29,577,7.4
2026-09-11T11:31:40.290,1789106500.2903,1235,4,0.05,577,7.4
2026-09-11T11:31:40.297,1789106500.2973,1236,-348,-4.46,605,7.76
2026-09-11T11:31:40.298,1789106500.2983,1237,-170,-2.18,605,7.76
2026-09-11T11:31:40.304,1789106500.3046,1238,146,1.87,494,6.33
2026-09-11T11:31:40.310,1789106500.3106,1239,-27,-0.35,494,6.33
2026-09-11T11:31:40.314,1789106500.3147,1240,-335,-4.29,481,6.17
2026-09-11T11:31:40.322,1789106500.3229,1241,-146,-1.87,481,6.17
2026-09-11T11:31:40.325,1789106500.3259,1242,191,2.45,526,6.74
2026-09-11T11:31:40.328,1789106500.3289,1243,-71,-0.91,526,6.74
2026-09-11T11:31:40.335,1789106500.3352,1244,-343,-4.4,534,6.85
2026-09-11T11:31:40.337,1789106500.3372,1245,-121,-1.55,534,6.85
2026-09-11T11:31:40.345,1789106500.3453,1246,199,2.55,542,6.95
2026-09-11T11:31:40.350,1789106500.3503,1247,-46,-0.59,542,6.95
2026-09-11T11:31:40.354,1789106500.3544,1248,310,3.97,431,5.53
2026-09-11T11:31:40.368,1789106500.3682,1249,-563,-7.22,873,11.19
2026-09-11T11:31:40.370,1789106500.3709,1250,-1369,-17.55,1679,21.53
2026-09-11T11:31:40.375,1789106500.3753,1251,-1223,-15.68,1679,21.53
2026-09-11T11:31:40.377,1789106500.3774,1252,87,1.12,1456,18.67
2026-09-11T11:31:40.380,1789106500.3804,1253,-461,-5.91,1456,18.67
2026-09-11T11:31:40.387,1789106500.3875,1254,-1208,-15.49,1310,16.79
2026-09-11T11:31:40.388,1789106500.3885,1255,-939,-12.04,1295,16.6
2026-09-11T11:31:40.391,1789106500.3917,1256,245,3.14,1453,18.63
2026-09-11T11:31:40.398,1789106500.3987,1257,-332,-4.26,1453,18.63
2026-09-11T11:31:40.401,1789106500.4019,1258,-1075,-13.78,1320,16.92
2026-09-11T11:31:40.418,1789106500.4184,1259,-747,-9.58,1320,16.92
2026-09-11T11:31:40.422,1789106500.4224,1260,212,2.72,1287,16.5
2026-09-11T11:31:40.424,1789106500.4247,1261,-234,-3.0,1287,16.5
2026-09-11T11:31:40.428,1789106500.4290,1262,-977,-12.53,1189,15.24
2026-09-11T11:31:40.429,1789106500.4300,1263,-549,-7.04,1189,15.24
2026-09-11T11:31:40.435,1789106500.4353,1264,381,4.88,1358,17.41
2026-09-11T11:31:40.441,1789106500.4412,1265,-218,-2.79,1358,17.41
2026-09-11T11:31:40.444,1789106500.4442,1266,-905,-11.6,1286,16.49
2026-09-11T11:31:40.450,1789106500.4502,1267,-441,-5.65,1286,16.49
2026-09-11T11:31:40.453,1789106500.4534,1268,480,6.15,1385,17.76
2026-09-11T11:31:40.465,1789106500.4657,1269,339,4.35,1385,17.76
2026-09-11T11:31:40.467,1789106500.4677,1270,-874,-11.21,1354,17.36
2026-09-11T11:31:40.468,1789106500.4687,1271,-338,-4.33,1354,17.36
2026-09-11T11:31:40.472,1789106500.4729,1272,543,6.96,1417,18.17
2026-09-11T11:31:40.477,1789106500.4779,1273,257,3.29,1417,18.17
2026-09-11T11:31:40.480,1789106500.4809,1274,-791,-10.14,1334,17.1
2026-09-11T11:31:40.490,1789106500.4906,1275,-227,-2.91,1334,17.1
2026-09-11T11:31:40.494,1789106500.4946,1276,501,6.42,1292,16.56
2026-09-11T11:31:40.499,1789106500.4996,1277,155,1.99,1292,16.56
2026-09-11T11:31:40.504,1789106500.5048,1278,-393,-5.04,894,11.46
2026-09-11T11:31:40.512,1789106500.5129,1279,-121,-1.55,894,11.46
2026-09-11T11:31:40.514,1789106500.5149,1280,323,4.14,716,9.18
2026-09-11T11:31:40.522,1789106500.5221,1281,-10,-0.13,716,9.18
2026-09-11T11:31:40.524,1789106500.5241,1282,-406,-5.21,729,9.35
2026-09-11T11:31:40.534,1789106500.5343,1283,-111,-1.42,729,9.35
2026-09-11T11:31:40.535,1789106500.5353,1284,162,2.08,568,7.28
2026-09-11T11:31:40.538,1789106500.5383,1285,-79,-1.01,568,7.28
2026-09-11T11:31:40.545,1789106500.5453,1286,-299,-3.83,461,5.91
2026-09-11T11:31:40.546,1789106500.5463,1287,-25,-0.32,461,5.91
2026-09-11T11:31:40.553,1789106500.5535,1288,16,0.21,315,4.04
2026-09-11T11:31:40.562,1789106500.5627,1289,-101,-1.29,315,4.04
2026-09-11T11:31:40.563,1789106500.5637,1290,0,0.0,117,1.5
2026-09-11T11:31:40.567,1789106500.5677,1291,100,1.28,201,2.58
2026-09-11T11:31:40.574,1789106500.5749,1292,-212,-2.72,312,4.0
2026-09-11T11:31:40.579,1789106500.5799,1293,-11,-0.14,312,4.0
2026-09-11T11:31:40.583,1789106500.5830,1294,329,4.22,541,6.94
2026-09-11T11:31:40.588,1789106500.5885,1295,327,4.19,541,6.94
2026-09-11T11:31:40.596,1789106500.5965,1296,-58,-0.74,387,4.96
2026-09-11T11:31:40.600,1789106500.6005,1297,222,2.85,387,4.96
2026-09-11T11:31:40.604,1789106500.6047,1298,549,7.04,607,7.78
2026-09-11T11:31:40.617,1789106500.6179,1299,483,6.19,607,7.78
2026-09-11T11:31:40.619,1789106500.6199,1300,177,2.27,372,4.77
2026-09-11T11:31:40.621,1789106500.6220,1301,408,5.23,372,4.77
2026-09-11T11:31:40.625,1789106500.6260,1302,718,9.21,541,6.94
2026-09-11T11:31:40.627,1789106500.6280,1303,559,7.17,541,6.94
2026-09-11T11:31:40.632,1789106500.6323,1304,161,2.06,557,7.14
2026-09-11T11:31:40.639,1789106500.6393,1305,372,4.77,557,7.14
2026-09-11T11:31:40.641,1789106500.6413,1306,683,8.76,522,6.69
2026-09-11T11:31:40.649,1789106500.6493,1307,472,6.05,522,6.69
2026-09-11T11:31:40.654,1789106500.6545,1308,82,1.05,601,7.71
2026-09-11T11:31:40.659,1789106500.6595,1309,130,1.67,601,7.71
2026-09-11T11:31:40.665,1789106500.6658,1310,608,7.79,526,6.74
2026-09-11T11:31:40.666,1789106500.6668,1311,385,4.94,526,6.74
2026-09-11T11:31:40.674,1789106500.6745,1312,-12,-0.15,620,7.95
2026-09-11T11:31:40.677,1789106500.6772,1313,84,1.08,620,7.95
2026-09-11T11:31:40.686,1789106500.6865,1314,554,7.1,566,7.26
2026-09-11T11:31:40.690,1789106500.6905,1315,296,3.79,566,7.26
2026-09-11T11:31:40.693,1789106500.6936,1316,-69,-0.88,623,7.99
2026-09-11T11:31:40.699,1789106500.6996,1317,67,0.86,623,7.99
2026-09-11T11:31:40.705,1789106500.7058,1318,363,4.65,432,5.54
2026-09-11T11:31:40.711,1789106500.7120,1319,240,3.08,432,5.54
2026-09-11T11:31:40.714,1789106500.7150,1320,-117,-1.5,480,6.15
2026-09-11T11:31:40.720,1789106500.7210,1321,67,0.86,480,6.15
2026-09-11T11:31:40.720,1789106500.7210,1322,351,4.5,468,6.0
2026-09-11T11:31:40.732,1789106500.7324,1323,172,2.21,468,6.0
2026-09-11T11:31:40.734,1789106500.7344,1324,-149,-1.91,500,6.41
2026-09-11T11:31:40.737,1789106500.7374,1325,60,0.77,500,6.41
2026-09-11T11:31:40.744,1789106500.7444,1326,415,5.32,564,7.23
2026-09-11T11:31:40.751,1789106500.7514,1327,136,1.74,564,7.23
2026-09-11T11:31:40.755,1789106500.7556,1328,-152,-1.95,567,7.27
2026-09-11T11:31:40.763,1789106500.7637,1329,96,1.23,567,7.27
2026-09-11T11:31:40.768,1789106500.7687,1330,436,5.59,588,7.54
2026-09-11T11:31:40.772,1789106500.7721,1331,394,5.05,588,7.54
2026-09-11T11:31:40.778,1789106500.7780,1332,-128,-1.64,564,7.23
2026-09-11T11:31:40.778,1789106500.7786,1333,125,1.6,564,7.23
2026-09-11T11:31:40.780,1789106500.7806,1334,464,5.95,592,7.59
2026-09-11T11:31:40.786,1789106500.7868,1335,386,4.95,592,7.59
2026-09-11T11:31:40.794,1789106500.7942,1336,-103,-1.32,567,7.27
2026-09-11T11:31:40.796,1789106500.7962,1337,153,1.96,567,7.27
2026-09-11T11:31:40.803,1789106500.8033,1338,481,6.17,584,7.49
2026-09-11T11:31:40.813,1789106500.8135,1339,339,4.35,584,7.49
2026-09-11T11:31:40.814,1789106500.8145,1340,-23,-0.29,504,6.46
2026-09-11T11:31:40.820,1789106500.8205,1341,126,1.62,504,6.46
2026-09-11T11:31:40.821,1789106500.8216,1342,465,5.96,488,6.26
2026-09-11T11:31:40.830,1789106500.8306,1343,304,3.9,488,6.26
2026-09-11T11:31:40.832,1789106500.8327,1344,-102,-1.31,567,7.27
2026-09-11T11:31:40.842,1789106500.8421,1345,123,1.58,567,7.27
2026-09-11T11:31:40.845,1789106500.8451,1346,427,5.47,529,6.78
2026-09-11T11:31:40.848,1789106500.8487,1347,253,3.24,529,6.78
2026-09-11T11:31:40.853,1789106500.8539,1348,-132,-1.69,559,7.17
2026-09-11T11:31:40.861,1789106500.8616,1349,-99,-1.27,559,7.17
2026-09-11T11:31:40.864,1789106500.8646,1350,424,5.44,556,7.13
2026-09-11T11:31:40.867,1789106500.8676,1351,211,2.71,556,7.13
2026-09-11T11:31:40.872,1789106500.8729,1352,-162,-2.08,586,7.51
2026-09-11T11:31:40.875,1789106500.8759,1353,-85,-1.09,586,7.51
2026-09-11T11:31:40.887,1789106500.8877,1354,406,5.21,568,7.28
2026-09-11T11:31:40.892,1789106500.8927,1355,165,2.12,568,7.28
2026-09-11T11:31:40.897,1789106500.8977,1356,-208,-2.67,614,7.87
2026-09-11T11:31:40.898,1789106500.8987,1357,-79,-1.01,614,7.87
2026-09-11T11:31:40.901,1789106500.9018,1358,205,2.63,413,5.29
2026-09-11T11:31:40.914,1789106500.9150,1359,119,1.53,413,5.29
2026-09-11T11:31:40.917,1789106500.9180,1360,-242,-3.1,447,5.73
2026-09-11T11:31:40.919,1789106500.9200,1361,-73,-0.94,447,5.73
2026-09-11T11:31:40.926,1789106500.9261,1362,248,3.18,490,6.28
2026-09-11T11:31:40.932,1789106500.9324,1363,81,1.04,490,6.28
2026-09-11T11:31:40.933,1789106500.9334,1364,-255,-3.27,503,6.45
2026-09-11T11:31:40.937,1789106500.9374,1365,-38,-0.49,503,6.45
2026-09-11T11:31:40.944,1789106500.9444,1366,274,3.51,529,6.78
2026-09-11T11:31:40.948,1789106500.9484,1367,333,4.27,588,7.54
2026-09-11T11:31:40.954,1789106500.9546,1368,-241,-3.09,574,7.36
2026-09-11T11:31:40.963,1789106500.9637,1369,36,0.46,574,7.36
2026-09-11T11:31:40.966,1789106500.9667,1370,368,4.72,609,7.81
2026-09-11T11:31:40.968,1789106500.9687,1371,363,4.65,609,7.81
2026-09-11T11:31:40.972,1789106500.9720,1372,-195,-2.5,563,7.22
2026-09-11T11:31:40.980,1789106500.9800,1373,54,0.69,563,7.22
2026-09-11T11:31:40.983,1789106500.9832,1374,382,4.9,577,7.4
2026-09-11T11:31:40.994,1789106500.9947,1375,308,3.95,577,7.4
2026-09-11T11:31:40.995,1789106500.9957,1376,-221,-2.83,603,7.73
2026-09-11T11:31:40.998,1789106500.9987,1377,20,0.26,603,7.73
2026-09-11T11:31:41.002,1789106501.0029,1378,352,4.51,573,7.35
2026-09-11T11:31:41.014,1789106501.0141,1379,247,3.17,573,7.35
2026-09-11T11:31:41.015,1789106501.0151,1380,-106,-1.36,458,5.87
2026-09-11T11:31:41.021,1789106501.0211,1381,3,0.04,458,5.87
2026-09-11T11:31:41.025,1789106501.0253,1382,343,4.4,449,5.76
2026-09-11T11:31:41.026,1789106501.0262,1383,186,2.38,449,5.76
2026-09-11T11:31:41.039,1789106501.0395,1384,-191,-2.45,534,6.85
2026-09-11T11:31:41.042,1789106501.0427,1385,-2,-0.03,534,6.85
2026-09-11T11:31:41.045,1789106501.0457,1386,322,4.13,513,6.58
2026-09-11T11:31:41.049,1789106501.0497,1387,141,1.81,513,6.58
2026-09-11T11:31:41.057,1789106501.0578,1388,-251,-3.22,573,7.35
2026-09-11T11:31:41.065,1789106501.0660,1389,-234,-3.0,573,7.35
2026-09-11T11:31:41.069,1789106501.0700,1390,291,3.73,542,6.95
2026-09-11T11:31:41.072,1789106501.0722,1391,93,1.19,542,6.95
2026-09-11T11:31:41.076,1789106501.0762,1392,-291,-3.73,582,7.46
2026-09-11T11:31:41.078,1789106501.0782,1393,-218,-2.79,582,7.46
2026-09-11T11:31:41.084,1789106501.0843,1394,295,3.78,586,7.51
2026-09-11T11:31:41.085,1789106501.0853,1395,78,1.0,586,7.51
2026-09-11T11:31:41.092,1789106501.0928,1396,-307,-3.94,602,7.72
2026-09-11T11:31:41.099,1789106501.0998,1397,-197,-2.53,602,7.72
2026-09-11T11:31:41.100,1789106501.1008,1398,63,0.81,385,4.94
2026-09-11T11:31:41.114,1789106501.1141,1399,26,0.33,370,4.74
2026-09-11T11:31:41.118,1789106501.1181,1400,-326,-4.18,389,4.99
2026-09-11T11:31:41.120,1789106501.1201,1401,-177,-2.27,389,4.99
2026-09-11T11:31:41.121,1789106501.1211,1402,120,1.54,446,5.72
2026-09-11T11:31:41.128,1789106501.1283,1403,-5,-0.06,446,5.72
2026-09-11T11:31:41.135,1789106501.1354,1404,-333,-4.27,453,5.81
2026-09-11T11:31:41.137,1789106501.1374,1405,-148,-1.9,453,5.81
2026-09-11T11:31:41.149,1789106501.1494,1406,172,2.21,505,6.47
2026-09-11T11:31:41.152,1789106501.1526,1407,240,3.08,573,7.35
2026-09-11T11:31:41.154,1789106501.1546,1408,-341,-4.37,581,7.45
2026-09-11T11:31:41.164,1789106501.1647,1409,-140,-1.79,581,7.45
2026-09-11T11:31:41.165,1789106501.1657,1410,193,2.47,581,7.45
2026-09-11T11:31:41.171,1789106501.1713,1411,208,2.67,549,7.04
2026-09-11T11:31:41.176,1789106501.1767,1412,-356,-4.56,564,7.23
2026-09-11T11:31:41.179,1789106501.1793,1413,-107,-1.37,564,7.23
2026-09-11T11:31:41.181,1789106501.1819,1414,221,2.83,577,7.4
2026-09-11T11:31:41.188,1789106501.1880,1415,197,2.53,577,7.4
2026-09-11T11:31:41.194,1789106501.1941,1416,-336,-4.31,557,7.14
2026-09-11T11:31:41.204,1789106501.2045,1417,-74,-0.95,557,7.14
2026-09-11T11:31:41.206,1789106501.2065,1418,254,3.26,590,7.56
2026-09-11T11:31:41.215,1789106501.2157,1419,177,2.27,590,7.56
2026-09-11T11:31:41.218,1789106501.2187,1420,-180,-2.31,434,5.56
2026-09-11T11:31:41.222,1789106501.2228,1421,-58,-0.74,434,5.56
2026-09-11T11:31:41.223,1789106501.2238,1422,270,3.46,450,5.77
2026-09-11T11:31:41.228,1789106501.2288,1423,149,1.91,450,5.77
2026-09-11T11:31:41.234,1789106501.2340,1424,-207,-2.65,477,6.12
2026-09-11T11:31:41.237,1789106501.2370,1425,-49,-0.63,477,6.12
2026-09-11T11:31:41.243,1789106501.2432,1426,275,3.53,482,6.18
2026-09-11T11:31:41.249,1789106501.2492,1427,118,1.51,482,6.18
2026-09-11T11:31:41.251,1789106501.2512,1428,-263,-3.37,538,6.9
2026-09-11T11:31:41.262,1789106501.2625,1429,-258,-3.31,538,6.9
2026-09-11T11:31:41.264,1789106501.2645,1430,271,3.47,534,6.85
2026-09-11T11:31:41.270,1789106501.2705,1431,90,1.15,534,6.85
2026-09-11T11:31:41.271,1789106501.2717,1432,-282,-3.62,553,7.09
2026-09-11T11:31:41.280,1789106501.2807,1433,-241,-3.09,553,7.09
2026-09-11T11:31:41.282,1789106501.2828,1434,268,3.44,550,7.05
2026-09-11T11:31:41.289,1789106501.2893,1435,63,0.81,550,7.05
2026-09-11T11:31:41.296,1789106501.2963,1436,-313,-4.01,581,7.45
2026-09-11T11:31:41.299,1789106501.2993,1437,-212,-2.72,581,7.45
2026-09-11T11:31:41.303,1789106501.3035,1438,57,0.73,376,4.82
2026-09-11T11:31:41.314,1789106501.3147,1439,44,0.56,370,4.74
2026-09-11T11:31:41.317,1789106501.3177,1440,-317,-4.06,374,4.79
2026-09-11T11:31:41.319,1789106501.3197,1441,-191,-2.45,374,4.79
2026-09-11T11:31:41.326,1789106501.3269,1442,105,1.35,422,5.41
2026-09-11T11:31:41.327,1789106501.3279,1443,16,0.21,422,5.41
2026-09-11T11:31:41.332,1789106501.3330,1444,-340,-4.36,445,5.71
2026-09-11T11:31:41.338,1789106501.3390,1445,-175,-2.24,445,5.71
2026-09-11T11:31:41.340,1789106501.3410,1446,138,1.77,478,6.13
2026-09-11T11:31:41.347,1789106501.3472,1447,249,3.19,589,7.55
2026-09-11T11:31:41.356,1789106501.3564,1448,-324,-4.15,573,7.35
2026-09-11T11:31:41.366,1789106501.3666,1449,-130,-1.67,573,7.35
2026-09-11T11:31:41.367,1789106501.3676,1450,198,2.54,573,7.35
2026-09-11T11:31:41.370,1789106501.3710,1451,245,3.14,569,7.29
2026-09-11T11:31:41.372,1789106501.3730,1452,-339,-4.35,584,7.49
2026-09-11T11:31:41.377,1789106501.3780,1453,-110,-1.41,584,7.49
2026-09-11T11:31:41.384,1789106501.3842,1454,226,2.9,584,7.49
2026-09-11T11:31:41.388,1789106501.3883,1455,217,2.78,565,7.24
2026-09-11T11:31:41.393,1789106501.3933,1456,-315,-4.04,541,6.94
2026-09-11T11:31:41.399,1789106501.3993,1457,-94,-1.21,541,6.94
2026-09-11T11:31:41.401,1789106501.4013,1458,239,3.06,554,7.1
2026-09-11T11:31:41.413,1789106501.4136,1459,178,2.28,554,7.1
2026-09-11T11:31:41.414,1789106501.4146,1460,-151,-1.94,390,5.0
2026-09-11T11:31:41.419,1789106501.4193,1461,-65,-0.83,390,5.0
2026-09-11T11:31:41.423,1789106501.4235,1462,267,3.42,418,5.36
2026-09-11T11:31:41.430,1789106501.4305,1463,166,2.13,418,5.36
2026-09-11T11:31:41.432,1789106501.4327,1464,-203,-2.6,470,6.03
2026-09-11T11:31:41.439,1789106501.4397,1465,-57,-0.73,470,6.03
2026-09-11T11:31:41.444,1789106501.4450,1466,276,3.54,479,6.14
2026-09-11T11:31:41.447,1789106501.4480,1467,135,1.73,479,6.14
2026-09-11T11:31:41.460,1789106501.4602,1468,-254,-3.26,530,6.79
2026-09-11T11:31:41.466,1789106501.4663,1469,-285,-3.65,561,7.19
2026-09-11T11:31:41.467,1789106501.4673,1470,264,3.38,549,7.04
2026-09-11T11:31:41.470,1789106501.4703,1471,99,1.27,549,7.04
2026-09-11T11:31:41.476,1789106501.4765,1472,-285,-3.65,549,7.04
2026-09-11T11:31:41.478,1789106501.4785,1473,-260,-3.33,549,7.04
2026-09-11T11:31:41.482,1789106501.4827,1474,277,3.55,562,7.21
2026-09-11T11:31:41.488,1789106501.4882,1475,64,0.82,562,7.21
2026-09-11T11:31:41.491,1789106501.4912,1476,-308,-3.95,585,7.5
2026-09-11T11:31:41.504,1789106501.5045,1477,-235,-3.01,585,7.5
2026-09-11T11:31:41.507,1789106501.5075,1478,18,0.23,372,4.77
2026-09-11T11:31:41.514,1789106501.5146,1479,41,0.53,349,4.47
2026-09-11T11:31:41.516,1789106501.5166,1480,-319,-4.09,360,4.62
2026-09-11T11:31:41.521,1789106501.5218,1481,-214,-2.74,360,4.62
2026-09-11T11:31:41.527,1789106501.5278,1482,67,0.86,386,4.95
2026-09-11T11:31:41.531,1789106501.5319,1483,17,0.22,386,4.95
2026-09-11T11:31:41.534,1789106501.5349,1484,-335,-4.29,402,5.15
2026-09-11T11:31:41.536,1789106501.5369,1485,-197,-2.53,402,5.15
2026-09-11T11:31:41.544,1789106501.5442,1486,119,1.53,454,5.82
2026-09-11T11:31:41.551,1789106501.5512,1487,259,3.32,594,7.62
2026-09-11T11:31:41.552,1789106501.5524,1488,-338,-4.33,597,7.65
2026-09-11T11:31:41.564,1789106501.5645,1489,-165,-2.12,597,7.65
2026-09-11T11:31:41.565,1789106501.5655,1490,156,2.0,597,7.65
2026-09-11T11:31:41.569,1789106501.5695,1491,223,2.86,561,7.19
2026-09-11T11:31:41.573,1789106501.5732,1492,-349,-4.47,572,7.33
2026-09-11T11:31:41.579,1789106501.5791,1493,-152,-1.95,572,7.33
2026-09-11T11:31:41.582,1789106501.5824,1494,201,2.58,572,7.33
2026-09-11T11:31:41.590,1789106501.5909,1495,196,2.51,550,7.05
2026-09-11T11:31:41.594,1789106501.5941,1496,-357,-4.58,558,7.15
2026-09-11T11:31:41.596,1789106501.5961,1497,-115,-1.47,558,7.15
2026-09-11T11:31:41.603,1789106501.6034,1498,213,2.73,570,7.31
2026-09-11T11:31:41.616,1789106501.6167,1499,180,2.31,570,7.31
2026-09-11T11:31:41.619,1789106501.6197,1500,-148,-1.9,361,4.63
2026-09-11T11:31:41.621,1789106501.6218,1501,-86,-1.1,361,4.63
2026-09-11T11:31:41.625,1789106501.6258,1502,246,3.15,394,5.05
2026-09-11T11:31:41.628,1789106501.6288,1503,153,1.96,394,5.05
2026-09-11T11:31:41.635,1789106501.6360,1504,-192,-2.46,438,5.62
2026-09-11T11:31:41.640,1789106501.6410,1505,-50,-0.64,438,5.62
2026-09-11T11:31:41.643,1789106501.6432,1506,275,3.53,467,5.99
2026-09-11T11:31:41.647,1789106501.6471,1507,145,1.86,467,5.99
2026-09-11T11:31:41.650,1789106501.6502,1508,-215,-2.76,490,6.28
2026-09-11T11:31:41.664,1789106501.6646,1509,-282,-3.62,557,7.14
2026-09-11T11:31:41.668,1789106501.6681,1510,295,3.78,577,7.4
2026-09-11T11:31:41.672,1789106501.6723,1511,114,1.46,577,7.4
2026-09-11T11:31:41.673,1789106501.6733,1512,-263,-3.37,577,7.4
2026-09-11T11:31:41.681,1789106501.6820,1513,-266,-3.41,561,7.19
2026-09-11T11:31:41.686,1789106501.6861,1514,284,3.64,550,7.05
2026-09-11T11:31:41.689,1789106501.6896,1515,82,1.05,550,7.05
2026-09-11T11:31:41.696,1789106501.6966,1516,-286,-3.67,570,7.31
2026-09-11T11:31:41.699,1789106501.6996,1517,-241,-3.09,570,7.31
2026-09-11T11:31:41.705,1789106501.7058,1518,4,0.05,368,4.72
2026-09-11T11:31:41.712,1789106501.7130,1519,55,0.71,341,4.37
2026-09-11T11:31:41.714,1789106501.7150,1520,-333,-4.27,388,4.97
2026-09-11T11:31:41.718,1789106501.7190,1521,-228,-2.92,388,4.97
2026-09-11T11:31:41.720,1789106501.7210,1522,41,0.53,388,4.97
2026-09-11T11:31:41.729,1789106501.7291,1523,-16,-0.21,374,4.79
2026-09-11T11:31:41.733,1789106501.7333,1524,-236,-3.03,277,3.55
2026-09-11T11:31:41.740,1789106501.7403,1525,-971,-12.45,1012,12.97
2026-09-11T11:31:41.744,1789106501.7443,1526,-1347,-17.27,1331,17.06
2026-09-11T11:31:41.748,1789106501.7483,1527,-1526,-19.56,1290,16.54
2026-09-11T11:31:41.755,1789106501.7555,1528,-715,-9.17,811,10.4
2026-09-11T11:31:41.762,1789106501.7626,1529,-825,-10.58,811,10.4
2026-09-11T11:31:41.766,1789106501.7666,1530,-1153,-14.78,811,10.4
2026-09-11T11:31:41.774,1789106501.7742,1531,-1249,-16.01,534,6.85
2026-09-11T11:31:41.777,1789106501.7772,1532,-309,-3.96,940,12.05
2026-09-11T11:31:41.779,1789106501.7792,1533,-556,-7.13,940,12.05
2026-09-11T11:31:41.780,1789106501.7802,1534,-941,-12.06,940,12.05
2026-09-11T11:31:41.788,1789106501.7889,1535,-978,-12.54,669,8.58
2026-09-11T11:31:41.794,1789106501.7949,1536,-76,-0.97,902,11.56
2026-09-11T11:31:41.797,1789106501.7979,1537,-376,-4.82,902,11.56
2026-09-11T11:31:41.802,1789106501.8022,1538,-798,-10.23,902,11.56
2026-09-11T11:31:41.816,1789106501.8165,1539,-771,-9.88,722,9.26
2026-09-11T11:31:41.820,1789106501.8205,1540,-284,-3.64,514,6.59
2026-09-11T11:31:41.824,1789106501.8247,1541,-275,-3.53,523,6.71
2026-09-11T11:31:41.828,1789106501.8287,1542,-702,-9.0,496,6.36
2026-09-11T11:31:41.831,1789106501.8318,1543,-619,-7.94,427,5.47
2026-09-11T11:31:41.834,1789106501.8348,1544,-133,-1.71,569,7.29
2026-09-11T11:31:41.839,1789106501.8398,1545,-233,-2.99,569,7.29
2026-09-11T11:31:41.844,1789106501.8441,1546,-584,-7.49,486,6.23
2026-09-11T11:31:41.853,1789106501.8532,1547,-453,-5.81,451,5.78
2026-09-11T11:31:41.856,1789106501.8562,1548,-64,-0.82,520,6.67
2026-09-11T11:31:41.864,1789106501.8644,1549,-11,-0.14,573,7.35
2026-09-11T11:31:41.868,1789106501.8684,1550,-470,-6.03,459,5.88
2026-09-11T11:31:41.870,1789106501.8704,1551,-329,-4.22,459,5.88
2026-09-11T11:31:41.872,1789106501.8725,1552,-87,-1.12,459,5.88
2026-09-11T11:31:41.878,1789106501.8785,1553,-115,-1.47,383,4.91
2026-09-11T11:31:41.882,1789106501.8826,1554,-394,-5.05,307,3.94
2026-09-11T11:31:41.891,1789106501.8912,1555,-300,-3.85,307,3.94
2026-09-11T11:31:41.894,1789106501.8942,1556,-207,-2.65,279,3.58
2026-09-11T11:31:41.897,1789106501.8972,1557,-274,-3.51,187,2.4
2026-09-11T11:31:41.905,1789106501.9054,1558,-373,-4.78,166,2.13
2026-09-11T11:31:41.910,1789106501.9104,1559,-350,-4.49,166,2.13
2026-09-11T11:31:41.916,1789106501.9166,1560,-332,-4.26,99,1.27
2026-09-11T11:31:41.920,1789106501.9206,1561,-363,-4.65,41,0.53
2026-09-11T11:31:41.925,1789106501.9257,1562,-338,-4.33,31,0.4
2026-09-11T11:31:41.932,1789106501.9330,1563,-235,-3.01,128,1.64
2026-09-11T11:31:41.933,1789106501.9340,1564,-362,-4.64,128,1.64
2026-09-11T11:31:41.936,1789106501.9370,1565,-329,-4.22,127,1.63
2026-09-11T11:31:41.944,1789106501.9442,1566,-136,-1.74,226,2.9
2026-09-11T11:31:41.951,1789106501.9512,1567,57,0.73,419,5.37
2026-09-11T11:31:41.952,1789106501.9524,1568,-403,-5.17,460,5.9
2026-09-11T11:31:41.962,1789106501.9625,1569,-273,-3.5,460,5.9
2026-09-11T11:31:41.962,1789106501.9625,1570,20,0.26,460,5.9
2026-09-11T11:31:41.977,1789106501.9777,1571,168,2.15,571,7.32
2026-09-11T11:31:41.984,1789106501.9841,1572,-369,-4.73,537,6.88
2026-09-11T11:31:41.986,1789106501.9861,1573,-179,-2.29,537,6.88
2026-09-11T11:31:41.988,1789106501.9881,1574,153,1.96,537,6.88
2026-09-11T11:31:41.991,1789106501.9911,1575,229,2.94,598,7.67
2026-09-11T11:31:41.998,1789106501.9981,1576,-308,-3.95,537,6.88
2026-09-11T11:31:42.001,1789106502.0011,1577,-83,-1.06,537,6.88
2026-09-11T11:31:42.005,1789106502.0053,1578,261,3.35,569,7.29
2026-09-11T11:31:42.014,1789106502.0144,1579,280,3.59,588,7.54
2026-09-11T11:31:42.019,1789106502.0194,1580,-25,-0.32,363,4.65
2026-09-11T11:31:42.021,1789106502.0214,1581,-32,-0.41,312,4.0
2026-09-11T11:31:42.026,1789106502.0266,1582,329,4.22,361,4.63
2026-09-11T11:31:42.028,1789106502.0286,1583,271,3.47,361,4.63
2026-09-11T11:31:42.032,1789106502.0328,1584,-54,-0.69,383,4.91
2026-09-11T11:31:42.039,1789106502.0398,1585,7,0.09,383,4.91
2026-09-11T11:31:42.042,1789106502.0420,1586,351,4.5,405,5.19
2026-09-11T11:31:42.049,1789106502.0490,1587,262,3.36,405,5.19
2026-09-11T11:31:42.055,1789106502.0552,1588,-83,-1.06,434,5.56
2026-09-11T11:31:42.061,1789106502.0612,1589,-211,-2.71,562,7.21
2026-09-11T11:31:42.065,1789106502.0653,1590,374,4.79,585,7.5
2026-09-11T11:31:42.068,1789106502.0683,1591,257,3.29,585,7.5
2026-09-11T11:31:42.075,1789106502.0755,1592,-116,-1.49,585,7.5
2026-09-11T11:31:42.078,1789106502.0785,1593,-176,-2.26,550,7.05
2026-09-11T11:31:42.090,1789106502.0902,1594,408,5.23,584,7.49
2026-09-11T11:31:42.094,1789106502.0942,1595,243,3.12,584,7.49
2026-09-11T11:31:42.097,1789106502.0972,1596,-122,-1.56,584,7.49
2026-09-11T11:31:42.098,1789106502.0982,1597,-118,-1.51,530,6.79
2026-09-11T11:31:42.101,1789106502.1012,1598,139,1.78,365,4.68
2026-09-11T11:31:42.113,1789106502.1135,1599,261,3.35,383,4.91
2026-09-11T11:31:42.114,1789106502.1145,1600,-144,-1.85,405,5.19
2026-09-11T11:31:42.119,1789106502.1195,1601,-84,-1.08,405,5.19
2026-09-11T11:31:42.121,1789106502.1217,1602,176,2.26,405,5.19
2026-09-11T11:31:42.127,1789106502.1277,1603,214,2.74,358,4.59
2026-09-11T11:31:42.136,1789106502.1370,1604,-167,-2.14,381,4.88
2026-09-11T11:31:42.138,1789106502.1390,1605,-58,-0.74,381,4.88
2026-09-11T11:31:42.147,1789106502.1472,1606,226,2.9,393,5.04
2026-09-11T11:31:42.149,1789106502.1492,1607,433,5.55,600,7.69
2026-09-11T11:31:42.157,1789106502.1574,1608,-181,-2.32,614,7.87
2026-09-11T11:31:42.166,1789106502.1666,1609,-41,-0.53,614,7.87
2026-09-11T11:31:42.169,1789106502.1696,1610,264,3.38,614,7.87
2026-09-11T11:31:42.174,1789106502.1747,1611,423,5.42,604,7.74
2026-09-11T11:31:42.175,1789106502.1757,1612,-148,-1.9,571,7.32
2026-09-11T11:31:42.181,1789106502.1819,1613,37,0.47,571,7.32
2026-09-11T11:31:42.183,1789106502.1839,1614,361,4.63,571,7.32
2026-09-11T11:31:42.190,1789106502.1904,1615,451,5.78,599,7.68
2026-09-11T11:31:42.191,1789106502.1914,1616,-115,-1.47,566,7.26
2026-09-11T11:31:42.199,1789106502.1994,1617,93,1.19,566,7.26
2026-09-11T11:31:42.204,1789106502.2046,1618,429,5.5,566,7.26
2026-09-11T11:31:42.210,1789106502.2106,1619,459,5.88,574,7.36
2026-09-11T11:31:42.215,1789106502.2157,1620,193,2.47,366,4.69
2026-09-11T11:31:42.218,1789106502.2187,1621,149,1.91,310,3.97
2026-09-11T11:31:42.224,1789106502.2249,1622,512,6.56,363,4.65
2026-09-11T11:31:42.227,1789106502.2279,1623,518,6.64,369,4.73
2026-09-11T11:31:42.235,1789106502.2354,1624,208,2.67,369,4.73
2026-09-11T11:31:42.238,1789106502.2384,1625,272,3.49,310,3.97
2026-09-11T11:31:42.242,1789106502.2424,1626,610,7.82,402,5.15
2026-09-11T11:31:42.249,1789106502.2494,1627,556,7.13,402,5.15
2026-09-11T11:31:42.254,1789106502.2546,1628,234,3.0,376,4.82
2026-09-11T11:31:42.261,1789106502.2618,1629,93,1.19,517,6.63
2026-09-11T11:31:42.265,1789106502.2658,1630,703,9.01,610,7.82
2026-09-11T11:31:42.272,1789106502.2720,1631,569,7.29,610,7.82
2026-09-11T11:31:42.275,1789106502.2750,1632,190,2.44,610,7.82
2026-09-11T11:31:42.278,1789106502.2780,1633,98,1.26,605,7.76
2026-09-11T11:31:42.282,1789106502.2823,1634,684,8.77,586,7.51
2026-09-11T11:31:42.285,1789106502.2853,1635,525,6.73,586,7.51
2026-09-11T11:31:42.294,1789106502.2948,1636,131,1.68,586,7.51
2026-09-11T11:31:42.303,1789106502.3030,1637,98,1.26,586,7.51
2026-09-11T11:31:42.305,1789106502.3050,1638,334,4.28,427,5.47
2026-09-11T11:31:42.315,1789106502.3152,1639,406,5.21,308,3.95
2026-09-11T11:31:42.319,1789106502.3192,1640,17,0.22,389,4.99
2026-09-11T11:31:42.322,1789106502.3223,1641,49,0.63,389,4.99
2026-09-11T11:31:42.326,1789106502.3263,1642,269,3.45,389,4.99
2026-09-11T11:31:42.331,1789106502.3313,1643,329,4.22,312,4.0
2026-09-11T11:31:42.337,1789106502.3375,1644,-68,-0.87,397,5.09
2026-09-11T11:31:42.339,1789106502.3395,1645,4,0.05,397,5.09
2026-09-11T11:31:42.343,1789106502.3436,1646,264,3.38,397,5.09
2026-09-11T11:31:42.350,1789106502.3506,1647,487,6.24,555,7.12
2026-09-11T11:31:42.352,1789106502.3528,1648,-132,-1.69,619,7.94
2026-09-11T11:31:42.362,1789106502.3629,1649,-3,-0.04,619,7.94
2026-09-11T11:31:42.364,1789106502.3643,1650,273,3.5,619,7.94
2026-09-11T11:31:42.371,1789106502.3718,1651,436,5.59,568,7.28
2026-09-11T11:31:42.373,1789106502.3739,1652,-171,-2.19,607,7.78
2026-09-11T11:31:42.379,1789106502.3797,1653,-18,-0.23,607,7.78
2026-09-11T11:31:42.381,1789106502.3817,1654,282,3.62,607,7.78
2026-09-11T11:31:42.389,1789106502.3894,1655,405,5.19,576,7.38
2026-09-11T11:31:42.394,1789106502.3944,1656,-197,-2.53,602,7.72
2026-09-11T11:31:42.402,1789106502.4025,1657,-12,-0.15,602,7.72
2026-09-11T11:31:42.405,1789106502.4055,1658,312,4.0,602,7.72
2026-09-11T11:31:42.415,1789106502.4152,1659,363,4.65,560,7.18
2026-09-11T11:31:42.416,1789106502.4162,1660,85,1.09,375,4.81
2026-09-11T11:31:42.419,1789106502.4199,1661,6,0.08,357,4.58
2026-09-11T11:31:42.421,1789106502.4219,1662,310,3.97,357,4.58
2026-09-11T11:31:42.429,1789106502.4291,1663,300,3.85,304,3.9
2026-09-11T11:31:42.431,1789106502.4311,1664,15,0.19,304,3.9
2026-09-11T11:31:42.437,1789106502.4372,1665,-8,-0.1,318,4.08
2026-09-11T11:31:42.450,1789106502.4502,1666,328,4.21,336,4.31
2026-09-11T11:31:42.452,1789106502.4522,1667,275,3.53,336,4.31
2026-09-11T11:31:42.454,1789106502.4544,1668,-66,-0.85,394,5.05
2026-09-11T11:31:42.465,1789106502.4655,1669,-238,-3.05,566,7.26
2026-09-11T11:31:42.468,1789106502.4685,1670,339,4.35,577,7.4
2026-09-11T11:31:42.471,1789106502.4717,1671,242,3.1,577,7.4
2026-09-11T11:31:42.476,1789106502.4767,1672,-119,-1.53,577,7.4
2026-09-11T11:31:42.482,1789106502.4828,1673,-231,-2.96,570,7.31
2026-09-11T11:31:42.484,1789106502.4848,1674,346,4.44,577,7.4
2026-09-11T11:31:42.491,1789106502.4913,1675,205,2.63,577,7.4
2026-09-11T11:31:42.493,1789106502.4933,1676,-172,-2.21,577,7.4
2026-09-11T11:31:42.498,1789106502.4989,1677,-211,-2.71,557,7.14
2026-09-11T11:31:42.507,1789106502.5071,1678,29,0.37,416,5.33
2026-09-11T11:31:42.510,1789106502.5101,1679,164,2.1,375,4.81
2026-09-11T11:31:42.515,1789106502.5159,1680,-213,-2.73,377,4.83
2026-09-11T11:31:42.522,1789106502.5220,1681,-196,-2.51,377,4.83
2026-09-11T11:31:42.525,1789106502.5250,1682,53,0.68,377,4.83
2026-09-11T11:31:42.528,1789106502.5280,1683,147,1.88,360,4.62
2026-09-11T11:31:42.535,1789106502.5352,1684,-229,-2.94,376,4.82
2026-09-11T11:31:42.536,1789106502.5362,1685,-172,-2.21,376,4.82
2026-09-11T11:31:42.544,1789106502.5448,1686,88,1.13,376,4.82
2026-09-11T11:31:42.555,1789106502.5550,1687,368,4.72,597,7.65
2026-09-11T11:31:42.557,1789106502.5578,1688,-238,-3.05,606,7.77
2026-09-11T11:31:42.563,1789106502.5632,1689,-137,-1.76,606,7.77
2026-09-11T11:31:42.565,1789106502.5652,1690,136,1.74,606,7.77
2026-09-11T11:31:42.570,1789106502.5702,1691,339,4.35,577,7.4
2026-09-11T11:31:42.572,1789106502.5724,1692,-255,-3.27,594,7.62
2026-09-11T11:31:42.579,1789106502.5794,1693,-122,-1.56,594,7.62
2026-09-11T11:31:42.581,1789106502.5814,1694,171,2.19,594,7.62
2026-09-11T11:31:42.587,1789106502.5875,1695,334,4.28,589,7.55
2026-09-11T11:31:42.593,1789106502.5933,1696,-264,-3.38,598,7.67
2026-09-11T11:31:42.601,1789106502.6013,1697,-78,-1.0,598,7.67
2026-09-11T11:31:42.605,1789106502.6055,1698,234,3.0,598,7.67
2026-09-11T11:31:42.614,1789106502.6146,1699,313,4.01,577,7.4
2026-09-11T11:31:42.620,1789106502.6206,1700,56,0.72,391,5.01
2026-09-11T11:31:42.624,1789106502.6248,1701,-56,-0.72,369,4.73
2026-09-11T11:31:42.626,1789106502.6268,1702,277,3.55,369,4.73
2026-09-11T11:31:42.630,1789106502.6308,1703,296,3.79,352,4.51
2026-09-11T11:31:42.632,1789106502.6330,1704,6,0.08,352,4.51
2026-09-11T11:31:42.643,1789106502.6431,1705,-29,-0.37,325,4.17
2026-09-11T11:31:42.644,1789106502.6441,1706,284,3.64,325,4.17
2026-09-11T11:31:42.649,1789106502.6491,1707,270,3.46,313,4.01
2026-09-11T11:31:42.656,1789106502.6563,1708,-51,-0.65,335,4.29
2026-09-11T11:31:42.659,1789106502.6593,1709,-266,-3.41,550,7.05
2026-09-11T11:31:42.666,1789106502.6665,1710,315,4.04,581,7.45
2026-09-11T11:31:42.667,1789106502.6680,1711,233,2.99,581,7.45
2026-09-11T11:31:42.675,1789106502.6751,1712,-103,-1.32,581,7.45
2026-09-11T11:31:42.678,1789106502.6781,1713,-259,-3.32,574,7.36
2026-09-11T11:31:42.684,1789106502.6845,1714,322,4.13,581,7.45
2026-09-11T11:31:42.685,1789106502.6855,1715,201,2.58,581,7.45
2026-09-11T11:31:42.695,1789106502.6952,1716,-164,-2.1,581,7.45
2026-09-11T11:31:42.704,1789106502.7044,1717,-243,-3.12,565,7.24
2026-09-11T11:31:42.706,1789106502.7064,1718,-14,-0.18,444,5.69
2026-09-11T11:31:42.712,1789106502.7125,1719,168,2.15,411,5.27
2026-09-11T11:31:42.713,1789106502.7135,1720,-224,-2.87,411,5.27
2026-09-11T11:31:42.720,1789106502.7205,1721,-231,-2.96,399,5.12
2026-09-11T11:31:42.722,1789106502.7227,1722,14,0.18,399,5.12
2026-09-11T11:31:42.730,1789106502.7307,1723,144,1.85,375,4.81
2026-09-11T11:31:42.732,1789106502.7328,1724,-240,-3.08,384,4.92
2026-09-11T11:31:42.736,1789106502.7368,1725,-199,-2.55,384,4.92
2026-09-11T11:31:42.749,1789106502.7494,1726,49,0.63,384,4.92
2026-09-11T11:31:42.753,1789106502.7535,1727,321,4.12,561,7.19
2026-09-11T11:31:42.756,1789106502.7565,1728,-265,-3.4,586,7.51
2026-09-11T11:31:42.764,1789106502.7646,1729,-180,-2.31,586,7.51
2026-09-11T11:31:42.768,1789106502.7686,1730,81,1.04,586,7.51
2026-09-11T11:31:42.770,1789106502.7706,1731,309,3.96,574,7.36
2026-09-11T11:31:42.776,1789106502.7770,1732,-293,-3.76,602,7.72
2026-09-11T11:31:42.780,1789106502.7802,1733,-140,-1.79,602,7.72
2026-09-11T11:31:42.785,1789106502.7856,1734,129,1.65,602,7.72
2026-09-11T11:31:42.792,1789106502.7923,1735,308,3.95,601,7.71
2026-09-11T11:31:42.794,1789106502.7943,1736,-297,-3.81,605,7.76
2026-09-11T11:31:42.800,1789106502.8003,1737,-136,-1.74,605,7.76
2026-09-11T11:31:42.804,1789106502.8045,1738,189,2.42,605,7.76
2026-09-11T11:31:42.810,1789106502.8105,1739,276,3.54,573,7.35
2026-09-11T11:31:42.817,1789106502.8176,1740,23,0.29,412,5.28
2026-09-11T11:31:42.820,1789106502.8206,1741,-112,-1.44,388,4.97
2026-09-11T11:31:42.821,1789106502.8217,1742,212,2.72,388,4.97
2026-09-11T11:31:42.828,1789106502.8287,1743,264,3.38,376,4.82
2026-09-11T11:31:42.835,1789106502.8359,1744,-25,-0.32,376,4.82
2026-09-11T11:31:42.836,1789106502.8369,1745,-88,-1.13,352,4.51
2026-09-11T11:31:42.844,1789106502.8442,1746,252,3.23,352,4.51
2026-09-11T11:31:42.854,1789106502.8546,1747,223,2.86,340,4.36
2026-09-11T11:31:42.856,1789106502.8566,1748,-54,-0.69,340,4.36
2026-09-11T11:31:42.862,1789106502.8627,1749,-309,-3.96,561,7.19
2026-09-11T11:31:42.864,1789106502.8647,1750,264,3.38,573,7.35
2026-09-11T11:31:42.869,1789106502.8697,1751,207,2.65,573,7.35
2026-09-11T11:31:42.872,1789106502.8729,1752,-126,-1.62,573,7.35
2026-09-11T11:31:42.878,1789106502.8789,1753,-297,-3.81,561,7.19
2026-09-11T11:31:42.882,1789106502.8820,1754,292,3.74,589,7.55
2026-09-11T11:31:42.887,1789106502.8870,1755,195,2.5,589,7.55
2026-09-11T11:31:42.892,1789106502.8925,1756,-174,-2.23,589,7.55
2026-09-11T11:31:42.899,1789106502.8995,1757,-273,-3.5,565,7.24
2026-09-11T11:31:42.903,1789106502.9037,1758,-24,-0.31,468,6.0
2026-09-11T11:31:42.914,1789106502.9149,1759,175,2.24,448,5.74
2026-09-11T11:31:42.920,1789106502.9208,1760,-218,-2.79,448,5.74
2026-09-11T11:31:42.923,1789106502.9230,1761,-241,-3.09,416,5.33
2026-09-11T11:31:42.927,1789106502.9270,1762,-12,-0.15,416,5.33
2026-09-11T11:31:42.929,1789106502.9290,1763,143,1.83,384,4.92
2026-09-11T11:31:42.936,1789106502.9362,1764,-230,-2.95,384,4.92
2026-09-11T11:31:42.943,1789106502.9432,1765,-213,-2.73,373,4.78
2026-09-11T11:31:42.945,1789106502.9452,1766,32,0.41,373,4.78
2026-09-11T11:31:42.950,1789106502.9502,1767,332,4.26,562,7.21
2026-09-11T11:31:42.955,1789106502.9554,1768,-258,-3.31,590,7.56
2026-09-11T11:31:42.961,1789106502.9614,1769,-185,-2.37,590,7.56
2026-09-11T11:31:42.967,1789106502.9675,1770,84,1.08,590,7.56
2026-09-11T11:31:42.972,1789106502.9727,1771,331,4.24,589,7.55
2026-09-11T11:31:42.976,1789106502.9767,1772,-250,-3.21,581,7.45
2026-09-11T11:31:42.978,1789106502.9787,1773,-133,-1.71,581,7.45
2026-09-11T11:31:42.984,1789106502.9849,1774,131,1.68,581,7.45
2026-09-11T11:31:42.986,1789106502.9869,1775,339,4.35,589,7.55
2026-09-11T11:31:42.995,1789106502.9954,1776,-251,-3.22,590,7.56
2026-09-11T11:31:43.005,1789106503.0056,1777,-110,-1.41,590,7.56
2026-09-11T11:31:43.007,1789106503.0076,1778,194,2.49,590,7.56
2026-09-11T11:31:43.013,1789106503.0137,1779,330,4.23,581,7.45
2026-09-11T11:31:43.014,1789106503.0147,1780,84,1.08,440,5.64
2026-09-11T11:31:43.021,1789106503.0210,1781,-91,-1.17,421,5.4
2026-09-11T11:31:43.023,1789106503.0230,1782,233,2.99,421,5.4
2026-09-11T11:31:43.028,1789106503.0280,1783,312,4.0,403,5.17
2026-09-11T11:31:43.031,1789106503.0310,1784,43,0.55,403,5.17
2026-09-11T11:31:43.037,1789106503.0371,1785,-52,-0.67,364,4.67
2026-09-11T11:31:43.046,1789106503.0464,1786,268,3.44,364,4.67
2026-09-11T11:31:43.053,1789106503.0538,1787,283,3.63,335,4.29
2026-09-11T11:31:43.056,1789106503.0568,1788,-14,-0.18,335,4.29
2026-09-11T11:31:43.062,1789106503.0629,1789,-258,-3.31,541,6.94
2026-09-11T11:31:43.064,1789106503.0649,1790,295,3.78,553,7.09
2026-09-11T11:31:43.073,1789106503.0731,1791,258,3.31,553,7.09
2026-09-11T11:31:43.077,1789106503.0771,1792,-55,-0.71,553,7.09
2026-09-11T11:31:43.081,1789106503.0811,1793,-271,-3.47,566,7.26
2026-09-11T11:31:43.085,1789106503.0853,1794,302,3.87,573,7.35
2026-09-11T11:31:43.089,1789106503.0898,1795,237,3.04,573,7.35
2026-09-11T11:31:43.096,1789106503.0968,1796,-116,-1.49,573,7.35
2026-09-11T11:31:43.097,1789106503.0978,1797,-263,-3.37,565,7.24
2026-09-11T11:31:43.104,1789106503.1040,1798,-22,-0.28,500,6.41
2026-09-11T11:31:43.110,1789106503.1100,1799,205,2.63,468,6.0
2026-09-11T11:31:43.117,1789106503.1172,1800,-172,-2.21,468,6.0
2026-09-11T11:31:43.122,1789106503.1223,1801,-220,-2.82,425,5.45
2026-09-11T11:31:43.126,1789106503.1263,1802,-31,-0.4,425,5.45
2026-09-11T11:31:43.128,1789106503.1283,1803,-1259,-16.14,1228,15.74
2026-09-11T11:31:43.135,1789106503.1356,1804,-866,-11.1,1228,15.74
2026-09-11T11:31:43.137,1789106503.1376,1805,-811,-10.4,1228,15.74
2026-09-11T11:31:43.143,1789106503.1438,1806,-1040,-13.33,448,5.74
2026-09-11T11:31:43.145,1789106503.1458,1807,-1364,-17.49,553,7.09
2026-09-11T11:31:43.155,1789106503.1550,1808,-470,-6.03,894,11.46
2026-09-11T11:31:43.167,1789106503.1672,1809,-452,-5.79,912,11.69
2026-09-11T11:31:43.168,1789106503.1682,1810,-751,-9.63,912,11.69
2026-09-11T11:31:43.170,1789106503.1702,1811,-1120,-14.36,668,8.56
2026-09-11T11:31:43.173,1789106503.1733,1812,-144,-1.85,976,12.51
2026-09-11T11:31:43.178,1789106503.1781,1813,-228,-2.92,976,12.51
2026-09-11T11:31:43.183,1789106503.1836,1814,-579,-7.42,976,12.51
2026-09-11T11:31:43.187,1789106503.1876,1815,-913,-11.71,769,9.86
2026-09-11T11:31:43.194,1789106503.1943,1816,65,0.83,978,12.54
2026-09-11T11:31:43.197,1789106503.1973,1817,-95,-1.22,978,12.54
2026-09-11T11:31:43.201,1789106503.2013,1818,-503,-6.45,978,12.54
2026-09-11T11:31:43.217,1789106503.2176,1819,-749,-9.6,814,10.44
2026-09-11T11:31:43.219,1789106503.2196,1820,-346,-4.44,654,8.38
2026-09-11T11:31:43.223,1789106503.2239,1821,-29,-0.37,720,9.23
2026-09-11T11:31:43.226,1789106503.2269,1822,-449,-5.76,720,9.23
2026-09-11T11:31:43.229,1789106503.2299,1823,-620,-7.95,591,7.58
2026-09-11T11:31:43.235,1789106503.2351,1824,-217,-2.78,591,7.58
2026-09-11T11:31:43.240,1789106503.2401,1825,-45,-0.58,575,7.37
2026-09-11T11:31:43.245,1789106503.2452,1826,-417,-5.35,575,7.37
2026-09-11T11:31:43.249,1789106503.2492,1827,-471,-6.04,426,5.46
2026-09-11T11:31:43.256,1789106503.2564,1828,-158,-2.03,426,5.46
2026-09-11T11:31:43.262,1789106503.2626,1829,135,1.73,606,7.77
2026-09-11T11:31:43.265,1789106503.2656,1830,-369,-4.73,606,7.77
2026-09-11T11:31:43.267,1789106503.2676,1831,-340,-4.36,504,6.46
2026-09-11T11:31:43.274,1789106503.2747,1832,-110,-1.41,504,6.46
2026-09-11T11:31:43.276,1789106503.2767,1833,14,0.18,383,4.91
2026-09-11T11:31:43.284,1789106503.2849,1834,-385,-4.94,399,5.12
2026-09-11T11:31:43.285,1789106503.2859,1835,-364,-4.67,399,5.12
2026-09-11T11:31:43.293,1789106503.2935,1836,-158,-2.03,399,5.12
2026-09-11T11:31:43.300,1789106503.3005,1837,-118,-1.51,267,3.42
2026-09-11T11:31:43.301,1789106503.3015,1838,-297,-3.81,246,3.15
2026-09-11T11:31:43.312,1789106503.3128,1839,-374,-4.79,256,3.28
2026-09-11T11:31:43.315,1789106503.3158,1840,-241,-3.09,256,3.28
2026-09-11T11:31:43.324,1789106503.3241,1841,-244,-3.13,133,1.71
2026-09-11T11:31:43.327,1789106503.3271,1842,-303,-3.88,133,1.71
2026-09-11T11:31:43.330,1789106503.3301,1843,-193,-2.47,110,1.41
2026-09-11T11:31:43.331,1789106503.3311,1844,-304,-3.9,111,1.42
2026-09-11T11:31:43.339,1789106503.3392,1845,-395,-5.06,202,2.59
2026-09-11T11:31:43.343,1789106503.3432,1846,-217,-2.78,202,2.59
2026-09-11T11:31:43.349,1789106503.3492,1847,80,1.03,475,6.09
2026-09-11T11:31:43.352,1789106503.3522,1848,-364,-4.67,475,6.09
2026-09-11T11:31:43.359,1789106503.3594,1849,-335,-4.29,444,5.69
2026-09-11T11:31:43.369,1789106503.3696,1850,-90,-1.15,444,5.69
2026-09-11T11:31:43.377,1789106503.3777,1851,211,2.71,575,7.37
2026-09-11T11:31:43.378,1789106503.3787,1852,-322,-4.13,546,7.0
2026-09-11T11:31:43.380,1789106503.3807,1853,-233,-2.99,533,6.83
2026-09-11T11:31:43.384,1789106503.3849,1854,32,0.41,533,6.83
2026-09-11T11:31:43.388,1789106503.3889,1855,320,4.1,642,8.23
2026-09-11T11:31:43.395,1789106503.3953,1856,90,1.15,553,7.09
2026-09-11T11:31:43.399,1789106503.3993,1857,-165,-2.12,485,6.22
2026-09-11T11:31:43.404,1789106503.4045,1858,132,1.69,485,6.22
2026-09-11T11:31:43.415,1789106503.4152,1859,347,4.45,512,6.56
2026-09-11T11:31:43.418,1789106503.4182,1860,118,1.51,512,6.56
2026-09-11T11:31:43.420,1789106503.4202,1861,-58,-0.74,405,5.19
2026-09-11T11:31:43.421,1789106503.4212,1862,239,3.06,405,5.19
2026-09-11T11:31:43.430,1789106503.4300,1863,370,4.74,428,5.49
2026-09-11T11:31:43.434,1789106503.4342,1864,140,1.79,428,5.49
2026-09-11T11:31:43.438,1789106503.4382,1865,-16,-0.21,386,4.95
2026-09-11T11:31:43.444,1789106503.4442,1866,304,3.9,386,4.95
2026-09-11T11:31:43.446,1789106503.4462,1867,379,4.86,395,5.06
2026-09-11T11:31:43.453,1789106503.4535,1868,130,1.67,395,5.06
2026-09-11T11:31:43.464,1789106503.4646,1869,-175,-2.24,554,7.1
2026-09-11T11:31:43.467,1789106503.4676,1870,366,4.69,554,7.1
2026-09-11T11:31:43.470,1789106503.4706,1871,392,5.03,567,7.27
2026-09-11T11:31:43.471,1789106503.4718,1872,99,1.27,567,7.27
2026-09-11T11:31:43.483,1789106503.4839,1873,-166,-2.13,558,7.15
2026-09-11T11:31:43.485,1789106503.4859,1874,419,5.37,585,7.5
2026-09-11T11:31:43.487,1789106503.4879,1875,361,4.63,585,7.5
2026-09-11T11:31:43.496,1789106503.4962,1876,40,0.51,585,7.5
2026-09-11T11:31:43.497,1789106503.4972,1877,-156,-2.0,575,7.37
2026-09-11T11:31:43.504,1789106503.5045,1878,84,1.08,517,6.63
2026-09-11T11:31:43.513,1789106503.5137,1879,342,4.38,498,6.38
2026-09-11T11:31:43.514,1789106503.5147,1880,-15,-0.19,498,6.38
2026-09-11T11:31:43.524,1789106503.5249,1881,-159,-2.04,501,6.42
2026-09-11T11:31:43.530,1789106503.5309,1882,106,1.36,501,6.42
2026-09-11T11:31:43.534,1789106503.5342,1883,319,4.09,478,6.13
2026-09-11T11:31:43.536,1789106503.5362,1884,-58,-0.74,478,6.13
2026-09-11T11:31:43.539,1789106503.5392,1885,-118,-1.51,437,5.6
2026-09-11T11:31:43.544,1789106503.5444,1886,123,1.58,437,5.6
2026-09-11T11:31:43.549,1789106503.5494,1887,462,5.92,580,7.44
2026-09-11T11:31:43.555,1789106503.5556,1888,-101,-1.29,580,7.44
2026-09-11T11:31:43.564,1789106503.5648,1889,-96,-1.23,563,7.22
2026-09-11T11:31:43.569,1789106503.5698,1890,168,2.15,563,7.22
2026-09-11T11:31:43.570,1789106503.5708,1891,460,5.9,561,7.19
2026-09-11T11:31:43.574,1789106503.5749,1892,-131,-1.68,591,7.58
2026-09-11T11:31:43.578,1789106503.5790,1893,-83,-1.06,591,7.58
2026-09-11T11:31:43.584,1789106503.5844,1894,173,2.22,591,7.58
2026-09-11T11:31:43.586,1789106503.5864,1895,461,5.91,592,7.59
2026-09-11T11:31:43.592,1789106503.5930,1896,231,2.96,544,6.97
2026-09-11T11:31:43.599,1789106503.5998,1897,-61,-0.78,522,6.69
2026-09-11T11:31:43.600,1789106503.6008,1898,211,2.71,522,6.69
2026-09-11T11:31:43.613,1789106503.6131,1899,430,5.51,491,6.29
2026-09-11T11:31:43.615,1789106503.6151,1900,192,2.46,491,6.29
2026-09-11T11:31:43.619,1789106503.6191,1901,-44,-0.56,474,6.08
2026-09-11T11:31:43.622,1789106503.6222,1902,233,2.99,474,6.08
2026-09-11T11:31:43.629,1789106503.6292,1903,408,5.23,452,5.79
2026-09-11T11:31:43.631,1789106503.6312,1904,154,1.97,452,5.79
2026-09-11T11:31:43.639,1789106503.6394,1905,-30,-0.38,438,5.62
2026-09-11T11:31:43.644,1789106503.6444,1906,278,3.56,438,5.62
2026-09-11T11:31:43.646,1789106503.6464,1907,381,4.88,411,5.27
2026-09-11T11:31:43.653,1789106503.6537,1908,116,1.49,411,5.27
2026-09-11T11:31:43.664,1789106503.6648,1909,-221,-2.83,602,7.72
2026-09-11T11:31:43.666,1789106503.6668,1910,316,4.05,602,7.72
2026-09-11T11:31:43.668,1789106503.6683,1911,367,4.71,588,7.54
2026-09-11T11:31:43.671,1789106503.6710,1912,89,1.14,588,7.54
2026-09-11T11:31:43.684,1789106503.6844,1913,-207,-2.65,574,7.36
2026-09-11T11:31:43.687,1789106503.6874,1914,354,4.54,574,7.36
2026-09-11T11:31:43.691,1789106503.6919,1915,344,4.41,561,7.19
2026-09-11T11:31:43.695,1789106503.6959,1916,27,0.35,561,7.19
2026-09-11T11:31:43.696,1789106503.6969,1917,-217,-2.78,571,7.32
2026-09-11T11:31:43.704,1789106503.7044,1918,32,0.41,561,7.19
2026-09-11T11:31:43.711,1789106503.7114,1919,314,4.03,531,6.81
2026-09-11T11:31:43.715,1789106503.7155,1920,-31,-0.4,531,6.81
2026-09-11T11:31:43.721,1789106503.7217,1921,-219,-2.81,533,6.83
2026-09-11T11:31:43.724,1789106503.7247,1922,30,0.38,533,6.83
2026-09-11T11:31:43.730,1789106503.7307,1923,268,3.44,487,6.24
2026-09-11T11:31:43.734,1789106503.7348,1924,-97,-1.24,487,6.24
2026-09-11T11:31:43.739,1789106503.7398,1925,-188,-2.41,456,5.85
2026-09-11T11:31:43.740,1789106503.7408,1926,44,0.56,456,5.85
2026-09-11T11:31:43.749,1789106503.7490,1927,388,4.97,576,7.38
2026-09-11T11:31:43.756,1789106503.7563,1928,-146,-1.87,576,7.38
2026-09-11T11:31:43.763,1789106503.7635,1929,-162,-2.08,550,7.05
2026-09-11T11:31:43.765,1789106503.7655,1930,71,0.91,550,7.05
2026-09-11T11:31:43.772,1789106503.7722,1931,395,5.06,557,7.14
2026-09-11T11:31:43.775,1789106503.7752,1932,-172,-2.21,567,7.27
2026-09-11T11:31:43.777,1789106503.7772,1933,-143,-1.83,567,7.27
2026-09-11T11:31:43.786,1789106503.7863,1934,102,1.31,567,7.27
2026-09-11T11:31:43.787,1789106503.7873,1935,393,5.04,565,7.24
2026-09-11T11:31:43.798,1789106503.7988,1936,188,2.41,536,6.87
2026-09-11T11:31:43.803,1789106503.8030,1937,-124,-1.59,517,6.63
2026-09-11T11:31:43.804,1789106503.8040,1938,148,1.9,517,6.63
2026-09-11T11:31:43.813,1789106503.8132,1939,404,5.18,528,6.77
2026-09-11T11:31:43.815,1789106503.8152,1940,158,2.03,528,6.77
2026-09-11T11:31:43.819,1789106503.8192,1941,-98,-1.26,502,6.44
2026-09-11T11:31:43.822,1789106503.8224,1942,187,2.4,502,6.44
2026-09-11T11:31:43.827,1789106503.8274,1943,378,4.85,476,6.1
2026-09-11T11:31:43.831,1789106503.8314,1944,136,1.74,476,6.1
2026-09-11T11:31:43.844,1789106503.8445,1945,-51,-0.65,429,5.5
2026-09-11T11:31:43.847,1789106503.8475,1946,249,3.19,429,5.5
2026-09-11T11:31:43.852,1789106503.8526,1947,372,4.77,423,5.42
2026-09-11T11:31:43.853,1789106503.8536,1948,110,1.41,423,5.42
2026-09-11T11:31:43.864,1789106503.8648,1949,-206,-2.64,578,7.41
2026-09-11T11:31:43.868,1789106503.8688,1950,307,3.94,578,7.41
2026-09-11T11:31:43.872,1789106503.8720,1951,358,4.59,564,7.23
2026-09-11T11:31:43.878,1789106503.8780,1952,96,1.23,564,7.23
2026-09-11T11:31:43.879,1789106503.8790,1953,-208,-2.67,566,7.26
2026-09-11T11:31:43.886,1789106503.8862,1954,353,4.53,566,7.26
2026-09-11T11:31:43.888,1789106503.8882,1955,343,4.4,561,7.19
2026-09-11T11:31:43.892,1789106503.8922,1956,66,0.85,561,7.19
2026-09-11T11:31:43.898,1789106503.8982,1957,-186,-2.38,539,6.91
2026-09-11T11:31:43.903,1789106503.9035,1958,70,0.9,529,6.78
2026-09-11T11:31:43.912,1789106503.9125,1959,373,4.78,559,7.17
2026-09-11T11:31:43.914,1789106503.9145,1960,59,0.76,559,7.17
2026-09-11T11:31:43.917,1789106503.9175,1961,-141,-1.81,514,6.59
2026-09-11T11:31:43.924,1789106503.9241,1962,99,1.27,514,6.59
2026-09-11T11:31:43.928,1789106503.9283,1963,357,4.58,498,6.38
2026-09-11T11:31:43.934,1789106503.9345,1964,-12,-0.15,498,6.38
2026-09-11T11:31:43.940,1789106503.9404,1965,-124,-1.59,481,6.17
2026-09-11T11:31:43.943,1789106503.9436,1966,124,1.59,481,6.17
2026-09-11T11:31:43.953,1789106503.9530,1967,464,5.95,588,7.54
2026-09-11T11:31:43.956,1789106503.9560,1968,-43,-0.55,588,7.54
2026-09-11T11:31:43.963,1789106503.9632,1969,-91,-1.17,555,7.12
2026-09-11T11:31:43.966,1789106503.9662,1970,193,2.47,555,7.12
2026-09-11T11:31:43.969,1789106503.9692,1971,533,6.83,624,8.0
2026-09-11T11:31:43.971,1789106503.9712,1972,-11,-0.14,624,8.0
2026-09-11T11:31:43.979,1789106503.9793,1973,-7,-0.09,544,6.97
2026-09-11T11:31:43.982,1789106503.9829,1974,209,2.68,544,6.97
2026-09-11T11:31:43.986,1789106503.9862,1975,536,6.87,547,7.01
2026-09-11T11:31:43.997,1789106503.9977,1976,350,4.49,543,6.96
2026-09-11T11:31:43.999,1789106503.9997,1977,1,0.01,535,6.86
2026-09-11T11:31:44.001,1789106504.0017,1978,241,3.09,535,6.86
2026-09-11T11:31:44.013,1789106504.0130,1979,504,6.46,503,6.45
2026-09-11T11:31:44.016,1789106504.0160,1980,290,3.72,503,6.45
2026-09-11T11:31:44.020,1789106504.0200,1981,1,0.01,503,6.45
2026-09-11T11:31:44.024,1789106504.0242,1982,281,3.6,503,6.45
2026-09-11T11:31:44.028,1789106504.0282,1983,500,6.41,499,6.4
2026-09-11T11:31:44.035,1789106504.0354,1984,262,3.36,499,6.4
2026-09-11T11:31:44.042,1789106504.0427,1985,30,0.38,470,6.03
2026-09-11T11:31:44.044,1789106504.0444,1986,318,4.08,470,6.03
2026-09-11T11:31:44.050,1789106504.0504,1987,492,6.31,462,5.92
2026-09-11T11:31:44.051,1789106504.0514,1988,299,3.83,462,5.92
2026-09-11T11:31:44.064,1789106504.0647,1989,-15,-0.19,507,6.5
2026-09-11T11:31:44.067,1789106504.0677,1990,453,5.81,507,6.5
2026-09-11T11:31:44.069,1789106504.0697,1991,535,6.86,550,7.05
2026-09-11T11:31:44.071,1789106504.0718,1992,257,3.29,550,7.05
2026-09-11T11:31:44.078,1789106504.0788,1993,-76,-0.97,611,7.83
2026-09-11T11:31:44.081,1789106504.0819,1994,424,5.44,611,7.83
2026-09-11T11:31:44.087,1789106504.0879,1995,446,5.72,522,6.69
2026-09-11T11:31:44.094,1789106504.0944,1996,152,1.95,522,6.69
2026-09-11T11:31:44.096,1789106504.0964,1997,-152,-1.95,598,7.67
2026-09-11T11:31:44.106,1789106504.1066,1998,76,0.97,598,7.67
2026-09-11T11:31:44.112,1789106504.1128,1999,371,4.76,523,6.71
2026-09-11T11:31:44.115,1789106504.1158,2000,49,0.63,523,6.71
2026-09-11T11:31:44.120,1789106504.1208,2001,-183,-2.35,554,7.1
2026-09-11T11:31:44.122,1789106504.1230,2002,62,0.79,554,7.1
2026-09-11T11:31:44.129,1789106504.1300,2003,300,3.85,483,6.19
2026-09-11T11:31:44.133,1789106504.1331,2004,-49,-0.63,483,6.19
2026-09-11T11:31:44.137,1789106504.1371,2005,-201,-2.58,501,6.42
2026-09-11T11:31:44.140,1789106504.1401,2006,36,0.46,501,6.42
2026-09-11T11:31:44.155,1789106504.1558,2007,368,4.72,569,7.29
2026-09-11T11:31:44.158,1789106504.1588,2008,-131,-1.68,569,7.29
2026-09-11T11:31:44.163,1789106504.1640,2009,-210,-2.69,578,7.41
2026-09-11T11:31:44.164,1789106504.1650,2010,30,0.38,578,7.41
2026-09-11T11:31:44.168,1789106504.1690,2011,366,4.69,576,7.38
2026-09-11T11:31:44.177,1789106504.1771,2012,-160,-2.05,576,7.38
2026-09-11T11:31:44.180,1789106504.1801,2013,-199,-2.55,565,7.24
2026-09-11T11:31:44.185,1789106504.1855,2014,34,0.44,565,7.24
2026-09-11T11:31:44.189,1789106504.1895,2015,345,4.42,544,6.97
2026-09-11T11:31:44.196,1789106504.1968,2016,180,2.31,544,6.97
2026-09-11T11:31:44.198,1789106504.1988,2017,-176,-2.26,521,6.68
2026-09-11T11:31:44.201,1789106504.2020,2018,65,0.83,521,6.68
2026-09-11T11:31:44.214,1789106504.2141,2019,349,4.47,525,6.73
2026-09-11T11:31:44.216,1789106504.2161,2020,139,1.78,525,6.73
2026-09-11T11:31:44.218,1789106504.2181,2021,-164,-2.1,513,6.58
2026-09-11T11:31:44.222,1789106504.2223,2022,92,1.18,513,6.58
2026-09-11T11:31:44.230,1789106504.2303,2023,332,4.26,496,6.36
2026-09-11T11:31:44.234,1789106504.2344,2024,115,1.47,496,6.36
2026-09-11T11:31:44.236,1789106504.2364,2025,-137,-1.76,469,6.01
2026-09-11T11:31:44.245,1789106504.2454,2026,140,1.79,469,6.01
2026-09-11T11:31:44.250,1789106504.2504,2027,323,4.14,460,5.9
2026-09-11T11:31:44.252,1789106504.2526,2028,78,1.0,460,5.9
2026-09-11T11:31:44.264,1789106504.2648,2029,-266,-3.41,589,7.55
2026-09-11T11:31:44.267,1789106504.2678,2030,187,2.4,589,7.55
2026-09-11T11:31:44.268,1789106504.2688,2031,314,4.03,580,7.44
2026-09-11T11:31:44.272,1789106504.2720,2032,49,0.63,580,7.44
2026-09-11T11:31:44.279,1789106504.2790,2033,-279,-3.58,593,7.6
2026-09-11T11:31:44.282,1789106504.2822,2034,226,2.9,593,7.6
2026-09-11T11:31:44.288,1789106504.2882,2035,281,3.6,560,7.18
2026-09-11T11:31:44.292,1789106504.2927,2036,8,0.1,560,7.18
2026-09-11T11:31:44.295,1789106504.2957,2037,-276,-3.54,557,7.14
2026-09-11T11:31:44.304,1789106504.3050,2038,-71,-0.91,557,7.14
2026-09-11T11:31:44.316,1789106504.3163,2039,265,3.4,541,6.94
2026-09-11T11:31:44.317,1789106504.3173,2040,-44,-0.56,541,6.94
2026-09-11T11:31:44.319,1789106504.3193,2041,-288,-3.69,553,7.09
2026-09-11T11:31:44.326,1789106504.3264,2042,-47,-0.6,553,7.09
2026-09-11T11:31:44.330,1789106504.3304,2043,256,3.28,544,6.97
2026-09-11T11:31:44.333,1789106504.3336,2044,-89,-1.14,544,6.97
2026-09-11T11:31:44.341,1789106504.3418,2045,-273,-3.5,529,6.78
2026-09-11T11:31:44.343,1789106504.3438,2046,-32,-0.41,529,6.78
2026-09-11T11:31:44.349,1789106504.3498,2047,305,3.91,578,7.41
2026-09-11T11:31:44.355,1789106504.3559,2048,-141,-1.81,578,7.41
2026-09-11T11:31:44.360,1789106504.3609,2049,-265,-3.4,570,7.31
2026-09-11T11:31:44.367,1789106504.3671,2050,-24,-0.31,570,7.31
2026-09-11T11:31:44.371,1789106504.3711,2051,320,4.1,585,7.5
2026-09-11T11:31:44.374,1789106504.3742,2052,-182,-2.33,585,7.5
2026-09-11T11:31:44.377,1789106504.3772,2053,-237,-3.04,557,7.14
2026-09-11T11:31:44.385,1789106504.3859,2054,8,0.1,557,7.14
2026-09-11T11:31:44.387,1789106504.3875,2055,336,4.31,573,7.35
2026-09-11T11:31:44.393,1789106504.3939,2056,159,2.04,573,7.35
2026-09-11T11:31:44.398,1789106504.3989,2057,-213,-2.73,549,7.04
2026-09-11T11:31:44.402,1789106504.4020,2058,44,0.56,549,7.04
2026-09-11T11:31:44.417,1789106504.4171,2059,323,4.14,536,6.87
2026-09-11T11:31:44.420,1789106504.4201,2060,142,1.82,536,6.87
2026-09-11T11:31:44.421,1789106504.4211,2061,-190,-2.44,513,6.58
2026-09-11T11:31:44.424,1789106504.4243,2062,71,0.91,513,6.58
2026-09-11T11:31:44.428,1789106504.4283,2063,347,4.45,537,6.88
2026-09-11T11:31:44.435,1789106504.4355,2064,126,1.62,537,6.88
2026-09-11T11:31:44.436,1789106504.4365,2065,-162,-2.08,509,6.53
2026-09-11T11:31:44.442,1789106504.4427,2066,107,1.37,509,6.53
2026-09-11T11:31:44.445,1789106504.4457,2067,330,4.23,492,6.31
2026-09-11T11:31:44.458,1789106504.4590,2068,93,1.19,492,6.31
2026-09-11T11:31:44.468,1789106504.4681,2069,-271,-3.47,601,7.71
2026-09-11T11:31:44.469,1789106504.4691,2070,114,1.46,601,7.71
2026-09-11T11:31:44.472,1789106504.4723,2071,-134,-1.72,385,4.94
2026-09-11T11:31:44.474,1789106504.4743,2072,-786,-10.08,900,11.54
2026-09-11T11:31:44.480,1789106504.4803,2073,-1239,-15.88,1353,17.35
2026-09-11T11:31:44.482,1789106504.4826,2074,-746,-9.56,1105,14.17
2026-09-11T11:31:44.492,1789106504.4928,2075,-603,-7.73,636,8.15
2026-09-11T11:31:44.493,1789106504.4938,2076,-772,-9.9,636,8.15
2026-09-11T11:31:44.499,1789106504.4998,2077,-1001,-12.83,398,5.1
2026-09-11T11:31:44.501,1789106504.5019,2078,-785,-10.06,398,5.1
2026-09-11T11:31:44.513,1789106504.5131,2079,-373,-4.78,628,8.05
2026-09-11T11:31:44.515,1789106504.5151,2080,-579,-7.42,628,8.05
2026-09-11T11:31:44.522,1789106504.5222,2081,-785,-10.06,412,5.28
2026-09-11T11:31:44.524,1789106504.5242,2082,-562,-7.21,412,5.28
2026-09-11T11:31:44.530,1789106504.5302,2083,-219,-2.81,566,7.26
2026-09-11T11:31:44.532,1789106504.5324,2084,-446,-5.72,566,7.26
2026-09-11T11:31:44.540,1789106504.5404,2085,-636,-8.15,417,5.35
2026-09-11T11:31:44.544,1789106504.5444,2086,-410,-5.26,417,5.35
2026-09-11T11:31:44.548,1789106504.5484,2087,-96,-1.23,540,6.92
2026-09-11T11:31:44.555,1789106504.5555,2088,-391,-5.01,540,6.92
2026-09-11T11:31:44.560,1789106504.5605,2089,-534,-6.85,438,5.62
2026-09-11T11:31:44.565,1789106504.5656,2090,-315,-4.04,438,5.62
2026-09-11T11:31:44.571,1789106504.5719,2091,-2,-0.03,532,6.82
2026-09-11T11:31:44.573,1789106504.5739,2092,-402,-5.15,532,6.82
2026-09-11T11:31:44.577,1789106504.5779,2093,-512,-6.56,510,6.54
2026-09-11T11:31:44.584,1789106504.5843,2094,-298,-3.82,510,6.54
2026-09-11T11:31:44.586,1789106504.5863,2095,3,0.04,515,6.6
2026-09-11T11:31:44.593,1789106504.5938,2096,-133,-1.71,515,6.6
2026-09-11T11:31:44.598,1789106504.5988,2097,-507,-6.5,510,6.54
2026-09-11T11:31:44.600,1789106504.6008,2098,-313,-4.01,510,6.54
2026-09-11T11:31:44.613,1789106504.6132,2099,-44,-0.56,463,5.94
2026-09-11T11:31:44.616,1789106504.6162,2100,-191,-2.45,463,5.94
2026-09-11T11:31:44.621,1789106504.6212,2101,-533,-6.83,489,6.27
2026-09-11T11:31:44.625,1789106504.6254,2102,-302,-3.87,489,6.27
2026-09-11T11:31:44.638,1789106504.6381,2103,-41,-0.53,492,6.31
2026-09-11T11:31:44.644,1789106504.6443,2104,-185,-2.37,492,6.31
2026-09-11T11:31:44.650,1789106504.6503,2105,-387,-4.96,346,4.44
2026-09-11T11:31:44.655,1789106504.6555,2106,-117,-1.5,346,4.44
2026-09-11T11:31:44.663,1789106504.6637,2107,151,1.94,538,6.9
2026-09-11T11:31:44.665,1789106504.6657,2108,-41,-0.53,538,6.9
2026-09-11T11:31:44.675,1789106504.6751,2109,-369,-4.73,520,6.67
2026-09-11T11:31:44.677,1789106504.6771,2110,81,1.04,520,6.67
2026-09-11T11:31:44.681,1789106504.6811,2111,289,3.71,658,8.44
2026-09-11T11:31:44.683,1789106504.6833,2112,56,0.72,658,8.44
2026-09-11T11:31:44.685,1789106504.6853,2113,-292,-3.74,581,7.45
2026-09-11T11:31:44.686,1789106504.6863,2114,209,2.68,581,7.45
2026-09-11T11:31:44.688,1789106504.6883,2115,352,4.51,644,8.26
2026-09-11T11:31:44.690,1789106504.6908,2116,95,1.22,644,8.26
2026-09-11T11:31:44.700,1789106504.7008,2117,-233,-2.99,585,7.5
2026-09-11T11:31:44.704,1789106504.7050,2118,-24,-0.31,585,7.5
2026-09-11T11:31:44.710,1789106504.7110,2119,402,5.15,635,8.14
2026-09-11T11:31:44.715,1789106504.7151,2120,117,1.5,635,8.14
2026-09-11T11:31:44.718,1789106504.7181,2121,-180,-2.31,582,7.46
2026-09-11T11:31:44.724,1789106504.7244,2122,41,0.53,582,7.46
2026-09-11T11:31:44.728,1789106504.7284,2123,407,5.22,587,7.53
2026-09-11T11:31:44.733,1789106504.7336,2124,106,1.36,587,7.53
2026-09-11T11:31:44.743,1789106504.7439,2125,-151,-1.94,558,7.15
2026-09-11T11:31:44.744,1789106504.7448,2126,86,1.1,558,7.15
2026-09-11T11:31:44.748,1789106504.7488,2127,426,5.46,577,7.4
2026-09-11T11:31:44.750,1789106504.7508,2128,55,0.71,577,7.4
2026-09-11T11:31:44.763,1789106504.7631,2129,-158,-2.03,584,7.49
2026-09-11T11:31:44.765,1789106504.7651,2130,95,1.22,584,7.49
2026-09-11T11:31:44.769,1789106504.7691,2131,431,5.53,589,7.55
2026-09-11T11:31:44.771,1789106504.7711,2132,-24,-0.31,589,7.55
2026-09-11T11:31:44.776,1789106504.7763,2133,-156,-2.0,587,7.53
2026-09-11T11:31:44.789,1789106504.7898,2134,112,1.44,587,7.53
2026-09-11T11:31:44.794,1789106504.7945,2135,448,5.74,604,7.74
2026-09-11T11:31:44.796,1789106504.7965,2136,314,4.03,604,7.74
2026-09-11T11:31:44.800,1789106504.8005,2137,-143,-1.83,591,7.58
2026-09-11T11:31:44.801,1789106504.8015,2138,130,1.67,591,7.58
2026-09-11T11:31:44.814,1789106504.8148,2139,445,5.71,588,7.54
2026-09-11T11:31:44.817,1789106504.8178,2140,279,3.58,588,7.54
2026-09-11T11:31:44.819,1789106504.8198,2141,-101,-1.29,546,7.0
2026-09-11T11:31:44.822,1789106504.8230,2142,143,1.83,546,7.0
2026-09-11T11:31:44.833,1789106504.8331,2143,455,5.83,556,7.13
2026-09-11T11:31:44.834,1789106504.8341,2144,265,3.4,556,7.13
2026-09-11T11:31:44.839,1789106504.8391,2145,-56,-0.72,511,6.55
2026-09-11T11:31:44.843,1789106504.8433,2146,212,2.72,511,6.55
2026-09-11T11:31:44.846,1789106504.8462,2147,468,6.0,524,6.72
2026-09-11T11:31:44.853,1789106504.8535,2148,262,3.36,524,6.72
2026-09-11T11:31:44.863,1789106504.8636,2149,-119,-1.53,587,7.53
2026-09-11T11:31:44.864,1789106504.8646,2150,269,3.45,587,7.53
2026-09-11T11:31:44.871,1789106504.8718,2151,480,6.15,599,7.68
2026-09-11T11:31:44.876,1789106504.8768,2152,230,2.95,599,7.68
2026-09-11T11:31:44.879,1789106504.8798,2153,-126,-1.62,606,7.77
2026-09-11T11:31:44.885,1789106504.8850,2154,298,3.82,606,7.77
2026-09-11T11:31:44.890,1789106504.8905,2155,453,5.81,579,7.42
2026-09-11T11:31:44.892,1789106504.8926,2156,191,2.45,579,7.42
2026-09-11T11:31:44.901,1789106504.9016,2157,-162,-2.08,615,7.88
2026-09-11T11:31:44.904,1789106504.9047,2158,7,0.09,615,7.88
2026-09-11T11:31:44.910,1789106504.9107,2159,414,5.31,576,7.38
2026-09-11T11:31:44.914,1789106504.9149,2160,148,1.9,576,7.38
2026-09-11T11:31:44.920,1789106504.9209,2161,-185,-2.37,599,7.68
2026-09-11T11:31:44.921,1789106504.9217,2162,40,0.51,599,7.68
2026-09-11T11:31:44.927,1789106504.9278,2163,407,5.22,592,7.59
2026-09-11T11:31:44.932,1789106504.9321,2164,101,1.29,592,7.59
2026-09-11T11:31:44.937,1789106504.9371,2165,-183,-2.35,590,7.56
2026-09-11T11:31:44.946,1789106504.9463,2166,57,0.73,590,7.56
2026-09-11T11:31:44.950,1789106504.9503,2167,389,4.99,572,7.33
2026-09-11T11:31:44.952,1789106504.9527,2168,54,0.69,572,7.33
2026-09-11T11:31:44.965,1789106504.9658,2169,-166,-2.13,555,7.12
2026-09-11T11:31:44.969,1789106504.9698,2170,67,0.86,555,7.12
2026-09-11T11:31:44.972,1789106504.9720,2171,406,5.21,572,7.33
2026-09-11T11:31:44.976,1789106504.9760,2172,-8,-0.1,572,7.33
2026-09-11T11:31:44.979,1789106504.9790,2173,-184,-2.36,590,7.56
2026-09-11T11:31:44.985,1789106504.9852,2174,68,0.87,590,7.56
2026-09-11T11:31:44.990,1789106504.9902,2175,404,5.18,588,7.54
2026-09-11T11:31:44.995,1789106504.9953,2176,294,3.77,588,7.54
2026-09-11T11:31:44.999,1789106504.9993,2177,-158,-2.03,562,7.21
2026-09-11T11:31:45.001,1789106505.0013,2178,62,0.79,562,7.21
2026-09-11T11:31:45.013,1789106505.0135,2179,402,5.15,560,7.18
2026-09-11T11:31:45.017,1789106505.0175,2180,252,3.23,560,7.18
2026-09-11T11:31:45.018,1789106505.0185,2181,-156,-2.0,558,7.15
2026-09-11T11:31:45.021,1789106505.0217,2182,81,1.04,558,7.15
2026-09-11T11:31:45.028,1789106505.0287,2183,400,5.13,556,7.13
2026-09-11T11:31:45.031,1789106505.0318,2184,231,2.96,556,7.13
2026-09-11T11:31:45.039,1789106505.0398,2185,-90,-1.15,490,6.28
2026-09-11T11:31:45.044,1789106505.0442,2186,183,2.35,490,6.28
2026-09-11T11:31:45.046,1789106505.0462,2187,502,6.44,592,7.59
2026-09-11T11:31:45.054,1789106505.0544,2188,304,3.9,592,7.59
2026-09-11T11:31:45.065,1789106505.0656,2189,-73,-0.94,575,7.37
2026-09-11T11:31:45.066,1789106505.0666,2190,291,3.73,575,7.37
2026-09-11T11:31:45.069,1789106505.0696,2191,550,7.05,623,7.99
2026-09-11T11:31:45.072,1789106505.0728,2192,324,4.15,623,7.99
2026-09-11T11:31:45.080,1789106505.0808,2193,-62,-0.79,612,7.85
2026-09-11T11:31:45.081,1789106505.0820,2194,358,4.59,612,7.85
2026-09-11T11:31:45.088,1789106505.0890,2195,553,7.09,615,7.88
2026-09-11T11:31:45.090,1789106505.0905,2196,291,3.73,615,7.88
2026-09-11T11:31:45.099,1789106505.0995,2197,-70,-0.9,623,7.99
2026-09-11T11:31:45.105,1789106505.1057,2198,102,1.31,623,7.99
2026-09-11T11:31:45.111,1789106505.1118,2199,580,7.44,650,8.33
2026-09-11T11:31:45.117,1789106505.1178,2200,322,4.13,650,8.33
2026-09-11T11:31:45.121,1789106505.1211,2201,-24,-0.31,604,7.74
2026-09-11T11:31:45.125,1789106505.1251,2202,156,2.0,604,7.74
2026-09-11T11:31:45.127,1789106505.1271,2203,514,6.59,538,6.9
2026-09-11T11:31:45.133,1789106505.1334,2204,220,2.82,538,6.9
2026-09-11T11:31:45.138,1789106505.1384,2205,-77,-0.99,591,7.58
2026-09-11T11:31:45.142,1789106505.1424,2206,131,1.68,591,7.58
2026-09-11T11:31:45.149,1789106505.1494,2207,463,5.94,540,6.92
2026-09-11T11:31:45.154,1789106505.1543,2208,139,1.78,540,6.92
2026-09-11T11:31:45.163,1789106505.1634,2209,-149,-1.91,612,7.85
2026-09-11T11:31:45.164,1789106505.1644,2210,99,1.27,612,7.85
2026-09-11T11:31:45.172,1789106505.1726,2211,435,5.58,584,7.49
2026-09-11T11:31:45.173,1789106505.1736,2212,72,0.92,584,7.49
2026-09-11T11:31:45.179,1789106505.1796,2213,-125,-1.6,560,7.18
2026-09-11T11:31:45.184,1789106505.1843,2214,112,1.44,560,7.18
2026-09-11T11:31:45.187,1789106505.1875,2215,455,5.83,580,7.44
2026-09-11T11:31:45.194,1789106505.1944,2216,350,4.49,580,7.44
2026-09-11T11:31:45.205,1789106505.2056,2217,-160,-2.05,615,7.88
2026-09-11T11:31:45.207,1789106505.2076,2218,85,1.09,615,7.88
2026-09-11T11:31:45.212,1789106505.2127,2219,425,5.45,585,7.5
2026-09-11T11:31:45.214,1789106505.2147,2220,283,3.63,585,7.5
2026-09-11T11:31:45.220,1789106505.2207,2221,-174,-2.23,599,7.68
2026-09-11T11:31:45.222,1789106505.2229,2222,63,0.81,599,7.68
2026-09-11T11:31:45.229,1789106505.2299,2223,399,5.12,573,7.35
2026-09-11T11:31:45.232,1789106505.2320,2224,213,2.73,573,7.35
2026-09-11T11:31:45.237,1789106505.2370,2225,-168,-2.15,567,7.27
2026-09-11T11:31:45.242,1789106505.2424,2226,82,1.05,567,7.27
2026-09-11T11:31:45.249,1789106505.2494,2227,381,4.88,549,7.04
2026-09-11T11:31:45.254,1789106505.2545,2228,172,2.21,549,7.04
2026-09-11T11:31:45.263,1789106505.2635,2229,-217,-2.78,598,7.67
2026-09-11T11:31:45.268,1789106505.2685,2230,85,1.09,598,7.67
2026-09-11T11:31:45.271,1789106505.2715,2231,360,4.62,577,7.4
2026-09-11T11:31:45.275,1789106505.2754,2232,123,1.58,577,7.4
2026-09-11T11:31:45.280,1789106505.2805,2233,-257,-3.29,617,7.91
2026-09-11T11:31:45.285,1789106505.2856,2234,120,1.54,617,7.91
2026-09-11T11:31:45.293,1789106505.2931,2235,348,4.46,605,7.76
2026-09-11T11:31:45.295,1789106505.2951,2236,102,1.31,605,7.76
2026-09-11T11:31:45.299,1789106505.2991,2237,-270,-3.46,618,7.92
2026-09-11T11:31:45.304,1789106505.3044,2238,-125,-1.6,618,7.92
2026-09-11T11:31:45.310,1789106505.3104,2239,323,4.14,593,7.6
2026-09-11T11:31:45.316,1789106505.3165,2240,65,0.83,593,7.6
2026-09-11T11:31:45.320,1789106505.3205,2241,-291,-3.73,614,7.87
2026-09-11T11:31:45.324,1789106505.3246,2242,-114,-1.46,614,7.87
2026-09-11T11:31:45.327,1789106505.3276,2243,294,3.77,585,7.5
2026-09-11T11:31:45.335,1789106505.3358,2244,21,0.27,585,7.5
2026-09-11T11:31:45.338,1789106505.3388,2245,-295,-3.78,589,7.55
2026-09-11T11:31:45.342,1789106505.3421,2246,-94,-1.21,589,7.55
2026-09-11T11:31:45.349,1789106505.3491,2247,234,3.0,529,6.78
2026-09-11T11:31:45.351,1789106505.3511,2248,-28,-0.36,529,6.78
2026-09-11T11:31:45.364,1789106505.3647,2249,-308,-3.95,542,6.95
2026-09-11T11:31:45.365,1789106505.3657,2250,-66,-0.85,542,6.95
2026-09-11T11:31:45.370,1789106505.3707,2251,286,3.67,594,7.62
2026-09-11T11:31:45.372,1789106505.3729,2252,-68,-0.87,594,7.62
2026-09-11T11:31:45.378,1789106505.3789,2253,-280,-3.59,566,7.26
2026-09-11T11:31:45.384,1789106505.3841,2254,-27,-0.35,566,7.26
2026-09-11T11:31:45.386,1789106505.3861,2255,297,3.81,577,7.4
2026-09-11T11:31:45.392,1789106505.3923,2256,244,3.13,577,7.4
2026-09-11T11:31:45.395,1789106505.3953,2257,-280,-3.59,577,7.4
2026-09-11T11:31:45.405,1789106505.4055,2258,-27,-0.35,577,7.4
2026-09-11T11:31:45.414,1789106505.4142,2259,309,3.96,589,7.55
2026-09-11T11:31:45.416,1789106505.4161,2260,196,2.51,589,7.55
2026-09-11T11:31:45.424,1789106505.4243,2261,-268,-3.44,577,7.4
2026-09-11T11:31:45.427,1789106505.4273,2262,-19,-0.24,577,7.4
2026-09-11T11:31:45.431,1789106505.4313,2263,301,3.86,569,7.29
2026-09-11T11:31:45.434,1789106505.4344,2264,168,2.15,569,7.29
2026-09-11T11:31:45.442,1789106505.4424,2265,-209,-2.68,510,6.54
2026-09-11T11:31:45.448,1789106505.4484,2266,1,0.01,510,6.54
2026-09-11T11:31:45.449,1789106505.4494,2267,305,3.91,514,6.59
2026-09-11T11:31:45.454,1789106505.4546,2268,131,1.68,514,6.59
2026-09-11T11:31:45.463,1789106505.4639,2269,-261,-3.35,566,7.26
2026-09-11T11:31:45.465,1789106505.4659,2270,25,0.32,566,7.26
2026-09-11T11:31:45.471,1789106505.4719,2271,333,4.27,594,7.62
2026-09-11T11:31:45.478,1789106505.4781,2272,131,1.68,594,7.62
2026-09-11T11:31:45.480,1789106505.4801,2273,-261,-3.35,594,7.62
2026-09-11T11:31:45.483,1789106505.4833,2274,88,1.13,594,7.62
2026-09-11T11:31:45.490,1789106505.4903,2275,340,4.36,601,7.71
2026-09-11T11:31:45.491,1789106505.4913,2276,107,1.37,601,7.71
2026-09-11T11:31:45.500,1789106505.5006,2277,-266,-3.41,606,7.77
2026-09-11T11:31:45.504,1789106505.5047,2278,-157,-2.01,606,7.77
2026-09-11T11:31:45.512,1789106505.5129,2279,331,4.24,597,7.65
2026-09-11T11:31:45.516,1789106505.5169,2280,90,1.15,597,7.65
2026-09-11T11:31:45.522,1789106505.5221,2281,-262,-3.36,593,7.6
2026-09-11T11:31:45.522,1789106505.5221,2282,-85,-1.09,593,7.6
2026-09-11T11:31:45.527,1789106505.5271,2283,322,4.13,584,7.49
2026-09-11T11:31:45.535,1789106505.5354,2284,65,0.83,584,7.49
2026-09-11T11:31:45.536,1789106505.5364,2285,-259,-3.32,581,7.45
2026-09-11T11:31:45.542,1789106505.5424,2286,-82,-1.05,581,7.45
2026-09-11T11:31:45.555,1789106505.5556,2287,250,3.21,509,6.53
2026-09-11T11:31:45.557,1789106505.5576,2288,24,0.31,509,6.53
2026-09-11T11:31:45.565,1789106505.5657,2289,-288,-3.69,538,6.9
2026-09-11T11:31:45.567,1789106505.5677,2290,-63,-0.81,538,6.9
2026-09-11T11:31:45.569,1789106505.5697,2291,261,3.35,549,7.04
2026-09-11T11:31:45.572,1789106505.5728,2292,-45,-0.58,549,7.04
2026-09-11T11:31:45.578,1789106505.5788,2293,-293,-3.76,554,7.1
2026-09-11T11:31:45.583,1789106505.5830,2294,-47,-0.6,554,7.1
2026-09-11T11:31:45.592,1789106505.5923,2295,289,3.71,582,7.46
2026-09-11T11:31:45.593,1789106505.5939,2296,228,2.92,582,7.46
2026-09-11T11:31:45.600,1789106505.6009,2297,-281,-3.6,570,7.31
2026-09-11T11:31:45.605,1789106505.6051,2298,-44,-0.56,570,7.31
2026-09-11T11:31:45.613,1789106505.6133,2299,292,3.74,573,7.35
2026-09-11T11:31:45.615,1789106505.6153,2300,191,2.45,573,7.35
2026-09-11T11:31:45.621,1789106505.6213,2301,-269,-3.45,561,7.19
2026-09-11T11:31:45.626,1789106505.6264,2302,-24,-0.31,561,7.19
2026-09-11T11:31:45.630,1789106505.6304,2303,300,3.85,569,7.29
2026-09-11T11:31:45.632,1789106505.6326,2304,167,2.14,569,7.29
2026-09-11T11:31:45.640,1789106505.6406,2305,-198,-2.54,498,6.38
2026-09-11T11:31:45.642,1789106505.6427,2306,-28,-0.36,498,6.38
2026-09-11T11:31:45.648,1789106505.6487,2307,308,3.95,506,6.49
2026-09-11T11:31:45.655,1789106505.6559,2308,139,1.78,506,6.49
2026-09-11T11:31:45.659,1789106505.6599,2309,-249,-3.19,557,7.14
2026-09-11T11:31:45.669,1789106505.6696,2310,12,0.15,557,7.14
2026-09-11T11:31:45.670,1789106505.6706,2311,312,4.0,561,7.19
2026-09-11T11:31:45.675,1789106505.6758,2312,119,1.53,561,7.19
2026-09-11T11:31:45.677,1789106505.6774,2313,-265,-3.4,577,7.4
2026-09-11T11:31:45.684,1789106505.6847,2314,49,0.63,577,7.4
2026-09-11T11:31:45.689,1789106505.6897,2315,316,4.05,581,7.45
2026-09-11T11:31:45.694,1789106505.6949,2316,107,1.37,581,7.45
2026-09-11T11:31:45.696,1789106505.6969,2317,55,0.71,267,3.42
2026-09-11T11:31:45.700,1789106505.7009,2318,-262,-3.36,578,7.41
2026-09-11T11:31:45.719,1789106505.7194,2319,-1816,-23.28,1923,24.65
2026-09-11T11:31:45.722,1789106505.7226,2320,-1329,-17.04,1871,23.99
2026-09-11T11:31:45.726,1789106505.7266,2321,-552,-7.08,1554,19.92
2026-09-11T11:31:45.728,1789106505.7286,2322,-754,-9.67,1264,16.21
2026-09-11T11:31:45.731,1789106505.7317,2323,-1574,-20.18,1022,13.1
2026-09-11T11:31:45.736,1789106505.7367,2324,-952,-12.21,1022,13.1
2026-09-11T11:31:45.740,1789106505.7407,2325,-120,-1.54,1454,18.64
2026-09-11T11:31:45.744,1789106505.7449,2326,-444,-5.69,1454,18.64
2026-09-11T11:31:45.753,1789106505.7530,2327,-1070,-13.72,950,12.18
2026-09-11T11:31:45.755,1789106505.7550,2328,-621,-7.96,950,12.18
2026-09-11T11:31:45.764,1789106505.7642,2329,162,2.08,1232,15.79
2026-09-11T11:31:45.767,1789106505.7672,2330,-267,-3.42,1232,15.79
2026-09-11T11:31:45.769,1789106505.7692,2331,-942,-12.08,1104,14.15
2026-09-11T11:31:45.772,1789106505.7723,2332,-334,-4.28,1104,14.15
2026-09-11T11:31:45.779,1789106505.7793,2333,335,4.29,1277,16.37
2026-09-11T11:31:45.783,1789106505.7835,2334,-162,-2.08,1277,16.37
2026-09-11T11:31:45.790,1789106505.7905,2335,-861,-11.04,1196,15.33
2026-09-11T11:31:45.792,1789106505.7921,2336,-842,-10.79,1196,15.33
2026-09-11T11:31:45.799,1789106505.7991,2337,422,5.41,1283,16.45
2026-09-11T11:31:45.806,1789106505.8063,2338,-120,-1.54,1283,16.45
2026-09-11T11:31:45.813,1789106505.8134,2339,-848,-10.87,1270,16.28
2026-09-11T11:31:45.815,1789106505.8154,2340,-704,-9.03,1270,16.28
2026-09-11T11:31:45.820,1789106505.8204,2341,362,4.64,1210,15.51
2026-09-11T11:31:45.828,1789106505.8286,2342,-179,-2.29,1210,15.51
2026-09-11T11:31:45.831,1789106505.8317,2343,-842,-10.79,1204,15.44
2026-09-11T11:31:45.833,1789106505.8337,2344,-623,-7.99,1204,15.44
2026-09-11T11:31:45.839,1789106505.8397,2345,55,0.71,897,11.5
2026-09-11T11:31:45.845,1789106505.8459,2346,-261,-3.35,897,11.5
2026-09-11T11:31:45.847,1789106505.8479,2347,-700,-8.97,755,9.68
2026-09-11T11:31:45.855,1789106505.8551,2348,-522,-6.69,755,9.68
2026-09-11T11:31:45.859,1789106505.8591,2349,-188,-2.41,512,6.56
2026-09-11T11:31:45.863,1789106505.8633,2350,-430,-5.51,512,6.56
2026-09-11T11:31:45.872,1789106505.8725,2351,-512,-6.56,334,4.28
2026-09-11T11:31:45.879,1789106505.8795,2352,-382,-4.9,324,4.15
2026-09-11T11:31:45.880,1789106505.8805,2353,-409,-5.24,130,1.67
2026-09-11T11:31:45.888,1789106505.8886,2354,-333,-4.27,179,2.29
2026-09-11T11:31:45.894,1789106505.8942,2355,-56,-0.72,353,4.53
2026-09-11T11:31:45.898,1789106505.8982,2356,-176,-2.26,353,4.53
2026-09-11T11:31:45.900,1789106505.9002,2357,-447,-5.73,391,5.01
2026-09-11T11:31:45.905,1789106505.9054,2358,-349,-4.47,391,5.01
2026-09-11T11:31:45.915,1789106505.9155,2359,176,2.26,623,7.99
2026-09-11T11:31:45.917,1789106505.9175,2360,0,0.0,623,7.99
2026-09-11T11:31:45.921,1789106505.9217,2361,-352,-4.51,528,6.77
2026-09-11T11:31:45.923,1789106505.9237,2362,-211,-2.71,528,6.77
2026-09-11T11:31:45.928,1789106505.9287,2363,282,3.62,634,8.13
2026-09-11T11:31:45.930,1789106505.9307,2364,48,0.62,634,8.13
2026-09-11T11:31:45.942,1789106505.9422,2365,-284,-3.64,566,7.26
2026-09-11T11:31:45.945,1789106505.9452,2366,-95,-1.22,566,7.26
2026-09-11T11:31:45.946,1789106505.9462,2367,222,2.85,506,6.49
2026-09-11T11:31:45.953,1789106505.9537,2368,107,1.37,506,6.49
2026-09-11T11:31:45.964,1789106505.9647,2369,-221,-2.83,443,5.68
2026-09-11T11:31:45.967,1789106505.9677,2370,-28,-0.36,443,5.68
2026-09-11T11:31:45.971,1789106505.9717,2371,304,3.9,525,6.73
2026-09-11T11:31:45.982,1789106505.9821,2372,85,1.09,525,6.73
2026-09-11T11:31:45.985,1789106505.9852,2373,-219,-2.81,523,6.71
2026-09-11T11:31:45.988,1789106505.9884,2374,-2,-0.03,523,6.71
2026-09-11T11:31:45.989,1789106505.9900,2375,358,4.59,577,7.4
2026-09-11T11:31:45.991,1789106505.9917,2376,349,4.47,577,7.4
2026-09-11T11:31:46.000,1789106506.0003,2377,-205,-2.63,563,7.22
2026-09-11T11:31:46.004,1789106506.0044,2378,44,0.56,563,7.22
2026-09-11T11:31:46.012,1789106506.0126,2379,368,4.72,573,7.35
2026-09-11T11:31:46.013,1789106506.0136,2380,318,4.08,573,7.35
2026-09-11T11:31:46.020,1789106506.0209,2381,-191,-2.45,559,7.17
2026-09-11T11:31:46.021,1789106506.0219,2382,46,0.59,559,7.17
2026-09-11T11:31:46.028,1789106506.0289,2383,394,5.05,585,7.5
2026-09-11T11:31:46.035,1789106506.0351,2384,292,3.74,585,7.5
2026-09-11T11:31:46.039,1789106506.0391,2385,-61,-0.78,455,5.83
2026-09-11T11:31:46.047,1789106506.0472,2386,60,0.77,455,5.83
2026-09-11T11:31:46.050,1789106506.0502,2387,408,5.23,469,6.01
2026-09-11T11:31:46.053,1789106506.0534,2388,274,3.51,469,6.01
2026-09-11T11:31:46.063,1789106506.0635,2389,-115,-1.47,523,6.71
2026-09-11T11:31:46.066,1789106506.0665,2390,78,1.0,523,6.71
2026-09-11T11:31:46.071,1789106506.0717,2391,410,5.26,525,6.73
2026-09-11T11:31:46.072,1789106506.0727,2392,248,3.18,525,6.73
2026-09-11T11:31:46.078,1789106506.0788,2393,-145,-1.86,555,7.12
2026-09-11T11:31:46.084,1789106506.0849,2394,104,1.33,555,7.12
2026-09-11T11:31:46.087,1789106506.0879,2395,424,5.44,569,7.29
2026-09-11T11:31:46.095,1789106506.0953,2396,222,2.85,569,7.29
2026-09-11T11:31:46.100,1789106506.1003,2397,-163,-2.09,587,7.53
2026-09-11T11:31:46.103,1789106506.1035,2398,-102,-1.31,587,7.53
2026-09-11T11:31:46.113,1789106506.1136,2399,418,5.36,581,7.45
2026-09-11T11:31:46.115,1789106506.1156,2400,196,2.51,581,7.45
2026-09-11T11:31:46.120,1789106506.1209,2401,-177,-2.27,595,7.63
2026-09-11T11:31:46.126,1789106506.1269,2402,-72,-0.92,595,7.63
2026-09-11T11:31:46.129,1789106506.1299,2403,416,5.33,593,7.6
2026-09-11T11:31:46.130,1789106506.1309,2404,174,2.23,593,7.6
2026-09-11T11:31:46.138,1789106506.1381,2405,-199,-2.55,615,7.88
2026-09-11T11:31:46.146,1789106506.1463,2406,-62,-0.79,615,7.88
2026-09-11T11:31:46.148,1789106506.1483,2407,246,3.15,445,5.71
2026-09-11T11:31:46.153,1789106506.1536,2408,148,1.9,445,5.71
2026-09-11T11:31:46.161,1789106506.1617,2409,-189,-2.42,435,5.58
2026-09-11T11:31:46.163,1789106506.1637,2410,-8,-0.1,435,5.58
2026-09-11T11:31:46.166,1789106506.1667,2411,292,3.74,481,6.17
2026-09-11T11:31:46.172,1789106506.1730,2412,109,1.4,481,6.17
2026-09-11T11:31:46.179,1789106506.1800,2413,-199,-2.55,491,6.29
2026-09-11T11:31:46.186,1789106506.1861,2414,6,0.08,491,6.29
2026-09-11T11:31:46.191,1789106506.1911,2415,334,4.28,533,6.83
2026-09-11T11:31:46.192,1789106506.1929,2416,364,4.67,563,7.22
2026-09-11T11:31:46.201,1789106506.2019,2417,-205,-2.63,569,7.29
2026-09-11T11:31:46.205,1789106506.2051,2418,31,0.4,569,7.29
2026-09-11T11:31:46.213,1789106506.2132,2419,347,4.45,569,7.29
2026-09-11T11:31:46.218,1789106506.2182,2420,338,4.33,552,7.08
2026-09-11T11:31:46.221,1789106506.2212,2421,-212,-2.72,559,7.17
2026-09-11T11:31:46.226,1789106506.2264,2422,25,0.32,559,7.17
2026-09-11T11:31:46.228,1789106506.2284,2423,381,4.88,593,7.6
2026-09-11T11:31:46.233,1789106506.2336,2424,296,3.79,593,7.6
2026-09-11T11:31:46.235,1789106506.2356,2425,-41,-0.53,422,5.41
2026-09-11T11:31:46.242,1789106506.2428,2426,56,0.72,422,5.41
2026-09-11T11:31:46.250,1789106506.2508,2427,379,4.86,420,5.38
2026-09-11T11:31:46.253,1789106506.2530,2428,270,3.46,420,5.38
2026-09-11T11:31:46.263,1789106506.2631,2429,-99,-1.27,478,6.13
2026-09-11T11:31:46.264,1789106506.2641,2430,50,0.64,478,6.13
2026-09-11T11:31:46.270,1789106506.2701,2431,394,5.05,493,6.32
2026-09-11T11:31:46.272,1789106506.2723,2432,248,3.18,493,6.32
2026-09-11T11:31:46.280,1789106506.2803,2433,-149,-1.91,543,6.96
2026-09-11T11:31:46.290,1789106506.2905,2434,72,0.92,543,6.96
2026-09-11T11:31:46.291,1789106506.2917,2435,384,4.92,533,6.83
2026-09-11T11:31:46.295,1789106506.2952,2436,207,2.65,533,6.83
2026-09-11T11:31:46.299,1789106506.2992,2437,-174,-2.23,558,7.15
2026-09-11T11:31:46.303,1789106506.3034,2438,-145,-1.86,558,7.15
2026-09-11T11:31:46.313,1789106506.3135,2439,383,4.91,557,7.14
2026-09-11T11:31:46.314,1789106506.3145,2440,173,2.22,557,7.14
2026-09-11T11:31:46.319,1789106506.3195,2441,-207,-2.65,590,7.56
2026-09-11T11:31:46.321,1789106506.3218,2442,-127,-1.63,590,7.56
2026-09-11T11:31:46.327,1789106506.3278,2443,385,4.94,592,7.59
2026-09-11T11:31:46.330,1789106506.3308,2444,152,1.95,592,7.59
2026-09-11T11:31:46.340,1789106506.3401,2445,-217,-2.78,602,7.72
2026-09-11T11:31:46.345,1789106506.3453,2446,-80,-1.03,602,7.72
2026-09-11T11:31:46.349,1789106506.3493,2447,208,2.67,425,5.45
2026-09-11T11:31:46.356,1789106506.3566,2448,150,1.92,425,5.45
2026-09-11T11:31:46.365,1789106506.3657,2449,-219,-2.81,427,5.47
2026-09-11T11:31:46.368,1789106506.3687,2450,-54,-0.69,427,5.47
2026-09-11T11:31:46.373,1789106506.3738,2451,278,3.56,497,6.37
2026-09-11T11:31:46.374,1789106506.3748,2452,140,1.79,497,6.37
2026-09-11T11:31:46.382,1789106506.3821,2453,-177,-2.27,455,5.83
2026-09-11T11:31:46.383,1789106506.3837,2454,20,0.26,455,5.83
2026-09-11T11:31:46.390,1789106506.3901,2455,368,4.72,545,6.99
2026-09-11T11:31:46.391,1789106506.3918,2456,426,5.46,603,7.73
2026-09-11T11:31:46.399,1789106506.3998,2457,-120,-1.54,546,7.0
2026-09-11T11:31:46.401,1789106506.4018,2458,100,1.28,546,7.0
2026-09-11T11:31:46.413,1789106506.4139,2459,424,5.44,546,7.0
2026-09-11T11:31:46.416,1789106506.4169,2460,446,5.72,566,7.26
2026-09-11T11:31:46.419,1789106506.4199,2461,-116,-1.49,562,7.21
2026-09-11T11:31:46.421,1789106506.4219,2462,105,1.35,562,7.21
2026-09-11T11:31:46.428,1789106506.4281,2463,456,5.85,572,7.33
2026-09-11T11:31:46.436,1789106506.4361,2464,402,5.15,572,7.33
2026-09-11T11:31:46.439,1789106506.4391,2465,57,0.73,399,5.12
2026-09-11T11:31:46.449,1789106506.4492,2466,133,1.71,399,5.12
2026-09-11T11:31:46.452,1789106506.4524,2467,481,6.17,424,5.44
2026-09-11T11:31:46.455,1789106506.4554,2468,399,5.12,424,5.44
2026-09-11T11:31:46.463,1789106506.4635,2469,85,1.09,396,5.08
2026-09-11T11:31:46.466,1789106506.4665,2470,197,2.53,396,5.08
2026-09-11T11:31:46.470,1789106506.4705,2471,536,6.87,451,5.78
2026-09-11T11:31:46.471,1789106506.4717,2472,390,5.0,451,5.78
2026-09-11T11:31:46.477,1789106506.4777,2473,-19,-0.24,555,7.12
2026-09-11T11:31:46.480,1789106506.4807,2474,165,2.12,555,7.12
2026-09-11T11:31:46.494,1789106506.4945,2475,476,6.1,495,6.35
2026-09-11T11:31:46.496,1789106506.4965,2476,302,3.87,495,6.35
2026-09-11T11:31:46.499,1789106506.4995,2477,-87,-1.12,563,7.22
2026-09-11T11:31:46.503,1789106506.5037,2478,-78,-1.0,563,7.22
2026-09-11T11:31:46.514,1789106506.5149,2479,449,5.76,536,6.87
2026-09-11T11:31:46.516,1789106506.5169,2480,243,3.12,536,6.87
2026-09-11T11:31:46.523,1789106506.5232,2481,-161,-2.06,610,7.82
2026-09-11T11:31:46.529,1789106506.5292,2482,-93,-1.19,610,7.82
2026-09-11T11:31:46.530,1789106506.5302,2483,399,5.12,560,7.18
2026-09-11T11:31:46.536,1789106506.5364,2484,189,2.42,560,7.18
2026-09-11T11:31:46.538,1789106506.5384,2485,-203,-2.6,602,7.72
2026-09-11T11:31:46.541,1789106506.5414,2486,-99,-1.27,602,7.72
2026-09-11T11:31:46.547,1789106506.5474,2487,166,2.13,392,5.03
2026-09-11T11:31:46.553,1789106506.5536,2488,132,1.69,369,4.73
2026-09-11T11:31:46.563,1789106506.5637,2489,-233,-2.99,399,5.12
2026-09-11T11:31:46.565,1789106506.5657,2490,-76,-0.97,399,5.12
2026-09-11T11:31:46.567,1789106506.5677,2491,200,2.56,433,5.55
2026-09-11T11:31:46.574,1789106506.5749,2492,102,1.31,433,5.55
2026-09-11T11:31:46.576,1789106506.5768,2493,-226,-2.9,426,5.46
2026-09-11T11:31:46.584,1789106506.5841,2494,-49,-0.63,426,5.46
2026-09-11T11:31:46.587,1789106506.5871,2495,259,3.32,485,6.22
2026-09-11T11:31:46.593,1789106506.5935,2496,338,4.33,564,7.23
2026-09-11T11:31:46.602,1789106506.6027,2497,-240,-3.08,578,7.41
2026-09-11T11:31:46.604,1789106506.6047,2498,-35,-0.45,578,7.41
2026-09-11T11:31:46.613,1789106506.6138,2499,297,3.81,578,7.41
2026-09-11T11:31:46.617,1789106506.6178,2500,316,4.05,556,7.13
2026-09-11T11:31:46.620,1789106506.6208,2501,-241,-3.09,557,7.14
2026-09-11T11:31:46.622,1789106506.6220,2502,-20,-0.26,557,7.14
2026-09-11T11:31:46.628,1789106506.6280,2503,304,3.9,557,7.14
2026-09-11T11:31:46.633,1789106506.6332,2504,283,3.63,545,6.99
2026-09-11T11:31:46.636,1789106506.6362,2505,-34,-0.44,338,4.33
2026-09-11T11:31:46.647,1789106506.6474,2506,-21,-0.27,338,4.33
2026-09-11T11:31:46.651,1789106506.6514,2507,315,4.04,349,4.47
2026-09-11T11:31:46.653,1789106506.6536,2508,246,3.15,349,4.47
2026-09-11T11:31:46.664,1789106506.6649,2509,-95,-1.22,410,5.26
2026-09-11T11:31:46.669,1789106506.6700,2510,-10,-0.13,410,5.26
2026-09-11T11:31:46.673,1789106506.6731,2511,322,4.13,417,5.35
2026-09-11T11:31:46.675,1789106506.6751,2512,205,2.63,417,5.35
2026-09-11T11:31:46.678,1789106506.6788,2513,-168,-2.15,490,6.28
2026-09-11T11:31:46.681,1789106506.6818,2514,2,0.03,490,6.28
2026-09-11T11:31:46.687,1789106506.6880,2515,314,4.03,482,6.18
2026-09-11T11:31:46.695,1789106506.6956,2516,184,2.36,482,6.18
2026-09-11T11:31:46.696,1789106506.6966,2517,-212,-2.72,526,6.74
2026-09-11T11:31:46.703,1789106506.7039,2518,-211,-2.71,526,6.74
2026-09-11T11:31:46.714,1789106506.7150,2519,329,4.22,541,6.94
2026-09-11T11:31:46.715,1789106506.7160,2520,152,1.95,541,6.94
2026-09-11T11:31:46.721,1789106506.7218,2521,-237,-3.04,566,7.26
2026-09-11T11:31:46.725,1789106506.7260,2522,-200,-2.56,566,7.26
2026-09-11T11:31:46.728,1789106506.7289,2523,325,4.17,562,7.21
2026-09-11T11:31:46.734,1789106506.7341,2524,112,1.44,562,7.21
2026-09-11T11:31:46.741,1789106506.7411,2525,-265,-3.4,590,7.56
2026-09-11T11:31:46.743,1789106506.7433,2526,-180,-2.31,590,7.56
2026-09-11T11:31:46.750,1789106506.7503,2527,89,1.14,377,4.83
2026-09-11T11:31:46.752,1789106506.7525,2528,91,1.17,356,4.56
2026-09-11T11:31:46.765,1789106506.7656,2529,-277,-3.55,368,4.72
2026-09-11T11:31:46.767,1789106506.7676,2530,-156,-2.0,368,4.72
2026-09-11T11:31:46.770,1789106506.7706,2531,121,1.55,398,5.1
2026-09-11T11:31:46.772,1789106506.7728,2532,59,0.76,398,5.1
2026-09-11T11:31:46.778,1789106506.7788,2533,-285,-3.65,406,5.21
2026-09-11T11:31:46.785,1789106506.7857,2534,-124,-1.59,406,5.21
2026-09-11T11:31:46.787,1789106506.7878,2535,168,2.15,453,5.81
2026-09-11T11:31:46.793,1789106506.7938,2536,280,3.59,565,7.24
2026-09-11T11:31:46.798,1789106506.7989,2537,-305,-3.91,585,7.5
2026-09-11T11:31:46.800,1789106506.8009,2538,-108,-1.38,585,7.5
2026-09-11T11:31:46.813,1789106506.8132,2539,212,2.72,585,7.5
2026-09-11T11:31:46.816,1789106506.8162,2540,271,3.47,576,7.38
2026-09-11T11:31:46.821,1789106506.8212,2541,-322,-4.13,593,7.6
2026-09-11T11:31:46.823,1789106506.8234,2542,-100,-1.28,593,7.6
2026-09-11T11:31:46.831,1789106506.8317,2543,224,2.87,593,7.6
2026-09-11T11:31:46.835,1789106506.8357,2544,243,3.12,565,7.24
2026-09-11T11:31:46.839,1789106506.8397,2545,-74,-0.95,343,4.4
2026-09-11T11:31:46.845,1789106506.8459,2546,-68,-0.87,317,4.06
2026-09-11T11:31:46.847,1789106506.8479,2547,260,3.33,334,4.28
2026-09-11T11:31:46.855,1789106506.8551,2548,207,2.65,334,4.28
2026-09-11T11:31:46.862,1789106506.8622,2549,-114,-1.46,374,4.79
2026-09-11T11:31:46.864,1789106506.8642,2550,-48,-0.62,374,4.79
2026-09-11T11:31:46.867,1789106506.8672,2551,276,3.54,390,5.0
2026-09-11T11:31:46.875,1789106506.8754,2552,183,2.35,390,5.0
2026-09-11T11:31:46.877,1789106506.8774,2553,-174,-2.23,450,5.77
2026-09-11T11:31:46.884,1789106506.8847,2554,-48,-0.62,450,5.77
2026-09-11T11:31:46.890,1789106506.8907,2555,292,3.74,466,5.97
2026-09-11T11:31:46.893,1789106506.8938,2556,163,2.09,466,5.97
2026-09-11T11:31:46.901,1789106506.9010,2557,-218,-2.79,510,6.54
2026-09-11T11:31:46.902,1789106506.9022,2558,-265,-3.4,557,7.14
2026-09-11T11:31:46.913,1789106506.9133,2559,308,3.95,573,7.35
2026-09-11T11:31:46.914,1789106506.9143,2560,123,1.58,573,7.35
2026-09-11T11:31:46.924,1789106506.9246,2561,-253,-3.24,573,7.35
2026-09-11T11:31:46.929,1789106506.9296,2562,-236,-3.03,561,7.19
2026-09-11T11:31:46.930,1789106506.9306,2563,293,3.76,546,7.0
2026-09-11T11:31:46.931,1789106506.9317,2564,103,1.32,546,7.0
2026-09-11T11:31:46.939,1789106506.9397,2565,-273,-3.5,566,7.26
2026-09-11T11:31:46.944,1789106506.9449,2566,-212,-2.72,566,7.26
2026-09-11T11:31:46.945,1789106506.9459,2567,41,0.53,376,4.82
2026-09-11T11:31:46.952,1789106506.9521,2568,80,1.03,353,4.53
2026-09-11T11:31:46.967,1789106506.9673,2569,-281,-3.6,361,4.63
2026-09-11T11:31:46.969,1789106506.9693,2570,-188,-2.41,361,4.63
2026-09-11T11:31:46.973,1789106506.9734,2571,85,1.09,366,4.69
2026-09-11T11:31:46.978,1789106506.9784,2572,60,0.77,366,4.69
2026-09-11T11:31:46.979,1789106506.9794,2573,-285,-3.65,370,4.74
2026-09-11T11:31:46.981,1789106506.9816,2574,-160,-2.05,370,4.74
2026-09-11T11:31:46.989,1789106506.9896,2575,137,1.76,422,5.41
2026-09-11T11:31:46.993,1789106506.9938,2576,289,3.71,574,7.36
2026-09-11T11:31:47.000,1789106507.0007,2577,-52,-0.67,449,5.76
2026-09-11T11:31:47.006,1789106507.0061,2578,-524,-6.72,813,10.42
2026-09-11T11:31:47.013,1789106507.0132,2579,-930,-11.92,1219,15.63
2026-09-11T11:31:47.014,1789106507.0142,2580,-902,-11.56,878,11.26
2026-09-11T11:31:47.021,1789106507.0212,2581,-217,-2.78,713,9.14
2026-09-11T11:31:47.023,1789106507.0234,2582,-368,-4.72,713,9.14
2026-09-11T11:31:47.029,1789106507.0294,2583,-639,-8.19,685,8.78
2026-09-11T11:31:47.036,1789106507.0367,2584,-664,-8.51,447,5.73
2026-09-11T11:31:47.037,1789106507.0377,2585,-329,-4.22,335,4.29
2026-09-11T11:31:47.044,1789106507.0450,2586,-232,-2.97,432,5.54
2026-09-11T11:31:47.047,1789106507.0480,2587,-571,-7.32,432,5.54
2026-09-11T11:31:47.055,1789106507.0552,2588,-521,-6.68,339,4.35
2026-09-11T11:31:47.065,1789106507.0654,2589,-91,-1.17,480,6.15
2026-09-11T11:31:47.067,1789106507.0674,2590,-99,-1.27,480,6.15
2026-09-11T11:31:47.076,1789106507.0765,2591,-495,-6.35,430,5.51
2026-09-11T11:31:47.077,1789106507.0775,2592,-405,-5.19,404,5.18
2026-09-11T11:31:47.079,1789106507.0795,2593,20,0.26,515,6.6
2026-09-11T11:31:47.083,1789106507.0837,2594,-92,-1.18,515,6.6
2026-09-11T11:31:47.089,1789106507.0897,2595,-464,-5.95,484,6.21
2026-09-11T11:31:47.091,1789106507.0918,2596,-322,-4.13,484,6.21
2026-09-11T11:31:47.098,1789106507.0983,2597,115,1.47,579,7.42
2026-09-11T11:31:47.104,1789106507.1045,2598,219,2.81,683,8.76
2026-09-11T11:31:47.109,1789106507.1095,2599,-330,-4.23,549,7.04
2026-09-11T11:31:47.119,1789106507.1195,2600,-205,-2.63,549,7.04
2026-09-11T11:31:47.121,1789106507.1215,2601,160,2.05,549,7.04
2026-09-11T11:31:47.124,1789106507.1247,2602,167,2.14,497,6.37
2026-09-11T11:31:47.128,1789106507.1287,2603,-221,-2.83,388,4.97
2026-09-11T11:31:47.135,1789106507.1359,2604,-20,-0.26,388,4.97
2026-09-11T11:31:47.142,1789106507.1420,2605,220,2.82,441,5.65
2026-09-11T11:31:47.145,1789106507.1450,2606,167,2.14,441,5.65
2026-09-11T11:31:47.148,1789106507.1480,2607,182,2.33,240,3.08
2026-09-11T11:31:47.152,1789106507.1522,2608,368,4.72,201,2.58
2026-09-11T11:31:47.165,1789106507.1653,2609,62,0.79,306,3.92
2026-09-11T11:31:47.166,1789106507.1663,2610,166,2.13,306,3.92
2026-09-11T11:31:47.170,1789106507.1703,2611,409,5.24,347,4.45
2026-09-11T11:31:47.173,1789106507.1735,2612,417,5.35,355,4.55
2026-09-11T11:31:47.178,1789106507.1785,2613,40,0.51,377,4.83
2026-09-11T11:31:47.183,1789106507.1837,2614,172,2.21,377,4.83
2026-09-11T11:31:47.187,1789106507.1874,2615,415,5.32,377,4.83
2026-09-11T11:31:47.193,1789106507.1936,2616,585,7.5,545,6.99
2026-09-11T11:31:47.201,1789106507.2012,2617,-26,-0.33,611,7.83
2026-09-11T11:31:47.202,1789106507.2024,2618,110,1.41,611,7.83
2026-09-11T11:31:47.213,1789106507.2135,2619,405,5.19,611,7.83
2026-09-11T11:31:47.217,1789106507.2175,2620,512,6.56,538,6.9
2026-09-11T11:31:47.220,1789106507.2205,2621,-95,-1.22,607,7.78
2026-09-11T11:31:47.221,1789106507.2217,2622,69,0.88,607,7.78
2026-09-11T11:31:47.231,1789106507.2320,2623,389,4.99,607,7.78
2026-09-11T11:31:47.233,1789106507.2340,2624,423,5.42,518,6.64
2026-09-11T11:31:47.237,1789106507.2380,2625,146,1.87,354,4.54
2026-09-11T11:31:47.244,1789106507.2443,2626,70,0.9,353,4.53
2026-09-11T11:31:47.247,1789106507.2473,2627,362,4.64,353,4.53
2026-09-11T11:31:47.254,1789106507.2545,2628,364,4.67,294,3.77
2026-09-11T11:31:47.262,1789106507.2627,2629,67,0.86,297,3.81
2026-09-11T11:31:47.263,1789106507.2637,2630,35,0.45,329,4.22
2026-09-11T11:31:47.276,1789106507.2768,2631,347,4.45,329,4.22
2026-09-11T11:31:47.279,1789106507.2798,2632,310,3.97,312,4.0
2026-09-11T11:31:47.286,1789106507.2860,2633,-20,-0.26,367,4.71
2026-09-11T11:31:47.287,1789106507.2870,2634,-211,-2.71,558,7.15
2026-09-11T11:31:47.288,1789106507.2880,2635,341,4.37,552,7.08
2026-09-11T11:31:47.298,1789106507.2984,2636,252,3.23,552,7.08
2026-09-11T11:31:47.301,1789106507.3014,2637,-113,-1.45,552,7.08
2026-09-11T11:31:47.304,1789106507.3045,2638,-229,-2.94,570,7.31
2026-09-11T11:31:47.316,1789106507.3167,2639,332,4.26,561,7.19
2026-09-11T11:31:47.321,1789106507.3219,2640,195,2.5,561,7.19
2026-09-11T11:31:47.322,1789106507.3228,2641,-170,-2.18,561,7.19
2026-09-11T11:31:47.325,1789106507.3259,2642,-221,-2.83,553,7.09
2026-09-11T11:31:47.328,1789106507.3289,2643,348,4.46,569,7.29
2026-09-11T11:31:47.333,1789106507.3330,2644,154,1.97,569,7.29
2026-09-11T11:31:47.340,1789106507.3400,2645,-222,-2.85,570,7.31
2026-09-11T11:31:47.342,1789106507.3422,2646,-197,-2.53,570,7.31
2026-09-11T11:31:47.350,1789106507.3502,2647,59,0.76,376,4.82
2026-09-11T11:31:47.351,1789106507.3512,2648,166,2.13,388,4.97
2026-09-11T11:31:47.363,1789106507.3634,2649,-195,-2.5,363,4.65
2026-09-11T11:31:47.367,1789106507.3676,2650,-118,-1.51,361,4.63
2026-09-11T11:31:47.368,1789106507.3686,2651,126,1.62,361,4.63
2026-09-11T11:31:47.372,1789106507.3725,2652,168,2.15,363,4.65
2026-09-11T11:31:47.378,1789106507.3785,2653,-208,-2.67,376,4.82
2026-09-11T11:31:47.381,1789106507.3816,2654,-104,-1.33,376,4.82
2026-09-11T11:31:47.389,1789106507.3896,2655,149,1.91,376,4.82
2026-09-11T11:31:47.394,1789106507.3943,2656,364,4.67,572,7.33
2026-09-11T11:31:47.396,1789106507.3963,2657,-246,-3.15,610,7.82
2026-09-11T11:31:47.404,1789106507.4046,2658,-121,-1.55,610,7.82
2026-09-11T11:31:47.414,1789106507.4142,2659,176,2.26,610,7.82
2026-09-11T11:31:47.416,1789106507.4169,2660,327,4.19,573,7.35
2026-09-11T11:31:47.418,1789106507.4189,2661,-274,-3.51,601,7.71
2026-09-11T11:31:47.426,1789106507.4261,2662,-93,-1.19,601,7.71
2026-09-11T11:31:47.426,1789106507.4261,2663,207,2.65,601,7.71
2026-09-11T11:31:47.436,1789106507.4369,2664,294,3.77,568,7.28
2026-09-11T11:31:47.439,1789106507.4399,2665,37,0.47,387,4.96
2026-09-11T11:31:47.444,1789106507.4449,2666,-66,-0.85,360,4.62
2026-09-11T11:31:47.449,1789106507.4499,2667,254,3.26,360,4.62
2026-09-11T11:31:47.454,1789106507.4541,2668,265,3.4,331,4.24
2026-09-11T11:31:47.464,1789106507.4642,2669,-12,-0.15,331,4.24
2026-09-11T11:31:47.467,1789106507.4672,2670,-39,-0.5,304,3.9
2026-09-11T11:31:47.472,1789106507.4723,2671,302,3.87,341,4.37
2026-09-11T11:31:47.479,1789106507.4793,2672,268,3.44,341,4.37
2026-09-11T11:31:47.480,1789106507.4803,2673,-37,-0.47,341,4.37
2026-09-11T11:31:47.485,1789106507.4855,2674,-253,-3.24,555,7.12
2026-09-11T11:31:47.489,1789106507.4891,2675,320,4.1,573,7.35
2026-09-11T11:31:47.492,1789106507.4923,2676,251,3.22,573,7.35
2026-09-11T11:31:47.499,1789106507.4993,2677,-86,-1.1,573,7.35
2026-09-11T11:31:47.501,1789106507.5013,2678,-241,-3.09,561,7.19
2026-09-11T11:31:47.514,1789106507.5143,2679,347,4.45,588,7.54
2026-09-11T11:31:47.516,1789106507.5163,2680,234,3.0,588,7.54
2026-09-11T11:31:47.519,1789106507.5193,2681,-123,-1.58,588,7.54
2026-09-11T11:31:47.521,1789106507.5213,2682,-214,-2.74,561,7.19
2026-09-11T11:31:47.528,1789106507.5284,2683,342,4.38,556,7.13
2026-09-11T11:31:47.536,1789106507.5366,2684,209,2.68,556,7.13
2026-09-11T11:31:47.537,1789106507.5376,2685,-196,-2.51,556,7.13
2026-09-11T11:31:47.548,1789106507.5489,2686,-191,-2.45,538,6.9
2026-09-11T11:31:47.549,1789106507.5499,2687,38,0.49,405,5.19
2026-09-11T11:31:47.553,1789106507.5531,2688,164,2.1,360,4.62
2026-09-11T11:31:47.564,1789106507.5642,2689,-228,-2.92,392,5.03
2026-09-11T11:31:47.565,1789106507.5652,2690,-184,-2.36,392,5.03
2026-09-11T11:31:47.570,1789106507.5702,2691,65,0.83,392,5.03
2026-09-11T11:31:47.572,1789106507.5725,2692,151,1.94,379,4.86
2026-09-11T11:31:47.578,1789106507.5785,2693,-241,-3.09,392,5.03
2026-09-11T11:31:47.580,1789106507.5809,2694,-140,-1.79,392,5.03
2026-09-11T11:31:47.594,1789106507.5942,2695,108,1.38,392,5.03
2026-09-11T11:31:47.596,1789106507.5968,2696,344,4.41,585,7.5
2026-09-11T11:31:47.600,1789106507.6005,2697,-262,-3.36,606,7.77
2026-09-11T11:31:47.604,1789106507.6046,2698,-125,-1.6,606,7.77
2026-09-11T11:31:47.614,1789106507.6147,2699,144,1.85,606,7.77
2026-09-11T11:31:47.619,1789106507.6197,2700,327,4.19,589,7.55
2026-09-11T11:31:47.622,1789106507.6229,2701,-270,-3.46,597,7.65
2026-09-11T11:31:47.626,1789106507.6269,2702,-105,-1.35,597,7.65
2026-09-11T11:31:47.632,1789106507.6321,2703,167,2.14,597,7.65
2026-09-11T11:31:47.639,1789106507.6391,2704,290,3.72,560,7.18
2026-09-11T11:31:47.640,1789106507.6401,2705,45,0.58,395,5.06
2026-09-11T11:31:47.643,1789106507.6433,2706,-106,-1.36,396,5.08
2026-09-11T11:31:47.649,1789106507.6493,2707,211,2.71,396,5.08
2026-09-11T11:31:47.651,1789106507.6513,2708,274,3.51,380,4.87
2026-09-11T11:31:47.664,1789106507.6646,2709,-3,-0.04,380,4.87
2026-09-11T11:31:47.666,1789106507.6666,2710,-82,-1.05,356,4.56
2026-09-11T11:31:47.669,1789106507.6700,2711,238,3.05,356,4.56
2026-09-11T11:31:47.673,1789106507.6731,2712,237,3.04,320,4.1
2026-09-11T11:31:47.681,1789106507.6812,2713,-56,-0.72,320,4.1
2026-09-11T11:31:47.684,1789106507.6844,2714,-295,-3.78,533,6.83
2026-09-11T11:31:47.687,1789106507.6874,2715,262,3.36,557,7.14
2026-09-11T11:31:47.693,1789106507.6934,2716,221,2.83,557,7.14
2026-09-11T11:31:47.696,1789106507.6969,2717,-104,-1.33,557,7.14
2026-09-11T11:31:47.706,1789106507.7061,2718,-296,-3.79,558,7.15
2026-09-11T11:31:47.714,1789106507.7143,2719,286,3.67,582,7.46
2026-09-11T11:31:47.718,1789106507.7183,2720,193,2.47,582,7.46
2026-09-11T11:31:47.720,1789106507.7203,2721,-144,-1.85,582,7.46
2026-09-11T11:31:47.726,1789106507.7265,2722,-256,-3.28,542,6.95
2026-09-11T11:31:47.727,1789106507.7275,2723,306,3.92,562,7.21
2026-09-11T11:31:47.733,1789106507.7337,2724,192,2.46,562,7.21
2026-09-11T11:31:47.738,1789106507.7382,2725,-180,-2.31,562,7.21
2026-09-11T11:31:47.742,1789106507.7426,2726,-224,-2.87,530,6.79
2026-09-11T11:31:47.751,1789106507.7518,2727,-7,-0.09,416,5.33
2026-09-11T11:31:47.753,1789106507.7538,2728,148,1.9,372,4.77
2026-09-11T11:31:47.762,1789106507.7629,2729,-241,-3.09,389,4.99
2026-09-11T11:31:47.765,1789106507.7659,2730,-228,-2.92,389,4.99
2026-09-11T11:31:47.770,1789106507.7709,2731,5,0.06,389,4.99
2026-09-11T11:31:47.777,1789106507.7771,2732,112,1.44,353,4.53
2026-09-11T11:31:47.778,1789106507.7781,2733,-252,-3.23,364,4.67
2026-09-11T11:31:47.786,1789106507.7863,2734,-211,-2.71,364,4.67
2026-09-11T11:31:47.787,1789106507.7873,2735,37,0.47,364,4.67
2026-09-11T11:31:47.793,1789106507.7934,2736,305,3.91,557,7.14
2026-09-11T11:31:47.800,1789106507.8010,2737,-288,-3.69,593,7.6
2026-09-11T11:31:47.802,1789106507.8021,2738,-175,-2.24,593,7.6
2026-09-11T11:31:47.813,1789106507.8132,2739,74,0.95,593,7.6
2026-09-11T11:31:47.817,1789106507.8172,2740,277,3.55,565,7.24
2026-09-11T11:31:47.819,1789106507.8192,2741,-304,-3.9,581,7.45
2026-09-11T11:31:47.821,1789106507.8212,2742,-171,-2.19,581,7.45
2026-09-11T11:31:47.828,1789106507.8284,2743,130,1.67,581,7.45
2026-09-11T11:31:47.831,1789106507.8314,2744,257,3.29,561,7.19
2026-09-11T11:31:47.839,1789106507.8395,2745,20,0.26,428,5.49
2026-09-11T11:31:47.844,1789106507.8447,2746,-151,-1.94,408,5.23
2026-09-11T11:31:47.845,1789106507.8457,2747,162,2.08,408,5.23
2026-09-11T11:31:47.855,1789106507.8559,2748,249,3.19,400,5.13
2026-09-11T11:31:47.863,1789106507.8640,2749,-16,-0.21,400,5.13
2026-09-11T11:31:47.866,1789106507.8670,2750,-82,-1.05,331,4.24
2026-09-11T11:31:47.870,1789106507.8710,2751,230,2.95,331,4.24
2026-09-11T11:31:47.872,1789106507.8721,2752,257,3.29,339,4.35
2026-09-11T11:31:47.880,1789106507.8801,2753,-28,-0.36,339,4.35
2026-09-11T11:31:47.882,1789106507.8823,2754,-308,-3.95,565,7.24
2026-09-11T11:31:47.888,1789106507.8883,2755,262,3.36,570,7.31
2026-09-11T11:31:47.890,1789106507.8903,2756,237,3.04,570,7.31
2026-09-11T11:31:47.899,1789106507.9000,2757,-68,-0.87,570,7.31
2026-09-11T11:31:47.905,1789106507.9051,2758,-292,-3.74,554,7.1
2026-09-11T11:31:47.913,1789106507.9133,2759,269,3.45,561,7.19
2026-09-11T11:31:47.915,1789106507.9153,2760,208,2.67,561,7.19
2026-09-11T11:31:47.918,1789106507.9183,2761,-133,-1.71,561,7.19
2026-09-11T11:31:47.925,1789106507.9254,2762,-284,-3.64,553,7.09
2026-09-11T11:31:47.928,1789106507.9284,2763,289,3.71,573,7.35
2026-09-11T11:31:47.936,1789106507.9366,2764,192,2.46,573,7.35
2026-09-11T11:31:47.939,1789106507.9396,2765,-169,-2.17,573,7.35
2026-09-11T11:31:47.945,1789106507.9460,2766,-248,-3.18,537,6.88
2026-09-11T11:31:47.950,1789106507.9508,2767,1,0.01,440,5.64
2026-09-11T11:31:47.953,1789106507.9539,2768,152,1.95,400,5.13
2026-09-11T11:31:47.963,1789106507.9630,2769,-209,-2.68,400,5.13
2026-09-11T11:31:47.965,1789106507.9650,2770,-240,-3.08,392,5.03
2026-09-11T11:31:47.970,1789106507.9700,2771,5,0.06,392,5.03
2026-09-11T11:31:47.971,1789106507.9714,2772,124,1.59,364,4.67
2026-09-11T11:31:47.979,1789106507.9794,2773,-261,-3.35,385,4.94
2026-09-11T11:31:47.987,1789106507.9876,2774,-220,-2.82,385,4.94
2026-09-11T11:31:47.988,1789106507.9887,2775,17,0.22,385,4.94
2026-09-11T11:31:47.995,1789106507.9957,2776,301,3.86,562,7.21
2026-09-11T11:31:47.999,1789106507.9997,2777,-288,-3.69,589,7.55
2026-09-11T11:31:48.009,1789106508.0095,2778,-211,-2.71,589,7.55
2026-09-11T11:31:48.014,1789106508.0149,2779,58,0.74,589,7.55
2026-09-11T11:31:48.016,1789106508.0169,2780,289,3.71,577,7.4
2026-09-11T11:31:48.019,1789106508.0199,2781,-304,-3.9,593,7.6
2026-09-11T11:31:48.023,1789106508.0240,2782,-183,-2.35,593,7.6
2026-09-11T11:31:48.030,1789106508.0310,2783,82,1.05,593,7.6
2026-09-11T11:31:48.032,1789106508.0321,2784,265,3.4,569,7.29
2026-09-11T11:31:48.038,1789106508.0381,2785,28,0.36,448,5.74
2026-09-11T11:31:48.043,1789106508.0435,2786,-166,-2.13,431,5.53
2026-09-11T11:31:48.046,1789106508.0465,2787,134,1.72,431,5.53
2026-09-11T11:31:48.053,1789106508.0537,2788,250,3.21,416,5.33
2026-09-11T11:31:48.062,1789106508.0628,2789,5,0.06,416,5.33
2026-09-11T11:31:48.066,1789106508.0668,2790,-158,-2.03,408,5.23
2026-09-11T11:31:48.068,1789106508.0688,2791,163,2.09,408,5.23
2026-09-11T11:31:48.075,1789106508.0760,2792,226,2.9,384,4.92
2026-09-11T11:31:48.078,1789106508.0790,2793,-47,-0.6,384,4.92
2026-09-11T11:31:48.085,1789106508.0851,2794,-335,-4.29,561,7.19
2026-09-11T11:31:48.091,1789106508.0911,2795,207,2.65,561,7.19
2026-09-11T11:31:48.093,1789106508.0933,2796,214,2.74,549,7.04
2026-09-11T11:31:48.099,1789106508.0998,2797,-87,-1.12,549,7.04
2026-09-11T11:31:48.106,1789106508.1060,2798,-338,-4.33,552,7.08
2026-09-11T11:31:48.111,1789106508.1110,2799,215,2.76,553,7.09
2026-09-11T11:31:48.116,1789106508.1166,2800,191,2.45,553,7.09
2026-09-11T11:31:48.122,1789106508.1228,2801,-162,-2.08,553,7.09
2026-09-11T11:31:48.124,1789106508.1248,2802,-333,-4.27,548,7.03
2026-09-11T11:31:48.129,1789106508.1298,2803,240,3.08,573,7.35
2026-09-11T11:31:48.135,1789106508.1359,2804,159,2.04,573,7.35
2026-09-11T11:31:48.136,1789106508.1369,2805,-201,-2.58,573,7.35
2026-09-11T11:31:48.145,1789106508.1451,2806,-313,-4.01,553,7.09
2026-09-11T11:31:48.150,1789106508.1501,2807,-75,-0.96,472,6.05
2026-09-11T11:31:48.153,1789106508.1533,2808,132,1.69,445,5.71
2026-09-11T11:31:48.170,1789106508.1701,2809,-245,-3.14,445,5.71
2026-09-11T11:31:48.172,1789106508.1723,2810,-288,-3.69,420,5.38
2026-09-11T11:31:48.174,1789106508.1743,2811,-43,-0.55,420,5.38
2026-09-11T11:31:48.178,1789106508.1783,2812,89,1.14,377,4.83
2026-09-11T11:31:48.181,1789106508.1813,2813,-256,-3.28,377,4.83
2026-09-11T11:31:48.184,1789106508.1844,2814,37,0.47,345,4.42
2026-09-11T11:31:48.192,1789106508.1924,2815,-491,-6.29,580,7.44
2026-09-11T11:31:48.195,1789106508.1954,2816,-1621,-20.78,1658,21.26
2026-09-11T11:31:48.197,1789106508.1975,2817,-621,-7.96,1658,21.26
2026-09-11T11:31:48.202,1789106508.2027,2818,-654,-8.38,1130,14.49
2026-09-11T11:31:48.216,1789106508.2167,2819,-1152,-14.77,1000,12.82
2026-09-11T11:31:48.220,1789106508.2207,2820,-1779,-22.81,1158,14.85
2026-09-11T11:31:48.225,1789106508.2258,2821,-264,-3.38,1515,19.42
2026-09-11T11:31:48.227,1789106508.2278,2822,-399,-5.12,1515,19.42
2026-09-11T11:31:48.228,1789106508.2288,2823,-945,-12.12,1515,19.42
2026-09-11T11:31:48.233,1789106508.2330,2824,-1457,-18.68,1193,15.29
2026-09-11T11:31:48.241,1789106508.2410,2825,-864,-11.08,1058,13.56
2026-09-11T11:31:48.245,1789106508.2452,2826,-197,-2.53,1260,16.15
2026-09-11T11:31:48.252,1789106508.2523,2827,-828,-10.62,1260,16.15
2026-09-11T11:31:48.254,1789106508.2543,2828,-1217,-15.6,1020,13.08
2026-09-11T11:31:48.263,1789106508.2635,2829,-580,-7.44,1020,13.08
2026-09-11T11:31:48.266,1789106508.2665,2830,-107,-1.37,1110,14.23
2026-09-11T11:31:48.269,1789106508.2695,2831,-762,-9.77,1110,14.23
2026-09-11T11:31:48.271,1789106508.2716,2832,-1027,-13.17,920,11.79
2026-09-11T11:31:48.278,1789106508.2786,2833,-363,-4.65,920,11.79
2026-09-11T11:31:48.281,1789106508.2818,2834,442,5.67,1469,18.83
2026-09-11T11:31:48.290,1789106508.2909,2835,-720,-9.23,1469,18.83
2026-09-11T11:31:48.294,1789106508.2941,2836,-837,-10.73,1279,16.4
2026-09-11T11:31:48.300,1789106508.3006,2837,-133,-1.71,1279,16.4
2026-09-11T11:31:48.303,1789106508.3038,2838,515,6.6,1352,17.33
2026-09-11T11:31:48.313,1789106508.3140,2839,-583,-7.47,1352,17.33
2026-09-11T11:31:48.314,1789106508.3150,2840,-485,-6.22,1098,14.08
2026-09-11T11:31:48.324,1789106508.3242,2841,-35,-0.45,1098,14.08
2026-09-11T11:31:48.326,1789106508.3262,2842,85,1.09,668,8.56
2026-09-11T11:31:48.330,1789106508.3302,2843,-87,-1.12,570,7.31
2026-09-11T11:31:48.335,1789106508.3354,2844,10,0.13,172,2.21
2026-09-11T11:31:48.338,1789106508.3384,2845,-158,-2.03,243,3.12
2026-09-11T11:31:48.345,1789106508.3454,2846,-218,-2.79,228,2.92
2026-09-11T11:31:48.346,1789106508.3464,2847,23,0.29,241,3.09
2026-09-11T11:31:48.352,1789106508.3529,2848,326,4.18,544,6.97
2026-09-11T11:31:48.364,1789106508.3642,2849,-4,-0.05,544,6.97
2026-09-11T11:31:48.370,1789106508.3702,2850,-76,-0.97,402,5.15
2026-09-11T11:31:48.373,1789106508.3734,2851,189,2.42,402,5.15
2026-09-11T11:31:48.379,1789106508.3794,2852,378,4.85,454,5.82
2026-09-11T11:31:48.381,1789106508.3814,2853,8,0.1,454,5.82
2026-09-11T11:31:48.382,1789106508.3825,2854,4,0.05,374,4.79
2026-09-11T11:31:48.389,1789106508.3895,2855,224,2.87,374,4.79
2026-09-11T11:31:48.395,1789106508.3957,2856,551,7.06,547,7.01
2026-09-11T11:31:48.398,1789106508.3989,2857,8,0.1,547,7.01
2026-09-11T11:31:48.405,1789106508.4051,2858,48,0.62,543,6.96
2026-09-11T11:31:48.412,1789106508.4124,2859,288,3.69,543,6.96
2026-09-11T11:31:48.413,1789106508.4134,2860,591,7.58,583,7.47
2026-09-11T11:31:48.419,1789106508.4194,2861,-9,-0.12,600,7.69
2026-09-11T11:31:48.421,1789106508.4211,2862,63,0.81,600,7.69
2026-09-11T11:31:48.429,1789106508.4292,2863,319,4.09,600,7.69
2026-09-11T11:31:48.431,1789106508.4312,2864,553,7.09,562,7.21
2026-09-11T11:31:48.440,1789106508.4408,2865,319,4.09,490,6.28
2026-09-11T11:31:48.443,1789106508.4438,2866,58,0.74,495,6.35
2026-09-11T11:31:48.446,1789106508.4468,2867,330,4.23,495,6.35
2026-09-11T11:31:48.454,1789106508.4550,2868,513,6.58,455,5.83
2026-09-11T11:31:48.465,1789106508.4651,2869,263,3.37,455,5.83
2026-09-11T11:31:48.467,1789106508.4671,2870,58,0.74,455,5.83
2026-09-11T11:31:48.470,1789106508.4701,2871,354,4.54,455,5.83
2026-09-11T11:31:48.472,1789106508.4723,2872,464,5.95,406,5.21
2026-09-11T11:31:48.480,1789106508.4803,2873,202,2.59,406,5.21
2026-09-11T11:31:48.482,1789106508.4828,2874,-118,-1.51,582,7.46
2026-09-11T11:31:48.490,1789106508.4908,2875,398,5.1,582,7.46
2026-09-11T11:31:48.493,1789106508.4939,2876,460,5.9,578,7.41
2026-09-11T11:31:48.497,1789106508.4974,2877,186,2.38,578,7.41
2026-09-11T11:31:48.503,1789106508.5038,2878,-134,-1.72,594,7.62
2026-09-11T11:31:48.509,1789106508.5096,2879,398,5.1,594,7.62
2026-09-11T11:31:48.512,1789106508.5129,2880,396,5.08,532,6.82
2026-09-11T11:31:48.516,1789106508.5169,2881,107,1.37,532,6.82
2026-09-11T11:31:48.525,1789106508.5252,2882,-158,-2.03,556,7.13
2026-09-11T11:31:48.530,1789106508.5302,2883,403,5.17,561,7.19
2026-09-11T11:31:48.535,1789106508.5354,2884,349,4.47,561,7.19
2026-09-11T11:31:48.542,1789106508.5426,2885,36,0.46,561,7.19
2026-09-11T11:31:48.545,1789106508.5456,2886,-148,-1.9,551,7.06
2026-09-11T11:31:48.550,1789106508.5506,2887,72,0.92,497,6.37
2026-09-11T11:31:48.555,1789106508.5558,2888,322,4.13,470,6.03
2026-09-11T11:31:48.567,1789106508.5679,2889,-43,-0.55,470,6.03
2026-09-11T11:31:48.569,1789106508.5699,2890,-155,-1.99,477,6.12
2026-09-11T11:31:48.570,1789106508.5709,2891,74,0.95,477,6.12
2026-09-11T11:31:48.576,1789106508.5761,2892,268,3.44,423,5.42
2026-09-11T11:31:48.577,1789106508.5771,2893,-113,-1.45,423,5.42
2026-09-11T11:31:48.585,1789106508.5853,2894,-173,-2.22,441,5.65
2026-09-11T11:31:48.587,1789106508.5873,2895,76,0.97,441,5.65
2026-09-11T11:31:48.594,1789106508.5943,2896,400,5.13,573,7.35
2026-09-11T11:31:48.600,1789106508.6008,2897,-159,-2.04,573,7.35
2026-09-11T11:31:48.603,1789106508.6040,2898,-150,-1.92,559,7.17
2026-09-11T11:31:48.612,1789106508.6125,2899,94,1.21,559,7.17
2026-09-11T11:31:48.614,1789106508.6145,2900,394,5.05,553,7.09
2026-09-11T11:31:48.621,1789106508.6217,2901,-196,-2.51,590,7.56
2026-09-11T11:31:48.623,1789106508.6237,2902,-136,-1.74,590,7.56
2026-09-11T11:31:48.634,1789106508.6340,2903,125,1.6,590,7.56
2026-09-11T11:31:48.636,1789106508.6360,2904,389,4.99,585,7.5
2026-09-11T11:31:48.639,1789106508.6390,2905,179,2.29,525,6.73
2026-09-11T11:31:48.645,1789106508.6453,2906,-101,-1.29,490,6.28
2026-09-11T11:31:48.649,1789106508.6493,2907,188,2.41,490,6.28
2026-09-11T11:31:48.653,1789106508.6536,2908,399,5.12,500,6.41
2026-09-11T11:31:48.663,1789106508.6638,2909,157,2.01,500,6.41
2026-09-11T11:31:48.663,1789106508.6638,2910,-67,-0.86,466,5.97
2026-09-11T11:31:48.675,1789106508.6755,2911,226,2.9,466,5.97
2026-09-11T11:31:48.679,1789106508.6795,2912,369,4.73,436,5.59
2026-09-11T11:31:48.683,1789106508.6833,2913,123,1.58,436,5.59
2026-09-11T11:31:48.687,1789106508.6873,2914,-205,-2.63,574,7.36
2026-09-11T11:31:48.689,1789106508.6893,2915,292,3.74,574,7.36
2026-09-11T11:31:48.692,1789106508.6923,2916,383,4.91,588,7.54
2026-09-11T11:31:48.699,1789106508.6998,2917,141,1.81,588,7.54
2026-09-11T11:31:48.706,1789106508.7060,2918,-163,-2.09,546,7.0
2026-09-11T11:31:48.714,1789106508.7141,2919,357,4.58,546,7.0
2026-09-11T11:31:48.715,1789106508.7151,2920,388,4.97,551,7.06
2026-09-11T11:31:48.721,1789106508.7211,2921,94,1.21,551,7.06
2026-09-11T11:31:48.723,1789106508.7234,2922,-182,-2.33,570,7.31
2026-09-11T11:31:48.729,1789106508.7294,2923,358,4.59,570,7.31
2026-09-11T11:31:48.733,1789106508.7336,2924,333,4.27,540,6.92
2026-09-11T11:31:48.736,1789106508.7366,2925,16,0.21,540,6.92
2026-09-11T11:31:48.745,1789106508.7457,2926,-212,-2.72,570,7.31
2026-09-11T11:31:48.749,1789106508.7497,2927,24,0.31,545,6.99
2026-09-11T11:31:48.750,1789106508.7507,2928,291,3.73,503,6.45
2026-09-11T11:31:48.763,1789106508.7630,2929,-62,-0.79,503,6.45
2026-09-11T11:31:48.767,1789106508.7670,2930,-214,-2.74,505,6.47
2026-09-11T11:31:48.768,1789106508.7680,2931,31,0.4,505,6.47
2026-09-11T11:31:48.772,1789106508.7722,2932,225,2.88,439,5.63
2026-09-11T11:31:48.778,1789106508.7782,2933,-140,-1.79,439,5.63
2026-09-11T11:31:48.788,1789106508.7884,2934,-211,-2.71,436,5.59
2026-09-11T11:31:48.793,1789106508.7938,2935,26,0.33,436,5.59
2026-09-11T11:31:48.795,1789106508.7959,2936,354,4.54,565,7.24
2026-09-11T11:31:48.797,1789106508.7975,2937,-173,-2.22,565,7.24
2026-09-11T11:31:48.804,1789106508.8044,2938,-192,-2.46,546,7.0
2026-09-11T11:31:48.814,1789106508.8145,2939,57,0.73,546,7.0
2026-09-11T11:31:48.817,1789106508.8175,2940,377,4.83,569,7.29
2026-09-11T11:31:48.819,1789106508.8195,2941,-174,-2.23,569,7.29
2026-09-11T11:31:48.821,1789106508.8217,2942,-129,-1.65,551,7.06
2026-09-11T11:31:48.832,1789106508.8329,2943,92,1.18,551,7.06
2026-09-11T11:31:48.837,1789106508.8379,2944,367,4.71,541,6.94
2026-09-11T11:31:48.844,1789106508.8442,2945,158,2.03,496,6.36
2026-09-11T11:31:48.846,1789106508.8462,2946,-142,-1.82,509,6.53
2026-09-11T11:31:48.849,1789106508.8492,2947,118,1.51,509,6.53
2026-09-11T11:31:48.856,1789106508.8567,2948,358,4.59,500,6.41
2026-09-11T11:31:48.862,1789106508.8628,2949,125,1.6,500,6.41
2026-09-11T11:31:48.866,1789106508.8668,2950,-135,-1.73,493,6.32
2026-09-11T11:31:48.870,1789106508.8708,2951,142,1.82,493,6.32
2026-09-11T11:31:48.877,1789106508.8780,2952,321,4.12,456,5.85
2026-09-11T11:31:48.879,1789106508.8800,2953,88,1.13,456,5.85
2026-09-11T11:31:48.883,1789106508.8832,2954,-277,-3.55,598,7.67
2026-09-11T11:31:48.889,1789106508.8892,2955,189,2.42,598,7.67
2026-09-11T11:31:48.892,1789106508.8924,2956,304,3.9,581,7.45
2026-09-11T11:31:48.898,1789106508.8989,2957,39,0.5,581,7.45
2026-09-11T11:31:48.906,1789106508.9061,2958,-293,-3.76,597,7.65
2026-09-11T11:31:48.910,1789106508.9101,2959,212,2.72,597,7.65
2026-09-11T11:31:48.917,1789106508.9173,2960,284,3.64,577,7.4
2026-09-11T11:31:48.921,1789106508.9213,2961,2,0.03,577,7.4
2026-09-11T11:31:48.925,1789106508.9254,2962,-298,-3.82,582,7.46
2026-09-11T11:31:48.927,1789106508.9274,2963,248,3.18,582,7.46
2026-09-11T11:31:48.935,1789106508.9357,2964,243,3.12,546,7.0
2026-09-11T11:31:48.938,1789106508.9387,2965,-38,-0.49,546,7.0
2026-09-11T11:31:48.949,1789106508.9499,2966,-314,-4.03,562,7.21
2026-09-11T11:31:48.950,1789106508.9509,2967,-69,-0.88,557,7.14
2026-09-11T11:31:48.954,1789106508.9540,2968,219,2.81,533,6.83
2026-09-11T11:31:48.963,1789106508.9632,2969,-106,-1.36,533,6.83
2026-09-11T11:31:48.966,1789106508.9662,2970,-294,-3.77,513,6.58
2026-09-11T11:31:48.971,1789106508.9712,2971,-57,-0.73,513,6.58
2026-09-11T11:31:48.972,1789106508.9723,2972,186,2.38,480,6.15
2026-09-11T11:31:48.978,1789106508.9783,2973,-154,-1.97,480,6.15
2026-09-11T11:31:48.981,1789106508.9813,2974,-290,-3.72,476,6.1
2026-09-11T11:31:48.995,1789106508.9958,2975,-45,-0.58,476,6.1
2026-09-11T11:31:48.999,1789106508.9998,2976,288,3.69,578,7.41
2026-09-11T11:31:49.003,1789106509.0040,2977,-218,-2.79,578,7.41
2026-09-11T11:31:49.004,1789106509.0050,2978,-273,-3.5,561,7.19
2026-09-11T11:31:49.014,1789106509.0142,2979,-40,-0.51,561,7.19
2026-09-11T11:31:49.019,1789106509.0192,2980,292,3.74,565,7.24
2026-09-11T11:31:49.021,1789106509.0212,2981,-246,-3.15,565,7.24
2026-09-11T11:31:49.025,1789106509.0254,2982,-245,-3.14,538,6.9
2026-09-11T11:31:49.030,1789106509.0304,2983,-12,-0.15,538,6.9
2026-09-11T11:31:49.037,1789106509.0373,2984,292,3.74,538,6.9
2026-09-11T11:31:49.039,1789106509.0393,2985,111,1.42,537,6.88
2026-09-11T11:31:49.042,1789106509.0424,2986,-212,-2.72,504,6.46
2026-09-11T11:31:49.049,1789106509.0491,2987,29,0.37,504,6.46
2026-09-11T11:31:49.051,1789106509.0511,2988,300,3.85,512,6.56
2026-09-11T11:31:49.064,1789106509.0641,2989,83,1.06,512,6.56
2026-09-11T11:31:49.066,1789106509.0661,2990,-192,-2.46,492,6.31
2026-09-11T11:31:49.070,1789106509.0701,2991,73,0.94,492,6.31
2026-09-11T11:31:49.073,1789106509.0733,2992,285,3.65,477,6.12
2026-09-11T11:31:49.079,1789106509.0793,2993,35,0.45,477,6.12
2026-09-11T11:31:49.085,1789106509.0855,2994,-297,-3.81,582,7.46
2026-09-11T11:31:49.088,1789106509.0885,2995,125,1.6,582,7.46
2026-09-11T11:31:49.093,1789106509.0937,2996,269,3.45,566,7.26
2026-09-11T11:31:49.103,1789106509.1034,2997,24,0.31,566,7.26
2026-09-11T11:31:49.107,1789106509.1074,2998,-309,-3.96,578,7.41
2026-09-11T11:31:49.114,1789106509.1146,2999,149,1.91,578,7.41
2026-09-11T11:31:49.116,1789106509.1166,3000,257,3.29,566,7.26
2026-09-11T11:31:49.119,1789106509.1196,3001,-4,-0.05,566,7.26
2026-09-11T11:31:49.122,1789106509.1228,3002,-316,-4.05,573,7.35
2026-09-11T11:31:49.129,1789106509.1298,3003,189,2.42,573,7.35
2026-09-11T11:31:49.131,1789106509.1319,3004,225,2.88,541,6.94
2026-09-11T11:31:49.136,1789106509.1369,3005,-56,-0.72,541,6.94
2026-09-11T11:31:49.148,1789106509.1483,3006,-336,-4.31,561,7.19
2026-09-11T11:31:49.152,1789106509.1523,3007,-91,-1.17,561,7.19
2026-09-11T11:31:49.157,1789106509.1574,3008,205,2.63,541,6.94
2026-09-11T11:31:49.166,1789106509.1665,3009,-108,-1.38,541,6.94
2026-09-11T11:31:49.167,1789106509.1675,3010,-336,-4.31,541,6.94
2026-09-11T11:31:49.169,1789106509.1695,3011,-90,-1.15,541,6.94
2026-09-11T11:31:49.178,1789106509.1787,3012,169,2.17,505,6.47
2026-09-11T11:31:49.182,1789106509.1829,3013,-168,-2.15,505,6.47
2026-09-11T11:31:49.184,1789106509.1849,3014,-315,-4.04,484,6.21
2026-09-11T11:31:49.192,1789106509.1925,3015,-86,-1.1,484,6.21
2026-09-11T11:31:49.194,1789106509.1942,3016,243,3.12,558,7.15
2026-09-11T11:31:49.200,1789106509.2005,3017,-227,-2.91,558,7.15
2026-09-11T11:31:49.206,1789106509.2063,3018,-306,-3.92,549,7.04
2026-09-11T11:31:49.210,1789106509.2102,3019,-73,-0.94,549,7.04
2026-09-11T11:31:49.217,1789106509.2174,3020,264,3.38,570,7.31
2026-09-11T11:31:49.222,1789106509.2228,3021,-258,-3.31,570,7.31
2026-09-11T11:31:49.225,1789106509.2258,3022,-281,-3.6,545,6.99
2026-09-11T11:31:49.229,1789106509.2298,3023,-48,-0.62,545,6.99
2026-09-11T11:31:49.235,1789106509.2360,3024,264,3.38,545,6.99
2026-09-11T11:31:49.237,1789106509.2380,3025,103,1.32,545,6.99
2026-09-11T11:31:49.245,1789106509.2454,3026,-256,-3.28,520,6.67
2026-09-11T11:31:49.251,1789106509.2514,3027,-19,-0.24,520,6.67
2026-09-11T11:31:49.258,1789106509.2587,3028,261,3.35,517,6.63
2026-09-11T11:31:49.264,1789106509.2648,3029,64,0.82,517,6.63
2026-09-11T11:31:49.265,1789106509.2658,3030,-243,-3.12,504,6.46
2026-09-11T11:31:49.270,1789106509.2708,3031,14,0.18,504,6.46
2026-09-11T11:31:49.273,1789106509.2740,3032,258,3.31,501,6.42
2026-09-11T11:31:49.278,1789106509.2790,3033,29,0.37,501,6.42
2026-09-11T11:31:49.282,1789106509.2822,3034,-327,-4.19,585,7.5
2026-09-11T11:31:49.289,1789106509.2892,3035,51,0.65,585,7.5
2026-09-11T11:31:49.293,1789106509.2933,3036,243,3.12,570,7.31
2026-09-11T11:31:49.295,1789106509.2959,3037,10,0.13,570,7.31
2026-09-11T11:31:49.308,1789106509.3080,3038,-342,-4.38,585,7.5
2026-09-11T11:31:49.315,1789106509.3152,3039,92,1.18,585,7.5
2026-09-11T11:31:49.316,1789106509.3162,3040,236,3.03,578,7.41
2026-09-11T11:31:49.320,1789106509.3202,3041,-21,-0.27,578,7.41
2026-09-11T11:31:49.324,1789106509.3244,3042,-361,-4.63,597,7.65
2026-09-11T11:31:49.332,1789106509.3326,3043,149,1.91,597,7.65
2026-09-11T11:31:49.335,1789106509.3356,3044,216,2.77,577,7.4
2026-09-11T11:31:49.341,1789106509.3418,3045,-77,-0.99,577,7.4
2026-09-11T11:31:49.343,1789106509.3438,3046,-360,-4.62,576,7.38
2026-09-11T11:31:49.350,1789106509.3508,3047,-147,-1.88,576,7.38
2026-09-11T11:31:49.355,1789106509.3559,3048,181,2.32,541,6.94
2026-09-11T11:31:49.359,1789106509.3599,3049,-120,-1.54,541,6.94
2026-09-11T11:31:49.368,1789106509.3681,3050,-371,-4.76,552,7.08
2026-09-11T11:31:49.372,1789106509.3723,3051,-130,-1.67,552,7.08
2026-09-11T11:31:49.376,1789106509.3768,3052,158,2.03,529,6.78
2026-09-11T11:31:49.379,1789106509.3798,3053,-159,-2.04,529,6.78
2026-09-11T11:31:49.385,1789106509.3860,3054,-362,-4.64,520,6.67
2026-09-11T11:31:49.387,1789106509.3880,3055,-113,-1.45,520,6.67
2026-09-11T11:31:49.394,1789106509.3944,3056,224,2.87,586,7.51
2026-09-11T11:31:49.401,1789106509.4019,3057,-222,-2.85,586,7.51
2026-09-11T11:31:49.405,1789106509.4050,3058,-337,-4.32,561,7.19
2026-09-11T11:31:49.416,1789106509.4162,3059,-83,-1.06,561,7.19
2026-09-11T11:31:49.419,1789106509.4192,3060,229,2.94,566,7.26
2026-09-11T11:31:49.422,1789106509.4224,3061,-244,-3.13,566,7.26
2026-09-11T11:31:49.424,1789106509.4241,3062,-316,-4.05,545,6.99
2026-09-11T11:31:49.429,1789106509.4291,3063,-74,-0.95,545,6.99
2026-09-11T11:31:49.431,1789106509.4311,3064,258,3.31,574,7.36
2026-09-11T11:31:49.441,1789106509.4413,3065,97,1.24,574,7.36
2026-09-11T11:31:49.444,1789106509.4444,3066,-282,-3.62,540,6.92
2026-09-11T11:31:49.446,1789106509.4464,3067,-37,-0.47,540,6.92
2026-09-11T11:31:49.452,1789106509.4526,3068,263,3.37,545,6.99
2026-09-11T11:31:49.470,1789106509.4708,3069,82,1.05,545,6.99
2026-09-11T11:31:49.472,1789106509.4729,3070,-249,-3.19,512,6.56
2026-09-11T11:31:49.474,1789106509.4749,3071,0,0.0,512,6.56
2026-09-11T11:31:49.477,1789106509.4779,3072,268,3.44,517,6.63
2026-09-11T11:31:49.482,1789106509.4821,3073,39,0.5,517,6.63
2026-09-11T11:31:49.486,1789106509.4861,3074,-313,-4.01,581,7.45
2026-09-11T11:31:49.490,1789106509.4901,3075,33,0.42,581,7.45
2026-09-11T11:31:49.494,1789106509.4944,3076,252,3.23,565,7.24
2026-09-11T11:31:49.499,1789106509.4999,3077,11,0.14,565,7.24
2026-09-11T11:31:49.507,1789106509.5070,3078,-333,-4.27,585,7.5
2026-09-11T11:31:49.513,1789106509.5132,3079,94,1.21,585,7.5
2026-09-11T11:31:49.515,1789106509.5152,3080,249,3.19,582,7.46
2026-09-11T11:31:49.516,1789106509.5162,3081,0,0.0,582,7.46
2026-09-11T11:31:49.526,1789106509.5264,3082,-332,-4.26,581,7.45
2026-09-11T11:31:49.528,1789106509.5284,3083,122,1.56,581,7.45
2026-09-11T11:31:49.535,1789106509.5356,3084,234,3.0,566,7.26
2026-09-11T11:31:49.538,1789106509.5386,3085,-39,-0.5,566,7.26
2026-09-11T11:31:49.542,1789106509.5428,3086,-351,-4.5,585,7.5
2026-09-11T11:31:49.549,1789106509.5498,3087,-154,-1.97,585,7.5
2026-09-11T11:31:49.553,1789106509.5540,3088,202,2.59,553,7.09
2026-09-11T11:31:49.564,1789106509.5643,3089,-63,-0.81,553,7.09
2026-09-11T11:31:49.565,1789106509.5653,3090,-350,-4.49,552,7.08
2026-09-11T11:31:49.575,1789106509.5755,3091,-125,-1.6,552,7.08
2026-09-11T11:31:49.577,1789106509.5775,3092,183,2.35,533,6.83
2026-09-11T11:31:49.580,1789106509.5805,3093,-122,-1.56,533,6.83
2026-09-11T11:31:49.583,1789106509.5836,3094,-345,-4.42,528,6.77
2026-09-11T11:31:49.586,1789106509.5866,3095,-96,-1.23,528,6.77
2026-09-11T11:31:49.594,1789106509.5947,3096,236,3.03,581,7.45
2026-09-11T11:31:49.597,1789106509.5979,3097,-165,-2.12,581,7.45
2026-09-11T11:31:49.602,1789106509.6028,3098,-333,-4.27,569,7.29
2026-09-11T11:31:49.619,1789106509.6191,3099,-87,-1.12,569,7.29
2026-09-11T11:31:49.623,1789106509.6233,3100,245,3.14,578,7.41
2026-09-11T11:31:49.628,1789106509.6283,3101,-221,-2.83,578,7.41
2026-09-11T11:31:49.630,1789106509.6303,3102,-316,-4.05,561,7.19
2026-09-11T11:31:49.632,1789106509.6324,3103,-74,-0.95,561,7.19
2026-09-11T11:31:49.636,1789106509.6364,3104,250,3.21,566,7.26
2026-09-11T11:31:49.642,1789106509.6424,3105,117,1.5,566,7.26
2026-09-11T11:31:49.646,1789106509.6464,3106,-295,-3.78,545,6.99
2026-09-11T11:31:49.649,1789106509.6494,3107,-45,-0.58,545,6.99
2026-09-11T11:31:49.655,1789106509.6556,3108,271,3.47,566,7.26
2026-09-11T11:31:49.664,1789106509.6647,3109,90,1.15,566,7.26
2026-09-11T11:31:49.667,1789106509.6677,3110,-262,-3.36,533,6.83
2026-09-11T11:31:49.671,1789106509.6715,3111,-29,-0.37,533,6.83
2026-09-11T11:31:49.674,1789106509.6746,3112,276,3.54,538,6.9
2026-09-11T11:31:49.676,1789106509.6766,3113,62,0.79,538,6.9
2026-09-11T11:31:49.685,1789106509.6859,3114,-306,-3.92,582,7.46
2026-09-11T11:31:49.692,1789106509.6920,3115,28,0.36,582,7.46
2026-09-11T11:31:49.694,1789106509.6950,3116,260,3.33,566,7.26
2026-09-11T11:31:49.698,1789106509.6981,3117,43,0.55,566,7.26
2026-09-11T11:31:49.705,1789106509.7054,3118,-321,-4.12,581,7.45
2026-09-11T11:31:49.714,1789106509.7144,3119,65,0.83,581,7.45
2026-09-11T11:31:49.716,1789106509.7164,3120,249,3.19,570,7.31
2026-09-11T11:31:49.722,1789106509.7224,3121,20,0.26,570,7.31
2026-09-11T11:31:49.727,1789106509.7274,3122,-332,-4.26,581,7.45
2026-09-11T11:31:49.729,1789106509.7294,3123,102,1.31,581,7.45
2026-09-11T11:31:49.739,1789106509.7394,3124,257,3.29,589,7.55
2026-09-11T11:31:49.743,1789106509.7434,3125,-8,-0.1,589,7.55
2026-09-11T11:31:49.746,1789106509.7464,3126,-344,-4.41,601,7.71
2026-09-11T11:31:49.750,1789106509.7504,3127,-154,-1.97,601,7.71
2026-09-11T11:31:49.753,1789106509.7536,3128,206,2.64,550,7.05
2026-09-11T11:31:49.764,1789106509.7647,3129,-51,-0.65,550,7.05
2026-09-11T11:31:49.766,1789106509.7667,3130,-343,-4.4,549,7.04
2026-09-11T11:31:49.768,1789106509.7687,3131,-130,-1.67,549,7.04
2026-09-11T11:31:49.771,1789106509.7719,3132,198,2.54,541,6.94
2026-09-11T11:31:49.777,1789106509.7779,3133,-106,-1.36,541,6.94
2026-09-11T11:31:49.781,1789106509.7814,3134,-350,-4.49,548,7.03
2026-09-11T11:31:49.792,1789106509.7924,3135,-117,-1.5,548,7.03
2026-09-11T11:31:49.798,1789106509.7989,3136,204,2.62,554,7.1
2026-09-11T11:31:49.800,1789106509.8004,3137,-146,-1.87,554,7.1
2026-09-11T11:31:49.804,1789106509.8045,3138,-337,-4.32,541,6.94
2026-09-11T11:31:49.814,1789106509.8148,3139,-80,-1.03,541,6.94
2026-09-11T11:31:49.818,1789106509.8188,3140,236,3.03,573,7.35
2026-09-11T11:31:49.821,1789106509.8219,3141,-193,-2.47,573,7.35
2026-09-11T11:31:49.826,1789106509.8269,3142,-312,-4.0,548,7.03
2026-09-11T11:31:49.833,1789106509.8331,3143,-75,-0.96,548,7.03
2026-09-11T11:31:49.834,1789106509.8341,3144,249,3.19,561,7.19
2026-09-11T11:31:49.836,1789106509.8361,3145,116,1.49,561,7.19
2026-09-11T11:31:49.843,1789106509.8434,3146,-311,-3.99,560,7.18
2026-09-11T11:31:49.850,1789106509.8504,3147,-66,-0.85,560,7.18
2026-09-11T11:31:49.851,1789106509.8516,3148,270,3.46,581,7.45
2026-09-11T11:31:49.863,1789106509.8637,3149,97,1.24,581,7.45
2026-09-11T11:31:49.867,1789106509.8677,3150,-270,-3.46,540,6.92
2026-09-11T11:31:49.869,1789106509.8697,3151,-33,-0.42,540,6.92
2026-09-11T11:31:49.871,1789106509.8719,3152,263,3.37,533,6.83
2026-09-11T11:31:49.877,1789106509.8779,3153,70,0.9,533,6.83
2026-09-11T11:31:49.885,1789106509.8850,3154,-294,-3.77,557,7.14
2026-09-11T11:31:49.887,1789106509.8870,3155,-4,-0.05,557,7.14
2026-09-11T11:31:49.897,1789106509.8980,3156,268,3.44,562,7.21
2026-09-11T11:31:49.900,1789106509.9010,3157,43,0.55,562,7.21
2026-09-11T11:31:49.903,1789106509.9031,3158,-305,-3.91,573,7.35
2026-09-11T11:31:49.913,1789106509.9132,3159,33,0.42,573,7.35
2026-09-11T11:31:49.914,1789106509.9142,3160,261,3.35,566,7.26
2026-09-11T11:31:49.921,1789106509.9212,3161,28,0.36,566,7.26
2026-09-11T11:31:49.922,1789106509.9225,3162,-325,-4.17,586,7.51
2026-09-11T11:31:49.927,1789106509.9275,3163,86,1.1,586,7.51
2026-09-11T11:31:49.930,1789106509.9305,3164,253,3.24,578,7.41
2026-09-11T11:31:49.941,1789106509.9419,3165,0,0.0,578,7.41
2026-09-11T11:31:49.945,1789106509.9459,3166,-336,-4.31,589,7.55
2026-09-11T11:31:49.950,1789106509.9509,3167,-170,-2.18,589,7.55
2026-09-11T11:31:49.953,1789106509.9531,3168,234,3.0,570,7.31
2026-09-11T11:31:49.965,1789106509.9653,3169,-11,-0.14,570,7.31
2026-09-11T11:31:49.968,1789106509.9683,3170,-339,-4.35,573,7.35
2026-09-11T11:31:49.972,1789106509.9725,3171,-154,-1.97,573,7.35
2026-09-11T11:31:49.976,1789106509.9765,3172,222,2.85,561,7.19
2026-09-11T11:31:49.978,1789106509.9785,3173,-63,-0.81,561,7.19
2026-09-11T11:31:49.984,1789106509.9846,3174,-347,-4.45,569,7.29
2026-09-11T11:31:49.989,1789106509.9896,3175,-125,-1.6,569,7.29
2026-09-11T11:31:49.991,1789106509.9918,3176,211,2.71,558,7.15
2026-09-11T11:31:50.000,1789106510.0008,3177,-98,-1.26,558,7.15
2026-09-11T11:31:50.005,1789106510.0059,3178,-338,-4.33,549,7.04
2026-09-11T11:31:50.012,1789106510.0121,3179,-101,-1.29,549,7.04
2026-09-11T11:31:50.017,1789106510.0171,3180,232,2.97,570,7.31
2026-09-11T11:31:50.021,1789106510.0211,3181,-162,-2.08,570,7.31
2026-09-11T11:31:50.023,1789106510.0232,3182,-321,-4.12,553,7.09
2026-09-11T11:31:50.029,1789106510.0292,3183,-68,-0.87,553,7.09
2026-09-11T11:31:50.036,1789106510.0364,3184,252,3.23,573,7.35
2026-09-11T11:31:50.037,1789106510.0374,3185,155,1.99,573,7.35
2026-09-11T11:31:50.049,1789106510.0495,3186,-274,-3.51,526,6.74
2026-09-11T11:31:50.051,1789106510.0516,3187,-1016,-13.03,1268,16.26
2026-09-11T11:31:50.055,1789106510.0556,3188,-1548,-19.85,1703,21.83
2026-09-11T11:31:50.064,1789106510.0648,3189,-1298,-16.64,1274,16.33
2026-09-11T11:31:50.068,1789106510.0688,3190,-351,-4.5,1197,15.35
2026-09-11T11:31:50.070,1789106510.0708,3191,-746,-9.56,1197,15.35
2026-09-11T11:31:50.076,1789106510.0770,3192,-1323,-16.96,972,12.46
2026-09-11T11:31:50.079,1789106510.0800,3193,-974,-12.49,972,12.46
2026-09-11T11:31:50.083,1789106510.0831,3194,-154,-1.97,1169,14.99
2026-09-11T11:31:50.086,1789106510.0862,3195,-589,-7.55,1169,14.99
2026-09-11T11:31:50.096,1789106510.0969,3196,-1155,-14.81,1001,12.83
2026-09-11T11:31:50.101,1789106510.1019,3197,-758,-9.72,1001,12.83
2026-09-11T11:31:50.106,1789106510.1061,3198,61,0.78,1216,15.59
2026-09-11T11:31:50.115,1789106510.1152,3199,-507,-6.5,1216,15.59
2026-09-11T11:31:50.118,1789106510.1182,3200,-1005,-12.88,1066,13.67
2026-09-11T11:31:50.121,1789106510.1212,3201,-533,-6.83,1066,13.67
2026-09-11T11:31:50.125,1789106510.1253,3202,249,3.19,1254,16.08
2026-09-11T11:31:50.129,1789106510.1293,3203,72,0.92,1254,16.08
2026-09-11T11:31:50.134,1789106510.1346,3204,-859,-11.01,1108,14.21
2026-09-11T11:31:50.140,1789106510.1406,3205,-387,-4.96,1108,14.21
2026-09-11T11:31:50.144,1789106510.1443,3206,270,3.46,1129,14.47
2026-09-11T11:31:50.148,1789106510.1482,3207,-11,-0.14,1129,14.47
2026-09-11T11:31:50.151,1789106510.1512,3208,-721,-9.24,991,12.71
2026-09-11T11:31:50.162,1789106510.1625,3209,-326,-4.18,991,12.71
2026-09-11T11:31:50.165,1789106510.1655,3210,91,1.17,812,10.41
2026-09-11T11:31:50.171,1789106510.1716,3211,-249,-3.19,812,10.41
2026-09-11T11:31:50.172,1789106510.1727,3212,-722,-9.26,813,10.42
2026-09-11T11:31:50.180,1789106510.1806,3213,-531,-6.81,813,10.42
2026-09-11T11:31:50.181,1789106510.1818,3214,-509,-6.53,473,6.06
2026-09-11T11:31:50.189,1789106510.1898,3215,-635,-8.14,213,2.73
2026-09-11T11:31:50.192,1789106510.1929,3216,-552,-7.08,126,1.62
2026-09-11T11:31:50.199,1789106510.1994,3217,-569,-7.29,126,1.62
2026-09-11T11:31:50.209,1789106510.2096,3218,-738,-9.46,186,2.38
2026-09-11T11:31:50.214,1789106510.2146,3219,-515,-6.6,223,2.86
2026-09-11T11:31:50.216,1789106510.2166,3220,-181,-2.32,557,7.14
2026-09-11T11:31:50.221,1789106510.2216,3221,-412,-5.28,557,7.14
2026-09-11T11:31:50.225,1789106510.2258,3222,-575,-7.37,394,5.05
2026-09-11T11:31:50.229,1789106510.2298,3223,-308,-3.95,394,5.05
2026-09-11T11:31:50.235,1789106510.2360,3224,69,0.88,644,8.26
2026-09-11T11:31:50.238,1789106510.2380,3225,29,0.37,644,8.26
2026-09-11T11:31:50.242,1789106510.2423,3226,-402,-5.15,471,6.04
2026-09-11T11:31:50.255,1789106510.2555,3227,-133,-1.71,471,6.04
2026-09-11T11:31:50.258,1789106510.2586,3228,212,2.72,614,7.87
2026-09-11T11:31:50.266,1789106510.2667,3229,119,1.53,614,7.87
2026-09-11T11:31:50.268,1789106510.2687,3230,-293,-3.76,505,6.47
2026-09-11T11:31:50.271,1789106510.2718,3231,-39,-0.5,505,6.47
2026-09-11T11:31:50.275,1789106510.2758,3232,305,3.91,598,7.67
2026-09-11T11:31:50.280,1789106510.2808,3233,140,1.79,598,7.67
2026-09-11T11:31:50.284,1789106510.2840,3234,-217,-2.78,522,6.69
2026-09-11T11:31:50.290,1789106510.2900,3235,29,0.37,522,6.69
2026-09-11T11:31:50.293,1789106510.2933,3236,337,4.32,554,7.1
2026-09-11T11:31:50.299,1789106510.2998,3237,175,2.24,554,7.1
2026-09-11T11:31:50.305,1789106510.3051,3238,-189,-2.42,526,6.74
2026-09-11T11:31:50.315,1789106510.3152,3239,124,1.59,526,6.74
2026-09-11T11:31:50.317,1789106510.3172,3240,419,5.37,608,7.79
2026-09-11T11:31:50.319,1789106510.3192,3241,222,2.85,608,7.79
2026-09-11T11:31:50.326,1789106510.3264,3242,-143,-1.83,562,7.21
2026-09-11T11:31:50.327,1789106510.3274,3243,-55,-0.71,562,7.21
2026-09-11T11:31:50.335,1789106510.3350,3244,449,5.76,592,7.59
2026-09-11T11:31:50.341,1789106510.3411,3245,223,2.86,592,7.59
2026-09-11T11:31:50.344,1789106510.3443,3246,-146,-1.87,595,7.63
2026-09-11T11:31:50.349,1789106510.3493,3247,3,0.04,595,7.63
2026-09-11T11:31:50.354,1789106510.3545,3248,489,6.27,635,8.14
2026-09-11T11:31:50.367,1789106510.3677,3249,256,3.28,635,8.14
2026-09-11T11:31:50.369,1789106510.3697,3250,-57,-0.73,546,7.0
2026-09-11T11:31:50.371,1789106510.3718,3251,159,2.04,546,7.0
2026-09-11T11:31:50.374,1789106510.3748,3252,648,8.31,705,9.04
2026-09-11T11:31:50.377,1789106510.3778,3253,414,5.31,705,9.04
2026-09-11T11:31:50.385,1789106510.3850,3254,128,1.64,520,6.67
2026-09-11T11:31:50.387,1789106510.3870,3255,340,4.36,520,6.67
2026-09-11T11:31:50.392,1789106510.3923,3256,690,8.85,562,7.21
2026-09-11T11:31:50.398,1789106510.3981,3257,516,6.62,562,7.21
2026-09-11T11:31:50.400,1789106510.4008,3258,226,2.9,464,5.95
2026-09-11T11:31:50.417,1789106510.4177,3259,425,5.45,464,5.95
2026-09-11T11:31:50.419,1789106510.4197,3260,724,9.28,498,6.38
2026-09-11T11:31:50.421,1789106510.4219,3261,370,4.74,498,6.38
2026-09-11T11:31:50.429,1789106510.4295,3262,105,1.35,619,7.94
2026-09-11T11:31:50.430,1789106510.4305,3263,320,4.1,619,7.94
2026-09-11T11:31:50.436,1789106510.4367,3264,639,8.19,534,6.85
2026-09-11T11:31:50.439,1789106510.4397,3265,549,7.04,534,6.85
2026-09-11T11:31:50.447,1789106510.4472,3266,18,0.23,621,7.96
2026-09-11T11:31:50.453,1789106510.4534,3267,258,3.31,621,7.96
2026-09-11T11:31:50.454,1789106510.4544,3268,577,7.4,559,7.17
2026-09-11T11:31:50.463,1789106510.4635,3269,470,6.03,559,7.17
2026-09-11T11:31:50.464,1789106510.4645,3270,-24,-0.31,601,7.71
2026-09-11T11:31:50.470,1789106510.4705,3271,220,2.82,601,7.71
2026-09-11T11:31:50.473,1789106510.4737,3272,535,6.86,559,7.17
2026-09-11T11:31:50.479,1789106510.4797,3273,377,4.83,559,7.17
2026-09-11T11:31:50.481,1789106510.4819,3274,-8,-0.1,543,6.96
2026-09-11T11:31:50.490,1789106510.4909,3275,188,2.41,543,6.96
2026-09-11T11:31:50.496,1789106510.4960,3276,487,6.24,495,6.35
2026-09-11T11:31:50.498,1789106510.4981,3277,309,3.96,495,6.35
2026-09-11T11:31:50.505,1789106510.5053,3278,-80,-1.03,567,7.27
2026-09-11T11:31:50.518,1789106510.5185,3279,161,2.06,567,7.27
2026-09-11T11:31:50.520,1789106510.5205,3280,448,5.74,528,6.77
2026-09-11T11:31:50.522,1789106510.5226,3281,234,3.0,528,6.77
2026-09-11T11:31:50.524,1789106510.5246,3282,-155,-1.99,603,7.73
2026-09-11T11:31:50.529,1789106510.5296,3283,-78,-1.0,603,7.73
2026-09-11T11:31:50.534,1789106510.5348,3284,418,5.36,573,7.35
2026-09-11T11:31:50.539,1789106510.5398,3285,176,2.26,573,7.35
2026-09-11T11:31:50.542,1789106510.5430,3286,-189,-2.42,607,7.78
2026-09-11T11:31:50.547,1789106510.5480,3287,-68,-0.87,607,7.78
2026-09-11T11:31:50.553,1789106510.5532,3288,368,4.72,557,7.14
2026-09-11T11:31:50.559,1789106510.5592,3289,142,1.82,557,7.14
2026-09-11T11:31:50.568,1789106510.5684,3290,-226,-2.9,594,7.62
2026-09-11T11:31:50.571,1789106510.5714,3291,-85,-1.09,594,7.62
2026-09-11T11:31:50.577,1789106510.5775,3292,342,4.38,568,7.28
2026-09-11T11:31:50.579,1789106510.5795,3293,73,0.94,568,7.28
2026-09-11T11:31:50.585,1789106510.5857,3294,-256,-3.28,598,7.67
2026-09-11T11:31:50.589,1789106510.5897,3295,-83,-1.06,598,7.67
2026-09-11T11:31:50.592,1789106510.5929,3296,242,3.1,498,6.38
2026-09-11T11:31:50.600,1789106510.6004,3297,28,0.36,498,6.38
2026-09-11T11:31:50.607,1789106510.6076,3298,-268,-3.44,510,6.54
2026-09-11T11:31:50.610,1789106510.6106,3299,-67,-0.86,510,6.54
2026-09-11T11:31:50.616,1789106510.6167,3300,257,3.29,525,6.73
2026-09-11T11:31:50.622,1789106510.6230,3301,-17,-0.22,525,6.73
2026-09-11T11:31:50.623,1789106510.6240,3302,-289,-3.71,546,7.0
2026-09-11T11:31:50.629,1789106510.6300,3303,-56,-0.72,546,7.0
2026-09-11T11:31:50.634,1789106510.6342,3304,268,3.44,557,7.14
2026-09-11T11:31:50.637,1789106510.6372,3305,239,3.06,557,7.14
2026-09-11T11:31:50.644,1789106510.6445,3306,-282,-3.62,550,7.05
2026-09-11T11:31:50.648,1789106510.6485,3307,-60,-0.77,550,7.05
2026-09-11T11:31:50.654,1789106510.6546,3308,276,3.54,558,7.15
2026-09-11T11:31:50.667,1789106510.6678,3309,207,2.65,558,7.15
2026-09-11T11:31:50.669,1789106510.6700,3310,-290,-3.72,566,7.26
2026-09-11T11:31:50.673,1789106510.6733,3311,-32,-0.41,566,7.26
2026-09-11T11:31:50.675,1789106510.6753,3312,284,3.64,574,7.36
2026-09-11T11:31:50.681,1789106510.6813,3313,167,2.14,574,7.36
2026-09-11T11:31:50.683,1789106510.6835,3314,-202,-2.59,486,6.23
2026-09-11T11:31:50.689,1789106510.6895,3315,-28,-0.36,486,6.23
2026-09-11T11:31:50.695,1789106510.6956,3316,300,3.85,502,6.44
2026-09-11T11:31:50.696,1789106510.6966,3317,135,1.73,502,6.44
2026-09-11T11:31:50.702,1789106510.7030,3318,-218,-2.79,518,6.64
2026-09-11T11:31:50.716,1789106510.7161,3319,4,0.05,518,6.64
2026-09-11T11:31:50.720,1789106510.7201,3320,316,4.05,534,6.85
2026-09-11T11:31:50.724,1789106510.7242,3321,127,1.63,534,6.85
2026-09-11T11:31:50.726,1789106510.7262,3322,-238,-3.05,554,7.1
2026-09-11T11:31:50.728,1789106510.7282,3323,-193,-2.47,554,7.1
2026-09-11T11:31:50.736,1789106510.7362,3324,316,4.05,554,7.1
2026-09-11T11:31:50.740,1789106510.7402,3325,98,1.26,554,7.1
2026-09-11T11:31:50.744,1789106510.7444,3326,-254,-3.26,570,7.31
2026-09-11T11:31:50.751,1789106510.7514,3327,-177,-2.27,570,7.31
2026-09-11T11:31:50.758,1789106510.7586,3328,307,3.94,561,7.19
2026-09-11T11:31:50.764,1789106510.7647,3329,74,0.95,561,7.19
2026-09-11T11:31:50.767,1789106510.7677,3330,-278,-3.56,585,7.5
2026-09-11T11:31:50.771,1789106510.7719,3331,-157,-2.01,585,7.5
2026-09-11T11:31:50.773,1789106510.7739,3332,291,3.73,569,7.29
2026-09-11T11:31:50.777,1789106510.7779,3333,42,0.54,569,7.29
2026-09-11T11:31:50.785,1789106510.7850,3334,-298,-3.82,589,7.55
2026-09-11T11:31:50.787,1789106510.7870,3335,-125,-1.6,589,7.55
2026-09-11T11:31:50.796,1789106510.7965,3336,176,2.26,474,6.08
2026-09-11T11:31:50.800,1789106510.8007,3337,6,0.08,474,6.08
2026-09-11T11:31:50.803,1789106510.8040,3338,-310,-3.97,486,6.23
2026-09-11T11:31:50.815,1789106510.8152,3339,-113,-1.45,486,6.23
2026-09-11T11:31:50.816,1789106510.8162,3340,215,2.76,525,6.73
2026-09-11T11:31:50.826,1789106510.8264,3341,-19,-0.24,525,6.73
2026-09-11T11:31:50.829,1789106510.8294,3342,-302,-3.87,517,6.63
2026-09-11T11:31:50.832,1789106510.8325,3343,-73,-0.94,517,6.63
2026-09-11T11:31:50.833,1789106510.8335,3344,243,3.12,545,6.99
2026-09-11T11:31:50.839,1789106510.8395,3345,238,3.05,545,6.99
2026-09-11T11:31:50.845,1789106510.8459,3346,-295,-3.78,538,6.9
2026-09-11T11:31:50.846,1789106510.8469,3347,-49,-0.63,538,6.9
2026-09-11T11:31:50.853,1789106510.8532,3348,267,3.42,562,7.21
2026-09-11T11:31:50.868,1789106510.8684,3349,222,2.85,562,7.21
2026-09-11T11:31:50.873,1789106510.8738,3350,-287,-3.68,554,7.1
2026-09-11T11:31:50.878,1789106510.8788,3351,-42,-0.54,554,7.1
2026-09-11T11:31:50.881,1789106510.8818,3352,287,3.68,574,7.36
2026-09-11T11:31:50.883,1789106510.8840,3353,189,2.42,574,7.36
2026-09-11T11:31:50.887,1789106510.8880,3354,-167,-2.14,454,5.82
2026-09-11T11:31:50.894,1789106510.8944,3355,-26,-0.33,454,5.82
2026-09-11T11:31:50.897,1789106510.8979,3356,291,3.73,458,5.87
2026-09-11T11:31:50.900,1789106510.9009,3357,165,2.12,458,5.87
2026-09-11T11:31:50.909,1789106510.9091,3358,-211,-2.71,502,6.44
2026-09-11T11:31:50.916,1789106510.9162,3359,-25,-0.32,502,6.44
2026-09-11T11:31:50.918,1789106510.9182,3360,303,3.88,514,6.59
2026-09-11T11:31:50.921,1789106510.9212,3361,142,1.82,514,6.59
2026-09-11T11:31:50.925,1789106510.9253,3362,-243,-3.12,546,7.0
2026-09-11T11:31:50.927,1789106510.9273,3363,-222,-2.85,546,7.0
2026-09-11T11:31:50.934,1789106510.9346,3364,307,3.94,550,7.05
2026-09-11T11:31:50.938,1789106510.9386,3365,94,1.21,550,7.05
2026-09-11T11:31:50.943,1789106510.9438,3366,-259,-3.32,566,7.26
2026-09-11T11:31:50.950,1789106510.9508,3367,-202,-2.59,566,7.26
2026-09-11T11:31:50.951,1789106510.9519,3368,299,3.83,558,7.15
2026-09-11T11:31:50.965,1789106510.9651,3369,74,0.95,558,7.15
2026-09-11T11:31:50.968,1789106510.9681,3370,-295,-3.78,594,7.62
2026-09-11T11:31:50.971,1789106510.9711,3371,-185,-2.37,594,7.62
2026-09-11T11:31:50.972,1789106510.9723,3372,283,3.63,578,7.41
2026-09-11T11:31:50.982,1789106510.9824,3373,50,0.64,578,7.41
2026-09-11T11:31:50.985,1789106510.9854,3374,-306,-3.92,589,7.55
2026-09-11T11:31:50.988,1789106510.9884,3375,-157,-2.01,589,7.55
2026-09-11T11:31:50.995,1789106510.9954,3376,131,1.68,437,5.6
2026-09-11T11:31:50.997,1789106510.9979,3377,6,0.08,437,5.6
2026-09-11T11:31:51.004,1789106511.0041,3378,-314,-4.03,445,5.71
2026-09-11T11:31:51.013,1789106511.0132,3379,-145,-1.86,445,5.71
2026-09-11T11:31:51.015,1789106511.0152,3380,168,2.15,482,6.18
2026-09-11T11:31:51.024,1789106511.0244,3381,-26,-0.33,482,6.18
2026-09-11T11:31:51.028,1789106511.0284,3382,-322,-4.13,490,6.28
2026-09-11T11:31:51.031,1789106511.0314,3383,-133,-1.71,490,6.28
2026-09-11T11:31:51.032,1789106511.0326,3384,204,2.62,526,6.74
2026-09-11T11:31:51.040,1789106511.0406,3385,215,2.76,537,6.88
2026-09-11T11:31:51.045,1789106511.0459,3386,-345,-4.42,560,7.18
2026-09-11T11:31:51.049,1789106511.0499,3387,-100,-1.28,560,7.18
2026-09-11T11:31:51.054,1789106511.0541,3388,212,2.72,560,7.18
2026-09-11T11:31:51.067,1789106511.0672,3389,183,2.35,557,7.14
2026-09-11T11:31:51.068,1789106511.0682,3390,-325,-4.17,537,6.88
2026-09-11T11:31:51.071,1789106511.0712,3391,-88,-1.13,537,6.88
2026-09-11T11:31:51.074,1789106511.0745,3392,233,2.99,558,7.15
2026-09-11T11:31:51.077,1789106511.0775,3393,172,2.21,558,7.15
2026-09-11T11:31:51.084,1789106511.0847,3394,-165,-2.12,398,5.1
2026-09-11T11:31:51.087,1789106511.0877,3395,-71,-0.91,398,5.1
2026-09-11T11:31:51.093,1789106511.0940,3396,269,3.45,434,5.56
2026-09-11T11:31:51.101,1789106511.1015,3397,140,1.79,434,5.56
2026-09-11T11:31:51.102,1789106511.1026,3398,-220,-2.82,489,6.27
2026-09-11T11:31:51.113,1789106511.1137,3399,-46,-0.59,489,6.27
2026-09-11T11:31:51.116,1789106511.1167,3400,278,3.56,498,6.38
2026-09-11T11:31:51.120,1789106511.1207,3401,121,1.55,498,6.38
2026-09-11T11:31:51.122,1789106511.1229,3402,-264,-3.38,542,6.95
2026-09-11T11:31:51.132,1789106511.1322,3403,-263,-3.37,542,6.95
2026-09-11T11:31:51.134,1789106511.1342,3404,278,3.56,542,6.95
2026-09-11T11:31:51.138,1789106511.1382,3405,81,1.04,542,6.95
2026-09-11T11:31:51.144,1789106511.1446,3406,-283,-3.63,561,7.19
2026-09-11T11:31:51.147,1789106511.1476,3407,-242,-3.1,561,7.19
2026-09-11T11:31:51.155,1789106511.1558,3408,283,3.63,566,7.26
2026-09-11T11:31:51.158,1789106511.1588,3409,74,0.95,566,7.26
2026-09-11T11:31:51.163,1789106511.1639,3410,-306,-3.92,589,7.55
2026-09-11T11:31:51.166,1789106511.1669,3411,-209,-2.68,589,7.55
2026-09-11T11:31:51.175,1789106511.1757,3412,272,3.49,578,7.41
2026-09-11T11:31:51.177,1789106511.1777,3413,46,0.59,578,7.41
2026-09-11T11:31:51.184,1789106511.1849,3414,-318,-4.08,590,7.56
2026-09-11T11:31:51.194,1789106511.1941,3415,-172,-2.21,590,7.56
2026-09-11T11:31:51.197,1789106511.1976,3416,84,1.08,402,5.15
2026-09-11T11:31:51.200,1789106511.2009,3417,27,0.35,402,5.15
2026-09-11T11:31:51.206,1789106511.2063,3418,-313,-4.01,397,5.09
2026-09-11T11:31:51.211,1789106511.2119,3419,-160,-2.05,397,5.09
2026-09-11T11:31:51.218,1789106511.2189,3420,141,1.81,454,5.82
2026-09-11T11:31:51.222,1789106511.2222,3421,-25,-0.32,454,5.82
2026-09-11T11:31:51.225,1789106511.2252,3422,-333,-4.27,474,6.08
2026-09-11T11:31:51.228,1789106511.2282,3423,-143,-1.83,474,6.08
2026-09-11T11:31:51.236,1789106511.2364,3424,177,2.27,510,6.54
2026-09-11T11:31:51.238,1789106511.2384,3425,236,3.03,569,7.29
2026-09-11T11:31:51.245,1789106511.2456,3426,-336,-4.31,572,7.33
2026-09-11T11:31:51.247,1789106511.2476,3427,-111,-1.42,572,7.33
2026-09-11T11:31:51.255,1789106511.2557,3428,217,2.78,572,7.33
2026-09-11T11:31:51.263,1789106511.2639,3429,213,2.73,553,7.09
2026-09-11T11:31:51.267,1789106511.2679,3430,204,2.62,328,4.21
2026-09-11T11:31:51.269,1789106511.2699,3431,-617,-7.91,834,10.69
2026-09-11T11:31:51.279,1789106511.2790,3432,-1426,-18.28,1639,21.01
2026-09-11T11:31:51.282,1789106511.2821,3433,-1345,-17.24,1630,20.9
2026-09-11T11:31:51.285,1789106511.2851,3434,-680,-8.72,809,10.37
2026-09-11T11:31:51.291,1789106511.2911,3435,-668,-8.56,758,9.72
2026-09-11T11:31:51.293,1789106511.2934,3436,-1269,-16.27,677,8.68
2026-09-11T11:31:51.299,1789106511.2998,3437,-1076,-13.79,601,7.71
2026-09-11T11:31:51.301,1789106511.3018,3438,-260,-3.33,1009,12.94
2026-09-11T11:31:51.313,1789106511.3131,3439,-440,-5.64,1009,12.94
2026-09-11T11:31:51.320,1789106511.3201,3440,-1126,-14.44,866,11.1
2026-09-11T11:31:51.322,1789106511.3222,3441,-837,-10.73,866,11.1
2026-09-11T11:31:51.325,1789106511.3252,3442,22,0.28,1148,14.72
2026-09-11T11:31:51.331,1789106511.3312,3443,170,2.18,1296,16.62
2026-09-11T11:31:51.333,1789106511.3334,3444,-1006,-12.9,1176,15.08
2026-09-11T11:31:51.342,1789106511.3425,3445,-642,-8.23,1176,15.08
2026-09-11T11:31:51.346,1789106511.3465,3446,213,2.73,1219,15.63
2026-09-11T11:31:51.349,1789106511.3495,3447,236,3.03,1242,15.92
2026-09-11T11:31:51.356,1789106511.3568,3448,-900,-11.54,1136,14.56
2026-09-11T11:31:51.364,1789106511.3650,3449,-492,-6.31,1136,14.56
2026-09-11T11:31:51.366,1789106511.3670,3450,266,3.41,1166,14.95
2026-09-11T11:31:51.370,1789106511.3710,3451,136,1.74,1166,14.95
2026-09-11T11:31:51.373,1789106511.3731,3452,-803,-10.29,1069,13.71
2026-09-11T11:31:51.378,1789106511.3781,3453,-412,-5.28,1069,13.71
2026-09-11T11:31:51.383,1789106511.3832,3454,170,2.18,973,12.47
2026-09-11T11:31:51.391,1789106511.3912,3455,-59,-0.76,973,12.47
2026-09-11T11:31:51.394,1789106511.3944,3456,-454,-5.82,624,8.0
2026-09-11T11:31:51.396,1789106511.3964,3457,-438,-5.62,624,8.0
2026-09-11T11:31:51.403,1789106511.4037,3458,-224,-2.87,395,5.06
2026-09-11T11:31:51.411,1789106511.4112,3459,-391,-5.01,230,2.95
2026-09-11T11:31:51.415,1789106511.4151,3460,-530,-6.79,306,3.92
2026-09-11T11:31:51.418,1789106511.4181,3461,-354,-4.54,306,3.92
2026-09-11T11:31:51.426,1789106511.4263,3462,-328,-4.21,202,2.59
2026-09-11T11:31:51.434,1789106511.4345,3463,-363,-4.65,202,2.59
2026-09-11T11:31:51.436,1789106511.4365,3464,-218,-2.79,145,1.86
2026-09-11T11:31:51.439,1789106511.4395,3465,-73,-0.94,290,3.72
2026-09-11T11:31:51.444,1789106511.4447,3466,-440,-5.64,367,4.71
2026-09-11T11:31:51.450,1789106511.4506,3467,-258,-3.31,367,4.71
2026-09-11T11:31:51.453,1789106511.4537,3468,67,0.86,507,6.5
2026-09-11T11:31:51.463,1789106511.4630,3469,115,1.47,555,7.12
2026-09-11T11:31:51.463,1789106511.4630,3470,-381,-4.88,496,6.36
2026-09-11T11:31:51.468,1789106511.4680,3471,-132,-1.69,496,6.36
2026-09-11T11:31:51.477,1789106511.4773,3472,197,2.53,578,7.41
2026-09-11T11:31:51.480,1789106511.4803,3473,184,2.36,578,7.41
2026-09-11T11:31:51.482,1789106511.4824,3474,-105,-1.35,329,4.22
2026-09-11T11:31:51.488,1789106511.4884,3475,-39,-0.5,302,3.87
2026-09-11T11:31:51.498,1789106511.4985,3476,317,4.06,422,5.41
2026-09-11T11:31:51.500,1789106511.5005,3477,264,3.38,422,5.41
2026-09-11T11:31:51.503,1789106511.5037,3478,-97,-1.24,414,5.31
2026-09-11T11:31:51.513,1789106511.5138,3479,52,0.67,414,5.31
2026-09-11T11:31:51.520,1789106511.5208,3480,404,5.18,501,6.42
2026-09-11T11:31:51.521,1789106511.5220,3481,290,3.72,501,6.42
2026-09-11T11:31:51.526,1789106511.5270,3482,-79,-1.01,483,6.19
2026-09-11T11:31:51.528,1789106511.5290,3483,-131,-1.68,535,6.86
2026-09-11T11:31:51.533,1789106511.5332,3484,457,5.86,588,7.54
2026-09-11T11:31:51.540,1789106511.5402,3485,308,3.95,588,7.54
2026-09-11T11:31:51.541,1789106511.5412,3486,-74,-0.95,588,7.54
2026-09-11T11:31:51.549,1789106511.5494,3487,-85,-1.09,542,6.95
2026-09-11T11:31:51.556,1789106511.5566,3488,502,6.44,587,7.53
2026-09-11T11:31:51.560,1789106511.5606,3489,340,4.36,587,7.53
2026-09-11T11:31:51.566,1789106511.5667,3490,-5,-0.06,587,7.53
2026-09-11T11:31:51.568,1789106511.5687,3491,55,0.71,507,6.5
2026-09-11T11:31:51.574,1789106511.5748,3492,657,8.42,662,8.49
2026-09-11T11:31:51.576,1789106511.5768,3493,483,6.19,662,8.49
2026-09-11T11:31:51.588,1789106511.5881,3494,101,1.29,602,7.72
2026-09-11T11:31:51.591,1789106511.5914,3495,193,2.47,556,7.13
2026-09-11T11:31:51.594,1789106511.5944,3496,468,6.0,382,4.9
2026-09-11T11:31:51.601,1789106511.6016,3497,487,6.24,386,4.95
2026-09-11T11:31:51.605,1789106511.6054,3498,109,1.4,378,4.85
2026-09-11T11:31:51.611,1789106511.6112,3499,261,3.35,378,4.85
2026-09-11T11:31:51.616,1789106511.6163,3500,556,7.13,447,5.73
2026-09-11T11:31:51.621,1789106511.6213,3501,451,5.78,447,5.73
2026-09-11T11:31:51.622,1789106511.6225,3502,85,1.09,471,6.04
2026-09-11T11:31:51.626,1789106511.6265,3503,233,2.99,471,6.04
2026-09-11T11:31:51.635,1789106511.6351,3504,508,6.51,423,5.42
2026-09-11T11:31:51.638,1789106511.6381,3505,606,7.77,521,6.68
2026-09-11T11:31:51.645,1789106511.6454,3506,-18,-0.23,624,8.0
2026-09-11T11:31:51.653,1789106511.6536,3507,162,2.08,624,8.0
2026-09-11T11:31:51.657,1789106511.6576,3508,478,6.13,624,8.0
2026-09-11T11:31:51.665,1789106511.6657,3509,500,6.41,518,6.64
2026-09-11T11:31:51.670,1789106511.6702,3510,-79,-1.01,579,7.42
2026-09-11T11:31:51.676,1789106511.6764,3511,117,1.5,579,7.42
2026-09-11T11:31:51.678,1789106511.6782,3512,433,5.55,579,7.42
2026-09-11T11:31:51.680,1789106511.6802,3513,423,5.42,512,6.56
2026-09-11T11:31:51.685,1789106511.6854,3514,122,1.56,316,4.05
2026-09-11T11:31:51.686,1789106511.6864,3515,86,1.1,347,4.45
2026-09-11T11:31:51.693,1789106511.6936,3516,409,5.24,337,4.32
2026-09-11T11:31:51.696,1789106511.6966,3517,356,4.56,323,4.14
2026-09-11T11:31:51.703,1789106511.7033,3518,18,0.23,391,5.01
2026-09-11T11:31:51.713,1789106511.7134,3519,79,1.01,391,5.01
2026-09-11T11:31:51.715,1789106511.7154,3520,403,5.17,385,4.94
2026-09-11T11:31:51.720,1789106511.7204,3521,293,3.76,385,4.94
2026-09-11T11:31:51.722,1789106511.7226,3522,-72,-0.92,475,6.09
2026-09-11T11:31:51.730,1789106511.7306,3523,-188,-2.41,591,7.58
2026-09-11T11:31:51.732,1789106511.7328,3524,369,4.73,557,7.14
2026-09-11T11:31:51.740,1789106511.7408,3525,243,3.12,557,7.14
2026-09-11T11:31:51.745,1789106511.7460,3526,-138,-1.77,557,7.14
2026-09-11T11:31:51.746,1789106511.7470,3527,-197,-2.53,566,7.26
2026-09-11T11:31:51.754,1789106511.7542,3528,372,4.77,569,7.29
2026-09-11T11:31:51.764,1789106511.7643,3529,198,2.54,569,7.29
2026-09-11T11:31:51.766,1789106511.7663,3530,-191,-2.45,569,7.29
2026-09-11T11:31:51.769,1789106511.7693,3531,-186,-2.38,563,7.22
2026-09-11T11:31:51.776,1789106511.7765,3532,67,0.86,389,4.99
2026-09-11T11:31:51.776,1789106511.7765,3533,161,2.06,352,4.51
2026-09-11T11:31:51.785,1789106511.7859,3534,-228,-2.92,389,4.99
2026-09-11T11:31:51.788,1789106511.7889,3535,-167,-2.14,389,4.99
2026-09-11T11:31:51.795,1789106511.7951,3536,98,1.26,389,4.99
2026-09-11T11:31:51.800,1789106511.8006,3537,124,1.59,352,4.51
2026-09-11T11:31:51.806,1789106511.8061,3538,-240,-3.08,364,4.67
2026-09-11T11:31:51.814,1789106511.8142,3539,-159,-2.04,364,4.67
2026-09-11T11:31:51.818,1789106511.8182,3540,113,1.45,364,4.67
2026-09-11T11:31:51.822,1789106511.8224,3541,84,1.08,353,4.53
2026-09-11T11:31:51.824,1789106511.8244,3542,-281,-3.6,394,5.05
2026-09-11T11:31:51.831,1789106511.8314,3543,-124,-1.59,394,5.05
2026-09-11T11:31:51.835,1789106511.8356,3544,149,1.91,430,5.51
2026-09-11T11:31:51.838,1789106511.8386,3545,308,3.95,589,7.55
2026-09-11T11:31:51.845,1789106511.8457,3546,-285,-3.65,593,7.6
2026-09-11T11:31:51.849,1789106511.8497,3547,-108,-1.38,593,7.6
2026-09-11T11:31:51.852,1789106511.8529,3548,192,2.46,593,7.6
2026-09-11T11:31:51.865,1789106511.8651,3549,288,3.69,573,7.35
2026-09-11T11:31:51.867,1789106511.8671,3550,-313,-4.01,601,7.71
2026-09-11T11:31:51.872,1789106511.8722,3551,-92,-1.18,601,7.71
2026-09-11T11:31:51.874,1789106511.8742,3552,232,2.97,601,7.71
2026-09-11T11:31:51.881,1789106511.8812,3553,251,3.22,564,7.23
2026-09-11T11:31:51.884,1789106511.8844,3554,-22,-0.28,343,4.4
2026-09-11T11:31:51.895,1789106511.8955,3555,-53,-0.68,304,3.9
2026-09-11T11:31:51.897,1789106511.8975,3556,280,3.59,333,4.27
2026-09-11T11:31:51.901,1789106511.9016,3557,251,3.22,333,4.27
2026-09-11T11:31:51.902,1789106511.9026,3558,-58,-0.74,338,4.33
2026-09-11T11:31:51.914,1789106511.9148,3559,-45,-0.58,338,4.33
2026-09-11T11:31:51.917,1789106511.9178,3560,299,3.83,357,4.58
2026-09-11T11:31:51.921,1789106511.9219,3561,222,2.85,357,4.58
2026-09-11T11:31:51.925,1789106511.9259,3562,-111,-1.42,410,5.26
2026-09-11T11:31:51.926,1789106511.9269,3563,-275,-3.53,574,7.36
2026-09-11T11:31:51.932,1789106511.9322,3564,303,3.88,578,7.41
2026-09-11T11:31:51.941,1789106511.9412,3565,201,2.58,578,7.41
2026-09-11T11:31:51.946,1789106511.9465,3566,-175,-2.24,578,7.41
2026-09-11T11:31:51.950,1789106511.9504,3567,-259,-3.32,562,7.21
2026-09-11T11:31:51.952,1789106511.9527,3568,306,3.92,565,7.24
2026-09-11T11:31:51.964,1789106511.9648,3569,161,2.06,565,7.24
2026-09-11T11:31:51.967,1789106511.9678,3570,-223,-2.86,565,7.24
2026-09-11T11:31:51.971,1789106511.9712,3571,-227,-2.91,533,6.83
2026-09-11T11:31:51.973,1789106511.9732,3572,6,0.08,388,4.97
2026-09-11T11:31:51.978,1789106511.9782,3573,145,1.86,372,4.77
2026-09-11T11:31:51.984,1789106511.9845,3574,-244,-3.13,389,4.99
2026-09-11T11:31:51.988,1789106511.9885,3575,-215,-2.76,389,4.99
2026-09-11T11:31:51.993,1789106511.9937,3576,38,0.49,389,4.99
2026-09-11T11:31:51.999,1789106512.0000,3577,109,1.4,353,4.53
2026-09-11T11:31:52.003,1789106512.0031,3578,-272,-3.49,381,4.88
2026-09-11T11:31:52.014,1789106512.0144,3579,-207,-2.65,381,4.88
2026-09-11T11:31:52.018,1789106512.0184,3580,62,0.79,381,4.88
2026-09-11T11:31:52.020,1789106512.0204,3581,85,1.09,357,4.58
2026-09-11T11:31:52.022,1789106512.0225,3582,-292,-3.74,377,4.83
2026-09-11T11:31:52.028,1789106512.0285,3583,-166,-2.13,377,4.83
2026-09-11T11:31:52.032,1789106512.0328,3584,114,1.46,406,5.21
2026-09-11T11:31:52.038,1789106512.0388,3585,302,3.87,594,7.62
2026-09-11T11:31:52.047,1789106512.0479,3586,-296,-3.79,598,7.67
2026-09-11T11:31:52.049,1789106512.0499,3587,-138,-1.77,598,7.67
2026-09-11T11:31:52.054,1789106512.0541,3588,162,2.08,598,7.67
2026-09-11T11:31:52.061,1789106512.0611,3589,277,3.55,573,7.35
2026-09-11T11:31:52.064,1789106512.0642,3590,-308,-3.95,585,7.5
2026-09-11T11:31:52.068,1789106512.0682,3591,-111,-1.42,585,7.5
2026-09-11T11:31:52.074,1789106512.0744,3592,210,2.69,585,7.5
2026-09-11T11:31:52.076,1789106512.0764,3593,277,3.55,585,7.5
2026-09-11T11:31:52.082,1789106512.0826,3594,-24,-0.31,388,4.97
2026-09-11T11:31:52.095,1789106512.0955,3595,-103,-1.32,380,4.87
2026-09-11T11:31:52.097,1789106512.0980,3596,230,2.95,380,4.87
2026-09-11T11:31:52.100,1789106512.1007,3597,229,2.94,333,4.27
2026-09-11T11:31:52.104,1789106512.1049,3598,-76,-0.97,333,4.27
2026-09-11T11:31:52.115,1789106512.1150,3599,-63,-0.81,306,3.92
2026-09-11T11:31:52.120,1789106512.1200,3600,262,3.36,338,4.33
2026-09-11T11:31:52.122,1789106512.1222,3601,217,2.78,338,4.33
2026-09-11T11:31:52.126,1789106512.1262,3602,-104,-1.33,366,4.69
2026-09-11T11:31:52.131,1789106512.1312,3603,-296,-3.79,558,7.15
2026-09-11T11:31:52.134,1789106512.1344,3604,290,3.72,586,7.51
2026-09-11T11:31:52.140,1789106512.1404,3605,188,2.41,586,7.51
2026-09-11T11:31:52.144,1789106512.1444,3606,-168,-2.15,586,7.51
2026-09-11T11:31:52.147,1789106512.1474,3607,-280,-3.59,570,7.31
2026-09-11T11:31:52.156,1789106512.1566,3608,298,3.82,578,7.41
2026-09-11T11:31:52.163,1789106512.1638,3609,152,1.95,578,7.41
2026-09-11T11:31:52.166,1789106512.1668,3610,-212,-2.72,578,7.41
2026-09-11T11:31:52.171,1789106512.1716,3611,-243,-3.12,541,6.94
2026-09-11T11:31:52.174,1789106512.1747,3612,-22,-0.28,395,5.06
2026-09-11T11:31:52.179,1789106512.1797,3613,144,1.85,387,4.96
2026-09-11T11:31:52.181,1789106512.1818,3614,-232,-2.97,387,4.96
2026-09-11T11:31:52.191,1789106512.1920,3615,-223,-2.86,376,4.82
2026-09-11T11:31:52.195,1789106512.1960,3616,14,0.18,376,4.82
2026-09-11T11:31:52.197,1789106512.1980,3617,124,1.59,356,4.56
2026-09-11T11:31:52.207,1789106512.2074,3618,-240,-3.08,364,4.67
2026-09-11T11:31:52.212,1789106512.2124,3619,-187,-2.4,364,4.67
2026-09-11T11:31:52.214,1789106512.2146,3620,78,1.0,364,4.67
2026-09-11T11:31:52.218,1789106512.2186,3621,120,1.54,360,4.62
2026-09-11T11:31:52.224,1789106512.2248,3622,-241,-3.09,361,4.63
2026-09-11T11:31:52.228,1789106512.2288,3623,-140,-1.79,361,4.63
2026-09-11T11:31:52.234,1789106512.2350,3624,125,1.6,366,4.69
2026-09-11T11:31:52.236,1789106512.2370,3625,344,4.41,585,7.5
2026-09-11T11:31:52.242,1789106512.2424,3626,-245,-3.14,589,7.55
2026-09-11T11:31:52.253,1789106512.2536,3627,-96,-1.23,589,7.55
2026-09-11T11:31:52.255,1789106512.2556,3628,176,2.26,589,7.55
2026-09-11T11:31:52.264,1789106512.2648,3629,339,4.35,584,7.49
2026-09-11T11:31:52.265,1789106512.2658,3630,-270,-3.46,609,7.81
2026-09-11T11:31:52.270,1789106512.2708,3631,-97,-1.24,609,7.81
2026-09-11T11:31:52.276,1789106512.2769,3632,215,2.76,609,7.81
2026-09-11T11:31:52.282,1789106512.2820,3633,306,3.92,576,7.38
2026-09-11T11:31:52.285,1789106512.2850,3634,37,0.47,403,5.17
2026-09-11T11:31:52.288,1789106512.2881,3635,-78,-1.0,384,4.92
2026-09-11T11:31:52.297,1789106512.2979,3636,242,3.1,384,4.92
2026-09-11T11:31:52.299,1789106512.2999,3637,253,3.24,331,4.24
2026-09-11T11:31:52.304,1789106512.3040,3638,-20,-0.26,331,4.24
2026-09-11T11:31:52.313,1789106512.3132,3639,-82,-1.05,335,4.29
2026-09-11T11:31:52.315,1789106512.3152,3640,262,3.36,344,4.41
2026-09-11T11:31:52.321,1789106512.3212,3641,237,3.04,344,4.41
2026-09-11T11:31:52.322,1789106512.3223,3642,-60,-0.77,344,4.41
2026-09-11T11:31:52.330,1789106512.3303,3643,-284,-3.64,546,7.0
2026-09-11T11:31:52.332,1789106512.3325,3644,285,3.65,569,7.29
2026-09-11T11:31:52.339,1789106512.3395,3645,200,2.56,569,7.29
2026-09-11T11:31:52.345,1789106512.3456,3646,-116,-1.49,569,7.29
2026-09-11T11:31:52.348,1789106512.3486,3647,-292,-3.74,577,7.4
2026-09-11T11:31:52.358,1789106512.3588,3648,289,3.71,581,7.45
2026-09-11T11:31:52.365,1789106512.3650,3649,180,2.31,581,7.45
2026-09-11T11:31:52.366,1789106512.3660,3650,-189,-2.42,581,7.45
2026-09-11T11:31:52.368,1789106512.3680,3651,-272,-3.49,561,7.19
2026-09-11T11:31:52.375,1789106512.3759,3652,-35,-0.45,452,5.79
2026-09-11T11:31:52.376,1789106512.3769,3653,152,1.95,424,5.44
2026-09-11T11:31:52.385,1789106512.3851,3654,-232,-2.97,424,5.44
2026-09-11T11:31:52.387,1789106512.3871,3655,-255,-3.27,407,5.22
2026-09-11T11:31:52.392,1789106512.3924,3656,-14,-0.18,407,5.22
2026-09-11T11:31:52.405,1789106512.4056,3657,136,1.74,391,5.01
2026-09-11T11:31:52.408,1789106512.4088,3658,-248,-3.18,391,5.01
2026-09-11T11:31:52.416,1789106512.4160,3659,-211,-2.71,384,4.92
2026-09-11T11:31:52.417,1789106512.4177,3660,38,0.49,384,4.92
2026-09-11T11:31:52.420,1789106512.4207,3661,116,1.49,364,4.67
2026-09-11T11:31:52.425,1789106512.4259,3662,-268,-3.44,384,4.92
2026-09-11T11:31:52.429,1789106512.4299,3663,-175,-2.24,384,4.92
2026-09-11T11:31:52.433,1789106512.4331,3664,70,0.9,384,4.92
2026-09-11T11:31:52.442,1789106512.4424,3665,313,4.01,581,7.45
2026-09-11T11:31:52.449,1789106512.4494,3666,-288,-3.69,601,7.71
2026-09-11T11:31:52.451,1789106512.4515,3667,-179,-2.29,601,7.71
2026-09-11T11:31:52.455,1789106512.4556,3668,113,1.45,601,7.71
2026-09-11T11:31:52.465,1789106512.4657,3669,293,3.76,581,7.45
2026-09-11T11:31:52.468,1789106512.4687,3670,-304,-3.9,597,7.65
2026-09-11T11:31:52.469,1789106512.4697,3671,-143,-1.83,597,7.65
2026-09-11T11:31:52.476,1789106512.4769,3672,85,1.09,597,7.65
2026-09-11T11:31:52.478,1789106512.4789,3673,-831,-10.65,916,11.74
2026-09-11T11:31:52.485,1789106512.4860,3674,-1132,-14.51,1217,15.6
2026-09-11T11:31:52.488,1789106512.4890,3675,-1007,-12.91,1217,15.6
2026-09-11T11:31:52.494,1789106512.4943,3676,-983,-12.6,301,3.86
2026-09-11T11:31:52.501,1789106512.5018,3677,-939,-12.04,193,2.47
2026-09-11T11:31:52.504,1789106512.5040,3678,-824,-10.56,183,2.35
2026-09-11T11:31:52.517,1789106512.5178,3679,-690,-8.85,293,3.76
2026-09-11T11:31:52.519,1789106512.5198,3680,-715,-9.17,249,3.19
2026-09-11T11:31:52.520,1789106512.5208,3681,-668,-8.56,156,2.0
2026-09-11T11:31:52.523,1789106512.5239,3682,-534,-6.85,181,2.32
2026-09-11T11:31:52.529,1789106512.5299,3683,-436,-5.59,279,3.58
2026-09-11T11:31:52.533,1789106512.5331,3684,-468,-6.0,232,2.97
2026-09-11T11:31:52.541,1789106512.5411,3685,-458,-5.87,98,1.26
2026-09-11T11:31:52.545,1789106512.5454,3686,-365,-4.68,103,1.32
2026-09-11T11:31:52.546,1789106512.5464,3687,-307,-3.94,161,2.06
2026-09-11T11:31:52.552,1789106512.5527,3688,-349,-4.47,151,1.94
2026-09-11T11:31:52.563,1789106512.5638,3689,-299,-3.83,66,0.85
2026-09-11T11:31:52.567,1789106512.5678,3690,-314,-4.03,50,0.64
2026-09-11T11:31:52.571,1789106512.5719,3691,-345,-4.42,50,0.64
2026-09-11T11:31:52.576,1789106512.5769,3692,-311,-3.99,46,0.59
2026-09-11T11:31:52.582,1789106512.5821,3693,-230,-2.95,115,1.47
2026-09-11T11:31:52.585,1789106512.5851,3694,-369,-4.73,139,1.78
2026-09-11T11:31:52.589,1789106512.5891,3695,-407,-5.22,177,2.27
2026-09-11T11:31:52.596,1789106512.5964,3696,-394,-5.05,177,2.27
2026-09-11T11:31:52.602,1789106512.6030,3697,-474,-6.08,105,1.35
2026-09-11T11:31:52.604,1789106512.6050,3698,-440,-5.64,80,1.03
2026-09-11T11:31:52.613,1789106512.6131,3699,-426,-5.46,80,1.03
2026-09-11T11:31:52.614,1789106512.6141,3700,-317,-4.06,157,2.01
2026-09-11T11:31:52.621,1789106512.6211,3701,-151,-1.94,289,3.71
2026-09-11T11:31:52.623,1789106512.6233,3702,-427,-5.47,276,3.54
2026-09-11T11:31:52.630,1789106512.6303,3703,-365,-4.68,276,3.54
2026-09-11T11:31:52.632,1789106512.6324,3704,-84,-1.08,343,4.4
2026-09-11T11:31:52.639,1789106512.6394,3705,217,2.78,644,8.26
2026-09-11T11:31:52.646,1789106512.6464,3706,-260,-3.33,582,7.46
2026-09-11T11:31:52.647,1789106512.6474,3707,-167,-2.14,477,6.12
2026-09-11T11:31:52.655,1789106512.6557,3708,113,1.45,477,6.12
2026-09-11T11:31:52.667,1789106512.6678,3709,357,4.58,617,7.91
2026-09-11T11:31:52.670,1789106512.6703,3710,-217,-2.78,574,7.36
2026-09-11T11:31:52.673,1789106512.6735,3711,-68,-0.87,574,7.36
2026-09-11T11:31:52.674,1789106512.6745,3712,240,3.08,574,7.36
2026-09-11T11:31:52.677,1789106512.6775,3713,407,5.22,624,8.0
2026-09-11T11:31:52.683,1789106512.6835,3714,146,1.87,475,6.09
2026-09-11T11:31:52.692,1789106512.6925,3715,-14,-0.18,421,5.4
2026-09-11T11:31:52.694,1789106512.6945,3716,302,3.87,421,5.4
2026-09-11T11:31:52.697,1789106512.6975,3717,405,5.19,419,5.37
2026-09-11T11:31:52.703,1789106512.7032,3718,151,1.94,419,5.37
2026-09-11T11:31:52.716,1789106512.7164,3719,23,0.29,382,4.9
2026-09-11T11:31:52.721,1789106512.7214,3720,359,4.6,382,4.9
2026-09-11T11:31:52.725,1789106512.7257,3721,390,5.0,367,4.71
2026-09-11T11:31:52.727,1789106512.7277,3722,92,1.18,367,4.71
2026-09-11T11:31:52.731,1789106512.7318,3723,-176,-2.26,566,7.26
2026-09-11T11:31:52.735,1789106512.7358,3724,384,4.92,566,7.26
2026-09-11T11:31:52.738,1789106512.7388,3725,371,4.76,560,7.18
2026-09-11T11:31:52.745,1789106512.7460,3726,57,0.73,560,7.18
2026-09-11T11:31:52.750,1789106512.7510,3727,-155,-1.99,539,6.91
2026-09-11T11:31:52.753,1789106512.7532,3728,433,5.55,588,7.54
2026-09-11T11:31:52.763,1789106512.7634,3729,352,4.51,588,7.54
2026-09-11T11:31:52.765,1789106512.7654,3730,14,0.18,588,7.54
2026-09-11T11:31:52.769,1789106512.7694,3731,-162,-2.08,595,7.63
2026-09-11T11:31:52.771,1789106512.7714,3732,95,1.22,514,6.59
2026-09-11T11:31:52.777,1789106512.7775,3733,313,4.01,475,6.09
2026-09-11T11:31:52.785,1789106512.7857,3734,-33,-0.42,475,6.09
2026-09-11T11:31:52.786,1789106512.7867,3735,-140,-1.79,453,5.81
2026-09-11T11:31:52.793,1789106512.7939,3736,104,1.33,453,5.81
2026-09-11T11:31:52.796,1789106512.7969,3737,282,3.62,422,5.41
2026-09-11T11:31:52.802,1789106512.8026,3738,-95,-1.22,422,5.41
2026-09-11T11:31:52.814,1789106512.8141,3739,-107,-1.37,389,4.99
2026-09-11T11:31:52.821,1789106512.8217,3740,150,1.92,389,4.99
2026-09-11T11:31:52.823,1789106512.8239,3741,255,3.27,362,4.64
2026-09-11T11:31:52.825,1789106512.8259,3742,-114,-1.46,369,4.73
2026-09-11T11:31:52.830,1789106512.8309,3743,-81,-1.04,369,4.73
2026-09-11T11:31:52.832,1789106512.8321,3744,167,2.14,369,4.73
2026-09-11T11:31:52.840,1789106512.8401,3745,459,5.88,573,7.35
2026-09-11T11:31:52.842,1789106512.8423,3746,-140,-1.79,599,7.68
2026-09-11T11:31:52.849,1789106512.8493,3747,-40,-0.51,599,7.68
2026-09-11T11:31:52.852,1789106512.8526,3748,204,2.62,599,7.68
2026-09-11T11:31:52.859,1789106512.8596,3749,452,5.79,592,7.59
2026-09-11T11:31:52.870,1789106512.8708,3750,-139,-1.78,591,7.58
2026-09-11T11:31:52.874,1789106512.8750,3751,-19,-0.24,591,7.58
2026-09-11T11:31:52.878,1789106512.8789,3752,274,3.51,591,7.58
2026-09-11T11:31:52.879,1789106512.8799,3753,456,5.85,595,7.63
2026-09-11T11:31:52.887,1789106512.8871,3754,223,2.86,475,6.09
2026-09-11T11:31:52.890,1789106512.8901,3755,6,0.08,450,5.77
2026-09-11T11:31:52.891,1789106512.8915,3756,322,4.13,450,5.77
2026-09-11T11:31:52.899,1789106512.9000,3757,461,5.91,455,5.83
2026-09-11T11:31:52.906,1789106512.9062,3758,171,2.19,455,5.83
2026-09-11T11:31:52.912,1789106512.9123,3759,35,0.45,426,5.46
2026-09-11T11:31:52.916,1789106512.9163,3760,355,4.55,426,5.46
2026-09-11T11:31:52.921,1789106512.9213,3761,426,5.46,391,5.01
2026-09-11T11:31:52.922,1789106512.9225,3762,152,1.95,391,5.01
2026-09-11T11:31:52.929,1789106512.9295,3763,-157,-2.01,583,7.47
2026-09-11T11:31:52.936,1789106512.9366,3764,388,4.97,583,7.47
2026-09-11T11:31:52.938,1789106512.9386,3765,386,4.95,545,6.99
2026-09-11T11:31:52.945,1789106512.9458,3766,85,1.09,545,6.99
2026-09-11T11:31:52.948,1789106512.9488,3767,-176,-2.26,564,7.23
2026-09-11T11:31:52.951,1789106512.9520,3768,413,5.29,589,7.55
2026-09-11T11:31:52.965,1789106512.9651,3769,383,4.91,589,7.55
2026-09-11T11:31:52.967,1789106512.9671,3770,70,0.9,589,7.55
2026-09-11T11:31:52.970,1789106512.9701,3771,-119,-1.53,532,6.82
2026-09-11T11:31:52.977,1789106512.9773,3772,154,1.97,502,6.44
2026-09-11T11:31:52.978,1789106512.9783,3773,443,5.68,562,7.21
2026-09-11T11:31:52.981,1789106512.9813,3774,94,1.21,562,7.21
2026-09-11T11:31:52.989,1789106512.9895,3775,-23,-0.29,466,5.97
2026-09-11T11:31:52.995,1789106512.9956,3776,213,2.73,466,5.97
2026-09-11T11:31:52.997,1789106512.9976,3777,402,5.15,425,5.45
2026-09-11T11:31:53.003,1789106513.0034,3778,21,0.27,425,5.45
2026-09-11T11:31:53.012,1789106513.0126,3779,-59,-0.76,461,5.91
2026-09-11T11:31:53.018,1789106513.0186,3780,189,2.42,461,5.91
2026-09-11T11:31:53.021,1789106513.0219,3781,346,4.44,405,5.19
2026-09-11T11:31:53.026,1789106513.0269,3782,-47,-0.6,405,5.19
2026-09-11T11:31:53.030,1789106513.0309,3783,-59,-0.76,405,5.19
2026-09-11T11:31:53.033,1789106513.0331,3784,177,2.27,405,5.19
2026-09-11T11:31:53.041,1789106513.0414,3785,480,6.15,539,6.91
2026-09-11T11:31:53.046,1789106513.0464,3786,-115,-1.47,595,7.63
2026-09-11T11:31:53.050,1789106513.0504,3787,-58,-0.74,595,7.63
2026-09-11T11:31:53.055,1789106513.0558,3788,186,2.38,595,7.63
2026-09-11T11:31:53.064,1789106513.0650,3789,477,6.12,592,7.59
2026-09-11T11:31:53.067,1789106513.0680,3790,-69,-0.88,546,7.0
2026-09-11T11:31:53.072,1789106513.0721,3791,43,0.55,546,7.0
2026-09-11T11:31:53.077,1789106513.0771,3792,303,3.88,546,7.0
2026-09-11T11:31:53.079,1789106513.0791,3793,513,6.58,582,7.46
2026-09-11T11:31:53.083,1789106513.0833,3794,263,3.37,470,6.03
2026-09-11T11:31:53.090,1789106513.0903,3795,23,0.29,490,6.28
2026-09-11T11:31:53.091,1789106513.0913,3796,323,4.14,490,6.28
2026-09-11T11:31:53.099,1789106513.1000,3797,461,5.91,438,5.62
2026-09-11T11:31:53.105,1789106513.1051,3798,200,2.56,438,5.62
2026-09-11T11:31:53.110,1789106513.1102,3799,11,0.14,450,5.77
2026-09-11T11:31:53.116,1789106513.1163,3800,315,4.04,450,5.77
2026-09-11T11:31:53.119,1789106513.1193,3801,398,5.1,387,4.96
2026-09-11T11:31:53.129,1789106513.1295,3802,113,1.45,387,4.96
2026-09-11T11:31:53.132,1789106513.1326,3803,-196,-2.51,594,7.62
2026-09-11T11:31:53.134,1789106513.1346,3804,301,3.86,594,7.62
2026-09-11T11:31:53.140,1789106513.1406,3805,344,4.41,540,6.92
2026-09-11T11:31:53.144,1789106513.1447,3806,50,0.64,540,6.92
2026-09-11T11:31:53.149,1789106513.1497,3807,-238,-3.05,582,7.46
2026-09-11T11:31:53.151,1789106513.1519,3808,295,3.78,582,7.46
2026-09-11T11:31:53.162,1789106513.1620,3809,290,3.72,533,6.83
2026-09-11T11:31:53.163,1789106513.1630,3810,-35,-0.45,533,6.83
2026-09-11T11:31:53.171,1789106513.1710,3811,-259,-3.32,554,7.1
2026-09-11T11:31:53.174,1789106513.1743,3812,-26,-0.33,549,7.04
2026-09-11T11:31:53.180,1789106513.1803,3813,249,3.19,508,6.51
2026-09-11T11:31:53.184,1789106513.1845,3814,-104,-1.33,508,6.51
2026-09-11T11:31:53.186,1789106513.1865,3815,-272,-3.49,521,6.68
2026-09-11T11:31:53.195,1789106513.1957,3816,-15,-0.19,521,6.68
2026-09-11T11:31:53.199,1789106513.1992,3817,196,2.51,468,6.0
2026-09-11T11:31:53.204,1789106513.2044,3818,-168,-2.15,468,6.0
2026-09-11T11:31:53.216,1789106513.2163,3819,-248,-3.18,444,5.69
2026-09-11T11:31:53.218,1789106513.2183,3820,-19,-0.24,444,5.69
2026-09-11T11:31:53.219,1789106513.2193,3821,160,2.05,408,5.23
2026-09-11T11:31:53.223,1789106513.2236,3822,-221,-2.83,408,5.23
2026-09-11T11:31:53.229,1789106513.2296,3823,-244,-3.13,404,5.18
2026-09-11T11:31:53.232,1789106513.2327,3824,-7,-0.09,404,5.18
2026-09-11T11:31:53.240,1789106513.2407,3825,305,3.91,549,7.04
2026-09-11T11:31:53.243,1789106513.2439,3826,-256,-3.28,561,7.19
2026-09-11T11:31:53.250,1789106513.2509,3827,-231,-2.96,561,7.19
2026-09-11T11:31:53.254,1789106513.2541,3828,1,0.01,561,7.19
2026-09-11T11:31:53.261,1789106513.2611,3829,301,3.86,557,7.14
2026-09-11T11:31:53.267,1789106513.2672,3830,-284,-3.64,585,7.5
2026-09-11T11:31:53.271,1789106513.2712,3831,-207,-2.65,585,7.5
2026-09-11T11:31:53.273,1789106513.2734,3832,46,0.59,585,7.5
2026-09-11T11:31:53.277,1789106513.2774,3833,286,3.67,570,7.31
2026-09-11T11:31:53.284,1789106513.2846,3834,73,0.94,493,6.32
2026-09-11T11:31:53.289,1789106513.2896,3835,-179,-2.29,465,5.96
2026-09-11T11:31:53.291,1789106513.2918,3836,90,1.15,465,5.96
2026-09-11T11:31:53.299,1789106513.2993,3837,302,3.87,481,6.17
2026-09-11T11:31:53.305,1789106513.3054,3838,41,0.53,481,6.17
2026-09-11T11:31:53.310,1789106513.3104,3839,-134,-1.72,436,5.59
2026-09-11T11:31:53.314,1789106513.3146,3840,142,1.82,436,5.59
2026-09-11T11:31:53.326,1789106513.3269,3841,278,3.56,412,5.28
2026-09-11T11:31:53.330,1789106513.3309,3842,5,0.06,412,5.28
2026-09-11T11:31:53.334,1789106513.3341,3843,-319,-4.09,597,7.65
2026-09-11T11:31:53.337,1789106513.3371,3844,186,2.38,597,7.65
2026-09-11T11:31:53.339,1789106513.3391,3845,242,3.1,561,7.19
2026-09-11T11:31:53.348,1789106513.3486,3846,-23,-0.29,561,7.19
2026-09-11T11:31:53.352,1789106513.3528,3847,-319,-4.09,561,7.19
2026-09-11T11:31:53.355,1789106513.3558,3848,210,2.69,561,7.19
2026-09-11T11:31:53.364,1789106513.3641,3849,234,3.0,553,7.09
2026-09-11T11:31:53.366,1789106513.3661,3850,-71,-0.91,553,7.09
2026-09-11T11:31:53.372,1789106513.3723,3851,-315,-4.04,549,7.04
2026-09-11T11:31:53.373,1789106513.3733,3852,-78,-1.0,549,7.04
2026-09-11T11:31:53.379,1789106513.3793,3853,205,2.63,520,6.67
2026-09-11T11:31:53.381,1789106513.3813,3854,-119,-1.53,520,6.67
2026-09-11T11:31:53.388,1789106513.3885,3855,-311,-3.99,516,6.62
2026-09-11T11:31:53.395,1789106513.3956,3856,-74,-0.95,516,6.62
2026-09-11T11:31:53.397,1789106513.3976,3857,198,2.54,509,6.53
2026-09-11T11:31:53.405,1789106513.4054,3858,-163,-2.09,509,6.53
2026-09-11T11:31:53.413,1789106513.4136,3859,-287,-3.68,485,6.22
2026-09-11T11:31:53.414,1789106513.4146,3860,-45,-0.58,485,6.22
2026-09-11T11:31:53.422,1789106513.4228,3861,166,2.13,453,5.81
2026-09-11T11:31:53.426,1789106513.4265,3862,-215,-2.76,453,5.81
2026-09-11T11:31:53.434,1789106513.4348,3863,-270,-3.46,436,5.59
2026-09-11T11:31:53.435,1789106513.4357,3864,-21,-0.27,436,5.59
2026-09-11T11:31:53.439,1789106513.4398,3865,287,3.68,557,7.14
2026-09-11T11:31:53.442,1789106513.4429,3866,-231,-2.96,557,7.14
2026-09-11T11:31:53.450,1789106513.4509,3867,-238,-3.05,525,6.73
2026-09-11T11:31:53.456,1789106513.4570,3868,-1,-0.01,525,6.73
2026-09-11T11:31:53.461,1789106513.4612,3869,307,3.94,545,6.99
2026-09-11T11:31:53.465,1789106513.4653,3870,-266,-3.41,573,7.35
2026-09-11T11:31:53.471,1789106513.4713,3871,-213,-2.73,573,7.35
2026-09-11T11:31:53.471,1789106513.4713,3872,35,0.45,573,7.35
2026-09-11T11:31:53.477,1789106513.4775,3873,311,3.99,577,7.4
2026-09-11T11:31:53.485,1789106513.4857,3874,86,1.1,524,6.72
2026-09-11T11:31:53.489,1789106513.4897,3875,-185,-2.37,496,6.36
2026-09-11T11:31:53.494,1789106513.4949,3876,72,0.92,496,6.36
2026-09-11T11:31:53.504,1789106513.5043,3877,303,3.88,488,6.26
2026-09-11T11:31:53.507,1789106513.5073,3878,62,0.79,488,6.26
2026-09-11T11:31:53.514,1789106513.5144,3879,-165,-2.12,468,6.0
2026-09-11T11:31:53.519,1789106513.5194,3880,120,1.54,468,6.0
2026-09-11T11:31:53.520,1789106513.5204,3881,279,3.58,444,5.69
2026-09-11T11:31:53.526,1789106513.5266,3882,30,0.38,444,5.69
2026-09-11T11:31:53.528,1789106513.5286,3883,-306,-3.92,585,7.5
2026-09-11T11:31:53.531,1789106513.5319,3884,172,2.21,585,7.5
2026-09-11T11:31:53.538,1789106513.5389,3885,251,3.22,557,7.14
2026-09-11T11:31:53.544,1789106513.5449,3886,-2,-0.03,557,7.14
2026-09-11T11:31:53.547,1789106513.5479,3887,-322,-4.13,573,7.35
2026-09-11T11:31:53.555,1789106513.5552,3888,192,2.46,573,7.35
2026-09-11T11:31:53.564,1789106513.5644,3889,231,2.96,553,7.09
2026-09-11T11:31:53.567,1789106513.5674,3890,-58,-0.74,553,7.09
2026-09-11T11:31:53.570,1789106513.5704,3891,-334,-4.28,565,7.24
2026-09-11T11:31:53.573,1789106513.5737,3892,-108,-1.38,565,7.24
2026-09-11T11:31:53.580,1789106513.5807,3893,199,2.55,533,6.83
2026-09-11T11:31:53.587,1789106513.5878,3894,-110,-1.41,533,6.83
2026-09-11T11:31:53.591,1789106513.5920,3895,-321,-4.12,520,6.67
2026-09-11T11:31:53.593,1789106513.5940,3896,-84,-1.08,520,6.67
2026-09-11T11:31:53.599,1789106513.6000,3897,168,2.15,489,6.27
2026-09-11T11:31:53.605,1789106513.6052,3898,-153,-1.96,489,6.27
2026-09-11T11:31:53.614,1789106513.6145,3899,-321,-4.12,489,6.27
2026-09-11T11:31:53.616,1789106513.6166,3900,-75,-0.96,489,6.27
2026-09-11T11:31:53.620,1789106513.6207,3901,152,1.95,473,6.06
2026-09-11T11:31:53.621,1789106513.6217,3902,-201,-2.58,473,6.06
2026-09-11T11:31:53.632,1789106513.6323,3903,-288,-3.69,440,5.64
2026-09-11T11:31:53.636,1789106513.6363,3904,-47,-0.6,440,5.64
2026-09-11T11:31:53.640,1789106513.6403,3905,262,3.36,550,7.05
2026-09-11T11:31:53.646,1789106513.6463,3906,-252,-3.23,550,7.05
2026-09-11T11:31:53.650,1789106513.6503,3907,-271,-3.47,533,6.83
2026-09-11T11:31:53.655,1789106513.6555,3908,-38,-0.49,533,6.83
2026-09-11T11:31:53.665,1789106513.6655,3909,266,3.41,537,6.88
2026-09-11T11:31:53.668,1789106513.6680,3910,-283,-3.63,549,7.04
2026-09-11T11:31:53.672,1789106513.6728,3911,-250,-3.21,549,7.04
2026-09-11T11:31:53.674,1789106513.6748,3912,-5,-0.06,549,7.04
2026-09-11T11:31:53.680,1789106513.6808,3913,287,3.68,570,7.31
2026-09-11T11:31:53.681,1789106513.6820,3914,66,0.85,537,6.88
2026-09-11T11:31:53.688,1789106513.6890,3915,-233,-2.99,520,6.67
2026-09-11T11:31:53.694,1789106513.6942,3916,36,0.46,520,6.67
2026-09-11T11:31:53.697,1789106513.6972,3917,287,3.68,520,6.67
2026-09-11T11:31:53.705,1789106513.7059,3918,50,0.64,520,6.67
2026-09-11T11:31:53.715,1789106513.7151,3919,-205,-2.63,492,6.31
2026-09-11T11:31:53.719,1789106513.7191,3920,56,0.72,492,6.31
2026-09-11T11:31:53.720,1789106513.7201,3921,-944,-12.1,1000,12.82
2026-09-11T11:31:53.726,1789106513.7262,3922,-1288,-16.51,1344,17.23
2026-09-11T11:31:53.728,1789106513.7282,3923,-451,-5.78,1344,17.23
2026-09-11T11:31:53.733,1789106513.7336,3924,-1355,-17.37,904,11.59
2026-09-11T11:31:53.736,1789106513.7366,3925,-1669,-21.4,1218,15.62
2026-09-11T11:31:53.747,1789106513.7476,3926,-995,-12.76,1218,15.62
2026-09-11T11:31:53.749,1789106513.7496,3927,-151,-1.94,1518,19.46
2026-09-11T11:31:53.752,1789106513.7528,3928,-1188,-15.23,1518,19.46
2026-09-11T11:31:53.763,1789106513.7638,3929,-1400,-17.95,1249,16.01
2026-09-11T11:31:53.768,1789106513.7688,3930,-698,-8.95,1249,16.01
2026-09-11T11:31:53.772,1789106513.7729,3931,108,1.38,1508,19.33
2026-09-11T11:31:53.775,1789106513.7759,3932,-312,-4.0,1508,19.33
2026-09-11T11:31:53.776,1789106513.7769,3933,-1007,-12.91,1115,14.29
2026-09-11T11:31:53.783,1789106513.7832,3934,-287,-3.68,1115,14.29
2026-09-11T11:31:53.793,1789106513.7936,3935,374,4.79,1381,17.71
2026-09-11T11:31:53.797,1789106513.7976,3936,-147,-1.88,1381,17.71
2026-09-11T11:31:53.802,1789106513.8023,3937,-811,-10.4,1185,15.19
2026-09-11T11:31:53.804,1789106513.8043,3938,-72,-0.92,1185,15.19
2026-09-11T11:31:53.817,1789106513.8174,3939,440,5.64,1251,16.04
2026-09-11T11:31:53.820,1789106513.8204,3940,-90,-1.15,1251,16.04
2026-09-11T11:31:53.823,1789106513.8236,3941,-694,-8.9,1134,14.54
2026-09-11T11:31:53.828,1789106513.8286,3942,105,1.35,1134,14.54
2026-09-11T11:31:53.831,1789106513.8317,3943,448,5.74,1142,14.64
2026-09-11T11:31:53.836,1789106513.8367,3944,-106,-1.36,1142,14.64
2026-09-11T11:31:53.841,1789106513.8418,3945,-785,-10.06,1233,15.81
2026-09-11T11:31:53.843,1789106513.8438,3946,128,1.64,1233,15.81
2026-09-11T11:31:53.849,1789106513.8498,3947,216,2.77,1001,12.83
2026-09-11T11:31:53.852,1789106513.8520,3948,-241,-3.09,1001,12.83
2026-09-11T11:31:53.863,1789106513.8631,3949,-752,-9.64,968,12.41
2026-09-11T11:31:53.865,1789106513.8651,3950,-7,-0.09,968,12.41
2026-09-11T11:31:53.869,1789106513.8691,3951,-119,-1.53,745,9.55
2026-09-11T11:31:53.872,1789106513.8723,3952,-327,-4.19,745,9.55
2026-09-11T11:31:53.881,1789106513.8813,3953,-262,-3.36,320,4.1
2026-09-11T11:31:53.884,1789106513.8845,3954,-221,-2.83,208,2.67
2026-09-11T11:31:53.890,1789106513.8905,3955,-370,-4.74,149,1.91
2026-09-11T11:31:53.895,1789106513.8957,3956,-165,-2.12,205,2.63
2026-09-11T11:31:53.896,1789106513.8967,3957,124,1.59,494,6.33
2026-09-11T11:31:53.906,1789106513.9062,3958,-41,-0.53,494,6.33
2026-09-11T11:31:53.912,1789106513.9123,3959,-227,-2.91,351,4.5
2026-09-11T11:31:53.914,1789106513.9143,3960,38,0.49,351,4.5
2026-09-11T11:31:53.917,1789106513.9173,3961,286,3.67,513,6.58
2026-09-11T11:31:53.926,1789106513.9266,3962,57,0.73,513,6.58
2026-09-11T11:31:53.927,1789106513.9276,3963,-252,-3.23,538,6.9
2026-09-11T11:31:53.933,1789106513.9337,3964,186,2.38,538,6.9
2026-09-11T11:31:53.937,1789106513.9377,3965,381,4.88,633,8.12
2026-09-11T11:31:53.942,1789106513.9422,3966,148,1.9,633,8.12
2026-09-11T11:31:53.951,1789106513.9512,3967,-193,-2.47,574,7.36
2026-09-11T11:31:53.956,1789106513.9564,3968,288,3.69,574,7.36
2026-09-11T11:31:53.962,1789106513.9625,3969,399,5.12,592,7.59
2026-09-11T11:31:53.966,1789106513.9665,3970,149,1.91,592,7.59
2026-09-11T11:31:53.972,1789106513.9727,3971,-164,-2.1,563,7.22
2026-09-11T11:31:53.977,1789106513.9777,3972,41,0.53,563,7.22
2026-09-11T11:31:53.981,1789106513.9818,3973,408,5.23,572,7.33
2026-09-11T11:31:53.984,1789106513.9848,3974,118,1.51,572,7.33
2026-09-11T11:31:53.988,1789106513.9888,3975,-159,-2.04,567,7.27
2026-09-11T11:31:53.995,1789106513.9950,3976,94,1.21,567,7.27
2026-09-11T11:31:54.001,1789106514.0010,3977,428,5.49,587,7.53
2026-09-11T11:31:54.002,1789106514.0022,3978,146,1.87,587,7.53
2026-09-11T11:31:54.013,1789106514.0137,3979,-94,-1.21,522,6.69
2026-09-11T11:31:54.016,1789106514.0164,3980,166,2.13,522,6.69
2026-09-11T11:31:54.020,1789106514.0205,3981,486,6.23,580,7.44
2026-09-11T11:31:54.023,1789106514.0236,3982,102,1.31,580,7.44
2026-09-11T11:31:54.030,1789106514.0306,3983,-78,-1.0,564,7.23
2026-09-11T11:31:54.034,1789106514.0348,3984,166,2.13,564,7.23
2026-09-11T11:31:54.038,1789106514.0388,3985,501,6.42,579,7.42
2026-09-11T11:31:54.043,1789106514.0435,3986,30,0.38,579,7.42
2026-09-11T11:31:54.046,1789106514.0465,3987,-54,-0.69,555,7.12
2026-09-11T11:31:54.052,1789106514.0527,3988,166,2.13,555,7.12
2026-09-11T11:31:54.065,1789106514.0656,3989,525,6.73,579,7.42
2026-09-11T11:31:54.067,1789106514.0676,3990,-2,-0.03,579,7.42
2026-09-11T11:31:54.069,1789106514.0696,3991,-22,-0.28,547,7.01
2026-09-11T11:31:54.071,1789106514.0719,3992,226,2.9,547,7.01
2026-09-11T11:31:54.078,1789106514.0789,3993,569,7.29,591,7.58
2026-09-11T11:31:54.082,1789106514.0820,3994,363,4.65,591,7.58
2026-09-11T11:31:54.089,1789106514.0890,3995,29,0.37,540,6.92
2026-09-11T11:31:54.093,1789106514.0934,3996,257,3.29,540,6.92
2026-09-11T11:31:54.096,1789106514.0964,3997,540,6.92,511,6.55
2026-09-11T11:31:54.107,1789106514.1076,3998,334,4.28,511,6.55
2026-09-11T11:31:54.116,1789106514.1169,3999,25,0.32,515,6.6
2026-09-11T11:31:54.118,1789106514.1189,4000,297,3.81,515,6.6
2026-09-11T11:31:54.119,1789106514.1199,4001,564,7.23,539,6.91
2026-09-11T11:31:54.123,1789106514.1231,4002,393,5.04,539,6.91
2026-09-11T11:31:54.133,1789106514.1333,4003,24,0.31,540,6.92
2026-09-11T11:31:54.137,1789106514.1373,4004,399,5.12,540,6.92
2026-09-11T11:31:54.141,1789106514.1413,4005,598,7.67,574,7.36
2026-09-11T11:31:54.145,1789106514.1455,4006,351,4.5,574,7.36
2026-09-11T11:31:54.147,1789106514.1475,4007,-6,-0.08,604,7.74
2026-09-11T11:31:54.154,1789106514.1546,4008,437,5.6,604,7.74
2026-09-11T11:31:54.163,1789106514.1636,4009,548,7.03,554,7.1
2026-09-11T11:31:54.165,1789106514.1659,4010,266,3.41,554,7.1
2026-09-11T11:31:54.172,1789106514.1725,4011,-63,-0.81,611,7.83
2026-09-11T11:31:54.176,1789106514.1765,4012,113,1.45,611,7.83
2026-09-11T11:31:54.179,1789106514.1795,4013,487,6.24,550,7.05
2026-09-11T11:31:54.184,1789106514.1846,4014,193,2.47,550,7.05
2026-09-11T11:31:54.191,1789106514.1918,4015,-120,-1.54,607,7.78
2026-09-11T11:31:54.194,1789106514.1948,4016,96,1.23,607,7.78
2026-09-11T11:31:54.201,1789106514.2013,4017,442,5.67,562,7.21
2026-09-11T11:31:54.203,1789106514.2035,4018,161,2.06,562,7.21
2026-09-11T11:31:54.213,1789106514.2135,4019,-20,-0.26,462,5.92
2026-09-11T11:31:54.214,1789106514.2145,4020,228,2.92,462,5.92
2026-09-11T11:31:54.222,1789106514.2228,4021,551,7.06,571,7.32
2026-09-11T11:31:54.226,1789106514.2268,4022,159,2.04,571,7.32
2026-09-11T11:31:54.229,1789106514.2298,4023,-65,-0.83,616,7.9
2026-09-11T11:31:54.235,1789106514.2359,4024,171,2.19,616,7.9
2026-09-11T11:31:54.238,1789106514.2389,4025,494,6.33,559,7.17
2026-09-11T11:31:54.244,1789106514.2441,4026,39,0.5,559,7.17
2026-09-11T11:31:54.250,1789106514.2501,4027,-118,-1.51,612,7.85
2026-09-11T11:31:54.251,1789106514.2511,4028,115,1.47,612,7.85
2026-09-11T11:31:54.267,1789106514.2676,4029,446,5.72,564,7.23
2026-09-11T11:31:54.270,1789106514.2709,4030,-68,-0.87,564,7.23
2026-09-11T11:31:54.274,1789106514.2749,4031,-144,-1.85,590,7.56
2026-09-11T11:31:54.278,1789106514.2789,4032,80,1.03,590,7.56
2026-09-11T11:31:54.280,1789106514.2809,4033,420,5.38,564,7.23
2026-09-11T11:31:54.288,1789106514.2881,4034,246,3.15,564,7.23
2026-09-11T11:31:54.290,1789106514.2901,4035,-154,-1.97,574,7.36
2026-09-11T11:31:54.295,1789106514.2954,4036,71,0.91,574,7.36
2026-09-11T11:31:54.298,1789106514.2984,4037,386,4.95,540,6.92
2026-09-11T11:31:54.304,1789106514.3048,4038,185,2.37,540,6.92
2026-09-11T11:31:54.313,1789106514.3140,4039,-159,-2.04,545,6.99
2026-09-11T11:31:54.316,1789106514.3170,4040,85,1.09,545,6.99
2026-09-11T11:31:54.319,1789106514.3200,4041,361,4.63,520,6.67
2026-09-11T11:31:54.322,1789106514.3221,4042,132,1.69,520,6.67
2026-09-11T11:31:54.330,1789106514.3301,4043,-241,-3.09,602,7.72
2026-09-11T11:31:54.332,1789106514.3322,4044,113,1.45,602,7.72
2026-09-11T11:31:54.341,1789106514.3413,4045,332,4.26,573,7.35
2026-09-11T11:31:54.344,1789106514.3445,4046,79,1.01,573,7.35
2026-09-11T11:31:54.347,1789106514.3475,4047,-269,-3.45,601,7.71
2026-09-11T11:31:54.356,1789106514.3567,4048,140,1.79,601,7.71
2026-09-11T11:31:54.365,1789106514.3658,4049,308,3.95,577,7.4
2026-09-11T11:31:54.372,1789106514.3730,4050,51,0.65,577,7.4
2026-09-11T11:31:54.374,1789106514.3750,4051,-294,-3.77,602,7.72
2026-09-11T11:31:54.379,1789106514.3800,4052,-133,-1.71,602,7.72
2026-09-11T11:31:54.380,1789106514.3810,4053,275,3.53,569,7.29
2026-09-11T11:31:54.382,1789106514.3821,4054,2,0.03,569,7.29
2026-09-11T11:31:54.390,1789106514.3901,4055,-306,-3.92,581,7.45
2026-09-11T11:31:54.391,1789106514.3911,4056,-117,-1.5,581,7.45
2026-09-11T11:31:54.400,1789106514.4004,4057,251,3.22,557,7.14
2026-09-11T11:31:54.403,1789106514.4036,4058,-30,-0.38,557,7.14
2026-09-11T11:31:54.408,1789106514.4086,4059,-318,-4.08,569,7.29
2026-09-11T11:31:54.417,1789106514.4180,4060,-97,-1.24,569,7.29
2026-09-11T11:31:54.420,1789106514.4205,4061,248,3.18,566,7.26
2026-09-11T11:31:54.427,1789106514.4274,4062,-94,-1.21,566,7.26
2026-09-11T11:31:54.428,1789106514.4284,4063,-330,-4.23,578,7.41
2026-09-11T11:31:54.438,1789106514.4386,4064,-84,-1.08,578,7.41
2026-09-11T11:31:54.441,1789106514.4417,4065,248,3.18,578,7.41
2026-09-11T11:31:54.445,1789106514.4457,4066,-158,-2.03,578,7.41
2026-09-11T11:31:54.452,1789106514.4529,4067,-313,-4.01,561,7.19
2026-09-11T11:31:54.453,1789106514.4539,4068,-72,-0.92,561,7.19
2026-09-11T11:31:54.463,1789106514.4640,4069,260,3.33,573,7.35
2026-09-11T11:31:54.465,1789106514.4660,4070,-205,-2.63,573,7.35
2026-09-11T11:31:54.469,1789106514.4700,4071,-293,-3.76,553,7.09
2026-09-11T11:31:54.472,1789106514.4723,4072,-47,-0.6,553,7.09
2026-09-11T11:31:54.481,1789106514.4813,4073,281,3.6,574,7.36
2026-09-11T11:31:54.483,1789106514.4835,4074,144,1.85,574,7.36
2026-09-11T11:31:54.490,1789106514.4905,4075,-272,-3.49,553,7.09
2026-09-11T11:31:54.495,1789106514.4956,4076,-43,-0.55,553,7.09
2026-09-11T11:31:54.499,1789106514.4996,4077,273,3.5,545,6.99
2026-09-11T11:31:54.508,1789106514.5089,4078,112,1.44,545,6.99
2026-09-11T11:31:54.515,1789106514.5151,4079,-243,-3.12,516,6.62
2026-09-11T11:31:54.520,1789106514.5201,4080,2,0.03,516,6.62
2026-09-11T11:31:54.526,1789106514.5263,4081,290,3.72,533,6.83
2026-09-11T11:31:54.528,1789106514.5283,4082,93,1.19,533,6.83
2026-09-11T11:31:54.531,1789106514.5313,4083,-276,-3.54,566,7.26
2026-09-11T11:31:54.541,1789106514.5418,4084,38,0.49,566,7.26
2026-09-11T11:31:54.542,1789106514.5428,4085,294,3.77,570,7.31
2026-09-11T11:31:54.545,1789106514.5458,4086,69,0.88,570,7.31
2026-09-11T11:31:54.549,1789106514.5498,4087,-315,-4.04,609,7.81
2026-09-11T11:31:54.556,1789106514.5569,4088,67,0.86,609,7.81
2026-09-11T11:31:54.562,1789106514.5620,4089,278,3.56,593,7.6
2026-09-11T11:31:54.566,1789106514.5660,4090,49,0.63,593,7.6
2026-09-11T11:31:54.568,1789106514.5680,4091,-311,-3.99,589,7.55
2026-09-11T11:31:54.573,1789106514.5733,4092,-154,-1.97,589,7.55
2026-09-11T11:31:54.576,1789106514.5763,4093,266,3.41,577,7.4
2026-09-11T11:31:54.589,1789106514.5895,4094,13,0.17,577,7.4
2026-09-11T11:31:54.594,1789106514.5947,4095,-315,-4.04,581,7.45
2026-09-11T11:31:54.598,1789106514.5987,4096,-142,-1.82,581,7.45
2026-09-11T11:31:54.600,1789106514.6007,4097,262,3.36,577,7.4
2026-09-11T11:31:54.600,1789106514.6007,4098,-23,-0.29,577,7.4
2026-09-11T11:31:54.615,1789106514.6155,4099,-315,-4.04,577,7.4
2026-09-11T11:31:54.619,1789106514.6195,4100,-125,-1.6,577,7.4
2026-09-11T11:31:54.621,1789106514.6217,4101,219,2.81,534,6.85
2026-09-11T11:31:54.625,1789106514.6257,4102,-59,-0.76,534,6.85
2026-09-11T11:31:54.632,1789106514.6329,4103,-326,-4.18,545,6.99
2026-09-11T11:31:54.633,1789106514.6339,4104,-101,-1.29,545,6.99
2026-09-11T11:31:54.639,1789106514.6399,4105,231,2.96,557,7.14
2026-09-11T11:31:54.646,1789106514.6460,4106,-110,-1.41,557,7.14
2026-09-11T11:31:54.648,1789106514.6480,4107,-318,-4.08,549,7.04
2026-09-11T11:31:54.656,1789106514.6563,4108,-73,-0.94,549,7.04
2026-09-11T11:31:54.664,1789106514.6644,4109,260,3.33,578,7.41
2026-09-11T11:31:54.666,1789106514.6664,4110,-174,-2.23,578,7.41
2026-09-11T11:31:54.673,1789106514.6738,4111,-293,-3.76,553,7.09
2026-09-11T11:31:54.677,1789106514.6778,4112,-68,-0.87,553,7.09
2026-09-11T11:31:54.680,1789106514.6808,4113,280,3.59,573,7.35
2026-09-11T11:31:54.683,1789106514.6840,4114,147,1.88,573,7.35
2026-09-11T11:31:54.695,1789106514.6952,4115,-265,-3.4,545,6.99
2026-09-11T11:31:54.697,1789106514.6972,4116,-36,-0.46,545,6.99
2026-09-11T11:31:54.700,1789106514.7002,4117,288,3.69,553,7.09
2026-09-11T11:31:54.706,1789106514.7065,4118,119,1.53,553,7.09
2026-09-11T11:31:54.711,1789106514.7116,4119,-252,-3.23,540,6.92
2026-09-11T11:31:54.717,1789106514.7176,4120,-15,-0.19,540,6.92
2026-09-11T11:31:54.721,1789106514.7219,4121,297,3.81,549,7.04
2026-09-11T11:31:54.724,1789106514.7249,4122,96,1.23,549,7.04
2026-09-11T11:31:54.726,1789106514.7269,4123,-285,-3.65,582,7.46
2026-09-11T11:31:54.733,1789106514.7332,4124,17,0.22,582,7.46
2026-09-11T11:31:54.740,1789106514.7402,4125,277,3.55,562,7.21
2026-09-11T11:31:54.745,1789106514.7456,4126,80,1.03,562,7.21
2026-09-11T11:31:54.751,1789106514.7516,4127,-300,-3.85,577,7.4
2026-09-11T11:31:54.753,1789106514.7538,4128,50,0.64,577,7.4
2026-09-11T11:31:54.763,1789106514.7639,4129,278,3.56,578,7.41
2026-09-11T11:31:54.767,1789106514.7679,4130,52,0.67,578,7.41
2026-09-11T11:31:54.769,1789106514.7699,4131,-324,-4.15,602,7.72
2026-09-11T11:31:54.773,1789106514.7730,4132,-187,-2.4,602,7.72
2026-09-11T11:31:54.778,1789106514.7780,4133,262,3.36,586,7.51
2026-09-11T11:31:54.785,1789106514.7852,4134,25,0.32,586,7.51
2026-09-11T11:31:54.787,1789106514.7872,4135,-315,-4.04,577,7.4
2026-09-11T11:31:54.794,1789106514.7946,4136,-154,-1.97,577,7.4
2026-09-11T11:31:54.796,1789106514.7966,4137,258,3.31,573,7.35
2026-09-11T11:31:54.805,1789106514.8054,4138,-3,-0.04,573,7.35
2026-09-11T11:31:54.814,1789106514.8149,4139,-331,-4.24,589,7.55
2026-09-11T11:31:54.818,1789106514.8186,4140,-130,-1.67,589,7.55
2026-09-11T11:31:54.820,1789106514.8201,4141,199,2.55,530,6.79
2026-09-11T11:31:54.823,1789106514.8233,4142,-43,-0.55,530,6.79
2026-09-11T11:31:54.829,1789106514.8291,4143,-303,-3.88,502,6.44
2026-09-11T11:31:54.833,1789106514.8334,4144,-202,-2.59,502,6.44
2026-09-11T11:31:54.840,1789106514.8404,4145,-1169,-14.99,1126,14.44
2026-09-11T11:31:54.848,1789106514.8486,4146,-1011,-12.96,967,12.4
2026-09-11T11:31:54.850,1789106514.8506,4147,-583,-7.47,967,12.4
2026-09-11T11:31:54.854,1789106514.8547,4148,-936,-12.0,586,7.51
2026-09-11T11:31:54.863,1789106514.8639,4149,-1505,-19.29,922,11.82
2026-09-11T11:31:54.865,1789106514.8659,4150,-610,-7.82,922,11.82
2026-09-11T11:31:54.870,1789106514.8709,4151,-139,-1.78,1366,17.51
2026-09-11T11:31:54.873,1789106514.8731,4152,-651,-8.35,1366,17.51
2026-09-11T11:31:54.878,1789106514.8781,4153,-1408,-18.05,1269,16.27
2026-09-11T11:31:54.882,1789106514.8823,4154,-1203,-15.42,1269,16.27
2026-09-11T11:31:54.896,1789106514.8967,4155,35,0.45,1443,18.5
2026-09-11T11:31:54.900,1789106514.9007,4156,-481,-6.17,1443,18.5
2026-09-11T11:31:54.904,1789106514.9049,4157,-1195,-15.32,1238,15.87
2026-09-11T11:31:54.906,1789106514.9069,4158,-862,-11.05,1230,15.77
2026-09-11T11:31:54.916,1789106514.9161,4159,133,1.71,1328,17.03
2026-09-11T11:31:54.918,1789106514.9181,4160,-383,-4.91,1328,17.03
2026-09-11T11:31:54.922,1789106514.9222,4161,-1014,-13.0,1147,14.71
2026-09-11T11:31:54.927,1789106514.9272,4162,-634,-8.13,1147,14.71
2026-09-11T11:31:54.933,1789106514.9335,4163,49,0.63,1063,13.63
2026-09-11T11:31:54.935,1789106514.9354,4164,-391,-5.01,1063,13.63
2026-09-11T11:31:54.941,1789106514.9417,4165,-674,-8.64,723,9.27
2026-09-11T11:31:54.944,1789106514.9447,4166,-427,-5.47,723,9.27
2026-09-11T11:31:54.949,1789106514.9497,4167,-290,-3.72,384,4.92
2026-09-11T11:31:54.953,1789106514.9539,4168,-491,-6.29,384,4.92
2026-09-11T11:31:54.959,1789106514.9599,4169,-425,-5.45,201,2.58
2026-09-11T11:31:54.968,1789106514.9680,4170,-439,-5.63,201,2.58
2026-09-11T11:31:54.973,1789106514.9732,4171,-569,-7.29,144,1.85
2026-09-11T11:31:54.976,1789106514.9762,4172,-503,-6.45,144,1.85
2026-09-11T11:31:54.979,1789106514.9792,4173,-68,-0.87,501,6.42
2026-09-11T11:31:54.986,1789106514.9864,4174,-220,-2.82,501,6.42
2026-09-11T11:31:54.987,1789106514.9874,4175,-487,-6.24,435,5.58
2026-09-11T11:31:54.995,1789106514.9957,4176,-321,-4.12,419,5.37
2026-09-11T11:31:55.007,1789106515.0074,4177,172,2.21,659,8.45
2026-09-11T11:31:55.008,1789106515.0084,4178,-45,-0.58,659,8.45
2026-09-11T11:31:55.014,1789106515.0145,4179,-352,-4.51,524,6.72
2026-09-11T11:31:55.016,1789106515.0165,4180,-147,-1.88,524,6.72
2026-09-11T11:31:55.020,1789106515.0205,4181,194,2.49,546,7.0
2026-09-11T11:31:55.023,1789106515.0237,4182,40,0.51,546,7.0
2026-09-11T11:31:55.029,1789106515.0297,4183,-253,-3.24,447,5.73
2026-09-11T11:31:55.031,1789106515.0319,4184,-28,-0.36,447,5.73
2026-09-11T11:31:55.037,1789106515.0379,4185,325,4.17,578,7.41
2026-09-11T11:31:55.043,1789106515.0436,4186,54,0.69,578,7.41
2026-09-11T11:31:55.051,1789106515.0519,4187,-190,-2.44,515,6.6
2026-09-11T11:31:55.054,1789106515.0549,4188,50,0.64,515,6.6
2026-09-11T11:31:55.064,1789106515.0641,4189,386,4.95,576,7.38
2026-09-11T11:31:55.065,1789106515.0651,4190,35,0.45,576,7.38
2026-09-11T11:31:55.073,1789106515.0738,4191,-157,-2.01,543,6.96
2026-09-11T11:31:55.077,1789106515.0778,4192,88,1.13,543,6.96
2026-09-11T11:31:55.081,1789106515.0819,4193,431,5.53,588,7.54
2026-09-11T11:31:55.084,1789106515.0849,4194,362,4.64,588,7.54
2026-09-11T11:31:55.089,1789106515.0899,4195,-108,-1.38,539,6.91
2026-09-11T11:31:55.092,1789106515.0921,4196,129,1.65,539,6.91
2026-09-11T11:31:55.099,1789106515.0991,4197,460,5.9,568,7.28
2026-09-11T11:31:55.104,1789106515.1046,4198,350,4.49,568,7.28
2026-09-11T11:31:55.110,1789106515.1106,4199,-79,-1.01,539,6.91
2026-09-11T11:31:55.115,1789106515.1158,4200,169,2.17,539,6.91
2026-09-11T11:31:55.117,1789106515.1178,4201,509,6.53,588,7.54
2026-09-11T11:31:55.125,1789106515.1250,4202,363,4.65,588,7.54
2026-09-11T11:31:55.127,1789106515.1270,4203,-3,-0.04,512,6.56
2026-09-11T11:31:55.134,1789106515.1343,4204,241,3.09,512,6.56
2026-09-11T11:31:55.141,1789106515.1413,4205,536,6.87,539,6.91
2026-09-11T11:31:55.142,1789106515.1426,4206,358,4.59,539,6.91
2026-09-11T11:31:55.150,1789106515.1509,4207,-43,-0.55,579,7.42
2026-09-11T11:31:55.153,1789106515.1530,4208,277,3.55,579,7.42
2026-09-11T11:31:55.166,1789106515.1662,4209,536,6.87,579,7.42
2026-09-11T11:31:55.168,1789106515.1682,4210,330,4.23,579,7.42
2026-09-11T11:31:55.169,1789106515.1692,4211,-51,-0.65,587,7.53
2026-09-11T11:31:55.172,1789106515.1723,4212,57,0.73,587,7.53
2026-09-11T11:31:55.178,1789106515.1783,4213,567,7.27,618,7.92
2026-09-11T11:31:55.186,1789106515.1865,4214,353,4.53,618,7.92
2026-09-11T11:31:55.189,1789106515.1895,4215,24,0.31,543,6.96
2026-09-11T11:31:55.191,1789106515.1917,4216,180,2.31,543,6.96
2026-09-11T11:31:55.197,1789106515.1977,4217,637,8.17,613,7.86
2026-09-11T11:31:55.205,1789106515.2054,4218,371,4.76,613,7.86
2026-09-11T11:31:55.216,1789106515.2162,4219,29,0.37,608,7.79
2026-09-11T11:31:55.218,1789106515.2183,4220,181,2.32,608,7.79
2026-09-11T11:31:55.219,1789106515.2193,4221,488,6.26,459,5.88
2026-09-11T11:31:55.220,1789106515.2209,4222,320,4.1,459,5.88
2026-09-11T11:31:55.229,1789106515.2291,4223,-13,-0.17,501,6.42
2026-09-11T11:31:55.235,1789106515.2353,4224,187,2.4,501,6.42
2026-09-11T11:31:55.241,1789106515.2413,4225,498,6.38,511,6.55
2026-09-11T11:31:55.247,1789106515.2476,4226,234,3.0,511,6.55
2026-09-11T11:31:55.248,1789106515.2486,4227,-63,-0.81,561,7.19
2026-09-11T11:31:55.253,1789106515.2538,4228,169,2.17,561,7.19
2026-09-11T11:31:55.263,1789106515.2639,4229,473,6.06,536,6.87
2026-09-11T11:31:55.267,1789106515.2679,4230,177,2.27,536,6.87
2026-09-11T11:31:55.268,1789106515.2689,4231,-24,-0.31,497,6.37
2026-09-11T11:31:55.273,1789106515.2730,4232,281,3.6,497,6.37
2026-09-11T11:31:55.279,1789106515.2790,4233,595,7.63,619,7.94
2026-09-11T11:31:55.282,1789106515.2822,4234,529,6.78,619,7.94
2026-09-11T11:31:55.288,1789106515.2882,4235,6,0.08,589,7.55
2026-09-11T11:31:55.294,1789106515.2945,4236,230,2.95,589,7.55
2026-09-11T11:31:55.296,1789106515.2965,4237,537,6.88,531,6.81
2026-09-11T11:31:55.304,1789106515.3042,4238,423,5.42,531,6.81
2026-09-11T11:31:55.316,1789106515.3165,4239,-71,-0.91,608,7.79
2026-09-11T11:31:55.320,1789106515.3205,4240,174,2.23,608,7.79
2026-09-11T11:31:55.321,1789106515.3216,4241,497,6.37,568,7.28
2026-09-11T11:31:55.327,1789106515.3276,4242,339,4.35,568,7.28
2026-09-11T11:31:55.330,1789106515.3306,4243,-34,-0.44,531,6.81
2026-09-11T11:31:55.334,1789106515.3348,4244,154,1.97,531,6.81
2026-09-11T11:31:55.338,1789106515.3388,4245,457,5.86,491,6.29
2026-09-11T11:31:55.341,1789106515.3420,4246,292,3.74,491,6.29
2026-09-11T11:31:55.347,1789106515.3480,4247,-109,-1.4,566,7.26
2026-09-11T11:31:55.353,1789106515.3532,4248,151,1.94,566,7.26
2026-09-11T11:31:55.369,1789106515.3693,4249,431,5.53,540,6.92
2026-09-11T11:31:55.371,1789106515.3713,4250,241,3.09,540,6.92
2026-09-11T11:31:55.372,1789106515.3724,4251,-160,-2.05,591,7.58
2026-09-11T11:31:55.376,1789106515.3764,4252,-79,-1.01,591,7.58
2026-09-11T11:31:55.381,1789106515.3814,4253,392,5.03,552,7.08
2026-09-11T11:31:55.386,1789106515.3865,4254,175,2.24,552,7.08
2026-09-11T11:31:55.390,1789106515.3905,4255,-194,-2.49,586,7.51
2026-09-11T11:31:55.395,1789106515.3957,4256,-93,-1.19,586,7.51
2026-09-11T11:31:55.400,1789106515.4007,4257,371,4.76,565,7.24
2026-09-11T11:31:55.406,1789106515.4064,4258,117,1.5,565,7.24
2026-09-11T11:31:55.413,1789106515.4137,4259,-235,-3.01,606,7.77
2026-09-11T11:31:55.415,1789106515.4157,4260,-90,-1.15,606,7.77
2026-09-11T11:31:55.419,1789106515.4197,4261,218,2.79,453,5.81
2026-09-11T11:31:55.422,1789106515.4229,4262,64,0.82,453,5.81
2026-09-11T11:31:55.428,1789106515.4289,4263,-252,-3.23,470,6.03
2026-09-11T11:31:55.435,1789106515.4350,4264,-79,-1.01,470,6.03
2026-09-11T11:31:55.438,1789106515.4380,4265,233,2.99,485,6.22
2026-09-11T11:31:55.444,1789106515.4442,4266,7,0.09,485,6.22
2026-09-11T11:31:55.451,1789106515.4512,4267,-257,-3.29,490,6.28
2026-09-11T11:31:55.452,1789106515.4524,4268,-60,-0.77,490,6.28
2026-09-11T11:31:55.464,1789106515.4641,4269,268,3.44,525,6.73
2026-09-11T11:31:55.467,1789106515.4671,4270,-14,-0.18,525,6.73
2026-09-11T11:31:55.475,1789106515.4754,4271,-274,-3.51,542,6.95
2026-09-11T11:31:55.477,1789106515.4774,4272,-45,-0.58,542,6.95
2026-09-11T11:31:55.479,1789106515.4794,4273,271,3.47,545,6.99
2026-09-11T11:31:55.481,1789106515.4814,4274,238,3.05,545,6.99
2026-09-11T11:31:55.490,1789106515.4906,4275,-275,-3.53,546,7.0
2026-09-11T11:31:55.496,1789106515.4967,4276,-41,-0.53,546,7.0
2026-09-11T11:31:55.498,1789106515.4987,4277,291,3.73,566,7.26
2026-09-11T11:31:55.503,1789106515.5034,4278,218,2.79,566,7.26
2026-09-11T11:31:55.509,1789106515.5094,4279,-263,-3.37,554,7.1
2026-09-11T11:31:55.521,1789106515.5218,4280,-22,-0.28,554,7.1
2026-09-11T11:31:55.525,1789106515.5258,4281,318,4.08,581,7.45
2026-09-11T11:31:55.529,1789106515.5298,4282,209,2.68,581,7.45
2026-09-11T11:31:55.531,1789106515.5320,4283,-168,-2.15,486,6.23
2026-09-11T11:31:55.533,1789106515.5340,4284,6,0.08,486,6.23
2026-09-11T11:31:55.542,1789106515.5422,4285,318,4.08,486,6.23
2026-09-11T11:31:55.546,1789106515.5462,4286,161,2.06,486,6.23
2026-09-11T11:31:55.550,1789106515.5502,4287,-212,-2.72,530,6.79
2026-09-11T11:31:55.557,1789106515.5574,4288,18,0.23,530,6.79
2026-09-11T11:31:55.565,1789106515.5655,4289,330,4.23,542,6.95
2026-09-11T11:31:55.567,1789106515.5675,4290,148,1.9,542,6.95
2026-09-11T11:31:55.571,1789106515.5717,4291,-244,-3.13,574,7.36
2026-09-11T11:31:55.573,1789106515.5737,4292,-179,-2.29,574,7.36
2026-09-11T11:31:55.580,1789106515.5807,4293,341,4.37,585,7.5
2026-09-11T11:31:55.585,1789106515.5860,4294,120,1.54,585,7.5
2026-09-11T11:31:55.587,1789106515.5880,4295,-261,-3.35,602,7.72
2026-09-11T11:31:55.595,1789106515.5952,4296,-160,-2.05,602,7.72
2026-09-11T11:31:55.599,1789106515.5992,4297,333,4.27,594,7.62
2026-09-11T11:31:55.602,1789106515.6024,4298,95,1.22,594,7.62
2026-09-11T11:31:55.616,1789106515.6162,4299,-269,-3.45,602,7.72
2026-09-11T11:31:55.618,1789106515.6189,4300,-124,-1.59,602,7.72
2026-09-11T11:31:55.620,1789106515.6204,4301,156,2.0,425,5.45
2026-09-11T11:31:55.622,1789106515.6226,4302,67,0.86,425,5.45
2026-09-11T11:31:55.630,1789106515.6306,4303,-274,-3.51,430,5.51
2026-09-11T11:31:55.632,1789106515.6328,4304,-97,-1.24,430,5.51
2026-09-11T11:31:55.640,1789106515.6407,4305,208,2.67,482,6.18
2026-09-11T11:31:55.645,1789106515.6459,4306,46,0.59,482,6.18
2026-09-11T11:31:55.646,1789106515.6469,4307,-270,-3.46,478,6.13
2026-09-11T11:31:55.655,1789106515.6551,4308,-69,-0.88,478,6.13
2026-09-11T11:31:55.663,1789106515.6633,4309,243,3.12,513,6.58
2026-09-11T11:31:55.665,1789106515.6653,4310,1,0.01,513,6.58
2026-09-11T11:31:55.673,1789106515.6730,4311,-275,-3.53,518,6.64
2026-09-11T11:31:55.679,1789106515.6797,4312,-42,-0.54,518,6.64
2026-09-11T11:31:55.683,1789106515.6838,4313,258,3.31,533,6.83
2026-09-11T11:31:55.685,1789106515.6858,4314,265,3.4,540,6.92
2026-09-11T11:31:55.693,1789106515.6940,4315,-288,-3.69,553,7.09
2026-09-11T11:31:55.697,1789106515.6980,4316,-39,-0.5,553,7.09
2026-09-11T11:31:55.700,1789106515.7010,4317,277,3.55,565,7.24
2026-09-11T11:31:55.705,1789106515.7057,4318,228,2.92,565,7.24
2026-09-11T11:31:55.717,1789106515.7178,4319,-288,-3.69,565,7.24
2026-09-11T11:31:55.718,1789106515.7188,4320,-39,-0.5,565,7.24
2026-09-11T11:31:55.721,1789106515.7212,4321,289,3.71,577,7.4
2026-09-11T11:31:55.726,1789106515.7262,4322,192,2.46,577,7.4
2026-09-11T11:31:55.728,1789106515.7282,4323,-173,-2.22,462,5.92
2026-09-11T11:31:55.735,1789106515.7354,4324,-19,-0.24,462,5.92
2026-09-11T11:31:55.737,1789106515.7374,4325,301,3.86,474,6.08
2026-09-11T11:31:55.744,1789106515.7447,4326,168,2.15,474,6.08
2026-09-11T11:31:55.750,1789106515.7507,4327,-221,-2.83,522,6.69
2026-09-11T11:31:55.754,1789106515.7548,4328,-3,-0.04,522,6.69
2026-09-11T11:31:55.764,1789106515.7640,4329,301,3.86,522,6.69
2026-09-11T11:31:55.765,1789106515.7650,4330,140,1.79,522,6.69
2026-09-11T11:31:55.771,1789106515.7710,4331,-253,-3.24,554,7.1
2026-09-11T11:31:55.773,1789106515.7732,4332,-236,-3.03,554,7.1
2026-09-11T11:31:55.784,1789106515.7845,4333,297,3.81,550,7.05
2026-09-11T11:31:55.785,1789106515.7855,4334,108,1.38,550,7.05
2026-09-11T11:31:55.789,1789106515.7895,4335,-276,-3.54,573,7.35
2026-09-11T11:31:55.795,1789106515.7956,4336,-199,-2.55,573,7.35
2026-09-11T11:31:55.799,1789106515.7996,4337,289,3.71,565,7.24
2026-09-11T11:31:55.803,1789106515.8037,4338,76,0.97,565,7.24
2026-09-11T11:31:55.812,1789106515.8130,4339,-300,-3.85,589,7.55
2026-09-11T11:31:55.813,1789106515.8140,4340,-187,-2.4,589,7.55
2026-09-11T11:31:55.827,1789106515.8272,4341,102,1.31,402,5.15
2026-09-11T11:31:55.831,1789106515.8312,4342,36,0.46,402,5.15
2026-09-11T11:31:55.836,1789106515.8363,4343,-308,-3.95,410,5.26
2026-09-11T11:31:55.838,1789106515.8383,4344,-159,-2.04,410,5.26
2026-09-11T11:31:55.839,1789106515.8393,4345,130,1.67,438,5.62
2026-09-11T11:31:55.842,1789106515.8425,4346,12,0.15,438,5.62
2026-09-11T11:31:55.850,1789106515.8505,4347,-312,-4.0,442,5.67
2026-09-11T11:31:55.856,1789106515.8567,4348,-130,-1.67,442,5.67
2026-09-11T11:31:55.864,1789106515.8649,4349,194,2.49,506,6.49
2026-09-11T11:31:55.870,1789106515.8709,4350,4,0.05,506,6.49
2026-09-11T11:31:55.873,1789106515.8730,4351,-304,-3.9,498,6.38
2026-09-11T11:31:55.874,1789106515.8740,4352,-86,-1.1,498,6.38
2026-09-11T11:31:55.878,1789106515.8780,4353,222,2.85,526,6.74
2026-09-11T11:31:55.884,1789106515.8843,4354,241,3.09,545,6.99
2026-09-11T11:31:55.886,1789106515.8863,4355,-308,-3.95,549,7.04
2026-09-11T11:31:55.896,1789106515.8966,4356,-59,-0.76,549,7.04
2026-09-11T11:31:55.899,1789106515.8996,4357,-138,-1.77,549,7.04
2026-09-11T11:31:55.901,1789106515.9016,4358,-382,-4.9,323,4.14
2026-09-11T11:31:55.914,1789106515.9144,4359,-91,-1.17,323,4.14
2026-09-11T11:31:55.916,1789106515.9164,4360,-507,-6.5,416,5.33
2026-09-11T11:31:55.922,1789106515.9226,4361,-1081,-13.86,990,12.69
2026-09-11T11:31:55.926,1789106515.9266,4362,-961,-12.32,990,12.69
2026-09-11T11:31:55.928,1789106515.9286,4363,-281,-3.6,800,10.26
2026-09-11T11:31:55.932,1789106515.9328,4364,-524,-6.72,800,10.26
2026-09-11T11:31:55.939,1789106515.9398,4365,-1234,-15.82,953,12.22
2026-09-11T11:31:55.944,1789106515.9440,4366,-1001,-12.83,953,12.22
2026-09-11T11:31:55.951,1789106515.9510,4367,-137,-1.76,1097,14.06
2026-09-11T11:31:55.955,1789106515.9552,4368,-485,-6.22,1097,14.06
2026-09-11T11:31:55.963,1789106515.9633,4369,-1199,-15.37,1062,13.62
2026-09-11T11:31:55.966,1789106515.9663,4370,-854,-10.95,1062,13.62
2026-09-11T11:31:55.969,1789106515.9693,4371,85,1.09,1284,16.46
2026-09-11T11:31:55.971,1789106515.9713,4372,169,2.17,1368,17.54
2026-09-11T11:31:55.982,1789106515.9828,4373,-1059,-13.58,1228,15.74
2026-09-11T11:31:55.988,1789106515.9888,4374,-619,-7.94,1228,15.74
2026-09-11T11:31:55.990,1789106515.9908,4375,344,4.41,1403,17.99
2026-09-11T11:31:55.996,1789106515.9969,4376,307,3.94,1403,17.99
2026-09-11T11:31:55.998,1789106515.9989,4377,-862,-11.05,1206,15.46
2026-09-11T11:31:56.006,1789106516.0068,4378,-350,-4.49,1206,15.46
2026-09-11T11:31:56.014,1789106516.0140,4379,531,6.81,1393,17.86
2026-09-11T11:31:56.017,1789106516.0178,4380,357,4.58,1393,17.86
2026-09-11T11:31:56.024,1789106516.0249,4381,-164,-2.1,881,11.29
2026-09-11T11:31:56.026,1789106516.0264,4382,-98,-1.26,695,8.91
2026-09-11T11:31:56.031,1789106516.0314,4383,511,6.55,675,8.65
2026-09-11T11:31:56.033,1789106516.0337,4384,329,4.22,675,8.65
2026-09-11T11:31:56.037,1789106516.0377,4385,32,0.41,609,7.81
2026-09-11T11:31:56.043,1789106516.0440,4386,204,2.62,479,6.14
2026-09-11T11:31:56.050,1789106516.0510,4387,67,0.86,297,3.81
2026-09-11T11:31:56.053,1789106516.0531,4388,110,1.41,172,2.21
2026-09-11T11:31:56.063,1789106516.0634,4389,350,4.49,283,3.63
2026-09-11T11:31:56.064,1789106516.0644,4390,239,3.06,283,3.63
2026-09-11T11:31:56.071,1789106516.0714,4391,-54,-0.69,404,5.18
2026-09-11T11:31:56.073,1789106516.0736,4392,110,1.41,404,5.18
2026-09-11T11:31:56.079,1789106516.0796,4393,402,5.15,456,5.85
2026-09-11T11:31:56.085,1789106516.0858,4394,448,5.74,502,6.44
2026-09-11T11:31:56.089,1789106516.0898,4395,-102,-1.31,550,7.05
2026-09-11T11:31:56.099,1789106516.0999,4396,114,1.46,550,7.05
2026-09-11T11:31:56.102,1789106516.1021,4397,434,5.56,550,7.05
2026-09-11T11:31:56.104,1789106516.1041,4398,412,5.28,536,6.87
2026-09-11T11:31:56.114,1789106516.1143,4399,-114,-1.46,548,7.03
2026-09-11T11:31:56.117,1789106516.1173,4400,102,1.31,548,7.03
2026-09-11T11:31:56.121,1789106516.1213,4401,418,5.36,532,6.82
2026-09-11T11:31:56.123,1789106516.1235,4402,372,4.77,532,6.82
2026-09-11T11:31:56.128,1789106516.1285,4403,31,0.4,387,4.96
2026-09-11T11:31:56.130,1789106516.1305,4404,95,1.22,387,4.96
2026-09-11T11:31:56.137,1789106516.1377,4405,431,5.53,400,5.13
2026-09-11T11:31:56.147,1789106516.1479,4406,313,4.01,400,5.13
2026-09-11T11:31:56.153,1789106516.1531,4407,-36,-0.46,467,5.99
2026-09-11T11:31:56.157,1789106516.1571,4408,93,1.19,467,5.99
2026-09-11T11:31:56.166,1789106516.1663,4409,404,5.18,440,5.64
2026-09-11T11:31:56.171,1789106516.1712,4410,263,3.37,440,5.64
2026-09-11T11:31:56.174,1789106516.1744,4411,-102,-1.31,506,6.49
2026-09-11T11:31:56.178,1789106516.1784,4412,-118,-1.51,522,6.69
2026-09-11T11:31:56.184,1789106516.1842,4413,410,5.26,528,6.77
2026-09-11T11:31:56.186,1789106516.1862,4414,225,2.88,528,6.77
2026-09-11T11:31:56.192,1789106516.1926,4415,-148,-1.9,558,7.15
2026-09-11T11:31:56.194,1789106516.1946,4416,-124,-1.59,558,7.15
2026-09-11T11:31:56.199,1789106516.1996,4417,380,4.87,528,6.77
2026-09-11T11:31:56.207,1789106516.2073,4418,187,2.4,528,6.77
2026-09-11T11:31:56.210,1789106516.2103,4419,-182,-2.33,562,7.21
2026-09-11T11:31:56.217,1789106516.2175,4420,-109,-1.4,562,7.21
2026-09-11T11:31:56.221,1789106516.2216,4421,131,1.68,369,4.73
2026-09-11T11:31:56.223,1789106516.2236,4422,157,2.01,339,4.35
2026-09-11T11:31:56.229,1789106516.2296,4423,-215,-2.76,372,4.77
2026-09-11T11:31:56.236,1789106516.2369,4424,-98,-1.26,372,4.77
2026-09-11T11:31:56.237,1789106516.2379,4425,166,2.13,381,4.88
2026-09-11T11:31:56.245,1789106516.2452,4426,112,1.44,381,4.88
2026-09-11T11:31:56.256,1789106516.2564,4427,-232,-2.97,398,5.1
2026-09-11T11:31:56.260,1789106516.2604,4428,-91,-1.17,398,5.1
2026-09-11T11:31:56.264,1789106516.2646,4429,189,2.42,421,5.4
2026-09-11T11:31:56.265,1789106516.2656,4430,79,1.01,421,5.4
2026-09-11T11:31:56.271,1789106516.2719,4431,-249,-3.19,438,5.62
2026-09-11T11:31:56.274,1789106516.2749,4432,-80,-1.03,438,5.62
2026-09-11T11:31:56.279,1789106516.2799,4433,208,2.67,457,5.86
2026-09-11T11:31:56.281,1789106516.2820,4434,287,3.68,536,6.87
2026-09-11T11:31:56.287,1789106516.2880,4435,-278,-3.56,565,7.24
2026-09-11T11:31:56.294,1789106516.2945,4436,-65,-0.83,565,7.24
2026-09-11T11:31:56.301,1789106516.3015,4437,235,3.01,565,7.24
2026-09-11T11:31:56.307,1789106516.3072,4438,242,3.1,520,6.67
2026-09-11T11:31:56.314,1789106516.3144,4439,-294,-3.77,536,6.87
2026-09-11T11:31:56.315,1789106516.3154,4440,-69,-0.88,536,6.87
2026-09-11T11:31:56.323,1789106516.3235,4441,235,3.01,536,6.87
2026-09-11T11:31:56.328,1789106516.3285,4442,206,2.64,529,6.78
2026-09-11T11:31:56.331,1789106516.3317,4443,-119,-1.53,354,4.54
2026-09-11T11:31:56.333,1789106516.3337,4444,-61,-0.78,354,4.54
2026-09-11T11:31:56.339,1789106516.3397,4445,239,3.06,358,4.59
2026-09-11T11:31:56.345,1789106516.3458,4446,154,1.97,358,4.59
2026-09-11T11:31:56.347,1789106516.3478,4447,-190,-2.44,429,5.5
2026-09-11T11:31:56.355,1789106516.3550,4448,-76,-0.97,429,5.5
2026-09-11T11:31:56.360,1789106516.3610,4449,228,2.92,418,5.36
2026-09-11T11:31:56.368,1789106516.3681,4450,119,1.53,418,5.36
2026-09-11T11:31:56.371,1789106516.3711,4451,-246,-3.15,474,6.08
2026-09-11T11:31:56.373,1789106516.3733,4452,-281,-3.6,509,6.53
2026-09-11T11:31:56.379,1789106516.3793,4453,241,3.09,522,6.69
2026-09-11T11:31:56.386,1789106516.3865,4454,80,1.03,522,6.69
2026-09-11T11:31:56.388,1789106516.3885,4455,-268,-3.44,522,6.69
2026-09-11T11:31:56.395,1789106516.3956,4456,-275,-3.53,516,6.62
2026-09-11T11:31:56.400,1789106516.4010,4457,250,3.21,525,6.73
2026-09-11T11:31:56.408,1789106516.4085,4458,57,0.73,525,6.73
2026-09-11T11:31:56.414,1789106516.4142,4459,-303,-3.88,553,7.09
2026-09-11T11:31:56.416,1789106516.4162,4460,-246,-3.15,553,7.09
2026-09-11T11:31:56.420,1789106516.4206,4461,-5,-0.06,360,4.62
2026-09-11T11:31:56.422,1789106516.4228,4462,46,0.59,349,4.47
2026-09-11T11:31:56.429,1789106516.4290,4463,-294,-3.77,340,4.36
2026-09-11T11:31:56.432,1789106516.4324,4464,-221,-2.83,340,4.36
2026-09-11T11:31:56.437,1789106516.4374,4465,44,0.56,340,4.36
2026-09-11T11:31:56.443,1789106516.4437,4466,23,0.29,338,4.33
2026-09-11T11:31:56.451,1789106516.4519,4467,-314,-4.03,358,4.59
2026-09-11T11:31:56.454,1789106516.4549,4468,-172,-2.21,358,4.59
2026-09-11T11:31:56.463,1789106516.4639,4469,104,1.33,418,5.36
2026-09-11T11:31:56.467,1789106516.4674,4470,27,0.35,418,5.36
2026-09-11T11:31:56.472,1789106516.4726,4471,-297,-3.81,401,5.14
2026-09-11T11:31:56.476,1789106516.4766,4472,-112,-1.44,401,5.14
2026-09-11T11:31:56.479,1789106516.4796,4473,176,2.26,473,6.06
2026-09-11T11:31:56.484,1789106516.4848,4474,276,3.54,573,7.35
2026-09-11T11:31:56.490,1789106516.4908,4475,-285,-3.65,561,7.19
2026-09-11T11:31:56.492,1789106516.4929,4476,-88,-1.13,561,7.19
2026-09-11T11:31:56.498,1789106516.4989,4477,216,2.77,561,7.19
2026-09-11T11:31:56.504,1789106516.5046,4478,247,3.17,532,6.82
2026-09-11T11:31:56.513,1789106516.5138,4479,-274,-3.51,521,6.68
2026-09-11T11:31:56.514,1789106516.5148,4480,-49,-0.63,521,6.68
2026-09-11T11:31:56.523,1789106516.5230,4481,252,3.23,526,6.74
2026-09-11T11:31:56.524,1789106516.5240,4482,259,3.32,533,6.83
2026-09-11T11:31:56.530,1789106516.5300,4483,-22,-0.28,308,3.95
2026-09-11T11:31:56.534,1789106516.5342,4484,15,0.19,281,3.6
2026-09-11T11:31:56.536,1789106516.5362,4485,326,4.18,348,4.46
2026-09-11T11:31:56.544,1789106516.5446,4486,253,3.24,348,4.46
2026-09-11T11:31:56.549,1789106516.5496,4487,-64,-0.82,390,5.0
2026-09-11T11:31:56.551,1789106516.5516,4488,25,0.32,390,5.0
2026-09-11T11:31:56.563,1789106516.5639,4489,333,4.27,397,5.09
2026-09-11T11:31:56.566,1789106516.5669,4490,232,2.97,397,5.09
2026-09-11T11:31:56.568,1789106516.5688,4491,-113,-1.45,446,5.72
2026-09-11T11:31:56.572,1789106516.5722,4492,-205,-2.63,538,6.9
2026-09-11T11:31:56.581,1789106516.5812,4493,348,4.46,553,7.09
2026-09-11T11:31:56.582,1789106516.5823,4494,207,2.65,553,7.09
2026-09-11T11:31:56.588,1789106516.5883,4495,-158,-2.03,553,7.09
2026-09-11T11:31:56.593,1789106516.5936,4496,-181,-2.32,529,6.78
2026-09-11T11:31:56.595,1789106516.5956,4497,343,4.4,524,6.72
2026-09-11T11:31:56.605,1789106516.6055,4498,170,2.18,524,6.72
2026-09-11T11:31:56.614,1789106516.6147,4499,-179,-2.29,524,6.72
2026-09-11T11:31:56.618,1789106516.6187,4500,-170,-2.18,522,6.69
2026-09-11T11:31:56.623,1789106516.6239,4501,66,0.85,349,4.47
2026-09-11T11:31:56.626,1789106516.6269,4502,157,2.01,336,4.31
2026-09-11T11:31:56.630,1789106516.6309,4503,-208,-2.67,365,4.68
2026-09-11T11:31:56.634,1789106516.6341,4504,-139,-1.78,365,4.68
2026-09-11T11:31:56.640,1789106516.6401,4505,114,1.46,365,4.68
2026-09-11T11:31:56.642,1789106516.6424,4506,136,1.74,344,4.41
2026-09-11T11:31:56.648,1789106516.6484,4507,-229,-2.94,365,4.68
2026-09-11T11:31:56.654,1789106516.6546,4508,-116,-1.49,365,4.68
2026-09-11T11:31:56.663,1789106516.6638,4509,141,1.81,370,4.74
2026-09-11T11:31:56.665,1789106516.6658,4510,87,1.12,370,4.74
2026-09-11T11:31:56.672,1789106516.6725,4511,-249,-3.19,390,5.0
2026-09-11T11:31:56.674,1789106516.6745,4512,-105,-1.35,390,5.0
2026-09-11T11:31:56.678,1789106516.6785,4513,180,2.31,429,5.5
2026-09-11T11:31:56.684,1789106516.6844,4514,299,3.83,548,7.03
2026-09-11T11:31:56.687,1789106516.6873,4515,-266,-3.41,565,7.24
2026-09-11T11:31:56.695,1789106516.6956,4516,-81,-1.04,565,7.24
2026-09-11T11:31:56.700,1789106516.7006,4517,215,2.76,565,7.24
2026-09-11T11:31:56.701,1789106516.7018,4518,282,3.62,548,7.03
2026-09-11T11:31:56.714,1789106516.7146,4519,-271,-3.47,553,7.09
2026-09-11T11:31:56.716,1789106516.7166,4520,-66,-0.85,553,7.09
2026-09-11T11:31:56.719,1789106516.7196,4521,243,3.12,553,7.09
2026-09-11T11:31:56.722,1789106516.7228,4522,266,3.41,537,6.88
2026-09-11T11:31:56.730,1789106516.7308,4523,-15,-0.19,332,4.26
2026-09-11T11:31:56.732,1789106516.7329,4524,-30,-0.38,296,3.79
2026-09-11T11:31:56.738,1789106516.7390,4525,270,3.46,300,3.85
2026-09-11T11:31:56.743,1789106516.7431,4526,221,2.83,300,3.85
2026-09-11T11:31:56.746,1789106516.7461,4527,-84,-1.08,354,4.54
2026-09-11T11:31:56.756,1789106516.7565,4528,-35,-0.45,354,4.54
2026-09-11T11:31:56.766,1789106516.7668,4529,273,3.5,357,4.58
2026-09-11T11:31:56.767,1789106516.7678,4530,200,2.56,357,4.58
2026-09-11T11:31:56.770,1789106516.7708,4531,-145,-1.86,418,5.36
2026-09-11T11:31:56.776,1789106516.7770,4532,-264,-3.38,537,6.88
2026-09-11T11:31:56.780,1789106516.7810,4533,265,3.4,529,6.78
2026-09-11T11:31:56.785,1789106516.7852,4534,148,1.9,529,6.78
2026-09-11T11:31:56.789,1789106516.7892,4535,-200,-2.56,529,6.78
2026-09-11T11:31:56.796,1789106516.7966,4536,-272,-3.49,537,6.88
2026-09-11T11:31:56.806,1789106516.8064,4537,254,3.26,526,6.74
2026-09-11T11:31:56.808,1789106516.8084,4538,105,1.35,526,6.74
2026-09-11T11:31:56.820,1789106516.8208,4539,-252,-3.23,526,6.74
2026-09-11T11:31:56.824,1789106516.8243,4540,-255,-3.27,509,6.53
2026-09-11T11:31:56.827,1789106516.8270,4541,-34,-0.44,360,4.62
2026-09-11T11:31:56.828,1789106516.8286,4542,69,0.88,324,4.15
2026-09-11T11:31:56.830,1789106516.8302,4543,-283,-3.63,352,4.51
2026-09-11T11:31:56.835,1789106516.8354,4544,-226,-2.9,352,4.51
2026-09-11T11:31:56.838,1789106516.8384,4545,-9,-0.12,352,4.51
2026-09-11T11:31:56.845,1789106516.8456,4546,46,0.59,329,4.22
2026-09-11T11:31:56.848,1789106516.8486,4547,-306,-3.92,352,4.51
2026-09-11T11:31:56.852,1789106516.8528,4548,-209,-2.68,352,4.51
2026-09-11T11:31:56.863,1789106516.8639,4549,40,0.51,352,4.51
2026-09-11T11:31:56.865,1789106516.8659,4550,236,3.03,542,6.95
2026-09-11T11:31:56.872,1789106516.8720,4551,-309,-3.96,545,6.99
2026-09-11T11:31:56.874,1789106516.8740,4552,-184,-2.36,545,6.99
2026-09-11T11:31:56.881,1789106516.8810,4553,93,1.19,545,6.99
2026-09-11T11:31:56.888,1789106516.8882,4554,236,3.03,545,6.99
2026-09-11T11:31:56.891,1789106516.8915,4555,-325,-4.17,561,7.19
2026-09-11T11:31:56.894,1789106516.8945,4556,-159,-2.04,561,7.19
2026-09-11T11:31:56.897,1789106516.8975,4557,125,1.6,561,7.19
2026-09-11T11:31:56.903,1789106516.9038,4558,245,3.14,570,7.31
2026-09-11T11:31:56.914,1789106516.9146,4559,-312,-4.0,557,7.14
2026-09-11T11:31:56.915,1789106516.9156,4560,-115,-1.47,557,7.14
2026-09-11T11:31:56.919,1789106516.9196,4561,186,2.38,557,7.14
2026-09-11T11:31:56.930,1789106516.9309,4562,209,2.68,521,6.68
2026-09-11T11:31:56.934,1789106516.9341,4563,-48,-0.62,324,4.15
2026-09-11T11:31:56.936,1789106516.9361,4564,-103,-1.32,312,4.0
2026-09-11T11:31:56.943,1789106516.9432,4565,206,2.64,312,4.0
2026-09-11T11:31:56.944,1789106516.9442,4566,193,2.47,309,3.96
2026-09-11T11:31:56.951,1789106516.9512,4567,-100,-1.28,309,3.96
2026-09-11T11:31:56.955,1789106516.9554,4568,-78,-1.0,306,3.92
2026-09-11T11:31:56.962,1789106516.9626,4569,230,2.95,330,4.23
2026-09-11T11:31:56.968,1789106516.9686,4570,169,2.17,330,4.23
2026-09-11T11:31:56.975,1789106516.9758,4571,-139,-1.78,369,4.73
2026-09-11T11:31:56.976,1789106516.9768,4572,-279,-3.58,509,6.53
2026-09-11T11:31:56.977,1789106516.9778,4573,250,3.21,529,6.78
2026-09-11T11:31:56.983,1789106516.9840,4574,142,1.82,529,6.78
2026-09-11T11:31:56.988,1789106516.9890,4575,-191,-2.45,529,6.78
2026-09-11T11:31:56.996,1789106516.9961,4576,-270,-3.46,520,6.67
2026-09-11T11:31:56.999,1789106516.9991,4577,255,3.27,525,6.73
2026-09-11T11:31:57.002,1789106517.0023,4578,138,1.77,525,6.73
2026-09-11T11:31:57.013,1789106517.0140,4579,-211,-2.71,525,6.73
2026-09-11T11:31:57.015,1789106517.0160,4580,-158,-2.03,466,5.97
2026-09-11T11:31:57.020,1789106517.0210,4581,-85,-1.09,349,4.47
2026-09-11T11:31:57.024,1789106517.0241,4582,-618,-7.92,533,6.83
2026-09-11T11:31:57.035,1789106517.0353,4583,-168,-2.15,533,6.83
2026-09-11T11:31:57.037,1789106517.0373,4584,-79,-1.01,539,6.91
2026-09-11T11:31:57.040,1789106517.0403,4585,-307,-3.94,539,6.91
2026-09-11T11:31:57.042,1789106517.0425,4586,-332,-4.26,253,3.24
2026-09-11T11:31:57.049,1789106517.0495,4587,106,1.36,438,5.62
2026-09-11T11:31:57.055,1789106517.0557,4588,65,0.83,438,5.62
2026-09-11T11:31:57.062,1789106517.0629,4589,-215,-2.76,438,5.62
2026-09-11T11:31:57.065,1789106517.0659,4590,-514,-6.59,620,7.95
2026-09-11T11:31:57.066,1789106517.0669,4591,269,3.45,783,10.04
2026-09-11T11:31:57.074,1789106517.0742,4592,148,1.9,783,10.04
2026-09-11T11:31:57.082,1789106517.0823,4593,-193,-2.47,783,10.04
2026-09-11T11:31:57.086,1789106517.0867,4594,-424,-5.44,693,8.88
2026-09-11T11:31:57.088,1789106517.0889,4595,334,4.28,758,9.72
2026-09-11T11:31:57.093,1789106517.0939,4596,148,1.9,758,9.72
2026-09-11T11:31:57.102,1789106517.1021,4597,-204,-2.62,758,9.72
2026-09-11T11:31:57.103,1789106517.1031,4598,-367,-4.71,701,8.99
2026-09-11T11:31:57.113,1789106517.1138,4599,382,4.9,749,9.6
2026-09-11T11:31:57.117,1789106517.1178,4600,181,2.32,749,9.6
2026-09-11T11:31:57.124,1789106517.1249,4601,-144,-1.85,749,9.6
2026-09-11T11:31:57.126,1789106517.1269,4602,-219,-2.81,601,7.71
2026-09-11T11:31:57.129,1789106517.1299,4603,117,1.5,400,5.13
2026-09-11T11:31:57.133,1789106517.1331,4604,167,2.14,386,4.95
2026-09-11T11:31:57.139,1789106517.1391,4605,-45,-0.58,386,4.95
2026-09-11T11:31:57.146,1789106517.1462,4606,-13,-0.17,212,2.72
2026-09-11T11:31:57.149,1789106517.1492,4607,231,2.96,276,3.54
2026-09-11T11:31:57.155,1789106517.1554,4608,225,2.88,276,3.54
2026-09-11T11:31:57.165,1789106517.1656,4609,116,1.49,244,3.13
2026-09-11T11:31:57.167,1789106517.1676,4610,167,2.14,115,1.47
2026-09-11T11:31:57.169,1789106517.1696,4611,167,2.14,109,1.4
2026-09-11T11:31:57.173,1789106517.1737,4612,38,0.49,129,1.65
2026-09-11T11:31:57.178,1789106517.1787,4613,361,4.63,323,4.14
2026-09-11T11:31:57.182,1789106517.1829,4614,304,3.9,323,4.14
2026-09-11T11:31:57.189,1789106517.1899,4615,3,0.04,358,4.59
2026-09-11T11:31:57.195,1789106517.1950,4616,-125,-1.6,486,6.23
2026-09-11T11:31:57.198,1789106517.1980,4617,375,4.81,500,6.41
2026-09-11T11:31:57.203,1789106517.2033,4618,273,3.5,500,6.41
2026-09-11T11:31:57.213,1789106517.2135,4619,-88,-1.13,500,6.41
2026-09-11T11:31:57.215,1789106517.2155,4620,-151,-1.94,526,6.74
2026-09-11T11:31:57.216,1789106517.2165,4621,77,0.99,424,5.44
2026-09-11T11:31:57.222,1789106517.2229,4622,204,2.62,355,4.55
2026-09-11T11:31:57.230,1789106517.2308,4623,-149,-1.91,355,4.55
2026-09-11T11:31:57.234,1789106517.2350,4624,-149,-1.91,353,4.53
2026-09-11T11:31:57.238,1789106517.2390,4625,64,0.82,353,4.53
2026-09-11T11:31:57.243,1789106517.2432,4626,162,2.08,311,3.99
2026-09-11T11:31:57.252,1789106517.2523,4627,-210,-2.69,372,4.77
2026-09-11T11:31:57.256,1789106517.2563,4628,-150,-1.92,372,4.77
2026-09-11T11:31:57.263,1789106517.2635,4629,75,0.96,372,4.77
2026-09-11T11:31:57.268,1789106517.2685,4630,331,4.24,541,6.94
2026-09-11T11:31:57.270,1789106517.2705,4631,-239,-3.06,570,7.31
2026-09-11T11:31:57.277,1789106517.2776,4632,-138,-1.77,570,7.31
2026-09-11T11:31:57.279,1789106517.2796,4633,103,1.32,570,7.31
2026-09-11T11:31:57.283,1789106517.2839,4634,310,3.97,549,7.04
2026-09-11T11:31:57.286,1789106517.2869,4635,-255,-3.27,565,7.24
2026-09-11T11:31:57.295,1789106517.2952,4636,-134,-1.72,565,7.24
2026-09-11T11:31:57.296,1789106517.2962,4637,142,1.82,565,7.24
2026-09-11T11:31:57.304,1789106517.3044,4638,282,3.62,537,6.88
2026-09-11T11:31:57.315,1789106517.3152,4639,-268,-3.44,550,7.05
2026-09-11T11:31:57.316,1789106517.3162,4640,-115,-1.47,550,7.05
2026-09-11T11:31:57.322,1789106517.3222,4641,178,2.28,550,7.05
2026-09-11T11:31:57.323,1789106517.3234,4642,261,3.35,529,6.78
2026-09-11T11:31:57.330,1789106517.3304,4643,4,0.05,376,4.82
2026-09-11T11:31:57.332,1789106517.3326,4644,-107,-1.37,368,4.72
2026-09-11T11:31:57.344,1789106517.3448,4645,194,2.49,368,4.72
2026-09-11T11:31:57.346,1789106517.3468,4646,209,2.68,316,4.05
2026-09-11T11:31:57.349,1789106517.3498,4647,-52,-0.67,316,4.05
2026-09-11T11:31:57.355,1789106517.3560,4648,-91,-1.17,300,3.85
2026-09-11T11:31:57.362,1789106517.3621,4649,210,2.69,301,3.86
2026-09-11T11:31:57.365,1789106517.3656,4650,197,2.53,301,3.86
2026-09-11T11:31:57.367,1789106517.3676,4651,-88,-1.13,301,3.86
2026-09-11T11:31:57.373,1789106517.3739,4652,-299,-3.83,509,6.53
2026-09-11T11:31:57.376,1789106517.3766,4653,234,3.0,533,6.83
2026-09-11T11:31:57.388,1789106517.3880,4654,185,2.37,533,6.83
2026-09-11T11:31:57.391,1789106517.3910,4655,-140,-1.79,533,6.83
2026-09-11T11:31:57.395,1789106517.3953,4656,-291,-3.73,525,6.73
2026-09-11T11:31:57.400,1789106517.4003,4657,246,3.15,537,6.88
2026-09-11T11:31:57.401,1789106517.4013,4658,149,1.91,537,6.88
2026-09-11T11:31:57.413,1789106517.4135,4659,-187,-2.4,537,6.88
2026-09-11T11:31:57.416,1789106517.4165,4660,-275,-3.53,521,6.68
2026-09-11T11:31:57.420,1789106517.4205,4661,-41,-0.53,424,5.44
2026-09-11T11:31:57.422,1789106517.4224,4662,130,1.67,405,5.19
2026-09-11T11:31:57.432,1789106517.4326,4663,-227,-2.91,405,5.19
2026-09-11T11:31:57.433,1789106517.4336,4664,-238,-3.05,368,4.72
2026-09-11T11:31:57.437,1789106517.4377,4665,-25,-0.32,368,4.72
2026-09-11T11:31:57.446,1789106517.4468,4666,98,1.26,336,4.31
2026-09-11T11:31:57.448,1789106517.4488,4667,-250,-3.21,348,4.46
2026-09-11T11:31:57.455,1789106517.4560,4668,-229,-2.94,348,4.46
2026-09-11T11:31:57.465,1789106517.4651,4669,11,0.14,348,4.46
2026-09-11T11:31:57.468,1789106517.4681,4670,263,3.37,513,6.58
2026-09-11T11:31:57.470,1789106517.4700,4671,-282,-3.62,545,6.99
2026-09-11T11:31:57.474,1789106517.4742,4672,-209,-2.68,545,6.99
2026-09-11T11:31:57.482,1789106517.4823,4673,48,0.62,545,6.99
2026-09-11T11:31:57.484,1789106517.4843,4674,260,3.33,542,6.95
2026-09-11T11:31:57.490,1789106517.4903,4675,-301,-3.86,561,7.19
2026-09-11T11:31:57.492,1789106517.4926,4676,-176,-2.26,561,7.19
2026-09-11T11:31:57.499,1789106517.4991,4677,81,1.04,561,7.19
2026-09-11T11:31:57.503,1789106517.5040,4678,260,3.33,561,7.19
2026-09-11T11:31:57.512,1789106517.5126,4679,-301,-3.86,561,7.19
2026-09-11T11:31:57.515,1789106517.5156,4680,-156,-2.0,561,7.19
2026-09-11T11:31:57.518,1789106517.5186,4681,129,1.65,561,7.19
2026-09-11T11:31:57.526,1789106517.5268,4682,248,3.18,549,7.04
2026-09-11T11:31:57.527,1789106517.5278,4683,-9,-0.12,404,5.18
2026-09-11T11:31:57.533,1789106517.5330,4684,-135,-1.73,383,4.91
2026-09-11T11:31:57.544,1789106517.5442,4685,161,2.06,383,4.91
2026-09-11T11:31:57.547,1789106517.5478,4686,241,3.09,376,4.82
2026-09-11T11:31:57.553,1789106517.5530,4687,-40,-0.51,376,4.82
2026-09-11T11:31:57.554,1789106517.5540,4688,-91,-1.17,332,4.26
2026-09-11T11:31:57.564,1789106517.5643,4689,197,2.53,332,4.26
2026-09-11T11:31:57.568,1789106517.5683,4690,201,2.58,292,3.74
2026-09-11T11:31:57.571,1789106517.5713,4691,-80,-1.03,292,3.74
2026-09-11T11:31:57.578,1789106517.5785,4692,-304,-3.9,505,6.47
2026-09-11T11:31:57.580,1789106517.5805,4693,218,2.79,522,6.69
2026-09-11T11:31:57.586,1789106517.5867,4694,185,2.37,522,6.69
2026-09-11T11:31:57.588,1789106517.5887,4695,-124,-1.59,522,6.69
2026-09-11T11:31:57.593,1789106517.5939,4696,-300,-3.85,518,6.64
2026-09-11T11:31:57.595,1789106517.5959,4697,238,3.05,538,6.9
2026-09-11T11:31:57.603,1789106517.6031,4698,161,2.06,538,6.9
2026-09-11T11:31:57.613,1789106517.6138,4699,-172,-2.21,538,6.9
2026-09-11T11:31:57.615,1789106517.6158,4700,-283,-3.63,521,6.68
2026-09-11T11:31:57.621,1789106517.6219,4701,-46,-0.59,444,5.69
2026-09-11T11:31:57.624,1789106517.6241,4702,141,1.81,424,5.44
2026-09-11T11:31:57.630,1789106517.6304,4703,-219,-2.81,424,5.44
2026-09-11T11:31:57.632,1789106517.6322,4704,-266,-3.41,407,5.22
2026-09-11T11:31:57.640,1789106517.6402,4705,-41,-0.53,407,5.22
2026-09-11T11:31:57.641,1789106517.6412,4706,106,1.36,372,4.77
2026-09-11T11:31:57.651,1789106517.6517,4707,-255,-3.27,372,4.77
2026-09-11T11:31:57.655,1789106517.6557,4708,-238,-3.05,361,4.63
2026-09-11T11:31:57.662,1789106517.6629,4709,-5,-0.06,361,4.63
2026-09-11T11:31:57.665,1789106517.6659,4710,275,3.53,530,6.79
2026-09-11T11:31:57.668,1789106517.6684,4711,-274,-3.51,549,7.04
2026-09-11T11:31:57.677,1789106517.6772,4712,-217,-2.78,549,7.04
2026-09-11T11:31:57.680,1789106517.6802,4713,28,0.36,549,7.04
2026-09-11T11:31:57.682,1789106517.6825,4714,276,3.54,550,7.05
2026-09-11T11:31:57.686,1789106517.6865,4715,-286,-3.67,562,7.21
2026-09-11T11:31:57.698,1789106517.6988,4716,-193,-2.47,562,7.21
2026-09-11T11:31:57.702,1789106517.7029,4717,64,0.82,562,7.21
2026-09-11T11:31:57.706,1789106517.7064,4718,272,3.49,558,7.15
2026-09-11T11:31:57.715,1789106517.7156,4719,-301,-3.86,573,7.35
2026-09-11T11:31:57.720,1789106517.7206,4720,-152,-1.95,573,7.35
2026-09-11T11:31:57.722,1789106517.7227,4721,112,1.44,573,7.35
2026-09-11T11:31:57.726,1789106517.7267,4722,260,3.33,561,7.19
2026-09-11T11:31:57.731,1789106517.7319,4723,27,0.35,412,5.28
2026-09-11T11:31:57.733,1789106517.7339,4724,-112,-1.44,372,4.77
2026-09-11T11:31:57.740,1789106517.7409,4725,164,2.1,372,4.77
2026-09-11T11:31:57.745,1789106517.7450,4726,248,3.18,360,4.62
2026-09-11T11:31:57.748,1789106517.7480,4727,-5,-0.06,360,4.62
2026-09-11T11:31:57.754,1789106517.7543,4728,-92,-1.18,340,4.36
2026-09-11T11:31:57.763,1789106517.7634,4729,216,2.77,340,4.36
2026-09-11T11:31:57.765,1789106517.7654,4730,248,3.18,340,4.36
2026-09-11T11:31:57.771,1789106517.7717,4731,-41,-0.53,340,4.36
2026-09-11T11:31:57.773,1789106517.7737,4732,-277,-3.55,525,6.73
2026-09-11T11:31:57.781,1789106517.7818,4733,236,3.03,525,6.73
2026-09-11T11:31:57.782,1789106517.7828,4734,215,2.76,513,6.58
2026-09-11T11:31:57.790,1789106517.7908,4735,-82,-1.05,513,6.58
2026-09-11T11:31:57.796,1789106517.7960,4736,-269,-3.45,505,6.47
2026-09-11T11:31:57.802,1789106517.8024,4737,268,3.44,537,6.88
2026-09-11T11:31:57.805,1789106517.8054,4738,195,2.5,537,6.88
2026-09-11T11:31:57.812,1789106517.8127,4739,-126,-1.62,537,6.88
2026-09-11T11:31:57.815,1789106517.8157,4740,-265,-3.4,533,6.83
2026-09-11T11:31:57.819,1789106517.8197,4741,-20,-0.26,460,5.9
2026-09-11T11:31:57.824,1789106517.8248,4742,162,2.08,427,5.47
2026-09-11T11:31:57.828,1789106517.8288,4743,-166,-2.13,427,5.47
2026-09-11T11:31:57.833,1789106517.8330,4744,-249,-3.19,411,5.27
2026-09-11T11:31:57.836,1789106517.8360,4745,-17,-0.22,411,5.27
2026-09-11T11:31:57.850,1789106517.8502,4746,158,2.03,407,5.22
2026-09-11T11:31:57.853,1789106517.8536,4747,-190,-2.44,407,5.22
2026-09-11T11:31:57.858,1789106517.8586,4748,-221,-2.83,379,4.86
2026-09-11T11:31:57.863,1789106517.8638,4749,7,0.09,379,4.86
2026-09-11T11:31:57.869,1789106517.8698,4750,303,3.88,524,6.72
2026-09-11T11:31:57.873,1789106517.8740,4751,-238,-3.05,541,6.94
2026-09-11T11:31:57.877,1789106517.8780,4752,-185,-2.37,541,6.94
2026-09-11T11:31:57.880,1789106517.8810,4753,31,0.4,541,6.94
2026-09-11T11:31:57.887,1789106517.8872,4754,279,3.58,517,6.63
2026-09-11T11:31:57.893,1789106517.8935,4755,-242,-3.1,521,6.68
2026-09-11T11:31:57.894,1789106517.8945,4756,-177,-2.27,521,6.68
2026-09-11T11:31:57.896,1789106517.8965,4757,63,0.81,521,6.68
2026-09-11T11:31:57.902,1789106517.9027,4758,295,3.78,537,6.88
2026-09-11T11:31:57.915,1789106517.9154,4759,-270,-3.46,565,7.24
2026-09-11T11:31:57.918,1789106517.9184,4760,-149,-1.91,565,7.24
2026-09-11T11:31:57.920,1789106517.9204,4761,119,1.53,565,7.24
2026-09-11T11:31:57.923,1789106517.9235,4762,275,3.53,545,6.99
2026-09-11T11:31:57.930,1789106517.9305,4763,46,0.59,424,5.44
2026-09-11T11:31:57.933,1789106517.9336,4764,-117,-1.5,392,5.03
2026-09-11T11:31:57.940,1789106517.9406,4765,163,2.09,392,5.03
2026-09-11T11:31:57.944,1789106517.9448,4766,263,3.37,380,4.87
2026-09-11T11:31:57.947,1789106517.9478,4767,29,0.37,380,4.87
2026-09-11T11:31:57.956,1789106517.9570,4768,-98,-1.26,361,4.63
2026-09-11T11:31:57.963,1789106517.9631,4769,195,2.5,361,4.63
2026-09-11T11:31:57.965,1789106517.9651,4770,258,3.31,356,4.56
2026-09-11T11:31:57.968,1789106517.9681,4771,-7,-0.09,356,4.56
2026-09-11T11:31:57.974,1789106517.9744,4772,-275,-3.53,533,6.83
2026-09-11T11:31:57.978,1789106517.9784,4773,234,3.0,533,6.83
2026-09-11T11:31:57.985,1789106517.9855,4774,234,3.0,509,6.53
2026-09-11T11:31:57.988,1789106517.9885,4775,-59,-0.76,509,6.53
2026-09-11T11:31:57.991,1789106517.9917,4776,-275,-3.53,509,6.53
2026-09-11T11:31:58.004,1789106518.0049,4777,254,3.26,529,6.78
2026-09-11T11:31:58.008,1789106518.0084,4778,217,2.78,529,6.78
2026-09-11T11:31:58.014,1789106518.0145,4779,-100,-1.28,529,6.78
2026-09-11T11:31:58.018,1789106518.0185,4780,-275,-3.53,529,6.78
2026-09-11T11:31:58.024,1789106518.0249,4781,-42,-0.54,492,6.31
2026-09-11T11:31:58.029,1789106518.0292,4782,173,2.22,448,5.74
2026-09-11T11:31:58.033,1789106518.0330,4783,-152,-1.95,448,5.74
2026-09-11T11:31:58.035,1789106518.0351,4784,-255,-3.27,428,5.49
2026-09-11T11:31:58.040,1789106518.0401,4785,-34,-0.44,428,5.49
2026-09-11T11:31:58.047,1789106518.0475,4786,169,2.17,424,5.44
2026-09-11T11:31:58.049,1789106518.0495,4787,-188,-2.41,424,5.44
2026-09-11T11:31:58.054,1789106518.0547,4788,-223,-2.86,392,5.03
2026-09-11T11:31:58.063,1789106518.0638,4789,-18,-0.23,392,5.03
2026-09-11T11:31:58.064,1789106518.0648,4790,302,3.87,525,6.73
2026-09-11T11:31:58.071,1789106518.0719,4791,-220,-2.82,525,6.73
2026-09-11T11:31:58.076,1789106518.0769,4792,-223,-2.86,525,6.73
2026-09-11T11:31:58.079,1789106518.0799,4793,14,0.18,525,6.73
2026-09-11T11:31:58.083,1789106518.0831,4794,302,3.87,525,6.73
2026-09-11T11:31:58.090,1789106518.0901,4795,-240,-3.08,542,6.95
2026-09-11T11:31:58.091,1789106518.0911,4796,-191,-2.45,542,6.95
2026-09-11T11:31:58.100,1789106518.1002,4797,50,0.64,542,6.95
2026-09-11T11:31:58.112,1789106518.1121,4798,302,3.87,542,6.95
2026-09-11T11:31:58.117,1789106518.1171,4799,-256,-3.28,558,7.15
2026-09-11T11:31:58.121,1789106518.1211,4800,-167,-2.14,558,7.15
2026-09-11T11:31:58.123,1789106518.1232,4801,94,1.21,558,7.15
2026-09-11T11:31:58.126,1789106518.1262,4802,297,3.81,553,7.09
2026-09-11T11:31:58.129,1789106518.1292,4803,56,0.72,464,5.95
2026-09-11T11:31:58.134,1789106518.1344,4804,-147,-1.88,444,5.69
2026-09-11T11:31:58.140,1789106518.1404,4805,134,1.72,444,5.69
2026-09-11T11:31:58.141,1789106518.1414,4806,269,3.45,416,5.33
2026-09-11T11:31:58.148,1789106518.1486,4807,36,0.46,416,5.33
2026-09-11T11:31:58.160,1789106518.1609,4808,-103,-1.32,372,4.77
2026-09-11T11:31:58.171,1789106518.1710,4809,169,2.17,372,4.77
2026-09-11T11:31:58.172,1789106518.1723,4810,245,3.14,348,4.46
2026-09-11T11:31:58.173,1789106518.1733,4811,4,0.05,348,4.46
2026-09-11T11:31:58.176,1789106518.1763,4812,-292,-3.74,537,6.88
2026-09-11T11:31:58.180,1789106518.1803,4813,197,2.53,537,6.88
2026-09-11T11:31:58.185,1789106518.1854,4814,237,3.04,529,6.78
2026-09-11T11:31:58.189,1789106518.1894,4815,-40,-0.51,529,6.78
2026-09-11T11:31:58.196,1789106518.1967,4816,-292,-3.74,529,6.78
2026-09-11T11:31:58.200,1789106518.2007,4817,225,2.88,529,6.78
2026-09-11T11:31:58.205,1789106518.2059,4818,204,2.62,517,6.63
2026-09-11T11:31:58.214,1789106518.2145,4819,-96,-1.23,517,6.63
2026-09-11T11:31:58.215,1789106518.2155,4820,-292,-3.74,517,6.63
2026-09-11T11:31:58.219,1789106518.2195,4821,-55,-0.71,496,6.36
2026-09-11T11:31:58.222,1789106518.2227,4822,184,2.36,476,6.1
2026-09-11T11:31:58.228,1789106518.2287,4823,-144,-1.85,476,6.1
2026-09-11T11:31:58.232,1789106518.2329,4824,-268,-3.44,452,5.79
2026-09-11T11:31:58.240,1789106518.2409,4825,-31,-0.4,452,5.79
2026-09-11T11:31:58.244,1789106518.2440,4826,164,2.1,432,5.54
2026-09-11T11:31:58.247,1789106518.2470,4827,-192,-2.46,432,5.54
2026-09-11T11:31:58.254,1789106518.2543,4828,-256,-3.28,420,5.38
2026-09-11T11:31:58.263,1789106518.2635,4829,-27,-0.35,420,5.38
2026-09-11T11:31:58.265,1789106518.2655,4830,277,3.55,533,6.83
2026-09-11T11:31:58.267,1789106518.2675,4831,-236,-3.03,533,6.83
2026-09-11T11:31:58.277,1789106518.2778,4832,-247,-3.17,524,6.72
2026-09-11T11:31:58.280,1789106518.2808,4833,-14,-0.18,524,6.72
2026-09-11T11:31:58.283,1789106518.2840,4834,286,3.67,533,6.83
2026-09-11T11:31:58.292,1789106518.2921,4835,-264,-3.38,550,7.05
2026-09-11T11:31:58.295,1789106518.2951,4836,-215,-2.76,550,7.05
2026-09-11T11:31:58.300,1789106518.3001,4837,-6,-0.08,550,7.05
2026-09-11T11:31:58.302,1789106518.3024,4838,-238,-3.05,258,3.31
2026-09-11T11:31:58.313,1789106518.3131,4839,-469,-6.01,463,5.94
2026-09-11T11:31:58.314,1789106518.3142,4840,-521,-6.68,515,6.6
2026-09-11T11:31:58.326,1789106518.3264,4841,-495,-6.35,283,3.63
2026-09-11T11:31:58.328,1789106518.3284,4842,-505,-6.47,52,0.67
2026-09-11T11:31:58.333,1789106518.3335,4843,-395,-5.06,126,1.62
2026-09-11T11:31:58.334,1789106518.3345,4844,-260,-3.33,245,3.14
2026-09-11T11:31:58.341,1789106518.3417,4845,-327,-4.19,245,3.14
2026-09-11T11:31:58.345,1789106518.3457,4846,-374,-4.79,135,1.73
2026-09-11T11:31:58.349,1789106518.3497,4847,-205,-2.63,169,2.17
2026-09-11T11:31:58.354,1789106518.3548,4848,-104,-1.33,270,3.46
2026-09-11T11:31:58.365,1789106518.3660,4849,-231,-2.96,270,3.46
2026-09-11T11:31:58.367,1789106518.3680,4850,-282,-3.62,178,2.28
2026-09-11T11:31:58.368,1789106518.3690,4851,-113,-1.45,178,2.28
2026-09-11T11:31:58.375,1789106518.3752,4852,95,1.22,377,4.83
2026-09-11T11:31:58.376,1789106518.3762,4853,-193,-2.47,377,4.83
2026-09-11T11:31:58.384,1789106518.3845,4854,-232,-2.97,327,4.19
2026-09-11T11:31:58.387,1789106518.3875,4855,-55,-0.71,327,4.19
2026-09-11T11:31:58.393,1789106518.3938,4856,105,1.35,337,4.32
2026-09-11T11:31:58.400,1789106518.4008,4857,-136,-1.74,337,4.32
2026-09-11T11:31:58.402,1789106518.4029,4858,-131,-1.68,241,3.09
2026-09-11T11:31:58.413,1789106518.4137,4859,5,0.06,241,3.09
2026-09-11T11:31:58.416,1789106518.4167,4860,81,1.04,217,2.78
2026-09-11T11:31:58.419,1789106518.4197,4861,-43,-0.55,212,2.72
2026-09-11T11:31:58.421,1789106518.4218,4862,-70,-0.9,151,1.94
2026-09-11T11:31:58.431,1789106518.4317,4863,94,1.21,164,2.1
2026-09-11T11:31:58.436,1789106518.4364,4864,146,1.87,216,2.77
2026-09-11T11:31:58.437,1789106518.4374,4865,109,1.4,216,2.77
2026-09-11T11:31:58.443,1789106518.4436,4866,204,2.62,110,1.41
2026-09-11T11:31:58.450,1789106518.4506,4867,163,2.09,95,1.22
2026-09-11T11:31:58.453,1789106518.4538,4868,87,1.12,117,1.5
2026-09-11T11:31:58.462,1789106518.4629,4869,178,2.28,117,1.5
2026-09-11T11:31:58.463,1789106518.4639,4870,474,6.08,387,4.96
2026-09-11T11:31:58.474,1789106518.4750,4871,102,1.31,387,4.96
2026-09-11T11:31:58.478,1789106518.4790,4872,62,0.79,412,5.28
2026-09-11T11:31:58.484,1789106518.4842,4873,254,3.26,412,5.28
2026-09-11T11:31:58.486,1789106518.4862,4874,533,6.83,471,6.04
2026-09-11T11:31:58.488,1789106518.4882,4875,5,0.06,528,6.77
2026-09-11T11:31:58.495,1789106518.4956,4876,13,0.17,528,6.77
2026-09-11T11:31:58.500,1789106518.5006,4877,221,2.83,528,6.77
2026-09-11T11:31:58.504,1789106518.5048,4878,488,6.26,483,6.19
2026-09-11T11:31:58.517,1789106518.5172,4879,290,3.72,475,6.09
2026-09-11T11:31:58.518,1789106518.5182,4880,-23,-0.29,511,6.55
2026-09-11T11:31:58.520,1789106518.5202,4881,217,2.78,511,6.55
2026-09-11T11:31:58.524,1789106518.5244,4882,421,5.4,444,5.69
2026-09-11T11:31:58.528,1789106518.5284,4883,223,2.86,444,5.69
2026-09-11T11:31:58.531,1789106518.5314,4884,-41,-0.53,462,5.92
2026-09-11T11:31:58.540,1789106518.5405,4885,195,2.5,462,5.92
2026-09-11T11:31:58.544,1789106518.5446,4886,386,4.95,427,5.47
2026-09-11T11:31:58.546,1789106518.5466,4887,144,1.85,427,5.47
2026-09-11T11:31:58.553,1789106518.5538,4888,-43,-0.55,429,5.5
2026-09-11T11:31:58.564,1789106518.5649,4889,217,2.78,429,5.5
2026-09-11T11:31:58.567,1789106518.5679,4890,348,4.46,391,5.01
2026-09-11T11:31:58.569,1789106518.5699,4891,99,1.27,391,5.01
2026-09-11T11:31:58.573,1789106518.5731,4892,-222,-2.85,570,7.31
2026-09-11T11:31:58.584,1789106518.5842,4893,235,3.01,570,7.31
2026-09-11T11:31:58.587,1789106518.5872,4894,298,3.82,520,6.67
2026-09-11T11:31:58.590,1789106518.5902,4895,41,0.53,520,6.67
2026-09-11T11:31:58.596,1789106518.5966,4896,-255,-3.27,553,7.09
2026-09-11T11:31:58.598,1789106518.5986,4897,234,3.0,553,7.09
2026-09-11T11:31:58.605,1789106518.6058,4898,249,3.19,504,6.46
2026-09-11T11:31:58.614,1789106518.6141,4899,-12,-0.15,504,6.46
2026-09-11T11:31:58.614,1789106518.6141,4900,-268,-3.44,517,6.63
2026-09-11T11:31:58.621,1789106518.6211,4901,-35,-0.45,517,6.63
2026-09-11T11:31:58.629,1789106518.6293,4902,241,3.09,509,6.53
2026-09-11T11:31:58.635,1789106518.6358,4903,-80,-1.03,509,6.53
2026-09-11T11:31:58.640,1789106518.6408,4904,-272,-3.49,513,6.58
2026-09-11T11:31:58.642,1789106518.6422,4905,-39,-0.5,513,6.58
2026-09-11T11:31:58.646,1789106518.6462,4906,196,2.51,468,6.0
2026-09-11T11:31:58.652,1789106518.6522,4907,-133,-1.71,468,6.0
2026-09-11T11:31:58.657,1789106518.6574,4908,-260,-3.33,456,5.85
2026-09-11T11:31:58.666,1789106518.6665,4909,-39,-0.5,456,5.85
2026-09-11T11:31:58.668,1789106518.6686,4910,281,3.6,541,6.94
2026-09-11T11:31:58.673,1789106518.6735,4911,-177,-2.27,541,6.94
2026-09-11T11:31:58.676,1789106518.6765,4912,-256,-3.28,537,6.88
2026-09-11T11:31:58.680,1789106518.6805,4913,-31,-0.4,537,6.88
2026-09-11T11:31:58.684,1789106518.6847,4914,281,3.6,537,6.88
2026-09-11T11:31:58.686,1789106518.6867,4915,-225,-2.88,537,6.88
2026-09-11T11:31:58.693,1789106518.6939,4916,-228,-2.92,509,6.53
2026-09-11T11:31:58.702,1789106518.7022,4917,13,0.17,509,6.53
2026-09-11T11:31:58.703,1789106518.7032,4918,281,3.6,509,6.53
2026-09-11T11:31:58.712,1789106518.7129,4919,116,1.49,509,6.53
2026-09-11T11:31:58.713,1789106518.7139,4920,-207,-2.65,488,6.26
2026-09-11T11:31:58.719,1789106518.7199,4921,29,0.37,488,6.26
2026-09-11T11:31:58.720,1789106518.7209,4922,273,3.5,480,6.15
2026-09-11T11:31:58.729,1789106518.7300,4923,80,1.03,480,6.15
2026-09-11T11:31:58.732,1789106518.7322,4924,-183,-2.35,456,5.85
2026-09-11T11:31:58.740,1789106518.7402,4925,62,0.79,456,5.85
2026-09-11T11:31:58.744,1789106518.7445,4926,273,3.5,456,5.85
2026-09-11T11:31:58.746,1789106518.7465,4927,48,0.62,456,5.85
2026-09-11T11:31:58.753,1789106518.7537,4928,-163,-2.09,436,5.59
2026-09-11T11:31:58.763,1789106518.7639,4929,98,1.26,436,5.59
2026-09-11T11:31:58.766,1789106518.7669,4930,258,3.31,421,5.4
2026-09-11T11:31:58.768,1789106518.7689,4931,25,0.32,421,5.4
2026-09-11T11:31:58.772,1789106518.7721,4932,-284,-3.64,542,6.95
2026-09-11T11:31:58.784,1789106518.7849,4933,138,1.77,542,6.95
2026-09-11T11:31:58.788,1789106518.7889,4934,242,3.1,526,6.74
2026-09-11T11:31:58.792,1789106518.7921,4935,-3,-0.04,526,6.74
2026-09-11T11:31:58.795,1789106518.7951,4936,-319,-4.09,561,7.19
2026-09-11T11:31:58.797,1789106518.7971,4937,174,2.23,561,7.19
2026-09-11T11:31:58.806,1789106518.8063,4938,234,3.0,553,7.09
2026-09-11T11:31:58.814,1789106518.8148,4939,-59,-0.76,553,7.09
2026-09-11T11:31:58.817,1789106518.8178,4940,-323,-4.14,557,7.14
2026-09-11T11:31:58.821,1789106518.8219,4941,-110,-1.41,557,7.14
2026-09-11T11:31:58.830,1789106518.8301,4942,202,2.59,525,6.73
2026-09-11T11:31:58.831,1789106518.8318,4943,-95,-1.22,525,6.73
2026-09-11T11:31:58.832,1789106518.8328,4944,-302,-3.87,504,6.46
2026-09-11T11:31:58.839,1789106518.8394,4945,-81,-1.04,504,6.46
2026-09-11T11:31:58.841,1789106518.8414,4946,158,2.03,460,5.9
2026-09-11T11:31:58.848,1789106518.8487,4947,-146,-1.87,460,5.9
2026-09-11T11:31:58.855,1789106518.8559,4948,-298,-3.82,456,5.85
2026-09-11T11:31:58.862,1789106518.8630,4949,-73,-0.94,456,5.85
2026-09-11T11:31:58.865,1789106518.8660,4950,236,3.03,534,6.85
2026-09-11T11:31:58.873,1789106518.8732,4951,-194,-2.49,534,6.85
2026-09-11T11:31:58.875,1789106518.8752,4952,-289,-3.71,525,6.73
2026-09-11T11:31:58.880,1789106518.8802,4953,-60,-0.77,525,6.73
2026-09-11T11:31:58.885,1789106518.8854,4954,244,3.13,533,6.83
2026-09-11T11:31:58.887,1789106518.8874,4955,-221,-2.83,533,6.83
2026-09-11T11:31:58.896,1789106518.8967,4956,-268,-3.44,512,6.56
2026-09-11T11:31:58.900,1789106518.9007,4957,-35,-0.45,512,6.56
2026-09-11T11:31:58.901,1789106518.9019,4958,257,3.29,525,6.73
2026-09-11T11:31:58.913,1789106518.9139,4959,92,1.18,525,6.73
2026-09-11T11:31:58.917,1789106518.9179,4960,-231,-2.96,488,6.26
2026-09-11T11:31:58.920,1789106518.9209,4961,-15,-0.19,488,6.26
2026-09-11T11:31:58.925,1789106518.9251,4962,261,3.35,492,6.31
2026-09-11T11:31:58.928,1789106518.9281,4963,72,0.92,492,6.31
2026-09-11T11:31:58.931,1789106518.9311,4964,-227,-2.91,488,6.26
2026-09-11T11:31:58.942,1789106518.9427,4965,14,0.18,488,6.26
2026-09-11T11:31:58.947,1789106518.9477,4966,258,3.31,485,6.22
2026-09-11T11:31:58.950,1789106518.9507,4967,49,0.63,485,6.22
2026-09-11T11:31:58.954,1789106518.9549,4968,-198,-2.54,456,5.85
2026-09-11T11:31:58.968,1789106518.9681,4969,47,0.6,456,5.85
2026-09-11T11:31:58.972,1789106518.9722,4970,251,3.22,449,5.76
2026-09-11T11:31:58.975,1789106518.9752,4971,14,0.18,449,5.76
2026-09-11T11:31:58.980,1789106518.9802,4972,-314,-4.03,565,7.24
2026-09-11T11:31:58.986,1789106518.9866,4973,108,1.38,565,7.24
2026-09-11T11:31:58.988,1789106518.9886,4974,235,3.01,549,7.04
2026-09-11T11:31:58.989,1789106518.9896,4975,-10,-0.13,549,7.04
2026-09-11T11:31:58.994,1789106518.9947,4976,-322,-4.13,557,7.14
2026-09-11T11:31:58.997,1789106518.9976,4977,144,1.85,557,7.14
2026-09-11T11:31:59.003,1789106519.0039,4978,227,2.91,549,7.04
2026-09-11T11:31:59.014,1789106519.0141,4979,-41,-0.53,549,7.04
2026-09-11T11:31:59.016,1789106519.0161,4980,-337,-4.32,564,7.23
2026-09-11T11:31:59.017,1789106519.0171,4981,-136,-1.74,564,7.23
2026-09-11T11:31:59.025,1789106519.0254,4982,188,2.41,525,6.73
2026-09-11T11:31:59.029,1789106519.0294,4983,-77,-0.99,525,6.73
2026-09-11T11:31:59.033,1789106519.0335,4984,-333,-4.27,521,6.68
2026-09-11T11:31:59.042,1789106519.0421,4985,-95,-1.22,521,6.68
2026-09-11T11:31:59.043,1789106519.0438,4986,160,2.05,493,6.32
2026-09-11T11:31:59.053,1789106519.0533,4987,-140,-1.79,493,6.32
2026-09-11T11:31:59.057,1789106519.0573,4988,-320,-4.1,480,6.15
2026-09-11T11:31:59.062,1789106519.0623,4989,-94,-1.21,480,6.15
2026-09-11T11:31:59.066,1789106519.0664,4990,226,2.9,546,7.0
2026-09-11T11:31:59.070,1789106519.0704,4991,-196,-2.51,546,7.0
2026-09-11T11:31:59.072,1789106519.0726,4992,-291,-3.73,517,6.63
2026-09-11T11:31:59.079,1789106519.0796,4993,-62,-0.79,517,6.63
2026-09-11T11:31:59.082,1789106519.0829,4994,223,2.86,514,6.59
2026-09-11T11:31:59.086,1789106519.0869,4995,-227,-2.91,514,6.59
2026-09-11T11:31:59.099,1789106519.0990,4996,-290,-3.72,513,6.58
2026-09-11T11:31:59.103,1789106519.1032,4997,-53,-0.68,513,6.58
2026-09-11T11:31:59.108,1789106519.1082,4998,251,3.22,541,6.94
2026-09-11T11:31:59.114,1789106519.1144,4999,110,1.41,541,6.94
2026-09-11T11:31:59.118,1789106519.1184,5000,-249,-3.19,500,6.41
2026-09-11T11:31:59.121,1789106519.1214,5001,-32,-0.41,500,6.41
2026-09-11T11:31:59.124,1789106519.1245,5002,272,3.49,521,6.68
2026-09-11T11:31:59.130,1789106519.1305,5003,91,1.17,521,6.68
2026-09-11T11:31:59.135,1789106519.1356,5004,-224,-2.87,496,6.36
2026-09-11T11:31:59.141,1789106519.1418,5005,9,0.12,496,6.36
2026-09-11T11:31:59.144,1789106519.1448,5006,277,3.55,501,6.42
2026-09-11T11:31:59.147,1789106519.1478,5007,80,1.03,501,6.42
2026-09-11T11:31:59.154,1789106519.1550,5008,-184,-2.36,461,5.91
2026-09-11T11:31:59.164,1789106519.1641,5009,49,0.63,461,5.91
2026-09-11T11:31:59.167,1789106519.1678,5010,277,3.55,461,5.91
2026-09-11T11:31:59.170,1789106519.1700,5011,52,0.67,461,5.91
2026-09-11T11:31:59.173,1789106519.1733,5012,-284,-3.64,561,7.19
2026-09-11T11:31:59.182,1789106519.1825,5013,117,1.5,561,7.19
2026-09-11T11:31:59.185,1789106519.1855,5014,265,3.4,549,7.04
2026-09-11T11:31:59.191,1789106519.1912,5015,28,0.36,549,7.04
2026-09-11T11:31:59.195,1789106519.1955,5016,-280,-3.59,545,6.99
2026-09-11T11:31:59.197,1789106519.1975,5017,165,2.12,545,6.99
2026-09-11T11:31:59.207,1789106519.2078,5018,253,3.24,533,6.83
2026-09-11T11:31:59.213,1789106519.2135,5019,4,0.05,533,6.83
2026-09-11T11:31:59.215,1789106519.2155,5020,-288,-3.69,541,6.94
2026-09-11T11:31:59.217,1789106519.2175,5021,-87,-1.12,541,6.94
2026-09-11T11:31:59.224,1789106519.2248,5022,224,2.87,512,6.56
2026-09-11T11:31:59.229,1789106519.2299,5023,-33,-0.42,512,6.56
2026-09-11T11:31:59.235,1789106519.2353,5024,-297,-3.81,521,6.68
2026-09-11T11:31:59.238,1789106519.2388,5025,-71,-0.91,521,6.68
2026-09-11T11:31:59.241,1789106519.2418,5026,224,2.87,521,6.68
2026-09-11T11:31:59.253,1789106519.2532,5027,-69,-0.88,521,6.68
2026-09-11T11:31:59.258,1789106519.2582,5028,-289,-3.71,513,6.58
2026-09-11T11:31:59.265,1789106519.2653,5029,-39,-0.5,513,6.58
2026-09-11T11:31:59.266,1789106519.2663,5030,265,3.4,554,7.1
2026-09-11T11:31:59.272,1789106519.2726,5031,-97,-1.24,554,7.1
2026-09-11T11:31:59.277,1789106519.2776,5032,-285,-3.65,550,7.05
2026-09-11T11:31:59.281,1789106519.2817,5033,-28,-0.36,550,7.05
2026-09-11T11:31:59.285,1789106519.2857,5034,272,3.49,557,7.14
2026-09-11T11:31:59.289,1789106519.2897,5035,-161,-2.06,557,7.14
2026-09-11T11:31:59.296,1789106519.2970,5036,-249,-3.19,521,6.68
2026-09-11T11:31:59.300,1789106519.3010,5037,-28,-0.36,521,6.68
2026-09-11T11:31:59.304,1789106519.3042,5038,288,3.69,537,6.88
2026-09-11T11:31:59.313,1789106519.3134,5039,151,1.94,537,6.88
2026-09-11T11:31:59.314,1789106519.3144,5040,-229,-2.94,517,6.63
2026-09-11T11:31:59.321,1789106519.3214,5041,-4,-0.05,517,6.63
2026-09-11T11:31:59.323,1789106519.3236,5042,296,3.79,525,6.73
2026-09-11T11:31:59.330,1789106519.3306,5043,119,1.53,525,6.73
2026-09-11T11:31:59.332,1789106519.3327,5044,-208,-2.67,504,6.46
2026-09-11T11:31:59.338,1789106519.3387,5045,8,0.1,504,6.46
2026-09-11T11:31:59.344,1789106519.3449,5046,288,3.69,496,6.36
2026-09-11T11:31:59.347,1789106519.3479,5047,91,1.17,496,6.36
2026-09-11T11:31:59.358,1789106519.3584,5048,-188,-2.41,476,6.1
2026-09-11T11:31:59.363,1789106519.3635,5049,49,0.63,476,6.1
2026-09-11T11:31:59.365,1789106519.3655,5050,293,3.76,481,6.17
2026-09-11T11:31:59.370,1789106519.3705,5051,83,1.06,481,6.17
2026-09-11T11:31:59.373,1789106519.3737,5052,-273,-3.5,566,7.26
2026-09-11T11:31:59.378,1789106519.3787,5053,93,1.19,566,7.26
2026-09-11T11:31:59.381,1789106519.3818,5054,292,3.74,565,7.24
2026-09-11T11:31:59.387,1789106519.3878,5055,51,0.65,565,7.24
2026-09-11T11:31:59.393,1789106519.3940,5056,-381,-4.88,673,8.63
2026-09-11T11:31:59.400,1789106519.4010,5057,-378,-4.85,673,8.63
2026-09-11T11:31:59.406,1789106519.4062,5058,-160,-2.05,432,5.54
2026-09-11T11:31:59.414,1789106519.4141,5059,-287,-3.68,221,2.83
2026-09-11T11:31:59.416,1789106519.4161,5060,-614,-7.87,454,5.82
2026-09-11T11:31:59.423,1789106519.4233,5061,-428,-5.49,454,5.82
2026-09-11T11:31:59.428,1789106519.4283,5062,-78,-1.0,536,6.87
2026-09-11T11:31:59.431,1789106519.4313,5063,-233,-2.99,536,6.87
2026-09-11T11:31:59.435,1789106519.4354,5064,-377,-4.83,350,4.49
2026-09-11T11:31:59.440,1789106519.4404,5065,-231,-2.96,299,3.83
2026-09-11T11:31:59.446,1789106519.4468,5066,-62,-0.79,315,4.04
2026-09-11T11:31:59.448,1789106519.4488,5067,-98,-1.26,315,4.04
2026-09-11T11:31:59.451,1789106519.4518,5068,-157,-2.01,169,2.17
2026-09-11T11:31:59.463,1789106519.4631,5069,-89,-1.14,95,1.22
2026-09-11T11:31:59.465,1789106519.4651,5070,-24,-0.31,133,1.71
2026-09-11T11:31:59.471,1789106519.4711,5071,-96,-1.23,133,1.71
2026-09-11T11:31:59.473,1789106519.4732,5072,-152,-1.95,128,1.64
2026-09-11T11:31:59.481,1789106519.4814,5073,-107,-1.37,128,1.64
2026-09-11T11:31:59.482,1789106519.4825,5074,-3,-0.04,149,1.91
2026-09-11T11:31:59.489,1789106519.4895,5075,-127,-1.63,149,1.91
2026-09-11T11:31:59.495,1789106519.4957,5076,-182,-2.33,179,2.29
2026-09-11T11:31:59.497,1789106519.4977,5077,-94,-1.21,179,2.29
2026-09-11T11:31:59.509,1789106519.5094,5078,71,0.91,253,3.24
2026-09-11T11:31:59.515,1789106519.5155,5079,-9,-0.12,253,3.24
2026-09-11T11:31:59.516,1789106519.5165,5080,-221,-2.83,292,3.74
2026-09-11T11:31:59.521,1789106519.5218,5081,-84,-1.08,292,3.74
2026-09-11T11:31:59.523,1789106519.5238,5082,117,1.5,338,4.33
2026-09-11T11:31:59.530,1789106519.5308,5083,116,1.49,338,4.33
2026-09-11T11:31:59.531,1789106519.5318,5084,-32,-0.41,201,2.58
2026-09-11T11:31:59.536,1789106519.5370,5085,80,1.03,149,1.91
2026-09-11T11:31:59.544,1789106519.5442,5086,248,3.18,280,3.59
2026-09-11T11:31:59.551,1789106519.5517,5087,195,2.5,280,3.59
2026-09-11T11:31:59.554,1789106519.5549,5088,106,1.36,168,2.15
2026-09-11T11:31:59.565,1789106519.5660,5089,205,2.63,142,1.82
2026-09-11T11:31:59.568,1789106519.5690,5090,332,4.26,226,2.9
2026-09-11T11:31:59.573,1789106519.5731,5091,315,4.04,226,2.9
2026-09-11T11:31:59.577,1789106519.5772,5092,154,1.97,178,2.28
2026-09-11T11:31:59.580,1789106519.5802,5093,313,4.01,178,2.28
2026-09-11T11:31:59.583,1789106519.5833,5094,492,6.31,338,4.33
2026-09-11T11:31:59.591,1789106519.5913,5095,290,3.72,338,4.33
2026-09-11T11:31:59.596,1789106519.5966,5096,-47,-0.6,539,6.91
2026-09-11T11:31:59.598,1789106519.5986,5097,320,4.1,539,6.91
2026-09-11T11:31:59.604,1789106519.6048,5098,463,5.94,510,6.54
2026-09-11T11:31:59.613,1789106519.6134,5099,213,2.73,510,6.54
2026-09-11T11:31:59.615,1789106519.6154,5100,-107,-1.37,570,7.31
2026-09-11T11:31:59.617,1789106519.6174,5101,45,0.58,570,7.31
2026-09-11T11:31:59.624,1789106519.6246,5102,395,5.06,502,6.44
2026-09-11T11:31:59.627,1789106519.6276,5103,142,1.82,502,6.44
2026-09-11T11:31:59.634,1789106519.6346,5104,-163,-2.09,558,7.15
2026-09-11T11:31:59.637,1789106519.6377,5105,26,0.33,558,7.15
2026-09-11T11:31:59.645,1789106519.6457,5106,349,4.47,512,6.56
2026-09-11T11:31:59.650,1789106519.6507,5107,71,0.91,512,6.56
2026-09-11T11:31:59.652,1789106519.6529,5108,-189,-2.42,538,6.9
2026-09-11T11:31:59.663,1789106519.6630,5109,0,0.0,538,6.9
2026-09-11T11:31:59.664,1789106519.6640,5110,312,4.0,501,6.42
2026-09-11T11:31:59.670,1789106519.6705,5111,-15,-0.19,501,6.42
2026-09-11T11:31:59.673,1789106519.6737,5112,-239,-3.06,551,7.06
2026-09-11T11:31:59.678,1789106519.6785,5113,14,0.18,551,7.06
2026-09-11T11:31:59.685,1789106519.6857,5114,306,3.92,545,6.99
2026-09-11T11:31:59.687,1789106519.6877,5115,-84,-1.08,545,6.99
2026-09-11T11:31:59.692,1789106519.6930,5116,-231,-2.96,537,6.88
2026-09-11T11:31:59.703,1789106519.7033,5117,-7,-0.09,537,6.88
2026-09-11T11:31:59.706,1789106519.7063,5118,301,3.86,532,6.82
2026-09-11T11:31:59.717,1789106519.7179,5119,188,2.41,532,6.82
2026-09-11T11:31:59.718,1789106519.7189,5120,-228,-2.92,529,6.78
2026-09-11T11:31:59.720,1789106519.7209,5121,-3,-0.04,529,6.78
2026-09-11T11:31:59.724,1789106519.7240,5122,297,3.81,525,6.73
2026-09-11T11:31:59.730,1789106519.7300,5123,160,2.05,525,6.73
2026-09-11T11:31:59.733,1789106519.7330,5124,-240,-3.08,537,6.88
2026-09-11T11:31:59.739,1789106519.7390,5125,-23,-0.29,537,6.88
2026-09-11T11:31:59.749,1789106519.7490,5126,289,3.71,529,6.78
2026-09-11T11:31:59.751,1789106519.7510,5127,116,1.49,529,6.78
2026-09-11T11:31:59.755,1789106519.7550,5128,-244,-3.13,533,6.83
2026-09-11T11:31:59.764,1789106519.7642,5129,13,0.17,533,6.83
2026-09-11T11:31:59.765,1789106519.7652,5130,289,3.71,533,6.83
2026-09-11T11:31:59.770,1789106519.7702,5131,88,1.13,533,6.83
2026-09-11T11:31:59.772,1789106519.7724,5132,-280,-3.59,569,7.29
2026-09-11T11:31:59.780,1789106519.7804,5133,50,0.64,569,7.29
2026-09-11T11:31:59.781,1789106519.7814,5134,269,3.45,549,7.04
2026-09-11T11:31:59.788,1789106519.7886,5135,44,0.56,549,7.04
2026-09-11T11:31:59.794,1789106519.7948,5136,-300,-3.85,569,7.29
2026-09-11T11:31:59.796,1789106519.7968,5137,90,1.15,569,7.29
2026-09-11T11:31:59.805,1789106519.8051,5138,242,3.1,542,6.95
2026-09-11T11:31:59.815,1789106519.8158,5139,29,0.37,542,6.95
2026-09-11T11:31:59.819,1789106519.8198,5140,-311,-3.99,553,7.09
2026-09-11T11:31:59.820,1789106519.8208,5141,-158,-2.03,553,7.09
2026-09-11T11:31:59.826,1789106519.8269,5142,242,3.1,553,7.09
2026-09-11T11:31:59.830,1789106519.8309,5143,-7,-0.09,553,7.09
2026-09-11T11:31:59.835,1789106519.8351,5144,-331,-4.24,573,7.35
2026-09-11T11:31:59.840,1789106519.8401,5145,-134,-1.72,573,7.35
2026-09-11T11:31:59.843,1789106519.8432,5146,210,2.69,541,6.94
2026-09-11T11:31:59.848,1789106519.8482,5147,-42,-0.54,541,6.94
2026-09-11T11:31:59.858,1789106519.8584,5148,-330,-4.23,540,6.92
2026-09-11T11:31:59.865,1789106519.8656,5149,-121,-1.55,540,6.92
2026-09-11T11:31:59.867,1789106519.8676,5150,196,2.51,526,6.74
2026-09-11T11:31:59.871,1789106519.8718,5151,-74,-0.95,526,6.74
2026-09-11T11:31:59.873,1789106519.8738,5152,-310,-3.97,506,6.49
2026-09-11T11:31:59.881,1789106519.8819,5153,-69,-0.88,506,6.49
2026-09-11T11:31:59.885,1789106519.8859,5154,228,2.92,538,6.9
2026-09-11T11:31:59.887,1789106519.8879,5155,-130,-1.67,538,6.9
2026-09-11T11:31:59.895,1789106519.8951,5156,-297,-3.81,525,6.73
2026-09-11T11:31:59.897,1789106519.8971,5157,-64,-0.82,525,6.73
2026-09-11T11:31:59.905,1789106519.9054,5158,252,3.23,549,7.04
2026-09-11T11:31:59.915,1789106519.9150,5159,155,1.99,549,7.04
2026-09-11T11:31:59.917,1789106519.9170,5160,-289,-3.71,541,6.94
2026-09-11T11:31:59.921,1789106519.9210,5161,-52,-0.67,541,6.94
2026-09-11T11:31:59.925,1789106519.9252,5162,240,3.08,529,6.78
2026-09-11T11:31:59.930,1789106519.9302,5163,127,1.63,529,6.78
2026-09-11T11:31:59.933,1789106519.9334,5164,-256,-3.28,496,6.36
2026-09-11T11:31:59.941,1789106519.9414,5165,-47,-0.6,496,6.36
2026-09-11T11:31:59.943,1789106519.9436,5166,269,3.45,525,6.73
2026-09-11T11:31:59.949,1789106519.9496,5167,108,1.38,525,6.73
2026-09-11T11:31:59.954,1789106519.9548,5168,-244,-3.13,513,6.58
2026-09-11T11:31:59.967,1789106519.9680,5169,-19,-0.24,513,6.58
2026-09-11T11:31:59.971,1789106519.9714,5170,274,3.51,518,6.64
2026-09-11T11:31:59.972,1789106519.9724,5171,96,1.23,518,6.64
2026-09-11T11:31:59.974,1789106519.9744,5172,-276,-3.54,550,7.05
2026-09-11T11:31:59.977,1789106519.9774,5173,22,0.28,550,7.05
2026-09-11T11:31:59.983,1789106519.9836,5174,274,3.51,550,7.05
2026-09-11T11:31:59.990,1789106519.9906,5175,69,0.88,550,7.05
2026-09-11T11:31:59.992,1789106519.9928,5176,-287,-3.68,561,7.19
2026-09-11T11:31:59.997,1789106519.9978,5177,74,0.95,561,7.19
2026-09-11T11:32:00.011,1789106520.0116,5178,274,3.51,561,7.19
2026-09-11T11:32:00.017,1789106520.0178,5179,41,0.53,561,7.19
2026-09-11T11:32:00.021,1789106520.0219,5180,-283,-3.63,557,7.14
2026-09-11T11:32:00.022,1789106520.0229,5181,-154,-1.97,557,7.14
2026-09-11T11:32:00.023,1789106520.0239,5182,258,3.31,541,6.94
2026-09-11T11:32:00.030,1789106520.0309,5183,29,0.37,541,6.94
2026-09-11T11:32:00.037,1789106520.0379,5184,-307,-3.94,565,7.24
2026-09-11T11:32:00.039,1789106520.0400,5185,-134,-1.72,565,7.24
2026-09-11T11:32:00.045,1789106520.0452,5186,242,3.1,549,7.04
2026-09-11T11:32:00.050,1789106520.0502,5187,-19,-0.24,549,7.04
2026-09-11T11:32:00.055,1789106520.0554,5188,-303,-3.88,545,6.99
2026-09-11T11:32:00.063,1789106520.0635,5189,-114,-1.46,545,6.99
2026-09-11T11:32:00.064,1789106520.0645,5190,199,2.55,502,6.44
2026-09-11T11:32:00.071,1789106520.0717,5191,-47,-0.6,502,6.44
2026-09-11T11:32:00.073,1789106520.0737,5192,-307,-3.94,506,6.49
2026-09-11T11:32:00.080,1789106520.0807,5193,-85,-1.09,506,6.49
2026-09-11T11:32:00.082,1789106520.0828,5194,215,2.76,522,6.69
2026-09-11T11:32:00.090,1789106520.0908,5195,-95,-1.22,522,6.69
2026-09-11T11:32:00.096,1789106520.0969,5196,-302,-3.87,517,6.63
2026-09-11T11:32:00.098,1789106520.0989,5197,-65,-0.83,517,6.63
2026-09-11T11:32:00.105,1789106520.1051,5198,247,3.17,549,7.04
2026-09-11T11:32:00.114,1789106520.1146,5199,166,2.13,549,7.04
2026-09-11T11:32:00.122,1789106520.1228,5200,-290,-3.72,537,6.88
2026-09-11T11:32:00.125,1789106520.1258,5201,-49,-0.63,537,6.88
2026-09-11T11:32:00.128,1789106520.1288,5202,271,3.47,561,7.19
2026-09-11T11:32:00.129,1789106520.1298,5203,162,2.08,561,7.19
2026-09-11T11:32:00.135,1789106520.1360,5204,-258,-3.31,529,6.78
2026-09-11T11:32:00.138,1789106520.1390,5205,-29,-0.37,529,6.78
2026-09-11T11:32:00.142,1789106520.1421,5206,280,3.59,538,6.9
2026-09-11T11:32:00.150,1789106520.1506,5207,134,1.72,538,6.9
2026-09-11T11:32:00.152,1789106520.1528,5208,-218,-2.79,498,6.38
2026-09-11T11:32:00.160,1789106520.1606,5209,-8,-0.1,498,6.38
2026-09-11T11:32:00.169,1789106520.1697,5210,288,3.69,506,6.49
2026-09-11T11:32:00.173,1789106520.1740,5211,135,1.73,506,6.49
2026-09-11T11:32:00.178,1789106520.1790,5212,-250,-3.21,538,6.9
2026-09-11T11:32:00.180,1789106520.1810,5213,32,0.41,538,6.9
2026-09-11T11:32:00.185,1789106520.1852,5214,284,3.64,534,6.85
2026-09-11T11:32:00.191,1789106520.1916,5215,95,1.22,534,6.85
2026-09-11T11:32:00.194,1789106520.1946,5216,-266,-3.41,550,7.05
2026-09-11T11:32:00.201,1789106520.2016,5217,56,0.72,550,7.05
2026-09-11T11:32:00.206,1789106520.2067,5218,292,3.74,558,7.15
2026-09-11T11:32:00.215,1789106520.2154,5219,83,1.06,558,7.15
2026-09-11T11:32:00.216,1789106520.2164,5220,-278,-3.56,570,7.31
2026-09-11T11:32:00.221,1789106520.2214,5221,-153,-1.96,570,7.31
2026-09-11T11:32:00.223,1789106520.2236,5222,276,3.54,554,7.1
2026-09-11T11:32:00.228,1789106520.2286,5223,30,0.38,554,7.1
2026-09-11T11:32:00.236,1789106520.2367,5224,-286,-3.67,562,7.21
2026-09-11T11:32:00.237,1789106520.2377,5225,-129,-1.65,562,7.21
2026-09-11T11:32:00.246,1789106520.2460,5226,259,3.32,545,6.99
2026-09-11T11:32:00.247,1789106520.2470,5227,18,0.23,545,6.99
2026-09-11T11:32:00.252,1789106520.2529,5228,-294,-3.77,553,7.09
2026-09-11T11:32:00.264,1789106520.2641,5229,-93,-1.19,553,7.09
2026-09-11T11:32:00.266,1789106520.2661,5230,188,2.41,482,6.18
2026-09-11T11:32:00.276,1789106520.2763,5231,-26,-0.33,482,6.18
2026-09-11T11:32:00.279,1789106520.2793,5232,-282,-3.62,470,6.03
2026-09-11T11:32:00.282,1789106520.2820,5233,-89,-1.14,470,6.03
2026-09-11T11:32:00.283,1789106520.2830,5234,232,2.97,514,6.59
2026-09-11T11:32:00.288,1789106520.2884,5235,-58,-0.74,514,6.59
2026-09-11T11:32:00.292,1789106520.2926,5236,-282,-3.62,514,6.59
2026-09-11T11:32:00.299,1789106520.2996,5237,-61,-0.78,514,6.59
2026-09-11T11:32:00.303,1789106520.3038,5238,251,3.22,533,6.83
2026-09-11T11:32:00.310,1789106520.3103,5239,198,2.54,533,6.83
2026-09-11T11:32:00.322,1789106520.3229,5240,-282,-3.62,533,6.83
2026-09-11T11:32:00.326,1789106520.3269,5241,-57,-0.73,533,6.83
2026-09-11T11:32:00.332,1789106520.3321,5242,271,3.47,553,7.09
2026-09-11T11:32:00.334,1789106520.3341,5243,174,2.23,553,7.09
2026-09-11T11:32:00.340,1789106520.3401,5244,-254,-3.26,525,6.73
2026-09-11T11:32:00.343,1789106520.3433,5245,-33,-0.42,525,6.73
2026-09-11T11:32:00.347,1789106520.3473,5246,279,3.58,533,6.83
2026-09-11T11:32:00.350,1789106520.3505,5247,146,1.87,533,6.83
2026-09-11T11:32:00.353,1789106520.3537,5248,-194,-2.49,473,6.06
2026-09-11T11:32:00.365,1789106520.3659,5249,-1,-0.01,473,6.06
2026-09-11T11:32:00.366,1789106520.3669,5250,295,3.78,489,6.27
2026-09-11T11:32:00.369,1789106520.3699,5251,134,1.72,489,6.27
2026-09-11T11:32:00.373,1789106520.3740,5252,-218,-2.79,513,6.58
2026-09-11T11:32:00.379,1789106520.3800,5253,23,0.29,513,6.58
2026-09-11T11:32:00.386,1789106520.3862,5254,287,3.68,505,6.47
2026-09-11T11:32:00.390,1789106520.3902,5255,114,1.46,505,6.47
2026-09-11T11:32:00.395,1789106520.3954,5256,-242,-3.1,529,6.78
2026-09-11T11:32:00.400,1789106520.4004,5257,47,0.6,529,6.78
2026-09-11T11:32:00.402,1789106520.4025,5258,283,3.63,525,6.73
2026-09-11T11:32:00.414,1789106520.4147,5259,90,1.15,525,6.73
2026-09-11T11:32:00.417,1789106520.4177,5260,-270,-3.46,553,7.09
2026-09-11T11:32:00.422,1789106520.4226,5261,-165,-2.12,553,7.09
2026-09-11T11:32:00.425,1789106520.4256,5262,283,3.63,553,7.09
2026-09-11T11:32:00.436,1789106520.4362,5263,54,0.69,553,7.09
2026-09-11T11:32:00.442,1789106520.4423,5264,-278,-3.56,561,7.19
2026-09-11T11:32:00.443,1789106520.4439,5265,-137,-1.76,561,7.19
2026-09-11T11:32:00.446,1789106520.4461,5266,275,3.53,553,7.09
2026-09-11T11:32:00.450,1789106520.4501,5267,42,0.54,553,7.09
2026-09-11T11:32:00.455,1789106520.4553,5268,-266,-3.41,541,6.94
2026-09-11T11:32:00.467,1789106520.4674,5269,-109,-1.4,541,6.94
2026-09-11T11:32:00.470,1789106520.4704,5270,199,2.55,465,5.96
2026-09-11T11:32:00.472,1789106520.4726,5271,-3,-0.04,465,5.96
2026-09-11T11:32:00.476,1789106520.4766,5272,-283,-3.63,482,6.18
2026-09-11T11:32:00.476,1789106520.4766,5273,-94,-1.21,482,6.18
2026-09-11T11:32:00.482,1789106520.4828,5274,219,2.81,502,6.44
2026-09-11T11:32:00.489,1789106520.4898,5275,-31,-0.4,502,6.44
2026-09-11T11:32:00.492,1789106520.4928,5276,-279,-3.58,498,6.38
2026-09-11T11:32:00.499,1789106520.4998,5277,-62,-0.79,498,6.38
2026-09-11T11:32:00.509,1789106520.5090,5278,234,3.0,513,6.58
2026-09-11T11:32:00.515,1789106520.5158,5279,213,2.73,513,6.58
2026-09-11T11:32:00.518,1789106520.5188,5280,-279,-3.58,513,6.58
2026-09-11T11:32:00.521,1789106520.5219,5281,-22,-0.28,513,6.58
2026-09-11T11:32:00.526,1789106520.5269,5282,290,3.72,569,7.29
2026-09-11T11:32:00.527,1789106520.5279,5283,193,2.47,569,7.29
2026-09-11T11:32:00.535,1789106520.5351,5284,-579,-7.42,869,11.14
2026-09-11T11:32:00.538,1789106520.5381,5285,-761,-9.76,1051,13.47
2026-09-11T11:32:00.544,1789106520.5444,5286,-1118,-14.33,1311,16.81
2026-09-11T11:32:00.547,1789106520.5474,5287,-930,-11.92,539,6.91
2026-09-11T11:32:00.553,1789106520.5535,5288,-398,-5.1,720,9.23
2026-09-11T11:32:00.565,1789106520.5657,5289,-512,-6.56,720,9.23
2026-09-11T11:32:00.568,1789106520.5689,5290,-1034,-13.26,636,8.15
2026-09-11T11:32:00.570,1789106520.5709,5291,-770,-9.87,636,8.15
2026-09-11T11:32:00.577,1789106520.5771,5292,-11,-0.14,1023,13.12
2026-09-11T11:32:00.578,1789106520.5781,5293,-371,-4.76,1023,13.12
2026-09-11T11:32:00.585,1789106520.5853,5294,-921,-11.81,910,11.67
2026-09-11T11:32:00.597,1789106520.5974,5295,-574,-7.36,910,11.67
2026-09-11T11:32:00.599,1789106520.5994,5296,196,2.51,1117,14.32
2026-09-11T11:32:00.601,1789106520.6016,5297,-313,-4.01,1117,14.32
2026-09-11T11:32:00.605,1789106520.6053,5298,-816,-10.46,1012,12.97
2026-09-11T11:32:00.615,1789106520.6159,5299,-416,-5.33,1012,12.97
2026-09-11T11:32:00.617,1789106520.6179,5300,313,4.01,1129,14.47
2026-09-11T11:32:00.620,1789106520.6209,5301,176,2.26,1129,14.47
2026-09-11T11:32:00.623,1789106520.6231,5302,-708,-9.08,1021,13.09
2026-09-11T11:32:00.628,1789106520.6281,5303,-293,-3.76,1021,13.09
2026-09-11T11:32:00.632,1789106520.6323,5304,344,4.41,1052,13.49
2026-09-11T11:32:00.645,1789106520.6455,5305,107,1.37,1052,13.49
2026-09-11T11:32:00.650,1789106520.6505,5306,-556,-7.13,900,11.54
2026-09-11T11:32:00.652,1789106520.6527,5307,-194,-2.49,900,11.54
2026-09-11T11:32:00.656,1789106520.6567,5308,123,1.58,679,8.71
2026-09-11T11:32:00.662,1789106520.6629,5309,-90,-1.15,679,8.71
2026-09-11T11:32:00.670,1789106520.6701,5310,-305,-3.91,428,5.49
2026-09-11T11:32:00.674,1789106520.6742,5311,-231,-2.96,428,5.49
2026-09-11T11:32:00.679,1789106520.6792,5312,-258,-3.31,215,2.76
2026-09-11T11:32:00.683,1789106520.6831,5313,-369,-4.73,138,1.77
2026-09-11T11:32:00.687,1789106520.6871,5314,-368,-4.72,138,1.77
2026-09-11T11:32:00.694,1789106520.6943,5315,-361,-4.63,111,1.42
2026-09-11T11:32:00.695,1789106520.6953,5316,-443,-5.68,82,1.05
2026-09-11T11:32:00.696,1789106520.6963,5317,-390,-5.0,82,1.05
2026-09-11T11:32:00.703,1789106520.7034,5318,-212,-2.72,231,2.96
2026-09-11T11:32:00.715,1789106520.7151,5319,-171,-2.19,272,3.49
2026-09-11T11:32:00.716,1789106520.7161,5320,-513,-6.58,342,4.38
2026-09-11T11:32:00.722,1789106520.7223,5321,-303,-3.88,342,4.38
2026-09-11T11:32:00.726,1789106520.7263,5322,-6,-0.08,507,6.5
2026-09-11T11:32:00.728,1789106520.7283,5323,-18,-0.23,507,6.5
2026-09-11T11:32:00.734,1789106520.7345,5324,-421,-5.4,415,5.32
2026-09-11T11:32:00.741,1789106520.7417,5325,-179,-2.29,415,5.32
2026-09-11T11:32:00.743,1789106520.7437,5326,153,1.96,574,7.36
2026-09-11T11:32:00.749,1789106520.7497,5327,89,1.14,574,7.36
2026-09-11T11:32:00.756,1789106520.7568,5328,-208,-2.67,361,4.63
2026-09-11T11:32:00.768,1789106520.7680,5329,-22,-0.28,361,4.63
2026-09-11T11:32:00.771,1789106520.7710,5330,302,3.87,510,6.54
2026-09-11T11:32:00.773,1789106520.7732,5331,201,2.58,510,6.54
2026-09-11T11:32:00.774,1789106520.7742,5332,-139,-1.78,441,5.65
2026-09-11T11:32:00.779,1789106520.7792,5333,74,0.95,441,5.65
2026-09-11T11:32:00.786,1789106520.7864,5334,381,4.88,520,6.67
2026-09-11T11:32:00.788,1789106520.7884,5335,220,2.82,520,6.67
2026-09-11T11:32:00.794,1789106520.7946,5336,-133,-1.71,514,6.59
2026-09-11T11:32:00.798,1789106520.7986,5337,140,1.79,514,6.59
2026-09-11T11:32:00.800,1789106520.8006,5338,419,5.37,552,7.08
2026-09-11T11:32:00.814,1789106520.8145,5339,226,2.9,552,7.08
2026-09-11T11:32:00.818,1789106520.8184,5340,-135,-1.73,554,7.1
2026-09-11T11:32:00.822,1789106520.8226,5341,-55,-0.71,554,7.1
2026-09-11T11:32:00.823,1789106520.8236,5342,421,5.4,556,7.13
2026-09-11T11:32:00.832,1789106520.8328,5343,199,2.55,556,7.13
2026-09-11T11:32:00.836,1789106520.8366,5344,-153,-1.96,574,7.36
2026-09-11T11:32:00.840,1789106520.8404,5345,-49,-0.63,574,7.36
2026-09-11T11:32:00.846,1789106520.8468,5346,426,5.46,579,7.42
2026-09-11T11:32:00.848,1789106520.8488,5347,185,2.37,579,7.42
2026-09-11T11:32:00.855,1789106520.8559,5348,-144,-1.85,570,7.31
2026-09-11T11:32:00.864,1789106520.8641,5349,-3,-0.04,570,7.31
2026-09-11T11:32:00.865,1789106520.8651,5350,277,3.55,421,5.4
2026-09-11T11:32:00.873,1789106520.8732,5351,150,1.92,421,5.4
2026-09-11T11:32:00.875,1789106520.8752,5352,-163,-2.09,440,5.64
2026-09-11T11:32:00.881,1789106520.8816,5353,18,0.23,440,5.64
2026-09-11T11:32:00.883,1789106520.8836,5354,322,4.13,485,6.22
2026-09-11T11:32:00.892,1789106520.8927,5355,131,1.68,485,6.22
2026-09-11T11:32:00.893,1789106520.8937,5356,-157,-2.01,479,6.14
2026-09-11T11:32:00.899,1789106520.8997,5357,47,0.6,479,6.14
2026-09-11T11:32:00.905,1789106520.9059,5358,367,4.71,524,6.72
2026-09-11T11:32:00.912,1789106520.9126,5359,394,5.05,551,7.06
2026-09-11T11:32:00.916,1789106520.9166,5360,-124,-1.59,518,6.64
2026-09-11T11:32:00.925,1789106520.9258,5361,112,1.44,518,6.64
2026-09-11T11:32:00.929,1789106520.9298,5362,428,5.49,552,7.08
2026-09-11T11:32:00.931,1789106520.9319,5363,394,5.05,552,7.08
2026-09-11T11:32:00.933,1789106520.9339,5364,-88,-1.13,516,6.62
2026-09-11T11:32:00.940,1789106520.9409,5365,144,1.85,516,6.62
2026-09-11T11:32:00.945,1789106520.9451,5366,460,5.9,548,7.03
2026-09-11T11:32:00.950,1789106520.9501,5367,382,4.9,548,7.03
2026-09-11T11:32:00.954,1789106520.9543,5368,41,0.53,419,5.37
2026-09-11T11:32:00.959,1789106520.9593,5369,149,1.91,419,5.37
2026-09-11T11:32:00.969,1789106520.9695,5370,448,5.74,407,5.22
2026-09-11T11:32:00.973,1789106520.9737,5371,342,4.38,407,5.22
2026-09-11T11:32:00.977,1789106520.9776,5372,-7,-0.09,455,5.83
2026-09-11T11:32:00.981,1789106520.9818,5373,165,2.12,455,5.83
2026-09-11T11:32:00.983,1789106520.9838,5374,469,6.01,476,6.1
2026-09-11T11:32:00.987,1789106520.9878,5375,327,4.19,476,6.1
2026-09-11T11:32:00.994,1789106520.9950,5376,-50,-0.64,519,6.65
2026-09-11T11:32:01.001,1789106521.0014,5377,202,2.59,519,6.65
2026-09-11T11:32:01.006,1789106521.0065,5378,529,6.78,579,7.42
2026-09-11T11:32:01.015,1789106521.0156,5379,331,4.24,579,7.42
2026-09-11T11:32:01.016,1789106521.0166,5380,-22,-0.28,551,7.06
2026-09-11T11:32:01.020,1789106521.0206,5381,26,0.33,551,7.06
2026-09-11T11:32:01.023,1789106521.0238,5382,553,7.09,575,7.37
2026-09-11T11:32:01.028,1789106521.0288,5383,335,4.29,575,7.37
2026-09-11T11:32:01.034,1789106521.0350,5384,5,0.06,548,7.03
2026-09-11T11:32:01.036,1789106521.0370,5385,125,1.6,548,7.03
2026-09-11T11:32:01.043,1789106521.0432,5386,651,8.35,646,8.28
2026-09-11T11:32:01.051,1789106521.0512,5387,437,5.6,646,8.28
2026-09-11T11:32:01.053,1789106521.0533,5388,99,1.27,552,7.08
2026-09-11T11:32:01.064,1789106521.0644,5389,195,2.5,552,7.08
2026-09-11T11:32:01.067,1789106521.0674,5390,446,5.72,347,4.45
2026-09-11T11:32:01.070,1789106521.0704,5391,334,4.28,347,4.45
2026-09-11T11:32:01.072,1789106521.0726,5392,-4,-0.05,450,5.77
2026-09-11T11:32:01.082,1789106521.0828,5393,140,1.79,450,5.77
2026-09-11T11:32:01.085,1789106521.0858,5394,420,5.38,424,5.44
2026-09-11T11:32:01.088,1789106521.0888,5395,240,3.08,424,5.44
2026-09-11T11:32:01.094,1789106521.0950,5396,-81,-1.04,501,6.42
2026-09-11T11:32:01.096,1789106521.0970,5397,96,1.23,501,6.42
2026-09-11T11:32:01.103,1789106521.1032,5398,391,5.01,472,6.05
2026-09-11T11:32:01.112,1789106521.1129,5399,430,5.51,511,6.55
2026-09-11T11:32:01.113,1789106521.1139,5400,-124,-1.59,554,7.1
2026-09-11T11:32:01.125,1789106521.1251,5401,92,1.18,554,7.1
2026-09-11T11:32:01.129,1789106521.1291,5402,384,4.92,554,7.1
2026-09-11T11:32:01.132,1789106521.1322,5403,366,4.69,508,6.51
2026-09-11T11:32:01.137,1789106521.1372,5404,-151,-1.94,535,6.86
2026-09-11T11:32:01.139,1789106521.1392,5405,81,1.04,535,6.86
2026-09-11T11:32:01.148,1789106521.1484,5406,389,4.99,540,6.92
2026-09-11T11:32:01.149,1789106521.1494,5407,315,4.04,540,6.92
2026-09-11T11:32:01.154,1789106521.1548,5408,-6,-0.08,395,5.06
2026-09-11T11:32:01.165,1789106521.1650,5409,75,0.96,395,5.06
2026-09-11T11:32:01.170,1789106521.1700,5410,370,4.74,376,4.82
2026-09-11T11:32:01.173,1789106521.1732,5411,277,3.55,376,4.82
2026-09-11T11:32:01.176,1789106521.1762,5412,-64,-0.82,434,5.56
2026-09-11T11:32:01.179,1789106521.1792,5413,65,0.83,434,5.56
2026-09-11T11:32:01.185,1789106521.1855,5414,380,4.87,444,5.69
2026-09-11T11:32:01.194,1789106521.1941,5415,247,3.17,444,5.69
2026-09-11T11:32:01.196,1789106521.1961,5416,-114,-1.46,494,6.33
2026-09-11T11:32:01.198,1789106521.1981,5417,79,1.01,494,6.33
2026-09-11T11:32:01.205,1789106521.2054,5418,383,4.91,497,6.37
2026-09-11T11:32:01.213,1789106521.2130,5419,229,2.94,497,6.37
2026-09-11T11:32:01.214,1789106521.2140,5420,-136,-1.74,519,6.65
2026-09-11T11:32:01.218,1789106521.2180,5421,-115,-1.47,519,6.65
2026-09-11T11:32:01.225,1789106521.2254,5422,385,4.94,521,6.68
2026-09-11T11:32:01.227,1789106521.2273,5423,183,2.35,521,6.68
2026-09-11T11:32:01.240,1789106521.2407,5424,-169,-2.17,554,7.1
2026-09-11T11:32:01.242,1789106521.2424,5425,-109,-1.4,554,7.1
2026-09-11T11:32:01.244,1789106521.2440,5426,383,4.91,552,7.08
2026-09-11T11:32:01.250,1789106521.2501,5427,150,1.92,552,7.08
2026-09-11T11:32:01.253,1789106521.2534,5428,-191,-2.45,574,7.36
2026-09-11T11:32:01.262,1789106521.2626,5429,-78,-1.0,574,7.36
2026-09-11T11:32:01.265,1789106521.2656,5430,178,2.28,369,4.73
2026-09-11T11:32:01.268,1789106521.2686,5431,132,1.69,369,4.73
2026-09-11T11:32:01.271,1789106521.2718,5432,-189,-2.42,367,4.71
2026-09-11T11:32:01.283,1789106521.2830,5433,-56,-0.72,367,4.71
2026-09-11T11:32:01.286,1789106521.2860,5434,212,2.72,401,5.14
2026-09-11T11:32:01.289,1789106521.2890,5435,86,1.1,401,5.14
2026-09-11T11:32:01.294,1789106521.2942,5436,-238,-3.05,450,5.77
2026-09-11T11:32:01.297,1789106521.2972,5437,-45,-0.58,450,5.77
2026-09-11T11:32:01.306,1789106521.3064,5438,243,3.12,481,6.17
2026-09-11T11:32:01.314,1789106521.3141,5439,310,3.97,548,7.03
2026-09-11T11:32:01.318,1789106521.3181,5440,-223,-2.86,533,6.83
2026-09-11T11:32:01.320,1789106521.3201,5441,-23,-0.29,533,6.83
2026-09-11T11:32:01.326,1789106521.3263,5442,274,3.51,533,6.83
2026-09-11T11:32:01.331,1789106521.3313,5443,285,3.65,508,6.51
2026-09-11T11:32:01.334,1789106521.3344,5444,-241,-3.09,526,6.74
2026-09-11T11:32:01.339,1789106521.3394,5445,-8,-0.1,526,6.74
2026-09-11T11:32:01.344,1789106521.3446,5446,300,3.85,541,6.94
2026-09-11T11:32:01.347,1789106521.3476,5447,259,3.32,541,6.94
2026-09-11T11:32:01.353,1789106521.3538,5448,-42,-0.54,342,4.38
2026-09-11T11:32:01.363,1789106521.3638,5449,-1,-0.01,342,4.38
2026-09-11T11:32:01.364,1789106521.3648,5450,311,3.99,353,4.53
2026-09-11T11:32:01.367,1789106521.3678,5451,226,2.9,353,4.53
2026-09-11T11:32:01.377,1789106521.3771,5452,-95,-1.22,406,5.21
2026-09-11T11:32:01.380,1789106521.3801,5453,14,0.18,406,5.21
2026-09-11T11:32:01.383,1789106521.3832,5454,318,4.08,413,5.29
2026-09-11T11:32:01.392,1789106521.3925,5455,193,2.47,413,5.29
2026-09-11T11:32:01.394,1789106521.3945,5456,-156,-2.0,474,6.08
2026-09-11T11:32:01.398,1789106521.3985,5457,30,0.38,474,6.08
2026-09-11T11:32:01.405,1789106521.4057,5458,326,4.18,482,6.18
2026-09-11T11:32:01.413,1789106521.4133,5459,168,2.15,482,6.18
2026-09-11T11:32:01.415,1789106521.4153,5460,-184,-2.36,510,6.54
2026-09-11T11:32:01.421,1789106521.4217,5461,-180,-2.31,510,6.54
2026-09-11T11:32:01.422,1789106521.4227,5462,329,4.22,513,6.58
2026-09-11T11:32:01.426,1789106521.4267,5463,132,1.69,513,6.58
2026-09-11T11:32:01.437,1789106521.4379,5464,-225,-2.88,554,7.1
2026-09-11T11:32:01.442,1789106521.4421,5465,-160,-2.05,554,7.1
2026-09-11T11:32:01.449,1789106521.4491,5466,340,4.36,565,7.24
2026-09-11T11:32:01.450,1789106521.4501,5467,119,1.53,565,7.24
2026-09-11T11:32:01.452,1789106521.4522,5468,-237,-3.04,577,7.4
2026-09-11T11:32:01.466,1789106521.4663,5469,-145,-1.86,577,7.4
2026-09-11T11:32:01.470,1789106521.4703,5470,116,1.49,356,4.56
2026-09-11T11:32:01.471,1789106521.4713,5471,90,1.15,353,4.53
2026-09-11T11:32:01.475,1789106521.4754,5472,-262,-3.36,378,4.85
2026-09-11T11:32:01.483,1789106521.4836,5473,-113,-1.45,378,4.85
2026-09-11T11:32:01.487,1789106521.4872,5474,167,2.14,429,5.5
2026-09-11T11:32:01.489,1789106521.4892,5475,66,0.85,429,5.5
2026-09-11T11:32:01.494,1789106521.4944,5476,-259,-3.32,426,5.46
2026-09-11T11:32:01.496,1789106521.4964,5477,-78,-1.0,426,5.46
2026-09-11T11:32:01.505,1789106521.5056,5478,203,2.6,462,5.92
2026-09-11T11:32:01.516,1789106521.5161,5479,294,3.77,553,7.09
2026-09-11T11:32:01.519,1789106521.5191,5480,-271,-3.47,565,7.24
2026-09-11T11:32:01.521,1789106521.5211,5481,-66,-0.85,565,7.24
2026-09-11T11:32:01.527,1789106521.5272,5482,246,3.15,565,7.24
2026-09-11T11:32:01.529,1789106521.5292,5483,257,3.29,528,6.77
2026-09-11T11:32:01.535,1789106521.5355,5484,-264,-3.38,521,6.68
2026-09-11T11:32:01.539,1789106521.5395,5485,-35,-0.45,521,6.68
2026-09-11T11:32:01.543,1789106521.5437,5486,261,3.35,525,6.73
2026-09-11T11:32:01.549,1789106521.5497,5487,244,3.13,525,6.73
2026-09-11T11:32:01.554,1789106521.5549,5488,-49,-0.63,310,3.97
2026-09-11T11:32:01.562,1789106521.5621,5489,-20,-0.26,310,3.97
2026-09-11T11:32:01.566,1789106521.5661,5490,288,3.69,337,4.32
2026-09-11T11:32:01.571,1789106521.5716,5491,227,2.91,337,4.32
2026-09-11T11:32:01.575,1789106521.5757,5492,-110,-1.41,398,5.1
2026-09-11T11:32:01.578,1789106521.5787,5493,-16,-0.21,398,5.1
2026-09-11T11:32:01.583,1789106521.5830,5494,300,3.85,410,5.26
2026-09-11T11:32:01.587,1789106521.5870,5495,187,2.4,410,5.26
2026-09-11T11:32:01.597,1789106521.5973,5496,-158,-2.03,458,5.87
2026-09-11T11:32:01.601,1789106521.6013,5497,-229,-2.94,529,6.78
2026-09-11T11:32:01.605,1789106521.6055,5498,304,3.9,533,6.83
2026-09-11T11:32:01.615,1789106521.6151,5499,166,2.13,533,6.83
2026-09-11T11:32:01.617,1789106521.6171,5500,-182,-2.33,533,6.83
2026-09-11T11:32:01.621,1789106521.6211,5501,-206,-2.64,510,6.54
2026-09-11T11:32:01.624,1789106521.6242,5502,319,4.09,525,6.73
2026-09-11T11:32:01.632,1789106521.6324,5503,126,1.62,525,6.73
2026-09-11T11:32:01.639,1789106521.6394,5504,-215,-2.76,534,6.85
2026-09-11T11:32:01.641,1789106521.6416,5505,-186,-2.38,534,6.85
2026-09-11T11:32:01.647,1789106521.6475,5506,315,4.04,530,6.79
2026-09-11T11:32:01.648,1789106521.6486,5507,122,1.56,530,6.79
2026-09-11T11:32:01.654,1789106521.6547,5508,-259,-3.32,574,7.36
2026-09-11T11:32:01.664,1789106521.6648,5509,-158,-2.03,574,7.36
2026-09-11T11:32:01.665,1789106521.6658,5510,83,1.06,381,4.88
2026-09-11T11:32:01.667,1789106521.6678,5511,81,1.04,342,4.38
2026-09-11T11:32:01.676,1789106521.6766,5512,-263,-3.37,346,4.44
2026-09-11T11:32:01.677,1789106521.6776,5513,-134,-1.72,346,4.44
2026-09-11T11:32:01.683,1789106521.6838,5514,122,1.56,385,4.94
2026-09-11T11:32:01.690,1789106521.6908,5515,57,0.73,385,4.94
2026-09-11T11:32:01.693,1789106521.6940,5516,-271,-3.47,393,5.04
2026-09-11T11:32:01.705,1789106521.7053,5517,-118,-1.51,393,5.04
2026-09-11T11:32:01.706,1789106521.7063,5518,166,2.13,437,5.6
2026-09-11T11:32:01.712,1789106521.7130,5519,289,3.71,560,7.18
2026-09-11T11:32:01.717,1789106521.7180,5520,-280,-3.59,569,7.29
2026-09-11T11:32:01.723,1789106521.7232,5521,-87,-1.12,569,7.29
2026-09-11T11:32:01.724,1789106521.7242,5522,222,2.85,569,7.29
2026-09-11T11:32:01.728,1789106521.7282,5523,265,3.4,545,6.99
2026-09-11T11:32:01.736,1789106521.7364,5524,-264,-3.38,529,6.78
2026-09-11T11:32:01.737,1789106521.7374,5525,-59,-0.76,529,6.78
2026-09-11T11:32:01.742,1789106521.7426,5526,249,3.19,529,6.78
2026-09-11T11:32:01.753,1789106521.7537,5527,252,3.23,516,6.62
2026-09-11T11:32:01.755,1789106521.7557,5528,-33,-0.42,311,3.99
2026-09-11T11:32:01.764,1789106521.7648,5529,-24,-0.31,285,3.65
2026-09-11T11:32:01.765,1789106521.7658,5530,288,3.69,321,4.12
2026-09-11T11:32:01.770,1789106521.7708,5531,255,3.27,321,4.12
2026-09-11T11:32:01.777,1789106521.7770,5532,-62,-0.79,350,4.49
2026-09-11T11:32:01.782,1789106521.7821,5533,-1,-0.01,350,4.49
2026-09-11T11:32:01.785,1789106521.7851,5534,319,4.09,381,4.88
2026-09-11T11:32:01.791,1789106521.7911,5535,222,2.85,381,4.88
2026-09-11T11:32:01.795,1789106521.7953,5536,-107,-1.37,426,5.46
2026-09-11T11:32:01.800,1789106521.8003,5537,-230,-2.95,549,7.04
2026-09-11T11:32:01.803,1789106521.8035,5538,330,4.23,560,7.18
2026-09-11T11:32:01.815,1789106521.8150,5539,197,2.53,560,7.18
2026-09-11T11:32:01.816,1789106521.8160,5540,-152,-1.95,560,7.18
2026-09-11T11:32:01.823,1789106521.8232,5541,-183,-2.35,513,6.58
2026-09-11T11:32:01.827,1789106521.8272,5542,342,4.38,525,6.73
2026-09-11T11:32:01.828,1789106521.8282,5543,168,2.15,525,6.73
2026-09-11T11:32:01.835,1789106521.8354,5544,-184,-2.36,526,6.74
2026-09-11T11:32:01.841,1789106521.8414,5545,-184,-2.36,526,6.74
2026-09-11T11:32:01.843,1789106521.8435,5546,325,4.17,509,6.53
2026-09-11T11:32:01.851,1789106521.8516,5547,132,1.69,509,6.53
2026-09-11T11:32:01.853,1789106521.8536,5548,-225,-2.88,550,7.05
2026-09-11T11:32:01.864,1789106521.8648,5549,-164,-2.1,550,7.05
2026-09-11T11:32:01.867,1789106521.8678,5550,65,0.83,357,4.58
2026-09-11T11:32:01.871,1789106521.8720,5551,119,1.53,344,4.41
2026-09-11T11:32:01.873,1789106521.8740,5552,-233,-2.99,352,4.51
2026-09-11T11:32:01.879,1789106521.8800,5553,-140,-1.79,352,4.51
2026-09-11T11:32:01.884,1789106521.8841,5554,92,1.18,352,4.51
2026-09-11T11:32:01.886,1789106521.8861,5555,86,1.1,325,4.17
2026-09-11T11:32:01.892,1789106521.8924,5556,-238,-3.05,330,4.23
2026-09-11T11:32:01.899,1789106521.8994,5557,-133,-1.71,330,4.23
2026-09-11T11:32:01.904,1789106521.9046,5558,148,1.9,386,4.95
2026-09-11T11:32:01.915,1789106521.9153,5559,291,3.73,529,6.78
2026-09-11T11:32:01.917,1789106521.9173,5560,-254,-3.26,545,6.99
2026-09-11T11:32:01.922,1789106521.9224,5561,-93,-1.19,545,6.99
2026-09-11T11:32:01.926,1789106521.9264,5562,175,2.24,545,6.99
2026-09-11T11:32:01.931,1789106521.9317,5563,282,3.62,536,6.87
2026-09-11T11:32:01.934,1789106521.9347,5564,-259,-3.32,541,6.94
2026-09-11T11:32:01.942,1789106521.9422,5565,-78,-1.0,541,6.94
2026-09-11T11:32:01.945,1789106521.9452,5566,226,2.9,541,6.94
2026-09-11T11:32:01.950,1789106521.9502,5567,258,3.31,517,6.63
2026-09-11T11:32:01.954,1789106521.9544,5568,0,0.0,336,4.31
2026-09-11T11:32:01.964,1789106521.9645,5569,-62,-0.79,320,4.1
2026-09-11T11:32:01.966,1789106521.9665,5570,246,3.15,320,4.1
2026-09-11T11:32:01.970,1789106521.9705,5571,233,2.99,308,3.95
2026-09-11T11:32:01.976,1789106521.9766,5572,-44,-0.56,308,3.95
2026-09-11T11:32:01.979,1789106521.9796,5573,-43,-0.55,290,3.72
2026-09-11T11:32:01.983,1789106521.9838,5574,269,3.45,313,4.01
2026-09-11T11:32:01.989,1789106521.9898,5575,216,2.77,313,4.01
2026-09-11T11:32:01.992,1789106521.9929,5576,-85,-1.09,354,4.54
2026-09-11T11:32:01.998,1789106521.9989,5577,-252,-3.23,521,6.68
2026-09-11T11:32:02.006,1789106522.0061,5578,281,3.6,533,6.83
2026-09-11T11:32:02.013,1789106522.0133,5579,200,2.56,533,6.83
2026-09-11T11:32:02.023,1789106522.0235,5580,-137,-1.76,533,6.83
2026-09-11T11:32:02.027,1789106522.0275,5581,-221,-2.83,502,6.44
2026-09-11T11:32:02.028,1789106522.0285,5582,300,3.85,521,6.68
2026-09-11T11:32:02.032,1789106522.0327,5583,167,2.14,521,6.68
2026-09-11T11:32:02.035,1789106522.0357,5584,-181,-2.32,521,6.68
2026-09-11T11:32:02.040,1789106522.0403,5585,-225,-2.88,525,6.73
2026-09-11T11:32:02.045,1789106522.0455,5586,292,3.74,517,6.63
2026-09-11T11:32:02.050,1789106522.0501,5587,151,1.94,517,6.63
2026-09-11T11:32:02.053,1789106522.0533,5588,-205,-2.63,517,6.63
2026-09-11T11:32:02.068,1789106522.0685,5589,-221,-2.83,513,6.58
2026-09-11T11:32:02.070,1789106522.0705,5590,4,0.05,372,4.77
2026-09-11T11:32:02.072,1789106522.0726,5591,119,1.53,340,4.36
2026-09-11T11:32:02.076,1789106522.0766,5592,-237,-3.04,356,4.56
2026-09-11T11:32:02.081,1789106522.0818,5593,-204,-2.62,356,4.56
2026-09-11T11:32:02.083,1789106522.0838,5594,36,0.46,356,4.56
2026-09-11T11:32:02.090,1789106522.0908,5595,91,1.17,328,4.21
2026-09-11T11:32:02.095,1789106522.0959,5596,-253,-3.24,344,4.41
2026-09-11T11:32:02.099,1789106522.1000,5597,-180,-2.31,344,4.41
2026-09-11T11:32:02.107,1789106522.1072,5598,92,1.18,345,4.42
2026-09-11T11:32:02.116,1789106522.1168,5599,288,3.69,541,6.94
2026-09-11T11:32:02.117,1789106522.1178,5600,-261,-3.35,549,7.04
2026-09-11T11:32:02.121,1789106522.1218,5601,-148,-1.9,549,7.04
2026-09-11T11:32:02.126,1789106522.1270,5602,132,1.69,549,7.04
2026-09-11T11:32:02.128,1789106522.1290,5603,276,3.54,537,6.88
2026-09-11T11:32:02.135,1789106522.1353,5604,-266,-3.41,542,6.95
2026-09-11T11:32:02.141,1789106522.1413,5605,-129,-1.65,542,6.95
2026-09-11T11:32:02.144,1789106522.1444,5606,168,2.15,542,6.95
2026-09-11T11:32:02.150,1789106522.1504,5607,271,3.47,537,6.88
2026-09-11T11:32:02.154,1789106522.1546,5608,22,0.28,400,5.13
2026-09-11T11:32:02.163,1789106522.1636,5609,-101,-1.29,372,4.77
2026-09-11T11:32:02.164,1789106522.1646,5610,204,2.62,372,4.77
2026-09-11T11:32:02.171,1789106522.1719,5611,243,3.12,344,4.41
2026-09-11T11:32:02.173,1789106522.1739,5612,-26,-0.33,344,4.41
2026-09-11T11:32:02.185,1789106522.1851,5613,-97,-1.24,340,4.36
2026-09-11T11:32:02.187,1789106522.1871,5614,231,2.96,340,4.36
2026-09-11T11:32:02.191,1789106522.1911,5615,214,2.74,328,4.21
2026-09-11T11:32:02.193,1789106522.1933,5616,-78,-1.0,328,4.21
2026-09-11T11:32:02.200,1789106522.2003,5617,-270,-3.46,501,6.42
2026-09-11T11:32:02.202,1789106522.2025,5618,251,3.22,521,6.68
2026-09-11T11:32:02.215,1789106522.2157,5619,202,2.59,521,6.68
2026-09-11T11:32:02.217,1789106522.2177,5620,-115,-1.47,521,6.68
2026-09-11T11:32:02.218,1789106522.2187,5621,-254,-3.26,505,6.47
2026-09-11T11:32:02.221,1789106522.2217,5622,263,3.37,517,6.63
2026-09-11T11:32:02.227,1789106522.2277,5623,186,2.38,517,6.63
2026-09-11T11:32:02.236,1789106522.2367,5624,-151,-1.94,517,6.63
2026-09-11T11:32:02.240,1789106522.2407,5625,-246,-3.15,509,6.53
2026-09-11T11:32:02.248,1789106522.2488,5626,267,3.42,513,6.58
2026-09-11T11:32:02.249,1789106522.2498,5627,166,2.13,513,6.58
2026-09-11T11:32:02.254,1789106522.2550,5628,-187,-2.4,513,6.58
2026-09-11T11:32:02.264,1789106522.2650,5629,-222,-2.85,489,6.27
2026-09-11T11:32:02.268,1789106522.2690,5630,-17,-0.22,388,4.97
2026-09-11T11:32:02.273,1789106522.2740,5631,146,1.87,368,4.72
2026-09-11T11:32:02.277,1789106522.2780,5632,-207,-2.65,368,4.72
2026-09-11T11:32:02.280,1789106522.2810,5633,-206,-2.64,353,4.53
2026-09-11T11:32:02.285,1789106522.2860,5634,23,0.29,353,4.53
2026-09-11T11:32:02.289,1789106522.2900,5635,130,1.67,337,4.32
2026-09-11T11:32:02.293,1789106522.2940,5636,-239,-3.06,369,4.73
2026-09-11T11:32:02.299,1789106522.3000,5637,-178,-2.28,369,4.73
2026-09-11T11:32:02.307,1789106522.3073,5638,55,0.71,369,4.73
2026-09-11T11:32:02.313,1789106522.3134,5639,291,3.73,530,6.79
2026-09-11T11:32:02.315,1789106522.3155,5640,-259,-3.32,550,7.05
2026-09-11T11:32:02.322,1789106522.3227,5641,-166,-2.13,550,7.05
2026-09-11T11:32:02.324,1789106522.3247,5642,91,1.17,550,7.05
2026-09-11T11:32:02.330,1789106522.3307,5643,266,3.41,525,6.73
2026-09-11T11:32:02.335,1789106522.3358,5644,-279,-3.58,545,6.99
2026-09-11T11:32:02.339,1789106522.3398,5645,-142,-1.82,545,6.99
2026-09-11T11:32:02.343,1789106522.3431,5646,123,1.58,545,6.99
2026-09-11T11:32:02.354,1789106522.3543,5647,262,3.36,541,6.94
2026-09-11T11:32:02.356,1789106522.3563,5648,25,0.32,404,5.18
2026-09-11T11:32:02.364,1789106522.3649,5649,-122,-1.56,384,4.92
2026-09-11T11:32:02.367,1789106522.3679,5650,163,2.09,384,4.92
2026-09-11T11:32:02.370,1789106522.3709,5651,238,3.05,360,4.62
2026-09-11T11:32:02.373,1789106522.3731,5652,-19,-0.24,360,4.62
2026-09-11T11:32:02.381,1789106522.3818,5653,-118,-1.51,356,4.56
2026-09-11T11:32:02.384,1789106522.3840,5654,199,2.55,356,4.56
2026-09-11T11:32:02.387,1789106522.3870,5655,226,2.9,344,4.41
2026-09-11T11:32:02.395,1789106522.3952,5656,-59,-0.76,344,4.41
2026-09-11T11:32:02.396,1789106522.3962,5657,-283,-3.63,509,6.53
2026-09-11T11:32:02.405,1789106522.4055,5658,223,2.86,509,6.53
2026-09-11T11:32:02.413,1789106522.4135,5659,186,2.38,506,6.49
2026-09-11T11:32:02.416,1789106522.4165,5660,-115,-1.47,506,6.49
2026-09-11T11:32:02.424,1789106522.4248,5661,-286,-3.67,509,6.53
2026-09-11T11:32:02.428,1789106522.4288,5662,227,2.91,513,6.58
2026-09-11T11:32:02.432,1789106522.4329,5663,170,2.18,513,6.58
2026-09-11T11:32:02.435,1789106522.4359,5664,-158,-2.03,513,6.58
2026-09-11T11:32:02.439,1789106522.4399,5665,-262,-3.36,489,6.27
2026-09-11T11:32:02.448,1789106522.4481,5666,260,3.33,522,6.69
2026-09-11T11:32:02.449,1789106522.4491,5667,147,1.88,522,6.69
2026-09-11T11:32:02.455,1789106522.4559,5668,-198,-2.54,522,6.69
2026-09-11T11:32:02.460,1789106522.4609,5669,-249,-3.19,509,6.53
2026-09-11T11:32:02.466,1789106522.4660,5670,-56,-0.72,396,5.08
2026-09-11T11:32:02.473,1789106522.4733,5671,131,1.68,380,4.87
2026-09-11T11:32:02.475,1789106522.4753,5672,-226,-2.9,380,4.87
2026-09-11T11:32:02.479,1789106522.4793,5673,-221,-2.83,357,4.58
2026-09-11T11:32:02.484,1789106522.4845,5674,-12,-0.15,357,4.58
2026-09-11T11:32:02.488,1789106522.4883,5675,111,1.42,337,4.32
2026-09-11T11:32:02.493,1789106522.4940,5676,-245,-3.14,356,4.56
2026-09-11T11:32:02.497,1789106522.4980,5677,-192,-2.46,356,4.56
2026-09-11T11:32:02.504,1789106522.5045,5678,20,0.26,356,4.56
2026-09-11T11:32:02.514,1789106522.5147,5679,268,3.44,513,6.58
2026-09-11T11:32:02.518,1789106522.5187,5680,-261,-3.35,529,6.78
2026-09-11T11:32:02.521,1789106522.5219,5681,-188,-2.41,529,6.78
2026-09-11T11:32:02.522,1789106522.5229,5682,61,0.78,529,6.78
2026-09-11T11:32:02.530,1789106522.5309,5683,257,3.29,518,6.64
2026-09-11T11:32:02.533,1789106522.5330,5684,-273,-3.5,530,6.79
2026-09-11T11:32:02.541,1789106522.5410,5685,-156,-2.0,530,6.79
2026-09-11T11:32:02.544,1789106522.5442,5686,113,1.45,530,6.79
2026-09-11T11:32:02.548,1789106522.5482,5687,261,3.35,534,6.85
2026-09-11T11:32:02.553,1789106522.5533,5688,23,0.29,417,5.35
2026-09-11T11:32:02.566,1789106522.5665,5689,-140,-1.79,401,5.14
2026-09-11T11:32:02.570,1789106522.5705,5690,141,1.81,401,5.14
2026-09-11T11:32:02.572,1789106522.5727,5691,228,2.92,368,4.72
2026-09-11T11:32:02.577,1789106522.5777,5692,-16,-0.21,368,4.72
2026-09-11T11:32:02.578,1789106522.5787,5693,-131,-1.68,359,4.6
2026-09-11T11:32:02.584,1789106522.5849,5694,169,2.17,359,4.6
2026-09-11T11:32:02.589,1789106522.5899,5695,217,2.78,348,4.46
2026-09-11T11:32:02.597,1789106522.5970,5696,-56,-0.72,348,4.46
2026-09-11T11:32:02.600,1789106522.6000,5697,-296,-3.79,513,6.58
2026-09-11T11:32:02.605,1789106522.6052,5698,198,2.54,513,6.58
2026-09-11T11:32:02.613,1789106522.6138,5699,201,2.58,497,6.37
2026-09-11T11:32:02.615,1789106522.6158,5700,-108,-1.38,497,6.37
2026-09-11T11:32:02.620,1789106522.6210,5701,-300,-3.85,501,6.42
2026-09-11T11:32:02.621,1789106522.6220,5702,234,3.0,534,6.85
2026-09-11T11:32:02.630,1789106522.6301,5703,173,2.22,534,6.85
2026-09-11T11:32:02.637,1789106522.6373,5704,-140,-1.79,534,6.85
2026-09-11T11:32:02.641,1789106522.6413,5705,-279,-3.58,513,6.58
2026-09-11T11:32:02.646,1789106522.6464,5706,246,3.15,525,6.73
2026-09-11T11:32:02.650,1789106522.6504,5707,153,1.96,525,6.73
2026-09-11T11:32:02.656,1789106522.6567,5708,-187,-2.4,525,6.73
2026-09-11T11:32:02.666,1789106522.6668,5709,-254,-3.26,500,6.41
2026-09-11T11:32:02.668,1789106522.6689,5710,-69,-0.88,407,5.22
2026-09-11T11:32:02.671,1789106522.6716,5711,146,1.87,400,5.13
2026-09-11T11:32:02.680,1789106522.6807,5712,-231,-2.96,400,5.13
2026-09-11T11:32:02.683,1789106522.6838,5713,-246,-3.15,392,5.03
2026-09-11T11:32:02.687,1789106522.6878,5714,-49,-0.63,392,5.03
2026-09-11T11:32:02.689,1789106522.6898,5715,118,1.51,364,4.67
2026-09-11T11:32:02.694,1789106522.6949,5716,-246,-3.15,364,4.67
2026-09-11T11:32:02.699,1789106522.6999,5717,-233,-2.99,364,4.67
2026-09-11T11:32:02.707,1789106522.7079,5718,-36,-0.46,364,4.67
2026-09-11T11:32:02.716,1789106522.7165,5719,248,3.18,494,6.33
2026-09-11T11:32:02.717,1789106522.7175,5720,-273,-3.5,521,6.68
2026-09-11T11:32:02.721,1789106522.7215,5721,-220,-2.82,521,6.68
2026-09-11T11:32:02.721,1789106522.7215,5722,16,0.21,521,6.68
2026-09-11T11:32:02.727,1789106522.7277,5723,240,3.08,513,6.58
2026-09-11T11:32:02.742,1789106522.7420,5724,-281,-3.6,521,6.68
2026-09-11T11:32:02.745,1789106522.7450,5725,-188,-2.41,521,6.68
2026-09-11T11:32:02.748,1789106522.7480,5726,65,0.83,521,6.68
2026-09-11T11:32:02.753,1789106522.7532,5727,237,3.04,518,6.64
2026-09-11T11:32:02.754,1789106522.7542,5728,40,0.51,425,5.45
2026-09-11T11:32:02.765,1789106522.7653,5729,-187,-2.4,424,5.44
2026-09-11T11:32:02.768,1789106522.7682,5730,98,1.26,424,5.44
2026-09-11T11:32:02.772,1789106522.7722,5731,225,2.88,412,5.28
2026-09-11T11:32:02.776,1789106522.7764,5732,4,0.05,412,5.28
2026-09-11T11:32:02.781,1789106522.7814,5733,-151,-1.94,376,4.82
2026-09-11T11:32:02.787,1789106522.7875,5734,146,1.87,376,4.82
2026-09-11T11:32:02.789,1789106522.7895,5735,217,2.78,368,4.72
2026-09-11T11:32:02.795,1789106522.7957,5736,-39,-0.5,368,4.72
2026-09-11T11:32:02.797,1789106522.7977,5737,-303,-3.88,520,6.67
2026-09-11T11:32:02.803,1789106522.8039,5738,170,2.18,520,6.67
2026-09-11T11:32:02.816,1789106522.8166,5739,194,2.49,497,6.37
2026-09-11T11:32:02.817,1789106522.8176,5740,-79,-1.01,497,6.37
2026-09-11T11:32:02.821,1789106522.8216,5741,-307,-3.94,501,6.42
2026-09-11T11:32:02.826,1789106522.8268,5742,191,2.45,501,6.42
2026-09-11T11:32:02.829,1789106522.8298,5743,178,2.28,498,6.38
2026-09-11T11:32:02.834,1789106522.8350,5744,-138,-1.77,498,6.38
2026-09-11T11:32:02.838,1789106522.8390,5745,-306,-3.92,497,6.37
2026-09-11T11:32:02.844,1789106522.8446,5746,204,2.62,510,6.54
2026-09-11T11:32:02.849,1789106522.8500,5747,151,1.94,510,6.54
2026-09-11T11:32:02.861,1789106522.8612,5748,-170,-2.18,510,6.54
2026-09-11T11:32:02.867,1789106522.8672,5749,-293,-3.76,497,6.37
2026-09-11T11:32:02.869,1789106522.8692,5750,-92,-1.18,444,5.69
2026-09-11T11:32:02.872,1789106522.8722,5751,136,1.74,429,5.5
2026-09-11T11:32:02.876,1789106522.8762,5752,-213,-2.73,429,5.5
2026-09-11T11:32:02.880,1789106522.8802,5753,-268,-3.44,404,5.18
2026-09-11T11:32:02.885,1789106522.8852,5754,-75,-0.96,404,5.18
2026-09-11T11:32:02.889,1789106522.8892,5755,104,1.33,372,4.77
2026-09-11T11:32:02.896,1789106522.8962,5756,-240,-3.08,372,4.77
2026-09-11T11:32:02.898,1789106522.8982,5757,-231,-2.96,344,4.41
2026-09-11T11:32:02.902,1789106522.9022,5758,-50,-0.64,344,4.41
2026-09-11T11:32:02.914,1789106522.9142,5759,250,3.21,490,6.28
2026-09-11T11:32:02.919,1789106522.9196,5760,-267,-3.42,517,6.63
2026-09-11T11:32:02.923,1789106522.9237,5761,-226,-2.9,517,6.63
2026-09-11T11:32:02.928,1789106522.9287,5762,3,0.04,517,6.63
2026-09-11T11:32:02.930,1789106522.9307,5763,247,3.17,514,6.59
2026-09-11T11:32:02.933,1789106522.9339,5764,-287,-3.68,534,6.85
2026-09-11T11:32:02.940,1789106522.9409,5765,-217,-2.78,534,6.85
2026-09-11T11:32:02.946,1789106522.9461,5766,31,0.4,534,6.85
2026-09-11T11:32:02.951,1789106522.9511,5767,231,2.96,518,6.64
2026-09-11T11:32:02.956,1789106522.9562,5768,42,0.54,448,5.74
2026-09-11T11:32:02.965,1789106522.9653,5769,-189,-2.42,420,5.38
2026-09-11T11:32:02.967,1789106522.9673,5770,92,1.18,420,5.38
2026-09-11T11:32:02.971,1789106522.9710,5771,236,3.03,425,5.45
2026-09-11T11:32:02.973,1789106522.9732,5772,11,0.14,425,5.45
2026-09-11T11:32:02.979,1789106522.9792,5773,-156,-2.0,392,5.03
2026-09-11T11:32:02.983,1789106522.9836,5774,137,1.76,392,5.03
2026-09-11T11:32:02.990,1789106522.9905,5775,220,2.82,376,4.82
2026-09-11T11:32:02.991,1789106522.9915,5776,-9,-0.12,376,4.82
2026-09-11T11:32:03.000,1789106523.0004,5777,-301,-3.86,521,6.68
2026-09-11T11:32:03.004,1789106523.0046,5778,177,2.27,521,6.68
2026-09-11T11:32:03.010,1789106523.0102,5779,200,2.56,501,6.42
2026-09-11T11:32:03.016,1789106523.0164,5780,-69,-0.88,501,6.42
2026-09-11T11:32:03.019,1789106523.0194,5781,-308,-3.95,508,6.51
2026-09-11T11:32:03.029,1789106523.0296,5782,201,2.58,509,6.53
2026-09-11T11:32:03.032,1789106523.0326,5783,197,2.53,509,6.53
2026-09-11T11:32:03.034,1789106523.0346,5784,-112,-1.44,509,6.53
2026-09-11T11:32:03.036,1789106523.0366,5785,-300,-3.85,501,6.42
2026-09-11T11:32:03.044,1789106523.0446,5786,226,2.9,526,6.74
2026-09-11T11:32:03.050,1789106523.0506,5787,169,2.17,526,6.74
2026-09-11T11:32:03.053,1789106523.0536,5788,-160,-2.05,526,6.74
2026-09-11T11:32:03.062,1789106523.0628,5789,-299,-3.83,525,6.73
2026-09-11T11:32:03.064,1789106523.0648,5790,-98,-1.26,468,6.0
2026-09-11T11:32:03.076,1789106523.0760,5791,133,1.71,432,5.54
2026-09-11T11:32:03.079,1789106523.0790,5792,-211,-2.71,432,5.54
2026-09-11T11:32:03.084,1789106523.0842,5793,-282,-3.62,415,5.32
2026-09-11T11:32:03.086,1789106523.0862,5794,-69,-0.88,415,5.32
2026-09-11T11:32:03.090,1789106523.0902,5795,114,1.46,396,5.08
2026-09-11T11:32:03.096,1789106523.0963,5796,-254,-3.26,396,5.08
2026-09-11T11:32:03.100,1789106523.1003,5797,-261,-3.35,375,4.81
2026-09-11T11:32:03.105,1789106523.1055,5798,-52,-0.67,375,4.81
2026-09-11T11:32:03.117,1789106523.1174,5799,260,3.33,521,6.68
2026-09-11T11:32:03.119,1789106523.1194,5800,-269,-3.45,529,6.78
2026-09-11T11:32:03.121,1789106523.1214,5801,-244,-3.13,529,6.78
2026-09-11T11:32:03.127,1789106523.1276,5802,-15,-0.19,529,6.78
2026-09-11T11:32:03.128,1789106523.1286,5803,249,3.19,518,6.64
2026-09-11T11:32:03.133,1789106523.1337,5804,-285,-3.65,534,6.85
2026-09-11T11:32:03.140,1789106523.1407,5805,-227,-2.91,534,6.85
2026-09-11T11:32:03.142,1789106523.1429,5806,37,0.47,534,6.85
2026-09-11T11:32:03.149,1789106523.1499,5807,253,3.24,538,6.9
2026-09-11T11:32:03.155,1789106523.1552,5808,52,0.67,480,6.15
2026-09-11T11:32:03.162,1789106523.1623,5809,-199,-2.55,452,5.79
2026-09-11T11:32:03.167,1789106523.1673,5810,86,1.1,452,5.79
2026-09-11T11:32:03.171,1789106523.1713,5811,242,3.1,441,5.65
2026-09-11T11:32:03.174,1789106523.1745,5812,13,0.17,441,5.65
2026-09-11T11:32:03.184,1789106523.1847,5813,-170,-2.18,412,5.28
2026-09-11T11:32:03.186,1789106523.1867,5814,115,1.47,412,5.28
2026-09-11T11:32:03.190,1789106523.1907,5815,226,2.9,396,5.08
2026-09-11T11:32:03.193,1789106523.1939,5816,-11,-0.14,396,5.08
2026-09-11T11:32:03.200,1789106523.2009,5817,-311,-3.99,537,6.88
2026-09-11T11:32:03.202,1789106523.2020,5818,147,1.88,537,6.88
2026-09-11T11:32:03.214,1789106523.2146,5819,210,2.69,521,6.68
2026-09-11T11:32:03.214,1789106523.2146,5820,-42,-0.54,521,6.68
2026-09-11T11:32:03.219,1789106523.2196,5821,-314,-4.03,524,6.72
2026-09-11T11:32:03.221,1789106523.2216,5822,196,2.51,524,6.72
2026-09-11T11:32:03.233,1789106523.2330,5823,187,2.4,510,6.54
2026-09-11T11:32:03.237,1789106523.2370,5824,-106,-1.36,510,6.54
2026-09-11T11:32:03.240,1789106523.2400,5825,-310,-3.97,506,6.49
2026-09-11T11:32:03.244,1789106523.2449,5826,204,2.62,514,6.59
2026-09-11T11:32:03.247,1789106523.2470,5827,163,2.09,514,6.59
2026-09-11T11:32:03.254,1789106523.2550,5828,-141,-1.81,514,6.59
2026-09-11T11:32:03.265,1789106523.2651,5829,-301,-3.86,505,6.47
2026-09-11T11:32:03.270,1789106523.2701,5830,-96,-1.23,464,5.95
2026-09-11T11:32:03.271,1789106523.2711,5831,152,1.95,453,5.81
2026-09-11T11:32:03.277,1789106523.2773,5832,-193,-2.47,453,5.81
2026-09-11T11:32:03.278,1789106523.2783,5833,-276,-3.54,428,5.49
2026-09-11T11:32:03.284,1789106523.2844,5834,-75,-0.96,428,5.49
2026-09-11T11:32:03.290,1789106523.2904,5835,128,1.64,404,5.18
2026-09-11T11:32:03.292,1789106523.2925,5836,-224,-2.87,404,5.18
2026-09-11T11:32:03.299,1789106523.2995,5837,-255,-3.27,383,4.91
2026-09-11T11:32:03.306,1789106523.3067,5838,-58,-0.74,383,4.91
2026-09-11T11:32:03.311,1789106523.3118,5839,262,3.36,517,6.63
2026-09-11T11:32:03.317,1789106523.3180,5840,-243,-3.12,517,6.63
2026-09-11T11:32:03.322,1789106523.3221,5841,-243,-3.12,505,6.47
2026-09-11T11:32:03.324,1789106523.3241,5842,-18,-0.23,505,6.47
2026-09-11T11:32:03.329,1789106523.3291,5843,258,3.31,501,6.42
2026-09-11T11:32:03.337,1789106523.3373,5844,-263,-3.37,521,6.68
2026-09-11T11:32:03.339,1789106523.3393,5845,-210,-2.69,521,6.68
2026-09-11T11:32:03.350,1789106523.3505,5846,19,0.24,521,6.68
2026-09-11T11:32:03.353,1789106523.3537,5847,255,3.27,518,6.64
2026-09-11T11:32:03.356,1789106523.3567,5848,82,1.05,465,5.96
2026-09-11T11:32:03.363,1789106523.3639,5849,-201,-2.58,456,5.85
2026-09-11T11:32:03.365,1789106523.3659,5850,55,0.71,456,5.85
2026-09-11T11:32:03.370,1789106523.3709,5851,259,3.32,460,5.9
2026-09-11T11:32:03.374,1789106523.3740,5852,50,0.64,460,5.9
2026-09-11T11:32:03.379,1789106523.3790,5853,-181,-2.32,440,5.64
2026-09-11T11:32:03.381,1789106523.3810,5854,108,1.38,440,5.64
2026-09-11T11:32:03.389,1789106523.3892,5855,240,3.08,421,5.4
2026-09-11T11:32:03.399,1789106523.3994,5856,15,0.19,421,5.4
2026-09-11T11:32:03.403,1789106523.4036,5857,-301,-3.86,541,6.94
2026-09-11T11:32:03.405,1789106523.4056,5858,152,1.95,541,6.94
2026-09-11T11:32:03.414,1789106523.4148,5859,240,3.08,541,6.94
2026-09-11T11:32:03.419,1789106523.4190,5860,-17,-0.22,541,6.94
2026-09-11T11:32:03.422,1789106523.4220,5861,-289,-3.71,529,6.78
2026-09-11T11:32:03.428,1789106523.4282,5862,184,2.36,529,6.78
2026-09-11T11:32:03.431,1789106523.4311,5863,204,2.62,493,6.32
2026-09-11T11:32:03.434,1789106523.4343,5864,-53,-0.68,493,6.32
2026-09-11T11:32:03.444,1789106523.4445,5865,-305,-3.91,509,6.53
2026-09-11T11:32:03.445,1789106523.4455,5866,193,2.47,509,6.53
2026-09-11T11:32:03.449,1789106523.4495,5867,188,2.41,498,6.38
2026-09-11T11:32:03.454,1789106523.4547,5868,-121,-1.55,498,6.38
2026-09-11T11:32:03.463,1789106523.4637,5869,-300,-3.85,493,6.32
2026-09-11T11:32:03.465,1789106523.4657,5870,-99,-1.27,488,6.26
2026-09-11T11:32:03.473,1789106523.4739,5871,168,2.15,468,6.0
2026-09-11T11:32:03.475,1789106523.4759,5872,-164,-2.1,468,6.0
2026-09-11T11:32:03.477,1789106523.4779,5873,-264,-3.38,432,5.54
2026-09-11T11:32:03.485,1789106523.4851,5874,-75,-0.96,432,5.54
2026-09-11T11:32:03.487,1789106523.4871,5875,153,1.96,417,5.35
2026-09-11T11:32:03.493,1789106523.4937,5876,-188,-2.41,417,5.35
2026-09-11T11:32:03.502,1789106523.5029,5877,-251,-3.22,404,5.18
2026-09-11T11:32:03.503,1789106523.5039,5878,-54,-0.69,404,5.18
2026-09-11T11:32:03.516,1789106523.5161,5879,270,3.46,521,6.68
2026-09-11T11:32:03.522,1789106523.5222,5880,-212,-2.72,521,6.68
2026-09-11T11:32:03.523,1789106523.5232,5881,-227,-2.91,497,6.37
2026-09-11T11:32:03.525,1789106523.5252,5882,-10,-0.13,497,6.37
2026-09-11T11:32:03.530,1789106523.5302,5883,270,3.46,497,6.37
2026-09-11T11:32:03.533,1789106523.5334,5884,-223,-2.86,497,6.37
2026-09-11T11:32:03.539,1789106523.5394,5885,-186,-2.38,493,6.32
2026-09-11T11:32:03.545,1789106523.5456,5886,26,0.33,493,6.32
2026-09-11T11:32:03.546,1789106523.5466,5887,290,3.72,513,6.58
2026-09-11T11:32:03.553,1789106523.5538,5888,109,1.4,476,6.1
2026-09-11T11:32:03.565,1789106523.5660,5889,-178,-2.28,468,6.0
2026-09-11T11:32:03.568,1789106523.5690,5890,74,0.95,468,6.0
2026-09-11T11:32:03.575,1789106523.5751,5891,278,3.56,456,5.85
2026-09-11T11:32:03.577,1789106523.5771,5892,81,1.04,456,5.85
2026-09-11T11:32:03.578,1789106523.5781,5893,-158,-2.03,436,5.59
2026-09-11T11:32:03.585,1789106523.5853,5894,114,1.46,436,5.59
2026-09-11T11:32:03.592,1789106523.5925,5895,262,3.36,420,5.38
2026-09-11T11:32:03.596,1789106523.5965,5896,65,0.83,420,5.38
2026-09-11T11:32:03.601,1789106523.6017,5897,-264,-3.38,526,6.74
2026-09-11T11:32:03.608,1789106523.6088,5898,162,2.08,526,6.74
2026-09-11T11:32:03.613,1789106523.6138,5899,265,3.4,529,6.78
2026-09-11T11:32:03.618,1789106523.6183,5900,28,0.36,529,6.78
2026-09-11T11:32:03.622,1789106523.6224,5901,-264,-3.38,529,6.78
2026-09-11T11:32:03.625,1789106523.6254,5902,194,2.49,529,6.78
2026-09-11T11:32:03.630,1789106523.6304,5903,237,3.04,501,6.42
2026-09-11T11:32:03.635,1789106523.6356,5904,-12,-0.15,501,6.42
2026-09-11T11:32:03.636,1789106523.6366,5905,-260,-3.33,497,6.37
2026-09-11T11:32:03.645,1789106523.6456,5906,221,2.83,497,6.37
2026-09-11T11:32:03.652,1789106523.6521,5907,232,2.97,492,6.31
2026-09-11T11:32:03.654,1789106523.6546,5908,-56,-0.72,492,6.31
2026-09-11T11:32:03.665,1789106523.6658,5909,-268,-3.44,500,6.41
2026-09-11T11:32:03.666,1789106523.6668,5910,-83,-1.06,500,6.41
2026-09-11T11:32:03.676,1789106523.6762,5911,220,2.82,488,6.26
2026-09-11T11:32:03.678,1789106523.6782,5912,-89,-1.14,488,6.26
2026-09-11T11:32:03.680,1789106523.6802,5913,-256,-3.28,476,6.1
2026-09-11T11:32:03.683,1789106523.6832,5914,-55,-0.71,476,6.1
2026-09-11T11:32:03.690,1789106523.6902,5915,176,2.26,432,5.54
2026-09-11T11:32:03.694,1789106523.6942,5916,-153,-1.96,432,5.54
2026-09-11T11:32:03.697,1789106523.6972,5917,-228,-2.92,404,5.18
2026-09-11T11:32:03.704,1789106523.7042,5918,-39,-0.5,404,5.18
2026-09-11T11:32:03.713,1789106523.7132,5919,277,3.55,505,6.47
2026-09-11T11:32:03.715,1789106523.7152,5920,-205,-2.63,505,6.47
2026-09-11T11:32:03.728,1789106523.7287,5921,-224,-2.87,501,6.42
2026-09-11T11:32:03.731,1789106523.7319,5922,-35,-0.45,501,6.42
2026-09-11T11:32:03.735,1789106523.7359,5923,269,3.45,493,6.32
2026-09-11T11:32:03.741,1789106523.7419,5924,-233,-2.99,502,6.44
2026-09-11T11:32:03.745,1789106523.7459,5925,-216,-2.77,502,6.44
2026-09-11T11:32:03.751,1789106523.7519,5926,1,0.01,502,6.44
2026-09-11T11:32:03.755,1789106523.7559,5927,281,3.6,514,6.59
2026-09-11T11:32:03.760,1789106523.7609,5928,96,1.23,497,6.37
2026-09-11T11:32:03.772,1789106523.7722,5929,-199,-2.55,480,6.15
2026-09-11T11:32:03.774,1789106523.7742,5930,33,0.42,480,6.15
2026-09-11T11:32:03.780,1789106523.7802,5931,265,3.4,464,5.95
2026-09-11T11:32:03.781,1789106523.7812,5932,76,0.97,464,5.95
2026-09-11T11:32:03.786,1789106523.7864,5933,-179,-2.29,444,5.69
2026-09-11T11:32:03.790,1789106523.7904,5934,66,0.85,444,5.69
2026-09-11T11:32:03.791,1789106523.7917,5935,249,3.19,428,5.49
2026-09-11T11:32:03.793,1789106523.7937,5936,48,0.62,428,5.49
2026-09-11T11:32:03.799,1789106523.7997,5937,-268,-3.44,517,6.63
2026-09-11T11:32:03.802,1789106523.8029,5938,114,1.46,517,6.63
2026-09-11T11:32:03.815,1789106523.8155,5939,233,2.99,501,6.42
2026-09-11T11:32:03.816,1789106523.8166,5940,16,0.21,501,6.42
2026-09-11T11:32:03.819,1789106523.8196,5941,-296,-3.79,529,6.78
2026-09-11T11:32:03.823,1789106523.8237,5942,162,2.08,529,6.78
2026-09-11T11:32:03.829,1789106523.8297,5943,222,2.85,518,6.64
2026-09-11T11:32:03.834,1789106523.8349,5944,-23,-0.29,518,6.64
2026-09-11T11:32:03.836,1789106523.8369,5945,-319,-4.09,541,6.94
2026-09-11T11:32:03.847,1789106523.8470,5946,183,2.35,541,6.94
2026-09-11T11:32:03.852,1789106523.8522,5947,210,2.69,529,6.78
2026-09-11T11:32:03.859,1789106523.8592,5948,-75,-0.96,529,6.78
2026-09-11T11:32:03.864,1789106523.8643,5949,-299,-3.83,509,6.53
2026-09-11T11:32:03.867,1789106523.8673,5950,-110,-1.41,509,6.53
2026-09-11T11:32:03.869,1789106523.8693,5951,198,2.54,497,6.37
2026-09-11T11:32:03.873,1789106523.8734,5952,-95,-1.22,497,6.37
2026-09-11T11:32:03.882,1789106523.8825,5953,-286,-3.67,484,6.21
2026-09-11T11:32:03.884,1789106523.8845,5954,-77,-0.99,484,6.21
2026-09-11T11:32:03.889,1789106523.8895,5955,186,2.38,472,6.05
2026-09-11T11:32:03.893,1789106523.8938,5956,-155,-1.99,472,6.05
2026-09-11T11:32:03.896,1789106523.8968,5957,-278,-3.56,464,5.95
2026-09-11T11:32:03.911,1789106523.9111,5958,-73,-0.94,464,5.95
2026-09-11T11:32:03.919,1789106523.9197,5959,271,3.47,549,7.04
2026-09-11T11:32:03.920,1789106523.9207,5960,-190,-2.44,549,7.04
2026-09-11T11:32:03.923,1789106523.9230,5961,-254,-3.26,525,6.73
2026-09-11T11:32:03.927,1789106523.9270,5962,-57,-0.73,525,6.73
2026-09-11T11:32:03.932,1789106523.9322,5963,276,3.54,530,6.79
2026-09-11T11:32:03.937,1789106523.9372,5964,-226,-2.9,530,6.79
2026-09-11T11:32:03.942,1789106523.9423,5965,-237,-3.04,513,6.58
2026-09-11T11:32:03.945,1789106523.9453,5966,-40,-0.51,513,6.58
2026-09-11T11:32:03.951,1789106523.9513,5967,268,3.44,505,6.47
2026-09-11T11:32:03.958,1789106523.9584,5968,107,1.37,505,6.47
2026-09-11T11:32:03.965,1789106523.9654,5969,-224,-2.87,492,6.31
2026-09-11T11:32:03.967,1789106523.9674,5970,-8,-0.1,492,6.31
2026-09-11T11:32:03.969,1789106523.9694,5971,276,3.54,500,6.41
2026-09-11T11:32:03.971,1789106523.9714,5972,83,1.06,500,6.41
2026-09-11T11:32:03.978,1789106523.9786,5973,-192,-2.46,468,6.0
2026-09-11T11:32:03.986,1789106523.9868,5974,61,0.78,468,6.0
2026-09-11T11:32:03.987,1789106523.9878,5975,257,3.29,449,5.76
2026-09-11T11:32:03.994,1789106523.9949,5976,52,0.67,449,5.76
2026-09-11T11:32:04.002,1789106524.0021,5977,-273,-3.5,530,6.79
2026-09-11T11:32:04.005,1789106524.0051,5978,109,1.4,530,6.79
2026-09-11T11:32:04.015,1789106524.0157,5979,249,3.19,522,6.69
2026-09-11T11:32:04.017,1789106524.0177,5980,24,0.31,522,6.69
2026-09-11T11:32:04.020,1789106524.0207,5981,-292,-3.74,541,6.94
2026-09-11T11:32:04.029,1789106524.0299,5982,141,1.81,541,6.94
2026-09-11T11:32:04.033,1789106524.0331,5983,241,3.09,533,6.83
2026-09-11T11:32:04.036,1789106524.0361,5984,-8,-0.1,533,6.83
2026-09-11T11:32:04.038,1789106524.0381,5985,-300,-3.85,541,6.94
2026-09-11T11:32:04.047,1789106524.0476,5986,154,1.97,541,6.94
2026-09-11T11:32:04.050,1789106524.0508,5987,217,2.78,517,6.63
2026-09-11T11:32:04.055,1789106524.0552,5988,-36,-0.46,517,6.63
2026-09-11T11:32:04.064,1789106524.0645,5989,-308,-3.95,525,6.73
2026-09-11T11:32:04.064,1789106524.0645,5990,-123,-1.58,525,6.73
2026-09-11T11:32:04.069,1789106524.0695,5991,193,2.47,501,6.42
2026-09-11T11:32:04.080,1789106524.0807,5992,-92,-1.18,501,6.42
2026-09-11T11:32:04.085,1789106524.0858,5993,-295,-3.78,488,6.26
2026-09-11T11:32:04.089,1789106524.0898,5994,-110,-1.41,488,6.26
2026-09-11T11:32:04.094,1789106524.0950,5995,182,2.33,477,6.12
2026-09-11T11:32:04.095,1789106524.0960,5996,-139,-1.78,477,6.12
2026-09-11T11:32:04.101,1789106524.1010,5997,-283,-3.63,465,5.96
2026-09-11T11:32:04.107,1789106524.1072,5998,-94,-1.21,465,5.96
2026-09-11T11:32:04.117,1789106524.1178,5999,231,2.96,514,6.59
2026-09-11T11:32:04.121,1789106524.1218,6000,-187,-2.4,514,6.59
2026-09-11T11:32:04.123,1789106524.1239,6001,-258,-3.31,489,6.27
2026-09-11T11:32:04.128,1789106524.1289,6002,-65,-0.83,489,6.27
2026-09-11T11:32:04.136,1789106524.1361,6003,251,3.22,509,6.53
2026-09-11T11:32:04.137,1789106524.1371,6004,-206,-2.64,509,6.53
2026-09-11T11:32:04.140,1789106524.1401,6005,-245,-3.14,496,6.36
2026-09-11T11:32:04.145,1789106524.1453,6006,-48,-0.62,496,6.36
2026-09-11T11:32:04.147,1789106524.1473,6007,252,3.23,497,6.37
2026-09-11T11:32:04.155,1789106524.1555,6008,119,1.53,497,6.37
2026-09-11T11:32:04.166,1789106524.1665,6009,-221,-2.83,473,6.06
2026-09-11T11:32:04.168,1789106524.1685,6010,-12,-0.15,473,6.06
2026-09-11T11:32:04.170,1789106524.1705,6011,268,3.44,489,6.27
2026-09-11T11:32:04.173,1789106524.1736,6012,111,1.42,489,6.27
2026-09-11T11:32:04.180,1789106524.1806,6013,-192,-2.46,460,5.9
2026-09-11T11:32:04.185,1789106524.1855,6014,40,0.51,460,5.9
2026-09-11T11:32:04.190,1789106524.1908,6015,260,3.33,452,5.79
2026-09-11T11:32:04.196,1789106524.1969,6016,91,1.17,452,5.79
2026-09-11T11:32:04.199,1789106524.1999,6017,-265,-3.4,525,6.73
2026-09-11T11:32:04.210,1789106524.2102,6018,84,1.08,525,6.73
2026-09-11T11:32:04.223,1789106524.2230,6019,264,3.38,529,6.78
2026-09-11T11:32:04.225,1789106524.2250,6020,47,0.6,529,6.78
2026-09-11T11:32:04.234,1789106524.2342,6021,-285,-3.65,549,7.04
2026-09-11T11:32:04.238,1789106524.2382,6022,125,1.6,549,7.04
2026-09-11T11:32:04.244,1789106524.2444,6023,252,3.23,537,6.88
2026-09-11T11:32:04.248,1789106524.2484,6024,7,0.09,537,6.88
2026-09-11T11:32:04.252,1789106524.2525,6025,-285,-3.65,537,6.88
2026-09-11T11:32:04.254,1789106524.2545,6026,165,2.12,537,6.88
2026-09-11T11:32:04.263,1789106524.2635,6027,224,2.87,509,6.53
2026-09-11T11:32:04.265,1789106524.2655,6028,-9,-0.12,509,6.53
2026-09-11T11:32:04.267,1789106524.2675,6029,-289,-3.71,513,6.58
2026-09-11T11:32:04.267,1789106524.2675,6030,-120,-1.54,513,6.58
2026-09-11T11:32:04.268,1789106524.2685,6031,216,2.77,505,6.47
2026-09-11T11:32:04.274,1789106524.2748,6032,-69,-0.88,505,6.47
2026-09-11T11:32:04.276,1789106524.2768,6033,-284,-3.64,500,6.41
2026-09-11T11:32:04.285,1789106524.2860,6034,-87,-1.12,500,6.41
2026-09-11T11:32:04.289,1789106524.2900,6035,208,2.67,492,6.31
2026-09-11T11:32:04.295,1789106524.2952,6036,-105,-1.35,492,6.31
2026-09-11T11:32:04.302,1789106524.3024,6037,-268,-3.44,476,6.1
2026-09-11T11:32:04.306,1789106524.3064,6038,-83,-1.06,476,6.1
2026-09-11T11:32:04.314,1789106524.3145,6039,245,3.14,513,6.58
2026-09-11T11:32:04.323,1789106524.3232,6040,-153,-1.96,513,6.58
2026-09-11T11:32:04.325,1789106524.3252,6041,-260,-3.33,505,6.47
2026-09-11T11:32:04.331,1789106524.3312,6042,-67,-0.86,505,6.47
2026-09-11T11:32:04.333,1789106524.3334,6043,253,3.24,513,6.58
2026-09-11T11:32:04.335,1789106524.3354,6044,-176,-2.26,513,6.58
2026-09-11T11:32:04.340,1789106524.3404,6045,-228,-2.92,481,6.17
2026-09-11T11:32:04.345,1789106524.3455,6046,-43,-0.55,481,6.17
2026-09-11T11:32:04.347,1789106524.3475,6047,269,3.45,497,6.37
2026-09-11T11:32:04.353,1789106524.3536,6048,128,1.64,497,6.37
2026-09-11T11:32:04.365,1789106524.3656,6049,-223,-2.86,492,6.31
2026-09-11T11:32:04.368,1789106524.3686,6050,-10,-0.13,492,6.31
2026-09-11T11:32:04.372,1789106524.3728,6051,286,3.67,509,6.53
2026-09-11T11:32:04.377,1789106524.3778,6052,116,1.49,509,6.53
2026-09-11T11:32:04.380,1789106524.3808,6053,-187,-2.4,473,6.06
2026-09-11T11:32:04.382,1789106524.3830,6054,38,0.49,473,6.06
2026-09-11T11:32:04.390,1789106524.3910,6055,282,3.62,469,6.01
2026-09-11T11:32:04.393,1789106524.3931,6056,92,1.18,469,6.01
2026-09-11T11:32:04.403,1789106524.4033,6057,-252,-3.23,534,6.85
2026-09-11T11:32:04.405,1789106524.4053,6058,78,1.0,534,6.85
2026-09-11T11:32:04.412,1789106524.4125,6059,277,3.55,529,6.78
2026-09-11T11:32:04.415,1789106524.4160,6060,68,0.87,529,6.78
2026-09-11T11:32:04.418,1789106524.4187,6061,-264,-3.38,541,6.94
2026-09-11T11:32:04.425,1789106524.4259,6062,122,1.56,541,6.94
2026-09-11T11:32:04.429,1789106524.4299,6063,253,3.24,517,6.63
2026-09-11T11:32:04.434,1789106524.4340,6064,48,0.62,517,6.63
2026-09-11T11:32:04.439,1789106524.4390,6065,-276,-3.54,529,6.78
2026-09-11T11:32:04.442,1789106524.4422,6066,158,2.03,529,6.78
2026-09-11T11:32:04.452,1789106524.4526,6067,245,3.14,521,6.68
2026-09-11T11:32:04.455,1789106524.4553,6068,12,0.15,521,6.68
2026-09-11T11:32:04.464,1789106524.4646,6069,-272,-3.49,517,6.63
2026-09-11T11:32:04.466,1789106524.4666,6070,-119,-1.53,517,6.63
2026-09-11T11:32:04.470,1789106524.4706,6071,241,3.09,513,6.58
2026-09-11T11:32:04.474,1789106524.4748,6072,-36,-0.46,513,6.58
2026-09-11T11:32:04.480,1789106524.4808,6073,-268,-3.44,509,6.53
2026-09-11T11:32:04.487,1789106524.4879,6074,-95,-1.22,509,6.53
2026-09-11T11:32:04.493,1789106524.4931,6075,217,2.78,485,6.22
2026-09-11T11:32:04.496,1789106524.4960,6076,-88,-1.13,485,6.22
2026-09-11T11:32:04.501,1789106524.5015,6077,-272,-3.49,489,6.27
2026-09-11T11:32:04.502,1789106524.5027,6078,-91,-1.17,489,6.27
2026-09-11T11:32:04.514,1789106524.5150,6079,238,3.05,510,6.54
2026-09-11T11:32:04.516,1789106524.5165,6080,-136,-1.74,510,6.54
2026-09-11T11:32:04.520,1789106524.5205,6081,-268,-3.44,506,6.49
2026-09-11T11:32:04.524,1789106524.5246,6082,-83,-1.06,506,6.49
2026-09-11T11:32:04.533,1789106524.5338,6083,262,3.36,530,6.79
2026-09-11T11:32:04.535,1789106524.5358,6084,-172,-2.21,530,6.79
2026-09-11T11:32:04.540,1789106524.5408,6085,-239,-3.06,501,6.42
2026-09-11T11:32:04.544,1789106524.5450,6086,-46,-0.59,501,6.42
2026-09-11T11:32:04.549,1789106524.5500,6087,282,3.62,521,6.68
2026-09-11T11:32:04.556,1789106524.5562,6088,161,2.06,521,6.68
2026-09-11T11:32:04.568,1789106524.5684,6089,-219,-2.81,501,6.42
2026-09-11T11:32:04.571,1789106524.5714,6090,-30,-0.38,501,6.42
2026-09-11T11:32:04.575,1789106524.5755,6091,274,3.51,493,6.32
2026-09-11T11:32:04.576,1789106524.5765,6092,125,1.6,493,6.32
2026-09-11T11:32:04.580,1789106524.5805,6093,-211,-2.71,485,6.22
2026-09-11T11:32:04.585,1789106524.5856,6094,10,0.13,485,6.22
2026-09-11T11:32:04.587,1789106524.5876,6095,270,3.46,481,6.17
2026-09-11T11:32:04.594,1789106524.5948,6096,109,1.4,481,6.17
2026-09-11T11:32:04.598,1789106524.5988,6097,-247,-3.17,517,6.63
2026-09-11T11:32:04.600,1789106524.6008,6098,50,0.64,517,6.63
2026-09-11T11:32:04.613,1789106524.6131,6099,266,3.41,513,6.58
2026-09-11T11:32:04.614,1789106524.6141,6100,85,1.09,513,6.58
2026-09-11T11:32:04.618,1789106524.6186,6101,-259,-3.32,525,6.73
2026-09-11T11:32:04.621,1789106524.6216,6102,90,1.15,525,6.73
2026-09-11T11:32:04.627,1789106524.6278,6103,270,3.46,529,6.78
2026-09-11T11:32:04.633,1789106524.6331,6104,61,0.78,529,6.78
2026-09-11T11:32:04.637,1789106524.6371,6105,-267,-3.42,537,6.88
2026-09-11T11:32:04.642,1789106524.6424,6106,146,1.87,537,6.88
2026-09-11T11:32:04.649,1789106524.6494,6107,250,3.21,517,6.63
2026-09-11T11:32:04.651,1789106524.6514,6108,29,0.37,517,6.63
2026-09-11T11:32:04.663,1789106524.6638,6109,-283,-3.63,533,6.83
2026-09-11T11:32:04.663,1789106524.6638,6110,-114,-1.46,533,6.83
2026-09-11T11:32:04.668,1789106524.6689,6111,233,2.99,516,6.62
2026-09-11T11:32:04.672,1789106524.6722,6112,-11,-0.14,516,6.62
2026-09-11T11:32:04.678,1789106524.6782,6113,-267,-3.42,500,6.41
2026-09-11T11:32:04.681,1789106524.6817,6114,-106,-1.36,500,6.41
2026-09-11T11:32:04.687,1789106524.6877,6115,217,2.78,484,6.21
2026-09-11T11:32:04.693,1789106524.6939,6116,-52,-0.67,484,6.21
2026-09-11T11:32:04.696,1789106524.6969,6117,-272,-3.49,489,6.27
2026-09-11T11:32:04.703,1789106524.7031,6118,-90,-1.15,489,6.27
2026-09-11T11:32:04.709,1789106524.7091,6119,222,2.85,494,6.33
2026-09-11T11:32:04.714,1789106524.7143,6120,-120,-1.54,494,6.33
