iso_time,epoch_seconds,sample_index,q1_raw,q1_voltage_mv,q1_notch,q1_notch_mv
2026-09-09T14:27:15.560,1788944235.5605,1,-7916,-101.49,-7916,-101.49
2026-09-09T14:27:15.568,1788944235.5687,2,3471,44.5,-5070,-65.0
2026-09-09T14:27:15.574,1788944235.5749,3,1500,19.23,131,1.68
2026-09-09T14:27:15.578,1788944235.5788,4,-5301,-67.96,292,3.74
2026-09-09T14:27:15.583,1788944235.5832,5,7413,95.04,-423,-5.42
2026-09-09T14:27:15.593,1788944235.5935,6,-4397,-56.37,1282,16.44
2026-09-09T14:27:15.599,1788944235.5999,7,7071,90.65,1422,18.23
2026-09-09T14:27:15.610,1788944235.6107,8,-3513,-45.04,1558,19.97
2026-09-09T14:27:15.618,1788944235.6185,9,6580,84.36,1656,21.23
2026-09-09T14:27:15.627,1788944235.6270,10,-2663,-34.14,1746,22.38
2026-09-09T14:27:15.644,1788944235.6443,11,6029,77.29,1820,23.33
2026-09-09T14:27:15.658,1788944235.6583,12,-1768,-22.67,1906,24.44
2026-09-09T14:27:15.660,1788944235.6603,13,5466,70.08,1989,25.5
2026-09-09T14:27:15.674,1788944235.6747,14,-8571,-109.88,148,1.9
2026-09-09T14:27:15.682,1788944235.6825,15,4832,61.95,-1711,-21.94
2026-09-09T14:27:15.695,1788944235.6956,16,-8170,-104.74,-1770,-22.69
2026-09-09T14:27:15.702,1788944235.7026,17,4194,53.77,-1829,-23.45
2026-09-09T14:27:15.710,1788944235.7110,18,-7589,-97.29,-1843,-23.63
2026-09-09T14:27:15.720,1788944235.7202,19,3532,45.28,-1863,-23.88
2026-09-09T14:27:15.731,1788944235.7319,20,-6857,-87.91,-1846,-23.67
2026-09-09T14:27:15.741,1788944235.7412,21,2828,36.26,-1839,-23.58
2026-09-09T14:27:15.752,1788944235.7525,22,-6026,-77.26,-1807,-23.17
2026-09-09T14:27:15.759,1788944235.7599,23,2064,26.46,-1790,-22.95
2026-09-09T14:27:15.769,1788944235.7691,24,-5214,-66.85,-1778,-22.79
2026-09-09T14:27:15.781,1788944235.7818,25,7725,99.04,-160,-2.05
2026-09-09T14:27:15.784,1788944235.7847,26,-4429,-56.78,1451,18.6
2026-09-09T14:27:15.799,1788944235.7996,27,7358,94.33,1556,19.95
2026-09-09T14:27:15.818,1788944235.8182,28,-3625,-46.47,1665,21.35
2026-09-09T14:27:15.824,1788944235.8244,29,6808,87.28,1729,22.17
2026-09-09T14:27:15.827,1788944235.8272,30,-2789,-35.76,1800,23.08
2026-09-09T14:27:15.844,1788944235.8447,31,6211,79.63,1860,23.85
2026-09-09T14:27:15.850,1788944235.8504,32,-1975,-25.32,1914,24.54
2026-09-09T14:27:15.867,1788944235.8674,33,5556,71.23,1954,25.05
2026-09-09T14:27:15.874,1788944235.8744,34,-8689,-111.4,112,1.44
2026-09-09T14:27:15.876,1788944235.8762,35,4919,63.06,-1726,-22.13
2026-09-09T14:27:15.890,1788944235.8901,36,-8371,-107.32,-1806,-23.15
2026-09-09T14:27:15.900,1788944235.9003,37,4263,54.65,-1890,-24.23
2026-09-09T14:27:15.910,1788944235.9108,38,-7877,-100.99,-1931,-24.76
2026-09-09T14:27:15.918,1788944235.9186,39,3587,45.99,-1976,-25.33
2026-09-09T14:27:15.926,1788944235.9261,40,-7178,-92.03,-1971,-25.27
2026-09-09T14:27:15.934,1788944235.9349,41,2871,36.81,-1975,-25.32
2026-09-09T14:27:15.949,1788944235.9494,42,-6392,-81.95,-1957,-25.09
2026-09-09T14:27:15.967,1788944235.9679,43,7969,102.17,-486,-6.23
2026-09-09T14:27:15.976,1788944235.9763,44,-5576,-71.49,992,12.72
2026-09-09T14:27:15.986,1788944235.9864,45,7709,98.83,1131,14.5
2026-09-09T14:27:15.995,1788944235.9953,46,-4745,-60.83,1274,16.33
2026-09-09T14:27:16.001,1788944236.0013,47,7333,94.01,1388,17.79
2026-09-09T14:27:16.014,1788944236.0147,48,-3919,-50.24,1500,19.23
2026-09-09T14:27:16.017,1788944236.0175,49,6873,88.12,1592,20.41
2026-09-09T14:27:16.026,1788944236.0263,50,-3088,-39.59,1684,21.59
2026-09-09T14:27:16.039,1788944236.0397,51,6337,81.24,1758,22.54
2026-09-09T14:27:16.050,1788944236.0501,52,-2262,-29.0,1831,23.47
2026-09-09T14:27:16.060,1788944236.0602,53,5743,73.63,1889,24.22
2026-09-09T14:27:16.072,1788944236.0730,54,-8729,-111.91,123,1.58
2026-09-09T14:27:16.083,1788944236.0833,55,5129,65.76,-1647,-21.12
2026-09-09T14:27:16.090,1788944236.0906,56,-8432,-108.1,-1726,-22.13
2026-09-09T14:27:16.099,1788944236.1000,57,4475,57.37,-1815,-23.27
2026-09-09T14:27:16.110,1788944236.1102,58,-7986,-102.38,-1867,-23.94
2026-09-09T14:27:16.126,1788944236.1260,59,3791,48.6,-1927,-24.71
2026-09-09T14:27:16.132,1788944236.1324,60,-7332,-94.0,-1934,-24.79
2026-09-09T14:27:16.143,1788944236.1431,61,3098,39.72,-1944,-24.92
2026-09-09T14:27:16.150,1788944236.1507,62,-6567,-84.19,-1926,-24.69
2026-09-09T14:27:16.159,1788944236.1593,63,8039,103.06,-500,-6.41
2026-09-09T14:27:16.167,1788944236.1674,64,-5747,-73.68,941,12.06
2026-09-09T14:27:16.181,1788944236.1812,65,7808,100.1,1088,13.95
2026-09-09T14:27:16.191,1788944236.1915,66,-4909,-62.94,1240,15.9
2026-09-09T14:27:16.207,1788944236.2071,67,7475,95.83,1366,17.51
2026-09-09T14:27:16.211,1788944236.2119,68,-4067,-52.14,1493,19.14
2026-09-09T14:27:16.227,1788944236.2271,69,7034,90.18,1593,20.42
2026-09-09T14:27:16.231,1788944236.2311,70,-3162,-40.54,1709,21.91
2026-09-09T14:27:16.242,1788944236.2425,71,6481,83.09,1797,23.04
2026-09-09T14:27:16.259,1788944236.2600,72,-2300,-29.49,1875,24.04
2026-09-09T14:27:16.267,1788944236.2674,73,5893,75.55,1943,24.91
2026-09-09T14:27:16.274,1788944236.2743,74,-8776,-112.51,177,2.27
2026-09-09T14:27:16.281,1788944236.2810,75,5291,67.83,-1592,-20.41
2026-09-09T14:27:16.290,1788944236.2903,76,-8496,-108.92,-1673,-21.45
2026-09-09T14:27:16.299,1788944236.2997,77,4629,59.35,-1768,-22.67
2026-09-09T14:27:16.317,1788944236.3174,78,-8090,-103.72,-1832,-23.49
2026-09-09T14:27:16.331,1788944236.3319,79,3952,50.67,-1900,-24.36
2026-09-09T14:27:16.333,1788944236.3339,80,-7492,-96.05,-1920,-24.62
2026-09-09T14:27:16.340,1788944236.3402,81,3243,41.58,-1948,-24.97
2026-09-09T14:27:16.350,1788944236.3504,82,-6755,-86.6,-1941,-24.88
2026-09-09T14:27:16.358,1788944236.3588,83,8017,102.78,-563,-7.22
2026-09-09T14:27:16.367,1788944236.3679,84,-5943,-76.19,834,10.69
2026-09-09T14:27:16.379,1788944236.3793,85,7842,100.54,993,12.73
2026-09-09T14:27:16.390,1788944236.3903,86,-5116,-65.59,1156,14.82
2026-09-09T14:27:16.400,1788944236.4004,87,7557,96.88,1291,16.55
2026-09-09T14:27:16.410,1788944236.4107,88,-4242,-54.38,1439,18.45
2026-09-09T14:27:16.420,1788944236.4202,89,7140,91.54,1553,19.91
2026-09-09T14:27:16.426,1788944236.4263,90,-3433,-44.01,1651,21.17
2026-09-09T14:27:16.441,1788944236.4417,91,6639,85.12,1728,22.15
2026-09-09T14:27:16.449,1788944236.4494,92,-2631,-33.73,1803,23.12
2026-09-09T14:27:16.459,1788944236.4592,93,6067,77.78,1861,23.86
2026-09-09T14:27:16.475,1788944236.4751,94,-8788,-112.67,178,2.28
2026-09-09T14:27:16.483,1788944236.4836,95,5461,70.01,-1512,-19.38
2026-09-09T14:27:16.497,1788944236.4972,96,-8576,-109.95,-1611,-20.65
2026-09-09T14:27:16.502,1788944236.5022,97,4811,61.68,-1720,-22.05
2026-09-09T14:27:16.520,1788944236.5207,98,-8191,-105.01,-1787,-22.91
2026-09-09T14:27:16.523,1788944236.5237,99,4141,53.09,-1858,-23.82
2026-09-09T14:27:16.531,1788944236.5315,100,-7633,-97.86,-1886,-24.18
2026-09-09T14:27:16.540,1788944236.5405,101,3440,44.1,-1922,-24.64
2026-09-09T14:27:16.550,1788944236.5505,102,-6912,-88.62,-1917,-24.58
2026-09-09T14:27:16.559,1788944236.5594,103,8114,104.03,-568,-7.28
2026-09-09T14:27:16.572,1788944236.5720,104,-6107,-78.29,802,10.28
2026-09-09T14:27:16.581,1788944236.5815,105,7959,102.04,964,12.36
2026-09-09T14:27:16.590,1788944236.5908,106,-5277,-67.65,1133,14.53
2026-09-09T14:27:16.599,1788944236.5992,107,7678,98.44,1270,16.28
2026-09-09T14:27:16.616,1788944236.6167,108,-4443,-56.96,1409,18.06
2026-09-09T14:27:16.625,1788944236.6251,109,7289,93.45,1520,19.49
2026-09-09T14:27:16.630,1788944236.6303,110,-3582,-45.92,1638,21.0
2026-09-09T14:27:16.641,1788944236.6413,111,6795,87.12,1730,22.18
2026-09-09T14:27:16.650,1788944236.6500,112,-2774,-35.56,1808,23.18
2026-09-09T14:27:16.667,1788944236.6671,113,6230,79.87,1869,23.96
2026-09-09T14:27:16.672,1788944236.6729,114,-8791,-112.71,223,2.86
2026-09-09T14:27:16.680,1788944236.6802,115,5634,72.23,-1430,-18.33
2026-09-09T14:27:16.690,1788944236.6906,116,-8596,-110.21,-1530,-19.62
2026-09-09T14:27:16.702,1788944236.7023,117,4995,64.04,-1641,-21.04
2026-09-09T14:27:16.709,1788944236.7093,118,-8260,-105.9,-1717,-22.01
2026-09-09T14:27:16.722,1788944236.7228,119,4341,55.65,-1796,-23.03
2026-09-09T14:27:16.731,1788944236.7313,120,-7739,-99.22,-1830,-23.46
2026-09-09T14:27:16.739,1788944236.7392,121,3647,46.76,-1873,-24.01
2026-09-09T14:27:16.749,1788944236.7495,122,-7059,-90.5,-1876,-24.05
2026-09-09T14:27:16.774,1788944236.7748,123,8188,104.97,-571,-7.32
2026-09-09T14:27:16.777,1788944236.7776,124,-6291,-80.65,756,9.69
2026-09-09T14:27:16.785,1788944236.7857,125,8033,102.99,909,11.65
2026-09-09T14:27:16.796,1788944236.7969,126,-5441,-69.76,1083,13.88
2026-09-09T14:27:16.806,1788944236.8070,127,7776,99.69,1231,15.78
2026-09-09T14:27:16.816,1788944236.8161,128,-4619,-59.22,1373,17.6
2026-09-09T14:27:16.830,1788944236.8309,129,7402,94.9,1485,19.04
2026-09-09T14:27:16.833,1788944236.8336,130,-3787,-48.55,1599,20.5
2026-09-09T14:27:16.841,1788944236.8413,131,6896,88.41,1681,21.55
2026-09-09T14:27:16.850,1788944236.8503,132,-2949,-37.81,1764,22.62
2026-09-09T14:27:16.858,1788944236.8585,133,6340,81.28,1834,23.51
2026-09-09T14:27:16.867,1788944236.8672,134,-8862,-113.62,217,2.78
2026-09-09T14:27:16.884,1788944236.8843,135,5712,73.23,-1418,-18.18
2026-09-09T14:27:16.892,1788944236.8927,136,-8699,-111.53,-1535,-19.68
2026-09-09T14:27:16.908,1788944236.9088,137,5082,65.15,-1651,-21.17
2026-09-09T14:27:16.916,1788944236.9165,138,-8423,-107.99,-1740,-22.31
2026-09-09T14:27:16.921,1788944236.9215,139,4412,56.56,-1838,-23.56
2026-09-09T14:27:16.929,1788944236.9297,140,-7941,-101.81,-1885,-24.17
2026-09-09T14:27:16.940,1788944236.9401,141,3719,47.68,-1938,-24.85
2026-09-09T14:27:16.958,1788944236.9587,142,-7303,-93.63,-1952,-25.03
2026-09-09T14:27:16.969,1788944236.9692,143,8098,103.82,-698,-8.95
2026-09-09T14:27:16.972,1788944236.9726,144,-6542,-83.87,587,7.53
2026-09-09T14:27:16.983,1788944236.9837,145,7984,102.36,749,9.6
2026-09-09T14:27:16.994,1788944236.9948,146,-5721,-73.35,926,11.87
2026-09-09T14:27:17.008,1788944237.0081,147,7749,99.35,1072,13.74
2026-09-09T14:27:17.022,1788944237.0221,148,-4874,-62.49,1225,15.71
2026-09-09T14:27:17.022,1788944237.0221,149,7393,94.78,1348,17.28
2026-09-09T14:27:17.030,1788944237.0303,150,-4028,-51.64,1471,18.86
2026-09-09T14:27:17.038,1788944237.0386,151,6937,88.94,1568,20.1
2026-09-09T14:27:17.047,1788944237.0472,152,-3213,-41.19,1658,21.26
2026-09-09T14:27:17.063,1788944237.0636,153,6398,82.03,1727,22.14
2026-09-09T14:27:17.063,1788944237.0636,154,-8921,-114.37,165,2.12
2026-09-09T14:27:17.080,1788944237.0803,155,5843,74.91,-1401,-17.96
2026-09-09T14:27:17.088,1788944237.0887,156,-8778,-112.54,-1504,-19.28
2026-09-09T14:27:17.097,1788944237.0975,157,5217,66.88,-1624,-20.82
2026-09-09T14:27:17.105,1788944237.1055,158,-8505,-109.04,-1713,-21.96
2026-09-09T14:27:17.113,1788944237.1137,159,4576,58.67,-1805,-23.14
2026-09-09T14:27:17.138,1788944237.1385,160,-8055,-103.27,-1852,-23.74
2026-09-09T14:27:17.151,1788944237.1512,161,3887,49.83,-1912,-24.51
2026-09-09T14:27:17.161,1788944237.1619,162,-7449,-95.5,-1933,-24.78
2026-09-09T14:27:17.163,1788944237.1634,163,8110,103.97,-726,-9.31
2026-09-09T14:27:17.171,1788944237.1717,164,-6699,-85.88,518,6.64
2026-09-09T14:27:17.180,1788944237.1801,165,8044,103.13,689,8.83
2026-09-09T14:27:17.201,1788944237.2011,166,-5867,-75.22,880,11.28
2026-09-09T14:27:17.205,1788944237.2051,167,7833,100.42,1035,13.27
2026-09-09T14:27:17.205,1788944237.2051,168,-5032,-64.51,1191,15.27
2026-09-09T14:27:17.213,1788944237.2137,169,7533,96.58,1325,16.99
2026-09-09T14:27:17.229,1788944237.2298,170,-4246,-54.44,1447,18.55
2026-09-09T14:27:17.238,1788944237.2383,171,7104,91.08,1536,19.69
2026-09-09T14:27:17.246,1788944237.2468,172,-3397,-43.55,1641,21.04
2026-09-09T14:27:17.255,1788944237.2551,173,6579,84.35,1722,22.08
2026-09-09T14:27:17.263,1788944237.2631,174,-8866,-113.67,223,2.86
2026-09-09T14:27:17.279,1788944237.2798,175,6007,77.01,-1287,-16.5
2026-09-09T14:27:17.288,1788944237.2883,176,-8771,-112.45,-1406,-18.03
2026-09-09T14:27:17.304,1788944237.3046,177,5392,69.13,-1536,-19.69
2026-09-09T14:27:17.313,1788944237.3139,178,-8551,-109.63,-1635,-20.96
2026-09-09T14:27:17.321,1788944237.3213,179,4719,60.5,-1748,-22.41
2026-09-09T14:27:17.329,1788944237.3296,180,-8154,-104.54,-1817,-23.29
2026-09-09T14:27:17.338,1788944237.3381,181,4050,51.92,-1885,-24.17
2026-09-09T14:27:17.352,1788944237.3521,182,-7580,-97.18,-1909,-24.47
2026-09-09T14:27:17.363,1788944237.3634,183,8133,104.27,-745,-9.55
2026-09-09T14:27:17.376,1788944237.3765,184,-6854,-87.87,458,5.87
2026-09-09T14:27:17.379,1788944237.3796,185,8087,103.68,628,8.05
2026-09-09T14:27:17.388,1788944237.3880,186,-6050,-77.56,817,10.47
2026-09-09T14:27:17.396,1788944237.3965,187,7904,101.33,972,12.46
2026-09-09T14:27:17.414,1788944237.4148,188,-5223,-66.96,1133,14.53
2026-09-09T14:27:17.414,1788944237.4148,189,7611,97.58,1267,16.24
2026-09-09T14:27:17.429,1788944237.4294,190,-4393,-56.32,1401,17.96
2026-09-09T14:27:17.440,1788944237.4403,191,7214,92.49,1509,19.35
2026-09-09T14:27:17.446,1788944237.4462,192,-3612,-46.31,1605,20.58
2026-09-09T14:27:17.464,1788944237.4647,193,6714,86.08,1676,21.49
2026-09-09T14:27:17.471,1788944237.4711,194,-8857,-113.55,239,3.06
2026-09-09T14:27:17.479,1788944237.4796,195,6149,78.83,-1213,-15.55
2026-09-09T14:27:17.496,1788944237.4962,196,-8807,-112.91,-1342,-17.21
2026-09-09T14:27:17.498,1788944237.4982,197,5502,70.54,-1491,-19.12
2026-09-09T14:27:17.504,1788944237.5044,198,-8595,-110.19,-1600,-20.51
2026-09-09T14:27:17.529,1788944237.5299,199,4892,62.72,-1699,-21.78
2026-09-09T14:27:17.537,1788944237.5371,200,-8254,-105.82,-1767,-22.65
2026-09-09T14:27:17.537,1788944237.5377,201,4215,54.04,-1851,-23.73
2026-09-09T14:27:17.546,1788944237.5461,202,-7724,-99.03,-1887,-24.19
2026-09-09T14:27:17.562,1788944237.5621,203,8126,104.18,-777,-9.96
2026-09-09T14:27:17.564,1788944237.5648,204,-7027,-90.09,375,4.81
2026-09-09T14:27:17.579,1788944237.5797,205,8104,103.9,544,6.97
2026-09-09T14:27:17.593,1788944237.5936,206,-6242,-80.03,734,9.41
2026-09-09T14:27:17.600,1788944237.6008,207,7957,102.01,894,11.46
2026-09-09T14:27:17.609,1788944237.6095,208,-5399,-69.22,1068,13.69
2026-09-09T14:27:17.625,1788944237.6258,209,7673,98.37,1208,15.49
2026-09-09T14:27:17.632,1788944237.6324,210,-4577,-58.68,1342,17.21
2026-09-09T14:27:17.642,1788944237.6425,211,7316,93.79,1458,18.69
2026-09-09T14:27:17.654,1788944237.6547,212,-3771,-48.35,1571,20.14
2026-09-09T14:27:17.654,1788944237.6547,213,6843,87.73,1654,21.21
2026-09-09T14:27:17.671,1788944237.6711,214,-8837,-113.29,269,3.45
2026-09-09T14:27:17.687,1788944237.6877,215,6279,80.5,-1138,-14.59
2026-09-09T14:27:17.696,1788944237.6962,216,-8831,-113.22,-1278,-16.38
2026-09-09T14:27:17.704,1788944237.7041,217,5680,72.82,-1426,-18.28
2026-09-09T14:27:17.710,1788944237.7105,218,-8663,-111.06,-1534,-19.67
2026-09-09T14:27:17.721,1788944237.7217,219,5057,64.83,-1648,-21.13
2026-09-09T14:27:17.729,1788944237.7296,220,-8343,-106.96,-1723,-22.09
2026-09-09T14:27:17.739,1788944237.7397,221,4384,56.21,-1812,-23.23
2026-09-09T14:27:17.753,1788944237.7540,222,-7857,-100.73,-1858,-23.82
2026-09-09T14:27:17.753,1788944237.7540,223,8102,103.87,-807,-10.35
2026-09-09T14:27:17.762,1788944237.7625,224,-7212,-92.46,283,3.63
2026-09-09T14:27:17.779,1788944237.7792,225,8129,104.22,451,5.78
2026-09-09T14:27:17.795,1788944237.7956,226,-6431,-82.45,653,8.37
2026-09-09T14:27:17.806,1788944237.8061,227,8002,102.59,817,10.47
2026-09-09T14:27:17.806,1788944237.8061,228,-5607,-71.88,991,12.71
2026-09-09T14:27:17.820,1788944237.8201,229,7766,99.56,1138,14.59
2026-09-09T14:27:17.829,1788944237.8292,230,-4781,-61.29,1286,16.49
2026-09-09T14:27:17.837,1788944237.8376,231,7414,95.05,1404,18.0
2026-09-09T14:27:17.856,1788944237.8564,232,-3960,-50.77,1521,19.5
2026-09-09T14:27:17.862,1788944237.8624,233,6969,89.35,1615,20.71
2026-09-09T14:27:17.870,1788944237.8709,234,-8821,-113.09,289,3.71
2026-09-09T14:27:17.879,1788944237.8792,235,6432,82.46,-1061,-13.6
2026-09-09T14:27:17.889,1788944237.8898,236,-8823,-113.12,-1195,-15.32
2026-09-09T14:27:17.895,1788944237.8958,237,5840,74.87,-1344,-17.23
2026-09-09T14:27:17.914,1788944237.9149,238,-8724,-111.85,-1467,-18.81
2026-09-09T14:27:17.920,1788944237.9208,239,5210,66.79,-1600,-20.51
2026-09-09T14:27:17.929,1788944237.9293,240,-8440,-108.21,-1686,-21.62
2026-09-09T14:27:17.937,1788944237.9374,241,4556,58.41,-1779,-22.81
2026-09-09T14:27:17.945,1788944237.9459,242,-8011,-102.71,-1835,-23.53
2026-09-09T14:27:17.954,1788944237.9542,243,8079,103.58,-847,-10.86
2026-09-09T14:27:17.962,1788944237.9624,244,-7385,-94.68,190,2.44
2026-09-09T14:27:17.979,1788944237.9790,245,8134,104.28,360,4.62
2026-09-09T14:27:17.987,1788944237.9876,246,-6639,-85.12,561,7.19
2026-09-09T14:27:17.995,1788944237.9957,247,8080,103.59,734,9.41
2026-09-09T14:27:18.006,1788944238.0061,248,-5839,-74.86,920,11.79
2026-09-09T14:27:18.019,1788944238.0197,249,7861,100.78,1065,13.65
2026-09-09T14:27:18.028,1788944238.0288,250,-5049,-64.73,1208,15.49
2026-09-09T14:27:18.037,1788944238.0376,251,7548,96.77,1327,17.01
2026-09-09T14:27:18.045,1788944238.0456,252,-4243,-54.4,1451,18.6
2026-09-09T14:27:18.053,1788944238.0538,253,7119,91.27,1545,19.81
2026-09-09T14:27:18.078,1788944238.0781,254,-8756,-112.26,309,3.96
2026-09-09T14:27:18.086,1788944238.0867,255,6582,84.38,-953,-12.22
2026-09-09T14:27:18.090,1788944238.0901,256,-8823,-113.12,-1104,-14.15
2026-09-09T14:27:18.094,1788944238.0945,257,5969,76.53,-1274,-16.33
2026-09-09T14:27:18.115,1788944238.1152,258,-8737,-112.01,-1406,-18.03
2026-09-09T14:27:18.125,1788944238.1257,259,5330,68.33,-1544,-19.79
2026-09-09T14:27:18.143,1788944238.1437,260,-8509,-109.09,-1647,-21.12
2026-09-09T14:27:18.143,1788944238.1437,261,4700,60.26,-1747,-22.4
2026-09-09T14:27:18.143,1788944238.1437,262,-8116,-104.05,-1807,-23.17
2026-09-09T14:27:18.157,1788944238.1576,263,8071,103.47,-866,-11.1
2026-09-09T14:27:18.157,1788944238.1576,264,-7514,-96.33,128,1.64
2026-09-09T14:27:18.173,1788944238.1735,265,8126,104.18,292,3.74
2026-09-09T14:27:18.193,1788944238.1933,266,-6813,-87.35,481,6.17
2026-09-09T14:27:18.193,1788944238.1933,267,8076,103.54,644,8.26
2026-09-09T14:27:18.209,1788944238.2090,268,-5996,-76.87,835,10.71
2026-09-09T14:27:18.215,1788944238.2154,269,7881,101.04,991,12.71
2026-09-09T14:27:18.220,1788944238.2207,270,-5166,-66.23,1150,14.74
2026-09-09T14:27:18.238,1788944238.2386,271,7608,97.54,1289,16.53
2026-09-09T14:27:18.252,1788944238.2523,272,-4356,-55.85,1423,18.24
2026-09-09T14:27:18.252,1788944238.2523,273,7207,92.4,1525,19.55
2026-09-09T14:27:18.270,1788944238.2701,274,-8721,-111.81,334,4.28
2026-09-09T14:27:18.270,1788944238.2701,275,6694,85.82,-886,-11.36
2026-09-09T14:27:18.283,1788944238.2839,276,-8836,-113.28,-1043,-13.37
2026-09-09T14:27:18.299,1788944238.2997,277,6122,78.49,-1214,-15.56
2026-09-09T14:27:18.315,1788944238.3154,278,-8770,-112.44,-1341,-17.19
2026-09-09T14:27:18.315,1788944238.3154,279,5502,70.54,-1479,-18.96
2026-09-09T14:27:18.331,1788944238.3311,280,-8575,-109.94,-1586,-20.33
2026-09-09T14:27:18.331,1788944238.3311,281,4852,62.21,-1699,-21.78
2026-09-09T14:27:18.351,1788944238.3511,282,-8214,-105.31,-1772,-22.72
2026-09-09T14:27:18.354,1788944238.3543,283,8006,102.64,-893,-11.45
2026-09-09T14:27:18.362,1788944238.3629,284,-7692,-98.62,26,0.33
2026-09-09T14:27:18.378,1788944238.3790,285,8118,104.08,185,2.37
2026-09-09T14:27:18.378,1788944238.3790,286,-6990,-89.62,388,4.97
2026-09-09T14:27:18.394,1788944238.3950,287,8084,103.64,555,7.12
2026-09-09T14:27:18.394,1788944238.3950,288,-6198,-79.46,745,9.55
2026-09-09T14:27:18.415,1788944238.4157,289,7925,101.6,903,11.58
2026-09-09T14:27:18.426,1788944238.4268,290,-5371,-68.86,1070,13.72
2026-09-09T14:27:18.426,1788944238.4268,291,7661,98.22,1211,15.53
2026-09-09T14:27:18.442,1788944238.4428,292,-8397,-107.65,388,4.97
2026-09-09T14:27:18.458,1788944238.4586,293,7284,93.38,-463,-5.94
2026-09-09T14:27:18.490,1788944238.4902,294,-8717,-111.76,-637,-8.17
2026-09-09T14:27:18.490,1788944238.4902,295,6800,87.18,-838,-10.74
2026-09-09T14:27:18.490,1788944238.4902,296,-8832,-113.23,-988,-12.67
2026-09-09T14:27:18.505,1788944238.5060,297,6240,80.0,-1156,-14.82
2026-09-09T14:27:18.505,1788944238.5060,298,-8834,-113.26,-1297,-16.63
2026-09-09T14:27:18.515,1788944238.5156,299,5613,71.96,-1454,-18.64
2026-09-09T14:27:18.523,1788944238.5237,300,-8654,-110.95,-1566,-20.08
2026-09-09T14:27:18.537,1788944238.5379,301,4999,64.09,-1674,-21.46
2026-09-09T14:27:18.555,1788944238.5556,302,-8349,-107.04,-1752,-22.46
2026-09-09T14:27:18.559,1788944238.5594,303,7933,101.71,-942,-12.08
2026-09-09T14:27:18.570,1788944238.5700,304,-7855,-100.71,-85,-1.09
2026-09-09T14:27:18.570,1788944238.5700,305,8057,103.29,70,0.9
2026-09-09T14:27:18.587,1788944238.5875,306,-7193,-92.22,266,3.41
2026-09-09T14:27:18.602,1788944238.6030,307,8080,103.59,437,5.6
2026-09-09T14:27:18.602,1788944238.6030,308,-6415,-82.24,638,8.18
2026-09-09T14:27:18.617,1788944238.6173,309,7978,102.28,807,10.35
2026-09-09T14:27:18.617,1788944238.6173,310,-5584,-71.59,989,12.68
2026-09-09T14:27:18.633,1788944238.6332,311,7730,99.1,1135,14.55
2026-09-09T14:27:18.664,1788944238.6649,312,-8290,-106.28,396,5.08
2026-09-09T14:27:18.664,1788944238.6649,313,7381,94.63,-368,-4.72
2026-09-09T14:27:18.682,1788944238.6827,314,-8638,-110.74,-542,-6.95
2026-09-09T14:27:18.682,1788944238.6827,315,6920,88.72,-744,-9.54
2026-09-09T14:27:18.682,1788944238.6827,316,-8801,-112.83,-900,-11.54
2026-09-09T14:27:18.700,1788944238.7008,317,6380,81.79,-1076,-13.79
2026-09-09T14:27:18.712,1788944238.7126,318,-8815,-113.01,-1214,-15.56
2026-09-09T14:27:18.721,1788944238.7215,319,5780,74.1,-1368,-17.54
2026-09-09T14:27:18.729,1788944238.7293,320,-8688,-111.38,-1486,-19.05
2026-09-09T14:27:18.729,1788944238.7293,321,5158,66.13,-1610,-20.64
2026-09-09T14:27:18.744,1788944238.7444,322,-8420,-107.95,-1698,-21.77
2026-09-09T14:27:18.744,1788944238.7444,323,7927,101.63,-939,-12.04
2026-09-09T14:27:18.778,1788944238.7781,324,-7970,-102.18,-134,-1.72
2026-09-09T14:27:18.778,1788944238.7781,325,8075,103.53,15,0.19
2026-09-09T14:27:18.791,1788944238.7918,326,-7320,-93.85,215,2.76
2026-09-09T14:27:18.803,1788944238.8036,327,8102,103.87,384,4.92
2026-09-09T14:27:18.815,1788944238.8158,328,-6575,-84.29,577,7.4
2026-09-09T14:27:18.823,1788944238.8234,329,8031,102.96,745,9.55
2026-09-09T14:27:18.823,1788944238.8234,330,-5732,-73.49,938,12.03
2026-09-09T14:27:18.855,1788944238.8554,331,7795,99.94,1090,13.97
2026-09-09T14:27:18.855,1788944238.8554,332,-8193,-105.04,416,5.33
2026-09-09T14:27:18.855,1788944238.8554,333,7462,95.67,-283,-3.63
2026-09-09T14:27:18.873,1788944238.8733,334,-8585,-110.06,-464,-5.95
2026-09-09T14:27:18.873,1788944238.8733,335,7054,90.44,-664,-8.51
2026-09-09T14:27:18.887,1788944238.8871,336,-8793,-112.73,-818,-10.49
2026-09-09T14:27:18.887,1788944238.8871,337,6533,83.76,-1000,-12.82
2026-09-09T14:27:18.902,1788944238.9030,338,-8820,-113.08,-1137,-14.58
2026-09-09T14:27:18.918,1788944238.9190,339,5909,75.76,-1300,-16.67
2026-09-09T14:27:18.918,1788944238.9190,340,-8721,-111.81,-1431,-18.35
2026-09-09T14:27:18.934,1788944238.9348,341,5285,67.76,-1562,-20.03
2026-09-09T14:27:18.934,1788944238.9348,342,-8497,-108.94,-1662,-21.31
2026-09-09T14:27:18.970,1788944238.9707,343,7858,100.74,-963,-12.35
2026-09-09T14:27:18.978,1788944238.9787,344,-8056,-103.28,-210,-2.69
2026-09-09T14:27:18.982,1788944238.9825,345,8070,103.46,-46,-0.59
2026-09-09T14:27:18.982,1788944238.9825,346,-7482,-95.92,150,1.92
2026-09-09T14:27:18.998,1788944238.9981,347,8125,104.17,307,3.94
2026-09-09T14:27:19.014,1788944239.0141,348,-6745,-86.47,505,6.47
2026-09-09T14:27:19.030,1788944239.0301,349,8071,103.47,676,8.67
2026-09-09T14:27:19.046,1788944239.0461,350,-5929,-76.01,867,11.12
2026-09-09T14:27:19.046,1788944239.0461,351,7875,100.96,1022,13.1
2026-09-09T14:27:19.046,1788944239.0461,352,-8070,-103.46,437,5.6
2026-09-09T14:27:19.046,1788944239.0461,353,7583,97.22,-171,-2.19
2026-09-09T14:27:19.062,1788944239.0622,354,-8470,-108.59,-344,-4.41
2026-09-09T14:27:19.078,1788944239.0781,355,7186,92.13,-543,-6.96
2026-09-09T14:27:19.078,1788944239.0781,356,-8742,-112.08,-710,-9.1
2026-09-09T14:27:19.094,1788944239.0942,357,6665,85.45,-909,-11.65
2026-09-09T14:27:19.110,1788944239.1103,358,-8813,-112.99,-1057,-13.55
2026-09-09T14:27:19.116,1788944239.1164,359,6076,77.9,-1222,-15.67
2026-09-09T14:27:19.128,1788944239.1284,360,-8747,-112.14,-1352,-17.33
2026-09-09T14:27:19.142,1788944239.1425,361,5461,70.01,-1490,-19.1
2026-09-09T14:27:19.142,1788944239.1425,362,-8552,-109.64,-1595,-20.45
2026-09-09T14:27:19.160,1788944239.1606,363,7841,100.53,-951,-12.19
2026-09-09T14:27:19.174,1788944239.1743,364,-8171,-104.76,-261,-3.35
2026-09-09T14:27:19.174,1788944239.1743,365,8069,103.45,-108,-1.38
2026-09-09T14:27:19.206,1788944239.2064,366,-7601,-97.45,91,1.17
2026-09-09T14:27:19.206,1788944239.2064,367,8132,104.26,249,3.19
2026-09-09T14:27:19.216,1788944239.2166,368,-6916,-88.67,436,5.59
2026-09-09T14:27:19.216,1788944239.2166,369,8106,103.92,601,7.71
2026-09-09T14:27:19.224,1788944239.2242,370,-6128,-78.56,792,10.15
2026-09-09T14:27:19.238,1788944239.2383,371,7951,101.94,950,12.18
2026-09-09T14:27:19.238,1788944239.2383,372,-7964,-102.1,452,5.79
2026-09-09T14:27:19.254,1788944239.2545,373,7670,98.33,-77,-0.99
2026-09-09T14:27:19.270,1788944239.2703,374,-8424,-108.0,-262,-3.36
2026-09-09T14:27:19.270,1788944239.2703,375,7269,93.19,-478,-6.13
2026-09-09T14:27:19.286,1788944239.2865,376,-8712,-111.69,-650,-8.33
2026-09-09T14:27:19.302,1788944239.3022,377,6776,86.87,-845,-10.83
2026-09-09T14:27:19.302,1788944239.3022,378,-8819,-113.06,-995,-12.76
2026-09-09T14:27:19.317,1788944239.3179,379,6203,79.53,-1165,-14.94
2026-09-09T14:27:19.317,1788944239.3179,380,-8790,-112.69,-1301,-16.68
2026-09-09T14:27:19.334,1788944239.3340,381,5604,71.85,-1444,-18.51
2026-09-09T14:27:19.365,1788944239.3658,382,-8606,-110.33,-1547,-19.83
2026-09-09T14:27:19.365,1788944239.3658,383,7783,99.78,-957,-12.27
2026-09-09T14:27:19.365,1788944239.3658,384,-8274,-106.08,-329,-4.22
2026-09-09T14:27:19.383,1788944239.3835,385,8027,102.91,-185,-2.37
2026-09-09T14:27:19.383,1788944239.3835,386,-7752,-99.38,7,0.09
2026-09-09T14:27:19.397,1788944239.3975,387,8130,104.23,163,2.09
2026-09-09T14:27:19.397,1788944239.3975,388,-7075,-90.71,358,4.59
2026-09-09T14:27:19.416,1788944239.4168,389,8125,104.17,526,6.74
2026-09-09T14:27:19.429,1788944239.4294,390,-6306,-80.85,717,9.19
2026-09-09T14:27:19.429,1788944239.4294,391,7970,102.18,870,11.15
2026-09-09T14:27:19.445,1788944239.4454,392,-7853,-100.68,445,5.71
2026-09-09T14:27:19.461,1788944239.4611,393,7726,99.05,-3,-0.04
2026-09-09T14:27:19.477,1788944239.4772,394,-8353,-107.09,-189,-2.42
2026-09-09T14:27:19.477,1788944239.4772,395,7365,94.42,-404,-5.18
2026-09-09T14:27:19.477,1788944239.4772,396,-8641,-110.78,-566,-7.26
2026-09-09T14:27:19.493,1788944239.4932,397,6872,88.1,-762,-9.77
2026-09-09T14:27:19.527,1788944239.5270,398,-8820,-113.08,-930,-11.92
2026-09-09T14:27:19.538,1788944239.5380,399,6327,81.12,-1111,-14.24
2026-09-09T14:27:19.543,1788944239.5432,400,-8815,-113.01,-1246,-15.97
2026-09-09T14:27:19.543,1788944239.5432,401,5712,73.23,-1398,-17.92
2026-09-09T14:27:19.543,1788944239.5432,402,-8664,-111.08,-1514,-19.41
2026-09-09T14:27:19.559,1788944239.5593,403,7687,98.55,-983,-12.6
2026-09-09T14:27:19.559,1788944239.5593,404,-8371,-107.32,-416,-5.33
2026-09-09T14:27:19.574,1788944239.5740,405,7971,102.19,-271,-3.47
2026-09-09T14:27:19.589,1788944239.5893,406,-7906,-101.36,-84,-1.08
2026-09-09T14:27:19.589,1788944239.5893,407,8115,104.04,68,0.87
2026-09-09T14:27:19.607,1788944239.6080,408,-7252,-92.97,268,3.44
2026-09-09T14:27:19.617,1788944239.6175,409,8129,104.22,435,5.58
2026-09-09T14:27:19.636,1788944239.6369,410,-6479,-83.06,631,8.09
2026-09-09T14:27:19.636,1788944239.6369,411,8027,102.91,799,10.24
2026-09-09T14:27:19.652,1788944239.6527,412,-7725,-99.04,462,5.92
2026-09-09T14:27:19.652,1788944239.6527,413,7783,99.78,90,1.15
2026-09-09T14:27:19.668,1788944239.6685,414,-8253,-105.81,-103,-1.32
2026-09-09T14:27:19.668,1788944239.6685,415,7458,95.62,-317,-4.06
2026-09-09T14:27:19.700,1788944239.7002,416,-8613,-110.42,-488,-6.26
2026-09-09T14:27:19.716,1788944239.7163,417,6989,89.6,-695,-8.91
2026-09-09T14:27:19.721,1788944239.7214,418,-8808,-112.92,-861,-11.04
2026-09-09T14:27:19.721,1788944239.7214,419,6453,82.73,-1044,-13.38
2026-09-09T14:27:19.721,1788944239.7214,420,-8823,-113.12,-1182,-15.15
2026-09-09T14:27:19.733,1788944239.7331,421,5845,74.94,-1337,-17.14
2026-09-09T14:27:19.748,1788944239.7482,422,-8716,-111.74,-1463,-18.76
2026-09-09T14:27:19.748,1788944239.7482,423,7604,97.49,-996,-12.77
2026-09-09T14:27:19.764,1788944239.7640,424,-8460,-108.46,-492,-6.31
2026-09-09T14:27:19.779,1788944239.7798,425,7927,101.63,-348,-4.46
2026-09-09T14:27:19.779,1788944239.7798,426,-8015,-102.76,-156,-2.0
2026-09-09T14:27:19.795,1788944239.7956,427,8071,103.47,-8,-0.1
2026-09-09T14:27:19.818,1788944239.8180,428,-7409,-94.99,179,2.29
2026-09-09T14:27:19.818,1788944239.8180,429,8146,104.44,349,4.47
2026-09-09T14:27:19.827,1788944239.8276,430,-6660,-85.38,555,7.12
2026-09-09T14:27:19.827,1788944239.8276,431,8051,103.22,719,9.22
2026-09-09T14:27:19.843,1788944239.8436,432,-7586,-97.26,464,5.95
2026-09-09T14:27:19.875,1788944239.8757,433,7840,100.51,179,2.29
2026-09-09T14:27:19.875,1788944239.8757,434,-8161,-104.63,-17,-0.22
2026-09-09T14:27:19.875,1788944239.8757,435,7547,96.76,-234,-3.0
2026-09-09T14:27:19.891,1788944239.8914,436,-8541,-109.5,-402,-5.15
2026-09-09T14:27:19.891,1788944239.8914,437,7130,91.41,-602,-7.72
2026-09-09T14:27:19.907,1788944239.9071,438,-8781,-112.58,-766,-9.82
2026-09-09T14:27:19.918,1788944239.9181,439,6581,84.37,-963,-12.35
2026-09-09T14:27:19.923,1788944239.9232,440,-8860,-113.59,-1120,-14.36
2026-09-09T14:27:19.939,1788944239.9391,441,5989,76.78,-1288,-16.51
2026-09-09T14:27:19.939,1788944239.9391,442,-8781,-112.58,-1416,-18.15
2026-09-09T14:27:19.955,1788944239.9552,443,7535,96.6,-1010,-12.95
2026-09-09T14:27:19.955,1788944239.9552,444,-8545,-109.55,-564,-7.23
2026-09-09T14:27:19.986,1788944239.9866,445,7891,101.17,-416,-5.33
2026-09-09T14:27:19.986,1788944239.9866,446,-8136,-104.31,-225,-2.88
2026-09-09T14:27:20.002,1788944240.0026,447,8099,103.83,-71,-0.91
2026-09-09T14:27:20.002,1788944240.0026,448,-7546,-96.74,129,1.65
2026-09-09T14:27:20.017,1788944240.0180,449,8166,104.69,293,3.76
2026-09-09T14:27:20.049,1788944240.0495,450,-6833,-87.6,488,6.26
2026-09-09T14:27:20.049,1788944240.0495,451,8112,104.0,653,8.37
2026-09-09T14:27:20.065,1788944240.0655,452,-7442,-95.41,487,6.24
2026-09-09T14:27:20.065,1788944240.0655,453,7941,101.81,292,3.74
2026-09-09T14:27:20.065,1788944240.0655,454,-8070,-103.46,92,1.18
2026-09-09T14:27:20.065,1788944240.0655,455,7652,98.1,-137,-1.76
2026-09-09T14:27:20.081,1788944240.0813,456,-8477,-108.68,-311,-3.99
2026-09-09T14:27:20.097,1788944240.0971,457,7231,92.71,-518,-6.64
2026-09-09T14:27:20.112,1788944240.1128,458,-8761,-112.32,-694,-8.9
2026-09-09T14:27:20.119,1788944240.1194,459,6734,86.33,-890,-11.41
2026-09-09T14:27:20.128,1788944240.1285,460,-8856,-113.54,-1038,-13.31
2026-09-09T14:27:20.128,1788944240.1285,461,6122,78.49,-1214,-15.56
2026-09-09T14:27:20.144,1788944240.1443,462,-8786,-112.64,-1350,-17.31
2026-09-09T14:27:20.160,1788944240.1604,463,7460,95.64,-998,-12.79
2026-09-09T14:27:20.160,1788944240.1604,464,-8602,-110.28,-617,-7.91
2026-09-09T14:27:20.176,1788944240.1765,465,7815,100.19,-483,-6.19
2026-09-09T14:27:20.192,1788944240.1921,466,-8262,-105.92,-309,-3.96
2026-09-09T14:27:20.192,1788944240.1921,467,8059,103.32,-163,-2.09
2026-09-09T14:27:20.223,1788944240.2238,468,-7692,-98.62,41,0.53
2026-09-09T14:27:20.223,1788944240.2238,469,8146,104.44,205,2.63
2026-09-09T14:27:20.239,1788944240.2399,470,-7002,-89.77,399,5.12
2026-09-09T14:27:20.239,1788944240.2399,471,8124,104.15,566,7.26
2026-09-09T14:27:20.239,1788944240.2399,472,-7282,-93.36,491,6.29
2026-09-09T14:27:20.255,1788944240.2557,473,7957,102.01,379,4.86
2026-09-09T14:27:20.255,1788944240.2557,474,-7954,-101.97,169,2.17
2026-09-09T14:27:20.271,1788944240.2714,475,7697,98.68,-64,-0.82
2026-09-09T14:27:20.287,1788944240.2874,476,-8409,-107.81,-243,-3.12
2026-09-09T14:27:20.287,1788944240.2874,477,7316,93.79,-452,-5.79
2026-09-09T14:27:20.303,1788944240.3033,478,-8709,-111.65,-622,-7.97
2026-09-09T14:27:20.319,1788944240.3198,479,6839,87.68,-816,-10.46
2026-09-09T14:27:20.335,1788944240.3351,480,-8848,-113.44,-970,-12.44
2026-09-09T14:27:20.335,1788944240.3351,481,6263,80.29,-1149,-14.73
2026-09-09T14:27:20.351,1788944240.3512,482,-8822,-113.1,-1286,-16.49
2026-09-09T14:27:20.351,1788944240.3512,483,7356,94.31,-1007,-12.91
2026-09-09T14:27:20.382,1788944240.3829,484,-8659,-111.01,-693,-8.88
2026-09-09T14:27:20.398,1788944240.3989,485,7760,99.49,-551,-7.06
2026-09-09T14:27:20.398,1788944240.3989,486,-8350,-107.05,-373,-4.78
2026-09-09T14:27:20.398,1788944240.3989,487,7999,102.55,-236,-3.03
2026-09-09T14:27:20.398,1788944240.3989,488,-7841,-100.53,-49,-0.63
2026-09-09T14:27:20.420,1788944240.4206,489,8131,104.24,112,1.44
2026-09-09T14:27:20.431,1788944240.4311,490,-7167,-91.88,313,4.01
2026-09-09T14:27:20.431,1788944240.4311,491,8166,104.69,490,6.28
2026-09-09T14:27:20.447,1788944240.4472,492,-7118,-91.26,511,6.55
2026-09-09T14:27:20.447,1788944240.4472,493,8027,102.91,489,6.27
2026-09-09T14:27:20.463,1788944240.4631,494,-7805,-100.06,282,3.62
2026-09-09T14:27:20.478,1788944240.4788,495,7779,99.73,49,0.63
2026-09-09T14:27:20.494,1788944240.4947,496,-8321,-106.68,-142,-1.82
2026-09-09T14:27:20.494,1788944240.4947,497,7454,95.56,-353,-4.53
2026-09-09T14:27:20.494,1788944240.4947,498,-8653,-110.94,-517,-6.63
2026-09-09T14:27:20.520,1788944240.5205,499,6964,89.28,-722,-9.26
2026-09-09T14:27:20.526,1788944240.5270,500,-8821,-113.09,-887,-11.37
2026-09-09T14:27:20.560,1788944240.5607,501,6734,86.33,-986,-12.64
2026-09-09T14:27:20.560,1788944240.5607,502,-8843,-113.37,-1049,-13.45
2026-09-09T14:27:20.560,1788944240.5607,503,7288,93.44,-916,-11.74
2026-09-09T14:27:20.574,1788944240.5748,504,-8708,-111.64,-744,-9.54
2026-09-09T14:27:20.574,1788944240.5748,505,7683,98.5,-612,-7.85
2026-09-09T14:27:20.590,1788944240.5907,506,-8416,-107.9,-440,-5.64
2026-09-09T14:27:20.590,1788944240.5907,507,7979,102.29,-293,-3.76
2026-09-09T14:27:20.609,1788944240.6094,508,-7975,-102.24,-109,-1.4
2026-09-09T14:27:20.622,1788944240.6225,509,8118,104.08,36,0.46
2026-09-09T14:27:20.622,1788944240.6225,510,-7325,-93.91,234,3.0
2026-09-09T14:27:20.638,1788944240.6386,511,8157,104.58,406,5.21
2026-09-09T14:27:20.638,1788944240.6386,512,-6927,-88.81,515,6.6
2026-09-09T14:27:20.654,1788944240.6543,513,8078,103.56,595,7.63
2026-09-09T14:27:20.670,1788944240.6702,514,-7662,-98.23,391,5.01
2026-09-09T14:27:20.670,1788944240.6702,515,7851,100.65,151,1.94
2026-09-09T14:27:20.686,1788944240.6861,516,-8206,-105.21,-42,-0.54
2026-09-09T14:27:20.705,1788944240.7057,517,7522,96.44,-260,-3.33
2026-09-09T14:27:20.730,1788944240.7306,518,-8602,-110.28,-441,-5.65
2026-09-09T14:27:20.734,1788944240.7343,519,7093,90.94,-648,-8.31
2026-09-09T14:27:20.734,1788944240.7343,520,-8806,-112.9,-806,-10.33
2026-09-09T14:27:20.734,1788944240.7343,521,6605,84.68,-979,-12.55
2026-09-09T14:27:20.749,1788944240.7493,522,-8853,-113.5,-1113,-14.27
2026-09-09T14:27:20.749,1788944240.7493,523,7159,91.78,-986,-12.64
2026-09-09T14:27:20.765,1788944240.7653,524,-8750,-112.18,-822,-10.54
2026-09-09T14:27:20.781,1788944240.7811,525,7586,97.26,-689,-8.83
2026-09-09T14:27:20.781,1788944240.7811,526,-8490,-108.85,-517,-6.63
2026-09-09T14:27:20.796,1788944240.7969,527,7918,101.51,-369,-4.73
2026-09-09T14:27:20.796,1788944240.7969,528,-8081,-103.6,-184,-2.36
2026-09-09T14:27:20.812,1788944240.8128,529,8093,103.76,-38,-0.49
2026-09-09T14:27:20.838,1788944240.8383,530,-7499,-96.14,151,1.94
2026-09-09T14:27:20.844,1788944240.8450,531,8156,104.56,312,4.0
2026-09-09T14:27:20.844,1788944240.8450,532,-6736,-86.36,519,6.65
2026-09-09T14:27:20.860,1788944240.8607,533,8090,103.72,693,8.88
2026-09-09T14:27:20.860,1788944240.8607,534,-7511,-96.29,483,6.19
2026-09-09T14:27:20.892,1788944240.8924,535,7883,101.06,237,3.04
2026-09-09T14:27:20.908,1788944240.9082,536,-8123,-104.14,33,0.42
2026-09-09T14:27:20.908,1788944240.9082,537,7610,97.56,-189,-2.42
2026-09-09T14:27:20.908,1788944240.9082,538,-8499,-108.96,-351,-4.5
2026-09-09T14:27:20.920,1788944240.9207,539,7217,92.53,-543,-6.96
2026-09-09T14:27:20.924,1788944240.9243,540,-8751,-112.19,-704,-9.03
2026-09-09T14:27:20.940,1788944240.9402,541,6441,82.58,-961,-12.32
2026-09-09T14:27:20.940,1788944240.9402,542,-8858,-113.56,-1182,-15.15
2026-09-09T14:27:20.956,1788944240.9561,543,7063,90.55,-1053,-13.5
2026-09-09T14:27:20.956,1788944240.9561,544,-8764,-112.36,-874,-11.21
2026-09-09T14:27:20.972,1788944240.9720,545,7518,96.38,-737,-9.45
2026-09-09T14:27:20.987,1788944240.9877,546,-8572,-109.9,-575,-7.37
2026-09-09T14:27:21.003,1788944241.0034,547,7857,100.73,-443,-5.68
2026-09-09T14:27:21.003,1788944241.0034,548,-8191,-105.01,-263,-3.37
2026-09-09T14:27:21.020,1788944241.0209,549,8069,103.45,-114,-1.46
2026-09-09T14:27:21.020,1788944241.0209,550,-7630,-97.82,79,1.01
2026-09-09T14:27:21.035,1788944241.0356,551,8179,104.86,247,3.17
2026-09-09T14:27:21.067,1788944241.0676,552,-6546,-83.92,545,6.99
2026-09-09T14:27:21.067,1788944241.0676,553,8126,104.18,803,10.29
2026-09-09T14:27:21.067,1788944241.0676,554,-7357,-94.32,587,7.53
2026-09-09T14:27:21.067,1788944241.0676,555,7978,102.28,347,4.45
2026-09-09T14:27:21.083,1788944241.0836,556,-7996,-102.51,150,1.92
2026-09-09T14:27:21.099,1788944241.0995,557,7686,98.54,-82,-1.05
2026-09-09T14:27:21.099,1788944241.0995,558,-8448,-108.31,-268,-3.44
2026-09-09T14:27:21.121,1788944241.1210,559,7297,93.55,-479,-6.14
2026-09-09T14:27:21.131,1788944241.1316,560,-8732,-111.95,-647,-8.29
2026-09-09T14:27:21.131,1788944241.1316,561,6272,80.41,-974,-12.49
2026-09-09T14:27:21.147,1788944241.1477,562,-8871,-113.73,-1265,-16.22
2026-09-09T14:27:21.163,1788944241.1636,563,6926,88.79,-1136,-14.56
2026-09-09T14:27:21.163,1788944241.1636,564,-8813,-112.99,-958,-12.28
2026-09-09T14:27:21.181,1788944241.1816,565,7433,95.29,-817,-10.47
2026-09-09T14:27:21.181,1788944241.1816,566,-8638,-110.74,-647,-8.29
2026-09-09T14:27:21.195,1788944241.1957,567,7788,99.85,-514,-6.59
2026-09-09T14:27:21.211,1788944241.2118,568,-8301,-106.42,-341,-4.37
2026-09-09T14:27:21.243,1788944241.2438,569,8032,102.97,-196,-2.51
2026-09-09T14:27:21.243,1788944241.2438,570,-7768,-99.59,-2,-0.03
2026-09-09T14:27:21.243,1788944241.2438,571,8147,104.45,160,2.05
2026-09-09T14:27:21.243,1788944241.2438,572,-6355,-81.47,542,6.95
2026-09-09T14:27:21.259,1788944241.2598,573,8154,104.54,897,11.5
2026-09-09T14:27:21.259,1788944241.2598,574,-7205,-92.37,687,8.81
2026-09-09T14:27:21.275,1788944241.2757,575,8011,102.71,438,5.62
2026-09-09T14:27:21.291,1788944241.2917,576,-7877,-100.99,235,3.01
2026-09-09T14:27:21.291,1788944241.2917,577,7743,99.27,0,0.0
2026-09-09T14:27:21.307,1788944241.3075,578,-8369,-107.29,-190,-2.44
2026-09-09T14:27:21.307,1788944241.3075,579,7374,94.54,-406,-5.21
2026-09-09T14:27:21.339,1788944241.3394,580,-8677,-111.24,-575,-7.37
2026-09-09T14:27:21.339,1788944241.3394,581,6112,78.36,-967,-12.4
2026-09-09T14:27:21.339,1788944241.3394,582,-8824,-113.13,-1320,-16.92
2026-09-09T14:27:21.355,1788944241.3553,583,6798,87.15,-1185,-15.19
2026-09-09T14:27:21.371,1788944241.3713,584,-8842,-113.36,-1018,-13.05
2026-09-09T14:27:21.371,1788944241.3713,585,7325,93.91,-891,-11.42
2026-09-09T14:27:21.403,1788944241.4033,586,-8695,-111.47,-722,-9.26
2026-09-09T14:27:21.403,1788944241.4033,587,7724,99.03,-586,-7.51
2026-09-09T14:27:21.419,1788944241.4190,588,-8382,-107.46,-408,-5.23
2026-09-09T14:27:21.421,1788944241.4217,589,8008,102.67,-258,-3.31
2026-09-09T14:27:21.421,1788944241.4217,590,-7909,-101.4,-69,-0.88
2026-09-09T14:27:21.434,1788944241.4349,591,8147,104.45,84,1.08
2026-09-09T14:27:21.451,1788944241.4510,592,-6131,-78.6,563,7.22
2026-09-09T14:27:21.451,1788944241.4510,593,8166,104.69,1012,12.97
2026-09-09T14:27:21.466,1788944241.4668,594,-7026,-90.08,793,10.17
2026-09-09T14:27:21.466,1788944241.4668,595,8059,103.32,543,6.96
2026-09-09T14:27:21.482,1788944241.4825,596,-7749,-99.35,335,4.29
2026-09-09T14:27:21.498,1788944241.4984,597,7815,100.19,94,1.21
2026-09-09T14:27:21.514,1788944241.5145,598,-8269,-106.01,-97,-1.24
2026-09-09T14:27:21.514,1788944241.5145,599,7478,95.87,-312,-4.0
2026-09-09T14:27:21.530,1788944241.5302,600,-8629,-110.63,-486,-6.23
2026-09-09T14:27:21.530,1788944241.5302,601,5932,76.05,-962,-12.33
2026-09-09T14:27:21.563,1788944241.5634,602,-8816,-113.03,-1396,-17.9
2026-09-09T14:27:21.578,1788944241.5780,603,6651,85.27,-1263,-16.19
2026-09-09T14:27:21.578,1788944241.5780,604,-8843,-113.37,-1090,-13.97
2026-09-09T14:27:21.578,1788944241.5780,605,7229,92.68,-952,-12.21
2026-09-09T14:27:21.578,1788944241.5780,606,-8728,-111.9,-779,-9.99
2026-09-09T14:27:21.601,1788944241.6011,607,7664,98.26,-641,-8.22
2026-09-09T14:27:21.609,1788944241.6098,608,-8448,-108.31,-462,-5.92
2026-09-09T14:27:21.622,1788944241.6220,609,7959,102.04,-319,-4.09
2026-09-09T14:27:21.625,1788944241.6256,610,-8043,-103.12,-144,-1.85
2026-09-09T14:27:21.625,1788944241.6256,611,8107,103.94,-5,-0.06
2026-09-09T14:27:21.641,1788944241.6416,612,-5920,-75.9,562,7.21
2026-09-09T14:27:21.657,1788944241.6577,613,8146,104.44,1103,14.14
2026-09-09T14:27:21.673,1788944241.6735,614,-6855,-87.88,879,11.27
2026-09-09T14:27:21.673,1788944241.6735,615,8076,103.54,628,8.05
2026-09-09T14:27:21.689,1788944241.6893,616,-7614,-97.62,420,5.38
2026-09-09T14:27:21.689,1788944241.6893,617,7852,100.67,175,2.24
2026-09-09T14:27:21.707,1788944241.7070,618,-8161,-104.63,-18,-0.23
2026-09-09T14:27:21.737,1788944241.7376,619,7531,96.55,-235,-3.01
2026-09-09T14:27:21.737,1788944241.7376,620,-8561,-109.76,-415,-5.32
2026-09-09T14:27:21.753,1788944241.7533,621,5745,73.65,-962,-12.33
2026-09-09T14:27:21.753,1788944241.7533,622,-8769,-112.42,-1460,-18.72
2026-09-09T14:27:21.753,1788944241.7533,623,6499,83.32,-1324,-16.97
2026-09-09T14:27:21.769,1788944241.7692,624,-8843,-113.37,-1154,-14.79
2026-09-09T14:27:21.769,1788944241.7692,625,7105,91.09,-1021,-13.09
2026-09-09T14:27:21.784,1788944241.7849,626,-8741,-112.06,-844,-10.82
2026-09-09T14:27:21.800,1788944241.8008,627,7560,96.92,-705,-9.04
2026-09-09T14:27:21.800,1788944241.8008,628,-8513,-109.14,-534,-6.85
2026-09-09T14:27:21.816,1788944241.8165,629,7891,101.17,-394,-5.05
2026-09-09T14:27:21.832,1788944241.8326,630,-8108,-103.95,-210,-2.69
2026-09-09T14:27:21.848,1788944241.8486,631,8079,103.58,-62,-0.79
2026-09-09T14:27:21.848,1788944241.8486,632,-5677,-72.78,593,7.6
2026-09-09T14:27:21.848,1788944241.8486,633,8138,104.33,1215,15.58
2026-09-09T14:27:21.872,1788944241.8728,634,-6639,-85.12,990,12.69
2026-09-09T14:27:21.880,1788944241.8809,635,8108,103.95,742,9.51
2026-09-09T14:27:21.912,1788944241.9126,636,-7442,-95.41,533,6.83
2026-09-09T14:27:21.912,1788944241.9126,637,7921,101.55,286,3.67
2026-09-09T14:27:21.922,1788944241.9229,638,-8058,-103.31,85,1.09
2026-09-09T14:27:21.922,1788944241.9229,639,7624,97.74,-143,-1.83
2026-09-09T14:27:21.928,1788944241.9285,640,-8478,-108.69,-322,-4.13
2026-09-09T14:27:21.928,1788944241.9285,641,5569,71.4,-941,-12.06
2026-09-09T14:27:21.944,1788944241.9448,642,-8753,-112.22,-1524,-19.54
2026-09-09T14:27:21.960,1788944241.9604,643,6355,81.47,-1396,-17.9
2026-09-09T14:27:21.960,1788944241.9604,644,-8840,-113.33,-1221,-15.65
2026-09-09T14:27:21.976,1788944241.9765,645,6981,89.5,-1086,-13.92
2026-09-09T14:27:21.976,1788944241.9765,646,-8786,-112.64,-916,-11.74
2026-09-09T14:27:21.994,1788944241.9949,647,7476,95.85,-779,-9.99
2026-09-09T14:27:22.024,1788944242.0246,648,-8578,-109.97,-603,-7.73
2026-09-09T14:27:22.024,1788944242.0246,649,7839,100.5,-461,-5.91
2026-09-09T14:27:22.024,1788944242.0246,650,-8230,-105.51,-283,-3.63
2026-09-09T14:27:22.040,1788944242.0406,651,8038,103.05,-146,-1.87
2026-09-09T14:27:22.040,1788944242.0406,652,-5465,-70.06,595,7.63
2026-09-09T14:27:22.072,1788944242.0725,653,8130,104.23,1309,16.78
2026-09-09T14:27:22.088,1788944242.0884,654,-6468,-82.92,1081,13.86
2026-09-09T14:27:22.088,1788944242.0884,655,8116,104.05,827,10.6
2026-09-09T14:27:22.088,1788944242.0884,656,-7290,-93.46,618,7.92
2026-09-09T14:27:22.088,1788944242.0884,657,7981,102.32,379,4.86
2026-09-09T14:27:22.104,1788944242.1044,658,-7942,-101.82,182,2.33
2026-09-09T14:27:22.104,1788944242.1044,659,7697,98.68,-52,-0.67
2026-09-09T14:27:22.125,1788944242.1252,660,-8417,-107.91,-242,-3.1
2026-09-09T14:27:22.137,1788944242.1371,661,5377,68.94,-940,-12.05
2026-09-09T14:27:22.137,1788944242.1371,662,-8681,-111.29,-1586,-20.33
2026-09-09T14:27:22.152,1788944242.1522,663,6195,79.42,-1448,-18.56
2026-09-09T14:27:22.168,1788944242.1680,664,-8824,-113.13,-1279,-16.4
2026-09-09T14:27:22.183,1788944242.1838,665,6853,87.86,-1150,-14.74
2026-09-09T14:27:22.183,1788944242.1838,666,-8814,-113.0,-983,-12.6
2026-09-09T14:27:22.199,1788944242.1998,667,7372,94.51,-851,-10.91
2026-09-09T14:27:22.199,1788944242.1998,668,-8639,-110.76,-678,-8.69
2026-09-09T14:27:22.223,1788944242.2235,669,7743,99.27,-541,-6.94
2026-09-09T14:27:22.247,1788944242.2476,670,-8319,-106.65,-368,-4.72
2026-09-09T14:27:22.247,1788944242.2476,671,8003,102.6,-223,-2.86
2026-09-09T14:27:22.263,1788944242.2634,672,-5225,-66.99,615,7.88
2026-09-09T14:27:22.263,1788944242.2634,673,8130,104.23,1420,18.21
2026-09-09T14:27:22.263,1788944242.2634,674,-6256,-80.21,1194,15.31
2026-09-09T14:27:22.279,1788944242.2792,675,8137,104.32,938,12.03
2026-09-09T14:27:22.279,1788944242.2792,676,-7134,-91.46,721,9.24
2026-09-09T14:27:22.294,1788944242.2950,677,7994,102.49,465,5.96
2026-09-09T14:27:22.294,1788944242.2950,678,-7817,-100.22,259,3.32
2026-09-09T14:27:22.310,1788944242.3109,679,7746,99.31,26,0.33
2026-09-09T14:27:22.326,1788944242.3266,680,-8333,-106.83,-165,-2.12
2026-09-09T14:27:22.342,1788944242.3426,681,5194,66.59,-932,-11.95
2026-09-09T14:27:22.358,1788944242.3586,682,-8657,-110.99,-1651,-21.17
2026-09-09T14:27:22.358,1788944242.3586,683,6032,77.33,-1522,-19.51
2026-09-09T14:27:22.358,1788944242.3586,684,-8836,-113.28,-1358,-17.41
2026-09-09T14:27:22.374,1788944242.3744,685,6738,86.38,-1226,-15.72
2026-09-09T14:27:22.390,1788944242.3903,686,-8838,-113.31,-1050,-13.46
2026-09-09T14:27:22.406,1788944242.4064,687,7285,93.4,-914,-11.72
2026-09-09T14:27:22.423,1788944242.4238,688,-8691,-111.42,-740,-9.49
2026-09-09T14:27:22.423,1788944242.4238,689,7672,98.36,-607,-7.78
2026-09-09T14:27:22.423,1788944242.4238,690,-8415,-107.88,-441,-5.65
2026-09-09T14:27:22.438,1788944242.4381,691,7964,102.1,-299,-3.83
2026-09-09T14:27:22.453,1788944242.4538,692,-5016,-64.31,624,8.0
2026-09-09T14:27:22.453,1788944242.4538,693,8100,103.85,1508,19.33
2026-09-09T14:27:22.469,1788944242.4698,694,-6059,-77.68,1281,16.42
2026-09-09T14:27:22.469,1788944242.4698,695,8123,104.14,1026,13.15
2026-09-09T14:27:22.485,1788944242.4858,696,-6981,-89.5,801,10.27
2026-09-09T14:27:22.485,1788944242.4858,697,8037,103.04,549,7.04
2026-09-09T14:27:22.517,1788944242.5173,698,-7708,-98.82,346,4.44
2026-09-09T14:27:22.524,1788944242.5241,699,7821,100.27,110,1.41
2026-09-09T14:27:22.533,1788944242.5332,700,-8236,-105.59,-76,-0.97
2026-09-09T14:27:22.533,1788944242.5332,701,4992,64.0,-915,-11.73
2026-09-09T14:27:22.549,1788944242.5491,702,-8595,-110.19,-1712,-21.95
2026-09-09T14:27:22.580,1788944242.5807,703,5878,75.36,-1580,-20.26
2026-09-09T14:27:22.580,1788944242.5807,704,-8811,-112.96,-1413,-18.12
2026-09-09T14:27:22.580,1788944242.5807,705,6616,84.82,-1282,-16.44
2026-09-09T14:27:22.596,1788944242.5965,706,-8833,-113.24,-1103,-14.14
2026-09-09T14:27:22.596,1788944242.5965,707,7199,92.29,-963,-12.35
2026-09-09T14:27:22.612,1788944242.6122,708,-8715,-111.73,-788,-10.1
2026-09-09T14:27:22.614,1788944242.6145,709,7642,97.97,-648,-8.31
2026-09-09T14:27:22.628,1788944242.6281,710,-8447,-108.29,-470,-6.03
2026-09-09T14:27:22.644,1788944242.6441,711,7929,101.65,-331,-4.24
2026-09-09T14:27:22.644,1788944242.6441,712,-4776,-61.23,658,8.44
2026-09-09T14:27:22.659,1788944242.6598,713,8084,103.64,1615,20.71
2026-09-09T14:27:22.659,1788944242.6598,714,-5851,-75.01,1385,17.76
2026-09-09T14:27:22.691,1788944242.6918,715,8171,104.76,1138,14.59
2026-09-09T14:27:22.691,1788944242.6918,716,-6790,-87.05,925,11.86
2026-09-09T14:27:22.691,1788944242.6918,717,8084,103.64,668,8.56
2026-09-09T14:27:22.707,1788944242.7079,718,-7549,-96.78,457,5.86
2026-09-09T14:27:22.707,1788944242.7079,719,7889,101.14,218,2.79
2026-09-09T14:27:22.748,1788944242.7489,720,-8121,-104.12,27,0.35
2026-09-09T14:27:22.756,1788944242.7564,721,4811,61.68,-886,-11.36
2026-09-09T14:27:22.756,1788944242.7564,722,-8533,-109.4,-1758,-22.54
2026-09-09T14:27:22.756,1788944242.7564,723,5733,73.5,-1631,-20.91
2026-09-09T14:27:22.756,1788944242.7564,724,-8752,-112.21,-1455,-18.65
2026-09-09T14:27:22.772,1788944242.7723,725,6459,82.81,-1328,-17.03
2026-09-09T14:27:22.788,1788944242.7885,726,-8839,-113.32,-1169,-14.99
2026-09-09T14:27:22.788,1788944242.7885,727,7077,90.73,-1036,-13.28
2026-09-09T14:27:22.804,1788944242.8045,728,-8781,-112.58,-867,-11.12
2026-09-09T14:27:22.820,1788944242.8206,729,7540,96.67,-737,-9.45
2026-09-09T14:27:22.825,1788944242.8254,730,-8525,-109.29,-557,-7.14
2026-09-09T14:27:22.836,1788944242.8364,731,7876,100.97,-409,-5.24
2026-09-09T14:27:22.852,1788944242.8526,732,-4562,-58.49,666,8.54
2026-09-09T14:27:22.852,1788944242.8526,733,8063,103.37,1703,21.83
2026-09-09T14:27:22.868,1788944242.8684,734,-5652,-72.46,1478,18.95
2026-09-09T14:27:22.868,1788944242.8684,735,8150,104.49,1227,15.73
2026-09-09T14:27:22.884,1788944242.8845,736,-6651,-85.27,999,12.81
2026-09-09T14:27:22.916,1788944242.9161,737,8097,103.81,736,9.44
2026-09-09T14:27:22.925,1788944242.9257,738,-7417,-95.09,531,6.81
2026-09-09T14:27:22.931,1788944242.9318,739,7913,101.45,294,3.77
2026-09-09T14:27:22.931,1788944242.9318,740,-8045,-103.14,91,1.17
2026-09-09T14:27:22.931,1788944242.9318,741,4607,59.06,-893,-11.45
2026-09-09T14:27:22.947,1788944242.9479,742,-8481,-108.73,-1828,-23.44
2026-09-09T14:27:22.947,1788944242.9479,743,5546,71.1,-1703,-21.83
2026-09-09T14:27:22.963,1788944242.9638,744,-8736,-112.0,-1532,-19.64
2026-09-09T14:27:22.979,1788944242.9800,745,6340,81.28,-1397,-17.91
2026-09-09T14:27:22.979,1788944242.9800,746,-8871,-113.73,-1232,-15.79
2026-09-09T14:27:22.995,1788944242.9958,747,6974,89.41,-1107,-14.19
2026-09-09T14:27:23.011,1788944243.0120,748,-8781,-112.58,-926,-11.87
2026-09-09T14:27:23.027,1788944243.0278,749,7469,95.76,-780,-10.0
2026-09-09T14:27:23.027,1788944243.0278,750,-8593,-110.17,-609,-7.81
2026-09-09T14:27:23.027,1788944243.0278,751,7804,100.05,-479,-6.14
2026-09-09T14:27:23.043,1788944243.0435,752,-4338,-55.62,669,8.58
2026-09-09T14:27:23.059,1788944243.0596,753,8036,103.03,1791,22.96
2026-09-09T14:27:23.075,1788944243.0757,754,-5460,-70.0,1568,20.1
2026-09-09T14:27:23.091,1788944243.0917,755,8127,104.19,1310,16.79
2026-09-09T14:27:23.091,1788944243.0917,756,-6466,-82.9,1082,13.87
2026-09-09T14:27:23.091,1788944243.0917,757,8126,104.18,830,10.64
2026-09-09T14:27:23.107,1788944243.1076,758,-7293,-93.5,623,7.99
2026-09-09T14:27:23.107,1788944243.1076,759,7955,101.99,373,4.78
2026-09-09T14:27:23.125,1788944243.1257,760,-7948,-101.9,167,2.14
2026-09-09T14:27:23.139,1788944243.1398,761,4416,56.62,-882,-11.31
2026-09-09T14:27:23.139,1788944243.1398,762,-8396,-107.64,-1878,-24.08
2026-09-09T14:27:23.155,1788944243.1558,763,5379,68.96,-1750,-22.44
2026-09-09T14:27:23.155,1788944243.1558,764,-8708,-111.64,-1587,-20.35
2026-09-09T14:27:23.190,1788944243.1907,765,6189,79.35,-1462,-18.74
2026-09-09T14:27:23.190,1788944243.1907,766,-8847,-113.42,-1295,-16.6
2026-09-09T14:27:23.203,1788944243.2035,767,6855,87.88,-1163,-14.91
2026-09-09T14:27:23.203,1788944243.2035,768,-8813,-112.99,-988,-12.67
2026-09-09T14:27:23.219,1788944243.2194,769,7362,94.38,-853,-10.94
2026-09-09T14:27:23.226,1788944243.2263,770,-8649,-110.88,-685,-8.78
2026-09-09T14:27:23.251,1788944243.2514,771,7757,99.45,-545,-6.99
2026-09-09T14:27:23.251,1788944243.2514,772,-4121,-52.83,686,8.79
2026-09-09T14:27:23.251,1788944243.2514,773,8009,102.68,1881,24.12
2026-09-09T14:27:23.270,1788944243.2704,774,-5235,-67.12,1665,21.35
2026-09-09T14:27:23.283,1788944243.2831,775,8128,104.21,1416,18.15
2026-09-09T14:27:23.283,1788944243.2831,776,-6266,-80.33,1188,15.23
2026-09-09T14:27:23.298,1788944243.2989,777,8115,104.04,927,11.88
2026-09-09T14:27:23.298,1788944243.2989,778,-7148,-91.64,704,9.03
2026-09-09T14:27:23.314,1788944243.3150,779,8000,102.56,454,5.82
2026-09-09T14:27:23.326,1788944243.3267,780,-7831,-100.4,255,3.27
2026-09-09T14:27:23.330,1788944243.3308,781,4237,54.32,-857,-10.99
2026-09-09T14:27:23.362,1788944243.3627,782,-8331,-106.81,-1922,-24.64
2026-09-09T14:27:23.362,1788944243.3627,783,5220,66.92,-1802,-23.1
2026-09-09T14:27:23.362,1788944243.3627,784,-8635,-110.71,-1632,-20.92
2026-09-09T14:27:23.381,1788944243.3811,785,6049,77.55,-1501,-19.24
2026-09-09T14:27:23.381,1788944243.3811,786,-8827,-113.17,-1341,-17.19
2026-09-09T14:27:23.394,1788944243.3947,787,6756,86.62,-1213,-15.55
2026-09-09T14:27:23.426,1788944243.4267,788,-8813,-112.99,-1032,-13.23
2026-09-09T14:27:23.426,1788944243.4267,789,7278,93.31,-898,-11.51
2026-09-09T14:27:23.426,1788944243.4267,790,-2785,-35.71,739,9.47
2026-09-09T14:27:23.426,1788944243.4267,791,7681,98.47,2347,30.09
2026-09-09T14:27:23.442,1788944243.4428,792,-3913,-50.17,2166,27.77
2026-09-09T14:27:23.458,1788944243.4589,793,7961,102.06,1954,25.05
2026-09-09T14:27:23.458,1788944243.4589,794,-5036,-64.56,1743,22.35
2026-09-09T14:27:23.474,1788944243.4750,795,8092,103.74,1495,19.17
2026-09-09T14:27:23.490,1788944243.4907,796,-6094,-78.13,1263,16.19
2026-09-09T14:27:23.490,1788944243.4907,797,8139,104.35,1010,12.95
2026-09-09T14:27:23.506,1788944243.5066,798,-7013,-89.91,792,10.15
2026-09-09T14:27:23.527,1788944243.5278,799,8017,102.78,532,6.82
2026-09-09T14:27:23.527,1788944243.5278,800,-7712,-98.87,327,4.19
2026-09-09T14:27:23.538,1788944243.5384,801,4073,52.22,-834,-10.69
2026-09-09T14:27:23.538,1788944243.5384,802,-8255,-105.83,-1956,-25.08
2026-09-09T14:27:23.559,1788944243.5590,803,5056,64.82,-1846,-23.67
2026-09-09T14:27:23.586,1788944243.5867,804,-8611,-110.4,-1689,-21.65
2026-09-09T14:27:23.586,1788944243.5867,805,5914,75.82,-1563,-20.04
2026-09-09T14:27:23.602,1788944243.6026,806,-8807,-112.91,-1398,-17.92
2026-09-09T14:27:23.602,1788944243.6026,807,6656,85.33,-1261,-16.17
2026-09-09T14:27:23.602,1788944243.6026,808,-8822,-113.1,-1080,-13.85
2026-09-09T14:27:23.620,1788944243.6207,809,7210,92.44,-945,-12.12
2026-09-09T14:27:23.627,1788944243.6277,810,-2601,-33.35,749,9.6
2026-09-09T14:27:23.634,1788944243.6343,811,7621,97.71,2407,30.86
2026-09-09T14:27:23.650,1788944243.6504,812,-3737,-47.91,2226,28.54
2026-09-09T14:27:23.650,1788944243.6504,813,7925,101.6,2018,25.87
2026-09-09T14:27:23.666,1788944243.6661,814,-4840,-62.05,1818,23.31
2026-09-09T14:27:23.682,1788944243.6822,815,8084,103.64,1582,20.28
2026-09-09T14:27:23.682,1788944243.6822,816,-5927,-75.99,1350,17.31
2026-09-09T14:27:23.697,1788944243.6978,817,8131,104.24,1090,13.97
2026-09-09T14:27:23.713,1788944243.7136,818,-6869,-88.06,866,11.1
2026-09-09T14:27:23.721,1788944243.7216,819,8061,103.35,613,7.86
2026-09-09T14:27:23.730,1788944243.7302,820,-7592,-97.33,415,5.32
2026-09-09T14:27:23.745,1788944243.7456,821,3884,49.79,-810,-10.38
2026-09-09T14:27:23.761,1788944243.7617,822,-8184,-104.92,-2002,-25.67
2026-09-09T14:27:23.761,1788944243.7617,823,4880,62.56,-1901,-24.37
2026-09-09T14:27:23.761,1788944243.7617,824,-8552,-109.64,-1744,-22.36
2026-09-09T14:27:23.777,1788944243.7775,825,5778,74.08,-1612,-20.67
2026-09-09T14:27:23.777,1788944243.7775,826,-8787,-112.65,-1446,-18.54
2026-09-09T14:27:23.793,1788944243.7932,827,6532,83.74,-1316,-16.87
2026-09-09T14:27:23.809,1788944243.8090,828,-8834,-113.26,-1140,-14.62
2026-09-09T14:27:23.809,1788944243.8090,829,7134,91.46,-1001,-12.83
2026-09-09T14:27:23.827,1788944243.8278,830,-2409,-30.88,756,9.69
2026-09-09T14:27:23.827,1788944243.8278,831,7585,97.24,2475,31.73
2026-09-09T14:27:23.856,1788944243.8567,832,-3537,-45.35,2306,29.56
2026-09-09T14:27:23.856,1788944243.8567,833,7869,100.88,2095,26.86
2026-09-09T14:27:23.856,1788944243.8567,834,-4668,-59.85,1883,24.14
2026-09-09T14:27:23.872,1788944243.8724,835,8072,103.49,1651,21.17
2026-09-09T14:27:23.888,1788944243.8883,836,-5767,-73.94,1427,18.29
2026-09-09T14:27:23.920,1788944243.9201,837,8131,104.24,1167,14.96
2026-09-09T14:27:23.927,1788944243.9277,838,-6733,-86.32,940,12.05
2026-09-09T14:27:23.927,1788944243.9277,839,8057,103.29,680,8.72
2026-09-09T14:27:23.936,1788944243.9363,840,-7492,-96.05,472,6.05
2026-09-09T14:27:23.936,1788944243.9363,841,3684,47.23,-811,-10.4
2026-09-09T14:27:23.952,1788944243.9523,842,-8108,-103.95,-2058,-26.38
2026-09-09T14:27:23.952,1788944243.9523,843,4740,60.77,-1948,-24.97
2026-09-09T14:27:23.968,1788944243.9682,844,-8504,-109.03,-1783,-22.86
2026-09-09T14:27:23.984,1788944243.9843,845,5666,72.64,-1651,-21.17
2026-09-09T14:27:23.984,1788944243.9843,846,-8735,-111.99,-1477,-18.94
2026-09-09T14:27:24.000,1788944244.0003,847,6432,82.46,-1343,-17.22
2026-09-09T14:27:24.000,1788944244.0003,848,-8838,-113.31,-1178,-15.1
2026-09-09T14:27:24.032,1788944244.0322,849,7038,90.23,-1052,-13.49
2026-09-09T14:27:24.032,1788944244.0322,850,-2265,-29.04,743,9.53
2026-09-09T14:27:24.032,1788944244.0322,851,7505,96.22,2503,32.09
2026-09-09T14:27:24.047,1788944244.0479,852,-3385,-43.4,2340,30.0
2026-09-09T14:27:24.063,1788944244.0637,853,7849,100.63,2146,27.51
2026-09-09T14:27:24.079,1788944244.0800,854,-4505,-57.76,1952,25.03
2026-09-09T14:27:24.096,1788944244.0961,855,8056,103.28,1723,22.09
2026-09-09T14:27:24.096,1788944244.0961,856,-5623,-72.09,1496,19.18
2026-09-09T14:27:24.096,1788944244.0961,857,8152,104.51,1240,15.9
2026-09-09T14:27:24.096,1788944244.0961,858,-6593,-84.53,1022,13.1
2026-09-09T14:27:24.111,1788944244.1118,859,8086,103.67,763,9.78
2026-09-09T14:27:24.127,1788944244.1276,860,-7412,-95.03,541,6.94
2026-09-09T14:27:24.143,1788944244.1434,861,3584,45.95,-789,-10.12
2026-09-09T14:27:24.143,1788944244.1434,862,-8032,-102.97,-2069,-26.53
2026-09-09T14:27:24.159,1788944244.1594,863,4628,59.33,-1963,-25.17
2026-09-09T14:27:24.159,1788944244.1594,864,-8460,-108.46,-1809,-23.19
2026-09-09T14:27:24.175,1788944244.1757,865,5542,71.05,-1688,-21.64
2026-09-09T14:27:24.191,1788944244.1914,866,-8743,-112.09,-1530,-19.62
2026-09-09T14:27:24.191,1788944244.1914,867,6345,81.35,-1400,-17.95
2026-09-09T14:27:24.207,1788944244.2074,868,-8834,-113.26,-1222,-15.67
2026-09-09T14:27:24.207,1788944244.2074,869,6971,89.37,-1088,-13.95
2026-09-09T14:27:24.229,1788944244.2292,870,-2116,-27.13,748,9.59
2026-09-09T14:27:24.255,1788944244.2554,871,7482,95.92,2555,32.76
2026-09-09T14:27:24.255,1788944244.2554,872,-3233,-41.45,2403,30.81
2026-09-09T14:27:24.255,1788944244.2554,873,7817,100.22,2208,28.31
2026-09-09T14:27:24.271,1788944244.2712,874,-4365,-55.96,2009,25.76
2026-09-09T14:27:24.271,1788944244.2712,875,8065,103.4,1788,22.92
2026-09-09T14:27:24.286,1788944244.2870,876,-5487,-70.35,1569,20.12
2026-09-09T14:27:24.286,1788944244.2870,877,8136,104.31,1306,16.74
2026-09-09T14:27:24.302,1788944244.3027,878,-6478,-83.05,1076,13.79
2026-09-09T14:27:24.321,1788944244.3218,879,8106,103.92,821,10.53
2026-09-09T14:27:24.329,1788944244.3294,880,-7312,-93.74,605,7.76
2026-09-09T14:27:24.334,1788944244.3345,881,3432,44.0,-772,-9.9
2026-09-09T14:27:24.350,1788944244.3504,882,-7968,-102.15,-2104,-26.97
2026-09-09T14:27:24.366,1788944244.3663,883,4472,57.33,-2008,-25.74
2026-09-09T14:27:24.366,1788944244.3663,884,-8420,-107.95,-1861,-23.86
2026-09-09T14:27:24.382,1788944244.3822,885,5407,69.32,-1741,-22.32
2026-09-09T14:27:24.382,1788944244.3822,886,-8707,-111.63,-1579,-20.24
2026-09-09T14:27:24.398,1788944244.3981,887,6229,79.86,-1445,-18.53
2026-09-09T14:27:24.429,1788944244.4296,888,-8835,-113.27,-1271,-16.29
2026-09-09T14:27:24.429,1788944244.4296,889,6891,88.35,-1138,-14.59
2026-09-09T14:27:24.429,1788944244.4296,890,-1948,-24.97,749,9.6
2026-09-09T14:27:24.429,1788944244.4296,891,7410,95.0,2601,33.35
2026-09-09T14:27:24.445,1788944244.4453,892,-3077,-39.45,2448,31.38
2026-09-09T14:27:24.461,1788944244.4613,893,7773,99.65,2257,28.94
2026-09-09T14:27:24.461,1788944244.4613,894,-4217,-54.06,2063,26.45
2026-09-09T14:27:24.477,1788944244.4770,895,8025,102.88,1841,23.6
2026-09-09T14:27:24.477,1788944244.4770,896,-5332,-68.36,1625,20.83
2026-09-09T14:27:24.493,1788944244.4931,897,8120,104.1,1370,17.56
2026-09-09T14:27:24.509,1788944244.5091,898,-6358,-81.51,1137,14.58
2026-09-09T14:27:24.530,1788944244.5308,899,8110,103.97,878,11.26
2026-09-09T14:27:24.538,1788944244.5383,900,-7216,-92.51,661,8.47
2026-09-09T14:27:24.542,1788944244.5427,901,3236,41.49,-772,-9.9
2026-09-09T14:27:24.542,1788944244.5427,902,-7864,-100.82,-2152,-27.59
2026-09-09T14:27:24.559,1788944244.5594,903,4340,55.64,-2038,-26.13
2026-09-09T14:27:24.573,1788944244.5737,904,-8376,-107.38,-1890,-24.23
2026-09-09T14:27:24.588,1788944244.5888,905,5303,67.99,-1778,-22.79
2026-09-09T14:27:24.604,1788944244.6048,906,-8675,-111.22,-1612,-20.67
2026-09-09T14:27:24.604,1788944244.6048,907,6137,78.68,-1478,-18.95
2026-09-09T14:27:24.604,1788944244.6048,908,-8827,-113.17,-1307,-16.76
2026-09-09T14:27:24.620,1788944244.6208,909,6815,87.37,-1176,-15.08
2026-09-09T14:27:24.631,1788944244.6311,910,-1812,-23.23,747,9.58
2026-09-09T14:27:24.636,1788944244.6366,911,7342,94.13,2633,33.76
2026-09-09T14:27:24.652,1788944244.6527,912,-2913,-37.35,2489,31.91
2026-09-09T14:27:24.652,1788944244.6527,913,7745,99.29,2315,29.68
2026-09-09T14:27:24.668,1788944244.6685,914,-4045,-51.86,2133,27.35
2026-09-09T14:27:24.668,1788944244.6685,915,7985,102.37,1910,24.49
2026-09-09T14:27:24.684,1788944244.6846,916,-5184,-66.46,1685,21.6
2026-09-09T14:27:24.700,1788944244.7004,917,8124,104.15,1435,18.4
2026-09-09T14:27:24.700,1788944244.7004,918,-6226,-79.82,1209,15.5
2026-09-09T14:27:24.721,1788944244.7214,919,8131,104.24,950,12.18
2026-09-09T14:27:24.733,1788944244.7332,920,-7105,-91.09,732,9.38
2026-09-09T14:27:24.733,1788944244.7332,921,3120,40.0,-740,-9.49
2026-09-09T14:27:24.770,1788944244.7701,922,-7800,-100.0,-2167,-27.78
2026-09-09T14:27:24.770,1788944244.7701,923,4204,53.9,-2069,-26.53
2026-09-09T14:27:24.779,1788944244.7797,924,-8316,-106.62,-1927,-24.71
2026-09-09T14:27:24.779,1788944244.7797,925,5175,66.35,-1814,-23.26
2026-09-09T14:27:24.779,1788944244.7797,926,-8624,-110.56,-1648,-21.13
2026-09-09T14:27:24.795,1788944244.7956,927,6045,77.5,-1507,-19.32
2026-09-09T14:27:24.811,1788944244.8113,928,-8819,-113.06,-1339,-17.17
2026-09-09T14:27:24.811,1788944244.8113,929,6727,86.24,-1217,-15.6
2026-09-09T14:27:24.827,1788944244.8271,930,-1660,-21.28,743,9.53
2026-09-09T14:27:24.833,1788944244.8334,931,7258,93.05,2666,34.18
2026-09-09T14:27:24.842,1788944244.8430,932,-2773,-35.55,2520,32.31
2026-09-09T14:27:24.858,1788944244.8588,933,7685,98.53,2349,30.12
2026-09-09T14:27:24.875,1788944244.8750,934,-3921,-50.27,2169,27.81
2026-09-09T14:27:24.875,1788944244.8750,935,7969,102.17,1953,25.04
2026-09-09T14:27:24.891,1788944244.8910,936,-5024,-64.41,1748,22.41
2026-09-09T14:27:24.891,1788944244.8910,937,8088,103.69,1502,19.26
2026-09-09T14:27:24.906,1788944244.9069,938,-6086,-78.03,1266,16.23
2026-09-09T14:27:24.938,1788944244.9389,939,8111,103.99,1006,12.9
2026-09-09T14:27:24.938,1788944244.9389,940,-6996,-89.69,785,10.06
2026-09-09T14:27:24.938,1788944244.9389,941,2940,37.69,-736,-9.44
2026-09-09T14:27:24.938,1788944244.9389,942,-7735,-99.17,-2213,-28.37
2026-09-09T14:27:24.954,1788944244.9549,943,4061,52.06,-2118,-27.15
2026-09-09T14:27:24.970,1788944244.9708,944,-8247,-105.73,-1965,-25.19
2026-09-09T14:27:24.970,1788944244.9708,945,5060,64.87,-1844,-23.64
2026-09-09T14:27:24.986,1788944244.9870,946,-8611,-110.4,-1685,-21.6
2026-09-09T14:27:25.002,1788944245.0026,947,5942,76.18,-1555,-19.94
2026-09-09T14:27:25.002,1788944245.0026,948,-8795,-112.76,-1381,-17.71
2026-09-09T14:27:25.018,1788944245.0187,949,6640,85.13,-1252,-16.05
2026-09-09T14:27:25.018,1788944245.0187,950,-1499,-19.22,746,9.56
2026-09-09T14:27:25.034,1788944245.0340,951,7211,92.45,2713,34.78
2026-09-09T14:27:25.049,1788944245.0499,952,-2644,-33.9,2569,32.94
2026-09-09T14:27:25.049,1788944245.0499,953,7634,97.87,2389,30.63
2026-09-09T14:27:25.065,1788944245.0658,954,-3760,-48.21,2216,28.41
2026-09-09T14:27:25.081,1788944245.0816,955,7925,101.6,2009,25.76
2026-09-09T14:27:25.097,1788944245.0979,956,-4895,-62.76,1798,23.05
2026-09-09T14:27:25.113,1788944245.1139,957,8093,103.76,1557,19.96
2026-09-09T14:27:25.113,1788944245.1139,958,-5950,-76.28,1335,17.12
2026-09-09T14:27:25.113,1788944245.1139,959,8124,104.15,1079,13.83
2026-09-09T14:27:25.129,1788944245.1297,960,-6884,-88.26,853,10.94
2026-09-09T14:27:25.134,1788944245.1349,961,2804,35.95,-710,-9.1
2026-09-09T14:27:25.145,1788944245.1454,962,-7635,-97.88,-2228,-28.56
2026-09-09T14:27:25.161,1788944245.1611,963,3917,50.22,-2138,-27.41
2026-09-09T14:27:25.161,1788944245.1611,964,-8187,-104.96,-1997,-25.6
2026-09-09T14:27:25.177,1788944245.1772,965,4928,63.18,-1883,-24.14
2026-09-09T14:27:25.177,1788944245.1772,966,-8563,-109.78,-1724,-22.1
2026-09-09T14:27:25.193,1788944245.1933,967,5827,74.71,-1593,-20.42
2026-09-09T14:27:25.209,1788944245.2094,968,-8770,-112.44,-1420,-18.21
2026-09-09T14:27:25.209,1788944245.2094,969,6577,84.32,-1284,-16.46
2026-09-09T14:27:25.235,1788944245.2352,970,-1370,-17.56,753,9.65
2026-09-09T14:27:25.241,1788944245.2413,971,7159,91.78,2749,35.24
2026-09-09T14:27:25.241,1788944245.2413,972,-2464,-31.59,2621,33.6
2026-09-09T14:27:25.273,1788944245.2733,973,7582,97.21,2453,31.45
2026-09-09T14:27:25.273,1788944245.2733,974,-3613,-46.32,2271,29.12
2026-09-09T14:27:25.273,1788944245.2733,975,7885,101.09,2060,26.41
2026-09-09T14:27:25.289,1788944245.2892,976,-4732,-60.67,1856,23.79
2026-09-09T14:27:25.289,1788944245.2892,977,8093,103.76,1628,20.87
2026-09-09T14:27:25.305,1788944245.3053,978,-5822,-74.64,1408,18.05
2026-09-09T14:27:25.321,1788944245.3212,979,8148,104.46,1149,14.73
2026-09-09T14:27:25.335,1788944245.3354,980,-6748,-86.51,931,11.94
2026-09-09T14:27:25.337,1788944245.3372,981,2616,33.54,-683,-8.76
2026-09-09T14:27:25.337,1788944245.3372,982,-7539,-96.65,-2264,-29.03
2026-09-09T14:27:25.353,1788944245.3530,983,3785,48.53,-2170,-27.82
2026-09-09T14:27:25.369,1788944245.3692,984,-8103,-103.88,-2018,-25.87
2026-09-09T14:27:25.385,1788944245.3852,985,4812,61.69,-1903,-24.4
2026-09-09T14:27:25.385,1788944245.3852,986,-8523,-109.27,-1751,-22.45
2026-09-09T14:27:25.400,1788944245.4009,987,5722,73.36,-1628,-20.87
2026-09-09T14:27:25.400,1788944245.4009,988,-8759,-112.29,-1460,-18.72
2026-09-09T14:27:25.435,1788944245.4356,989,6472,82.97,-1331,-17.06
2026-09-09T14:27:25.435,1788944245.4356,990,-1230,-15.77,738,9.46
2026-09-09T14:27:25.449,1788944245.4491,991,7099,91.01,2777,35.6
2026-09-09T14:27:25.449,1788944245.4491,992,-2332,-29.9,2659,34.09
2026-09-09T14:27:25.449,1788944245.4491,993,7566,97.0,2500,32.05
2026-09-09T14:27:25.464,1788944245.4650,994,-3453,-44.27,2336,29.95
2026-09-09T14:27:25.480,1788944245.4807,995,7885,101.09,2136,27.38
2026-09-09T14:27:25.480,1788944245.4807,996,-4584,-58.77,1933,24.78
2026-09-09T14:27:25.496,1788944245.4965,997,8065,103.4,1695,21.73
2026-09-09T14:27:25.496,1788944245.4965,998,-5695,-73.01,1462,18.74
2026-09-09T14:27:25.512,1788944245.5125,999,1317,16.88,-502,-6.44
2026-09-09T14:27:25.535,1788944245.5358,1000,-6665,-85.45,-2432,-31.18
2026-09-09T14:27:25.544,1788944245.5444,1001,2480,31.79,-2384,-30.56
2026-09-09T14:27:25.544,1788944245.5444,1002,-7452,-95.54,-2290,-29.36
2026-09-09T14:27:25.562,1788944245.5624,1003,3641,46.68,-2196,-28.15
2026-09-09T14:27:25.562,1788944245.5624,1004,-8059,-103.32,-2058,-26.38
2026-09-09T14:27:25.575,1788944245.5760,1005,4684,60.05,-1949,-24.99
2026-09-09T14:27:25.592,1788944245.5922,1006,-8483,-108.76,-1794,-23.0
2026-09-09T14:27:25.608,1788944245.6083,1007,5619,72.04,-1666,-21.36
2026-09-09T14:27:25.608,1788944245.6083,1008,-8731,-111.94,-1494,-19.15
2026-09-09T14:27:25.608,1788944245.6083,1009,6409,82.17,-1359,-17.42
2026-09-09T14:27:25.627,1788944245.6273,1010,-1066,-13.67,755,9.68
2026-09-09T14:27:25.640,1788944245.6402,1011,7047,90.35,2831,36.29
2026-09-09T14:27:25.640,1788944245.6402,1012,-2180,-27.95,2712,34.77
2026-09-09T14:27:25.656,1788944245.6564,1013,7498,96.13,2546,32.64
2026-09-09T14:27:25.672,1788944245.6722,1014,-3317,-42.53,2374,30.44
2026-09-09T14:27:25.680,1788944245.6800,1015,7837,100.47,2175,27.88
2026-09-09T14:27:25.688,1788944245.6881,1016,-4484,-57.49,1968,25.23
2026-09-09T14:27:25.707,1788944245.7075,1017,8013,102.73,1720,22.05
2026-09-09T14:27:25.707,1788944245.7075,1018,-5586,-71.62,1489,19.09
2026-09-09T14:27:25.724,1788944245.7241,1019,1146,14.69,-504,-6.46
2026-09-09T14:27:25.724,1788944245.7241,1020,-6560,-84.1,-2464,-31.59
2026-09-09T14:27:25.740,1788944245.7409,1021,2353,30.17,-2406,-30.85
2026-09-09T14:27:25.751,1788944245.7518,1022,-7363,-94.4,-2305,-29.55
2026-09-09T14:27:25.767,1788944245.7677,1023,3554,45.56,-2205,-28.27
2026-09-09T14:27:25.767,1788944245.7677,1024,-8026,-102.9,-2071,-26.55
2026-09-09T14:27:25.783,1788944245.7837,1025,4498,57.67,-2000,-25.64
2026-09-09T14:27:25.783,1788944245.7837,1026,-8454,-108.38,-1871,-23.99
2026-09-09T14:27:25.799,1788944245.7995,1027,5544,71.08,-1717,-22.01
2026-09-09T14:27:25.799,1788944245.7995,1028,-8738,-112.03,-1526,-19.56
2026-09-09T14:27:25.815,1788944245.8154,1029,6326,81.1,-1402,-17.97
2026-09-09T14:27:25.831,1788944245.8312,1030,-929,-11.91,746,9.56
2026-09-09T14:27:25.837,1788944245.8371,1031,6960,89.23,2857,36.63
2026-09-09T14:27:25.847,1788944245.8472,1032,-2039,-26.14,2738,35.1
2026-09-09T14:27:25.847,1788944245.8472,1033,7446,95.46,2582,33.1
2026-09-09T14:27:25.879,1788944245.8793,1034,-3192,-40.92,2415,30.96
2026-09-09T14:27:25.879,1788944245.8793,1035,7810,100.13,2218,28.44
2026-09-09T14:27:25.879,1788944245.8793,1036,-4296,-55.08,2033,26.06
2026-09-09T14:27:25.895,1788944245.8953,1037,8049,103.19,1816,23.28
2026-09-09T14:27:25.911,1788944245.9111,1038,-5423,-69.53,1594,20.44
2026-09-09T14:27:25.911,1788944245.9111,1039,1084,13.9,-429,-5.5
2026-09-09T14:27:25.942,1788944245.9429,1040,-6382,-81.82,-2410,-30.9
2026-09-09T14:27:25.942,1788944245.9429,1041,2198,28.18,-2371,-30.4
2026-09-09T14:27:25.958,1788944245.9586,1042,-7249,-92.94,-2309,-29.6
2026-09-09T14:27:25.958,1788944245.9586,1043,3331,42.71,-2243,-28.76
2026-09-09T14:27:25.958,1788944245.9586,1044,-7913,-101.45,-2125,-27.24
2026-09-09T14:27:25.974,1788944245.9746,1045,4415,56.6,-2020,-25.9
2026-09-09T14:27:25.990,1788944245.9905,1046,-8409,-107.81,-1873,-24.01
2026-09-09T14:27:25.990,1788944245.9905,1047,5381,68.99,-1756,-22.51
2026-09-09T14:27:26.006,1788944246.0063,1048,-8713,-111.71,-1590,-20.38
2026-09-09T14:27:26.006,1788944246.0063,1049,6183,79.27,-1466,-18.79
2026-09-09T14:27:26.022,1788944246.0222,1050,-771,-9.88,720,9.23
2026-09-09T14:27:26.037,1788944246.0376,1051,6858,87.92,2874,36.85
2026-09-09T14:27:26.053,1788944246.0536,1052,-1878,-24.08,2766,35.46
2026-09-09T14:27:26.053,1788944246.0536,1053,7372,94.51,2618,33.56
2026-09-09T14:27:26.069,1788944246.0697,1054,-2998,-38.44,2467,31.63
2026-09-09T14:27:26.069,1788944246.0697,1055,7748,99.33,2281,29.24
2026-09-09T14:27:26.085,1788944246.0855,1056,-4130,-52.95,2092,26.82
2026-09-09T14:27:26.117,1788944246.1178,1057,7996,102.51,1871,23.99
2026-09-09T14:27:26.117,1788944246.1178,1058,-5265,-67.5,1649,21.14
2026-09-09T14:27:26.117,1788944246.1178,1059,838,10.74,-424,-5.44
2026-09-09T14:27:26.117,1788944246.1178,1060,-6307,-80.86,-2474,-31.72
2026-09-09T14:27:26.139,1788944246.1395,1061,2002,25.67,-2444,-31.33
2026-09-09T14:27:26.149,1788944246.1495,1062,-7173,-91.96,-2369,-30.37
2026-09-09T14:27:26.149,1788944246.1495,1063,3172,40.67,-2293,-29.4
2026-09-09T14:27:26.165,1788944246.1658,1064,-7844,-100.56,-2169,-27.81
2026-09-09T14:27:26.181,1788944246.1817,1065,4244,54.41,-2068,-26.51
2026-09-09T14:27:26.190,1788944246.1902,1066,-8348,-107.03,-1926,-24.69
2026-09-09T14:27:26.197,1788944246.1977,1067,5235,67.12,-1805,-23.14
2026-09-09T14:27:26.197,1788944246.1977,1068,-8680,-111.28,-1640,-21.03
2026-09-09T14:27:26.229,1788944246.2295,1069,6077,77.91,-1512,-19.38
2026-09-09T14:27:26.229,1788944246.2295,1070,-602,-7.72,718,9.21
2026-09-09T14:27:26.239,1788944246.2395,1071,6743,86.45,2904,37.23
2026-09-09T14:27:26.245,1788944246.2456,1072,-1689,-21.65,2798,35.87
2026-09-09T14:27:26.261,1788944246.2614,1073,7301,93.6,2666,34.18
2026-09-09T14:27:26.277,1788944246.2771,1074,-2822,-36.18,2522,32.33
2026-09-09T14:27:26.293,1788944246.2932,1075,7705,98.78,2340,30.0
2026-09-09T14:27:26.293,1788944246.2932,1076,-3966,-50.85,2155,27.63
2026-09-09T14:27:26.293,1788944246.2932,1077,8009,102.68,1945,24.94
2026-09-09T14:27:26.309,1788944246.3092,1078,-5096,-65.33,1739,22.29
2026-09-09T14:27:26.309,1788944246.3092,1079,587,7.53,-399,-5.12
2026-09-09T14:27:26.325,1788944246.3253,1080,-6146,-78.79,-2517,-32.27
2026-09-09T14:27:26.341,1788944246.3412,1081,1794,23.0,-2478,-31.77
2026-09-09T14:27:26.341,1788944246.3412,1082,-7037,-90.22,-2399,-30.76
2026-09-09T14:27:26.357,1788944246.3571,1083,3008,38.56,-2318,-29.72
2026-09-09T14:27:26.357,1788944246.3571,1084,-7756,-99.44,-2195,-28.14
2026-09-09T14:27:26.372,1788944246.3729,1085,4108,52.67,-2099,-26.91
2026-09-09T14:27:26.389,1788944246.3890,1086,-8276,-106.1,-1954,-25.05
2026-09-09T14:27:26.389,1788944246.3890,1087,5111,65.53,-1834,-23.51
2026-09-09T14:27:26.412,1788944246.4126,1088,-8632,-110.67,-1672,-21.44
2026-09-09T14:27:26.420,1788944246.4207,1089,5981,76.68,-1543,-19.78
2026-09-09T14:27:26.420,1788944246.4207,1090,-458,-5.87,718,9.21
2026-09-09T14:27:26.452,1788944246.4527,1091,6703,85.94,2942,37.72
2026-09-09T14:27:26.452,1788944246.4527,1092,-1524,-19.54,2856,36.62
2026-09-09T14:27:26.452,1788944246.4527,1093,7230,92.69,2721,34.88
2026-09-09T14:27:26.468,1788944246.4686,1094,-2686,-34.44,2562,32.85
2026-09-09T14:27:26.468,1788944246.4686,1095,7661,98.22,2379,30.5
2026-09-09T14:27:26.484,1788944246.4846,1096,-3834,-49.15,2200,28.21
2026-09-09T14:27:26.500,1788944246.5005,1097,7976,102.26,1992,25.54
2026-09-09T14:27:26.500,1788944246.5005,1098,-4957,-63.55,1790,22.95
2026-09-09T14:27:26.516,1788944246.5165,1099,550,7.05,-347,-4.45
2026-09-09T14:27:26.516,1788944246.5165,1100,-6047,-77.53,-2476,-31.74
2026-09-09T14:27:26.539,1788944246.5399,1101,1669,21.4,-2469,-31.65
2026-09-09T14:27:26.559,1788944246.5593,1102,-6949,-89.09,-2415,-30.96
2026-09-09T14:27:26.565,1788944246.5653,1103,2871,36.81,-2340,-30.0
2026-09-09T14:27:26.565,1788944246.5653,1104,-7689,-98.58,-2224,-28.51
2026-09-09T14:27:26.579,1788944246.5797,1105,4000,51.28,-2127,-27.27
2026-09-09T14:27:26.579,1788944246.5797,1106,-8244,-105.69,-1984,-25.44
2026-09-09T14:27:26.611,1788944246.6113,1107,5003,64.14,-1872,-24.0
2026-09-09T14:27:26.611,1788944246.6113,1108,-8600,-110.26,-1710,-21.92
2026-09-09T14:27:26.629,1788944246.6296,1109,5897,75.6,-1575,-20.19
2026-09-09T14:27:26.629,1788944246.6296,1110,-349,-4.47,711,9.12
2026-09-09T14:27:26.640,1788944246.6401,1111,6635,85.06,2958,37.92
2026-09-09T14:27:26.642,1788944246.6427,1112,-1428,-18.31,2873,36.83
2026-09-09T14:27:26.658,1788944246.6586,1113,7214,92.49,2748,35.23
2026-09-09T14:27:26.658,1788944246.6586,1114,-2550,-32.69,2612,33.49
2026-09-09T14:27:26.674,1788944246.6744,1115,7629,97.81,2435,31.22
2026-09-09T14:27:26.674,1788944246.6744,1116,-3694,-47.36,2253,28.88
2026-09-09T14:27:26.690,1788944246.6904,1117,7932,101.69,2043,26.19
2026-09-09T14:27:26.707,1788944246.7080,1118,-4829,-61.91,1835,23.53
2026-09-09T14:27:26.723,1788944246.7232,1119,413,5.29,-329,-4.22
2026-09-09T14:27:26.723,1788944246.7232,1120,-5907,-75.73,-2478,-31.77
2026-09-09T14:27:26.740,1788944246.7401,1121,1561,20.01,-2460,-31.54
2026-09-09T14:27:26.753,1788944246.7532,1122,-6862,-87.97,-2412,-30.92
2026-09-09T14:27:26.753,1788944246.7532,1123,2731,35.01,-2358,-30.23
2026-09-09T14:27:26.785,1788944246.7851,1124,-7605,-97.5,-2252,-28.87
2026-09-09T14:27:26.793,1788944246.7937,1125,3832,49.13,-2162,-27.72
2026-09-09T14:27:26.796,1788944246.7969,1126,-8160,-104.62,-2026,-25.97
2026-09-09T14:27:26.796,1788944246.7969,1127,4851,62.19,-1910,-24.49
2026-09-09T14:27:26.802,1788944246.8030,1128,-8552,-109.64,-1753,-22.47
2026-09-09T14:27:26.816,1788944246.8168,1129,5789,74.22,-1616,-20.72
2026-09-09T14:27:26.832,1788944246.8324,1130,-233,-2.99,698,8.95
2026-09-09T14:27:26.840,1788944246.8403,1131,6519,83.58,2960,37.95
2026-09-09T14:27:26.848,1788944246.8484,1132,-1308,-16.77,2874,36.85
2026-09-09T14:27:26.848,1788944246.8484,1133,7126,91.36,2757,35.35
2026-09-09T14:27:26.864,1788944246.8644,1134,-2405,-30.83,2634,33.77
2026-09-09T14:27:26.880,1788944246.8805,1135,7581,97.19,2474,31.72
2026-09-09T14:27:26.880,1788944246.8805,1136,-3542,-45.41,2303,29.53
2026-09-09T14:27:26.896,1788944246.8965,1137,7896,101.23,2098,26.9
2026-09-09T14:27:26.912,1788944246.9123,1138,-4693,-60.17,1889,24.22
2026-09-09T14:27:26.912,1788944246.9123,1139,289,3.71,-301,-3.86
2026-09-09T14:27:26.944,1788944246.9448,1140,-5783,-74.14,-2475,-31.73
2026-09-09T14:27:26.944,1788944246.9448,1141,1385,17.76,-2473,-31.71
2026-09-09T14:27:26.944,1788944246.9448,1142,-6710,-86.03,-2431,-31.17
2026-09-09T14:27:26.944,1788944246.9448,1143,2527,32.4,-2377,-30.47
2026-09-09T14:27:26.960,1788944246.9606,1144,-7488,-96.0,-2286,-29.31
2026-09-09T14:27:26.976,1788944246.9767,1145,3668,47.03,-2196,-28.15
2026-09-09T14:27:26.992,1788944246.9926,1146,-8064,-103.38,-2054,-26.33
2026-09-09T14:27:26.995,1788944246.9951,1147,4735,60.71,-1932,-24.77
2026-09-09T14:27:27.009,1788944247.0093,1148,-8484,-108.77,-1770,-22.69
2026-09-09T14:27:27.009,1788944247.0093,1149,5666,72.64,-1642,-21.05
2026-09-09T14:27:27.024,1788944247.0246,1150,-76,-0.97,693,8.88
2026-09-09T14:27:27.048,1788944247.0485,1151,6440,82.56,2988,38.31
2026-09-09T14:27:27.056,1788944247.0565,1152,-1139,-14.6,2916,37.38
2026-09-09T14:27:27.056,1788944247.0565,1153,7058,90.49,2805,35.96
2026-09-09T14:27:27.072,1788944247.0727,1154,-2241,-28.73,2684,34.41
2026-09-09T14:27:27.072,1788944247.0727,1155,7509,96.27,2521,32.32
2026-09-09T14:27:27.104,1788944247.1048,1156,-3378,-43.31,2349,30.12
2026-09-09T14:27:27.104,1788944247.1048,1157,7832,100.41,2146,27.51
2026-09-09T14:27:27.117,1788944247.1178,1158,-4501,-57.71,1946,24.95
2026-09-09T14:27:27.122,1788944247.1227,1159,144,1.85,-257,-3.29
2026-09-09T14:27:27.125,1788944247.1254,1160,-5628,-72.15,-2461,-31.55
2026-09-09T14:27:27.141,1788944247.1414,1161,1232,15.79,-2470,-31.67
2026-09-09T14:27:27.141,1788944247.1414,1162,-6618,-84.85,-2446,-31.36
2026-09-09T14:27:27.152,1788944247.1524,1163,2418,31.0,-2397,-30.73
2026-09-09T14:27:27.168,1788944247.1686,1164,-7401,-94.88,-2296,-29.44
2026-09-09T14:27:27.168,1788944247.1686,1165,3544,45.44,-2210,-28.33
2026-09-09T14:27:27.184,1788944247.1850,1166,-8017,-102.78,-2083,-26.71
2026-09-09T14:27:27.201,1788944247.2011,1167,4595,58.91,-1974,-25.31
2026-09-09T14:27:27.217,1788944247.2171,1168,-8465,-108.53,-1823,-23.37
2026-09-09T14:27:27.217,1788944247.2171,1169,5542,71.05,-1699,-21.78
2026-09-09T14:27:27.233,1788944247.2330,1170,48,0.62,666,8.54
2026-09-09T14:27:27.241,1788944247.2417,1171,6340,81.28,2994,38.38
2026-09-09T14:27:27.249,1788944247.2491,1172,-1019,-13.06,2927,37.53
2026-09-09T14:27:27.265,1788944247.2651,1173,6986,89.56,2822,36.18
2026-09-09T14:27:27.281,1788944247.2811,1174,-2121,-27.19,2708,34.72
2026-09-09T14:27:27.281,1788944247.2811,1175,7465,95.71,2552,32.72
2026-09-09T14:27:27.281,1788944247.2811,1176,-3242,-41.56,2391,30.65
2026-09-09T14:27:27.297,1788944247.2972,1177,7833,100.42,2203,28.24
2026-09-09T14:27:27.297,1788944247.2972,1178,-4369,-56.01,2013,25.81
2026-09-09T14:27:27.313,1788944247.3133,1179,-24,-0.31,-233,-2.99
2026-09-09T14:27:27.332,1788944247.3321,1180,-5484,-70.31,-2476,-31.74
2026-09-09T14:27:27.341,1788944247.3418,1181,1088,13.95,-2476,-31.74
2026-09-09T14:27:27.345,1788944247.3455,1182,-6502,-83.36,-2453,-31.45
2026-09-09T14:27:27.345,1788944247.3455,1183,2271,29.12,-2412,-30.92
2026-09-09T14:27:27.384,1788944247.3847,1184,-7309,-93.71,-2318,-29.72
2026-09-09T14:27:27.390,1788944247.3909,1185,3416,43.79,-2233,-28.63
2026-09-09T14:27:27.401,1788944247.4012,1186,-7952,-101.95,-2108,-27.03
2026-09-09T14:27:27.403,1788944247.4031,1187,4500,57.69,-1997,-25.6
2026-09-09T14:27:27.418,1788944247.4182,1188,-8428,-108.05,-1845,-23.65
2026-09-09T14:27:27.418,1788944247.4182,1189,5434,69.67,-1731,-22.19
2026-09-09T14:27:27.450,1788944247.4501,1190,173,2.22,653,8.37
2026-09-09T14:27:27.450,1788944247.4501,1191,6216,79.69,2999,38.45
2026-09-09T14:27:27.450,1788944247.4501,1192,-879,-11.27,2931,37.58
2026-09-09T14:27:27.450,1788944247.4501,1193,6870,88.08,2832,36.31
2026-09-09T14:27:27.466,1788944247.4661,1194,-1965,-25.19,2724,34.92
2026-09-09T14:27:27.476,1788944247.4764,1195,7381,94.63,2580,33.08
2026-09-09T14:27:27.481,1788944247.4818,1196,-3102,-39.77,2423,31.06
2026-09-09T14:27:27.497,1788944247.4976,1197,7740,99.23,2229,28.58
2026-09-09T14:27:27.513,1788944247.5136,1198,-4229,-54.22,2037,26.12
2026-09-09T14:27:27.513,1788944247.5136,1199,-172,-2.21,-223,-2.86
2026-09-09T14:27:27.529,1788944247.5297,1200,-5328,-68.31,-2476,-31.74
2026-09-09T14:27:27.529,1788944247.5297,1201,867,11.12,-2491,-31.94
2026-09-09T14:27:27.545,1788944247.5457,1202,-6366,-81.62,-2490,-31.92
2026-09-09T14:27:27.563,1788944247.5634,1203,2039,26.14,-2457,-31.5
2026-09-09T14:27:27.563,1788944247.5634,1204,-7216,-92.51,-2376,-30.46
2026-09-09T14:27:27.577,1788944247.5774,1205,3268,41.9,-2282,-29.26
2026-09-09T14:27:27.593,1788944247.5935,1206,-7876,-100.97,-2139,-27.42
2026-09-09T14:27:27.609,1788944247.6096,1207,4328,55.49,-2039,-26.14
2026-09-09T14:27:27.609,1788944247.6096,1208,-8384,-107.49,-1901,-24.37
2026-09-09T14:27:27.625,1788944247.6257,1209,5303,67.99,-1785,-22.88
2026-09-09T14:27:27.625,1788944247.6257,1210,326,4.18,637,8.17
2026-09-09T14:27:27.625,1788944247.6257,1211,6157,78.94,3028,38.82
2026-09-09T14:27:27.643,1788944247.6438,1212,-710,-9.1,2982,38.23
2026-09-09T14:27:27.657,1788944247.6578,1213,6831,87.58,2892,37.08
2026-09-09T14:27:27.673,1788944247.6738,1214,-1796,-23.03,2789,35.76
2026-09-09T14:27:27.673,1788944247.6738,1215,7338,94.08,2644,33.9
2026-09-09T14:27:27.689,1788944247.6899,1216,-2917,-37.4,2490,31.92
2026-09-09T14:27:27.705,1788944247.7058,1217,7741,99.24,2311,29.63
2026-09-09T14:27:27.705,1788944247.7058,1218,-4061,-52.06,2126,27.26
2026-09-09T14:27:27.723,1788944247.7236,1219,-293,-3.76,-169,-2.17
2026-09-09T14:27:27.723,1788944247.7236,1220,-5184,-66.46,-2458,-31.51
2026-09-09T14:27:27.742,1788944247.7426,1221,795,10.19,-2467,-31.63
2026-09-09T14:27:27.769,1788944247.7691,1222,-6238,-79.97,-2458,-31.51
2026-09-09T14:27:27.769,1788944247.7691,1223,1934,24.79,-2437,-31.24
2026-09-09T14:27:27.769,1788944247.7691,1224,-7113,-91.19,-2371,-30.4
2026-09-09T14:27:27.769,1788944247.7691,1225,3088,39.59,-2301,-29.5
2026-09-09T14:27:27.784,1788944247.7848,1226,-7812,-100.15,-2188,-28.05
2026-09-09T14:27:27.802,1788944247.8030,1227,4200,53.85,-2084,-26.72
2026-09-09T14:27:27.807,1788944247.8070,1228,-8332,-106.82,-1936,-24.82
2026-09-09T14:27:27.816,1788944247.8167,1229,5199,66.65,-1817,-23.29
2026-09-09T14:27:27.832,1788944247.8324,1230,450,5.77,629,8.06
2026-09-09T14:27:27.832,1788944247.8324,1231,6065,77.76,3041,38.99
2026-09-09T14:27:27.848,1788944247.8481,1232,-581,-7.45,2999,38.45
2026-09-09T14:27:27.848,1788944247.8481,1233,6759,86.65,2915,37.37
2026-09-09T14:27:27.864,1788944247.8640,1234,-1668,-21.38,2817,36.12
2026-09-09T14:27:27.879,1788944247.8798,1235,7298,93.56,2680,34.36
2026-09-09T14:27:27.895,1788944247.8957,1236,-2797,-35.86,2532,32.46
2026-09-09T14:27:27.895,1788944247.8957,1237,7685,98.53,2347,30.09
2026-09-09T14:27:27.911,1788944247.9114,1238,-3921,-50.27,2163,27.73
2026-09-09T14:27:27.927,1788944247.9274,1239,-405,-5.19,-141,-1.81
2026-09-09T14:27:27.942,1788944247.9429,1240,-5056,-64.82,-2447,-31.37
2026-09-09T14:27:27.942,1788944247.9429,1241,631,8.09,-2472,-31.69
2026-09-09T14:27:27.942,1788944247.9429,1242,-6126,-78.54,-2480,-31.79
2026-09-09T14:27:27.958,1788944247.9587,1243,1762,22.59,-2465,-31.6
2026-09-09T14:27:27.958,1788944247.9587,1244,-7009,-89.86,-2403,-30.81
2026-09-09T14:27:27.974,1788944247.9748,1245,2960,37.95,-2324,-29.79
2026-09-09T14:27:27.990,1788944247.9909,1246,-7740,-99.23,-2208,-28.31
2026-09-09T14:27:27.990,1788944247.9909,1247,4088,52.41,-2108,-27.03
2026-09-09T14:27:28.007,1788944248.0071,1248,1486,19.05,480,6.15
2026-09-09T14:27:28.007,1788944248.0071,1249,5083,65.17,3035,38.91
2026-09-09T14:27:28.023,1788944248.0231,1250,566,7.26,3054,39.15
2026-09-09T14:27:28.044,1788944248.0447,1251,5953,76.32,3042,39.0
2026-09-09T14:27:28.044,1788944248.0447,1252,-453,-5.81,3004,38.51
2026-09-09T14:27:28.055,1788944248.0553,1253,6663,85.42,2927,37.53
2026-09-09T14:27:28.086,1788944248.0868,1254,-1524,-19.54,2837,36.37
2026-09-09T14:27:28.086,1788944248.0868,1255,7226,92.64,2710,34.74
2026-09-09T14:27:28.086,1788944248.0868,1256,-2657,-34.06,2567,32.91
2026-09-09T14:27:28.102,1788944248.1028,1257,7653,98.12,2391,30.65
2026-09-09T14:27:28.102,1788944248.1028,1258,-3785,-48.53,2216,28.41
2026-09-09T14:27:28.118,1788944248.1187,1259,-562,-7.21,-120,-1.54
2026-09-09T14:27:28.118,1788944248.1187,1260,-4916,-63.03,-2457,-31.5
2026-09-09T14:27:28.134,1788944248.1347,1261,514,6.59,-2470,-31.67
2026-09-09T14:27:28.150,1788944248.1507,1262,-5983,-76.71,-2468,-31.64
2026-09-09T14:27:28.150,1788944248.1507,1263,1657,21.24,-2449,-31.4
2026-09-09T14:27:28.166,1788944248.1664,1264,-6929,-88.83,-2400,-30.77
2026-09-09T14:27:28.182,1788944248.1824,1265,2815,36.09,-2347,-30.09
2026-09-09T14:27:28.198,1788944248.1981,1266,-7636,-97.9,-2234,-28.64
2026-09-09T14:27:28.198,1788944248.1981,1267,3944,50.56,-2129,-27.29
2026-09-09T14:27:28.213,1788944248.2139,1268,1586,20.33,459,5.88
2026-09-09T14:27:28.213,1788944248.2139,1269,4963,63.63,3019,38.71
2026-09-09T14:27:28.230,1788944248.2301,1270,694,8.9,3051,39.12
2026-09-09T14:27:28.246,1788944248.2461,1271,5845,74.94,3049,39.09
2026-09-09T14:27:28.246,1788944248.2461,1272,-329,-4.22,3013,38.63
2026-09-09T14:27:28.262,1788944248.2621,1273,6616,84.82,2950,37.82
2026-09-09T14:27:28.262,1788944248.2621,1274,-1388,-17.79,2878,36.9
2026-09-09T14:27:28.277,1788944248.2780,1275,7182,92.08,2755,35.32
2026-09-09T14:27:28.277,1788944248.2780,1276,-2513,-32.22,2615,33.53
2026-09-09T14:27:28.293,1788944248.2939,1277,7597,97.4,2438,31.26
2026-09-09T14:27:28.309,1788944248.3099,1278,-3653,-46.83,2257,28.94
2026-09-09T14:27:28.309,1788944248.3099,1279,-670,-8.59,-95,-1.22
2026-09-09T14:27:28.325,1788944248.3256,1280,-4776,-61.23,-2443,-31.32
2026-09-09T14:27:28.345,1788944248.3454,1281,374,4.79,-2462,-31.56
2026-09-09T14:27:28.345,1788944248.3454,1282,-5875,-75.32,-2476,-31.74
2026-09-09T14:27:28.361,1788944248.3616,1283,1505,19.29,-2468,-31.64
2026-09-09T14:27:28.365,1788944248.3659,1284,-6817,-87.4,-2421,-31.04
2026-09-09T14:27:28.373,1788944248.3735,1285,2704,34.67,-2357,-30.22
2026-09-09T14:27:28.405,1788944248.4055,1286,-7560,-96.92,-2243,-28.76
2026-09-09T14:27:28.405,1788944248.4055,1287,3841,49.24,-2144,-27.49
2026-09-09T14:27:28.405,1788944248.4055,1288,1687,21.63,452,5.79
2026-09-09T14:27:28.421,1788944248.4212,1289,4856,62.26,3017,38.68
2026-09-09T14:27:28.421,1788944248.4212,1290,787,10.09,3046,39.05
2026-09-09T14:27:28.436,1788944248.4370,1291,5738,73.56,3042,39.0
2026-09-09T14:27:28.455,1788944248.4551,1292,-228,-2.92,3008,38.56
2026-09-09T14:27:28.455,1788944248.4551,1293,6492,83.23,2943,37.73
2026-09-09T14:27:28.468,1788944248.4687,1294,-1275,-16.35,2870,36.79
2026-09-09T14:27:28.468,1788944248.4687,1295,7095,90.96,2759,35.37
2026-09-09T14:27:28.484,1788944248.4848,1296,-2380,-30.51,2633,33.76
2026-09-09T14:27:28.500,1788944248.5007,1297,7566,97.0,2475,31.73
2026-09-09T14:27:28.516,1788944248.5167,1298,-3508,-44.97,2311,29.63
2026-09-09T14:27:28.516,1788944248.5167,1299,-773,-9.91,-56,-0.72
2026-09-09T14:27:28.532,1788944248.5326,1300,-4652,-59.64,-2427,-31.12
2026-09-09T14:27:28.532,1788944248.5326,1301,282,3.62,-2449,-31.4
2026-09-09T14:27:28.566,1788944248.5660,1302,-5730,-73.46,-2455,-31.47
2026-09-09T14:27:28.566,1788944248.5660,1303,1382,17.72,-2449,-31.4
2026-09-09T14:27:28.566,1788944248.5660,1304,-6729,-86.27,-2424,-31.08
2026-09-09T14:27:28.580,1788944248.5801,1305,2520,32.31,-2389,-30.63
2026-09-09T14:27:28.580,1788944248.5801,1306,-7483,-95.94,-2293,-29.4
2026-09-09T14:27:28.595,1788944248.5959,1307,3665,46.99,-2196,-28.15
2026-09-09T14:27:28.611,1788944248.6119,1308,1796,23.03,410,5.26
2026-09-09T14:27:28.611,1788944248.6119,1309,4725,60.58,2995,38.4
2026-09-09T14:27:28.627,1788944248.6277,1310,925,11.86,3042,39.0
2026-09-09T14:27:28.627,1788944248.6277,1311,5655,72.5,3057,39.19
2026-09-09T14:27:28.646,1788944248.6464,1312,-59,-0.76,3044,39.03
2026-09-09T14:27:28.659,1788944248.6600,1313,6413,82.22,2987,38.29
2026-09-09T14:27:28.659,1788944248.6600,1314,-1142,-14.64,2906,37.26
2026-09-09T14:27:28.675,1788944248.6757,1315,7044,90.31,2793,35.81
2026-09-09T14:27:28.691,1788944248.6917,1316,-2240,-28.72,2676,34.31
2026-09-09T14:27:28.707,1788944248.7075,1317,7486,95.97,2512,32.21
2026-09-09T14:27:28.725,1788944248.7253,1318,-3360,-43.08,2343,30.04
2026-09-09T14:27:28.725,1788944248.7253,1319,-902,-11.56,-34,-0.44
2026-09-09T14:27:28.725,1788944248.7253,1320,-4508,-57.79,-2418,-31.0
2026-09-09T14:27:28.739,1788944248.7399,1321,82,1.05,-2459,-31.53
2026-09-09T14:27:28.745,1788944248.7459,1322,-5598,-71.77,-2486,-31.87
2026-09-09T14:27:28.756,1788944248.7562,1323,1238,15.87,-2469,-31.65
2026-09-09T14:27:28.772,1788944248.7722,1324,-6592,-84.51,-2429,-31.14
2026-09-09T14:27:28.772,1788944248.7722,1325,2388,30.62,-2390,-30.64
2026-09-09T14:27:28.788,1788944248.7880,1326,-7403,-94.91,-2305,-29.55
2026-09-09T14:27:28.788,1788944248.7880,1327,3533,45.29,-2222,-28.49
2026-09-09T14:27:28.804,1788944248.8041,1328,1893,24.27,389,4.99
2026-09-09T14:27:28.824,1788944248.8241,1329,4589,58.83,2977,38.17
2026-09-09T14:27:28.835,1788944248.8359,1330,1041,13.35,3028,38.82
2026-09-09T14:27:28.835,1788944248.8359,1331,5523,70.81,3048,39.08
2026-09-09T14:27:28.851,1788944248.8518,1332,62,0.79,3037,38.94
2026-09-09T14:27:28.851,1788944248.8518,1333,6313,80.94,2990,38.33
2026-09-09T14:27:28.883,1788944248.8835,1334,-998,-12.79,2922,37.46
2026-09-09T14:27:28.883,1788944248.8835,1335,6976,89.44,2823,36.19
2026-09-09T14:27:28.883,1788944248.8835,1336,-2080,-26.67,2718,34.85
2026-09-09T14:27:28.899,1788944248.8996,1337,7471,95.78,2571,32.96
2026-09-09T14:27:28.899,1788944248.8996,1338,-3212,-41.18,2412,30.92
2026-09-09T14:27:28.915,1788944248.9153,1339,-1046,-13.41,0,0.0
2026-09-09T14:27:28.931,1788944248.9314,1340,-4360,-55.9,-2416,-30.97
2026-09-09T14:27:28.931,1788944248.9314,1341,-22,-0.28,-2447,-31.37
2026-09-09T14:27:28.947,1788944248.9474,1342,-5466,-70.08,-2468,-31.64
2026-09-09T14:27:28.947,1788944248.9474,1343,1093,14.01,-2466,-31.62
2026-09-09T14:27:28.963,1788944248.9635,1344,-6473,-82.99,-2439,-31.27
2026-09-09T14:27:28.979,1788944248.9794,1345,2252,28.87,-2401,-30.78
2026-09-09T14:27:28.979,1788944248.9794,1346,-7308,-93.69,-2320,-29.74
2026-09-09T14:27:28.995,1788944248.9953,1347,3405,43.65,-2240,-28.72
2026-09-09T14:27:29.011,1788944249.0111,1348,2001,25.65,375,4.81
2026-09-09T14:27:29.011,1788944249.0111,1349,4461,57.19,2967,38.04
2026-09-09T14:27:29.042,1788944249.0428,1350,1162,14.9,3021,38.73
2026-09-09T14:27:29.046,1788944249.0467,1351,5412,69.38,3049,39.09
2026-09-09T14:27:29.046,1788944249.0467,1352,222,2.85,3052,39.13
2026-09-09T14:27:29.058,1788944249.0588,1353,6246,80.08,3025,38.78
2026-09-09T14:27:29.058,1788944249.0588,1354,-833,-10.68,2970,38.08
2026-09-09T14:27:29.074,1788944249.0747,1355,6896,88.41,2869,36.78
2026-09-09T14:27:29.090,1788944249.0908,1356,-1919,-24.6,2760,35.38
2026-09-09T14:27:29.090,1788944249.0908,1357,7406,94.95,2616,33.54
2026-09-09T14:27:29.106,1788944249.1067,1358,-3057,-39.19,2459,31.53
2026-09-09T14:27:29.106,1788944249.1067,1359,-1131,-14.5,40,0.51
2026-09-09T14:27:29.138,1788944249.1382,1360,-4204,-53.9,-2381,-30.53
2026-09-09T14:27:29.138,1788944249.1382,1361,-176,-2.26,-2429,-31.14
2026-09-09T14:27:29.146,1788944249.1468,1362,-5335,-68.4,-2473,-31.71
2026-09-09T14:27:29.154,1788944249.1544,1363,944,12.1,-2476,-31.74
2026-09-09T14:27:29.170,1788944249.1703,1364,-6357,-81.5,-2451,-31.42
2026-09-09T14:27:29.186,1788944249.1864,1365,2087,26.76,-2421,-31.04
2026-09-09T14:27:29.202,1788944249.2021,1366,-7196,-92.26,-2345,-30.06
2026-09-09T14:27:29.202,1788944249.2021,1367,3225,41.35,-2270,-29.1
2026-09-09T14:27:29.202,1788944249.2021,1368,2109,27.04,340,4.36
2026-09-09T14:27:29.217,1788944249.2180,1369,4325,55.45,2942,37.72
2026-09-09T14:27:29.217,1788944249.2180,1370,1278,16.38,3009,38.58
2026-09-09T14:27:29.234,1788944249.2341,1371,5296,67.9,3044,39.03
2026-09-09T14:27:29.250,1788944249.2501,1372,331,4.24,3050,39.1
2026-09-09T14:27:29.250,1788944249.2501,1373,6134,78.64,3023,38.76
2026-09-09T14:27:29.265,1788944249.2658,1374,-705,-9.04,2973,38.12
2026-09-09T14:27:29.265,1788944249.2658,1375,6812,87.33,2884,36.97
2026-09-09T14:27:29.297,1788944249.2976,1376,-1787,-22.91,2783,35.68
2026-09-09T14:27:29.297,1788944249.2976,1377,7339,94.09,2644,33.9
2026-09-09T14:27:29.297,1788944249.2976,1378,-2916,-37.38,2493,31.96
2026-09-09T14:27:29.313,1788944249.3138,1379,-1243,-15.94,66,0.85
2026-09-09T14:27:29.329,1788944249.3297,1380,-4060,-52.05,-2366,-30.33
2026-09-09T14:27:29.346,1788944249.3470,1381,-303,-3.88,-2417,-30.99
2026-09-09T14:27:29.346,1788944249.3470,1382,-5178,-66.38,-2461,-31.55
2026-09-09T14:27:29.361,1788944249.3615,1383,792,10.15,-2467,-31.63
2026-09-09T14:27:29.361,1788944249.3615,1384,-6237,-79.96,-2458,-31.51
2026-09-09T14:27:29.377,1788944249.3776,1385,1912,24.51,-2443,-31.32
2026-09-09T14:27:29.377,1788944249.3776,1386,-7115,-91.22,-2382,-30.54
2026-09-09T14:27:29.393,1788944249.3935,1387,3101,39.76,-2305,-29.55
2026-09-09T14:27:29.409,1788944249.4093,1388,2210,28.33,324,4.15
2026-09-09T14:27:29.409,1788944249.4093,1389,4202,53.87,2930,37.56
2026-09-09T14:27:29.425,1788944249.4255,1390,1415,18.14,3007,38.55
2026-09-09T14:27:29.446,1788944249.4470,1391,5177,66.37,3052,39.13
2026-09-09T14:27:29.457,1788944249.4570,1392,472,6.05,3060,39.23
2026-09-09T14:27:29.457,1788944249.4570,1393,6047,77.53,3042,39.0
2026-09-09T14:27:29.472,1788944249.4727,1394,-568,-7.28,2999,38.45
2026-09-09T14:27:29.488,1788944249.4888,1395,6733,86.32,2911,37.32
2026-09-09T14:27:29.498,1788944249.4983,1396,-1638,-21.0,2815,36.09
2026-09-09T14:27:29.504,1788944249.5046,1397,7255,93.01,2678,34.33
2026-09-09T14:27:29.520,1788944249.5203,1398,-2772,-35.54,2525,32.37
2026-09-09T14:27:29.520,1788944249.5203,1399,-1243,-15.94,117,1.5
2026-09-09T14:27:29.536,1788944249.5362,1400,-3928,-50.36,-2297,-29.45
2026-09-09T14:27:29.539,1788944249.5390,1401,-344,-4.41,-2361,-30.27
2026-09-09T14:27:29.546,1788944249.5470,1402,-5059,-64.86,-2419,-31.01
2026-09-09T14:27:29.559,1788944249.5593,1403,632,8.1,-2458,-31.51
2026-09-09T14:27:29.568,1788944249.5689,1404,-6101,-78.22,-2474,-31.72
2026-09-09T14:27:29.568,1788944249.5689,1405,1719,22.04,-2463,-31.58
2026-09-09T14:27:29.584,1788944249.5840,1406,-6987,-89.58,-2413,-30.94
2026-09-09T14:27:29.599,1788944249.5997,1407,2898,37.15,-2340,-30.0
2026-09-09T14:27:29.599,1788944249.5997,1408,2311,29.63,280,3.59
2026-09-09T14:27:29.615,1788944249.6157,1409,4074,52.23,2898,37.15
2026-09-09T14:27:29.631,1788944249.6316,1410,1512,19.38,2992,38.36
2026-09-09T14:27:29.631,1788944249.6316,1411,5077,65.09,3043,39.01
2026-09-09T14:27:29.650,1788944249.6506,1412,600,7.69,3066,39.31
2026-09-09T14:27:29.662,1788944249.6628,1413,5935,76.09,3053,39.14
2026-09-09T14:27:29.662,1788944249.6628,1414,-424,-5.44,3011,38.6
2026-09-09T14:27:29.678,1788944249.6785,1415,6657,85.35,2936,37.64
2026-09-09T14:27:29.694,1788944249.6945,1416,-1494,-19.15,2849,36.53
2026-09-09T14:27:29.694,1788944249.6945,1417,7215,92.5,2721,34.88
2026-09-09T14:27:29.710,1788944249.7104,1418,-2628,-33.69,2577,33.04
2026-09-09T14:27:29.721,1788944249.7216,1419,-1516,-19.44,110,1.41
2026-09-09T14:27:29.728,1788944249.7282,1420,-3748,-48.05,-2352,-30.15
2026-09-09T14:27:29.742,1788944249.7424,1421,-593,-7.6,-2402,-30.79
2026-09-09T14:27:29.748,1788944249.7489,1422,-4879,-62.55,-2454,-31.46
2026-09-09T14:27:29.758,1788944249.7584,1423,467,5.99,-2471,-31.68
2026-09-09T14:27:29.758,1788944249.7584,1424,-5966,-76.49,-2478,-31.77
2026-09-09T14:27:29.777,1788944249.7770,1425,1622,20.79,-2461,-31.55
2026-09-09T14:27:29.790,1788944249.7901,1426,-6892,-88.36,-2404,-30.82
2026-09-09T14:27:29.805,1788944249.8058,1427,2817,36.12,-2337,-29.96
2026-09-09T14:27:29.805,1788944249.8058,1428,2398,30.74,285,3.65
2026-09-09T14:27:29.821,1788944249.8217,1429,3933,50.42,2886,37.0
2026-09-09T14:27:29.821,1788944249.8217,1430,1611,20.65,2968,38.05
2026-09-09T14:27:29.853,1788944249.8533,1431,4957,63.55,3028,38.82
2026-09-09T14:27:29.853,1788944249.8533,1432,720,9.23,3061,39.24
2026-09-09T14:27:29.853,1788944249.8533,1433,5827,74.71,3056,39.18
2026-09-09T14:27:29.869,1788944249.8694,1434,-296,-3.79,3019,38.71
2026-09-09T14:27:29.869,1788944249.8694,1435,6581,84.37,2954,37.87
2026-09-09T14:27:29.885,1788944249.8852,1436,-1358,-17.41,2877,36.88
2026-09-09T14:27:29.901,1788944249.9013,1437,7151,91.68,2754,35.31
2026-09-09T14:27:29.901,1788944249.9013,1438,-2480,-31.79,2616,33.54
2026-09-09T14:27:29.917,1788944249.9172,1439,-1592,-20.41,149,1.91
2026-09-09T14:27:29.917,1788944249.9172,1440,-3592,-46.05,-2314,-29.67
2026-09-09T14:27:29.932,1788944249.9329,1441,-689,-8.83,-2367,-30.35
2026-09-09T14:27:29.949,1788944249.9495,1442,-4760,-61.03,-2433,-31.19
2026-09-09T14:27:29.949,1788944249.9495,1443,362,4.64,-2462,-31.56
2026-09-09T14:27:29.964,1788944249.9647,1444,-5842,-74.9,-2470,-31.67
2026-09-09T14:27:29.980,1788944249.9806,1445,1526,19.56,-2449,-31.4
2026-09-09T14:27:29.980,1788944249.9806,1446,-6801,-87.19,-2398,-30.74
2026-09-09T14:27:29.996,1788944249.9965,1447,2676,34.31,-2350,-30.13
2026-09-09T14:27:30.012,1788944250.0124,1448,2514,32.23,266,3.41
2026-09-09T14:27:30.012,1788944250.0124,1449,3797,48.68,2875,36.86
2026-09-09T14:27:30.028,1788944250.0281,1450,1703,21.83,2952,37.85
2026-09-09T14:27:30.028,1788944250.0281,1451,4820,61.79,3005,38.53
2026-09-09T14:27:30.049,1788944250.0499,1452,836,10.72,3044,39.03
2026-09-09T14:27:30.059,1788944250.0599,1453,5738,73.56,3057,39.19
2026-09-09T14:27:30.059,1788944250.0599,1454,-180,-2.31,3033,38.88
2026-09-09T14:27:30.076,1788944250.0763,1455,6501,83.35,2969,38.06
2026-09-09T14:27:30.076,1788944250.0763,1456,-1231,-15.78,2897,37.14
2026-09-09T14:27:30.108,1788944250.1081,1457,7075,90.71,2778,35.62
2026-09-09T14:27:30.108,1788944250.1081,1458,-2336,-29.95,2645,33.91
2026-09-09T14:27:30.124,1788944250.1240,1459,-1677,-21.5,181,2.32
2026-09-09T14:27:30.124,1788944250.1240,1460,-3481,-44.63,-2293,-29.4
2026-09-09T14:27:30.139,1788944250.1399,1461,-786,-10.08,-2357,-30.22
2026-09-09T14:27:30.155,1788944250.1556,1462,-4600,-58.97,-2414,-30.95
2026-09-09T14:27:30.155,1788944250.1556,1463,246,3.15,-2435,-31.22
2026-09-09T14:27:30.171,1788944250.1716,1464,-5711,-73.22,-2455,-31.47
2026-09-09T14:27:30.171,1788944250.1716,1465,1345,17.24,-2458,-31.51
2026-09-09T14:27:30.187,1788944250.1877,1466,-6689,-85.76,-2428,-31.13
2026-09-09T14:27:30.187,1788944250.1877,1467,2512,32.21,-2381,-30.53
2026-09-09T14:27:30.203,1788944250.2039,1468,2594,33.26,232,2.97
2026-09-09T14:27:30.219,1788944250.2199,1469,3669,47.04,2842,36.44
2026-09-09T14:27:30.219,1788944250.2199,1470,1800,23.08,2933,37.6
2026-09-09T14:27:30.235,1788944250.2356,1471,4708,60.36,2994,38.38
2026-09-09T14:27:30.251,1788944250.2517,1472,948,12.15,3041,38.99
2026-09-09T14:27:30.251,1788944250.2517,1473,5619,72.04,3055,39.17
2026-09-09T14:27:30.267,1788944250.2678,1474,-51,-0.65,3033,38.88
2026-09-09T14:27:30.267,1788944250.2678,1475,6409,82.17,2981,38.22
2026-09-09T14:27:30.284,1788944250.2841,1476,-1102,-14.13,2916,37.38
2026-09-09T14:27:30.300,1788944250.3003,1477,7035,90.19,2810,36.03
2026-09-09T14:27:30.316,1788944250.3163,1478,-2236,-28.67,2683,34.4
2026-09-09T14:27:30.316,1788944250.3163,1479,-1801,-23.09,190,2.44
2026-09-09T14:27:30.316,1788944250.3163,1480,-3369,-43.19,-2302,-29.51
2026-09-09T14:27:30.332,1788944250.3324,1481,-906,-11.62,-2362,-30.28
2026-09-09T14:27:30.350,1788944250.3504,1482,-4492,-57.59,-2419,-31.01
2026-09-09T14:27:30.364,1788944250.3644,1483,117,1.5,-2444,-31.33
2026-09-09T14:27:30.364,1788944250.3644,1484,-5599,-71.78,-2465,-31.6
2026-09-09T14:27:30.380,1788944250.3805,1485,1249,16.01,-2458,-31.51
2026-09-09T14:27:30.380,1788944250.3805,1486,-6605,-84.68,-2427,-31.12
2026-09-09T14:27:30.396,1788944250.3963,1487,2407,30.86,-2389,-30.63
2026-09-09T14:27:30.412,1788944250.4122,1488,2682,34.38,222,2.85
2026-09-09T14:27:30.412,1788944250.4122,1489,3580,45.9,2837,36.37
2026-09-09T14:27:30.428,1788944250.4282,1490,1899,24.35,2935,37.63
2026-09-09T14:27:30.443,1788944250.4439,1491,4608,59.08,2996,38.41
2026-09-09T14:27:30.450,1788944250.4506,1492,1032,13.23,3036,38.92
2026-09-09T14:27:30.460,1788944250.4601,1493,5538,71.0,3052,39.13
2026-09-09T14:27:30.460,1788944250.4601,1494,72,0.92,3045,39.04
2026-09-09T14:27:30.475,1788944250.4758,1495,6332,81.18,3003,38.5
2026-09-09T14:27:30.491,1788944250.4915,1496,-1003,-12.86,2933,37.6
2026-09-09T14:27:30.491,1788944250.4915,1497,6966,89.31,2823,36.19
2026-09-09T14:27:30.507,1788944250.5075,1498,-2133,-27.35,2699,34.6
2026-09-09T14:27:30.507,1788944250.5075,1499,-1890,-24.23,202,2.59
2026-09-09T14:27:30.523,1788944250.5235,1500,-3241,-41.55,-2289,-29.35
2026-09-09T14:27:30.539,1788944250.5395,1501,-1015,-13.01,-2347,-30.09
2026-09-09T14:27:30.559,1788944250.5595,1502,-4373,-56.06,-2411,-30.91
2026-09-09T14:27:30.571,1788944250.5716,1503,-16,-0.21,-2445,-31.35
2026-09-09T14:27:30.571,1788944250.5716,1504,-5491,-70.4,-2474,-31.72
2026-09-09T14:27:30.571,1788944250.5716,1505,1140,14.62,-2465,-31.6
2026-09-09T14:27:30.586,1788944250.5868,1506,-6498,-83.31,-2428,-31.13
2026-09-09T14:27:30.602,1788944250.6027,1507,2295,29.42,-2391,-30.65
2026-09-09T14:27:30.618,1788944250.6186,1508,2750,35.26,210,2.69
2026-09-09T14:27:30.618,1788944250.6186,1509,3432,44.0,2806,35.97
2026-09-09T14:27:30.618,1788944250.6186,1510,1952,25.03,2891,37.06
2026-09-09T14:27:30.634,1788944250.6347,1511,4496,57.64,2958,37.92
2026-09-09T14:27:30.652,1788944250.6530,1512,1112,14.26,3014,38.64
2026-09-09T14:27:30.653,1788944250.6535,1513,5455,69.94,3043,39.01
2026-09-09T14:27:30.666,1788944250.6665,1514,165,2.12,3046,39.05
2026-09-09T14:27:30.666,1788944250.6665,1515,6269,80.37,3013,38.63
2026-09-09T14:27:30.682,1788944250.6826,1516,-910,-11.67,2948,37.79
2026-09-09T14:27:30.698,1788944250.6987,1517,6927,88.81,2844,36.46
2026-09-09T14:27:30.718,1788944250.7182,1518,-1988,-25.49,2739,35.12
2026-09-09T14:27:30.721,1788944250.7217,1519,-1966,-25.21,246,3.15
2026-09-09T14:27:30.731,1788944250.7315,1520,-3129,-40.12,-2263,-29.01
2026-09-09T14:27:30.731,1788944250.7315,1521,-1067,-13.68,-2323,-29.78
2026-09-09T14:27:30.752,1788944250.7521,1522,-4289,-54.99,-2388,-30.62
2026-09-09T14:27:30.762,1788944250.7624,1523,-84,-1.08,-2433,-31.19
2026-09-09T14:27:30.778,1788944250.7782,1524,-5380,-68.97,-2460,-31.54
2026-09-09T14:27:30.778,1788944250.7782,1525,972,12.46,-2468,-31.64
2026-09-09T14:27:30.778,1788944250.7782,1526,-6406,-82.13,-2461,-31.55
2026-09-09T14:27:30.794,1788944250.7941,1527,2119,27.17,-2431,-31.17
2026-09-09T14:27:30.809,1788944250.8099,1528,2827,36.24,164,2.1
2026-09-09T14:27:30.809,1788944250.8099,1529,3304,42.36,2769,35.5
2026-09-09T14:27:30.831,1788944250.8312,1530,2052,26.31,2871,36.81
2026-09-09T14:27:30.832,1788944250.8323,1531,4404,56.46,2953,37.86
2026-09-09T14:27:30.841,1788944250.8418,1532,1221,15.65,3020,38.72
2026-09-09T14:27:30.857,1788944250.8577,1533,5359,68.71,3051,39.12
2026-09-09T14:27:30.873,1788944250.8734,1534,278,3.56,3054,39.15
2026-09-09T14:27:30.873,1788944250.8734,1535,6161,78.99,3019,38.71
2026-09-09T14:27:30.889,1788944250.8893,1536,-786,-10.08,2953,37.86
2026-09-09T14:27:30.889,1788944250.8893,1537,-2932,-37.59,414,5.31
2026-09-09T14:27:30.905,1788944250.9053,1538,-1864,-23.9,-2129,-27.29
2026-09-09T14:27:30.921,1788944250.9212,1539,-2086,-26.74,-2187,-28.04
2026-09-09T14:27:30.921,1788944250.9212,1540,-2985,-38.27,-2256,-28.92
2026-09-09T14:27:30.937,1788944250.9372,1541,-1215,-15.58,-2318,-29.72
2026-09-09T14:27:30.952,1788944250.9524,1542,-4132,-52.97,-2387,-30.6
2026-09-09T14:27:30.952,1788944250.9524,1543,-224,-2.87,-2426,-31.1
2026-09-09T14:27:30.968,1788944250.9683,1544,-5283,-67.73,-2466,-31.62
2026-09-09T14:27:30.968,1788944250.9683,1545,860,11.03,-2483,-31.83
2026-09-09T14:27:30.984,1788944250.9844,1546,-6285,-80.58,-2462,-31.56
2026-09-09T14:27:31.000,1788944251.0005,1547,2003,25.68,-2427,-31.12
2026-09-09T14:27:31.016,1788944251.0166,1548,2896,37.13,154,1.97
2026-09-09T14:27:31.016,1788944251.0166,1549,3197,40.99,2748,35.23
2026-09-09T14:27:31.032,1788944251.0325,1550,2145,27.5,2858,36.64
2026-09-09T14:27:31.032,1788944251.0325,1551,4281,54.88,2942,37.72
2026-09-09T14:27:31.054,1788944251.0540,1552,1318,16.9,3006,38.54
2026-09-09T14:27:31.054,1788944251.0540,1553,5252,67.33,3042,39.0
2026-09-09T14:27:31.064,1788944251.0641,1554,371,4.76,3048,39.08
2026-09-09T14:27:31.079,1788944251.0798,1555,6114,78.38,3027,38.81
2026-09-09T14:27:31.079,1788944251.0798,1556,-672,-8.62,2981,38.22
2026-09-09T14:27:31.095,1788944251.0957,1557,-3027,-38.81,435,5.58
2026-09-09T14:27:31.095,1788944251.0957,1558,-1747,-22.4,-2119,-27.17
2026-09-09T14:27:31.111,1788944251.1116,1559,-2177,-27.91,-2175,-27.88
2026-09-09T14:27:31.129,1788944251.1299,1560,-2876,-36.87,-2245,-28.78
2026-09-09T14:27:31.129,1788944251.1299,1561,-1279,-16.4,-2302,-29.51
2026-09-09T14:27:31.142,1788944251.1429,1562,-4032,-51.69,-2367,-30.35
2026-09-09T14:27:31.158,1788944251.1588,1563,-311,-3.99,-2414,-30.95
2026-09-09T14:27:31.174,1788944251.1747,1564,-5162,-66.18,-2454,-31.46
2026-09-09T14:27:31.174,1788944251.1747,1565,792,10.15,-2461,-31.55
2026-09-09T14:27:31.195,1788944251.1950,1566,-6205,-79.55,-2446,-31.36
2026-09-09T14:27:31.199,1788944251.1990,1567,1912,24.51,-2427,-31.12
2026-09-09T14:27:31.206,1788944251.2063,1568,2972,38.1,147,1.88
2026-09-09T14:27:31.222,1788944251.2221,1569,3117,39.96,2743,35.17
2026-09-09T14:27:31.222,1788944251.2221,1570,2214,28.38,2855,36.6
2026-09-09T14:27:31.238,1788944251.2380,1571,4186,53.67,2932,37.59
2026-09-09T14:27:31.238,1788944251.2380,1572,1407,18.04,2998,38.44
2026-09-09T14:27:31.254,1788944251.2549,1573,5181,66.42,3045,39.04
2026-09-09T14:27:31.269,1788944251.2697,1574,464,5.95,3058,39.21
2026-09-09T14:27:31.269,1788944251.2697,1575,6043,77.47,3038,38.95
2026-09-09T14:27:31.285,1788944251.2858,1576,-568,-7.28,2995,38.4
2026-09-09T14:27:31.285,1788944251.2858,1577,-3103,-39.78,451,5.78
2026-09-09T14:27:31.301,1788944251.3020,1578,-1646,-21.1,-2105,-26.99
2026-09-09T14:27:31.317,1788944251.3178,1579,-2225,-28.53,-2155,-27.63
2026-09-09T14:27:31.334,1788944251.3341,1580,-2772,-35.54,-2217,-28.42
2026-09-09T14:27:31.334,1788944251.3341,1581,-1347,-17.27,-2279,-29.22
2026-09-09T14:27:31.350,1788944251.3501,1582,-3920,-50.26,-2347,-30.09
2026-09-09T14:27:31.354,1788944251.3548,1583,-412,-5.28,-2400,-30.77
2026-09-09T14:27:31.371,1788944251.3717,1584,-5051,-64.76,-2449,-31.4
2026-09-09T14:27:31.371,1788944251.3717,1585,672,8.62,-2461,-31.55
2026-09-09T14:27:31.381,1788944251.3819,1586,-6117,-78.42,-2456,-31.49
2026-09-09T14:27:31.397,1788944251.3976,1587,1811,23.22,-2438,-31.26
2026-09-09T14:27:31.397,1788944251.3976,1588,3052,39.13,139,1.78
2026-09-09T14:27:31.413,1788944251.4133,1589,2981,38.22,2724,34.92
2026-09-09T14:27:31.429,1788944251.4292,1590,2290,29.36,2826,36.23
2026-09-09T14:27:31.429,1788944251.4292,1591,4074,52.23,2908,37.28
2026-09-09T14:27:31.445,1788944251.4451,1592,1495,19.17,2983,38.24
2026-09-09T14:27:31.461,1788944251.4613,1593,5097,65.35,3040,38.97
2026-09-09T14:27:31.477,1788944251.4773,1594,583,7.47,3068,39.33
2026-09-09T14:27:31.477,1788944251.4773,1595,5963,76.45,3056,39.18
2026-09-09T14:27:31.493,1788944251.4935,1596,-456,-5.85,3013,38.63
2026-09-09T14:27:31.493,1788944251.4935,1597,-3148,-40.36,475,6.09
2026-09-09T14:27:31.509,1788944251.5092,1598,-1543,-19.78,-2074,-26.59
2026-09-09T14:27:31.525,1788944251.5253,1599,-2334,-29.92,-2142,-27.46
2026-09-09T14:27:31.525,1788944251.5253,1600,-2656,-34.05,-2217,-28.42
2026-09-09T14:27:31.541,1788944251.5410,1601,-1500,-19.23,-2287,-29.32
2026-09-09T14:27:31.541,1788944251.5410,1602,-3800,-48.72,-2364,-30.31
2026-09-09T14:27:31.559,1788944251.5596,1603,-549,-7.04,-2413,-30.94
2026-09-09T14:27:31.559,1788944251.5596,1604,-4927,-63.17,-2457,-31.5
2026-09-09T14:27:31.573,1788944251.5739,1605,511,6.55,-2473,-31.71
2026-09-09T14:27:31.589,1788944251.5891,1606,-5998,-76.9,-2476,-31.74
2026-09-09T14:27:31.589,1788944251.5891,1607,1666,21.36,-2455,-31.47
2026-09-09T14:27:31.621,1788944251.6213,1608,3156,40.46,122,1.56
2026-09-09T14:27:31.621,1788944251.6213,1609,2844,36.46,2705,34.68
2026-09-09T14:27:31.621,1788944251.6213,1610,2382,30.54,2806,35.97
2026-09-09T14:27:31.637,1788944251.6372,1611,3949,50.63,2889,37.04
2026-09-09T14:27:31.653,1788944251.6532,1612,1587,20.35,2966,38.03
2026-09-09T14:27:31.656,1788944251.6562,1613,4988,63.95,3027,38.81
2026-09-09T14:27:31.669,1788944251.6695,1614,675,8.65,3059,39.22
2026-09-09T14:27:31.669,1788944251.6695,1615,5878,75.36,3054,39.15
2026-09-09T14:27:31.685,1788944251.6856,1616,-340,-4.36,3022,38.74
2026-09-09T14:27:31.701,1788944251.7014,1617,-3301,-42.32,474,6.08
2026-09-09T14:27:31.703,1788944251.7034,1618,-1419,-18.19,-2091,-26.81
2026-09-09T14:27:31.723,1788944251.7237,1619,-2447,-31.37,-2147,-27.53
2026-09-09T14:27:31.734,1788944251.7340,1620,-2532,-32.46,-2212,-28.36
2026-09-09T14:27:31.734,1788944251.7340,1621,-1548,-19.85,-2265,-29.04
2026-09-09T14:27:31.749,1788944251.7493,1622,-3657,-46.88,-2322,-29.77
2026-09-09T14:27:31.755,1788944251.7559,1623,-633,-8.12,-2374,-30.44
2026-09-09T14:27:31.781,1788944251.7811,1624,-4820,-61.79,-2436,-31.23
2026-09-09T14:27:31.781,1788944251.7811,1625,418,5.36,-2464,-31.59
2026-09-09T14:27:31.781,1788944251.7811,1626,-5899,-75.63,-2471,-31.68
2026-09-09T14:27:31.796,1788944251.7970,1627,1553,19.91,-2457,-31.5
2026-09-09T14:27:31.812,1788944251.8129,1628,3212,41.18,104,1.33
2026-09-09T14:27:31.828,1788944251.8289,1629,2732,35.03,2677,34.32
2026-09-09T14:27:31.828,1788944251.8289,1630,2454,31.46,2782,35.67
2026-09-09T14:27:31.828,1788944251.8289,1631,3825,49.04,2866,36.74
2026-09-09T14:27:31.844,1788944251.8449,1632,1663,21.32,2941,37.71
2026-09-09T14:27:31.860,1788944251.8607,1633,4888,62.67,3009,38.58
2026-09-09T14:27:31.860,1788944251.8607,1634,780,10.0,3054,39.15
2026-09-09T14:27:31.876,1788944251.8765,1635,5774,74.03,3055,39.17
2026-09-09T14:27:31.876,1788944251.8765,1636,-232,-2.97,3024,38.77
2026-09-09T14:27:31.892,1788944251.8923,1637,-3381,-43.35,482,6.18
2026-09-09T14:27:31.907,1788944251.9079,1638,-1299,-16.65,-2074,-26.59
2026-09-09T14:27:31.924,1788944251.9240,1639,-2547,-32.65,-2132,-27.33
2026-09-09T14:27:31.924,1788944251.9240,1640,-2424,-31.08,-2205,-28.27
2026-09-09T14:27:31.940,1788944251.9403,1641,-1657,-21.24,-2263,-29.01
2026-09-09T14:27:31.940,1788944251.9403,1642,-3561,-45.65,-2325,-29.81
2026-09-09T14:27:31.956,1788944251.9565,1643,-746,-9.56,-2382,-30.54
2026-09-09T14:27:31.972,1788944251.9725,1644,-4696,-60.21,-2438,-31.26
2026-09-09T14:27:31.972,1788944251.9725,1645,302,3.87,-2459,-31.53
2026-09-09T14:27:31.988,1788944251.9885,1646,-5798,-74.33,-2473,-31.71
2026-09-09T14:27:31.995,1788944251.9955,1647,1406,18.03,-2472,-31.69
2026-09-09T14:27:32.004,1788944252.0049,1648,3304,42.36,79,1.01
2026-09-09T14:27:32.020,1788944252.0202,1649,2592,33.23,2651,33.99
2026-09-09T14:27:32.020,1788944252.0202,1650,2546,32.64,2758,35.36
2026-09-09T14:27:32.036,1788944252.0363,1651,3745,48.01,2857,36.63
2026-09-09T14:27:32.036,1788944252.0363,1652,1747,22.4,2945,37.76
2026-09-09T14:27:32.057,1788944252.0575,1653,4788,61.38,3006,38.54
2026-09-09T14:27:32.068,1788944252.0680,1654,868,11.13,3047,39.06
2026-09-09T14:27:32.068,1788944252.0680,1655,5694,73.0,3054,39.15
2026-09-09T14:27:32.083,1788944252.0839,1656,-124,-1.59,3033,38.88
2026-09-09T14:27:32.099,1788944252.0997,1657,-3425,-43.91,505,6.47
2026-09-09T14:27:32.099,1788944252.0997,1658,-1187,-15.22,-2041,-26.17
2026-09-09T14:27:32.125,1788944252.1256,1659,-2608,-33.44,-2102,-26.95
2026-09-09T14:27:32.133,1788944252.1334,1660,-2313,-29.65,-2179,-27.94
2026-09-09T14:27:32.133,1788944252.1334,1661,-1765,-22.63,-2250,-28.85
2026-09-09T14:27:32.146,1788944252.1470,1662,-3445,-44.17,-2322,-29.77
2026-09-09T14:27:32.163,1788944252.1631,1663,-846,-10.85,-2376,-30.46
2026-09-09T14:27:32.163,1788944252.1631,1664,-4604,-59.03,-2436,-31.23
2026-09-09T14:27:32.179,1788944252.1791,1665,197,2.53,-2465,-31.6
2026-09-09T14:27:32.179,1788944252.1791,1666,-5707,-73.17,-2480,-31.79
2026-09-09T14:27:32.194,1788944252.1949,1667,1305,16.73,-2478,-31.77
2026-09-09T14:27:32.194,1788944252.1949,1668,3360,43.08,65,0.83
2026-09-09T14:27:32.226,1788944252.2268,1669,2464,31.59,2622,33.62
2026-09-09T14:27:32.226,1788944252.2268,1670,2634,33.77,2730,35.0
2026-09-09T14:27:32.226,1788944252.2268,1671,3641,46.68,2843,36.45
2026-09-09T14:27:32.242,1788944252.2427,1672,1832,23.49,2937,37.65
2026-09-09T14:27:32.258,1788944252.2589,1673,4712,60.41,3004,38.51
2026-09-09T14:27:32.274,1788944252.2749,1674,956,12.26,3053,39.14
2026-09-09T14:27:32.274,1788944252.2749,1675,5631,72.19,3063,39.27
2026-09-09T14:27:32.290,1788944252.2909,1676,-39,-0.5,3044,39.03
2026-09-09T14:27:32.290,1788944252.2909,1677,-3521,-45.14,508,6.51
2026-09-09T14:27:32.306,1788944252.3069,1678,-1095,-14.04,-2044,-26.21
2026-09-09T14:27:32.306,1788944252.3069,1679,-2708,-34.72,-2105,-26.99
2026-09-09T14:27:32.322,1788944252.3230,1680,-2209,-28.32,-2180,-27.95
2026-09-09T14:27:32.338,1788944252.3389,1681,-1842,-23.62,-2242,-28.74
2026-09-09T14:27:32.338,1788944252.3389,1682,-3341,-42.83,-2309,-29.6
2026-09-09T14:27:32.357,1788944252.3578,1683,-939,-12.04,-2366,-30.33
2026-09-09T14:27:32.370,1788944252.3709,1684,-4488,-57.54,-2427,-31.12
2026-09-09T14:27:32.370,1788944252.3709,1685,117,1.5,-2450,-31.41
2026-09-09T14:27:32.386,1788944252.3869,1686,-5599,-71.78,-2464,-31.59
2026-09-09T14:27:32.386,1788944252.3869,1687,1249,16.01,-2458,-31.51
2026-09-09T14:27:32.402,1788944252.4025,1688,3412,43.74,77,0.99
2026-09-09T14:27:32.418,1788944252.4182,1689,2363,30.29,2609,33.45
2026-09-09T14:27:32.418,1788944252.4182,1690,2666,34.18,2701,34.63
2026-09-09T14:27:32.434,1788944252.4342,1691,3501,44.88,2799,35.88
2026-09-09T14:27:32.450,1788944252.4503,1692,1896,24.31,2891,37.06
2026-09-09T14:27:32.458,1788944252.4582,1693,4613,59.14,2976,38.15
2026-09-09T14:27:32.466,1788944252.4664,1694,1037,13.29,3039,38.96
2026-09-09T14:27:32.466,1788944252.4664,1695,5555,71.22,3060,39.23
2026-09-09T14:27:32.482,1788944252.4826,1696,69,0.88,3054,39.15
2026-09-09T14:27:32.499,1788944252.4997,1697,-3597,-46.12,524,6.72
2026-09-09T14:27:32.514,1788944252.5142,1698,-1006,-12.9,-2033,-26.06
2026-09-09T14:27:32.514,1788944252.5142,1699,-2760,-35.38,-2093,-26.83
2026-09-09T14:27:32.530,1788944252.5301,1700,-2092,-26.82,-2155,-27.63
2026-09-09T14:27:32.530,1788944252.5301,1701,-1842,-23.62,-2197,-28.17
2026-09-09T14:27:32.545,1788944252.5458,1702,-3241,-41.55,-2255,-28.91
2026-09-09T14:27:32.562,1788944252.5626,1703,-975,-12.5,-2325,-29.81
2026-09-09T14:27:32.562,1788944252.5626,1704,-4389,-56.27,-2395,-30.71
2026-09-09T14:27:32.577,1788944252.5776,1705,33,0.42,-2430,-31.15
2026-09-09T14:27:32.593,1788944252.5935,1706,-5511,-70.65,-2459,-31.53
2026-09-09T14:27:32.593,1788944252.5935,1707,1120,14.36,-2468,-31.64
2026-09-09T14:27:32.609,1788944252.6095,1708,3484,44.67,53,0.68
2026-09-09T14:27:32.609,1788944252.6095,1709,2235,28.65,2580,33.08
2026-09-09T14:27:32.625,1788944252.6256,1710,2751,35.27,2676,34.31
2026-09-09T14:27:32.625,1788944252.6256,1711,3417,43.81,2788,35.74
2026-09-09T14:27:32.641,1788944252.6416,1712,1964,25.18,2887,37.01
2026-09-09T14:27:32.659,1788944252.6599,1713,4509,57.81,2963,37.99
2026-09-09T14:27:32.673,1788944252.6736,1714,1109,14.22,3022,38.74
2026-09-09T14:27:32.673,1788944252.6736,1715,5475,70.19,3050,39.1
2026-09-09T14:27:32.689,1788944252.6895,1716,150,1.92,3052,39.13
2026-09-09T14:27:32.689,1788944252.6895,1717,-3633,-46.58,535,6.86
2026-09-09T14:27:32.705,1788944252.7055,1718,-898,-11.51,-2004,-25.69
2026-09-09T14:27:32.723,1788944252.7232,1719,-2848,-36.51,-2070,-26.54
2026-09-09T14:27:32.723,1788944252.7232,1720,-2008,-25.74,-2151,-27.58
2026-09-09T14:27:32.737,1788944252.7373,1721,-1998,-25.62,-2216,-28.41
2026-09-09T14:27:32.737,1788944252.7373,1722,-3133,-40.17,-2285,-29.29
2026-09-09T14:27:32.758,1788944252.7588,1723,-1115,-14.29,-2345,-30.06
2026-09-09T14:27:32.768,1788944252.7690,1724,-4276,-54.82,-2410,-30.9
2026-09-09T14:27:32.768,1788944252.7690,1725,-31,-0.4,-2425,-31.09
2026-09-09T14:27:32.785,1788944252.7850,1726,-5419,-69.47,-2440,-31.28
2026-09-09T14:27:32.785,1788944252.7850,1727,1152,14.77,-2430,-31.15
2026-09-09T14:27:32.800,1788944252.8007,1728,3524,45.18,102,1.31
2026-09-09T14:27:32.816,1788944252.8165,1729,2307,29.58,2626,33.67
2026-09-09T14:27:32.832,1788944252.8324,1730,2766,35.46,2726,34.95
2026-09-09T14:27:32.832,1788944252.8324,1731,3376,43.28,2803,35.94
2026-09-09T14:27:32.848,1788944252.8485,1732,2004,25.69,2880,36.92
2026-09-09T14:27:32.859,1788944252.8590,1733,4405,56.47,2947,37.78
2026-09-09T14:27:32.880,1788944252.8805,1734,1193,15.29,3001,38.47
2026-09-09T14:27:32.880,1788944252.8805,1735,5399,69.22,3047,39.06
2026-09-09T14:27:32.880,1788944252.8805,1736,210,2.69,3050,39.1
2026-09-09T14:27:32.896,1788944252.8966,1737,-3713,-47.6,526,6.74
2026-09-09T14:27:32.912,1788944252.9122,1738,-813,-10.42,-2008,-25.74
2026-09-09T14:27:32.912,1788944252.9122,1739,-2884,-36.97,-2056,-26.36
2026-09-09T14:27:32.928,1788944252.9282,1740,-1908,-24.46,-2123,-27.22
2026-09-09T14:27:32.928,1788944252.9282,1741,-2038,-26.13,-2185,-28.01
2026-09-09T14:27:32.944,1788944252.9441,1742,-3057,-39.19,-2261,-28.99
2026-09-09T14:27:32.960,1788944252.9601,1743,-1151,-14.76,-2326,-29.82
2026-09-09T14:27:32.976,1788944252.9762,1744,-4192,-53.74,-2388,-30.62
2026-09-09T14:27:32.976,1788944252.9762,1745,-180,-2.31,-2429,-31.14
2026-09-09T14:27:32.992,1788944252.9923,1746,-5303,-67.99,-2464,-31.59
2026-09-09T14:27:32.992,1788944252.9923,1747,936,12.0,-2463,-31.58
2026-09-09T14:27:33.008,1788944253.0083,1748,3604,46.21,43,0.55
2026-09-09T14:27:33.008,1788944253.0083,1749,2091,26.81,2558,32.79
2026-09-09T14:27:33.024,1788944253.0246,1750,2875,36.86,2665,34.17
2026-09-09T14:27:33.040,1788944253.0404,1751,3228,41.38,2767,35.47
2026-09-09T14:27:33.040,1788944253.0404,1752,2097,26.88,2857,36.63
2026-09-09T14:27:33.059,1788944253.0594,1753,4337,55.6,2939,37.68
2026-09-09T14:27:33.072,1788944253.0725,1754,1277,16.37,3012,38.62
2026-09-09T14:27:33.072,1788944253.0725,1755,5303,67.99,3048,39.08
2026-09-09T14:27:33.088,1788944253.0885,1756,338,4.33,3055,39.17
2026-09-09T14:27:33.088,1788944253.0885,1757,-3818,-48.95,540,6.92
2026-09-09T14:27:33.104,1788944253.1045,1758,-718,-9.21,-2004,-25.69
2026-09-09T14:27:33.120,1788944253.1204,1759,-2992,-38.36,-2062,-26.44
2026-09-09T14:27:33.136,1788944253.1362,1760,-1796,-23.03,-2125,-27.24
2026-09-09T14:27:33.136,1788944253.1362,1761,-2139,-27.42,-2181,-27.96
2026-09-09T14:27:33.152,1788944253.1522,1762,-2937,-37.65,-2253,-28.88
2026-09-09T14:27:33.159,1788944253.1594,1763,-1212,-15.54,-2307,-29.58
2026-09-09T14:27:33.167,1788944253.1680,1764,-4077,-52.27,-2360,-30.26
2026-09-09T14:27:33.167,1788944253.1680,1765,-273,-3.5,-2410,-30.9
2026-09-09T14:27:33.183,1788944253.1839,1766,-5208,-66.77,-2458,-31.51
2026-09-09T14:27:33.199,1788944253.1998,1767,791,10.14,-2475,-31.73
2026-09-09T14:27:33.199,1788944253.1998,1768,3688,47.28,15,0.19
2026-09-09T14:27:33.215,1788944253.2156,1769,1946,24.95,2528,32.41
2026-09-09T14:27:33.232,1788944253.2327,1770,2959,37.94,2634,33.77
2026-09-09T14:27:33.232,1788944253.2327,1771,3128,40.1,2748,35.23
2026-09-09T14:27:33.247,1788944253.2474,1772,2168,27.79,2845,36.47
2026-09-09T14:27:33.259,1788944253.2598,1773,4252,54.51,2929,37.55
2026-09-09T14:27:33.263,1788944253.2633,1774,1353,17.35,3006,38.54
2026-09-09T14:27:33.279,1788944253.2793,1775,5251,67.32,3052,39.13
2026-09-09T14:27:33.279,1788944253.2793,1776,417,5.35,3068,39.33
2026-09-09T14:27:33.295,1788944253.2954,1777,-3870,-49.62,553,7.09
2026-09-09T14:27:33.311,1788944253.3112,1778,-622,-7.97,-1987,-25.47
2026-09-09T14:27:33.327,1788944253.3273,1779,-3041,-38.99,-2039,-26.14
2026-09-09T14:27:33.327,1788944253.3273,1780,-1725,-22.12,-2108,-27.03
2026-09-09T14:27:33.327,1788944253.3273,1781,-2203,-28.24,-2174,-27.87
2026-09-09T14:27:33.343,1788944253.3432,1782,-2866,-36.74,-2250,-28.85
2026-09-09T14:27:33.359,1788944253.3599,1783,-1325,-16.99,-2315,-29.68
2026-09-09T14:27:33.359,1788944253.3599,1784,-3993,-51.19,-2378,-30.49
2026-09-09T14:27:33.382,1788944253.3822,1785,-361,-4.63,-2418,-31.0
2026-09-09T14:27:33.390,1788944253.3909,1786,-5148,-66.0,-2466,-31.62
2026-09-09T14:27:33.390,1788944253.3909,1787,767,9.83,-2473,-31.71
2026-09-09T14:27:33.406,1788944253.4070,1788,3708,47.54,23,0.29
2026-09-09T14:27:33.422,1788944253.4229,1789,1938,24.85,2530,32.44
2026-09-09T14:27:33.422,1788944253.4229,1790,2990,38.33,2643,33.88
2026-09-09T14:27:33.438,1788944253.4386,1791,3076,39.44,2748,35.23
2026-09-09T14:27:33.438,1788944253.4386,1792,2224,28.51,2841,36.42
2026-09-09T14:27:33.460,1788944253.4600,1793,4180,53.59,2926,37.51
2026-09-09T14:27:33.470,1788944253.4706,1794,1401,17.96,2996,38.41
2026-09-09T14:27:33.470,1788944253.4706,1795,5167,66.24,3037,38.94
2026-09-09T14:27:33.486,1788944253.4863,1796,474,6.08,3052,39.13
2026-09-09T14:27:33.502,1788944253.5022,1797,-3946,-50.59,542,6.95
2026-09-09T14:27:33.502,1788944253.5022,1798,-557,-7.14,-1994,-25.56
2026-09-09T14:27:33.518,1788944253.5182,1799,-3109,-39.86,-2043,-26.19
2026-09-09T14:27:33.518,1788944253.5182,1800,-1628,-20.87,-2101,-26.94
2026-09-09T14:27:33.534,1788944253.5344,1801,-2275,-29.17,-2160,-27.69
2026-09-09T14:27:33.550,1788944253.5505,1802,-2757,-35.35,-2234,-28.64
2026-09-09T14:27:33.567,1788944253.5672,1803,-1384,-17.74,-2294,-29.41
2026-09-09T14:27:33.567,1788944253.5672,1804,-3921,-50.27,-2362,-30.28
2026-09-09T14:27:33.567,1788944253.5672,1805,-405,-5.19,-2408,-30.87
2026-09-09T14:27:33.582,1788944253.5822,1806,-5052,-64.77,-2446,-31.36
2026-09-09T14:27:33.598,1788944253.5984,1807,675,8.65,-2459,-31.53
2026-09-09T14:27:33.614,1788944253.6144,1808,3765,48.27,15,0.19
2026-09-09T14:27:33.614,1788944253.6144,1809,1802,23.1,2501,32.06
2026-09-09T14:27:33.630,1788944253.6304,1810,3051,39.12,2605,33.4
2026-09-09T14:27:33.630,1788944253.6304,1811,2936,37.64,2710,34.74
2026-09-09T14:27:33.646,1788944253.6467,1812,2273,29.14,2799,35.88
2026-09-09T14:27:33.662,1788944253.6624,1813,4073,52.22,2888,37.03
2026-09-09T14:27:33.665,1788944253.6652,1814,1487,19.06,2976,38.15
2026-09-09T14:27:33.678,1788944253.6783,1815,5104,65.44,3037,38.94
2026-09-09T14:27:33.678,1788944253.6783,1816,551,7.06,3061,39.24
2026-09-09T14:27:33.694,1788944253.6946,1817,-3986,-51.1,555,7.12
2026-09-09T14:27:33.721,1788944253.7215,1818,-485,-6.22,-1977,-25.35
2026-09-09T14:27:33.726,1788944253.7266,1819,-3140,-40.26,-2024,-25.95
2026-09-09T14:27:33.728,1788944253.7284,1820,-1563,-20.04,-2082,-26.69
2026-09-09T14:27:33.742,1788944253.7425,1821,-2311,-29.63,-2145,-27.5
2026-09-09T14:27:33.742,1788944253.7425,1822,-2685,-34.42,-2218,-28.44
2026-09-09T14:27:33.760,1788944253.7608,1823,-1436,-18.41,-2280,-29.23
2026-09-09T14:27:33.760,1788944253.7608,1824,-3829,-49.09,-2347,-30.09
2026-09-09T14:27:33.774,1788944253.7748,1825,-513,-6.58,-2402,-30.79
2026-09-09T14:27:33.790,1788944253.7906,1826,4526,58.03,-83,-1.06
2026-09-09T14:27:33.790,1788944253.7906,1827,543,6.96,2270,29.1
2026-09-09T14:27:33.806,1788944253.8064,1828,3841,49.24,2363,30.29
2026-09-09T14:27:33.822,1788944253.8225,1829,1726,22.13,2487,31.88
2026-09-09T14:27:33.822,1788944253.8225,1830,3108,39.85,2600,33.33
2026-09-09T14:27:33.838,1788944253.8387,1831,2868,36.77,2702,34.64
2026-09-09T14:27:33.861,1788944253.8619,1832,2346,30.08,2797,35.86
2026-09-09T14:27:33.870,1788944253.8702,1833,4001,51.29,2890,37.05
2026-09-09T14:27:33.870,1788944253.8702,1834,1535,19.68,2970,38.08
2026-09-09T14:27:33.870,1788944253.8702,1835,5036,64.56,3026,38.79
2026-09-09T14:27:33.886,1788944253.8861,1836,639,8.19,3061,39.24
2026-09-09T14:27:33.901,1788944253.9018,1837,-3982,-51.05,583,7.47
2026-09-09T14:27:33.901,1788944253.9018,1838,-393,-5.04,-1930,-24.74
2026-09-09T14:27:33.917,1788944253.9180,1839,-3169,-40.63,-1985,-25.45
2026-09-09T14:27:33.917,1788944253.9180,1840,-1464,-18.77,-2049,-26.27
2026-09-09T14:27:33.933,1788944253.9339,1841,-2380,-30.51,-2120,-27.18
2026-09-09T14:27:33.950,1788944253.9500,1842,-2589,-33.19,-2204,-28.26
2026-09-09T14:27:33.961,1788944253.9611,1843,-1505,-19.29,-2266,-29.05
2026-09-09T14:27:33.965,1788944253.9657,1844,-3726,-47.77,-2332,-29.9
2026-09-09T14:27:33.965,1788944253.9657,1845,-582,-7.46,-2385,-30.58
2026-09-09T14:27:33.981,1788944253.9815,1846,4581,58.73,-78,-1.0
2026-09-09T14:27:33.997,1788944253.9973,1847,462,5.92,2260,28.97
2026-09-09T14:27:34.013,1788944254.0133,1848,3888,49.85,2348,30.1
2026-09-09T14:27:34.013,1788944254.0133,1849,1613,20.68,2462,31.56
2026-09-09T14:27:34.029,1788944254.0293,1850,3183,40.81,2574,33.0
2026-09-09T14:27:34.029,1788944254.0293,1851,2787,35.73,2691,34.5
2026-09-09T14:27:34.045,1788944254.0455,1852,2413,30.94,2792,35.79
2026-09-09T14:27:34.061,1788944254.0613,1853,3928,50.36,2885,36.99
2026-09-09T14:27:34.061,1788944254.0613,1854,1618,20.74,2971,38.09
2026-09-09T14:27:34.077,1788944254.0774,1855,4943,63.37,3026,38.79
2026-09-09T14:27:34.077,1788944254.0774,1856,718,9.21,3055,39.17
2026-09-09T14:27:34.093,1788944254.0935,1857,-4127,-52.91,563,7.22
2026-09-09T14:27:34.109,1788944254.1096,1858,-297,-3.81,-1959,-25.12
2026-09-09T14:27:34.109,1788944254.1096,1859,-3318,-42.54,-2010,-25.77
2026-09-09T14:27:34.130,1788944254.1305,1860,-1368,-17.54,-2076,-26.62
2026-09-09T14:27:34.134,1788944254.1349,1861,-2508,-32.15,-2141,-27.45
2026-09-09T14:27:34.157,1788944254.1572,1862,-2494,-31.97,-2220,-28.46
2026-09-09T14:27:34.162,1788944254.1623,1863,-1554,-19.92,-2263,-29.01
2026-09-09T14:27:34.169,1788944254.1696,1864,-3642,-46.69,-2311,-29.63
2026-09-09T14:27:34.173,1788944254.1732,1865,-591,-7.58,-2358,-30.23
2026-09-09T14:27:34.188,1788944254.1890,1866,4617,59.19,-52,-0.67
2026-09-09T14:27:34.205,1788944254.2051,1867,413,5.29,2264,29.03
2026-09-09T14:27:34.205,1788944254.2051,1868,3936,50.46,2344,30.05
2026-09-09T14:27:34.220,1788944254.2209,1869,1508,19.33,2448,31.38
2026-09-09T14:27:34.220,1788944254.2209,1870,3226,41.36,2544,32.62
2026-09-09T14:27:34.236,1788944254.2367,1871,2687,34.45,2661,34.12
2026-09-09T14:27:34.252,1788944254.2524,1872,2500,32.05,2775,35.58
2026-09-09T14:27:34.252,1788944254.2524,1873,3823,49.01,2877,36.88
2026-09-09T14:27:34.268,1788944254.2682,1874,1697,21.76,2960,37.95
2026-09-09T14:27:34.268,1788944254.2682,1875,4858,62.28,3018,38.69
2026-09-09T14:27:34.284,1788944254.2841,1876,818,10.49,3057,39.19
2026-09-09T14:27:34.299,1788944254.2999,1877,-4240,-54.36,563,7.22
2026-09-09T14:27:34.315,1788944254.3159,1878,-198,-2.54,-1965,-25.19
2026-09-09T14:27:34.315,1788944254.3159,1879,-3419,-43.83,-2014,-25.82
2026-09-09T14:27:34.333,1788944254.3331,1880,-1265,-16.22,-2076,-26.62
2026-09-09T14:27:34.333,1788944254.3331,1881,-2609,-33.45,-2140,-27.44
2026-09-09T14:27:34.348,1788944254.3489,1882,-2362,-30.28,-2212,-28.36
2026-09-09T14:27:34.363,1788944254.3640,1883,-1810,-23.21,-2286,-29.31
2026-09-09T14:27:34.363,1788944254.3640,1884,-3510,-45.0,-2373,-30.42
2026-09-09T14:27:34.380,1788944254.3801,1885,-899,-11.53,-2433,-31.19
2026-09-09T14:27:34.380,1788944254.3801,1886,4822,61.82,-122,-1.56
2026-09-09T14:27:34.396,1788944254.3962,1887,150,1.92,2223,28.5
2026-09-09T14:27:34.396,1788944254.3962,1888,4169,53.45,2322,29.77
2026-09-09T14:27:34.412,1788944254.4121,1889,1302,16.69,2447,31.37
2026-09-09T14:27:34.427,1788944254.4280,1890,3456,44.31,2557,32.78
2026-09-09T14:27:34.427,1788944254.4280,1891,2472,31.69,2671,34.24
2026-09-09T14:27:34.462,1788944254.4630,1892,2707,34.71,2776,35.59
2026-09-09T14:27:34.462,1788944254.4630,1893,3645,46.73,2882,36.95
2026-09-09T14:27:34.462,1788944254.4630,1894,1924,24.67,2980,38.21
2026-09-09T14:27:34.476,1788944254.4761,1895,4733,60.68,3056,39.18
2026-09-09T14:27:34.492,1788944254.4922,1896,1016,13.03,3101,39.76
2026-09-09T14:27:34.492,1788944254.4922,1897,-4351,-55.78,603,7.73
2026-09-09T14:27:34.508,1788944254.5080,1898,-28,-0.36,-1929,-24.73
2026-09-09T14:27:34.508,1788944254.5080,1899,-3414,-43.77,-1956,-25.08
2026-09-09T14:27:34.524,1788944254.5242,1900,-1128,-14.46,-1996,-25.59
2026-09-09T14:27:34.541,1788944254.5412,1901,-2558,-32.79,-2057,-26.37
2026-09-09T14:27:34.541,1788944254.5412,1902,-2239,-28.71,-2121,-27.19
2026-09-09T14:27:34.563,1788944254.5631,1903,-1689,-21.65,-2182,-27.97
2026-09-09T14:27:34.572,1788944254.5722,1904,-3413,-43.76,-2258,-28.95
2026-09-09T14:27:34.572,1788944254.5722,1905,-798,-10.23,-2329,-29.86
2026-09-09T14:27:34.587,1788944254.5875,1906,4794,61.46,-54,-0.69
2026-09-09T14:27:34.603,1788944254.6033,1907,213,2.73,2250,28.85
2026-09-09T14:27:34.603,1788944254.6033,1908,4064,52.1,2321,29.76
2026-09-09T14:27:34.619,1788944254.6193,1909,1332,17.08,2418,31.0
2026-09-09T14:27:34.619,1788944254.6193,1910,3343,42.86,2517,32.27
2026-09-09T14:27:34.635,1788944254.6354,1911,2458,31.51,2619,33.58
2026-09-09T14:27:34.651,1788944254.6512,1912,2597,33.29,2714,34.79
2026-09-09T14:27:34.651,1788944254.6512,1913,3576,45.85,2807,35.99
2026-09-09T14:27:34.669,1788944254.6696,1914,1787,22.91,2884,36.97
2026-09-09T14:27:34.669,1788944254.6696,1915,4616,59.18,2941,37.71
2026-09-09T14:27:34.683,1788944254.6832,1916,885,11.35,2976,38.15
2026-09-09T14:27:34.698,1788944254.6988,1917,-4425,-56.73,490,6.28
2026-09-09T14:27:34.714,1788944254.7148,1918,-101,-1.29,-2017,-25.86
2026-09-09T14:27:34.721,1788944254.7217,1919,-3590,-46.03,-2055,-26.35
2026-09-09T14:27:34.730,1788944254.7308,1920,-1155,-14.81,-2109,-27.04
2026-09-09T14:27:34.731,1788944254.7315,1921,-2744,-35.18,-2161,-27.71
2026-09-09T14:27:34.757,1788944254.7579,1922,-2232,-28.62,-2219,-28.45
2026-09-09T14:27:34.763,1788944254.7635,1923,-1857,-23.81,-2267,-29.06
2026-09-09T14:27:34.763,1788944254.7635,1924,-3344,-42.87,-2323,-29.78
2026-09-09T14:27:34.778,1788944254.7781,1925,-933,-11.96,-2370,-30.38
2026-09-09T14:27:34.793,1788944254.7939,1926,4776,61.23,-109,-1.4
2026-09-09T14:27:34.793,1788944254.7939,1927,99,1.27,2179,27.94
2026-09-09T14:27:34.809,1788944254.8100,1928,4091,52.45,2266,29.05
2026-09-09T14:27:34.809,1788944254.8100,1929,1162,14.9,2360,30.26
2026-09-09T14:27:34.825,1788944254.8258,1930,3390,43.46,2451,31.42
2026-09-09T14:27:34.841,1788944254.8418,1931,2326,29.82,2567,32.91
2026-09-09T14:27:34.841,1788944254.8418,1932,2649,33.96,2672,34.26
2026-09-09T14:27:34.863,1788944254.8637,1933,3476,44.56,2775,35.58
2026-09-09T14:27:34.863,1788944254.8637,1934,1863,23.88,2866,36.74
2026-09-09T14:27:34.880,1788944254.8803,1935,4556,58.41,2939,37.68
2026-09-09T14:27:34.888,1788944254.8885,1936,997,12.78,2993,38.37
2026-09-09T14:27:34.904,1788944254.9045,1937,-4418,-56.64,533,6.83
2026-09-09T14:27:34.904,1788944254.9045,1938,30,0.38,-1953,-25.04
2026-09-09T14:27:34.920,1788944254.9202,1939,-3564,-45.69,-1981,-25.4
2026-09-09T14:27:34.920,1788944254.9202,1940,-1041,-13.35,-2035,-26.09
2026-09-09T14:27:34.936,1788944254.9363,1941,-2770,-35.51,-2104,-26.97
2026-09-09T14:27:34.952,1788944254.9523,1942,-2170,-27.82,-2188,-28.05
2026-09-09T14:27:34.952,1788944254.9523,1943,-1947,-24.96,-2265,-29.04
2026-09-09T14:27:34.968,1788944254.9685,1944,-3305,-42.37,-2343,-30.04
2026-09-09T14:27:34.968,1788944254.9685,1945,-1114,-14.28,-2418,-31.0
2026-09-09T14:27:34.984,1788944254.9845,1946,4768,61.13,-192,-2.46
2026-09-09T14:27:35.000,1788944255.0003,1947,-97,-1.24,2081,26.68
2026-09-09T14:27:35.000,1788944255.0003,1948,4096,52.51,2167,27.78
2026-09-09T14:27:35.016,1788944255.0164,1949,1084,13.9,2294,29.41
2026-09-09T14:27:35.016,1788944255.0164,1950,3405,43.65,2417,30.99
2026-09-09T14:27:35.048,1788944255.0483,1951,2264,29.03,2539,32.55
2026-09-09T14:27:35.048,1788944255.0483,1952,2704,34.67,2659,34.09
2026-09-09T14:27:35.048,1788944255.0483,1953,3406,43.67,2769,35.5
2026-09-09T14:27:35.064,1788944255.0642,1954,1934,24.79,2862,36.69
2026-09-09T14:27:35.080,1788944255.0801,1955,4498,57.67,2943,37.73
2026-09-09T14:27:35.096,1788944255.0963,1956,1087,13.94,3004,38.51
2026-09-09T14:27:35.096,1788944255.0963,1957,-4489,-57.55,545,6.99
2026-09-09T14:27:35.096,1788944255.0963,1958,155,1.99,-1934,-24.79
2026-09-09T14:27:35.112,1788944255.1123,1959,-3659,-46.91,-1960,-25.13
2026-09-09T14:27:35.128,1788944255.1283,1960,-896,-11.49,-2015,-25.83
2026-09-09T14:27:35.144,1788944255.1442,1961,-2814,-36.08,-2067,-26.5
2026-09-09T14:27:35.154,1788944255.1541,1962,-1982,-25.41,-2127,-27.27
2026-09-09T14:27:35.161,1788944255.1616,1963,-1912,-24.51,-2173,-27.86
2026-09-09T14:27:35.170,1788944255.1710,1964,-3108,-39.85,-2229,-28.58
2026-09-09T14:27:35.175,1788944255.1756,1965,-1034,-13.26,-2291,-29.37
2026-09-09T14:27:35.191,1788944255.1914,1966,4931,63.22,-62,-0.79
2026-09-09T14:27:35.207,1788944255.2072,1967,-47,-0.6,2195,28.14
2026-09-09T14:27:35.207,1788944255.2072,1968,4246,54.44,2270,29.1
2026-09-09T14:27:35.222,1788944255.2229,1969,1068,13.69,2378,30.49
2026-09-09T14:27:35.231,1788944255.2316,1970,3556,45.59,2484,31.85
2026-09-09T14:27:35.238,1788944255.2386,1971,2206,28.28,2596,33.28
2026-09-09T14:27:35.238,1788944255.2386,1972,2838,36.38,2701,34.63
2026-09-09T14:27:35.254,1788944255.2546,1973,3379,43.32,2815,36.09
2026-09-09T14:27:35.270,1788944255.2707,1974,2059,26.4,2913,37.35
2026-09-09T14:27:35.270,1788944255.2707,1975,4442,56.95,2984,38.26
2026-09-09T14:27:35.286,1788944255.2867,1976,1223,15.68,3041,38.99
2026-09-09T14:27:35.302,1788944255.3024,1977,-4498,-57.67,597,7.65
2026-09-09T14:27:35.302,1788944255.3024,1978,286,3.67,-1872,-24.0
2026-09-09T14:27:35.318,1788944255.3188,1979,-3669,-47.04,-1899,-24.35
2026-09-09T14:27:35.334,1788944255.3349,1980,-774,-9.92,-1957,-25.09
2026-09-09T14:27:35.334,1788944255.3349,1981,-2861,-36.68,-2020,-25.9
2026-09-09T14:27:35.351,1788944255.3510,1982,-1837,-23.55,-2084,-26.72
2026-09-09T14:27:35.351,1788944255.3510,1983,-2000,-25.64,-2134,-27.36
2026-09-09T14:27:35.366,1788944255.3668,1984,-2963,-37.99,-2200,-28.21
2026-09-09T14:27:35.382,1788944255.3829,1985,-1098,-14.08,-2256,-28.92
2026-09-09T14:27:35.382,1788944255.3829,1986,5028,64.46,-33,-0.42
2026-09-09T14:27:35.398,1788944255.3988,1987,-116,-1.49,2210,28.33
2026-09-09T14:27:35.398,1788944255.3988,1988,4353,55.81,2287,29.32
2026-09-09T14:27:35.414,1788944255.4148,1989,971,12.45,2390,30.64
2026-09-09T14:27:35.430,1788944255.4305,1990,3679,47.17,2493,31.96
2026-09-09T14:27:35.430,1788944255.4305,1991,2124,27.23,2613,33.5
2026-09-09T14:27:35.446,1788944255.4464,1992,2948,37.79,2718,34.85
2026-09-09T14:27:35.446,1788944255.4464,1993,3277,42.01,2824,36.21
2026-09-09T14:27:35.466,1788944255.4661,1994,2145,27.5,2911,37.32
2026-09-09T14:27:35.478,1788944255.4782,1995,4324,55.44,2972,38.1
2026-09-09T14:27:35.494,1788944255.4943,1996,1309,16.78,3025,38.78
2026-09-09T14:27:35.494,1788944255.4943,1997,-4588,-58.82,588,7.54
2026-09-09T14:27:35.510,1788944255.5102,1998,360,4.62,-1877,-24.06
2026-09-09T14:27:35.510,1788944255.5102,1999,-3779,-48.45,-1912,-24.51
2026-09-09T14:27:35.525,1788944255.5258,2000,-695,-8.91,-1974,-25.31
2026-09-09T14:27:35.541,1788944255.5416,2001,-2966,-38.03,-2034,-26.08
2026-09-09T14:27:35.541,1788944255.5416,2002,-1782,-22.85,-2103,-26.96
2026-09-09T14:27:35.559,1788944255.5590,2003,-2113,-27.09,-2161,-27.71
2026-09-09T14:27:35.566,1788944255.5666,2004,-2919,-37.42,-2232,-28.62
2026-09-09T14:27:35.575,1788944255.5754,2005,-1250,-16.03,-2301,-29.5
2026-09-09T14:27:35.589,1788944255.5898,2006,5052,64.77,-92,-1.18
2026-09-09T14:27:35.589,1788944255.5898,2007,-267,-3.42,2146,27.51
2026-09-09T14:27:35.605,1788944255.6057,2008,4367,55.99,2221,28.47
2026-09-09T14:27:35.605,1788944255.6057,2009,812,10.41,2319,29.73
2026-09-09T14:27:35.637,1788944255.6376,2010,3669,47.04,2415,30.96
2026-09-09T14:27:35.637,1788944255.6376,2011,1971,25.27,2530,32.44
2026-09-09T14:27:35.637,1788944255.6376,2012,2940,37.69,2637,33.81
2026-09-09T14:27:35.653,1788944255.6534,2013,3125,40.06,2744,35.18
2026-09-09T14:27:35.671,1788944255.6719,2014,2173,27.86,2840,36.41
2026-09-09T14:27:35.685,1788944255.6856,2015,4237,54.32,2927,37.53
2026-09-09T14:27:35.685,1788944255.6856,2016,1358,17.41,3001,38.47
2026-09-09T14:27:35.685,1788944255.6856,2017,-4699,-60.24,563,7.22
2026-09-09T14:27:35.701,1788944255.7017,2018,410,5.26,-1908,-24.46
2026-09-09T14:27:35.722,1788944255.7222,2019,-3870,-49.62,-1938,-24.85
2026-09-09T14:27:35.722,1788944255.7222,2020,-633,-8.12,-1991,-25.53
2026-09-09T14:27:35.734,1788944255.7344,2021,-3052,-39.13,-2047,-26.24
2026-09-09T14:27:35.749,1788944255.7496,2022,-1716,-22.0,-2114,-27.1
2026-09-09T14:27:35.749,1788944255.7496,2023,-2198,-28.18,-2171,-27.83
2026-09-09T14:27:35.767,1788944255.7670,2024,-2841,-36.42,-2239,-28.71
2026-09-09T14:27:35.781,1788944255.7816,2025,-1332,-17.08,-2303,-29.53
2026-09-09T14:27:35.781,1788944255.7816,2026,5063,64.91,-111,-1.42
2026-09-09T14:27:35.797,1788944255.7977,2027,-340,-4.36,2113,27.09
2026-09-09T14:27:35.797,1788944255.7977,2028,4418,56.64,2200,28.21
2026-09-09T14:27:35.813,1788944255.8134,2029,720,9.23,2304,29.54
2026-09-09T14:27:35.829,1788944255.8291,2030,3713,47.6,2392,30.67
2026-09-09T14:27:35.829,1788944255.8291,2031,1843,23.63,2497,32.01
2026-09-09T14:27:35.850,1788944255.8500,2032,3004,38.51,2600,33.33
2026-09-09T14:27:35.860,1788944255.8608,2033,3021,38.73,2718,34.85
2026-09-09T14:27:35.867,1788944255.8675,2034,2226,28.54,2818,36.13
2026-09-09T14:27:35.876,1788944255.8766,2035,4133,52.99,2901,37.19
2026-09-09T14:27:35.876,1788944255.8766,2036,1427,18.29,2979,38.19
2026-09-09T14:27:35.892,1788944255.8922,2037,-4767,-61.12,555,7.12
2026-09-09T14:27:35.908,1788944255.9083,2038,507,6.5,-1900,-24.36
2026-09-09T14:27:35.924,1788944255.9241,2039,-3921,-50.27,-1919,-24.6
2026-09-09T14:27:35.924,1788944255.9241,2040,-533,-6.83,-1967,-25.22
2026-09-09T14:27:35.940,1788944255.9400,2041,-3084,-39.54,-2018,-25.87
2026-09-09T14:27:35.940,1788944255.9400,2042,-1603,-20.55,-2076,-26.62
2026-09-09T14:27:35.955,1788944255.9560,2043,-2243,-28.76,-2134,-27.36
2026-09-09T14:27:35.972,1788944255.9721,2044,-2749,-35.24,-2210,-28.33
2026-09-09T14:27:35.972,1788944255.9721,2045,-1408,-18.05,-2288,-29.33
2026-09-09T14:27:35.988,1788944255.9881,2046,5148,66.0,-105,-1.35
2026-09-09T14:27:36.004,1788944256.0040,2047,-481,-6.17,2101,26.94
2026-09-09T14:27:36.004,1788944256.0040,2048,4498,57.67,2171,27.83
2026-09-09T14:27:36.020,1788944256.0201,2049,603,7.73,2279,29.22
2026-09-09T14:27:36.020,1788944256.0201,2050,3777,48.42,2370,30.38
2026-09-09T14:27:36.036,1788944256.0364,2051,1758,22.54,2478,31.77
2026-09-09T14:27:36.036,1788944256.0364,2052,3051,39.12,2586,33.15
2026-09-09T14:27:36.067,1788944256.0676,2053,2948,37.79,2702,34.64
2026-09-09T14:27:36.067,1788944256.0676,2054,2313,29.65,2815,36.09
2026-09-09T14:27:36.067,1788944256.0676,2055,-5666,-72.64,477,6.12
2026-09-09T14:27:36.083,1788944256.0837,2056,1494,19.15,-1882,-24.13
2026-09-09T14:27:36.099,1788944256.0995,2057,-4835,-61.99,-1879,-24.09
2026-09-09T14:27:36.115,1788944256.1156,2058,591,7.58,-1897,-24.32
2026-09-09T14:27:36.115,1788944256.1156,2059,-4010,-51.41,-1916,-24.56
2026-09-09T14:27:36.131,1788944256.1314,2060,-441,-5.65,-1968,-25.23
2026-09-09T14:27:36.131,1788944256.1314,2061,-3197,-40.99,-2023,-25.94
2026-09-09T14:27:36.147,1788944256.1475,2062,-1511,-19.37,-2087,-26.76
2026-09-09T14:27:36.163,1788944256.1633,2063,-2355,-30.19,-2144,-27.49
2026-09-09T14:27:36.168,1788944256.1689,2064,-2641,-33.86,-2216,-28.41
2026-09-09T14:27:36.178,1788944256.1790,2065,-1477,-18.94,-2279,-29.22
2026-09-09T14:27:36.178,1788944256.1790,2066,5207,66.76,-97,-1.24
2026-09-09T14:27:36.194,1788944256.1948,2067,-529,-6.78,2102,26.95
2026-09-09T14:27:36.210,1788944256.2106,2068,4549,58.32,2174,27.87
2026-09-09T14:27:36.210,1788944256.2106,2069,526,6.74,2273,29.14
2026-09-09T14:27:36.226,1788944256.2267,2070,3848,49.33,2362,30.28
2026-09-09T14:27:36.242,1788944256.2427,2071,1701,21.81,2480,31.79
2026-09-09T14:27:36.242,1788944256.2427,2072,3111,39.88,2590,33.21
2026-09-09T14:27:36.258,1788944256.2587,2073,2863,36.71,2696,34.56
2026-09-09T14:27:36.269,1788944256.2692,2074,2381,30.53,2804,35.95
2026-09-09T14:27:36.274,1788944256.2748,2075,-5746,-73.67,469,6.01
2026-09-09T14:27:36.290,1788944256.2907,2076,1562,20.03,-1888,-24.21
2026-09-09T14:27:36.290,1788944256.2907,2077,-4964,-63.64,-1897,-24.32
2026-09-09T14:27:36.306,1788944256.3067,2078,675,8.65,-1923,-24.65
2026-09-09T14:27:36.322,1788944256.3227,2079,-4126,-52.9,-1935,-24.81
2026-09-09T14:27:36.322,1788944256.3227,2080,-325,-4.17,-1976,-25.33
2026-09-09T14:27:36.338,1788944256.3383,2081,-3297,-42.27,-2019,-25.88
2026-09-09T14:27:36.354,1788944256.3542,2082,-1408,-18.05,-2082,-26.69
2026-09-09T14:27:36.369,1788944256.3696,2083,-2464,-31.59,-2145,-27.5
2026-09-09T14:27:36.369,1788944256.3696,2084,-2521,-32.32,-2215,-28.4
2026-09-09T14:27:36.369,1788944256.3696,2085,-1597,-20.47,-2276,-29.18
2026-09-09T14:27:36.385,1788944256.3857,2086,5319,68.19,-99,-1.27
2026-09-09T14:27:36.401,1788944256.4018,2087,-770,-9.87,2067,26.5
2026-09-09T14:27:36.401,1788944256.4018,2088,4718,60.49,2124,27.23
2026-09-09T14:27:36.417,1788944256.4176,2089,247,3.17,2228,28.56
2026-09-09T14:27:36.417,1788944256.4176,2090,4058,52.03,2317,29.71
2026-09-09T14:27:36.433,1788944256.4335,2091,1367,17.53,2432,31.18
2026-09-09T14:27:36.449,1788944256.4492,2092,3353,42.99,2536,32.51
2026-09-09T14:27:36.465,1788944256.4652,2093,2590,33.21,2665,34.17
2026-09-09T14:27:36.471,1788944256.4711,2094,2620,33.59,2788,35.74
2026-09-09T14:27:36.471,1788944256.4711,2095,-6073,-77.86,439,5.63
2026-09-09T14:27:36.481,1788944256.4812,2096,1829,23.45,-1925,-24.68
2026-09-09T14:27:36.497,1788944256.4971,2097,-5242,-67.21,-1915,-24.55
2026-09-09T14:27:36.513,1788944256.5133,2098,910,11.67,-1937,-24.83
2026-09-09T14:27:36.513,1788944256.5133,2099,-4396,-56.36,-1955,-25.06
2026-09-09T14:27:36.529,1788944256.5292,2100,-98,-1.26,-1995,-25.58
2026-09-09T14:27:36.529,1788944256.5292,2101,-3566,-45.72,-2040,-26.15
2026-09-09T14:27:36.545,1788944256.5453,2102,-1200,-15.38,-2108,-27.03
2026-09-09T14:27:36.562,1788944256.5628,2103,-2728,-34.97,-2174,-27.87
2026-09-09T14:27:36.571,1788944256.5714,2104,-2338,-29.97,-2249,-28.83
2026-09-09T14:27:36.581,1788944256.5818,2105,-1858,-23.82,-2316,-29.69
2026-09-09T14:27:36.593,1788944256.5932,2106,5551,71.17,-126,-1.62
2026-09-09T14:27:36.593,1788944256.5932,2107,-910,-11.67,2083,26.71
2026-09-09T14:27:36.609,1788944256.6092,2108,4894,62.74,2156,27.64
2026-09-09T14:27:36.609,1788944256.6092,2109,189,2.42,2266,29.05
2026-09-09T14:27:36.625,1788944256.6253,2110,4213,54.01,2371,30.4
2026-09-09T14:27:36.625,1788944256.6253,2111,1373,17.6,2497,32.01
2026-09-09T14:27:36.657,1788944256.6576,2112,3455,44.29,2603,33.37
2026-09-09T14:27:36.657,1788944256.6576,2113,2544,32.62,2706,34.69
2026-09-09T14:27:36.657,1788944256.6576,2114,2701,34.63,2811,36.04
2026-09-09T14:27:36.675,1788944256.6759,2115,-6151,-78.86,448,5.74
2026-09-09T14:27:36.689,1788944256.6894,2116,1899,24.35,-1926,-24.69
2026-09-09T14:27:36.706,1788944256.7070,2117,-5308,-68.05,-1916,-24.56
2026-09-09T14:27:36.706,1788944256.7070,2118,995,12.76,-1931,-24.76
2026-09-09T14:27:36.721,1788944256.7215,2119,-4519,-57.94,-1960,-25.13
2026-09-09T14:27:36.723,1788944256.7236,2120,-24,-0.31,-2017,-25.86
2026-09-09T14:27:36.737,1788944256.7376,2121,-3653,-46.83,-2055,-26.35
2026-09-09T14:27:36.737,1788944256.7376,2122,-1091,-13.99,-2106,-27.0
2026-09-09T14:27:36.753,1788944256.7538,2123,-2804,-35.95,-2160,-27.69
2026-09-09T14:27:36.769,1788944256.7697,2124,-2253,-28.88,-2238,-28.69
2026-09-09T14:27:36.771,1788944256.7717,2125,-1925,-24.68,-2309,-29.6
2026-09-09T14:27:36.801,1788944256.8019,2126,5632,72.21,-118,-1.51
2026-09-09T14:27:36.801,1788944256.8019,2127,-970,-12.44,2092,26.82
2026-09-09T14:27:36.801,1788944256.8019,2128,4970,63.72,2165,27.76
2026-09-09T14:27:36.817,1788944256.8179,2129,94,1.21,2266,29.05
2026-09-09T14:27:36.833,1788944256.8338,2130,4245,54.42,2350,30.13
2026-09-09T14:27:36.833,1788944256.8338,2131,1205,15.45,2447,31.37
2026-09-09T14:27:36.849,1788944256.8498,2132,3532,45.28,2546,32.64
2026-09-09T14:27:36.849,1788944256.8498,2133,2372,30.41,2660,34.1
2026-09-09T14:27:36.865,1788944256.8659,2134,2774,35.56,2762,35.41
2026-09-09T14:27:36.881,1788944256.8820,2135,-6211,-79.63,427,5.47
2026-09-09T14:27:36.881,1788944256.8820,2136,1952,25.03,-1924,-24.67
2026-09-09T14:27:36.904,1788944256.9042,2137,-5372,-68.87,-1920,-24.62
2026-09-09T14:27:36.909,1788944256.9095,2138,1064,13.64,-1932,-24.77
2026-09-09T14:27:36.914,1788944256.9140,2139,-4514,-57.87,-1940,-24.87
2026-09-09T14:27:36.929,1788944256.9299,2140,45,0.58,-1980,-25.38
2026-09-09T14:27:36.945,1788944256.9458,2141,-3605,-46.22,-2008,-25.74
2026-09-09T14:27:36.945,1788944256.9458,2142,-1038,-13.31,-2051,-26.29
2026-09-09T14:27:36.945,1788944256.9458,2143,-2779,-35.63,-2115,-27.12
2026-09-09T14:27:36.971,1788944256.9718,2144,-2160,-27.69,-2189,-28.06
2026-09-09T14:27:36.977,1788944256.9774,2145,-1901,-24.37,-2250,-28.85
2026-09-09T14:27:36.995,1788944256.9957,2146,5533,70.94,-108,-1.38
2026-09-09T14:27:36.995,1788944256.9957,2147,-929,-11.91,2059,26.4
2026-09-09T14:27:37.009,1788944257.0100,2148,4843,62.09,2129,27.29
2026-09-09T14:27:37.009,1788944257.0100,2149,58,0.74,2203,28.24
2026-09-09T14:27:37.025,1788944257.0253,2150,4166,53.41,2281,29.24
2026-09-09T14:27:37.041,1788944257.0412,2151,1190,15.26,2395,30.71
2026-09-09T14:27:37.041,1788944257.0412,2152,3449,44.22,2498,32.03
2026-09-09T14:27:37.057,1788944257.0571,2153,2365,30.32,2613,33.5
2026-09-09T14:27:37.057,1788944257.0571,2154,2711,34.76,2722,34.9
2026-09-09T14:27:37.088,1788944257.0886,2155,-6114,-78.38,418,5.36
2026-09-09T14:27:37.088,1788944257.0886,2156,1937,24.83,-1895,-24.29
2026-09-09T14:27:37.088,1788944257.0886,2157,-5275,-67.63,-1879,-24.09
2026-09-09T14:27:37.104,1788944257.1044,2158,1065,13.65,-1887,-24.19
2026-09-09T14:27:37.120,1788944257.1201,2159,-4454,-57.1,-1900,-24.36
2026-09-09T14:27:37.125,1788944257.1257,2160,66,0.85,-1945,-24.94
2026-09-09T14:27:37.137,1788944257.1371,2161,-3624,-46.46,-1987,-25.47
2026-09-09T14:27:37.137,1788944257.1371,2162,-985,-12.63,-2042,-26.18
2026-09-09T14:27:37.152,1788944257.1523,2163,-2795,-35.83,-2098,-26.9
2026-09-09T14:27:37.171,1788944257.1719,2164,-2100,-26.92,-2169,-27.81
2026-09-09T14:27:37.171,1788944257.1719,2165,-1945,-24.94,-2235,-28.65
2026-09-09T14:27:37.184,1788944257.1844,2166,5573,71.45,-105,-1.35
2026-09-09T14:27:37.200,1788944257.2004,2167,-1014,-13.0,2046,26.23
2026-09-09T14:27:37.200,1788944257.2004,2168,4919,63.06,2116,27.13
2026-09-09T14:27:37.216,1788944257.2164,2169,50,0.64,2218,28.44
2026-09-09T14:27:37.232,1788944257.2324,2170,4234,54.28,2313,29.65
2026-09-09T14:27:37.248,1788944257.2485,2171,1105,14.17,2405,30.83
2026-09-09T14:27:37.248,1788944257.2485,2172,3529,45.24,2493,31.96
2026-09-09T14:27:37.264,1788944257.2645,2173,2240,28.72,2600,33.33
2026-09-09T14:27:37.273,1788944257.2730,2174,2787,35.73,2699,34.6
2026-09-09T14:27:37.280,1788944257.2806,2175,-6203,-79.53,402,5.15
2026-09-09T14:27:37.280,1788944257.2806,2176,1997,25.6,-1906,-24.44
2026-09-09T14:27:37.301,1788944257.3015,2177,-5368,-68.82,-1895,-24.29
2026-09-09T14:27:37.301,1788944257.3015,2178,1153,14.78,-1897,-24.32
2026-09-09T14:27:37.312,1788944257.3127,2179,-4518,-57.92,-1895,-24.29
2026-09-09T14:27:37.328,1788944257.3287,2180,182,2.33,-1926,-24.69
2026-09-09T14:27:37.328,1788944257.3287,2181,-3681,-47.19,-1959,-25.12
2026-09-09T14:27:37.344,1788944257.3449,2182,-874,-11.21,-2014,-25.82
2026-09-09T14:27:37.360,1788944257.3606,2183,-2880,-36.92,-2078,-26.64
2026-09-09T14:27:37.360,1788944257.3606,2184,-1968,-25.23,-2151,-27.58
2026-09-09T14:27:37.392,1788944257.3924,2185,-2034,-26.08,-2213,-28.37
2026-09-09T14:27:37.392,1788944257.3924,2186,5633,72.22,-101,-1.29
2026-09-09T14:27:37.406,1788944257.4066,2187,-1123,-14.4,2027,25.99
2026-09-09T14:27:37.414,1788944257.4144,2188,4975,63.78,2090,26.79
2026-09-09T14:27:37.419,1788944257.4194,2189,-83,-1.06,2186,28.03
2026-09-09T14:27:37.435,1788944257.4352,2190,4293,55.04,2275,29.17
2026-09-09T14:27:37.435,1788944257.4352,2191,992,12.72,2373,30.42
2026-09-09T14:27:37.451,1788944257.4510,2192,3576,45.85,2463,31.58
2026-09-09T14:27:37.451,1788944257.4510,2193,2119,27.17,2565,32.88
2026-09-09T14:27:37.472,1788944257.4720,2194,2847,36.5,2665,34.17
2026-09-09T14:27:37.472,1788944257.4720,2195,-6296,-80.72,379,4.86
2026-09-09T14:27:37.483,1788944257.4831,2196,2069,26.53,-1919,-24.6
2026-09-09T14:27:37.501,1788944257.5010,2197,-5460,-70.0,-1905,-24.42
2026-09-09T14:27:37.501,1788944257.5010,2198,1238,15.87,-1904,-24.41
2026-09-09T14:27:37.514,1788944257.5147,2199,-4606,-59.05,-1898,-24.33
2026-09-09T14:27:37.532,1788944257.5326,2200,270,3.46,-1926,-24.69
2026-09-09T14:27:37.546,1788944257.5464,2201,-3805,-48.78,-1968,-25.23
2026-09-09T14:27:37.546,1788944257.5464,2202,-781,-10.01,-2031,-26.04
2026-09-09T14:27:37.564,1788944257.5646,2203,-2927,-37.53,-2074,-26.59
2026-09-09T14:27:37.564,1788944257.5646,2204,-1892,-24.26,-2132,-27.33
2026-09-09T14:27:37.578,1788944257.5782,2205,-2102,-26.95,-2204,-28.26
2026-09-09T14:27:37.596,1788944257.5961,2206,5690,72.95,-102,-1.31
2026-09-09T14:27:37.596,1788944257.5961,2207,-1231,-15.78,2011,25.78
2026-09-09T14:27:37.610,1788944257.6102,2208,5043,64.65,2067,26.5
2026-09-09T14:27:37.610,1788944257.6102,2209,-255,-3.27,2150,27.56
2026-09-09T14:27:37.626,1788944257.6263,2210,4382,56.18,2228,28.56
2026-09-09T14:27:37.626,1788944257.6263,2211,852,10.92,2340,30.0
2026-09-09T14:27:37.642,1788944257.6423,2212,3673,47.09,2439,31.27
2026-09-09T14:27:37.658,1788944257.6582,2213,2019,25.88,2554,32.74
2026-09-09T14:27:37.658,1788944257.6582,2214,2924,37.49,2658,34.08
2026-09-09T14:27:37.673,1788944257.6740,2215,-6348,-81.38,379,4.86
2026-09-09T14:27:37.691,1788944257.6914,2216,2153,27.6,-1905,-24.42
2026-09-09T14:27:37.691,1788944257.6914,2217,-5508,-70.62,-1888,-24.21
2026-09-09T14:27:37.705,1788944257.7058,2218,1326,17.0,-1885,-24.17
2026-09-09T14:27:37.723,1788944257.7240,2219,-4694,-60.18,-1888,-24.21
2026-09-09T14:27:37.737,1788944257.7375,2220,394,5.05,-1917,-24.58
2026-09-09T14:27:37.737,1788944257.7375,2221,-3885,-49.81,-1948,-24.97
2026-09-09T14:27:37.737,1788944257.7375,2222,-673,-8.63,-2013,-25.81
2026-09-09T14:27:37.753,1788944257.7536,2223,-3060,-39.23,-2073,-26.58
2026-09-09T14:27:37.772,1788944257.7722,2224,-1756,-22.51,-2138,-27.41
2026-09-09T14:27:37.772,1788944257.7722,2225,-2218,-28.44,-2198,-28.18
2026-09-09T14:27:37.787,1788944257.7873,2226,5754,73.77,-110,-1.41
2026-09-09T14:27:37.801,1788944257.8014,2227,-1327,-17.01,1990,25.51
2026-09-09T14:27:37.801,1788944257.8014,2228,5115,65.58,2053,26.32
2026-09-09T14:27:37.817,1788944257.8177,2229,-328,-4.21,2143,27.47
2026-09-09T14:27:37.833,1788944257.8336,2230,4446,57.0,2226,28.54
2026-09-09T14:27:37.833,1788944257.8336,2231,764,9.79,2332,29.9
2026-09-09T14:27:37.849,1788944257.8496,2232,3737,47.91,2427,31.12
2026-09-09T14:27:37.849,1788944257.8496,2233,1895,24.29,2533,32.47
2026-09-09T14:27:37.872,1788944257.8723,2234,3007,38.55,2633,33.76
2026-09-09T14:27:37.883,1788944257.8834,2235,-6449,-82.68,365,4.68
2026-09-09T14:27:37.883,1788944257.8834,2236,2237,28.68,-1914,-24.54
2026-09-09T14:27:37.897,1788944257.8972,2237,-5621,-72.06,-1899,-24.35
2026-09-09T14:27:37.897,1788944257.8972,2238,1426,18.28,-1895,-24.29
2026-09-09T14:27:37.913,1788944257.9130,2239,-4807,-61.63,-1894,-24.28
2026-09-09T14:27:37.928,1788944257.9288,2240,490,6.28,-1925,-24.68
2026-09-09T14:27:37.947,1788944257.9474,2241,-3954,-50.69,-1946,-24.95
2026-09-09T14:27:37.951,1788944257.9516,2242,-533,-6.83,-1988,-25.49
2026-09-09T14:27:37.960,1788944257.9607,2243,-3116,-39.95,-2034,-26.08
2026-09-09T14:27:37.960,1788944257.9607,2244,-1636,-20.97,-2101,-26.94
2026-09-09T14:27:37.976,1788944257.9765,2245,-2247,-28.81,-2159,-27.68
2026-09-09T14:27:37.992,1788944257.9925,2246,5805,74.42,-82,-1.05
2026-09-09T14:27:37.992,1788944257.9925,2247,-1348,-17.28,2003,25.68
2026-09-09T14:27:38.010,1788944258.0104,2248,5167,66.24,2069,26.53
2026-09-09T14:27:38.010,1788944258.0104,2249,-421,-5.4,2141,27.45
2026-09-09T14:27:38.024,1788944258.0243,2250,4521,57.96,2211,28.35
2026-09-09T14:27:38.042,1788944258.0422,2251,631,8.09,2313,29.65
2026-09-09T14:27:38.042,1788944258.0422,2252,3816,48.92,2399,30.76
2026-09-09T14:27:38.056,1788944258.0563,2253,1750,22.44,2503,32.09
2026-09-09T14:27:38.072,1788944258.0723,2254,3083,39.53,2599,33.32
2026-09-09T14:27:38.072,1788944258.0723,2255,-6545,-83.91,342,4.38
2026-09-09T14:27:38.088,1788944258.0882,2256,2349,30.12,-1915,-24.55
2026-09-09T14:27:38.088,1788944258.0882,2257,-5710,-73.21,-1890,-24.23
2026-09-09T14:27:38.108,1788944258.1081,2258,1514,19.41,-1890,-24.23
2026-09-09T14:27:38.119,1788944258.1197,2259,-4903,-62.86,-1897,-24.32
2026-09-09T14:27:38.137,1788944258.1376,2260,586,7.51,-1927,-24.71
2026-09-09T14:27:38.137,1788944258.1376,2261,-4050,-51.92,-1946,-24.95
2026-09-09T14:27:38.151,1788944258.1518,2262,-449,-5.76,-1991,-25.53
2026-09-09T14:27:38.151,1788944258.1518,2263,-3205,-41.09,-2039,-26.14
2026-09-09T14:27:38.174,1788944258.1743,2264,-1528,-19.59,-2097,-26.88
2026-09-09T14:27:38.183,1788944258.1835,2265,-2375,-30.45,-2159,-27.68
2026-09-09T14:27:38.183,1788944258.1835,2266,5890,75.51,-97,-1.24
2026-09-09T14:27:38.199,1788944258.1993,2267,-1512,-19.38,1973,25.29
2026-09-09T14:27:38.199,1788944258.1993,2268,5247,67.27,2028,26.0
2026-09-09T14:27:38.215,1788944258.2155,2269,-581,-7.45,2100,26.92
2026-09-09T14:27:38.233,1788944258.2334,2270,4582,58.74,2166,27.77
2026-09-09T14:27:38.233,1788944258.2334,2271,499,6.4,2270,29.1
2026-09-09T14:27:38.247,1788944258.2471,2272,3905,50.06,2371,30.4
2026-09-09T14:27:38.247,1788944258.2471,2273,1634,20.95,2485,31.86
2026-09-09T14:27:38.263,1788944258.2631,2274,3175,40.71,2587,33.17
2026-09-09T14:27:38.279,1788944258.2791,2275,-6626,-84.95,339,4.35
2026-09-09T14:27:38.297,1788944258.2971,2276,2397,30.73,-1920,-24.62
2026-09-09T14:27:38.297,1788944258.2971,2277,-5786,-74.18,-1905,-24.42
2026-09-09T14:27:38.311,1788944258.3110,2278,1590,20.38,-1897,-24.32
2026-09-09T14:27:38.311,1788944258.3110,2279,-4968,-63.69,-1894,-24.28
2026-09-09T14:27:38.329,1788944258.3291,2280,687,8.81,-1915,-24.55
2026-09-09T14:27:38.342,1788944258.3430,2281,-4146,-53.15,-1935,-24.81
2026-09-09T14:27:38.342,1788944258.3430,2282,-345,-4.42,-1988,-25.49
2026-09-09T14:27:38.358,1788944258.3589,2283,-3333,-42.73,-2043,-26.19
2026-09-09T14:27:38.358,1788944258.3589,2284,6551,83.99,-115,-1.47
2026-09-09T14:27:38.374,1788944258.3749,2285,-2483,-31.83,1821,23.35
2026-09-09T14:27:38.396,1788944258.3967,2286,5951,76.29,1884,24.15
2026-09-09T14:27:38.399,1788944258.3999,2287,-1596,-20.46,1955,25.06
2026-09-09T14:27:38.406,1788944258.4067,2288,5324,68.26,2020,25.9
2026-09-09T14:27:38.406,1788944258.4067,2289,-629,-8.06,2105,26.99
2026-09-09T14:27:38.424,1788944258.4247,2290,4654,59.67,2180,27.95
2026-09-09T14:27:38.438,1788944258.4387,2291,438,5.62,2279,29.22
2026-09-09T14:27:38.438,1788944258.4387,2292,3961,50.78,2372,30.41
2026-09-09T14:27:38.454,1788944258.4549,2293,1554,19.92,2478,31.77
2026-09-09T14:27:38.470,1788944258.4710,2294,3220,41.28,2572,32.97
2026-09-09T14:27:38.486,1788944258.4868,2295,-6702,-85.92,323,4.14
2026-09-09T14:27:38.488,1788944258.4888,2296,2462,31.56,-1931,-24.76
2026-09-09T14:27:38.488,1788944258.4888,2297,-5886,-75.46,-1916,-24.56
2026-09-09T14:27:38.503,1788944258.5031,2298,1671,21.42,-1910,-24.49
2026-09-09T14:27:38.520,1788944258.5210,2299,-5059,-64.86,-1901,-24.37
2026-09-09T14:27:38.520,1788944258.5210,2300,792,10.15,-1914,-24.54
2026-09-09T14:27:38.534,1788944258.5347,2301,-4210,-53.97,-1922,-24.64
2026-09-09T14:27:38.552,1788944258.5526,2302,-256,-3.28,-1971,-25.27
2026-09-09T14:27:38.559,1788944258.5593,2303,-3376,-43.28,-2025,-25.96
2026-09-09T14:27:38.567,1788944258.5673,2304,6615,84.81,-99,-1.27
2026-09-09T14:27:38.584,1788944258.5845,2305,-2515,-32.24,1834,23.51
2026-09-09T14:27:38.584,1788944258.5845,2306,6003,76.96,1897,24.32
2026-09-09T14:27:38.598,1788944258.5986,2307,-1637,-20.99,1963,25.17
2026-09-09T14:27:38.616,1788944258.6166,2308,5384,69.03,2028,26.0
2026-09-09T14:27:38.616,1788944258.6166,2309,-726,-9.31,2101,26.94
2026-09-09T14:27:38.630,1788944258.6307,2310,4718,60.49,2162,27.72
2026-09-09T14:27:38.630,1788944258.6307,2311,302,3.87,2253,28.88
2026-09-09T14:27:38.646,1788944258.6465,2312,4025,51.6,2336,29.95
2026-09-09T14:27:38.646,1788944258.6465,2313,1418,18.18,2442,31.31
2026-09-09T14:27:38.662,1788944258.6625,2314,3316,42.51,2544,32.62
2026-09-09T14:27:38.678,1788944258.6785,2315,-6794,-87.1,314,4.03
2026-09-09T14:27:38.696,1788944258.6963,2316,2574,33.0,-1925,-24.68
2026-09-09T14:27:38.696,1788944258.6963,2317,-5962,-76.44,-1902,-24.38
2026-09-09T14:27:38.709,1788944258.7100,2318,1767,22.65,-1896,-24.31
2026-09-09T14:27:38.712,1788944258.7120,2319,-5140,-65.9,-1892,-24.26
2026-09-09T14:27:38.726,1788944258.7263,2320,876,11.23,-1910,-24.49
2026-09-09T14:27:38.743,1788944258.7434,2321,-4282,-54.9,-1918,-24.59
2026-09-09T14:27:38.743,1788944258.7434,2322,-116,-1.49,-1951,-25.01
2026-09-09T14:27:38.757,1788944258.7576,2323,-3437,-44.06,-1988,-25.49
2026-09-09T14:27:38.775,1788944258.7753,2324,6671,85.53,-80,-1.03
2026-09-09T14:27:38.776,1788944258.7763,2325,-2611,-33.47,1823,23.37
2026-09-09T14:27:38.789,1788944258.7893,2326,6091,78.09,1885,24.17
2026-09-09T14:27:38.789,1788944258.7893,2327,-1757,-22.53,1953,25.04
2026-09-09T14:27:38.805,1788944258.8055,2328,5456,69.95,2008,25.74
2026-09-09T14:27:38.805,1788944258.8055,2329,-862,-11.05,2073,26.58
2026-09-09T14:27:38.821,1788944258.8215,2330,4786,61.36,2129,27.29
2026-09-09T14:27:38.837,1788944258.8377,2331,169,2.17,2219,28.45
2026-09-09T14:27:38.837,1788944258.8377,2332,4089,52.42,2303,29.53
2026-09-09T14:27:38.853,1788944258.8536,2333,1305,16.73,2413,30.94
2026-09-09T14:27:38.876,1788944258.8764,2334,3384,43.38,2520,32.31
2026-09-09T14:27:38.876,1788944258.8764,2335,-6867,-88.04,301,3.86
2026-09-09T14:27:38.885,1788944258.8858,2336,2650,33.97,-1925,-24.68
2026-09-09T14:27:38.901,1788944258.9018,2337,-6043,-77.47,-1903,-24.4
2026-09-09T14:27:38.901,1788944258.9018,2338,1856,23.79,-1895,-24.29
2026-09-09T14:27:38.923,1788944258.9238,2339,-5240,-67.18,-1893,-24.27
2026-09-09T14:27:38.933,1788944258.9338,2340,976,12.51,-1912,-24.51
2026-09-09T14:27:38.933,1788944258.9338,2341,-4386,-56.23,-1919,-24.6
2026-09-09T14:27:38.949,1788944258.9499,2342,-19,-0.24,-1954,-25.05
2026-09-09T14:27:38.949,1788944258.9499,2343,-3509,-44.99,-1984,-25.44
2026-09-09T14:27:38.967,1788944258.9679,2344,6740,86.41,-75,-0.96
2026-09-09T14:27:38.981,1788944258.9817,2345,-2731,-35.01,1810,23.21
2026-09-09T14:27:38.981,1788944258.9817,2346,6128,78.56,1851,23.73
2026-09-09T14:27:38.999,1788944258.9996,2347,-1853,-23.76,1918,24.59
2026-09-09T14:27:38.999,1788944258.9996,2348,5497,70.47,1979,25.37
2026-09-09T14:27:39.029,1788944259.0296,2349,-946,-12.13,2048,26.26
2026-09-09T14:27:39.031,1788944259.0316,2350,4851,62.19,2114,27.1
2026-09-09T14:27:39.031,1788944259.0316,2351,93,1.19,2212,28.36
2026-09-09T14:27:39.045,1788944259.0455,2352,4165,53.4,2300,29.49
2026-09-09T14:27:39.063,1788944259.0636,2353,1201,15.4,2406,30.85
2026-09-09T14:27:39.076,1788944259.0770,2354,3456,44.31,2505,32.12
2026-09-09T14:27:39.076,1788944259.0770,2355,-6960,-89.23,288,3.69
2026-09-09T14:27:39.076,1788944259.0770,2356,2722,34.9,-1936,-24.82
2026-09-09T14:27:39.094,1788944259.0949,2357,-6147,-78.81,-1916,-24.56
2026-09-09T14:27:39.108,1788944259.1087,2358,1932,24.77,-1910,-24.49
2026-09-09T14:27:39.124,1788944259.1247,2359,-5356,-68.67,-1910,-24.49
2026-09-09T14:27:39.126,1788944259.1267,2360,1089,13.96,-1923,-24.65
2026-09-09T14:27:39.140,1788944259.1408,2361,-4502,-57.72,-1920,-24.62
2026-09-09T14:27:39.140,1788944259.1408,2362,122,1.56,-1949,-24.99
2026-09-09T14:27:39.156,1788944259.1570,2363,-3652,-46.82,-1978,-25.36
2026-09-09T14:27:39.177,1788944259.1771,2364,6821,87.45,-91,-1.17
2026-09-09T14:27:39.177,1788944259.1771,2365,-2803,-35.94,1796,23.03
2026-09-09T14:27:39.190,1788944259.1907,2366,6225,79.81,1860,23.85
2026-09-09T14:27:39.204,1788944259.2046,2367,-1941,-24.88,1926,24.69
2026-09-09T14:27:39.204,1788944259.2046,2368,5597,71.76,1985,25.45
2026-09-09T14:27:39.220,1788944259.2207,2369,-1034,-13.26,2054,26.33
2026-09-09T14:27:39.220,1788944259.2207,2370,4975,63.78,2126,27.26
2026-09-09T14:27:39.236,1788944259.2364,2371,-63,-0.81,2213,28.37
2026-09-09T14:27:39.252,1788944259.2524,2372,4270,54.74,2279,29.22
2026-09-09T14:27:39.252,1788944259.2524,2373,1037,13.29,2378,30.49
2026-09-09T14:27:39.268,1788944259.2685,2374,3557,45.6,2475,31.73
2026-09-09T14:27:39.284,1788944259.2843,2375,-7044,-90.31,276,3.54
2026-09-09T14:27:39.284,1788944259.2843,2376,2831,36.29,-1925,-24.68
2026-09-09T14:27:39.300,1788944259.3003,2377,-6243,-80.04,-1907,-24.45
2026-09-09T14:27:39.300,1788944259.3003,2378,2060,26.41,-1899,-24.35
2026-09-09T14:27:39.319,1788944259.3199,2379,-5412,-69.38,-1884,-24.15
2026-09-09T14:27:39.332,1788944259.3324,2380,1209,15.5,-1889,-24.22
2026-09-09T14:27:39.332,1788944259.3324,2381,-4555,-58.4,-1888,-24.21
2026-09-09T14:27:39.350,1788944259.3507,2382,237,3.04,-1916,-24.56
2026-09-09T14:27:39.364,1788944259.3642,2383,-3741,-47.96,-1956,-25.08
2026-09-09T14:27:39.379,1788944259.3800,2384,6853,87.86,-98,-1.26
2026-09-09T14:27:39.379,1788944259.3800,2385,-2904,-37.23,1765,22.63
2026-09-09T14:27:39.379,1788944259.3800,2386,6296,80.72,1835,23.53
2026-09-09T14:27:39.396,1788944259.3962,2387,-2058,-26.38,1907,24.45
2026-09-09T14:27:39.396,1788944259.3962,2388,5661,72.58,1960,25.13
2026-09-09T14:27:39.412,1788944259.4123,2389,-1183,-15.17,2020,25.9
2026-09-09T14:27:39.428,1788944259.4280,2390,5023,64.4,2079,26.65
2026-09-09T14:27:39.428,1788944259.4280,2391,-168,-2.15,2173,27.86
2026-09-09T14:27:39.446,1788944259.4462,2392,4349,55.76,2259,28.96
2026-09-09T14:27:39.460,1788944259.4602,2393,928,11.9,2364,30.31
2026-09-09T14:27:39.478,1788944259.4784,2394,3644,46.72,2462,31.56
2026-09-09T14:27:39.478,1788944259.4784,2395,-7109,-91.14,276,3.54
2026-09-09T14:27:39.491,1788944259.4920,2396,2902,37.21,-1918,-24.59
2026-09-09T14:27:39.491,1788944259.4920,2397,-6312,-80.92,-1905,-24.42
2026-09-09T14:27:39.507,1788944259.5080,2398,2120,27.18,-1901,-24.37
2026-09-09T14:27:39.523,1788944259.5238,2399,-5493,-70.42,-1892,-24.26
2026-09-09T14:27:39.523,1788944259.5238,2400,1297,16.63,-1893,-24.27
2026-09-09T14:27:39.541,1788944259.5412,2401,-4687,-60.09,-1897,-24.32
2026-09-09T14:27:39.541,1788944259.5412,2402,341,4.37,-1934,-24.79
2026-09-09T14:27:39.559,1788944259.5595,2403,-3870,-49.62,-1969,-25.24
2026-09-09T14:27:39.572,1788944259.5723,2404,6933,88.88,-117,-1.5
2026-09-09T14:27:39.578,1788944259.5783,2405,-3041,-38.99,1738,22.28
2026-09-09T14:27:39.587,1788944259.5875,2406,6376,81.74,1806,23.15
2026-09-09T14:27:39.587,1788944259.5875,2407,-2155,-27.63,1889,24.22
2026-09-09T14:27:39.605,1788944259.6055,2408,5737,73.55,1950,25.0
2026-09-09T14:27:39.619,1788944259.6196,2409,-1284,-16.46,2008,25.74
2026-09-09T14:27:39.635,1788944259.6357,2410,5082,65.15,2062,26.44
2026-09-09T14:27:39.635,1788944259.6357,2411,-293,-3.76,2146,27.51
2026-09-09T14:27:39.651,1788944259.6517,2412,4421,56.68,2229,28.58
2026-09-09T14:27:39.651,1788944259.6517,2413,835,10.71,2346,30.08
2026-09-09T14:27:39.667,1788944259.6673,2414,3696,47.38,2446,31.36
2026-09-09T14:27:39.683,1788944259.6832,2415,-7186,-92.13,260,3.33
2026-09-09T14:27:39.683,1788944259.6832,2416,2990,38.33,-1922,-24.64
2026-09-09T14:27:39.703,1788944259.7039,2417,-6409,-82.17,-1904,-24.41
2026-09-09T14:27:39.703,1788944259.7039,2418,2220,28.46,-1902,-24.38
2026-09-09T14:27:39.721,1788944259.7216,2419,-5574,-71.46,-1886,-24.18
2026-09-09T14:27:39.731,1788944259.7314,2420,1401,17.96,-1882,-24.13
2026-09-09T14:27:39.731,1788944259.7314,2421,-4736,-60.72,-1877,-24.06
2026-09-09T14:27:39.746,1788944259.7465,2422,461,5.91,-1903,-24.4
2026-09-09T14:27:39.746,1788944259.7465,2423,-3923,-50.29,-1935,-24.81
2026-09-09T14:27:39.778,1788944259.7787,2424,6969,89.35,-104,-1.33
2026-09-09T14:27:39.778,1788944259.7787,2425,-3086,-39.56,1732,22.21
2026-09-09T14:27:39.778,1788944259.7787,2426,6396,82.0,1798,23.05
2026-09-09T14:27:39.796,1788944259.7963,2427,-2232,-28.62,1868,23.95
2026-09-09T14:27:39.810,1788944259.8106,2428,5784,74.15,1929,24.73
2026-09-09T14:27:39.810,1788944259.8106,2429,-1353,-17.35,1995,25.58
2026-09-09T14:27:39.826,1788944259.8264,2430,5150,66.03,2057,26.37
2026-09-09T14:27:39.842,1788944259.8423,2431,-406,-5.21,2135,27.37
2026-09-09T14:27:39.842,1788944259.8423,2432,4484,57.49,2205,28.27
2026-09-09T14:27:39.860,1788944259.8600,2433,654,8.38,2304,29.54
2026-09-09T14:27:39.860,1788944259.8600,2434,3771,48.35,2390,30.64
2026-09-09T14:27:39.878,1788944259.8788,2435,-7255,-93.01,235,3.01
2026-09-09T14:27:39.892,1788944259.8920,2436,3066,39.31,-1919,-24.6
2026-09-09T14:27:39.892,1788944259.8920,2437,-6478,-83.05,-1901,-24.37
2026-09-09T14:27:39.906,1788944259.9061,2438,2296,29.44,-1899,-24.35
2026-09-09T14:27:39.906,1788944259.9061,2439,-5667,-72.65,-1889,-24.22
2026-09-09T14:27:39.937,1788944259.9376,2440,1473,18.88,-1892,-24.26
2026-09-09T14:27:39.937,1788944259.9376,2441,-4853,-62.22,-1894,-24.28
2026-09-09T14:27:39.937,1788944259.9376,2442,537,6.88,-1924,-24.67
2026-09-09T14:27:39.955,1788944259.9557,2443,-3987,-51.12,-1942,-24.9
2026-09-09T14:27:39.969,1788944259.9693,2444,6993,89.65,-111,-1.42
2026-09-09T14:27:39.987,1788944259.9870,2445,-3174,-40.69,1706,21.87
2026-09-09T14:27:39.987,1788944259.9870,2446,6452,82.72,1774,22.74
2026-09-09T14:27:40.000,1788944260.0007,2447,-2368,-30.36,1840,23.59
2026-09-09T14:27:40.000,1788944260.0007,2448,5853,75.04,1892,24.26
2026-09-09T14:27:40.016,1788944260.0165,2449,-1505,-19.29,1958,25.1
2026-09-09T14:27:40.032,1788944260.0325,2450,5210,66.79,2013,25.81
2026-09-09T14:27:40.032,1788944260.0325,2451,-542,-6.95,2093,26.83
2026-09-09T14:27:40.048,1788944260.0486,2452,4557,58.42,2170,27.82
2026-09-09T14:27:40.048,1788944260.0486,2453,534,6.85,2276,29.18
2026-09-09T14:27:40.078,1788944260.0790,2454,3864,49.54,2372,30.41
2026-09-09T14:27:40.080,1788944260.0807,2455,-7359,-94.35,225,2.88
2026-09-09T14:27:40.080,1788944260.0807,2456,3135,40.19,-1930,-24.74
2026-09-09T14:27:40.096,1788944260.0966,2457,-6590,-84.49,-1920,-24.62
2026-09-09T14:27:40.096,1788944260.0966,2458,2377,30.47,-1917,-24.58
2026-09-09T14:27:40.112,1788944260.1127,2459,-5766,-73.92,-1901,-24.37
2026-09-09T14:27:40.128,1788944260.1286,2460,1574,20.18,-1896,-24.31
2026-09-09T14:27:40.146,1788944260.1466,2461,-4964,-63.64,-1896,-24.31
2026-09-09T14:27:40.146,1788944260.1466,2462,658,8.44,-1924,-24.67
2026-09-09T14:27:40.160,1788944260.1607,2463,-4170,-53.46,-1955,-25.06
2026-09-09T14:27:40.160,1788944260.1607,2464,7087,90.86,-149,-1.91
2026-09-09T14:27:40.179,1788944260.1791,2465,-3305,-42.37,1674,21.46
2026-09-09T14:27:40.192,1788944260.1927,2466,6542,83.87,1754,22.49
2026-09-09T14:27:40.192,1788944260.1927,2467,-2455,-31.47,1831,23.47
2026-09-09T14:27:40.208,1788944260.2084,2468,5938,76.13,1892,24.26
2026-09-09T14:27:40.208,1788944260.2084,2469,-1560,-20.0,1965,25.19
2026-09-09T14:27:40.224,1788944260.2245,2470,5308,68.05,2031,26.04
2026-09-09T14:27:40.240,1788944260.2403,2471,-633,-8.12,2105,26.99
2026-09-09T14:27:40.240,1788944260.2403,2472,4670,59.87,2178,27.92
2026-09-09T14:27:40.256,1788944260.2564,2473,-8089,-103.71,154,1.97
2026-09-09T14:27:40.272,1788944260.2722,2474,3965,50.83,-1886,-24.18
2026-09-09T14:27:40.279,1788944260.2794,2475,-7459,-95.63,-1905,-24.42
2026-09-09T14:27:40.287,1788944260.2880,2476,3224,41.33,-1933,-24.78
2026-09-09T14:27:40.287,1788944260.2880,2477,-6710,-86.03,-1931,-24.76
2026-09-09T14:27:40.303,1788944260.3039,2478,2494,31.97,-1926,-24.69
2026-09-09T14:27:40.319,1788944260.3199,2479,-5894,-75.56,-1904,-24.41
2026-09-09T14:27:40.319,1788944260.3199,2480,1671,21.42,-1906,-24.44
2026-09-09T14:27:40.336,1788944260.3360,2481,-5063,-64.91,-1904,-24.41
2026-09-09T14:27:40.351,1788944260.3519,2482,776,9.95,-1920,-24.62
2026-09-09T14:27:40.351,1788944260.3519,2483,-4246,-54.44,-1940,-24.87
2026-09-09T14:27:40.368,1788944260.3680,2484,7168,91.9,-137,-1.76
2026-09-09T14:27:40.384,1788944260.3841,2485,-3408,-43.69,1670,21.41
2026-09-09T14:27:40.384,1788944260.3841,2486,6635,85.06,1746,22.38
2026-09-09T14:27:40.399,1788944260.3998,2487,-2546,-32.64,1829,23.45
2026-09-09T14:27:40.399,1788944260.3998,2488,6019,77.17,1890,24.23
2026-09-09T14:27:40.415,1788944260.4160,2489,-1660,-21.28,1958,25.1
2026-09-09T14:27:40.434,1788944260.4341,2490,5377,68.94,2019,25.88
2026-09-09T14:27:40.447,1788944260.4477,2491,-745,-9.55,2087,26.76
2026-09-09T14:27:40.447,1788944260.4477,2492,4719,60.5,2151,27.58
2026-09-09T14:27:40.447,1788944260.4477,2493,-8153,-104.53,135,1.73
2026-09-09T14:27:40.463,1788944260.4634,2494,4062,52.08,-1882,-24.13
2026-09-09T14:27:40.479,1788944260.4794,2495,-7547,-96.76,-1894,-24.28
2026-09-09T14:27:40.479,1788944260.4794,2496,3341,42.83,-1923,-24.65
2026-09-09T14:27:40.495,1788944260.4953,2497,-6806,-87.26,-1918,-24.59
2026-09-09T14:27:40.511,1788944260.5113,2498,2599,33.32,-1918,-24.59
2026-09-09T14:27:40.511,1788944260.5113,2499,-5989,-76.78,-1900,-24.36
2026-09-09T14:27:40.527,1788944260.5275,2500,1776,22.77,-1901,-24.37
2026-09-09T14:27:40.543,1788944260.5435,2501,-5179,-66.4,-1904,-24.41
2026-09-09T14:27:40.543,1788944260.5435,2502,961,12.32,-1906,-24.44
2026-09-09T14:27:40.561,1788944260.5619,2503,-4349,-55.76,-1902,-24.38
2026-09-09T14:27:40.561,1788944260.5619,2504,7214,92.49,-131,-1.68
2026-09-09T14:27:40.580,1788944260.5805,2505,-3540,-45.38,1634,20.95
2026-09-09T14:27:40.591,1788944260.5916,2506,6673,85.55,1701,21.81
2026-09-09T14:27:40.591,1788944260.5916,2507,-2726,-34.95,1770,22.69
2026-09-09T14:27:40.607,1788944260.6075,2508,6065,77.76,1821,23.35
2026-09-09T14:27:40.607,1788944260.6075,2509,-1879,-24.09,1881,24.12
2026-09-09T14:27:40.623,1788944260.6235,2510,5451,69.88,1939,24.86
2026-09-09T14:27:40.639,1788944260.6395,2511,-951,-12.19,2018,25.87
2026-09-09T14:27:40.639,1788944260.6395,2512,4810,61.67,2089,26.78
2026-09-09T14:27:40.655,1788944260.6553,2513,-8207,-105.22,115,1.47
2026-09-09T14:27:40.670,1788944260.6710,2514,4153,53.24,-1863,-23.88
2026-09-09T14:27:40.680,1788944260.6807,2515,-7617,-97.65,-1880,-24.1
2026-09-09T14:27:40.704,1788944260.7048,2516,3428,43.95,-1914,-24.54
2026-09-09T14:27:40.704,1788944260.7048,2517,-6891,-88.35,-1913,-24.53
2026-09-09T14:27:40.704,1788944260.7048,2518,2691,34.5,-1916,-24.56
2026-09-09T14:27:40.723,1788944260.7238,2519,-6059,-77.68,-1892,-24.26
2026-09-09T14:27:40.723,1788944260.7238,2520,1904,24.41,-1881,-24.12
2026-09-09T14:27:40.735,1788944260.7356,2521,-5228,-67.03,-1870,-23.97
2026-09-09T14:27:40.750,1788944260.7507,2522,1040,13.33,-1878,-24.08
2026-09-09T14:27:40.750,1788944260.7507,2523,-4435,-56.86,-1896,-24.31
2026-09-09T14:27:40.766,1788944260.7667,2524,7269,93.19,-141,-1.81
2026-09-09T14:27:40.780,1788944260.7806,2525,-3630,-46.54,1618,20.74
2026-09-09T14:27:40.782,1788944260.7826,2526,6732,86.31,1685,21.6
2026-09-09T14:27:40.798,1788944260.7987,2527,-2784,-35.69,1762,22.59
2026-09-09T14:27:40.814,1788944260.8145,2528,6143,78.76,1826,23.41
2026-09-09T14:27:40.814,1788944260.8145,2529,-1902,-24.38,1900,24.36
2026-09-09T14:27:40.830,1788944260.8302,2530,5528,70.87,1966,25.21
2026-09-09T14:27:40.830,1788944260.8302,2531,-987,-12.65,2041,26.17
2026-09-09T14:27:40.847,1788944260.8480,2532,4870,62.44,2106,27.0
2026-09-09T14:27:40.862,1788944260.8621,2533,-8132,-104.26,155,1.99
2026-09-09T14:27:40.862,1788944260.8621,2534,4216,54.05,-1795,-23.01
2026-09-09T14:27:40.880,1788944260.8808,2535,-7567,-97.01,-1817,-23.29
2026-09-09T14:27:40.880,1788944260.8808,2536,3487,44.71,-1858,-23.82
2026-09-09T14:27:40.909,1788944260.9098,2537,-6818,-87.41,-1853,-23.76
2026-09-09T14:27:40.909,1788944260.9098,2538,2765,35.45,-1846,-23.67
2026-09-09T14:27:40.909,1788944260.9098,2539,-6014,-77.1,-1826,-23.41
2026-09-09T14:27:40.925,1788944260.9259,2540,1985,25.45,-1820,-23.33
2026-09-09T14:27:40.941,1788944260.9419,2541,-5200,-66.67,-1811,-23.22
2026-09-09T14:27:40.950,1788944260.9504,2542,1146,14.69,-1818,-23.31
2026-09-09T14:27:40.957,1788944260.9577,2543,-4355,-55.83,-1816,-23.28
2026-09-09T14:27:40.957,1788944260.9577,2544,7117,91.24,-112,-1.44
2026-09-09T14:27:40.981,1788944260.9810,2545,-3475,-44.55,1601,20.53
2026-09-09T14:27:40.989,1788944260.9896,2546,6591,84.5,1689,21.65
2026-09-09T14:27:40.989,1788944260.9896,2547,-2694,-34.54,1753,22.47
2026-09-09T14:27:41.005,1788944261.0056,2548,5998,76.9,1800,23.08
2026-09-09T14:27:41.021,1788944261.0215,2549,-1853,-23.76,1862,23.87
2026-09-09T14:27:41.021,1788944261.0215,2550,5379,68.96,1917,24.58
2026-09-09T14:27:41.037,1788944261.0374,2551,-991,-12.71,1978,25.36
2026-09-09T14:27:41.053,1788944261.0533,2552,4768,61.13,2041,26.17
2026-09-09T14:27:41.069,1788944261.0692,2553,-7795,-99.94,187,2.4
2026-09-09T14:27:41.069,1788944261.0692,2554,4094,52.49,-1682,-21.56
2026-09-09T14:27:41.081,1788944261.0813,2555,-7250,-92.95,-1715,-21.99
2026-09-09T14:27:41.084,1788944261.0849,2556,3413,43.76,-1749,-22.42
2026-09-09T14:27:41.100,1788944261.1008,2557,-6569,-84.22,-1749,-22.42
2026-09-09T14:27:41.100,1788944261.1008,2558,2687,34.45,-1760,-22.56
2026-09-09T14:27:41.116,1788944261.1167,2559,-5801,-74.37,-1749,-22.42
2026-09-09T14:27:41.116,1788944261.1167,2560,1964,25.18,-1738,-22.28
2026-09-09T14:27:41.132,1788944261.1323,2561,-5019,-64.35,-1723,-22.09
2026-09-09T14:27:41.148,1788944261.1484,2562,1177,15.09,-1725,-22.12
2026-09-09T14:27:41.164,1788944261.1641,2563,-4254,-54.54,-1730,-22.18
2026-09-09T14:27:41.164,1788944261.1641,2564,6771,86.81,-140,-1.79
2026-09-09T14:27:41.179,1788944261.1800,2565,-3461,-44.37,1456,18.67
2026-09-09T14:27:41.181,1788944261.1815,2566,6314,80.95,1540,19.74
2026-09-09T14:27:41.196,1788944261.1960,2567,-2689,-34.47,1619,20.76
2026-09-09T14:27:41.211,1788944261.2118,2568,5789,74.22,1681,21.55
2026-09-09T14:27:41.227,1788944261.2279,2569,-1907,-24.45,1745,22.37
2026-09-09T14:27:41.227,1788944261.2279,2570,5210,66.79,1796,23.03
2026-09-09T14:27:41.227,1788944261.2279,2571,-1121,-14.37,1848,23.69
2026-09-09T14:27:41.243,1788944261.2439,2572,4644,59.54,1903,24.4
2026-09-09T14:27:41.261,1788944261.2618,2573,-7540,-96.67,156,2.0
2026-09-09T14:27:41.261,1788944261.2618,2574,4030,51.67,-1602,-20.54
2026-09-09T14:27:41.281,1788944261.2814,2575,-7095,-90.96,-1644,-21.08
2026-09-09T14:27:41.291,1788944261.2920,2576,3368,43.18,-1698,-21.77
2026-09-09T14:27:41.291,1788944261.2920,2577,-6467,-82.91,-1707,-21.88
2026-09-09T14:27:41.307,1788944261.3078,2578,2711,34.76,-1714,-21.97
2026-09-09T14:27:41.323,1788944261.3237,2579,-5759,-73.83,-1701,-21.81
2026-09-09T14:27:41.323,1788944261.3237,2580,2008,25.74,-1700,-21.79
2026-09-09T14:27:41.339,1788944261.3398,2581,-5020,-64.36,-1691,-21.68
2026-09-09T14:27:41.339,1788944261.3398,2582,1261,16.17,-1693,-21.71
2026-09-09T14:27:41.356,1788944261.3561,2583,-4303,-55.17,-1701,-21.81
2026-09-09T14:27:41.381,1788944261.3814,2584,6652,85.28,-174,-2.23
2026-09-09T14:27:41.388,1788944261.3880,2585,-3534,-45.31,1366,17.51
2026-09-09T14:27:41.390,1788944261.3900,2586,6219,79.73,1450,18.59
2026-09-09T14:27:41.390,1788944261.3900,2587,-2829,-36.27,1518,19.46
2026-09-09T14:27:41.404,1788944261.4041,2588,5727,73.42,1572,20.15
2026-09-09T14:27:41.420,1788944261.4200,2589,-2047,-26.24,1644,21.08
2026-09-09T14:27:41.420,1788944261.4200,2590,5176,66.36,1702,21.82
2026-09-09T14:27:41.436,1788944261.4360,2591,-1236,-15.85,1767,22.65
2026-09-09T14:27:41.436,1788944261.4360,2592,4626,59.31,1832,23.49
2026-09-09T14:27:41.451,1788944261.4517,2593,-7483,-95.94,133,1.71
2026-09-09T14:27:41.481,1788944261.4817,2594,4028,51.64,-1578,-20.23
2026-09-09T14:27:41.483,1788944261.4837,2595,-7074,-90.69,-1626,-20.85
2026-09-09T14:27:41.483,1788944261.4837,2596,3419,43.83,-1676,-21.49
2026-09-09T14:27:41.499,1788944261.4995,2597,-6505,-83.4,-1686,-21.62
2026-09-09T14:27:41.499,1788944261.4995,2598,2746,35.21,-1712,-21.95
2026-09-09T14:27:41.531,1788944261.5312,2599,-5840,-74.87,-1714,-21.97
2026-09-09T14:27:41.531,1788944261.5312,2600,2064,26.46,-1718,-22.03
2026-09-09T14:27:41.531,1788944261.5312,2601,-5121,-65.65,-1709,-21.91
2026-09-09T14:27:41.546,1788944261.5470,2602,1337,17.14,-1711,-21.94
2026-09-09T14:27:41.563,1788944261.5639,2603,-4415,-56.6,-1716,-22.0
2026-09-09T14:27:41.563,1788944261.5639,2604,6684,85.69,-203,-2.6
2026-09-09T14:27:41.581,1788944261.5820,2605,-3670,-47.05,1320,16.92
2026-09-09T14:27:41.581,1788944261.5820,2606,6292,80.67,1409,18.06
2026-09-09T14:27:41.594,1788944261.5947,2607,-2916,-37.38,1499,19.22
2026-09-09T14:27:41.610,1788944261.6108,2608,5796,74.31,1564,20.05
2026-09-09T14:27:41.626,1788944261.6268,2609,-2154,-27.62,1630,20.9
2026-09-09T14:27:41.626,1788944261.6268,2610,5233,67.09,1680,21.54
2026-09-09T14:27:41.642,1788944261.6425,2611,-1340,-17.18,1743,22.35
2026-09-09T14:27:41.642,1788944261.6425,2612,4647,59.58,1800,23.08
2026-09-09T14:27:41.658,1788944261.6586,2613,-7510,-96.28,111,1.42
2026-09-09T14:27:41.658,1788944261.6586,2614,4070,52.18,-1576,-20.21
2026-09-09T14:27:41.690,1788944261.6905,2615,-7065,-90.58,-1609,-20.63
2026-09-09T14:27:41.690,1788944261.6905,2616,3449,44.22,-1653,-21.19
2026-09-09T14:27:41.690,1788944261.6905,2617,-6500,-83.33,-1667,-21.37
2026-09-09T14:27:41.709,1788944261.7097,2618,2800,35.9,-1688,-21.64
2026-09-09T14:27:41.709,1788944261.7097,2619,-5935,-76.09,-1709,-21.91
2026-09-09T14:27:41.723,1788944261.7231,2620,2268,29.08,-1701,-21.81
2026-09-09T14:27:41.737,1788944261.7376,2621,-6055,-77.63,-1864,-23.9
2026-09-09T14:27:41.737,1788944261.7376,2622,1541,19.76,-2076,-26.62
2026-09-09T14:27:41.753,1788944261.7538,2623,-5380,-68.97,-2089,-26.78
2026-09-09T14:27:41.769,1788944261.7697,2624,7595,97.37,-406,-5.21
2026-09-09T14:27:41.785,1788944261.7856,2625,-4571,-58.6,1309,16.78
2026-09-09T14:27:41.785,1788944261.7856,2626,7161,91.81,1403,17.99
2026-09-09T14:27:41.801,1788944261.8012,2627,-3719,-47.68,1508,19.33
2026-09-09T14:27:41.801,1788944261.8012,2628,6627,84.96,1587,20.35
2026-09-09T14:27:41.816,1788944261.8170,2629,-2855,-36.6,1670,21.41
2026-09-09T14:27:41.832,1788944261.8330,2630,5873,75.29,1697,21.76
2026-09-09T14:27:41.848,1788944261.8488,2631,-1717,-22.01,1793,22.99
2026-09-09T14:27:41.848,1788944261.8488,2632,4636,59.44,1768,22.67
2026-09-09T14:27:41.848,1788944261.8488,2633,-7553,-96.83,0,0.0
2026-09-09T14:27:41.864,1788944261.8648,2634,4116,52.77,-1589,-20.37
2026-09-09T14:27:41.880,1788944261.8809,2635,-7203,-92.35,-1631,-20.91
2026-09-09T14:27:41.882,1788944261.8824,2636,3576,45.85,-1679,-21.53
2026-09-09T14:27:41.896,1788944261.8969,2637,-6706,-85.97,-1690,-21.67
2026-09-09T14:27:41.896,1788944261.8969,2638,2927,37.53,-1728,-22.15
2026-09-09T14:27:41.912,1788944261.9128,2639,-6052,-77.59,-1726,-22.13
2026-09-09T14:27:41.928,1788944261.9286,2640,2294,29.41,-1721,-22.06
2026-09-09T14:27:41.944,1788944261.9443,2641,-5365,-68.78,-1708,-21.9
2026-09-09T14:27:41.944,1788944261.9443,2642,7083,90.81,-339,-4.35
2026-09-09T14:27:41.962,1788944261.9621,2643,-4622,-59.26,1044,13.38
2026-09-09T14:27:41.962,1788944261.9621,2644,6807,87.27,1161,14.88
2026-09-09T14:27:41.982,1788944261.9826,2645,-3885,-49.81,1276,16.36
2026-09-09T14:27:41.995,1788944261.9959,2646,6442,82.59,1369,17.55
2026-09-09T14:27:42.007,1788944262.0074,2647,-3139,-40.24,1465,18.78
2026-09-09T14:27:42.008,1788944262.0081,2648,6002,76.95,1541,19.76
2026-09-09T14:27:42.008,1788944262.0081,2649,-2434,-31.21,1607,20.6
2026-09-09T14:27:42.023,1788944262.0233,2650,5483,70.29,1654,21.21
2026-09-09T14:27:42.042,1788944262.0424,2651,-1632,-20.92,1725,22.12
2026-09-09T14:27:42.046,1788944262.0467,2652,4928,63.18,1786,22.9
2026-09-09T14:27:42.054,1788944262.0548,2653,-7707,-98.81,129,1.65
2026-09-09T14:27:42.070,1788944262.0705,2654,4374,56.08,-1528,-19.59
2026-09-09T14:27:42.070,1788944262.0705,2655,-7347,-94.19,-1577,-20.22
2026-09-09T14:27:42.086,1788944262.0865,2656,3733,47.86,-1647,-21.12
2026-09-09T14:27:42.102,1788944262.1023,2657,-6850,-87.82,-1683,-21.58
2026-09-09T14:27:42.102,1788944262.1023,2658,3088,39.59,-1720,-22.05
2026-09-09T14:27:42.118,1788944262.1181,2659,-6169,-79.09,-1711,-21.94
2026-09-09T14:27:42.126,1788944262.1263,2660,2418,31.0,-1708,-21.9
2026-09-09T14:27:42.134,1788944262.1347,2661,-5470,-70.13,-1701,-21.81
2026-09-09T14:27:42.150,1788944262.1502,2662,7127,91.37,-349,-4.47
2026-09-09T14:27:42.166,1788944262.1662,2663,-4752,-60.92,1008,12.92
2026-09-09T14:27:42.166,1788944262.1662,2664,6863,87.99,1121,14.37
2026-09-09T14:27:42.166,1788944262.1662,2665,-4006,-51.36,1242,15.92
2026-09-09T14:27:42.183,1788944262.1831,2666,6506,83.41,1339,17.17
2026-09-09T14:27:42.197,1788944262.1978,2667,-3253,-41.71,1438,18.44
2026-09-09T14:27:42.197,1788944262.1978,2668,6057,77.65,1514,19.41
2026-09-09T14:27:42.213,1788944262.2138,2669,-2500,-32.05,1590,20.38
2026-09-09T14:27:42.229,1788944262.2296,2670,5558,71.26,1653,21.19
2026-09-09T14:27:42.229,1788944262.2296,2671,-1702,-21.82,1728,22.15
2026-09-09T14:27:42.261,1788944262.2613,2672,4987,63.94,1785,22.88
2026-09-09T14:27:42.261,1788944262.2613,2673,-7705,-98.78,141,1.81
2026-09-09T14:27:42.261,1788944262.2613,2674,4429,56.78,-1499,-19.22
2026-09-09T14:27:42.277,1788944262.2772,2675,-7353,-94.27,-1550,-19.87
2026-09-09T14:27:42.292,1788944262.2930,2676,3816,48.92,-1616,-20.72
2026-09-09T14:27:42.309,1788944262.3090,2677,-6880,-88.21,-1651,-21.17
2026-09-09T14:27:42.309,1788944262.3090,2678,3190,40.9,-1689,-21.65
2026-09-09T14:27:42.325,1788944262.3251,2679,-6236,-79.95,-1684,-21.59
2026-09-09T14:27:42.325,1788944262.3251,2680,2520,32.31,-1691,-21.68
2026-09-09T14:27:42.341,1788944262.3411,2681,-5544,-71.08,-1685,-21.6
2026-09-09T14:27:42.341,1788944262.3411,2682,7110,91.15,-365,-4.68
2026-09-09T14:27:42.357,1788944262.3575,2683,-4818,-61.77,964,12.36
2026-09-09T14:27:42.375,1788944262.3757,2684,6885,88.27,1089,13.96
2026-09-09T14:27:42.375,1788944262.3757,2685,-4076,-52.26,1219,15.63
2026-09-09T14:27:42.389,1788944262.3896,2686,6544,83.9,1319,16.91
2026-09-09T14:27:42.389,1788944262.3896,2687,-3320,-42.56,1423,18.24
2026-09-09T14:27:42.405,1788944262.4058,2688,6127,78.55,1507,19.32
2026-09-09T14:27:42.421,1788944262.4214,2689,-2540,-32.56,1598,20.49
2026-09-09T14:27:42.421,1788944262.4214,2690,5654,72.49,1675,21.47
2026-09-09T14:27:42.437,1788944262.4377,2691,-1719,-22.04,1762,22.59
2026-09-09T14:27:42.453,1788944262.4536,2692,5125,65.71,1835,23.53
2026-09-09T14:27:42.469,1788944262.4695,2693,-7540,-96.67,247,3.17
2026-09-09T14:27:42.469,1788944262.4695,2694,4569,58.58,-1347,-17.27
2026-09-09T14:27:42.469,1788944262.4695,2695,-7254,-93.0,-1414,-18.13
2026-09-09T14:27:42.485,1788944262.4856,2696,3990,51.15,-1488,-19.08
2026-09-09T14:27:42.501,1788944262.5015,2697,-6795,-87.12,-1518,-19.46
2026-09-09T14:27:42.501,1788944262.5015,2698,3363,43.12,-1560,-20.0
2026-09-09T14:27:42.517,1788944262.5172,2699,-6205,-79.55,-1569,-20.12
2026-09-09T14:27:42.532,1788944262.5329,2700,2708,34.72,-1585,-20.32
2026-09-09T14:27:42.532,1788944262.5329,2701,-5507,-70.6,-1574,-20.18
2026-09-09T14:27:42.548,1788944262.5486,2702,7139,91.53,-292,-3.74
2026-09-09T14:27:42.569,1788944262.5695,2703,-4814,-61.72,989,12.68
2026-09-09T14:27:42.576,1788944262.5764,2704,6890,88.33,1100,14.1
2026-09-09T14:27:42.584,1788944262.5849,2705,-4090,-52.44,1219,15.63
2026-09-09T14:27:42.594,1788944262.5949,2706,6544,83.9,1313,16.83
2026-09-09T14:27:42.602,1788944262.6022,2707,-3338,-42.79,1415,18.14
2026-09-09T14:27:42.612,1788944262.6121,2708,6114,78.38,1495,19.17
2026-09-09T14:27:42.629,1788944262.6296,2709,-2621,-33.6,1567,20.09
2026-09-09T14:27:42.643,1788944262.6439,2710,5582,71.56,1613,20.68
2026-09-09T14:27:42.643,1788944262.6439,2711,-1892,-24.26,1662,21.31
2026-09-09T14:27:42.650,1788944262.6501,2712,5042,64.64,1710,21.92
2026-09-09T14:27:42.661,1788944262.6614,2713,-7584,-97.23,152,1.95
2026-09-09T14:27:42.671,1788944262.6715,2714,4464,57.23,-1416,-18.15
2026-09-09T14:27:42.675,1788944262.6757,2715,-7300,-93.59,-1489,-19.09
2026-09-09T14:27:42.691,1788944262.6916,2716,3887,49.83,-1563,-20.04
2026-09-09T14:27:42.691,1788944262.6916,2717,-6907,-88.55,-1609,-20.63
2026-09-09T14:27:42.710,1788944262.7100,2718,3262,41.82,-1667,-21.37
2026-09-09T14:27:42.710,1788944262.7100,2719,-6330,-81.15,-1679,-21.53
2026-09-09T14:27:42.725,1788944262.7253,2720,2637,33.81,-1691,-21.68
2026-09-09T14:27:42.739,1788944262.7394,2721,-5629,-72.17,-1672,-21.44
2026-09-09T14:27:42.739,1788944262.7394,2722,6951,89.12,-418,-5.36
2026-09-09T14:27:42.755,1788944262.7553,2723,-4926,-63.15,836,10.72
2026-09-09T14:27:42.770,1788944262.7710,2724,6735,86.35,958,12.28
2026-09-09T14:27:42.788,1788944262.7888,2725,-4212,-54.0,1083,13.88
2026-09-09T14:27:42.788,1788944262.7888,2726,6419,82.29,1182,15.15
2026-09-09T14:27:42.802,1788944262.8025,2727,-3522,-45.15,1276,16.36
2026-09-09T14:27:42.810,1788944262.8107,2728,5983,76.71,1339,17.17
2026-09-09T14:27:42.818,1788944262.8185,2729,-2853,-36.58,1397,17.91
2026-09-09T14:27:42.818,1788944262.8185,2730,6673,85.55,1737,22.27
2026-09-09T14:27:42.834,1788944262.8345,2731,-2521,-32.32,1993,25.55
2026-09-09T14:27:42.850,1788944262.8503,2732,6028,77.28,1914,24.54
2026-09-09T14:27:42.850,1788944262.8503,2733,-8782,-112.59,188,2.41
2026-09-09T14:27:42.866,1788944262.8661,2734,5369,68.83,-1542,-19.77
2026-09-09T14:27:42.885,1788944262.8854,2735,-8470,-108.59,-1629,-20.88
2026-09-09T14:27:42.897,1788944262.8980,2736,4631,59.37,-1735,-22.24
2026-09-09T14:27:42.897,1788944262.8980,2737,-7992,-102.46,-1800,-23.08
2026-09-09T14:27:42.913,1788944262.9138,2738,3918,50.23,-1859,-23.83
2026-09-09T14:27:42.913,1788944262.9138,2739,-7267,-93.17,-1856,-23.79
2026-09-09T14:27:42.929,1788944262.9299,2740,3003,38.5,-1904,-24.41
2026-09-09T14:27:42.945,1788944262.9457,2741,-5563,-71.32,-1706,-21.87
2026-09-09T14:27:42.945,1788944262.9457,2742,7089,90.88,-259,-3.32
2026-09-09T14:27:42.961,1788944262.9614,2743,-4930,-63.21,921,11.81
2026-09-09T14:27:42.961,1788944262.9614,2744,6935,88.91,1041,13.35
2026-09-09T14:27:42.981,1788944262.9815,2745,-4294,-55.05,1161,14.88
2026-09-09T14:27:42.985,1788944262.9855,2746,6585,84.42,1233,15.81
2026-09-09T14:27:42.993,1788944262.9932,2747,-3566,-45.72,1327,17.01
2026-09-09T14:27:43.009,1788944263.0091,2748,6216,79.69,1417,18.17
2026-09-09T14:27:43.009,1788944263.0091,2749,-2897,-37.14,1492,19.13
2026-09-09T14:27:43.025,1788944263.0252,2750,5743,73.63,1541,19.76
2026-09-09T14:27:43.040,1788944263.0410,2751,-2208,-28.31,1595,20.45
2026-09-09T14:27:43.057,1788944263.0570,2752,5193,66.58,1630,20.9
2026-09-09T14:27:43.057,1788944263.0570,2753,-7731,-99.12,111,1.42
2026-09-09T14:27:43.072,1788944263.0728,2754,4691,60.14,-1395,-17.88
2026-09-09T14:27:43.072,1788944263.0728,2755,-7531,-96.55,-1470,-18.85
2026-09-09T14:27:43.088,1788944263.0887,2756,4098,52.54,-1569,-20.12
2026-09-09T14:27:43.104,1788944263.1045,2757,-7169,-91.91,-1626,-20.85
2026-09-09T14:27:43.104,1788944263.1045,2758,3518,45.1,-1681,-21.55
2026-09-09T14:27:43.120,1788944263.1205,2759,-6640,-85.13,-1694,-21.72
2026-09-09T14:27:43.120,1788944263.1205,2760,2901,37.19,-1716,-22.0
2026-09-09T14:27:43.136,1788944263.1365,2761,-6026,-77.26,-1716,-22.0
2026-09-09T14:27:43.152,1788944263.1523,2762,7124,91.33,-507,-6.5
2026-09-09T14:27:43.152,1788944263.1523,2763,-5290,-67.82,733,9.4
2026-09-09T14:27:43.168,1788944263.1680,2764,6949,89.09,873,11.19
2026-09-09T14:27:43.168,1788944263.1680,2765,-4591,-58.86,1004,12.87
2026-09-09T14:27:43.185,1788944263.1857,2766,6694,85.82,1115,14.29
2026-09-09T14:27:43.200,1788944263.2004,2767,-3854,-49.41,1235,15.83
2026-09-09T14:27:43.200,1788944263.2004,2768,6310,80.9,1324,16.97
2026-09-09T14:27:43.216,1788944263.2165,2769,-3096,-39.69,1417,18.17
2026-09-09T14:27:43.232,1788944263.2325,2770,5874,75.31,1498,19.21
2026-09-09T14:27:43.232,1788944263.2325,2771,-2374,-30.44,1569,20.12
2026-09-09T14:27:43.248,1788944263.2486,2772,5363,68.76,1622,20.79
2026-09-09T14:27:43.264,1788944263.2646,2773,-7838,-100.49,128,1.64
2026-09-09T14:27:43.264,1788944263.2646,2774,4813,61.71,-1375,-17.63
2026-09-09T14:27:43.280,1788944263.2806,2775,-7637,-97.91,-1463,-18.76
2026-09-09T14:27:43.285,1788944263.2858,2776,4249,54.47,-1553,-19.91
2026-09-09T14:27:43.296,1788944263.2964,2777,-7284,-93.38,-1606,-20.59
2026-09-09T14:27:43.312,1788944263.3125,2778,3660,46.92,-1665,-21.35
2026-09-09T14:27:43.312,1788944263.3125,2779,-6762,-86.69,-1682,-21.56
2026-09-09T14:27:43.328,1788944263.3283,2780,3023,38.76,-1711,-21.94
2026-09-09T14:27:43.328,1788944263.3283,2781,-6130,-78.59,-1712,-21.95
2026-09-09T14:27:43.344,1788944263.3445,2782,7178,92.03,-515,-6.6
2026-09-09T14:27:43.360,1788944263.3603,2783,-5414,-69.41,703,9.01
2026-09-09T14:27:43.360,1788944263.3603,2784,7011,89.88,840,10.77
2026-09-09T14:27:43.380,1788944263.3809,2785,-4699,-60.24,977,12.53
2026-09-09T14:27:43.395,1788944263.3955,2786,6763,86.71,1094,14.03
2026-09-09T14:27:43.403,1788944263.4031,2787,-3957,-50.73,1217,15.6
2026-09-09T14:27:43.423,1788944263.4238,2788,6391,81.94,1310,16.79
2026-09-09T14:27:43.423,1788944263.4238,2789,-3224,-41.33,1400,17.95
2026-09-09T14:27:43.423,1788944263.4238,2790,5959,76.4,1475,18.91
2026-09-09T14:27:43.439,1788944263.4400,2791,-2482,-31.82,1553,19.91
2026-09-09T14:27:43.439,1788944263.4400,2792,5436,69.69,1607,20.6
2026-09-09T14:27:43.455,1788944263.4559,2793,-7826,-100.33,141,1.81
2026-09-09T14:27:43.471,1788944263.4719,2794,4897,62.78,-1330,-17.05
2026-09-09T14:27:43.471,1788944263.4719,2795,-7638,-97.92,-1418,-18.18
2026-09-09T14:27:43.487,1788944263.4880,2796,4340,55.64,-1510,-19.36
2026-09-09T14:27:43.487,1788944263.4880,2797,-7333,-94.01,-1573,-20.17
2026-09-09T14:27:43.503,1788944263.5039,2798,3732,47.85,-1649,-21.14
2026-09-09T14:27:43.519,1788944263.5198,2799,-6832,-87.59,-1676,-21.49
2026-09-09T14:27:43.519,1788944263.5198,2800,3115,39.94,-1705,-21.86
2026-09-09T14:27:43.535,1788944263.5359,2801,-6223,-79.78,-1707,-21.88
2026-09-09T14:27:43.551,1788944263.5520,2802,7134,91.46,-550,-7.05
2026-09-09T14:27:43.559,1788944263.5595,2803,-5519,-70.76,631,8.09
2026-09-09T14:27:43.586,1788944263.5862,2804,7011,89.88,776,9.95
2026-09-09T14:27:43.586,1788944263.5862,2805,-4792,-61.44,927,11.88
2026-09-09T14:27:43.595,1788944263.5953,2806,6756,86.62,1045,13.4
2026-09-09T14:27:43.600,1788944263.6005,2807,-4102,-52.59,1154,14.79
2026-09-09T14:27:43.610,1788944263.6106,2808,6452,82.72,1251,16.04
2026-09-09T14:27:43.617,1788944263.6180,2809,-3360,-43.08,1360,17.44
2026-09-09T14:27:43.632,1788944263.6320,2810,6012,77.08,1436,18.41
2026-09-09T14:27:43.642,1788944263.6426,2811,-2598,-33.31,1516,19.44
2026-09-09T14:27:43.647,1788944263.6477,2812,5524,70.82,1585,20.32
2026-09-09T14:27:43.647,1788944263.6477,2813,-7787,-99.83,165,2.12
2026-09-09T14:27:43.665,1788944263.6656,2814,4965,63.65,-1272,-16.31
2026-09-09T14:27:43.679,1788944263.6797,2815,-7627,-97.78,-1371,-17.58
2026-09-09T14:27:43.696,1788944263.6962,2816,4408,56.51,-1471,-18.86
2026-09-09T14:27:43.696,1788944263.6962,2817,-7339,-94.09,-1538,-19.72
2026-09-09T14:27:43.714,1788944263.7141,2818,3823,49.01,-1612,-20.67
2026-09-09T14:27:43.721,1788944263.7214,2819,-6905,-88.53,-1650,-21.15
2026-09-09T14:27:43.745,1788944263.7456,2820,3223,41.32,-1691,-21.68
2026-09-09T14:27:43.749,1788944263.7497,2821,-6300,-80.77,-1690,-21.67
2026-09-09T14:27:43.749,1788944263.7497,2822,7133,91.45,-561,-7.19
2026-09-09T14:27:43.759,1788944263.7593,2823,-5608,-71.9,589,7.55
2026-09-09T14:27:43.769,1788944263.7700,2824,7023,90.04,735,9.42
2026-09-09T14:27:43.776,1788944263.7768,2825,-4901,-62.83,884,11.33
2026-09-09T14:27:43.791,1788944263.7910,2826,6788,87.03,1002,12.85
2026-09-09T14:27:43.803,1788944263.8031,2827,-4195,-53.78,1120,14.36
2026-09-09T14:27:43.808,1788944263.8089,2828,6475,83.01,1218,15.62
2026-09-09T14:27:43.819,1788944263.8192,2829,-3457,-44.32,1324,16.97
2026-09-09T14:27:43.829,1788944263.8297,2830,6059,77.68,1405,18.01
2026-09-09T14:27:43.839,1788944263.8390,2831,-2724,-34.92,1484,19.03
2026-09-09T14:27:43.849,1788944263.8492,2832,5559,71.27,1542,19.77
2026-09-09T14:27:43.856,1788944263.8563,2833,-7740,-99.23,163,2.09
2026-09-09T14:27:43.870,1788944263.8709,2834,5001,64.12,-1230,-15.77
2026-09-09T14:27:43.882,1788944263.8828,2835,-7573,-97.09,-1328,-17.03
2026-09-09T14:27:43.902,1788944263.9024,2836,4455,57.12,-1423,-18.24
2026-09-09T14:27:43.909,1788944263.9097,2837,-7257,-93.04,-1480,-18.97
2026-09-09T14:27:43.909,1788944263.9097,2838,3859,49.47,-1550,-19.87
2026-09-09T14:27:43.918,1788944263.9186,2839,-7020,-90.0,-1640,-21.03
2026-09-09T14:27:43.928,1788944263.9287,2840,4248,54.46,-1484,-19.03
2026-09-09T14:27:43.936,1788944263.9368,2841,-7841,-100.53,-1592,-20.41
2026-09-09T14:27:43.950,1788944263.9507,2842,8712,111.69,-681,-8.73
2026-09-09T14:27:43.960,1788944263.9608,2843,-6839,-87.68,686,8.79
2026-09-09T14:27:43.967,1788944263.9679,2844,8146,104.44,795,10.19
2026-09-09T14:27:43.977,1788944263.9780,2845,-5064,-64.92,1097,14.06
2026-09-09T14:27:43.997,1788944263.9979,2846,6794,87.1,1203,15.42
2026-09-09T14:27:44.008,1788944264.0081,2847,-4242,-54.38,1070,13.72
2026-09-09T14:27:44.013,1788944264.0137,2848,6497,83.29,1201,15.4
2026-09-09T14:27:44.017,1788944264.0176,2849,-3545,-45.45,1301,16.68
2026-09-09T14:27:44.029,1788944264.0297,2850,6096,78.15,1375,17.63
2026-09-09T14:27:44.055,1788944264.0560,2851,-2868,-36.77,1444,18.51
2026-09-09T14:27:44.055,1788944264.0560,2852,5608,71.9,1492,19.13
2026-09-09T14:27:44.061,1788944264.0611,2853,-7688,-98.56,165,2.12
2026-09-09T14:27:44.071,1788944264.0711,2854,5154,66.08,-1154,-14.79
2026-09-09T14:27:44.077,1788944264.0772,2855,-7649,-98.06,-1258,-16.13
2026-09-09T14:27:44.093,1788944264.0932,2856,4620,59.23,-1381,-17.71
2026-09-09T14:27:44.097,1788944264.0978,2857,-7429,-95.24,-1460,-18.72
2026-09-09T14:27:44.109,1788944264.1093,2858,4035,51.73,-1551,-19.88
2026-09-09T14:27:44.119,1788944264.1197,2859,-7036,-90.21,-1599,-20.5
2026-09-09T14:27:44.126,1788944264.1264,2860,3442,44.13,-1649,-21.14
2026-09-09T14:27:44.141,1788944264.1413,2861,-6519,-83.58,-1668,-21.38
2026-09-09T14:27:44.158,1788944264.1585,2862,7145,91.6,-613,-7.86
2026-09-09T14:27:44.168,1788944264.1686,2863,-5878,-75.36,473,6.06
2026-09-09T14:27:44.172,1788944264.1727,2864,7051,90.4,610,7.82
2026-09-09T14:27:44.179,1788944264.1799,2865,-5147,-65.99,769,9.86
2026-09-09T14:27:44.205,1788944264.2057,2866,6908,88.56,916,11.74
2026-09-09T14:27:44.205,1788944264.2057,2867,-4468,-57.28,1050,13.46
2026-09-09T14:27:44.205,1788944264.2057,2868,6616,84.82,1147,14.71
2026-09-09T14:27:44.220,1788944264.2202,2869,-3739,-47.94,1256,16.1
2026-09-09T14:27:44.231,1788944264.2319,2870,6236,79.95,1343,17.22
2026-09-09T14:27:44.237,1788944264.2370,2871,-3017,-38.68,1429,18.32
2026-09-09T14:27:44.252,1788944264.2522,2872,5792,74.26,1498,19.21
2026-09-09T14:27:44.258,1788944264.2587,2873,-7862,-100.79,176,2.26
2026-09-09T14:27:44.268,1788944264.2681,2874,5285,67.76,-1162,-14.9
2026-09-09T14:27:44.278,1788944264.2788,2875,-7755,-99.42,-1262,-16.18
2026-09-09T14:27:44.290,1788944264.2904,2876,4748,60.87,-1370,-17.56
2026-09-09T14:27:44.309,1788944264.3099,2877,-7530,-96.54,-1448,-18.56
2026-09-09T14:27:44.316,1788944264.3167,2878,4170,53.46,-1536,-19.69
2026-09-09T14:27:44.327,1788944264.3271,2879,-7178,-92.03,-1592,-20.41
2026-09-09T14:27:44.331,1788944264.3312,2880,3570,45.77,-1654,-21.21
2026-09-09T14:27:44.357,1788944264.3576,2881,-6656,-85.33,-1674,-21.46
2026-09-09T14:27:44.362,1788944264.3627,2882,7185,92.12,-640,-8.21
2026-09-09T14:27:44.366,1788944264.3670,2883,-6012,-77.08,425,5.45
2026-09-09T14:27:44.366,1788944264.3670,2884,7123,91.32,571,7.32
2026-09-09T14:27:44.378,1788944264.3788,2885,-5316,-68.15,729,9.35
2026-09-09T14:27:44.393,1788944264.3937,2886,6948,89.08,859,11.01
2026-09-09T14:27:44.395,1788944264.3953,2887,-4594,-58.9,996,12.77
2026-09-09T14:27:44.410,1788944264.4109,2888,6680,85.64,1110,14.23
2026-09-09T14:27:44.420,1788944264.4205,2889,-3880,-49.74,1221,15.65
2026-09-09T14:27:44.427,1788944264.4270,2890,6316,80.97,1309,16.78
2026-09-09T14:27:44.437,1788944264.4377,2891,-3135,-40.19,1404,18.0
2026-09-09T14:27:44.458,1788944264.4588,2892,5863,75.17,1477,18.94
2026-09-09T14:27:44.458,1788944264.4588,2893,-7808,-100.1,195,2.5
2026-09-09T14:27:44.469,1788944264.4691,2894,5356,68.67,-1100,-14.1
2026-09-09T14:27:44.476,1788944264.4768,2895,-7733,-99.14,-1208,-15.49
2026-09-09T14:27:44.491,1788944264.4920,2896,4826,61.87,-1321,-16.94
2026-09-09T14:27:44.508,1788944264.5083,2897,-7533,-96.58,-1404,-18.0
2026-09-09T14:27:44.518,1788944264.5184,2898,4256,54.56,-1496,-19.18
2026-09-09T14:27:44.522,1788944264.5230,2899,-7173,-91.96,-1549,-19.86
2026-09-09T14:27:44.529,1788944264.5294,2900,3655,46.86,-1609,-20.63
2026-09-09T14:27:44.541,1788944264.5418,2901,-6704,-85.95,-1642,-21.05
2026-09-09T14:27:44.549,1788944264.5498,2902,7130,91.41,-656,-8.41
2026-09-09T14:27:44.559,1788944264.5592,2903,-6051,-77.58,376,4.82
2026-09-09T14:27:44.570,1788944264.5709,2904,7108,91.13,534,6.85
2026-09-09T14:27:44.570,1788944264.5709,2905,-5371,-68.86,698,8.95
2026-09-09T14:27:44.586,1788944264.5870,2906,6942,89.0,827,10.6
2026-09-09T14:27:44.606,1788944264.6069,2907,-4665,-59.81,962,12.33
2026-09-09T14:27:44.606,1788944264.6069,2908,6706,85.97,1079,13.83
2026-09-09T14:27:44.618,1788944264.6190,2909,-3951,-50.65,1199,15.37
2026-09-09T14:27:44.629,1788944264.6297,2910,6365,81.6,1292,16.56
2026-09-09T14:27:44.634,1788944264.6348,2911,-7672,-98.36,276,3.54
2026-09-09T14:27:44.666,1788944264.6669,2912,5909,75.76,-768,-9.85
2026-09-09T14:27:44.666,1788944264.6669,2913,-7779,-99.73,-909,-11.65
2026-09-09T14:27:44.666,1788944264.6669,2914,5418,69.46,-1058,-13.56
2026-09-09T14:27:44.666,1788944264.6669,2915,-7740,-99.23,-1171,-15.01
2026-09-09T14:27:44.692,1788944264.6922,2916,4887,62.65,-1294,-16.59
2026-09-09T14:27:44.698,1788944264.6988,2917,-7565,-96.99,-1383,-17.73
2026-09-09T14:27:44.698,1788944264.6988,2918,4334,55.56,-1478,-18.95
2026-09-09T14:27:44.721,1788944264.7217,2919,-7260,-93.08,-1540,-19.74
2026-09-09T14:27:44.731,1788944264.7314,2920,3749,48.06,-1610,-20.64
2026-09-09T14:27:44.731,1788944264.7314,2921,-6783,-86.96,-1637,-20.99
2026-09-09T14:27:44.746,1788944264.7470,2922,7124,91.33,-674,-8.64
2026-09-09T14:27:44.771,1788944264.7711,2923,-6178,-79.21,321,4.12
2026-09-09T14:27:44.778,1788944264.7787,2924,7114,91.21,470,6.03
2026-09-09T14:27:44.778,1788944264.7787,2925,-5490,-70.38,640,8.21
2026-09-09T14:27:44.794,1788944264.7948,2926,6964,89.28,774,9.92
2026-09-09T14:27:44.796,1788944264.7969,2927,-4783,-61.32,913,11.71
2026-09-09T14:27:44.810,1788944264.8109,2928,6724,86.21,1030,13.21
2026-09-09T14:27:44.826,1788944264.8268,2929,-4050,-51.92,1153,14.78
2026-09-09T14:27:44.826,1788944264.8268,2930,6388,81.9,1253,16.06
2026-09-09T14:27:44.826,1788944264.8268,2931,-7630,-97.82,274,3.51
2026-09-09T14:27:44.842,1788944264.8425,2932,5992,76.82,-720,-9.23
2026-09-09T14:27:44.858,1788944264.8586,2933,-7745,-99.29,-848,-10.87
2026-09-09T14:27:44.858,1788944264.8586,2934,5453,69.91,-1012,-12.97
2026-09-09T14:27:44.874,1788944264.8745,2935,-7730,-99.1,-1143,-14.65
2026-09-09T14:27:44.892,1788944264.8922,2936,4943,63.37,-1266,-16.23
2026-09-09T14:27:44.892,1788944264.8922,2937,-7574,-97.1,-1355,-17.37
2026-09-09T14:27:44.906,1788944264.9062,2938,4378,56.13,-1457,-18.68
2026-09-09T14:27:44.922,1788944264.9221,2939,-7329,-93.96,-1537,-19.71
2026-09-09T14:27:44.922,1788944264.9221,2940,3793,48.63,-1622,-20.79
2026-09-09T14:27:44.938,1788944264.9381,2941,-6899,-88.45,-1661,-21.29
2026-09-09T14:27:44.938,1788944264.9381,2942,7009,89.86,-749,-9.6
2026-09-09T14:27:44.970,1788944264.9703,2943,-6361,-81.55,189,2.42
2026-09-09T14:27:44.970,1788944264.9703,2944,7017,89.96,326,4.18
2026-09-09T14:27:44.970,1788944264.9703,2945,-5708,-73.18,491,6.29
2026-09-09T14:27:44.986,1788944264.9863,2946,6920,88.72,630,8.08
2026-09-09T14:27:45.002,1788944265.0021,2947,-5027,-64.45,776,9.95
2026-09-09T14:27:45.002,1788944265.0021,2948,6726,86.23,898,11.51
2026-09-09T14:27:45.018,1788944265.0180,2949,-4263,-54.65,1040,13.33
2026-09-09T14:27:45.018,1788944265.0180,2950,6460,82.82,1165,14.94
2026-09-09T14:27:45.034,1788944265.0341,2951,-7727,-99.06,232,2.97
2026-09-09T14:27:45.050,1788944265.0501,2952,6072,77.85,-731,-9.37
2026-09-09T14:27:45.050,1788944265.0501,2953,-7913,-101.45,-874,-11.21
2026-09-09T14:27:45.066,1788944265.0662,2954,5638,72.28,-1029,-13.19
2026-09-09T14:27:45.081,1788944265.0820,2955,-7922,-101.56,-1140,-14.62
2026-09-09T14:27:45.092,1788944265.0923,2956,5132,65.79,-1269,-16.27
2026-09-09T14:27:45.097,1788944265.0979,2957,-7818,-100.23,-1369,-17.55
2026-09-09T14:27:45.113,1788944265.1140,2958,4611,59.12,-1474,-18.9
2026-09-09T14:27:45.129,1788944265.1298,2959,-7593,-97.35,-1548,-19.85
2026-09-09T14:27:45.129,1788944265.1298,2960,4046,51.87,-1633,-20.94
2026-09-09T14:27:45.129,1788944265.1298,2961,-7180,-92.05,-1671,-21.42
2026-09-09T14:27:45.145,1788944265.1456,2962,7306,93.67,-752,-9.64
2026-09-09T14:27:45.145,1788944265.1456,2963,-6626,-84.95,201,2.58
2026-09-09T14:27:45.161,1788944265.1616,2964,7377,94.58,357,4.58
2026-09-09T14:27:45.177,1788944265.1775,2965,-5957,-76.37,542,6.95
2026-09-09T14:27:45.177,1788944265.1775,2966,7287,93.42,687,8.81
2026-09-09T14:27:45.193,1788944265.1933,2967,-5238,-67.15,844,10.82
2026-09-09T14:27:45.209,1788944265.2094,2968,7108,91.13,979,12.55
2026-09-09T14:27:45.225,1788944265.2252,2969,-4515,-57.88,1115,14.29
2026-09-09T14:27:45.225,1788944265.2252,2970,6828,87.54,1226,15.72
2026-09-09T14:27:45.240,1788944265.2409,2971,-8021,-102.83,280,3.59
2026-09-09T14:27:45.240,1788944265.2409,2972,6428,82.41,-697,-8.94
2026-09-09T14:27:45.273,1788944265.2732,2973,-8215,-105.32,-845,-10.83
2026-09-09T14:27:45.273,1788944265.2732,2974,5956,76.36,-1012,-12.97
2026-09-09T14:27:45.288,1788944265.2890,2975,-8261,-105.91,-1141,-14.63
2026-09-09T14:27:45.292,1788944265.2927,2976,5450,69.87,-1279,-16.4
2026-09-09T14:27:45.292,1788944265.2927,2977,-8149,-104.47,-1378,-17.67
2026-09-09T14:27:45.304,1788944265.3047,2978,4892,62.72,-1489,-19.09
2026-09-09T14:27:45.320,1788944265.3208,2979,-7917,-101.5,-1571,-20.14
2026-09-09T14:27:45.320,1788944265.3208,2980,4315,55.32,-1657,-21.24
2026-09-09T14:27:45.337,1788944265.3370,2981,-7503,-96.19,-1698,-21.77
2026-09-09T14:27:45.337,1788944265.3370,2982,7584,97.23,-777,-9.96
2026-09-09T14:27:45.352,1788944265.3528,2983,-6938,-88.95,181,2.32
2026-09-09T14:27:45.384,1788944265.3845,2984,7659,98.19,341,4.37
2026-09-09T14:27:45.384,1788944265.3845,2985,-6237,-79.96,535,6.86
2026-09-09T14:27:45.392,1788944265.3928,2986,7588,97.28,693,8.88
2026-09-09T14:27:45.400,1788944265.4004,2987,-5494,-70.44,861,11.04
2026-09-09T14:27:45.400,1788944265.4004,2988,7396,94.82,999,12.81
2026-09-09T14:27:45.432,1788944265.4321,2989,-4736,-60.72,1140,14.62
2026-09-09T14:27:45.432,1788944265.4321,2990,7100,91.03,1256,16.1
2026-09-09T14:27:45.432,1788944265.4321,2991,-8155,-104.55,327,4.19
2026-09-09T14:27:45.447,1788944265.4477,2992,6715,86.09,-624,-8.0
2026-09-09T14:27:45.447,1788944265.4477,2993,-8362,-107.21,-772,-9.9
2026-09-09T14:27:45.463,1788944265.4639,2994,6227,79.83,-946,-12.13
2026-09-09T14:27:45.479,1788944265.4797,2995,-8413,-107.86,-1081,-13.86
2026-09-09T14:27:45.479,1788944265.4797,2996,5691,72.96,-1227,-15.73
2026-09-09T14:27:45.495,1788944265.4957,2997,-8318,-106.64,-1338,-17.15
2026-09-09T14:27:45.495,1788944265.4957,2998,5113,65.55,-1458,-18.69
2026-09-09T14:27:45.527,1788944265.5273,2999,-8086,-103.67,-1545,-19.81
2026-09-09T14:27:45.527,1788944265.5273,3000,4511,57.83,-1637,-20.99
2026-09-09T14:27:45.527,1788944265.5273,3001,-7689,-98.58,-1689,-21.65
2026-09-09T14:27:45.543,1788944265.5433,3002,7711,98.86,-789,-10.12
2026-09-09T14:27:45.575,1788944265.5753,3003,-7120,-91.28,153,1.96
2026-09-09T14:27:45.575,1788944265.5753,3004,7770,99.62,310,3.97
2026-09-09T14:27:45.575,1788944265.5753,3005,-6408,-82.15,503,6.45
2026-09-09T14:27:45.593,1788944265.5931,3006,7731,99.12,671,8.6
2026-09-09T14:27:45.593,1788944265.5931,3007,-5669,-72.68,846,10.85
2026-09-09T14:27:45.607,1788944265.6072,3008,7539,96.65,983,12.6
2026-09-09T14:27:45.607,1788944265.6072,3009,-4891,-62.71,1129,14.47
2026-09-09T14:27:45.622,1788944265.6229,3010,7262,93.1,1254,16.08
2026-09-09T14:27:45.639,1788944265.6390,3011,-8121,-104.12,378,4.85
2026-09-09T14:27:45.639,1788944265.6390,3012,6845,87.76,-534,-6.85
2026-09-09T14:27:45.655,1788944265.6552,3013,-8358,-107.15,-698,-8.95
2026-09-09T14:27:45.686,1788944265.6867,3014,6392,81.95,-870,-11.15
2026-09-09T14:27:45.686,1788944265.6867,3015,-8445,-108.27,-1005,-12.88
2026-09-09T14:27:45.693,1788944265.6932,3016,5836,74.82,-1166,-14.95
2026-09-09T14:27:45.702,1788944265.7028,3017,-8387,-107.53,-1290,-16.54
2026-09-09T14:27:45.702,1788944265.7028,3018,5264,67.49,-1419,-18.19
2026-09-09T14:27:45.734,1788944265.7345,3019,-8155,-104.55,-1504,-19.28
2026-09-09T14:27:45.734,1788944265.7345,3020,4662,59.77,-1596,-20.46
2026-09-09T14:27:45.734,1788944265.7345,3021,-7779,-99.73,-1653,-21.19
2026-09-09T14:27:45.750,1788944265.7505,3022,7770,99.62,-782,-10.03
2026-09-09T14:27:45.750,1788944265.7505,3023,-7211,-92.45,137,1.76
2026-09-09T14:27:45.766,1788944265.7662,3024,7848,100.62,299,3.83
2026-09-09T14:27:45.782,1788944265.7823,3025,-6503,-83.37,495,6.35
2026-09-09T14:27:45.793,1788944265.7936,3026,7825,100.32,666,8.54
2026-09-09T14:27:45.798,1788944265.7982,3027,-5744,-73.64,850,10.9
2026-09-09T14:27:45.798,1788944265.7982,3028,7688,98.56,1006,12.9
2026-09-09T14:27:45.814,1788944265.8142,3029,-4947,-63.42,1171,15.01
2026-09-09T14:27:45.830,1788944265.8300,3030,7402,94.9,1299,16.65
2026-09-09T14:27:45.830,1788944265.8300,3031,-8047,-103.17,452,5.79
2026-09-09T14:27:45.845,1788944265.8459,3032,7035,90.19,-415,-5.32
2026-09-09T14:27:45.861,1788944265.8620,3033,-8293,-106.32,-568,-7.28
2026-09-09T14:27:45.877,1788944265.8778,3034,6576,84.31,-744,-9.54
2026-09-09T14:27:45.877,1788944265.8778,3035,-8374,-107.36,-879,-11.27
2026-09-09T14:27:45.877,1788944265.8778,3036,6058,77.67,-1029,-13.19
2026-09-09T14:27:45.893,1788944265.8939,3037,-8290,-106.28,-1137,-14.58
2026-09-09T14:27:45.909,1788944265.9099,3038,5496,70.46,-1257,-16.12
2026-09-09T14:27:45.909,1788944265.9099,3039,-8050,-103.21,-1337,-17.14
2026-09-09T14:27:45.926,1788944265.9260,3040,4938,63.31,-1417,-18.17
2026-09-09T14:27:45.941,1788944265.9420,3041,-7678,-98.44,-1463,-18.76
2026-09-09T14:27:45.941,1788944265.9420,3042,7956,102.0,-616,-7.9
2026-09-09T14:27:45.957,1788944265.9578,3043,-7165,-91.86,267,3.42
2026-09-09T14:27:45.957,1788944265.9578,3044,8034,103.0,415,5.32
2026-09-09T14:27:45.973,1788944265.9738,3045,-6503,-83.37,600,7.69
2026-09-09T14:27:45.989,1788944265.9896,3046,7973,102.22,750,9.62
2026-09-09T14:27:45.995,1788944265.9951,3047,-5751,-73.73,923,11.83
2026-09-09T14:27:46.005,1788944266.0059,3048,7794,99.92,1066,13.67
2026-09-09T14:27:46.037,1788944266.0375,3049,-5003,-64.14,1208,15.49
2026-09-09T14:27:46.037,1788944266.0375,3050,7483,95.94,1317,16.88
2026-09-09T14:27:46.037,1788944266.0375,3051,-7959,-102.04,501,6.42
2026-09-09T14:27:46.037,1788944266.0375,3052,7056,90.46,-345,-4.42
2026-09-09T14:27:46.053,1788944266.0535,3053,-8233,-105.55,-520,-6.67
2026-09-09T14:27:46.069,1788944266.0693,3054,6530,83.72,-720,-9.23
2026-09-09T14:27:46.069,1788944266.0693,3055,-8377,-107.4,-888,-11.38
2026-09-09T14:27:46.085,1788944266.0853,3056,5937,76.12,-1072,-13.74
2026-09-09T14:27:46.101,1788944266.1013,3057,-8339,-106.91,-1211,-15.53
2026-09-09T14:27:46.101,1788944266.1013,3058,5314,68.13,-1357,-17.4
2026-09-09T14:27:46.117,1788944266.1175,3059,-8143,-104.4,-1464,-18.77
2026-09-09T14:27:46.141,1788944266.1417,3060,4680,60.0,-1573,-20.17
2026-09-09T14:27:46.149,1788944266.1493,3061,-7790,-99.87,-1644,-21.08
2026-09-09T14:27:46.149,1788944266.1493,3062,7477,95.86,-856,-10.97
2026-09-09T14:27:46.149,1788944266.1493,3063,-7309,-93.71,-37,-0.47
2026-09-09T14:27:46.165,1788944266.1652,3064,7572,97.08,107,1.37
2026-09-09T14:27:46.195,1788944266.1954,3065,-6675,-85.58,290,3.72
2026-09-09T14:27:46.197,1788944266.1972,3066,7547,96.76,442,5.67
2026-09-09T14:27:46.197,1788944266.1972,3067,-5899,-75.63,630,8.08
2026-09-09T14:27:46.197,1788944266.1972,3068,7397,94.83,786,10.08
2026-09-09T14:27:46.212,1788944266.2129,3069,-5195,-66.6,925,11.86
2026-09-09T14:27:46.228,1788944266.2287,3070,7102,91.05,1027,13.17
2026-09-09T14:27:46.228,1788944266.2287,3071,-7802,-100.03,301,3.86
2026-09-09T14:27:46.244,1788944266.2445,3072,6794,87.1,-427,-5.47
2026-09-09T14:27:46.260,1788944266.2605,3073,-8117,-104.06,-583,-7.47
2026-09-09T14:27:46.260,1788944266.2605,3074,6327,81.12,-779,-9.99
2026-09-09T14:27:46.276,1788944266.2766,3075,-8231,-105.53,-924,-11.85
2026-09-09T14:27:46.295,1788944266.2956,3076,5756,73.79,-1095,-14.04
2026-09-09T14:27:46.308,1788944266.3082,3077,-8232,-105.54,-1238,-15.87
2026-09-09T14:27:46.308,1788944266.3082,3078,5235,67.12,-1369,-17.55
2026-09-09T14:27:46.323,1788944266.3240,3079,-8087,-103.68,-1463,-18.76
2026-09-09T14:27:46.339,1788944266.3400,3080,4634,59.41,-1577,-20.22
2026-09-09T14:27:46.355,1788944266.3558,3081,-7797,-99.96,-1654,-21.21
2026-09-09T14:27:46.355,1788944266.3558,3082,7211,92.45,-938,-12.03
2026-09-09T14:27:46.355,1788944266.3558,3083,-7334,-94.03,-178,-2.28
2026-09-09T14:27:46.355,1788944266.3558,3084,7377,94.58,-20,-0.26
2026-09-09T14:27:46.371,1788944266.3715,3085,-6695,-85.83,181,2.32
2026-09-09T14:27:46.387,1788944266.3872,3086,7401,94.88,347,4.45
2026-09-09T14:27:46.395,1788944266.3956,3087,-5970,-76.54,534,6.85
2026-09-09T14:27:46.403,1788944266.4032,3088,7255,93.01,679,8.71
2026-09-09T14:27:46.419,1788944266.4193,3089,-5178,-66.38,840,10.77
2026-09-09T14:27:46.419,1788944266.4193,3090,7016,89.95,978,12.54
2026-09-09T14:27:46.435,1788944266.4355,3091,-7432,-95.28,355,4.55
2026-09-09T14:27:46.451,1788944266.4513,3092,6660,85.38,-297,-3.81
2026-09-09T14:27:46.451,1788944266.4513,3093,-7700,-98.72,-453,-5.81
2026-09-09T14:27:46.467,1788944266.4672,3094,6172,79.13,-642,-8.23
2026-09-09T14:27:46.483,1788944266.4830,3095,-7786,-99.82,-786,-10.08
2026-09-09T14:27:46.498,1788944266.4989,3096,5621,72.06,-945,-12.12
2026-09-09T14:27:46.498,1788944266.4989,3097,-7760,-99.49,-1076,-13.79
2026-09-09T14:27:46.514,1788944266.5149,3098,5068,64.97,-1208,-15.49
2026-09-09T14:27:46.514,1788944266.5149,3099,-7612,-97.59,-1309,-16.78
2026-09-09T14:27:46.531,1788944266.5311,3100,4495,57.63,-1416,-18.15
2026-09-09T14:27:46.531,1788944266.5311,3101,-7218,-92.54,-1460,-18.72
2026-09-09T14:27:46.546,1788944266.5468,3102,6696,85.85,-812,-10.41
2026-09-09T14:27:46.565,1788944266.5650,3103,-6649,-85.24,-119,-1.53
2026-09-09T14:27:46.565,1788944266.5650,3104,6799,87.17,49,0.63
2026-09-09T14:27:46.579,1788944266.5791,3105,-6153,-78.88,199,2.55
2026-09-09T14:27:46.579,1788944266.5791,3106,8352,107.08,711,9.12
2026-09-09T14:27:46.596,1788944266.5960,3107,-6182,-79.26,1092,14.0
2026-09-09T14:27:46.610,1788944266.6108,3108,11554,148.13,1885,24.17
2026-09-09T14:27:46.610,1788944266.6108,3109,-5522,-70.79,2851,36.55
2026-09-09T14:27:46.626,1788944266.6268,3110,13869,177.81,3594,46.08
2026-09-09T14:27:46.626,1788944266.6268,3111,-8562,-109.77,3413,43.76
2026-09-09T14:27:46.658,1788944266.6585,3112,14928,191.38,2918,37.41
2026-09-09T14:27:46.658,1788944266.6585,3113,-7605,-97.5,3422,43.87
2026-09-09T14:27:46.674,1788944266.6746,3114,17502,224.38,4305,55.19
2026-09-09T14:27:46.674,1788944266.6746,3115,-6351,-81.42,5262,67.46
2026-09-09T14:27:46.690,1788944266.6906,3116,17727,227.27,5631,72.19
2026-09-09T14:27:46.704,1788944266.7043,3117,-6852,-87.85,5562,71.31
2026-09-09T14:27:46.708,1788944266.7084,3118,17262,221.31,5321,68.22
2026-09-09T14:27:46.725,1788944266.7252,3119,-8528,-109.33,4786,61.36
2026-09-09T14:27:46.725,1788944266.7252,3120,18430,236.28,4659,59.73
2026-09-09T14:27:46.738,1788944266.7382,3121,-10256,-131.49,4519,57.94
2026-09-09T14:27:46.738,1788944266.7382,3122,18561,237.96,4119,52.81
2026-09-09T14:27:46.769,1788944266.7695,3123,-11836,-151.74,3757,48.17
2026-09-09T14:27:46.769,1788944266.7695,3124,17296,221.74,3046,39.05
2026-09-09T14:27:46.785,1788944266.7854,3125,-12464,-159.79,2573,32.99
2026-09-09T14:27:46.785,1788944266.7854,3126,16178,207.41,2136,27.38
2026-09-09T14:27:46.801,1788944266.8012,3127,-11926,-152.9,1991,25.53
2026-09-09T14:27:46.817,1788944266.8172,3128,16268,208.56,2148,27.54
2026-09-09T14:27:46.817,1788944266.8172,3129,-10319,-132.29,2572,32.97
2026-09-09T14:27:46.817,1788944266.8172,3130,16121,206.68,2937,37.65
2026-09-09T14:27:46.833,1788944266.8330,3131,-5850,-75.0,4018,51.51
2026-09-09T14:27:46.848,1788944266.8489,3132,13367,171.37,4447,57.01
2026-09-09T14:27:46.864,1788944266.8649,3133,-6952,-89.13,3483,44.65
2026-09-09T14:27:46.864,1788944266.8649,3134,10466,134.18,2482,31.82
2026-09-09T14:27:46.880,1788944266.8810,3135,-8103,-103.88,1469,18.83
2026-09-09T14:27:46.880,1788944266.8810,3136,9015,115.58,818,10.49
2026-09-09T14:27:46.896,1788944266.8968,3137,-8703,-111.58,306,3.92
2026-09-09T14:27:46.912,1788944266.9130,3138,6939,88.96,-363,-4.65
2026-09-09T14:27:46.928,1788944266.9290,3139,-9143,-117.22,-992,-12.72
2026-09-09T14:27:46.928,1788944266.9290,3140,7899,101.27,-862,-11.05
2026-09-09T14:27:46.928,1788944266.9290,3141,-9259,-118.71,-651,-8.35
2026-09-09T14:27:46.944,1788944266.9450,3142,7519,96.4,-775,-9.94
2026-09-09T14:27:46.960,1788944266.9609,3143,-8964,-114.92,-797,-10.22
2026-09-09T14:27:46.977,1788944266.9770,3144,7354,94.28,-764,-9.79
2026-09-09T14:27:46.977,1788944266.9770,3145,-8200,-105.13,-614,-7.87
2026-09-09T14:27:46.977,1788944266.9770,3146,7196,92.26,-463,-5.94
2026-09-09T14:27:46.998,1788944266.9982,3147,-7312,-93.74,-280,-3.59
2026-09-09T14:27:47.009,1788944267.0096,3148,6985,89.55,-111,-1.42
2026-09-09T14:27:47.021,1788944267.0216,3149,-6380,-81.79,69,0.88
2026-09-09T14:27:47.024,1788944267.0247,3150,6781,86.94,251,3.22
2026-09-09T14:27:47.040,1788944267.0404,3151,-7753,-99.4,-143,-1.83
2026-09-09T14:27:47.040,1788944267.0404,3152,6470,82.95,-564,-7.23
2026-09-09T14:27:47.056,1788944267.0562,3153,-8040,-103.08,-714,-9.15
2026-09-09T14:27:47.072,1788944267.0721,3154,5825,74.68,-947,-12.14
2026-09-09T14:27:47.072,1788944267.0721,3155,-8148,-104.46,-1135,-14.55
2026-09-09T14:27:47.088,1788944267.0882,3156,5163,66.19,-1327,-17.01
2026-09-09T14:27:47.098,1788944267.0983,3157,-8090,-103.72,-1478,-18.95
2026-09-09T14:27:47.103,1788944267.1038,3158,4336,55.59,-1671,-21.42
2026-09-09T14:27:47.126,1788944267.1267,3159,-7866,-100.85,-1821,-23.35
2026-09-09T14:27:47.126,1788944267.1267,3160,5264,67.49,-1533,-19.65
2026-09-09T14:27:47.137,1788944267.1371,3161,-7524,-96.46,-1216,-15.59
2026-09-09T14:27:47.151,1788944267.1517,3162,5342,68.49,-1111,-14.24
2026-09-09T14:27:47.151,1788944267.1517,3163,-6944,-89.03,-946,-12.13
2026-09-09T14:27:47.167,1788944267.1679,3164,5386,69.05,-790,-10.13
2026-09-09T14:27:47.183,1788944267.1836,3165,-6243,-80.04,-604,-7.74
2026-09-09T14:27:47.183,1788944267.1836,3166,7142,91.56,10,0.13
2026-09-09T14:27:47.199,1788944267.1996,3167,-5878,-75.36,540,6.92
2026-09-09T14:27:47.199,1788944267.1996,3168,6879,88.19,566,7.26
2026-09-09T14:27:47.217,1788944267.2176,3169,-5093,-65.29,696,8.92
2026-09-09T14:27:47.231,1788944267.2316,3170,6453,82.73,786,10.08
2026-09-09T14:27:47.231,1788944267.2316,3171,-6293,-80.68,380,4.87
2026-09-09T14:27:47.247,1788944267.2477,3172,6201,79.5,17,0.22
2026-09-09T14:27:47.263,1788944267.2637,3173,-6550,-83.97,-111,-1.42
2026-09-09T14:27:47.279,1788944267.2796,3174,5842,74.9,-265,-3.4
2026-09-09T14:27:47.279,1788944267.2796,3175,-6630,-85.0,-374,-4.79
2026-09-09T14:27:47.279,1788944267.2796,3176,5495,70.45,-481,-6.17
2026-09-09T14:27:47.298,1788944267.2985,3177,-6802,-87.21,-611,-7.83
2026-09-09T14:27:47.311,1788944267.3115,3178,5114,65.56,-749,-9.6
2026-09-09T14:27:47.311,1788944267.3115,3179,-6664,-85.44,-810,-10.38
2026-09-09T14:27:47.327,1788944267.3275,3180,6078,77.92,-534,-6.85
2026-09-09T14:27:47.327,1788944267.3275,3181,-6407,-82.14,-229,-2.94
2026-09-09T14:27:47.343,1788944267.3435,3182,6464,82.87,-68,-0.87
2026-09-09T14:27:47.359,1788944267.3594,3183,-6113,-78.37,102,1.31
2026-09-09T14:27:47.375,1788944267.3751,3184,6698,85.87,234,3.0
2026-09-09T14:27:47.375,1788944267.3751,3185,-5709,-73.19,393,5.04
2026-09-09T14:27:47.390,1788944267.3908,3186,6721,86.17,500,6.41
2026-09-09T14:27:47.398,1788944267.3988,3187,-5243,-67.22,622,7.97
2026-09-09T14:27:47.406,1788944267.4069,3188,6611,84.76,711,9.12
2026-09-09T14:27:47.436,1788944267.4366,3189,-4743,-60.81,809,10.37
2026-09-09T14:27:47.442,1788944267.4429,3190,6414,82.23,884,11.33
2026-09-09T14:27:47.443,1788944267.4439,3191,-5524,-70.82,640,8.21
2026-09-09T14:27:47.443,1788944267.4439,3192,4608,59.08,-7,-0.09
2026-09-09T14:27:47.465,1788944267.4659,3193,-5614,-71.97,-481,-6.17
2026-09-09T14:27:47.470,1788944267.4703,3194,4242,54.38,-595,-7.63
2026-09-09T14:27:47.475,1788944267.4754,3195,-5805,-74.42,-734,-9.41
2026-09-09T14:27:47.491,1788944267.4914,3196,3747,48.04,-906,-11.62
2026-09-09T14:27:47.498,1788944267.4989,3197,-5621,-72.06,-983,-12.6
2026-09-09T14:27:47.507,1788944267.5075,3198,3466,44.44,-1008,-12.92
2026-09-09T14:27:47.507,1788944267.5075,3199,-5779,-74.09,-1117,-14.32
2026-09-09T14:27:47.539,1788944267.5398,3200,4658,59.72,-859,-11.01
2026-09-09T14:27:47.539,1788944267.5398,3201,-5547,-71.12,-503,-6.45
2026-09-09T14:27:47.539,1788944267.5398,3202,5000,64.1,-359,-4.6
2026-09-09T14:27:47.559,1788944267.5593,3203,-5317,-68.17,-216,-2.77
2026-09-09T14:27:47.572,1788944267.5720,3204,5110,65.51,-131,-1.68
2026-09-09T14:27:47.587,1788944267.5873,3205,-5070,-65.0,-42,-0.54
2026-09-09T14:27:47.587,1788944267.5873,3206,4903,62.86,-32,-0.41
2026-09-09T14:27:47.599,1788944267.5991,3207,-4858,-62.28,-31,-0.4
2026-09-09T14:27:47.603,1788944267.6032,3208,3791,48.6,-256,-3.28
2026-09-09T14:27:47.619,1788944267.6193,3209,-4562,-58.49,-460,-5.9
2026-09-09T14:27:47.635,1788944267.6350,3210,3165,40.58,-542,-6.95
2026-09-09T14:27:47.635,1788944267.6350,3211,-4567,-58.55,-700,-8.97
2026-09-09T14:27:47.651,1788944267.6510,3212,2872,36.82,-775,-9.94
2026-09-09T14:27:47.651,1788944267.6510,3213,-4694,-60.18,-880,-11.28
2026-09-09T14:27:47.667,1788944267.6672,3214,2788,35.74,-932,-11.95
2026-09-09T14:27:47.683,1788944267.6833,3215,-4912,-62.97,-1008,-12.92
2026-09-09T14:27:47.683,1788944267.6833,3216,2432,31.18,-1151,-14.76
2026-09-09T14:27:47.699,1788944267.6991,3217,-5876,-75.33,-1481,-18.99
2026-09-09T14:27:47.714,1788944267.7149,3218,2658,34.08,-1666,-21.36
2026-09-09T14:27:47.721,1788944267.7216,3219,-5734,-73.51,-1574,-20.18
2026-09-09T14:27:47.746,1788944267.7468,3220,3968,50.87,-1211,-15.53
2026-09-09T14:27:47.746,1788944267.7468,3221,-5455,-69.94,-814,-10.44
2026-09-09T14:27:47.746,1788944267.7468,3222,4412,56.56,-633,-8.12
2026-09-09T14:27:47.746,1788944267.7468,3223,-5304,-68.0,-484,-6.21
2026-09-09T14:27:47.762,1788944267.7627,3224,4552,58.36,-411,-5.27
2026-09-09T14:27:47.778,1788944267.7786,3225,-4901,-62.83,-276,-3.54
2026-09-09T14:27:47.794,1788944267.7946,3226,4512,57.85,-185,-2.37
2026-09-09T14:27:47.800,1788944267.8002,3227,-4133,-52.99,-3,-0.04
2026-09-09T14:27:47.810,1788944267.8103,3228,2832,36.31,-231,-2.96
2026-09-09T14:27:47.810,1788944267.8103,3229,-2974,-38.13,-361,-4.63
2026-09-09T14:27:47.826,1788944267.8264,3230,1966,25.21,-288,-3.69
2026-09-09T14:27:47.842,1788944267.8421,3231,-2549,-32.68,-398,-5.1
2026-09-09T14:27:47.842,1788944267.8421,3232,729,9.35,-601,-7.71
2026-09-09T14:27:47.857,1788944267.8579,3233,-2327,-29.83,-855,-10.96
2026-09-09T14:27:47.873,1788944267.8736,3234,1365,17.5,-640,-8.21
2026-09-09T14:27:47.873,1788944267.8736,3235,-2547,-32.65,-536,-6.87
2026-09-09T14:27:47.900,1788944267.9006,3236,1388,17.79,-586,-7.51
2026-09-09T14:27:47.905,1788944267.9052,3237,-2523,-32.35,-574,-7.36
2026-09-09T14:27:47.905,1788944267.9052,3238,682,8.74,-744,-9.54
2026-09-09T14:27:47.921,1788944267.9210,3239,-2330,-29.87,-873,-11.19
2026-09-09T14:27:47.921,1788944267.9210,3240,1323,16.96,-664,-8.51
2026-09-09T14:27:47.937,1788944267.9371,3241,-2517,-32.27,-551,-7.06
2026-09-09T14:27:47.937,1788944267.9371,3242,1663,21.32,-512,-6.56
2026-09-09T14:27:47.952,1788944267.9530,3243,-2552,-32.72,-436,-5.59
2026-09-09T14:27:47.968,1788944267.9688,3244,1768,22.67,-419,-5.37
2026-09-09T14:27:47.968,1788944267.9688,3245,-2457,-31.5,-369,-4.73
2026-09-09T14:27:48.000,1788944268.0010,3246,2021,25.91,-282,-3.62
2026-09-09T14:27:48.000,1788944268.0010,3247,-2272,-29.13,-172,-2.21
2026-09-09T14:27:48.000,1788944268.0010,3248,2249,28.83,-69,-0.88
2026-09-09T14:27:48.016,1788944268.0168,3249,-2188,-28.05,9,0.12
2026-09-09T14:27:48.032,1788944268.0326,3250,2435,31.22,77,0.99
2026-09-09T14:27:48.032,1788944268.0326,3251,-2879,-36.91,-50,-0.64
2026-09-09T14:27:48.048,1788944268.0488,3252,2570,32.95,-189,-2.42
2026-09-09T14:27:48.048,1788944268.0488,3253,-3536,-45.33,-319,-4.09
2026-09-09T14:27:48.064,1788944268.0645,3254,3376,43.28,-282,-3.62
2026-09-09T14:27:48.080,1788944268.0805,3255,-4357,-55.86,-286,-3.67
2026-09-09T14:27:48.080,1788944268.0805,3256,3287,42.14,-513,-6.58
2026-09-09T14:27:48.096,1788944268.0961,3257,-5259,-67.42,-761,-9.76
2026-09-09T14:27:48.112,1788944268.1121,3258,2580,33.08,-1163,-14.91
2026-09-09T14:27:48.112,1788944268.1121,3259,-6027,-77.27,-1532,-19.64
2026-09-09T14:27:48.128,1788944268.1282,3260,3031,38.86,-1611,-20.65
2026-09-09T14:27:48.144,1788944268.1444,3261,-6856,-87.9,-1706,-21.87
2026-09-09T14:27:48.144,1788944268.1444,3262,2906,37.26,-1944,-24.92
2026-09-09T14:27:48.160,1788944268.1604,3263,-7229,-92.68,-2069,-26.53
2026-09-09T14:27:48.176,1788944268.1761,3264,3082,39.51,-2118,-27.15
2026-09-09T14:27:48.176,1788944268.1761,3265,-6816,-87.38,-1971,-25.27
2026-09-09T14:27:48.202,1788944268.2021,3266,3374,43.26,-1794,-23.0
2026-09-09T14:27:48.207,1788944268.2077,3267,-6481,-83.09,-1638,-21.0
2026-09-09T14:27:48.207,1788944268.2077,3268,3207,41.12,-1596,-20.46
2026-09-09T14:27:48.207,1788944268.2077,3269,-5943,-76.19,-1503,-19.27
2026-09-09T14:27:48.224,1788944268.2240,3270,3735,47.88,-1236,-15.85
2026-09-09T14:27:48.239,1788944268.2397,3271,-6249,-80.12,-1181,-15.14
2026-09-09T14:27:48.239,1788944268.2397,3272,3805,48.78,-1240,-15.9
2026-09-09T14:27:48.255,1788944268.2554,3273,-6530,-83.72,-1293,-16.58
2026-09-09T14:27:48.271,1788944268.2714,3274,3617,46.37,-1410,-18.08
2026-09-09T14:27:48.271,1788944268.2714,3275,-6652,-85.28,-1487,-19.06
2026-09-09T14:27:48.287,1788944268.2876,3276,3400,43.59,-1572,-20.15
2026-09-09T14:27:48.303,1788944268.3035,3277,-6687,-85.73,-1635,-20.96
2026-09-09T14:27:48.303,1788944268.3035,3278,3011,38.6,-1741,-22.32
2026-09-09T14:27:48.319,1788944268.3197,3279,-6809,-87.29,-1869,-23.96
2026-09-09T14:27:48.319,1788944268.3197,3280,3804,48.77,-1701,-21.81
2026-09-09T14:27:48.335,1788944268.3357,3281,-7041,-90.27,-1561,-20.01
2026-09-09T14:27:48.351,1788944268.3517,3282,3681,47.19,-1650,-21.15
2026-09-09T14:27:48.351,1788944268.3517,3283,-7507,-96.24,-1797,-23.04
2026-09-09T14:27:48.367,1788944268.3675,3284,3609,46.27,-1931,-24.76
2026-09-09T14:27:48.367,1788944268.3675,3285,-7093,-90.94,-1846,-23.67
2026-09-09T14:27:48.383,1788944268.3832,3286,3835,49.17,-1686,-21.62
2026-09-09T14:27:48.402,1788944268.4027,3287,-6496,-83.28,-1480,-18.97
2026-09-09T14:27:48.419,1788944268.4192,3288,4058,52.03,-1275,-16.35
2026-09-09T14:27:48.423,1788944268.4236,3289,-5312,-68.1,-923,-11.83
2026-09-09T14:27:48.431,1788944268.4312,3290,4545,58.27,-506,-6.49
2026-09-09T14:27:48.431,1788944268.4312,3291,-6088,-78.05,-578,-7.41
2026-09-09T14:27:48.463,1788944268.4633,3292,3901,50.01,-933,-11.96
2026-09-09T14:27:48.463,1788944268.4633,3293,-6906,-88.54,-1298,-16.64
2026-09-09T14:27:48.463,1788944268.4633,3294,2976,38.15,-1734,-22.23
2026-09-09T14:27:48.479,1788944268.4793,3295,-7547,-96.76,-2126,-27.26
2026-09-09T14:27:48.479,1788944268.4793,3296,2528,32.41,-2398,-30.74
2026-09-09T14:27:48.511,1788944268.5114,3297,-7768,-99.59,-2565,-32.88
2026-09-09T14:27:48.511,1788944268.5114,3298,1740,22.31,-2817,-36.12
2026-09-09T14:27:48.511,1788944268.5114,3299,-8246,-105.72,-3134,-40.18
2026-09-09T14:27:48.527,1788944268.5272,3300,2054,26.33,-3175,-40.71
2026-09-09T14:27:48.527,1788944268.5272,3301,-8939,-114.6,-3270,-41.92
2026-09-09T14:27:48.543,1788944268.5430,3302,1706,21.87,-3530,-45.26
2026-09-09T14:27:48.561,1788944268.5615,3303,-9586,-122.9,-3779,-48.45
2026-09-09T14:27:48.561,1788944268.5615,3304,1155,14.81,-4078,-52.28
2026-09-09T14:27:48.574,1788944268.5746,3305,-9909,-127.04,-4297,-55.09
2026-09-09T14:27:48.590,1788944268.5903,3306,725,9.29,-4485,-57.5
2026-09-09T14:27:48.606,1788944268.6064,3307,-9267,-118.81,-4432,-56.82
2026-09-09T14:27:48.606,1788944268.6064,3308,1057,13.55,-4188,-53.69
2026-09-09T14:27:48.622,1788944268.6221,3309,-8566,-109.82,-3930,-50.38
2026-09-09T14:27:48.622,1788944268.6221,3310,777,9.96,-3825,-49.04
2026-09-09T14:27:48.637,1788944268.6379,3311,-9172,-117.59,-4046,-51.87
2026-09-09T14:27:48.654,1788944268.6542,3312,778,9.97,-4198,-53.82
2026-09-09T14:27:48.670,1788944268.6703,3313,-8942,-114.64,-4140,-53.08
2026-09-09T14:27:48.670,1788944268.6703,3314,1356,17.38,-3938,-50.49
2026-09-09T14:27:48.670,1788944268.6703,3315,-8221,-105.4,-3613,-46.32
2026-09-09T14:27:48.686,1788944268.6863,3316,1859,23.83,-3307,-42.4
2026-09-09T14:27:48.703,1788944268.7038,3317,-7434,-95.31,-2985,-38.27
2026-09-09T14:27:48.703,1788944268.7038,3318,2175,27.88,-2709,-34.73
2026-09-09T14:27:48.721,1788944268.7219,3319,-6604,-84.67,-2422,-31.05
2026-09-09T14:27:48.721,1788944268.7219,3320,3336,42.77,-1925,-24.68
2026-09-09T14:27:48.737,1788944268.7377,3321,-5893,-75.55,-1457,-18.68
2026-09-09T14:27:48.750,1788944268.7502,3322,4077,52.27,-1094,-14.03
2026-09-09T14:27:48.766,1788944268.7661,3323,-5202,-66.69,-736,-9.44
2026-09-09T14:27:48.766,1788944268.7661,3324,4522,57.97,-452,-5.79
2026-09-09T14:27:48.781,1788944268.7819,3325,-4636,-59.44,-199,-2.55
2026-09-09T14:27:48.781,1788944268.7819,3326,4607,59.06,-36,-0.46
2026-09-09T14:27:48.803,1788944268.8037,3327,-4148,-53.18,107,1.37
2026-09-09T14:27:48.814,1788944268.8141,3328,4591,58.86,225,2.88
2026-09-09T14:27:48.814,1788944268.8141,3329,-3851,-49.37,295,3.78
2026-09-09T14:27:48.829,1788944268.8299,3330,4441,56.94,332,4.26
2026-09-09T14:27:48.829,1788944268.8299,3331,-4390,-56.28,160,2.05
2026-09-09T14:27:48.851,1788944268.8519,3332,3921,50.27,-105,-1.35
2026-09-09T14:27:48.861,1788944268.8617,3333,-5125,-65.71,-419,-5.37
2026-09-09T14:27:48.861,1788944268.8617,3334,3583,45.94,-687,-8.81
2026-09-09T14:27:48.877,1788944268.8775,3335,-5333,-68.37,-823,-10.55
2026-09-09T14:27:48.877,1788944268.8775,3336,3594,46.08,-873,-11.19
2026-09-09T14:27:48.909,1788944268.9094,3337,-5001,-64.12,-787,-10.09
2026-09-09T14:27:48.909,1788944268.9094,3338,3776,48.41,-658,-8.44
2026-09-09T14:27:48.909,1788944268.9094,3339,-4214,-54.03,-416,-5.33
2026-09-09T14:27:48.925,1788944268.9254,3340,4753,60.94,25,0.32
2026-09-09T14:27:48.941,1788944268.9415,3341,-3791,-48.6,375,4.81
2026-09-09T14:27:48.957,1788944268.9573,3342,4905,62.88,519,6.65
2026-09-09T14:27:48.957,1788944268.9573,3343,-3941,-50.53,519,6.65
2026-09-09T14:27:48.973,1788944268.9730,3344,5018,64.33,510,6.54
2026-09-09T14:27:48.973,1788944268.9730,3345,-2760,-35.38,833,10.68
2026-09-09T14:27:48.988,1788944268.9890,3346,6005,76.99,1375,17.63
2026-09-09T14:27:48.988,1788944268.9890,3347,-2110,-27.05,1785,22.88
2026-09-09T14:27:49.004,1788944269.0041,3348,5819,74.6,1901,24.37
2026-09-09T14:27:49.020,1788944269.0201,3349,-1890,-24.23,1909,24.47
2026-09-09T14:27:49.020,1788944269.0201,3350,5988,76.77,2006,25.72
2026-09-09T14:27:49.036,1788944269.0363,3351,-2275,-29.17,1952,25.03
2026-09-09T14:27:49.052,1788944269.0523,3352,6275,80.45,1928,24.72
2026-09-09T14:27:49.068,1788944269.0684,3353,-3129,-40.12,1786,22.9
2026-09-09T14:27:49.068,1788944269.0684,3354,4276,54.82,1073,13.76
2026-09-09T14:27:49.068,1788944269.0684,3355,-7128,-91.38,-427,-5.47
2026-09-09T14:27:49.084,1788944269.0842,3356,1563,20.04,-2105,-26.99
2026-09-09T14:27:49.105,1788944269.1056,3357,-11908,-152.67,-3978,-51.0
2026-09-09T14:27:49.116,1788944269.1161,3358,-3369,-43.19,-6406,-82.13
2026-09-09T14:27:49.116,1788944269.1161,3359,-17711,-227.06,-9090,-116.54
2026-09-09T14:27:49.132,1788944269.1322,3360,-8029,-102.94,-11705,-150.06
2026-09-09T14:27:49.132,1788944269.1322,3361,-23150,-296.79,-14230,-182.44
2026-09-09T14:27:49.147,1788944269.1479,3362,-11634,-149.15,-16491,-211.42
2026-09-09T14:27:49.147,1788944269.1479,3363,-25594,-328.13,-18003,-230.81
2026-09-09T14:27:49.163,1788944269.1636,3364,-13686,-175.46,-19127,-245.22
2026-09-09T14:27:49.179,1788944269.1795,3365,-27466,-352.13,-20108,-257.79
2026-09-09T14:27:49.179,1788944269.1795,3366,-18538,-237.67,-21789,-279.35
2026-09-09T14:27:49.211,1788944269.2114,3367,-29460,-377.69,-23501,-301.29
2026-09-09T14:27:49.211,1788944269.2114,3368,-21756,-278.92,-24804,-318.0
2026-09-09T14:27:49.211,1788944269.2114,3369,-29672,-380.41,-25661,-328.99
2026-09-09T14:27:49.227,1788944269.2275,3370,-26533,-340.17,-26909,-344.99
2026-09-09T14:27:49.243,1788944269.2434,3371,-29223,-374.65,-27991,-358.86
2026-09-09T14:27:49.243,1788944269.2434,3372,-24922,-319.51,-27476,-352.26
2026-09-09T14:27:49.259,1788944269.2594,3373,-28673,-367.6,-26935,-345.32
2026-09-09T14:27:49.259,1788944269.2594,3374,-16875,-216.35,-24786,-317.77
2026-09-09T14:27:49.275,1788944269.2755,3375,-25827,-331.12,-22063,-282.86
2026-09-09T14:27:49.291,1788944269.2915,3376,-11990,-153.72,-20130,-258.08
2026-09-09T14:27:49.291,1788944269.2915,3377,-20786,-266.49,-17649,-226.27
2026-09-09T14:27:49.307,1788944269.3076,3378,-8321,-106.68,-15471,-198.35
2026-09-09T14:27:49.307,1788944269.3076,3379,-17653,-226.32,-13771,-176.55
2026-09-09T14:27:49.323,1788944269.3237,3380,-3721,-47.71,-11837,-151.76
2026-09-09T14:27:49.339,1788944269.3400,3381,-15727,-201.63,-10206,-130.85
2026-09-09T14:27:49.355,1788944269.3556,3382,354,4.54,-8706,-111.62
2026-09-09T14:27:49.355,1788944269.3556,3383,-12249,-157.04,-6817,-87.4
2026-09-09T14:27:49.371,1788944269.3717,3384,4118,52.79,-5007,-64.19
2026-09-09T14:27:49.371,1788944269.3717,3385,-9014,-115.56,-3257,-41.76
2026-09-09T14:27:49.387,1788944269.3878,3386,5451,69.88,-2115,-27.12
2026-09-09T14:27:49.403,1788944269.4039,3387,-6615,-84.81,-1182,-15.15
2026-09-09T14:27:49.406,1788944269.4064,3388,6644,85.18,-284,-3.64
2026-09-09T14:27:49.419,1788944269.4200,3389,-5411,-69.37,315,4.04
2026-09-09T14:27:49.419,1788944269.4200,3390,7304,93.64,781,10.01
2026-09-09T14:27:49.436,1788944269.4360,3391,-5035,-64.55,1040,13.33
2026-09-09T14:27:49.451,1788944269.4517,3392,6902,88.49,1034,13.26
2026-09-09T14:27:49.451,1788944269.4517,3393,-5524,-70.82,811,10.4
2026-09-09T14:27:49.467,1788944269.4674,3394,6239,79.99,523,6.71
2026-09-09T14:27:49.467,1788944269.4674,3395,-4888,-62.67,516,6.62
2026-09-09T14:27:49.483,1788944269.4835,3396,6709,86.01,793,10.17
2026-09-09T14:27:49.499,1788944269.4996,3397,-3740,-47.95,1197,15.35
2026-09-09T14:27:49.506,1788944269.5063,3398,5545,71.09,1193,15.29
2026-09-09T14:27:49.515,1788944269.5153,3399,-2175,-27.88,1293,16.58
2026-09-09T14:27:49.531,1788944269.5312,3400,11887,152.4,3270,41.92
2026-09-09T14:27:49.547,1788944269.5472,3401,-1423,-18.24,5044,64.67
2026-09-09T14:27:49.549,1788944269.5491,3402,14128,181.13,5792,74.26
2026-09-09T14:27:49.559,1788944269.5592,3403,-1872,-24.0,6240,80.0
2026-09-09T14:27:49.564,1788944269.5650,3404,14964,191.85,6337,81.24
2026-09-09T14:27:49.579,1788944269.5790,3405,-1104,-14.15,6738,86.38
2026-09-09T14:27:49.579,1788944269.5790,3406,15150,194.23,6976,89.44
2026-09-09T14:27:49.594,1788944269.5947,3407,-835,-10.71,7090,90.9
2026-09-09T14:27:49.610,1788944269.6108,3408,14980,192.05,7115,91.22
2026-09-09T14:27:49.610,1788944269.6108,3409,413,5.29,7384,94.67
2026-09-09T14:27:49.642,1788944269.6426,3410,14695,188.4,7625,97.76
2026-09-09T14:27:49.642,1788944269.6426,3411,-747,-9.58,7264,93.13
2026-09-09T14:27:49.642,1788944269.6426,3412,13901,178.22,6775,86.86
2026-09-09T14:27:49.658,1788944269.6585,3413,-1269,-16.27,6446,82.64
2026-09-09T14:27:49.674,1788944269.6744,3414,12933,165.81,6074,77.87
2026-09-09T14:27:49.674,1788944269.6744,3415,-2273,-29.14,5581,71.55
2026-09-09T14:27:49.690,1788944269.6903,3416,12909,165.5,5324,68.26
2026-09-09T14:27:49.690,1788944269.6903,3417,-2367,-30.35,5294,67.87
2026-09-09T14:27:49.707,1788944269.7079,3418,12287,157.53,5115,65.58
2026-09-09T14:27:49.722,1788944269.7228,3419,-2213,-28.37,4998,64.08
2026-09-09T14:27:49.723,1788944269.7233,3420,13385,171.6,5311,68.09
2026-09-09T14:27:49.740,1788944269.7402,3421,-1874,-24.03,5670,72.69
2026-09-09T14:27:49.740,1788944269.7402,3422,13635,174.81,5818,74.59
2026-09-09T14:27:49.753,1788944269.7534,3423,-925,-11.86,6117,78.42
2026-09-09T14:27:49.769,1788944269.7694,3424,13749,176.27,6383,81.83
2026-09-09T14:27:49.785,1788944269.7854,3425,-70,-0.9,6625,84.94
2026-09-09T14:27:49.785,1788944269.7854,3426,12881,165.14,6622,84.9
2026-09-09T14:27:49.801,1788944269.8011,3427,580,7.44,6568,84.21
2026-09-09T14:27:49.808,1788944269.8081,3428,12035,154.29,6519,83.58
2026-09-09T14:27:49.817,1788944269.8172,3429,196,2.51,6211,79.63
2026-09-09T14:27:49.817,1788944269.8172,3430,10782,138.23,5802,74.38
2026-09-09T14:27:49.833,1788944269.8333,3431,-813,-10.42,5236,67.13
2026-09-09T14:27:49.849,1788944269.8491,3432,9498,121.77,4663,59.78
2026-09-09T14:27:49.849,1788944269.8491,3433,-1325,-16.99,4214,54.03
2026-09-09T14:27:49.864,1788944269.8649,3434,9042,115.92,3972,50.92
2026-09-09T14:27:49.880,1788944269.8808,3435,-1793,-22.99,3741,47.96
2026-09-09T14:27:49.880,1788944269.8808,3436,8503,109.01,3489,44.73
2026-09-09T14:27:49.896,1788944269.8969,3437,-2005,-25.71,3302,42.33
2026-09-09T14:27:49.912,1788944269.9130,3438,7840,100.51,3083,39.53
2026-09-09T14:27:49.928,1788944269.9287,3439,-2039,-26.14,2909,37.29
2026-09-09T14:27:49.928,1788944269.9287,3440,11148,142.92,3727,47.78
2026-09-09T14:27:49.944,1788944269.9448,3441,-2315,-29.68,4485,57.5
2026-09-09T14:27:49.944,1788944269.9448,3442,11291,144.76,4452,57.08
2026-09-09T14:27:49.960,1788944269.9608,3443,-2111,-27.06,4539,58.19
2026-09-09T14:27:49.960,1788944269.9608,3444,11300,144.87,4592,58.87
2026-09-09T14:27:49.976,1788944269.9769,3445,-1775,-22.76,4678,59.97
2026-09-09T14:27:49.976,1788944269.9769,3446,11128,142.67,4719,60.5
2026-09-09T14:27:49.992,1788944269.9929,3447,-1320,-16.92,4790,61.41
2026-09-09T14:27:50.008,1788944270.0084,3448,10528,134.97,4754,60.95
2026-09-09T14:27:50.024,1788944270.0246,3449,-1360,-17.44,4594,58.9
2026-09-09T14:27:50.024,1788944270.0246,3450,10113,129.65,4480,57.44
2026-09-09T14:27:50.040,1788944270.0403,3451,-2498,-32.03,4092,52.46
2026-09-09T14:27:50.040,1788944270.0403,3452,9528,122.15,3661,46.94
2026-09-09T14:27:50.072,1788944270.0721,3453,-3295,-42.24,3315,42.5
2026-09-09T14:27:50.072,1788944270.0721,3454,9086,116.49,3006,38.54
2026-09-09T14:27:50.072,1788944270.0721,3455,-3905,-50.06,2743,35.17
2026-09-09T14:27:50.088,1788944270.0881,3456,8270,106.03,2386,30.59
2026-09-09T14:27:50.088,1788944270.0881,3457,-3996,-51.23,2159,27.68
2026-09-09T14:27:50.109,1788944270.1097,3458,7212,92.46,1872,24.0
2026-09-09T14:27:50.120,1788944270.1202,3459,-4111,-52.71,1579,20.24
2026-09-09T14:27:50.120,1788944270.1202,3460,9720,124.62,2177,27.91
2026-09-09T14:27:50.136,1788944270.1363,3461,-3633,-46.58,2924,37.49
2026-09-09T14:27:50.152,1788944270.1522,3462,9597,123.04,3012,38.62
2026-09-09T14:27:50.152,1788944270.1522,3463,-3448,-44.21,3028,38.82
2026-09-09T14:27:50.168,1788944270.1683,3464,9380,120.26,3020,38.72
2026-09-09T14:27:50.168,1788944270.1683,3465,-3210,-41.15,3025,38.78
2026-09-09T14:27:50.184,1788944270.1843,3466,9167,117.53,3031,38.86
2026-09-09T14:27:50.209,1788944270.2097,3467,-2505,-32.12,3154,40.44
2026-09-09T14:27:50.218,1788944270.2183,3468,8878,113.82,3258,41.77
2026-09-09T14:27:50.222,1788944270.2226,3469,-1928,-24.72,3330,42.69
2026-09-09T14:27:50.232,1788944270.2322,3470,8187,104.96,3302,42.33
2026-09-09T14:27:50.232,1788944270.2322,3471,-2913,-37.35,2883,36.96
2026-09-09T14:27:50.248,1788944270.2480,3472,7518,96.38,2469,31.65
2026-09-09T14:27:50.248,1788944270.2480,3473,-3709,-47.55,2103,26.96
2026-09-09T14:27:50.264,1788944270.2641,3474,6857,87.91,1739,22.29
2026-09-09T14:27:50.279,1788944270.2798,3475,-4205,-53.91,1450,18.59
2026-09-09T14:27:50.279,1788944270.2798,3476,6330,81.15,1194,15.31
2026-09-09T14:27:50.295,1788944270.2955,3477,-4476,-57.38,994,12.74
2026-09-09T14:27:50.311,1788944270.3116,3478,5551,71.17,732,9.38
2026-09-09T14:27:50.311,1788944270.3116,3479,-4419,-56.65,551,7.06
2026-09-09T14:27:50.327,1788944270.3277,3480,7677,98.42,1097,14.06
2026-09-09T14:27:50.343,1788944270.3434,3481,-4079,-52.29,1714,21.97
2026-09-09T14:27:50.343,1788944270.3434,3482,8209,105.24,1932,24.77
2026-09-09T14:27:50.359,1788944270.3594,3483,-3726,-47.77,2153,27.6
2026-09-09T14:27:50.359,1788944270.3594,3484,8190,105.0,2236,28.67
2026-09-09T14:27:50.375,1788944270.3756,3485,-3356,-43.03,2324,29.79
2026-09-09T14:27:50.391,1788944270.3916,3486,8016,102.77,2373,30.42
2026-09-09T14:27:50.391,1788944270.3916,3487,-2860,-36.67,2454,31.46
2026-09-09T14:27:50.410,1788944270.4102,3488,7704,98.77,2500,32.05
2026-09-09T14:27:50.423,1788944270.4232,3489,-2250,-28.85,2574,33.0
2026-09-09T14:27:50.423,1788944270.4232,3490,7270,93.21,2618,33.56
2026-09-09T14:27:50.439,1788944270.4393,3491,-2981,-38.22,2327,29.83
2026-09-09T14:27:50.439,1788944270.4393,3492,6949,89.09,2064,26.46
2026-09-09T14:27:50.455,1788944270.4553,3493,-3288,-42.15,1907,24.45
2026-09-09T14:27:50.471,1788944270.4714,3494,6513,83.5,1721,22.06
2026-09-09T14:27:50.487,1788944270.4873,3495,-3289,-42.17,1612,20.67
2026-09-09T14:27:50.487,1788944270.4873,3496,6093,78.12,1507,19.32
2026-09-09T14:27:50.487,1788944270.4873,3497,-3150,-40.38,1436,18.41
2026-09-09T14:27:50.510,1788944270.5103,3498,5642,72.33,1358,17.41
2026-09-09T14:27:50.518,1788944270.5188,3499,-3203,-41.06,1232,15.79
2026-09-09T14:27:50.518,1788944270.5188,3500,7170,91.92,1601,20.53
2026-09-09T14:27:50.534,1788944270.5347,3501,-3302,-42.33,1958,25.1
2026-09-09T14:27:50.550,1788944270.5504,3502,7474,95.82,2010,25.77
2026-09-09T14:27:50.559,1788944270.5592,3503,-3197,-40.99,2112,27.08
2026-09-09T14:27:50.567,1788944270.5676,3504,7645,98.01,2181,27.96
2026-09-09T14:27:50.582,1788944270.5824,3505,-2787,-35.73,2326,29.82
2026-09-09T14:27:50.582,1788944270.5824,3506,8307,106.5,2594,33.26
2026-09-09T14:27:50.598,1788944270.5983,3507,-2222,-28.49,2901,37.19
2026-09-09T14:27:50.610,1788944270.6102,3508,8756,112.26,3154,40.44
2026-09-09T14:27:50.614,1788944270.6143,3509,-1811,-23.22,3369,43.19
2026-09-09T14:27:50.630,1788944270.6303,3510,8001,102.58,3283,42.09
2026-09-09T14:27:50.630,1788944270.6303,3511,-2572,-32.97,2904,37.23
2026-09-09T14:27:50.646,1788944270.6462,3512,7460,95.64,2579,33.06
2026-09-09T14:27:50.662,1788944270.6621,3513,-3679,-47.17,2167,27.78
2026-09-09T14:27:50.662,1788944270.6621,3514,6939,88.96,1760,22.56
2026-09-09T14:27:50.678,1788944270.6781,3515,-4663,-59.78,1384,17.74
2026-09-09T14:27:50.678,1788944270.6781,3516,6442,82.59,1013,12.99
2026-09-09T14:27:50.694,1788944270.6942,3517,-5196,-66.62,756,9.69
2026-09-09T14:27:50.711,1788944270.7116,3518,5253,67.35,325,4.17
2026-09-09T14:27:50.726,1788944270.7263,3519,-5505,-70.58,-49,-0.63
2026-09-09T14:27:50.730,1788944270.7307,3520,5697,73.04,-15,-0.19
2026-09-09T14:27:50.730,1788944270.7307,3521,-5930,-76.03,-11,-0.14
2026-09-09T14:27:50.745,1788944270.7450,3522,5431,69.63,-183,-2.35
2026-09-09T14:27:50.758,1788944270.7584,3523,-6959,-89.22,-507,-6.5
2026-09-09T14:27:50.774,1788944270.7745,3524,4441,56.94,-1012,-12.97
2026-09-09T14:27:50.774,1788944270.7745,3525,-9173,-117.6,-1813,-23.24
2026-09-09T14:27:50.790,1788944270.7906,3526,2021,25.91,-2971,-38.09
2026-09-09T14:27:50.790,1788944270.7906,3527,-11110,-142.44,-4061,-52.06
2026-09-09T14:27:50.811,1788944270.8118,3528,2049,26.27,-4538,-58.18
2026-09-09T14:27:50.822,1788944270.8224,3529,-8123,-104.14,-3784,-48.51
2026-09-09T14:27:50.822,1788944270.8224,3530,2206,28.28,-2998,-38.44
2026-09-09T14:27:50.838,1788944270.8380,3531,-8945,-114.68,-3164,-40.56
2026-09-09T14:27:50.838,1788944270.8380,3532,2829,36.27,-3214,-41.21
2026-09-09T14:27:50.854,1788944270.8541,3533,-8567,-109.83,-2964,-38.0
2026-09-09T14:27:50.869,1788944270.8699,3534,3407,43.68,-2725,-34.94
2026-09-09T14:27:50.869,1788944270.8699,3535,-7786,-99.82,-2385,-30.58
2026-09-09T14:27:50.886,1788944270.8862,3536,3924,50.31,-2061,-26.42
2026-09-09T14:27:50.901,1788944270.9019,3537,-6992,-89.64,-1733,-22.22
2026-09-09T14:27:50.911,1788944270.9117,3538,4018,51.51,-1511,-19.37
2026-09-09T14:27:50.917,1788944270.9178,3539,-6696,-85.85,-1413,-18.12
2026-09-09T14:27:50.933,1788944270.9338,3540,4592,58.87,-1196,-15.33
2026-09-09T14:27:50.933,1788944270.9338,3541,-7018,-89.97,-1133,-14.53
2026-09-09T14:27:50.949,1788944270.9496,3542,5038,64.59,-1102,-14.13
2026-09-09T14:27:50.949,1788944270.9496,3543,-7371,-94.5,-1079,-13.83
2026-09-09T14:27:50.965,1788944270.9653,3544,5087,65.22,-1155,-14.81
2026-09-09T14:27:50.980,1788944270.9809,3545,-7296,-93.54,-1124,-14.41
2026-09-09T14:27:50.980,1788944270.9809,3546,5111,65.53,-1099,-14.09
2026-09-09T14:27:50.997,1788944270.9970,3547,-6790,-87.05,-966,-12.38
2026-09-09T14:27:51.012,1788944271.0128,3548,5481,70.27,-747,-9.58
2026-09-09T14:27:51.012,1788944271.0128,3549,-5192,-66.56,-255,-3.27
2026-09-09T14:27:51.028,1788944271.0289,3550,5605,71.86,175,2.24
2026-09-09T14:27:51.044,1788944271.0449,3551,-5839,-74.86,44,0.56
2026-09-09T14:27:51.044,1788944271.0449,3552,5492,70.41,-146,-1.87
2026-09-09T14:27:51.065,1788944271.0654,3553,-6523,-83.63,-345,-4.42
2026-09-09T14:27:51.072,1788944271.0727,3554,5145,65.96,-603,-7.73
2026-09-09T14:27:51.076,1788944271.0768,3555,-6959,-89.22,-798,-10.23
2026-09-09T14:27:51.092,1788944271.0929,3556,4816,61.74,-990,-12.69
2026-09-09T14:27:51.092,1788944271.0929,3557,-6978,-89.46,-1077,-13.81
2026-09-09T14:27:51.112,1788944271.1121,3558,4241,54.37,-1225,-15.71
2026-09-09T14:27:51.112,1788944271.1121,3559,-7076,-90.72,-1393,-17.86
2026-09-09T14:27:51.124,1788944271.1246,3560,5073,65.04,-1210,-15.51
2026-09-09T14:27:51.140,1788944271.1403,3561,-6939,-88.96,-968,-12.41
2026-09-09T14:27:51.156,1788944271.1563,3562,5746,73.67,-765,-9.81
2026-09-09T14:27:51.156,1788944271.1563,3563,-6560,-84.1,-502,-6.44
2026-09-09T14:27:51.156,1788944271.1563,3564,6201,79.5,-294,-3.77
2026-09-09T14:27:51.172,1788944271.1723,3565,-6014,-77.1,-43,-0.55
2026-09-09T14:27:51.188,1788944271.1881,3566,6166,79.05,84,1.08
2026-09-09T14:27:51.203,1788944271.2040,3567,-5352,-68.62,241,3.09
2026-09-09T14:27:51.212,1788944271.2121,3568,5848,74.97,327,4.19
2026-09-09T14:27:51.219,1788944271.2197,3569,-4428,-56.77,479,6.14
2026-09-09T14:27:51.219,1788944271.2197,3570,5318,68.18,577,7.4
2026-09-09T14:27:51.235,1788944271.2358,3571,-5528,-70.87,170,2.18
2026-09-09T14:27:51.251,1788944271.2516,3572,4728,60.62,-253,-3.24
2026-09-09T14:27:51.251,1788944271.2516,3573,-6544,-83.9,-654,-8.38
2026-09-09T14:27:51.267,1788944271.2679,3574,4052,51.95,-1077,-13.81
2026-09-09T14:27:51.267,1788944271.2679,3575,-7160,-91.79,-1400,-17.95
2026-09-09T14:27:51.283,1788944271.2837,3576,3470,44.49,-1700,-21.79
2026-09-09T14:27:51.299,1788944271.2998,3577,-7665,-98.27,-1972,-25.28
2026-09-09T14:27:51.312,1788944271.3123,3578,3096,39.69,-2191,-28.09
2026-09-09T14:27:51.315,1788944271.3159,3579,-7921,-101.55,-2349,-30.12
2026-09-09T14:27:51.315,1788944271.3159,3580,3725,47.76,-2256,-28.92
2026-09-09T14:27:51.347,1788944271.3475,3581,-7726,-99.05,-2050,-26.28
2026-09-09T14:27:51.347,1788944271.3475,3582,4450,57.05,-1820,-23.33
2026-09-09T14:27:51.363,1788944271.3633,3583,-7297,-93.55,-1531,-19.63
2026-09-09T14:27:51.363,1788944271.3633,3584,4950,63.46,-1299,-16.65
2026-09-09T14:27:51.379,1788944271.3793,3585,-6906,-88.54,-1076,-13.79
2026-09-09T14:27:51.379,1788944271.3793,3586,4929,63.19,-984,-12.62
2026-09-09T14:27:51.395,1788944271.3954,3587,-6550,-83.97,-900,-11.54
2026-09-09T14:27:51.411,1788944271.4114,3588,4763,61.06,-852,-10.92
2026-09-09T14:27:51.412,1788944271.4124,3589,-5807,-74.45,-708,-9.08
2026-09-09T14:27:51.427,1788944271.4276,3590,4589,58.83,-566,-7.26
2026-09-09T14:27:51.427,1788944271.4276,3591,-6474,-83.0,-776,-9.95
2026-09-09T14:27:51.443,1788944271.4432,3592,4168,53.44,-1048,-13.44
2026-09-09T14:27:51.459,1788944271.4593,3593,-7183,-92.09,-1331,-17.06
2026-09-09T14:27:51.459,1788944271.4593,3594,4280,54.87,-1480,-18.97
2026-09-09T14:27:51.491,1788944271.4912,3595,-7531,-96.55,-1539,-19.73
2026-09-09T14:27:51.491,1788944271.4912,3596,3467,44.45,-1829,-23.45
2026-09-09T14:27:51.491,1788944271.4912,3597,-7340,-94.1,-1985,-25.45
2026-09-09T14:27:51.512,1788944271.5127,3598,3106,39.82,-2027,-25.99
2026-09-09T14:27:51.523,1788944271.5232,3599,-7258,-93.05,-2097,-26.88
2026-09-09T14:27:51.523,1788944271.5232,3600,3816,48.92,-1899,-24.35
2026-09-09T14:27:51.539,1788944271.5393,3601,-7036,-90.21,-1666,-21.36
2026-09-09T14:27:51.539,1788944271.5393,3602,4567,58.55,-1423,-18.24
2026-09-09T14:27:51.559,1788944271.5593,3603,-6804,-87.23,-1177,-15.09
2026-09-09T14:27:51.573,1788944271.5731,3604,4996,64.05,-1012,-12.97
2026-09-09T14:27:51.579,1788944271.5795,3605,-6452,-82.72,-816,-10.46
2026-09-09T14:27:51.587,1788944271.5871,3606,5276,67.64,-658,-8.44
2026-09-09T14:27:51.603,1788944271.6031,3607,-5751,-73.73,-413,-5.29
2026-09-09T14:27:51.603,1788944271.6031,3608,5157,66.12,-268,-3.44
2026-09-09T14:27:51.618,1788944271.6188,3609,-4522,-57.97,10,0.13
2026-09-09T14:27:51.634,1788944271.6349,3610,4816,61.74,232,2.97
2026-09-09T14:27:51.634,1788944271.6349,3611,-5435,-69.68,-82,-1.05
2026-09-09T14:27:51.650,1788944271.6507,3612,4404,56.46,-413,-5.29
2026-09-09T14:27:51.650,1788944271.6507,3613,-6164,-79.03,-698,-8.95
2026-09-09T14:27:51.666,1788944271.6665,3614,4137,53.04,-947,-12.14
2026-09-09T14:27:51.682,1788944271.6823,3615,-6628,-84.97,-1130,-14.49
2026-09-09T14:27:51.682,1788944271.6823,3616,3928,50.36,-1298,-16.64
2026-09-09T14:27:51.698,1788944271.6983,3617,-6875,-88.14,-1412,-18.1
2026-09-09T14:27:51.704,1788944271.7047,3618,3245,41.6,-1645,-21.09
2026-09-09T14:27:51.721,1788944271.7217,3619,-7040,-90.26,-1857,-23.81
2026-09-09T14:27:51.731,1788944271.7316,3620,4034,51.72,-1701,-21.81
2026-09-09T14:27:51.731,1788944271.7316,3621,-6986,-89.56,-1490,-19.1
2026-09-09T14:27:51.748,1788944271.7485,3622,4753,60.94,-1297,-16.63
2026-09-09T14:27:51.748,1788944271.7485,3623,-6818,-87.41,-1075,-13.78
2026-09-09T14:27:51.777,1788944271.7779,3624,5226,67.0,-915,-11.73
2026-09-09T14:27:51.777,1788944271.7779,3625,-6498,-83.31,-716,-9.18
2026-09-09T14:27:51.777,1788944271.7779,3626,5291,67.83,-620,-7.95
2026-09-09T14:27:51.793,1788944271.7939,3627,-6371,-81.68,-572,-7.33
2026-09-09T14:27:51.813,1788944271.8137,3628,5017,64.32,-609,-7.81
2026-09-09T14:27:51.813,1788944271.8137,3629,-5081,-65.14,-355,-4.55
2026-09-09T14:27:51.825,1788944271.8257,3630,4648,59.59,-125,-1.6
2026-09-09T14:27:51.841,1788944271.8416,3631,-5869,-75.24,-414,-5.31
2026-09-09T14:27:51.841,1788944271.8416,3632,4360,55.9,-683,-8.76
2026-09-09T14:27:51.857,1788944271.8576,3633,-6690,-85.77,-960,-12.31
2026-09-09T14:27:51.873,1788944271.8734,3634,4092,52.46,-1232,-15.79
2026-09-09T14:27:51.873,1788944271.8734,3635,-7104,-91.08,-1403,-17.99
2026-09-09T14:27:51.889,1788944271.8896,3636,4000,51.28,-1529,-19.6
2026-09-09T14:27:51.889,1788944271.8896,3637,-7135,-91.47,-1560,-20.0
2026-09-09T14:27:51.913,1788944271.9136,3638,3722,47.72,-1637,-20.99
2026-09-09T14:27:51.921,1788944271.9212,3639,-6970,-89.36,-1666,-21.36
2026-09-09T14:27:51.921,1788944271.9212,3640,4802,61.56,-1354,-17.36
2026-09-09T14:27:51.937,1788944271.9371,3641,-6953,-89.14,-1080,-13.85
2026-09-09T14:27:51.937,1788944271.9371,3642,5800,74.36,-826,-10.59
2026-09-09T14:27:51.952,1788944271.9528,3643,-6581,-84.37,-484,-6.21
2026-09-09T14:27:51.968,1788944271.9688,3644,6544,83.9,-205,-2.63
2026-09-09T14:27:51.968,1788944271.9688,3645,-6220,-79.74,71,0.91
2026-09-09T14:27:51.985,1788944271.9850,3646,6865,88.01,242,3.1
2026-09-09T14:27:52.002,1788944272.0024,3647,-5732,-73.49,444,5.69
2026-09-09T14:27:52.013,1788944272.0139,3648,7027,90.09,607,7.78
2026-09-09T14:27:52.016,1788944272.0170,3649,-3740,-47.95,1145,14.68
2026-09-09T14:27:52.016,1788944272.0170,3650,6949,89.09,1624,20.82
2026-09-09T14:27:52.032,1788944272.0330,3651,-4232,-54.26,1481,18.99
2026-09-09T14:27:52.048,1788944272.0487,3652,6557,84.06,1260,16.15
2026-09-09T14:27:52.064,1788944272.0645,3653,-5041,-64.63,960,12.31
2026-09-09T14:27:52.064,1788944272.0645,3654,6235,79.94,677,8.68
2026-09-09T14:27:52.080,1788944272.0802,3655,-5668,-72.67,440,5.64
2026-09-09T14:27:52.080,1788944272.0802,3656,5872,75.28,192,2.46
2026-09-09T14:27:52.096,1788944272.0960,3657,-6084,-78.0,-2,-0.03
2026-09-09T14:27:52.096,1788944272.0960,3658,4721,60.53,-394,-5.05
2026-09-09T14:27:52.113,1788944272.1139,3659,-6266,-80.33,-727,-9.32
2026-09-09T14:27:52.129,1788944272.1292,3660,5530,70.9,-571,-7.32
2026-09-09T14:27:52.129,1788944272.1292,3661,-6177,-79.19,-346,-4.44
2026-09-09T14:27:52.143,1788944272.1432,3662,6339,81.27,-122,-1.56
2026-09-09T14:27:52.159,1788944272.1591,3663,-6071,-77.83,107,1.37
2026-09-09T14:27:52.159,1788944272.1591,3664,7067,90.6,316,4.05
2026-09-09T14:27:52.175,1788944272.1752,3665,-5770,-73.97,573,7.35
2026-09-09T14:27:52.190,1788944272.1910,3666,7468,95.74,748,9.59
2026-09-09T14:27:52.190,1788944272.1910,3667,-5413,-69.4,938,12.03
2026-09-09T14:27:52.213,1788944272.2139,3668,7545,96.73,1046,13.41
2026-09-09T14:27:52.222,1788944272.2225,3669,-3220,-41.28,1614,20.69
2026-09-09T14:27:52.222,1788944272.2225,3670,7478,95.87,2145,27.5
2026-09-09T14:27:52.238,1788944272.2385,3671,-3952,-50.67,1946,24.95
2026-09-09T14:27:52.238,1788944272.2385,3672,7208,92.41,1695,21.73
2026-09-09T14:27:52.254,1788944272.2544,3673,-4990,-63.97,1368,17.54
2026-09-09T14:27:52.270,1788944272.2700,3674,6957,89.19,1046,13.41
2026-09-09T14:27:52.270,1788944272.2700,3675,-5878,-75.36,761,9.76
2026-09-09T14:27:52.286,1788944272.2862,3676,6436,82.51,409,5.24
2026-09-09T14:27:52.302,1788944272.3022,3677,-6571,-84.24,105,1.35
2026-09-09T14:27:52.302,1788944272.3022,3678,4739,60.76,-492,-6.31
2026-09-09T14:27:52.317,1788944272.3180,3679,-6942,-89.0,-1009,-12.94
2026-09-09T14:27:52.333,1788944272.3337,3680,5486,70.33,-915,-11.73
2026-09-09T14:27:52.333,1788944272.3337,3681,-6996,-89.69,-742,-9.51
2026-09-09T14:27:52.349,1788944272.3498,3682,6357,81.5,-538,-6.9
2026-09-09T14:27:52.349,1788944272.3498,3683,-6805,-87.24,-272,-3.49
2026-09-09T14:27:52.365,1788944272.3656,3684,6993,89.65,-65,-0.83
2026-09-09T14:27:52.381,1788944272.3815,3685,-6479,-83.06,175,2.24
2026-09-09T14:27:52.381,1788944272.3815,3686,7388,94.72,355,4.55
2026-09-09T14:27:52.397,1788944272.3973,3687,-6208,-79.59,522,6.69
2026-09-09T14:27:52.413,1788944272.4130,3688,7468,95.74,610,7.82
2026-09-09T14:27:52.414,1788944272.4140,3689,-3708,-47.54,1255,16.09
2026-09-09T14:27:52.429,1788944272.4290,3690,7215,92.5,1816,23.28
2026-09-09T14:27:52.429,1788944272.4290,3691,-4688,-60.1,1508,19.33
2026-09-09T14:27:52.444,1788944272.4448,3692,6820,87.44,1164,14.92
2026-09-09T14:27:52.460,1788944272.4608,3693,-5867,-75.22,771,9.88
2026-09-09T14:27:52.476,1788944272.4769,3694,6191,79.37,319,4.09
2026-09-09T14:27:52.476,1788944272.4769,3695,-7018,-89.97,-126,-1.62
2026-09-09T14:27:52.476,1788944272.4769,3696,5385,69.04,-615,-7.88
2026-09-09T14:27:52.492,1788944272.4927,3697,-8001,-102.58,-1063,-13.63
2026-09-09T14:27:52.508,1788944272.5087,3698,2803,35.94,-1954,-25.05
2026-09-09T14:27:52.524,1788944272.5247,3699,-8888,-113.95,-2821,-36.17
2026-09-09T14:27:52.524,1788944272.5247,3700,3018,38.69,-2989,-38.32
2026-09-09T14:27:52.540,1788944272.5409,3701,-9680,-124.1,-3133,-40.17
2026-09-09T14:27:52.540,1788944272.5409,3702,3149,40.37,-3299,-42.29
2026-09-09T14:27:52.559,1788944272.5595,3703,-10550,-135.26,-3483,-44.65
2026-09-09T14:27:52.559,1788944272.5595,3704,2892,37.08,-3765,-48.27
2026-09-09T14:27:52.574,1788944272.5747,3705,-11628,-149.08,-4099,-52.55
2026-09-09T14:27:52.589,1788944272.5893,3706,2000,25.64,-4591,-58.86
2026-09-09T14:27:52.589,1788944272.5893,3707,-12860,-164.87,-5122,-65.67
2026-09-09T14:27:52.621,1788944272.6212,3708,366,4.69,-5839,-74.86
2026-09-09T14:27:52.621,1788944272.6212,3709,-11709,-150.12,-5960,-76.41
2026-09-09T14:27:52.621,1788944272.6212,3710,-2584,-33.13,-6409,-82.17
2026-09-09T14:27:52.637,1788944272.6370,3711,-12705,-162.88,-7396,-94.82
2026-09-09T14:27:52.637,1788944272.6370,3712,9262,118.74,-4683,-60.04
2026-09-09T14:27:52.668,1788944272.6688,3713,3529,45.24,2337,29.96
2026-09-09T14:27:52.668,1788944272.6688,3714,19220,246.41,8885,113.91
2026-09-09T14:27:52.668,1788944272.6688,3715,6016,77.13,11996,153.79
2026-09-09T14:27:52.684,1788944272.6846,3716,15265,195.71,11629,149.09
2026-09-09T14:27:52.700,1788944272.7003,3717,893,11.45,9359,119.99
2026-09-09T14:27:52.700,1788944272.7003,3718,10713,137.35,6941,88.99
2026-09-09T14:27:52.721,1788944272.7213,3719,-1521,-19.5,5199,66.65
2026-09-09T14:27:52.733,1788944272.7331,3720,9174,117.62,4211,53.99
2026-09-09T14:27:52.733,1788944272.7331,3721,-3546,-45.46,3320,42.56
2026-09-09T14:27:52.751,1788944272.7511,3722,8474,108.64,2639,33.83
2026-09-09T14:27:52.764,1788944272.7641,3723,-4668,-59.85,2183,27.99
2026-09-09T14:27:52.764,1788944272.7641,3724,8405,107.76,1885,24.17
2026-09-09T14:27:52.779,1788944272.7799,3725,-5404,-69.28,1684,21.59
2026-09-09T14:27:52.779,1788944272.7799,3726,8217,105.35,1453,18.63
2026-09-09T14:27:52.795,1788944272.7957,3727,-5433,-69.65,1399,17.94
2026-09-09T14:27:52.815,1788944272.8151,3728,8386,107.51,1434,18.38
2026-09-09T14:27:52.815,1788944272.8151,3729,-2440,-31.28,2224,28.51
2026-09-09T14:27:52.827,1788944272.8277,3730,8500,108.97,3001,38.47
2026-09-09T14:27:52.843,1788944272.8436,3731,-2892,-37.08,2917,37.4
2026-09-09T14:27:52.843,1788944272.8436,3732,8614,110.44,2832,36.31
2026-09-09T14:27:52.859,1788944272.8595,3733,-3548,-45.49,2697,34.58
2026-09-09T14:27:52.859,1788944272.8595,3734,8143,104.4,2415,30.96
2026-09-09T14:27:52.875,1788944272.8756,3735,-4474,-57.36,2066,26.49
2026-09-09T14:27:52.875,1788944272.8756,3736,7628,97.79,1705,21.86
2026-09-09T14:27:52.907,1788944272.9076,3737,-5081,-65.14,1425,18.27
2026-09-09T14:27:52.915,1788944272.9150,3738,5169,66.27,658,8.44
2026-09-09T14:27:52.915,1788944272.9150,3739,-5256,-67.38,0,0.0
2026-09-09T14:27:52.923,1788944272.9236,3740,6015,77.12,168,2.15
2026-09-09T14:27:52.944,1788944272.9446,3741,-5146,-65.97,407,5.22
2026-09-09T14:27:52.955,1788944272.9555,3742,6917,88.68,660,8.46
2026-09-09T14:27:52.955,1788944272.9555,3743,-4980,-63.85,927,11.88
2026-09-09T14:27:52.971,1788944272.9712,3744,7695,98.65,1163,14.91
2026-09-09T14:27:52.971,1788944272.9712,3745,-4570,-58.59,1460,18.72
2026-09-09T14:27:52.986,1788944272.9870,3746,8229,105.5,1696,21.74
2026-09-09T14:27:52.986,1788944272.9870,3747,-4465,-57.24,1855,23.78
2026-09-09T14:27:53.002,1788944273.0029,3748,8420,107.95,1929,24.73
2026-09-09T14:27:53.018,1788944273.0188,3749,-1711,-21.94,2666,34.18
2026-09-09T14:27:53.018,1788944273.0188,3750,8397,107.65,3348,42.92
2026-09-09T14:27:53.050,1788944273.0509,3751,-2355,-30.19,3182,40.79
2026-09-09T14:27:53.050,1788944273.0509,3752,8148,104.46,2958,37.92
2026-09-09T14:27:53.050,1788944273.0509,3753,-3092,-39.64,2712,34.77
2026-09-09T14:27:53.066,1788944273.0670,3754,7788,99.85,2438,31.26
2026-09-09T14:27:53.082,1788944273.0829,3755,-4143,-53.12,2085,26.73
2026-09-09T14:27:53.094,1788944273.0945,3756,7121,91.29,1655,21.22
2026-09-09T14:27:53.098,1788944273.0987,3757,-5180,-66.41,1229,15.76
2026-09-09T14:27:53.098,1788944273.0987,3758,4911,62.96,418,5.36
2026-09-09T14:27:53.115,1788944273.1152,3759,-5732,-73.49,-273,-3.5
2026-09-09T14:27:53.130,1788944273.1307,3760,5607,71.88,-237,-3.04
2026-09-09T14:27:53.130,1788944273.1307,3761,-5864,-75.18,-96,-1.23
2026-09-09T14:27:53.146,1788944273.1466,3762,6596,84.56,118,1.51
2026-09-09T14:27:53.146,1788944273.1466,3763,-5611,-71.94,429,5.5
2026-09-09T14:27:53.162,1788944273.1624,3764,7567,97.01,735,9.42
2026-09-09T14:27:53.194,1788944273.1941,3765,-5053,-64.78,1117,14.32
2026-09-09T14:27:53.194,1788944273.1941,3766,8259,105.88,1430,18.33
2026-09-09T14:27:53.194,1788944273.1941,3767,-1174,-15.05,2572,32.97
2026-09-09T14:27:53.216,1788944273.2162,3768,8821,113.09,3683,47.22
2026-09-09T14:27:53.225,1788944273.2257,3769,-1332,-17.08,3784,48.51
2026-09-09T14:27:53.225,1788944273.2257,3770,9138,117.15,3823,49.01
2026-09-09T14:27:53.225,1788944273.2257,3771,-1770,-22.69,3793,48.63
2026-09-09T14:27:53.241,1788944273.2418,3772,8655,110.96,3563,45.68
2026-09-09T14:27:53.257,1788944273.2576,3773,-2580,-33.08,3240,41.54
2026-09-09T14:27:53.257,1788944273.2576,3774,8140,104.36,2908,37.28
2026-09-09T14:27:53.275,1788944273.2754,3775,-3618,-46.38,2520,32.31
2026-09-09T14:27:53.289,1788944273.2894,3776,7124,91.33,2007,25.73
2026-09-09T14:27:53.289,1788944273.2894,3777,-5041,-64.63,1397,17.91
2026-09-09T14:27:53.305,1788944273.3053,3778,4725,60.58,441,5.65
2026-09-09T14:27:53.321,1788944273.3212,3779,-5790,-74.23,-346,-4.44
2026-09-09T14:27:53.337,1788944273.3372,3780,5069,64.99,-447,-5.73
2026-09-09T14:27:53.337,1788944273.3372,3781,-5931,-76.04,-396,-5.08
2026-09-09T14:27:53.353,1788944273.3533,3782,5738,73.56,-264,-3.38
2026-09-09T14:27:53.353,1788944273.3533,3783,-5552,-71.18,-2,-0.03
2026-09-09T14:27:53.369,1788944273.3694,3784,6787,87.01,355,4.55
2026-09-09T14:27:53.380,1788944273.3810,3785,-5132,-65.79,722,9.26
2026-09-09T14:27:53.386,1788944273.3869,3786,7447,95.47,992,12.72
2026-09-09T14:27:53.401,1788944273.4016,3787,-1806,-23.15,1989,25.5
2026-09-09T14:27:53.401,1788944273.4016,3788,7756,99.44,2897,37.14
2026-09-09T14:27:53.416,1788944273.4169,3789,-2142,-27.46,2891,37.06
2026-09-09T14:27:53.435,1788944273.4359,3790,7673,98.37,2786,35.72
2026-09-09T14:27:53.441,1788944273.4413,3791,-2821,-36.17,2595,33.27
2026-09-09T14:27:53.448,1788944273.4489,3792,7365,94.42,2349,30.12
2026-09-09T14:27:53.448,1788944273.4489,3793,-3633,-46.58,2069,26.53
2026-09-09T14:27:53.464,1788944273.4648,3794,6826,87.51,1731,22.19
2026-09-09T14:27:53.480,1788944273.4807,3795,-4714,-60.44,1326,17.0
2026-09-09T14:27:53.480,1788944273.4807,3796,6174,79.15,893,11.45
2026-09-09T14:27:53.496,1788944273.4968,3797,-5500,-70.51,533,6.83
2026-09-09T14:27:53.518,1788944273.5182,3798,3850,49.36,-244,-3.13
2026-09-09T14:27:53.518,1788944273.5182,3799,-5975,-76.6,-944,-12.1
2026-09-09T14:27:53.528,1788944273.5288,3800,4335,55.58,-942,-12.08
2026-09-09T14:27:53.528,1788944273.5288,3801,-6056,-77.64,-841,-10.78
2026-09-09T14:27:53.544,1788944273.5448,3802,5146,65.97,-658,-8.44
2026-09-09T14:27:53.562,1788944273.5627,3803,-6001,-76.94,-442,-5.67
2026-09-09T14:27:53.562,1788944273.5627,3804,5986,76.74,-218,-2.79
2026-09-09T14:27:53.576,1788944273.5767,3805,-5721,-73.35,62,0.79
2026-09-09T14:27:53.576,1788944273.5767,3806,6683,85.68,306,3.92
2026-09-09T14:27:53.592,1788944273.5927,3807,-2312,-29.64,1333,17.09
2026-09-09T14:27:53.618,1788944273.6182,3808,7184,92.1,2310,29.62
2026-09-09T14:27:53.624,1788944273.6243,3809,-2582,-33.1,2368,30.36
2026-09-09T14:27:53.624,1788944273.6243,3810,7292,93.49,2328,29.85
2026-09-09T14:27:53.640,1788944273.6402,3811,-3067,-39.32,2233,28.63
2026-09-09T14:27:53.656,1788944273.6563,3812,7240,92.82,2099,26.91
2026-09-09T14:27:53.656,1788944273.6563,3813,-3684,-47.23,1932,24.77
2026-09-09T14:27:53.672,1788944273.6723,3814,6997,89.71,1717,22.01
2026-09-09T14:27:53.672,1788944273.6723,3815,-4368,-56.0,1485,19.04
2026-09-09T14:27:53.688,1788944273.6882,3816,6786,87.0,1261,16.17
2026-09-09T14:27:53.704,1788944273.7043,3817,-4809,-61.65,1098,14.08
2026-09-09T14:27:53.704,1788944273.7043,3818,4238,54.33,351,4.5
2026-09-09T14:27:53.721,1788944273.7215,3819,-5504,-70.56,-460,-5.9
2026-09-09T14:27:53.721,1788944273.7215,3820,4525,58.01,-562,-7.21
2026-09-09T14:27:53.737,1788944273.7375,3821,-5810,-74.49,-566,-7.26
2026-09-09T14:27:53.754,1788944273.7543,3822,5129,65.76,-492,-6.31
2026-09-09T14:27:53.767,1788944273.7679,3823,-5872,-75.28,-356,-4.56
2026-09-09T14:27:53.767,1788944273.7679,3824,5825,74.68,-198,-2.54
2026-09-09T14:27:53.767,1788944273.7679,3825,-5707,-73.17,17,0.22
2026-09-09T14:27:53.783,1788944273.7839,3826,6918,88.69,332,4.26
2026-09-09T14:27:53.800,1788944273.8000,3827,-1680,-21.54,1612,20.67
2026-09-09T14:27:53.800,1788944273.8000,3828,7486,95.97,2761,35.4
2026-09-09T14:27:53.818,1788944273.8186,3829,-1931,-24.76,2840,36.41
2026-09-09T14:27:53.832,1788944273.8321,3830,7560,96.92,2796,35.85
2026-09-09T14:27:53.832,1788944273.8321,3831,-2543,-32.6,2661,34.12
2026-09-09T14:27:53.848,1788944273.8481,3832,7339,94.09,2453,31.45
2026-09-09T14:27:53.848,1788944273.8481,3833,-3355,-43.01,2195,28.14
2026-09-09T14:27:53.864,1788944273.8640,3834,7023,90.04,1913,24.53
2026-09-09T14:27:53.879,1788944273.8797,3835,-4148,-53.18,1635,20.96
2026-09-09T14:27:53.895,1788944273.8954,3836,6354,81.46,1270,16.28
2026-09-09T14:27:53.895,1788944273.8954,3837,-5006,-64.18,888,11.38
2026-09-09T14:27:53.895,1788944273.8954,3838,3549,45.5,-28,-0.36
2026-09-09T14:27:53.918,1788944273.9186,3839,-5646,-72.38,-889,-11.4
2026-09-09T14:27:53.927,1788944273.9279,3840,4030,51.67,-929,-11.91
2026-09-09T14:27:53.944,1788944273.9440,3841,-6190,-79.36,-944,-12.1
2026-09-09T14:27:53.944,1788944273.9440,3842,4638,59.46,-928,-11.9
2026-09-09T14:27:53.959,1788944273.9600,3843,-6285,-80.58,-800,-10.26
2026-09-09T14:27:53.959,1788944273.9600,3844,5233,67.09,-675,-8.65
2026-09-09T14:27:53.976,1788944273.9761,3845,-7225,-92.63,-761,-9.76
2026-09-09T14:27:53.991,1788944273.9918,3846,4870,62.44,-1087,-13.94
2026-09-09T14:27:53.991,1788944273.9918,3847,-4456,-57.13,-486,-6.23
2026-09-09T14:27:54.007,1788944274.0077,3848,2484,31.85,-390,-5.0
2026-09-09T14:27:54.018,1788944274.0187,3849,-7647,-98.04,-1784,-22.87
2026-09-09T14:27:54.039,1788944274.0399,3850,-1189,-15.24,-3500,-44.87
2026-09-09T14:27:54.039,1788944274.0399,3851,-10273,-131.71,-5075,-65.06
2026-09-09T14:27:54.039,1788944274.0399,3852,1682,21.56,-5014,-64.28
2026-09-09T14:27:54.055,1788944274.0559,3853,-3972,-50.92,-2721,-34.88
2026-09-09T14:27:54.071,1788944274.0718,3854,8102,103.87,460,5.9
2026-09-09T14:27:54.071,1788944274.0718,3855,382,4.9,3153,40.42
2026-09-09T14:27:54.087,1788944274.0877,3856,10041,128.73,4726,60.59
2026-09-09T14:27:54.087,1788944274.0877,3857,94,1.21,5139,65.88
2026-09-09T14:27:54.103,1788944274.1035,3858,5996,76.87,4056,52.0
2026-09-09T14:27:54.118,1788944274.1187,3859,-1636,-20.97,2612,33.49
2026-09-09T14:27:54.118,1788944274.1187,3860,5388,69.08,2028,26.0
2026-09-09T14:27:54.134,1788944274.1348,3861,-1492,-19.13,1912,24.51
2026-09-09T14:27:54.150,1788944274.1509,3862,7010,89.87,2353,30.17
2026-09-09T14:27:54.150,1788944274.1509,3863,208,2.67,3184,40.82
2026-09-09T14:27:54.166,1788944274.1669,3864,10346,132.64,4443,56.96
2026-09-09T14:27:54.182,1788944274.1825,3865,3715,47.63,6153,78.88
2026-09-09T14:27:54.182,1788944274.1825,3866,11044,141.59,7205,92.37
2026-09-09T14:27:54.198,1788944274.1984,3867,6332,81.18,8033,102.99
2026-09-09T14:27:54.214,1788944274.2143,3868,10041,128.73,8437,108.17
2026-09-09T14:27:54.220,1788944274.2206,3869,4576,58.67,7747,99.32
2026-09-09T14:27:54.230,1788944274.2302,3870,8547,109.58,6935,88.91
2026-09-09T14:27:54.230,1788944274.2302,3871,2557,32.78,6056,77.64
2026-09-09T14:27:54.246,1788944274.2462,3872,6815,87.37,5119,65.63
2026-09-09T14:27:54.246,1788944274.2462,3873,181,2.32,4092,52.46
2026-09-09T14:27:54.264,1788944274.2641,3874,4632,59.38,2952,37.85
2026-09-09T14:27:54.277,1788944274.2779,3875,-2564,-32.87,1720,22.05
2026-09-09T14:27:54.277,1788944274.2779,3876,2510,32.18,503,6.45
2026-09-09T14:27:54.293,1788944274.2938,3877,-5265,-67.5,-703,-9.01
2026-09-09T14:27:54.320,1788944274.3209,3878,-3118,-39.97,-2785,-35.71
2026-09-09T14:27:54.325,1788944274.3260,3879,-7357,-94.32,-4715,-60.45
2026-09-09T14:27:54.325,1788944274.3260,3880,-3849,-49.35,-5421,-69.5
2026-09-09T14:27:54.341,1788944274.3417,3881,-8590,-110.13,-5912,-75.79
2026-09-09T14:27:54.341,1788944274.3417,3882,-4774,-61.21,-6451,-82.71
2026-09-09T14:27:54.357,1788944274.3580,3883,-10351,-132.71,-7123,-91.32
2026-09-09T14:27:54.373,1788944274.3737,3884,-5647,-72.4,-7781,-99.76
2026-09-09T14:27:54.373,1788944274.3737,3885,-11845,-151.86,-8373,-107.35
2026-09-09T14:27:54.389,1788944274.3895,3886,-6039,-77.42,-8844,-113.38
2026-09-09T14:27:54.389,1788944274.3895,3887,-7404,-94.92,-7832,-100.41
2026-09-09T14:27:54.405,1788944274.4055,3888,-5703,-73.12,-6638,-85.1
2026-09-09T14:27:54.420,1788944274.4209,3889,-7855,-100.71,-6667,-85.47
2026-09-09T14:27:54.420,1788944274.4209,3890,-5172,-66.31,-6647,-85.22
2026-09-09T14:27:54.436,1788944274.4367,3891,-8230,-105.51,-6608,-84.72
2026-09-09T14:27:54.436,1788944274.4367,3892,-5068,-64.97,-6675,-85.58
2026-09-09T14:27:54.468,1788944274.4685,3893,-8989,-115.24,-6839,-87.68
2026-09-09T14:27:54.468,1788944274.4685,3894,-5320,-68.21,-7092,-90.92
2026-09-09T14:27:54.484,1788944274.4847,3895,-10544,-135.18,-7544,-96.72
2026-09-09T14:27:54.484,1788944274.4847,3896,-5793,-74.27,-8051,-103.22
2026-09-09T14:27:54.500,1788944274.5005,3897,-12123,-155.42,-8564,-109.79
2026-09-09T14:27:54.500,1788944274.5005,3898,-12381,-158.73,-10605,-135.96
2026-09-09T14:27:54.522,1788944274.5223,3899,-13239,-169.73,-12531,-160.65
2026-09-09T14:27:54.532,1788944274.5329,3900,-12048,-154.46,-12727,-163.17
2026-09-09T14:27:54.542,1788944274.5423,3901,-13627,-174.71,-12741,-163.35
2026-09-09T14:27:54.550,1788944274.5502,3902,-11500,-147.44,-12701,-162.83
2026-09-09T14:27:54.559,1788944274.5592,3903,-14208,-182.15,-12709,-162.94
2026-09-09T14:27:54.566,1788944274.5667,3904,-10695,-137.12,-12653,-162.22
2026-09-09T14:27:54.580,1788944274.5808,3905,-14344,-183.9,-12486,-160.08
2026-09-09T14:27:54.580,1788944274.5808,3906,-9712,-124.51,-12274,-157.36
2026-09-09T14:27:54.597,1788944274.5970,3907,-7546,-96.74,-10329,-132.42
2026-09-09T14:27:54.613,1788944274.6130,3908,-2338,-29.97,-6786,-87.0
2026-09-09T14:27:54.622,1788944274.6225,3909,-7388,-94.72,-4903,-62.86
2026-09-09T14:27:54.629,1788944274.6291,3910,-6697,-85.86,-5953,-76.32
2026-09-09T14:27:54.644,1788944274.6448,3911,-7682,-98.49,-7116,-91.23
2026-09-09T14:27:54.644,1788944274.6448,3912,-5704,-73.13,-6942,-89.0
2026-09-09T14:27:54.660,1788944274.6605,3913,-7160,-91.79,-6563,-84.14
2026-09-09T14:27:54.660,1788944274.6605,3914,-5036,-64.56,-6265,-80.32
2026-09-09T14:27:54.676,1788944274.6766,3915,-9200,-117.95,-6608,-84.72
2026-09-09T14:27:54.692,1788944274.6926,3916,-9203,-117.99,-8160,-104.62
2026-09-09T14:27:54.692,1788944274.6926,3917,-10138,-129.97,-9436,-120.97
2026-09-09T14:27:54.708,1788944274.7084,3918,-14545,-186.47,-11006,-141.1
2026-09-09T14:27:54.722,1788944274.7228,3919,-8494,-108.9,-11931,-152.96
2026-09-09T14:27:54.726,1788944274.7261,3920,-12740,-163.33,-11069,-141.91
2026-09-09T14:27:54.740,1788944274.7402,3921,-6916,-88.67,-10223,-131.06
2026-09-09T14:27:54.758,1788944274.7586,3922,-10687,-137.01,-9315,-119.42
2026-09-09T14:27:54.758,1788944274.7586,3923,-5559,-71.27,-8463,-108.5
2026-09-09T14:27:54.772,1788944274.7723,3924,-8390,-107.56,-7549,-96.78
2026-09-09T14:27:54.772,1788944274.7723,3925,-5259,-67.42,-6900,-88.46
2026-09-09T14:27:54.788,1788944274.7884,3926,-6983,-89.53,-6473,-82.99
2026-09-09T14:27:54.804,1788944274.8043,3927,-646,-8.28,-4968,-63.69
2026-09-09T14:27:54.804,1788944274.8043,3928,-6197,-79.45,-3618,-46.38
2026-09-09T14:27:54.822,1788944274.8229,3929,-1225,-15.71,-3567,-45.73
2026-09-09T14:27:54.822,1788944274.8229,3930,-5371,-68.86,-3505,-44.94
2026-09-09T14:27:54.836,1788944274.8364,3931,-1881,-24.12,-3462,-44.38
2026-09-09T14:27:54.852,1788944274.8524,3932,-4666,-59.82,-3450,-44.23
2026-09-09T14:27:54.852,1788944274.8524,3933,-2015,-25.83,-3307,-42.4
2026-09-09T14:27:54.868,1788944274.8683,3934,-2761,-35.4,-2865,-36.73
2026-09-09T14:27:54.868,1788944274.8683,3935,-3841,-49.24,-2845,-36.47
2026-09-09T14:27:54.899,1788944274.8998,3936,-3702,-47.46,-3537,-45.35
2026-09-09T14:27:54.899,1788944274.8998,3937,-7575,-97.12,-4705,-60.32
2026-09-09T14:27:54.899,1788944274.8998,3938,-6487,-83.17,-6335,-81.22
2026-09-09T14:27:54.923,1788944274.9231,3939,-8625,-110.58,-7294,-93.51
2026-09-09T14:27:54.931,1788944274.9316,3940,-6804,-87.23,-7636,-97.9
2026-09-09T14:27:54.931,1788944274.9316,3941,-6841,-87.71,-7269,-93.19
2026-09-09T14:27:54.947,1788944274.9477,3942,-4647,-59.58,-6284,-80.56
2026-09-09T14:27:54.947,1788944274.9477,3943,-6034,-77.36,-5543,-71.06
2026-09-09T14:27:54.963,1788944274.9636,3944,-3224,-41.33,-4985,-63.91
2026-09-09T14:27:54.979,1788944274.9794,3945,-5217,-66.88,-4425,-56.73
2026-09-09T14:27:54.979,1788944274.9794,3946,-2007,-25.73,-3917,-50.22
2026-09-09T14:27:54.995,1788944274.9953,3947,-2144,-27.49,-2844,-36.46
2026-09-09T14:27:55.011,1788944275.0113,3948,109,1.4,-1547,-19.83
2026-09-09T14:27:55.011,1788944275.0113,3949,-715,-9.17,-661,-8.47
2026-09-09T14:27:55.027,1788944275.0272,3950,732,9.38,-148,-1.9
2026-09-09T14:27:55.043,1788944275.0431,3951,-2025,-25.96,-319,-4.09
2026-09-09T14:27:55.043,1788944275.0431,3952,-2457,-31.5,-1444,-18.51
2026-09-09T14:27:55.058,1788944275.0588,3953,-5925,-75.96,-3216,-41.23
2026-09-09T14:27:55.058,1788944275.0588,3954,-6816,-87.38,-5281,-67.71
2026-09-09T14:27:55.074,1788944275.0749,3955,-10768,-138.05,-7582,-97.21
2026-09-09T14:27:55.092,1788944275.0928,3956,-14323,-183.63,-10669,-136.78
2026-09-09T14:27:55.092,1788944275.0928,3957,-8996,-115.33,-12103,-155.17
2026-09-09T14:27:55.112,1788944275.1120,3958,-9282,-119.0,-10400,-133.33
2026-09-09T14:27:55.123,1788944275.1234,3959,-6829,-87.55,-8598,-110.23
2026-09-09T14:27:55.123,1788944275.1234,3960,-6747,-86.5,-7422,-95.15
2026-09-09T14:27:55.138,1788944275.1390,3961,-5900,-75.64,-6556,-84.05
2026-09-09T14:27:55.138,1788944275.1390,3962,-3467,-44.45,-5504,-70.56
2026-09-09T14:27:55.155,1788944275.1551,3963,-7677,-98.42,-5128,-65.74
2026-09-09T14:27:55.170,1788944275.1710,3964,-2055,-26.35,-5219,-66.91
2026-09-09T14:27:55.188,1788944275.1889,3965,-6567,-84.19,-4589,-58.83
2026-09-09T14:27:55.188,1788944275.1889,3966,-32,-0.41,-3806,-48.79
2026-09-09T14:27:55.202,1788944275.2028,3967,-1929,-24.73,-2140,-27.44
2026-09-09T14:27:55.202,1788944275.2028,3968,1614,20.69,-569,-7.29
2026-09-09T14:27:55.224,1788944275.2242,3969,-1240,-15.9,14,0.18
2026-09-09T14:27:55.233,1788944275.2339,3970,3084,39.54,554,7.1
2026-09-09T14:27:55.233,1788944275.2339,3971,-874,-11.21,1013,12.99
2026-09-09T14:27:55.249,1788944275.2497,3972,3721,47.71,1264,16.21
2026-09-09T14:27:55.249,1788944275.2497,3973,-1023,-13.12,1386,17.77
2026-09-09T14:27:55.265,1788944275.2655,3974,4480,57.44,1538,19.72
2026-09-09T14:27:55.281,1788944275.2813,3975,-912,-11.69,1756,22.51
2026-09-09T14:27:55.281,1788944275.2813,3976,651,8.35,826,10.59
2026-09-09T14:27:55.297,1788944275.2974,3977,-1121,-14.37,-183,-2.35
2026-09-09T14:27:55.297,1788944275.2974,3978,1305,16.73,-72,-0.92
2026-09-09T14:27:55.313,1788944275.3133,3979,-1565,-20.06,-19,-0.24
2026-09-09T14:27:55.329,1788944275.3294,3980,1501,19.24,-81,-1.04
2026-09-09T14:27:55.329,1788944275.3294,3981,-2011,-25.78,-144,-1.85
2026-09-09T14:27:55.345,1788944275.3454,3982,2135,27.37,-97,-1.24
2026-09-09T14:27:55.361,1788944275.3615,3983,-1840,-23.59,104,1.33
2026-09-09T14:27:55.361,1788944275.3615,3984,3198,41.0,413,5.29
2026-09-09T14:27:55.377,1788944275.3774,3985,-1648,-21.13,727,9.32
2026-09-09T14:27:55.377,1788944275.3774,3986,4226,54.18,1032,13.23
2026-09-09T14:27:55.393,1788944275.3935,3987,2156,27.64,2240,28.72
2026-09-09T14:27:55.409,1788944275.4094,3988,5127,65.73,3416,43.79
2026-09-09T14:27:55.409,1788944275.4094,3989,2049,26.27,3614,46.33
2026-09-09T14:27:55.425,1788944275.4254,3990,5867,75.22,3773,48.37
2026-09-09T14:27:55.441,1788944275.4413,3991,1807,23.17,3897,49.96
2026-09-09T14:27:55.441,1788944275.4413,3992,6260,80.26,3935,50.45
2026-09-09T14:27:55.472,1788944275.4729,3993,1440,18.46,3941,50.53
2026-09-09T14:27:55.472,1788944275.4729,3994,6489,83.19,3907,50.09
2026-09-09T14:27:55.472,1788944275.4729,3995,1066,13.67,3871,49.63
2026-09-09T14:27:55.488,1788944275.4887,3996,2342,30.03,2740,35.13
2026-09-09T14:27:55.488,1788944275.4887,3997,699,8.96,1612,20.67
2026-09-09T14:27:55.504,1788944275.5045,3998,2730,35.0,1617,20.73
2026-09-09T14:27:55.520,1788944275.5203,3999,280,3.59,1609,20.63
2026-09-09T14:27:55.524,1788944275.5244,4000,3036,38.92,1581,20.27
2026-09-09T14:27:55.536,1788944275.5364,4001,-49,-0.63,1575,20.19
2026-09-09T14:27:55.552,1788944275.5522,4002,2811,36.04,1437,18.42
2026-09-09T14:27:55.559,1788944275.5594,4003,-344,-4.41,1307,16.76
2026-09-09T14:27:55.572,1788944275.5720,4004,2804,35.95,1231,15.78
2026-09-09T14:27:55.572,1788944275.5720,4005,224,2.87,1372,17.59
2026-09-09T14:27:55.588,1788944275.5882,4006,3658,46.9,1727,22.14
2026-09-09T14:27:55.604,1788944275.6046,4007,2734,35.05,2568,32.92
2026-09-09T14:27:55.616,1788944275.6161,4008,3921,50.27,3261,41.81
2026-09-09T14:27:55.624,1788944275.6246,4009,2445,31.35,3255,41.73
2026-09-09T14:27:55.632,1788944275.6322,4010,4001,51.29,3203,41.06
2026-09-09T14:27:55.632,1788944275.6322,4011,2326,29.82,3193,40.94
2026-09-09T14:27:55.648,1788944275.6481,4012,4324,55.44,3244,41.59
2026-09-09T14:27:55.664,1788944275.6643,4013,2592,33.23,3391,43.47
2026-09-09T14:27:55.670,1788944275.6705,4014,4984,63.9,3623,46.45
2026-09-09T14:27:55.680,1788944275.6802,4015,2967,38.04,3881,49.76
2026-09-09T14:27:55.680,1788944275.6802,4016,3680,47.18,3649,46.78
2026-09-09T14:27:55.696,1788944275.6963,4017,2981,38.22,3327,42.65
2026-09-09T14:27:55.712,1788944275.7123,4018,3844,49.28,3371,43.22
2026-09-09T14:27:55.721,1788944275.7216,4019,2790,35.77,3364,43.13
2026-09-09T14:27:55.729,1788944275.7290,4020,4293,55.04,3429,43.96
2026-09-09T14:27:55.744,1788944275.7443,4021,2871,36.81,3561,45.65
2026-09-09T14:27:55.762,1788944275.7624,4022,4784,61.33,3704,47.49
2026-09-09T14:27:55.762,1788944275.7630,4023,2915,37.37,3838,49.21
2026-09-09T14:27:55.762,1788944275.7630,4024,5122,65.67,3934,50.44
2026-09-09T14:27:55.775,1788944275.7759,4025,2828,36.26,3996,51.23
2026-09-09T14:27:55.791,1788944275.7920,4026,5419,69.47,4049,51.91
2026-09-09T14:27:55.791,1788944275.7920,4027,4486,57.51,4538,58.18
2026-09-09T14:27:55.808,1788944275.8080,4028,5611,71.94,5000,64.1
2026-09-09T14:27:55.808,1788944275.8080,4029,4386,56.23,5023,64.4
2026-09-09T14:27:55.825,1788944275.8250,4030,5882,75.41,5066,64.95
2026-09-09T14:27:55.839,1788944275.8397,4031,4473,57.35,5155,66.09
2026-09-09T14:27:55.855,1788944275.8556,4032,6550,83.97,5344,68.51
2026-09-09T14:27:55.855,1788944275.8556,4033,4452,57.08,5506,70.59
2026-09-09T14:27:55.871,1788944275.8716,4034,6828,87.54,5570,71.41
2026-09-09T14:27:55.871,1788944275.8716,4035,4038,51.77,5536,70.97
2026-09-09T14:27:55.887,1788944275.8874,4036,4562,58.49,4866,62.38
2026-09-09T14:27:55.903,1788944275.9031,4037,3444,44.15,4151,53.22
2026-09-09T14:27:55.903,1788944275.9031,4038,4768,61.13,4054,51.97
2026-09-09T14:27:55.925,1788944275.9254,4039,3096,39.69,4019,51.53
2026-09-09T14:27:55.934,1788944275.9350,4040,5082,65.15,4010,51.41
2026-09-09T14:27:55.934,1788944275.9350,4041,2552,32.72,3953,50.68
2026-09-09T14:27:55.950,1788944275.9507,4042,5348,68.56,3883,49.78
2026-09-09T14:27:55.950,1788944275.9507,4043,1774,22.74,3755,48.14
2026-09-09T14:27:55.966,1788944275.9668,4044,5925,75.96,3705,47.5
2026-09-09T14:27:55.982,1788944275.9826,4045,1247,15.99,3717,47.65
2026-09-09T14:27:55.982,1788944275.9826,4046,6711,86.04,3782,48.49
2026-09-09T14:27:55.998,1788944275.9987,4047,4804,61.59,4868,62.41
2026-09-09T14:27:55.998,1788944275.9987,4048,7343,94.14,5915,75.83
2026-09-09T14:27:56.014,1788944276.0147,4049,4482,57.46,5993,76.83
2026-09-09T14:27:56.030,1788944276.0307,4050,7970,102.18,6069,77.81
2026-09-09T14:27:56.030,1788944276.0307,4051,4084,52.36,6126,78.54
2026-09-09T14:27:56.046,1788944276.0465,4052,7800,100.0,5984,76.72
2026-09-09T14:27:56.062,1788944276.0625,4053,3582,45.92,5816,74.56
2026-09-09T14:27:56.062,1788944276.0625,4054,8123,104.14,5771,73.99
2026-09-09T14:27:56.078,1788944276.0784,4055,2978,38.18,5701,73.09
2026-09-09T14:27:56.078,1788944276.0784,4056,3940,50.51,4504,57.74
2026-09-09T14:27:56.094,1788944276.0942,4057,2384,30.56,3310,42.44
2026-09-09T14:27:56.110,1788944276.1103,4058,4209,53.96,3229,41.4
2026-09-09T14:27:56.110,1788944276.1103,4059,1646,21.1,3112,39.9
2026-09-09T14:27:56.126,1788944276.1264,4060,4536,58.15,3009,38.58
2026-09-09T14:27:56.142,1788944276.1421,4061,990,12.69,2927,37.53
2026-09-09T14:27:56.142,1788944276.1421,4062,4926,63.15,2860,36.67
2026-09-09T14:27:56.158,1788944276.1582,4063,484,6.21,2831,36.29
2026-09-09T14:27:56.174,1788944276.1740,4064,5337,68.42,2807,35.99
2026-09-09T14:27:56.174,1788944276.1740,4065,56,0.72,2803,35.94
2026-09-09T14:27:56.190,1788944276.1900,4066,5606,71.87,2763,35.42
2026-09-09T14:27:56.190,1788944276.1900,4067,3584,45.95,3713,47.6
2026-09-09T14:27:56.205,1788944276.2058,4068,5962,76.44,4684,60.05
2026-09-09T14:27:56.221,1788944276.2218,4069,3319,42.55,4706,60.33
2026-09-09T14:27:56.227,1788944276.2275,4070,6505,83.4,4776,61.23
2026-09-09T14:27:56.237,1788944276.2375,4071,2770,35.51,4774,61.21
2026-09-09T14:27:56.237,1788944276.2375,4072,6534,83.77,4644,59.54
2026-09-09T14:27:56.253,1788944276.2533,4073,2171,27.83,4502,57.72
2026-09-09T14:27:56.269,1788944276.2691,4074,6405,82.12,4320,55.38
2026-09-09T14:27:56.269,1788944276.2691,4075,1469,18.83,4112,52.72
2026-09-09T14:27:56.284,1788944276.2849,4076,2247,28.81,2897,37.14
2026-09-09T14:27:56.300,1788944276.3010,4077,932,11.95,1723,22.09
2026-09-09T14:27:56.316,1788944276.3168,4078,2587,33.17,1674,21.46
2026-09-09T14:27:56.316,1788944276.3168,4079,272,3.49,1594,20.44
2026-09-09T14:27:56.332,1788944276.3327,4080,2526,32.38,1414,18.13
2026-09-09T14:27:56.332,1788944276.3327,4081,-583,-7.47,1185,15.19
2026-09-09T14:27:56.348,1788944276.3486,4082,3018,38.69,1094,14.03
2026-09-09T14:27:56.348,1788944276.3486,4083,-884,-11.33,1142,14.64
2026-09-09T14:27:56.364,1788944276.3644,4084,3073,39.4,1080,13.85
2026-09-09T14:27:56.380,1788944276.3805,4085,-1042,-13.36,1055,13.53
2026-09-09T14:27:56.380,1788944276.3805,4086,3750,48.08,1184,15.18
2026-09-09T14:27:56.396,1788944276.3963,4087,2314,29.67,2193,28.12
2026-09-09T14:27:56.412,1788944276.4123,4088,4387,56.24,3191,40.91
2026-09-09T14:27:56.412,1788944276.4123,4089,2265,29.04,3338,42.79
2026-09-09T14:27:56.427,1788944276.4278,4090,5047,64.71,3491,44.76
2026-09-09T14:27:56.443,1788944276.4435,4091,2183,27.99,3635,46.6
2026-09-09T14:27:56.443,1788944276.4435,4092,5547,71.12,3740,47.95
2026-09-09T14:27:56.459,1788944276.4594,4093,2046,26.23,3830,49.1
2026-09-09T14:27:56.459,1788944276.4594,4094,5816,74.56,3863,49.53
2026-09-09T14:27:56.475,1788944276.4754,4095,1967,25.22,3911,50.14
2026-09-09T14:27:56.491,1788944276.4914,4096,2203,28.24,2988,38.31
2026-09-09T14:27:56.491,1788944276.4914,4097,1204,15.44,1894,24.28
2026-09-09T14:27:56.507,1788944276.5071,4098,2107,27.01,1679,21.53
2026-09-09T14:27:56.507,1788944276.5071,4099,381,4.88,1449,18.58
2026-09-09T14:27:56.529,1788944276.5293,4100,1881,24.12,1187,15.22
2026-09-09T14:27:56.538,1788944276.5389,4101,-216,-2.77,981,12.58
2026-09-09T14:27:56.538,1788944276.5389,4102,2014,25.82,865,11.09
2026-09-09T14:27:56.559,1788944276.5594,4103,-530,-6.79,820,10.51
2026-09-09T14:27:56.571,1788944276.5719,4104,2296,29.44,812,10.41
2026-09-09T14:27:56.587,1788944276.5871,4105,1864,23.9,1481,18.99
2026-09-09T14:27:56.587,1788944276.5871,4106,2563,32.86,2146,27.51
2026-09-09T14:27:56.602,1788944276.6028,4107,1598,20.49,2147,27.53
2026-09-09T14:27:56.602,1788944276.6028,4108,2877,36.88,2159,27.68
2026-09-09T14:27:56.618,1788944276.6188,4109,1484,19.03,2209,28.32
2026-09-09T14:27:56.629,1788944276.6294,4110,3390,43.46,2308,29.59
2026-09-09T14:27:56.634,1788944276.6350,4111,1176,15.08,2360,30.26
2026-09-09T14:27:56.650,1788944276.6509,4112,3235,41.47,2244,28.77
2026-09-09T14:27:56.650,1788944276.6509,4113,1051,13.47,2174,27.87
2026-09-09T14:27:56.666,1788944276.6670,4114,3473,44.53,2202,28.23
2026-09-09T14:27:56.682,1788944276.6828,4115,1001,12.83,2249,28.83
2026-09-09T14:27:56.682,1788944276.6828,4116,1275,16.35,1687,21.63
2026-09-09T14:27:56.698,1788944276.6985,4117,794,10.18,1086,13.92
2026-09-09T14:27:56.721,1788944276.7215,4118,1600,20.51,1115,14.29
2026-09-09T14:27:56.730,1788944276.7306,4119,661,8.47,1163,14.91
2026-09-09T14:27:56.730,1788944276.7306,4120,1962,25.15,1221,15.65
2026-09-09T14:27:56.730,1788944276.7306,4121,534,6.85,1279,16.4
2026-09-09T14:27:56.745,1788944276.7452,4122,2322,29.77,1338,17.15
2026-09-09T14:27:56.761,1788944276.7613,4123,427,5.47,1401,17.96
2026-09-09T14:27:56.761,1788944276.7613,4124,2679,34.35,1463,18.76
2026-09-09T14:27:56.779,1788944276.7796,4125,2420,31.03,2051,26.29
2026-09-09T14:27:56.793,1788944276.7932,4126,3078,39.46,2649,33.96
2026-09-09T14:27:56.793,1788944276.7932,4127,2325,29.81,2725,34.94
2026-09-09T14:27:56.809,1788944276.8091,4128,3471,44.5,2799,35.88
2026-09-09T14:27:56.809,1788944276.8091,4129,2185,28.01,2863,36.71
2026-09-09T14:27:56.830,1788944276.8307,4130,3827,49.06,2917,37.4
2026-09-09T14:27:56.841,1788944276.8413,4131,2028,26.0,2966,38.03
2026-09-09T14:27:56.857,1788944276.8573,4132,4162,53.36,3011,38.6
2026-09-09T14:27:56.857,1788944276.8573,4133,1835,23.53,3046,39.05
2026-09-09T14:27:56.873,1788944276.8732,4134,4316,55.33,3037,38.94
2026-09-09T14:27:56.873,1788944276.8732,4135,1565,20.06,3008,38.56
2026-09-09T14:27:56.888,1788944276.8890,4136,2003,25.68,2362,30.28
2026-09-09T14:27:56.888,1788944276.8890,4137,1499,19.22,1767,22.65
2026-09-09T14:27:56.952,1788944276.9525,4138,0,0.0,1250,16.03
2026-09-09T14:27:56.968,1788944276.9683,4139,0,0.0,374,4.79
2026-09-09T14:27:56.984,1788944276.9840,4140,0,0.0,0,0.0
2026-09-09T14:27:56.984,1788944276.9840,4141,0,0.0,0,0.0
2026-09-09T14:27:57.001,1788944277.0014,4142,0,0.0,0,0.0
2026-09-09T14:27:57.001,1788944277.0014,4143,0,0.0,0,0.0
2026-09-09T14:27:57.015,1788944277.0159,4144,0,0.0,0,0.0
2026-09-09T14:27:57.031,1788944277.0312,4145,0,0.0,0,0.0
2026-09-09T14:27:57.039,1788944277.0395,4146,0,0.0,0,0.0
2026-09-09T14:27:57.047,1788944277.0472,4147,0,0.0,0,0.0
2026-09-09T14:27:57.062,1788944277.0629,4148,0,0.0,0,0.0
2026-09-09T14:27:57.062,1788944277.0629,4149,0,0.0,0,0.0
2026-09-09T14:27:57.078,1788944277.0790,4150,0,0.0,0,0.0
2026-09-09T14:27:57.078,1788944277.0790,4151,0,0.0,0,0.0
2026-09-09T14:27:57.094,1788944277.0948,4152,0,0.0,0,0.0
2026-09-09T14:27:57.117,1788944277.1175,4153,0,0.0,0,0.0
2026-09-09T14:27:57.117,1788944277.1175,4154,0,0.0,0,0.0
2026-09-09T14:27:57.132,1788944277.1330,4155,0,0.0,0,0.0
2026-09-09T14:27:57.143,1788944277.1432,4156,0,0.0,0,0.0
2026-09-09T14:27:57.143,1788944277.1432,4157,0,0.0,0,0.0
2026-09-09T14:27:57.158,1788944277.1582,4158,0,0.0,0,0.0
2026-09-09T14:27:57.158,1788944277.1582,4159,0,0.0,0,0.0
2026-09-09T14:27:57.183,1788944277.1835,4160,0,0.0,0,0.0
2026-09-09T14:27:57.190,1788944277.1901,4161,0,0.0,0,0.0
2026-09-09T14:27:57.198,1788944277.1987,4162,0,0.0,0,0.0
2026-09-09T14:27:57.206,1788944277.2066,4163,0,0.0,0,0.0
2026-09-09T14:27:57.206,1788944277.2066,4164,0,0.0,0,0.0
2026-09-09T14:27:57.221,1788944277.2216,4165,0,0.0,0,0.0
2026-09-09T14:27:57.237,1788944277.2374,4166,0,0.0,0,0.0
2026-09-09T14:27:57.253,1788944277.2531,4167,0,0.0,0,0.0
2026-09-09T14:27:57.253,1788944277.2531,4168,0,0.0,0,0.0
2026-09-09T14:27:57.269,1788944277.2690,4169,0,0.0,0,0.0
2026-09-09T14:27:57.269,1788944277.2690,4170,0,0.0,0,0.0
2026-09-09T14:27:57.284,1788944277.2848,4171,0,0.0,0,0.0
2026-09-09T14:27:57.300,1788944277.3005,4172,0,0.0,0,0.0
2026-09-09T14:27:57.300,1788944277.3005,4173,0,0.0,0,0.0
2026-09-09T14:27:57.316,1788944277.3164,4174,0,0.0,0,0.0
2026-09-09T14:27:57.316,1788944277.3164,4175,0,0.0,0,0.0
2026-09-09T14:27:57.333,1788944277.3333,4176,0,0.0,0,0.0
2026-09-09T14:27:57.348,1788944277.3482,4177,0,0.0,0,0.0
2026-09-09T14:27:57.348,1788944277.3482,4178,0,0.0,0,0.0
2026-09-09T14:27:57.380,1788944277.3801,4179,0,0.0,0,0.0
2026-09-09T14:27:57.380,1788944277.3801,4180,0,0.0,0,0.0
2026-09-09T14:27:57.380,1788944277.3801,4181,0,0.0,0,0.0
2026-09-09T14:27:57.396,1788944277.3963,4182,0,0.0,0,0.0
2026-09-09T14:27:57.412,1788944277.4122,4183,0,0.0,0,0.0
2026-09-09T14:27:57.412,1788944277.4122,4184,0,0.0,0,0.0
2026-09-09T14:27:57.430,1788944277.4303,4185,0,0.0,0,0.0
2026-09-09T14:27:57.443,1788944277.4430,4186,0,0.0,0,0.0
2026-09-09T14:27:57.443,1788944277.4430,4187,0,0.0,0,0.0
2026-09-09T14:27:57.458,1788944277.4587,4188,0,0.0,0,0.0
2026-09-09T14:27:57.458,1788944277.4587,4189,0,0.0,0,0.0
2026-09-09T14:27:57.475,1788944277.4759,4190,0,0.0,0,0.0
2026-09-09T14:27:57.475,1788944277.4759,4191,0,0.0,0,0.0
2026-09-09T14:27:57.506,1788944277.5068,4192,0,0.0,0,0.0
2026-09-09T14:27:57.506,1788944277.5068,4193,0,0.0,0,0.0
2026-09-09T14:27:57.522,1788944277.5228,4194,0,0.0,0,0.0
2026-09-09T14:27:57.534,1788944277.5342,4195,0,0.0,0,0.0
2026-09-09T14:27:57.538,1788944277.5388,4196,0,0.0,0,0.0
2026-09-09T14:27:57.538,1788944277.5388,4197,0,0.0,0,0.0
2026-09-09T14:27:57.560,1788944277.5600,4198,0,0.0,0,0.0
2026-09-09T14:27:57.571,1788944277.5711,4199,0,0.0,0,0.0
2026-09-09T14:27:57.577,1788944277.5772,4200,0,0.0,0,0.0
2026-09-09T14:27:57.588,1788944277.5885,4201,0,0.0,0,0.0
2026-09-09T14:27:57.588,1788944277.5885,4202,0,0.0,0,0.0
2026-09-09T14:27:57.603,1788944277.6031,4203,0,0.0,0,0.0
2026-09-09T14:27:57.619,1788944277.6192,4204,0,0.0,0,0.0
2026-09-09T14:27:57.634,1788944277.6344,4205,0,0.0,0,0.0
2026-09-09T14:27:57.634,1788944277.6344,4206,0,0.0,0,0.0
2026-09-09T14:27:57.650,1788944277.6502,4207,0,0.0,0,0.0
2026-09-09T14:27:57.650,1788944277.6502,4208,0,0.0,0,0.0
2026-09-09T14:27:57.665,1788944277.6660,4209,0,0.0,0,0.0
2026-09-09T14:27:57.665,1788944277.6660,4210,0,0.0,0,0.0
2026-09-09T14:27:57.681,1788944277.6820,4211,0,0.0,0,0.0
2026-09-09T14:27:57.698,1788944277.6981,4212,0,0.0,0,0.0
2026-09-09T14:27:57.698,1788944277.6981,4213,0,0.0,0,0.0
2026-09-09T14:27:57.721,1788944277.7214,4214,0,0.0,0,0.0
2026-09-09T14:27:57.731,1788944277.7316,4215,0,0.0,0,0.0
2026-09-09T14:27:57.735,1788944277.7357,4216,0,0.0,0,0.0
2026-09-09T14:27:57.746,1788944277.7463,4217,0,0.0,0,0.0
2026-09-09T14:27:57.762,1788944277.7621,4218,0,0.0,0,0.0
2026-09-09T14:27:57.780,1788944277.7800,4219,0,0.0,0,0.0
2026-09-09T14:27:57.780,1788944277.7800,4220,0,0.0,0,0.0
2026-09-09T14:27:57.793,1788944277.7935,4221,0,0.0,0,0.0
2026-09-09T14:27:57.793,1788944277.7935,4222,0,0.0,0,0.0
2026-09-09T14:27:57.809,1788944277.8091,4223,0,0.0,0,0.0
2026-09-09T14:27:57.809,1788944277.8091,4224,0,0.0,0,0.0
2026-09-09T14:27:57.825,1788944277.8253,4225,0,0.0,0,0.0
2026-09-09T14:27:57.840,1788944277.8410,4226,0,0.0,0,0.0
2026-09-09T14:27:57.840,1788944277.8410,4227,0,0.0,0,0.0
2026-09-09T14:27:57.857,1788944277.8570,4228,0,0.0,0,0.0
2026-09-09T14:27:57.857,1788944277.8570,4229,0,0.0,0,0.0
2026-09-09T14:27:57.872,1788944277.8729,4230,0,0.0,0,0.0
2026-09-09T14:27:57.888,1788944277.8886,4231,0,0.0,0,0.0
2026-09-09T14:27:57.904,1788944277.9045,4232,0,0.0,0,0.0
2026-09-09T14:27:57.904,1788944277.9045,4233,0,0.0,0,0.0
2026-09-09T14:27:57.920,1788944277.9203,4234,0,0.0,0,0.0
2026-09-09T14:27:57.920,1788944277.9203,4235,0,0.0,0,0.0
2026-09-09T14:27:57.935,1788944277.9359,4236,0,0.0,0,0.0
2026-09-09T14:27:57.951,1788944277.9516,4237,0,0.0,0,0.0
2026-09-09T14:27:57.951,1788944277.9516,4238,0,0.0,0,0.0
2026-09-09T14:27:57.967,1788944277.9676,4239,0,0.0,0,0.0
2026-09-09T14:27:57.967,1788944277.9676,4240,0,0.0,0,0.0
2026-09-09T14:27:57.983,1788944277.9835,4241,0,0.0,0,0.0
2026-09-09T14:27:57.999,1788944277.9996,4242,0,0.0,0,0.0
2026-09-09T14:27:57.999,1788944277.9996,4243,0,0.0,0,0.0
2026-09-09T14:27:58.015,1788944278.0154,4244,0,0.0,0,0.0
2026-09-09T14:27:58.031,1788944278.0314,4245,0,0.0,0,0.0
2026-09-09T14:27:58.036,1788944278.0369,4246,0,0.0,0,0.0
2026-09-09T14:27:58.047,1788944278.0477,4247,0,0.0,0,0.0
2026-09-09T14:27:58.064,1788944278.0642,4248,0,0.0,0,0.0
2026-09-09T14:27:58.064,1788944278.0642,4249,0,0.0,0,0.0
2026-09-09T14:27:58.080,1788944278.0801,4250,0,0.0,0,0.0
2026-09-09T14:27:58.080,1788944278.0801,4251,0,0.0,0,0.0
2026-09-09T14:27:58.096,1788944278.0962,4252,0,0.0,0,0.0
2026-09-09T14:27:58.112,1788944278.1120,4253,0,0.0,0,0.0
2026-09-09T14:27:58.112,1788944278.1120,4254,0,0.0,0,0.0
2026-09-09T14:27:58.128,1788944278.1281,4255,0,0.0,0,0.0
2026-09-09T14:27:58.136,1788944278.1370,4256,0,0.0,0,0.0
2026-09-09T14:27:58.144,1788944278.1443,4257,0,0.0,0,0.0
2026-09-09T14:27:58.159,1788944278.1600,4258,0,0.0,0,0.0
2026-09-09T14:27:58.159,1788944278.1600,4259,0,0.0,0,0.0
2026-09-09T14:27:58.175,1788944278.1757,4260,0,0.0,0,0.0
2026-09-09T14:27:58.191,1788944278.1915,4261,0,0.0,0,0.0
2026-09-09T14:27:58.191,1788944278.1915,4262,0,0.0,0,0.0
2026-09-09T14:27:58.207,1788944278.2072,4263,0,0.0,0,0.0
2026-09-09T14:27:58.223,1788944278.2230,4264,0,0.0,0,0.0
2026-09-09T14:27:58.223,1788944278.2230,4265,0,0.0,0,0.0
2026-09-09T14:27:58.238,1788944278.2387,4266,0,0.0,0,0.0
2026-09-09T14:27:58.238,1788944278.2387,4267,0,0.0,0,0.0
2026-09-09T14:27:58.254,1788944278.2545,4268,0,0.0,0,0.0
2026-09-09T14:27:58.270,1788944278.2706,4269,0,0.0,0,0.0
2026-09-09T14:27:58.286,1788944278.2864,4270,0,0.0,0,0.0
2026-09-09T14:27:58.286,1788944278.2864,4271,0,0.0,0,0.0
2026-09-09T14:27:58.302,1788944278.3021,4272,0,0.0,0,0.0
2026-09-09T14:27:58.302,1788944278.3021,4273,0,0.0,0,0.0
2026-09-09T14:27:58.318,1788944278.3182,4274,0,0.0,0,0.0
2026-09-09T14:27:58.334,1788944278.3341,4275,0,0.0,0,0.0
2026-09-09T14:27:58.337,1788944278.3373,4276,0,0.0,0,0.0
2026-09-09T14:27:58.349,1788944278.3499,4277,0,0.0,0,0.0
2026-09-09T14:27:58.365,1788944278.3659,4278,0,0.0,0,0.0
2026-09-09T14:27:58.365,1788944278.3659,4279,0,0.0,0,0.0
2026-09-09T14:27:58.381,1788944278.3817,4280,0,0.0,0,0.0
2026-09-09T14:27:58.381,1788944278.3817,4281,0,0.0,0,0.0
2026-09-09T14:27:58.399,1788944278.3995,4282,0,0.0,0,0.0
2026-09-09T14:27:58.413,1788944278.4135,4283,0,0.0,0,0.0
2026-09-09T14:27:58.413,1788944278.4135,4284,0,0.0,0,0.0
2026-09-09T14:27:58.429,1788944278.4294,4285,0,0.0,0,0.0
2026-09-09T14:27:58.437,1788944278.4376,4286,0,0.0,0,0.0
2026-09-09T14:27:58.445,1788944278.4452,4287,0,0.0,0,0.0
2026-09-09T14:27:58.461,1788944278.4612,4288,0,0.0,0,0.0
2026-09-09T14:27:58.461,1788944278.4612,4289,0,0.0,0,0.0
2026-09-09T14:27:58.477,1788944278.4771,4290,0,0.0,0,0.0
2026-09-09T14:27:58.492,1788944278.4928,4291,0,0.0,0,0.0
2026-09-09T14:27:58.492,1788944278.4928,4292,0,0.0,0,0.0
2026-09-09T14:27:58.508,1788944278.5087,4293,0,0.0,0,0.0
2026-09-09T14:27:58.508,1788944278.5087,4294,0,0.0,0,0.0
2026-09-09T14:27:58.524,1788944278.5245,4295,0,0.0,0,0.0
2026-09-09T14:27:58.540,1788944278.5407,4296,0,0.0,0,0.0
2026-09-09T14:27:58.540,1788944278.5407,4297,0,0.0,0,0.0
2026-09-09T14:27:58.559,1788944278.5592,4298,0,0.0,0,0.0
2026-09-09T14:27:58.573,1788944278.5730,4299,0,0.0,0,0.0
2026-09-09T14:27:58.573,1788944278.5730,4300,0,0.0,0,0.0
2026-09-09T14:27:58.588,1788944278.5883,4301,0,0.0,0,0.0
2026-09-09T14:27:58.588,1788944278.5883,4302,0,0.0,0,0.0
2026-09-09T14:27:58.604,1788944278.6043,4303,0,0.0,0,0.0
2026-09-09T14:27:58.620,1788944278.6201,4304,0,0.0,0,0.0
2026-09-09T14:27:58.620,1788944278.6201,4305,0,0.0,0,0.0
2026-09-09T14:27:58.637,1788944278.6378,4306,0,0.0,0,0.0
2026-09-09T14:27:58.637,1788944278.6378,4307,0,0.0,0,0.0
2026-09-09T14:27:58.651,1788944278.6518,4308,0,0.0,0,0.0
2026-09-09T14:27:58.667,1788944278.6679,4309,0,0.0,0,0.0
2026-09-09T14:27:58.683,1788944278.6836,4310,0,0.0,0,0.0
2026-09-09T14:27:58.683,1788944278.6836,4311,0,0.0,0,0.0
2026-09-09T14:27:58.699,1788944278.6993,4312,0,0.0,0,0.0
2026-09-09T14:27:58.699,1788944278.6993,4313,0,0.0,0,0.0
2026-09-09T14:27:58.715,1788944278.7154,4314,0,0.0,0,0.0
2026-09-09T14:27:58.732,1788944278.7323,4315,0,0.0,0,0.0
2026-09-09T14:27:58.738,1788944278.7381,4316,0,0.0,0,0.0
2026-09-09T14:27:58.747,1788944278.7475,4317,0,0.0,0,0.0
2026-09-09T14:27:58.747,1788944278.7475,4318,0,0.0,0,0.0
2026-09-09T14:27:58.763,1788944278.7636,4319,0,0.0,0,0.0
2026-09-09T14:27:58.781,1788944278.7815,4320,0,0.0,0,0.0
2026-09-09T14:27:58.795,1788944278.7956,4321,0,0.0,0,0.0
2026-09-09T14:27:58.795,1788944278.7956,4322,0,0.0,0,0.0
2026-09-09T14:27:58.795,1788944278.7956,4323,0,0.0,0,0.0
2026-09-09T14:27:58.811,1788944278.8113,4324,0,0.0,0,0.0
2026-09-09T14:27:58.827,1788944278.8273,4325,0,0.0,0,0.0
2026-09-09T14:27:58.843,1788944278.8431,4326,0,0.0,0,0.0
2026-09-09T14:27:58.843,1788944278.8431,4327,0,0.0,0,0.0
2026-09-09T14:27:58.859,1788944278.8592,4328,0,0.0,0,0.0
2026-09-09T14:27:58.859,1788944278.8592,4329,0,0.0,0,0.0
2026-09-09T14:27:58.875,1788944278.8751,4330,0,0.0,0,0.0
2026-09-09T14:27:58.891,1788944278.8912,4331,0,0.0,0,0.0
2026-09-09T14:27:58.891,1788944278.8912,4332,0,0.0,0,0.0
2026-09-09T14:27:58.907,1788944278.9072,4333,0,0.0,0,0.0
2026-09-09T14:27:58.923,1788944278.9232,4334,0,0.0,0,0.0
2026-09-09T14:27:58.923,1788944278.9232,4335,0,0.0,0,0.0
2026-09-09T14:27:58.939,1788944278.9392,4336,0,0.0,0,0.0
2026-09-09T14:27:58.939,1788944278.9392,4337,0,0.0,0,0.0
2026-09-09T14:27:58.955,1788944278.9551,4338,0,0.0,0,0.0
2026-09-09T14:27:58.971,1788944278.9710,4339,0,0.0,0,0.0
2026-09-09T14:27:58.971,1788944278.9710,4340,0,0.0,0,0.0
2026-09-09T14:27:58.986,1788944278.9868,4341,0,0.0,0,0.0
2026-09-09T14:27:59.002,1788944279.0026,4342,0,0.0,0,0.0
2026-09-09T14:27:59.002,1788944279.0026,4343,0,0.0,0,0.0
2026-09-09T14:27:59.018,1788944279.0186,4344,0,0.0,0,0.0
2026-09-09T14:27:59.018,1788944279.0186,4345,0,0.0,0,0.0
2026-09-09T14:27:59.038,1788944279.0382,4346,0,0.0,0,0.0
2026-09-09T14:27:59.050,1788944279.0507,4347,0,0.0,0,0.0
2026-09-09T14:27:59.050,1788944279.0507,4348,0,0.0,0,0.0
2026-09-09T14:27:59.066,1788944279.0667,4349,0,0.0,0,0.0
2026-09-09T14:27:59.082,1788944279.0826,4350,0,0.0,0,0.0
2026-09-09T14:27:59.082,1788944279.0826,4351,0,0.0,0,0.0
2026-09-09T14:27:59.098,1788944279.0985,4352,0,0.0,0,0.0
2026-09-09T14:27:59.114,1788944279.1146,4353,0,0.0,0,0.0
2026-09-09T14:27:59.114,1788944279.1146,4354,0,0.0,0,0.0
2026-09-09T14:27:59.130,1788944279.1306,4355,0,0.0,0,0.0
2026-09-09T14:27:59.138,1788944279.1383,4356,0,0.0,0,0.0
2026-09-09T14:27:59.146,1788944279.1465,4357,0,0.0,0,0.0
2026-09-09T14:27:59.158,1788944279.1586,4358,0,0.0,0,0.0
2026-09-09T14:27:59.178,1788944279.1784,4359,0,0.0,0,0.0
2026-09-09T14:27:59.178,1788944279.1784,4360,0,0.0,0,0.0
2026-09-09T14:27:59.178,1788944279.1784,4361,0,0.0,0,0.0
2026-09-09T14:27:59.194,1788944279.1943,4362,0,0.0,0,0.0
2026-09-09T14:27:59.210,1788944279.2105,4363,0,0.0,0,0.0
2026-09-09T14:27:59.210,1788944279.2105,4364,0,0.0,0,0.0
2026-09-09T14:27:59.226,1788944279.2265,4365,0,0.0,0,0.0
2026-09-09T14:27:59.238,1788944279.2384,4366,0,0.0,0,0.0
2026-09-09T14:27:59.242,1788944279.2425,4367,0,0.0,0,0.0
2026-09-09T14:27:59.258,1788944279.2584,4368,0,0.0,0,0.0
2026-09-09T14:27:59.258,1788944279.2584,4369,0,0.0,0,0.0
2026-09-09T14:27:59.274,1788944279.2743,4370,0,0.0,0,0.0
2026-09-09T14:27:59.290,1788944279.2903,4371,0,0.0,0,0.0
2026-09-09T14:27:59.306,1788944279.3061,4372,0,0.0,0,0.0
2026-09-09T14:27:59.306,1788944279.3061,4373,0,0.0,0,0.0
2026-09-09T14:27:59.306,1788944279.3061,4374,0,0.0,0,0.0
2026-09-09T14:27:59.322,1788944279.3221,4375,0,0.0,0,0.0
2026-09-09T14:27:59.339,1788944279.3394,4376,0,0.0,0,0.0
2026-09-09T14:27:59.339,1788944279.3394,4377,0,0.0,0,0.0
2026-09-09T14:27:59.353,1788944279.3539,4378,0,0.0,0,0.0
2026-09-09T14:27:59.369,1788944279.3698,4379,0,0.0,0,0.0
2026-09-09T14:27:59.369,1788944279.3698,4380,0,0.0,0,0.0
2026-09-09T14:27:59.385,1788944279.3858,4381,0,0.0,0,0.0
2026-09-09T14:27:59.401,1788944279.4020,4382,0,0.0,0,0.0
2026-09-09T14:27:59.401,1788944279.4020,4383,0,0.0,0,0.0
2026-09-09T14:27:59.417,1788944279.4180,4384,0,0.0,0,0.0
2026-09-09T14:27:59.434,1788944279.4340,4385,0,0.0,0,0.0
2026-09-09T14:27:59.439,1788944279.4394,4386,0,0.0,0,0.0
2026-09-09T14:27:59.449,1788944279.4500,4387,0,0.0,0,0.0
2026-09-09T14:27:59.449,1788944279.4500,4388,0,0.0,0,0.0
2026-09-09T14:27:59.466,1788944279.4660,4389,0,0.0,0,0.0
2026-09-09T14:27:59.482,1788944279.4821,4390,0,0.0,0,0.0
2026-09-09T14:27:59.482,1788944279.4821,4391,0,0.0,0,0.0
2026-09-09T14:27:59.498,1788944279.4981,4392,0,0.0,0,0.0
2026-09-09T14:27:59.513,1788944279.5140,4393,0,0.0,0,0.0
2026-09-09T14:27:59.513,1788944279.5140,4394,0,0.0,0,0.0
2026-09-09T14:27:59.530,1788944279.5301,4395,0,0.0,0,0.0
2026-09-09T14:27:59.539,1788944279.5395,4396,0,0.0,0,0.0
2026-09-09T14:27:59.547,1788944279.5475,4397,0,0.0,0,0.0
2026-09-09T14:27:59.563,1788944279.5637,4398,0,0.0,0,0.0
2026-09-09T14:27:59.563,1788944279.5637,4399,0,0.0,0,0.0
2026-09-09T14:27:59.577,1788944279.5779,4400,0,0.0,0,0.0
2026-09-09T14:27:59.593,1788944279.5939,4401,0,0.0,0,0.0
2026-09-09T14:27:59.593,1788944279.5939,4402,0,0.0,0,0.0
2026-09-09T14:27:59.609,1788944279.6097,4403,0,0.0,0,0.0
2026-09-09T14:27:59.609,1788944279.6097,4404,0,0.0,0,0.0
2026-09-09T14:27:59.625,1788944279.6254,4405,0,0.0,0,0.0
2026-09-09T14:27:59.641,1788944279.6414,4406,0,0.0,0,0.0
2026-09-09T14:27:59.657,1788944279.6570,4407,0,0.0,0,0.0
2026-09-09T14:27:59.661,1788944279.6616,4408,0,0.0,0,0.0
2026-09-09T14:27:59.664,1788944279.6648,4409,0,0.0,0,0.0
2026-09-09T14:27:59.672,1788944279.6729,4410,0,0.0,0,0.0
2026-09-09T14:27:59.688,1788944279.6887,4411,0,0.0,0,0.0
2026-09-09T14:27:59.704,1788944279.7048,4412,0,0.0,0,0.0
2026-09-09T14:27:59.704,1788944279.7048,4413,0,0.0,0,0.0
2026-09-09T14:27:59.722,1788944279.7229,4414,0,0.0,0,0.0
2026-09-09T14:27:59.722,1788944279.7229,4415,0,0.0,0,0.0
2026-09-09T14:27:59.739,1788944279.7395,4416,0,0.0,0,0.0
2026-09-09T14:27:59.739,1788944279.7395,4417,0,0.0,0,0.0
2026-09-09T14:27:59.753,1788944279.7530,4418,0,0.0,0,0.0
2026-09-09T14:27:59.769,1788944279.7690,4419,0,0.0,0,0.0
2026-09-09T14:27:59.769,1788944279.7690,4420,0,0.0,0,0.0
2026-09-09T14:27:59.787,1788944279.7879,4421,0,0.0,0,0.0
2026-09-09T14:27:59.787,1788944279.7879,4422,0,0.0,0,0.0
2026-09-09T14:27:59.800,1788944279.8007,4423,0,0.0,0,0.0
2026-09-09T14:27:59.816,1788944279.8167,4424,0,0.0,0,0.0
2026-09-09T14:27:59.832,1788944279.8324,4425,0,0.0,0,0.0
2026-09-09T14:27:59.839,1788944279.8398,4426,0,0.0,0,0.0
2026-09-09T14:27:59.848,1788944279.8484,4427,0,0.0,0,0.0
2026-09-09T14:27:59.848,1788944279.8484,4428,0,0.0,0,0.0
2026-09-09T14:27:59.864,1788944279.8641,4429,0,0.0,0,0.0
2026-09-09T14:27:59.880,1788944279.8801,4430,0,0.0,0,0.0
2026-09-09T14:27:59.880,1788944279.8801,4431,0,0.0,0,0.0
2026-09-09T14:27:59.896,1788944279.8963,4432,0,0.0,0,0.0
2026-09-09T14:27:59.912,1788944279.9122,4433,0,0.0,0,0.0
2026-09-09T14:27:59.912,1788944279.9122,4434,0,0.0,0,0.0
2026-09-09T14:27:59.927,1788944279.9279,4435,0,0.0,0,0.0
2026-09-09T14:27:59.943,1788944279.9436,4436,0,0.0,0,0.0
2026-09-09T14:27:59.943,1788944279.9436,4437,0,0.0,0,0.0
2026-09-09T14:27:59.959,1788944279.9594,4438,0,0.0,0,0.0
2026-09-09T14:27:59.959,1788944279.9594,4439,0,0.0,0,0.0
2026-09-09T14:27:59.975,1788944279.9753,4440,0,0.0,0,0.0
2026-09-09T14:27:59.975,1788944279.9753,4441,0,0.0,0,0.0
2026-09-09T14:27:59.991,1788944279.9913,4442,0,0.0,0,0.0
2026-09-09T14:28:00.013,1788944280.0133,4443,0,0.0,0,0.0
2026-09-09T14:28:00.017,1788944280.0176,4444,0,0.0,0,0.0
2026-09-09T14:28:00.023,1788944280.0231,4445,0,0.0,0,0.0
2026-09-09T14:28:00.040,1788944280.0402,4446,0,0.0,0,0.0
2026-09-09T14:28:00.040,1788944280.0402,4447,0,0.0,0,0.0
2026-09-09T14:28:00.055,1788944280.0554,4448,0,0.0,0,0.0
2026-09-09T14:28:00.078,1788944280.0781,4449,0,0.0,0,0.0
2026-09-09T14:28:00.087,1788944280.0872,4450,0,0.0,0,0.0
2026-09-09T14:28:00.087,1788944280.0872,4451,0,0.0,0,0.0
2026-09-09T14:28:00.102,1788944280.1028,4452,0,0.0,0,0.0
2026-09-09T14:28:00.102,1788944280.1028,4453,0,0.0,0,0.0
2026-09-09T14:28:00.118,1788944280.1188,4454,0,0.0,0,0.0
2026-09-09T14:28:00.118,1788944280.1188,4455,0,0.0,0,0.0
2026-09-09T14:28:00.140,1788944280.1405,4456,0,0.0,0,0.0
2026-09-09T14:28:00.150,1788944280.1506,4457,0,0.0,0,0.0
2026-09-09T14:28:00.150,1788944280.1506,4458,0,0.0,0,0.0
2026-09-09T14:28:00.166,1788944280.1664,4459,0,0.0,0,0.0
2026-09-09T14:28:00.166,1788944280.1664,4460,0,0.0,0,0.0
2026-09-09T14:28:00.182,1788944280.1822,4461,0,0.0,0,0.0
2026-09-09T14:28:00.214,1788944280.2141,4462,0,0.0,0,0.0
2026-09-09T14:28:00.214,1788944280.2141,4463,0,0.0,0,0.0
2026-09-09T14:28:00.214,1788944280.2141,4464,0,0.0,0,0.0
2026-09-09T14:28:00.230,1788944280.2303,4465,0,0.0,0,0.0
2026-09-09T14:28:00.240,1788944280.2407,4466,0,0.0,0,0.0
2026-09-09T14:28:00.246,1788944280.2463,4467,0,0.0,0,0.0
2026-09-09T14:28:00.261,1788944280.2620,4468,0,0.0,0,0.0
2026-09-09T14:28:00.261,1788944280.2620,4469,0,0.0,0,0.0
2026-09-09T14:28:00.278,1788944280.2781,4470,0,0.0,0,0.0
2026-09-09T14:28:00.294,1788944280.2940,4471,0,0.0,0,0.0
2026-09-09T14:28:00.294,1788944280.2940,4472,0,0.0,0,0.0
2026-09-09T14:28:00.310,1788944280.3100,4473,0,0.0,0,0.0
2026-09-09T14:28:00.310,1788944280.3100,4474,0,0.0,0,0.0
2026-09-09T14:28:00.340,1788944280.3409,4475,0,0.0,0,0.0
2026-09-09T14:28:00.341,1788944280.3419,4476,0,0.0,0,0.0
2026-09-09T14:28:00.341,1788944280.3419,4477,0,0.0,0,0.0
2026-09-09T14:28:00.357,1788944280.3579,4478,0,0.0,0,0.0
2026-09-09T14:28:00.374,1788944280.3740,4479,0,0.0,0,0.0
2026-09-09T14:28:00.374,1788944280.3740,4480,0,0.0,0,0.0
2026-09-09T14:28:00.390,1788944280.3901,4481,0,0.0,0,0.0
2026-09-09T14:28:00.390,1788944280.3901,4482,0,0.0,0,0.0
2026-09-09T14:28:00.454,1788944280.4541,4483,0,0.0,0,0.0
2026-09-09T14:28:00.745,1788944280.7452,4484,0,0.0,0,0.0
2026-09-09T14:28:00.842,1788944280.8424,4485,0,0.0,0,0.0
2026-09-09T14:28:00.851,1788944280.8520,4486,0,0.0,0,0.0
2026-09-09T14:28:00.851,1788944280.8520,4487,0,0.0,0,0.0
2026-09-09T14:28:00.868,1788944280.8680,4488,0,0.0,0,0.0
2026-09-09T14:28:00.868,1788944280.8680,4489,0,0.0,0,0.0
2026-09-09T14:28:00.884,1788944280.8842,4490,0,0.0,0,0.0
2026-09-09T14:28:00.900,1788944280.9001,4491,0,0.0,0,0.0
2026-09-09T14:28:00.900,1788944280.9001,4492,0,0.0,0,0.0
2026-09-09T14:28:00.916,1788944280.9162,4493,0,0.0,0,0.0
2026-09-09T14:28:00.916,1788944280.9162,4494,0,0.0,0,0.0
2026-09-09T14:28:00.932,1788944280.9321,4495,0,0.0,0,0.0
2026-09-09T14:28:00.947,1788944280.9479,4496,0,0.0,0,0.0
2026-09-09T14:28:00.963,1788944280.9640,4497,0,0.0,0,0.0
2026-09-09T14:28:00.979,1788944280.9796,4498,0,0.0,0,0.0
2026-09-09T14:28:00.979,1788944280.9796,4499,0,0.0,0,0.0
2026-09-09T14:28:00.995,1788944280.9957,4500,0,0.0,0,0.0
2026-09-09T14:28:00.995,1788944280.9957,4501,0,0.0,0,0.0
2026-09-09T14:28:01.011,1788944281.0117,4502,0,0.0,0,0.0
2026-09-09T14:28:01.011,1788944281.0117,4503,0,0.0,0,0.0
2026-09-09T14:28:01.027,1788944281.0277,4504,0,0.0,0,0.0
2026-09-09T14:28:01.027,1788944281.0277,4505,0,0.0,0,0.0
2026-09-09T14:28:01.042,1788944281.0429,4506,0,0.0,0,0.0
2026-09-09T14:28:01.058,1788944281.0587,4507,0,0.0,0,0.0
2026-09-09T14:28:01.058,1788944281.0587,4508,0,0.0,0,0.0
2026-09-09T14:28:01.074,1788944281.0747,4509,0,0.0,0,0.0
2026-09-09T14:28:01.090,1788944281.0905,4510,0,0.0,0,0.0
2026-09-09T14:28:01.106,1788944281.1066,4511,0,0.0,0,0.0
2026-09-09T14:28:01.106,1788944281.1066,4512,0,0.0,0,0.0
2026-09-09T14:28:01.124,1788944281.1245,4513,0,0.0,0,0.0
2026-09-09T14:28:01.131,1788944281.1310,4514,0,0.0,0,0.0
2026-09-09T14:28:01.138,1788944281.1383,4515,0,0.0,0,0.0
2026-09-09T14:28:01.144,1788944281.1445,4516,0,0.0,0,0.0
2026-09-09T14:28:01.154,1788944281.1541,4517,0,0.0,0,0.0
2026-09-09T14:28:01.169,1788944281.1699,4518,0,0.0,0,0.0
2026-09-09T14:28:01.169,1788944281.1699,4519,0,0.0,0,0.0
2026-09-09T14:28:01.185,1788944281.1860,4520,0,0.0,0,0.0
2026-09-09T14:28:01.185,1788944281.1860,4521,0,0.0,0,0.0
2026-09-09T14:28:01.201,1788944281.2017,4522,0,0.0,0,0.0
2026-09-09T14:28:01.217,1788944281.2176,4523,0,0.0,0,0.0
2026-09-09T14:28:01.233,1788944281.2336,4524,0,0.0,0,0.0
2026-09-09T14:28:01.233,1788944281.2336,4525,0,0.0,0,0.0
2026-09-09T14:28:01.249,1788944281.2497,4526,0,0.0,0,0.0
2026-09-09T14:28:01.249,1788944281.2497,4527,0,0.0,0,0.0
2026-09-09T14:28:01.265,1788944281.2658,4528,0,0.0,0,0.0
2026-09-09T14:28:01.265,1788944281.2658,4529,0,0.0,0,0.0
2026-09-09T14:28:01.281,1788944281.2818,4530,0,0.0,0,0.0
2026-09-09T14:28:01.297,1788944281.2979,4531,0,0.0,0,0.0
2026-09-09T14:28:01.314,1788944281.3140,4532,0,0.0,0,0.0
2026-09-09T14:28:01.314,1788944281.3140,4533,0,0.0,0,0.0
2026-09-09T14:28:01.329,1788944281.3299,4534,0,0.0,0,0.0
2026-09-09T14:28:01.329,1788944281.3299,4535,0,0.0,0,0.0
2026-09-09T14:28:01.345,1788944281.3457,4536,0,0.0,0,0.0
2026-09-09T14:28:01.361,1788944281.3618,4537,0,0.0,0,0.0
2026-09-09T14:28:01.361,1788944281.3618,4538,0,0.0,0,0.0
2026-09-09T14:28:01.377,1788944281.3778,4539,0,0.0,0,0.0
2026-09-09T14:28:01.377,1788944281.3778,4540,0,0.0,0,0.0
2026-09-09T14:28:01.393,1788944281.3935,4541,0,0.0,0,0.0
2026-09-09T14:28:01.409,1788944281.4093,4542,0,0.0,0,0.0
2026-09-09T14:28:01.409,1788944281.4093,4543,0,0.0,0,0.0
2026-09-09T14:28:01.425,1788944281.4253,4544,0,0.0,0,0.0
2026-09-09T14:28:01.441,1788944281.4412,4545,0,0.0,0,0.0
2026-09-09T14:28:01.444,1788944281.4447,4546,0,0.0,0,0.0
2026-09-09T14:28:01.457,1788944281.4575,4547,0,0.0,0,0.0
2026-09-09T14:28:01.473,1788944281.4733,4548,0,0.0,0,0.0
2026-09-09T14:28:01.473,1788944281.4733,4549,0,0.0,0,0.0
2026-09-09T14:28:01.489,1788944281.4890,4550,0,0.0,0,0.0
2026-09-09T14:28:01.489,1788944281.4890,4551,0,0.0,0,0.0
2026-09-09T14:28:01.505,1788944281.5051,4552,0,0.0,0,0.0
2026-09-09T14:28:01.521,1788944281.5211,4553,0,0.0,0,0.0
2026-09-09T14:28:01.521,1788944281.5211,4554,0,0.0,0,0.0
2026-09-09T14:28:01.536,1788944281.5367,4555,0,0.0,0,0.0
2026-09-09T14:28:01.552,1788944281.5527,4556,0,0.0,0,0.0
2026-09-09T14:28:01.559,1788944281.5590,4557,0,0.0,0,0.0
2026-09-09T14:28:01.569,1788944281.5698,4558,0,0.0,0,0.0
2026-09-09T14:28:01.569,1788944281.5698,4559,0,0.0,0,0.0
2026-09-09T14:28:01.584,1788944281.5844,4560,0,0.0,0,0.0
2026-09-09T14:28:01.600,1788944281.6004,4561,0,0.0,0,0.0
2026-09-09T14:28:01.600,1788944281.6004,4562,0,0.0,0,0.0
2026-09-09T14:28:01.616,1788944281.6164,4563,0,0.0,0,0.0
2026-09-09T14:28:01.632,1788944281.6325,4564,0,0.0,0,0.0
2026-09-09T14:28:01.644,1788944281.6446,4565,0,0.0,0,0.0
2026-09-09T14:28:01.648,1788944281.6482,4566,0,0.0,0,0.0
2026-09-09T14:28:01.648,1788944281.6482,4567,0,0.0,0,0.0
2026-09-09T14:28:01.663,1788944281.6639,4568,0,0.0,0,0.0
2026-09-09T14:28:01.679,1788944281.6798,4569,0,0.0,0,0.0
2026-09-09T14:28:01.695,1788944281.6955,4570,0,0.0,0,0.0
2026-09-09T14:28:01.695,1788944281.6955,4571,0,0.0,0,0.0
2026-09-09T14:28:01.705,1788944281.7060,4572,0,0.0,0,0.0
2026-09-09T14:28:01.713,1788944281.7130,4573,0,0.0,0,0.0
2026-09-09T14:28:01.728,1788944281.7285,4574,0,0.0,0,0.0
2026-09-09T14:28:01.745,1788944281.7457,4575,0,0.0,0,0.0
2026-09-09T14:28:01.745,1788944281.7457,4576,0,0.0,0,0.0
2026-09-09T14:28:01.759,1788944281.7598,4577,0,0.0,0,0.0
2026-09-09T14:28:01.759,1788944281.7598,4578,0,0.0,0,0.0
2026-09-09T14:28:01.775,1788944281.7757,4579,0,0.0,0,0.0
2026-09-09T14:28:01.775,1788944281.7757,4580,0,0.0,0,0.0
2026-09-09T14:28:01.794,1788944281.7946,4581,0,0.0,0,0.0
2026-09-09T14:28:01.807,1788944281.8077,4582,0,0.0,0,0.0
2026-09-09T14:28:01.807,1788944281.8077,4583,0,0.0,0,0.0
2026-09-09T14:28:01.823,1788944281.8237,4584,0,0.0,0,0.0
2026-09-09T14:28:01.839,1788944281.8395,4585,0,0.0,0,0.0
2026-09-09T14:28:01.855,1788944281.8552,4586,0,0.0,0,0.0
2026-09-09T14:28:01.855,1788944281.8552,4587,0,0.0,0,0.0
2026-09-09T14:28:01.871,1788944281.8712,4588,0,0.0,0,0.0
2026-09-09T14:28:01.871,1788944281.8712,4589,0,0.0,0,0.0
2026-09-09T14:28:01.887,1788944281.8876,4590,0,0.0,0,0.0
2026-09-09T14:28:01.903,1788944281.9036,4591,0,0.0,0,0.0
2026-09-09T14:28:01.903,1788944281.9036,4592,0,0.0,0,0.0
2026-09-09T14:28:01.919,1788944281.9197,4593,0,0.0,0,0.0
2026-09-09T14:28:01.919,1788944281.9197,4594,0,0.0,0,0.0
2026-09-09T14:28:01.945,1788944281.9460,4595,0,0.0,0,0.0
2026-09-09T14:28:01.951,1788944281.9516,4596,0,0.0,0,0.0
2026-09-09T14:28:01.951,1788944281.9516,4597,0,0.0,0,0.0
2026-09-09T14:28:01.967,1788944281.9674,4598,0,0.0,0,0.0
2026-09-09T14:28:01.983,1788944281.9832,4599,0,0.0,0,0.0
2026-09-09T14:28:01.983,1788944281.9832,4600,0,0.0,0,0.0
2026-09-09T14:28:02.000,1788944282.0001,4601,0,0.0,0,0.0
2026-09-09T14:28:02.000,1788944282.0001,4602,0,0.0,0,0.0
2026-09-09T14:28:02.015,1788944282.0151,4603,0,0.0,0,0.0
2026-09-09T14:28:02.030,1788944282.0308,4604,0,0.0,0,0.0
2026-09-09T14:28:02.030,1788944282.0308,4605,0,0.0,0,0.0
2026-09-09T14:28:02.046,1788944282.0461,4606,0,0.0,0,0.0
2026-09-09T14:28:02.061,1788944282.0617,4607,0,0.0,0,0.0
2026-09-09T14:28:02.061,1788944282.0617,4608,0,0.0,0,0.0
2026-09-09T14:28:02.077,1788944282.0776,4609,0,0.0,0,0.0
2026-09-09T14:28:02.077,1788944282.0776,4610,0,0.0,0,0.0
2026-09-09T14:28:02.109,1788944282.1093,4611,0,0.0,0,0.0
2026-09-09T14:28:02.109,1788944282.1093,4612,0,0.0,0,0.0
2026-09-09T14:28:02.109,1788944282.1093,4613,0,0.0,0,0.0
2026-09-09T14:28:02.129,1788944282.1299,4614,0,0.0,0,0.0
2026-09-09T14:28:02.142,1788944282.1426,4615,0,0.0,0,0.0
2026-09-09T14:28:02.147,1788944282.1476,4616,0,0.0,0,0.0
2026-09-09T14:28:02.156,1788944282.1568,4617,0,0.0,0,0.0
2026-09-09T14:28:02.172,1788944282.1728,4618,0,0.0,0,0.0
2026-09-09T14:28:02.172,1788944282.1728,4619,0,0.0,0,0.0
2026-09-09T14:28:02.196,1788944282.1964,4620,0,0.0,0,0.0
2026-09-09T14:28:02.201,1788944282.2014,4621,0,0.0,0,0.0
2026-09-09T14:28:02.201,1788944282.2014,4622,0,0.0,0,0.0
2026-09-09T14:28:02.217,1788944282.2173,4623,0,0.0,0,0.0
2026-09-09T14:28:02.233,1788944282.2334,4624,0,0.0,0,0.0
2026-09-09T14:28:02.233,1788944282.2334,4625,0,0.0,0,0.0
2026-09-09T14:28:02.249,1788944282.2494,4626,0,0.0,0,0.0
2026-09-09T14:28:02.265,1788944282.2656,4627,0,0.0,0,0.0
2026-09-09T14:28:02.265,1788944282.2656,4628,0,0.0,0,0.0
2026-09-09T14:28:02.281,1788944282.2816,4629,0,0.0,0,0.0
2026-09-09T14:28:02.281,1788944282.2816,4630,0,0.0,0,0.0
2026-09-09T14:28:02.297,1788944282.2976,4631,0,0.0,0,0.0
2026-09-09T14:28:02.297,1788944282.2976,4632,0,0.0,0,0.0
2026-09-09T14:28:02.315,1788944282.3153,4633,0,0.0,0,0.0
2026-09-09T14:28:02.329,1788944282.3294,4634,0,0.0,0,0.0
2026-09-09T14:28:02.329,1788944282.3294,4635,0,0.0,0,0.0
2026-09-09T14:28:02.348,1788944282.3481,4636,0,0.0,0,0.0
2026-09-09T14:28:02.361,1788944282.3617,4637,0,0.0,0,0.0
2026-09-09T14:28:02.361,1788944282.3617,4638,0,0.0,0,0.0
2026-09-09T14:28:02.377,1788944282.3774,4639,0,0.0,0,0.0
2026-09-09T14:28:02.393,1788944282.3933,4640,0,0.0,0,0.0
2026-09-09T14:28:02.393,1788944282.3933,4641,0,0.0,0,0.0
2026-09-09T14:28:02.411,1788944282.4111,4642,0,0.0,0,0.0
2026-09-09T14:28:02.411,1788944282.4111,4643,0,0.0,0,0.0
2026-09-09T14:28:02.424,1788944282.4250,4644,0,0.0,0,0.0
2026-09-09T14:28:02.448,1788944282.4480,4645,0,0.0,0,0.0
2026-09-09T14:28:02.448,1788944282.4480,4646,0,0.0,0,0.0
2026-09-09T14:28:02.457,1788944282.4571,4647,0,0.0,0,0.0
2026-09-09T14:28:02.457,1788944282.4571,4648,0,0.0,0,0.0
2026-09-09T14:28:02.472,1788944282.4728,4649,0,0.0,0,0.0
2026-09-09T14:28:02.495,1788944282.4960,4650,0,0.0,0,0.0
2026-09-09T14:28:02.495,1788944282.4960,4651,0,0.0,0,0.0
2026-09-09T14:28:02.506,1788944282.5065,4652,0,0.0,0,0.0
2026-09-09T14:28:02.520,1788944282.5203,4653,0,0.0,0,0.0
2026-09-09T14:28:02.520,1788944282.5203,4654,0,0.0,0,0.0
2026-09-09T14:28:02.538,1788944282.5384,4655,0,0.0,0,0.0
2026-09-09T14:28:02.552,1788944282.5523,4656,0,0.0,0,0.0
2026-09-09T14:28:02.559,1788944282.5594,4657,0,0.0,0,0.0
2026-09-09T14:28:02.568,1788944282.5689,4658,0,0.0,0,0.0
2026-09-09T14:28:02.568,1788944282.5689,4659,0,0.0,0,0.0
2026-09-09T14:28:02.584,1788944282.5843,4660,0,0.0,0,0.0
2026-09-09T14:28:02.600,1788944282.6002,4661,0,0.0,0,0.0
2026-09-09T14:28:02.616,1788944282.6161,4662,0,0.0,0,0.0
2026-09-09T14:28:02.616,1788944282.6161,4663,0,0.0,0,0.0
2026-09-09T14:28:02.616,1788944282.6161,4664,0,0.0,0,0.0
2026-09-09T14:28:02.633,1788944282.6339,4665,0,0.0,0,0.0
2026-09-09T14:28:02.648,1788944282.6482,4666,0,0.0,0,0.0
2026-09-09T14:28:02.648,1788944282.6482,4667,0,0.0,0,0.0
2026-09-09T14:28:02.664,1788944282.6641,4668,0,0.0,0,0.0
2026-09-09T14:28:02.680,1788944282.6801,4669,0,0.0,0,0.0
2026-09-09T14:28:02.680,1788944282.6801,4670,0,0.0,0,0.0
2026-09-09T14:28:02.698,1788944282.6981,4671,0,0.0,0,0.0
2026-09-09T14:28:02.698,1788944282.6981,4672,0,0.0,0,0.0
2026-09-09T14:28:02.712,1788944282.7122,4673,0,0.0,0,0.0
2026-09-09T14:28:02.730,1788944282.7301,4674,0,0.0,0,0.0
2026-09-09T14:28:02.730,1788944282.7301,4675,0,0.0,0,0.0
2026-09-09T14:28:02.748,1788944282.7483,4676,0,0.0,0,0.0
2026-09-09T14:28:02.765,1788944282.7650,4677,0,0.0,0,0.0
2026-09-09T14:28:02.768,1788944282.7684,4678,0,0.0,0,0.0
2026-09-09T14:28:02.775,1788944282.7754,4679,0,0.0,0,0.0
2026-09-09T14:28:02.793,1788944282.7935,4680,0,0.0,0,0.0
2026-09-09T14:28:02.793,1788944282.7935,4681,0,0.0,0,0.0
2026-09-09T14:28:02.809,1788944282.8095,4682,0,0.0,0,0.0
2026-09-09T14:28:02.809,1788944282.8095,4683,0,0.0,0,0.0
2026-09-09T14:28:02.823,1788944282.8235,4684,0,0.0,0,0.0
2026-09-09T14:28:02.839,1788944282.8394,4685,0,0.0,0,0.0
2026-09-09T14:28:02.848,1788944282.8483,4686,0,0.0,0,0.0
2026-09-09T14:28:02.855,1788944282.8553,4687,0,0.0,0,0.0
2026-09-09T14:28:02.871,1788944282.8713,4688,0,0.0,0,0.0
2026-09-09T14:28:02.871,1788944282.8713,4689,0,0.0,0,0.0
2026-09-09T14:28:02.887,1788944282.8874,4690,0,0.0,0,0.0
2026-09-09T14:28:02.903,1788944282.9033,4691,0,0.0,0,0.0
2026-09-09T14:28:02.921,1788944282.9210,4692,0,0.0,0,0.0
2026-09-09T14:28:02.923,1788944282.9231,4693,0,0.0,0,0.0
2026-09-09T14:28:02.935,1788944282.9351,4694,0,0.0,0,0.0
2026-09-09T14:28:02.953,1788944282.9531,4695,0,0.0,0,0.0
2026-09-09T14:28:02.953,1788944282.9531,4696,0,0.0,0,0.0
2026-09-09T14:28:02.966,1788944282.9669,4697,0,0.0,0,0.0
2026-09-09T14:28:02.966,1788944282.9669,4698,0,0.0,0,0.0
2026-09-09T14:28:02.998,1788944282.9988,4699,0,0.0,0,0.0
2026-09-09T14:28:02.998,1788944282.9988,4700,0,0.0,0,0.0
2026-09-09T14:28:02.998,1788944282.9988,4701,0,0.0,0,0.0
2026-09-09T14:28:03.016,1788944283.0165,4702,0,0.0,0,0.0
2026-09-09T14:28:03.030,1788944283.0307,4703,0,0.0,0,0.0
2026-09-09T14:28:03.030,1788944283.0307,4704,0,0.0,0,0.0
2026-09-09T14:28:03.048,1788944283.0486,4705,0,0.0,0,0.0
2026-09-09T14:28:03.062,1788944283.0626,4706,0,0.0,0,0.0
2026-09-09T14:28:03.062,1788944283.0626,4707,0,0.0,0,0.0
2026-09-09T14:28:03.080,1788944283.0804,4708,0,0.0,0,0.0
2026-09-09T14:28:03.080,1788944283.0804,4709,0,0.0,0,0.0
2026-09-09T14:28:03.094,1788944283.0942,4710,0,0.0,0,0.0
2026-09-09T14:28:03.110,1788944283.1101,4711,0,0.0,0,0.0
2026-09-09T14:28:03.125,1788944283.1259,4712,0,0.0,0,0.0
2026-09-09T14:28:03.125,1788944283.1259,4713,0,0.0,0,0.0
2026-09-09T14:28:03.143,1788944283.1436,4714,0,0.0,0,0.0
2026-09-09T14:28:03.148,1788944283.1490,4715,0,0.0,0,0.0
2026-09-09T14:28:03.157,1788944283.1576,4716,0,0.0,0,0.0
2026-09-09T14:28:03.157,1788944283.1576,4717,0,0.0,0,0.0
2026-09-09T14:28:03.175,1788944283.1754,4718,0,0.0,0,0.0
2026-09-09T14:28:03.189,1788944283.1894,4719,0,0.0,0,0.0
2026-09-09T14:28:03.200,1788944283.2008,4720,0,0.0,0,0.0
2026-09-09T14:28:03.210,1788944283.2108,4721,0,0.0,0,0.0
2026-09-09T14:28:03.220,1788944283.2205,4722,0,0.0,0,0.0
2026-09-09T14:28:03.228,1788944283.2286,4723,0,0.0,0,0.0
2026-09-09T14:28:03.249,1788944283.2493,4724,0,0.0,0,0.0
2026-09-09T14:28:03.252,1788944283.2524,4725,0,0.0,0,0.0
2026-09-09T14:28:03.252,1788944283.2524,4726,0,0.0,0,0.0
2026-09-09T14:28:03.270,1788944283.2702,4727,0,0.0,0,0.0
2026-09-09T14:28:03.283,1788944283.2839,4728,0,0.0,0,0.0
2026-09-09T14:28:03.285,1788944283.2860,4729,0,0.0,0,0.0
2026-09-09T14:28:03.302,1788944283.3021,4730,0,0.0,0,0.0
2026-09-09T14:28:03.302,1788944283.3021,4731,0,0.0,0,0.0
2026-09-09T14:28:03.316,1788944283.3162,4732,0,0.0,0,0.0
2026-09-09T14:28:03.334,1788944283.3343,4733,0,0.0,0,0.0
2026-09-09T14:28:03.334,1788944283.3343,4734,0,0.0,0,0.0
2026-09-09T14:28:03.349,1788944283.3495,4735,0,0.0,0,0.0
2026-09-09T14:28:03.349,1788944283.3495,4736,0,0.0,0,0.0
2026-09-09T14:28:03.380,1788944283.3802,4737,0,0.0,0,0.0
2026-09-09T14:28:03.381,1788944283.3813,4738,0,0.0,0,0.0
2026-09-09T14:28:03.381,1788944283.3813,4739,0,0.0,0,0.0
2026-09-09T14:28:03.396,1788944283.3967,4740,0,0.0,0,0.0
2026-09-09T14:28:03.412,1788944283.4120,4741,0,0.0,0,0.0
2026-09-09T14:28:03.412,1788944283.4120,4742,0,0.0,0,0.0
2026-09-09T14:28:03.427,1788944283.4278,4743,0,0.0,0,0.0
2026-09-09T14:28:03.427,1788944283.4278,4744,0,0.0,0,0.0
2026-09-09T14:28:03.449,1788944283.4496,4745,0,0.0,0,0.0
2026-09-09T14:28:03.464,1788944283.4644,4746,0,0.0,0,0.0
2026-09-09T14:28:03.468,1788944283.4688,4747,0,0.0,0,0.0
2026-09-09T14:28:03.475,1788944283.4756,4748,0,0.0,0,0.0
2026-09-09T14:28:03.493,1788944283.4934,4749,0,0.0,0,0.0
2026-09-09T14:28:03.507,1788944283.5071,4750,0,0.0,0,0.0
2026-09-09T14:28:03.507,1788944283.5071,4751,0,0.0,0,0.0
2026-09-09T14:28:03.525,1788944283.5251,4752,0,0.0,0,0.0
2026-09-09T14:28:03.525,1788944283.5251,4753,0,0.0,0,0.0
2026-09-09T14:28:03.539,1788944283.5391,4754,0,0.0,0,0.0
2026-09-09T14:28:03.549,1788944283.5497,4755,0,0.0,0,0.0
2026-09-09T14:28:03.559,1788944283.5593,4756,0,0.0,0,0.0
2026-09-09T14:28:03.571,1788944283.5712,4757,0,0.0,0,0.0
2026-09-09T14:28:03.571,1788944283.5712,4758,0,0.0,0,0.0
2026-09-09T14:28:03.586,1788944283.5862,4759,0,0.0,0,0.0
2026-09-09T14:28:03.586,1788944283.5862,4760,0,0.0,0,0.0
2026-09-09T14:28:03.602,1788944283.6020,4761,0,0.0,0,0.0
2026-09-09T14:28:03.617,1788944283.6179,4762,0,0.0,0,0.0
2026-09-09T14:28:03.633,1788944283.6337,4763,0,0.0,0,0.0
2026-09-09T14:28:03.633,1788944283.6337,4764,0,0.0,0,0.0
2026-09-09T14:28:03.649,1788944283.6498,4765,0,0.0,0,0.0
2026-09-09T14:28:03.649,1788944283.6498,4766,0,0.0,0,0.0
2026-09-09T14:28:03.665,1788944283.6654,4767,0,0.0,0,0.0
2026-09-09T14:28:03.681,1788944283.6812,4768,0,0.0,0,0.0
2026-09-09T14:28:03.681,1788944283.6812,4769,0,0.0,0,0.0
2026-09-09T14:28:03.697,1788944283.6972,4770,0,0.0,0,0.0
2026-09-09T14:28:03.697,1788944283.6972,4771,0,0.0,0,0.0
2026-09-09T14:28:03.721,1788944283.7214,4772,0,0.0,0,0.0
2026-09-09T14:28:03.729,1788944283.7296,4773,0,0.0,0,0.0
2026-09-09T14:28:03.751,1788944283.7516,4774,0,0.0,0,0.0
2026-09-09T14:28:03.751,1788944283.7516,4775,0,0.0,0,0.0
2026-09-09T14:28:03.760,1788944283.7607,4776,0,0.0,0,0.0
2026-09-09T14:28:03.760,1788944283.7607,4777,0,0.0,0,0.0
2026-09-09T14:28:03.778,1788944283.7788,4778,0,0.0,0,0.0
2026-09-09T14:28:03.778,1788944283.7788,4779,0,0.0,0,0.0
2026-09-09T14:28:03.792,1788944283.7926,4780,0,0.0,0,0.0
2026-09-09T14:28:03.811,1788944283.8117,4781,0,0.0,0,0.0
2026-09-09T14:28:03.811,1788944283.8117,4782,0,0.0,0,0.0
2026-09-09T14:28:03.824,1788944283.8243,4783,0,0.0,0,0.0
2026-09-09T14:28:03.843,1788944283.8438,4784,0,0.0,0,0.0
2026-09-09T14:28:03.849,1788944283.8492,4785,0,0.0,0,0.0
2026-09-09T14:28:03.856,1788944283.8565,4786,0,0.0,0,0.0
2026-09-09T14:28:03.872,1788944283.8724,4787,0,0.0,0,0.0
2026-09-09T14:28:03.888,1788944283.8881,4788,0,0.0,0,0.0
2026-09-09T14:28:03.888,1788944283.8881,4789,0,0.0,0,0.0
2026-09-09T14:28:03.903,1788944283.9039,4790,0,0.0,0,0.0
2026-09-09T14:28:03.905,1788944283.9059,4791,0,0.0,0,0.0
2026-09-09T14:28:03.919,1788944283.9197,4792,0,0.0,0,0.0
2026-09-09T14:28:03.919,1788944283.9197,4793,0,0.0,0,0.0
2026-09-09T14:28:03.935,1788944283.9357,4794,0,0.0,0,0.0
2026-09-09T14:28:03.952,1788944283.9521,4795,0,0.0,0,0.0
2026-09-09T14:28:03.952,1788944283.9521,4796,0,0.0,0,0.0
2026-09-09T14:28:03.969,1788944283.9696,4797,0,0.0,0,0.0
2026-09-09T14:28:03.969,1788944283.9696,4798,0,0.0,0,0.0
2026-09-09T14:28:03.983,1788944283.9837,4799,0,0.0,0,0.0
2026-09-09T14:28:03.999,1788944283.9996,4800,0,0.0,0,0.0
2026-09-09T14:28:03.999,1788944283.9996,4801,0,0.0,0,0.0
2026-09-09T14:28:04.015,1788944284.0155,4802,0,0.0,0,0.0
2026-09-09T14:28:04.033,1788944284.0334,4803,0,0.0,0,0.0
2026-09-09T14:28:04.033,1788944284.0334,4804,0,0.0,0,0.0
2026-09-09T14:28:04.052,1788944284.0521,4805,0,0.0,0,0.0
2026-09-09T14:28:04.052,1788944284.0521,4806,0,0.0,0,0.0
2026-09-09T14:28:04.065,1788944284.0652,4807,0,0.0,0,0.0
2026-09-09T14:28:04.078,1788944284.0789,4808,0,0.0,0,0.0
2026-09-09T14:28:04.078,1788944284.0789,4809,0,0.0,0,0.0
2026-09-09T14:28:04.100,1788944284.1008,4810,0,0.0,0,0.0
2026-09-09T14:28:04.110,1788944284.1108,4811,0,0.0,0,0.0
2026-09-09T14:28:04.110,1788944284.1108,4812,0,0.0,0,0.0
2026-09-09T14:28:04.128,1788944284.1288,4813,0,0.0,0,0.0
2026-09-09T14:28:04.142,1788944284.1428,4814,0,0.0,0,0.0
2026-09-09T14:28:04.152,1788944284.1525,4815,0,0.0,0,0.0
2026-09-09T14:28:04.164,1788944284.1649,4816,0,0.0,0,0.0
2026-09-09T14:28:04.168,1788944284.1683,4817,0,0.0,0,0.0
2026-09-09T14:28:04.174,1788944284.1743,4818,0,0.0,0,0.0
2026-09-09T14:28:04.190,1788944284.1903,4819,0,0.0,0,0.0
2026-09-09T14:28:04.190,1788944284.1903,4820,0,0.0,0,0.0
2026-09-09T14:28:04.206,1788944284.2061,4821,0,0.0,0,0.0
2026-09-09T14:28:04.222,1788944284.2223,4822,0,0.0,0,0.0
2026-09-09T14:28:04.222,1788944284.2223,4823,0,0.0,0,0.0
2026-09-09T14:28:04.238,1788944284.2383,4824,0,0.0,0,0.0
2026-09-09T14:28:04.254,1788944284.2543,4825,0,0.0,0,0.0
2026-09-09T14:28:04.254,1788944284.2543,4826,0,0.0,0,0.0
2026-09-09T14:28:04.270,1788944284.2701,4827,0,0.0,0,0.0
2026-09-09T14:28:04.270,1788944284.2701,4828,0,0.0,0,0.0
2026-09-09T14:28:04.286,1788944284.2861,4829,0,0.0,0,0.0
2026-09-09T14:28:04.286,1788944284.2861,4830,0,0.0,0,0.0
2026-09-09T14:28:04.302,1788944284.3023,4831,0,0.0,0,0.0
2026-09-09T14:28:04.318,1788944284.3184,4832,0,0.0,0,0.0
2026-09-09T14:28:04.318,1788944284.3184,4833,0,0.0,0,0.0
2026-09-09T14:28:04.334,1788944284.3344,4834,0,0.0,0,0.0
2026-09-09T14:28:04.352,1788944284.3528,4835,0,0.0,0,0.0
2026-09-09T14:28:04.352,1788944284.3528,4836,0,0.0,0,0.0
2026-09-09T14:28:04.366,1788944284.3660,4837,0,0.0,0,0.0
2026-09-09T14:28:04.381,1788944284.3817,4838,0,0.0,0,0.0
2026-09-09T14:28:04.397,1788944284.3977,4839,0,0.0,0,0.0
2026-09-09T14:28:04.397,1788944284.3977,4840,0,0.0,0,0.0
2026-09-09T14:28:04.397,1788944284.3977,4841,0,0.0,0,0.0
2026-09-09T14:28:04.413,1788944284.4135,4842,0,0.0,0,0.0
2026-09-09T14:28:04.429,1788944284.4296,4843,0,0.0,0,0.0
2026-09-09T14:28:04.429,1788944284.4296,4844,0,0.0,0,0.0
2026-09-09T14:28:04.445,1788944284.4456,4845,0,0.0,0,0.0
2026-09-09T14:28:04.461,1788944284.4614,4846,0,0.0,0,0.0
2026-09-09T14:28:04.461,1788944284.4614,4847,0,0.0,0,0.0
2026-09-09T14:28:04.477,1788944284.4772,4848,0,0.0,0,0.0
2026-09-09T14:28:04.477,1788944284.4772,4849,0,0.0,0,0.0
2026-09-09T14:28:04.493,1788944284.4932,4850,0,0.0,0,0.0
2026-09-09T14:28:04.508,1788944284.5089,4851,0,0.0,0,0.0
2026-09-09T14:28:04.508,1788944284.5089,4852,0,0.0,0,0.0
2026-09-09T14:28:04.524,1788944284.5248,4853,0,0.0,0,0.0
2026-09-09T14:28:04.542,1788944284.5428,4854,0,0.0,0,0.0
2026-09-09T14:28:04.552,1788944284.5528,4855,0,0.0,0,0.0
2026-09-09T14:28:04.559,1788944284.5593,4856,0,0.0,0,0.0
2026-09-09T14:28:04.574,1788944284.5746,4857,0,0.0,0,0.0
2026-09-09T14:28:04.574,1788944284.5746,4858,0,0.0,0,0.0
2026-09-09T14:28:04.588,1788944284.5887,4859,0,0.0,0,0.0
2026-09-09T14:28:04.588,1788944284.5887,4860,0,0.0,0,0.0
2026-09-09T14:28:04.604,1788944284.6046,4861,0,0.0,0,0.0
2026-09-09T14:28:04.620,1788944284.6204,4862,0,0.0,0,0.0
2026-09-09T14:28:04.636,1788944284.6365,4863,0,0.0,0,0.0
2026-09-09T14:28:04.636,1788944284.6365,4864,0,0.0,0,0.0
2026-09-09T14:28:04.653,1788944284.6531,4865,0,0.0,0,0.0
2026-09-09T14:28:04.653,1788944284.6531,4866,0,0.0,0,0.0
2026-09-09T14:28:04.668,1788944284.6684,4867,0,0.0,0,0.0
2026-09-09T14:28:04.668,1788944284.6684,4868,0,0.0,0,0.0
2026-09-09T14:28:04.684,1788944284.6843,4869,0,0.0,0,0.0
2026-09-09T14:28:04.700,1788944284.7002,4870,0,0.0,0,0.0
2026-09-09T14:28:04.700,1788944284.7002,4871,0,0.0,0,0.0
2026-09-09T14:28:04.721,1788944284.7218,4872,0,0.0,0,0.0
2026-09-09T14:28:04.733,1788944284.7331,4873,0,0.0,0,0.0
2026-09-09T14:28:04.733,1788944284.7331,4874,0,0.0,0,0.0
2026-09-09T14:28:04.748,1788944284.7483,4875,0,0.0,0,0.0
2026-09-09T14:28:04.764,1788944284.7640,4876,0,0.0,0,0.0
2026-09-09T14:28:04.764,1788944284.7640,4877,0,0.0,0,0.0
2026-09-09T14:28:04.780,1788944284.7801,4878,0,0.0,0,0.0
2026-09-09T14:28:04.780,1788944284.7801,4879,0,0.0,0,0.0
2026-09-09T14:28:04.795,1788944284.7959,4880,0,0.0,0,0.0
2026-09-09T14:28:04.813,1788944284.8139,4881,0,0.0,0,0.0
2026-09-09T14:28:04.813,1788944284.8139,4882,0,0.0,0,0.0
2026-09-09T14:28:04.827,1788944284.8275,4883,0,0.0,0,0.0
2026-09-09T14:28:04.843,1788944284.8434,4884,0,0.0,0,0.0
2026-09-09T14:28:04.854,1788944284.8544,4885,0,0.0,0,0.0
2026-09-09T14:28:04.859,1788944284.8595,4886,0,0.0,0,0.0
2026-09-09T14:28:04.859,1788944284.8595,4887,0,0.0,0,0.0
2026-09-09T14:28:04.875,1788944284.8753,4888,0,0.0,0,0.0
2026-09-09T14:28:04.891,1788944284.8914,4889,0,0.0,0,0.0
2026-09-09T14:28:04.891,1788944284.8914,4890,0,0.0,0,0.0
2026-09-09T14:28:04.907,1788944284.9076,4891,0,0.0,0,0.0
2026-09-09T14:28:04.923,1788944284.9235,4892,0,0.0,0,0.0
2026-09-09T14:28:04.923,1788944284.9235,4893,0,0.0,0,0.0
2026-09-09T14:28:04.939,1788944284.9394,4894,0,0.0,0,0.0
2026-09-09T14:28:04.939,1788944284.9394,4895,0,0.0,0,0.0
2026-09-09T14:28:04.954,1788944284.9547,4896,0,0.0,0,0.0
2026-09-09T14:28:04.970,1788944284.9706,4897,0,0.0,0,0.0
2026-09-09T14:28:04.970,1788944284.9706,4898,0,0.0,0,0.0
2026-09-09T14:28:04.986,1788944284.9866,4899,0,0.0,0,0.0
2026-09-09T14:28:04.986,1788944284.9866,4900,0,0.0,0,0.0
2026-09-09T14:28:05.002,1788944285.0026,4901,0,0.0,0,0.0
2026-09-09T14:28:05.018,1788944285.0183,4902,0,0.0,0,0.0
2026-09-09T14:28:05.034,1788944285.0343,4903,0,0.0,0,0.0
2026-09-09T14:28:05.034,1788944285.0343,4904,0,0.0,0,0.0
2026-09-09T14:28:05.050,1788944285.0502,4905,0,0.0,0,0.0
2026-09-09T14:28:05.056,1788944285.0562,4906,0,0.0,0,0.0
2026-09-09T14:28:05.066,1788944285.0663,4907,0,0.0,0,0.0
2026-09-09T14:28:05.082,1788944285.0820,4908,0,0.0,0,0.0
2026-09-09T14:28:05.082,1788944285.0820,4909,0,0.0,0,0.0
2026-09-09T14:28:05.098,1788944285.0981,4910,0,0.0,0,0.0
2026-09-09T14:28:05.098,1788944285.0981,4911,0,0.0,0,0.0
2026-09-09T14:28:05.114,1788944285.1142,4912,0,0.0,0,0.0
2026-09-09T14:28:05.130,1788944285.1302,4913,0,0.0,0,0.0
2026-09-09T14:28:05.146,1788944285.1462,4914,0,0.0,0,0.0
2026-09-09T14:28:05.156,1788944285.1563,4915,0,0.0,0,0.0
2026-09-09T14:28:05.161,1788944285.1619,4916,0,0.0,0,0.0
2026-09-09T14:28:05.161,1788944285.1619,4917,0,0.0,0,0.0
2026-09-09T14:28:05.177,1788944285.1776,4918,0,0.0,0,0.0
2026-09-09T14:28:05.177,1788944285.1776,4919,0,0.0,0,0.0
2026-09-09T14:28:05.193,1788944285.1935,4920,0,0.0,0,0.0
2026-09-09T14:28:05.213,1788944285.2133,4921,0,0.0,0,0.0
2026-09-09T14:28:05.217,1788944285.2176,4922,0,0.0,0,0.0
2026-09-09T14:28:05.225,1788944285.2254,4923,0,0.0,0,0.0
2026-09-09T14:28:05.241,1788944285.2414,4924,0,0.0,0,0.0
2026-09-09T14:28:05.241,1788944285.2414,4925,0,0.0,0,0.0
2026-09-09T14:28:05.256,1788944285.2567,4926,0,0.0,0,0.0
2026-09-09T14:28:05.272,1788944285.2725,4927,0,0.0,0,0.0
2026-09-09T14:28:05.272,1788944285.2725,4928,0,0.0,0,0.0
2026-09-09T14:28:05.288,1788944285.2886,4929,0,0.0,0,0.0
2026-09-09T14:28:05.288,1788944285.2886,4930,0,0.0,0,0.0
2026-09-09T14:28:05.304,1788944285.3043,4931,0,0.0,0,0.0
2026-09-09T14:28:05.320,1788944285.3203,4932,0,0.0,0,0.0
2026-09-09T14:28:05.320,1788944285.3203,4933,0,0.0,0,0.0
2026-09-09T14:28:05.336,1788944285.3364,4934,0,0.0,0,0.0
2026-09-09T14:28:05.352,1788944285.3522,4935,0,0.0,0,0.0
2026-09-09T14:28:05.357,1788944285.3580,4936,0,0.0,0,0.0
2026-09-09T14:28:05.370,1788944285.3701,4937,0,0.0,0,0.0
2026-09-09T14:28:05.370,1788944285.3701,4938,0,0.0,0,0.0
2026-09-09T14:28:05.384,1788944285.3841,4939,0,0.0,0,0.0
2026-09-09T14:28:05.399,1788944285.3998,4940,0,0.0,0,0.0
2026-09-09T14:28:05.415,1788944285.4155,4941,0,0.0,0,0.0
2026-09-09T14:28:05.415,1788944285.4155,4942,0,0.0,0,0.0
2026-09-09T14:28:05.431,1788944285.4316,4943,0,0.0,0,0.0
2026-09-09T14:28:05.431,1788944285.4316,4944,0,0.0,0,0.0
2026-09-09T14:28:05.447,1788944285.4474,4945,0,0.0,0,0.0
2026-09-09T14:28:05.457,1788944285.4579,4946,0,0.0,0,0.0
2026-09-09T14:28:05.463,1788944285.4637,4947,0,0.0,0,0.0
2026-09-09T14:28:05.479,1788944285.4795,4948,0,0.0,0,0.0
2026-09-09T14:28:05.479,1788944285.4795,4949,0,0.0,0,0.0
2026-09-09T14:28:05.495,1788944285.4956,4950,0,0.0,0,0.0
2026-09-09T14:28:05.495,1788944285.4956,4951,0,0.0,0,0.0
2026-09-09T14:28:05.511,1788944285.5114,4952,0,0.0,0,0.0
2026-09-09T14:28:05.527,1788944285.5271,4953,0,0.0,0,0.0
2026-09-09T14:28:05.543,1788944285.5432,4954,0,0.0,0,0.0
2026-09-09T14:28:05.543,1788944285.5432,4955,0,0.0,0,0.0
2026-09-09T14:28:05.561,1788944285.5612,4956,0,0.0,0,0.0
2026-09-09T14:28:05.561,1788944285.5612,4957,0,0.0,0,0.0
2026-09-09T14:28:05.575,1788944285.5752,4958,0,0.0,0,0.0
2026-09-09T14:28:05.591,1788944285.5911,4959,0,0.0,0,0.0
2026-09-09T14:28:05.591,1788944285.5911,4960,0,0.0,0,0.0
2026-09-09T14:28:05.606,1788944285.6068,4961,0,0.0,0,0.0
2026-09-09T14:28:05.622,1788944285.6230,4962,0,0.0,0,0.0
2026-09-09T14:28:05.622,1788944285.6230,4963,0,0.0,0,0.0
2026-09-09T14:28:05.638,1788944285.6388,4964,0,0.0,0,0.0
2026-09-09T14:28:05.638,1788944285.6388,4965,0,0.0,0,0.0
2026-09-09T14:28:05.658,1788944285.6586,4966,0,0.0,0,0.0
2026-09-09T14:28:05.670,1788944285.6707,4967,0,0.0,0,0.0
2026-09-09T14:28:05.670,1788944285.6707,4968,0,0.0,0,0.0
2026-09-09T14:28:05.686,1788944285.6866,4969,0,0.0,0,0.0
2026-09-09T14:28:05.702,1788944285.7023,4970,0,0.0,0,0.0
2026-09-09T14:28:05.702,1788944285.7023,4971,0,0.0,0,0.0
2026-09-09T14:28:05.721,1788944285.7215,4972,0,0.0,0,0.0
2026-09-09T14:28:05.721,1788944285.7215,4973,0,0.0,0,0.0
2026-09-09T14:28:05.734,1788944285.7348,4974,0,0.0,0,0.0
2026-09-09T14:28:05.753,1788944285.7533,4975,0,0.0,0,0.0
2026-09-09T14:28:05.758,1788944285.7588,4976,0,0.0,0,0.0
2026-09-09T14:28:05.765,1788944285.7659,4977,0,0.0,0,0.0
2026-09-09T14:28:05.765,1788944285.7659,4978,0,0.0,0,0.0
2026-09-09T14:28:05.797,1788944285.7975,4979,0,0.0,0,0.0
2026-09-09T14:28:05.797,1788944285.7975,4980,0,0.0,0,0.0
2026-09-09T14:28:05.797,1788944285.7975,4981,0,0.0,0,0.0
2026-09-09T14:28:05.816,1788944285.8164,4982,0,0.0,0,0.0
2026-09-09T14:28:05.829,1788944285.8294,4983,0,0.0,0,0.0
2026-09-09T14:28:05.829,1788944285.8294,4984,0,0.0,0,0.0
2026-09-09T14:28:05.845,1788944285.8452,4985,0,0.0,0,0.0
2026-09-09T14:28:05.860,1788944285.8609,4986,0,0.0,0,0.0
2026-09-09T14:28:05.860,1788944285.8609,4987,0,0.0,0,0.0
2026-09-09T14:28:05.876,1788944285.8768,4988,0,0.0,0,0.0
2026-09-09T14:28:05.876,1788944285.8768,4989,0,0.0,0,0.0
2026-09-09T14:28:05.892,1788944285.8929,4990,0,0.0,0,0.0
2026-09-09T14:28:05.908,1788944285.9088,4991,0,0.0,0,0.0
2026-09-09T14:28:05.924,1788944285.9245,4992,0,0.0,0,0.0
2026-09-09T14:28:05.924,1788944285.9245,4993,0,0.0,0,0.0
2026-09-09T14:28:05.940,1788944285.9407,4994,0,0.0,0,0.0
2026-09-09T14:28:05.940,1788944285.9407,4995,0,0.0,0,0.0
2026-09-09T14:28:05.959,1788944285.9593,4996,0,0.0,0,0.0
2026-09-09T14:28:05.959,1788944285.9593,4997,0,0.0,0,0.0
2026-09-09T14:28:05.972,1788944285.9723,4998,0,0.0,0,0.0
2026-09-09T14:28:05.988,1788944285.9883,4999,0,0.0,0,0.0
2026-09-09T14:28:05.988,1788944285.9883,5000,0,0.0,0,0.0
2026-09-09T14:28:06.004,1788944286.0041,5001,0,0.0,0,0.0
2026-09-09T14:28:06.019,1788944286.0198,5002,0,0.0,0,0.0
2026-09-09T14:28:06.019,1788944286.0198,5003,0,0.0,0,0.0
2026-09-09T14:28:06.051,1788944286.0516,5004,0,0.0,0,0.0
2026-09-09T14:28:06.059,1788944286.0593,5005,0,0.0,0,0.0
2026-09-09T14:28:06.059,1788944286.0593,5006,0,0.0,0,0.0
2026-09-09T14:28:06.067,1788944286.0674,5007,0,0.0,0,0.0
2026-09-09T14:28:06.083,1788944286.0834,5008,0,0.0,0,0.0
2026-09-09T14:28:06.083,1788944286.0834,5009,0,0.0,0,0.0
2026-09-09T14:28:06.099,1788944286.0993,5010,0,0.0,0,0.0
2026-09-09T14:28:06.099,1788944286.0993,5011,0,0.0,0,0.0
2026-09-09T14:28:06.115,1788944286.1153,5012,0,0.0,0,0.0
2026-09-09T14:28:06.131,1788944286.1314,5013,0,0.0,0,0.0
2026-09-09T14:28:06.131,1788944286.1314,5014,0,0.0,0,0.0
2026-09-09T14:28:06.147,1788944286.1472,5015,0,0.0,0,0.0
2026-09-09T14:28:06.159,1788944286.1599,5016,0,0.0,0,0.0
2026-09-09T14:28:06.178,1788944286.1788,5017,0,0.0,0,0.0
2026-09-09T14:28:06.178,1788944286.1788,5018,0,0.0,0,0.0
2026-09-09T14:28:06.178,1788944286.1788,5019,0,0.0,0,0.0
2026-09-09T14:28:06.194,1788944286.1946,5020,0,0.0,0,0.0
2026-09-09T14:28:06.210,1788944286.2107,5021,0,0.0,0,0.0
2026-09-09T14:28:06.210,1788944286.2107,5022,0,0.0,0,0.0
2026-09-09T14:28:06.226,1788944286.2265,5023,0,0.0,0,0.0
2026-09-09T14:28:06.226,1788944286.2265,5024,0,0.0,0,0.0
2026-09-09T14:28:06.242,1788944286.2426,5025,0,0.0,0,0.0
2026-09-09T14:28:06.260,1788944286.2601,5026,0,0.0,0,0.0
2026-09-09T14:28:06.260,1788944286.2601,5027,0,0.0,0,0.0
2026-09-09T14:28:06.274,1788944286.2743,5028,0,0.0,0,0.0
2026-09-09T14:28:06.290,1788944286.2904,5029,0,0.0,0,0.0
2026-09-09T14:28:06.306,1788944286.3062,5030,0,0.0,0,0.0
2026-09-09T14:28:06.306,1788944286.3062,5031,0,0.0,0,0.0
2026-09-09T14:28:06.322,1788944286.3222,5032,0,0.0,0,0.0
2026-09-09T14:28:06.322,1788944286.3222,5033,0,0.0,0,0.0
2026-09-09T14:28:06.338,1788944286.3382,5034,0,0.0,0,0.0
2026-09-09T14:28:06.338,1788944286.3382,5035,0,0.0,0,0.0
2026-09-09T14:28:06.360,1788944286.3602,5036,0,0.0,0,0.0
2026-09-09T14:28:06.370,1788944286.3702,5037,0,0.0,0,0.0
2026-09-09T14:28:06.370,1788944286.3702,5038,0,0.0,0,0.0
2026-09-09T14:28:06.386,1788944286.3864,5039,0,0.0,0,0.0
2026-09-09T14:28:06.402,1788944286.4022,5040,0,0.0,0,0.0
2026-09-09T14:28:06.402,1788944286.4022,5041,0,0.0,0,0.0
2026-09-09T14:28:06.417,1788944286.4178,5042,0,0.0,0,0.0
2026-09-09T14:28:06.433,1788944286.4337,5043,0,0.0,0,0.0
2026-09-09T14:28:06.433,1788944286.4337,5044,0,0.0,0,0.0
2026-09-09T14:28:06.449,1788944286.4497,5045,0,0.0,0,0.0
2026-09-09T14:28:06.460,1788944286.4601,5046,0,0.0,0,0.0
2026-09-09T14:28:06.465,1788944286.4657,5047,0,0.0,0,0.0
2026-09-09T14:28:06.465,1788944286.4657,5048,0,0.0,0,0.0
2026-09-09T14:28:06.481,1788944286.4817,5049,0,0.0,0,0.0
2026-09-09T14:28:06.497,1788944286.4978,5050,0,0.0,0,0.0
2026-09-09T14:28:06.514,1788944286.5140,5051,0,0.0,0,0.0
2026-09-09T14:28:06.514,1788944286.5140,5052,0,0.0,0,0.0
2026-09-09T14:28:06.529,1788944286.5297,5053,0,0.0,0,0.0
2026-09-09T14:28:06.529,1788944286.5297,5054,0,0.0,0,0.0
2026-09-09T14:28:06.559,1788944286.5591,5055,0,0.0,0,0.0
2026-09-09T14:28:06.563,1788944286.5634,5056,0,0.0,0,0.0
2026-09-09T14:28:06.563,1788944286.5634,5057,0,0.0,0,0.0
2026-09-09T14:28:06.583,1788944286.5830,5058,0,0.0,0,0.0
2026-09-09T14:28:06.586,1788944286.5864,5059,0,0.0,0,0.0
2026-09-09T14:28:06.594,1788944286.5940,5060,0,0.0,0,0.0
2026-09-09T14:28:06.610,1788944286.6100,5061,0,0.0,0,0.0
2026-09-09T14:28:06.610,1788944286.6100,5062,0,0.0,0,0.0
2026-09-09T14:28:06.626,1788944286.6261,5063,0,0.0,0,0.0
2026-09-09T14:28:06.642,1788944286.6421,5064,0,0.0,0,0.0
2026-09-09T14:28:06.642,1788944286.6421,5065,0,0.0,0,0.0
2026-09-09T14:28:06.660,1788944286.6602,5066,0,0.0,0,0.0
2026-09-09T14:28:06.660,1788944286.6602,5067,0,0.0,0,0.0
2026-09-09T14:28:06.674,1788944286.6740,5068,0,0.0,0,0.0
2026-09-09T14:28:06.689,1788944286.6899,5069,0,0.0,0,0.0
2026-09-09T14:28:06.689,1788944286.6899,5070,0,0.0,0,0.0
2026-09-09T14:28:06.707,1788944286.7079,5071,0,0.0,0,0.0
2026-09-09T14:28:06.723,1788944286.7235,5072,0,0.0,0,0.0
2026-09-09T14:28:06.724,1788944286.7240,5073,0,0.0,0,0.0
2026-09-09T14:28:06.737,1788944286.7378,5074,0,0.0,0,0.0
2026-09-09T14:28:06.737,1788944286.7378,5075,0,0.0,0,0.0
2026-09-09T14:28:06.760,1788944286.7601,5076,0,0.0,0,0.0
2026-09-09T14:28:06.769,1788944286.7696,5077,0,0.0,0,0.0
2026-09-09T14:28:06.769,1788944286.7696,5078,0,0.0,0,0.0
2026-09-09T14:28:06.785,1788944286.7855,5079,0,0.0,0,0.0
2026-09-09T14:28:06.801,1788944286.8015,5080,0,0.0,0,0.0
2026-09-09T14:28:06.819,1788944286.8191,5081,0,0.0,0,0.0
2026-09-09T14:28:06.819,1788944286.8197,5082,0,0.0,0,0.0
2026-09-09T14:28:06.833,1788944286.8332,5083,0,0.0,0,0.0
2026-09-09T14:28:06.833,1788944286.8332,5084,0,0.0,0,0.0
2026-09-09T14:28:06.849,1788944286.8490,5085,0,0.0,0,0.0
2026-09-09T14:28:06.860,1788944286.8603,5086,0,0.0,0,0.0
2026-09-09T14:28:06.864,1788944286.8648,5087,0,0.0,0,0.0
2026-09-09T14:28:06.880,1788944286.8808,5088,0,0.0,0,0.0
2026-09-09T14:28:06.880,1788944286.8808,5089,0,0.0,0,0.0
2026-09-09T14:28:06.896,1788944286.8969,5090,0,0.0,0,0.0
2026-09-09T14:28:06.896,1788944286.8969,5091,0,0.0,0,0.0
2026-09-09T14:28:06.912,1788944286.9128,5092,0,0.0,0,0.0
2026-09-09T14:28:06.944,1788944286.9445,5093,0,0.0,0,0.0
2026-09-09T14:28:06.944,1788944286.9445,5094,0,0.0,0,0.0
2026-09-09T14:28:06.944,1788944286.9445,5095,0,0.0,0,0.0
2026-09-09T14:28:06.960,1788944286.9606,5096,0,0.0,0,0.0
2026-09-09T14:28:06.960,1788944286.9606,5097,0,0.0,0,0.0
2026-09-09T14:28:06.976,1788944286.9762,5098,0,0.0,0,0.0
2026-09-09T14:28:06.992,1788944286.9922,5099,0,0.0,0,0.0
2026-09-09T14:28:06.997,1788944286.9980,5100,0,0.0,0,0.0
2026-09-09T14:28:07.008,1788944287.0088,5101,0,0.0,0,0.0
2026-09-09T14:28:07.023,1788944287.0239,5102,0,0.0,0,0.0
2026-09-09T14:28:07.023,1788944287.0239,5103,0,0.0,0,0.0
2026-09-09T14:28:07.039,1788944287.0396,5104,0,0.0,0,0.0
2026-09-09T14:28:07.039,1788944287.0396,5105,0,0.0,0,0.0
2026-09-09T14:28:07.071,1788944287.0714,5106,0,0.0,0,0.0
2026-09-09T14:28:07.071,1788944287.0714,5107,0,0.0,0,0.0
2026-09-09T14:28:07.071,1788944287.0714,5108,0,0.0,0,0.0
2026-09-09T14:28:07.087,1788944287.0873,5109,0,0.0,0,0.0
2026-09-09T14:28:07.103,1788944287.1033,5110,0,0.0,0,0.0
2026-09-09T14:28:07.103,1788944287.1033,5111,0,0.0,0,0.0
2026-09-09T14:28:07.119,1788944287.1193,5112,0,0.0,0,0.0
2026-09-09T14:28:07.130,1788944287.1305,5113,0,0.0,0,0.0
2026-09-09T14:28:07.137,1788944287.1371,5114,0,0.0,0,0.0
2026-09-09T14:28:07.151,1788944287.1511,5115,0,0.0,0,0.0
2026-09-09T14:28:07.161,1788944287.1618,5116,0,0.0,0,0.0
2026-09-09T14:28:07.166,1788944287.1668,5117,0,0.0,0,0.0
2026-09-09T14:28:07.166,1788944287.1668,5118,0,0.0,0,0.0
2026-09-09T14:28:07.184,1788944287.1845,5119,0,0.0,0,0.0
2026-09-09T14:28:07.198,1788944287.1986,5120,0,0.0,0,0.0
2026-09-09T14:28:07.214,1788944287.2143,5121,0,0.0,0,0.0
2026-09-09T14:28:07.214,1788944287.2143,5122,0,0.0,0,0.0
2026-09-09T14:28:07.229,1788944287.2300,5123,0,0.0,0,0.0
2026-09-09T14:28:07.241,1788944287.2413,5124,0,0.0,0,0.0
2026-09-09T14:28:07.245,1788944287.2459,5125,0,0.0,0,0.0
2026-09-09T14:28:07.261,1788944287.2617,5126,0,0.0,0,0.0
2026-09-09T14:28:07.261,1788944287.2617,5127,0,0.0,0,0.0
2026-09-09T14:28:07.277,1788944287.2777,5128,0,0.0,0,0.0
2026-09-09T14:28:07.277,1788944287.2777,5129,0,0.0,0,0.0
2026-09-09T14:28:07.293,1788944287.2936,5130,0,0.0,0,0.0
2026-09-09T14:28:07.325,1788944287.3252,5131,0,0.0,0,0.0
2026-09-09T14:28:07.325,1788944287.3252,5132,0,0.0,0,0.0
2026-09-09T14:28:07.325,1788944287.3252,5133,0,0.0,0,0.0
2026-09-09T14:28:07.341,1788944287.3413,5134,0,0.0,0,0.0
2026-09-09T14:28:07.341,1788944287.3413,5135,0,0.0,0,0.0
2026-09-09T14:28:07.357,1788944287.3573,5136,0,0.0,0,0.0
2026-09-09T14:28:07.373,1788944287.3730,5137,0,0.0,0,0.0
2026-09-09T14:28:07.373,1788944287.3730,5138,0,0.0,0,0.0
2026-09-09T14:28:07.389,1788944287.3890,5139,0,0.0,0,0.0
2026-09-09T14:28:07.389,1788944287.3890,5140,0,0.0,0,0.0
2026-09-09T14:28:07.405,1788944287.4054,5141,0,0.0,0,0.0
2026-09-09T14:28:07.405,1788944287.4054,5142,0,0.0,0,0.0
2026-09-09T14:28:07.429,1788944287.4299,5143,0,0.0,0,0.0
2026-09-09T14:28:07.449,1788944287.4499,5144,0,0.0,0,0.0
2026-09-09T14:28:07.449,1788944287.4499,5145,0,0.0,0,0.0
2026-09-09T14:28:07.449,1788944287.4499,5146,0,0.0,0,0.0
2026-09-09T14:28:07.464,1788944287.4650,5147,0,0.0,0,0.0
2026-09-09T14:28:07.480,1788944287.4810,5148,0,0.0,0,0.0
2026-09-09T14:28:07.480,1788944287.4810,5149,0,0.0,0,0.0
2026-09-09T14:28:07.496,1788944287.4968,5150,0,0.0,0,0.0
2026-09-09T14:28:07.512,1788944287.5125,5151,0,0.0,0,0.0
2026-09-09T14:28:07.512,1788944287.5125,5152,0,0.0,0,0.0
2026-09-09T14:28:07.528,1788944287.5287,5153,0,0.0,0,0.0
2026-09-09T14:28:07.528,1788944287.5287,5154,0,0.0,0,0.0
2026-09-09T14:28:07.544,1788944287.5445,5155,0,0.0,0,0.0
2026-09-09T14:28:07.563,1788944287.5637,5156,0,0.0,0,0.0
2026-09-09T14:28:07.576,1788944287.5762,5157,0,0.0,0,0.0
2026-09-09T14:28:07.576,1788944287.5762,5158,0,0.0,0,0.0
2026-09-09T14:28:07.591,1788944287.5920,5159,0,0.0,0,0.0
2026-09-09T14:28:07.591,1788944287.5920,5160,0,0.0,0,0.0
2026-09-09T14:28:07.607,1788944287.6079,5161,0,0.0,0,0.0
2026-09-09T14:28:07.607,1788944287.6079,5162,0,0.0,0,0.0
2026-09-09T14:28:07.623,1788944287.6236,5163,0,0.0,0,0.0
2026-09-09T14:28:07.639,1788944287.6394,5164,0,0.0,0,0.0
2026-09-09T14:28:07.639,1788944287.6394,5165,0,0.0,0,0.0
2026-09-09T14:28:07.655,1788944287.6552,5166,0,0.0,0,0.0
2026-09-09T14:28:07.663,1788944287.6637,5167,0,0.0,0,0.0
2026-09-09T14:28:07.671,1788944287.6713,5168,0,0.0,0,0.0
2026-09-09T14:28:07.703,1788944287.7032,5169,0,0.0,0,0.0
2026-09-09T14:28:07.703,1788944287.7032,5170,0,0.0,0,0.0
2026-09-09T14:28:07.703,1788944287.7032,5171,0,0.0,0,0.0
2026-09-09T14:28:07.721,1788944287.7216,5172,0,0.0,0,0.0
2026-09-09T14:28:07.721,1788944287.7216,5173,0,0.0,0,0.0
2026-09-09T14:28:07.735,1788944287.7358,5174,0,0.0,0,0.0
2026-09-09T14:28:07.751,1788944287.7512,5175,0,0.0,0,0.0
2026-09-09T14:28:07.751,1788944287.7512,5176,0,0.0,0,0.0
2026-09-09T14:28:07.767,1788944287.7670,5177,0,0.0,0,0.0
2026-09-09T14:28:07.782,1788944287.7829,5178,0,0.0,0,0.0
2026-09-09T14:28:07.782,1788944287.7829,5179,0,0.0,0,0.0
2026-09-09T14:28:07.798,1788944287.7989,5180,0,0.0,0,0.0
2026-09-09T14:28:07.798,1788944287.7989,5181,0,0.0,0,0.0
2026-09-09T14:28:07.814,1788944287.8147,5182,0,0.0,0,0.0
2026-09-09T14:28:07.832,1788944287.8320,5183,0,0.0,0,0.0
2026-09-09T14:28:07.832,1788944287.8320,5184,0,0.0,0,0.0
2026-09-09T14:28:07.846,1788944287.8470,5185,0,0.0,0,0.0
2026-09-09T14:28:07.846,1788944287.8470,5186,0,0.0,0,0.0
2026-09-09T14:28:07.863,1788944287.8640,5187,0,0.0,0,0.0
2026-09-09T14:28:07.879,1788944287.8791,5188,0,0.0,0,0.0
2026-09-09T14:28:07.879,1788944287.8791,5189,0,0.0,0,0.0
2026-09-09T14:28:07.898,1788944287.8983,5190,0,0.0,0,0.0
2026-09-09T14:28:07.911,1788944287.9112,5191,0,0.0,0,0.0
2026-09-09T14:28:07.911,1788944287.9112,5192,0,0.0,0,0.0
2026-09-09T14:28:07.927,1788944287.9273,5193,0,0.0,0,0.0
2026-09-09T14:28:07.951,1788944287.9514,5194,0,0.0,0,0.0
2026-09-09T14:28:07.951,1788944287.9514,5195,0,0.0,0,0.0
2026-09-09T14:28:07.959,1788944287.9590,5196,0,0.0,0,0.0
2026-09-09T14:28:07.964,1788944287.9645,5197,0,0.0,0,0.0
2026-09-09T14:28:07.975,1788944287.9751,5198,0,0.0,0,0.0
2026-09-09T14:28:07.991,1788944287.9910,5199,0,0.0,0,0.0
2026-09-09T14:28:07.991,1788944287.9910,5200,0,0.0,0,0.0
2026-09-09T14:28:08.007,1788944288.0070,5201,0,0.0,0,0.0
2026-09-09T14:28:08.023,1788944288.0231,5202,0,0.0,0,0.0
2026-09-09T14:28:08.023,1788944288.0231,5203,0,0.0,0,0.0
2026-09-09T14:28:08.039,1788944288.0390,5204,0,0.0,0,0.0
2026-09-09T14:28:08.039,1788944288.0390,5205,0,0.0,0,0.0
2026-09-09T14:28:08.055,1788944288.0551,5206,0,0.0,0,0.0
2026-09-09T14:28:08.071,1788944288.0710,5207,0,0.0,0,0.0
2026-09-09T14:28:08.071,1788944288.0710,5208,0,0.0,0,0.0
2026-09-09T14:28:08.087,1788944288.0871,5209,0,0.0,0,0.0
2026-09-09T14:28:08.103,1788944288.1033,5210,0,0.0,0,0.0
2026-09-09T14:28:08.103,1788944288.1033,5211,0,0.0,0,0.0
2026-09-09T14:28:08.119,1788944288.1193,5212,0,0.0,0,0.0
2026-09-09T14:28:08.119,1788944288.1193,5213,0,0.0,0,0.0
2026-09-09T14:28:08.135,1788944288.1354,5214,0,0.0,0,0.0
2026-09-09T14:28:08.151,1788944288.1514,5215,0,0.0,0,0.0
2026-09-09T14:28:08.164,1788944288.1649,5216,0,0.0,0,0.0
2026-09-09T14:28:08.167,1788944288.1678,5217,0,0.0,0,0.0
2026-09-09T14:28:08.167,1788944288.1678,5218,0,0.0,0,0.0
2026-09-09T14:28:08.183,1788944288.1837,5219,0,0.0,0,0.0
2026-09-09T14:28:08.199,1788944288.1994,5220,0,0.0,0,0.0
2026-09-09T14:28:08.215,1788944288.2155,5221,0,0.0,0,0.0
2026-09-09T14:28:08.215,1788944288.2155,5222,0,0.0,0,0.0
2026-09-09T14:28:08.231,1788944288.2313,5223,0,0.0,0,0.0
2026-09-09T14:28:08.231,1788944288.2313,5224,0,0.0,0,0.0
2026-09-09T14:28:08.246,1788944288.2470,5225,0,0.0,0,0.0
2026-09-09T14:28:08.246,1788944288.2470,5226,0,0.0,0,0.0
2026-09-09T14:28:08.264,1788944288.2649,5227,0,0.0,0,0.0
2026-09-09T14:28:08.278,1788944288.2789,5228,0,0.0,0,0.0
2026-09-09T14:28:08.278,1788944288.2789,5229,0,0.0,0,0.0
2026-09-09T14:28:08.294,1788944288.2946,5230,0,0.0,0,0.0
2026-09-09T14:28:08.310,1788944288.3107,5231,0,0.0,0,0.0
2026-09-09T14:28:08.326,1788944288.3267,5232,0,0.0,0,0.0
2026-09-09T14:28:08.326,1788944288.3267,5233,0,0.0,0,0.0
2026-09-09T14:28:08.326,1788944288.3267,5234,0,0.0,0,0.0
2026-09-09T14:28:08.342,1788944288.3428,5235,0,0.0,0,0.0
2026-09-09T14:28:08.365,1788944288.3650,5236,0,0.0,0,0.0
2026-09-09T14:28:08.365,1788944288.3650,5237,0,0.0,0,0.0
2026-09-09T14:28:08.374,1788944288.3749,5238,0,0.0,0,0.0
2026-09-09T14:28:08.392,1788944288.3928,5239,0,0.0,0,0.0
2026-09-09T14:28:08.392,1788944288.3928,5240,0,0.0,0,0.0
2026-09-09T14:28:08.406,1788944288.4064,5241,0,0.0,0,0.0
2026-09-09T14:28:08.422,1788944288.4226,5242,0,0.0,0,0.0
2026-09-09T14:28:08.422,1788944288.4226,5243,0,0.0,0,0.0
2026-09-09T14:28:08.438,1788944288.4382,5244,0,0.0,0,0.0
2026-09-09T14:28:08.453,1788944288.4539,5245,0,0.0,0,0.0
2026-09-09T14:28:08.453,1788944288.4539,5246,0,0.0,0,0.0
2026-09-09T14:28:08.472,1788944288.4728,5247,0,0.0,0,0.0
2026-09-09T14:28:08.478,1788944288.4783,5248,0,0.0,0,0.0
2026-09-09T14:28:08.485,1788944288.4859,5249,0,0.0,0,0.0
2026-09-09T14:28:08.501,1788944288.5020,5250,0,0.0,0,0.0
2026-09-09T14:28:08.501,1788944288.5020,5251,0,0.0,0,0.0
2026-09-09T14:28:08.518,1788944288.5181,5252,0,0.0,0,0.0
2026-09-09T14:28:08.518,1788944288.5181,5253,0,0.0,0,0.0
2026-09-09T14:28:08.534,1788944288.5341,5254,0,0.0,0,0.0
2026-09-09T14:28:08.550,1788944288.5500,5255,0,0.0,0,0.0
2026-09-09T14:28:08.559,1788944288.5595,5256,0,0.0,0,0.0
2026-09-09T14:28:08.566,1788944288.5667,5257,0,0.0,0,0.0
2026-09-09T14:28:08.581,1788944288.5813,5258,0,0.0,0,0.0
2026-09-09T14:28:08.581,1788944288.5813,5259,0,0.0,0,0.0
2026-09-09T14:28:08.597,1788944288.5971,5260,0,0.0,0,0.0
2026-09-09T14:28:08.613,1788944288.6132,5261,0,0.0,0,0.0
2026-09-09T14:28:08.613,1788944288.6132,5262,0,0.0,0,0.0
2026-09-09T14:28:08.629,1788944288.6293,5263,0,0.0,0,0.0
2026-09-09T14:28:08.629,1788944288.6293,5264,0,0.0,0,0.0
2026-09-09T14:28:08.644,1788944288.6450,5265,0,0.0,0,0.0
2026-09-09T14:28:08.666,1788944288.6669,5266,0,0.0,0,0.0
2026-09-09T14:28:08.666,1788944288.6669,5267,0,0.0,0,0.0
2026-09-09T14:28:08.676,1788944288.6770,5268,0,0.0,0,0.0
2026-09-09T14:28:08.676,1788944288.6770,5269,0,0.0,0,0.0
2026-09-09T14:28:08.708,1788944288.7086,5270,0,0.0,0,0.0
2026-09-09T14:28:08.708,1788944288.7086,5271,0,0.0,0,0.0
2026-09-09T14:28:08.721,1788944288.7216,5272,0,0.0,0,0.0
2026-09-09T14:28:08.726,1788944288.7263,5273,0,0.0,0,0.0
2026-09-09T14:28:08.740,1788944288.7403,5274,0,0.0,0,0.0
2026-09-09T14:28:08.740,1788944288.7403,5275,0,0.0,0,0.0
2026-09-09T14:28:08.756,1788944288.7564,5276,0,0.0,0,0.0
2026-09-09T14:28:08.772,1788944288.7722,5277,0,0.0,0,0.0
2026-09-09T14:28:08.772,1788944288.7722,5278,0,0.0,0,0.0
2026-09-09T14:28:08.788,1788944288.7885,5279,0,0.0,0,0.0
2026-09-09T14:28:08.788,1788944288.7885,5280,0,0.0,0,0.0
2026-09-09T14:28:08.804,1788944288.8043,5281,0,0.0,0,0.0
2026-09-09T14:28:08.820,1788944288.8202,5282,0,0.0,0,0.0
2026-09-09T14:28:08.820,1788944288.8202,5283,0,0.0,0,0.0
2026-09-09T14:28:08.837,1788944288.8377,5284,0,0.0,0,0.0
2026-09-09T14:28:08.852,1788944288.8523,5285,0,0.0,0,0.0
2026-09-09T14:28:08.852,1788944288.8523,5286,0,0.0,0,0.0
2026-09-09T14:28:08.868,1788944288.8681,5287,0,0.0,0,0.0
2026-09-09T14:28:08.868,1788944288.8681,5288,0,0.0,0,0.0
2026-09-09T14:28:08.883,1788944288.8839,5289,0,0.0,0,0.0
2026-09-09T14:28:08.899,1788944288.8998,5290,0,0.0,0,0.0
2026-09-09T14:28:08.899,1788944288.8998,5291,0,0.0,0,0.0
2026-09-09T14:28:08.915,1788944288.9159,5292,0,0.0,0,0.0
2026-09-09T14:28:08.915,1788944288.9159,5293,0,0.0,0,0.0
2026-09-09T14:28:08.932,1788944288.9320,5294,0,0.0,0,0.0
2026-09-09T14:28:08.947,1788944288.9479,5295,0,0.0,0,0.0
2026-09-09T14:28:08.963,1788944288.9638,5296,0,0.0,0,0.0
2026-09-09T14:28:08.967,1788944288.9674,5297,0,0.0,0,0.0
2026-09-09T14:28:08.979,1788944288.9794,5298,0,0.0,0,0.0
2026-09-09T14:28:08.979,1788944288.9794,5299,0,0.0,0,0.0
2026-09-09T14:28:08.995,1788944288.9954,5300,0,0.0,0,0.0
2026-09-09T14:28:09.011,1788944289.0113,5301,0,0.0,0,0.0
2026-09-09T14:28:09.011,1788944289.0113,5302,0,0.0,0,0.0
2026-09-09T14:28:09.027,1788944289.0272,5303,0,0.0,0,0.0
2026-09-09T14:28:09.043,1788944289.0431,5304,0,0.0,0,0.0
2026-09-09T14:28:09.043,1788944289.0431,5305,0,0.0,0,0.0
2026-09-09T14:28:09.059,1788944289.0591,5306,0,0.0,0,0.0
2026-09-09T14:28:09.067,1788944289.0677,5307,0,0.0,0,0.0
2026-09-09T14:28:09.074,1788944289.0748,5308,0,0.0,0,0.0
2026-09-09T14:28:09.090,1788944289.0909,5309,0,0.0,0,0.0
2026-09-09T14:28:09.090,1788944289.0909,5310,0,0.0,0,0.0
2026-09-09T14:28:09.106,1788944289.1067,5311,0,0.0,0,0.0
2026-09-09T14:28:09.106,1788944289.1067,5312,0,0.0,0,0.0
2026-09-09T14:28:09.122,1788944289.1224,5313,0,0.0,0,0.0
2026-09-09T14:28:09.138,1788944289.1385,5314,0,0.0,0,0.0
2026-09-09T14:28:09.138,1788944289.1385,5315,0,0.0,0,0.0
2026-09-09T14:28:09.154,1788944289.1544,5316,0,0.0,0,0.0
2026-09-09T14:28:09.170,1788944289.1705,5317,0,0.0,0,0.0
2026-09-09T14:28:09.170,1788944289.1705,5318,0,0.0,0,0.0
2026-09-09T14:28:09.186,1788944289.1865,5319,0,0.0,0,0.0
2026-09-09T14:28:09.186,1788944289.1865,5320,0,0.0,0,0.0
2026-09-09T14:28:09.218,1788944289.2181,5321,0,0.0,0,0.0
2026-09-09T14:28:09.218,1788944289.2181,5322,0,0.0,0,0.0
2026-09-09T14:28:09.218,1788944289.2181,5323,0,0.0,0,0.0
2026-09-09T14:28:09.234,1788944289.2340,5324,0,0.0,0,0.0
2026-09-09T14:28:09.250,1788944289.2500,5325,0,0.0,0,0.0
2026-09-09T14:28:09.261,1788944289.2619,5326,0,0.0,0,0.0
2026-09-09T14:28:09.267,1788944289.2680,5327,0,0.0,0,0.0
2026-09-09T14:28:09.267,1788944289.2680,5328,0,0.0,0,0.0
2026-09-09T14:28:09.282,1788944289.2820,5329,0,0.0,0,0.0
2026-09-09T14:28:09.298,1788944289.2981,5330,0,0.0,0,0.0
2026-09-09T14:28:09.298,1788944289.2981,5331,0,0.0,0,0.0
2026-09-09T14:28:09.314,1788944289.3140,5332,0,0.0,0,0.0
2026-09-09T14:28:09.330,1788944289.3301,5333,0,0.0,0,0.0
2026-09-09T14:28:09.346,1788944289.3461,5334,0,0.0,0,0.0
2026-09-09T14:28:09.346,1788944289.3461,5335,0,0.0,0,0.0
2026-09-09T14:28:09.368,1788944289.3681,5336,0,0.0,0,0.0
2026-09-09T14:28:09.368,1788944289.3681,5337,0,0.0,0,0.0
2026-09-09T14:28:09.378,1788944289.3782,5338,0,0.0,0,0.0
2026-09-09T14:28:09.378,1788944289.3782,5339,0,0.0,0,0.0
2026-09-09T14:28:09.394,1788944289.3942,5340,0,0.0,0,0.0
2026-09-09T14:28:09.410,1788944289.4101,5341,0,0.0,0,0.0
2026-09-09T14:28:09.410,1788944289.4101,5342,0,0.0,0,0.0
2026-09-09T14:28:09.425,1788944289.4259,5343,0,0.0,0,0.0
2026-09-09T14:28:09.425,1788944289.4259,5344,0,0.0,0,0.0
2026-09-09T14:28:09.441,1788944289.4416,5345,0,0.0,0,0.0
2026-09-09T14:28:09.468,1788944289.4683,5346,0,0.0,0,0.0
2026-09-09T14:28:09.473,1788944289.4734,5347,0,0.0,0,0.0
2026-09-09T14:28:09.473,1788944289.4734,5348,0,0.0,0,0.0
2026-09-09T14:28:09.489,1788944289.4894,5349,0,0.0,0,0.0
2026-09-09T14:28:09.489,1788944289.4894,5350,0,0.0,0,0.0
2026-09-09T14:28:09.505,1788944289.5053,5351,0,0.0,0,0.0
2026-09-09T14:28:09.521,1788944289.5214,5352,0,0.0,0,0.0
2026-09-09T14:28:09.521,1788944289.5214,5353,0,0.0,0,0.0
2026-09-09T14:28:09.543,1788944289.5436,5354,0,0.0,0,0.0
2026-09-09T14:28:09.559,1788944289.5590,5355,0,0.0,0,0.0
2026-09-09T14:28:09.559,1788944289.5590,5356,0,0.0,0,0.0
2026-09-09T14:28:09.570,1788944289.5701,5357,0,0.0,0,0.0
2026-09-09T14:28:09.570,1788944289.5701,5358,0,0.0,0,0.0
2026-09-09T14:28:09.585,1788944289.5852,5359,0,0.0,0,0.0
2026-09-09T14:28:09.601,1788944289.6012,5360,0,0.0,0,0.0
2026-09-09T14:28:09.601,1788944289.6012,5361,0,0.0,0,0.0
2026-09-09T14:28:09.617,1788944289.6171,5362,0,0.0,0,0.0
2026-09-09T14:28:09.632,1788944289.6330,5363,0,0.0,0,0.0
2026-09-09T14:28:09.632,1788944289.6330,5364,0,0.0,0,0.0
2026-09-09T14:28:09.649,1788944289.6490,5365,0,0.0,0,0.0
2026-09-09T14:28:09.649,1788944289.6490,5366,0,0.0,0,0.0
2026-09-09T14:28:09.668,1788944289.6684,5367,0,0.0,0,0.0
2026-09-09T14:28:09.680,1788944289.6805,5368,0,0.0,0,0.0
2026-09-09T14:28:09.680,1788944289.6805,5369,0,0.0,0,0.0
2026-09-09T14:28:09.696,1788944289.6964,5370,0,0.0,0,0.0
2026-09-09T14:28:09.696,1788944289.6964,5371,0,0.0,0,0.0
2026-09-09T14:28:09.728,1788944289.7288,5372,0,0.0,0,0.0
2026-09-09T14:28:09.728,1788944289.7288,5373,0,0.0,0,0.0
2026-09-09T14:28:09.728,1788944289.7288,5374,0,0.0,0,0.0
2026-09-09T14:28:09.743,1788944289.7439,5375,0,0.0,0,0.0
2026-09-09T14:28:09.759,1788944289.7597,5376,0,0.0,0,0.0
2026-09-09T14:28:09.768,1788944289.7686,5377,0,0.0,0,0.0
2026-09-09T14:28:09.775,1788944289.7756,5378,0,0.0,0,0.0
2026-09-09T14:28:09.791,1788944289.7916,5379,0,0.0,0,0.0
2026-09-09T14:28:09.791,1788944289.7916,5380,0,0.0,0,0.0
2026-09-09T14:28:09.807,1788944289.8075,5381,0,0.0,0,0.0
2026-09-09T14:28:09.807,1788944289.8075,5382,0,0.0,0,0.0
2026-09-09T14:28:09.823,1788944289.8236,5383,0,0.0,0,0.0
2026-09-09T14:28:09.839,1788944289.8397,5384,0,0.0,0,0.0
2026-09-09T14:28:09.855,1788944289.8555,5385,0,0.0,0,0.0
2026-09-09T14:28:09.855,1788944289.8555,5386,0,0.0,0,0.0
2026-09-09T14:28:09.871,1788944289.8715,5387,0,0.0,0,0.0
2026-09-09T14:28:09.871,1788944289.8715,5388,0,0.0,0,0.0
2026-09-09T14:28:09.887,1788944289.8872,5389,0,0.0,0,0.0
2026-09-09T14:28:09.887,1788944289.8872,5390,0,0.0,0,0.0
2026-09-09T14:28:09.902,1788944289.9029,5391,0,0.0,0,0.0
2026-09-09T14:28:09.918,1788944289.9190,5392,0,0.0,0,0.0
2026-09-09T14:28:09.918,1788944289.9190,5393,0,0.0,0,0.0
2026-09-09T14:28:09.935,1788944289.9353,5394,0,0.0,0,0.0
2026-09-09T14:28:09.951,1788944289.9512,5395,0,0.0,0,0.0
2026-09-09T14:28:09.951,1788944289.9512,5396,0,0.0,0,0.0
2026-09-09T14:28:09.968,1788944289.9689,5397,0,0.0,0,0.0
2026-09-09T14:28:09.982,1788944289.9830,5398,0,0.0,0,0.0
2026-09-09T14:28:09.982,1788944289.9830,5399,0,0.0,0,0.0
2026-09-09T14:28:09.998,1788944289.9990,5400,0,0.0,0,0.0
2026-09-09T14:28:10.015,1788944290.0151,5401,0,0.0,0,0.0
2026-09-09T14:28:10.015,1788944290.0151,5402,0,0.0,0,0.0
2026-09-09T14:28:10.031,1788944290.0310,5403,0,0.0,0,0.0
2026-09-09T14:28:10.031,1788944290.0310,5404,0,0.0,0,0.0
2026-09-09T14:28:10.046,1788944290.0467,5405,0,0.0,0,0.0
2026-09-09T14:28:10.068,1788944290.0689,5406,0,0.0,0,0.0
2026-09-09T14:28:10.068,1788944290.0689,5407,0,0.0,0,0.0
2026-09-09T14:28:10.078,1788944290.0786,5408,0,0.0,0,0.0
2026-09-09T14:28:10.078,1788944290.0786,5409,0,0.0,0,0.0
2026-09-09T14:28:10.094,1788944290.0943,5410,0,0.0,0,0.0
2026-09-09T14:28:10.110,1788944290.1102,5411,0,0.0,0,0.0
2026-09-09T14:28:10.110,1788944290.1102,5412,0,0.0,0,0.0
2026-09-09T14:28:10.126,1788944290.1260,5413,0,0.0,0,0.0
2026-09-09T14:28:10.142,1788944290.1420,5414,0,0.0,0,0.0
2026-09-09T14:28:10.142,1788944290.1420,5415,0,0.0,0,0.0
2026-09-09T14:28:10.157,1788944290.1577,5416,0,0.0,0,0.0
2026-09-09T14:28:10.173,1788944290.1736,5417,0,0.0,0,0.0
2026-09-09T14:28:10.173,1788944290.1736,5418,0,0.0,0,0.0
2026-09-09T14:28:10.189,1788944290.1895,5419,0,0.0,0,0.0
2026-09-09T14:28:10.189,1788944290.1895,5420,0,0.0,0,0.0
2026-09-09T14:28:10.205,1788944290.2055,5421,0,0.0,0,0.0
2026-09-09T14:28:10.205,1788944290.2055,5422,0,0.0,0,0.0
2026-09-09T14:28:10.237,1788944290.2376,5423,0,0.0,0,0.0
2026-09-09T14:28:10.237,1788944290.2376,5424,0,0.0,0,0.0
2026-09-09T14:28:10.253,1788944290.2534,5425,0,0.0,0,0.0
2026-09-09T14:28:10.253,1788944290.2534,5426,0,0.0,0,0.0
2026-09-09T14:28:10.269,1788944290.2691,5427,0,0.0,0,0.0
2026-09-09T14:28:10.269,1788944290.2691,5428,0,0.0,0,0.0
2026-09-09T14:28:10.284,1788944290.2850,5429,0,0.0,0,0.0
2026-09-09T14:28:10.300,1788944290.3008,5430,0,0.0,0,0.0
2026-09-09T14:28:10.300,1788944290.3008,5431,0,0.0,0,0.0
2026-09-09T14:28:10.316,1788944290.3165,5432,0,0.0,0,0.0
2026-09-09T14:28:10.316,1788944290.3165,5433,0,0.0,0,0.0
2026-09-09T14:28:10.332,1788944290.3326,5434,0,0.0,0,0.0
2026-09-09T14:28:10.348,1788944290.3485,5435,0,0.0,0,0.0
2026-09-09T14:28:10.364,1788944290.3644,5436,0,0.0,0,0.0
2026-09-09T14:28:10.370,1788944290.3702,5437,0,0.0,0,0.0
2026-09-09T14:28:10.380,1788944290.3802,5438,0,0.0,0,0.0
2026-09-09T14:28:10.380,1788944290.3802,5439,0,0.0,0,0.0
2026-09-09T14:28:10.396,1788944290.3962,5440,0,0.0,0,0.0
2026-09-09T14:28:10.412,1788944290.4124,5441,0,0.0,0,0.0
2026-09-09T14:28:10.412,1788944290.4124,5442,0,0.0,0,0.0
2026-09-09T14:28:10.428,1788944290.4281,5443,0,0.0,0,0.0
2026-09-09T14:28:10.443,1788944290.4439,5444,0,0.0,0,0.0
2026-09-09T14:28:10.443,1788944290.4439,5445,0,0.0,0,0.0
2026-09-09T14:28:10.459,1788944290.4599,5446,0,0.0,0,0.0
2026-09-09T14:28:10.470,1788944290.4704,5447,0,0.0,0,0.0
2026-09-09T14:28:10.475,1788944290.4759,5448,0,0.0,0,0.0
2026-09-09T14:28:10.491,1788944290.4918,5449,0,0.0,0,0.0
2026-09-09T14:28:10.491,1788944290.4918,5450,0,0.0,0,0.0
2026-09-09T14:28:10.507,1788944290.5077,5451,0,0.0,0,0.0
2026-09-09T14:28:10.507,1788944290.5077,5452,0,0.0,0,0.0
2026-09-09T14:28:10.523,1788944290.5234,5453,0,0.0,0,0.0
2026-09-09T14:28:10.539,1788944290.5395,5454,0,0.0,0,0.0
2026-09-09T14:28:10.539,1788944290.5395,5455,0,0.0,0,0.0
2026-09-09T14:28:10.559,1788944290.5591,5456,0,0.0,0,0.0
2026-09-09T14:28:10.571,1788944290.5717,5457,0,0.0,0,0.0
2026-09-09T14:28:10.571,1788944290.5717,5458,0,0.0,0,0.0
2026-09-09T14:28:10.586,1788944290.5863,5459,0,0.0,0,0.0
2026-09-09T14:28:10.602,1788944290.6021,5460,0,0.0,0,0.0
2026-09-09T14:28:10.602,1788944290.6021,5461,0,0.0,0,0.0
2026-09-09T14:28:10.618,1788944290.6182,5462,0,0.0,0,0.0
2026-09-09T14:28:10.634,1788944290.6341,5463,0,0.0,0,0.0
2026-09-09T14:28:10.634,1788944290.6341,5464,0,0.0,0,0.0
2026-09-09T14:28:10.650,1788944290.6502,5465,0,0.0,0,0.0
2026-09-09T14:28:10.650,1788944290.6502,5466,0,0.0,0,0.0
2026-09-09T14:28:10.671,1788944290.6719,5467,0,0.0,0,0.0
2026-09-09T14:28:10.681,1788944290.6817,5468,0,0.0,0,0.0
2026-09-09T14:28:10.681,1788944290.6817,5469,0,0.0,0,0.0
2026-09-09T14:28:10.697,1788944290.6974,5470,0,0.0,0,0.0
2026-09-09T14:28:10.697,1788944290.6974,5471,0,0.0,0,0.0
2026-09-09T14:28:10.713,1788944290.7136,5472,0,0.0,0,0.0
2026-09-09T14:28:10.730,1788944290.7302,5473,0,0.0,0,0.0
2026-09-09T14:28:10.730,1788944290.7302,5474,0,0.0,0,0.0
2026-09-09T14:28:10.745,1788944290.7453,5475,0,0.0,0,0.0
2026-09-09T14:28:10.764,1788944290.7645,5476,0,0.0,0,0.0
2026-09-09T14:28:10.772,1788944290.7721,5477,0,0.0,0,0.0
2026-09-09T14:28:10.777,1788944290.7772,5478,0,0.0,0,0.0
2026-09-09T14:28:10.793,1788944290.7933,5479,0,0.0,0,0.0
2026-09-09T14:28:10.793,1788944290.7933,5480,0,0.0,0,0.0
2026-09-09T14:28:10.808,1788944290.8090,5481,0,0.0,0,0.0
2026-09-09T14:28:10.808,1788944290.8090,5482,0,0.0,0,0.0
2026-09-09T14:28:10.825,1788944290.8251,5483,0,0.0,0,0.0
2026-09-09T14:28:10.841,1788944290.8411,5484,0,0.0,0,0.0
2026-09-09T14:28:10.856,1788944290.8568,5485,0,0.0,0,0.0
2026-09-09T14:28:10.856,1788944290.8568,5486,0,0.0,0,0.0
2026-09-09T14:28:10.872,1788944290.8722,5487,0,0.0,0,0.0
2026-09-09T14:28:10.872,1788944290.8722,5488,0,0.0,0,0.0
2026-09-09T14:28:10.888,1788944290.8882,5489,0,0.0,0,0.0
2026-09-09T14:28:10.903,1788944290.9039,5490,0,0.0,0,0.0
2026-09-09T14:28:10.903,1788944290.9039,5491,0,0.0,0,0.0
2026-09-09T14:28:10.919,1788944290.9199,5492,0,0.0,0,0.0
2026-09-09T14:28:10.919,1788944290.9199,5493,0,0.0,0,0.0
2026-09-09T14:28:10.935,1788944290.9358,5494,0,0.0,0,0.0
2026-09-09T14:28:10.951,1788944290.9518,5495,0,0.0,0,0.0
2026-09-09T14:28:10.951,1788944290.9518,5496,0,0.0,0,0.0
2026-09-09T14:28:10.967,1788944290.9679,5497,0,0.0,0,0.0
2026-09-09T14:28:10.983,1788944290.9839,5498,0,0.0,0,0.0
2026-09-09T14:28:10.983,1788944290.9839,5499,0,0.0,0,0.0
2026-09-09T14:28:10.999,1788944290.9999,5500,0,0.0,0,0.0
2026-09-09T14:28:11.015,1788944291.0159,5501,0,0.0,0,0.0
2026-09-09T14:28:11.015,1788944291.0159,5502,0,0.0,0,0.0
2026-09-09T14:28:11.032,1788944291.0320,5503,0,0.0,0,0.0
2026-09-09T14:28:11.032,1788944291.0320,5504,0,0.0,0,0.0
2026-09-09T14:28:11.048,1788944291.0481,5505,0,0.0,0,0.0
2026-09-09T14:28:11.048,1788944291.0481,5506,0,0.0,0,0.0
2026-09-09T14:28:11.073,1788944291.0736,5507,0,0.0,0,0.0
2026-09-09T14:28:11.080,1788944291.0802,5508,0,0.0,0,0.0
2026-09-09T14:28:11.080,1788944291.0802,5509,0,0.0,0,0.0
2026-09-09T14:28:11.095,1788944291.0959,5510,0,0.0,0,0.0
2026-09-09T14:28:11.111,1788944291.1118,5511,0,0.0,0,0.0
2026-09-09T14:28:11.111,1788944291.1118,5512,0,0.0,0,0.0
2026-09-09T14:28:11.127,1788944291.1279,5513,0,0.0,0,0.0
2026-09-09T14:28:11.143,1788944291.1437,5514,0,0.0,0,0.0
2026-09-09T14:28:11.143,1788944291.1437,5515,0,0.0,0,0.0
2026-09-09T14:28:11.159,1788944291.1596,5516,0,0.0,0,0.0
2026-09-09T14:28:11.159,1788944291.1596,5517,0,0.0,0,0.0
2026-09-09T14:28:11.175,1788944291.1756,5518,0,0.0,0,0.0
2026-09-09T14:28:11.191,1788944291.1918,5519,0,0.0,0,0.0
2026-09-09T14:28:11.191,1788944291.1918,5520,0,0.0,0,0.0
2026-09-09T14:28:11.207,1788944291.2078,5521,0,0.0,0,0.0
2026-09-09T14:28:11.207,1788944291.2078,5522,0,0.0,0,0.0
2026-09-09T14:28:11.223,1788944291.2240,5523,0,0.0,0,0.0
2026-09-09T14:28:11.239,1788944291.2397,5524,0,0.0,0,0.0
2026-09-09T14:28:11.239,1788944291.2397,5525,0,0.0,0,0.0
2026-09-09T14:28:11.255,1788944291.2553,5526,0,0.0,0,0.0
2026-09-09T14:28:11.273,1788944291.2738,5527,0,0.0,0,0.0
2026-09-09T14:28:11.282,1788944291.2829,5528,0,0.0,0,0.0
2026-09-09T14:28:11.287,1788944291.2870,5529,0,0.0,0,0.0
2026-09-09T14:28:11.303,1788944291.3031,5530,0,0.0,0,0.0
2026-09-09T14:28:11.303,1788944291.3031,5531,0,0.0,0,0.0
2026-09-09T14:28:11.318,1788944291.3189,5532,0,0.0,0,0.0
2026-09-09T14:28:11.318,1788944291.3189,5533,0,0.0,0,0.0
2026-09-09T14:28:11.336,1788944291.3366,5534,0,0.0,0,0.0
2026-09-09T14:28:11.350,1788944291.3508,5535,0,0.0,0,0.0
2026-09-09T14:28:11.350,1788944291.3508,5536,0,0.0,0,0.0
2026-09-09T14:28:11.374,1788944291.3740,5537,0,0.0,0,0.0
2026-09-09T14:28:11.382,1788944291.3826,5538,0,0.0,0,0.0
2026-09-09T14:28:11.382,1788944291.3826,5539,0,0.0,0,0.0
2026-09-09T14:28:11.398,1788944291.3986,5540,0,0.0,0,0.0
2026-09-09T14:28:11.398,1788944291.3986,5541,0,0.0,0,0.0
2026-09-09T14:28:11.414,1788944291.4148,5542,0,0.0,0,0.0
2026-09-09T14:28:11.430,1788944291.4307,5543,0,0.0,0,0.0
2026-09-09T14:28:11.430,1788944291.4307,5544,0,0.0,0,0.0
2026-09-09T14:28:11.446,1788944291.4464,5545,0,0.0,0,0.0
2026-09-09T14:28:11.446,1788944291.4464,5546,0,0.0,0,0.0
2026-09-09T14:28:11.462,1788944291.4622,5547,0,0.0,0,0.0
2026-09-09T14:28:11.493,1788944291.4938,5548,0,0.0,0,0.0
2026-09-09T14:28:11.493,1788944291.4938,5549,0,0.0,0,0.0
2026-09-09T14:28:11.493,1788944291.4938,5550,0,0.0,0,0.0
2026-09-09T14:28:11.509,1788944291.5095,5551,0,0.0,0,0.0
2026-09-09T14:28:11.509,1788944291.5095,5552,0,0.0,0,0.0
2026-09-09T14:28:11.525,1788944291.5256,5553,0,0.0,0,0.0
2026-09-09T14:28:11.541,1788944291.5417,5554,0,0.0,0,0.0
2026-09-09T14:28:11.541,1788944291.5417,5555,0,0.0,0,0.0
2026-09-09T14:28:11.559,1788944291.5593,5556,0,0.0,0,0.0
2026-09-09T14:28:11.573,1788944291.5738,5557,0,0.0,0,0.0
2026-09-09T14:28:11.574,1788944291.5744,5558,0,0.0,0,0.0
2026-09-09T14:28:11.589,1788944291.5899,5559,0,0.0,0,0.0
2026-09-09T14:28:11.589,1788944291.5899,5560,0,0.0,0,0.0
2026-09-09T14:28:11.605,1788944291.6058,5561,0,0.0,0,0.0
2026-09-09T14:28:11.621,1788944291.6215,5562,0,0.0,0,0.0
2026-09-09T14:28:11.621,1788944291.6215,5563,0,0.0,0,0.0
2026-09-09T14:28:11.637,1788944291.6377,5564,0,0.0,0,0.0
2026-09-09T14:28:11.653,1788944291.6535,5565,0,0.0,0,0.0
2026-09-09T14:28:11.653,1788944291.6535,5566,0,0.0,0,0.0
2026-09-09T14:28:11.669,1788944291.6695,5567,0,0.0,0,0.0
2026-09-09T14:28:11.675,1788944291.6754,5568,0,0.0,0,0.0
2026-09-09T14:28:11.685,1788944291.6855,5569,0,0.0,0,0.0
2026-09-09T14:28:11.701,1788944291.7014,5570,0,0.0,0,0.0
2026-09-09T14:28:11.707,1788944291.7079,5571,0,0.0,0,0.0
2026-09-09T14:28:11.718,1788944291.7187,5572,0,0.0,0,0.0
2026-09-09T14:28:11.733,1788944291.7340,5573,0,0.0,0,0.0
2026-09-09T14:28:11.749,1788944291.7492,5574,0,0.0,0,0.0
2026-09-09T14:28:11.749,1788944291.7492,5575,0,0.0,0,0.0
2026-09-09T14:28:11.764,1788944291.7650,5576,0,0.0,0,0.0
2026-09-09T14:28:11.764,1788944291.7650,5577,0,0.0,0,0.0
2026-09-09T14:28:11.780,1788944291.7807,5578,0,0.0,0,0.0
2026-09-09T14:28:11.780,1788944291.7807,5579,0,0.0,0,0.0
2026-09-09T14:28:11.796,1788944291.7966,5580,0,0.0,0,0.0
2026-09-09T14:28:11.812,1788944291.8125,5581,0,0.0,0,0.0
2026-09-09T14:28:11.812,1788944291.8125,5582,0,0.0,0,0.0
2026-09-09T14:28:11.828,1788944291.8286,5583,0,0.0,0,0.0
2026-09-09T14:28:11.828,1788944291.8286,5584,0,0.0,0,0.0
2026-09-09T14:28:11.847,1788944291.8473,5585,0,0.0,0,0.0
2026-09-09T14:28:11.860,1788944291.8604,5586,0,0.0,0,0.0
2026-09-09T14:28:11.875,1788944291.8760,5587,0,0.0,0,0.0
2026-09-09T14:28:11.884,1788944291.8844,5588,0,0.0,0,0.0
2026-09-09T14:28:11.892,1788944291.8921,5589,0,0.0,0,0.0
2026-09-09T14:28:11.892,1788944291.8921,5590,0,0.0,0,0.0
2026-09-09T14:28:11.907,1788944291.9080,5591,0,0.0,0,0.0
2026-09-09T14:28:11.907,1788944291.9080,5592,0,0.0,0,0.0
2026-09-09T14:28:11.923,1788944291.9239,5593,0,0.0,0,0.0
2026-09-09T14:28:11.939,1788944291.9397,5594,0,0.0,0,0.0
2026-09-09T14:28:11.939,1788944291.9397,5595,0,0.0,0,0.0
2026-09-09T14:28:11.955,1788944291.9558,5596,0,0.0,0,0.0
2026-09-09T14:28:11.955,1788944291.9558,5597,0,0.0,0,0.0
2026-09-09T14:28:11.977,1788944291.9773,5598,0,0.0,0,0.0
2026-09-09T14:28:11.987,1788944291.9874,5599,0,0.0,0,0.0
2026-09-09T14:28:12.004,1788944292.0050,5600,0,0.0,0,0.0
2026-09-09T14:28:12.004,1788944292.0050,5601,0,0.0,0,0.0
2026-09-09T14:28:12.019,1788944292.0190,5602,0,0.0,0,0.0
2026-09-09T14:28:12.019,1788944292.0190,5603,0,0.0,0,0.0
2026-09-09T14:28:12.034,1788944292.0347,5604,0,0.0,0,0.0
2026-09-09T14:28:12.050,1788944292.0509,5605,0,0.0,0,0.0
2026-09-09T14:28:12.050,1788944292.0509,5606,0,0.0,0,0.0
2026-09-09T14:28:12.066,1788944292.0668,5607,0,0.0,0,0.0
2026-09-09T14:28:12.082,1788944292.0826,5608,0,0.0,0,0.0
2026-09-09T14:28:12.082,1788944292.0826,5609,0,0.0,0,0.0
2026-09-09T14:28:12.098,1788944292.0984,5610,0,0.0,0,0.0
2026-09-09T14:28:12.098,1788944292.0984,5611,0,0.0,0,0.0
2026-09-09T14:28:12.114,1788944292.1143,5612,0,0.0,0,0.0
2026-09-09T14:28:12.131,1788944292.1317,5613,0,0.0,0,0.0
2026-09-09T14:28:12.146,1788944292.1465,5614,0,0.0,0,0.0
2026-09-09T14:28:12.146,1788944292.1465,5615,0,0.0,0,0.0
2026-09-09T14:28:12.162,1788944292.1622,5616,0,0.0,0,0.0
2026-09-09T14:28:12.162,1788944292.1622,5617,0,0.0,0,0.0
2026-09-09T14:28:12.177,1788944292.1779,5618,0,0.0,0,0.0
2026-09-09T14:28:12.177,1788944292.1779,5619,0,0.0,0,0.0
2026-09-09T14:28:12.193,1788944292.1940,5620,0,0.0,0,0.0
2026-09-09T14:28:12.209,1788944292.2097,5621,0,0.0,0,0.0
2026-09-09T14:28:12.209,1788944292.2097,5622,0,0.0,0,0.0
2026-09-09T14:28:12.225,1788944292.2255,5623,0,0.0,0,0.0
2026-09-09T14:28:12.225,1788944292.2255,5624,0,0.0,0,0.0
2026-09-09T14:28:12.257,1788944292.2572,5625,0,0.0,0,0.0
2026-09-09T14:28:12.257,1788944292.2572,5626,0,0.0,0,0.0
2026-09-09T14:28:12.273,1788944292.2732,5627,0,0.0,0,0.0
2026-09-09T14:28:12.278,1788944292.2788,5628,0,0.0,0,0.0
2026-09-09T14:28:12.289,1788944292.2894,5629,0,0.0,0,0.0
2026-09-09T14:28:12.289,1788944292.2894,5630,0,0.0,0,0.0
2026-09-09T14:28:12.305,1788944292.3052,5631,0,0.0,0,0.0
2026-09-09T14:28:12.321,1788944292.3213,5632,0,0.0,0,0.0
2026-09-09T14:28:12.321,1788944292.3213,5633,0,0.0,0,0.0
2026-09-09T14:28:12.337,1788944292.3374,5634,0,0.0,0,0.0
2026-09-09T14:28:12.337,1788944292.3374,5635,0,0.0,0,0.0
2026-09-09T14:28:12.353,1788944292.3533,5636,0,0.0,0,0.0
2026-09-09T14:28:12.369,1788944292.3690,5637,0,0.0,0,0.0
2026-09-09T14:28:12.384,1788944292.3849,5638,0,0.0,0,0.0
2026-09-09T14:28:12.384,1788944292.3849,5639,0,0.0,0,0.0
2026-09-09T14:28:12.400,1788944292.4006,5640,0,0.0,0,0.0
2026-09-09T14:28:12.416,1788944292.4165,5641,0,0.0,0,0.0
2026-09-09T14:28:12.416,1788944292.4165,5642,0,0.0,0,0.0
2026-09-09T14:28:12.416,1788944292.4165,5643,0,0.0,0,0.0
2026-09-09T14:28:12.432,1788944292.4323,5644,0,0.0,0,0.0
2026-09-09T14:28:12.448,1788944292.4486,5645,0,0.0,0,0.0
2026-09-09T14:28:12.448,1788944292.4486,5646,0,0.0,0,0.0
2026-09-09T14:28:12.464,1788944292.4643,5647,0,0.0,0,0.0
2026-09-09T14:28:12.480,1788944292.4801,5648,0,0.0,0,0.0
2026-09-09T14:28:12.480,1788944292.4801,5649,0,0.0,0,0.0
2026-09-09T14:28:12.512,1788944292.5120,5650,0,0.0,0,0.0
2026-09-09T14:28:12.512,1788944292.5120,5651,0,0.0,0,0.0
2026-09-09T14:28:12.512,1788944292.5120,5652,0,0.0,0,0.0
2026-09-09T14:28:12.527,1788944292.5279,5653,0,0.0,0,0.0
2026-09-09T14:28:12.527,1788944292.5279,5654,0,0.0,0,0.0
2026-09-09T14:28:12.543,1788944292.5436,5655,0,0.0,0,0.0
2026-09-09T14:28:12.560,1788944292.5609,5656,0,0.0,0,0.0
2026-09-09T14:28:12.574,1788944292.5750,5657,0,0.0,0,0.0
2026-09-09T14:28:12.579,1788944292.5795,5658,0,0.0,0,0.0
2026-09-09T14:28:12.591,1788944292.5911,5659,0,0.0,0,0.0
2026-09-09T14:28:12.591,1788944292.5911,5660,0,0.0,0,0.0
2026-09-09T14:28:12.606,1788944292.6068,5661,0,0.0,0,0.0
2026-09-09T14:28:12.606,1788944292.6068,5662,0,0.0,0,0.0
2026-09-09T14:28:12.622,1788944292.6225,5663,0,0.0,0,0.0
2026-09-09T14:28:12.638,1788944292.6387,5664,0,0.0,0,0.0
2026-09-09T14:28:12.654,1788944292.6545,5665,0,0.0,0,0.0
2026-09-09T14:28:12.654,1788944292.6545,5666,0,0.0,0,0.0
2026-09-09T14:28:12.670,1788944292.6702,5667,0,0.0,0,0.0
2026-09-09T14:28:12.679,1788944292.6796,5668,0,0.0,0,0.0
2026-09-09T14:28:12.686,1788944292.6862,5669,0,0.0,0,0.0
2026-09-09T14:28:12.701,1788944292.7020,5670,0,0.0,0,0.0
2026-09-09T14:28:12.701,1788944292.7020,5671,0,0.0,0,0.0
2026-09-09T14:28:12.721,1788944292.7214,5672,0,0.0,0,0.0
2026-09-09T14:28:12.721,1788944292.7214,5673,0,0.0,0,0.0
2026-09-09T14:28:12.734,1788944292.7342,5674,0,0.0,0,0.0
2026-09-09T14:28:12.749,1788944292.7495,5675,0,0.0,0,0.0
2026-09-09T14:28:12.765,1788944292.7652,5676,0,0.0,0,0.0
2026-09-09T14:28:12.765,1788944292.7652,5677,0,0.0,0,0.0
2026-09-09T14:28:12.780,1788944292.7810,5678,0,0.0,0,0.0
2026-09-09T14:28:12.780,1788944292.7810,5679,0,0.0,0,0.0
2026-09-09T14:28:12.796,1788944292.7969,5680,0,0.0,0,0.0
2026-09-09T14:28:12.796,1788944292.7969,5681,0,0.0,0,0.0
2026-09-09T14:28:12.812,1788944292.8127,5682,0,0.0,0,0.0
2026-09-09T14:28:12.828,1788944292.8285,5683,0,0.0,0,0.0
2026-09-09T14:28:12.844,1788944292.8442,5684,0,0.0,0,0.0
2026-09-09T14:28:12.844,1788944292.8442,5685,0,0.0,0,0.0
2026-09-09T14:28:12.860,1788944292.8601,5686,0,0.0,0,0.0
2026-09-09T14:28:12.861,1788944292.8618,5687,0,0.0,0,0.0
2026-09-09T14:28:12.880,1788944292.8800,5688,0,0.0,0,0.0
2026-09-09T14:28:12.891,1788944292.8916,5689,0,0.0,0,0.0
2026-09-09T14:28:12.903,1788944292.9035,5690,0,0.0,0,0.0
2026-09-09T14:28:12.907,1788944292.9075,5691,0,0.0,0,0.0
2026-09-09T14:28:12.923,1788944292.9236,5692,0,0.0,0,0.0
2026-09-09T14:28:12.923,1788944292.9236,5693,0,0.0,0,0.0
2026-09-09T14:28:12.939,1788944292.9394,5694,0,0.0,0,0.0
2026-09-09T14:28:12.939,1788944292.9394,5695,0,0.0,0,0.0
2026-09-09T14:28:12.955,1788944292.9552,5696,0,0.0,0,0.0
2026-09-09T14:28:12.971,1788944292.9712,5697,0,0.0,0,0.0
2026-09-09T14:28:12.980,1788944292.9804,5698,0,0.0,0,0.0
2026-09-09T14:28:12.987,1788944292.9872,5699,0,0.0,0,0.0
2026-09-09T14:28:12.987,1788944292.9872,5700,0,0.0,0,0.0
2026-09-09T14:28:13.019,1788944293.0191,5701,0,0.0,0,0.0
2026-09-09T14:28:13.019,1788944293.0191,5702,0,0.0,0,0.0
2026-09-09T14:28:13.019,1788944293.0191,5703,0,0.0,0,0.0
2026-09-09T14:28:13.034,1788944293.0350,5704,0,0.0,0,0.0
2026-09-09T14:28:13.050,1788944293.0509,5705,0,0.0,0,0.0
2026-09-09T14:28:13.050,1788944293.0509,5706,0,0.0,0,0.0
2026-09-09T14:28:13.066,1788944293.0670,5707,0,0.0,0,0.0
2026-09-09T14:28:13.082,1788944293.0827,5708,0,0.0,0,0.0
2026-09-09T14:28:13.082,1788944293.0827,5709,0,0.0,0,0.0
2026-09-09T14:28:13.098,1788944293.0987,5710,0,0.0,0,0.0
2026-09-09T14:28:13.098,1788944293.0987,5711,0,0.0,0,0.0
2026-09-09T14:28:13.114,1788944293.1147,5712,0,0.0,0,0.0
2026-09-09T14:28:13.130,1788944293.1304,5713,0,0.0,0,0.0
2026-09-09T14:28:13.146,1788944293.1461,5714,0,0.0,0,0.0
2026-09-09T14:28:13.146,1788944293.1461,5715,0,0.0,0,0.0
2026-09-09T14:28:13.161,1788944293.1620,5716,0,0.0,0,0.0
2026-09-09T14:28:13.161,1788944293.1620,5717,0,0.0,0,0.0
2026-09-09T14:28:13.180,1788944293.1807,5718,0,0.0,0,0.0
2026-09-09T14:28:13.194,1788944293.1942,5719,0,0.0,0,0.0
2026-09-09T14:28:13.194,1788944293.1942,5720,0,0.0,0,0.0
2026-09-09T14:28:13.210,1788944293.2102,5721,0,0.0,0,0.0
2026-09-09T14:28:13.210,1788944293.2102,5722,0,0.0,0,0.0
2026-09-09T14:28:13.225,1788944293.2259,5723,0,0.0,0,0.0
2026-09-09T14:28:13.225,1788944293.2259,5724,0,0.0,0,0.0
2026-09-09T14:28:13.241,1788944293.2416,5725,0,0.0,0,0.0
2026-09-09T14:28:13.257,1788944293.2574,5726,0,0.0,0,0.0
2026-09-09T14:28:13.273,1788944293.2731,5727,0,0.0,0,0.0
2026-09-09T14:28:13.280,1788944293.2806,5728,0,0.0,0,0.0
2026-09-09T14:28:13.296,1788944293.2964,5729,0,0.0,0,0.0
2026-09-09T14:28:13.303,1788944293.3036,5730,0,0.0,0,0.0
2026-09-09T14:28:13.305,1788944293.3051,5731,0,0.0,0,0.0
2026-09-09T14:28:13.321,1788944293.3211,5732,0,0.0,0,0.0
2026-09-09T14:28:13.321,1788944293.3211,5733,0,0.0,0,0.0
2026-09-09T14:28:13.337,1788944293.3371,5734,0,0.0,0,0.0
2026-09-09T14:28:13.352,1788944293.3528,5735,0,0.0,0,0.0
2026-09-09T14:28:13.352,1788944293.3528,5736,0,0.0,0,0.0
2026-09-09T14:28:13.368,1788944293.3686,5737,0,0.0,0,0.0
2026-09-09T14:28:13.380,1788944293.3807,5738,0,0.0,0,0.0
2026-09-09T14:28:13.385,1788944293.3854,5739,0,0.0,0,0.0
2026-09-09T14:28:13.400,1788944293.4000,5740,0,0.0,0,0.0
2026-09-09T14:28:13.400,1788944293.4000,5741,0,0.0,0,0.0
2026-09-09T14:28:13.416,1788944293.4161,5742,0,0.0,0,0.0
2026-09-09T14:28:13.432,1788944293.4322,5743,0,0.0,0,0.0
2026-09-09T14:28:13.432,1788944293.4322,5744,0,0.0,0,0.0
2026-09-09T14:28:13.447,1788944293.4479,5745,0,0.0,0,0.0
2026-09-09T14:28:13.463,1788944293.4638,5746,0,0.0,0,0.0
2026-09-09T14:28:13.463,1788944293.4638,5747,0,0.0,0,0.0
2026-09-09T14:28:13.481,1788944293.4813,5748,0,0.0,0,0.0
2026-09-09T14:28:13.481,1788944293.4813,5749,0,0.0,0,0.0
2026-09-09T14:28:13.495,1788944293.4956,5750,0,0.0,0,0.0
2026-09-09T14:28:13.495,1788944293.4956,5751,0,0.0,0,0.0
2026-09-09T14:28:13.527,1788944293.5276,5752,0,0.0,0,0.0
2026-09-09T14:28:13.527,1788944293.5276,5753,0,0.0,0,0.0
2026-09-09T14:28:13.543,1788944293.5438,5754,0,0.0,0,0.0
2026-09-09T14:28:13.543,1788944293.5438,5755,0,0.0,0,0.0
2026-09-09T14:28:13.561,1788944293.5611,5756,0,0.0,0,0.0
2026-09-09T14:28:13.561,1788944293.5611,5757,0,0.0,0,0.0
2026-09-09T14:28:13.575,1788944293.5754,5758,0,0.0,0,0.0
2026-09-09T14:28:13.591,1788944293.5911,5759,0,0.0,0,0.0
2026-09-09T14:28:13.591,1788944293.5911,5760,0,0.0,0,0.0
2026-09-09T14:28:13.606,1788944293.6070,5761,0,0.0,0,0.0
2026-09-09T14:28:13.606,1788944293.6070,5762,0,0.0,0,0.0
2026-09-09T14:28:13.622,1788944293.6228,5763,0,0.0,0,0.0
2026-09-09T14:28:13.638,1788944293.6386,5764,0,0.0,0,0.0
2026-09-09T14:28:13.654,1788944293.6547,5765,0,0.0,0,0.0
2026-09-09T14:28:13.654,1788944293.6547,5766,0,0.0,0,0.0
2026-09-09T14:28:13.670,1788944293.6704,5767,0,0.0,0,0.0
2026-09-09T14:28:13.681,1788944293.6816,5768,0,0.0,0,0.0
2026-09-09T14:28:13.686,1788944293.6862,5769,0,0.0,0,0.0
2026-09-09T14:28:13.702,1788944293.7022,5770,0,0.0,0,0.0
2026-09-09T14:28:13.702,1788944293.7022,5771,0,0.0,0,0.0
2026-09-09T14:28:13.721,1788944293.7216,5772,0,0.0,0,0.0
2026-09-09T14:28:13.721,1788944293.7216,5773,0,0.0,0,0.0
2026-09-09T14:28:13.734,1788944293.7349,5774,0,0.0,0,0.0
2026-09-09T14:28:13.750,1788944293.7502,5775,0,0.0,0,0.0
2026-09-09T14:28:13.750,1788944293.7502,5776,0,0.0,0,0.0
2026-09-09T14:28:13.766,1788944293.7661,5777,0,0.0,0,0.0
2026-09-09T14:28:13.781,1788944293.7816,5778,0,0.0,0,0.0
2026-09-09T14:28:13.781,1788944293.7816,5779,0,0.0,0,0.0
2026-09-09T14:28:13.797,1788944293.7974,5780,0,0.0,0,0.0
2026-09-09T14:28:13.813,1788944293.8133,5781,0,0.0,0,0.0
2026-09-09T14:28:13.813,1788944293.8133,5782,0,0.0,0,0.0
2026-09-09T14:28:13.831,1788944293.8312,5783,0,0.0,0,0.0
2026-09-09T14:28:13.845,1788944293.8453,5784,0,0.0,0,0.0
2026-09-09T14:28:13.845,1788944293.8453,5785,0,0.0,0,0.0
2026-09-09T14:28:13.863,1788944293.8635,5786,0,0.0,0,0.0
2026-09-09T14:28:13.864,1788944293.8640,5787,0,0.0,0,0.0
2026-09-09T14:28:13.877,1788944293.8773,5788,0,0.0,0,0.0
2026-09-09T14:28:13.883,1788944293.8831,5789,0,0.0,0,0.0
2026-09-09T14:28:13.909,1788944293.9092,5790,0,0.0,0,0.0
2026-09-09T14:28:13.909,1788944293.9092,5791,0,0.0,0,0.0
2026-09-09T14:28:13.909,1788944293.9092,5792,0,0.0,0,0.0
2026-09-09T14:28:13.924,1788944293.9250,5793,0,0.0,0,0.0
2026-09-09T14:28:13.941,1788944293.9410,5794,0,0.0,0,0.0
2026-09-09T14:28:13.941,1788944293.9410,5795,0,0.0,0,0.0
2026-09-09T14:28:13.956,1788944293.9570,5796,0,0.0,0,0.0
2026-09-09T14:28:13.956,1788944293.9570,5797,0,0.0,0,0.0
2026-09-09T14:28:14.084,1788944294.0847,5798,0,0.0,0,0.0
2026-09-09T14:28:14.515,1788944294.5158,5799,-930,-11.92,-930,-11.92
2026-09-09T14:28:14.515,1788944294.5158,5800,-627,-8.04,-855,-10.96
2026-09-09T14:28:14.531,1788944294.5316,5801,-179,-2.29,-591,-7.58
2026-09-09T14:28:14.531,1788944294.5316,5802,10,0.13,-244,-3.13
2026-09-09T14:28:14.543,1788944294.5438,5803,197,2.53,9,0.12
2026-09-09T14:28:14.549,1788944294.5494,5804,135,1.73,134,1.72
2026-09-09T14:28:14.559,1788944294.5595,5805,314,4.03,195,2.5
2026-09-09T14:28:14.565,1788944294.5653,5806,265,3.4,257,3.29
2026-09-09T14:28:14.585,1788944294.5853,5807,399,5.12,310,3.97
2026-09-09T14:28:14.585,1788944294.5853,5808,358,4.59,355,4.55
2026-09-09T14:28:14.595,1788944294.5955,5809,515,6.6,407,5.22
2026-09-09T14:28:14.595,1788944294.5955,5810,239,3.06,406,5.21
2026-09-09T14:28:14.627,1788944294.6276,5811,369,4.73,340,4.36
2026-09-09T14:28:14.627,1788944294.6276,5812,242,3.1,304,3.9
2026-09-09T14:28:14.627,1788944294.6276,5813,256,3.28,277,3.55
2026-09-09T14:28:14.643,1788944294.6435,5814,90,1.15,211,2.71
2026-09-09T14:28:14.659,1788944294.6592,5815,149,1.91,146,1.87
2026-09-09T14:28:14.659,1788944294.6592,5816,88,1.13,119,1.53
2026-09-09T14:28:14.675,1788944294.6755,5817,163,2.09,122,1.56
2026-09-09T14:28:14.691,1788944294.6914,5818,66,0.85,120,1.54
2026-09-09T14:28:14.691,1788944294.6914,5819,137,1.76,108,1.38
2026-09-09T14:28:14.707,1788944294.7073,5820,88,1.13,107,1.37
2026-09-09T14:28:14.721,1788944294.7216,5821,187,2.4,125,1.6
2026-09-09T14:28:14.724,1788944294.7250,5822,70,0.9,133,1.71
2026-09-09T14:28:14.739,1788944294.7390,5823,97,1.24,106,1.36
2026-09-09T14:28:14.760,1788944294.7610,5824,-32,-0.41,58,0.74
2026-09-09T14:28:14.764,1788944294.7641,5825,88,1.13,30,0.38
2026-09-09T14:28:14.770,1788944294.7710,5826,-33,-0.42,27,0.35
2026-09-09T14:28:14.770,1788944294.7710,5827,96,1.23,29,0.37
2026-09-09T14:28:14.786,1788944294.7870,5828,-33,-0.42,31,0.4
2026-09-09T14:28:14.786,1788944294.7870,5829,79,1.01,27,0.35
2026-09-09T14:28:14.803,1788944294.8030,5830,-42,-0.54,20,0.26
2026-09-09T14:28:14.819,1788944294.8191,5831,87,1.12,20,0.26
2026-09-09T14:28:14.819,1788944294.8191,5832,-34,-0.44,24,0.31
2026-09-09T14:28:14.835,1788944294.8353,5833,-10,-0.13,2,0.03
2026-09-09T14:28:14.851,1788944294.8512,5834,-416,-5.33,-118,-1.51
2026-09-09T14:28:14.851,1788944294.8512,5835,-291,-3.73,-284,-3.64
2026-09-09T14:28:14.870,1788944294.8704,5836,-409,-5.24,-352,-4.51
2026-09-09T14:28:14.885,1788944294.8860,5837,-208,-2.67,-330,-4.23
2026-09-09T14:28:14.899,1788944294.8995,5838,-279,-3.58,-276,-3.54
2026-09-09T14:28:14.899,1788944294.8995,5839,-143,-1.83,-228,-2.92
2026-09-09T14:28:14.899,1788944294.8995,5840,-270,-3.46,-209,-2.68
2026-09-09T14:28:14.915,1788944294.9155,5841,-208,-2.67,-223,-2.86
2026-09-09T14:28:14.931,1788944294.9313,5842,-262,-3.36,-237,-3.04
2026-09-09T14:28:14.931,1788944294.9313,5843,-136,-1.74,-217,-2.78
2026-09-09T14:28:14.947,1788944294.9474,5844,-211,-2.71,-187,-2.4
2026-09-09T14:28:14.947,1788944294.9474,5845,-133,-1.71,-173,-2.22
2026-09-09T14:28:14.963,1788944294.9635,5846,-176,-2.26,-164,-2.1
2026-09-09T14:28:14.979,1788944294.9795,5847,-94,-1.21,-145,-1.86
2026-09-09T14:28:14.985,1788944294.9860,5848,-133,-1.71,-125,-1.6
2026-09-09T14:28:14.995,1788944294.9955,5849,0,0.0,-90,-1.15
2026-09-09T14:28:15.011,1788944295.0116,5850,-128,-1.64,-66,-0.85
2026-09-09T14:28:15.011,1788944295.0116,5851,249,3.19,-2,-0.03
2026-09-09T14:28:15.027,1788944295.0278,5852,207,2.65,144,1.85
2026-09-09T14:28:15.045,1788944295.0458,5853,253,3.24,229,2.94
2026-09-09T14:28:15.045,1788944295.0458,5854,187,2.4,225,2.88
2026-09-09T14:28:15.059,1788944295.0597,5855,253,3.24,220,2.82
2026-09-09T14:28:15.059,1788944295.0597,5856,147,1.88,210,2.69
2026-09-09T14:28:15.075,1788944295.0757,5857,325,4.17,218,2.79
2026-09-09T14:28:15.091,1788944295.0915,5858,227,2.91,256,3.28
2026-09-09T14:28:15.091,1788944295.0915,5859,308,3.95,271,3.47
2026-09-09T14:28:15.107,1788944295.1076,5860,226,2.9,267,3.42
2026-09-09T14:28:15.107,1788944295.1076,5861,236,3.03,249,3.19
2026-09-09T14:28:15.123,1788944295.1238,5862,189,2.42,221,2.83
2026-09-09T14:28:15.139,1788944295.1397,5863,240,3.08,213,2.73
2026-09-09T14:28:15.155,1788944295.1559,5864,189,2.42,214,2.74
2026-09-09T14:28:15.155,1788944295.1559,5865,176,2.26,198,2.54
2026-09-09T14:28:15.171,1788944295.1719,5866,185,2.37,181,2.32
2026-09-09T14:28:15.171,1788944295.1719,5867,304,3.9,212,2.72
2026-09-09T14:28:15.187,1788944295.1877,5868,192,2.46,246,3.15
2026-09-09T14:28:15.187,1788944295.1877,5869,251,3.22,234,3.0
2026-09-09T14:28:15.203,1788944295.2036,5870,152,1.95,211,2.71
2026-09-09T14:28:15.219,1788944295.2195,5871,230,2.95,196,2.51
2026-09-09T14:28:15.219,1788944295.2195,5872,164,2.1,194,2.49
2026-09-09T14:28:15.235,1788944295.2352,5873,175,2.24,183,2.35
2026-09-09T14:28:15.251,1788944295.2512,5874,82,1.05,149,1.91
2026-09-09T14:28:15.251,1788944295.2512,5875,109,1.4,112,1.44
2026-09-09T14:28:15.267,1788944295.2672,5876,128,1.64,107,1.37
2026-09-09T14:28:15.286,1788944295.2866,5877,231,2.96,149,1.91
2026-09-09T14:28:15.286,1788944295.2866,5878,153,1.96,185,2.37
2026-09-09T14:28:15.299,1788944295.2991,5879,204,2.62,185,2.37
2026-09-09T14:28:15.299,1788944295.2991,5880,74,0.95,158,2.03
2026-09-09T14:28:15.324,1788944295.3246,5881,73,0.94,106,1.36
2026-09-09T14:28:15.330,1788944295.3310,5882,-44,-0.56,44,0.56
2026-09-09T14:28:15.330,1788944295.3310,5883,-11,-0.14,-7,-0.09
2026-09-09T14:28:15.346,1788944295.3467,5884,48,0.62,-5,-0.06
2026-09-09T14:28:15.362,1788944295.3624,5885,72,0.92,39,0.5
2026-09-09T14:28:15.362,1788944295.3624,5886,35,0.45,56,0.72
2026-09-09T14:28:15.378,1788944295.3786,5887,82,1.05,56,0.72
2026-09-09T14:28:15.386,1788944295.3869,5888,-7,-0.09,48,0.62
2026-09-09T14:28:15.394,1788944295.3945,5889,77,0.99,36,0.46
2026-09-09T14:28:15.410,1788944295.4104,5890,4,0.05,37,0.47
2026-09-09T14:28:15.426,1788944295.4265,5891,92,1.18,44,0.56
2026-09-09T14:28:15.426,1788944295.4265,5892,67,0.86,63,0.81
2026-09-09T14:28:15.442,1788944295.4425,5893,134,1.72,90,1.15
2026-09-09T14:28:15.442,1788944295.4425,5894,165,2.12,125,1.6
2026-09-09T14:28:15.458,1788944295.4583,5895,319,4.09,195,2.5
2026-09-09T14:28:15.458,1788944295.4583,5896,277,3.55,270,3.46
2026-09-09T14:28:15.474,1788944295.4744,5897,314,4.03,296,3.79
2026-09-09T14:28:15.490,1788944295.4905,5898,131,1.68,259,3.32
2026-09-09T14:28:15.506,1788944295.5067,5899,151,1.94,181,2.32
2026-09-09T14:28:15.506,1788944295.5067,5900,42,0.54,118,1.51
2026-09-09T14:28:15.506,1788944295.5067,5901,30,0.38,66,0.85
2026-09-09T14:28:15.522,1788944295.5227,5902,-59,-0.76,10,0.13
2026-09-09T14:28:15.538,1788944295.5386,5903,26,0.33,-16,-0.21
2026-09-09T14:28:15.554,1788944295.5546,5904,-71,-0.91,-20,-0.26
2026-09-09T14:28:15.559,1788944295.5592,5905,38,0.49,-20,-0.26
2026-09-09T14:28:15.570,1788944295.5710,5906,-75,-0.96,-18,-0.23
2026-09-09T14:28:15.570,1788944295.5710,5907,34,0.44,-20,-0.26
2026-09-09T14:28:15.587,1788944295.5874,5908,-75,-0.96,-21,-0.27
2026-09-09T14:28:15.587,1788944295.5874,5909,38,0.49,-20,-0.26
2026-09-09T14:28:15.602,1788944295.6022,5910,-110,-1.41,-28,-0.36
2026-09-09T14:28:15.618,1788944295.6181,5911,6,0.08,-44,-0.56
2026-09-09T14:28:15.634,1788944295.6344,5912,-73,-0.94,-43,-0.55
2026-09-09T14:28:15.634,1788944295.6344,5913,0,0.0,-35,-0.45
2026-09-09T14:28:15.650,1788944295.6501,5914,-68,-0.87,-36,-0.46
2026-09-09T14:28:15.650,1788944295.6501,5915,41,0.53,-24,-0.31
2026-09-09T14:28:15.681,1788944295.6816,5916,57,0.73,17,0.22
2026-09-09T14:28:15.687,1788944295.6877,5917,184,2.36,84,1.08
2026-09-09T14:28:15.687,1788944295.6877,5918,63,0.81,122,1.56
2026-09-09T14:28:15.697,1788944295.6975,5919,174,2.23,121,1.55
2026-09-09T14:28:15.713,1788944295.7136,5920,53,0.68,116,1.49
2026-09-09T14:28:15.721,1788944295.7214,5921,52,0.67,83,1.06
2026-09-09T14:28:15.730,1788944295.7303,5922,-104,-1.33,13,0.17
2026-09-09T14:28:15.730,1788944295.7303,5923,-79,-1.01,-59,-0.76
2026-09-09T14:28:15.745,1788944295.7453,5924,-114,-1.46,-94,-1.21
2026-09-09T14:28:15.765,1788944295.7655,5925,-50,-0.64,-90,-1.15
2026-09-09T14:28:15.765,1788944295.7655,5926,46,0.59,-42,-0.54
2026-09-09T14:28:15.777,1788944295.7771,5927,93,1.19,33,0.42
2026-09-09T14:28:15.787,1788944295.7878,5928,48,0.62,70,0.9
2026-09-09T14:28:15.809,1788944295.8091,5929,155,1.99,86,1.1
2026-09-09T14:28:15.809,1788944295.8091,5930,118,1.51,119,1.53
2026-09-09T14:28:15.809,1788944295.8091,5931,200,2.56,147,1.88
2026-09-09T14:28:15.824,1788944295.8249,5932,171,2.19,172,2.21
2026-09-09T14:28:15.841,1788944295.8410,5933,-82,-1.05,115,1.47
2026-09-09T14:28:15.841,1788944295.8410,5934,-150,-1.92,-36,-0.46
2026-09-09T14:28:15.856,1788944295.8568,5935,-64,-0.82,-112,-1.44
2026-09-09T14:28:15.874,1788944295.8745,5936,-79,-1.01,-90,-1.15
2026-09-09T14:28:15.875,1788944295.8750,5937,165,2.12,-15,-0.19
2026-09-09T14:28:15.888,1788944295.8882,5938,296,3.79,136,1.74
2026-09-09T14:28:15.888,1788944295.8882,5939,337,4.32,273,3.5
2026-09-09T14:28:15.904,1788944295.9042,5940,182,2.33,288,3.69
2026-09-09T14:28:15.920,1788944295.9200,5941,173,2.22,218,2.79
2026-09-09T14:28:15.935,1788944295.9358,5942,-173,-2.22,88,1.13
2026-09-09T14:28:15.935,1788944295.9358,5943,-199,-2.55,-93,-1.19
2026-09-09T14:28:15.951,1788944295.9516,5944,-441,-5.65,-253,-3.24
2026-09-09T14:28:15.951,1788944295.9516,5945,-286,-3.67,-342,-4.38
2026-09-09T14:28:15.967,1788944295.9675,5946,-1253,-16.06,-567,-7.27
2026-09-09T14:28:15.983,1788944295.9833,5947,955,12.24,-460,-5.9
2026-09-09T14:28:15.989,1788944295.9898,5948,-957,-12.27,-75,-0.96
2026-09-09T14:28:15.999,1788944295.9994,5949,808,10.36,-38,-0.49
2026-09-09T14:28:15.999,1788944295.9994,5950,296,3.79,238,3.05
2026-09-09T14:28:16.015,1788944296.0154,5951,800,10.26,550,7.05
2026-09-09T14:28:16.031,1788944296.0315,5952,634,8.13,632,8.1
2026-09-09T14:28:16.031,1788944296.0315,5953,659,8.45,681,8.73
2026-09-09T14:28:16.047,1788944296.0473,5954,514,6.59,616,7.9
2026-09-09T14:28:16.063,1788944296.0635,5955,537,6.88,556,7.13
2026-09-09T14:28:16.063,1788944296.0635,5956,385,4.94,493,6.32
2026-09-09T14:28:16.079,1788944296.0793,5957,457,5.86,441,5.65
2026-09-09T14:28:16.095,1788944296.0951,5958,258,3.31,389,4.99
2026-09-09T14:28:16.095,1788944296.0951,5959,403,5.17,344,4.41
2026-09-09T14:28:16.114,1788944296.1149,5960,188,2.41,313,4.01
2026-09-09T14:28:16.126,1788944296.1270,5961,270,3.46,262,3.36
2026-09-09T14:28:16.126,1788944296.1270,5962,131,1.68,214,2.74
2026-09-09T14:28:16.126,1788944296.1270,5963,242,3.1,193,2.47
2026-09-09T14:28:16.142,1788944296.1430,5964,95,1.22,177,2.27
2026-09-09T14:28:16.158,1788944296.1588,5965,242,3.1,168,2.15
2026-09-09T14:28:16.158,1788944296.1588,5966,23,0.29,150,1.92
2026-09-09T14:28:16.175,1788944296.1752,5967,223,2.86,127,1.63
2026-09-09T14:28:16.191,1788944296.1911,5968,48,0.62,129,1.65
2026-09-09T14:28:16.206,1788944296.2069,5969,240,3.08,139,1.78
2026-09-09T14:28:16.206,1788944296.2069,5970,37,0.47,141,1.81
2026-09-09T14:28:16.223,1788944296.2230,5971,253,3.24,141,1.81
2026-09-09T14:28:16.223,1788944296.2230,5972,111,1.42,163,2.09
2026-09-09T14:28:16.238,1788944296.2387,5973,242,3.1,179,2.29
2026-09-09T14:28:16.238,1788944296.2387,5974,108,1.38,175,2.24
2026-09-09T14:28:16.256,1788944296.2570,5975,255,3.27,178,2.28
2026-09-09T14:28:16.271,1788944296.2711,5976,-230,-2.95,97,1.24
2026-09-09T14:28:16.271,1788944296.2711,5977,343,4.4,34,0.44
2026-09-09T14:28:16.290,1788944296.2907,5978,-254,-3.26,50,0.64
2026-09-09T14:28:16.290,1788944296.2907,5979,1671,21.42,376,4.82
2026-09-09T14:28:16.303,1788944296.3033,5980,-2689,-34.47,99,1.27
2026-09-09T14:28:16.319,1788944296.3191,5981,-2490,-31.92,-1550,-19.87
2026-09-09T14:28:16.335,1788944296.3352,5982,-2751,-35.27,-2605,-33.4
2026-09-09T14:28:16.335,1788944296.3352,5983,-1754,-22.49,-2437,-31.24
2026-09-09T14:28:16.350,1788944296.3510,5984,-2997,-38.42,-2314,-29.67
2026-09-09T14:28:16.350,1788944296.3510,5985,-1025,-13.14,-2194,-28.13
2026-09-09T14:28:16.366,1788944296.3667,5986,-3236,-41.49,-2071,-26.55
2026-09-09T14:28:16.382,1788944296.3828,5987,-405,-5.19,-1976,-25.33
2026-09-09T14:28:16.390,1788944296.3907,5988,-3471,-44.5,-1880,-24.1
2026-09-09T14:28:16.398,1788944296.3987,5989,219,2.81,-1782,-22.85
2026-09-09T14:28:16.398,1788944296.3987,5990,-3656,-46.87,-1673,-21.45
2026-09-09T14:28:16.414,1788944296.4146,5991,933,11.96,-1540,-19.74
2026-09-09T14:28:16.430,1788944296.4305,5992,405,5.19,-347,-4.45
2026-09-09T14:28:16.430,1788944296.4305,5993,1660,21.28,850,10.9
2026-09-09T14:28:16.446,1788944296.4464,5994,173,2.22,974,12.49
2026-09-09T14:28:16.462,1788944296.4624,5995,2252,28.87,1064,13.64
2026-09-09T14:28:16.462,1788944296.4624,5996,-88,-1.13,1147,14.71
2026-09-09T14:28:16.478,1788944296.4782,5997,2760,35.38,1209,15.5
2026-09-09T14:28:16.490,1788944296.4909,5998,-449,-5.76,1245,15.96
2026-09-09T14:28:16.493,1788944296.4939,5999,3138,40.23,1250,16.03
2026-09-09T14:28:16.510,1788944296.5101,6000,-943,-12.09,1221,15.65
2026-09-09T14:28:16.510,1788944296.5101,6001,-1212,-15.54,10,0.13
2026-09-09T14:28:16.525,1788944296.5258,6002,-1537,-19.71,-1226,-15.72
2026-09-09T14:28:16.541,1788944296.5417,6003,-888,-11.38,-1294,-16.59
2026-09-09T14:28:16.541,1788944296.5417,6004,-2177,-27.91,-1373,-17.6
2026-09-09T14:28:16.559,1788944296.5594,6005,-443,-5.68,-1422,-18.23
2026-09-09T14:28:16.559,1788944296.5594,6006,-2681,-34.37,-1436,-18.41
2026-09-09T14:28:16.574,1788944296.5747,6007,18,0.23,-1447,-18.55
2026-09-09T14:28:16.590,1788944296.5909,6008,-3058,-39.21,-1426,-18.28
2026-09-09T14:28:16.605,1788944296.6060,6009,601,7.71,-1375,-17.63
2026-09-09T14:28:16.605,1788944296.6060,6010,-3392,-43.49,-1312,-16.82
2026-09-09T14:28:16.621,1788944296.6217,6011,1204,15.44,-1245,-15.96
2026-09-09T14:28:16.621,1788944296.6217,6012,800,10.26,-46,-0.59
2026-09-09T14:28:16.637,1788944296.6377,6013,1889,24.22,1173,15.04
2026-09-09T14:28:16.637,1788944296.6377,6014,527,6.76,1276,16.36
2026-09-09T14:28:16.653,1788944296.6538,6015,2568,32.92,1377,17.65
2026-09-09T14:28:16.669,1788944296.6699,6016,109,1.4,1443,18.5
2026-09-09T14:28:16.669,1788944296.6699,6017,3222,41.31,1502,19.26
2026-09-09T14:28:16.691,1788944296.6913,6018,-139,-1.78,1603,20.55
2026-09-09T14:28:16.701,1788944296.7018,6019,3709,47.55,1663,21.32
2026-09-09T14:28:16.708,1788944296.7083,6020,-521,-6.68,1689,21.65
2026-09-09T14:28:16.719,1788944296.7192,6021,-761,-9.76,476,6.1
2026-09-09T14:28:16.735,1788944296.7355,6022,-1107,-14.19,-788,-10.1
2026-09-09T14:28:16.735,1788944296.7355,6023,-389,-4.99,-841,-10.78
2026-09-09T14:28:16.749,1788944296.7497,6024,-1756,-22.51,-911,-11.68
2026-09-09T14:28:16.749,1788944296.7497,6025,19,0.24,-971,-12.45
2026-09-09T14:28:16.765,1788944296.7658,6026,-2349,-30.12,-1017,-13.04
2026-09-09T14:28:16.781,1788944296.7815,6027,388,4.97,-1073,-13.76
2026-09-09T14:28:16.791,1788944296.7912,6028,-2892,-37.08,-1117,-14.32
2026-09-09T14:28:16.797,1788944296.7973,6029,810,10.38,-1147,-14.71
2026-09-09T14:28:16.813,1788944296.8132,6030,-3338,-42.79,-1153,-14.78
2026-09-09T14:28:16.813,1788944296.8132,6031,1309,16.78,-1140,-14.62
2026-09-09T14:28:16.829,1788944296.8292,6032,817,10.47,24,0.31
2026-09-09T14:28:16.829,1788944296.8292,6033,1917,24.58,1215,15.58
2026-09-09T14:28:16.845,1788944296.8453,6034,508,6.51,1289,16.53
2026-09-09T14:28:16.861,1788944296.8612,6035,2537,32.53,1367,17.53
2026-09-09T14:28:16.878,1788944296.8787,6036,230,2.95,1453,18.63
2026-09-09T14:28:16.879,1788944296.8792,6037,3095,39.68,1523,19.53
2026-09-09T14:28:16.893,1788944296.8930,6038,-141,-1.81,1569,20.12
2026-09-09T14:28:16.893,1788944296.8930,6039,3500,44.87,1578,20.23
2026-09-09T14:28:16.908,1788944296.9089,6040,-561,-7.19,1574,20.18
2026-09-09T14:28:16.924,1788944296.9247,6041,-1079,-13.83,324,4.15
2026-09-09T14:28:16.924,1788944296.9247,6042,-1167,-14.96,-972,-12.46
2026-09-09T14:28:16.940,1788944296.9407,6043,-800,-10.26,-1054,-13.51
2026-09-09T14:28:16.940,1788944296.9407,6044,-1820,-23.33,-1147,-14.71
2026-09-09T14:28:16.956,1788944296.9566,6045,-451,-5.78,-1223,-15.68
2026-09-09T14:28:16.972,1788944296.9724,6046,-2468,-31.64,-1298,-16.64
2026-09-09T14:28:16.972,1788944296.9724,6047,-77,-0.99,-1366,-17.51
2026-09-09T14:28:16.991,1788944296.9915,6048,-2990,-38.33,-1403,-17.99
2026-09-09T14:28:17.004,1788944297.0048,6049,386,4.95,-1418,-18.18
2026-09-09T14:28:17.019,1788944297.0199,6050,-3443,-44.14,-1416,-18.15
2026-09-09T14:28:17.019,1788944297.0199,6051,941,12.06,-1390,-17.82
2026-09-09T14:28:17.019,1788944297.0199,6052,907,11.63,-164,-2.1
2026-09-09T14:28:17.035,1788944297.0359,6053,1608,20.62,1090,13.97
2026-09-09T14:28:17.051,1788944297.0517,6054,568,7.28,1172,15.03
2026-09-09T14:28:17.051,1788944297.0517,6055,2242,28.74,1246,15.97
2026-09-09T14:28:17.067,1788944297.0677,6056,177,2.27,1307,16.76
2026-09-09T14:28:17.083,1788944297.0836,6057,2692,34.51,1322,16.95
2026-09-09T14:28:17.091,1788944297.0918,6058,-281,-3.6,1320,16.92
2026-09-09T14:28:17.099,1788944297.0996,6059,3004,38.51,1283,16.45
2026-09-09T14:28:17.099,1788944297.0996,6060,-961,-12.32,1191,15.27
2026-09-09T14:28:17.115,1788944297.1155,6061,-1516,-19.44,-109,-1.4
2026-09-09T14:28:17.131,1788944297.1317,6062,-1571,-20.14,-1391,-17.83
2026-09-09T14:28:17.147,1788944297.1477,6063,-1160,-14.87,-1455,-18.65
2026-09-09T14:28:17.147,1788944297.1477,6064,-2192,-28.1,-1521,-19.5
2026-09-09T14:28:17.163,1788944297.1636,6065,-760,-9.74,-1576,-20.21
2026-09-09T14:28:17.163,1788944297.1636,6066,-2801,-35.91,-1629,-20.88
2026-09-09T14:28:17.179,1788944297.1797,6067,-311,-3.99,-1669,-21.4
2026-09-09T14:28:17.191,1788944297.1918,6068,-3249,-41.65,-1668,-21.38
2026-09-09T14:28:17.195,1788944297.1959,6069,264,3.38,-1637,-20.99
2026-09-09T14:28:17.211,1788944297.2118,6070,-3603,-46.19,-1581,-20.27
2026-09-09T14:28:17.211,1788944297.2118,6071,831,10.65,-1528,-19.59
2026-09-09T14:28:17.227,1788944297.2276,6072,665,8.53,-319,-4.09
2026-09-09T14:28:17.227,1788944297.2276,6073,1532,19.64,923,11.83
2026-09-09T14:28:17.243,1788944297.2434,6074,380,4.87,1027,13.17
2026-09-09T14:28:17.259,1788944297.2595,6075,2183,27.99,1118,14.33
2026-09-09T14:28:17.275,1788944297.2755,6076,26,0.33,1193,15.29
2026-09-09T14:28:17.275,1788944297.2755,6077,2766,35.46,1250,16.03
2026-09-09T14:28:17.292,1788944297.2920,6078,-276,-3.54,1320,16.92
2026-09-09T14:28:17.292,1788944297.2920,6079,3194,40.95,1352,17.33
2026-09-09T14:28:17.307,1788944297.3072,6080,-684,-8.77,1357,17.4
2026-09-09T14:28:17.307,1788944297.3072,6081,-1062,-13.62,191,2.45
2026-09-09T14:28:17.323,1788944297.3233,6082,-1117,-14.32,-982,-12.59
2026-09-09T14:28:17.339,1788944297.3392,6083,-523,-6.71,-955,-12.24
2026-09-09T14:28:17.352,1788944297.3528,6084,-1551,-19.88,-929,-11.91
2026-09-09T14:28:17.355,1788944297.3551,6085,23,0.29,-901,-11.55
2026-09-09T14:28:17.371,1788944297.3712,6086,-1852,-23.74,-840,-10.77
2026-09-09T14:28:17.371,1788944297.3712,6087,824,10.56,-715,-9.17
2026-09-09T14:28:17.387,1788944297.3871,6088,-1867,-23.94,-518,-6.64
2026-09-09T14:28:17.392,1788944297.3925,6089,1547,19.83,-341,-4.37
2026-09-09T14:28:17.419,1788944297.4192,6090,-1756,-22.51,-133,-1.71
2026-09-09T14:28:17.419,1788944297.4192,6091,2442,31.31,119,1.53
2026-09-09T14:28:17.419,1788944297.4192,6092,1958,25.1,1271,16.29
2026-09-09T14:28:17.446,1788944297.4466,6093,2959,37.94,2329,29.86
2026-09-09T14:28:17.453,1788944297.4535,6094,1447,18.55,2330,29.87
2026-09-09T14:28:17.457,1788944297.4575,6095,3012,38.62,2216,28.41
2026-09-09T14:28:17.457,1788944297.4575,6096,602,7.72,2018,25.87
2026-09-09T14:28:17.473,1788944297.4737,6097,2879,36.91,1773,22.73
2026-09-09T14:28:17.489,1788944297.4896,6098,-223,-2.86,1534,19.67
2026-09-09T14:28:17.492,1788944297.4929,6099,2723,34.91,1289,16.53
2026-09-09T14:28:17.505,1788944297.5056,6100,-971,-12.45,1063,13.63
2026-09-09T14:28:17.521,1788944297.5216,6101,-1237,-15.86,-114,-1.46
2026-09-09T14:28:17.521,1788944297.5216,6102,-1767,-22.65,-1303,-16.71
2026-09-09T14:28:17.553,1788944297.5536,6103,-1300,-16.67,-1518,-19.46
2026-09-09T14:28:17.559,1788944297.5591,6104,-2603,-33.37,-1743,-22.35
2026-09-09T14:28:17.559,1788944297.5591,6105,-1333,-17.09,-1960,-25.13
2026-09-09T14:28:17.570,1788944297.5704,6106,-3397,-43.55,-2167,-27.78
2026-09-09T14:28:17.570,1788944297.5704,6107,-1123,-14.4,-2313,-29.65
2026-09-09T14:28:17.593,1788944297.5930,6108,-3752,-48.1,-2349,-30.12
2026-09-09T14:28:17.601,1788944297.6016,6109,-614,-7.87,-2311,-29.63
2026-09-09T14:28:17.601,1788944297.6016,6110,-3946,-50.59,-2232,-28.62
2026-09-09T14:28:17.617,1788944297.6175,6111,55,0.71,-2113,-27.09
2026-09-09T14:28:17.633,1788944297.6334,6112,71,0.91,-942,-12.08
2026-09-09T14:28:17.633,1788944297.6334,6113,854,10.95,262,3.36
2026-09-09T14:28:17.649,1788944297.6495,6114,52,0.67,457,5.86
2026-09-09T14:28:17.649,1788944297.6495,6115,1634,20.95,648,8.31
2026-09-09T14:28:17.665,1788944297.6656,6116,-52,-0.67,817,10.47
2026-09-09T14:28:17.681,1788944297.6817,6117,2385,30.58,978,12.54
2026-09-09T14:28:17.697,1788944297.6977,6118,-208,-2.67,1127,14.45
2026-09-09T14:28:17.697,1788944297.6977,6119,2977,38.17,1236,15.85
2026-09-09T14:28:17.713,1788944297.7134,6120,-549,-7.04,1299,16.65
2026-09-09T14:28:17.721,1788944297.7215,6121,-1483,-19.01,99,1.27
2026-09-09T14:28:17.730,1788944297.7306,6122,-1056,-13.54,-1143,-14.65
2026-09-09T14:28:17.730,1788944297.7306,6123,-1139,-14.6,-1184,-15.18
2026-09-09T14:28:17.745,1788944297.7455,6124,-1682,-21.56,-1254,-16.08
2026-09-09T14:28:17.761,1788944297.7616,6125,-807,-10.35,-1328,-17.03
2026-09-09T14:28:17.761,1788944297.7616,6126,-2382,-30.54,-1420,-18.21
2026-09-09T14:28:17.777,1788944297.7774,6127,-406,-5.21,-1495,-19.17
2026-09-09T14:28:17.777,1788944297.7774,6128,-2954,-37.87,-1537,-19.71
2026-09-09T14:28:17.793,1788944297.7935,6129,19,0.24,-1574,-20.18
2026-09-09T14:28:17.809,1788944297.8093,6130,-3434,-44.03,-1588,-20.36
2026-09-09T14:28:17.825,1788944297.8254,6131,548,7.03,-1576,-20.21
2026-09-09T14:28:17.825,1788944297.8254,6132,991,12.71,-337,-4.32
2026-09-09T14:28:17.841,1788944297.8412,6133,1237,15.86,941,12.06
2026-09-09T14:28:17.841,1788944297.8412,6134,705,9.04,1042,13.36
2026-09-09T14:28:17.857,1788944297.8572,6135,1979,25.37,1156,14.82
2026-09-09T14:28:17.857,1788944297.8572,6136,425,5.45,1272,16.31
2026-09-09T14:28:17.872,1788944297.8729,6137,2661,34.12,1372,17.59
2026-09-09T14:28:17.894,1788944297.8947,6138,133,1.71,1470,18.85
2026-09-09T14:28:17.904,1788944297.9047,6139,3204,41.08,1532,19.64
2026-09-09T14:28:17.904,1788944297.9047,6140,-281,-3.6,1565,20.06
2026-09-09T14:28:17.920,1788944297.9205,6141,-1571,-20.14,267,3.42
2026-09-09T14:28:17.920,1788944297.9205,6142,-838,-10.74,-1066,-13.67
2026-09-09T14:28:17.936,1788944297.9369,6143,-1313,-16.83,-1140,-14.62
2026-09-09T14:28:17.952,1788944297.9526,6144,-1485,-19.04,-1238,-15.87
2026-09-09T14:28:17.968,1788944297.9685,6145,-891,-11.42,-1294,-16.59
2026-09-09T14:28:17.968,1788944297.9685,6146,-2168,-27.79,-1359,-17.42
2026-09-09T14:28:17.984,1788944297.9844,6147,-456,-5.85,-1421,-18.22
2026-09-09T14:28:17.984,1788944297.9844,6148,-2794,-35.82,-1469,-18.83
2026-09-09T14:28:18.000,1788944298.0001,6149,-17,-0.22,-1516,-19.44
2026-09-09T14:28:18.000,1788944298.0001,6150,1607,20.6,-306,-3.92
2026-09-09T14:28:18.016,1788944298.0162,6151,542,6.95,934,11.97
2026-09-09T14:28:18.032,1788944298.0321,6152,1279,16.4,992,12.72
2026-09-09T14:28:18.032,1788944298.0321,6153,1217,15.6,1079,13.83
2026-09-09T14:28:18.047,1788944298.0478,6154,971,12.45,1171,15.01
2026-09-09T14:28:18.047,1788944298.0478,6155,1957,25.09,1279,16.4
2026-09-09T14:28:18.063,1788944298.0638,6156,666,8.54,1387,17.78
2026-09-09T14:28:18.079,1788944298.0797,6157,2681,34.37,1492,19.13
2026-09-09T14:28:18.095,1788944298.0950,6158,328,4.21,1589,20.37
2026-09-09T14:28:18.095,1788944298.0950,6159,3255,41.73,1648,21.13
2026-09-09T14:28:18.110,1788944298.1108,6160,-71,-0.91,1691,21.68
2026-09-09T14:28:18.126,1788944298.1266,6161,-1550,-19.87,390,5.0
2026-09-09T14:28:18.126,1788944298.1266,6162,-582,-7.46,-939,-12.04
2026-09-09T14:28:18.126,1788944298.1266,6163,-1224,-15.69,-985,-12.63
2026-09-09T14:28:18.142,1788944298.1424,6164,-1200,-15.38,-1058,-13.56
2026-09-09T14:28:18.158,1788944298.1583,6165,-820,-10.51,-1111,-14.24
2026-09-09T14:28:18.174,1788944298.1742,6166,-1929,-24.73,-1193,-15.29
2026-09-09T14:28:18.174,1788944298.1742,6167,-423,-5.42,-1276,-16.36
2026-09-09T14:28:18.190,1788944298.1901,6168,-2533,-32.47,-1327,-17.01
2026-09-09T14:28:18.196,1788944298.1963,6169,42,0.54,-1362,-17.46
2026-09-09T14:28:18.205,1788944298.2059,6170,1518,19.46,-233,-2.99
2026-09-09T14:28:18.221,1788944298.2219,6171,505,6.47,895,11.47
2026-09-09T14:28:18.237,1788944298.2377,6172,1167,14.96,923,11.83
2026-09-09T14:28:18.237,1788944298.2377,6173,1055,13.53,973,12.47
2026-09-09T14:28:18.253,1788944298.2536,6174,831,10.65,1027,13.17
2026-09-09T14:28:18.253,1788944298.2536,6175,1688,21.64,1101,14.12
2026-09-09T14:28:18.269,1788944298.2695,6176,460,5.9,1166,14.95
2026-09-09T14:28:18.269,1788944298.2695,6177,2306,29.56,1228,15.74
2026-09-09T14:28:18.285,1788944298.2853,6178,92,1.18,1291,16.55
2026-09-09T14:28:18.301,1788944298.3012,6179,2780,35.64,1317,16.88
2026-09-09T14:28:18.301,1788944298.3012,6180,-259,-3.32,1348,17.28
2026-09-09T14:28:18.317,1788944298.3174,6181,-1657,-21.24,151,1.94
2026-09-09T14:28:18.317,1788944298.3174,6182,-785,-10.06,-1090,-13.97
2026-09-09T14:28:18.333,1788944298.3331,6183,-1370,-17.56,-1150,-14.74
2026-09-09T14:28:18.365,1788944298.3652,6184,-1366,-17.51,-1223,-15.68
2026-09-09T14:28:18.365,1788944298.3652,6185,-1085,-13.91,-1297,-16.63
2026-09-09T14:28:18.365,1788944298.3652,6186,-2065,-26.47,-1401,-17.96
2026-09-09T14:28:18.381,1788944298.3812,6187,-726,-9.31,-1486,-19.05
2026-09-09T14:28:18.396,1788944298.3967,6188,-2674,-34.28,-1548,-19.85
2026-09-09T14:28:18.396,1788944298.3967,6189,-369,-4.73,-1611,-20.65
2026-09-09T14:28:18.412,1788944298.4126,6190,1094,14.03,-580,-7.44
2026-09-09T14:28:18.412,1788944298.4126,6191,71,0.91,472,6.05
2026-09-09T14:28:18.428,1788944298.4287,6192,817,10.47,513,6.58
2026-09-09T14:28:18.444,1788944298.4446,6193,632,8.1,584,7.49
2026-09-09T14:28:18.444,1788944298.4446,6194,468,6.0,637,8.17
2026-09-09T14:28:18.460,1788944298.4604,6195,1209,15.5,694,8.9
2026-09-09T14:28:18.460,1788944298.4604,6196,171,2.19,764,9.79
2026-09-09T14:28:18.476,1788944298.4763,6197,1813,23.24,841,10.78
2026-09-09T14:28:18.500,1788944298.5002,6198,-190,-2.44,901,11.55
2026-09-09T14:28:18.500,1788944298.5002,6199,2312,29.64,936,12.0
2026-09-09T14:28:18.508,1788944298.5081,6200,-519,-6.65,978,12.54
2026-09-09T14:28:18.524,1788944298.5241,6201,-1964,-25.18,-173,-2.22
2026-09-09T14:28:18.524,1788944298.5241,6202,-975,-12.5,-1356,-17.38
2026-09-09T14:28:18.540,1788944298.5400,6203,-1638,-21.0,-1388,-17.79
2026-09-09T14:28:18.540,1788944298.5400,6204,-1443,-18.5,-1424,-18.26
2026-09-09T14:28:18.559,1788944298.5593,6205,-1262,-16.18,-1447,-18.55
2026-09-09T14:28:18.572,1788944298.5727,6206,-1984,-25.44,-1488,-19.08
2026-09-09T14:28:18.572,1788944298.5727,6207,-805,-10.32,-1509,-19.35
2026-09-09T14:28:18.588,1788944298.5881,6208,-2498,-32.03,-1523,-19.53
2026-09-09T14:28:18.597,1788944298.5980,6209,-322,-4.13,-1531,-19.63
2026-09-09T14:28:18.604,1788944298.6040,6210,1317,16.88,-457,-5.86
2026-09-09T14:28:18.619,1788944298.6198,6211,108,1.38,605,7.76
2026-09-09T14:28:18.635,1788944298.6357,6212,981,12.58,628,8.05
2026-09-09T14:28:18.635,1788944298.6357,6213,646,8.28,679,8.71
2026-09-09T14:28:18.635,1788944298.6357,6214,701,8.99,743,9.53
2026-09-09T14:28:18.651,1788944298.6518,6215,1256,16.1,826,10.59
2026-09-09T14:28:18.667,1788944298.6675,6216,393,5.04,901,11.55
2026-09-09T14:28:18.667,1788944298.6675,6217,1925,24.68,991,12.71
2026-09-09T14:28:18.685,1788944298.6858,6218,117,1.5,1090,13.97
2026-09-09T14:28:18.699,1788944298.6994,6219,2537,32.53,1174,15.05
2026-09-09T14:28:18.699,1788944298.6994,6220,-161,-2.06,1257,16.12
2026-09-09T14:28:18.721,1788944298.7219,6221,-1724,-22.1,122,1.56
2026-09-09T14:28:18.732,1788944298.7323,6222,-492,-6.31,-1026,-13.15
2026-09-09T14:28:18.732,1788944298.7323,6223,-1350,-17.31,-1015,-13.01
2026-09-09T14:28:18.747,1788944298.7475,6224,-928,-11.9,-1030,-13.21
2026-09-09T14:28:18.763,1788944298.7635,6225,-929,-11.91,-1034,-13.26
2026-09-09T14:28:18.779,1788944298.7792,6226,-1446,-18.54,-1058,-13.56
2026-09-09T14:28:18.779,1788944298.7792,6227,-406,-5.21,-1057,-13.55
2026-09-09T14:28:18.795,1788944298.7952,6228,-1988,-25.49,-1062,-13.62
2026-09-09T14:28:18.798,1788944298.7986,6229,64,0.82,-1080,-13.85
2026-09-09T14:28:18.811,1788944298.8112,6230,1863,23.88,0,0.0
2026-09-09T14:28:18.811,1788944298.8112,6231,529,6.78,1079,13.83
2026-09-09T14:28:18.827,1788944298.8273,6232,1606,20.59,1131,14.5
2026-09-09T14:28:18.843,1788944298.8434,6233,1042,13.36,1195,15.32
2026-09-09T14:28:18.846,1788944298.8462,6234,1281,16.42,1242,15.92
2026-09-09T14:28:18.859,1788944298.8593,6235,1678,21.51,1320,16.92
2026-09-09T14:28:18.859,1788944298.8593,6236,948,12.15,1396,17.9
2026-09-09T14:28:18.875,1788944298.8752,6237,2387,30.6,1490,19.1
2026-09-09T14:28:18.890,1788944298.8908,6238,627,8.04,1587,20.35
2026-09-09T14:28:18.906,1788944298.9068,6239,3354,43.0,1748,22.41
2026-09-09T14:28:18.906,1788944298.9068,6240,272,3.49,1901,24.37
2026-09-09T14:28:18.922,1788944298.9224,6241,-2500,-32.05,349,4.47
2026-09-09T14:28:18.922,1788944298.9224,6242,-311,-3.99,-1260,-16.15
2026-09-09T14:28:18.938,1788944298.9384,6243,-2354,-30.18,-1369,-17.55
2026-09-09T14:28:18.938,1788944298.9384,6244,-1192,-15.28,-1553,-19.91
2026-09-09T14:28:18.954,1788944298.9542,6245,-2023,-25.94,-1691,-21.68
2026-09-09T14:28:18.970,1788944298.9702,6246,-2186,-28.03,-1856,-23.79
2026-09-09T14:28:18.970,1788944298.9702,6247,-1514,-19.41,-1978,-25.36
2026-09-09T14:28:18.986,1788944298.9864,6248,-3218,-41.26,-2108,-27.03
2026-09-09T14:28:19.002,1788944299.0024,6249,-935,-11.99,-2222,-28.49
2026-09-09T14:28:19.002,1788944299.0024,6250,2554,32.74,-634,-8.13
2026-09-09T14:28:19.018,1788944299.0185,6251,-402,-5.15,942,12.08
2026-09-09T14:28:19.018,1788944299.0185,6252,2033,26.06,945,12.12
2026-09-09T14:28:19.050,1788944299.0501,6253,364,4.67,1007,12.91
2026-09-09T14:28:19.050,1788944299.0501,6254,1505,19.29,1066,13.67
2026-09-09T14:28:19.050,1788944299.0501,6255,1218,15.62,1148,14.72
2026-09-09T14:28:19.066,1788944299.0661,6256,1086,13.92,1256,16.1
2026-09-09T14:28:19.081,1788944299.0820,6257,2342,30.03,1433,18.37
2026-09-09T14:28:19.081,1788944299.0820,6258,634,8.13,1601,20.53
2026-09-09T14:28:19.099,1788944299.0991,6259,2827,36.24,1609,20.63
2026-09-09T14:28:19.113,1788944299.1136,6260,158,2.03,1611,20.65
2026-09-09T14:28:19.113,1788944299.1136,6261,-1778,-22.79,341,4.37
2026-09-09T14:28:19.129,1788944299.1296,6262,-316,-4.05,-929,-11.91
2026-09-09T14:28:19.129,1788944299.1296,6263,-1522,-19.51,-983,-12.6
2026-09-09T14:28:19.145,1788944299.1456,6264,-865,-11.09,-1057,-13.55
2026-09-09T14:28:19.161,1788944299.1615,6265,-1201,-15.4,-1114,-14.28
2026-09-09T14:28:19.177,1788944299.1776,6266,-1508,-19.33,-1194,-15.31
2026-09-09T14:28:19.177,1788944299.1776,6267,-842,-10.79,-1265,-16.22
2026-09-09T14:28:19.193,1788944299.1935,6268,-2230,-28.59,-1356,-17.38
2026-09-09T14:28:19.199,1788944299.1992,6269,-467,-5.99,-1443,-18.5
2026-09-09T14:28:19.209,1788944299.2092,6270,1608,20.62,-389,-4.99
2026-09-09T14:28:19.225,1788944299.2252,6271,-62,-0.79,671,8.6
2026-09-09T14:28:19.225,1788944299.2252,6272,1315,16.86,699,8.96
2026-09-09T14:28:19.241,1788944299.2412,6273,480,6.15,762,9.77
2026-09-09T14:28:19.241,1788944299.2412,6274,1046,13.41,830,10.64
2026-09-09T14:28:19.257,1788944299.2570,6275,1156,14.82,932,11.95
2026-09-09T14:28:19.273,1788944299.2730,6276,740,9.49,1024,13.13
2026-09-09T14:28:19.273,1788944299.2730,6277,1863,23.88,1124,14.41
2026-09-09T14:28:19.289,1788944299.2891,6278,441,5.65,1226,15.72
2026-09-09T14:28:19.299,1788944299.2992,6279,2572,32.97,1329,17.04
2026-09-09T14:28:19.321,1788944299.3210,6280,133,1.71,1429,18.32
2026-09-09T14:28:19.321,1788944299.3210,6281,-1856,-23.79,245,3.14
2026-09-09T14:28:19.321,1788944299.3210,6282,-204,-2.62,-946,-12.13
2026-09-09T14:28:19.336,1788944299.3369,6283,-1515,-19.42,-945,-12.12
2026-09-09T14:28:19.352,1788944299.3530,6284,-702,-9.0,-984,-12.62
2026-09-09T14:28:19.352,1788944299.3530,6285,-1175,-15.06,-1024,-13.13
2026-09-09T14:28:19.368,1788944299.3688,6286,-1339,-17.17,-1098,-14.08
2026-09-09T14:28:19.374,1788944299.3750,6287,-778,-9.97,-1158,-14.85
2026-09-09T14:28:19.384,1788944299.3846,6288,-2027,-25.99,-1231,-15.78
2026-09-09T14:28:19.400,1788944299.4004,6289,-392,-5.03,-1306,-16.74
2026-09-09T14:28:19.416,1788944299.4161,6290,1801,23.09,-253,-3.24
2026-09-09T14:28:19.416,1788944299.4161,6291,46,0.59,814,10.44
2026-09-09T14:28:19.416,1788944299.4161,6292,1490,19.1,845,10.83
2026-09-09T14:28:19.431,1788944299.4319,6293,552,7.08,894,11.46
2026-09-09T14:28:19.447,1788944299.4476,6294,1222,15.67,954,12.23
2026-09-09T14:28:19.463,1788944299.4633,6295,1242,15.92,1059,13.58
2026-09-09T14:28:19.463,1788944299.4633,6296,981,12.58,1171,15.01
2026-09-09T14:28:19.479,1788944299.4791,6297,2001,25.65,1301,16.68
2026-09-09T14:28:19.495,1788944299.4951,6298,702,9.0,1421,18.22
2026-09-09T14:28:19.499,1788944299.4997,6299,2706,34.69,1527,19.58
2026-09-09T14:28:19.511,1788944299.5112,6300,417,5.35,1632,20.92
2026-09-09T14:28:19.511,1788944299.5112,6301,-1673,-21.45,466,5.97
2026-09-09T14:28:19.527,1788944299.5270,6302,99,1.27,-708,-9.08
2026-09-09T14:28:19.544,1788944299.5444,6303,-1330,-17.05,-702,-9.0
2026-09-09T14:28:19.544,1788944299.5444,6304,-392,-5.03,-739,-9.47
2026-09-09T14:28:19.560,1788944299.5601,6305,-979,-12.55,-774,-9.92
2026-09-09T14:28:19.560,1788944299.5601,6306,-966,-12.38,-829,-10.63
2026-09-09T14:28:19.575,1788944299.5752,6307,-591,-7.58,-876,-11.23
2026-09-09T14:28:19.591,1788944299.5911,6308,-1620,-20.77,-942,-12.08
2026-09-09T14:28:19.599,1788944299.5998,6309,-104,-1.33,-984,-12.62
2026-09-09T14:28:19.606,1788944299.6069,6310,2215,28.4,96,1.23
2026-09-09T14:28:19.622,1788944299.6228,6311,344,4.41,1167,14.96
2026-09-09T14:28:19.622,1788944299.6228,6312,1937,24.83,1210,15.51
2026-09-09T14:28:19.638,1788944299.6386,6313,879,11.27,1274,16.33
2026-09-09T14:28:19.638,1788944299.6386,6314,1685,21.6,1345,17.24
2026-09-09T14:28:19.654,1788944299.6547,6315,1733,22.22,1495,19.17
2026-09-09T14:28:19.670,1788944299.6707,6316,2007,25.73,1789,22.94
2026-09-09T14:28:19.670,1788944299.6707,6317,2798,35.87,2136,27.38
2026-09-09T14:28:19.686,1788944299.6864,6318,1909,24.47,2378,30.49
2026-09-09T14:28:19.700,1788944299.7002,6319,4202,53.87,2704,34.67
2026-09-09T14:28:19.702,1788944299.7022,6320,1524,19.54,2959,37.94
2026-09-09T14:28:19.721,1788944299.7219,6321,-3094,-39.67,1039,13.32
2026-09-09T14:28:19.734,1788944299.7344,6322,952,12.21,-928,-11.9
2026-09-09T14:28:19.734,1788944299.7344,6323,-2534,-32.49,-931,-11.94
2026-09-09T14:28:19.749,1788944299.7498,6324,192,2.46,-981,-12.58
2026-09-09T14:28:19.749,1788944299.7498,6325,-1956,-25.08,-1027,-13.17
2026-09-09T14:28:19.765,1788944299.7660,6326,-817,-10.47,-1135,-14.55
2026-09-09T14:28:19.782,1788944299.7820,6327,-1301,-16.68,-1223,-15.68
2026-09-09T14:28:19.782,1788944299.7820,6328,-1989,-25.5,-1352,-17.33
2026-09-09T14:28:19.800,1788944299.8004,6329,-594,-7.62,-1469,-18.83
2026-09-09T14:28:19.800,1788944299.8004,6330,4534,58.13,339,4.35
2026-09-09T14:28:19.813,1788944299.8139,6331,115,1.47,2147,27.53
2026-09-09T14:28:19.829,1788944299.8299,6332,3979,51.01,2185,28.01
2026-09-09T14:28:19.829,1788944299.8299,6333,928,11.9,2250,28.85
2026-09-09T14:28:19.845,1788944299.8459,6334,3377,43.29,2303,29.53
2026-09-09T14:28:19.861,1788944299.8619,6335,1697,21.76,2344,30.05
2026-09-09T14:28:19.861,1788944299.8619,6336,2392,30.67,2290,29.36
2026-09-09T14:28:19.878,1788944299.8780,6337,1766,22.64,2061,26.42
2026-09-09T14:28:19.896,1788944299.8960,6338,807,10.35,1682,21.56
2026-09-09T14:28:19.900,1788944299.9006,6339,2460,31.54,1460,18.72
2026-09-09T14:28:19.909,1788944299.9096,6340,420,5.38,1536,19.69
2026-09-09T14:28:19.909,1788944299.9096,6341,-1977,-25.35,330,4.23
2026-09-09T14:28:19.925,1788944299.9253,6342,69,0.88,-867,-11.12
2026-09-09T14:28:19.941,1788944299.9414,6343,-1642,-21.05,-871,-11.17
2026-09-09T14:28:19.957,1788944299.9575,6344,-457,-5.86,-918,-11.77
2026-09-09T14:28:19.957,1788944299.9575,6345,-1359,-17.42,-979,-12.55
2026-09-09T14:28:19.957,1788944299.9575,6346,-1099,-14.09,-1069,-13.71
2026-09-09T14:28:19.973,1788944299.9736,6347,-1042,-13.36,-1150,-14.74
2026-09-09T14:28:20.000,1788944300.0009,6348,-1822,-23.36,-1252,-16.05
2026-09-09T14:28:20.005,1788944300.0055,6349,-676,-8.67,-1341,-17.19
2026-09-09T14:28:20.005,1788944300.0055,6350,1855,23.78,-330,-4.23
2026-09-09T14:28:20.021,1788944300.0214,6351,-279,-3.58,688,8.82
2026-09-09T14:28:20.021,1788944300.0214,6352,1478,18.95,693,8.88
2026-09-09T14:28:20.037,1788944300.0375,6353,134,1.72,702,9.0
2026-09-09T14:28:20.037,1788944300.0375,6354,1186,15.21,733,9.4
2026-09-09T14:28:20.053,1788944300.0536,6355,720,9.23,806,10.33
2026-09-09T14:28:20.069,1788944300.0697,6356,850,10.9,869,11.14
2026-09-09T14:28:20.069,1788944300.0697,6357,1429,18.32,962,12.33
2026-09-09T14:28:20.085,1788944300.0858,6358,545,6.99,1063,13.63
2026-09-09T14:28:20.101,1788944300.1011,6359,-2493,-31.96,6,0.08
2026-09-09T14:28:20.101,1788944300.1011,6360,218,2.79,-1056,-13.54
2026-09-09T14:28:20.132,1788944300.1328,6361,-2202,-28.23,-1065,-13.65
2026-09-09T14:28:20.132,1788944300.1328,6362,-164,-2.1,-1088,-13.95
2026-09-09T14:28:20.132,1788944300.1328,6363,-1926,-24.69,-1114,-14.28
2026-09-09T14:28:20.148,1788944300.1485,6364,-654,-8.38,-1168,-14.97
2026-09-09T14:28:20.148,1788944300.1485,6365,-1626,-20.85,-1215,-15.58
2026-09-09T14:28:20.164,1788944300.1642,6366,-1234,-15.82,-1285,-16.47
2026-09-09T14:28:20.179,1788944300.1799,6367,-1257,-16.12,-1338,-17.15
2026-09-09T14:28:20.179,1788944300.1799,6368,-1902,-24.38,-1413,-18.12
2026-09-09T14:28:20.202,1788944300.2022,6369,-831,-10.65,-1473,-18.88
2026-09-09T14:28:20.215,1788944300.2159,6370,1825,23.4,-435,-5.58
2026-09-09T14:28:20.227,1788944300.2277,6371,-330,-4.23,622,7.97
2026-09-09T14:28:20.227,1788944300.2277,6372,1632,20.92,699,8.96
2026-09-09T14:28:20.227,1788944300.2277,6373,242,3.1,794,10.18
2026-09-09T14:28:20.243,1788944300.2437,6374,1421,18.22,884,11.33
2026-09-09T14:28:20.259,1788944300.2598,6375,951,12.19,1008,12.92
2026-09-09T14:28:20.275,1788944300.2757,6376,1195,15.32,1129,14.47
2026-09-09T14:28:20.275,1788944300.2757,6377,1622,20.79,1240,15.9
2026-09-09T14:28:20.291,1788944300.2914,6378,920,11.79,1339,17.17
2026-09-09T14:28:20.302,1788944300.3025,6379,-2241,-28.73,305,3.91
2026-09-09T14:28:20.307,1788944300.3070,6380,520,6.67,-761,-9.76
2026-09-09T14:28:20.307,1788944300.3070,6381,-2010,-25.77,-803,-10.29
2026-09-09T14:28:20.323,1788944300.3232,6382,133,1.71,-842,-10.79
2026-09-09T14:28:20.339,1788944300.3391,6383,-1723,-22.09,-867,-11.12
2026-09-09T14:28:20.339,1788944300.3391,6384,-317,-4.06,-908,-11.64
2026-09-09T14:28:20.354,1788944300.3548,6385,-1460,-18.72,-955,-12.24
2026-09-09T14:28:20.370,1788944300.3709,6386,-959,-12.29,-1049,-13.45
2026-09-09T14:28:20.370,1788944300.3709,6387,-1171,-15.01,-1138,-14.59
2026-09-09T14:28:20.402,1788944300.4025,6388,-1710,-21.92,-1253,-16.06
2026-09-09T14:28:20.402,1788944300.4025,6389,-816,-10.46,-1352,-17.33
2026-09-09T14:28:20.402,1788944300.4025,6390,1884,24.15,-365,-4.68
2026-09-09T14:28:20.418,1788944300.4185,6391,-427,-5.47,631,8.09
2026-09-09T14:28:20.434,1788944300.4344,6392,1535,19.68,641,8.22
2026-09-09T14:28:20.434,1788944300.4344,6393,-33,-0.42,652,8.36
2026-09-09T14:28:20.450,1788944300.4504,6394,1240,15.9,677,8.68
2026-09-09T14:28:20.450,1788944300.4504,6395,506,6.49,738,9.46
2026-09-09T14:28:20.466,1788944300.4663,6396,873,11.19,781,10.01
2026-09-09T14:28:20.482,1788944300.4822,6397,1169,14.99,855,10.96
2026-09-09T14:28:20.482,1788944300.4822,6398,553,7.09,941,12.06
2026-09-09T14:28:20.500,1788944300.5004,6399,-2684,-34.41,-103,-1.32
2026-09-09T14:28:20.503,1788944300.5040,6400,209,2.68,-1152,-14.77
2026-09-09T14:28:20.514,1788944300.5142,6401,-2386,-30.59,-1163,-14.91
2026-09-09T14:28:20.530,1788944300.5304,6402,-83,-1.06,-1162,-14.9
2026-09-09T14:28:20.530,1788944300.5304,6403,-2002,-25.67,-1139,-14.6
2026-09-09T14:28:20.546,1788944300.5461,6404,-462,-5.92,-1138,-14.59
2026-09-09T14:28:20.563,1788944300.5638,6405,-1766,-22.64,-1173,-15.04
2026-09-09T14:28:20.563,1788944300.5638,6406,-1266,-16.23,-1315,-16.86
2026-09-09T14:28:20.578,1788944300.5785,6407,-1824,-23.38,-1531,-19.63
2026-09-09T14:28:20.578,1788944300.5785,6408,-2112,-27.08,-1757,-22.53
2026-09-09T14:28:20.604,1788944300.6040,6409,-1649,-21.14,-1925,-24.68
2026-09-09T14:28:20.610,1788944300.6101,6410,1696,21.74,-929,-11.91
2026-09-09T14:28:20.610,1788944300.6101,6411,-1276,-16.36,116,1.49
2026-09-09T14:28:20.626,1788944300.6263,6412,1521,19.5,166,2.13
2026-09-09T14:28:20.626,1788944300.6263,6413,-772,-9.9,248,3.18
2026-09-09T14:28:20.641,1788944300.6419,6414,1335,17.12,328,4.21
2026-09-09T14:28:20.673,1788944300.6737,6415,-64,-0.82,458,5.87
2026-09-09T14:28:20.673,1788944300.6737,6416,1111,14.24,579,7.42
2026-09-09T14:28:20.673,1788944300.6737,6417,853,10.94,752,9.64
2026-09-09T14:28:20.689,1788944300.6897,6418,900,11.54,929,11.91
2026-09-09T14:28:20.704,1788944300.7043,6419,-3628,-46.51,-244,-3.13
2026-09-09T14:28:20.705,1788944300.7058,6420,618,7.92,-1435,-18.4
2026-09-09T14:28:20.721,1788944300.7217,6421,-3092,-39.64,-1371,-17.58
2026-09-09T14:28:20.723,1788944300.7236,6422,250,3.21,-1329,-17.04
2026-09-09T14:28:20.737,1788944300.7377,6423,-2572,-32.97,-1291,-16.55
2026-09-09T14:28:20.753,1788944300.7537,6424,-224,-2.87,-1280,-16.41
2026-09-09T14:28:20.753,1788944300.7537,6425,-1865,-23.91,-1222,-15.67
2026-09-09T14:28:20.773,1788944300.7733,6426,-882,-11.31,-1209,-15.5
2026-09-09T14:28:20.773,1788944300.7733,6427,-1390,-17.82,-1255,-16.09
2026-09-09T14:28:20.785,1788944300.7853,6428,-1457,-18.68,-1280,-16.41
2026-09-09T14:28:20.804,1788944300.8045,6429,-931,-11.94,-1309,-16.78
2026-09-09T14:28:20.804,1788944300.8045,6430,2093,26.83,-307,-3.94
2026-09-09T14:28:20.817,1788944300.8170,6431,-480,-6.15,693,8.88
2026-09-09T14:28:20.832,1788944300.8327,6432,1794,23.0,731,9.37
2026-09-09T14:28:20.832,1788944300.8327,6433,3,0.04,777,9.96
2026-09-09T14:28:20.848,1788944300.8486,6434,1543,19.78,835,10.71
2026-09-09T14:28:20.848,1788944300.8486,6435,601,7.71,922,11.82
2026-09-09T14:28:20.864,1788944300.8646,6436,1322,16.95,1016,13.03
2026-09-09T14:28:20.880,1788944300.8803,6437,1321,16.94,1141,14.63
2026-09-09T14:28:20.896,1788944300.8960,6438,1064,13.64,1257,16.12
2026-09-09T14:28:20.898,1788944300.8989,6439,-2234,-28.64,303,3.88
2026-09-09T14:28:20.904,1788944300.9048,6440,843,10.81,-641,-8.22
2026-09-09T14:28:20.911,1788944300.9119,6441,-1830,-23.46,-595,-7.63
2026-09-09T14:28:20.943,1788944300.9434,6442,599,7.68,-555,-7.12
2026-09-09T14:28:20.943,1788944300.9434,6443,-1401,-17.96,-509,-6.53
2026-09-09T14:28:20.943,1788944300.9434,6444,341,4.37,-466,-5.97
2026-09-09T14:28:20.959,1788944300.9592,6445,-1022,-13.1,-436,-5.59
2026-09-09T14:28:20.959,1788944300.9592,6446,-122,-1.56,-457,-5.86
2026-09-09T14:28:20.975,1788944300.9752,6447,-664,-8.51,-483,-6.19
2026-09-09T14:28:20.991,1788944300.9913,6448,-762,-9.77,-553,-7.09
2026-09-09T14:28:20.991,1788944300.9913,6449,-349,-4.47,-635,-8.14
2026-09-09T14:28:21.007,1788944301.0074,6450,2539,32.55,269,3.45
2026-09-09T14:28:21.023,1788944301.0234,6451,-9,-0.12,1180,15.13
2026-09-09T14:28:21.023,1788944301.0234,6452,2194,28.13,1178,15.1
2026-09-09T14:28:21.039,1788944301.0394,6453,366,4.69,1186,15.21
2026-09-09T14:28:21.039,1788944301.0394,6454,1855,23.78,1195,15.32
2026-09-09T14:28:21.055,1788944301.0553,6455,853,10.94,1232,15.79
2026-09-09T14:28:21.071,1788944301.0713,6456,1528,19.59,1272,16.31
2026-09-09T14:28:21.087,1788944301.0871,6457,1416,18.15,1331,17.06
2026-09-09T14:28:21.087,1788944301.0871,6458,1194,15.31,1388,17.79
2026-09-09T14:28:21.104,1788944301.1049,6459,-2157,-27.65,411,5.27
2026-09-09T14:28:21.104,1788944301.1049,6460,784,10.05,-584,-7.49
2026-09-09T14:28:21.118,1788944301.1190,6461,-1925,-24.68,-629,-8.06
2026-09-09T14:28:21.118,1788944301.1190,6462,426,5.46,-660,-8.46
2026-09-09T14:28:21.134,1788944301.1347,6463,-1696,-21.74,-693,-8.88
2026-09-09T14:28:21.150,1788944301.1507,6464,-7,-0.09,-744,-9.54
2026-09-09T14:28:21.150,1788944301.1507,6465,-1435,-18.4,-787,-10.09
2026-09-09T14:28:21.166,1788944301.1665,6466,-518,-6.64,-849,-10.88
2026-09-09T14:28:21.182,1788944301.1826,6467,-1129,-14.47,-900,-11.54
2026-09-09T14:28:21.182,1788944301.1826,6468,-1125,-14.42,-976,-12.51
2026-09-09T14:28:21.198,1788944301.1985,6469,-794,-10.18,-1044,-13.38
2026-09-09T14:28:21.214,1788944301.2143,6470,2134,27.36,-145,-1.86
2026-09-09T14:28:21.214,1788944301.2143,6471,-413,-5.29,765,9.81
2026-09-09T14:28:21.230,1788944301.2303,6472,1833,23.5,785,10.06
2026-09-09T14:28:21.230,1788944301.2303,6473,-23,-0.29,807,10.35
2026-09-09T14:28:21.246,1788944301.2461,6474,1549,19.86,834,10.69
2026-09-09T14:28:21.261,1788944301.2620,6475,443,5.68,879,11.27
2026-09-09T14:28:21.261,1788944301.2620,6476,1233,15.81,917,11.76
2026-09-09T14:28:21.278,1788944301.2781,6477,1025,13.14,983,12.6
2026-09-09T14:28:21.293,1788944301.2938,6478,969,12.42,1063,13.63
2026-09-09T14:28:21.293,1788944301.2938,6479,-2436,-31.23,131,1.68
2026-09-09T14:28:21.309,1788944301.3097,6480,652,8.36,-813,-10.42
2026-09-09T14:28:21.309,1788944301.3097,6481,-2115,-27.12,-812,-10.41
2026-09-09T14:28:21.325,1788944301.3260,6482,349,4.47,-808,-10.36
2026-09-09T14:28:21.342,1788944301.3421,6483,-1800,-23.08,-805,-10.32
2026-09-09T14:28:21.342,1788944301.3421,6484,18,0.23,-809,-10.37
2026-09-09T14:28:21.358,1788944301.3586,6485,-1466,-18.79,-808,-10.36
2026-09-09T14:28:21.358,1788944301.3586,6486,-442,-5.67,-839,-10.76
2026-09-09T14:28:21.374,1788944301.3748,6487,-1156,-14.82,-877,-11.24
2026-09-09T14:28:21.390,1788944301.3909,6488,-1089,-13.96,-961,-12.32
2026-09-09T14:28:21.401,1788944301.4016,6489,-849,-10.88,-1046,-13.41
2026-09-09T14:28:21.406,1788944301.4067,6490,2199,28.19,-147,-1.88
2026-09-09T14:28:21.406,1788944301.4067,6491,-484,-6.21,766,9.82
2026-09-09T14:28:21.422,1788944301.4228,6492,1906,24.44,784,10.05
2026-09-09T14:28:21.438,1788944301.4386,6493,-91,-1.17,809,10.37
2026-09-09T14:28:21.438,1788944301.4386,6494,1605,20.58,832,10.67
2026-09-09T14:28:21.454,1788944301.4545,6495,379,4.86,874,11.21
2026-09-09T14:28:21.470,1788944301.4704,6496,1294,16.59,914,11.72
2026-09-09T14:28:21.486,1788944301.4862,6497,945,12.12,978,12.54
2026-09-09T14:28:21.486,1788944301.4862,6498,1006,12.9,1047,13.42
2026-09-09T14:28:21.505,1788944301.5060,6499,-2544,-32.62,103,1.32
2026-09-09T14:28:21.505,1788944301.5060,6500,705,9.04,-845,-10.83
2026-09-09T14:28:21.518,1788944301.5180,6501,-2254,-28.9,-847,-10.86
2026-09-09T14:28:21.518,1788944301.5180,6502,383,4.91,-855,-10.96
2026-09-09T14:28:21.533,1788944301.5340,6503,-1954,-25.05,-861,-11.04
2026-09-09T14:28:21.550,1788944301.5501,6504,53,0.68,-868,-11.13
2026-09-09T14:28:21.559,1788944301.5593,6505,-1643,-21.06,-873,-11.19
2026-09-09T14:28:21.567,1788944301.5671,6506,-422,-5.41,-914,-11.72
2026-09-09T14:28:21.582,1788944301.5821,6507,-1336,-17.13,-956,-12.26
2026-09-09T14:28:21.582,1788944301.5821,6508,-1043,-13.37,-1035,-13.27
2026-09-09T14:28:21.598,1788944301.5981,6509,-996,-12.77,-1105,-14.17
2026-09-09T14:28:21.614,1788944301.6140,6510,2265,29.04,-193,-2.47
2026-09-09T14:28:21.614,1788944301.6140,6511,-622,-7.97,728,9.33
2026-09-09T14:28:21.629,1788944301.6298,6512,1925,24.68,736,9.44
2026-09-09T14:28:21.629,1788944301.6298,6513,-203,-2.6,756,9.69
2026-09-09T14:28:21.646,1788944301.6461,6514,2013,25.81,883,11.32
2026-09-09T14:28:21.661,1788944301.6619,6515,212,2.72,1008,12.92
2026-09-09T14:28:21.661,1788944301.6619,6516,2661,34.12,1274,16.33
2026-09-09T14:28:21.677,1788944301.6777,6517,1052,13.49,1646,21.1
2026-09-09T14:28:21.677,1788944301.6777,6518,2292,29.38,1764,22.62
2026-09-09T14:28:21.693,1788944301.6937,6519,-5005,-64.17,157,2.01
2026-09-09T14:28:21.711,1788944301.7113,6520,1874,24.03,-1461,-18.73
2026-09-09T14:28:21.721,1788944301.7214,6521,-4562,-58.49,-1455,-18.65
2026-09-09T14:28:21.727,1788944301.7275,6522,1361,17.45,-1473,-18.88
2026-09-09T14:28:21.741,1788944301.7417,6523,-3972,-50.92,-1453,-18.63
2026-09-09T14:28:21.757,1788944301.7578,6524,798,10.23,-1447,-18.55
2026-09-09T14:28:21.757,1788944301.7578,6525,-3356,-43.03,-1433,-18.37
2026-09-09T14:28:21.773,1788944301.7738,6526,-33,-0.42,-1487,-19.06
2026-09-09T14:28:21.773,1788944301.7738,6527,-2832,-36.31,-1564,-20.05
2026-09-09T14:28:21.789,1788944301.7895,6528,-1043,-13.37,-1685,-21.6
2026-09-09T14:28:21.789,1788944301.7895,6529,-2271,-29.12,-1798,-23.05
2026-09-09T14:28:21.806,1788944301.8066,6530,4564,58.51,-256,-3.28
2026-09-09T14:28:21.821,1788944301.8213,6531,-1583,-20.29,1318,16.9
2026-09-09T14:28:21.821,1788944301.8213,6532,3817,48.94,1303,16.71
2026-09-09T14:28:21.837,1788944301.8372,6533,-782,-10.03,1317,16.88
2026-09-09T14:28:21.837,1788944301.8372,6534,2669,34.22,1230,15.77
2026-09-09T14:28:21.853,1788944301.8531,6535,-131,-1.68,1106,14.18
2026-09-09T14:28:21.868,1788944301.8688,6536,1170,15.0,894,11.46
2026-09-09T14:28:21.884,1788944301.8845,6537,534,6.85,685,8.78
2026-09-09T14:28:21.884,1788944301.8845,6538,952,12.21,797,10.22
2026-09-09T14:28:21.902,1788944301.9027,6539,-2972,-38.1,-134,-1.72
2026-09-09T14:28:21.906,1788944301.9068,6540,616,7.9,-1094,-14.03
2026-09-09T14:28:21.916,1788944301.9163,6541,-2570,-32.95,-1078,-13.82
2026-09-09T14:28:21.916,1788944301.9163,6542,342,4.38,-1046,-13.41
2026-09-09T14:28:21.932,1788944301.9322,6543,-2231,-28.6,-1030,-13.21
2026-09-09T14:28:21.948,1788944301.9484,6544,-1,-0.01,-1031,-13.22
2026-09-09T14:28:21.964,1788944301.9643,6545,-1896,-24.31,-1033,-13.24
2026-09-09T14:28:21.964,1788944301.9643,6546,-429,-5.5,-1056,-13.54
2026-09-09T14:28:21.980,1788944301.9803,6547,-1583,-20.29,-1085,-13.91
2026-09-09T14:28:21.980,1788944301.9803,6548,-997,-12.78,-1148,-14.72
2026-09-09T14:28:21.999,1788944301.9992,6549,-1228,-15.74,-1202,-15.41
2026-09-09T14:28:22.012,1788944302.0125,6550,2305,29.55,-287,-3.68
2026-09-09T14:28:22.012,1788944302.0125,6551,-818,-10.49,641,8.22
2026-09-09T14:28:22.027,1788944302.0279,6552,2002,25.67,667,8.55
2026-09-09T14:28:22.043,1788944302.0437,6553,-398,-5.1,697,8.94
2026-09-09T14:28:22.043,1788944302.0437,6554,1695,21.73,725,9.29
2026-09-09T14:28:22.059,1788944302.0595,6555,89,1.14,770,9.87
2026-09-09T14:28:22.059,1788944302.0595,6556,1429,18.32,825,10.58
2026-09-09T14:28:22.075,1788944302.0754,6557,689,8.83,909,11.65
2026-09-09T14:28:22.091,1788944302.0915,6558,1126,14.44,983,12.6
2026-09-09T14:28:22.091,1788944302.0915,6559,-2732,-35.03,52,0.67
2026-09-09T14:28:22.107,1788944302.1071,6560,858,11.0,-870,-11.15
2026-09-09T14:28:22.107,1788944302.1071,6561,-2402,-30.79,-855,-10.96
2026-09-09T14:28:22.122,1788944302.1228,6562,536,6.87,-853,-10.94
2026-09-09T14:28:22.140,1788944302.1401,6563,-2058,-26.38,-847,-10.86
2026-09-09T14:28:22.154,1788944302.1547,6564,210,2.69,-843,-10.81
2026-09-09T14:28:22.154,1788944302.1547,6565,-1755,-22.5,-849,-10.88
2026-09-09T14:28:22.170,1788944302.1704,6566,-229,-2.94,-883,-11.32
2026-09-09T14:28:22.170,1788944302.1704,6567,-1440,-18.46,-914,-11.72
2026-09-09T14:28:22.186,1788944302.1864,6568,-791,-10.14,-975,-12.5
2026-09-09T14:28:22.202,1788944302.2021,6569,-1141,-14.63,-1041,-13.35
2026-09-09T14:28:22.208,1788944302.2085,6570,2377,30.47,-174,-2.23
2026-09-09T14:28:22.218,1788944302.2180,6571,-759,-9.73,713,9.14
2026-09-09T14:28:22.233,1788944302.2339,6572,2040,26.15,724,9.28
2026-09-09T14:28:22.233,1788944302.2339,6573,-349,-4.47,743,9.53
2026-09-09T14:28:22.249,1788944302.2499,6574,1768,22.67,777,9.96
2026-09-09T14:28:22.249,1788944302.2499,6575,85,1.09,818,10.49
2026-09-09T14:28:22.265,1788944302.2659,6576,1453,18.63,847,10.86
2026-09-09T14:28:22.281,1788944302.2818,6577,647,8.29,909,11.65
2026-09-09T14:28:22.297,1788944302.2979,6578,1177,15.09,981,12.58
2026-09-09T14:28:22.297,1788944302.2979,6579,-2722,-34.9,69,0.88
2026-09-09T14:28:22.316,1788944302.3160,6580,884,11.33,-846,-10.85
2026-09-09T14:28:22.316,1788944302.3160,6581,-2388,-30.62,-836,-10.72
2026-09-09T14:28:22.330,1788944302.3305,6582,611,7.83,-821,-10.53
2026-09-09T14:28:22.330,1788944302.3305,6583,-2072,-26.56,-810,-10.38
2026-09-09T14:28:22.346,1788944302.3466,6584,260,3.33,-819,-10.5
2026-09-09T14:28:22.362,1788944302.3623,6585,-1773,-22.73,-832,-10.67
2026-09-09T14:28:22.362,1788944302.3623,6586,-135,-1.73,-856,-10.97
2026-09-09T14:28:22.378,1788944302.3785,6587,-1483,-19.01,-882,-11.31
2026-09-09T14:28:22.378,1788944302.3785,6588,-690,-8.85,-948,-12.15
2026-09-09T14:28:22.394,1788944302.3946,6589,-1151,-14.76,-1004,-12.87
2026-09-09T14:28:22.410,1788944302.4104,6590,2398,30.74,-149,-1.91
2026-09-09T14:28:22.426,1788944302.4262,6591,-791,-10.14,713,9.14
2026-09-09T14:28:22.426,1788944302.4262,6592,2053,26.32,717,9.19
2026-09-09T14:28:22.442,1788944302.4421,6593,-377,-4.83,734,9.41
2026-09-09T14:28:22.442,1788944302.4421,6594,1749,22.42,762,9.77
2026-09-09T14:28:22.458,1788944302.4581,6595,41,0.53,790,10.13
2026-09-09T14:28:22.473,1788944302.4738,6596,1461,18.73,823,10.55
2026-09-09T14:28:22.473,1788944302.4738,6597,595,7.63,889,11.4
2026-09-09T14:28:22.489,1788944302.4899,6598,1162,14.9,953,12.22
2026-09-09T14:28:22.489,1788944302.4899,6599,-2642,-33.87,69,0.88
2026-09-09T14:28:22.508,1788944302.5086,6600,877,11.24,-812,-10.41
2026-09-09T14:28:22.521,1788944302.5217,6601,-2340,-30.0,-807,-10.35
2026-09-09T14:28:22.521,1788944302.5217,6602,575,7.37,-807,-10.35
2026-09-09T14:28:22.537,1788944302.5375,6603,-2092,-26.82,-821,-10.53
2026-09-09T14:28:22.559,1788944302.5591,6604,233,2.99,-844,-10.82
2026-09-09T14:28:22.559,1788944302.5591,6605,-1764,-22.62,-848,-10.87
2026-09-09T14:28:22.570,1788944302.5706,6606,-133,-1.71,-857,-10.99
2026-09-09T14:28:22.585,1788944302.5852,6607,-1465,-18.78,-874,-11.21
2026-09-09T14:28:22.585,1788944302.5852,6608,2739,35.12,-81,-1.04
2026-09-09T14:28:22.600,1788944302.6010,6609,-1161,-14.88,713,9.14
2026-09-09T14:28:22.608,1788944302.6086,6610,2369,30.37,696,8.92
2026-09-09T14:28:22.617,1788944302.6170,6611,-797,-10.22,695,8.91
2026-09-09T14:28:22.617,1788944302.6170,6612,2047,26.24,705,9.04
2026-09-09T14:28:22.632,1788944302.6329,6613,-420,-5.38,719,9.22
2026-09-09T14:28:22.648,1788944302.6487,6614,1747,22.4,738,9.46
2026-09-09T14:28:22.648,1788944302.6487,6615,-13,-0.17,765,9.81
2026-09-09T14:28:22.664,1788944302.6645,6616,1443,18.5,791,10.14
2026-09-09T14:28:22.680,1788944302.6806,6617,485,6.22,839,10.76
2026-09-09T14:28:22.696,1788944302.6964,6618,1172,15.03,896,11.49
2026-09-09T14:28:22.696,1788944302.6964,6619,-2664,-34.15,41,0.53
2026-09-09T14:28:22.712,1788944302.7123,6620,868,11.13,-822,-10.54
2026-09-09T14:28:22.721,1788944302.7214,6621,-2334,-29.92,-816,-10.46
2026-09-09T14:28:22.728,1788944302.7288,6622,491,6.29,-828,-10.62
2026-09-09T14:28:22.728,1788944302.7288,6623,-1845,-23.65,-800,-10.26
2026-09-09T14:28:22.743,1788944302.7440,6624,289,3.71,-728,-9.33
2026-09-09T14:28:22.759,1788944302.7598,6625,-1634,-20.95,-726,-9.31
2026-09-09T14:28:22.759,1788944302.7598,6626,-114,-1.46,-774,-9.92
2026-09-09T14:28:22.775,1788944302.7757,6627,-1367,-17.53,-808,-10.36
2026-09-09T14:28:22.791,1788944302.7917,6628,2518,32.28,-83,-1.06
2026-09-09T14:28:22.791,1788944302.7917,6629,-1067,-13.68,650,8.33
2026-09-09T14:28:22.808,1788944302.8089,6630,2227,28.55,652,8.36
2026-09-09T14:28:22.823,1788944302.8234,6631,-655,-8.4,683,8.76
2026-09-09T14:28:22.839,1788944302.8392,6632,2001,25.65,729,9.35
2026-09-09T14:28:22.839,1788944302.8392,6633,-426,-5.46,730,9.36
2026-09-09T14:28:22.839,1788944302.8392,6634,1677,21.5,706,9.05
2026-09-09T14:28:22.854,1788944302.8548,6635,-20,-0.26,727,9.32
2026-09-09T14:28:22.870,1788944302.8705,6636,1393,17.86,757,9.71
2026-09-09T14:28:22.870,1788944302.8705,6637,410,5.26,794,10.18
2026-09-09T14:28:22.886,1788944302.8864,6638,1170,15.0,845,10.83
2026-09-09T14:28:22.904,1788944302.9045,6639,-2610,-33.46,35,0.45
2026-09-09T14:28:22.909,1788944302.9091,6640,901,11.55,-788,-10.1
2026-09-09T14:28:22.920,1788944302.9202,6641,-2249,-28.83,-765,-9.81
2026-09-09T14:28:22.920,1788944302.9202,6642,608,7.79,-748,-9.59
2026-09-09T14:28:22.941,1788944302.9415,6643,-2020,-25.9,-764,-9.79
2026-09-09T14:28:22.950,1788944302.9502,6644,342,4.38,-773,-9.91
2026-09-09T14:28:22.965,1788944302.9660,6645,-1745,-22.37,-771,-9.88
2026-09-09T14:28:22.965,1788944302.9660,6646,-9,-0.12,-790,-10.13
2026-09-09T14:28:22.981,1788944302.9818,6647,-1474,-18.9,-810,-10.38
2026-09-09T14:28:22.981,1788944302.9818,6648,2659,34.09,-75,-0.96
2026-09-09T14:28:22.997,1788944302.9976,6649,-1258,-16.13,646,8.28
2026-09-09T14:28:23.009,1788944303.0093,6650,2289,29.35,608,7.79
2026-09-09T14:28:23.013,1788944303.0134,6651,-881,-11.29,609,7.81
2026-09-09T14:28:23.029,1788944303.0292,6652,1961,25.14,622,7.97
2026-09-09T14:28:23.029,1788944303.0292,6653,-495,-6.35,636,8.15
2026-09-09T14:28:23.045,1788944303.0453,6654,1657,21.24,657,8.42
2026-09-09T14:28:23.061,1788944303.0614,6655,-96,-1.23,680,8.72
2026-09-09T14:28:23.061,1788944303.0614,6656,1402,17.97,716,9.18
2026-09-09T14:28:23.077,1788944303.0771,6657,350,4.49,764,9.79
2026-09-09T14:28:23.077,1788944303.0771,6658,1147,14.71,812,10.41
2026-09-09T14:28:23.092,1788944303.0930,6659,-2558,-32.79,21,0.27
2026-09-09T14:28:23.109,1788944303.1097,6660,907,11.63,-766,-9.82
2026-09-09T14:28:23.109,1788944303.1097,6661,-2228,-28.56,-743,-9.53
2026-09-09T14:28:23.124,1788944303.1248,6662,597,7.65,-738,-9.46
2026-09-09T14:28:23.140,1788944303.1409,6663,-1899,-24.35,-734,-9.41
2026-09-09T14:28:23.140,1788944303.1409,6664,363,4.65,-710,-9.1
2026-09-09T14:28:23.156,1788944303.1567,6665,-1657,-21.24,-708,-9.08
2026-09-09T14:28:23.172,1788944303.1726,6666,20,0.26,-733,-9.4
2026-09-09T14:28:23.172,1788944303.1726,6667,-1390,-17.82,-752,-9.64
2026-09-09T14:28:23.188,1788944303.1887,6668,2583,33.12,-45,-0.58
2026-09-09T14:28:23.188,1788944303.1887,6669,-1071,-13.73,676,8.67
2026-09-09T14:28:23.210,1788944303.2106,6670,2308,29.59,687,8.81
2026-09-09T14:28:23.220,1788944303.2204,6671,-752,-9.64,698,8.95
2026-09-09T14:28:23.236,1788944303.2363,6672,1993,25.55,699,8.96
2026-09-09T14:28:23.236,1788944303.2363,6673,-416,-5.33,704,9.03
2026-09-09T14:28:23.252,1788944303.2523,6674,1739,22.29,725,9.29
2026-09-09T14:28:23.252,1788944303.2523,6675,-27,-0.35,758,9.72
2026-09-09T14:28:23.268,1788944303.2681,6676,1502,19.26,796,10.21
2026-09-09T14:28:23.284,1788944303.2841,6677,390,5.0,841,10.78
2026-09-09T14:28:23.284,1788944303.2841,6678,1214,15.56,874,11.21
2026-09-09T14:28:23.299,1788944303.2999,6679,-2559,-32.81,64,0.82
2026-09-09T14:28:23.310,1788944303.3103,6680,941,12.06,-741,-9.5
2026-09-09T14:28:23.315,1788944303.3159,6681,-2350,-30.13,-757,-9.71
2026-09-09T14:28:23.331,1788944303.3317,6682,668,8.56,-773,-9.91
2026-09-09T14:28:23.331,1788944303.3317,6683,-2085,-26.73,-775,-9.94
2026-09-09T14:28:23.347,1788944303.3474,6684,366,4.69,-784,-10.05
2026-09-09T14:28:23.347,1788944303.3474,6685,-1828,-23.44,-796,-10.21
2026-09-09T14:28:23.381,1788944303.3811,6686,48,0.62,-811,-10.4
2026-09-09T14:28:23.381,1788944303.3811,6687,-1569,-20.12,-826,-10.59
2026-09-09T14:28:23.395,1788944303.3951,6688,2705,34.68,-97,-1.24
2026-09-09T14:28:23.395,1788944303.3951,6689,-1237,-15.86,651,8.35
2026-09-09T14:28:23.419,1788944303.4194,6690,2414,30.95,661,8.47
2026-09-09T14:28:23.421,1788944303.4215,6691,-905,-11.6,671,8.6
2026-09-09T14:28:23.427,1788944303.4272,6692,2112,27.08,679,8.71
2026-09-09T14:28:23.442,1788944303.4430,6693,-560,-7.18,689,8.83
2026-09-09T14:28:23.442,1788944303.4430,6694,1819,23.32,702,9.0
2026-09-09T14:28:23.458,1788944303.4587,6695,-206,-2.64,718,9.21
2026-09-09T14:28:23.474,1788944303.4745,6696,1600,20.51,751,9.63
2026-09-09T14:28:23.474,1788944303.4745,6697,229,2.94,805,10.32
2026-09-09T14:28:23.490,1788944303.4903,6698,1332,17.08,847,10.86
2026-09-09T14:28:23.490,1788944303.4903,6699,-2820,-36.15,18,0.23
2026-09-09T14:28:23.521,1788944303.5217,6700,1064,13.64,-811,-10.4
2026-09-09T14:28:23.521,1788944303.5217,6701,-2498,-32.03,-798,-10.23
2026-09-09T14:28:23.521,1788944303.5217,6702,756,9.69,-794,-10.18
2026-09-09T14:28:23.537,1788944303.5376,6703,-2205,-28.27,-798,-10.23
2026-09-09T14:28:23.553,1788944303.5534,6704,454,5.82,-800,-10.26
2026-09-09T14:28:23.559,1788944303.5594,6705,-1925,-24.68,-806,-10.33
2026-09-09T14:28:23.569,1788944303.5699,6706,136,1.74,-815,-10.45
2026-09-09T14:28:23.569,1788944303.5699,6707,-1626,-20.85,-820,-10.51
2026-09-09T14:28:23.585,1788944303.5852,6708,2888,37.03,-57,-0.73
2026-09-09T14:28:23.600,1788944303.6009,6709,-1326,-17.0,706,9.05
2026-09-09T14:28:23.610,1788944303.6106,6710,2549,32.68,696,8.92
2026-09-09T14:28:23.616,1788944303.6170,6711,-999,-12.81,693,8.88
2026-09-09T14:28:23.616,1788944303.6170,6712,2251,28.86,700,8.97
2026-09-09T14:28:23.648,1788944303.6484,6713,-626,-8.03,719,9.22
2026-09-09T14:28:23.648,1788944303.6484,6714,1929,24.73,732,9.38
2026-09-09T14:28:23.648,1788944303.6484,6715,-244,-3.13,747,9.58
2026-09-09T14:28:23.664,1788944303.6643,6716,1641,21.04,770,9.87
2026-09-09T14:28:23.680,1788944303.6803,6717,193,2.47,807,10.35
2026-09-09T14:28:23.680,1788944303.6803,6718,1349,17.29,844,10.82
2026-09-09T14:28:23.696,1788944303.6964,6719,-2824,-36.21,16,0.21
2026-09-09T14:28:23.712,1788944303.7126,6720,1141,14.63,-790,-10.13
2026-09-09T14:28:23.721,1788944303.7215,6721,-2789,-35.76,-833,-10.68
2026-09-09T14:28:23.729,1788944303.7293,6722,935,11.99,-876,-11.23
2026-09-09T14:28:23.729,1788944303.7293,6723,-2931,-37.58,-963,-12.35
2026-09-09T14:28:23.744,1788944303.7444,6724,486,6.23,-1111,-14.24
2026-09-09T14:28:23.760,1788944303.7605,6725,-2807,-35.99,-1192,-15.28
2026-09-09T14:28:23.760,1788944303.7605,6726,62,0.79,-1267,-16.24
2026-09-09T14:28:23.776,1788944303.7765,6727,-2469,-31.65,-1288,-16.51
2026-09-09T14:28:23.792,1788944303.7922,6728,4076,52.26,-200,-2.56
2026-09-09T14:28:23.792,1788944303.7922,6729,-2247,-28.81,859,11.01
2026-09-09T14:28:23.811,1788944303.8112,6730,3731,47.83,828,10.62
2026-09-09T14:28:23.824,1788944303.8242,6731,-1775,-22.76,860,11.03
2026-09-09T14:28:23.824,1788944303.8242,6732,3275,41.99,864,11.08
2026-09-09T14:28:23.840,1788944303.8401,6733,-1275,-16.35,875,11.22
2026-09-09T14:28:23.840,1788944303.8401,6734,2864,36.72,897,11.5
2026-09-09T14:28:23.855,1788944303.8559,6735,-685,-8.78,942,12.08
2026-09-09T14:28:23.871,1788944303.8716,6736,2451,31.42,986,12.64
2026-09-09T14:28:23.871,1788944303.8716,6737,-27,-0.35,1047,13.42
2026-09-09T14:28:23.887,1788944303.8875,6738,2066,26.49,1115,14.29
2026-09-09T14:28:23.887,1788944303.8875,6739,-4567,-58.55,-116,-1.49
2026-09-09T14:28:23.919,1788944303.9194,6740,1657,21.24,-1353,-17.35
2026-09-09T14:28:23.919,1788944303.9194,6741,-4037,-51.76,-1323,-16.96
2026-09-09T14:28:23.919,1788944303.9194,6742,1266,16.23,-1288,-16.51
2026-09-09T14:28:23.935,1788944303.9355,6743,-3430,-43.97,-1234,-15.82
2026-09-09T14:28:23.951,1788944303.9517,6744,848,10.87,-1187,-15.22
2026-09-09T14:28:23.951,1788944303.9517,6745,-2890,-37.05,-1156,-14.82
2026-09-09T14:28:23.967,1788944303.9678,6746,357,4.58,-1144,-14.67
2026-09-09T14:28:23.967,1788944303.9678,6747,-2324,-29.79,-1125,-14.42
2026-09-09T14:28:23.983,1788944303.9835,6748,3906,50.08,-97,-1.24
2026-09-09T14:28:23.999,1788944303.9992,6749,-1766,-22.64,930,11.92
2026-09-09T14:28:24.011,1788944304.0117,6750,3193,40.94,891,11.42
2026-09-09T14:28:24.015,1788944304.0153,6751,-1351,-17.32,817,10.47
2026-09-09T14:28:24.031,1788944304.0312,6752,2467,31.63,739,9.47
2026-09-09T14:28:24.047,1788944304.0474,6753,-908,-11.64,668,8.56
2026-09-09T14:28:24.047,1788944304.0474,6754,2052,26.31,675,8.65
2026-09-09T14:28:24.047,1788944304.0474,6755,-468,-6.0,682,8.74
2026-09-09T14:28:24.063,1788944304.0632,6756,1705,21.86,705,9.04
2026-09-09T14:28:24.079,1788944304.0793,6757,-4,-0.05,734,9.41
2026-09-09T14:28:24.079,1788944304.0793,6758,1444,18.51,785,10.06
2026-09-09T14:28:24.095,1788944304.0952,6759,-3217,-41.24,-84,-1.08
2026-09-09T14:28:24.112,1788944304.1126,6760,1134,14.54,-964,-12.36
2026-09-09T14:28:24.112,1788944304.1126,6761,-2872,-36.82,-956,-12.26
2026-09-09T14:28:24.127,1788944304.1274,6762,859,11.01,-938,-12.03
2026-09-09T14:28:24.143,1788944304.1434,6763,-2513,-32.22,-917,-11.76
2026-09-09T14:28:24.143,1788944304.1434,6764,547,7.01,-905,-11.6
2026-09-09T14:28:24.159,1788944304.1594,6765,-2147,-27.53,-892,-11.44
2026-09-09T14:28:24.175,1788944304.1754,6766,206,2.64,-886,-11.36
2026-09-09T14:28:24.175,1788944304.1754,6767,-1839,-23.58,-894,-11.46
2026-09-09T14:28:24.191,1788944304.1914,6768,3084,39.54,-97,-1.24
2026-09-09T14:28:24.191,1788944304.1914,6769,-1520,-19.49,702,9.0
2026-09-09T14:28:24.212,1788944304.2130,6770,2729,34.99,693,8.88
2026-09-09T14:28:24.223,1788944304.2230,6771,-1203,-15.42,683,8.76
2026-09-09T14:28:24.223,1788944304.2230,6772,2387,30.6,677,8.68
2026-09-09T14:28:24.239,1788944304.2390,6773,-842,-10.79,682,8.74
2026-09-09T14:28:24.239,1788944304.2390,6774,2094,26.85,699,8.96
2026-09-09T14:28:24.254,1788944304.2548,6775,-425,-5.45,730,9.36
2026-09-09T14:28:24.270,1788944304.2706,6776,1769,22.68,753,9.65
2026-09-09T14:28:24.270,1788944304.2706,6777,6,0.08,779,9.99
2026-09-09T14:28:24.286,1788944304.2865,6778,1514,19.41,823,10.55
2026-09-09T14:28:24.286,1788944304.2865,6779,-3020,-38.72,3,0.04
2026-09-09T14:28:24.318,1788944304.3186,6780,1234,15.82,-823,-10.55
2026-09-09T14:28:24.318,1788944304.3186,6781,-2725,-34.94,-820,-10.51
2026-09-09T14:28:24.318,1788944304.3186,6782,914,11.72,-826,-10.59
2026-09-09T14:28:24.334,1788944304.3344,6783,-2435,-31.22,-833,-10.68
2026-09-09T14:28:24.350,1788944304.3503,6784,617,7.91,-835,-10.71
2026-09-09T14:28:24.350,1788944304.3503,6785,-2162,-27.72,-841,-10.78
2026-09-09T14:28:24.366,1788944304.3664,6786,263,3.37,-861,-11.04
2026-09-09T14:28:24.382,1788944304.3823,6787,-1854,-23.77,-873,-11.19
2026-09-09T14:28:24.382,1788944304.3823,6788,3081,39.5,-91,-1.17
2026-09-09T14:28:24.398,1788944304.3980,6789,-1554,-19.92,688,8.82
2026-09-09T14:28:24.398,1788944304.3980,6790,2738,35.1,677,8.68
2026-09-09T14:28:24.413,1788944304.4134,6791,-1207,-15.47,678,8.69
2026-09-09T14:28:24.429,1788944304.4295,6792,2408,30.87,683,8.76
2026-09-09T14:28:24.445,1788944304.4454,6793,-834,-10.69,693,8.88
2026-09-09T14:28:24.445,1788944304.4454,6794,2134,27.36,718,9.21
2026-09-09T14:28:24.461,1788944304.4613,6795,-445,-5.71,747,9.58
2026-09-09T14:28:24.461,1788944304.4613,6796,1845,23.65,772,9.9
2026-09-09T14:28:24.477,1788944304.4775,6797,-23,-0.29,805,10.32
2026-09-09T14:28:24.493,1788944304.4934,6798,1550,19.87,837,10.73
2026-09-09T14:28:24.493,1788944304.4934,6799,-3104,-39.79,-7,-0.09
2026-09-09T14:28:24.509,1788944304.5091,6800,1250,16.03,-852,-10.92
2026-09-09T14:28:24.514,1788944304.5144,6801,-2769,-35.5,-844,-10.82
2026-09-09T14:28:24.524,1788944304.5250,6802,962,12.33,-832,-10.67
2026-09-09T14:28:24.545,1788944304.5451,6803,-2448,-31.38,-824,-10.56
2026-09-09T14:28:24.545,1788944304.5451,6804,652,8.36,-821,-10.53
2026-09-09T14:28:24.559,1788944304.5594,6805,-2147,-27.53,-823,-10.55
2026-09-09T14:28:24.559,1788944304.5594,6806,346,4.44,-824,-10.56
2026-09-09T14:28:24.588,1788944304.5884,6807,-1848,-23.69,-826,-10.59
2026-09-09T14:28:24.588,1788944304.5884,6808,3219,41.27,-33,-0.42
2026-09-09T14:28:24.588,1788944304.5884,6809,-1545,-19.81,761,9.76
2026-09-09T14:28:24.614,1788944304.6147,6810,2863,36.71,748,9.59
2026-09-09T14:28:24.620,1788944304.6203,6811,2524,32.36,1676,21.49
2026-09-09T14:28:24.636,1788944304.6364,6812,-910,-11.67,1750,22.44
2026-09-09T14:28:24.652,1788944304.6525,6813,2214,28.38,729,9.35
2026-09-09T14:28:24.652,1788944304.6525,6814,-480,-6.15,759,9.73
2026-09-09T14:28:24.668,1788944304.6682,6815,1937,24.83,797,10.22
2026-09-09T14:28:24.684,1788944304.6843,6816,-3572,-45.79,-45,-0.58
2026-09-09T14:28:24.684,1788944304.6843,6817,1709,21.91,-875,-11.22
2026-09-09T14:28:24.700,1788944304.7003,6818,-3764,-48.26,-980,-12.56
2026-09-09T14:28:24.716,1788944304.7164,6819,1903,24.4,-979,-12.55
2026-09-09T14:28:24.723,1788944304.7232,6820,-4022,-51.56,-995,-12.76
2026-09-09T14:28:24.733,1788944304.7339,6821,1729,22.17,-1103,-14.14
2026-09-09T14:28:24.733,1788944304.7339,6822,-3936,-50.46,-1125,-14.42
2026-09-09T14:28:24.748,1788944304.7480,6823,1394,17.87,-1188,-15.23
2026-09-09T14:28:24.763,1788944304.7637,6824,-3760,-48.21,-1227,-15.73
2026-09-09T14:28:24.763,1788944304.7637,6825,958,12.28,-1292,-16.56
2026-09-09T14:28:24.779,1788944304.7798,6826,-3380,-43.33,-1306,-16.74
2026-09-09T14:28:24.779,1788944304.7798,6827,5443,69.78,-90,-1.15
2026-09-09T14:28:24.795,1788944304.7955,6828,-2894,-37.1,1153,14.78
2026-09-09T14:28:24.811,1788944304.8114,6829,4897,62.78,1138,14.59
2026-09-09T14:28:24.815,1788944304.8151,6830,-2240,-28.72,1165,14.94
2026-09-09T14:28:24.827,1788944304.8271,6831,4242,54.38,1164,14.92
2026-09-09T14:28:24.827,1788944304.8271,6832,-1642,-21.05,1150,14.74
2026-09-09T14:28:24.842,1788944304.8429,6833,3594,46.08,1138,14.59
2026-09-09T14:28:24.858,1788944304.8587,6834,-938,-12.03,1152,14.77
2026-09-09T14:28:24.874,1788944304.8748,6835,2504,32.1,1055,13.53
2026-09-09T14:28:24.874,1788944304.8748,6836,-3340,-42.82,182,2.33
2026-09-09T14:28:24.890,1788944304.8907,6837,1831,23.47,-587,-7.53
2026-09-09T14:28:24.908,1788944304.9089,6838,-3081,-39.5,-690,-8.85
2026-09-09T14:28:24.915,1788944304.9151,6839,1432,18.36,-725,-9.29
2026-09-09T14:28:24.922,1788944304.9222,6840,-2816,-36.1,-759,-9.73
2026-09-09T14:28:24.922,1788944304.9222,6841,1075,13.78,-782,-10.03
2026-09-09T14:28:24.938,1788944304.9381,6842,-2503,-32.09,-793,-10.17
2026-09-09T14:28:24.953,1788944304.9540,6843,721,9.24,-803,-10.29
2026-09-09T14:28:24.953,1788944304.9540,6844,-2226,-28.54,-822,-10.54
2026-09-09T14:28:24.970,1788944304.9701,6845,391,5.01,-835,-10.71
2026-09-09T14:28:24.970,1788944304.9701,6846,-1942,-24.9,-847,-10.86
2026-09-09T14:28:24.985,1788944304.9860,6847,3214,41.21,-70,-0.9
2026-09-09T14:28:25.001,1788944305.0018,6848,-1623,-20.81,715,9.17
2026-09-09T14:28:25.017,1788944305.0180,6849,2902,37.21,717,9.19
2026-09-09T14:28:25.017,1788944305.0180,6850,-1315,-16.86,716,9.18
2026-09-09T14:28:25.033,1788944305.0337,6851,2511,32.19,695,8.91
2026-09-09T14:28:25.033,1788944305.0337,6852,-991,-12.71,679,8.71
2026-09-09T14:28:25.049,1788944305.0495,6853,2202,28.23,682,8.74
2026-09-09T14:28:25.049,1788944305.0495,6854,-613,-7.86,700,8.97
2026-09-09T14:28:25.065,1788944305.0654,6855,1886,24.18,715,9.17
2026-09-09T14:28:25.081,1788944305.0811,6856,-3540,-45.38,-96,-1.23
2026-09-09T14:28:25.081,1788944305.0811,6857,1590,20.38,-901,-11.55
2026-09-09T14:28:25.097,1788944305.0972,6858,-3240,-41.54,-900,-11.54
2026-09-09T14:28:25.097,1788944305.0972,6859,1316,16.87,-894,-11.46
2026-09-09T14:28:25.115,1788944305.1159,6860,-2912,-37.33,-880,-11.28
2026-09-09T14:28:25.128,1788944305.1290,6861,1036,13.28,-868,-11.13
2026-09-09T14:28:25.144,1788944305.1446,6862,-2593,-33.24,-859,-11.01
2026-09-09T14:28:25.144,1788944305.1446,6863,723,9.27,-857,-10.99
2026-09-09T14:28:25.160,1788944305.1605,6864,-2280,-29.23,-857,-10.99
2026-09-09T14:28:25.160,1788944305.1605,6865,425,5.45,-853,-10.94
2026-09-09T14:28:25.176,1788944305.1764,6866,-1920,-24.62,-838,-10.74
2026-09-09T14:28:25.192,1788944305.1924,6867,3304,42.36,-28,-0.36
2026-09-09T14:28:25.192,1788944305.1924,6868,-1642,-21.05,761,9.76
2026-09-09T14:28:25.208,1788944305.2082,6869,2864,36.72,721,9.24
2026-09-09T14:28:25.224,1788944305.2242,6870,-1247,-15.99,709,9.09
2026-09-09T14:28:25.224,1788944305.2242,6871,2205,28.27,643,8.24
2026-09-09T14:28:25.239,1788944305.2399,6872,-918,-11.77,561,7.19
2026-09-09T14:28:25.239,1788944305.2399,6873,1753,22.47,530,6.79
2026-09-09T14:28:25.255,1788944305.2558,6874,-640,-8.21,487,6.24
2026-09-09T14:28:25.271,1788944305.2717,6875,1439,18.45,478,6.13
2026-09-09T14:28:25.287,1788944305.2876,6876,-2919,-37.42,-171,-2.19
2026-09-09T14:28:25.287,1788944305.2876,6877,1178,15.1,-806,-10.33
2026-09-09T14:28:25.287,1788944305.2876,6878,-2665,-34.17,-807,-10.35
2026-09-09T14:28:25.303,1788944305.3038,6879,965,12.37,-797,-10.22
2026-09-09T14:28:25.319,1788944305.3195,6880,-2384,-30.56,-780,-10.0
2026-09-09T14:28:25.319,1788944305.3195,6881,744,9.54,-765,-9.81
2026-09-09T14:28:25.335,1788944305.3357,6882,-2072,-26.56,-742,-9.51
2026-09-09T14:28:25.351,1788944305.3517,6883,557,7.14,-711,-9.12
2026-09-09T14:28:25.351,1788944305.3517,6884,-1794,-23.0,-688,-8.82
2026-09-09T14:28:25.367,1788944305.3676,6885,309,3.96,-681,-8.73
2026-09-09T14:28:25.383,1788944305.3836,6886,-1504,-19.28,-670,-8.59
2026-09-09T14:28:25.383,1788944305.3836,6887,2389,30.63,-78,-1.0
2026-09-09T14:28:25.399,1788944305.3994,6888,-1285,-16.47,497,6.37
2026-09-09T14:28:25.399,1788944305.3994,6889,2191,28.09,502,6.44
2026-09-09T14:28:25.431,1788944305.4316,6890,-1061,-13.6,509,6.53
2026-09-09T14:28:25.439,1788944305.4399,6891,1973,25.29,510,6.54
2026-09-09T14:28:25.443,1788944305.4432,6892,-828,-10.62,514,6.59
2026-09-09T14:28:25.447,1788944305.4475,6893,1819,23.32,534,6.85
2026-09-09T14:28:25.463,1788944305.4636,6894,-563,-7.22,561,7.19
2026-09-09T14:28:25.463,1788944305.4636,6895,1719,22.04,603,7.73
2026-09-09T14:28:25.479,1788944305.4797,6896,-3001,-38.47,-32,-0.41
2026-09-09T14:28:25.479,1788944305.4797,6897,1681,21.55,-651,-8.35
2026-09-09T14:28:25.495,1788944305.4957,6898,-2872,-36.82,-628,-8.05
2026-09-09T14:28:25.511,1788944305.5118,6899,1534,19.67,-633,-8.12
2026-09-09T14:28:25.517,1788944305.5176,6900,-2708,-34.72,-628,-8.05
2026-09-09T14:28:25.527,1788944305.5277,6901,1144,14.67,-685,-8.78
2026-09-09T14:28:25.527,1788944305.5277,6902,-2371,-30.4,-698,-8.95
2026-09-09T14:28:25.543,1788944305.5434,6903,864,11.08,-684,-8.77
2026-09-09T14:28:25.561,1788944305.5612,6904,-2264,-29.03,-727,-9.32
2026-09-09T14:28:25.575,1788944305.5752,6905,558,7.15,-777,-9.96
2026-09-09T14:28:25.575,1788944305.5752,6906,-1901,-24.37,-763,-9.78
2026-09-09T14:28:25.590,1788944305.5909,6907,3343,42.86,24,0.31
2026-09-09T14:28:25.607,1788944305.6072,6908,-1635,-20.96,787,10.09
2026-09-09T14:28:25.607,1788944305.6072,6909,2983,38.24,764,9.79
2026-09-09T14:28:25.622,1788944305.6229,6910,-1349,-17.29,745,9.55
2026-09-09T14:28:25.622,1788944305.6229,6911,2623,33.63,727,9.32
2026-09-09T14:28:25.639,1788944305.6390,6912,-1009,-12.94,722,9.26
2026-09-09T14:28:25.639,1788944305.6390,6913,2324,29.79,732,9.38
2026-09-09T14:28:25.663,1788944305.6632,6914,-673,-8.63,741,9.5
2026-09-09T14:28:25.670,1788944305.6709,6915,1990,25.51,742,9.51
2026-09-09T14:28:25.670,1788944305.6709,6916,-3485,-44.68,-45,-0.58
2026-09-09T14:28:25.702,1788944305.7027,6917,1694,21.72,-822,-10.54
2026-09-09T14:28:25.702,1788944305.7027,6918,-3142,-40.28,-810,-10.38
2026-09-09T14:28:25.702,1788944305.7027,6919,1378,17.67,-803,-10.29
2026-09-09T14:28:25.721,1788944305.7217,6920,-2807,-35.99,-799,-10.24
2026-09-09T14:28:25.734,1788944305.7345,6921,1090,13.97,-787,-10.09
2026-09-09T14:28:25.734,1788944305.7345,6922,-2488,-31.9,-779,-9.99
2026-09-09T14:28:25.749,1788944305.7497,6923,805,10.32,-771,-9.88
2026-09-09T14:28:25.749,1788944305.7497,6924,-2195,-28.14,-769,-9.86
2026-09-09T14:28:25.765,1788944305.7656,6925,511,6.55,-769,-9.86
2026-09-09T14:28:25.785,1788944305.7856,6926,-1896,-24.31,-768,-9.85
2026-09-09T14:28:25.785,1788944305.7856,6927,3189,40.88,-23,-0.29
2026-09-09T14:28:25.797,1788944305.7976,6928,-1609,-20.63,718,9.21
2026-09-09T14:28:25.797,1788944305.7976,6929,2841,36.42,703,9.01
2026-09-09T14:28:25.819,1788944305.8190,6930,-1310,-16.79,690,8.85
2026-09-09T14:28:25.829,1788944305.8296,6931,2542,32.59,690,8.85
2026-09-09T14:28:25.845,1788944305.8452,6932,-998,-12.79,694,8.9
2026-09-09T14:28:25.845,1788944305.8452,6933,2252,28.87,699,8.96
2026-09-09T14:28:25.861,1788944305.8611,6934,-689,-8.83,704,9.03
2026-09-09T14:28:25.861,1788944305.8611,6935,1910,24.49,696,8.92
2026-09-09T14:28:25.876,1788944305.8768,6936,-3425,-43.91,-74,-0.95
2026-09-09T14:28:25.876,1788944305.8768,6937,1651,21.17,-823,-10.55
2026-09-09T14:28:25.892,1788944305.8927,6938,-3157,-40.47,-820,-10.51
2026-09-09T14:28:25.911,1788944305.9114,6939,1355,17.37,-827,-10.6
2026-09-09T14:28:25.919,1788944305.9192,6940,-2866,-36.74,-829,-10.63
2026-09-09T14:28:25.924,1788944305.9248,6941,1088,13.95,-823,-10.55
2026-09-09T14:28:25.940,1788944305.9405,6942,-2535,-32.5,-807,-10.35
2026-09-09T14:28:25.940,1788944305.9405,6943,811,10.4,-793,-10.17
2026-09-09T14:28:25.956,1788944305.9568,6944,-2245,-28.78,-790,-10.13
2026-09-09T14:28:25.972,1788944305.9725,6945,514,6.59,-792,-10.15
2026-09-09T14:28:25.972,1788944305.9725,6946,-1945,-24.94,-791,-10.14
2026-09-09T14:28:25.988,1788944305.9882,6947,3196,40.97,-45,-0.58
2026-09-09T14:28:26.004,1788944306.0042,6948,-1666,-21.36,695,8.91
2026-09-09T14:28:26.004,1788944306.0042,6949,2897,37.14,690,8.85
2026-09-09T14:28:26.020,1788944306.0203,6950,-1370,-17.56,689,8.83
2026-09-09T14:28:26.020,1788944306.0203,6951,2558,32.79,678,8.69
2026-09-09T14:28:26.036,1788944306.0361,6952,-1070,-13.72,669,8.58
2026-09-09T14:28:26.036,1788944306.0361,6953,2235,28.65,663,8.5
2026-09-09T14:28:26.052,1788944306.0521,6954,-709,-9.09,672,8.62
2026-09-09T14:28:26.067,1788944306.0679,6955,1923,24.65,685,8.78
2026-09-09T14:28:26.067,1788944306.0679,6956,-3453,-44.27,-79,-1.01
2026-09-09T14:28:26.083,1788944306.0840,6957,1639,21.01,-836,-10.72
2026-09-09T14:28:26.099,1788944306.0997,6958,-3197,-40.99,-843,-10.81
2026-09-09T14:28:26.099,1788944306.0997,6959,1364,17.49,-848,-10.87
2026-09-09T14:28:26.119,1788944306.1196,6960,-2877,-36.88,-837,-10.73
2026-09-09T14:28:26.131,1788944306.1317,6961,1069,13.71,-831,-10.65
2026-09-09T14:28:26.131,1788944306.1317,6962,-2578,-33.05,-830,-10.64
2026-09-09T14:28:26.147,1788944306.1476,6963,777,9.96,-828,-10.62
2026-09-09T14:28:26.147,1788944306.1476,6964,-3481,-44.63,-1127,-14.45
2026-09-09T14:28:26.163,1788944306.1634,6965,1053,13.5,-1283,-16.45
2026-09-09T14:28:26.179,1788944306.1794,6966,-3551,-45.53,-1232,-15.79
2026-09-09T14:28:26.179,1788944306.1794,6967,5240,67.18,-203,-2.6
2026-09-09T14:28:26.195,1788944306.1953,6968,-3285,-42.12,911,11.68
2026-09-09T14:28:26.211,1788944306.2111,6969,4794,61.46,866,11.1
2026-09-09T14:28:26.220,1788944306.2201,6970,-2782,-35.67,880,11.28
2026-09-09T14:28:26.227,1788944306.2272,6971,4368,56.0,899,11.53
2026-09-09T14:28:26.243,1788944306.2432,6972,-2355,-30.19,899,11.53
2026-09-09T14:28:26.243,1788944306.2432,6973,3868,49.59,881,11.29
2026-09-09T14:28:26.258,1788944306.2589,6974,-1806,-23.15,893,11.45
2026-09-09T14:28:26.275,1788944306.2750,6975,3434,44.03,922,11.82
2026-09-09T14:28:26.275,1788944306.2750,6976,-6156,-78.92,-274,-3.51
2026-09-09T14:28:26.290,1788944306.2909,6977,3104,39.79,-1444,-18.51
2026-09-09T14:28:26.290,1788944306.2909,6978,-5724,-73.38,-1418,-18.18
2026-09-09T14:28:26.306,1788944306.3067,6979,2647,33.94,-1425,-18.27
2026-09-09T14:28:26.322,1788944306.3229,6980,-5196,-66.62,-1407,-18.04
2026-09-09T14:28:26.322,1788944306.3229,6981,2237,28.68,-1377,-17.65
2026-09-09T14:28:26.338,1788944306.3389,6982,-4687,-60.09,-1353,-17.35
2026-09-09T14:28:26.338,1788944306.3389,6983,1860,23.85,-1320,-16.92
2026-09-09T14:28:26.355,1788944306.3553,6984,-4164,-53.38,-1283,-16.45
2026-09-09T14:28:26.371,1788944306.3715,6985,6265,80.32,-51,-0.65
2026-09-09T14:28:26.371,1788944306.3715,6986,-3677,-47.14,1172,15.03
2026-09-09T14:28:26.387,1788944306.3873,6987,5934,76.08,1211,15.53
2026-09-09T14:28:26.403,1788944306.4033,6988,-3069,-39.35,1280,16.41
2026-09-09T14:28:26.403,1788944306.4033,6989,5444,69.79,1310,16.79
2026-09-09T14:28:26.420,1788944306.4202,6990,-2546,-32.64,1318,16.9
2026-09-09T14:28:26.420,1788944306.4202,6991,4887,62.65,1309,16.78
2026-09-09T14:28:26.435,1788944306.4354,6992,-2059,-26.4,1292,16.56
2026-09-09T14:28:26.451,1788944306.4513,6993,4131,52.96,1225,15.71
2026-09-09T14:28:26.451,1788944306.4513,6994,-1341,-17.19,1215,15.58
2026-09-09T14:28:26.467,1788944306.4670,6995,1750,22.44,799,10.24
2026-09-09T14:28:26.482,1788944306.4829,6996,-3944,-50.56,-447,-5.73
2026-09-09T14:28:26.482,1788944306.4829,6997,1536,19.69,-1151,-14.76
2026-09-09T14:28:26.498,1788944306.4990,6998,-3555,-45.58,-1107,-14.19
2026-09-09T14:28:26.520,1788944306.5205,6999,1369,17.55,-1052,-13.49
2026-09-09T14:28:26.531,1788944306.5310,7000,-3220,-41.28,-1010,-12.95
2026-09-09T14:28:26.531,1788944306.5310,7001,1088,13.95,-996,-12.77
2026-09-09T14:28:26.531,1788944306.5310,7002,-2830,-36.28,-969,-12.42
2026-09-09T14:28:26.546,1788944306.5469,7003,846,10.85,-932,-11.95
2026-09-09T14:28:26.562,1788944306.5626,7004,-2494,-31.97,-908,-11.64
2026-09-09T14:28:26.564,1788944306.5643,7005,3553,45.55,-148,-1.9
2026-09-09T14:28:26.578,1788944306.5787,7006,-2184,-28.0,607,7.78
2026-09-09T14:28:26.578,1788944306.5787,7007,3263,41.83,612,7.85
2026-09-09T14:28:26.594,1788944306.5945,7008,-1859,-23.83,620,7.95
2026-09-09T14:28:26.610,1788944306.6106,7009,2933,37.6,619,7.94
2026-09-09T14:28:26.620,1788944306.6207,7010,-1546,-19.82,615,7.88
2026-09-09T14:28:26.626,1788944306.6263,7011,2623,33.63,616,7.9
2026-09-09T14:28:26.642,1788944306.6423,7012,-1229,-15.76,617,7.91
2026-09-09T14:28:26.642,1788944306.6423,7013,2322,29.77,621,7.96
2026-09-09T14:28:26.658,1788944306.6583,7014,-892,-11.44,630,8.08
2026-09-09T14:28:26.673,1788944306.6740,7015,1949,24.99,621,7.96
2026-09-09T14:28:26.673,1788944306.6740,7016,-3555,-45.58,-138,-1.77
2026-09-09T14:28:26.690,1788944306.6902,7017,1706,21.87,-864,-11.08
2026-09-09T14:28:26.690,1788944306.6902,7018,-3247,-41.63,-848,-10.87
2026-09-09T14:28:26.709,1788944306.7091,7019,1380,17.69,-852,-10.92
2026-09-09T14:28:26.723,1788944306.7236,7020,-2958,-37.92,-862,-11.05
2026-09-09T14:28:26.723,1788944306.7236,7021,1054,13.51,-871,-11.17
2026-09-09T14:28:26.737,1788944306.7374,7022,-2685,-34.42,-884,-11.33
2026-09-09T14:28:26.737,1788944306.7374,7023,784,10.05,-883,-11.32
2026-09-09T14:28:26.753,1788944306.7532,7024,-2417,-30.99,-884,-11.33
2026-09-09T14:28:26.768,1788944306.7690,7025,3370,43.21,-170,-2.18
2026-09-09T14:28:26.784,1788944306.7847,7026,-2126,-27.26,549,7.04
2026-09-09T14:28:26.784,1788944306.7847,7027,3117,39.96,558,7.15
2026-09-09T14:28:26.800,1788944306.8006,7028,-1872,-24.0,559,7.17
2026-09-09T14:28:26.800,1788944306.8006,7029,2820,36.15,548,7.03
2026-09-09T14:28:26.820,1788944306.8206,7030,-1626,-20.85,535,6.86
2026-09-09T14:28:26.832,1788944306.8326,7031,2512,32.21,520,6.67
2026-09-09T14:28:26.832,1788944306.8326,7032,-1328,-17.03,517,6.63
2026-09-09T14:28:26.848,1788944306.8486,7033,2192,28.1,512,6.56
2026-09-09T14:28:26.848,1788944306.8486,7034,-996,-12.77,515,6.6
2026-09-09T14:28:26.864,1788944306.8645,7035,1898,24.33,524,6.72
2026-09-09T14:28:26.880,1788944306.8806,7036,-3678,-47.15,-220,-2.82
2026-09-09T14:28:26.880,1788944306.8806,7037,1609,20.63,-963,-12.35
2026-09-09T14:28:26.896,1788944306.8964,7038,-3407,-43.68,-967,-12.4
2026-09-09T14:28:26.914,1788944306.9148,7039,1300,16.67,-977,-12.53
2026-09-09T14:28:26.927,1788944306.9280,7040,-3105,-39.81,-978,-12.54
2026-09-09T14:28:26.927,1788944306.9280,7041,1036,13.28,-969,-12.42
2026-09-09T14:28:26.943,1788944306.9439,7042,-2775,-35.58,-952,-12.21
2026-09-09T14:28:26.943,1788944306.9439,7043,771,9.88,-936,-12.0
2026-09-09T14:28:26.959,1788944306.9600,7044,-2426,-31.1,-915,-11.73
2026-09-09T14:28:26.959,1788944306.9600,7045,3386,43.41,-174,-2.23
2026-09-09T14:28:26.975,1788944306.9758,7046,-2147,-27.53,549,7.04
2026-09-09T14:28:26.991,1788944306.9919,7047,3137,40.22,557,7.14
2026-09-09T14:28:26.998,1788944306.9990,7048,-1841,-23.6,571,7.32
2026-09-09T14:28:27.009,1788944307.0097,7049,2859,36.65,578,7.41
2026-09-09T14:28:27.021,1788944307.0213,7050,-1564,-20.05,578,7.41
2026-09-09T14:28:27.031,1788944307.0316,7051,2510,32.18,560,7.18
2026-09-09T14:28:27.040,1788944307.0405,7052,-1223,-15.68,558,7.15
2026-09-09T14:28:27.056,1788944307.0565,7053,2253,28.88,579,7.42
2026-09-09T14:28:27.056,1788944307.0565,7054,-897,-11.5,596,7.64
2026-09-09T14:28:27.072,1788944307.0722,7055,1976,25.33,608,7.79
2026-09-09T14:28:27.072,1788944307.0722,7056,-3512,-45.03,-115,-1.47
2026-09-09T14:28:27.087,1788944307.0878,7057,1685,21.6,-841,-10.78
2026-09-09T14:28:27.087,1788944307.0878,7058,-3248,-41.64,-848,-10.87
2026-09-09T14:28:27.103,1788944307.1036,7059,1402,17.97,-853,-10.94
2026-09-09T14:28:27.121,1788944307.1215,7060,-2940,-37.69,-846,-10.85
2026-09-09T14:28:27.133,1788944307.1336,7061,1164,14.92,-829,-10.63
2026-09-09T14:28:27.136,1788944307.1366,7062,-2612,-33.49,-806,-10.33
2026-09-09T14:28:27.151,1788944307.1512,7063,888,11.38,-793,-10.17
2026-09-09T14:28:27.151,1788944307.1512,7064,-2282,-29.26,-780,-10.0
2026-09-09T14:28:27.166,1788944307.1669,7065,3501,44.88,-44,-0.56
2026-09-09T14:28:27.166,1788944307.1669,7066,-2001,-25.65,679,8.71
2026-09-09T14:28:27.198,1788944307.1986,7067,3258,41.77,689,8.83
2026-09-09T14:28:27.198,1788944307.1986,7068,-1734,-22.23,695,8.91
2026-09-09T14:28:27.198,1788944307.1986,7069,2966,38.03,689,8.83
2026-09-09T14:28:27.221,1788944307.2214,7070,-1451,-18.6,686,8.79
2026-09-09T14:28:27.230,1788944307.2305,7071,2622,33.62,671,8.6
2026-09-09T14:28:27.230,1788944307.2305,7072,-1179,-15.12,653,8.37
2026-09-09T14:28:27.246,1788944307.2464,7073,2308,29.59,643,8.24
2026-09-09T14:28:27.262,1788944307.2622,7074,-879,-11.27,639,8.19
2026-09-09T14:28:27.262,1788944307.2622,7075,1982,25.41,633,8.12
2026-09-09T14:28:27.278,1788944307.2780,7076,-3522,-45.15,-110,-1.41
2026-09-09T14:28:27.278,1788944307.2780,7077,1695,21.73,-842,-10.79
2026-09-09T14:28:27.293,1788944307.2940,7078,-3302,-42.33,-859,-11.01
2026-09-09T14:28:27.309,1788944307.3097,7079,1405,18.01,-876,-11.23
2026-09-09T14:28:27.321,1788944307.3216,7080,-3009,-38.58,-876,-11.23
2026-09-09T14:28:27.325,1788944307.3257,7081,1135,14.55,-870,-11.15
2026-09-09T14:28:27.341,1788944307.3418,7082,-2705,-34.68,-861,-11.04
2026-09-09T14:28:27.341,1788944307.3418,7083,876,11.23,-850,-10.9
2026-09-09T14:28:27.357,1788944307.3575,7084,-2394,-30.69,-837,-10.73
2026-09-09T14:28:27.373,1788944307.3735,7085,3518,45.1,-99,-1.27
2026-09-09T14:28:27.373,1788944307.3735,7086,-3333,-42.73,327,4.19
2026-09-09T14:28:27.389,1788944307.3896,7087,5372,68.87,556,7.13
2026-09-09T14:28:27.389,1788944307.3896,7088,-3765,-48.27,911,11.68
2026-09-09T14:28:27.405,1788944307.4052,7089,5078,65.1,730,9.36
2026-09-09T14:28:27.421,1788944307.4215,7090,-3410,-43.72,745,9.55
2026-09-09T14:28:27.421,1788944307.4215,7091,4779,61.27,759,9.73
2026-09-09T14:28:27.437,1788944307.4370,7092,-2899,-37.17,812,10.41
2026-09-09T14:28:27.450,1788944307.4507,7093,4465,57.24,861,11.04
2026-09-09T14:28:27.465,1788944307.4658,7094,-2400,-30.77,907,11.63
2026-09-09T14:28:27.481,1788944307.4816,7095,4012,51.44,919,11.78
2026-09-09T14:28:27.481,1788944307.4816,7096,-7208,-92.41,-396,-5.08
2026-09-09T14:28:27.481,1788944307.4816,7097,3603,46.19,-1701,-21.81
2026-09-09T14:28:27.497,1788944307.4974,7098,-6770,-86.79,-1693,-21.71
2026-09-09T14:28:27.513,1788944307.5133,7099,3170,40.64,-1692,-21.69
2026-09-09T14:28:27.522,1788944307.5227,7100,-6225,-79.81,-1664,-21.33
2026-09-09T14:28:27.529,1788944307.5293,7101,2694,34.54,-1647,-21.12
2026-09-09T14:28:27.529,1788944307.5293,7102,-5629,-72.17,-1617,-20.73
2026-09-09T14:28:27.545,1788944307.5451,7103,2179,27.94,-1597,-20.47
2026-09-09T14:28:27.563,1788944307.5630,7104,-4944,-63.38,-1554,-19.92
2026-09-09T14:28:27.563,1788944307.5630,7105,7049,90.37,-165,-2.12
2026-09-09T14:28:27.577,1788944307.5771,7106,-4187,-53.68,1241,15.91
2026-09-09T14:28:27.577,1788944307.5771,7107,6666,85.46,1335,17.12
2026-09-09T14:28:27.609,1788944307.6091,7108,-3518,-45.1,1406,18.03
2026-09-09T14:28:27.609,1788944307.6091,7109,5977,76.63,1401,17.96
2026-09-09T14:28:27.622,1788944307.6229,7110,-2847,-36.5,1397,17.91
2026-09-09T14:28:27.624,1788944307.6249,7111,5186,66.49,1367,17.53
2026-09-09T14:28:27.640,1788944307.6410,7112,-2018,-25.87,1376,17.64
2026-09-09T14:28:27.640,1788944307.6410,7113,4312,55.28,1365,17.5
2026-09-09T14:28:27.657,1788944307.6573,7114,-1203,-15.42,1350,17.31
2026-09-09T14:28:27.673,1788944307.6733,7115,2903,37.22,1202,15.41
2026-09-09T14:28:27.673,1788944307.6733,7116,-3399,-43.58,301,3.86
2026-09-09T14:28:27.689,1788944307.6893,7117,2242,28.74,-414,-5.31
2026-09-09T14:28:27.705,1788944307.7053,7118,-3167,-40.6,-521,-6.68
2026-09-09T14:28:27.705,1788944307.7053,7119,1860,23.85,-558,-7.15
2026-09-09T14:28:27.721,1788944307.7214,7120,-2781,-35.65,-557,-7.14
2026-09-09T14:28:27.722,1788944307.7229,7121,1520,19.49,-546,-7.0
2026-09-09T14:28:27.737,1788944307.7375,7122,-2471,-31.68,-553,-7.09
2026-09-09T14:28:27.753,1788944307.7536,7123,1219,15.63,-551,-7.06
2026-09-09T14:28:27.753,1788944307.7536,7124,-2137,-27.4,-543,-6.96
2026-09-09T14:28:27.769,1788944307.7695,7125,3812,48.87,189,2.42
2026-09-09T14:28:27.769,1788944307.7695,7126,-1849,-23.71,909,11.65
2026-09-09T14:28:27.785,1788944307.7858,7127,3573,45.81,921,11.81
2026-09-09T14:28:27.801,1788944307.8016,7128,-1550,-19.87,936,12.0
2026-09-09T14:28:27.801,1788944307.8016,7129,3237,41.5,927,11.88
2026-09-09T14:28:27.817,1788944307.8177,7130,-1239,-15.88,921,11.81
2026-09-09T14:28:27.833,1788944307.8337,7131,2904,37.23,915,11.73
2026-09-09T14:28:27.833,1788944307.8337,7132,-949,-12.17,905,11.6
2026-09-09T14:28:27.849,1788944307.8498,7133,2605,33.4,902,11.56
2026-09-09T14:28:27.849,1788944307.8498,7134,-701,-8.99,890,11.41
2026-09-09T14:28:27.881,1788944307.8812,7135,2287,29.32,872,11.18
2026-09-09T14:28:27.881,1788944307.8812,7136,-3344,-42.87,132,1.69
2026-09-09T14:28:27.881,1788944307.8812,7137,2011,25.78,-598,-7.67
2026-09-09T14:28:27.897,1788944307.8973,7138,-3085,-39.55,-602,-7.72
2026-09-09T14:28:27.913,1788944307.9133,7139,1707,21.88,-613,-7.86
2026-09-09T14:28:27.923,1788944307.9232,7140,-2818,-36.13,-623,-7.99
2026-09-09T14:28:27.929,1788944307.9292,7141,1452,18.62,-620,-7.95
2026-09-09T14:28:27.929,1788944307.9292,7142,-2530,-32.44,-611,-7.83
2026-09-09T14:28:27.944,1788944307.9449,7143,1152,14.77,-614,-7.87
2026-09-09T14:28:27.960,1788944307.9608,7144,-2252,-28.87,-620,-7.95
2026-09-09T14:28:27.960,1788944307.9608,7145,3763,48.24,102,1.31
2026-09-09T14:28:27.976,1788944307.9769,7146,-1965,-25.19,827,10.6
2026-09-09T14:28:27.976,1788944307.9769,7147,3485,44.68,829,10.63
2026-09-09T14:28:27.992,1788944307.9928,7148,-1700,-21.79,826,10.59
2026-09-09T14:28:28.008,1788944308.0087,7149,3204,41.08,822,10.54
2026-09-09T14:28:28.024,1788944308.0247,7150,-1471,-18.86,809,10.37
2026-09-09T14:28:28.024,1788944308.0247,7151,2874,36.85,784,10.05
2026-09-09T14:28:28.040,1788944308.0409,7152,-1130,-14.49,786,10.08
2026-09-09T14:28:28.040,1788944308.0409,7153,2576,33.03,797,10.22
2026-09-09T14:28:28.056,1788944308.0569,7154,-816,-10.46,801,10.27
2026-09-09T14:28:28.072,1788944308.0729,7155,2268,29.08,803,10.29
2026-09-09T14:28:28.072,1788944308.0729,7156,-3503,-44.91,54,0.69
2026-09-09T14:28:28.089,1788944308.0891,7157,1997,25.6,-686,-8.79
2026-09-09T14:28:28.089,1788944308.0891,7158,-3234,-41.46,-686,-8.79
2026-09-09T14:28:28.105,1788944308.1051,7159,1687,21.63,-696,-8.92
2026-09-09T14:28:28.123,1788944308.1231,7160,-2985,-38.27,-712,-9.13
2026-09-09T14:28:28.123,1788944308.1231,7161,1409,18.06,-719,-9.22
2026-09-09T14:28:28.137,1788944308.1371,7162,-2676,-34.31,-711,-9.12
2026-09-09T14:28:28.153,1788944308.1531,7163,1127,14.45,-704,-9.03
2026-09-09T14:28:28.168,1788944308.1689,7164,-2380,-30.51,-701,-8.99
2026-09-09T14:28:28.168,1788944308.1689,7165,3792,48.62,39,0.5
2026-09-09T14:28:28.185,1788944308.1851,7166,-2072,-26.56,783,10.04
2026-09-09T14:28:28.185,1788944308.1851,7167,3563,45.68,802,10.28
2026-09-09T14:28:28.200,1788944308.2008,7168,-1818,-23.31,809,10.37
2026-09-09T14:28:28.200,1788944308.2008,7169,3270,41.92,799,10.24
2026-09-09T14:28:28.223,1788944308.2233,7170,-1537,-19.71,796,10.21
2026-09-09T14:28:28.232,1788944308.2329,7171,2925,37.5,780,10.0
2026-09-09T14:28:28.232,1788944308.2329,7172,-1235,-15.83,769,9.86
2026-09-09T14:28:28.248,1788944308.2488,7173,2592,33.23,761,9.76
2026-09-09T14:28:28.248,1788944308.2488,7174,-3783,-48.5,41,0.53
2026-09-09T14:28:28.265,1788944308.2650,7175,2300,29.49,-669,-8.58
2026-09-09T14:28:28.280,1788944308.2807,7176,-3627,-46.5,-703,-9.01
2026-09-09T14:28:28.296,1788944308.2965,7177,1978,25.36,-744,-9.54
2026-09-09T14:28:28.296,1788944308.2965,7178,-3393,-43.5,-766,-9.82
2026-09-09T14:28:28.312,1788944308.3126,7179,1709,21.91,-775,-9.94
2026-09-09T14:28:28.323,1788944308.3237,7180,-3107,-39.83,-771,-9.88
2026-09-09T14:28:28.328,1788944308.3283,7181,1396,17.9,-778,-9.97
2026-09-09T14:28:28.344,1788944308.3443,7182,-2773,-35.55,-772,-9.9
2026-09-09T14:28:28.344,1788944308.3443,7183,1071,13.73,-770,-9.87
2026-09-09T14:28:28.360,1788944308.3605,7184,-2471,-31.68,-776,-9.95
2026-09-09T14:28:28.360,1788944308.3605,7185,3804,48.77,-17,-0.22
2026-09-09T14:28:28.382,1788944308.3823,7186,-2227,-28.55,727,9.32
2026-09-09T14:28:28.392,1788944308.3924,7187,3541,45.4,722,9.26
2026-09-09T14:28:28.392,1788944308.3924,7188,-1955,-25.06,725,9.29
2026-09-09T14:28:28.408,1788944308.4082,7189,3246,41.62,719,9.22
2026-09-09T14:28:28.408,1788944308.4082,7190,-1660,-21.28,719,9.22
2026-09-09T14:28:28.439,1788944308.4397,7191,2882,36.95,702,9.0
2026-09-09T14:28:28.439,1788944308.4397,7192,-1348,-17.28,689,8.83
2026-09-09T14:28:28.439,1788944308.4397,7193,2551,32.71,684,8.77
2026-09-09T14:28:28.455,1788944308.4557,7194,-3919,-50.24,-42,-0.54
2026-09-09T14:28:28.471,1788944308.4718,7195,2202,28.23,-772,-9.9
2026-09-09T14:28:28.471,1788944308.4718,7196,-3785,-48.53,-825,-10.58
2026-09-09T14:28:28.487,1788944308.4878,7197,1890,24.23,-870,-11.15
2026-09-09T14:28:28.487,1788944308.4878,7198,-3533,-45.29,-885,-11.35
2026-09-09T14:28:28.503,1788944308.5038,7199,1615,20.71,-891,-11.42
2026-09-09T14:28:28.519,1788944308.5195,7200,-3233,-41.45,-884,-11.33
2026-09-09T14:28:28.525,1788944308.5250,7201,1360,17.44,-873,-11.19
2026-09-09T14:28:28.535,1788944308.5356,7202,-2889,-37.04,-851,-10.91
2026-09-09T14:28:28.551,1788944308.5517,7203,1064,13.64,-839,-10.76
2026-09-09T14:28:28.559,1788944308.5594,7204,-2562,-32.85,-831,-10.65
2026-09-09T14:28:28.568,1788944308.5683,7205,3795,48.65,-67,-0.86
2026-09-09T14:28:28.583,1788944308.5833,7206,-2252,-28.87,694,8.9
2026-09-09T14:28:28.583,1788944308.5833,7207,3576,45.85,716,9.18
2026-09-09T14:28:28.599,1788944308.5990,7208,-1945,-24.94,738,9.46
2026-09-09T14:28:28.599,1788944308.5990,7209,4418,56.64,1026,13.15
2026-09-09T14:28:28.614,1788944308.6149,7210,-2779,-35.63,1028,13.18
2026-09-09T14:28:28.630,1788944308.6309,7211,4729,60.63,897,11.5
2026-09-09T14:28:28.630,1788944308.6309,7212,-2297,-29.45,1095,14.04
2026-09-09T14:28:28.646,1788944308.6466,7213,4503,57.73,1159,14.86
2026-09-09T14:28:28.662,1788944308.6623,7214,-6307,-80.86,100,1.28
2026-09-09T14:28:28.662,1788944308.6623,7215,4117,52.78,-999,-12.81
2026-09-09T14:28:28.677,1788944308.6780,7216,-6195,-79.42,-1067,-13.68
2026-09-09T14:28:28.677,1788944308.6780,7217,3721,47.71,-1138,-14.59
2026-09-09T14:28:28.710,1788944308.7100,7218,-5945,-76.22,-1175,-15.06
2026-09-09T14:28:28.710,1788944308.7100,7219,3298,42.28,-1218,-15.62
2026-09-09T14:28:28.725,1788944308.7255,7220,-5490,-70.38,-1210,-15.51
2026-09-09T14:28:28.727,1788944308.7274,7221,2780,35.64,-1226,-15.72
2026-09-09T14:28:28.741,1788944308.7416,7222,-5019,-64.35,-1238,-15.87
2026-09-09T14:28:28.741,1788944308.7416,7223,2254,28.9,-1251,-16.04
2026-09-09T14:28:28.757,1788944308.7576,7224,-4513,-57.86,-1256,-16.1
2026-09-09T14:28:28.757,1788944308.7576,7225,6545,83.91,-57,-0.73
2026-09-09T14:28:28.773,1788944308.7735,7226,-4012,-51.44,1141,14.63
2026-09-09T14:28:28.789,1788944308.7894,7227,6032,77.33,1138,14.59
2026-09-09T14:28:28.789,1788944308.7894,7228,-3500,-44.87,1138,14.59
2026-09-09T14:28:28.805,1788944308.8055,7229,5326,68.28,1089,13.96
2026-09-09T14:28:28.821,1788944308.8213,7230,-2924,-37.49,1057,13.55
2026-09-09T14:28:28.827,1788944308.8271,7231,4398,56.38,969,12.42
2026-09-09T14:28:28.853,1788944308.8533,7232,-2356,-30.21,879,11.27
2026-09-09T14:28:28.853,1788944308.8533,7233,3400,43.59,771,9.88
2026-09-09T14:28:28.853,1788944308.8533,7234,-5137,-65.86,-174,-2.23
2026-09-09T14:28:28.869,1788944308.8695,7235,2470,31.67,-1101,-14.12
2026-09-09T14:28:28.885,1788944308.8854,7236,-4321,-55.4,-1130,-14.49
2026-09-09T14:28:28.885,1788944308.8854,7237,1631,20.91,-1136,-14.56
2026-09-09T14:28:28.901,1788944308.9015,7238,-3978,-51.0,-1260,-16.15
2026-09-09T14:28:28.901,1788944308.9015,7239,1302,16.69,-1256,-16.1
2026-09-09T14:28:28.920,1788944308.9206,7240,-3626,-46.49,-1250,-16.03
2026-09-09T14:28:28.927,1788944308.9271,7241,1015,13.01,-1234,-15.82
2026-09-09T14:28:28.933,1788944308.9337,7242,-3351,-42.96,-1237,-15.86
2026-09-09T14:28:28.949,1788944308.9498,7243,715,9.17,-1243,-15.94
2026-09-09T14:28:28.949,1788944308.9498,7244,-3008,-38.56,-1233,-15.81
2026-09-09T14:28:28.965,1788944308.9655,7245,3432,44.0,-468,-6.0
2026-09-09T14:28:28.981,1788944308.9815,7246,-2647,-33.94,302,3.87
2026-09-09T14:28:28.981,1788944308.9815,7247,3268,41.9,351,4.5
2026-09-09T14:28:28.997,1788944308.9975,7248,-2185,-28.01,426,5.46
2026-09-09T14:28:29.013,1788944309.0135,7249,2978,38.18,469,6.01
2026-09-09T14:28:29.029,1788944309.0295,7250,2686,34.44,1614,20.69
2026-09-09T14:28:29.029,1788944309.0295,7251,-1534,-19.67,1704,21.85
2026-09-09T14:28:29.045,1788944309.0455,7252,2355,30.19,493,6.32
2026-09-09T14:28:29.061,1788944309.0613,7253,-4047,-51.88,-218,-2.79
2026-09-09T14:28:29.061,1788944309.0613,7254,1988,25.49,-938,-12.03
2026-09-09T14:28:29.077,1788944309.0772,7255,-3885,-49.81,-989,-12.68
2026-09-09T14:28:29.093,1788944309.0932,7256,1648,21.13,-1034,-13.26
2026-09-09T14:28:29.093,1788944309.0932,7257,-3673,-47.09,-1066,-13.67
2026-09-09T14:28:29.109,1788944309.1091,7258,1329,17.04,-1093,-14.01
2026-09-09T14:28:29.127,1788944309.1278,7259,-3349,-42.94,-1091,-13.99
2026-09-09T14:28:29.127,1788944309.1278,7260,1075,13.78,-1074,-13.77
2026-09-09T14:28:29.141,1788944309.1413,7261,-2996,-38.41,-1049,-13.45
2026-09-09T14:28:29.141,1788944309.1413,7262,800,10.26,-1030,-13.21
2026-09-09T14:28:29.157,1788944309.1574,7263,-2669,-34.22,-1017,-13.04
2026-09-09T14:28:29.173,1788944309.1734,7264,3421,43.86,-280,-3.59
2026-09-09T14:28:29.173,1788944309.1734,7265,-2360,-30.26,453,5.81
2026-09-09T14:28:29.189,1788944309.1895,7266,3219,41.27,480,6.15
2026-09-09T14:28:29.189,1788944309.1895,7267,-2052,-26.31,506,6.49
2026-09-09T14:28:29.205,1788944309.2053,7268,2947,37.78,515,6.6
2026-09-09T14:28:29.221,1788944309.2211,7269,-1757,-22.53,521,6.68
2026-09-09T14:28:29.227,1788944309.2278,7270,2658,34.08,522,6.69
2026-09-09T14:28:29.236,1788944309.2368,7271,-1499,-19.22,515,6.6
2026-09-09T14:28:29.252,1788944309.2528,7272,2327,29.83,496,6.36
2026-09-09T14:28:29.252,1788944309.2528,7273,-3943,-50.55,-197,-2.53
2026-09-09T14:28:29.268,1788944309.2685,7274,1984,25.44,-894,-11.46
2026-09-09T14:28:29.284,1788944309.2844,7275,-3829,-49.09,-951,-12.19
2026-09-09T14:28:29.284,1788944309.2844,7276,1671,21.42,-1001,-12.83
2026-09-09T14:28:29.300,1788944309.3002,7277,-3654,-46.85,-1036,-13.28
2026-09-09T14:28:29.300,1788944309.3002,7278,1317,16.88,-1080,-13.85
2026-09-09T14:28:29.316,1788944309.3161,7279,-3433,-44.01,-1114,-14.28
2026-09-09T14:28:29.331,1788944309.3319,7280,968,12.41,-1146,-14.69
2026-09-09T14:28:29.331,1788944309.3319,7281,-3187,-40.86,-1171,-15.01
2026-09-09T14:28:29.347,1788944309.3479,7282,615,7.88,-1198,-15.36
2026-09-09T14:28:29.347,1788944309.3479,7283,-2932,-37.59,-1223,-15.68
2026-09-09T14:28:29.363,1788944309.3639,7284,3192,40.92,-515,-6.6
2026-09-09T14:28:29.379,1788944309.3796,7285,-2729,-34.99,180,2.31
2026-09-09T14:28:29.379,1788944309.3796,7286,2880,36.92,153,1.96
2026-09-09T14:28:29.395,1788944309.3957,7287,-2537,-32.53,123,1.58
2026-09-09T14:28:29.411,1788944309.4115,7288,2493,31.96,74,0.95
2026-09-09T14:28:29.411,1788944309.4115,7289,-2333,-29.91,29,0.37
2026-09-09T14:28:29.428,1788944309.4280,7290,2071,26.55,-26,-0.33
2026-09-09T14:28:29.443,1788944309.4433,7291,-2183,-27.99,-94,-1.21
2026-09-09T14:28:29.443,1788944309.4433,7292,1644,21.08,-163,-2.09
2026-09-09T14:28:29.459,1788944309.4593,7293,-4684,-60.05,-895,-11.47
2026-09-09T14:28:29.459,1788944309.4593,7294,1244,15.95,-1620,-20.77
2026-09-09T14:28:29.483,1788944309.4838,7295,-4560,-58.46,-1689,-21.65
2026-09-09T14:28:29.491,1788944309.4913,7296,961,12.32,-1729,-22.17
2026-09-09T14:28:29.491,1788944309.4913,7297,-4303,-55.17,-1736,-22.26
2026-09-09T14:28:29.507,1788944309.5074,7298,731,9.37,-1729,-22.17
2026-09-09T14:28:29.507,1788944309.5074,7299,-3946,-50.59,-1697,-21.76
2026-09-09T14:28:29.539,1788944309.5391,7300,596,7.64,-1642,-21.05
2026-09-09T14:28:29.545,1788944309.5457,7301,-3499,-44.86,-1564,-20.05
2026-09-09T14:28:29.545,1788944309.5457,7302,450,5.77,-1488,-19.08
2026-09-09T14:28:29.559,1788944309.5593,7303,-3040,-38.97,-1410,-18.08
2026-09-09T14:28:29.572,1788944309.5726,7304,3209,41.14,-606,-7.77
2026-09-09T14:28:29.572,1788944309.5726,7305,-2621,-33.6,189,2.42
2026-09-09T14:28:29.586,1788944309.5865,7306,3119,39.99,271,3.47
2026-09-09T14:28:29.602,1788944309.6022,7307,-2198,-28.18,354,4.54
2026-09-09T14:28:29.602,1788944309.6022,7308,2985,38.27,427,5.47
2026-09-09T14:28:29.618,1788944309.6183,7309,-1774,-22.74,499,6.4
2026-09-09T14:28:29.636,1788944309.6363,7310,2761,35.4,549,7.04
2026-09-09T14:28:29.636,1788944309.6363,7311,-1349,-17.29,599,7.68
2026-09-09T14:28:29.650,1788944309.6503,7312,2551,32.71,653,8.37
2026-09-09T14:28:29.650,1788944309.6503,7313,-3709,-47.55,11,0.14
2026-09-09T14:28:29.666,1788944309.6667,7314,2426,31.1,-611,-7.83
2026-09-09T14:28:29.682,1788944309.6829,7315,-3574,-45.82,-608,-7.79
2026-09-09T14:28:29.682,1788944309.6829,7316,2261,28.99,-616,-7.9
2026-09-09T14:28:29.698,1788944309.6990,7317,-3292,-42.21,-586,-7.51
2026-09-09T14:28:29.714,1788944309.7150,7318,2127,27.27,-549,-7.04
2026-09-09T14:28:29.721,1788944309.7216,7319,-2920,-37.44,-490,-6.28
2026-09-09T14:28:29.731,1788944309.7319,7320,1924,24.67,-448,-5.74
2026-09-09T14:28:29.731,1788944309.7319,7321,-2537,-32.53,-403,-5.17
2026-09-09T14:28:29.746,1788944309.7465,7322,1627,20.86,-381,-4.88
2026-09-09T14:28:29.746,1788944309.7465,7323,-2203,-28.24,-372,-4.77
2026-09-09T14:28:29.762,1788944309.7624,7324,4359,55.88,395,5.06
2026-09-09T14:28:29.778,1788944309.7785,7325,-1935,-24.81,1145,14.68
2026-09-09T14:28:29.778,1788944309.7785,7326,4047,51.88,1134,14.54
2026-09-09T14:28:29.794,1788944309.7945,7327,-1773,-22.73,1096,14.05
2026-09-09T14:28:29.810,1788944309.8102,7328,3530,45.26,1007,12.91
2026-09-09T14:28:29.828,1788944309.8289,7329,-1466,-18.79,955,12.24
2026-09-09T14:28:29.828,1788944309.8289,7330,3322,42.59,980,12.56
2026-09-09T14:28:29.842,1788944309.8424,7331,-1173,-15.04,1001,12.83
2026-09-09T14:28:29.842,1788944309.8424,7332,2965,38.01,985,12.63
2026-09-09T14:28:29.858,1788944309.8586,7333,-3709,-47.55,262,3.36
2026-09-09T14:28:29.874,1788944309.8747,7334,2541,32.58,-478,-6.13
2026-09-09T14:28:29.874,1788944309.8747,7335,-3664,-46.97,-573,-7.35
2026-09-09T14:28:29.890,1788944309.8906,7336,2114,27.1,-669,-8.58
2026-09-09T14:28:29.906,1788944309.9066,7337,1789,22.94,588,7.54
2026-09-09T14:28:29.922,1788944309.9225,7338,-3956,-50.72,434,5.56
2026-09-09T14:28:29.928,1788944309.9289,7339,2023,25.94,-1025,-13.14
2026-09-09T14:28:29.938,1788944309.9386,7340,-5025,-64.42,-1234,-15.82
2026-09-09T14:28:29.954,1788944309.9547,7341,5909,75.76,-530,-6.79
2026-09-09T14:28:29.954,1788944309.9547,7342,-4265,-54.68,632,8.1
2026-09-09T14:28:29.970,1788944309.9708,7343,6616,84.82,998,12.79
2026-09-09T14:28:29.970,1788944309.9708,7344,-3012,-38.62,1488,19.08
2026-09-09T14:28:29.986,1788944309.9867,7345,7444,95.44,2009,25.76
2026-09-09T14:28:30.002,1788944310.0027,7346,-1898,-24.33,2494,31.97
2026-09-09T14:28:30.002,1788944310.0027,7347,7854,100.69,2875,36.86
2026-09-09T14:28:30.018,1788944310.0188,7348,-1149,-14.73,3165,40.58
2026-09-09T14:28:30.028,1788944310.0290,7349,7815,100.19,3342,42.85
2026-09-09T14:28:30.034,1788944310.0345,7350,-464,-5.95,3504,44.92
2026-09-09T14:28:30.050,1788944310.0507,7351,7617,97.65,3626,46.49
2026-09-09T14:28:30.050,1788944310.0507,7352,-4196,-53.79,2643,33.88
2026-09-09T14:28:30.066,1788944310.0669,7353,7447,95.47,1668,21.38
2026-09-09T14:28:30.066,1788944310.0669,7354,-3651,-46.81,1761,22.58
2026-09-09T14:28:30.082,1788944310.0829,7355,7203,92.35,1837,23.55
2026-09-09T14:28:30.098,1788944310.0990,7356,-3173,-40.68,1895,24.29
2026-09-09T14:28:30.115,1788944310.1150,7357,6719,86.14,1894,24.28
2026-09-09T14:28:30.115,1788944310.1150,7358,-3083,-39.53,1795,23.01
2026-09-09T14:28:30.131,1788944310.1310,7359,5709,73.19,1565,20.06
2026-09-09T14:28:30.131,1788944310.1310,7360,-3039,-38.96,1324,16.97
2026-09-09T14:28:30.147,1788944310.1470,7361,9086,116.49,2179,27.94
2026-09-09T14:28:30.162,1788944310.1627,7362,-2850,-36.54,3070,39.36
2026-09-09T14:28:30.162,1788944310.1627,7363,8128,104.21,2878,36.9
2026-09-09T14:28:30.178,1788944310.1784,7364,-2545,-32.63,2715,34.81
2026-09-09T14:28:30.197,1788944310.1971,7365,6758,86.64,2449,31.4
2026-09-09T14:28:30.204,1788944310.2043,7366,-2181,-27.96,2197,28.17
2026-09-09T14:28:30.210,1788944310.2103,7367,4929,63.19,1831,23.47
2026-09-09T14:28:30.210,1788944310.2103,7368,-1636,-20.97,1510,19.36
2026-09-09T14:28:30.229,1788944310.2291,7369,3444,44.15,1275,16.35
2026-09-09T14:28:30.242,1788944310.2422,7370,-1688,-21.64,891,11.42
2026-09-09T14:28:30.242,1788944310.2422,7371,2800,35.9,717,9.19
2026-09-09T14:28:30.258,1788944310.2582,7372,-4487,-57.53,-144,-1.85
2026-09-09T14:28:30.273,1788944310.2739,7373,2258,28.95,-979,-12.55
2026-09-09T14:28:30.273,1788944310.2739,7374,-4460,-57.18,-1108,-14.21
2026-09-09T14:28:30.289,1788944310.2897,7375,1836,23.54,-1207,-15.47
2026-09-09T14:28:30.289,1788944310.2897,7376,-4265,-54.68,-1264,-16.21
2026-09-09T14:28:30.305,1788944310.3056,7377,1452,18.62,-1311,-16.81
2026-09-09T14:28:30.321,1788944310.3216,7378,-3949,-50.63,-1328,-17.03
2026-09-09T14:28:30.337,1788944310.3376,7379,1030,13.21,-1354,-17.36
2026-09-09T14:28:30.337,1788944310.3376,7380,-3575,-45.83,-1366,-17.51
2026-09-09T14:28:30.337,1788944310.3376,7381,3523,45.17,-650,-8.33
2026-09-09T14:28:30.353,1788944310.3537,7382,-3246,-41.62,56,0.72
2026-09-09T14:28:30.369,1788944310.3696,7383,3277,42.01,77,0.99
2026-09-09T14:28:30.385,1788944310.3854,7384,-2881,-36.94,106,1.36
2026-09-09T14:28:30.385,1788944310.3854,7385,2941,37.71,114,1.46
2026-09-09T14:28:30.401,1788944310.4016,7386,-2652,-34.0,87,1.12
2026-09-09T14:28:30.401,1788944310.4016,7387,2495,31.99,33,0.42
2026-09-09T14:28:30.417,1788944310.4177,7388,-2443,-31.32,-27,-0.35
2026-09-09T14:28:30.429,1788944310.4293,7389,2118,27.15,-69,-0.88
2026-09-09T14:28:30.433,1788944310.4334,7390,-2017,-25.86,-56,-0.72
2026-09-09T14:28:30.449,1788944310.4491,7391,1912,24.51,-1,-0.01
2026-09-09T14:28:30.464,1788944310.4649,7392,-4235,-54.29,-607,-7.78
2026-09-09T14:28:30.464,1788944310.4649,7393,1836,23.54,-1181,-15.14
2026-09-09T14:28:30.480,1788944310.4809,7394,-3849,-49.35,-1103,-14.14
2026-09-09T14:28:30.480,1788944310.4809,7395,1629,20.88,-1059,-13.58
2026-09-09T14:28:30.496,1788944310.4969,7396,-3629,-46.53,-1055,-13.53
2026-09-09T14:28:30.512,1788944310.5128,7397,1334,17.1,-1074,-13.77
2026-09-09T14:28:30.512,1788944310.5128,7398,-3408,-43.69,-1093,-14.01
2026-09-09T14:28:30.529,1788944310.5292,7399,1088,13.95,-1099,-14.09
2026-09-09T14:28:30.544,1788944310.5445,7400,-3111,-39.88,-1086,-13.92
2026-09-09T14:28:30.544,1788944310.5445,7401,3572,45.79,-391,-5.01
2026-09-09T14:28:30.562,1788944310.5622,7402,-2732,-35.03,325,4.17
2026-09-09T14:28:30.562,1788944310.5622,7403,3575,45.83,420,5.38
2026-09-09T14:28:30.576,1788944310.5762,7404,-2347,-30.09,517,6.63
2026-09-09T14:28:30.591,1788944310.5920,7405,3459,44.35,585,7.5
2026-09-09T14:28:30.591,1788944310.5920,7406,-2105,-26.99,616,7.9
2026-09-09T14:28:30.607,1788944310.6080,7407,3182,40.79,607,7.78
2026-09-09T14:28:30.607,1788944310.6080,7408,-1847,-23.68,603,7.73
2026-09-09T14:28:30.630,1788944310.6301,7409,2833,36.32,580,7.44
2026-09-09T14:28:30.640,1788944310.6402,7410,-1561,-20.01,564,7.23
2026-09-09T14:28:30.655,1788944310.6559,7411,2456,31.49,541,6.94
2026-09-09T14:28:30.655,1788944310.6559,7412,-4102,-52.59,-188,-2.41
2026-09-09T14:28:30.671,1788944310.6718,7413,2133,27.35,-904,-11.59
2026-09-09T14:28:30.671,1788944310.6718,7414,-3985,-51.09,-956,-12.26
2026-09-09T14:28:30.687,1788944310.6880,7415,1808,23.18,-1008,-12.92
2026-09-09T14:28:30.687,1788944310.6880,7416,-3810,-48.85,-1045,-13.4
2026-09-09T14:28:30.703,1788944310.7036,7417,1497,19.19,-1079,-13.83
2026-09-09T14:28:30.721,1788944310.7214,7418,-3550,-45.51,-1092,-14.0
2026-09-09T14:28:30.730,1788944310.7304,7419,1218,15.62,-1097,-14.06
2026-09-09T14:28:30.736,1788944310.7361,7420,-3253,-41.71,-1092,-14.0
2026-09-09T14:28:30.750,1788944310.7507,7421,3770,48.33,-380,-4.87
2026-09-09T14:28:30.750,1788944310.7507,7422,-2937,-37.65,337,4.32
2026-09-09T14:28:30.766,1788944310.7666,7423,3663,46.96,389,4.99
2026-09-09T14:28:30.787,1788944310.7874,7424,-2574,-33.0,453,5.81
2026-09-09T14:28:30.787,1788944310.7874,7425,3453,44.27,492,6.31
2026-09-09T14:28:30.798,1788944310.7984,7426,-2258,-28.95,518,6.64
2026-09-09T14:28:30.814,1788944310.8144,7427,3234,41.46,542,6.95
2026-09-09T14:28:30.814,1788944310.8144,7428,-1919,-24.6,572,7.33
2026-09-09T14:28:30.830,1788944310.8305,7429,2929,37.55,581,7.45
2026-09-09T14:28:30.830,1788944310.8305,7430,-1557,-19.96,595,7.63
2026-09-09T14:28:30.846,1788944310.8464,7431,2628,33.69,610,7.82
2026-09-09T14:28:30.862,1788944310.8625,7432,-4071,-52.19,-93,-1.19
2026-09-09T14:28:30.862,1788944310.8625,7433,2323,29.78,-798,-10.23
2026-09-09T14:28:30.878,1788944310.8788,7434,-3877,-49.71,-826,-10.59
2026-09-09T14:28:30.878,1788944310.8788,7435,2030,26.03,-851,-10.91
2026-09-09T14:28:30.894,1788944310.8947,7436,-3610,-46.28,-857,-10.99
2026-09-09T14:28:30.910,1788944310.9108,7437,1774,22.74,-854,-10.95
2026-09-09T14:28:30.932,1788944310.9320,7438,-3298,-42.28,-840,-10.77
2026-09-09T14:28:30.932,1788944310.9320,7439,1519,19.47,-826,-10.59
2026-09-09T14:28:30.942,1788944310.9426,7440,-2979,-38.19,-810,-10.38
2026-09-09T14:28:30.942,1788944310.9426,7441,4042,51.82,-100,-1.28
2026-09-09T14:28:30.958,1788944310.9584,7442,-2669,-34.22,609,7.81
2026-09-09T14:28:30.958,1788944310.9584,7443,3897,49.96,650,8.33
2026-09-09T14:28:30.974,1788944310.9745,7444,-2327,-29.83,699,8.96
2026-09-09T14:28:30.990,1788944310.9903,7445,3703,47.47,736,9.44
2026-09-09T14:28:30.990,1788944310.9903,7446,-2023,-25.94,764,9.79
2026-09-09T14:28:31.006,1788944311.0063,7447,3403,43.63,765,9.81
2026-09-09T14:28:31.022,1788944311.0221,7448,-1756,-22.51,756,9.69
2026-09-09T14:28:31.032,1788944311.0320,7449,3067,39.32,739,9.47
2026-09-09T14:28:31.038,1788944311.0381,7450,-1485,-19.04,723,9.27
2026-09-09T14:28:31.053,1788944311.0539,7451,2699,34.6,699,8.96
2026-09-09T14:28:31.053,1788944311.0539,7452,-4012,-51.44,-25,-0.32
2026-09-09T14:28:31.069,1788944311.0699,7453,2309,29.6,-754,-9.67
2026-09-09T14:28:31.069,1788944311.0699,7454,-3958,-50.74,-838,-10.74
2026-09-09T14:28:31.085,1788944311.0859,7455,1970,25.26,-910,-11.67
2026-09-09T14:28:31.101,1788944311.1019,7456,-3762,-48.23,-945,-12.12
2026-09-09T14:28:31.101,1788944311.1019,7457,1596,20.46,-990,-12.69
2026-09-09T14:28:31.122,1788944311.1223,7458,-3487,-44.71,-1015,-13.01
2026-09-09T14:28:31.133,1788944311.1336,7459,1288,16.51,-1023,-13.12
2026-09-09T14:28:31.133,1788944311.1336,7460,-3180,-40.77,-1023,-13.12
2026-09-09T14:28:31.149,1788944311.1494,7461,3807,48.81,-317,-4.06
2026-09-09T14:28:31.149,1788944311.1494,7462,-2913,-37.35,380,4.87
2026-09-09T14:28:31.165,1788944311.1654,7463,3687,47.27,417,5.35
2026-09-09T14:28:31.181,1788944311.1814,7464,-2599,-33.32,465,5.96
2026-09-09T14:28:31.197,1788944311.1972,7465,3433,44.01,480,6.15
2026-09-09T14:28:31.197,1788944311.1972,7466,-2302,-29.51,491,6.29
2026-09-09T14:28:31.213,1788944311.2133,7467,3174,40.69,500,6.41
2026-09-09T14:28:31.213,1788944311.2133,7468,-1994,-25.56,513,6.58
2026-09-09T14:28:31.232,1788944311.2323,7469,3055,39.17,560,7.18
2026-09-09T14:28:31.232,1788944311.2323,7470,-2471,-31.68,411,5.27
2026-09-09T14:28:31.245,1788944311.2454,7471,3897,49.96,502,6.44
2026-09-09T14:28:31.261,1788944311.2614,7472,-6395,-81.99,-268,-3.44
2026-09-09T14:28:31.261,1788944311.2614,7473,3807,48.81,-1272,-16.31
2026-09-09T14:28:31.277,1788944311.2775,7474,-6564,-84.15,-1337,-17.14
2026-09-09T14:28:31.293,1788944311.2933,7475,3498,44.85,-1456,-18.67
2026-09-09T14:28:31.293,1788944311.2933,7476,-6440,-82.56,-1502,-19.26
2026-09-09T14:28:31.309,1788944311.3094,7477,3134,40.18,-1562,-20.03
2026-09-09T14:28:31.309,1788944311.3094,7478,-6162,-79.0,-1584,-20.31
2026-09-09T14:28:31.332,1788944311.3326,7479,2743,35.17,-1612,-20.67
2026-09-09T14:28:31.341,1788944311.3411,7480,-5668,-72.67,-1586,-20.33
2026-09-09T14:28:31.341,1788944311.3411,7481,6762,86.69,-458,-5.87
2026-09-09T14:28:31.356,1788944311.3569,7482,-5019,-64.35,709,9.09
2026-09-09T14:28:31.372,1788944311.3730,7483,6635,85.06,839,10.76
2026-09-09T14:28:31.372,1788944311.3730,7484,-4510,-57.82,935,11.99
2026-09-09T14:28:31.388,1788944311.3889,7485,6262,80.28,969,12.42
2026-09-09T14:28:31.388,1788944311.3889,7486,-3935,-50.45,1019,13.06
2026-09-09T14:28:31.404,1788944311.4049,7487,6122,78.49,1128,14.46
2026-09-09T14:28:31.420,1788944311.4207,7488,-3492,-44.77,1204,15.44
2026-09-09T14:28:31.436,1788944311.4368,7489,5714,73.26,1213,15.55
2026-09-09T14:28:31.436,1788944311.4368,7490,-2951,-37.83,1246,15.97
2026-09-09T14:28:31.436,1788944311.4368,7491,5150,66.03,1240,15.9
2026-09-09T14:28:31.452,1788944311.4528,7492,-6764,-86.72,146,1.87
2026-09-09T14:28:31.468,1788944311.4688,7493,4516,57.9,-966,-12.38
2026-09-09T14:28:31.484,1788944311.4848,7494,-6424,-82.36,-1039,-13.32
2026-09-09T14:28:31.484,1788944311.4848,7495,3812,48.87,-1130,-14.49
2026-09-09T14:28:31.505,1788944311.5056,7496,-5712,-73.23,-1128,-14.46
2026-09-09T14:28:31.511,1788944311.5119,7497,2944,37.74,-1167,-14.96
2026-09-09T14:28:31.516,1788944311.5164,7498,-4727,-60.6,-1138,-14.59
2026-09-09T14:28:31.533,1788944311.5333,7499,1803,23.12,-1177,-15.09
2026-09-09T14:28:31.533,1788944311.5333,7500,-3239,-41.53,-1090,-13.97
2026-09-09T14:28:31.547,1788944311.5479,7501,4384,56.21,-73,-0.94
2026-09-09T14:28:31.559,1788944311.5595,7502,-2841,-36.42,672,8.62
2026-09-09T14:28:31.565,1788944311.5657,7503,4042,51.82,686,8.79
2026-09-09T14:28:31.579,1788944311.5798,7504,-2443,-31.32,700,8.97
2026-09-09T14:28:31.579,1788944311.5798,7505,3739,47.94,723,9.27
2026-09-09T14:28:31.595,1788944311.5957,7506,-2063,-26.45,743,9.53
2026-09-09T14:28:31.611,1788944311.6114,7507,3399,43.58,753,9.65
2026-09-09T14:28:31.627,1788944311.6273,7508,-1800,-23.08,733,9.4
2026-09-09T14:28:31.633,1788944311.6337,7509,3051,39.12,712,9.13
2026-09-09T14:28:31.643,1788944311.6432,7510,-1465,-18.78,709,9.09
2026-09-09T14:28:31.643,1788944311.6432,7511,2648,33.95,692,8.87
2026-09-09T14:28:31.659,1788944311.6592,7512,-3884,-49.79,-14,-0.18
2026-09-09T14:28:31.659,1788944311.6592,7513,2266,29.05,-714,-9.15
2026-09-09T14:28:31.674,1788944311.6749,7514,-3726,-47.77,-770,-9.87
2026-09-09T14:28:31.690,1788944311.6910,7515,1961,25.14,-807,-10.35
2026-09-09T14:28:31.690,1788944311.6910,7516,-3467,-44.45,-818,-10.49
2026-09-09T14:28:31.709,1788944311.7097,7517,1618,20.74,-839,-10.76
2026-09-09T14:28:31.725,1788944311.7252,7518,-3179,-40.76,-853,-10.94
2026-09-09T14:28:31.733,1788944311.7338,7519,1308,16.77,-858,-11.0
2026-09-09T14:28:31.739,1788944311.7394,7520,-2834,-36.33,-850,-10.9
2026-09-09T14:28:31.739,1788944311.7394,7521,3560,45.64,-200,-2.56
2026-09-09T14:28:31.755,1788944311.7553,7522,-2569,-32.94,429,5.5
2026-09-09T14:28:31.771,1788944311.7711,7523,3441,44.12,465,5.96
2026-09-09T14:28:31.771,1788944311.7711,7524,-2278,-29.21,508,6.51
2026-09-09T14:28:31.786,1788944311.7869,7525,3293,42.22,544,6.97
2026-09-09T14:28:31.802,1788944311.8026,7526,-2015,-25.83,573,7.35
2026-09-09T14:28:31.802,1788944311.8026,7527,3052,39.13,578,7.41
2026-09-09T14:28:31.818,1788944311.8185,7528,-1734,-22.23,588,7.54
2026-09-09T14:28:31.818,1788944311.8185,7529,2778,35.62,590,7.56
2026-09-09T14:28:31.833,1788944311.8339,7530,-1466,-18.79,589,7.55
2026-09-09T14:28:31.849,1788944311.8498,7531,2488,31.9,583,7.47
2026-09-09T14:28:31.865,1788944311.8656,7532,-3751,-48.09,-61,-0.78
2026-09-09T14:28:31.865,1788944311.8656,7533,2259,28.96,-689,-8.83
2026-09-09T14:28:31.881,1788944311.8816,7534,-3654,-46.85,-722,-9.26
2026-09-09T14:28:31.881,1788944311.8816,7535,1974,25.31,-769,-9.86
2026-09-09T14:28:31.897,1788944311.8973,7536,-3475,-44.55,-796,-10.21
2026-09-09T14:28:31.913,1788944311.9131,7537,1745,22.37,-808,-10.36
2026-09-09T14:28:31.913,1788944311.9131,7538,-3228,-41.38,-804,-10.31
2026-09-09T14:28:31.935,1788944311.9352,7539,1506,19.31,-802,-10.28
2026-09-09T14:28:31.944,1788944311.9447,7540,-2933,-37.6,-788,-10.1
2026-09-09T14:28:31.944,1788944311.9447,7541,3861,49.5,-125,-1.6
2026-09-09T14:28:31.960,1788944311.9607,7542,-2614,-33.51,543,6.96
2026-09-09T14:28:31.960,1788944311.9607,7543,3785,48.53,604,7.74
2026-09-09T14:28:31.976,1788944311.9768,7544,-2348,-30.1,652,8.36
2026-09-09T14:28:31.994,1788944311.9948,7545,3559,45.63,662,8.49
2026-09-09T14:28:31.999,1788944311.9995,7546,-2118,-27.15,663,8.5
2026-09-09T14:28:32.009,1788944312.0095,7547,3285,42.12,652,8.36
2026-09-09T14:28:32.009,1788944312.0095,7548,-1842,-23.62,652,8.36
2026-09-09T14:28:32.024,1788944312.0247,7549,2986,38.28,646,8.28
2026-09-09T14:28:32.040,1788944312.0405,7550,-3981,-51.04,37,0.47
2026-09-09T14:28:32.056,1788944312.0566,7551,2684,34.41,-573,-7.35
2026-09-09T14:28:32.056,1788944312.0566,7552,-3941,-50.53,-639,-8.19
2026-09-09T14:28:32.072,1788944312.0723,7553,2365,30.32,-709,-9.09
2026-09-09T14:28:32.072,1788944312.0723,7554,-3815,-48.91,-757,-9.71
2026-09-09T14:28:32.088,1788944312.0882,7555,2064,26.46,-801,-10.27
2026-09-09T14:28:32.088,1788944312.0882,7556,-3604,-46.21,-823,-10.55
2026-09-09T14:28:32.104,1788944312.1041,7557,1776,22.77,-842,-10.79
2026-09-09T14:28:32.119,1788944312.1198,7558,-3317,-42.53,-843,-10.81
2026-09-09T14:28:32.133,1788944312.1339,7559,1485,19.04,-844,-10.82
2026-09-09T14:28:32.136,1788944312.1368,7560,-3029,-38.83,-844,-10.82
2026-09-09T14:28:32.151,1788944312.1515,7561,3922,50.28,-163,-2.09
2026-09-09T14:28:32.151,1788944312.1515,7562,-2725,-34.94,522,6.69
2026-09-09T14:28:32.167,1788944312.1674,7563,3826,49.05,574,7.36
2026-09-09T14:28:32.183,1788944312.1832,7564,-2375,-30.45,638,8.18
2026-09-09T14:28:32.183,1788944312.1832,7565,3620,46.41,674,8.64
2026-09-09T14:28:32.198,1788944312.1989,7566,-2109,-27.04,689,8.83
2026-09-09T14:28:32.198,1788944312.1989,7567,3341,42.83,685,8.78
2026-09-09T14:28:32.214,1788944312.2148,7568,-1829,-23.45,686,8.79
2026-09-09T14:28:32.230,1788944312.2305,7569,2990,38.33,668,8.56
2026-09-09T14:28:32.236,1788944312.2362,7570,-4029,-51.65,30,0.38
2026-09-09T14:28:32.246,1788944312.2463,7571,2648,33.95,-605,-7.76
2026-09-09T14:28:32.262,1788944312.2623,7572,-4000,-51.28,-684,-8.77
2026-09-09T14:28:32.262,1788944312.2623,7573,2295,29.42,-765,-9.81
2026-09-09T14:28:32.278,1788944312.2783,7574,-3933,-50.42,-836,-10.72
2026-09-09T14:28:32.278,1788944312.2783,7575,1964,25.18,-902,-11.56
2026-09-09T14:28:32.294,1788944312.2944,7576,-3724,-47.74,-933,-11.96
2026-09-09T14:28:32.310,1788944312.3101,7577,1685,21.6,-950,-12.18
2026-09-09T14:28:32.326,1788944312.3262,7578,-3427,-43.94,-946,-12.13
2026-09-09T14:28:32.326,1788944312.3262,7579,1404,18.0,-942,-12.08
2026-09-09T14:28:32.341,1788944312.3419,7580,-3117,-39.96,-934,-11.97
2026-09-09T14:28:32.341,1788944312.3419,7581,3857,49.45,-244,-3.13
2026-09-09T14:28:32.358,1788944312.3582,7582,-2804,-35.95,448,5.74
2026-09-09T14:28:32.358,1788944312.3582,7583,3771,48.35,505,6.47
2026-09-09T14:28:32.374,1788944312.3742,7584,-2516,-32.26,555,7.12
2026-09-09T14:28:32.389,1788944312.3899,7585,3599,46.14,584,7.49
2026-09-09T14:28:32.389,1788944312.3899,7586,-2181,-27.96,625,8.01
2026-09-09T14:28:32.405,1788944312.4057,7587,3298,42.28,633,8.12
2026-09-09T14:28:32.421,1788944312.4217,7588,-1908,-24.46,626,8.03
2026-09-09T14:28:32.421,1788944312.4217,7589,2973,38.12,613,7.86
2026-09-09T14:28:32.436,1788944312.4369,7590,-4119,-52.81,-21,-0.27
2026-09-09T14:28:32.452,1788944312.4528,7591,2619,33.58,-662,-8.49
2026-09-09T14:28:32.452,1788944312.4528,7592,-4077,-52.27,-740,-9.49
2026-09-09T14:28:32.471,1788944312.4717,7593,2279,29.22,-814,-10.44
2026-09-09T14:28:32.484,1788944312.4844,7594,-3973,-50.94,-873,-11.19
2026-09-09T14:28:32.484,1788944312.4844,7595,2079,26.65,-897,-11.5
2026-09-09T14:28:32.500,1788944312.5005,7596,-4312,-55.28,-1032,-13.23
2026-09-09T14:28:32.500,1788944312.5005,7597,2130,27.31,-1104,-14.15
2026-09-09T14:28:32.516,1788944312.5162,7598,-4446,-57.0,-1125,-14.42
2026-09-09T14:28:32.532,1788944312.5320,7599,1989,25.5,-1194,-15.31
2026-09-09T14:28:32.538,1788944312.5387,7600,-4275,-54.81,-1186,-15.21
2026-09-09T14:28:32.547,1788944312.5477,7601,5248,67.28,-329,-4.22
2026-09-09T14:28:32.559,1788944312.5590,7602,-4024,-51.59,549,7.04
2026-09-09T14:28:32.565,1788944312.5652,7603,5335,68.4,633,8.12
2026-09-09T14:28:32.579,1788944312.5797,7604,-3806,-48.79,710,9.1
2026-09-09T14:28:32.597,1788944312.5978,7605,5264,67.49,746,9.56
2026-09-09T14:28:32.597,1788944312.5978,7606,-3473,-44.53,812,10.41
2026-09-09T14:28:32.611,1788944312.6118,7607,4988,63.95,826,10.59
2026-09-09T14:28:32.611,1788944312.6118,7608,-3054,-39.15,862,11.05
2026-09-09T14:28:32.627,1788944312.6276,7609,4566,58.54,861,11.04
2026-09-09T14:28:32.643,1788944312.6435,7610,-6144,-78.77,-17,-0.22
2026-09-09T14:28:32.643,1788944312.6435,7611,4068,52.15,-914,-11.72
2026-09-09T14:28:32.659,1788944312.6594,7612,-6093,-78.12,-1026,-13.15
2026-09-09T14:28:32.659,1788944312.6594,7613,3611,46.29,-1127,-14.45
2026-09-09T14:28:32.675,1788944312.6754,7614,-6024,-77.23,-1224,-15.69
2026-09-09T14:28:32.691,1788944312.6911,7615,3198,41.0,-1310,-16.79
2026-09-09T14:28:32.691,1788944312.6911,7616,-5744,-73.64,-1343,-17.22
2026-09-09T14:28:32.707,1788944312.7071,7617,2709,34.73,-1396,-17.9
2026-09-09T14:28:32.723,1788944312.7231,7618,-5203,-66.71,-1383,-17.73
2026-09-09T14:28:32.739,1788944312.7391,7619,2198,28.18,-1375,-17.63
2026-09-09T14:28:32.739,1788944312.7391,7620,-4486,-57.51,-1324,-16.97
2026-09-09T14:28:32.739,1788944312.7391,7621,5072,65.03,-426,-5.46
2026-09-09T14:28:32.754,1788944312.7549,7622,-3642,-46.69,504,6.46
2026-09-09T14:28:32.770,1788944312.7706,7623,4401,56.42,547,7.01
2026-09-09T14:28:32.770,1788944312.7706,7624,-2845,-36.47,578,7.41
2026-09-09T14:28:32.786,1788944312.7867,7625,3656,46.87,591,7.58
2026-09-09T14:28:32.786,1788944312.7867,7626,-2345,-30.06,530,6.79
2026-09-09T14:28:32.802,1788944312.8026,7627,3699,47.42,666,8.54
2026-09-09T14:28:32.818,1788944312.8184,7628,-2096,-26.87,739,9.47
2026-09-09T14:28:32.834,1788944312.8343,7629,3288,42.15,698,8.95
2026-09-09T14:28:32.840,1788944312.8404,7630,-4385,-56.22,23,0.29
2026-09-09T14:28:32.851,1788944312.8517,7631,2957,37.91,-632,-8.1
2026-09-09T14:28:32.858,1788944312.8583,7632,-4280,-54.87,-688,-8.82
2026-09-09T14:28:32.865,1788944312.8659,7633,2547,32.65,-764,-9.79
2026-09-09T14:28:32.881,1788944312.8820,7634,-4026,-51.62,-803,-10.29
2026-09-09T14:28:32.881,1788944312.8820,7635,2114,27.1,-848,-10.87
2026-09-09T14:28:32.898,1788944312.8981,7636,-3734,-47.87,-883,-11.32
2026-09-09T14:28:32.913,1788944312.9138,7637,1791,22.96,-891,-11.42
2026-09-09T14:28:32.913,1788944312.9138,7638,-3311,-42.45,-866,-11.1
2026-09-09T14:28:32.933,1788944312.9335,7639,1483,19.01,-837,-10.73
2026-09-09T14:28:32.945,1788944312.9454,7640,-2935,-37.63,-820,-10.51
2026-09-09T14:28:32.945,1788944312.9454,7641,3783,48.5,-151,-1.94
2026-09-09T14:28:32.961,1788944312.9615,7642,-2556,-32.77,518,6.64
2026-09-09T14:28:32.961,1788944312.9615,7643,3630,46.54,575,7.37
2026-09-09T14:28:32.977,1788944312.9771,7644,-2210,-28.33,623,7.99
2026-09-09T14:28:32.993,1788944312.9932,7645,3380,43.33,647,8.29
2026-09-09T14:28:33.000,1788944313.0004,7646,-1897,-24.32,663,8.5
2026-09-09T14:28:33.008,1788944313.0089,7647,3090,39.62,669,8.58
2026-09-09T14:28:33.024,1788944313.0249,7648,-1638,-21.0,661,8.47
2026-09-09T14:28:33.040,1788944313.0403,7649,2738,35.1,638,8.18
2026-09-09T14:28:33.040,1788944313.0403,7650,-3580,-45.9,64,0.82
2026-09-09T14:28:33.040,1788944313.0403,7651,2447,31.37,-494,-6.33
2026-09-09T14:28:33.056,1788944313.0560,7652,-3544,-45.44,-558,-7.15
2026-09-09T14:28:33.071,1788944313.0719,7653,2153,27.6,-622,-7.97
2026-09-09T14:28:33.071,1788944313.0719,7654,-3483,-44.65,-681,-8.73
2026-09-09T14:28:33.087,1788944313.0879,7655,1872,24.0,-736,-9.44
2026-09-09T14:28:33.087,1788944313.0879,7656,-3261,-41.81,-750,-9.62
2026-09-09T14:28:33.103,1788944313.1038,7657,1623,20.81,-757,-9.71
2026-09-09T14:28:33.119,1788944313.1199,7658,-3070,-39.36,-772,-9.9
2026-09-09T14:28:33.119,1788944313.1199,7659,1372,17.59,-787,-10.09
2026-09-09T14:28:33.141,1788944313.1417,7660,-2835,-36.35,-791,-10.14
2026-09-09T14:28:33.151,1788944313.1519,7661,3727,47.78,-143,-1.83
2026-09-09T14:28:33.167,1788944313.1679,7662,-2579,-33.06,510,6.54
2026-09-09T14:28:33.167,1788944313.1679,7663,3675,47.12,561,7.19
2026-09-09T14:28:33.167,1788944313.1679,7664,-2309,-29.6,615,7.88
2026-09-09T14:28:33.183,1788944313.1836,7665,3542,45.41,649,8.32
2026-09-09T14:28:33.199,1788944313.1997,7666,-2076,-26.62,674,8.64
2026-09-09T14:28:33.199,1788944313.1997,7667,3308,42.41,674,8.64
2026-09-09T14:28:33.215,1788944313.2156,7668,-1819,-23.32,680,8.72
2026-09-09T14:28:33.233,1788944313.2333,7669,3029,38.83,674,8.64
2026-09-09T14:28:33.241,1788944313.2419,7670,-3979,-51.01,65,0.83
2026-09-09T14:28:33.247,1788944313.2477,7671,2717,34.83,-553,-7.09
2026-09-09T14:28:33.263,1788944313.2639,7672,-3971,-50.91,-629,-8.06
2026-09-09T14:28:33.263,1788944313.2639,7673,2411,30.91,-704,-9.03
2026-09-09T14:28:33.279,1788944313.2797,7674,-3854,-49.41,-751,-9.63
2026-09-09T14:28:33.279,1788944313.2797,7675,2094,26.85,-801,-10.27
2026-09-09T14:28:33.311,1788944313.3115,7676,-3635,-46.6,-826,-10.59
2026-09-09T14:28:33.311,1788944313.3115,7677,1822,23.36,-839,-10.76
2026-09-09T14:28:33.311,1788944313.3115,7678,-3343,-42.86,-834,-10.69
2026-09-09T14:28:33.327,1788944313.3274,7679,1530,19.62,-834,-10.69
2026-09-09T14:28:33.343,1788944313.3431,7680,-3000,-38.46,-821,-10.53
2026-09-09T14:28:33.343,1788944313.3431,7681,3934,50.44,-134,-1.72
2026-09-09T14:28:33.359,1788944313.3591,7682,-2665,-34.17,550,7.05
2026-09-09T14:28:33.359,1788944313.3591,7683,3798,48.69,600,7.69
2026-09-09T14:28:33.380,1788944313.3808,7684,-2351,-30.14,645,8.27
2026-09-09T14:28:33.391,1788944313.3914,7685,3580,45.9,669,8.58
2026-09-09T14:28:33.402,1788944313.4020,7686,-2046,-26.23,690,8.85
2026-09-09T14:28:33.407,1788944313.4071,7687,3285,42.12,693,8.88
2026-09-09T14:28:33.407,1788944313.4071,7688,-1762,-22.59,690,8.85
2026-09-09T14:28:33.423,1788944313.4231,7689,3009,38.58,692,8.87
2026-09-09T14:28:33.454,1788944313.4546,7690,-3854,-49.41,100,1.28
2026-09-09T14:28:33.454,1788944313.4546,7691,2678,34.33,-506,-6.49
2026-09-09T14:28:33.454,1788944313.4546,7692,-3843,-49.27,-586,-7.51
2026-09-09T14:28:33.470,1788944313.4706,7693,2399,30.76,-653,-8.37
2026-09-09T14:28:33.470,1788944313.4706,7694,-3758,-48.18,-701,-8.99
2026-09-09T14:28:33.486,1788944313.4864,7695,2109,27.04,-752,-9.64
2026-09-09T14:28:33.502,1788944313.5021,7696,-3588,-46.0,-782,-10.03
2026-09-09T14:28:33.502,1788944313.5021,7697,1785,22.88,-821,-10.53
2026-09-09T14:28:33.525,1788944313.5255,7698,-3313,-42.47,-833,-10.68
2026-09-09T14:28:33.531,1788944313.5318,7699,1537,19.71,-826,-10.59
2026-09-09T14:28:33.542,1788944313.5422,7700,-3013,-38.63,-813,-10.42
2026-09-09T14:28:33.550,1788944313.5503,7701,3929,50.37,-140,-1.79
2026-09-09T14:28:33.559,1788944313.5592,7702,-2710,-34.74,533,6.83
2026-09-09T14:28:33.567,1788944313.5673,7703,3852,49.38,590,7.56
2026-09-09T14:28:33.581,1788944313.5819,7704,-2420,-31.03,643,8.24
2026-09-09T14:28:33.598,1788944313.5980,7705,3663,46.96,668,8.56
2026-09-09T14:28:33.598,1788944313.5980,7706,-2103,-26.96,700,8.97
2026-09-09T14:28:33.598,1788944313.5980,7707,3412,43.74,717,9.19
2026-09-09T14:28:33.613,1788944313.6139,7708,-1815,-23.27,726,9.31
2026-09-09T14:28:33.629,1788944313.6298,7709,3125,40.06,726,9.31
2026-09-09T14:28:33.642,1788944313.6424,7710,-3988,-51.13,111,1.42
2026-09-09T14:28:33.645,1788944313.6455,7711,2769,35.5,-521,-6.68
2026-09-09T14:28:33.661,1788944313.6612,7712,-3968,-50.87,-605,-7.76
2026-09-09T14:28:33.661,1788944313.6612,7713,2426,31.1,-686,-8.79
2026-09-09T14:28:33.677,1788944313.6771,7714,-3879,-49.73,-749,-9.6
2026-09-09T14:28:33.693,1788944313.6931,7715,2113,27.09,-805,-10.32
2026-09-09T14:28:33.693,1788944313.6931,7716,-3692,-47.33,-837,-10.73
2026-09-09T14:28:33.709,1788944313.7091,7717,1857,23.81,-854,-10.95
2026-09-09T14:28:33.726,1788944313.7269,7718,-3461,-44.37,-860,-11.03
2026-09-09T14:28:33.726,1788944313.7269,7719,1637,20.99,-857,-10.99
2026-09-09T14:28:33.742,1788944313.7425,7720,-3541,-45.4,-932,-11.95
2026-09-09T14:28:33.742,1788944313.7425,7721,5051,64.76,-99,-1.27
2026-09-09T14:28:33.756,1788944313.7569,7722,-3837,-49.19,681,8.73
2026-09-09T14:28:33.772,1788944313.7730,7723,5126,65.72,625,8.01
2026-09-09T14:28:33.772,1788944313.7730,7724,-3540,-45.38,718,9.21
2026-09-09T14:28:33.789,1788944313.7891,7725,5306,68.03,838,10.74
2026-09-09T14:28:33.789,1788944313.7891,7726,-3361,-43.09,927,11.88
2026-09-09T14:28:33.807,1788944313.8072,7727,5040,64.62,906,11.62
2026-09-09T14:28:33.821,1788944313.8213,7728,-3098,-39.72,905,11.6
2026-09-09T14:28:33.821,1788944313.8213,7729,4794,61.46,909,11.65
2026-09-09T14:28:33.841,1788944313.8414,7730,-6365,-81.6,31,0.4
2026-09-09T14:28:33.846,1788944313.8463,7731,4251,54.5,-922,-11.82
2026-09-09T14:28:33.869,1788944313.8693,7732,-6162,-79.0,-1007,-12.91
2026-09-09T14:28:33.869,1788944313.8693,7733,3682,47.21,-1098,-14.08
2026-09-09T14:28:33.869,1788944313.8693,7734,-5778,-74.08,-1144,-14.67
2026-09-09T14:28:33.885,1788944313.8851,7735,3117,39.96,-1190,-15.26
2026-09-09T14:28:33.901,1788944313.9012,7736,-5429,-69.6,-1244,-15.95
2026-09-09T14:28:33.901,1788944313.9012,7737,2623,33.63,-1280,-16.41
2026-09-09T14:28:33.917,1788944313.9174,7738,-4934,-63.26,-1280,-16.41
2026-09-09T14:28:33.933,1788944313.9335,7739,2151,27.58,-1274,-16.33
2026-09-09T14:28:33.936,1788944313.9367,7740,-4290,-55.0,-1231,-15.78
2026-09-09T14:28:33.949,1788944313.9493,7741,5277,67.65,-288,-3.69
2026-09-09T14:28:33.964,1788944313.9650,7742,-3706,-47.51,639,8.19
2026-09-09T14:28:33.964,1788944313.9650,7743,4761,61.04,656,8.41
2026-09-09T14:28:33.980,1788944313.9809,7744,-2982,-38.23,708,9.08
2026-09-09T14:28:33.980,1788944313.9809,7745,4219,54.09,754,9.67
2026-09-09T14:28:33.997,1788944313.9972,7746,-2425,-31.09,757,9.71
2026-09-09T14:28:34.012,1788944314.0130,7747,3663,46.96,758,9.72
2026-09-09T14:28:34.012,1788944314.0130,7748,-2124,-27.23,694,8.9
2026-09-09T14:28:34.028,1788944314.0288,7749,3385,43.4,700,8.97
2026-09-09T14:28:34.044,1788944314.0449,7750,-4397,-56.37,62,0.79
2026-09-09T14:28:34.044,1788944314.0449,7751,3081,39.5,-582,-7.46
2026-09-09T14:28:34.060,1788944314.0608,7752,-4508,-57.79,-686,-8.79
2026-09-09T14:28:34.060,1788944314.0608,7753,2783,35.68,-788,-10.1
2026-09-09T14:28:34.076,1788944314.0769,7754,-4491,-57.58,-859,-11.01
2026-09-09T14:28:34.092,1788944314.0928,7755,2259,28.96,-985,-12.63
2026-09-09T14:28:34.092,1788944314.0928,7756,-3965,-50.83,-985,-12.63
2026-09-09T14:28:34.108,1788944314.1089,7757,1936,24.82,-934,-11.97
2026-09-09T14:28:34.108,1788944314.1089,7758,-3768,-48.31,-966,-12.38
2026-09-09T14:28:34.125,1788944314.1251,7759,4431,56.81,-293,-3.76
2026-09-09T14:28:34.143,1788944314.1432,7760,-3464,-44.41,407,5.22
2026-09-09T14:28:34.143,1788944314.1432,7761,4556,58.41,514,6.59
2026-09-09T14:28:34.157,1788944314.1575,7762,-3256,-41.74,598,7.67
2026-09-09T14:28:34.173,1788944314.1732,7763,4528,58.05,643,8.24
2026-09-09T14:28:34.192,1788944314.1922,7764,-3005,-38.53,698,8.95
2026-09-09T14:28:34.194,1788944314.1943,7765,4415,56.6,733,9.4
2026-09-09T14:28:34.198,1788944314.1987,7766,-2695,-34.55,782,10.03
2026-09-09T14:28:34.204,1788944314.2048,7767,4117,52.78,785,10.06
2026-09-09T14:28:34.220,1788944314.2206,7768,-2339,-29.99,800,10.26
2026-09-09T14:28:34.220,1788944314.2206,7769,3781,48.47,805,10.32
2026-09-09T14:28:34.243,1788944314.2432,7770,-4854,-62.23,92,1.18
2026-09-09T14:28:34.252,1788944314.2523,7771,3370,43.21,-640,-8.21
2026-09-09T14:28:34.252,1788944314.2523,7772,-4797,-61.5,-728,-9.33
2026-09-09T14:28:34.268,1788944314.2683,7773,2971,38.09,-814,-10.44
2026-09-09T14:28:34.284,1788944314.2844,7774,-4660,-59.74,-879,-11.27
2026-09-09T14:28:34.300,1788944314.3004,7775,2577,33.04,-943,-12.09
2026-09-09T14:28:34.300,1788944314.3004,7776,-4408,-56.51,-979,-12.55
2026-09-09T14:28:34.316,1788944314.3163,7777,2213,28.37,-1007,-12.91
2026-09-09T14:28:34.316,1788944314.3163,7778,-4064,-52.1,-1012,-12.97
2026-09-09T14:28:34.333,1788944314.3331,7779,4733,60.68,-296,-3.79
2026-09-09T14:28:34.343,1788944314.3431,7780,-3619,-46.4,445,5.71
2026-09-09T14:28:34.348,1788944314.3490,7781,4705,60.32,550,7.05
2026-09-09T14:28:34.363,1788944314.3635,7782,-3208,-41.13,645,8.27
2026-09-09T14:28:34.363,1788944314.3635,7783,4552,58.36,710,9.1
2026-09-09T14:28:34.379,1788944314.3795,7784,-2834,-36.33,765,9.81
2026-09-09T14:28:34.379,1788944314.3795,7785,4318,55.36,800,10.26
2026-09-09T14:28:34.395,1788944314.3952,7786,-2433,-31.19,842,10.79
2026-09-09T14:28:34.410,1788944314.4109,7787,3974,50.95,856,10.97
2026-09-09T14:28:34.426,1788944314.4266,7788,-2130,-27.31,846,10.85
2026-09-09T14:28:34.426,1788944314.4266,7789,3629,46.53,835,10.71
2026-09-09T14:28:34.444,1788944314.4441,7790,-4685,-60.06,110,1.41
2026-09-09T14:28:34.444,1788944314.4441,7791,3277,42.01,-616,-7.9
2026-09-09T14:28:34.458,1788944314.4586,7792,-4781,-61.29,-728,-9.33
2026-09-09T14:28:34.474,1788944314.4748,7793,2911,37.32,-844,-10.82
2026-09-09T14:28:34.474,1788944314.4748,7794,-4643,-59.53,-901,-11.55
2026-09-09T14:28:34.490,1788944314.4906,7795,2562,32.85,-954,-12.23
2026-09-09T14:28:34.496,1788944314.4965,7796,-4423,-56.71,-986,-12.64
2026-09-09T14:28:34.506,1788944314.5065,7797,2218,28.44,-1017,-13.04
2026-09-09T14:28:34.522,1788944314.5226,7798,-4095,-52.5,-1021,-13.09
2026-09-09T14:28:34.522,1788944314.5226,7799,4794,61.46,-295,-3.78
2026-09-09T14:28:34.542,1788944314.5427,7800,-3746,-48.03,436,5.59
2026-09-09T14:28:34.546,1788944314.5462,7801,4759,61.01,515,6.6
2026-09-09T14:28:34.561,1788944314.5616,7802,-3413,-43.76,589,7.55
2026-09-09T14:28:34.570,1788944314.5707,7803,4672,59.9,651,8.35
2026-09-09T14:28:34.586,1788944314.5860,7804,-2994,-38.38,734,9.41
2026-09-09T14:28:34.586,1788944314.5860,7805,4498,57.67,795,10.19
2026-09-09T14:28:34.601,1788944314.6019,7806,-2653,-34.01,837,10.73
2026-09-09T14:28:34.601,1788944314.6019,7807,4171,53.47,840,10.77
2026-09-09T14:28:34.617,1788944314.6179,7808,-2297,-29.45,848,10.87
2026-09-09T14:28:34.617,1788944314.6179,7809,3778,48.44,838,10.74
2026-09-09T14:28:34.633,1788944314.6339,7810,-4869,-62.42,97,1.24
2026-09-09T14:28:34.650,1788944314.6500,7811,3414,43.77,-637,-8.17
2026-09-09T14:28:34.665,1788944314.6660,7812,-4761,-61.04,-701,-8.99
2026-09-09T14:28:34.665,1788944314.6660,7813,2967,38.04,-786,-10.08
2026-09-09T14:28:34.682,1788944314.6820,7814,-4628,-59.33,-864,-11.08
2026-09-09T14:28:34.682,1788944314.6820,7815,2597,33.29,-923,-11.83
2026-09-09T14:28:34.698,1788944314.6981,7816,-4373,-56.06,-952,-12.21
2026-09-09T14:28:34.713,1788944314.7140,7817,2264,29.03,-972,-12.46
2026-09-09T14:28:34.722,1788944314.7221,7818,-4073,-52.22,-980,-12.56
2026-09-09T14:28:34.731,1788944314.7316,7819,4768,61.13,-279,-3.58
2026-09-09T14:28:34.731,1788944314.7316,7820,-3545,-45.45,479,6.14
2026-09-09T14:28:34.746,1788944314.7462,7821,4655,59.68,583,7.47
2026-09-09T14:28:34.762,1788944314.7621,7822,-3134,-40.18,657,8.42
2026-09-09T14:28:34.762,1788944314.7621,7823,4574,58.64,740,9.49
2026-09-09T14:28:34.777,1788944314.7778,7824,-2792,-35.79,805,10.32
2026-09-09T14:28:34.793,1788944314.7939,7825,4302,55.15,823,10.55
2026-09-09T14:28:34.793,1788944314.7939,7826,-2444,-31.33,842,10.79
2026-09-09T14:28:34.809,1788944314.8097,7827,3954,50.69,842,10.79
2026-09-09T14:28:34.809,1788944314.8097,7828,-2197,-28.17,816,10.46
2026-09-09T14:28:34.825,1788944314.8254,7829,3559,45.63,779,9.99
2026-09-09T14:28:34.841,1788944314.8416,7830,-4731,-60.65,47,0.6
2026-09-09T14:28:34.857,1788944314.8576,7831,3260,41.79,-661,-8.47
2026-09-09T14:28:34.857,1788944314.8576,7832,-4731,-60.65,-736,-9.44
2026-09-09T14:28:34.873,1788944314.8733,7833,2921,37.45,-821,-10.53
2026-09-09T14:28:34.873,1788944314.8733,7834,-4601,-58.99,-873,-11.19
2026-09-09T14:28:34.889,1788944314.8891,7835,2583,33.12,-925,-11.86
2026-09-09T14:28:34.889,1788944314.8891,7836,-4366,-55.97,-951,-12.19
2026-09-09T14:28:34.904,1788944314.9048,7837,2191,28.09,-990,-12.69
2026-09-09T14:28:34.920,1788944314.9205,7838,-3990,-51.15,-994,-12.74
2026-09-09T14:28:34.920,1788944314.9205,7839,4714,60.44,-269,-3.45
2026-09-09T14:28:34.944,1788944314.9449,7840,-3589,-46.01,462,5.92
2026-09-09T14:28:34.952,1788944314.9525,7841,4635,59.42,542,6.95
2026-09-09T14:28:34.952,1788944314.9525,7842,-3245,-41.6,609,7.81
2026-09-09T14:28:34.968,1788944314.9686,7843,4555,58.4,675,8.65
2026-09-09T14:28:34.968,1788944314.9686,7844,-2827,-36.24,759,9.73
2026-09-09T14:28:34.984,1788944314.9846,7845,4309,55.24,802,10.28
2026-09-09T14:28:35.000,1788944315.0007,7846,-2482,-31.82,827,10.6
2026-09-09T14:28:35.000,1788944315.0007,7847,3997,51.24,835,10.71
2026-09-09T14:28:35.016,1788944315.0165,7848,-2095,-26.86,854,10.95
2026-09-09T14:28:35.032,1788944315.0323,7849,3648,46.77,863,11.06
2026-09-09T14:28:35.032,1788944315.0323,7850,-4630,-59.36,142,1.82
2026-09-09T14:28:35.048,1788944315.0485,7851,3303,42.35,-578,-7.41
2026-09-09T14:28:35.048,1788944315.0485,7852,-4563,-58.5,-647,-8.29
2026-09-09T14:28:35.064,1788944315.0646,7853,2907,37.27,-729,-9.35
2026-09-09T14:28:35.080,1788944315.0807,7854,-4395,-56.35,-786,-10.08
2026-09-09T14:28:35.096,1788944315.0966,7855,2548,32.67,-834,-10.69
2026-09-09T14:28:35.096,1788944315.0966,7856,-4122,-52.85,-856,-10.97
2026-09-09T14:28:35.096,1788944315.0966,7857,2218,28.44,-870,-11.15
2026-09-09T14:28:35.128,1788944315.1286,7858,-3899,-49.99,-897,-11.5
2026-09-09T14:28:35.128,1788944315.1286,7859,4957,63.55,-156,-2.0
2026-09-09T14:28:35.145,1788944315.1460,7860,-3625,-46.47,597,7.65
2026-09-09T14:28:35.145,1788944315.1460,7861,4928,63.18,658,8.44
2026-09-09T14:28:35.160,1788944315.1606,7862,-3334,-42.74,724,9.28
2026-09-09T14:28:35.160,1788944315.1606,7863,4906,62.9,791,10.14
2026-09-09T14:28:35.176,1788944315.1764,7864,-3057,-39.19,855,10.96
2026-09-09T14:28:35.193,1788944315.1938,7865,4782,61.31,893,11.45
2026-09-09T14:28:35.200,1788944315.2004,7866,-2761,-35.4,936,12.0
2026-09-09T14:28:35.207,1788944315.2080,7867,4501,57.71,940,12.05
2026-09-09T14:28:35.224,1788944315.2241,7868,-2399,-30.76,960,12.31
2026-09-09T14:28:35.224,1788944315.2241,7869,4159,53.32,965,12.37
2026-09-09T14:28:35.239,1788944315.2400,7870,-5241,-67.19,169,2.17
2026-09-09T14:28:35.245,1788944315.2460,7871,3845,49.29,-620,-7.95
2026-09-09T14:28:35.256,1788944315.2561,7872,-5535,-70.96,-772,-9.9
2026-09-09T14:28:35.272,1788944315.2721,7873,3649,46.78,-894,-11.46
2026-09-09T14:28:35.287,1788944315.2880,7874,-5815,-74.55,-1013,-12.99
2026-09-09T14:28:35.287,1788944315.2880,7875,3335,42.76,-1162,-14.9
2026-09-09T14:28:35.303,1788944315.3039,7876,-5771,-73.99,-1229,-15.76
2026-09-09T14:28:35.305,1788944315.3059,7877,2939,37.68,-1317,-16.88
2026-09-09T14:28:35.319,1788944315.3198,7878,-5569,-71.4,-1366,-17.51
2026-09-09T14:28:35.319,1788944315.3198,7879,6462,82.85,-435,-5.58
2026-09-09T14:28:35.335,1788944315.3358,7880,-5226,-67.0,532,6.82
2026-09-09T14:28:35.351,1788944315.3517,7881,6637,85.09,661,8.47
2026-09-09T14:28:35.351,1788944315.3517,7882,-4843,-62.09,801,10.27
2026-09-09T14:28:35.367,1788944315.3680,7883,6542,83.87,873,11.19
2026-09-09T14:28:35.367,1788944315.3680,7884,-4314,-55.31,981,12.58
2026-09-09T14:28:35.383,1788944315.3837,7885,6280,80.51,1048,13.44
2026-09-09T14:28:35.399,1788944315.3994,7886,-3800,-48.72,1111,14.24
2026-09-09T14:28:35.415,1788944315.4154,7887,5883,75.42,1140,14.62
2026-09-09T14:28:35.415,1788944315.4154,7888,-3344,-42.87,1155,14.81
2026-09-09T14:28:35.431,1788944315.4315,7889,5434,69.67,1157,14.83
2026-09-09T14:28:35.431,1788944315.4315,7890,-6904,-88.51,155,1.99
2026-09-09T14:28:35.447,1788944315.4476,7891,4852,62.21,-881,-11.29
2026-09-09T14:28:35.463,1788944315.4637,7892,-6692,-85.79,-973,-12.47
2026-09-09T14:28:35.463,1788944315.4637,7893,4108,52.67,-1106,-14.18
2026-09-09T14:28:35.479,1788944315.4797,7894,-6137,-78.68,-1154,-14.79
2026-09-09T14:28:35.479,1788944315.4797,7895,3331,42.71,-1209,-15.5
2026-09-09T14:28:35.495,1788944315.4955,7896,-5504,-70.56,-1245,-15.96
2026-09-09T14:28:35.511,1788944315.5113,7897,2454,31.46,-1306,-16.74
2026-09-09T14:28:35.511,1788944315.5113,7898,-4734,-60.69,-1333,-17.09
2026-09-09T14:28:35.527,1788944315.5275,7899,4954,63.51,-515,-6.6
2026-09-09T14:28:35.527,1788944315.5275,7900,-3906,-50.08,317,4.06
2026-09-09T14:28:35.560,1788944315.5609,7901,4536,58.15,419,5.37
2026-09-09T14:28:35.560,1788944315.5609,7902,-3609,-46.27,389,4.99
2026-09-09T14:28:35.575,1788944315.5752,7903,4529,58.06,461,5.91
2026-09-09T14:28:35.575,1788944315.5752,7904,-3151,-40.4,574,7.36
2026-09-09T14:28:35.590,1788944315.5909,7905,4330,55.51,639,8.19
2026-09-09T14:28:35.606,1788944315.6067,7906,-2763,-35.42,686,8.79
2026-09-09T14:28:35.606,1788944315.6067,7907,4049,51.91,713,9.14
2026-09-09T14:28:35.606,1788944315.6067,7908,-2345,-30.06,747,9.58
2026-09-09T14:28:35.624,1788944315.6249,7909,3698,47.41,764,9.79
2026-09-09T14:28:35.638,1788944315.6384,7910,-4852,-62.21,49,0.63
2026-09-09T14:28:35.654,1788944315.6543,7911,3311,42.45,-674,-8.64
2026-09-09T14:28:35.660,1788944315.6603,7912,-4780,-61.28,-753,-9.65
2026-09-09T14:28:35.670,1788944315.6702,7913,2948,37.79,-826,-10.59
2026-09-09T14:28:35.670,1788944315.6702,7914,-4618,-59.21,-876,-11.23
2026-09-09T14:28:35.685,1788944315.6859,7915,2562,32.85,-932,-11.95
2026-09-09T14:28:35.701,1788944315.7019,7916,-4383,-56.19,-970,-12.44
2026-09-09T14:28:35.701,1788944315.7019,7917,2254,28.9,-988,-12.67
2026-09-09T14:28:35.721,1788944315.7215,7918,-4070,-52.18,-987,-12.65
2026-09-09T14:28:35.734,1788944315.7347,7919,4810,61.67,-269,-3.45
2026-09-09T14:28:35.747,1788944315.7477,7920,-3702,-47.46,462,5.92
2026-09-09T14:28:35.749,1788944315.7494,7921,4819,61.78,556,7.13
2026-09-09T14:28:35.749,1788944315.7494,7922,-3306,-42.38,657,8.42
2026-09-09T14:28:35.765,1788944315.7655,7923,4662,59.77,717,9.19
2026-09-09T14:28:35.781,1788944315.7816,7924,-2964,-38.0,763,9.78
2026-09-09T14:28:35.781,1788944315.7816,7925,4432,56.82,791,10.14
2026-09-09T14:28:35.801,1788944315.8014,7926,-2622,-33.62,819,10.5
2026-09-09T14:28:35.801,1788944315.8014,7927,4072,52.21,815,10.45
2026-09-09T14:28:35.813,1788944315.8134,7928,-4809,-61.65,178,2.28
2026-09-09T14:28:35.829,1788944315.8292,7929,3681,47.19,-467,-5.99
2026-09-09T14:28:35.847,1788944315.8479,7930,-4829,-61.91,-569,-7.29
2026-09-09T14:28:35.847,1788944315.8479,7931,3261,41.81,-679,-8.71
2026-09-09T14:28:35.861,1788944315.8619,7932,-4753,-60.94,-765,-9.81
2026-09-09T14:28:35.861,1788944315.8619,7933,2855,36.6,-848,-10.87
2026-09-09T14:28:35.877,1788944315.8779,7934,-4599,-58.96,-911,-11.68
2026-09-09T14:28:35.893,1788944315.8937,7935,2486,31.87,-965,-12.37
2026-09-09T14:28:35.893,1788944315.8937,7936,-4347,-55.73,-994,-12.74
2026-09-09T14:28:35.909,1788944315.9095,7937,2139,27.42,-1018,-13.05
2026-09-09T14:28:35.909,1788944315.9095,7938,-4038,-51.77,-1027,-13.17
2026-09-09T14:28:35.925,1788944315.9259,7939,4707,60.35,-308,-3.95
2026-09-09T14:28:35.944,1788944315.9445,7940,-3644,-46.72,433,5.55
2026-09-09T14:28:35.947,1788944315.9479,7941,4648,59.59,516,6.62
2026-09-09T14:28:35.957,1788944315.9578,7942,-3216,-41.23,609,7.81
2026-09-09T14:28:35.973,1788944315.9735,7943,4567,58.55,695,8.91
2026-09-09T14:28:35.989,1788944315.9894,7944,-2846,-36.49,768,9.85
2026-09-09T14:28:35.989,1788944315.9894,7945,4409,56.53,821,10.53
2026-09-09T14:28:36.005,1788944316.0054,7946,-2482,-31.82,872,11.18
2026-09-09T14:28:36.005,1788944316.0054,7947,4068,52.15,878,11.26
2026-09-09T14:28:36.021,1788944316.0212,7948,-4669,-59.86,246,3.15
2026-09-09T14:28:36.021,1788944316.0212,7949,3695,47.37,-394,-5.05
2026-09-09T14:28:36.037,1788944316.0372,7950,-4711,-60.4,-498,-6.38
2026-09-09T14:28:36.048,1788944316.0481,7951,3302,42.33,-607,-7.78
2026-09-09T14:28:36.053,1788944316.0532,7952,-4680,-60.0,-697,-8.94
2026-09-09T14:28:36.068,1788944316.0690,7953,2919,37.42,-785,-10.06
2026-09-09T14:28:36.068,1788944316.0690,7954,-4559,-58.45,-851,-10.91
2026-09-09T14:28:36.085,1788944316.0850,7955,2529,32.42,-918,-11.77
2026-09-09T14:28:36.100,1788944316.1008,7956,-4347,-55.73,-962,-12.33
2026-09-09T14:28:36.116,1788944316.1165,7957,2170,27.82,-999,-12.81
2026-09-09T14:28:36.116,1788944316.1165,7958,-4043,-51.83,-1013,-12.99
2026-09-09T14:28:36.132,1788944316.1324,7959,4778,61.26,-285,-3.65
2026-09-09T14:28:36.132,1788944316.1324,7960,-3658,-46.9,463,5.94
2026-09-09T14:28:36.148,1788944316.1485,7961,4767,61.12,557,7.14
2026-09-09T14:28:36.164,1788944316.1646,7962,-3318,-42.54,639,8.19
2026-09-09T14:28:36.164,1788944316.1646,7963,4662,59.77,698,8.95
2026-09-09T14:28:36.180,1788944316.1805,7964,-2927,-37.53,769,9.86
2026-09-09T14:28:36.180,1788944316.1805,7965,4436,56.87,811,10.4
2026-09-09T14:28:36.196,1788944316.1966,7966,-2551,-32.71,848,10.87
2026-09-09T14:28:36.212,1788944316.2124,7967,4148,53.18,870,11.15
2026-09-09T14:28:36.212,1788944316.2124,7968,-4778,-61.26,241,3.09
2026-09-09T14:28:36.230,1788944316.2302,7969,3771,48.35,-410,-5.26
2026-09-09T14:28:36.230,1788944316.2302,7970,-4808,-61.64,-511,-6.55
2026-09-09T14:28:36.260,1788944316.2603,7971,3358,43.05,-622,-7.97
2026-09-09T14:28:36.260,1788944316.2603,7972,-4717,-60.47,-703,-9.01
2026-09-09T14:28:36.260,1788944316.2603,7973,2982,38.23,-774,-9.92
2026-09-09T14:28:36.276,1788944316.2763,7974,-4572,-58.62,-832,-10.67
2026-09-09T14:28:36.292,1788944316.2923,7975,2608,33.44,-889,-11.4
2026-09-09T14:28:36.292,1788944316.2923,7976,-4302,-55.15,-915,-11.73
2026-09-09T14:28:36.308,1788944316.3084,7977,2266,29.05,-933,-11.96
2026-09-09T14:28:36.324,1788944316.3242,7978,-4007,-51.37,-945,-12.12
2026-09-09T14:28:36.324,1788944316.3242,7979,4885,62.63,-216,-2.77
2026-09-09T14:28:36.340,1788944316.3403,7980,-3687,-47.27,519,6.65
2026-09-09T14:28:36.356,1788944316.3562,7981,5385,69.04,724,9.28
2026-09-09T14:28:36.356,1788944316.3562,7982,-3993,-51.19,772,9.9
2026-09-09T14:28:36.356,1788944316.3562,7983,5574,71.46,743,9.53
2026-09-09T14:28:36.372,1788944316.3723,7984,-3790,-48.59,841,10.78
2026-09-09T14:28:36.388,1788944316.3883,7985,5496,70.46,872,11.18
2026-09-09T14:28:36.403,1788944316.4040,7986,-3428,-43.95,943,12.09
2026-09-09T14:28:36.403,1788944316.4040,7987,5252,67.33,973,12.47
2026-09-09T14:28:36.419,1788944316.4196,7988,-5924,-75.95,288,3.69
2026-09-09T14:28:36.435,1788944316.4355,7989,4783,61.32,-454,-5.82
2026-09-09T14:28:36.435,1788944316.4355,7990,-5945,-76.22,-576,-7.38
2026-09-09T14:28:36.451,1788944316.4514,7991,4326,55.46,-696,-8.92
2026-09-09T14:28:36.451,1788944316.4514,7992,-5797,-74.32,-773,-9.91
2026-09-09T14:28:36.474,1788944316.4740,7993,3849,49.35,-855,-10.96
2026-09-09T14:28:36.483,1788944316.4831,7994,-5648,-72.41,-937,-12.01
2026-09-09T14:28:36.483,1788944316.4831,7995,3411,43.73,-1009,-12.94
2026-09-09T14:28:36.498,1788944316.4990,7996,-5441,-69.76,-1067,-13.68
2026-09-09T14:28:36.498,1788944316.4990,7997,3022,38.74,-1113,-14.27
2026-09-09T14:28:36.514,1788944316.5147,7998,-5116,-65.59,-1129,-14.47
2026-09-09T14:28:36.530,1788944316.5306,7999,5986,76.74,-306,-3.92
2026-09-09T14:28:36.546,1788944316.5464,8000,-4803,-61.58,513,6.58
2026-09-09T14:28:36.550,1788944316.5506,8001,6054,77.62,608,7.79
2026-09-09T14:28:36.565,1788944316.5653,8002,-4427,-56.76,719,9.22
2026-09-09T14:28:36.577,1788944316.5780,8003,6017,77.14,804,10.31
2026-09-09T14:28:36.577,1788944316.5780,8004,-4032,-51.69,893,11.45
2026-09-09T14:28:36.577,1788944316.5780,8005,5814,74.54,941,12.06
2026-09-09T14:28:36.594,1788944316.5942,8006,-3604,-46.21,998,12.79
2026-09-09T14:28:36.610,1788944316.6104,8007,5476,70.21,1020,13.08
2026-09-09T14:28:36.610,1788944316.6104,8008,-5969,-76.53,344,4.41
2026-09-09T14:28:36.626,1788944316.6262,8009,4958,63.56,-376,-4.82
2026-09-09T14:28:36.641,1788944316.6419,8010,-5895,-75.58,-487,-6.24
2026-09-09T14:28:36.650,1788944316.6506,8011,4293,55.04,-635,-8.14
2026-09-09T14:28:36.657,1788944316.6578,8012,-5227,-67.01,-634,-8.13
2026-09-09T14:28:36.673,1788944316.6735,8013,3275,41.99,-722,-9.26
2026-09-09T14:28:36.689,1788944316.6895,8014,-4577,-58.68,-814,-10.44
2026-09-09T14:28:36.689,1788944316.6895,8015,2640,33.85,-810,-10.38
2026-09-09T14:28:36.689,1788944316.6895,8016,-4202,-53.87,-875,-11.22
2026-09-09T14:28:36.709,1788944316.7098,8017,2286,29.31,-870,-11.15
2026-09-09T14:28:36.722,1788944316.7230,8018,-3931,-50.4,-891,-11.42
2026-09-09T14:28:36.722,1788944316.7230,8019,4772,61.18,-201,-2.58
2026-09-09T14:28:36.737,1788944316.7375,8020,-3524,-45.18,522,6.69
2026-09-09T14:28:36.753,1788944316.7535,8021,4740,60.77,616,7.9
2026-09-09T14:28:36.753,1788944316.7535,8022,-3185,-40.83,692,8.87
2026-09-09T14:28:36.769,1788944316.7692,8023,4598,58.95,742,9.51
2026-09-09T14:28:36.769,1788944316.7692,8024,-2808,-36.0,800,10.26
2026-09-09T14:28:36.785,1788944316.7856,8025,4350,55.77,833,10.68
2026-09-09T14:28:36.801,1788944316.8019,8026,-2453,-31.45,859,11.01
2026-09-09T14:28:36.817,1788944316.8176,8027,4013,51.45,864,11.08
2026-09-09T14:28:36.817,1788944316.8176,8028,-4593,-58.88,245,3.14
2026-09-09T14:28:36.833,1788944316.8335,8029,3659,46.91,-379,-4.86
2026-09-09T14:28:36.833,1788944316.8335,8030,-4651,-59.63,-482,-6.18
2026-09-09T14:28:36.851,1788944316.8511,8031,3310,42.44,-584,-7.49
2026-09-09T14:28:36.851,1788944316.8511,8032,-4636,-59.44,-667,-8.55
2026-09-09T14:28:36.865,1788944316.8656,8033,2979,38.19,-746,-9.56
2026-09-09T14:28:36.881,1788944316.8815,8034,-4519,-57.94,-800,-10.26
2026-09-09T14:28:36.881,1788944316.8815,8035,2576,33.03,-871,-11.17
2026-09-09T14:28:36.897,1788944316.8973,8036,-4281,-54.88,-912,-11.69
2026-09-09T14:28:36.913,1788944316.9135,8037,2236,28.67,-938,-12.03
2026-09-09T14:28:36.913,1788944316.9135,8038,-3961,-50.78,-943,-12.09
2026-09-09T14:28:36.929,1788944316.9294,8039,4867,62.4,-205,-2.63
2026-09-09T14:28:36.929,1788944316.9294,8040,-3641,-46.68,533,6.83
2026-09-09T14:28:36.951,1788944316.9513,8041,4839,62.04,606,7.77
2026-09-09T14:28:36.960,1788944316.9608,8042,-3278,-42.03,689,8.83
2026-09-09T14:28:36.976,1788944316.9766,8043,4721,60.53,751,9.63
2026-09-09T14:28:36.976,1788944316.9766,8044,-2901,-37.19,815,10.45
2026-09-09T14:28:37.000,1788944317.0002,8045,4470,57.31,847,10.86
2026-09-09T14:28:37.000,1788944317.0002,8046,-2553,-32.73,871,11.17
2026-09-09T14:28:37.009,1788944317.0091,8047,4129,52.94,873,11.19
2026-09-09T14:28:37.009,1788944317.0091,8048,-4761,-61.04,236,3.03
2026-09-09T14:28:37.023,1788944317.0240,8049,3768,48.31,-407,-5.22
2026-09-09T14:28:37.039,1788944317.0400,8050,-4803,-61.58,-507,-6.5
2026-09-09T14:28:37.055,1788944317.0558,8051,3383,43.37,-614,-7.87
2026-09-09T14:28:37.055,1788944317.0558,8052,-4752,-60.92,-698,-8.95
2026-09-09T14:28:37.072,1788944317.0722,8053,2987,38.29,-784,-10.05
2026-09-09T14:28:37.072,1788944317.0722,8054,-4586,-58.79,-841,-10.78
2026-09-09T14:28:37.088,1788944317.0885,8055,2621,33.6,-891,-11.42
2026-09-09T14:28:37.104,1788944317.1043,8056,-4324,-55.44,-917,-11.76
2026-09-09T14:28:37.104,1788944317.1043,8057,2280,29.23,-937,-12.01
2026-09-09T14:28:37.120,1788944317.1205,8058,-3977,-50.99,-936,-12.0
2026-09-09T14:28:37.120,1788944317.1205,8059,4895,62.76,-195,-2.5
2026-09-09T14:28:37.137,1788944317.1378,8060,-3605,-46.22,552,7.08
2026-09-09T14:28:37.152,1788944317.1524,8061,4823,61.83,627,8.04
2026-09-09T14:28:37.152,1788944317.1524,8062,-3226,-41.36,703,9.01
2026-09-09T14:28:37.168,1788944317.1683,8063,4725,60.58,774,9.92
2026-09-09T14:28:37.184,1788944317.1844,8064,-2873,-36.83,837,10.73
2026-09-09T14:28:37.184,1788944317.1844,8065,4441,56.94,855,10.96
2026-09-09T14:28:37.200,1788944317.2001,8066,-2506,-32.13,875,11.22
2026-09-09T14:28:37.200,1788944317.2001,8067,4096,52.51,881,11.29
2026-09-09T14:28:37.215,1788944317.2159,8068,-4730,-60.64,239,3.06
2026-09-09T14:28:37.231,1788944317.2317,8069,3727,47.78,-410,-5.26
2026-09-09T14:28:37.231,1788944317.2317,8070,-4775,-61.22,-513,-6.58
2026-09-09T14:28:37.251,1788944317.2513,8071,3334,42.74,-623,-7.99
2026-09-09T14:28:37.263,1788944317.2633,8072,-4696,-60.21,-701,-8.99
2026-09-09T14:28:37.263,1788944317.2633,8073,2915,37.37,-786,-10.08
2026-09-09T14:28:37.279,1788944317.2790,8074,-4539,-58.19,-852,-10.92
2026-09-09T14:28:37.279,1788944317.2790,8075,2557,32.78,-902,-11.56
2026-09-09T14:28:37.295,1788944317.2951,8076,-4296,-55.08,-931,-11.94
2026-09-09T14:28:37.311,1788944317.3111,8077,2213,28.37,-956,-12.26
2026-09-09T14:28:37.311,1788944317.3111,8078,-3976,-50.97,-962,-12.33
2026-09-09T14:28:37.326,1788944317.3269,8079,4832,61.95,-227,-2.91
2026-09-09T14:28:37.326,1788944317.3269,8080,-3600,-46.15,522,6.69
2026-09-09T14:28:37.351,1788944317.3516,8081,4784,61.33,604,7.74
2026-09-09T14:28:37.374,1788944317.3749,8082,-3232,-41.44,684,8.77
2026-09-09T14:28:37.374,1788944317.3749,8083,4647,59.58,741,9.5
2026-09-09T14:28:37.374,1788944317.3749,8084,-2887,-37.01,793,10.17
2026-09-09T14:28:37.390,1788944317.3908,8085,4440,56.92,828,10.62
2026-09-09T14:28:37.390,1788944317.3908,8086,-2702,-34.64,822,10.54
2026-09-09T14:28:37.406,1788944317.4069,8087,4320,55.38,839,10.76
2026-09-09T14:28:37.423,1788944317.4230,8088,-5299,-67.94,159,2.04
2026-09-09T14:28:37.423,1788944317.4230,8089,4365,55.96,-479,-6.14
2026-09-09T14:28:37.439,1788944317.4390,8090,-5920,-75.9,-623,-7.99
2026-09-09T14:28:37.453,1788944317.4532,8091,4295,55.06,-795,-10.19
2026-09-09T14:28:37.463,1788944317.4633,8092,-6247,-80.09,-895,-11.47
2026-09-09T14:28:37.464,1788944317.4643,8093,4049,51.91,-1038,-13.31
2026-09-09T14:28:37.480,1788944317.4801,8094,-6152,-78.87,-1076,-13.79
2026-09-09T14:28:37.480,1788944317.4801,8095,3632,46.56,-1156,-14.82
2026-09-09T14:28:37.511,1788944317.5118,8096,-5851,-75.01,-1185,-15.19
2026-09-09T14:28:37.511,1788944317.5118,8097,3221,41.29,-1213,-15.55
2026-09-09T14:28:37.511,1788944317.5118,8098,-5525,-70.83,-1234,-15.82
2026-09-09T14:28:37.527,1788944317.5278,8099,6295,80.71,-384,-4.92
2026-09-09T14:28:37.544,1788944317.5441,8100,-5059,-64.86,501,6.42
2026-09-09T14:28:37.551,1788944317.5517,8101,6295,80.71,618,7.92
2026-09-09T14:28:37.560,1788944317.5607,8102,-4635,-59.42,724,9.28
2026-09-09T14:28:37.560,1788944317.5607,8103,6138,78.69,790,10.13
2026-09-09T14:28:37.585,1788944317.5857,8104,-4171,-53.47,867,11.12
2026-09-09T14:28:37.591,1788944317.5913,8105,5867,75.22,915,11.73
2026-09-09T14:28:37.591,1788944317.5913,8106,-3723,-47.73,960,12.31
2026-09-09T14:28:37.607,1788944317.6073,8107,5458,69.97,969,12.42
2026-09-09T14:28:37.607,1788944317.6073,8108,-6023,-77.22,292,3.74
2026-09-09T14:28:37.623,1788944317.6231,8109,4957,63.55,-408,-5.23
2026-09-09T14:28:37.652,1788944317.6521,8110,-5960,-76.41,-518,-6.64
2026-09-09T14:28:37.654,1788944317.6549,8111,4396,56.36,-642,-8.23
2026-09-09T14:28:37.654,1788944317.6549,8112,-5675,-72.76,-711,-9.12
2026-09-09T14:28:37.670,1788944317.6707,8113,3813,48.88,-786,-10.08
2026-09-09T14:28:37.670,1788944317.6707,8114,-5225,-66.99,-819,-10.5
2026-09-09T14:28:37.686,1788944317.6868,8115,3227,41.37,-853,-10.94
2026-09-09T14:28:37.702,1788944317.7028,8116,-4730,-60.64,-876,-11.23
2026-09-09T14:28:37.702,1788944317.7028,8117,4901,62.83,-333,-4.27
2026-09-09T14:28:37.721,1788944317.7217,8118,-4112,-52.72,240,3.08
2026-09-09T14:28:37.721,1788944317.7217,8119,4797,61.5,368,4.72
2026-09-09T14:28:37.735,1788944317.7358,8120,-3838,-49.21,411,5.27
2026-09-09T14:28:37.752,1788944317.7524,8121,4846,62.13,491,6.29
2026-09-09T14:28:37.752,1788944317.7524,8122,-3382,-43.36,618,7.92
2026-09-09T14:28:37.766,1788944317.7666,8123,4702,60.28,696,8.92
2026-09-09T14:28:37.782,1788944317.7824,8124,-2983,-38.24,759,9.73
2026-09-09T14:28:37.798,1788944317.7985,8125,4455,57.12,797,10.22
2026-09-09T14:28:37.798,1788944317.7985,8126,-2603,-33.37,831,10.65
2026-09-09T14:28:37.814,1788944317.8142,8127,4115,52.76,841,10.78
2026-09-09T14:28:37.814,1788944317.8142,8128,-4878,-62.54,187,2.4
2026-09-09T14:28:37.830,1788944317.8301,8129,3715,47.63,-482,-6.18
2026-09-09T14:28:37.830,1788944317.8301,8130,-4855,-62.24,-576,-7.38
2026-09-09T14:28:37.852,1788944317.8525,8131,3299,42.29,-674,-8.64
2026-09-09T14:28:37.862,1788944317.8621,8132,-4731,-60.65,-747,-9.58
2026-09-09T14:28:37.862,1788944317.8621,8133,2924,37.49,-810,-10.38
2026-09-09T14:28:37.877,1788944317.8778,8134,-4561,-58.47,-861,-11.04
2026-09-09T14:28:37.893,1788944317.8938,8135,2550,32.69,-912,-11.69
2026-09-09T14:28:37.893,1788944317.8938,8136,-4266,-54.69,-932,-11.95
2026-09-09T14:28:37.909,1788944317.9096,8137,4832,61.95,-288,-3.69
2026-09-09T14:28:37.933,1788944317.9339,8138,-3915,-50.19,370,4.74
2026-09-09T14:28:37.933,1788944317.9339,8139,4861,62.32,465,5.96
2026-09-09T14:28:37.941,1788944317.9416,8140,-3571,-45.78,559,7.17
2026-09-09T14:28:37.957,1788944317.9576,8141,4796,61.49,628,8.05
2026-09-09T14:28:37.959,1788944317.9596,8142,-3196,-40.97,706,9.05
2026-09-09T14:28:37.973,1788944317.9737,8143,4630,59.36,758,9.72
2026-09-09T14:28:37.973,1788944317.9737,8144,-2827,-36.24,809,10.37
2026-09-09T14:28:37.989,1788944317.9897,8145,4375,56.09,837,10.73
2026-09-09T14:28:37.989,1788944317.9897,8146,-2495,-31.99,857,10.99
2026-09-09T14:28:38.005,1788944318.0060,8147,4046,51.87,857,10.99
2026-09-09T14:28:38.022,1788944318.0221,8148,-4799,-61.53,199,2.55
2026-09-09T14:28:38.022,1788944318.0221,8149,3674,47.1,-470,-6.03
2026-09-09T14:28:38.038,1788944318.0381,8150,-4832,-61.95,-571,-7.32
2026-09-09T14:28:38.038,1788944318.0381,8151,3305,42.37,-672,-8.62
2026-09-09T14:28:38.069,1788944318.0698,8152,-4752,-60.92,-744,-9.54
2026-09-09T14:28:38.069,1788944318.0698,8153,2934,37.62,-817,-10.47
2026-09-09T14:28:38.069,1788944318.0698,8154,-4591,-58.86,-869,-11.14
2026-09-09T14:28:38.086,1788944318.0861,8155,2580,33.08,-917,-11.76
2026-09-09T14:28:38.101,1788944318.1020,8156,-4312,-55.28,-936,-12.0
2026-09-09T14:28:38.101,1788944318.1020,8157,4915,63.01,-283,-3.63
2026-09-09T14:28:38.117,1788944318.1177,8158,-3984,-51.08,383,4.91
2026-09-09T14:28:38.117,1788944318.1177,8159,4915,63.01,465,5.96
2026-09-09T14:28:38.133,1788944318.1338,8160,-3621,-46.42,556,7.13
2026-09-09T14:28:38.149,1788944318.1497,8161,4855,62.24,632,8.1
2026-09-09T14:28:38.152,1788944318.1527,8162,-3246,-41.62,710,9.1
2026-09-09T14:28:38.165,1788944318.1657,8163,4713,60.42,769,9.86
2026-09-09T14:28:38.181,1788944318.1816,8164,-2860,-36.67,830,10.64
2026-09-09T14:28:38.181,1788944318.1816,8165,4433,56.83,856,10.97
2026-09-09T14:28:38.197,1788944318.1978,8166,-2537,-32.53,867,11.12
2026-09-09T14:28:38.213,1788944318.2138,8167,4085,52.37,861,11.04
2026-09-09T14:28:38.213,1788944318.2138,8168,-4825,-61.86,202,2.59
2026-09-09T14:28:38.229,1788944318.2295,8169,3711,47.58,-464,-5.95
2026-09-09T14:28:38.245,1788944318.2456,8170,-4806,-61.62,-553,-7.09
2026-09-09T14:28:38.252,1788944318.2529,8171,3311,42.45,-648,-8.31
2026-09-09T14:28:38.261,1788944318.2614,8172,-4731,-60.65,-729,-9.35
2026-09-09T14:28:38.261,1788944318.2614,8173,2895,37.12,-814,-10.44
2026-09-09T14:28:38.277,1788944318.2772,8174,-4545,-58.27,-872,-11.18
2026-09-09T14:28:38.293,1788944318.2932,8175,2522,32.33,-919,-11.78
2026-09-09T14:28:38.293,1788944318.2932,8176,-4242,-54.38,-936,-12.0
2026-09-09T14:28:38.309,1788944318.3091,8177,4828,61.9,-284,-3.64
2026-09-09T14:28:38.309,1788944318.3091,8178,-3915,-50.19,374,4.79
2026-09-09T14:28:38.324,1788944318.3248,8179,4844,62.1,460,5.9
2026-09-09T14:28:38.353,1788944318.3531,8180,-3515,-45.06,564,7.23
2026-09-09T14:28:38.356,1788944318.3567,8181,4756,60.97,642,8.23
2026-09-09T14:28:38.356,1788944318.3567,8182,-3148,-40.36,712,9.13
2026-09-09T14:28:38.372,1788944318.3727,8183,4586,58.79,761,9.76
2026-09-09T14:28:38.372,1788944318.3727,8184,-2774,-35.56,812,10.41
2026-09-09T14:28:38.388,1788944318.3888,8185,4283,54.91,830,10.64
2026-09-09T14:28:38.388,1788944318.3888,8186,-2383,-30.55,852,10.92
2026-09-09T14:28:38.404,1788944318.4049,8187,3934,50.44,862,11.05
2026-09-09T14:28:38.420,1788944318.4207,8188,-4718,-60.49,191,2.45
2026-09-09T14:28:38.420,1788944318.4207,8189,3557,45.6,-487,-6.24
2026-09-09T14:28:38.436,1788944318.4369,8190,-4700,-60.26,-576,-7.38
2026-09-09T14:28:38.453,1788944318.4533,8191,3141,40.27,-676,-8.67
2026-09-09T14:28:38.453,1788944318.4533,8192,-4576,-58.67,-749,-9.6
2026-09-09T14:28:38.468,1788944318.4685,8193,2758,35.36,-814,-10.44
2026-09-09T14:28:38.484,1788944318.4843,8194,-4402,-56.44,-866,-11.1
2026-09-09T14:28:38.484,1788944318.4843,8195,2365,30.32,-921,-11.81
2026-09-09T14:28:38.500,1788944318.5001,8196,-4139,-53.06,-953,-12.22
2026-09-09T14:28:38.516,1788944318.5160,8197,4707,60.35,-302,-3.87
2026-09-09T14:28:38.516,1788944318.5160,8198,-3795,-48.65,370,4.74
2026-09-09T14:28:38.532,1788944318.5322,8199,4712,60.41,457,5.86
2026-09-09T14:28:38.532,1788944318.5322,8200,-3435,-44.04,548,7.03
2026-09-09T14:28:38.552,1788944318.5528,8201,4636,59.44,619,7.94
2026-09-09T14:28:38.564,1788944318.5641,8202,-3064,-39.28,693,8.88
2026-09-09T14:28:38.565,1788944318.5658,8203,4490,57.56,749,9.6
2026-09-09T14:28:38.579,1788944318.5798,8204,-2702,-34.64,803,10.29
2026-09-09T14:28:38.579,1788944318.5798,8205,4211,53.99,824,10.56
2026-09-09T14:28:38.595,1788944318.5956,8206,-2386,-30.59,833,10.68
2026-09-09T14:28:38.611,1788944318.6114,8207,3895,49.94,833,10.68
2026-09-09T14:28:38.627,1788944318.6275,8208,-4725,-60.58,169,2.17
2026-09-09T14:28:38.627,1788944318.6275,8209,3510,45.0,-512,-6.56
2026-09-09T14:28:38.643,1788944318.6435,8210,-4754,-60.95,-615,-7.88
2026-09-09T14:28:38.654,1788944318.6540,8211,3143,40.29,-714,-9.15
2026-09-09T14:28:38.661,1788944318.6617,8212,-4666,-59.82,-784,-10.05
2026-09-09T14:28:38.661,1788944318.6617,8213,2760,35.38,-858,-11.0
2026-09-09T14:28:38.675,1788944318.6755,8214,-4480,-57.44,-907,-11.63
2026-09-09T14:28:38.691,1788944318.6913,8215,2403,30.81,-950,-12.18
2026-09-09T14:28:38.691,1788944318.6913,8216,-4212,-54.0,-972,-12.46
2026-09-09T14:28:38.707,1788944318.7072,8217,4742,60.79,-320,-4.1
2026-09-09T14:28:38.725,1788944318.7251,8218,-3887,-49.83,346,4.44
2026-09-09T14:28:38.725,1788944318.7251,8219,4776,61.23,436,5.59
2026-09-09T14:28:38.739,1788944318.7392,8220,-3515,-45.06,537,6.88
2026-09-09T14:28:38.739,1788944318.7392,8221,4704,60.31,612,7.85
2026-09-09T14:28:38.770,1788944318.7704,8222,-3131,-40.14,690,8.85
2026-09-09T14:28:38.770,1788944318.7704,8223,4559,58.45,750,9.62
2026-09-09T14:28:38.770,1788944318.7704,8224,-2749,-35.24,809,10.37
2026-09-09T14:28:38.786,1788944318.7865,8225,4276,54.82,834,10.69
2026-09-09T14:28:38.802,1788944318.8024,8226,-2385,-30.58,854,10.95
2026-09-09T14:28:38.802,1788944318.8024,8227,3943,50.55,862,11.05
2026-09-09T14:28:38.818,1788944318.8181,8228,-4737,-60.73,191,2.45
2026-09-09T14:28:38.834,1788944318.8342,8229,3550,45.51,-496,-6.36
2026-09-09T14:28:38.834,1788944318.8342,8230,-4771,-61.17,-602,-7.72
2026-09-09T14:28:38.850,1788944318.8501,8231,3182,40.79,-703,-9.01
2026-09-09T14:28:38.855,1788944318.8557,8232,-4655,-59.68,-766,-9.82
2026-09-09T14:28:38.865,1788944318.8658,8233,2783,35.68,-837,-10.73
2026-09-09T14:28:38.881,1788944318.8817,8234,-4477,-57.4,-892,-11.44
2026-09-09T14:28:38.897,1788944318.8976,8235,2426,31.1,-937,-12.01
2026-09-09T14:28:38.897,1788944318.8976,8236,-4173,-53.5,-950,-12.18
2026-09-09T14:28:38.913,1788944318.9136,8237,4760,61.03,-290,-3.72
2026-09-09T14:28:38.913,1788944318.9136,8238,-3825,-49.04,380,4.87
2026-09-09T14:28:38.929,1788944318.9293,8239,4805,61.6,478,6.13
2026-09-09T14:28:38.944,1788944318.9450,8240,-3462,-44.38,580,7.44
2026-09-09T14:28:38.944,1788944318.9450,8241,4729,60.63,652,8.36
2026-09-09T14:28:38.963,1788944318.9631,8242,-3067,-39.32,732,9.38
2026-09-09T14:28:38.963,1788944318.9631,8243,4519,57.94,778,9.97
2026-09-09T14:28:38.977,1788944318.9770,8244,-2682,-34.38,822,10.54
2026-09-09T14:28:38.993,1788944318.9930,8245,4231,54.24,846,10.85
2026-09-09T14:28:38.993,1788944318.9930,8246,-2326,-29.82,863,11.06
2026-09-09T14:28:39.009,1788944319.0091,8247,3866,49.56,861,11.04
2026-09-09T14:28:39.009,1788944319.0091,8248,-4678,-59.97,182,2.33
2026-09-09T14:28:39.041,1788944319.0410,8249,3449,44.22,-511,-6.55
2026-09-09T14:28:39.041,1788944319.0410,8250,-4619,-59.22,-600,-7.69
2026-09-09T14:28:39.041,1788944319.0410,8251,3041,38.99,-687,-8.81
2026-09-09T14:28:39.057,1788944319.0571,8252,-4431,-56.81,-742,-9.51
2026-09-09T14:28:39.073,1788944319.0733,8253,2637,33.81,-796,-10.21
2026-09-09T14:28:39.073,1788944319.0733,8254,-6514,-83.51,-1418,-18.18
2026-09-09T14:28:39.089,1788944319.0891,8255,3906,50.08,-1622,-20.79
2026-09-09T14:28:39.104,1788944319.1047,8256,-6067,-77.78,-1193,-15.29
2026-09-09T14:28:39.104,1788944319.1047,8257,6879,88.19,-338,-4.33
2026-09-09T14:28:39.120,1788944319.1209,8258,-5351,-68.6,585,7.5
2026-09-09T14:28:39.120,1788944319.1209,8259,6617,84.83,698,8.95
2026-09-09T14:28:39.136,1788944319.1365,8260,-4799,-61.53,771,9.88
2026-09-09T14:28:39.136,1788944319.1365,8261,6539,83.83,889,11.4
2026-09-09T14:28:39.168,1788944319.1685,8262,-4317,-55.35,990,12.69
2026-09-09T14:28:39.168,1788944319.1685,8263,6308,80.87,1053,13.5
2026-09-09T14:28:39.184,1788944319.1846,8264,-3900,-50.0,1099,14.09
2026-09-09T14:28:39.184,1788944319.1846,8265,5855,75.06,1090,13.97
2026-09-09T14:28:39.200,1788944319.2003,8266,-3400,-43.59,1102,14.13
2026-09-09T14:28:39.216,1788944319.2163,8267,5429,69.6,1121,14.37
2026-09-09T14:28:39.216,1788944319.2163,8268,-6294,-80.69,291,3.73
2026-09-09T14:28:39.231,1788944319.2320,8269,4802,61.56,-590,-7.56
2026-09-09T14:28:39.231,1788944319.2320,8270,-6380,-81.79,-768,-9.85
2026-09-09T14:28:39.248,1788944319.2481,8271,4425,56.73,-884,-11.33
2026-09-09T14:28:39.263,1788944319.2639,8272,-6384,-81.85,-979,-12.55
2026-09-09T14:28:39.263,1788944319.2639,8273,3937,50.47,-1102,-14.13
2026-09-09T14:28:39.279,1788944319.2800,8274,-6261,-80.27,-1193,-15.29
2026-09-09T14:28:39.279,1788944319.2800,8275,3444,44.15,-1286,-16.49
2026-09-09T14:28:39.315,1788944319.3151,8276,-5899,-75.63,-1318,-16.9
2026-09-09T14:28:39.315,1788944319.3151,8277,6603,84.65,-438,-5.62
2026-09-09T14:28:39.315,1788944319.3151,8278,-5453,-69.91,463,5.94
2026-09-09T14:28:39.327,1788944319.3280,8279,6715,86.09,603,7.73
2026-09-09T14:28:39.343,1788944319.3437,8280,-4996,-64.05,745,9.55
2026-09-09T14:28:39.343,1788944319.3437,8281,6727,86.24,862,11.05
2026-09-09T14:28:39.359,1788944319.3599,8282,-4524,-58.0,983,12.6
2026-09-09T14:28:39.359,1788944319.3599,8283,6544,83.9,1055,13.53
2026-09-09T14:28:39.375,1788944319.3759,8284,-4027,-51.63,1134,14.54
2026-09-09T14:28:39.391,1788944319.3918,8285,6255,80.19,1186,15.21
2026-09-09T14:28:39.391,1788944319.3918,8286,-3707,-47.53,1194,15.31
2026-09-09T14:28:39.407,1788944319.4077,8287,6156,78.92,1249,16.01
2026-09-09T14:28:39.407,1788944319.4077,8288,-7238,-92.79,341,4.37
2026-09-09T14:28:39.423,1788944319.4238,8289,5509,70.63,-703,-9.01
2026-09-09T14:28:39.439,1788944319.4396,8290,-7659,-98.19,-970,-12.44
2026-09-09T14:28:39.456,1788944319.4570,8291,4624,59.28,-1297,-16.63
2026-09-09T14:28:39.456,1788944319.4570,8292,-4363,-55.94,-694,-8.9
2026-09-09T14:28:39.471,1788944319.4714,8293,2816,36.1,-322,-4.13
2026-09-09T14:28:39.471,1788944319.4714,8294,-4363,-55.94,-774,-9.92
2026-09-09T14:28:39.487,1788944319.4875,8295,2335,29.94,-894,-11.46
2026-09-09T14:28:39.503,1788944319.5031,8296,-4104,-52.62,-950,-12.18
2026-09-09T14:28:39.503,1788944319.5031,8297,4694,60.18,-295,-3.78
2026-09-09T14:28:39.519,1788944319.5192,8298,-3839,-49.22,361,4.63
2026-09-09T14:28:39.519,1788944319.5192,8299,4712,60.41,432,5.54
2026-09-09T14:28:39.535,1788944319.5354,8300,-3493,-44.78,523,6.71
2026-09-09T14:28:39.553,1788944319.5535,8301,4617,59.19,585,7.5
2026-09-09T14:28:39.559,1788944319.5596,8302,-3113,-39.91,657,8.42
2026-09-09T14:28:39.567,1788944319.5680,8303,4412,56.56,700,8.97
2026-09-09T14:28:39.583,1788944319.5831,8304,-2763,-35.42,737,9.45
2026-09-09T14:28:39.598,1788944319.5990,8305,4126,52.9,753,9.65
2026-09-09T14:28:39.605,1788944319.6051,8306,-4740,-60.77,187,2.4
2026-09-09T14:28:39.615,1788944319.6150,8307,3779,48.45,-394,-5.05
2026-09-09T14:28:39.615,1788944319.6150,8308,-4781,-61.29,-491,-6.29
2026-09-09T14:28:39.630,1788944319.6308,8309,3395,43.53,-597,-7.65
2026-09-09T14:28:39.630,1788944319.6308,8310,-4761,-61.04,-688,-8.82
2026-09-09T14:28:39.646,1788944319.6467,8311,3040,38.97,-772,-9.9
2026-09-09T14:28:39.662,1788944319.6625,8312,-4636,-59.44,-830,-10.64
2026-09-09T14:28:39.662,1788944319.6625,8313,2626,33.67,-902,-11.56
2026-09-09T14:28:39.678,1788944319.6786,8314,-4421,-56.68,-952,-12.21
2026-09-09T14:28:39.694,1788944319.6944,8315,2302,29.51,-979,-12.55
2026-09-09T14:28:39.694,1788944319.6944,8316,-4080,-52.31,-975,-12.5
2026-09-09T14:28:39.710,1788944319.7104,8317,4701,60.27,-290,-3.72
2026-09-09T14:28:39.721,1788944319.7217,8318,-3700,-47.44,405,5.19
2026-09-09T14:28:39.727,1788944319.7278,8319,4690,60.13,497,6.37
2026-09-09T14:28:39.742,1788944319.7423,8320,-3344,-42.87,584,7.49
2026-09-09T14:28:39.742,1788944319.7423,8321,4617,59.19,654,8.38
2026-09-09T14:28:39.757,1788944319.7577,8322,-3025,-38.78,716,9.18
2026-09-09T14:28:39.773,1788944319.7735,8323,4424,56.72,747,9.58
2026-09-09T14:28:39.773,1788944319.7735,8324,-2615,-33.53,802,10.28
2026-09-09T14:28:39.789,1788944319.7895,8325,4133,52.99,831,10.65
2026-09-09T14:28:39.805,1788944319.8056,8326,-4697,-60.22,238,3.05
2026-09-09T14:28:39.805,1788944319.8056,8327,3761,48.22,-375,-4.81
2026-09-09T14:28:39.821,1788944319.8214,8328,-4750,-60.9,-482,-6.18
2026-09-09T14:28:39.821,1788944319.8214,8329,3349,42.94,-598,-7.67
2026-09-09T14:28:39.837,1788944319.8371,8330,-4770,-61.15,-706,-9.05
2026-09-09T14:28:39.837,1788944319.8371,8331,2970,38.08,-806,-10.33
2026-09-09T14:28:39.868,1788944319.8690,8332,-4641,-59.5,-868,-11.13
2026-09-09T14:28:39.868,1788944319.8690,8333,2601,33.35,-928,-11.9
2026-09-09T14:28:39.884,1788944319.8847,8334,-4429,-56.78,-967,-12.4
2026-09-09T14:28:39.884,1788944319.8847,8335,2225,28.53,-1008,-12.92
2026-09-09T14:28:39.900,1788944319.9008,8336,-4136,-53.03,-1029,-13.19
2026-09-09T14:28:39.916,1788944319.9165,8337,4721,60.53,-332,-4.26
2026-09-09T14:28:39.916,1788944319.9165,8338,-3775,-48.4,382,4.9
2026-09-09T14:28:39.932,1788944319.9322,8339,4734,60.69,476,6.1
2026-09-09T14:28:39.932,1788944319.9322,8340,-3395,-43.53,574,7.36
2026-09-09T14:28:39.948,1788944319.9484,8341,4607,59.06,637,8.17
2026-09-09T14:28:39.959,1788944319.9596,8342,-3015,-38.65,701,8.99
2026-09-09T14:28:39.966,1788944319.9669,8343,4461,57.19,759,9.73
2026-09-09T14:28:39.979,1788944319.9800,8344,-2678,-34.33,807,10.35
2026-09-09T14:28:39.979,1788944319.9800,8345,4154,53.26,814,10.44
2026-09-09T14:28:39.995,1788944319.9960,8346,-4716,-60.46,228,2.92
2026-09-09T14:28:40.011,1788944320.0117,8347,3774,48.38,-376,-4.82
2026-09-09T14:28:40.011,1788944320.0117,8348,-4801,-61.55,-493,-6.32
2026-09-09T14:28:40.027,1788944320.0276,8349,3418,43.82,-603,-7.73
2026-09-09T14:28:40.043,1788944320.0437,8350,-4762,-61.05,-682,-8.74
2026-09-09T14:28:40.059,1788944320.0599,8351,3062,39.26,-761,-9.76
2026-09-09T14:28:40.059,1788944320.0599,8352,-4633,-59.4,-818,-10.49
2026-09-09T14:28:40.059,1788944320.0599,8353,2684,34.41,-880,-11.28
2026-09-09T14:28:40.075,1788944320.0755,8354,-4403,-56.45,-917,-11.76
2026-09-09T14:28:40.091,1788944320.0914,8355,2307,29.58,-954,-12.23
2026-09-09T14:28:40.091,1788944320.0914,8356,-4079,-52.29,-967,-12.4
2026-09-09T14:28:40.107,1788944320.1075,8357,4814,61.72,-260,-3.33
2026-09-09T14:28:40.123,1788944320.1231,8358,-3727,-47.78,455,5.83
2026-09-09T14:28:40.123,1788944320.1231,8359,4790,61.41,537,6.88
2026-09-09T14:28:40.139,1788944320.1392,8360,-3355,-43.01,624,8.0
2026-09-09T14:28:40.161,1788944320.1613,8361,4710,60.38,697,8.94
2026-09-09T14:28:40.161,1788944320.1613,8362,-2985,-38.27,770,9.87
2026-09-09T14:28:40.171,1788944320.1713,8363,4495,57.63,808,10.36
2026-09-09T14:28:40.171,1788944320.1713,8364,-2600,-33.33,851,10.91
2026-09-09T14:28:40.187,1788944320.1871,8365,4151,53.22,861,11.04
2026-09-09T14:28:40.203,1788944320.2031,8366,-4747,-60.86,238,3.05
2026-09-09T14:28:40.203,1788944320.2031,8367,3782,48.49,-391,-5.01
2026-09-09T14:28:40.218,1788944320.2188,8368,-4789,-61.4,-493,-6.32
2026-09-09T14:28:40.218,1788944320.2188,8369,3370,43.21,-607,-7.78
2026-09-09T14:28:40.234,1788944320.2349,8370,-4737,-60.73,-697,-8.94
2026-09-09T14:28:40.253,1788944320.2530,8371,2955,37.88,-788,-10.1
2026-09-09T14:28:40.261,1788944320.2616,8372,-4624,-59.28,-863,-11.06
2026-09-09T14:28:40.266,1788944320.2667,8373,2573,32.99,-930,-11.92
2026-09-09T14:28:40.282,1788944320.2828,8374,-4388,-56.26,-967,-12.4
2026-09-09T14:28:40.298,1788944320.2987,8375,2253,28.88,-988,-12.67
2026-09-09T14:28:40.298,1788944320.2987,8376,-4072,-52.21,-989,-12.68
2026-09-09T14:28:40.314,1788944320.3147,8377,4785,61.35,-277,-3.55
2026-09-09T14:28:40.317,1788944320.3177,8378,-3679,-47.17,454,5.82
2026-09-09T14:28:40.330,1788944320.3305,8379,4749,60.88,544,6.97
2026-09-09T14:28:40.330,1788944320.3305,8380,-3359,-43.06,615,7.88
2026-09-09T14:28:40.346,1788944320.3465,8381,4641,59.5,668,8.56
2026-09-09T14:28:40.361,1788944320.3619,8382,-2976,-38.15,736,9.44
2026-09-09T14:28:40.361,1788944320.3619,8383,4419,56.65,777,9.96
2026-09-09T14:28:40.377,1788944320.3780,8384,-2627,-33.68,808,10.36
2026-09-09T14:28:40.393,1788944320.3937,8385,4092,52.46,814,10.44
2026-09-09T14:28:40.393,1788944320.3937,8386,-4770,-61.15,196,2.51
2026-09-09T14:28:40.409,1788944320.4096,8387,3732,47.85,-429,-5.5
2026-09-09T14:28:40.409,1788944320.4096,8388,-4827,-61.88,-534,-6.85
2026-09-09T14:28:40.441,1788944320.4412,8389,3324,42.62,-650,-8.33
2026-09-09T14:28:40.441,1788944320.4412,8390,-4786,-61.36,-742,-9.51
2026-09-09T14:28:40.441,1788944320.4412,8391,2922,37.46,-832,-10.67
2026-09-09T14:28:40.463,1788944320.4633,8392,-4664,-59.79,-902,-11.56
2026-09-09T14:28:40.472,1788944320.4729,8393,2585,33.14,-956,-12.26
2026-09-09T14:28:40.472,1788944320.4729,8394,-4417,-56.63,-978,-12.54
2026-09-09T14:28:40.488,1788944320.4887,8395,2233,28.63,-1004,-12.87
2026-09-09T14:28:40.488,1788944320.4887,8396,-4108,-52.67,-1015,-13.01
2026-09-09T14:28:40.504,1788944320.5049,8397,4801,61.55,-296,-3.79
2026-09-09T14:28:40.520,1788944320.5206,8398,-3743,-47.99,437,5.6
2026-09-09T14:28:40.536,1788944320.5366,8399,4754,60.95,517,6.63
2026-09-09T14:28:40.536,1788944320.5366,8400,-3374,-43.26,597,7.65
2026-09-09T14:28:40.536,1788944320.5366,8401,4666,59.82,668,8.56
2026-09-09T14:28:40.559,1788944320.5595,8402,-2967,-38.04,747,9.58
2026-09-09T14:28:40.570,1788944320.5705,8403,4484,57.49,804,10.31
2026-09-09T14:28:40.584,1788944320.5844,8404,-2539,-32.55,865,11.09
2026-09-09T14:28:40.584,1788944320.5844,8405,3801,48.73,801,10.27
2026-09-09T14:28:40.600,1788944320.6004,8406,-4484,-57.49,144,1.85
2026-09-09T14:28:40.600,1788944320.6004,8407,3358,43.05,-453,-5.81
2026-09-09T14:28:40.616,1788944320.6166,8408,-4339,-55.63,-527,-6.76
2026-09-09T14:28:40.632,1788944320.6324,8409,2983,38.24,-585,-7.5
2026-09-09T14:28:40.632,1788944320.6324,8410,-4218,-54.08,-648,-8.31
2026-09-09T14:28:40.655,1788944320.6556,8411,2577,33.04,-719,-9.22
2026-09-09T14:28:40.663,1788944320.6636,8412,-4032,-51.69,-774,-9.92
2026-09-09T14:28:40.663,1788944320.6636,8413,2225,28.53,-816,-10.46
2026-09-09T14:28:40.679,1788944320.6796,8414,-3752,-48.1,-834,-10.69
2026-09-09T14:28:40.679,1788944320.6796,8415,1898,24.33,-846,-10.85
2026-09-09T14:28:40.695,1788944320.6958,8416,-3432,-44.0,-847,-10.86
2026-09-09T14:28:40.712,1788944320.7123,8417,3947,50.6,-255,-3.27
2026-09-09T14:28:40.721,1788944320.7218,8418,-3180,-40.77,320,4.1
2026-09-09T14:28:40.730,1788944320.7301,8419,3980,51.03,391,5.01
2026-09-09T14:28:40.744,1788944320.7441,8420,-2872,-36.82,477,6.12
2026-09-09T14:28:40.744,1788944320.7441,8421,3916,50.21,538,6.9
2026-09-09T14:28:40.759,1788944320.7598,8422,-2566,-32.9,598,7.67
2026-09-09T14:28:40.764,1788944320.7649,8423,3806,48.79,647,8.29
2026-09-09T14:28:40.775,1788944320.7755,8424,-2273,-29.14,693,8.88
2026-09-09T14:28:40.791,1788944320.7915,8425,3534,45.31,698,8.95
2026-09-09T14:28:40.791,1788944320.7915,8426,-3989,-51.14,201,2.58
2026-09-09T14:28:40.810,1788944320.8106,8427,3278,42.03,-292,-3.74
2026-09-09T14:28:40.823,1788944320.8230,8428,-4059,-52.04,-373,-4.78
2026-09-09T14:28:40.823,1788944320.8230,8429,3042,39.0,-450,-5.77
2026-09-09T14:28:40.839,1788944320.8392,8430,-4105,-52.63,-520,-6.67
2026-09-09T14:28:40.855,1788944320.8550,8431,2762,35.41,-602,-7.72
2026-09-09T14:28:40.855,1788944320.8550,8432,-4113,-52.73,-674,-8.64
2026-09-09T14:28:40.870,1788944320.8707,8433,2515,32.24,-738,-9.46
2026-09-09T14:28:40.870,1788944320.8707,8434,-4239,-54.35,-831,-10.65
2026-09-09T14:28:40.886,1788944320.8867,8435,2323,29.78,-910,-11.67
2026-09-09T14:28:40.902,1788944320.9025,8436,-3943,-50.55,-884,-11.33
2026-09-09T14:28:40.902,1788944320.9025,8437,4833,61.96,-183,-2.35
2026-09-09T14:28:40.918,1788944320.9182,8438,-3389,-43.45,583,7.47
2026-09-09T14:28:40.918,1788944320.9182,8439,4734,60.69,697,8.94
2026-09-09T14:28:40.934,1788944320.9343,8440,-3183,-40.81,724,9.28
2026-09-09T14:28:40.950,1788944320.9501,8441,4612,59.13,745,9.55
2026-09-09T14:28:40.950,1788944320.9501,8442,-2782,-35.67,814,10.44
2026-09-09T14:28:40.968,1788944320.9682,8443,4376,56.1,856,10.97
2026-09-09T14:28:40.981,1788944320.9814,8444,-2431,-31.17,884,11.33
2026-09-09T14:28:40.997,1788944320.9975,8445,4059,52.04,893,11.45
2026-09-09T14:28:40.997,1788944320.9975,8446,-4695,-60.19,248,3.18
2026-09-09T14:28:41.013,1788944321.0134,8447,3678,47.15,-414,-5.31
2026-09-09T14:28:41.013,1788944321.0134,8448,-4752,-60.92,-523,-6.71
2026-09-09T14:28:41.029,1788944321.0292,8449,3281,42.06,-637,-8.17
2026-09-09T14:28:41.029,1788944321.0292,8450,-4693,-60.17,-721,-9.24
2026-09-09T14:28:41.045,1788944321.0451,8451,2906,37.26,-800,-10.26
2026-09-09T14:28:41.060,1788944321.0608,8452,-4555,-58.4,-859,-11.01
2026-09-09T14:28:41.067,1788944321.0671,8453,2509,32.17,-924,-11.85
2026-09-09T14:28:41.078,1788944321.0787,8454,-4292,-55.03,-958,-12.28
2026-09-09T14:28:41.092,1788944321.0927,8455,2188,28.05,-972,-12.46
2026-09-09T14:28:41.092,1788944321.0927,8456,-3988,-51.13,-976,-12.51
2026-09-09T14:28:41.108,1788944321.1085,8457,4828,61.9,-240,-3.08
2026-09-09T14:28:41.124,1788944321.1246,8458,-3616,-46.36,513,6.58
2026-09-09T14:28:41.124,1788944321.1246,8459,4776,61.23,593,7.6
2026-09-09T14:28:41.140,1788944321.1405,8460,-3280,-42.05,664,8.51
2026-09-09T14:28:41.140,1788944321.1405,8461,4667,59.83,720,9.23
2026-09-09T14:28:41.156,1788944321.1567,8462,-2878,-36.9,794,10.18
2026-09-09T14:28:41.172,1788944321.1726,8463,4400,56.41,827,10.6
2026-09-09T14:28:41.172,1788944321.1726,8464,-2546,-32.64,844,10.82
2026-09-09T14:28:41.188,1788944321.1888,8465,4056,52.0,841,10.78
2026-09-09T14:28:41.204,1788944321.2047,8466,-4785,-61.35,195,2.5
2026-09-09T14:28:41.204,1788944321.2047,8467,3664,46.97,-463,-5.94
2026-09-09T14:28:41.220,1788944321.2208,8468,-4846,-62.13,-576,-7.38
2026-09-09T14:28:41.220,1788944321.2208,8469,3296,42.26,-683,-8.76
2026-09-09T14:28:41.236,1788944321.2367,8470,-4746,-60.85,-750,-9.62
2026-09-09T14:28:41.236,1788944321.2367,8471,2857,36.63,-835,-10.71
2026-09-09T14:28:41.269,1788944321.2690,8472,-4572,-58.62,-901,-11.55
2026-09-09T14:28:41.269,1788944321.2690,8473,2508,32.15,-945,-12.12
2026-09-09T14:28:41.284,1788944321.2850,8474,-4272,-54.77,-957,-12.27
2026-09-09T14:28:41.284,1788944321.2850,8475,4754,60.95,-321,-4.12
2026-09-09T14:28:41.300,1788944321.3009,8476,-3980,-51.03,314,4.03
2026-09-09T14:28:41.316,1788944321.3166,8477,4799,61.53,398,5.1
2026-09-09T14:28:41.316,1788944321.3166,8478,-3635,-46.6,495,6.35
2026-09-09T14:28:41.332,1788944321.3327,8479,4748,60.87,569,7.29
2026-09-09T14:28:41.332,1788944321.3327,8480,-3212,-41.18,662,8.49
2026-09-09T14:28:41.348,1788944321.3486,8481,4603,59.01,731,9.37
2026-09-09T14:28:41.348,1788944321.3486,8482,-2825,-36.22,792,10.15
2026-09-09T14:28:41.367,1788944321.3674,8483,4312,55.28,816,10.46
2026-09-09T14:28:41.380,1788944321.3810,8484,-2465,-31.6,833,10.68
2026-09-09T14:28:41.380,1788944321.3810,8485,4008,51.38,847,10.86
2026-09-09T14:28:41.396,1788944321.3969,8486,-4769,-61.14,195,2.5
2026-09-09T14:28:41.413,1788944321.4131,8487,3619,46.4,-478,-6.13
2026-09-09T14:28:41.413,1788944321.4131,8488,-4806,-61.62,-585,-7.5
2026-09-09T14:28:41.428,1788944321.4290,8489,3219,41.27,-694,-8.9
2026-09-09T14:28:41.444,1788944321.4448,8490,-4750,-60.9,-780,-10.0
2026-09-09T14:28:41.444,1788944321.4448,8491,2841,36.42,-860,-11.03
2026-09-09T14:28:41.460,1788944321.4608,8492,-4556,-58.41,-906,-11.62
2026-09-09T14:28:41.467,1788944321.4678,8493,2472,31.69,-950,-12.18
2026-09-09T14:28:41.476,1788944321.4769,8494,-4288,-54.97,-975,-12.5
2026-09-09T14:28:41.492,1788944321.4926,8495,4759,61.01,-337,-4.32
2026-09-09T14:28:41.492,1788944321.4926,8496,-3939,-50.5,322,4.13
2026-09-09T14:28:41.508,1788944321.5086,8497,4784,61.33,416,5.33
2026-09-09T14:28:41.508,1788944321.5086,8498,-3566,-45.72,515,6.6
2026-09-09T14:28:41.524,1788944321.5243,8499,4693,60.17,586,7.51
2026-09-09T14:28:41.539,1788944321.5400,8500,-3194,-40.95,656,8.41
2026-09-09T14:28:41.559,1788944321.5595,8501,4533,58.12,709,9.09
2026-09-09T14:28:41.559,1788944321.5595,8502,-2835,-36.35,759,9.73
2026-09-09T14:28:41.572,1788944321.5729,8503,4278,54.85,785,10.06
2026-09-09T14:28:41.572,1788944321.5729,8504,-2470,-31.67,812,10.41
2026-09-09T14:28:41.587,1788944321.5874,8505,3927,50.35,816,10.46
2026-09-09T14:28:41.603,1788944321.6035,8506,-4837,-62.01,136,1.74
2026-09-09T14:28:41.603,1788944321.6035,8507,3539,45.37,-552,-7.08
2026-09-09T14:28:41.625,1788944321.6252,8508,-4822,-61.82,-646,-8.28
2026-09-09T14:28:41.631,1788944321.6314,8509,3156,40.46,-738,-9.46
2026-09-09T14:28:41.634,1788944321.6350,8510,-4725,-60.58,-809,-10.37
2026-09-09T14:28:41.650,1788944321.6510,8511,2742,35.15,-888,-11.38
2026-09-09T14:28:41.650,1788944321.6510,8512,-4542,-58.23,-946,-12.13
2026-09-09T14:28:41.668,1788944321.6683,8513,2377,30.47,-992,-12.72
2026-09-09T14:28:41.682,1788944321.6828,8514,-4254,-54.54,-1011,-12.96
2026-09-09T14:28:41.698,1788944321.6988,8515,4749,60.88,-346,-4.44
2026-09-09T14:28:41.698,1788944321.6988,8516,-3921,-50.27,330,4.23
2026-09-09T14:28:41.714,1788944321.7147,8517,4778,61.26,421,5.4
2026-09-09T14:28:41.721,1788944321.7217,8518,-3520,-45.13,528,6.77
2026-09-09T14:28:41.731,1788944321.7311,8519,4735,60.71,618,7.92
2026-09-09T14:28:41.731,1788944321.7311,8520,-3137,-40.22,703,9.01
2026-09-09T14:28:41.746,1788944321.7465,8521,4569,58.58,757,9.71
2026-09-09T14:28:41.762,1788944321.7622,8522,-2787,-35.73,803,10.29
2026-09-09T14:28:41.768,1788944321.7685,8523,4290,55.0,821,10.53
2026-09-09T14:28:41.778,1788944321.7783,8524,-2435,-31.22,839,10.76
2026-09-09T14:28:41.778,1788944321.7783,8525,3918,50.23,834,10.69
2026-09-09T14:28:41.794,1788944321.7941,8526,-4802,-61.56,149,1.91
2026-09-09T14:28:41.809,1788944321.8099,8527,3510,45.0,-544,-6.97
2026-09-09T14:28:41.825,1788944321.8256,8528,-4751,-60.91,-634,-8.13
2026-09-09T14:28:41.825,1788944321.8256,8529,3090,39.62,-726,-9.31
2026-09-09T14:28:41.841,1788944321.8415,8530,-4630,-59.36,-801,-10.27
2026-09-09T14:28:41.857,1788944321.8572,8531,2695,34.55,-869,-11.14
2026-09-09T14:28:41.857,1788944321.8572,8532,-4424,-56.72,-916,-11.74
2026-09-09T14:28:41.872,1788944321.8730,8533,2342,30.03,-953,-12.22
2026-09-09T14:28:41.872,1788944321.8730,8534,-4116,-52.77,-964,-12.36
2026-09-09T14:28:41.888,1788944321.8888,8535,4673,59.91,-305,-3.91
2026-09-09T14:28:41.888,1788944321.8888,8536,-3748,-48.05,370,4.74
2026-09-09T14:28:41.904,1788944321.9049,8537,4638,59.46,453,5.81
2026-09-09T14:28:41.920,1788944321.9205,8538,-3336,-42.77,548,7.03
2026-09-09T14:28:41.920,1788944321.9205,8539,4566,58.54,633,8.12
2026-09-09T14:28:41.936,1788944321.9367,8540,-2949,-37.81,711,9.12
2026-09-09T14:28:41.952,1788944321.9525,8541,4392,56.31,765,9.81
2026-09-09T14:28:41.971,1788944321.9710,8542,-2599,-33.32,809,10.37
2026-09-09T14:28:41.971,1788944321.9710,8543,4281,54.88,868,11.13
2026-09-09T14:28:41.971,1788944321.9710,8544,-3236,-41.49,681,8.73
2026-09-09T14:28:41.984,1788944321.9844,8545,5157,66.12,741,9.5
2026-09-09T14:28:42.002,1788944322.0023,8546,-6225,-79.81,213,2.73
2026-09-09T14:28:42.002,1788944322.0023,8547,4692,60.15,-651,-8.35
2026-09-09T14:28:42.022,1788944322.0228,8548,-6117,-78.42,-740,-9.49
2026-09-09T14:28:42.031,1788944322.0320,8549,4208,53.95,-834,-10.69
2026-09-09T14:28:42.031,1788944322.0320,8550,-6096,-78.15,-950,-12.18
2026-09-09T14:28:42.047,1788944322.0478,8551,3749,48.06,-1059,-13.58
2026-09-09T14:28:42.063,1788944322.0639,8552,-5945,-76.22,-1136,-14.56
2026-09-09T14:28:42.069,1788944322.0698,8553,3329,42.68,-1203,-15.42
2026-09-09T14:28:42.079,1788944322.0799,8554,-5667,-72.65,-1239,-15.88
2026-09-09T14:28:42.079,1788944322.0799,8555,6162,79.0,-461,-5.91
2026-09-09T14:28:42.095,1788944322.0960,8556,-5325,-68.27,333,4.27
2026-09-09T14:28:42.111,1788944322.1119,8557,6248,80.1,440,5.64
2026-09-09T14:28:42.111,1788944322.1119,8558,-4850,-62.18,580,7.44
2026-09-09T14:28:42.127,1788944322.1276,8559,6233,79.91,695,8.91
2026-09-09T14:28:42.144,1788944322.1445,8560,-4417,-56.63,799,10.24
2026-09-09T14:28:42.144,1788944322.1445,8561,6049,77.55,862,11.05
2026-09-09T14:28:42.159,1788944322.1595,8562,-3986,-51.1,923,11.83
2026-09-09T14:28:42.169,1788944322.1698,8563,5766,73.92,960,12.31
2026-09-09T14:28:42.175,1788944322.1756,8564,-3560,-45.64,996,12.77
2026-09-09T14:28:42.191,1788944322.1915,8565,5390,69.1,1009,12.94
2026-09-09T14:28:42.191,1788944322.1915,8566,-6545,-83.91,168,2.15
2026-09-09T14:28:42.207,1788944322.2071,8567,4994,64.03,-677,-8.68
2026-09-09T14:28:42.207,1788944322.2071,8568,-6629,-84.99,-797,-10.22
2026-09-09T14:28:42.239,1788944322.2391,8569,4538,58.18,-932,-11.95
2026-09-09T14:28:42.239,1788944322.2391,8570,-6587,-84.45,-1035,-13.27
2026-09-09T14:28:42.254,1788944322.2548,8571,4088,52.41,-1137,-14.58
2026-09-09T14:28:42.254,1788944322.2548,8572,-6419,-82.29,-1208,-15.49
2026-09-09T14:28:42.269,1788944322.2700,8573,3592,46.05,-1290,-16.54
2026-09-09T14:28:42.285,1788944322.2860,8574,-5957,-76.37,-1298,-16.64
2026-09-09T14:28:42.285,1788944322.2860,8575,6370,81.67,-488,-6.26
2026-09-09T14:28:42.301,1788944322.3018,8576,-5381,-68.99,350,4.49
2026-09-09T14:28:42.301,1788944322.3018,8577,6236,79.95,461,5.91
2026-09-09T14:28:42.317,1788944322.3177,8578,-4738,-60.74,588,7.54
2026-09-09T14:28:42.333,1788944322.3336,8579,5454,69.92,553,7.09
2026-09-09T14:28:42.333,1788944322.3336,8580,-2974,-38.13,799,10.24
2026-09-09T14:28:42.349,1788944322.3494,8581,4678,59.97,1046,13.41
2026-09-09T14:28:42.349,1788944322.3494,8582,-2731,-35.01,912,11.69
2026-09-09T14:28:42.371,1788944322.3710,8583,4241,54.37,864,11.08
2026-09-09T14:28:42.381,1788944322.3811,8584,-2427,-31.12,831,10.65
2026-09-09T14:28:42.381,1788944322.3811,8585,3873,49.65,815,10.45
2026-09-09T14:28:42.397,1788944322.3971,8586,-4823,-61.83,124,1.59
2026-09-09T14:28:42.412,1788944322.4130,8587,3489,44.73,-571,-7.32
2026-09-09T14:28:42.428,1788944322.4287,8588,-4863,-62.35,-677,-8.68
2026-09-09T14:28:42.428,1788944322.4287,8589,3094,39.67,-786,-10.08
2026-09-09T14:28:42.428,1788944322.4287,8590,-4757,-60.99,-858,-11.0
2026-09-09T14:28:42.444,1788944322.4448,8591,2737,35.09,-921,-11.81
2026-09-09T14:28:42.460,1788944322.4605,8592,-4537,-58.17,-955,-12.24
2026-09-09T14:28:42.471,1788944322.4713,8593,2361,30.27,-994,-12.74
2026-09-09T14:28:42.476,1788944322.4764,8594,-4201,-53.86,-1004,-12.87
2026-09-09T14:28:42.492,1788944322.4925,8595,4797,61.5,-311,-3.99
2026-09-09T14:28:42.492,1788944322.4925,8596,-3856,-49.44,384,4.92
2026-09-09T14:28:42.508,1788944322.5083,8597,4810,61.67,473,6.06
2026-09-09T14:28:42.524,1788944322.5243,8598,-3504,-44.92,565,7.24
2026-09-09T14:28:42.524,1788944322.5243,8599,4734,60.69,634,8.13
2026-09-09T14:28:42.540,1788944322.5402,8600,-3121,-40.01,710,9.1
2026-09-09T14:28:42.540,1788944322.5402,8601,4529,58.06,755,9.68
2026-09-09T14:28:42.559,1788944322.5595,8602,-2727,-34.96,802,10.28
2026-09-09T14:28:42.573,1788944322.5731,8603,4229,54.22,826,10.59
2026-09-09T14:28:42.573,1788944322.5731,8604,-2383,-30.55,837,10.73
2026-09-09T14:28:42.587,1788944322.5877,8605,3857,49.45,830,10.64
2026-09-09T14:28:42.603,1788944322.6034,8606,-4819,-61.78,128,1.64
2026-09-09T14:28:42.603,1788944322.6034,8607,3480,44.62,-576,-7.38
2026-09-09T14:28:42.619,1788944322.6193,8608,-4799,-61.53,-665,-8.53
2026-09-09T14:28:42.619,1788944322.6193,8609,3053,39.14,-767,-9.83
2026-09-09T14:28:42.635,1788944322.6352,8610,-4710,-60.38,-851,-10.91
2026-09-09T14:28:42.651,1788944322.6512,8611,2704,34.67,-916,-11.74
2026-09-09T14:28:42.667,1788944322.6672,8612,-4471,-57.32,-944,-12.1
2026-09-09T14:28:42.673,1788944322.6734,8613,2355,30.19,-971,-12.45
2026-09-09T14:28:42.682,1788944322.6830,8614,-4155,-53.27,-979,-12.55
2026-09-09T14:28:42.682,1788944322.6830,8615,4819,61.78,-284,-3.64
2026-09-09T14:28:42.698,1788944322.6987,8616,-3826,-49.05,414,5.31
2026-09-09T14:28:42.698,1788944322.6987,8617,4847,62.14,503,6.45
2026-09-09T14:28:42.721,1788944322.7216,8618,-3454,-44.28,603,7.73
2026-09-09T14:28:42.731,1788944322.7315,8619,4763,61.06,675,8.65
2026-09-09T14:28:42.731,1788944322.7315,8620,-3056,-39.18,754,9.67
2026-09-09T14:28:42.746,1788944322.7467,8621,4565,58.53,804,10.31
2026-09-09T14:28:42.762,1788944322.7626,8622,-2707,-34.71,841,10.78
2026-09-09T14:28:42.762,1788944322.7626,8623,4265,54.68,854,10.95
2026-09-09T14:28:42.778,1788944322.7786,8624,-4762,-61.05,265,3.4
2026-09-09T14:28:42.778,1788944322.7786,8625,3916,50.21,-336,-4.31
2026-09-09T14:28:42.794,1788944322.7947,8626,-4852,-62.21,-446,-5.72
2026-09-09T14:28:42.810,1788944322.8103,8627,3503,44.91,-572,-7.33
2026-09-09T14:28:42.826,1788944322.8261,8628,-4809,-61.65,-664,-8.51
2026-09-09T14:28:42.826,1788944322.8261,8629,3115,39.94,-750,-9.62
2026-09-09T14:28:42.842,1788944322.8421,8630,-4712,-60.41,-823,-10.55
2026-09-09T14:28:42.842,1788944322.8421,8631,2749,35.24,-890,-11.41
2026-09-09T14:28:42.857,1788944322.8579,8632,-4474,-57.36,-922,-11.82
2026-09-09T14:28:42.873,1788944322.8737,8633,2380,30.51,-955,-12.24
2026-09-09T14:28:42.873,1788944322.8737,8634,-4182,-53.62,-974,-12.49
2026-09-09T14:28:42.889,1788944322.8897,8635,4876,62.51,-277,-3.55
2026-09-09T14:28:42.905,1788944322.9055,8636,-3865,-49.55,426,5.46
2026-09-09T14:28:42.905,1788944322.9055,8637,4881,62.58,506,6.49
2026-09-09T14:28:42.921,1788944322.9213,8638,-3481,-44.63,604,7.74
2026-09-09T14:28:42.921,1788944322.9213,8639,4744,60.82,665,8.53
2026-09-09T14:28:42.937,1788944322.9371,8640,-3090,-39.62,729,9.35
2026-09-09T14:28:42.953,1788944322.9533,8641,4566,58.54,782,10.03
2026-09-09T14:28:42.953,1788944322.9533,8642,-2741,-35.14,825,10.58
2026-09-09T14:28:42.974,1788944322.9747,8643,4247,54.45,832,10.67
2026-09-09T14:28:42.985,1788944322.9852,8644,-4848,-62.15,226,2.9
2026-09-09T14:28:42.992,1788944322.9929,8645,3858,49.46,-398,-5.1
2026-09-09T14:28:43.000,1788944323.0009,8646,-4933,-63.24,-517,-6.63
2026-09-09T14:28:43.000,1788944323.0009,8647,3498,44.85,-628,-8.05
2026-09-09T14:28:43.016,1788944323.0168,8648,-4845,-62.12,-696,-8.92
2026-09-09T14:28:43.032,1788944323.0326,8649,3127,40.09,-767,-9.83
2026-09-09T14:28:43.032,1788944323.0326,8650,-4684,-60.05,-819,-10.5
2026-09-09T14:28:43.048,1788944323.0484,8651,2732,35.03,-878,-11.26
2026-09-09T14:28:43.048,1788944323.0484,8652,-4450,-57.05,-918,-11.77
2026-09-09T14:28:43.064,1788944323.0642,8653,2359,30.24,-953,-12.22
2026-09-09T14:28:43.080,1788944323.0801,8654,-4126,-52.9,-965,-12.37
2026-09-09T14:28:43.095,1788944323.0959,8655,4899,62.81,-249,-3.19
2026-09-09T14:28:43.095,1788944323.0959,8656,-3747,-48.04,481,6.17
2026-09-09T14:28:43.112,1788944323.1120,8657,4886,62.64,572,7.33
2026-09-09T14:28:43.127,1788944323.1278,8658,-3375,-43.27,662,8.49
2026-09-09T14:28:43.127,1788944323.1278,8659,4737,60.73,718,9.21
2026-09-09T14:28:43.127,1788944323.1278,8660,-2985,-38.27,778,9.97
2026-09-09T14:28:43.143,1788944323.1440,8661,4522,57.97,822,10.54
2026-09-09T14:28:43.159,1788944323.1597,8662,-2581,-33.09,869,11.14
2026-09-09T14:28:43.159,1788944323.1597,8663,4206,53.92,891,11.42
2026-09-09T14:28:43.175,1788944323.1752,8664,-4733,-60.68,274,3.51
2026-09-09T14:28:43.190,1788944323.1910,8665,3824,49.03,-359,-4.6
2026-09-09T14:28:43.190,1788944323.1910,8666,-4763,-61.06,-462,-5.92
2026-09-09T14:28:43.222,1788944323.2229,8667,3431,43.99,-568,-7.28
2026-09-09T14:28:43.222,1788944323.2229,8668,-4704,-60.31,-652,-8.36
2026-09-09T14:28:43.222,1788944323.2229,8669,3039,38.96,-735,-9.42
2026-09-09T14:28:43.238,1788944323.2387,8670,-4567,-58.55,-799,-10.24
2026-09-09T14:28:43.254,1788944323.2548,8671,2625,33.65,-868,-11.13
2026-09-09T14:28:43.254,1788944323.2548,8672,-4361,-55.91,-920,-11.79
2026-09-09T14:28:43.270,1788944323.2706,8673,2256,28.92,-961,-12.32
2026-09-09T14:28:43.276,1788944323.2763,8674,-4037,-51.76,-972,-12.46
2026-09-09T14:28:43.286,1788944323.2864,8675,4823,61.83,-249,-3.19
2026-09-09T14:28:43.302,1788944323.3025,8676,-3677,-47.14,483,6.19
2026-09-09T14:28:43.302,1788944323.3025,8677,4764,61.08,558,7.15
2026-09-09T14:28:43.318,1788944323.3182,8678,-3349,-42.94,625,8.01
2026-09-09T14:28:43.318,1788944323.3182,8679,4655,59.68,680,8.72
2026-09-09T14:28:43.334,1788944323.3341,8680,-2963,-37.99,749,9.6
2026-09-09T14:28:43.349,1788944323.3498,8681,4441,56.94,792,10.15
2026-09-09T14:28:43.365,1788944323.3656,8682,-2614,-33.51,826,10.59
2026-09-09T14:28:43.365,1788944323.3656,8683,4085,52.37,824,10.56
2026-09-09T14:28:43.384,1788944323.3844,8684,-4816,-61.74,185,2.37
2026-09-09T14:28:43.392,1788944323.3923,8685,3725,47.76,-456,-5.85
2026-09-09T14:28:43.396,1788944323.3969,8686,-4833,-61.96,-550,-7.05
2026-09-09T14:28:43.412,1788944323.4128,8687,3365,43.14,-644,-8.26
2026-09-09T14:28:43.412,1788944323.4128,8688,-4785,-61.35,-722,-9.26
2026-09-09T14:28:43.428,1788944323.4288,8689,3002,38.49,-801,-10.27
2026-09-09T14:28:43.428,1788944323.4288,8690,-4680,-60.0,-866,-11.1
2026-09-09T14:28:43.444,1788944323.4445,8691,2621,33.6,-935,-11.99
2026-09-09T14:28:43.460,1788944323.4605,8692,-4412,-56.56,-963,-12.35
2026-09-09T14:28:43.460,1788944323.4605,8693,2289,29.35,-979,-12.55
2026-09-09T14:28:43.476,1788944323.4765,8694,-4092,-52.46,-982,-12.59
2026-09-09T14:28:43.494,1788944323.4942,8695,4888,62.67,-252,-3.23
2026-09-09T14:28:43.508,1788944323.5083,8696,-3712,-47.59,493,6.32
2026-09-09T14:28:43.508,1788944323.5083,8697,4881,62.58,586,7.51
2026-09-09T14:28:43.524,1788944323.5242,8698,-3364,-43.13,671,8.6
2026-09-09T14:28:43.540,1788944323.5403,8699,4736,60.72,722,9.26
2026-09-09T14:28:43.540,1788944323.5403,8700,-2974,-38.13,783,10.04
2026-09-09T14:28:43.540,1788944323.5403,8701,4497,57.65,821,10.53
2026-09-09T14:28:43.559,1788944323.5594,8702,-2622,-33.62,849,10.88
2026-09-09T14:28:43.572,1788944323.5730,8703,4168,53.44,855,10.96
2026-09-09T14:28:43.577,1788944323.5776,8704,-4882,-62.59,208,2.67
2026-09-09T14:28:43.587,1788944323.5877,8705,4367,55.99,-308,-3.95
2026-09-09T14:28:43.587,1788944323.5877,8706,-5814,-74.54,-491,-6.29
2026-09-09T14:28:43.603,1788944323.6037,8707,4136,53.03,-782,-10.03
2026-09-09T14:28:43.619,1788944323.6195,8708,-6005,-76.99,-887,-11.37
2026-09-09T14:28:43.635,1788944323.6355,8709,3707,47.53,-1042,-13.36
2026-09-09T14:28:43.635,1788944323.6355,8710,-5917,-75.86,-1127,-14.45
2026-09-09T14:28:43.651,1788944323.6515,8711,3352,42.97,-1194,-15.31
2026-09-09T14:28:43.651,1788944323.6515,8712,-5718,-73.31,-1233,-15.81
2026-09-09T14:28:43.667,1788944323.6675,8713,2910,37.31,-1294,-16.59
2026-09-09T14:28:43.683,1788944323.6836,8714,-5327,-68.29,-1307,-16.76
2026-09-09T14:28:43.683,1788944323.6836,8715,5717,73.29,-507,-6.5
2026-09-09T14:28:43.699,1788944323.6993,8716,-4918,-63.05,297,3.81
2026-09-09T14:28:43.699,1788944323.6993,8717,5669,72.68,387,4.96
2026-09-09T14:28:43.721,1788944323.7216,8718,-4482,-57.46,484,6.21
2026-09-09T14:28:43.731,1788944323.7319,8719,5619,72.04,581,7.45
2026-09-09T14:28:43.731,1788944323.7319,8720,-4064,-52.1,673,8.63
2026-09-09T14:28:43.746,1788944323.7468,8721,5491,70.4,745,9.55
2026-09-09T14:28:43.762,1788944323.7628,8722,-3673,-47.09,811,10.4
2026-09-09T14:28:43.778,1788944323.7782,8723,5169,66.27,828,10.62
2026-09-09T14:28:43.778,1788944323.7782,8724,-6054,-77.62,152,1.95
2026-09-09T14:28:43.778,1788944323.7782,8725,4818,61.77,-531,-6.81
2026-09-09T14:28:43.794,1788944323.7940,8726,-6150,-78.85,-642,-8.23
2026-09-09T14:28:43.809,1788944323.8098,8727,4414,56.59,-767,-9.83
2026-09-09T14:28:43.809,1788944323.8098,8728,-6176,-79.18,-875,-11.22
2026-09-09T14:28:43.825,1788944323.8256,8729,4056,52.0,-971,-12.45
2026-09-09T14:28:43.841,1788944323.8416,8730,-6041,-77.45,-1027,-13.17
2026-09-09T14:28:43.841,1788944323.8416,8731,3615,46.35,-1103,-14.14
2026-09-09T14:28:43.857,1788944323.8577,8732,-5809,-74.47,-1155,-14.81
2026-09-09T14:28:43.873,1788944323.8737,8733,3144,40.31,-1215,-15.58
2026-09-09T14:28:43.879,1788944323.8794,8734,-5378,-68.95,-1225,-15.71
2026-09-09T14:28:43.889,1788944323.8897,8735,5877,75.35,-434,-5.56
2026-09-09T14:28:43.889,1788944323.8897,8736,-4779,-61.27,399,5.12
2026-09-09T14:28:43.905,1788944323.9057,8737,5543,71.06,465,5.96
2026-09-09T14:28:43.921,1788944323.9214,8738,-4184,-53.64,530,6.79
2026-09-09T14:28:43.921,1788944323.9214,8739,5033,64.53,552,7.08
2026-09-09T14:28:43.937,1788944323.9372,8740,-3370,-43.21,628,8.05
2026-09-09T14:28:43.953,1788944323.9532,8741,4703,60.29,749,9.6
2026-09-09T14:28:43.953,1788944323.9532,8742,-2805,-35.96,807,10.35
2026-09-09T14:28:43.972,1788944323.9720,8743,4110,52.69,800,10.26
2026-09-09T14:28:43.984,1788944323.9848,8744,-4899,-62.81,129,1.65
2026-09-09T14:28:43.984,1788944323.9848,8745,3711,47.58,-495,-6.35
2026-09-09T14:28:44.000,1788944324.0005,8746,-4931,-63.22,-602,-7.72
2026-09-09T14:28:44.000,1788944324.0005,8747,3323,42.6,-707,-9.06
2026-09-09T14:28:44.016,1788944324.0163,8748,-4854,-62.23,-785,-10.06
2026-09-09T14:28:44.032,1788944324.0322,8749,2913,37.35,-868,-11.13
2026-09-09T14:28:44.048,1788944324.0481,8750,-4675,-59.94,-926,-11.87
2026-09-09T14:28:44.048,1788944324.0481,8751,2581,33.09,-964,-12.36
2026-09-09T14:28:44.064,1788944324.0641,8752,-4383,-56.19,-974,-12.49
2026-09-09T14:28:44.064,1788944324.0641,8753,2221,28.47,-991,-12.71
2026-09-09T14:28:44.079,1788944324.0799,8754,-4035,-51.73,-994,-12.74
2026-09-09T14:28:44.096,1788944324.0960,8755,4873,62.47,-244,-3.13
2026-09-09T14:28:44.096,1788944324.0960,8756,-3670,-47.05,510,6.54
2026-09-09T14:28:44.112,1788944324.1121,8757,4853,62.22,596,7.64
2026-09-09T14:28:44.112,1788944324.1121,8758,-3291,-42.19,686,8.79
2026-09-09T14:28:44.127,1788944324.1278,8759,4700,60.26,742,9.51
2026-09-09T14:28:44.127,1788944324.1278,8760,-2890,-37.05,804,10.31
2026-09-09T14:28:44.143,1788944324.1437,8761,4452,57.08,843,10.81
2026-09-09T14:28:44.159,1788944324.1595,8762,-2522,-32.33,873,11.19
2026-09-09T14:28:44.159,1788944324.1595,8763,4127,52.91,883,11.32
2026-09-09T14:28:44.180,1788944324.1809,8764,-4823,-61.83,227,2.91
2026-09-09T14:28:44.191,1788944324.1916,8765,3762,48.23,-440,-5.64
2026-09-09T14:28:44.191,1788944324.1916,8766,-4833,-61.96,-533,-6.83
2026-09-09T14:28:44.207,1788944324.2077,8767,3384,43.38,-630,-8.08
2026-09-09T14:28:44.223,1788944324.2236,8768,-4762,-61.05,-707,-9.06
2026-09-09T14:28:44.223,1788944324.2236,8769,2997,38.42,-786,-10.08
2026-09-09T14:28:44.239,1788944324.2394,8770,-4565,-58.53,-834,-10.69
2026-09-09T14:28:44.239,1788944324.2394,8771,2642,33.87,-873,-11.19
2026-09-09T14:28:44.255,1788944324.2553,8772,-4267,-54.71,-887,-11.37
2026-09-09T14:28:44.271,1788944324.2714,8773,4972,63.74,-230,-2.95
2026-09-09T14:28:44.281,1788944324.2810,8774,-3872,-49.64,451,5.78
2026-09-09T14:28:44.287,1788944324.2873,8775,5050,64.74,569,7.29
2026-09-09T14:28:44.302,1788944324.3030,8776,-3427,-43.94,700,8.97
2026-09-09T14:28:44.302,1788944324.3030,8777,5062,64.9,814,10.44
2026-09-09T14:28:44.319,1788944324.3193,8778,-2945,-37.76,938,12.03
2026-09-09T14:28:44.335,1788944324.3354,8779,5099,65.37,1067,13.68
2026-09-09T14:28:44.335,1788944324.3354,8780,-2371,-30.4,1220,15.64
2026-09-09T14:28:44.351,1788944324.3512,8781,5019,64.35,1344,17.23
2026-09-09T14:28:44.351,1788944324.3512,8782,-1807,-23.17,1465,18.78
2026-09-09T14:28:44.366,1788944324.3669,8783,4865,62.37,1567,20.09
2026-09-09T14:28:44.382,1788944324.3829,8784,-4047,-51.88,969,12.42
2026-09-09T14:28:44.382,1788944324.3829,8785,4536,58.15,326,4.18
2026-09-09T14:28:44.401,1788944324.4015,8786,-4112,-52.72,228,2.92
2026-09-09T14:28:44.401,1788944324.4015,8787,4068,52.15,95,1.22
2026-09-09T14:28:44.414,1788944324.4146,8788,-4083,-52.35,-15,-0.19
2026-09-09T14:28:44.430,1788944324.4307,8789,3571,45.78,-132,-1.69
2026-09-09T14:28:44.430,1788944324.4307,8790,-4018,-51.51,-240,-3.08
2026-09-09T14:28:44.446,1788944324.4464,8791,3078,39.46,-347,-4.45
2026-09-09T14:28:44.462,1788944324.4621,8792,-3893,-49.91,-439,-5.63
2026-09-09T14:28:44.478,1788944324.4783,8793,5326,68.28,154,1.97
2026-09-09T14:28:44.481,1788944324.4814,8794,-3693,-47.35,766,9.82
2026-09-09T14:28:44.493,1788944324.4939,8795,5184,66.46,781,10.01
2026-09-09T14:28:44.493,1788944324.4939,8796,-3422,-43.87,813,10.42
2026-09-09T14:28:44.509,1788944324.5097,8797,5012,64.26,838,10.74
2026-09-09T14:28:44.525,1788944324.5257,8798,-3103,-39.78,874,11.21
2026-09-09T14:28:44.525,1788944324.5257,8799,3210,41.15,504,6.46
2026-09-09T14:28:44.541,1788944324.5415,8800,-2844,-36.46,118,1.51
2026-09-09T14:28:44.547,1788944324.5473,8801,2882,36.95,101,1.29
2026-09-09T14:28:44.559,1788944324.5593,8802,-2517,-32.27,100,1.28
2026-09-09T14:28:44.573,1788944324.5735,8803,2489,31.91,84,1.08
2026-09-09T14:28:44.581,1788944324.5814,8804,-4243,-54.4,-446,-5.72
2026-09-09T14:28:44.589,1788944324.5895,8805,2106,27.0,-973,-12.47
2026-09-09T14:28:44.589,1788944324.5895,8806,-4152,-53.23,-1046,-13.41
2026-09-09T14:28:44.605,1788944324.6054,8807,1906,24.44,-1073,-13.76
2026-09-09T14:28:44.621,1788944324.6212,8808,-3949,-50.63,-1073,-13.76
2026-09-09T14:28:44.621,1788944324.6212,8809,1761,22.58,-1058,-13.56
2026-09-09T14:28:44.637,1788944324.6373,8810,-3643,-46.71,-1018,-13.05
2026-09-09T14:28:44.653,1788944324.6534,8811,1655,21.22,-968,-12.41
2026-09-09T14:28:44.669,1788944324.6693,8812,-3371,-43.22,-926,-11.87
2026-09-09T14:28:44.669,1788944324.6693,8813,3404,43.64,-421,-5.4
2026-09-09T14:28:44.681,1788944324.6814,8814,-3069,-39.35,92,1.18
2026-09-09T14:28:44.685,1788944324.6850,8815,3539,45.37,201,2.58
2026-09-09T14:28:44.700,1788944324.7007,8816,-2768,-35.49,310,3.97
2026-09-09T14:28:44.700,1788944324.7007,8817,3592,46.05,398,5.1
2026-09-09T14:28:44.721,1788944324.7218,8818,-2505,-32.12,477,6.12
2026-09-09T14:28:44.732,1788944324.7328,8819,3588,46.0,542,6.95
2026-09-09T14:28:44.734,1788944324.7340,8820,-2268,-29.08,600,7.69
2026-09-09T14:28:44.757,1788944324.7578,8821,3529,45.24,645,8.27
2026-09-09T14:28:44.765,1788944324.7653,8822,-2029,-26.01,690,8.85
2026-09-09T14:28:44.765,1788944324.7653,8823,3376,43.28,711,9.12
2026-09-09T14:28:44.781,1788944324.7813,8824,-4078,-52.28,161,2.06
2026-09-09T14:28:44.781,1788944324.7813,8825,3224,41.33,-389,-4.99
2026-09-09T14:28:44.797,1788944324.7970,8826,-4304,-55.18,-484,-6.21
2026-09-09T14:28:44.812,1788944324.8128,8827,3131,40.14,-564,-7.23
2026-09-09T14:28:44.812,1788944324.8128,8828,-4370,-56.03,-603,-7.73
2026-09-09T14:28:44.828,1788944324.8288,8829,2846,36.49,-691,-8.86
2026-09-09T14:28:44.828,1788944324.8288,8830,-4314,-55.31,-748,-9.59
2026-09-09T14:28:44.844,1788944324.8448,8831,2412,30.92,-843,-10.81
2026-09-09T14:28:44.860,1788944324.8607,8832,-4119,-52.81,-903,-11.58
2026-09-09T14:28:44.860,1788944324.8607,8833,4715,60.45,-278,-3.56
2026-09-09T14:28:44.882,1788944324.8825,8834,-3786,-48.54,381,4.88
2026-09-09T14:28:44.892,1788944324.8926,8835,4696,60.21,459,5.88
2026-09-09T14:28:44.908,1788944324.9086,8836,-3450,-44.23,539,6.91
2026-09-09T14:28:44.908,1788944324.9086,8837,4612,59.13,602,7.72
2026-09-09T14:28:44.924,1788944324.9244,8838,-3098,-39.72,669,8.58
2026-09-09T14:28:44.924,1788944324.9244,8839,4403,56.45,704,9.03
2026-09-09T14:28:44.940,1788944324.9402,8840,-2740,-35.13,742,9.51
2026-09-09T14:28:44.940,1788944324.9402,8841,4140,53.08,765,9.81
2026-09-09T14:28:44.956,1788944324.9561,8842,-2396,-30.72,786,10.08
2026-09-09T14:28:44.974,1788944324.9748,8843,3805,48.78,788,10.1
2026-09-09T14:28:44.982,1788944324.9824,8844,-4771,-61.17,110,1.41
2026-09-09T14:28:44.988,1788944324.9880,8845,3449,44.22,-572,-7.33
2026-09-09T14:28:44.988,1788944324.9880,8846,-4759,-61.01,-658,-8.44
2026-09-09T14:28:45.003,1788944325.0039,8847,3034,38.9,-759,-9.73
2026-09-09T14:28:45.019,1788944325.0197,8848,-4641,-59.5,-833,-10.68
2026-09-09T14:28:45.035,1788944325.0354,8849,2657,34.06,-898,-11.51
2026-09-09T14:28:45.035,1788944325.0354,8850,-4430,-56.79,-940,-12.05
2026-09-09T14:28:45.051,1788944325.0513,8851,2308,29.59,-974,-12.49
2026-09-09T14:28:45.051,1788944325.0513,8852,-4146,-53.15,-990,-12.69
2026-09-09T14:28:45.067,1788944325.0673,8853,5196,66.62,-197,-2.53
2026-09-09T14:28:45.082,1788944325.0825,8854,-4722,-60.54,381,4.88
2026-09-09T14:28:45.082,1788944325.0825,8855,5800,74.36,388,4.97
2026-09-09T14:28:45.098,1788944325.0985,8856,-4879,-62.55,499,6.4
2026-09-09T14:28:45.098,1788944325.0985,8857,6101,78.22,535,6.86
2026-09-09T14:28:45.114,1788944325.1148,8858,-4672,-59.9,662,8.49
2026-09-09T14:28:45.130,1788944325.1306,8859,6087,78.04,711,9.12
2026-09-09T14:28:45.130,1788944325.1306,8860,-4334,-55.56,792,10.15
2026-09-09T14:28:45.146,1788944325.1467,8861,5899,75.63,829,10.63
2026-09-09T14:28:45.162,1788944325.1624,8862,-3978,-51.0,871,11.17
2026-09-09T14:28:45.178,1788944325.1781,8863,5569,71.4,878,11.26
2026-09-09T14:28:45.178,1788944325.1781,8864,-7003,-89.78,39,0.5
2026-09-09T14:28:45.194,1788944325.1942,8865,5178,66.38,-815,-10.45
2026-09-09T14:28:45.194,1788944325.1942,8866,-7080,-90.77,-932,-11.95
2026-09-09T14:28:45.210,1788944325.2104,8867,4697,60.22,-1072,-13.74
2026-09-09T14:28:45.226,1788944325.2261,8868,-7012,-89.9,-1175,-15.06
2026-09-09T14:28:45.226,1788944325.2261,8869,4264,54.67,-1266,-16.23
2026-09-09T14:28:45.241,1788944325.2420,8870,-6830,-87.56,-1329,-17.04
2026-09-09T14:28:45.241,1788944325.2420,8871,3798,48.69,-1400,-17.95
2026-09-09T14:28:45.258,1788944325.2581,8872,-6510,-83.46,-1436,-18.41
2026-09-09T14:28:45.273,1788944325.2739,8873,6904,88.51,-580,-7.44
2026-09-09T14:28:45.283,1788944325.2838,8874,-6053,-77.6,311,3.99
2026-09-09T14:28:45.289,1788944325.2897,8875,7127,91.37,481,6.17
2026-09-09T14:28:45.289,1788944325.2897,8876,-5578,-71.51,655,8.4
2026-09-09T14:28:45.305,1788944325.3058,8877,7096,90.97,766,9.82
2026-09-09T14:28:45.321,1788944325.3215,8878,-5061,-64.88,888,11.38
2026-09-09T14:28:45.321,1788944325.3215,8879,6946,89.05,980,12.56
2026-09-09T14:28:45.345,1788944325.3457,8880,-4515,-57.88,1079,13.83
2026-09-09T14:28:45.353,1788944325.3538,8881,6588,84.46,1126,14.44
2026-09-09T14:28:45.353,1788944325.3538,8882,-4003,-51.32,1164,14.92
2026-09-09T14:28:45.369,1788944325.3699,8883,6126,78.54,1177,15.09
2026-09-09T14:28:45.369,1788944325.3699,8884,-7221,-92.58,257,3.29
2026-09-09T14:28:45.385,1788944325.3857,8885,5560,71.28,-689,-8.83
2026-09-09T14:28:45.401,1788944325.4017,8886,-7041,-90.27,-786,-10.08
2026-09-09T14:28:45.401,1788944325.4017,8887,4735,60.71,-947,-12.14
2026-09-09T14:28:45.417,1788944325.4177,8888,-6299,-80.76,-968,-12.41
2026-09-09T14:28:45.417,1788944325.4177,8889,3696,47.38,-1042,-13.36
2026-09-09T14:28:45.433,1788944325.4335,8890,-5234,-67.1,-1036,-13.28
2026-09-09T14:28:45.449,1788944325.4492,8891,2907,37.27,-967,-12.4
2026-09-09T14:28:45.465,1788944325.4653,8892,-3894,-49.92,-829,-10.63
2026-09-09T14:28:45.465,1788944325.4653,8893,4937,63.29,14,0.18
2026-09-09T14:28:45.484,1788944325.4842,8894,-3693,-47.35,571,7.32
2026-09-09T14:28:45.497,1788944325.4972,8895,4796,61.49,586,7.51
2026-09-09T14:28:45.497,1788944325.4972,8896,-3307,-42.4,648,8.31
2026-09-09T14:28:45.497,1788944325.4972,8897,4626,59.31,702,9.0
2026-09-09T14:28:45.513,1788944325.5131,8898,-2917,-37.4,757,9.71
2026-09-09T14:28:45.529,1788944325.5294,8899,4335,55.58,781,10.01
2026-09-09T14:28:45.529,1788944325.5294,8900,-2556,-32.77,799,10.24
2026-09-09T14:28:45.545,1788944325.5453,8901,3999,51.27,805,10.32
2026-09-09T14:28:45.562,1788944325.5628,8902,-2221,-28.47,805,10.32
2026-09-09T14:28:45.562,1788944325.5628,8903,3643,46.71,800,10.26
2026-09-09T14:28:45.577,1788944325.5770,8904,-4564,-58.51,125,1.6
2026-09-09T14:28:45.592,1788944325.5928,8905,3235,41.47,-563,-7.22
2026-09-09T14:28:45.608,1788944325.6089,8906,-4520,-57.95,-654,-8.38
2026-09-09T14:28:45.608,1788944325.6089,8907,2840,36.41,-742,-9.51
2026-09-09T14:28:45.624,1788944325.6248,8908,-4358,-55.87,-800,-10.26
2026-09-09T14:28:45.624,1788944325.6248,8909,2490,31.92,-847,-10.86
2026-09-09T14:28:45.640,1788944325.6409,8910,-4132,-52.97,-878,-11.26
2026-09-09T14:28:45.640,1788944325.6409,8911,2125,27.24,-913,-11.71
2026-09-09T14:28:45.665,1788944325.6654,8912,-3808,-48.82,-923,-11.83
2026-09-09T14:28:45.672,1788944325.6727,8913,4476,57.38,-254,-3.26
2026-09-09T14:28:45.672,1788944325.6727,8914,-3456,-44.31,422,5.41
2026-09-09T14:28:45.688,1788944325.6887,8915,4468,57.28,508,6.51
2026-09-09T14:28:45.688,1788944325.6887,8916,-3108,-39.85,593,7.6
2026-09-09T14:28:45.704,1788944325.7044,8917,4343,55.68,648,8.31
2026-09-09T14:28:45.721,1788944325.7215,8918,-2766,-35.46,703,9.01
2026-09-09T14:28:45.737,1788944325.7372,8919,4157,53.29,742,9.51
2026-09-09T14:28:45.752,1788944325.7525,8920,-2462,-31.56,771,9.88
2026-09-09T14:28:45.752,1788944325.7525,8921,3877,49.71,777,9.96
2026-09-09T14:28:45.752,1788944325.7525,8922,-2114,-27.1,794,10.18
2026-09-09T14:28:45.768,1788944325.7682,8923,3529,45.24,794,10.18
2026-09-09T14:28:45.784,1788944325.7849,8924,-4545,-58.27,99,1.27
2026-09-09T14:28:45.784,1788944325.7849,8925,3153,40.42,-602,-7.72
2026-09-09T14:28:45.800,1788944325.8005,8926,-4533,-58.12,-693,-8.88
2026-09-09T14:28:45.800,1788944325.8005,8927,2795,35.83,-780,-10.0
2026-09-09T14:28:45.820,1788944325.8208,8928,-4387,-56.24,-833,-10.68
2026-09-09T14:28:45.832,1788944325.8328,8929,2457,31.5,-881,-11.29
2026-09-09T14:28:45.832,1788944325.8328,8930,-4176,-53.54,-913,-11.71
2026-09-09T14:28:45.849,1788944325.8492,8931,2117,27.14,-945,-12.12
2026-09-09T14:28:45.849,1788944325.8492,8932,-3895,-49.94,-960,-12.31
2026-09-09T14:28:45.885,1788944325.8854,8933,4600,58.97,-269,-3.45
2026-09-09T14:28:45.885,1788944325.8854,8934,-3551,-45.53,438,5.62
2026-09-09T14:28:45.896,1788944325.8970,8935,4605,59.04,525,6.73
2026-09-09T14:28:45.896,1788944325.8970,8936,-3255,-41.73,601,7.71
2026-09-09T14:28:45.912,1788944325.9130,8937,4541,58.22,659,8.45
2026-09-09T14:28:45.912,1788944325.9130,8938,-2877,-36.88,737,9.45
2026-09-09T14:28:45.929,1788944325.9291,8939,4350,55.77,784,10.05
2026-09-09T14:28:45.945,1788944325.9451,8940,-2580,-33.08,810,10.38
2026-09-09T14:28:45.945,1788944325.9451,8941,4059,52.04,812,10.41
2026-09-09T14:28:45.960,1788944325.9610,8942,-4767,-61.12,192,2.46
2026-09-09T14:28:45.960,1788944325.9610,8943,3711,47.58,-441,-5.65
2026-09-09T14:28:45.979,1788944325.9794,8944,-4812,-61.69,-540,-6.92
2026-09-09T14:28:45.985,1788944325.9854,8945,3342,42.85,-643,-8.24
2026-09-09T14:28:45.992,1788944325.9930,8946,-4780,-61.28,-727,-9.32
2026-09-09T14:28:46.025,1788944326.0254,8947,2991,38.35,-807,-10.35
2026-09-09T14:28:46.025,1788944326.0254,8948,-4638,-59.46,-859,-11.01
2026-09-09T14:28:46.025,1788944326.0254,8949,2602,33.36,-921,-11.81
2026-09-09T14:28:46.041,1788944326.0413,8950,-4391,-56.29,-957,-12.27
2026-09-09T14:28:46.041,1788944326.0413,8951,2274,29.15,-977,-12.53
2026-09-09T14:28:46.057,1788944326.0574,8952,-4055,-51.99,-975,-12.5
2026-09-09T14:28:46.073,1788944326.0734,8953,4885,62.63,-238,-3.05
2026-09-09T14:28:46.073,1788944326.0734,8954,-3711,-47.58,501,6.42
2026-09-09T14:28:46.089,1788944326.0892,8955,4822,61.82,571,7.32
2026-09-09T14:28:46.089,1788944326.0892,8956,-3343,-42.86,647,8.29
2026-09-09T14:28:46.112,1788944326.1124,8957,4709,60.37,711,9.12
2026-09-09T14:28:46.121,1788944326.1211,8958,-2945,-37.76,782,10.03
2026-09-09T14:28:46.121,1788944326.1211,8959,4466,57.26,821,10.53
2026-09-09T14:28:46.137,1788944326.1372,8960,-2572,-32.97,853,10.94
2026-09-09T14:28:46.153,1788944326.1531,8961,4102,52.59,856,10.97
2026-09-09T14:28:46.168,1788944326.1688,8962,-4796,-61.49,209,2.68
2026-09-09T14:28:46.168,1788944326.1688,8963,3713,47.6,-445,-5.71
2026-09-09T14:28:46.185,1788944326.1856,8964,-4829,-61.91,-550,-7.05
2026-09-09T14:28:46.185,1788944326.1856,8965,3333,42.73,-653,-8.37
2026-09-09T14:28:46.200,1788944326.2004,8966,-4758,-61.0,-731,-9.37
2026-09-09T14:28:46.200,1788944326.2004,8967,2942,37.72,-811,-10.4
2026-09-09T14:28:46.216,1788944326.2163,8968,-4592,-58.87,-867,-11.12
2026-09-09T14:28:46.231,1788944326.2320,8969,2548,32.67,-924,-11.85
2026-09-09T14:28:46.231,1788944326.2320,8970,-4324,-55.44,-955,-12.24
2026-09-09T14:28:46.248,1788944326.2481,8971,2157,27.65,-986,-12.64
2026-09-09T14:28:46.263,1788944326.2638,8972,-4007,-51.37,-1005,-12.88
2026-09-09T14:28:46.263,1788944326.2638,8973,4773,61.19,-271,-3.47
2026-09-09T14:28:46.279,1788944326.2798,8974,-3658,-46.9,470,6.03
2026-09-09T14:28:46.296,1788944326.2961,8975,4694,60.18,537,6.88
2026-09-09T14:28:46.296,1788944326.2961,8976,-3238,-41.51,623,7.99
2026-09-09T14:28:46.312,1788944326.3121,8977,4545,58.27,690,8.85
2026-09-09T14:28:46.312,1788944326.3121,8978,-2900,-37.18,738,9.46
2026-09-09T14:28:46.328,1788944326.3282,8979,4287,54.96,758,9.72
2026-09-09T14:28:46.343,1788944326.3439,8980,-2526,-32.38,787,10.09
2026-09-09T14:28:46.343,1788944326.3439,8981,3916,50.21,787,10.09
2026-09-09T14:28:46.359,1788944326.3598,8982,-4761,-61.04,136,1.74
2026-09-09T14:28:46.359,1788944326.3598,8983,3165,40.58,-611,-7.83
2026-09-09T14:28:46.375,1788944326.3757,8984,-4642,-59.51,-769,-9.86
2026-09-09T14:28:46.391,1788944326.3915,8985,2819,36.14,-825,-10.58
2026-09-09T14:28:46.391,1788944326.3915,8986,-4485,-57.5,-873,-11.19
2026-09-09T14:28:46.407,1788944326.4074,8987,2500,32.05,-913,-11.71
2026-09-09T14:28:46.407,1788944326.4074,8988,-4268,-54.72,-939,-12.04
2026-09-09T14:28:46.438,1788944326.4389,8989,2278,29.21,-940,-12.05
2026-09-09T14:28:46.438,1788944326.4389,8990,-4082,-52.33,-949,-12.17
2026-09-09T14:28:46.454,1788944326.4546,8991,2025,25.96,-966,-12.38
2026-09-09T14:28:46.454,1788944326.4546,8992,-3844,-49.28,-969,-12.42
2026-09-09T14:28:46.470,1788944326.4705,8993,4233,54.27,-358,-4.59
2026-09-09T14:28:46.470,1788944326.4705,8994,-3589,-46.01,258,3.31
2026-09-09T14:28:46.486,1788944326.4862,8995,4312,55.28,341,4.37
2026-09-09T14:28:46.502,1788944326.5022,8996,-3300,-42.31,433,5.55
2026-09-09T14:28:46.502,1788944326.5022,8997,4281,54.88,498,6.38
2026-09-09T14:28:46.518,1788944326.5183,8998,-3016,-38.67,561,7.19
2026-09-09T14:28:46.534,1788944326.5342,8999,4152,53.23,600,7.69
2026-09-09T14:28:46.534,1788944326.5342,9000,-2734,-35.05,638,8.18
2026-09-09T14:28:46.550,1788944326.5504,9001,3938,50.49,655,8.4
2026-09-09T14:28:46.559,1788944326.5593,9002,-4655,-59.68,121,1.55
2026-09-09T14:28:46.567,1788944326.5673,9003,3651,46.81,-431,-5.53
2026-09-09T14:28:46.587,1788944326.5877,9004,-4683,-60.04,-509,-6.53
2026-09-09T14:28:46.598,1788944326.5983,9005,3312,42.46,-601,-7.71
2026-09-09T14:28:46.598,1788944326.5983,9006,-4539,-58.19,-650,-8.33
2026-09-09T14:28:46.613,1788944326.6140,9007,3013,38.63,-689,-8.83
2026-09-09T14:28:46.613,1788944326.6140,9008,-4394,-56.33,-727,-9.32
2026-09-09T14:28:46.629,1788944326.6300,9009,2719,34.86,-764,-9.79
2026-09-09T14:28:46.629,1788944326.6300,9010,-4200,-53.85,-789,-10.12
2026-09-09T14:28:46.645,1788944326.6457,9011,2406,30.85,-819,-10.5
2026-09-09T14:28:46.661,1788944326.6615,9012,-3976,-50.97,-841,-10.78
2026-09-09T14:28:46.661,1788944326.6615,9013,4744,60.82,-201,-2.58
2026-09-09T14:28:46.687,1788944326.6878,9014,-3713,-47.6,449,5.76
2026-09-09T14:28:46.693,1788944326.6934,9015,4764,61.08,520,6.67
2026-09-09T14:28:46.693,1788944326.6934,9016,-3458,-44.33,589,7.55
2026-09-09T14:28:46.711,1788944326.7114,9017,4754,60.95,650,8.33
2026-09-09T14:28:46.734,1788944326.7348,9018,-3173,-40.68,719,9.22
2026-09-09T14:28:46.741,1788944326.7415,9019,4579,58.71,746,9.56
2026-09-09T14:28:46.744,1788944326.7443,9020,-2864,-36.72,780,10.0
2026-09-09T14:28:46.756,1788944326.7562,9021,4343,55.68,798,10.23
2026-09-09T14:28:46.763,1788944326.7633,9022,-5005,-64.17,204,2.62
2026-09-09T14:28:46.772,1788944326.7725,9023,4010,51.41,-415,-5.32
2026-09-09T14:28:46.772,1788944326.7725,9024,-5094,-65.31,-520,-6.67
2026-09-09T14:28:46.787,1788944326.7879,9025,3710,47.56,-617,-7.91
2026-09-09T14:28:46.803,1788944326.8039,9026,-4906,-62.9,-645,-8.27
2026-09-09T14:28:46.803,1788944326.8039,9027,3110,39.87,-748,-9.59
2026-09-09T14:28:46.819,1788944326.8197,9028,-4324,-55.44,-753,-9.65
2026-09-09T14:28:46.819,1788944326.8197,9029,2601,33.35,-735,-9.42
2026-09-09T14:28:46.835,1788944326.8358,9030,-4139,-53.06,-816,-10.46
2026-09-09T14:28:46.851,1788944326.8517,9031,2112,27.08,-892,-11.44
2026-09-09T14:28:46.867,1788944326.8676,9032,-3803,-48.76,-930,-11.92
2026-09-09T14:28:46.883,1788944326.8836,9033,4719,60.5,-194,-2.49
2026-09-09T14:28:46.883,1788944326.8836,9034,-3491,-44.76,536,6.87
2026-09-09T14:28:46.889,1788944326.8893,9035,4615,59.17,588,7.54
2026-09-09T14:28:46.899,1788944326.8993,9036,-3096,-39.69,660,8.46
2026-09-09T14:28:46.915,1788944326.9154,9037,4414,56.59,709,9.09
2026-09-09T14:28:46.915,1788944326.9154,9038,-2746,-35.21,746,9.56
2026-09-09T14:28:46.931,1788944326.9312,9039,4115,52.76,759,9.73
2026-09-09T14:28:46.931,1788944326.9312,9040,-2397,-30.73,771,9.88
2026-09-09T14:28:46.947,1788944326.9475,9041,3776,48.41,774,9.92
2026-09-09T14:28:46.963,1788944326.9633,9042,-4719,-60.5,109,1.4
2026-09-09T14:28:46.963,1788944326.9633,9043,3420,43.85,-561,-7.19
2026-09-09T14:28:46.981,1788944326.9819,9044,-4711,-60.4,-648,-8.31
2026-09-09T14:28:46.989,1788944326.9895,9045,3045,39.04,-740,-9.49
2026-09-09T14:28:47.012,1788944327.0125,9046,-4590,-58.85,-803,-10.29
2026-09-09T14:28:47.012,1788944327.0125,9047,2707,34.71,-857,-10.99
2026-09-09T14:28:47.012,1788944327.0125,9048,-4368,-56.0,-886,-11.36
2026-09-09T14:28:47.027,1788944327.0271,9049,2330,29.87,-925,-11.86
2026-09-09T14:28:47.043,1788944327.0431,9050,-4065,-52.12,-944,-12.1
2026-09-09T14:28:47.043,1788944327.0431,9051,1982,25.41,-955,-12.24
2026-09-09T14:28:47.059,1788944327.0593,9052,-3700,-47.44,-951,-12.19
2026-09-09T14:28:47.059,1788944327.0593,9053,4653,59.65,-192,-2.46
2026-09-09T14:28:47.075,1788944327.0751,9054,-3325,-42.63,570,7.31
2026-09-09T14:28:47.090,1788944327.0908,9055,4533,58.12,634,8.13
2026-09-09T14:28:47.106,1788944327.1070,9056,-2966,-38.03,693,8.88
2026-09-09T14:28:47.106,1788944327.1070,9057,4331,55.53,733,9.4
2026-09-09T14:28:47.122,1788944327.1228,9058,-2565,-32.88,782,10.03
2026-09-09T14:28:47.122,1788944327.1228,9059,4003,51.32,801,10.27
2026-09-09T14:28:47.140,1788944327.1403,9060,-2189,-28.06,813,10.42
2026-09-09T14:28:47.154,1788944327.1544,9061,3607,46.24,808,10.36
2026-09-09T14:28:47.154,1788944327.1544,9062,-4328,-55.49,174,2.23
2026-09-09T14:28:47.170,1788944327.1701,9063,3333,42.73,-429,-5.5
2026-09-09T14:28:47.170,1788944327.1701,9064,-4419,-56.65,-521,-6.68
2026-09-09T14:28:47.190,1788944327.1901,9065,2912,37.33,-649,-8.32
2026-09-09T14:28:47.202,1788944327.2021,9066,-4299,-55.12,-724,-9.28
2026-09-09T14:28:47.202,1788944327.2021,9067,2533,32.47,-789,-10.12
2026-09-09T14:28:47.217,1788944327.2179,9068,-4025,-51.6,-815,-10.45
2026-09-09T14:28:47.233,1788944327.2340,9069,2291,29.37,-807,-10.35
2026-09-09T14:28:47.233,1788944327.2340,9070,-3600,-46.15,-761,-9.76
2026-09-09T14:28:47.249,1788944327.2499,9071,1996,25.59,-729,-9.35
2026-09-09T14:28:47.249,1788944327.2499,9072,-3204,-41.08,-703,-9.01
2026-09-09T14:28:47.265,1788944327.2660,9073,4654,59.67,60,0.77
2026-09-09T14:28:47.290,1788944327.2903,9074,-2694,-34.54,852,10.92
2026-09-09T14:28:47.290,1788944327.2903,9075,4651,59.63,979,12.55
2026-09-09T14:28:47.297,1788944327.2979,9076,-2252,-28.87,1089,13.96
2026-09-09T14:28:47.313,1788944327.3136,9077,4620,59.23,1191,15.27
2026-09-09T14:28:47.329,1788944327.3293,9078,-1734,-22.23,1313,16.83
2026-09-09T14:28:47.329,1788944327.3293,9079,4456,57.13,1402,17.97
2026-09-09T14:28:47.329,1788944327.3293,9080,-1244,-15.95,1483,19.01
2026-09-09T14:28:47.345,1788944327.3453,9081,4337,55.6,1576,20.21
2026-09-09T14:28:47.361,1788944327.3614,9082,-3224,-41.33,1051,13.47
2026-09-09T14:28:47.370,1788944327.3701,9083,4197,53.81,521,6.68
2026-09-09T14:28:47.377,1788944327.3771,9084,-3038,-38.95,533,6.83
2026-09-09T14:28:47.392,1788944327.3929,9085,3954,50.69,518,6.64
2026-09-09T14:28:47.392,1788944327.3929,9086,-3045,-39.04,456,5.85
2026-09-09T14:28:47.408,1788944327.4089,9087,3426,43.92,322,4.13
2026-09-09T14:28:47.424,1788944327.4249,9088,-3048,-39.08,189,2.42
2026-09-09T14:28:47.424,1788944327.4249,9089,2982,38.23,78,1.0
2026-09-09T14:28:47.440,1788944327.4405,9090,-2890,-37.05,6,0.08
2026-09-09T14:28:47.456,1788944327.4565,9091,5158,66.13,590,7.56
2026-09-09T14:28:47.468,1788944327.4684,9092,-2710,-34.74,1179,15.12
2026-09-09T14:28:47.476,1788944327.4761,9093,5013,64.27,1187,15.22
2026-09-09T14:28:47.480,1788944327.4801,9094,-2511,-32.19,1201,15.4
2026-09-09T14:28:47.495,1788944327.4952,9095,4776,61.23,1191,15.27
2026-09-09T14:28:47.495,1788944327.4952,9096,-2286,-29.31,1188,15.23
2026-09-09T14:28:47.510,1788944327.5110,9097,4445,56.99,1162,14.9
2026-09-09T14:28:47.526,1788944327.5269,9098,-2093,-26.83,1127,14.45
2026-09-09T14:28:47.526,1788944327.5269,9099,4064,52.1,1080,13.85
2026-09-09T14:28:47.542,1788944327.5426,9100,-1854,-23.77,1045,13.4
2026-09-09T14:28:47.542,1788944327.5426,9101,3639,46.65,998,12.79
2026-09-09T14:28:47.559,1788944327.5599,9102,-4275,-54.81,287,3.68
2026-09-09T14:28:47.574,1788944327.5745,9103,3201,41.04,-428,-5.49
2026-09-09T14:28:47.574,1788944327.5745,9104,-4302,-55.15,-544,-6.97
2026-09-09T14:28:47.591,1788944327.5918,9105,2705,34.68,-675,-8.65
2026-09-09T14:28:47.606,1788944327.6063,9106,-4225,-54.17,-780,-10.0
2026-09-09T14:28:47.606,1788944327.6063,9107,2299,29.47,-862,-11.05
2026-09-09T14:28:47.622,1788944327.6224,9108,-4061,-52.06,-922,-11.82
2026-09-09T14:28:47.622,1788944327.6224,9109,1908,24.46,-979,-12.55
2026-09-09T14:28:47.638,1788944327.6385,9110,-3764,-48.26,-1003,-12.86
2026-09-09T14:28:47.638,1788944327.6385,9111,4251,54.5,-343,-4.4
2026-09-09T14:28:47.654,1788944327.6544,9112,-3446,-44.18,323,4.14
2026-09-09T14:28:47.670,1788944327.6701,9113,4233,54.27,398,5.1
2026-09-09T14:28:47.670,1788944327.6701,9114,-3061,-39.24,489,6.27
2026-09-09T14:28:47.698,1788944327.6982,9115,4099,52.55,552,7.08
2026-09-09T14:28:47.702,1788944327.7022,9116,-2733,-35.04,601,7.71
2026-09-09T14:28:47.718,1788944327.7181,9117,3894,49.92,631,8.09
2026-09-09T14:28:47.721,1788944327.7219,9118,-2366,-30.33,672,8.62
2026-09-09T14:28:47.735,1788944327.7358,9119,3577,45.86,684,8.77
2026-09-09T14:28:47.735,1788944327.7358,9120,-2033,-26.06,688,8.82
2026-09-09T14:28:47.749,1788944327.7499,9121,3223,41.32,683,8.76
2026-09-09T14:28:47.749,1788944327.7499,9122,-4433,-56.83,-5,-0.06
2026-09-09T14:28:47.765,1788944327.7658,9123,2813,36.06,-708,-9.08
2026-09-09T14:28:47.782,1788944327.7820,9124,-4386,-56.23,-799,-10.24
2026-09-09T14:28:47.791,1788944327.7919,9125,2410,30.9,-888,-11.38
2026-09-09T14:28:47.797,1788944327.7980,9126,-4298,-55.1,-966,-12.38
2026-09-09T14:28:47.813,1788944327.8140,9127,2036,26.1,-1038,-13.31
2026-09-09T14:28:47.813,1788944327.8140,9128,-4071,-52.19,-1075,-13.78
2026-09-09T14:28:47.829,1788944327.8298,9129,1719,22.04,-1097,-14.06
2026-09-09T14:28:47.845,1788944327.8457,9130,-3748,-48.05,-1096,-14.05
2026-09-09T14:28:47.845,1788944327.8457,9131,4127,52.91,-413,-5.29
2026-09-09T14:28:47.861,1788944327.8617,9132,-3309,-42.42,299,3.83
2026-09-09T14:28:47.877,1788944327.8775,9133,3715,47.63,306,3.92
2026-09-09T14:28:47.877,1788944327.8775,9134,-2880,-36.92,310,3.97
2026-09-09T14:28:47.892,1788944327.8922,9135,3503,44.91,364,4.67
2026-09-09T14:28:47.893,1788944327.8933,9136,-2498,-32.03,407,5.22
2026-09-09T14:28:47.909,1788944327.9093,9137,3237,41.5,436,5.59
2026-09-09T14:28:47.909,1788944327.9093,9138,-2149,-27.55,456,5.85
2026-09-09T14:28:47.925,1788944327.9251,9139,2986,38.28,481,6.17
2026-09-09T14:28:47.940,1788944327.9408,9140,-1798,-23.05,506,6.49
2026-09-09T14:28:47.940,1788944327.9408,9141,2798,35.87,547,7.01
2026-09-09T14:28:47.956,1788944327.9568,9142,-3960,-50.77,-41,-0.53
2026-09-09T14:28:47.972,1788944327.9728,9143,2668,34.21,-614,-7.87
2026-09-09T14:28:47.988,1788944327.9884,9144,-3928,-50.36,-638,-8.18
2026-09-09T14:28:47.992,1788944327.9924,9145,2584,33.13,-651,-8.35
2026-09-09T14:28:47.992,1788944327.9924,9146,-3893,-49.91,-664,-8.51
2026-09-09T14:28:48.004,1788944328.0044,9147,2280,29.23,-731,-9.37
2026-09-09T14:28:48.020,1788944328.0202,9148,-3872,-49.64,-802,-10.28
2026-09-09T14:28:48.020,1788944328.0202,9149,1649,21.14,-954,-12.23
2026-09-09T14:28:48.036,1788944328.0366,9150,-4017,-51.5,-1148,-14.72
2026-09-09T14:28:48.052,1788944328.0522,9151,3640,46.67,-687,-8.81
2026-09-09T14:28:48.052,1788944328.0522,9152,-4468,-57.28,-302,-3.87
2026-09-09T14:28:48.068,1788944328.0683,9153,776,9.95,-1130,-14.49
2026-09-09T14:28:48.084,1788944328.0840,9154,-8421,-107.96,-2835,-36.35
2026-09-09T14:28:48.092,1788944328.0926,9155,-3136,-40.21,-4801,-61.55
2026-09-09T14:28:48.100,1788944328.1001,9156,-8918,-114.33,-5903,-75.68
2026-09-09T14:28:48.100,1788944328.1001,9157,-4450,-57.05,-6356,-81.49
2026-09-09T14:28:48.116,1788944328.1162,9158,-9431,-120.91,-6813,-87.35
2026-09-09T14:28:48.131,1788944328.1319,9159,-6138,-78.69,-7363,-94.4
2026-09-09T14:28:48.131,1788944328.1319,9160,-9940,-127.44,-7912,-101.44
2026-09-09T14:28:48.147,1788944328.1477,9161,-7390,-94.74,-8352,-107.08
2026-09-09T14:28:48.163,1788944328.1634,9162,-13017,-166.88,-9435,-120.96
2026-09-09T14:28:48.163,1788944328.1634,9163,-10603,-135.94,-11007,-141.12
2026-09-09T14:28:48.179,1788944328.1794,9164,-16540,-212.05,-12691,-162.71
2026-09-09T14:28:48.192,1788944328.1927,9165,-14040,-180.0,-14431,-185.01
2026-09-09T14:28:48.195,1788944328.1953,9166,-17706,-227.0,-15582,-199.77
2026-09-09T14:28:48.211,1788944328.2114,9167,-15062,-193.1,-16129,-206.78
2026-09-09T14:28:48.227,1788944328.2271,9168,-17796,-228.15,-16407,-210.35
2026-09-09T14:28:48.227,1788944328.2271,9169,-16410,-210.38,-16766,-214.95
2026-09-09T14:28:48.242,1788944328.2429,9170,-20299,-260.24,-17729,-227.29
2026-09-09T14:28:48.242,1788944328.2429,9171,-19282,-247.21,-19073,-244.53
2026-09-09T14:28:48.259,1788944328.2591,9172,-24379,-312.55,-20811,-266.81
2026-09-09T14:28:48.274,1788944328.2750,9173,-22772,-291.95,-22703,-291.06
2026-09-09T14:28:48.274,1788944328.2750,9174,-28210,-361.67,-24534,-314.54
2026-09-09T14:28:48.292,1788944328.2926,9175,-27233,-349.14,-26607,-341.12
2026-09-09T14:28:48.292,1788944328.2926,9176,-29536,-378.67,-28053,-359.65
2026-09-09T14:28:48.307,1788944328.3072,9177,-29306,-375.72,-28903,-370.55
2026-09-09T14:28:48.323,1788944328.3232,9178,-28964,-371.33,-29278,-375.36
2026-09-09T14:28:48.323,1788944328.3232,9179,-28738,-368.44,-28993,-371.71
2026-09-09T14:28:48.339,1788944328.3393,9180,-28402,-364.13,-28711,-368.09
2026-09-09T14:28:48.339,1788944328.3393,9181,-28181,-361.29,-28431,-364.5
2026-09-09T14:28:48.355,1788944328.3554,9182,-27961,-358.47,-28182,-361.31
2026-09-09T14:28:48.371,1788944328.3713,9183,-27217,-348.94,-27830,-356.79
2026-09-09T14:28:48.371,1788944328.3713,9184,-27423,-351.58,-27455,-351.99
2026-09-09T14:28:48.392,1788944328.3928,9185,-23980,-307.44,-26511,-339.88
2026-09-09T14:28:48.403,1788944328.4033,9186,-23787,-304.96,-24793,-317.86
2026-09-09T14:28:48.419,1788944328.4190,9187,-18725,-240.06,-22570,-289.36
2026-09-09T14:28:48.419,1788944328.4190,9188,-19072,-244.51,-20078,-257.41
2026-09-09T14:28:48.435,1788944328.4351,9189,-14841,-190.27,-17928,-229.85
2026-09-09T14:28:48.435,1788944328.4351,9190,-14798,-189.72,-15888,-203.69
2026-09-09T14:28:48.451,1788944328.4512,9191,-10283,-131.83,-13680,-175.38
2026-09-09T14:28:48.451,1788944328.4512,9192,-10716,-137.38,-11520,-147.69
2026-09-09T14:28:48.467,1788944328.4673,9193,-7264,-93.13,-9745,-124.94
2026-09-09T14:28:48.483,1788944328.4831,9194,-8986,-115.21,-8558,-109.72
2026-09-09T14:28:48.492,1788944328.4928,9195,-6071,-77.83,-7827,-100.35
2026-09-09T14:28:48.498,1788944328.4989,9196,-7286,-93.41,-7104,-91.08
2026-09-09T14:28:48.514,1788944328.5146,9197,-3431,-43.99,-6019,-77.17
2026-09-09T14:28:48.514,1788944328.5146,9198,-3510,-45.0,-4415,-56.6
2026-09-09T14:28:48.530,1788944328.5305,9199,-257,-3.29,-2677,-34.32
2026-09-09T14:28:48.546,1788944328.5462,9200,-1802,-23.1,-1457,-18.68
2026-09-09T14:28:48.560,1788944328.5601,9201,247,3.17,-904,-11.59
2026-09-09T14:28:48.565,1788944328.5658,9202,-3044,-39.03,-1088,-13.95
2026-09-09T14:28:48.570,1788944328.5702,9203,1962,25.15,-970,-12.44
2026-09-09T14:28:48.577,1788944328.5778,9204,43,0.55,230,2.95
2026-09-09T14:28:48.593,1788944328.5937,9205,5487,70.35,1883,24.14
2026-09-09T14:28:48.593,1788944328.5937,9206,2959,37.94,3494,44.79
2026-09-09T14:28:48.609,1788944328.6098,9207,6581,84.37,4496,57.64
2026-09-09T14:28:48.625,1788944328.6256,9208,2285,29.29,4601,58.99
2026-09-09T14:28:48.625,1788944328.6256,9209,4651,59.63,3950,50.64
2026-09-09T14:28:48.641,1788944328.6413,9210,1583,20.29,3292,42.21
2026-09-09T14:28:48.641,1788944328.6413,9211,7260,93.08,3769,48.32
2026-09-09T14:28:48.657,1788944328.6574,9212,4032,51.69,5033,64.53
2026-09-09T14:28:48.657,1788944328.6574,9213,9436,120.97,6190,79.36
2026-09-09T14:28:48.689,1788944328.6893,9214,5288,67.79,7048,90.36
2026-09-09T14:28:48.692,1788944328.6927,9215,9974,127.87,7496,96.1
2026-09-09T14:28:48.692,1788944328.6927,9216,4154,53.26,7347,94.19
2026-09-09T14:28:48.705,1788944328.7053,9217,8034,103.0,6579,84.35
2026-09-09T14:28:48.723,1788944328.7232,9218,3450,44.23,5918,75.87
2026-09-09T14:28:48.737,1788944328.7373,9219,8264,105.95,5799,74.35
2026-09-09T14:28:48.737,1788944328.7373,9220,2952,37.85,5732,73.49
2026-09-09T14:28:48.737,1788944328.7373,9221,10383,133.12,6137,78.68
2026-09-09T14:28:48.753,1788944328.7530,9222,4257,54.58,6993,89.65
2026-09-09T14:28:48.769,1788944328.7691,9223,10685,136.99,7395,94.81
2026-09-09T14:28:48.769,1788944328.7691,9224,4316,55.33,7485,95.96
2026-09-09T14:28:48.792,1788944328.7926,9225,10632,136.31,7487,95.99
2026-09-09T14:28:48.800,1788944328.8009,9226,4309,55.24,7472,95.79
2026-09-09T14:28:48.800,1788944328.8009,9227,10710,137.31,7490,96.03
2026-09-09T14:28:48.832,1788944328.8323,9228,5121,65.65,7712,98.87
2026-09-09T14:28:48.840,1788944328.8405,9229,12326,158.03,8319,106.65
2026-09-09T14:28:48.840,1788944328.8405,9230,7892,101.18,9416,120.72
2026-09-09T14:28:48.848,1788944328.8481,9231,17181,220.27,11322,145.15
2026-09-09T14:28:48.864,1788944328.8641,9232,10577,135.6,13207,169.32
2026-09-09T14:28:48.864,1788944328.8641,9233,19056,244.31,14347,183.94
2026-09-09T14:28:48.880,1788944328.8801,9234,11634,149.15,15080,193.33
2026-09-09T14:28:48.892,1788944328.8929,9235,19631,251.68,15488,198.56
2026-09-09T14:28:48.895,1788944328.8960,9236,12119,155.37,15753,201.96
2026-09-09T14:28:48.911,1788944328.9119,9237,19431,249.12,15825,202.88
2026-09-09T14:28:48.927,1788944328.9278,9238,11748,150.62,15682,201.05
2026-09-09T14:28:48.927,1788944328.9278,9239,17783,227.99,15177,194.58
2026-09-09T14:28:48.927,1788944328.9278,9240,7429,95.24,13685,175.45
2026-09-09T14:28:48.943,1788944328.9434,9241,15384,197.23,12006,153.92
2026-09-09T14:28:48.959,1788944328.9596,9242,5274,67.62,10867,139.32
2026-09-09T14:28:48.975,1788944328.9755,9243,12831,164.5,9690,124.23
2026-09-09T14:28:48.975,1788944328.9755,9244,3195,40.96,8532,109.38
2026-09-09T14:28:48.993,1788944328.9938,9245,11374,145.82,7648,98.05
2026-09-09T14:28:48.993,1788944328.9938,9246,3542,45.41,7371,94.5
2026-09-09T14:28:49.007,1788944329.0074,9247,11746,150.59,7551,96.81
2026-09-09T14:28:49.023,1788944329.0231,9248,3779,48.45,7703,98.76
2026-09-09T14:28:49.023,1788944329.0231,9249,10200,130.77,7376,94.56
2026-09-09T14:28:49.039,1788944329.0392,9250,2480,31.79,6664,85.44
2026-09-09T14:28:49.039,1788944329.0392,9251,12173,156.06,6833,87.6
2026-09-09T14:28:49.054,1788944329.0549,9252,2693,34.53,7379,94.6
2026-09-09T14:28:49.071,1788944329.0711,9253,13712,175.79,7817,100.22
2026-09-09T14:28:49.071,1788944329.0711,9254,4468,57.28,8646,110.85
2026-09-09T14:28:49.093,1788944329.0931,9255,14118,181.0,9191,117.83
2026-09-09T14:28:49.102,1788944329.1027,9256,3857,49.45,9140,117.18
2026-09-09T14:28:49.102,1788944329.1027,9257,12326,158.03,8539,109.47
2026-09-09T14:28:49.118,1788944329.1188,9258,1405,18.01,7478,95.87
2026-09-09T14:28:49.134,1788944329.1346,9259,9800,125.64,6234,79.92
2026-09-09T14:28:49.134,1788944329.1346,9260,-2843,-36.45,4540,58.21
2026-09-09T14:28:49.150,1788944329.1508,9261,9095,116.6,3302,42.33
2026-09-09T14:28:49.150,1788944329.1508,9262,-3691,-47.32,2914,37.36
2026-09-09T14:28:49.166,1788944329.1666,9263,7087,90.86,2200,28.21
2026-09-09T14:28:49.182,1788944329.1824,9264,-4135,-53.01,1587,20.35
2026-09-09T14:28:49.193,1788944329.1935,9265,8145,104.42,1740,22.31
2026-09-09T14:28:49.198,1788944329.1985,9266,-2590,-33.21,2391,30.65
2026-09-09T14:28:49.214,1788944329.2144,9267,7611,97.58,2644,33.9
2026-09-09T14:28:49.214,1788944329.2144,9268,-3292,-42.21,2335,29.94
2026-09-09T14:28:49.230,1788944329.2303,9269,6797,87.14,1956,25.08
2026-09-09T14:28:49.246,1788944329.2464,9270,-3678,-47.15,1656,21.23
2026-09-09T14:28:49.246,1788944329.2464,9271,11232,144.0,2668,34.21
2026-09-09T14:28:49.262,1788944329.2623,9272,-3361,-43.09,3856,49.44
2026-09-09T14:28:49.262,1788944329.2623,9273,9463,121.32,3493,44.78
2026-09-09T14:28:49.278,1788944329.2781,9274,-3307,-42.4,3064,39.28
2026-09-09T14:28:49.293,1788944329.2939,9275,11108,142.41,3489,44.73
2026-09-09T14:28:49.293,1788944329.2939,9276,-2294,-29.41,4153,53.24
2026-09-09T14:28:49.309,1788944329.3097,9277,10248,131.38,4192,53.74
2026-09-09T14:28:49.309,1788944329.3097,9278,-2141,-27.45,4015,51.47
2026-09-09T14:28:49.325,1788944329.3258,9279,10043,128.76,4002,51.31
2026-09-09T14:28:49.341,1788944329.3415,9280,-6030,-77.31,2978,38.18
2026-09-09T14:28:49.341,1788944329.3415,9281,9552,122.46,1883,24.14
2026-09-09T14:28:49.357,1788944329.3574,9282,-6370,-81.67,1676,21.49
2026-09-09T14:28:49.373,1788944329.3734,9283,9105,116.73,1479,18.96
2026-09-09T14:28:49.389,1788944329.3891,9284,-6606,-84.69,1308,16.77
2026-09-09T14:28:49.395,1788944329.3953,9285,8434,108.13,1081,13.86
2026-09-09T14:28:49.395,1788944329.3953,9286,-6208,-79.59,1013,12.99
2026-09-09T14:28:49.405,1788944329.4053,9287,7929,101.65,986,12.64
2026-09-09T14:28:49.421,1788944329.4211,9288,-5685,-72.88,991,12.71
2026-09-09T14:28:49.421,1788944329.4211,9289,7578,97.15,1034,13.26
2026-09-09T14:28:49.437,1788944329.4372,9290,-5302,-67.97,1042,13.36
2026-09-09T14:28:49.453,1788944329.4531,9291,11722,150.28,2174,27.87
2026-09-09T14:28:49.453,1788944329.4531,9292,-4588,-58.82,3388,43.44
2026-09-09T14:28:49.468,1788944329.4689,9293,11419,146.4,3491,44.76
2026-09-09T14:28:49.484,1788944329.4850,9294,-3205,-41.09,3761,48.22
2026-09-09T14:28:49.484,1788944329.4850,9295,11580,148.46,4147,53.17
2026-09-09T14:28:49.501,1788944329.5010,9296,-1677,-21.5,4569,58.58
2026-09-09T14:28:49.501,1788944329.5010,9297,11050,141.67,4819,61.78
2026-09-09T14:28:49.532,1788944329.5327,9298,-1789,-22.94,4658,59.72
2026-09-09T14:28:49.532,1788944329.5327,9299,9773,125.29,4311,55.27
2026-09-09T14:28:49.532,1788944329.5327,9300,-6196,-79.44,2890,37.05
2026-09-09T14:28:49.550,1788944329.5509,9301,9162,117.46,1635,20.96
2026-09-09T14:28:49.565,1788944329.5651,9302,-6312,-80.92,1454,18.64
2026-09-09T14:28:49.567,1788944329.5672,9303,8785,112.63,1330,17.05
2026-09-09T14:28:49.581,1788944329.5813,9304,-6863,-87.99,1098,14.08
2026-09-09T14:28:49.581,1788944329.5813,9305,7895,101.22,738,9.46
2026-09-09T14:28:49.597,1788944329.5976,9306,-7188,-92.15,434,5.56
2026-09-09T14:28:49.613,1788944329.6134,9307,6782,86.95,75,0.96
2026-09-09T14:28:49.613,1788944329.6134,9308,-6574,-84.28,-50,-0.64
2026-09-09T14:28:49.629,1788944329.6292,9309,6862,87.97,124,1.59
2026-09-09T14:28:49.629,1788944329.6292,9310,-5017,-64.32,533,6.83
2026-09-09T14:28:49.645,1788944329.6453,9311,11260,144.36,2022,25.92
2026-09-09T14:28:49.661,1788944329.6615,9312,-4900,-62.82,3150,40.38
2026-09-09T14:28:49.677,1788944329.6773,9313,10590,135.77,3012,38.62
2026-09-09T14:28:49.677,1788944329.6773,9314,-4773,-61.19,2876,36.87
2026-09-09T14:28:49.695,1788944329.6954,9315,10384,133.13,2857,36.63
2026-09-09T14:28:49.709,1788944329.7094,9316,-4146,-53.15,2962,37.97
2026-09-09T14:28:49.715,1788944329.7159,9317,10061,128.99,3038,38.95
2026-09-09T14:28:49.721,1788944329.7217,9318,-3311,-42.45,3166,40.59
2026-09-09T14:28:49.727,1788944329.7271,9319,9464,121.33,3225,41.35
2026-09-09T14:28:49.741,1788944329.7411,9320,-7238,-92.79,2094,26.85
2026-09-09T14:28:49.741,1788944329.7411,9321,8853,113.5,960,12.31
2026-09-09T14:28:49.756,1788944329.7570,9322,-7083,-90.81,846,10.85
2026-09-09T14:28:49.772,1788944329.7728,9323,8242,105.67,732,9.38
2026-09-09T14:28:49.772,1788944329.7728,9324,-7049,-90.37,588,7.54
2026-09-09T14:28:49.788,1788944329.7887,9325,7324,93.9,367,4.71
2026-09-09T14:28:49.804,1788944329.8047,9326,-7168,-91.9,107,1.37
2026-09-09T14:28:49.804,1788944329.8047,9327,6487,83.17,-132,-1.69
2026-09-09T14:28:49.820,1788944329.8205,9328,-6870,-88.08,-266,-3.41
2026-09-09T14:28:49.820,1788944329.8205,9329,6050,77.56,-301,-3.86
2026-09-09T14:28:49.836,1788944329.8362,9330,-6286,-80.59,-264,-3.38
2026-09-09T14:28:49.852,1788944329.8521,9331,10061,128.99,884,11.33
2026-09-09T14:28:49.852,1788944329.8521,9332,-5629,-72.17,2051,26.29
2026-09-09T14:28:49.868,1788944329.8682,9333,9762,125.15,2141,27.45
2026-09-09T14:28:49.884,1788944329.8843,9334,-4617,-59.19,2319,29.73
2026-09-09T14:28:49.884,1788944329.8843,9335,9478,121.51,2501,32.06
2026-09-09T14:28:49.900,1788944329.9002,9336,-3605,-46.22,2683,34.4
2026-09-09T14:28:49.900,1788944329.9002,9337,8909,114.22,2794,35.82
2026-09-09T14:28:49.916,1788944329.9163,9338,-2641,-33.86,2893,37.09
2026-09-09T14:28:49.932,1788944329.9320,9339,8344,106.97,2992,38.36
2026-09-09T14:28:49.947,1788944329.9478,9340,-6762,-86.69,1821,23.35
2026-09-09T14:28:49.947,1788944329.9478,9341,7574,97.1,598,7.67
2026-09-09T14:28:49.963,1788944329.9635,9342,-6568,-84.21,454,5.82
2026-09-09T14:28:49.963,1788944329.9635,9343,6930,88.85,342,4.38
2026-09-09T14:28:49.979,1788944329.9795,9344,-6164,-79.03,282,3.62
2026-09-09T14:28:49.996,1788944329.9962,9345,6298,80.74,225,2.88
2026-09-09T14:28:49.997,1788944329.9976,9346,-5529,-70.88,225,2.88
2026-09-09T14:28:50.011,1788944330.0111,9347,5527,70.86,191,2.45
2026-09-09T14:28:50.011,1788944330.0111,9348,-5064,-64.92,115,1.47
2026-09-09T14:28:50.027,1788944330.0271,9349,4774,61.21,43,0.55
2026-09-09T14:28:50.042,1788944330.0429,9350,-4438,-56.9,11,0.14
2026-09-09T14:28:50.042,1788944330.0429,9351,9394,120.44,1323,16.96
2026-09-09T14:28:50.059,1788944330.0590,9352,-3896,-49.95,2613,33.5
2026-09-09T14:28:50.059,1788944330.0590,9353,9162,117.46,2691,34.5
2026-09-09T14:28:50.074,1788944330.0749,9354,-3286,-42.13,2785,35.71
2026-09-09T14:28:50.096,1788944330.0965,9355,8728,111.9,2829,36.27
2026-09-09T14:28:50.096,1788944330.0965,9356,-2759,-35.37,2852,36.56
2026-09-09T14:28:50.106,1788944330.1066,9357,8077,103.55,2821,36.17
2026-09-09T14:28:50.122,1788944330.1226,9358,-2187,-28.04,2802,35.92
2026-09-09T14:28:50.122,1788944330.1226,9359,7384,94.67,2771,35.53
2026-09-09T14:28:50.138,1788944330.1383,9360,-7400,-94.87,1295,16.6
2026-09-09T14:28:50.154,1788944330.1544,9361,6635,85.06,-196,-2.51
2026-09-09T14:28:50.154,1788944330.1544,9362,-7245,-92.88,-344,-4.41
2026-09-09T14:28:50.170,1788944330.1703,9363,5984,76.72,-468,-6.0
2026-09-09T14:28:50.186,1788944330.1864,9364,-6945,-89.04,-556,-7.13
2026-09-09T14:28:50.186,1788944330.1864,9365,5290,67.82,-654,-8.38
2026-09-09T14:28:50.202,1788944330.2024,9366,-6319,-81.01,-671,-8.6
2026-09-09T14:28:50.210,1788944330.2108,9367,4679,59.99,-668,-8.56
2026-09-09T14:28:50.218,1788944330.2183,9368,-5556,-71.23,-630,-8.08
2026-09-09T14:28:50.234,1788944330.2344,9369,9460,121.28,756,9.69
2026-09-09T14:28:50.234,1788944330.2344,9370,-4519,-57.94,2211,28.35
2026-09-09T14:28:50.250,1788944330.2503,9371,9738,124.85,2540,32.56
2026-09-09T14:28:50.266,1788944330.2663,9372,-3229,-41.4,2932,37.59
2026-09-09T14:28:50.266,1788944330.2663,9373,9769,125.24,3262,41.82
2026-09-09T14:28:50.282,1788944330.2823,9374,-2969,-38.06,3335,42.76
2026-09-09T14:28:50.282,1788944330.2823,9375,8487,108.81,3079,39.47
2026-09-09T14:28:50.298,1788944330.2984,9376,-2898,-37.15,2776,35.59
2026-09-09T14:28:50.298,1788944330.2984,9377,7798,99.97,2622,33.62
2026-09-09T14:28:50.314,1788944330.3145,9378,-1801,-23.09,2724,34.92
2026-09-09T14:28:50.330,1788944330.3304,9379,7414,95.05,2902,37.21
2026-09-09T14:28:50.330,1788944330.3304,9380,-7281,-93.35,1436,18.41
2026-09-09T14:28:50.362,1788944330.3624,9381,6292,80.67,-214,-2.74
2026-09-09T14:28:50.362,1788944330.3624,9382,-7732,-99.13,-608,-7.79
2026-09-09T14:28:50.362,1788944330.3624,9383,5070,65.0,-1026,-13.15
2026-09-09T14:28:50.378,1788944330.3781,9384,-7663,-98.24,-1314,-16.85
2026-09-09T14:28:50.397,1788944330.3970,9385,4344,55.69,-1478,-18.95
2026-09-09T14:28:50.397,1788944330.3970,9386,-7138,-91.51,-1529,-19.6
2026-09-09T14:28:50.410,1788944330.4101,9387,3575,45.83,-1590,-20.38
2026-09-09T14:28:50.410,1788944330.4101,9388,-6655,-85.32,-1661,-21.29
2026-09-09T14:28:50.425,1788944330.4259,9389,8189,104.99,-387,-4.96
2026-09-09T14:28:50.441,1788944330.4418,9390,-6090,-78.08,908,11.64
2026-09-09T14:28:50.441,1788944330.4418,9391,7981,102.32,997,12.78
2026-09-09T14:28:50.457,1788944330.4578,9392,-5348,-68.56,1131,14.5
2026-09-09T14:28:50.457,1788944330.4578,9393,7746,99.31,1257,16.12
2026-09-09T14:28:50.473,1788944330.4737,9394,-4473,-57.35,1417,18.17
2026-09-09T14:28:50.497,1788944330.4972,9395,7632,97.85,1608,20.62
2026-09-09T14:28:50.505,1788944330.5058,9396,-3074,-39.41,1929,24.73
2026-09-09T14:28:50.505,1788944330.5058,9397,7468,95.74,2238,28.69
2026-09-09T14:28:50.521,1788944330.5219,9398,-2256,-28.92,2401,30.78
2026-09-09T14:28:50.521,1788944330.5219,9399,6852,87.85,2452,31.44
2026-09-09T14:28:50.537,1788944330.5377,9400,-7667,-98.29,945,12.12
2026-09-09T14:28:50.553,1788944330.5537,9401,6233,79.91,-563,-7.22
2026-09-09T14:28:50.562,1788944330.5627,9402,-7427,-95.22,-657,-8.42
2026-09-09T14:28:50.570,1788944330.5704,9403,5633,72.22,-747,-9.58
2026-09-09T14:28:50.570,1788944330.5704,9404,-6992,-89.64,-789,-10.12
2026-09-09T14:28:50.585,1788944330.5857,9405,4875,62.5,-869,-11.14
2026-09-09T14:28:50.601,1788944330.6015,9406,-6566,-84.18,-952,-12.21
2026-09-09T14:28:50.601,1788944330.6015,9407,4023,51.58,-1059,-13.58
2026-09-09T14:28:50.617,1788944330.6176,9408,-6026,-77.26,-1137,-14.58
2026-09-09T14:28:50.633,1788944330.6334,9409,8805,112.88,194,2.49
2026-09-09T14:28:50.649,1788944330.6494,9410,-5376,-68.92,1552,19.9
2026-09-09T14:28:50.649,1788944330.6494,9411,8520,109.23,1643,21.06
2026-09-09T14:28:50.665,1788944330.6654,9412,-4810,-61.67,1713,21.96
2026-09-09T14:28:50.665,1788944330.6654,9413,8068,103.44,1742,22.33
2026-09-09T14:28:50.681,1788944330.6812,9414,-4150,-53.21,1794,23.0
2026-09-09T14:28:50.681,1788944330.6812,9415,7545,96.73,1828,23.44
2026-09-09T14:28:50.697,1788944330.6974,9416,-3478,-44.59,1865,23.91
2026-09-09T14:28:50.713,1788944330.7132,9417,6911,88.6,1875,24.04
2026-09-09T14:28:50.721,1788944330.7216,9418,-2777,-35.6,1891,24.24
2026-09-09T14:28:50.730,1788944330.7305,9419,6238,79.97,1898,24.33
2026-09-09T14:28:50.730,1788944330.7305,9420,-8268,-106.0,357,4.58
2026-09-09T14:28:50.745,1788944330.7450,9421,5582,71.56,-1179,-15.12
2026-09-09T14:28:50.760,1788944330.7610,9422,-8041,-103.09,-1287,-16.5
2026-09-09T14:28:50.777,1788944330.7771,9423,4896,62.77,-1401,-17.96
2026-09-09T14:28:50.777,1788944330.7771,9424,-7620,-97.69,-1468,-18.82
2026-09-09T14:28:50.792,1788944330.7929,9425,4250,54.49,-1524,-19.54
2026-09-09T14:28:50.798,1788944330.7989,9426,-6990,-89.62,-1528,-19.59
2026-09-09T14:28:50.808,1788944330.8090,9427,3700,47.44,-1508,-19.33
2026-09-09T14:28:50.827,1788944330.8279,9428,-6187,-79.32,-1445,-18.53
2026-09-09T14:28:50.827,1788944330.8279,9429,8629,110.63,-12,-0.15
2026-09-09T14:28:50.840,1788944330.8405,9430,-5422,-69.51,1412,18.1
2026-09-09T14:28:50.840,1788944330.8405,9431,8507,109.06,1573,20.17
2026-09-09T14:28:50.856,1788944330.8565,9432,-4611,-59.12,1745,22.37
2026-09-09T14:28:50.872,1788944330.8725,9433,8225,105.45,1877,24.06
2026-09-09T14:28:50.872,1788944330.8725,9434,-3807,-48.81,2008,25.74
2026-09-09T14:28:50.888,1788944330.8886,9435,7781,99.76,2098,26.9
2026-09-09T14:28:50.898,1788944330.8990,9436,-3077,-39.45,2169,27.81
2026-09-09T14:28:50.904,1788944330.9046,9437,7185,92.12,2203,28.24
2026-09-09T14:28:50.920,1788944330.9206,9438,-2343,-30.04,2237,28.68
2026-09-09T14:28:50.936,1788944330.9366,9439,6485,83.14,2246,28.79
2026-09-09T14:28:50.936,1788944330.9366,9440,-7934,-101.72,673,8.63
2026-09-09T14:28:50.952,1788944330.9523,9441,5759,73.83,-906,-11.62
2026-09-09T14:28:50.952,1788944330.9523,9442,-7764,-99.54,-1045,-13.4
2026-09-09T14:28:50.968,1788944330.9684,9443,5008,64.21,-1191,-15.27
2026-09-09T14:28:50.968,1788944330.9684,9444,-7415,-95.06,-1291,-16.55
2026-09-09T14:28:50.984,1788944330.9842,9445,4260,54.62,-1391,-17.83
2026-09-09T14:28:51.002,1788944331.0025,9446,-6904,-88.51,-1450,-18.59
2026-09-09T14:28:51.015,1788944331.0153,9447,3505,44.94,-1511,-19.37
2026-09-09T14:28:51.015,1788944331.0153,9448,-6260,-80.26,-1539,-19.73
2026-09-09T14:28:51.031,1788944331.0310,9449,8433,108.12,-146,-1.87
2026-09-09T14:28:51.031,1788944331.0310,9450,-5548,-71.13,1264,16.21
2026-09-09T14:28:51.046,1788944331.0469,9451,8238,105.62,1393,17.86
2026-09-09T14:28:51.062,1788944331.0626,9452,-4844,-62.1,1521,19.5
2026-09-09T14:28:51.062,1788944331.0626,9453,7885,101.09,1608,20.62
2026-09-09T14:28:51.078,1788944331.0785,9454,-4078,-52.28,1712,21.95
2026-09-09T14:28:51.078,1788944331.0785,9455,7404,94.92,1783,22.86
2026-09-09T14:28:51.100,1788944331.1007,9456,-3337,-42.78,1848,23.69
2026-09-09T14:28:51.110,1788944331.1103,9457,6798,87.15,1882,24.13
2026-09-09T14:28:51.110,1788944331.1103,9458,-2573,-32.99,1921,24.63
2026-09-09T14:28:51.126,1788944331.1261,9459,6149,78.83,1950,25.0
2026-09-09T14:28:51.141,1788944331.1420,9460,-8192,-105.03,383,4.91
2026-09-09T14:28:51.141,1788944331.1420,9461,5493,70.42,-1186,-15.21
2026-09-09T14:28:51.157,1788944331.1580,9462,-7929,-101.65,-1284,-16.46
2026-09-09T14:28:51.174,1788944331.1741,9463,4786,61.36,-1395,-17.88
2026-09-09T14:28:51.174,1788944331.1741,9464,-7488,-96.0,-1462,-18.74
2026-09-09T14:28:51.189,1788944331.1898,9465,4092,52.46,-1525,-19.55
2026-09-09T14:28:51.205,1788944331.2057,9466,-6895,-88.4,-1550,-19.87
2026-09-09T14:28:51.205,1788944331.2057,9467,3431,43.99,-1567,-20.09
2026-09-09T14:28:51.221,1788944331.2214,9468,-6190,-79.36,-1556,-19.95
2026-09-09T14:28:51.221,1788944331.2214,9469,8450,108.33,-125,-1.6
2026-09-09T14:28:51.237,1788944331.2374,9470,-5442,-69.77,1317,16.88
2026-09-09T14:28:51.253,1788944331.2532,9471,8250,105.77,1454,18.64
2026-09-09T14:28:51.253,1788944331.2532,9472,-4688,-60.1,1592,20.41
2026-09-09T14:28:51.269,1788944331.2695,9473,7913,101.45,1696,21.74
2026-09-09T14:28:51.269,1788944331.2695,9474,-3931,-50.4,1801,23.09
2026-09-09T14:28:51.285,1788944331.2854,9475,7398,94.85,1862,23.87
2026-09-09T14:28:51.300,1788944331.3007,9476,-3176,-40.72,1922,24.64
2026-09-09T14:28:51.300,1788944331.3007,9477,6778,86.9,1956,25.08
2026-09-09T14:28:51.316,1788944331.3165,9478,-2449,-31.4,1982,25.41
2026-09-09T14:28:51.332,1788944331.3324,9479,6120,78.46,2000,25.64
2026-09-09T14:28:51.332,1788944331.3324,9480,-8116,-104.05,418,5.36
2026-09-09T14:28:51.348,1788944331.3483,9481,5419,69.47,-1174,-15.05
2026-09-09T14:28:51.364,1788944331.3641,9482,-7898,-101.26,-1294,-16.59
2026-09-09T14:28:51.364,1788944331.3641,9483,4708,60.36,-1418,-18.18
2026-09-09T14:28:51.379,1788944331.3798,9484,-7421,-95.14,-1476,-18.92
2026-09-09T14:28:51.379,1788944331.3798,9485,3998,51.26,-1534,-19.67
2026-09-09T14:28:51.402,1788944331.4022,9486,-6847,-87.78,-1568,-20.1
2026-09-09T14:28:51.411,1788944331.4112,9487,3262,41.82,-1609,-20.63
2026-09-09T14:28:51.411,1788944331.4112,9488,-6166,-79.05,-1623,-20.81
2026-09-09T14:28:51.427,1788944331.4273,9489,8342,106.95,-182,-2.33
2026-09-09T14:28:51.427,1788944331.4273,9490,-5456,-69.95,1265,16.22
2026-09-09T14:28:51.443,1788944331.4433,9491,8120,104.1,1387,17.78
2026-09-09T14:28:51.459,1788944331.4592,9492,-4720,-60.51,1516,19.44
2026-09-09T14:28:51.459,1788944331.4592,9493,7740,99.23,1605,20.58
2026-09-09T14:28:51.475,1788944331.4753,9494,-3970,-50.9,1697,21.76
2026-09-09T14:28:51.502,1788944331.5022,9495,7212,92.46,1753,22.47
2026-09-09T14:28:51.507,1788944331.5073,9496,-3212,-41.18,1810,23.21
2026-09-09T14:28:51.507,1788944331.5073,9497,6583,84.4,1842,23.62
2026-09-09T14:28:51.523,1788944331.5231,9498,-2442,-31.31,1878,24.08
2026-09-09T14:28:51.523,1788944331.5231,9499,5923,75.94,1905,24.42
2026-09-09T14:28:51.539,1788944331.5392,9500,-8208,-105.23,299,3.83
2026-09-09T14:28:51.539,1788944331.5392,9501,5244,67.23,-1313,-16.83
2026-09-09T14:28:51.563,1788944331.5635,9502,-7927,-101.63,-1412,-18.1
2026-09-09T14:28:51.572,1788944331.5724,9503,4559,58.45,-1513,-19.4
2026-09-09T14:28:51.572,1788944331.5724,9504,-7445,-95.45,-1564,-20.05
2026-09-09T14:28:51.586,1788944331.5870,9505,3855,49.42,-1619,-20.76
2026-09-09T14:28:51.602,1788944331.6023,9506,-6846,-87.77,-1646,-21.1
2026-09-09T14:28:51.602,1788944331.6023,9507,3136,40.21,-1676,-21.49
2026-09-09T14:28:51.618,1788944331.6183,9508,-6155,-78.91,-1683,-21.58
2026-09-09T14:28:51.618,1788944331.6183,9509,8284,106.21,-223,-2.86
2026-09-09T14:28:51.634,1788944331.6345,9510,-5417,-69.45,1249,16.01
2026-09-09T14:28:51.650,1788944331.6503,9511,8047,103.17,1374,17.62
2026-09-09T14:28:51.650,1788944331.6503,9512,-4652,-59.64,1506,19.31
2026-09-09T14:28:51.666,1788944331.6664,9513,7679,98.45,1605,20.58
2026-09-09T14:28:51.682,1788944331.6821,9514,-3885,-49.81,1705,21.86
2026-09-09T14:28:51.682,1788944331.6821,9515,7151,91.68,1765,22.63
2026-09-09T14:28:51.703,1788944331.7035,9516,-3124,-40.05,1823,23.37
2026-09-09T14:28:51.714,1788944331.7142,9517,6518,83.56,1855,23.78
2026-09-09T14:28:51.721,1788944331.7218,9518,-8346,-107.0,391,5.01
2026-09-09T14:28:51.731,1788944331.7318,9519,5855,75.06,-1080,-13.85
2026-09-09T14:28:51.731,1788944331.7318,9520,-8215,-105.32,-1213,-15.55
2026-09-09T14:28:51.746,1788944331.7464,9521,5148,66.0,-1357,-17.4
2026-09-09T14:28:51.762,1788944331.7621,9522,-7922,-101.56,-1461,-18.73
2026-09-09T14:28:51.762,1788944331.7621,9523,4448,57.03,-1562,-20.03
2026-09-09T14:28:51.778,1788944331.7782,9524,-7443,-95.42,-1618,-20.74
2026-09-09T14:28:51.778,1788944331.7782,9525,3756,48.15,-1671,-21.42
2026-09-09T14:28:51.809,1788944331.8099,9526,-6807,-87.27,-1685,-21.6
2026-09-09T14:28:51.809,1788944331.8099,9527,3050,39.1,-1702,-21.82
2026-09-09T14:28:51.809,1788944331.8099,9528,-6076,-77.9,-1696,-21.74
2026-09-09T14:28:51.825,1788944331.8259,9529,8310,106.54,-198,-2.54
2026-09-09T14:28:51.841,1788944331.8418,9530,-5243,-67.22,1325,16.99
2026-09-09T14:28:51.841,1788944331.8418,9531,8183,104.91,1501,19.24
2026-09-09T14:28:51.857,1788944331.8575,9532,-4369,-56.01,1688,21.64
2026-09-09T14:28:51.857,1788944331.8575,9533,7916,101.49,1840,23.59
2026-09-09T14:28:51.873,1788944331.8734,9534,-3496,-44.82,1991,25.53
2026-09-09T14:28:51.889,1788944331.8895,9535,7461,95.65,2096,26.87
2026-09-09T14:28:51.905,1788944331.9054,9536,-2669,-34.22,2189,28.06
2026-09-09T14:28:51.905,1788944331.9054,9537,6861,87.96,2246,28.79
2026-09-09T14:28:51.921,1788944331.9213,9538,-7930,-101.67,780,10.0
2026-09-09T14:28:51.921,1788944331.9213,9539,6154,78.9,-712,-9.13
2026-09-09T14:28:51.937,1788944331.9373,9540,-7842,-100.54,-866,-11.1
2026-09-09T14:28:51.953,1788944331.9533,9541,5401,69.24,-1033,-13.24
2026-09-09T14:28:51.953,1788944331.9533,9542,-7535,-96.6,-1144,-14.67
2026-09-09T14:28:51.969,1788944331.9693,9543,4782,61.31,-1222,-15.67
2026-09-09T14:28:51.969,1788944331.9693,9544,-6943,-89.01,-1229,-15.76
2026-09-09T14:28:51.985,1788944331.9854,9545,4102,52.59,-1251,-16.04
2026-09-09T14:28:52.003,1788944332.0039,9546,-6324,-81.08,-1266,-16.23
2026-09-09T14:28:52.003,1788944332.0039,9547,3336,42.77,-1303,-16.71
2026-09-09T14:28:52.017,1788944332.0171,9548,-5696,-73.03,-1337,-17.14
2026-09-09T14:28:52.017,1788944332.0171,9549,8523,109.27,116,1.49
2026-09-09T14:28:52.033,1788944332.0331,9550,-5084,-65.18,1566,20.08
2026-09-09T14:28:52.049,1788944332.0492,9551,8121,104.12,1619,20.76
2026-09-09T14:28:52.049,1788944332.0492,9552,-4446,-57.0,1678,21.51
2026-09-09T14:28:52.064,1788944332.0650,9553,7572,97.08,1700,21.79
2026-09-09T14:28:52.081,1788944332.0811,9554,-3795,-48.65,1725,22.12
2026-09-09T14:28:52.097,1788944332.0971,9555,6940,88.97,1730,22.18
2026-09-09T14:28:52.103,1788944332.1037,9556,-3132,-40.15,1738,22.28
2026-09-09T14:28:52.112,1788944332.1128,9557,6222,79.77,1724,22.1
2026-09-09T14:28:52.112,1788944332.1128,9558,-8524,-109.28,197,2.53
2026-09-09T14:28:52.135,1788944332.1352,9559,5490,70.38,-1334,-17.1
2026-09-09T14:28:52.145,1788944332.1455,9560,-8408,-107.79,-1488,-19.08
2026-09-09T14:28:52.145,1788944332.1455,9561,4705,60.32,-1656,-21.23
2026-09-09T14:28:52.160,1788944332.1609,9562,-8197,-105.09,-1799,-23.06
2026-09-09T14:28:52.160,1788944332.1609,9563,3900,50.0,-1948,-24.97
2026-09-09T14:28:52.177,1788944332.1770,9564,-7702,-98.74,-2025,-25.96
2026-09-09T14:28:52.192,1788944332.1929,9565,3197,40.99,-2077,-26.63
2026-09-09T14:28:52.203,1788944332.2039,9566,-7090,-90.9,-2100,-26.92
2026-09-09T14:28:52.209,1788944332.2090,9567,2426,31.1,-2140,-27.44
2026-09-09T14:28:52.209,1788944332.2090,9568,-6474,-83.0,-2178,-27.92
2026-09-09T14:28:52.224,1788944332.2249,9569,7683,98.5,-710,-9.1
2026-09-09T14:28:52.241,1788944332.2411,9570,-5702,-73.1,797,10.22
2026-09-09T14:28:52.257,1788944332.2571,9571,7471,95.78,937,12.01
2026-09-09T14:28:52.257,1788944332.2571,9572,-4888,-62.67,1088,13.95
2026-09-09T14:28:52.273,1788944332.2732,9573,7061,90.53,1189,15.24
2026-09-09T14:28:52.273,1788944332.2732,9574,-4081,-52.32,1288,16.51
2026-09-09T14:28:52.288,1788944332.2890,9575,6525,83.65,1356,17.38
2026-09-09T14:28:52.304,1788944332.3050,9576,-3271,-41.94,1424,18.26
2026-09-09T14:28:52.304,1788944332.3050,9577,5980,76.67,1490,19.1
2026-09-09T14:28:52.320,1788944332.3206,9578,-8620,-110.51,17,0.22
2026-09-09T14:28:52.320,1788944332.3206,9579,5371,68.86,-1473,-18.88
2026-09-09T14:28:52.336,1788944332.3367,9580,-8367,-107.27,-1562,-20.03
2026-09-09T14:28:52.352,1788944332.3524,9581,4714,60.44,-1663,-21.32
2026-09-09T14:28:52.352,1788944332.3524,9582,-7996,-102.51,-1734,-22.23
2026-09-09T14:28:52.368,1788944332.3683,9583,4014,51.46,-1816,-23.28
2026-09-09T14:28:52.381,1788944332.3818,9584,-7457,-95.6,-1857,-23.81
2026-09-09T14:28:52.396,1788944332.3962,9585,3322,42.59,-1895,-24.29
2026-09-09T14:28:52.413,1788944332.4135,9586,-6785,-86.99,-1900,-24.36
2026-09-09T14:28:52.421,1788944332.4218,9587,2579,33.06,-1918,-24.59
2026-09-09T14:28:52.430,1788944332.4301,9588,-6078,-77.92,-1927,-24.71
2026-09-09T14:28:52.438,1788944332.4383,9589,7991,102.45,-397,-5.09
2026-09-09T14:28:52.446,1788944332.4467,9590,-5325,-68.27,1144,14.67
2026-09-09T14:28:52.455,1788944332.4553,9591,7701,98.73,1260,16.15
2026-09-09T14:28:52.471,1788944332.4719,9592,-4537,-58.17,1385,17.76
2026-09-09T14:28:52.471,1788944332.4719,9593,7269,93.19,1474,18.9
2026-09-09T14:28:52.482,1788944332.4825,9594,-3727,-47.78,1568,20.1
2026-09-09T14:28:52.488,1788944332.4884,9595,6736,86.36,1637,20.99
2026-09-09T14:28:52.504,1788944332.5049,9596,-2922,-37.46,1705,21.86
2026-09-09T14:28:52.513,1788944332.5132,9597,6103,78.24,1748,22.41
2026-09-09T14:28:52.521,1788944332.5215,9598,-8442,-108.23,210,2.69
2026-09-09T14:28:52.538,1788944332.5384,9599,5454,69.92,-1332,-17.08
2026-09-09T14:28:52.538,1788944332.5384,9600,-8228,-105.49,-1441,-18.47
2026-09-09T14:28:52.546,1788944332.5469,9601,4774,61.21,-1557,-19.96
2026-09-09T14:28:52.562,1788944332.5629,9602,-7820,-100.26,-1625,-20.83
2026-09-09T14:28:52.571,1788944332.5718,9603,4080,52.31,-1697,-21.76
2026-09-09T14:28:52.588,1788944332.5883,9604,-7279,-93.32,-1735,-22.24
2026-09-09T14:28:52.596,1788944332.5966,9605,3367,43.17,-1778,-22.79
2026-09-09T14:28:52.604,1788944332.6042,9606,-6618,-84.85,-1791,-22.96
2026-09-09T14:28:52.613,1788944332.6134,9607,2653,34.01,-1804,-23.13
2026-09-09T14:28:52.625,1788944332.6255,9608,-5857,-75.09,-1793,-22.99
2026-09-09T14:28:52.637,1788944332.6377,9609,8130,104.23,-233,-2.99
2026-09-09T14:28:52.637,1788944332.6377,9610,-5091,-65.27,1328,17.03
2026-09-09T14:28:52.637,1788944332.6377,9611,7829,100.37,1444,18.51
2026-09-09T14:28:52.653,1788944332.6536,9612,-4310,-55.26,1564,20.05
2026-09-09T14:28:52.669,1788944332.6696,9613,7394,94.79,1650,21.15
2026-09-09T14:28:52.669,1788944332.6696,9614,-3507,-44.96,1742,22.33
2026-09-09T14:28:52.685,1788944332.6856,9615,6830,87.56,1802,23.1
2026-09-09T14:28:52.705,1788944332.7059,9616,-2741,-35.14,1853,23.76
2026-09-09T14:28:52.712,1788944332.7125,9617,6158,78.95,1876,24.05
2026-09-09T14:28:52.722,1788944332.7226,9618,-8343,-106.96,308,3.95
2026-09-09T14:28:52.746,1788944332.7463,9619,5428,69.59,-1275,-16.35
2026-09-09T14:28:52.754,1788944332.7550,9620,-8134,-104.28,-1406,-18.03
2026-09-09T14:28:52.759,1788944332.7592,9621,4695,60.19,-1537,-19.71
2026-09-09T14:28:52.769,1788944332.7694,9622,-7770,-99.62,-1629,-20.88
2026-09-09T14:28:52.776,1788944332.7761,9623,3977,50.99,-1717,-22.01
2026-09-09T14:28:52.790,1788944332.7908,9624,-7213,-92.47,-1758,-22.54
2026-09-09T14:28:52.794,1788944332.7943,9625,3252,41.69,-1800,-23.08
2026-09-09T14:28:52.804,1788944332.8041,9626,-6539,-83.83,-1812,-23.23
2026-09-09T14:28:52.814,1788944332.8145,9627,2539,32.55,-1822,-23.36
2026-09-09T14:28:52.823,1788944332.8240,9628,-5803,-74.4,-1816,-23.28
2026-09-09T14:28:52.836,1788944332.8369,9629,8057,103.29,-253,-3.24
2026-09-09T14:28:52.843,1788944332.8436,9630,-5055,-64.81,1314,16.85
2026-09-09T14:28:52.856,1788944332.8561,9631,7696,98.67,1410,18.08
2026-09-09T14:28:52.864,1788944332.8642,9632,-4309,-55.24,1507,19.32
2026-09-09T14:28:52.872,1788944332.8725,9633,7207,92.4,1571,20.14
2026-09-09T14:28:52.882,1788944332.8821,9634,-3568,-45.74,1634,20.95
2026-09-09T14:28:52.900,1788944332.9009,9635,6602,84.64,1668,21.38
2026-09-09T14:28:52.910,1788944332.9110,9636,-2799,-35.88,1709,21.91
2026-09-09T14:28:52.915,1788944332.9159,9637,5929,76.01,1733,22.22
2026-09-09T14:28:52.928,1788944332.9281,9638,-8454,-108.38,151,1.94
2026-09-09T14:28:52.937,1788944332.9373,9639,5249,67.29,-1433,-18.37
2026-09-09T14:28:52.950,1788944332.9503,9640,-8223,-105.42,-1545,-19.81
2026-09-09T14:28:52.953,1788944332.9539,9641,4535,58.14,-1666,-21.36
2026-09-09T14:28:52.953,1788944332.9539,9642,-7797,-99.96,-1738,-22.28
2026-09-09T14:28:52.969,1788944332.9695,9643,3842,49.26,-1805,-23.14
2026-09-09T14:28:52.985,1788944332.9855,9644,-7203,-92.35,-1829,-23.45
2026-09-09T14:28:52.985,1788944332.9855,9645,3134,40.18,-1858,-23.82
2026-09-09T14:28:53.004,1788944333.0043,9646,-6508,-83.44,-1861,-23.86
2026-09-09T14:28:53.004,1788944333.0043,9647,2414,30.95,-1867,-23.94
2026-09-09T14:28:53.022,1788944333.0230,9648,-5755,-73.78,-1859,-23.83
2026-09-09T14:28:53.032,1788944333.0328,9649,8004,102.62,-273,-3.5
2026-09-09T14:28:53.056,1788944333.0561,9650,-5015,-64.29,1309,16.78
2026-09-09T14:28:53.064,1788944333.0648,9651,7648,98.05,1405,18.01
2026-09-09T14:28:53.067,1788944333.0678,9652,-4205,-53.91,1519,19.47
2026-09-09T14:28:53.078,1788944333.0785,9653,7178,92.03,1604,20.56
2026-09-09T14:28:53.087,1788944333.0876,9654,-3464,-44.41,1671,21.42
2026-09-09T14:28:53.094,1788944333.0950,9655,6561,84.12,1702,21.82
2026-09-09T14:28:53.107,1788944333.1075,9656,-2687,-34.45,1742,22.33
2026-09-09T14:28:53.111,1788944333.1115,9657,5891,75.53,1769,22.68
2026-09-09T14:28:53.111,1788944333.1115,9658,-8419,-107.94,169,2.17
2026-09-09T14:28:53.127,1788944333.1275,9659,5227,67.01,-1430,-18.33
2026-09-09T14:28:53.143,1788944333.1437,9660,-8136,-104.31,-1526,-19.56
2026-09-09T14:28:53.153,1788944333.1534,9661,4508,57.79,-1635,-20.96
2026-09-09T14:28:53.167,1788944333.1671,9662,-7707,-98.81,-1707,-21.88
2026-09-09T14:28:53.174,1788944333.1749,9663,3827,49.06,-1770,-22.69
2026-09-09T14:28:53.182,1788944333.1826,9664,-7097,-90.99,-1788,-22.92
2026-09-09T14:28:53.193,1788944333.1931,9665,3126,40.08,-1811,-23.22
2026-09-09T14:28:53.214,1788944333.2150,9666,-6380,-81.79,-1807,-23.17
2026-09-09T14:28:53.223,1788944333.2239,9667,8233,105.55,-351,-4.5
2026-09-09T14:28:53.227,1788944333.2270,9668,-5644,-72.36,1110,14.23
2026-09-09T14:28:53.236,1788944333.2366,9669,8002,102.59,1236,15.85
2026-09-09T14:28:53.249,1788944333.2491,9670,-4873,-62.47,1371,17.58
2026-09-09T14:28:53.260,1788944333.2605,9671,7657,98.17,1478,18.95
2026-09-09T14:28:53.261,1788944333.2615,9672,-4128,-52.92,1578,20.23
2026-09-09T14:28:53.261,1788944333.2615,9673,7139,91.53,1635,20.96
2026-09-09T14:28:53.279,1788944333.2794,9674,-3351,-42.96,1699,21.78
2026-09-09T14:28:53.293,1788944333.2935,9675,6592,84.51,1757,22.53
2026-09-09T14:28:53.293,1788944333.2935,9676,-2493,-31.96,1835,23.53
2026-09-09T14:28:53.311,1788944333.3116,9677,6053,77.6,1914,24.54
2026-09-09T14:28:53.311,1788944333.3116,9678,-8111,-103.99,375,4.81
2026-09-09T14:28:53.325,1788944333.3253,9679,5511,70.65,-1165,-14.94
2026-09-09T14:28:53.358,1788944333.3584,9680,-7714,-98.9,-1201,-15.4
2026-09-09T14:28:53.371,1788944333.3716,9681,4893,62.73,-1256,-16.1
2026-09-09T14:28:53.381,1788944333.3812,9682,-7205,-92.37,-1284,-16.46
2026-09-09T14:28:53.389,1788944333.3892,9683,4175,53.53,-1336,-17.13
2026-09-09T14:28:53.399,1788944333.3998,9684,-6684,-85.69,-1385,-17.76
2026-09-09T14:28:53.406,1788944333.4062,9685,3267,41.88,-1482,-19.0
2026-09-09T14:28:53.416,1788944333.4164,9686,-6192,-79.38,-1586,-20.33
2026-09-09T14:28:53.421,1788944333.4214,9687,8295,106.35,-206,-2.64
2026-09-09T14:28:53.428,1788944333.4284,9688,-5498,-70.49,1225,15.71
2026-09-09T14:28:53.437,1788944333.4374,9689,8007,102.65,1326,17.0
2026-09-09T14:28:53.445,1788944333.4452,9690,-4812,-61.69,1426,18.28
2026-09-09T14:28:53.453,1788944333.4539,9691,7597,97.4,1495,19.17
2026-09-09T14:28:53.461,1788944333.4617,9692,-4086,-52.38,1574,20.18
2026-09-09T14:28:53.471,1788944333.4717,9693,7036,90.21,1615,20.71
2026-09-09T14:28:53.487,1788944333.4875,9694,-3365,-43.14,1655,21.22
2026-09-09T14:28:53.495,1788944333.4959,9695,6378,81.77,1671,21.42
2026-09-09T14:28:53.502,1788944333.5028,9696,-2648,-33.95,1685,21.6
2026-09-09T14:28:53.512,1788944333.5127,9697,5635,72.24,1679,21.53
2026-09-09T14:28:53.524,1788944333.5246,9698,-8533,-109.4,22,0.28
2026-09-09T14:28:53.535,1788944333.5359,9699,4890,62.69,-1636,-20.97
2026-09-09T14:28:53.542,1788944333.5428,9700,-8346,-107.0,-1775,-22.76
2026-09-09T14:28:53.544,1788944333.5445,9701,4013,51.45,-1948,-24.97
2026-09-09T14:28:53.574,1788944333.5747,9702,-7951,-101.94,-2068,-26.51
2026-09-09T14:28:53.585,1788944333.5850,9703,3390,43.46,-2125,-27.24
2026-09-09T14:28:53.592,1788944333.5924,9704,-7250,-92.95,-2106,-27.0
2026-09-09T14:28:53.597,1788944333.5976,9705,2747,35.22,-2091,-26.81
2026-09-09T14:28:53.611,1788944333.6111,9706,-6480,-83.08,-2059,-26.4
2026-09-09T14:28:53.617,1788944333.6171,9707,7989,102.42,-556,-7.13
2026-09-09T14:28:53.631,1788944333.6311,9708,-5680,-72.82,954,12.23
2026-09-09T14:28:53.645,1788944333.6451,9709,7786,99.82,1103,14.14
2026-09-09T14:28:53.649,1788944333.6492,9710,-4906,-62.9,1246,15.97
2026-09-09T14:28:53.659,1788944333.6597,9711,7420,95.13,1348,17.28
2026-09-09T14:28:53.666,1788944333.6667,9712,-4114,-52.74,1455,18.65
2026-09-09T14:28:53.673,1788944333.6736,9713,6908,88.56,1525,19.55
2026-09-09T14:28:53.677,1788944333.6776,9714,-3355,-43.01,1586,20.33
2026-09-09T14:28:53.692,1788944333.6925,9715,6304,80.82,1625,20.83
2026-09-09T14:28:53.704,1788944333.7049,9716,-2569,-32.94,1671,21.42
2026-09-09T14:28:53.708,1788944333.7085,9717,5637,72.27,1700,21.79
2026-09-09T14:28:53.726,1788944333.7266,9718,-8423,-107.99,70,0.9
2026-09-09T14:28:53.726,1788944333.7266,9719,4970,63.72,-1560,-20.0
2026-09-09T14:28:53.739,1788944333.7399,9720,-8118,-104.08,-1651,-21.17
2026-09-09T14:28:53.739,1788944333.7399,9721,4285,54.94,-1746,-22.38
2026-09-09T14:28:53.772,1788944333.7720,9722,-7620,-97.69,-1792,-22.97
2026-09-09T14:28:53.790,1788944333.7900,9723,3581,45.91,-1844,-23.64
2026-09-09T14:28:53.790,1788944333.7900,9724,-6989,-89.6,-1862,-23.87
2026-09-09T14:28:53.805,1788944333.8051,9725,2862,36.69,-1884,-24.15
2026-09-09T14:28:53.805,1788944333.8051,9726,-6278,-80.49,-1886,-24.18
2026-09-09T14:28:53.819,1788944333.8197,9727,8113,104.01,-396,-5.08
2026-09-09T14:28:53.835,1788944333.8358,9728,-5525,-70.83,1105,14.17
2026-09-09T14:28:53.835,1788944333.8358,9729,7863,100.81,1231,15.78
2026-09-09T14:28:53.851,1788944333.8520,9730,-4769,-61.14,1358,17.41
2026-09-09T14:28:53.851,1788944333.8520,9731,7475,95.83,1450,18.59
2026-09-09T14:28:53.867,1788944333.8679,9732,-4003,-51.32,1544,19.79
2026-09-09T14:28:53.867,1788944333.8679,9733,6922,88.74,1597,20.47
2026-09-09T14:28:53.883,1788944333.8840,9734,-3258,-41.77,1645,21.09
2026-09-09T14:28:53.883,1788944333.8840,9735,6321,81.04,1681,21.55
2026-09-09T14:28:53.906,1788944333.9066,9736,-2473,-31.71,1727,22.14
2026-09-09T14:28:53.918,1788944333.9182,9737,5652,72.46,1756,22.51
2026-09-09T14:28:53.919,1788944333.9190,9738,-8360,-107.18,117,1.5
2026-09-09T14:28:53.934,1788944333.9344,9739,4969,63.71,-1525,-19.55
2026-09-09T14:28:53.934,1788944333.9344,9740,-8051,-103.22,-1619,-20.76
2026-09-09T14:28:53.950,1788944333.9505,9741,4276,54.82,-1715,-21.99
2026-09-09T14:28:53.950,1788944333.9505,9742,-7545,-96.73,-1761,-22.58
2026-09-09T14:28:53.984,1788944333.9848,9743,3571,45.78,-1811,-23.22
2026-09-09T14:28:53.984,1788944333.9848,9744,-6899,-88.45,-1826,-23.41
2026-09-09T14:28:53.998,1788944333.9987,9745,2863,36.71,-1841,-23.6
2026-09-09T14:28:54.005,1788944334.0055,9746,-6197,-79.45,-1843,-23.63
2026-09-09T14:28:54.016,1788944334.0164,9747,8106,103.92,-357,-4.58
2026-09-09T14:28:54.016,1788944334.0164,9748,-5476,-70.21,1134,14.54
2026-09-09T14:28:54.030,1788944334.0306,9749,7864,100.82,1254,16.08
2026-09-09T14:28:54.048,1788944334.0487,9750,-4733,-60.68,1379,17.68
2026-09-09T14:28:54.048,1788944334.0487,9751,7451,95.53,1462,18.74
2026-09-09T14:28:54.062,1788944334.0625,9752,-3971,-50.91,1549,19.86
2026-09-09T14:28:54.062,1788944334.0625,9753,6902,88.49,1602,20.54
2026-09-09T14:28:54.080,1788944334.0807,9754,-3182,-40.79,1662,21.31
2026-09-09T14:28:54.094,1788944334.0948,9755,6253,80.17,1697,21.76
2026-09-09T14:28:54.094,1788944334.0948,9756,-2401,-30.78,1730,22.18
2026-09-09T14:28:54.110,1788944334.1109,9757,5592,71.69,1760,22.56
2026-09-09T14:28:54.126,1788944334.1268,9758,-8307,-106.5,119,1.53
2026-09-09T14:28:54.126,1788944334.1268,9759,4905,62.88,-1530,-19.62
2026-09-09T14:28:54.143,1788944334.1431,9760,-7983,-102.35,-1620,-20.77
2026-09-09T14:28:54.143,1788944334.1431,9761,4195,53.78,-1717,-22.01
2026-09-09T14:28:54.159,1788944334.1591,9762,-7469,-95.76,-1766,-22.64
2026-09-09T14:28:54.175,1788944334.1752,9763,3499,44.86,-1811,-23.22
2026-09-09T14:28:54.191,1788944334.1915,9764,-6823,-87.47,-1824,-23.38
2026-09-09T14:28:54.191,1788944334.1915,9765,2795,35.83,-1838,-23.56
2026-09-09T14:28:54.207,1788944334.2076,9766,-6097,-78.17,-1833,-23.5
2026-09-09T14:28:54.207,1788944334.2076,9767,8101,103.86,-325,-4.17
2026-09-09T14:28:54.223,1788944334.2233,9768,-5353,-68.63,1188,15.23
2026-09-09T14:28:54.223,1788944334.2233,9769,7842,100.54,1309,16.78
2026-09-09T14:28:54.239,1788944334.2393,9770,-4618,-59.21,1428,18.31
2026-09-09T14:28:54.255,1788944334.2554,9771,7385,94.68,1497,19.19
2026-09-09T14:28:54.255,1788944334.2554,9772,-3852,-49.38,1575,20.19
2026-09-09T14:28:54.271,1788944334.2713,9773,6848,87.79,1632,20.92
2026-09-09T14:28:54.287,1788944334.2877,9774,-3115,-39.94,1682,21.56
2026-09-09T14:28:54.293,1788944334.2933,9775,6203,79.53,1705,21.86
2026-09-09T14:28:54.306,1788944334.3063,9776,-2330,-29.87,1740,22.31
2026-09-09T14:28:54.306,1788944334.3063,9777,5518,70.74,1765,22.63
2026-09-09T14:28:54.319,1788944334.3196,9778,-8285,-106.22,105,1.35
2026-09-09T14:28:54.335,1788944334.3358,9779,4843,62.09,-1553,-19.91
2026-09-09T14:28:54.335,1788944334.3358,9780,-7948,-101.9,-1637,-20.99
2026-09-09T14:28:54.351,1788944334.3519,9781,4121,52.83,-1733,-22.22
2026-09-09T14:28:54.351,1788944334.3519,9782,-7410,-95.0,-1779,-22.81
2026-09-09T14:28:54.383,1788944334.3839,9783,3441,44.12,-1815,-23.27
2026-09-09T14:28:54.383,1788944334.3839,9784,-6772,-86.82,-1825,-23.4
2026-09-09T14:28:54.383,1788944334.3839,9785,2713,34.78,-1848,-23.69
2026-09-09T14:28:54.406,1788944334.4064,9786,-6042,-77.46,-1847,-23.68
2026-09-09T14:28:54.415,1788944334.4157,9787,8087,103.68,-321,-4.12
2026-09-09T14:28:54.415,1788944334.4157,9788,-5294,-67.87,1209,15.5
2026-09-09T14:28:54.434,1788944334.4345,9789,7796,99.95,1323,16.96
2026-09-09T14:28:54.447,1788944334.4470,9790,-4543,-58.24,1438,18.44
2026-09-09T14:28:54.452,1788944334.4520,9791,7351,94.24,1515,19.42
2026-09-09T14:28:54.452,1788944334.4520,9792,-3774,-48.38,1596,20.46
2026-09-09T14:28:54.467,1788944334.4678,9793,6789,87.04,1648,21.13
2026-09-09T14:28:54.484,1788944334.4841,9794,-3017,-38.68,1696,21.74
2026-09-09T14:28:54.484,1788944334.4841,9795,6132,78.62,1721,22.06
2026-09-09T14:28:54.506,1788944334.5065,9796,-2244,-28.77,1750,22.44
2026-09-09T14:28:54.516,1788944334.5162,9797,5460,70.0,1776,22.77
2026-09-09T14:28:54.519,1788944334.5192,9798,-8259,-105.88,104,1.33
2026-09-09T14:28:54.532,1788944334.5323,9799,4784,61.33,-1569,-20.12
2026-09-09T14:28:54.532,1788944334.5323,9800,-7902,-101.31,-1649,-21.14
2026-09-09T14:28:54.549,1788944334.5499,9801,4067,52.14,-1739,-22.29
2026-09-09T14:28:54.566,1788944334.5663,9802,-7340,-94.1,-1777,-22.78
2026-09-09T14:28:54.580,1788944334.5804,9803,3354,43.0,-1815,-23.27
2026-09-09T14:28:54.580,1788944334.5804,9804,-6694,-85.82,-1832,-23.49
2026-09-09T14:28:54.596,1788944334.5965,9805,2658,34.08,-1844,-23.64
2026-09-09T14:28:54.606,1788944334.6065,9806,-5953,-76.32,-1833,-23.5
2026-09-09T14:28:54.612,1788944334.6128,9807,8048,103.18,-300,-3.85
2026-09-09T14:28:54.612,1788944334.6128,9808,-5209,-66.78,1233,15.81
2026-09-09T14:28:54.628,1788944334.6287,9809,7757,99.45,1346,17.26
2026-09-09T14:28:54.644,1788944334.6447,9810,-4458,-57.15,1461,18.73
2026-09-09T14:28:54.644,1788944334.6447,9811,7300,93.59,1535,19.68
2026-09-09T14:28:54.660,1788944334.6606,9812,-3705,-47.5,1609,20.63
2026-09-09T14:28:54.676,1788944334.6762,9813,6734,86.33,1656,21.23
2026-09-09T14:28:54.676,1788944334.6762,9814,-2948,-37.79,1703,21.83
2026-09-09T14:28:54.691,1788944334.6919,9815,6084,78.0,1730,22.18
2026-09-09T14:28:54.691,1788944334.6919,9816,-2171,-27.83,1762,22.59
2026-09-09T14:28:54.707,1788944334.7080,9817,5396,69.18,1784,22.87
2026-09-09T14:28:54.725,1788944334.7256,9818,-8230,-105.51,97,1.24
2026-09-09T14:28:54.726,1788944334.7262,9819,4721,60.53,-1586,-20.33
2026-09-09T14:28:54.740,1788944334.7402,9820,-7837,-100.47,-1657,-21.24
2026-09-09T14:28:54.756,1788944334.7562,9821,4011,51.42,-1736,-22.26
2026-09-09T14:28:54.772,1788944334.7721,9822,-7275,-93.27,-1773,-22.73
2026-09-09T14:28:54.772,1788944334.7721,9823,3307,42.4,-1808,-23.18
2026-09-09T14:28:54.788,1788944334.7880,9824,-6629,-84.99,-1823,-23.37
2026-09-09T14:28:54.788,1788944334.7880,9825,2590,33.21,-1841,-23.6
2026-09-09T14:28:54.806,1788944334.8069,9826,-5888,-75.49,-1835,-23.53
2026-09-09T14:28:54.819,1788944334.8198,9827,8036,103.03,-288,-3.69
2026-09-09T14:28:54.819,1788944334.8198,9828,-5140,-65.9,1261,16.17
2026-09-09T14:28:54.835,1788944334.8358,9829,7737,99.19,1373,17.6
2026-09-09T14:28:54.835,1788944334.8358,9830,-4385,-56.22,1487,19.06
2026-09-09T14:28:54.851,1788944334.8518,9831,7252,92.97,1554,19.92
2026-09-09T14:28:54.851,1788944334.8518,9832,-3640,-46.67,1619,20.76
2026-09-09T14:28:54.867,1788944334.8675,9833,6658,85.36,1657,21.24
2026-09-09T14:28:54.883,1788944334.8832,9834,-2868,-36.77,1702,21.82
2026-09-09T14:28:54.898,1788944334.8990,9835,5993,76.83,1728,22.15
2026-09-09T14:28:54.898,1788944334.8990,9836,-8407,-107.78,177,2.27
2026-09-09T14:28:54.914,1788944334.9149,9837,5324,68.26,-1375,-17.63
2026-09-09T14:28:54.922,1788944334.9228,9838,-8204,-105.18,-1491,-19.12
2026-09-09T14:28:54.930,1788944334.9310,9839,4629,59.35,-1614,-20.69
2026-09-09T14:28:54.946,1788944334.9468,9840,-7792,-99.9,-1685,-21.6
2026-09-09T14:28:54.964,1788944334.9646,9841,3940,50.51,-1754,-22.49
2026-09-09T14:28:54.969,1788944334.9700,9842,-7226,-92.64,-1785,-22.88
2026-09-09T14:28:54.981,1788944334.9815,9843,3231,41.42,-1821,-23.35
2026-09-09T14:28:54.984,1788944334.9845,9844,-6540,-83.85,-1826,-23.41
2026-09-09T14:28:55.000,1788944335.0002,9845,2507,32.14,-1836,-23.54
2026-09-09T14:28:55.007,1788944335.0076,9846,-5807,-74.45,-1834,-23.51
2026-09-09T14:28:55.018,1788944335.0187,9847,8025,102.88,-271,-3.47
2026-09-09T14:28:55.018,1788944335.0187,9848,-5063,-64.91,1295,16.6
2026-09-09T14:28:55.032,1788944335.0321,9849,7697,98.68,1399,17.94
2026-09-09T14:28:55.032,1788944335.0321,9850,-4301,-55.14,1507,19.32
2026-09-09T14:28:55.047,1788944335.0479,9851,7200,92.31,1573,20.17
2026-09-09T14:28:55.063,1788944335.0636,9852,-3536,-45.33,1640,21.03
2026-09-09T14:28:55.079,1788944335.0793,9853,6602,84.64,1682,21.56
2026-09-09T14:28:55.079,1788944335.0793,9854,-2775,-35.58,1723,22.09
2026-09-09T14:28:55.095,1788944335.0954,9855,5964,76.46,1754,22.49
2026-09-09T14:28:55.095,1788944335.0954,9856,-8395,-107.63,189,2.42
2026-09-09T14:28:55.111,1788944335.1114,9857,5272,67.59,-1389,-17.81
2026-09-09T14:28:55.111,1788944335.1114,9858,-8160,-104.62,-1503,-19.27
2026-09-09T14:28:55.143,1788944335.1432,9859,4589,58.83,-1615,-20.71
2026-09-09T14:28:55.143,1788944335.1432,9860,-7767,-99.58,-1688,-21.64
2026-09-09T14:28:55.158,1788944335.1590,9861,3864,49.54,-1771,-22.71
2026-09-09T14:28:55.158,1788944335.1590,9862,-7173,-91.96,-1803,-23.12
2026-09-09T14:28:55.175,1788944335.1751,9863,3163,40.55,-1830,-23.46
2026-09-09T14:28:55.175,1788944335.1751,9864,-6479,-83.06,-1832,-23.49
2026-09-09T14:28:55.200,1788944335.2001,9865,2423,31.06,-1843,-23.63
2026-09-09T14:28:55.207,1788944335.2071,9866,-5730,-73.46,-1841,-23.6
2026-09-09T14:28:55.222,1788944335.2228,9867,8004,102.62,-259,-3.32
2026-09-09T14:28:55.233,1788944335.2334,9868,-4971,-63.73,1326,17.0
2026-09-09T14:28:55.238,1788944335.2385,9869,7652,98.1,1428,18.31
2026-09-09T14:28:55.238,1788944335.2385,9870,-4185,-53.65,1537,19.71
2026-09-09T14:28:55.238,1788944335.2385,9871,7147,91.63,1607,20.6
2026-09-09T14:28:55.254,1788944335.2547,9872,-3432,-44.0,1669,21.4
2026-09-09T14:28:55.270,1788944335.2704,9873,6521,83.6,1701,21.81
2026-09-09T14:28:55.286,1788944335.2864,9874,-2719,-34.86,1722,22.08
2026-09-09T14:28:55.286,1788944335.2864,9875,5880,75.38,1740,22.31
2026-09-09T14:28:55.302,1788944335.3022,9876,-8423,-107.99,154,1.97
2026-09-09T14:28:55.320,1788944335.3203,9877,5196,66.62,-1443,-18.5
2026-09-09T14:28:55.327,1788944335.3279,9878,-8131,-104.24,-1541,-19.76
2026-09-09T14:28:55.336,1788944335.3365,9879,4498,57.67,-1642,-21.05
2026-09-09T14:28:55.341,1788944335.3420,9880,-7682,-98.49,-1705,-21.86
2026-09-09T14:28:55.350,1788944335.3502,9881,3776,48.41,-1773,-22.73
2026-09-09T14:28:55.373,1788944335.3734,9882,-7100,-91.03,-1808,-23.18
2026-09-09T14:28:55.374,1788944335.3750,9883,3072,39.38,-1838,-23.56
2026-09-09T14:28:55.383,1788944335.3833,9884,-6406,-82.13,-1841,-23.6
2026-09-09T14:28:55.391,1788944335.3912,9885,2327,29.83,-1854,-23.77
2026-09-09T14:28:55.408,1788944335.4090,9886,-5657,-72.53,-1853,-23.76
2026-09-09T14:28:55.417,1788944335.4170,9887,7969,102.17,-255,-3.27
2026-09-09T14:28:55.434,1788944335.4340,9888,-4905,-62.88,1344,17.23
2026-09-09T14:28:55.442,1788944335.4421,9889,7593,97.35,1438,18.44
2026-09-09T14:28:55.450,1788944335.4506,9890,-4139,-53.06,1535,19.68
2026-09-09T14:28:55.458,1788944335.4589,9891,7091,90.91,1601,20.53
2026-09-09T14:28:55.458,1788944335.4589,9892,-3390,-43.46,1663,21.32
2026-09-09T14:28:55.474,1788944335.4745,9893,6474,83.0,1696,21.74
2026-09-09T14:28:55.483,1788944335.4836,9894,-2626,-33.67,1733,22.22
2026-09-09T14:28:55.491,1788944335.4919,9895,5789,74.22,1752,22.46
2026-09-09T14:28:55.500,1788944335.5001,9896,-8397,-107.65,138,1.77
2026-09-09T14:28:55.516,1788944335.5165,9897,5125,65.71,-1470,-18.85
2026-09-09T14:28:55.524,1788944335.5250,9898,-8118,-104.08,-1567,-20.09
2026-09-09T14:28:55.524,1788944335.5250,9899,4427,56.76,-1671,-21.42
2026-09-09T14:28:55.549,1788944335.5491,9900,-7660,-98.21,-1731,-22.19
2026-09-09T14:28:55.552,1788944335.5522,9901,3718,47.67,-1794,-23.0
2026-09-09T14:28:55.562,1788944335.5627,9902,-7038,-90.23,-1816,-23.28
2026-09-09T14:28:55.581,1788944335.5818,9903,3005,38.53,-1839,-23.58
2026-09-09T14:28:55.593,1788944335.5931,9904,-6316,-80.97,-1836,-23.54
2026-09-09T14:28:55.600,1788944335.6008,9905,2272,29.13,-1839,-23.58
2026-09-09T14:28:55.600,1788944335.6008,9906,-5591,-71.68,-1841,-23.6
2026-09-09T14:28:55.613,1788944335.6138,9907,7942,101.82,-242,-3.1
2026-09-09T14:28:55.613,1788944335.6138,9908,-4836,-62.0,1364,17.49
2026-09-09T14:28:55.629,1788944335.6299,9909,7557,96.88,1456,18.67
2026-09-09T14:28:55.652,1788944335.6523,9910,-4078,-52.28,1550,19.87
2026-09-09T14:28:55.654,1788944335.6545,9911,7020,90.0,1605,20.58
2026-09-09T14:28:55.662,1788944335.6624,9912,-3317,-42.53,1661,21.29
2026-09-09T14:28:55.662,1788944335.6624,9913,6406,82.13,1698,21.77
2026-09-09T14:28:55.678,1788944335.6785,9914,-2533,-32.47,1740,22.31
2026-09-09T14:28:55.694,1788944335.6945,9915,5725,73.4,1766,22.64
2026-09-09T14:28:55.694,1788944335.6945,9916,-8356,-107.13,140,1.79
2026-09-09T14:28:55.710,1788944335.7105,9917,5045,64.68,-1486,-19.05
2026-09-09T14:28:55.728,1788944335.7282,9918,-8072,-103.49,-1585,-20.32
2026-09-09T14:28:55.728,1788944335.7282,9919,4327,55.47,-1693,-21.71
2026-09-09T14:28:55.742,1788944335.7426,9920,-7598,-97.41,-1754,-22.49
2026-09-09T14:28:55.742,1788944335.7426,9921,3623,46.45,-1812,-23.23
2026-09-09T14:28:55.758,1788944335.7584,9922,-6960,-89.23,-1828,-23.44
2026-09-09T14:28:55.774,1788944335.7742,9923,2918,37.41,-1845,-23.65
2026-09-09T14:28:55.791,1788944335.7917,9924,-6234,-79.92,-1840,-23.59
2026-09-09T14:28:55.791,1788944335.7917,9925,2178,27.92,-1843,-23.63
2026-09-09T14:28:55.813,1788944335.8136,9926,-5481,-70.27,-1840,-23.59
2026-09-09T14:28:55.821,1788944335.8219,9927,7891,101.17,-224,-2.87
2026-09-09T14:28:55.823,1788944335.8240,9928,-4702,-60.28,1399,17.94
2026-09-09T14:28:55.823,1788944335.8240,9929,7482,95.92,1492,19.13
2026-09-09T14:28:55.842,1788944335.8430,9930,-3973,-50.94,1572,20.15
2026-09-09T14:28:55.842,1788944335.8430,9931,6956,89.18,1623,20.81
2026-09-09T14:28:55.859,1788944335.8597,9932,-3224,-41.33,1678,21.51
2026-09-09T14:28:55.871,1788944335.8719,9933,6327,81.12,1708,21.9
2026-09-09T14:28:55.871,1788944335.8719,9934,-2439,-31.27,1747,22.4
2026-09-09T14:28:55.887,1788944335.8880,9935,5642,72.33,1772,22.72
2026-09-09T14:28:55.904,1788944335.9041,9936,-8326,-106.74,129,1.65
2026-09-09T14:28:55.919,1788944335.9198,9937,4951,63.47,-1515,-19.42
2026-09-09T14:28:55.919,1788944335.9198,9938,-8006,-102.64,-1608,-20.62
2026-09-09T14:28:55.935,1788944335.9356,9939,4257,54.58,-1701,-21.81
2026-09-09T14:28:55.935,1788944335.9356,9940,-7516,-96.36,-1752,-22.46
2026-09-09T14:28:55.951,1788944335.9516,9941,3548,45.49,-1807,-23.17
2026-09-09T14:28:55.977,1788944335.9775,9942,-6870,-88.08,-1823,-23.37
2026-09-09T14:28:55.988,1788944335.9883,9943,2844,36.46,-1837,-23.55
2026-09-09T14:28:55.990,1788944335.9900,9944,-6152,-78.87,-1834,-23.51
2026-09-09T14:28:55.990,1788944335.9900,9945,2075,26.6,-1847,-23.68
2026-09-09T14:28:56.009,1788944336.0096,9946,-5388,-69.08,-1848,-23.69
2026-09-09T14:28:56.009,1788944336.0096,9947,7855,100.71,-212,-2.72
2026-09-09T14:28:56.024,1788944336.0244,9948,-4621,-59.24,1425,18.27
2026-09-09T14:28:56.037,1788944336.0371,9949,7439,95.37,1513,19.4
2026-09-09T14:28:56.037,1788944336.0371,9950,-3887,-49.83,1592,20.41
2026-09-09T14:28:56.052,1788944336.0528,9951,6877,88.17,1635,20.96
2026-09-09T14:28:56.052,1788944336.0528,9952,-3131,-40.14,1684,21.59
2026-09-09T14:28:56.068,1788944336.0688,9953,6239,79.99,1713,21.96
2026-09-09T14:28:56.068,1788944336.0688,9954,-2354,-30.18,1748,22.41
2026-09-09T14:28:56.084,1788944336.0849,9955,5559,71.27,1772,22.72
2026-09-09T14:28:56.100,1788944336.1009,9956,-8300,-106.41,116,1.49
2026-09-09T14:28:56.117,1788944336.1172,9957,4872,62.46,-1543,-19.78
2026-09-09T14:28:56.124,1788944336.1240,9958,-7956,-102.0,-1628,-20.87
2026-09-09T14:28:56.124,1788944336.1240,9959,4154,53.26,-1722,-22.08
2026-09-09T14:28:56.142,1788944336.1425,9960,-7438,-95.36,-1772,-22.72
2026-09-09T14:28:56.152,1788944336.1529,9961,3465,44.42,-1815,-23.27
2026-09-09T14:28:56.174,1788944336.1740,9962,-6776,-86.87,-1821,-23.35
2026-09-09T14:28:56.177,1788944336.1777,9963,2725,34.94,-1841,-23.6
2026-09-09T14:28:56.189,1788944336.1898,9964,-6055,-77.63,-1846,-23.67
2026-09-09T14:28:56.189,1788944336.1898,9965,8087,103.68,-325,-4.17
2026-09-09T14:28:56.210,1788944336.2100,9966,-5298,-67.92,1205,15.45
2026-09-09T14:28:56.221,1788944336.2216,9967,7820,100.26,1327,17.01
2026-09-09T14:28:56.237,1788944336.2373,9968,-4555,-58.4,1446,18.54
2026-09-09T14:28:56.237,1788944336.2373,9969,7387,94.71,1524,19.54
2026-09-09T14:28:56.237,1788944336.2373,9970,-3814,-48.9,1601,20.53
2026-09-09T14:28:56.253,1788944336.2530,9971,6801,87.19,1640,21.03
2026-09-09T14:28:56.253,1788944336.2530,9972,-3053,-39.14,1683,21.58
2026-09-09T14:28:56.269,1788944336.2691,9973,6168,79.08,1715,21.99
2026-09-09T14:28:56.269,1788944336.2691,9974,-2253,-28.88,1757,22.53
2026-09-09T14:28:56.284,1788944336.2850,9975,5491,70.4,1788,22.92
2026-09-09T14:28:56.301,1788944336.3011,9976,-8271,-106.04,114,1.46
2026-09-09T14:28:56.319,1788944336.3191,9977,4800,61.54,-1563,-20.04
2026-09-09T14:28:56.327,1788944336.3278,9978,-7899,-101.27,-1643,-21.06
2026-09-09T14:28:56.335,1788944336.3359,9979,4086,52.38,-1728,-22.15
2026-09-09T14:28:56.339,1788944336.3396,9980,-7365,-94.42,-1773,-22.73
2026-09-09T14:28:56.339,1788944336.3396,9981,3390,43.46,-1814,-23.26
2026-09-09T14:28:56.370,1788944336.3708,9982,-6703,-85.94,-1822,-23.36
2026-09-09T14:28:56.379,1788944336.3793,9983,2661,34.12,-1839,-23.58
2026-09-09T14:28:56.386,1788944336.3868,9984,-5985,-76.73,-1842,-23.62
2026-09-09T14:28:56.386,1788944336.3868,9985,8064,103.38,-312,-4.0
2026-09-09T14:28:56.402,1788944336.4029,9986,-5221,-66.94,1230,15.77
2026-09-09T14:28:56.409,1788944336.4099,9987,7772,99.64,1348,17.28
2026-09-09T14:28:56.418,1788944336.4189,9988,-4451,-57.06,1468,18.82
2026-09-09T14:28:56.435,1788944336.4352,9989,7299,93.58,1542,19.77
2026-09-09T14:28:56.435,1788944336.4352,9990,-3701,-47.45,1611,20.65
2026-09-09T14:28:56.451,1788944336.4513,9991,6733,86.32,1657,21.24
2026-09-09T14:28:56.451,1788944336.4513,9992,-2937,-37.65,1707,21.88
2026-09-09T14:28:56.478,1788944336.4787,9993,6076,77.9,1733,22.22
2026-09-09T14:28:56.481,1788944336.4817,9994,-2160,-27.69,1763,22.6
2026-09-09T14:28:56.496,1788944336.4965,9995,5407,69.32,1790,22.95
2026-09-09T14:28:56.506,1788944336.5067,9996,-8234,-105.56,105,1.35
2026-09-09T14:28:56.509,1788944336.5098,9997,4716,60.46,-1587,-20.35
2026-09-09T14:28:56.522,1788944336.5221,9998,-7866,-100.85,-1667,-21.37
2026-09-09T14:28:56.522,1788944336.5221,9999,4011,51.42,-1752,-22.46
2026-09-09T14:28:56.541,1788944336.5412,10000,-7304,-93.64,-1787,-22.91
2026-09-09T14:28:56.561,1788944336.5618,10001,3302,42.33,-1824,-23.38
2026-09-09T14:28:56.571,1788944336.5713,10002,-6633,-85.04,-1834,-23.51
2026-09-09T14:28:56.571,1788944336.5713,10003,2578,33.05,-1847,-23.68
2026-09-09T14:28:56.593,1788944336.5940,10004,-5880,-75.38,-1840,-23.59
2026-09-09T14:28:56.603,1788944336.6034,10005,8040,103.08,-286,-3.67
2026-09-09T14:28:56.613,1788944336.6140,10006,-5136,-65.85,1266,16.23
2026-09-09T14:28:56.613,1788944336.6140,10007,7724,99.03,1373,17.6
2026-09-09T14:28:56.629,1788944336.6292,10008,-4370,-56.03,1485,19.04
2026-09-09T14:28:56.629,1788944336.6292,10009,7247,92.91,1557,19.96
2026-09-09T14:28:56.649,1788944336.6491,10010,-3628,-46.51,1624,20.82
2026-09-09T14:28:56.649,1788944336.6491,10011,6654,85.31,1661,21.29
2026-09-09T14:28:56.660,1788944336.6606,10012,-2880,-36.92,1700,21.79
2026-09-09T14:28:56.676,1788944336.6766,10013,6000,76.92,1723,22.09
2026-09-09T14:28:56.676,1788944336.6766,10014,-2067,-26.5,1763,22.6
2026-09-09T14:28:56.692,1788944336.6926,10015,5340,68.46,1801,23.09
2026-09-09T14:28:56.692,1788944336.6926,10016,-8197,-105.09,104,1.33
2026-09-09T14:28:56.711,1788944336.7114,10017,4633,59.4,-1606,-20.59
2026-09-09T14:28:56.721,1788944336.7214,10018,-7812,-100.15,-1686,-21.62
2026-09-09T14:28:56.724,1788944336.7246,10019,3952,50.67,-1760,-22.56
2026-09-09T14:28:56.742,1788944336.7422,10020,-7218,-92.54,-1782,-22.85
2026-09-09T14:28:56.755,1788944336.7559,10021,3239,41.53,-1812,-23.23
2026-09-09T14:28:56.774,1788944336.7741,10022,-6556,-84.05,-1824,-23.38
2026-09-09T14:28:56.774,1788944336.7741,10023,2503,32.09,-1843,-23.63
2026-09-09T14:28:56.787,1788944336.7878,10024,-5799,-74.35,-1838,-23.56
2026-09-09T14:28:56.787,1788944336.7878,10025,8013,102.73,-271,-3.47
2026-09-09T14:28:56.810,1788944336.8108,10026,-5055,-64.81,1293,16.58
2026-09-09T14:28:56.819,1788944336.8198,10027,7681,98.47,1396,17.9
2026-09-09T14:28:56.819,1788944336.8198,10028,-4285,-54.94,1505,19.29
2026-09-09T14:28:56.819,1788944336.8198,10029,7187,92.14,1574,20.18
2026-09-09T14:28:56.835,1788944336.8358,10030,-3556,-45.59,1633,20.94
2026-09-09T14:28:56.851,1788944336.8519,10031,6598,84.59,1668,21.38
2026-09-09T14:28:56.870,1788944336.8703,10032,-2799,-35.88,1710,21.92
2026-09-09T14:28:56.873,1788944336.8739,10033,5952,76.31,1738,22.28
2026-09-09T14:28:56.883,1788944336.8832,10034,-1978,-25.36,1781,22.83
2026-09-09T14:28:56.893,1788944336.8939,10035,5256,67.38,1813,23.24
2026-09-09T14:28:56.896,1788944336.8969,10036,-8168,-104.72,91,1.17
2026-09-09T14:28:56.912,1788944336.9128,10037,4566,58.54,-1629,-20.88
2026-09-09T14:28:56.912,1788944336.9128,10038,-7743,-99.27,-1695,-21.73
2026-09-09T14:28:56.931,1788944336.9314,10039,3856,49.44,-1766,-22.64
2026-09-09T14:28:56.946,1788944336.9464,10040,-7157,-91.76,-1797,-23.04
2026-09-09T14:28:56.960,1788944336.9603,10041,3156,40.46,-1826,-23.41
2026-09-09T14:28:56.960,1788944336.9603,10042,-6467,-82.91,-1828,-23.44
2026-09-09T14:28:56.978,1788944336.9784,10043,2419,31.01,-1840,-23.59
2026-09-09T14:28:56.978,1788944336.9784,10044,-5730,-73.46,-1840,-23.59
2026-09-09T14:28:56.992,1788944336.9922,10045,7985,102.37,-264,-3.38
2026-09-09T14:28:57.003,1788944337.0030,10046,-4958,-63.56,1320,16.92
2026-09-09T14:28:57.017,1788944337.0176,10047,7633,97.86,1425,18.27
2026-09-09T14:28:57.024,1788944337.0242,10048,-4224,-54.15,1521,19.5
2026-09-09T14:28:57.025,1788944337.0257,10049,7140,91.54,1581,20.27
2026-09-09T14:28:57.044,1788944337.0444,10050,-3447,-44.19,1652,21.18
2026-09-09T14:28:57.048,1788944337.0480,10051,6518,83.56,1691,21.68
2026-09-09T14:28:57.066,1788944337.0668,10052,-2650,-33.97,1734,22.23
2026-09-09T14:28:57.071,1788944337.0717,10053,5852,75.03,1767,22.65
2026-09-09T14:28:57.071,1788944337.0717,10054,-1857,-23.81,1799,23.06
2026-09-09T14:28:57.089,1788944337.0895,10055,5160,66.15,1824,23.38
2026-09-09T14:28:57.103,1788944337.1037,10056,-8123,-104.14,85,1.09
2026-09-09T14:28:57.106,1788944337.1067,10057,4462,57.21,-1656,-21.23
2026-09-09T14:28:57.122,1788944337.1224,10058,-7685,-98.53,-1721,-22.06
2026-09-09T14:28:57.136,1788944337.1361,10059,3781,48.47,-1782,-22.85
2026-09-09T14:28:57.151,1788944337.1512,10060,-7075,-90.71,-1800,-23.08
2026-09-09T14:28:57.151,1788944337.1512,10061,3065,39.29,-1826,-23.41
2026-09-09T14:28:57.166,1788944337.1668,10062,-6377,-81.76,-1831,-23.47
2026-09-09T14:28:57.166,1788944337.1668,10063,2336,29.95,-1839,-23.58
2026-09-09T14:28:57.185,1788944337.1859,10064,-5620,-72.05,-1832,-23.49
2026-09-09T14:28:57.185,1788944337.1859,10065,7949,101.91,-239,-3.06
2026-09-09T14:28:57.199,1788944337.1997,10066,-4885,-62.63,1348,17.28
2026-09-09T14:28:57.213,1788944337.2133,10067,7581,97.19,1440,18.46
2026-09-09T14:28:57.215,1788944337.2154,10068,-4131,-52.96,1536,19.69
2026-09-09T14:28:57.231,1788944337.2311,10069,7080,90.77,1599,20.5
2026-09-09T14:28:57.231,1788944337.2311,10070,-3374,-43.26,1663,21.32
2026-09-09T14:28:57.251,1788944337.2511,10071,6454,82.74,1696,21.74
2026-09-09T14:28:57.262,1788944337.2629,10072,-2618,-33.56,1729,22.17
2026-09-09T14:28:57.262,1788944337.2629,10073,5781,74.12,1749,22.42
2026-09-09T14:28:57.280,1788944337.2809,10074,-1780,-22.82,1791,22.96
2026-09-09T14:28:57.294,1788944337.2948,10075,5097,65.35,1829,23.45
2026-09-09T14:28:57.294,1788944337.2948,10076,-8105,-103.91,77,0.99
2026-09-09T14:28:57.310,1788944337.3106,10077,4395,56.35,-1680,-21.54
2026-09-09T14:28:57.326,1788944337.3267,10078,-7624,-97.74,-1735,-22.24
2026-09-09T14:28:57.344,1788944337.3447,10079,3682,47.21,-1793,-22.99
2026-09-09T14:28:57.344,1788944337.3447,10080,-7006,-89.82,-1817,-23.29
2026-09-09T14:28:57.344,1788944337.3447,10081,2965,38.01,-1842,-23.62
2026-09-09T14:28:57.358,1788944337.3588,10082,-6308,-80.87,-1846,-23.67
2026-09-09T14:28:57.383,1788944337.3833,10083,2245,28.78,-1852,-23.74
2026-09-09T14:28:57.396,1788944337.3960,10084,-5563,-71.32,-1846,-23.67
2026-09-09T14:28:57.396,1788944337.3960,10085,7918,101.51,-241,-3.09
2026-09-09T14:28:57.396,1788944337.3960,10086,-4787,-61.37,1371,17.58
2026-09-09T14:28:57.413,1788944337.4137,10087,7533,96.58,1469,18.83
2026-09-09T14:28:57.413,1788944337.4137,10088,-4042,-51.82,1559,19.99
2026-09-09T14:28:57.430,1788944337.4304,10089,6992,89.64,1610,20.64
2026-09-09T14:28:57.444,1788944337.4450,10090,-3293,-42.22,1662,21.31
2026-09-09T14:28:57.444,1788944337.4450,10091,6378,81.77,1696,21.74
2026-09-09T14:28:57.470,1788944337.4705,10092,-2512,-32.21,1737,22.27
2026-09-09T14:28:57.477,1788944337.4770,10093,5693,72.99,1761,22.58
2026-09-09T14:28:57.487,1788944337.4875,10094,-1667,-21.37,1801,23.09
2026-09-09T14:28:57.487,1788944337.4875,10095,5014,64.28,1843,23.63
2026-09-09T14:28:57.503,1788944337.5031,10096,-8043,-103.12,79,1.01
2026-09-09T14:28:57.503,1788944337.5031,10097,4304,55.18,-1692,-21.69
2026-09-09T14:28:57.519,1788944337.5192,10098,-7546,-96.74,-1746,-22.38
2026-09-09T14:28:57.545,1788944337.5454,10099,3603,46.19,-1797,-23.04
2026-09-09T14:28:57.554,1788944337.5541,10100,-6920,-88.72,-1815,-23.27
2026-09-09T14:28:57.559,1788944337.5597,10101,2903,37.22,-1834,-23.51
2026-09-09T14:28:57.568,1788944337.5684,10102,-6194,-79.41,-1827,-23.42
2026-09-09T14:28:57.577,1788944337.5772,10103,2138,27.41,-1837,-23.55
2026-09-09T14:28:57.587,1788944337.5873,10104,-5441,-69.76,-1840,-23.59
2026-09-09T14:28:57.588,1788944337.5881,10105,7874,100.95,-218,-2.79
2026-09-09T14:28:57.607,1788944337.6073,10106,-4706,-60.33,1400,17.95
2026-09-09T14:28:57.614,1788944337.6145,10107,7482,95.92,1486,19.05
2026-09-09T14:28:57.619,1788944337.6191,10108,-3957,-50.73,1575,20.19
2026-09-09T14:28:57.619,1788944337.6191,10109,6928,88.82,1624,20.82
2026-09-09T14:28:57.634,1788944337.6348,10110,-3180,-40.77,1679,21.53
2026-09-09T14:28:57.650,1788944337.6506,10111,6282,80.54,1712,21.95
2026-09-09T14:28:57.666,1788944337.6667,10112,-2399,-30.76,1746,22.38
2026-09-09T14:28:57.668,1788944337.6687,10113,5622,72.08,1776,22.77
2026-09-09T14:28:57.682,1788944337.6826,10114,-8314,-106.59,132,1.69
2026-09-09T14:28:57.682,1788944337.6826,10115,4922,63.1,-1521,-19.5
2026-09-09T14:28:57.698,1788944337.6985,10116,-7986,-102.38,-1614,-20.69
2026-09-09T14:28:57.698,1788944337.6985,10117,4228,54.21,-1706,-21.87
2026-09-09T14:28:57.730,1788944337.7310,10118,-7484,-95.95,-1754,-22.49
2026-09-09T14:28:57.746,1788944337.7463,10119,3512,45.03,-1807,-23.17
2026-09-09T14:28:57.746,1788944337.7463,10120,-6834,-87.62,-1824,-23.38
2026-09-09T14:28:57.746,1788944337.7463,10121,2811,36.04,-1837,-23.55
2026-09-09T14:28:57.764,1788944337.7641,10122,-6112,-78.36,-1831,-23.47
2026-09-09T14:28:57.764,1788944337.7641,10123,2046,26.23,-1842,-23.62
2026-09-09T14:28:57.778,1788944337.7785,10124,-5344,-68.51,-1841,-23.6
2026-09-09T14:28:57.796,1788944337.7966,10125,7855,100.71,-197,-2.53
2026-09-09T14:28:57.808,1788944337.8089,10126,-4593,-58.88,1443,18.5
2026-09-09T14:28:57.810,1788944337.8107,10127,7418,95.1,1521,19.5
2026-09-09T14:28:57.814,1788944337.8149,10128,-3836,-49.18,1601,20.53
2026-09-09T14:28:57.826,1788944337.8265,10129,6848,87.79,1648,21.13
2026-09-09T14:28:57.842,1788944337.8427,10130,-3068,-39.33,1698,21.77
2026-09-09T14:28:57.842,1788944337.8427,10131,6198,79.46,1727,22.14
2026-09-09T14:28:57.858,1788944337.8587,10132,-2283,-29.27,1761,22.58
2026-09-09T14:28:57.874,1788944337.8748,10133,5517,70.73,1787,22.91
2026-09-09T14:28:57.874,1788944337.8748,10134,-8270,-106.03,120,1.54
2026-09-09T14:28:57.892,1788944337.8926,10135,4838,62.03,-1547,-19.83
2026-09-09T14:28:57.892,1788944337.8926,10136,-7933,-101.71,-1632,-20.92
2026-09-09T14:28:57.922,1788944337.9228,10137,4116,52.77,-1728,-22.15
2026-09-09T14:28:57.934,1788944337.9347,10138,-7383,-94.65,-1771,-22.71
2026-09-09T14:28:57.938,1788944337.9389,10139,3431,43.99,-1805,-23.14
2026-09-09T14:28:57.938,1788944337.9389,10140,-6737,-86.37,-1815,-23.27
2026-09-09T14:28:57.957,1788944337.9570,10141,2703,34.65,-1835,-23.53
2026-09-09T14:28:57.970,1788944337.9700,10142,-6004,-76.97,-1834,-23.51
2026-09-09T14:28:57.979,1788944337.9796,10143,1942,24.9,-1841,-23.6
2026-09-09T14:28:57.993,1788944337.9932,10144,-5248,-67.28,-1842,-23.62
2026-09-09T14:28:57.996,1788944337.9966,10145,7802,100.03,-188,-2.41
2026-09-09T14:28:57.996,1788944337.9966,10146,-4513,-57.86,1460,18.72
2026-09-09T14:28:58.012,1788944338.0123,10147,7353,94.27,1532,19.64
2026-09-09T14:28:58.015,1788944338.0154,10148,-3744,-48.0,1612,20.67
2026-09-09T14:28:58.034,1788944338.0345,10149,6771,86.81,1659,21.27
2026-09-09T14:28:58.044,1788944338.0445,10150,-2991,-38.35,1701,21.81
2026-09-09T14:28:58.044,1788944338.0445,10151,6114,78.38,1725,22.12
2026-09-09T14:28:58.062,1788944338.0626,10152,-2191,-28.09,1761,22.58
2026-09-09T14:28:58.076,1788944338.0764,10153,5425,69.55,1789,22.94
2026-09-09T14:28:58.086,1788944338.0862,10154,-8261,-105.91,99,1.27
2026-09-09T14:28:58.088,1788944338.0883,10155,4750,60.9,-1587,-20.35
2026-09-09T14:28:58.103,1788944338.1033,10156,-7864,-100.82,-1657,-21.24
2026-09-09T14:28:58.115,1788944338.1156,10157,4040,51.79,-1735,-22.24
2026-09-09T14:28:58.129,1788944338.1293,10158,-7318,-93.82,-1776,-22.77
2026-09-09T14:28:58.129,1788944338.1293,10159,3328,42.67,-1817,-23.29
2026-09-09T14:28:58.143,1788944338.1431,10160,-6664,-85.44,-1832,-23.49
2026-09-09T14:28:58.146,1788944338.1465,10161,2608,33.44,-1848,-23.69
2026-09-09T14:28:58.161,1788944338.1610,10162,-5903,-75.68,-1838,-23.56
2026-09-09T14:28:58.174,1788944338.1747,10163,1842,23.62,-1839,-23.58
2026-09-09T14:28:58.174,1788944338.1747,10164,-5159,-66.14,-1845,-23.65
2026-09-09T14:28:58.190,1788944338.1904,10165,7742,99.26,-184,-2.36
2026-09-09T14:28:58.206,1788944338.2066,10166,-4412,-56.56,1478,18.95
2026-09-09T14:28:58.215,1788944338.2156,10167,7273,93.24,1547,19.83
2026-09-09T14:28:58.224,1788944338.2247,10168,-3647,-46.76,1621,20.78
2026-09-09T14:28:58.232,1788944338.2326,10169,6687,85.73,1666,21.36
2026-09-09T14:28:58.244,1788944338.2446,10170,-2883,-36.96,1711,21.94
2026-09-09T14:28:58.254,1788944338.2548,10171,6022,77.21,1735,22.24
2026-09-09T14:28:58.254,1788944338.2548,10172,-2061,-26.42,1775,22.76
2026-09-09T14:28:58.268,1788944338.2689,10173,5353,68.63,1813,23.24
2026-09-09T14:28:58.282,1788944338.2825,10174,-8208,-105.23,109,1.4
2026-09-09T14:28:58.289,1788944338.2895,10175,4666,59.82,-1600,-20.51
2026-09-09T14:28:58.309,1788944338.3092,10176,-7807,-100.09,-1671,-21.42
2026-09-09T14:28:58.316,1788944338.3161,10177,3945,50.58,-1751,-22.45
2026-09-09T14:28:58.327,1788944338.3272,10178,-7225,-92.63,-1786,-22.9
2026-09-09T14:28:58.329,1788944338.3292,10179,3236,41.49,-1818,-23.31
2026-09-09T14:28:58.343,1788944338.3432,10180,-6571,-84.24,-1831,-23.47
2026-09-09T14:28:58.358,1788944338.3589,10181,2520,32.31,-1847,-23.68
2026-09-09T14:28:58.358,1788944338.3589,10182,-5805,-74.42,-1834,-23.51
2026-09-09T14:28:58.377,1788944338.3777,10183,1731,22.19,-1840,-23.59
2026-09-09T14:28:58.382,1788944338.3821,10184,-5058,-64.85,-1851,-23.73
2026-09-09T14:28:58.392,1788944338.3927,10185,7686,98.54,-175,-2.24
2026-09-09T14:28:58.392,1788944338.3927,10186,-4295,-55.06,1504,19.28
2026-09-09T14:28:58.416,1788944338.4165,10187,7217,92.53,1578,20.23
2026-09-09T14:28:58.424,1788944338.4246,10188,-3522,-45.15,1654,21.21
2026-09-09T14:28:58.424,1788944338.4246,10189,6607,84.71,1695,21.73
2026-09-09T14:28:58.438,1788944338.4388,10190,-2774,-35.56,1729,22.17
2026-09-09T14:28:58.455,1788944338.4550,10191,5929,76.01,1747,22.4
2026-09-09T14:28:58.455,1788944338.4550,10192,-1961,-25.14,1780,22.82
2026-09-09T14:28:58.471,1788944338.4710,10193,5245,67.24,1813,23.24
2026-09-09T14:28:58.471,1788944338.4710,10194,-8175,-104.81,88,1.13
2026-09-09T14:28:58.502,1788944338.5025,10195,4551,58.35,-1639,-21.01
2026-09-09T14:28:58.502,1788944338.5025,10196,-7734,-99.15,-1702,-21.82
2026-09-09T14:28:58.516,1788944338.5170,10197,3842,49.26,-1769,-22.68
2026-09-09T14:28:58.520,1788944338.5205,10198,-7131,-91.42,-1796,-23.03
2026-09-09T14:28:58.534,1788944338.5343,10199,3133,40.17,-1822,-23.36
2026-09-09T14:28:58.534,1788944338.5343,10200,-6457,-82.78,-1831,-23.47
2026-09-09T14:28:58.550,1788944338.5500,10201,2413,30.94,-1842,-23.62
2026-09-09T14:28:58.566,1788944338.5667,10202,-5724,-73.38,-1839,-23.58
2026-09-09T14:28:58.566,1788944338.5667,10203,1615,20.71,-1855,-23.78
2026-09-09T14:28:58.582,1788944338.5824,10204,-4961,-63.6,-1864,-23.9
2026-09-09T14:28:58.582,1788944338.5824,10205,7634,97.87,-169,-2.17
2026-09-09T14:28:58.605,1788944338.6057,10206,-4195,-53.78,1528,19.59
2026-09-09T14:28:58.605,1788944338.6057,10207,7116,91.23,1590,20.38
2026-09-09T14:28:58.630,1788944338.6303,10208,-3434,-44.03,1650,21.15
2026-09-09T14:28:58.630,1788944338.6303,10209,6519,83.58,1691,21.68
2026-09-09T14:28:58.646,1788944338.6463,10210,-2657,-34.06,1736,22.26
2026-09-09T14:28:58.646,1788944338.6463,10211,5845,74.94,1762,22.59
2026-09-09T14:28:58.662,1788944338.6624,10212,-1836,-23.54,1799,23.06
2026-09-09T14:28:58.662,1788944338.6624,10213,5165,66.22,1834,23.51
2026-09-09T14:28:58.694,1788944338.6943,10214,-8118,-104.08,94,1.21
2026-09-09T14:28:58.694,1788944338.6943,10215,4455,57.12,-1654,-21.21
2026-09-09T14:28:58.712,1788944338.7122,10216,-7656,-98.15,-1716,-22.0
2026-09-09T14:28:58.712,1788944338.7122,10217,3746,48.03,-1778,-22.79
2026-09-09T14:28:58.726,1788944338.7264,10218,-7046,-90.33,-1803,-23.12
2026-09-09T14:28:58.726,1788944338.7264,10219,3045,39.04,-1826,-23.41
2026-09-09T14:28:58.744,1788944338.7442,10220,-6348,-81.38,-1826,-23.41
2026-09-09T14:28:58.757,1788944338.7579,10221,2305,29.55,-1837,-23.55
2026-09-09T14:28:58.757,1788944338.7579,10222,-5612,-71.95,-1838,-23.56
2026-09-09T14:28:58.773,1788944338.7737,10223,7942,101.82,-245,-3.14
2026-09-09T14:28:58.773,1788944338.7737,10224,-4844,-62.1,1357,17.4
2026-09-09T14:28:58.789,1788944338.7897,10225,7562,96.95,1454,18.64
2026-09-09T14:28:58.805,1788944338.8057,10226,-4082,-52.33,1549,19.86
2026-09-09T14:28:58.805,1788944338.8057,10227,7020,90.0,1604,20.56
2026-09-09T14:28:58.822,1788944338.8223,10228,-3305,-42.37,1663,21.32
2026-09-09T14:28:58.837,1788944338.8379,10229,6402,82.08,1703,21.83
2026-09-09T14:28:58.843,1788944338.8439,10230,-2513,-32.22,1746,22.38
2026-09-09T14:28:58.852,1788944338.8524,10231,5721,73.35,1774,22.74
2026-09-09T14:28:58.862,1788944338.8624,10232,-1659,-21.27,1817,23.29
2026-09-09T14:28:58.880,1788944338.8810,10233,5049,64.73,1863,23.88
2026-09-09T14:28:58.889,1788944338.8894,10234,-8053,-103.24,96,1.23
2026-09-09T14:28:58.900,1788944338.9001,10235,4327,55.47,-1683,-21.58
2026-09-09T14:28:58.908,1788944338.9080,10236,-7575,-97.12,-1744,-22.36
2026-09-09T14:28:58.916,1788944338.9161,10237,3618,46.38,-1802,-23.1
2026-09-09T14:28:58.929,1788944338.9299,10238,-6949,-89.09,-1822,-23.36
2026-09-09T14:28:58.943,1788944338.9433,10239,2897,37.14,-1846,-23.67
2026-09-09T14:28:58.947,1788944338.9470,10240,-6231,-79.88,-1847,-23.68
2026-09-09T14:28:58.961,1788944338.9618,10241,2157,27.65,-1852,-23.74
2026-09-09T14:28:58.970,1788944338.9703,10242,-5466,-70.08,-1846,-23.67
2026-09-09T14:28:58.977,1788944338.9776,10243,7869,100.88,-227,-2.91
2026-09-09T14:28:58.984,1788944338.9846,10244,-4695,-60.19,1394,17.87
2026-09-09T14:28:58.993,1788944338.9932,10245,7481,95.91,1490,19.1
2026-09-09T14:28:58.993,1788944338.9932,10246,-3938,-50.49,1582,20.28
2026-09-09T14:28:59.008,1788944339.0084,10247,6919,88.71,1631,20.91
2026-09-09T14:28:59.024,1788944339.0245,10248,-3185,-40.83,1678,21.51
2026-09-09T14:28:59.024,1788944339.0245,10249,6297,80.73,1711,21.94
2026-09-09T14:28:59.041,1788944339.0420,10250,-2388,-30.62,1755,22.5
2026-09-09T14:28:59.056,1788944339.0562,10251,5608,71.9,1782,22.85
2026-09-09T14:28:59.056,1788944339.0562,10252,-1571,-20.14,1814,23.26
2026-09-09T14:28:59.072,1788944339.0722,10253,4913,62.99,1844,23.64
2026-09-09T14:28:59.088,1788944339.0883,10254,-7991,-102.45,66,0.85
2026-09-09T14:28:59.104,1788944339.1045,10255,4211,53.99,-1715,-21.99
2026-09-09T14:28:59.104,1788944339.1045,10256,-7474,-95.82,-1761,-22.58
2026-09-09T14:28:59.119,1788944339.1200,10257,3506,44.95,-1808,-23.18
2026-09-09T14:28:59.119,1788944339.1200,10258,-6820,-87.44,-1821,-23.35
2026-09-09T14:28:59.135,1788944339.1360,10259,2782,35.67,-1838,-23.56
2026-09-09T14:28:59.151,1788944339.1519,10260,-6094,-78.13,-1838,-23.56
2026-09-09T14:28:59.151,1788944339.1519,10261,2033,26.06,-1844,-23.64
2026-09-09T14:28:59.167,1788944339.1676,10262,-5346,-68.54,-1844,-23.64
2026-09-09T14:28:59.167,1788944339.1676,10263,7853,100.68,-202,-2.59
2026-09-09T14:28:59.183,1788944339.1835,10264,-4591,-58.86,1442,18.49
2026-09-09T14:28:59.183,1788944339.1835,10265,7416,95.08,1521,19.5
2026-09-09T14:28:59.199,1788944339.1994,10266,-3822,-49.0,1604,20.56
2026-09-09T14:28:59.215,1788944339.2151,10267,6850,87.82,1655,21.22
2026-09-09T14:28:59.221,1788944339.2212,10268,-3069,-39.35,1702,21.82
2026-09-09T14:28:59.231,1788944339.2310,10269,6193,79.4,1726,22.13
2026-09-09T14:28:59.247,1788944339.2471,10270,-2304,-29.54,1753,22.47
2026-09-09T14:28:59.247,1788944339.2471,10271,5508,70.62,1773,22.73
2026-09-09T14:28:59.262,1788944339.2629,10272,-1443,-18.5,1817,23.29
2026-09-09T14:28:59.262,1788944339.2629,10273,4817,61.76,1859,23.83
2026-09-09T14:28:59.278,1788944339.2789,10274,-7903,-101.32,72,0.92
2026-09-09T14:28:59.294,1788944339.2947,10275,4103,52.6,-1722,-22.08
2026-09-09T14:28:59.310,1788944339.3105,10276,-7377,-94.58,-1769,-22.68
2026-09-09T14:28:59.310,1788944339.3105,10277,3402,43.62,-1813,-23.24
2026-09-09T14:28:59.326,1788944339.3265,10278,-6719,-86.14,-1823,-23.37
2026-09-09T14:28:59.326,1788944339.3265,10279,2678,34.33,-1840,-23.59
2026-09-09T14:28:59.342,1788944339.3422,10280,-5989,-76.78,-1838,-23.56
2026-09-09T14:28:59.358,1788944339.3590,10281,1913,24.53,-1847,-23.68
2026-09-09T14:28:59.375,1788944339.3757,10282,-5225,-66.99,-1847,-23.68
2026-09-09T14:28:59.384,1788944339.3844,10283,7777,99.71,-190,-2.44
2026-09-09T14:28:59.384,1788944339.3844,10284,-4470,-57.31,1464,18.77
2026-09-09T14:28:59.384,1788944339.3844,10285,7320,93.85,1539,19.73
2026-09-09T14:28:59.402,1788944339.4022,10286,-3685,-47.24,1621,20.78
2026-09-09T14:28:59.402,1788944339.4022,10287,6742,86.44,1673,21.45
2026-09-09T14:28:59.421,1788944339.4212,10288,-2941,-37.71,1714,21.97
2026-09-09T14:28:59.431,1788944339.4317,10289,6068,77.79,1732,22.21
2026-09-09T14:28:59.447,1788944339.4478,10290,-2144,-27.49,1762,22.59
2026-09-09T14:28:59.447,1788944339.4478,10291,5396,69.18,1794,23.0
2026-09-09T14:28:59.463,1788944339.4637,10292,-1306,-16.74,1835,23.53
2026-09-09T14:28:59.463,1788944339.4637,10293,4713,60.42,1874,24.03
2026-09-09T14:28:59.479,1788944339.4794,10294,-7825,-100.32,73,0.94
2026-09-09T14:28:59.479,1788944339.4794,10295,3991,51.17,-1737,-22.27
2026-09-09T14:28:59.511,1788944339.5113,10296,-7280,-93.33,-1781,-22.83
2026-09-09T14:28:59.521,1788944339.5211,10297,3286,42.13,-1821,-23.35
2026-09-09T14:28:59.527,1788944339.5271,10298,-6629,-84.99,-1835,-23.53
2026-09-09T14:28:59.527,1788944339.5271,10299,2558,32.79,-1854,-23.77
2026-09-09T14:28:59.549,1788944339.5492,10300,-5868,-75.23,-1846,-23.67
2026-09-09T14:28:59.559,1788944339.5594,10301,1805,23.14,-1844,-23.64
2026-09-09T14:28:59.559,1788944339.5594,10302,-5112,-65.54,-1843,-23.63
2026-09-09T14:28:59.574,1788944339.5746,10303,7724,99.03,-174,-2.23
2026-09-09T14:28:59.574,1788944339.5746,10304,-4362,-55.92,1493,19.14
2026-09-09T14:28:59.592,1788944339.5927,10305,7251,92.96,1562,20.03
2026-09-09T14:28:59.592,1788944339.5927,10306,-3609,-46.27,1632,20.92
2026-09-09T14:28:59.608,1788944339.6086,10307,6669,85.5,1675,21.47
2026-09-09T14:28:59.622,1788944339.6223,10308,-2848,-36.51,1720,22.05
2026-09-09T14:28:59.622,1788944339.6223,10309,5992,76.82,1741,22.32
2026-09-09T14:28:59.638,1788944339.6384,10310,-2040,-26.15,1774,22.74
2026-09-09T14:28:59.654,1788944339.6545,10311,5311,68.09,1805,23.14
2026-09-09T14:28:59.654,1788944339.6545,10312,-1178,-15.1,1851,23.73
2026-09-09T14:28:59.674,1788944339.6742,10313,4616,59.18,1892,24.26
2026-09-09T14:28:59.676,1788944339.6764,10314,-7777,-99.71,69,0.88
2026-09-09T14:28:59.692,1788944339.6928,10315,3923,50.29,-1754,-22.49
2026-09-09T14:28:59.702,1788944339.7028,10316,-7199,-92.29,-1783,-22.86
2026-09-09T14:28:59.708,1788944339.7089,10317,3198,41.0,-1820,-23.33
2026-09-09T14:28:59.722,1788944339.7230,10318,-6537,-83.81,-1835,-23.53
2026-09-09T14:28:59.724,1788944339.7245,10319,2469,31.65,-1852,-23.74
2026-09-09T14:28:59.740,1788944339.7403,10320,-5788,-74.21,-1847,-23.68
2026-09-09T14:28:59.740,1788944339.7403,10321,1712,21.95,-1849,-23.71
2026-09-09T14:28:59.758,1788944339.7585,10322,-5052,-64.77,-1854,-23.77
2026-09-09T14:28:59.772,1788944339.7723,10323,7676,98.41,-179,-2.29
2026-09-09T14:28:59.782,1788944339.7827,10324,-4274,-54.79,1506,19.31
