iso_time,epoch_seconds,sample_index,q1_raw,q1_voltage_mv
2026-09-09T12:44:59.810,1788938099.8109,1,-1373,-17.6
2026-09-09T12:44:59.820,1788938099.8206,2,968,12.41
2026-09-09T12:44:59.842,1788938099.8428,3,-1407,-18.04
2026-09-09T12:44:59.842,1788938099.8428,4,1360,17.44
2026-09-09T12:44:59.842,1788938099.8428,5,671,8.6
2026-09-09T12:44:59.860,1788938099.8609,6,1794,23.0
2026-09-09T12:44:59.860,1788938099.8609,7,651,8.35
2026-09-09T12:44:59.874,1788938099.8747,8,2204,28.26
2026-09-09T12:44:59.890,1788938099.8906,9,675,8.65
2026-09-09T12:44:59.890,1788938099.8906,10,2590,33.21
2026-09-09T12:44:59.906,1788938099.9066,11,559,7.17
2026-09-09T12:44:59.922,1788938099.9224,12,2813,36.06
2026-09-09T12:44:59.922,1788938099.9224,13,378,4.85
2026-09-09T12:44:59.938,1788938099.9381,14,947,12.14
2026-09-09T12:44:59.938,1788938099.9381,15,-279,-3.58
2026-09-09T12:44:59.953,1788938099.9538,16,977,12.53
2026-09-09T12:44:59.971,1788938099.9718,17,-417,-5.35
2026-09-09T12:44:59.980,1788938099.9800,18,1119,14.35
2026-09-09T12:44:59.987,1788938099.9875,19,-591,-7.58
2026-09-09T12:45:00.000,1788938100.0008,20,1038,13.31
2026-09-09T12:45:00.020,1788938100.0206,21,-793,-10.17
2026-09-09T12:45:00.025,1788938100.0252,22,1650,21.15
2026-09-09T12:45:00.035,1788938100.0352,23,-1055,-13.53
2026-09-09T12:45:00.035,1788938100.0352,24,1806,23.15
2026-09-09T12:45:00.050,1788938100.0500,25,805,10.32
2026-09-09T12:45:00.064,1788938100.0641,26,1489,19.09
2026-09-09T12:45:00.074,1788938100.0746,27,29,0.37
2026-09-09T12:45:00.082,1788938100.0822,28,1586,20.33
2026-09-09T12:45:00.091,1788938100.0912,29,-301,-3.86
2026-09-09T12:45:00.096,1788938100.0962,30,1613,20.68
2026-09-09T12:45:00.112,1788938100.1122,31,-598,-7.67
2026-09-09T12:45:00.118,1788938100.1189,32,1661,21.29
2026-09-09T12:45:00.130,1788938100.1302,33,-1065,-13.65
2026-09-09T12:45:00.144,1788938100.1441,34,-353,-4.53
2026-09-09T12:45:00.144,1788938100.1441,35,-1691,-21.68
2026-09-09T12:45:00.159,1788938100.1599,36,-541,-6.94
2026-09-09T12:45:00.175,1788938100.1757,37,-2327,-29.83
2026-09-09T12:45:00.179,1788938100.1797,38,-653,-8.37
2026-09-09T12:45:00.191,1788938100.1918,39,-2724,-34.92
2026-09-09T12:45:00.199,1788938100.1998,40,-553,-7.09
2026-09-09T12:45:00.207,1788938100.2075,41,-2930,-37.56
2026-09-09T12:45:00.223,1788938100.2232,42,-330,-4.23
2026-09-09T12:45:00.230,1788938100.2310,43,-2976,-38.15
2026-09-09T12:45:00.241,1788938100.2411,44,79,1.01
2026-09-09T12:45:00.255,1788938100.2550,45,-900,-11.54
2026-09-09T12:45:00.255,1788938100.2550,46,721,9.24
2026-09-09T12:45:00.279,1788938100.2792,47,-817,-10.47
2026-09-09T12:45:00.285,1788938100.2855,48,1101,14.12
2026-09-09T12:45:00.293,1788938100.2936,49,-911,-11.68
2026-09-09T12:45:00.303,1788938100.3039,50,1386,17.77
2026-09-09T12:45:00.310,1788938100.3104,51,-1083,-13.88
2026-09-09T12:45:00.322,1788938100.3222,52,1572,20.15
2026-09-09T12:45:00.322,1788938100.3222,53,-1285,-16.47
2026-09-09T12:45:00.343,1788938100.3437,54,-248,-3.18
2026-09-09T12:45:00.348,1788938100.3481,55,-1525,-19.55
2026-09-09T12:45:00.348,1788938100.3481,56,56,0.72
2026-09-09T12:45:00.374,1788938100.3742,57,-1590,-20.38
2026-09-09T12:45:00.382,1788938100.3820,58,445,5.71
2026-09-09T12:45:00.390,1788938100.3901,59,-1635,-20.96
2026-09-09T12:45:00.398,1788938100.3987,60,807,10.35
2026-09-09T12:45:00.414,1788938100.4143,61,-1670,-21.41
2026-09-09T12:45:00.422,1788938100.4226,62,1203,15.42
2026-09-09T12:45:00.432,1788938100.4330,63,-1687,-21.63
2026-09-09T12:45:00.442,1788938100.4429,64,1522,19.51
2026-09-09T12:45:00.448,1788938100.4489,65,328,4.21
2026-09-09T12:45:00.448,1788938100.4489,66,1735,22.24
2026-09-09T12:45:00.464,1788938100.4645,67,70,0.9
2026-09-09T12:45:00.480,1788938100.4804,68,1853,23.76
2026-09-09T12:45:00.496,1788938100.4963,69,-264,-3.38
2026-09-09T12:45:00.496,1788938100.4963,70,2001,25.65
2026-09-09T12:45:00.511,1788938100.5120,71,-457,-5.86
2026-09-09T12:45:00.511,1788938100.5120,72,2374,30.44
2026-09-09T12:45:00.530,1788938100.5301,73,-474,-6.08
2026-09-09T12:45:00.540,1788938100.5404,74,800,10.26
2026-09-09T12:45:00.548,1788938100.5487,75,-605,-7.76
2026-09-09T12:45:00.562,1788938100.5622,76,972,12.46
2026-09-09T12:45:00.573,1788938100.5734,77,-812,-10.41
2026-09-09T12:45:00.575,1788938100.5754,78,1529,19.6
2026-09-09T12:45:00.593,1788938100.5932,79,-919,-11.78
2026-09-09T12:45:00.593,1788938100.5932,80,1078,13.82
2026-09-09T12:45:00.607,1788938100.6074,81,-1871,-23.99
2026-09-09T12:45:00.625,1788938100.6251,82,1131,14.5
2026-09-09T12:45:00.625,1788938100.6251,83,4,0.05
2026-09-09T12:45:00.638,1788938100.6384,84,1213,15.55
2026-09-09T12:45:00.638,1788938100.6384,85,-177,-2.27
2026-09-09T12:45:00.656,1788938100.6565,86,1371,17.58
2026-09-09T12:45:00.672,1788938100.6727,87,-351,-4.5
2026-09-09T12:45:00.672,1788938100.6727,88,1560,20.0
2026-09-09T12:45:00.687,1788938100.6879,89,-914,-11.72
2026-09-09T12:45:00.701,1788938100.7017,90,1151,14.76
2026-09-09T12:45:00.710,1788938100.7108,91,-1811,-23.22
2026-09-09T12:45:00.724,1788938100.7241,92,500,6.41
2026-09-09T12:45:00.736,1788938100.7366,93,-2944,-37.74
2026-09-09T12:45:00.740,1788938100.7409,94,-1782,-22.85
2026-09-09T12:45:00.751,1788938100.7514,95,-3288,-42.15
2026-09-09T12:45:00.754,1788938100.7541,96,-1323,-16.96
2026-09-09T12:45:00.765,1788938100.7653,97,-3061,-39.24
2026-09-09T12:45:00.783,1788938100.7836,98,-603,-7.73
2026-09-09T12:45:00.791,1788938100.7913,99,-2834,-36.33
2026-09-09T12:45:00.805,1788938100.8050,100,109,1.4
2026-09-09T12:45:00.813,1788938100.8134,101,-2547,-32.65
2026-09-09T12:45:00.822,1788938100.8228,102,801,10.27
2026-09-09T12:45:00.828,1788938100.8285,103,-280,-3.59
2026-09-09T12:45:00.844,1788938100.8445,104,1238,15.87
2026-09-09T12:45:00.852,1788938100.8526,105,-476,-6.1
2026-09-09T12:45:00.860,1788938100.8606,106,1403,17.99
2026-09-09T12:45:00.860,1788938100.8606,107,-759,-9.73
2026-09-09T12:45:00.876,1788938100.8764,108,1535,19.68
2026-09-09T12:45:00.892,1788938100.8924,109,-1046,-13.41
2026-09-09T12:45:00.892,1788938100.8924,110,1644,21.08
2026-09-09T12:45:00.911,1788938100.9114,111,-1362,-17.46
2026-09-09T12:45:00.924,1788938100.9242,112,1716,22.0
2026-09-09T12:45:00.924,1788938100.9242,113,-1625,-20.83
2026-09-09T12:45:00.942,1788938100.9421,114,36,0.46
2026-09-09T12:45:00.956,1788938100.9568,115,-1785,-22.88
2026-09-09T12:45:00.962,1788938100.9627,116,328,4.21
2026-09-09T12:45:00.971,1788938100.9715,117,-1943,-24.91
2026-09-09T12:45:00.971,1788938100.9715,118,614,7.87
2026-09-09T12:45:00.989,1788938100.9894,119,-2025,-25.96
2026-09-09T12:45:00.989,1788938100.9894,120,935,11.99
2026-09-09T12:45:01.019,1788938101.0192,121,-2076,-26.62
2026-09-09T12:45:01.021,1788938101.0213,122,1236,15.85
2026-09-09T12:45:01.021,1788938101.0213,123,-51,-0.65
2026-09-09T12:45:01.037,1788938101.0371,124,1464,18.77
2026-09-09T12:45:01.051,1788938101.0512,125,-259,-3.32
2026-09-09T12:45:01.060,1788938101.0602,126,1652,21.18
2026-09-09T12:45:01.066,1788938101.0670,127,-519,-6.65
2026-09-09T12:45:01.082,1788938101.0828,128,1796,23.03
2026-09-09T12:45:01.082,1788938101.0828,129,-823,-10.55
2026-09-09T12:45:01.098,1788938101.0989,130,1888,24.21
2026-09-09T12:45:01.098,1788938101.0989,131,-1156,-14.82
2026-09-09T12:45:01.126,1788938101.1268,132,1928,24.72
2026-09-09T12:45:01.130,1788938101.1307,133,-1439,-18.45
2026-09-09T12:45:01.137,1788938101.1372,134,205,2.63
2026-09-09T12:45:01.146,1788938101.1464,135,-1663,-21.32
2026-09-09T12:45:01.162,1788938101.1621,136,457,5.86
2026-09-09T12:45:01.162,1788938101.1621,137,-1799,-23.06
2026-09-09T12:45:01.180,1788938101.1802,138,761,9.76
2026-09-09T12:45:01.193,1788938101.1940,139,-1859,-23.83
2026-09-09T12:45:01.193,1788938101.1940,140,1096,14.05
2026-09-09T12:45:01.212,1788938101.2125,141,-1921,-24.63
2026-09-09T12:45:01.225,1788938101.2257,142,1374,17.62
2026-09-09T12:45:01.237,1788938101.2374,143,38,0.49
2026-09-09T12:45:01.241,1788938101.2417,144,1603,20.55
2026-09-09T12:45:01.241,1788938101.2417,145,-185,-2.37
2026-09-09T12:45:01.257,1788938101.2574,146,1765,22.63
2026-09-09T12:45:01.275,1788938101.2756,147,-483,-6.19
2026-09-09T12:45:01.275,1788938101.2756,148,1823,23.37
2026-09-09T12:45:01.292,1788938101.2930,149,-876,-11.23
2026-09-09T12:45:01.305,1788938101.3051,150,1823,23.37
2026-09-09T12:45:01.309,1788938101.3091,151,-1260,-16.15
2026-09-09T12:45:01.321,1788938101.3210,152,1796,23.03
2026-09-09T12:45:01.338,1788938101.3388,153,-1626,-20.85
2026-09-09T12:45:01.343,1788938101.3434,154,87,1.12
2026-09-09T12:45:01.352,1788938101.3526,155,-1866,-23.92
2026-09-09T12:45:01.359,1788938101.3596,156,315,4.04
2026-09-09T12:45:01.370,1788938101.3707,157,-2014,-25.82
2026-09-09T12:45:01.384,1788938101.3843,158,599,7.68
2026-09-09T12:45:01.384,1788938101.3843,159,-2091,-26.81
2026-09-09T12:45:01.402,1788938101.4021,160,902,11.56
2026-09-09T12:45:01.402,1788938101.4021,161,-2131,-27.32
2026-09-09T12:45:01.416,1788938101.4160,162,1165,14.94
2026-09-09T12:45:01.430,1788938101.4306,163,-253,-3.24
2026-09-09T12:45:01.439,1788938101.4391,164,1339,17.17
2026-09-09T12:45:01.447,1788938101.4478,165,-546,-7.0
2026-09-09T12:45:01.463,1788938101.4637,166,1471,18.86
2026-09-09T12:45:01.463,1788938101.4637,167,-851,-10.91
2026-09-09T12:45:01.479,1788938101.4795,168,1574,20.18
2026-09-09T12:45:01.495,1788938101.4953,169,-1179,-15.12
2026-09-09T12:45:01.495,1788938101.4953,170,1626,20.85
2026-09-09T12:45:01.511,1788938101.5113,171,-1483,-19.01
2026-09-09T12:45:01.518,1788938101.5185,172,1690,21.67
2026-09-09T12:45:01.529,1788938101.5293,173,-1707,-21.88
2026-09-09T12:45:01.539,1788938101.5392,174,173,2.22
2026-09-09T12:45:01.543,1788938101.5433,175,-1888,-24.21
2026-09-09T12:45:01.561,1788938101.5615,176,465,5.96
2026-09-09T12:45:01.571,1788938101.5716,177,-1973,-25.29
2026-09-09T12:45:01.574,1788938101.5747,178,823,10.55
2026-09-09T12:45:01.597,1788938101.5973,179,-2035,-26.09
2026-09-09T12:45:01.608,1788938101.6081,180,1137,14.58
2026-09-09T12:45:01.613,1788938101.6132,181,-2066,-26.49
2026-09-09T12:45:01.614,1788938101.6147,182,1409,18.06
2026-09-09T12:45:01.629,1788938101.6299,183,-274,-3.51
2026-09-09T12:45:01.646,1788938101.6466,184,1590,20.38
2026-09-09T12:45:01.650,1788938101.6507,185,-565,-7.24
2026-09-09T12:45:01.662,1788938101.6620,186,1710,21.92
2026-09-09T12:45:01.675,1788938101.6752,187,-904,-11.59
2026-09-09T12:45:01.675,1788938101.6752,188,1776,22.77
2026-09-09T12:45:01.693,1788938101.6930,189,-1255,-16.09
2026-09-09T12:45:01.693,1788938101.6930,190,1837,23.55
2026-09-09T12:45:01.706,1788938101.7067,191,-1533,-19.65
2026-09-09T12:45:01.724,1788938101.7242,192,1898,24.33
2026-09-09T12:45:01.724,1788938101.7242,193,-1748,-22.41
2026-09-09T12:45:01.739,1788938101.7397,194,417,5.35
2026-09-09T12:45:01.753,1788938101.7534,195,-1878,-24.08
2026-09-09T12:45:01.753,1788938101.7534,196,722,9.26
2026-09-09T12:45:01.769,1788938101.7694,197,-1981,-25.4
2026-09-09T12:45:01.769,1788938101.7694,198,1046,13.41
2026-09-09T12:45:01.793,1788938101.7935,199,-1989,-25.5
2026-09-09T12:45:01.800,1788938101.8010,200,1386,17.77
2026-09-09T12:45:01.800,1788938101.8010,201,-1946,-24.95
2026-09-09T12:45:01.818,1788938101.8186,202,1672,21.44
2026-09-09T12:45:01.832,1788938101.8323,203,-93,-1.19
2026-09-09T12:45:01.839,1788938101.8400,204,2059,26.4
2026-09-09T12:45:01.850,1788938101.8504,205,-124,-1.59
2026-09-09T12:45:01.850,1788938101.8504,206,2385,30.58
2026-09-09T12:45:01.864,1788938101.8645,207,-319,-4.09
2026-09-09T12:45:01.882,1788938101.8830,208,2445,31.35
2026-09-09T12:45:01.882,1788938101.8830,209,-682,-8.74
2026-09-09T12:45:01.896,1788938101.8965,210,2434,31.21
2026-09-09T12:45:01.912,1788938101.9125,211,-1049,-13.45
2026-09-09T12:45:01.912,1788938101.9125,212,679,8.71
2026-09-09T12:45:01.928,1788938101.9285,213,-1492,-19.13
2026-09-09T12:45:01.940,1788938101.9400,214,686,8.79
2026-09-09T12:45:01.946,1788938101.9466,215,-1930,-24.74
2026-09-09T12:45:01.960,1788938101.9607,216,635,8.14
2026-09-09T12:45:01.960,1788938101.9607,217,-2302,-29.51
2026-09-09T12:45:01.978,1788938101.9786,218,629,8.06
2026-09-09T12:45:01.992,1788938101.9924,219,-2576,-33.03
2026-09-09T12:45:01.992,1788938101.9924,220,663,8.5
2026-09-09T12:45:02.016,1788938102.0161,221,-2790,-35.77
2026-09-09T12:45:02.020,1788938102.0208,222,670,8.59
2026-09-09T12:45:02.024,1788938102.0246,223,-1358,-17.41
2026-09-09T12:45:02.044,1788938102.0443,224,764,9.79
2026-09-09T12:45:02.044,1788938102.0443,225,-1636,-20.97
2026-09-09T12:45:02.056,1788938102.0561,226,966,12.38
2026-09-09T12:45:02.072,1788938102.0720,227,-1807,-23.17
2026-09-09T12:45:02.072,1788938102.0720,228,1304,16.72
2026-09-09T12:45:02.099,1788938102.0995,229,-1755,-22.5
2026-09-09T12:45:02.103,1788938102.1039,230,1696,21.74
2026-09-09T12:45:02.111,1788938102.1120,231,-1701,-21.81
2026-09-09T12:45:02.120,1788938102.1200,232,363,4.65
2026-09-09T12:45:02.138,1788938102.1381,233,-1676,-21.49
2026-09-09T12:45:02.138,1788938102.1381,234,787,10.09
2026-09-09T12:45:02.151,1788938102.1518,235,-1702,-21.82
2026-09-09T12:45:02.151,1788938102.1518,236,1112,14.26
2026-09-09T12:45:02.169,1788938102.1698,237,-1698,-21.77
2026-09-09T12:45:02.179,1788938102.1796,238,1535,19.68
2026-09-09T12:45:02.191,1788938102.1915,239,-1668,-21.38
2026-09-09T12:45:02.201,1788938102.2013,240,1808,23.18
2026-09-09T12:45:02.201,1788938102.2013,241,-1631,-20.91
2026-09-09T12:45:02.215,1788938102.2154,242,1909,24.47
2026-09-09T12:45:02.233,1788938102.2334,243,-273,-3.5
2026-09-09T12:45:02.244,1788938102.2443,244,1856,23.79
2026-09-09T12:45:02.249,1788938102.2494,245,-768,-9.85
2026-09-09T12:45:02.263,1788938102.2631,246,1751,22.45
2026-09-09T12:45:02.263,1788938102.2631,247,-1288,-16.51
2026-09-09T12:45:02.278,1788938102.2788,248,1669,21.4
2026-09-09T12:45:02.278,1788938102.2788,249,-1704,-21.85
2026-09-09T12:45:02.296,1788938102.2967,250,1598,20.49
2026-09-09T12:45:02.310,1788938102.3103,251,-1993,-25.55
2026-09-09T12:45:02.310,1788938102.3103,252,125,1.6
2026-09-09T12:45:02.330,1788938102.3304,253,-2131,-27.32
2026-09-09T12:45:02.344,1788938102.3444,254,431,5.53
2026-09-09T12:45:02.344,1788938102.3444,255,-2152,-27.59
2026-09-09T12:45:02.360,1788938102.3602,256,833,10.68
2026-09-09T12:45:02.373,1788938102.3739,257,-2080,-26.67
2026-09-09T12:45:02.373,1788938102.3739,258,1267,16.24
2026-09-09T12:45:02.392,1788938102.3920,259,-1931,-24.76
2026-09-09T12:45:02.414,1788938102.4140,260,1630,20.9
2026-09-09T12:45:02.415,1788938102.4151,261,-1821,-23.35
2026-09-09T12:45:02.422,1788938102.4221,262,1819,23.32
2026-09-09T12:45:02.422,1788938102.4221,263,-457,-5.86
2026-09-09T12:45:02.444,1788938102.4445,264,1940,24.87
2026-09-09T12:45:02.454,1788938102.4542,265,-792,-10.15
2026-09-09T12:45:02.460,1788938102.4602,266,1973,25.29
2026-09-09T12:45:02.470,1788938102.4702,267,-1155,-14.81
2026-09-09T12:45:02.479,1788938102.4798,268,1987,25.47
2026-09-09T12:45:02.488,1788938102.4881,269,-1412,-18.1
2026-09-09T12:45:02.501,1788938102.5019,270,2013,25.81
2026-09-09T12:45:02.501,1788938102.5019,271,-1586,-20.33
2026-09-09T12:45:02.517,1788938102.5180,272,680,8.72
2026-09-09T12:45:02.533,1788938102.5339,273,-1724,-22.1
2026-09-09T12:45:02.544,1788938102.5444,274,970,12.44
2026-09-09T12:45:02.551,1788938102.5518,275,-1783,-22.86
2026-09-09T12:45:02.559,1788938102.5595,276,1259,16.14
2026-09-09T12:45:02.566,1788938102.5661,277,-1865,-23.91
2026-09-09T12:45:02.581,1788938102.5813,278,1493,19.14
2026-09-09T12:45:02.581,1788938102.5813,279,-1883,-24.14
2026-09-09T12:45:02.597,1788938102.5970,280,1655,21.22
2026-09-09T12:45:02.614,1788938102.6147,281,-1864,-23.9
2026-09-09T12:45:02.614,1788938102.6147,282,1772,22.72
2026-09-09T12:45:02.628,1788938102.6284,283,-643,-8.24
2026-09-09T12:45:02.644,1788938102.6445,284,1871,23.99
2026-09-09T12:45:02.644,1788938102.6445,285,-1029,-13.19
2026-09-09T12:45:02.660,1788938102.6606,286,1914,24.54
2026-09-09T12:45:02.660,1788938102.6606,287,-1369,-17.55
2026-09-09T12:45:02.678,1788938102.6785,288,1926,24.69
2026-09-09T12:45:02.692,1788938102.6925,289,-1585,-20.32
2026-09-09T12:45:02.692,1788938102.6925,290,1929,24.73
2026-09-09T12:45:02.717,1788938102.7180,291,-1728,-22.15
2026-09-09T12:45:02.724,1788938102.7249,292,711,9.12
2026-09-09T12:45:02.732,1788938102.7329,293,-1829,-23.45
2026-09-09T12:45:02.742,1788938102.7422,294,1018,13.05
2026-09-09T12:45:02.756,1788938102.7562,295,-1902,-24.38
2026-09-09T12:45:02.756,1788938102.7562,296,1300,16.67
2026-09-09T12:45:02.772,1788938102.7723,297,-1924,-24.67
2026-09-09T12:45:02.780,1788938102.7803,298,1554,19.92
2026-09-09T12:45:02.789,1788938102.7894,299,-1921,-24.63
2026-09-09T12:45:02.789,1788938102.7894,300,1700,21.79
2026-09-09T12:45:02.811,1788938102.8114,301,-1874,-24.03
2026-09-09T12:45:02.819,1788938102.8196,302,1795,23.01
2026-09-09T12:45:02.835,1788938102.8353,303,-793,-10.17
2026-09-09T12:45:02.835,1788938102.8353,304,1874,24.03
2026-09-09T12:45:02.851,1788938102.8511,305,-1165,-14.94
2026-09-09T12:45:02.859,1788938102.8596,306,1886,24.18
2026-09-09T12:45:02.868,1788938102.8689,307,-1445,-18.53
2026-09-09T12:45:02.882,1788938102.8826,308,1930,24.74
2026-09-09T12:45:02.882,1788938102.8826,309,-1629,-20.88
2026-09-09T12:45:02.900,1788938102.9005,310,1929,24.73
2026-09-09T12:45:02.900,1788938102.9005,311,-1813,-23.24
2026-09-09T12:45:02.914,1788938102.9143,312,802,10.28
2026-09-09T12:45:02.932,1788938102.9326,313,-1886,-24.18
2026-09-09T12:45:02.939,1788938102.9399,314,1089,13.96
2026-09-09T12:45:02.946,1788938102.9468,315,-1982,-25.41
2026-09-09T12:45:02.965,1788938102.9659,316,1349,17.29
2026-09-09T12:45:02.965,1788938102.9659,317,-1974,-25.31
2026-09-09T12:45:02.977,1788938102.9776,318,1544,19.79
2026-09-09T12:45:02.993,1788938102.9934,319,-1970,-25.26
2026-09-09T12:45:02.993,1788938102.9934,320,1679,21.53
2026-09-09T12:45:03.009,1788938103.0092,321,-620,-7.95
2026-09-09T12:45:03.025,1788938103.0251,322,1779,22.81
2026-09-09T12:45:03.027,1788938103.0271,323,-976,-12.51
2026-09-09T12:45:03.046,1788938103.0464,324,1831,23.47
2026-09-09T12:45:03.046,1788938103.0464,325,-1283,-16.45
2026-09-09T12:45:03.056,1788938103.0569,326,1884,24.15
2026-09-09T12:45:03.072,1788938103.0726,327,-1550,-19.87
2026-09-09T12:45:03.079,1788938103.0793,328,1920,24.62
2026-09-09T12:45:03.092,1788938103.0927,329,-1738,-22.28
2026-09-09T12:45:03.104,1788938103.1046,330,1880,24.1
2026-09-09T12:45:03.104,1788938103.1046,331,-1865,-23.91
2026-09-09T12:45:03.120,1788938103.1208,332,846,10.85
2026-09-09T12:45:03.139,1788938103.1393,333,-1993,-25.55
2026-09-09T12:45:03.139,1788938103.1393,334,1114,14.28
2026-09-09T12:45:03.152,1788938103.1529,335,-2020,-25.9
2026-09-09T12:45:03.158,1788938103.1589,336,1383,17.73
2026-09-09T12:45:03.168,1788938103.1687,337,-2028,-26.0
2026-09-09T12:45:03.168,1788938103.1687,338,1547,19.83
2026-09-09T12:45:03.186,1788938103.1865,339,-2003,-25.68
2026-09-09T12:45:03.202,1788938103.2024,340,1667,21.37
2026-09-09T12:45:03.216,1788938103.2164,341,-780,-10.0
2026-09-09T12:45:03.218,1788938103.2184,342,1772,22.72
2026-09-09T12:45:03.228,1788938103.2288,343,-1131,-14.5
2026-09-09T12:45:03.247,1788938103.2478,344,1829,23.45
2026-09-09T12:45:03.247,1788938103.2478,345,-1437,-18.42
2026-09-09T12:45:03.263,1788938103.2636,346,1898,24.33
2026-09-09T12:45:03.263,1788938103.2636,347,-1672,-21.44
2026-09-09T12:45:03.287,1788938103.2874,348,1875,24.04
2026-09-09T12:45:03.292,1788938103.2927,349,-1835,-23.53
2026-09-09T12:45:03.295,1788938103.2953,350,1843,23.63
2026-09-09T12:45:03.313,1788938103.3134,351,-1938,-24.85
2026-09-09T12:45:03.313,1788938103.3134,352,970,12.44
2026-09-09T12:45:03.327,1788938103.3272,353,-1970,-25.26
2026-09-09T12:45:03.346,1788938103.3467,354,1305,16.73
2026-09-09T12:45:03.346,1788938103.3467,355,-1978,-25.36
2026-09-09T12:45:03.359,1788938103.3590,356,1512,19.38
2026-09-09T12:45:03.359,1788938103.3590,357,-1967,-25.22
2026-09-09T12:45:03.381,1788938103.3810,358,1683,21.58
2026-09-09T12:45:03.390,1788938103.3904,359,-1923,-24.65
2026-09-09T12:45:03.400,1788938103.4009,360,1794,23.0
2026-09-09T12:45:03.408,1788938103.4084,361,-893,-11.45
2026-09-09T12:45:03.422,1788938103.4222,362,1838,23.56
2026-09-09T12:45:03.422,1788938103.4222,363,-1237,-15.86
2026-09-09T12:45:03.438,1788938103.4382,364,1851,23.73
2026-09-09T12:45:03.456,1788938103.4563,365,-1579,-20.24
2026-09-09T12:45:03.456,1788938103.4563,366,1857,23.81
2026-09-09T12:45:03.472,1788938103.4725,367,-1793,-22.99
2026-09-09T12:45:03.472,1788938103.4725,368,1830,23.46
2026-09-09T12:45:03.486,1788938103.4865,369,-1939,-24.86
2026-09-09T12:45:03.502,1788938103.5022,370,1758,22.54
2026-09-09T12:45:03.502,1788938103.5022,371,-2009,-25.76
2026-09-09T12:45:03.518,1788938103.5180,372,1031,13.22
2026-09-09T12:45:03.518,1788938103.5180,373,-2076,-26.62
2026-09-09T12:45:03.533,1788938103.5337,374,1271,16.29
2026-09-09T12:45:03.549,1788938103.5496,375,-2066,-26.49
2026-09-09T12:45:03.563,1788938103.5636,376,1484,19.03
2026-09-09T12:45:03.567,1788938103.5678,377,-2073,-26.58
2026-09-09T12:45:03.581,1788938103.5813,378,1614,20.69
2026-09-09T12:45:03.581,1788938103.5813,379,-1970,-25.26
2026-09-09T12:45:03.599,1788938103.5990,380,1711,21.94
2026-09-09T12:45:03.612,1788938103.6127,381,-1064,-13.64
2026-09-09T12:45:03.622,1788938103.6221,382,1797,23.04
2026-09-09T12:45:03.630,1788938103.6309,383,-1386,-17.77
2026-09-09T12:45:03.630,1788938103.6309,384,1826,23.41
2026-09-09T12:45:03.647,1788938103.6472,385,-1632,-20.92
2026-09-09T12:45:03.662,1788938103.6622,386,1860,23.85
2026-09-09T12:45:03.675,1788938103.6758,387,-1806,-23.15
2026-09-09T12:45:03.675,1788938103.6758,388,1797,23.04
2026-09-09T12:45:03.695,1788938103.6957,389,-1924,-24.67
2026-09-09T12:45:03.707,1788938103.7078,390,1733,22.22
2026-09-09T12:45:03.707,1788938103.7078,391,-1995,-25.58
2026-09-09T12:45:03.725,1788938103.7257,392,1133,14.53
2026-09-09T12:45:03.725,1788938103.7257,393,-2026,-25.97
2026-09-09T12:45:03.747,1788938103.7474,394,1393,17.86
2026-09-09T12:45:03.747,1788938103.7474,395,-1998,-25.62
2026-09-09T12:45:03.760,1788938103.7609,396,1572,20.15
2026-09-09T12:45:03.772,1788938103.7727,397,-1965,-25.19
2026-09-09T12:45:03.780,1788938103.7805,398,1704,21.85
2026-09-09T12:45:03.788,1788938103.7885,399,-1884,-24.15
2026-09-09T12:45:03.803,1788938103.8040,400,1796,23.03
2026-09-09T12:45:03.818,1788938103.8181,401,-1086,-13.92
2026-09-09T12:45:03.818,1788938103.8181,402,1845,23.65
2026-09-09T12:45:03.818,1788938103.8181,403,-1418,-18.18
2026-09-09T12:45:03.834,1788938103.8342,404,1885,24.17
2026-09-09T12:45:03.852,1788938103.8523,405,-1649,-21.14
2026-09-09T12:45:03.852,1788938103.8523,406,1854,23.77
2026-09-09T12:45:03.866,1788938103.8663,407,-1808,-23.18
2026-09-09T12:45:03.884,1788938103.8841,408,1818,23.31
2026-09-09T12:45:03.884,1788938103.8841,409,-1919,-24.6
2026-09-09T12:45:03.898,1788938103.8980,410,1725,22.12
2026-09-09T12:45:03.898,1788938103.8980,411,-1942,-24.9
2026-09-09T12:45:03.913,1788938103.9137,412,1268,16.26
2026-09-09T12:45:03.929,1788938103.9298,413,-1971,-25.27
2026-09-09T12:45:03.941,1788938103.9411,414,1508,19.33
2026-09-09T12:45:03.947,1788938103.9477,415,-1939,-24.86
2026-09-09T12:45:03.961,1788938103.9616,416,1659,21.27
2026-09-09T12:45:03.961,1788938103.9616,417,-1919,-24.6
2026-09-09T12:45:03.984,1788938103.9848,418,1774,22.74
2026-09-09T12:45:03.993,1788938103.9932,419,-1802,-23.1
2026-09-09T12:45:03.993,1788938103.9932,420,1858,23.82
2026-09-09T12:45:04.016,1788938104.0167,421,-1213,-15.55
2026-09-09T12:45:04.024,1788938104.0249,422,1882,24.13
2026-09-09T12:45:04.024,1788938104.0249,423,-1504,-19.28
2026-09-09T12:45:04.042,1788938104.0429,424,1910,24.49
2026-09-09T12:45:04.048,1788938104.0481,425,-1716,-22.0
2026-09-09T12:45:04.056,1788938104.0567,426,1894,24.28
2026-09-09T12:45:04.072,1788938104.0728,427,-1819,-23.32
2026-09-09T12:45:04.081,1788938104.0815,428,1821,23.35
2026-09-09T12:45:04.088,1788938104.0888,429,-1927,-24.71
2026-09-09T12:45:04.106,1788938104.1069,430,1692,21.69
2026-09-09T12:45:04.110,1788938104.1104,431,-1955,-25.06
2026-09-09T12:45:04.120,1788938104.1207,432,1380,17.69
2026-09-09T12:45:04.120,1788938104.1207,433,-1960,-25.13
2026-09-09T12:45:04.140,1788938104.1404,434,1578,20.23
2026-09-09T12:45:04.152,1788938104.1521,435,-1936,-24.82
2026-09-09T12:45:04.152,1788938104.1521,436,1729,22.17
2026-09-09T12:45:04.171,1788938104.1717,437,-1860,-23.85
2026-09-09T12:45:04.171,1788938104.1717,438,1805,23.14
2026-09-09T12:45:04.199,1788938104.1992,439,-1751,-22.45
2026-09-09T12:45:04.199,1788938104.1992,440,1864,23.9
2026-09-09T12:45:04.215,1788938104.2151,441,-1307,-16.76
2026-09-09T12:45:04.215,1788938104.2151,442,1885,24.17
2026-09-09T12:45:04.232,1788938104.2330,443,-1550,-19.87
2026-09-09T12:45:04.232,1788938104.2330,444,1889,24.22
2026-09-09T12:45:04.248,1788938104.2485,445,-1761,-22.58
2026-09-09T12:45:04.262,1788938104.2626,446,1844,23.64
2026-09-09T12:45:04.270,1788938104.2706,447,-1873,-24.01
2026-09-09T12:45:04.280,1788938104.2804,448,1775,22.76
2026-09-09T12:45:04.280,1788938104.2804,449,-1953,-25.04
2026-09-09T12:45:04.298,1788938104.2982,450,1183,15.17
2026-09-09T12:45:04.309,1788938104.3098,451,-1973,-25.29
2026-09-09T12:45:04.309,1788938104.3098,452,1438,18.44
2026-09-09T12:45:04.325,1788938104.3255,453,-1945,-24.94
2026-09-09T12:45:04.348,1788938104.3484,454,1641,21.04
2026-09-09T12:45:04.348,1788938104.3484,455,-1925,-24.68
2026-09-09T12:45:04.357,1788938104.3576,456,1744,22.36
2026-09-09T12:45:04.373,1788938104.3733,457,-1849,-23.71
2026-09-09T12:45:04.373,1788938104.3733,458,1847,23.68
2026-09-09T12:45:04.391,1788938104.3913,459,-1712,-21.95
2026-09-09T12:45:04.408,1788938104.4082,460,1875,24.04
2026-09-09T12:45:04.415,1788938104.4158,461,-1415,-18.14
2026-09-09T12:45:04.420,1788938104.4208,462,1891,24.24
2026-09-09T12:45:04.436,1788938104.4367,463,-1639,-21.01
2026-09-09T12:45:04.436,1788938104.4367,464,1912,24.51
2026-09-09T12:45:04.454,1788938104.4544,465,-1794,-23.0
2026-09-09T12:45:04.454,1788938104.4544,466,1839,23.58
2026-09-09T12:45:04.468,1788938104.4686,467,-1894,-24.28
2026-09-09T12:45:04.484,1788938104.4842,468,1738,22.28
2026-09-09T12:45:04.484,1788938104.4842,469,-1954,-25.05
2026-09-09T12:45:04.499,1788938104.5000,470,1273,16.32
2026-09-09T12:45:04.515,1788938104.5158,471,-1982,-25.41
2026-09-09T12:45:04.515,1788938104.5158,472,1504,19.28
2026-09-09T12:45:04.531,1788938104.5317,473,-1974,-25.31
2026-09-09T12:45:04.531,1788938104.5317,474,1652,21.18
2026-09-09T12:45:04.559,1788938104.5592,475,-1906,-24.44
2026-09-09T12:45:04.564,1788938104.5645,476,1779,22.81
2026-09-09T12:45:04.564,1788938104.5645,477,-1817,-23.29
2026-09-09T12:45:04.579,1788938104.5794,478,1835,23.53
2026-09-09T12:45:04.595,1788938104.5951,479,-1671,-21.42
2026-09-09T12:45:04.601,1788938104.6011,480,1884,24.15
2026-09-09T12:45:04.610,1788938104.6108,481,-1523,-19.53
2026-09-09T12:45:04.610,1788938104.6108,482,1860,23.85
2026-09-09T12:45:04.626,1788938104.6268,483,-1730,-22.18
2026-09-09T12:45:04.642,1788938104.6425,484,1857,23.81
2026-09-09T12:45:04.650,1788938104.6500,485,-1869,-23.96
2026-09-09T12:45:04.658,1788938104.6583,486,1800,23.08
2026-09-09T12:45:04.658,1788938104.6583,487,-1956,-25.08
2026-09-09T12:45:04.674,1788938104.6741,488,1687,21.63
2026-09-09T12:45:04.690,1788938104.6902,489,-1976,-25.33
2026-09-09T12:45:04.705,1788938104.7059,490,1379,17.68
2026-09-09T12:45:04.711,1788938104.7119,491,-2000,-25.64
2026-09-09T12:45:04.726,1788938104.7268,492,1566,20.08
2026-09-09T12:45:04.726,1788938104.7268,493,-1968,-25.23
2026-09-09T12:45:04.737,1788938104.7373,494,1689,21.65
2026-09-09T12:45:04.752,1788938104.7529,495,-1887,-24.19
2026-09-09T12:45:04.760,1788938104.7610,496,1801,23.09
2026-09-09T12:45:04.769,1788938104.7690,497,-1790,-22.95
2026-09-09T12:45:04.769,1788938104.7690,498,1834,23.51
2026-09-09T12:45:04.784,1788938104.7847,499,-1635,-20.96
2026-09-09T12:45:04.800,1788938104.8008,500,1859,23.83
2026-09-09T12:45:04.816,1788938104.8165,501,-1639,-21.01
2026-09-09T12:45:04.821,1788938104.8212,502,1836,23.54
2026-09-09T12:45:04.832,1788938104.8326,503,-1822,-23.36
2026-09-09T12:45:04.832,1788938104.8326,504,1829,23.45
2026-09-09T12:45:04.850,1788938104.8504,505,-1928,-24.72
2026-09-09T12:45:04.864,1788938104.8641,506,1772,22.72
2026-09-09T12:45:04.872,1788938104.8721,507,-1984,-25.44
2026-09-09T12:45:04.880,1788938104.8801,508,1663,21.32
2026-09-09T12:45:04.880,1788938104.8801,509,-1976,-25.33
2026-09-09T12:45:04.895,1788938104.8958,510,1463,18.76
2026-09-09T12:45:04.911,1788938104.9110,511,-1976,-25.33
2026-09-09T12:45:04.927,1788938104.9271,512,1642,21.05
2026-09-09T12:45:04.931,1788938104.9312,513,-1940,-24.87
2026-09-09T12:45:04.939,1788938104.9392,514,1737,22.27
2026-09-09T12:45:04.952,1788938104.9528,515,-1847,-23.68
2026-09-09T12:45:04.958,1788938104.9586,516,1841,23.6
2026-09-09T12:45:04.974,1788938104.9746,517,-1690,-21.67
2026-09-09T12:45:04.974,1788938104.9746,518,1901,24.37
2026-09-09T12:45:04.990,1788938104.9906,519,-1556,-19.95
2026-09-09T12:45:04.999,1788938104.9999,520,1893,24.27
2026-09-09T12:45:05.006,1788938105.0066,521,-1673,-21.45
2026-09-09T12:45:05.022,1788938105.0226,522,1886,24.18
2026-09-09T12:45:05.030,1788938105.0304,523,-1836,-23.54
2026-09-09T12:45:05.038,1788938105.0387,524,1825,23.4
2026-09-09T12:45:05.054,1788938105.0548,525,-1943,-24.91
2026-09-09T12:45:05.054,1788938105.0548,526,1717,22.01
2026-09-09T12:45:05.070,1788938105.0709,527,-2007,-25.73
2026-09-09T12:45:05.070,1788938105.0709,528,1560,20.0
2026-09-09T12:45:05.088,1788938105.0890,529,-2010,-25.77
2026-09-09T12:45:05.102,1788938105.1030,530,1500,19.23
2026-09-09T12:45:05.108,1788938105.1090,531,-1982,-25.41
2026-09-09T12:45:05.119,1788938105.1190,532,1648,21.13
2026-09-09T12:45:05.134,1788938105.1348,533,-1945,-24.94
2026-09-09T12:45:05.134,1788938105.1348,534,1764,22.62
2026-09-09T12:45:05.152,1788938105.1524,535,-1844,-23.64
2026-09-09T12:45:05.166,1788938105.1663,536,1800,23.08
2026-09-09T12:45:05.178,1788938105.1786,537,-1689,-21.65
2026-09-09T12:45:05.182,1788938105.1821,538,1845,23.65
2026-09-09T12:45:05.182,1788938105.1821,539,-1515,-19.42
2026-09-09T12:45:05.197,1788938105.1980,540,1870,23.97
2026-09-09T12:45:05.217,1788938105.2174,541,-1747,-22.4
2026-09-09T12:45:05.222,1788938105.2221,542,1867,23.94
2026-09-09T12:45:05.230,1788938105.2301,543,-1874,-24.03
2026-09-09T12:45:05.245,1788938105.2458,544,1794,23.0
2026-09-09T12:45:05.251,1788938105.2510,545,-1958,-25.1
2026-09-09T12:45:05.251,1788938105.2510,546,1677,21.5
2026-09-09T12:45:05.277,1788938105.2777,547,-1982,-25.41
2026-09-09T12:45:05.285,1788938105.2859,548,1536,19.69
2026-09-09T12:45:05.293,1788938105.2938,549,-1974,-25.31
2026-09-09T12:45:05.309,1788938105.3099,550,1584,20.31
2026-09-09T12:45:05.309,1788938105.3099,551,-1942,-24.9
2026-09-09T12:45:05.309,1788938105.3099,552,1724,22.1
2026-09-09T12:45:05.333,1788938105.3337,553,-1893,-24.27
2026-09-09T12:45:05.341,1788938105.3414,554,1803,23.12
2026-09-09T12:45:05.351,1788938105.3511,555,-1756,-22.51
2026-09-09T12:45:05.361,1788938105.3615,556,1879,24.09
2026-09-09T12:45:05.361,1788938105.3615,557,-1567,-20.09
2026-09-09T12:45:05.389,1788938105.3893,558,1923,24.65
2026-09-09T12:45:05.389,1788938105.3893,559,-1390,-17.82
2026-09-09T12:45:05.405,1788938105.4053,560,1883,24.14
2026-09-09T12:45:05.405,1788938105.4053,561,-1771,-22.71
2026-09-09T12:45:05.429,1788938105.4296,562,1878,24.08
2026-09-09T12:45:05.436,1788938105.4366,563,-1875,-24.04
2026-09-09T12:45:05.436,1788938105.4366,564,1781,22.83
2026-09-09T12:45:05.452,1788938105.4524,565,-1943,-24.91
2026-09-09T12:45:05.459,1788938105.4594,566,1643,21.06
2026-09-09T12:45:05.468,1788938105.4685,567,-1979,-25.37
2026-09-09T12:45:05.468,1788938105.4685,568,1485,19.04
2026-09-09T12:45:05.500,1788938105.5005,569,-1956,-25.08
2026-09-09T12:45:05.500,1788938105.5005,570,1654,21.21
2026-09-09T12:45:05.500,1788938105.5005,571,-1920,-24.62
2026-09-09T12:45:05.518,1788938105.5186,572,1781,22.83
2026-09-09T12:45:05.532,1788938105.5323,573,-1828,-23.44
2026-09-09T12:45:05.532,1788938105.5323,574,1860,23.85
2026-09-09T12:45:05.551,1788938105.5515,575,-1694,-21.72
2026-09-09T12:45:05.563,1788938105.5637,576,1896,24.31
2026-09-09T12:45:05.570,1788938105.5709,577,-1501,-19.24
2026-09-09T12:45:05.579,1788938105.5796,578,1928,24.72
2026-09-09T12:45:05.579,1788938105.5796,579,-1324,-16.97
2026-09-09T12:45:05.601,1788938105.6019,580,1900,24.36
2026-09-09T12:45:05.611,1788938105.6114,581,-1818,-23.31
2026-09-09T12:45:05.620,1788938105.6204,582,1859,23.83
2026-09-09T12:45:05.643,1788938105.6437,583,-1890,-24.23
2026-09-09T12:45:05.643,1788938105.6437,584,1765,22.63
2026-09-09T12:45:05.651,1788938105.6516,585,-1934,-24.79
2026-09-09T12:45:05.659,1788938105.6596,586,1623,20.81
2026-09-09T12:45:05.675,1788938105.6753,587,-1939,-24.86
2026-09-09T12:45:05.685,1788938105.6853,588,1481,18.99
2026-09-09T12:45:05.691,1788938105.6912,589,-1924,-24.67
2026-09-09T12:45:05.693,1788938105.6932,590,1725,22.12
2026-09-09T12:45:05.709,1788938105.7091,591,-1881,-24.12
2026-09-09T12:45:05.724,1788938105.7242,592,1820,23.33
2026-09-09T12:45:05.724,1788938105.7242,593,-1748,-22.41
2026-09-09T12:45:05.738,1788938105.7389,594,1899,24.35
2026-09-09T12:45:05.754,1788938105.7547,595,-1603,-20.55
2026-09-09T12:45:05.754,1788938105.7547,596,1962,25.15
2026-09-09T12:45:05.770,1788938105.7705,597,-1407,-18.04
2026-09-09T12:45:05.786,1788938105.7863,598,2005,25.71
2026-09-09T12:45:05.792,1788938105.7923,599,-1657,-21.24
2026-09-09T12:45:05.792,1788938105.7923,600,1987,25.47
2026-09-09T12:45:05.820,1788938105.8208,601,-1759,-22.55
2026-09-09T12:45:05.820,1788938105.8208,602,1888,24.21
2026-09-09T12:45:05.833,1788938105.8337,603,-1840,-23.59
2026-09-09T12:45:05.833,1788938105.8337,604,1769,22.68
2026-09-09T12:45:05.851,1788938105.8518,605,-1918,-24.59
2026-09-09T12:45:05.851,1788938105.8518,606,1606,20.59
2026-09-09T12:45:05.865,1788938105.8655,607,-1944,-24.92
2026-09-09T12:45:05.881,1788938105.8812,608,1411,18.09
2026-09-09T12:45:05.881,1788938105.8812,609,-1893,-24.27
2026-09-09T12:45:05.904,1788938105.9046,610,1808,23.18
2026-09-09T12:45:05.904,1788938105.9046,611,-1806,-23.15
2026-09-09T12:45:05.929,1788938105.9292,612,1890,24.23
2026-09-09T12:45:05.929,1788938105.9292,613,-1690,-21.67
2026-09-09T12:45:05.944,1788938105.9449,614,1929,24.73
2026-09-09T12:45:05.951,1788938105.9518,615,-1525,-19.55
2026-09-09T12:45:05.960,1788938105.9607,616,1948,24.97
2026-09-09T12:45:05.976,1788938105.9764,617,-1352,-17.33
2026-09-09T12:45:05.980,1788938105.9804,618,1955,25.06
2026-09-09T12:45:05.992,1788938105.9923,619,-1763,-22.6
2026-09-09T12:45:06.000,1788938106.0001,620,1906,24.44
2026-09-09T12:45:06.017,1788938106.0170,621,-1863,-23.88
2026-09-09T12:45:06.018,1788938106.0186,622,1804,23.13
2026-09-09T12:45:06.040,1788938106.0405,623,-1928,-24.72
2026-09-09T12:45:06.040,1788938106.0405,624,1674,21.46
2026-09-09T12:45:06.056,1788938106.0563,625,-1957,-25.09
2026-09-09T12:45:06.056,1788938106.0563,626,1495,19.17
2026-09-09T12:45:06.072,1788938106.0722,627,-1934,-24.79
2026-09-09T12:45:06.072,1788938106.0722,628,1317,16.88
2026-09-09T12:45:06.087,1788938106.0878,629,-1894,-24.28
2026-09-09T12:45:06.103,1788938106.1035,630,1799,23.06
2026-09-09T12:45:06.109,1788938106.1095,631,-1782,-22.85
2026-09-09T12:45:06.121,1788938106.1217,632,1886,24.18
2026-09-09T12:45:06.121,1788938106.1217,633,-1673,-21.45
2026-09-09T12:45:06.152,1788938106.1524,634,1910,24.49
2026-09-09T12:45:06.152,1788938106.1524,635,-1495,-19.17
2026-09-09T12:45:06.152,1788938106.1524,636,1918,24.59
2026-09-09T12:45:06.167,1788938106.1675,637,-1326,-17.0
2026-09-09T12:45:06.167,1788938106.1675,638,1893,24.27
2026-09-09T12:45:06.183,1788938106.1835,639,-1852,-23.74
2026-09-09T12:45:06.199,1788938106.1994,640,1837,23.55
2026-09-09T12:45:06.215,1788938106.2151,641,-1956,-25.08
2026-09-09T12:45:06.215,1788938106.2151,642,1731,22.19
2026-09-09T12:45:06.230,1788938106.2308,643,-1956,-25.08
2026-09-09T12:45:06.230,1788938106.2308,644,1570,20.13
2026-09-09T12:45:06.252,1788938106.2525,645,-1988,-25.49
2026-09-09T12:45:06.265,1788938106.2659,646,1392,17.85
2026-09-09T12:45:06.265,1788938106.2659,647,-1968,-25.23
2026-09-09T12:45:06.278,1788938106.2782,648,1234,15.82
2026-09-09T12:45:06.293,1788938106.2939,649,-1896,-24.31
2026-09-09T12:45:06.293,1788938106.2939,650,1821,23.35
2026-09-09T12:45:06.309,1788938106.3096,651,-1791,-22.96
2026-09-09T12:45:06.309,1788938106.3096,652,1848,23.69
2026-09-09T12:45:06.334,1788938106.3348,653,-1621,-20.78
2026-09-09T12:45:06.343,1788938106.3434,654,1933,24.78
2026-09-09T12:45:06.343,1788938106.3434,655,-1440,-18.46
2026-09-09T12:45:06.357,1788938106.3572,656,1897,24.32
2026-09-09T12:45:06.373,1788938106.3732,657,-1258,-16.13
2026-09-09T12:45:06.381,1788938106.3812,658,1872,24.0
2026-09-09T12:45:06.389,1788938106.3892,659,-1881,-24.12
2026-09-09T12:45:06.409,1788938106.4096,660,1815,23.27
2026-09-09T12:45:06.413,1788938106.4133,661,-1941,-24.88
2026-09-09T12:45:06.421,1788938106.4211,662,1697,21.76
2026-09-09T12:45:06.430,1788938106.4308,663,-1998,-25.62
2026-09-09T12:45:06.436,1788938106.4369,664,1531,19.63
2026-09-09T12:45:06.436,1788938106.4369,665,-1962,-25.15
2026-09-09T12:45:06.452,1788938106.4527,666,1373,17.6
2026-09-09T12:45:06.468,1788938106.4684,667,-1895,-24.29
2026-09-09T12:45:06.468,1788938106.4684,668,1191,15.27
2026-09-09T12:45:06.484,1788938106.4841,669,-1862,-23.87
2026-09-09T12:45:06.499,1788938106.4999,670,1842,23.62
2026-09-09T12:45:06.499,1788938106.4999,671,-1726,-22.13
2026-09-09T12:45:06.516,1788938106.5164,672,1897,24.32
2026-09-09T12:45:06.532,1788938106.5325,673,-1552,-19.9
2026-09-09T12:45:06.532,1788938106.5325,674,1921,24.63
2026-09-09T12:45:06.548,1788938106.5483,675,-1363,-17.47
2026-09-09T12:45:06.559,1788938106.5592,676,1909,24.47
2026-09-09T12:45:06.565,1788938106.5656,677,-1197,-15.35
2026-09-09T12:45:06.580,1788938106.5805,678,1861,23.86
2026-09-09T12:45:06.580,1788938106.5805,679,-1896,-24.31
2026-09-09T12:45:06.596,1788938106.5968,680,1763,22.6
2026-09-09T12:45:06.596,1788938106.5968,681,-1964,-25.18
2026-09-09T12:45:06.612,1788938106.6128,682,1626,20.85
2026-09-09T12:45:06.630,1788938106.6308,683,-1965,-25.19
2026-09-09T12:45:06.644,1788938106.6445,684,1464,18.77
2026-09-09T12:45:06.653,1788938106.6535,685,-1941,-24.88
2026-09-09T12:45:06.660,1788938106.6607,686,1302,16.69
2026-09-09T12:45:06.676,1788938106.6765,687,-1921,-24.63
2026-09-09T12:45:06.680,1788938106.6805,688,1121,14.37
2026-09-09T12:45:06.692,1788938106.6923,689,-1820,-23.33
2026-09-09T12:45:06.692,1788938106.6923,690,1859,23.83
2026-09-09T12:45:06.721,1788938106.7214,691,-1683,-21.58
2026-09-09T12:45:06.723,1788938106.7239,692,1907,24.45
2026-09-09T12:45:06.729,1788938106.7294,693,-1489,-19.09
2026-09-09T12:45:06.739,1788938106.7399,694,1892,24.26
2026-09-09T12:45:06.755,1788938106.7556,695,-1300,-16.67
2026-09-09T12:45:06.755,1788938106.7556,696,1895,24.29
2026-09-09T12:45:06.771,1788938106.7713,697,-1123,-14.4
2026-09-09T12:45:06.788,1788938106.7885,698,1823,23.37
2026-09-09T12:45:06.793,1788938106.7938,699,-1934,-24.79
2026-09-09T12:45:06.807,1788938106.8075,700,1689,21.65
2026-09-09T12:45:06.813,1788938106.8134,701,-1986,-25.46
2026-09-09T12:45:06.818,1788938106.8184,702,1540,19.74
2026-09-09T12:45:06.818,1788938106.8184,703,-2014,-25.82
2026-09-09T12:45:06.836,1788938106.8364,704,1359,17.42
2026-09-09T12:45:06.849,1788938106.8497,705,-1997,-25.6
2026-09-09T12:45:06.865,1788938106.8655,706,1190,15.26
2026-09-09T12:45:06.870,1788938106.8706,707,-1956,-25.08
2026-09-09T12:45:06.881,1788938106.8812,708,1002,12.85
2026-09-09T12:45:06.897,1788938106.8970,709,-1857,-23.81
2026-09-09T12:45:06.897,1788938106.8970,710,1783,22.86
2026-09-09T12:45:06.913,1788938106.9133,711,-1714,-21.97
2026-09-09T12:45:06.913,1788938106.9133,712,1797,23.04
2026-09-09T12:45:06.929,1788938106.9294,713,-1514,-19.41
2026-09-09T12:45:06.929,1788938106.9294,714,1811,23.22
2026-09-09T12:45:06.953,1788938106.9538,715,-1291,-16.55
2026-09-09T12:45:06.961,1788938106.9613,716,1816,23.28
2026-09-09T12:45:06.961,1788938106.9613,717,-1073,-13.76
2026-09-09T12:45:06.977,1788938106.9772,718,1783,22.86
2026-09-09T12:45:06.977,1788938106.9772,719,-1917,-24.58
2026-09-09T12:45:06.992,1788938106.9929,720,1725,22.12
2026-09-09T12:45:07.011,1788938107.0117,721,-1858,-23.82
2026-09-09T12:45:07.011,1788938107.0117,722,1669,21.4
2026-09-09T12:45:07.028,1788938107.0289,723,-1761,-22.58
2026-09-09T12:45:07.039,1788938107.0400,724,1619,20.76
2026-09-09T12:45:07.053,1788938107.0538,725,-1614,-20.69
2026-09-09T12:45:07.055,1788938107.0558,726,1564,20.05
2026-09-09T12:45:07.071,1788938107.0717,727,-1429,-18.32
2026-09-09T12:45:07.071,1788938107.0717,728,1507,19.32
2026-09-09T12:45:07.087,1788938107.0876,729,-1228,-15.74
2026-09-09T12:45:07.087,1788938107.0876,730,2403,30.81
2026-09-09T12:45:07.103,1788938107.1036,731,-1041,-13.35
2026-09-09T12:45:07.119,1788938107.1194,732,2365,30.32
2026-09-09T12:45:07.135,1788938107.1351,733,-972,-12.46
2026-09-09T12:45:07.135,1788938107.1351,734,2229,28.58
2026-09-09T12:45:07.153,1788938107.1538,735,-917,-11.76
2026-09-09T12:45:07.159,1788938107.1593,736,2075,26.6
2026-09-09T12:45:07.167,1788938107.1671,737,-837,-10.73
2026-09-09T12:45:07.182,1788938107.1828,738,1890,24.23
2026-09-09T12:45:07.189,1788938107.1890,739,-1879,-24.09
2026-09-09T12:45:07.204,1788938107.2044,740,1658,21.26
2026-09-09T12:45:07.208,1788938107.2087,741,-1988,-25.49
2026-09-09T12:45:07.223,1788938107.2239,742,1392,17.85
2026-09-09T12:45:07.230,1788938107.2306,743,-2052,-26.31
2026-09-09T12:45:07.230,1788938107.2306,744,1128,14.46
2026-09-09T12:45:07.253,1788938107.2539,745,-2105,-26.99
2026-09-09T12:45:07.262,1788938107.2625,746,839,10.76
2026-09-09T12:45:07.262,1788938107.2625,747,-2104,-26.97
2026-09-09T12:45:07.278,1788938107.2784,748,1494,19.15
2026-09-09T12:45:07.294,1788938107.2942,749,-2071,-26.55
2026-09-09T12:45:07.305,1788938107.3051,750,1486,19.05
2026-09-09T12:45:07.310,1788938107.3104,751,-1897,-24.32
2026-09-09T12:45:07.310,1788938107.3104,752,1487,19.06
2026-09-09T12:45:07.328,1788938107.3286,753,-1724,-22.1
2026-09-09T12:45:07.342,1788938107.3423,754,1471,18.86
2026-09-09T12:45:07.353,1788938107.3540,755,-1503,-19.27
2026-09-09T12:45:07.360,1788938107.3606,756,1462,18.74
2026-09-09T12:45:07.374,1788938107.3747,757,-1267,-16.24
2026-09-09T12:45:07.374,1788938107.3747,758,1387,17.78
2026-09-09T12:45:07.390,1788938107.3904,759,-2234,-28.64
2026-09-09T12:45:07.390,1788938107.3904,760,1286,16.49
2026-09-09T12:45:07.406,1788938107.4063,761,-2177,-27.91
2026-09-09T12:45:07.406,1788938107.4063,762,1201,15.4
2026-09-09T12:45:07.438,1788938107.4382,763,-2078,-26.64
2026-09-09T12:45:07.438,1788938107.4382,764,1055,13.53
2026-09-09T12:45:07.453,1788938107.4540,765,-2022,-25.92
2026-09-09T12:45:07.460,1788938107.4601,766,905,11.6
2026-09-09T12:45:07.469,1788938107.4699,767,-1870,-23.97
2026-09-09T12:45:07.469,1788938107.4699,768,1742,22.33
2026-09-09T12:45:07.485,1788938107.4855,769,-1667,-21.37
2026-09-09T12:45:07.501,1788938107.5012,770,1812,23.23
2026-09-09T12:45:07.512,1788938107.5124,771,-1471,-18.86
2026-09-09T12:45:07.517,1788938107.5172,772,1810,23.21
2026-09-09T12:45:07.517,1788938107.5172,773,-1268,-16.26
2026-09-09T12:45:07.532,1788938107.5329,774,1795,23.01
2026-09-09T12:45:07.554,1788938107.5549,775,-1034,-13.26
2026-09-09T12:45:07.566,1788938107.5666,776,1802,23.1
2026-09-09T12:45:07.566,1788938107.5666,777,-755,-9.68
2026-09-09T12:45:07.580,1788938107.5808,778,1755,22.5
2026-09-09T12:45:07.590,1788938107.5909,779,-1792,-22.97
2026-09-09T12:45:07.601,1788938107.6016,780,1722,22.08
2026-09-09T12:45:07.612,1788938107.6126,781,-1673,-21.45
2026-09-09T12:45:07.612,1788938107.6126,782,1722,22.08
2026-09-09T12:45:07.630,1788938107.6303,783,-1248,-16.0
2026-09-09T12:45:07.630,1788938107.6303,784,2435,31.22
2026-09-09T12:45:07.655,1788938107.6552,785,-489,-6.27
2026-09-09T12:45:07.666,1788938107.6662,786,2149,27.55
2026-09-09T12:45:07.675,1788938107.6757,787,-767,-9.83
2026-09-09T12:45:07.679,1788938107.6799,788,2672,34.26
2026-09-09T12:45:07.691,1788938107.6916,789,-1084,-13.9
2026-09-09T12:45:07.691,1788938107.6916,790,2214,28.38
2026-09-09T12:45:07.707,1788938107.7073,791,-1268,-16.26
2026-09-09T12:45:07.724,1788938107.7247,792,1899,24.35
2026-09-09T12:45:07.724,1788938107.7247,793,-1342,-17.21
2026-09-09T12:45:07.739,1788938107.7393,794,1649,21.14
2026-09-09T12:45:07.739,1788938107.7393,795,-1293,-16.58
2026-09-09T12:45:07.755,1788938107.7553,796,1421,18.22
2026-09-09T12:45:07.771,1788938107.7712,797,-1167,-14.96
2026-09-09T12:45:07.771,1788938107.7712,798,1226,15.72
2026-09-09T12:45:07.790,1788938107.7909,799,-2349,-30.12
2026-09-09T12:45:07.802,1788938107.8025,800,1063,13.63
2026-09-09T12:45:07.802,1788938107.8025,801,-2307,-29.58
2026-09-09T12:45:07.818,1788938107.8184,802,912,11.69
2026-09-09T12:45:07.834,1788938107.8343,803,-2212,-28.36
2026-09-09T12:45:07.837,1788938107.8374,804,786,10.08
2026-09-09T12:45:07.850,1788938107.8502,805,-2089,-26.78
2026-09-09T12:45:07.856,1788938107.8567,806,619,7.94
2026-09-09T12:45:07.866,1788938107.8663,807,-1929,-24.73
2026-09-09T12:45:07.882,1788938107.8823,808,1611,20.65
2026-09-09T12:45:07.890,1788938107.8904,809,-1730,-22.18
2026-09-09T12:45:07.899,1788938107.8999,810,1637,20.99
2026-09-09T12:45:07.914,1788938107.9142,811,-1499,-19.22
2026-09-09T12:45:07.914,1788938107.9142,812,1617,20.73
2026-09-09T12:45:07.932,1788938107.9330,813,-1317,-16.88
2026-09-09T12:45:07.932,1788938107.9330,814,1525,19.55
2026-09-09T12:45:07.946,1788938107.9468,815,-1080,-13.85
2026-09-09T12:45:07.960,1788938107.9608,816,1376,17.64
2026-09-09T12:45:07.971,1788938107.9719,817,-892,-11.44
2026-09-09T12:45:07.979,1788938107.9797,818,1187,15.22
2026-09-09T12:45:07.979,1788938107.9797,819,-2068,-26.51
2026-09-09T12:45:08.004,1788938108.0040,820,1006,12.9
2026-09-09T12:45:08.009,1788938108.0094,821,-2016,-25.85
2026-09-09T12:45:08.009,1788938108.0094,822,849,10.88
2026-09-09T12:45:08.025,1788938108.0257,823,-1923,-24.65
2026-09-09T12:45:08.041,1788938108.0413,824,644,8.26
2026-09-09T12:45:08.041,1788938108.0413,825,-1825,-23.4
2026-09-09T12:45:08.056,1788938108.0570,826,473,6.06
2026-09-09T12:45:08.056,1788938108.0570,827,-1682,-21.56
2026-09-09T12:45:08.072,1788938108.0729,828,1449,18.58
2026-09-09T12:45:08.090,1788938108.0908,829,-1555,-19.94
2026-09-09T12:45:08.104,1788938108.1045,830,1391,17.83
2026-09-09T12:45:08.104,1788938108.1045,831,-1403,-17.99
2026-09-09T12:45:08.120,1788938108.1205,832,1297,16.63
2026-09-09T12:45:08.120,1788938108.1205,833,-1275,-16.35
2026-09-09T12:45:08.136,1788938108.1362,834,1172,15.03
2026-09-09T12:45:08.152,1788938108.1524,835,-1191,-15.27
2026-09-09T12:45:08.168,1788938108.1684,836,919,11.78
2026-09-09T12:45:08.168,1788938108.1684,837,-1193,-15.29
2026-09-09T12:45:08.168,1788938108.1684,838,517,6.63
2026-09-09T12:45:08.188,1788938108.1890,839,-2633,-33.76
2026-09-09T12:45:08.200,1788938108.2002,840,-278,-3.56
2026-09-09T12:45:08.200,1788938108.2002,841,-3605,-46.22
2026-09-09T12:45:08.216,1788938108.2162,842,-696,-8.92
2026-09-09T12:45:08.231,1788938108.2319,843,-2765,-35.45
2026-09-09T12:45:08.231,1788938108.2319,844,36,0.46
2026-09-09T12:45:08.247,1788938108.2480,845,-1906,-24.44
2026-09-09T12:45:08.258,1788938108.2585,846,410,5.26
2026-09-09T12:45:08.269,1788938108.2697,847,-1366,-17.51
2026-09-09T12:45:08.279,1788938108.2795,848,1607,20.6
2026-09-09T12:45:08.295,1788938108.2954,849,-996,-12.77
2026-09-09T12:45:08.297,1788938108.2974,850,1758,22.54
2026-09-09T12:45:08.311,1788938108.3113,851,-714,-9.15
2026-09-09T12:45:08.311,1788938108.3113,852,1746,22.38
2026-09-09T12:45:08.327,1788938108.3271,853,-530,-6.79
2026-09-09T12:45:08.327,1788938108.3271,854,1664,21.33
2026-09-09T12:45:08.342,1788938108.3430,855,-382,-4.9
2026-09-09T12:45:08.358,1788938108.3586,856,1514,19.41
2026-09-09T12:45:08.374,1788938108.3746,857,-259,-3.32
2026-09-09T12:45:08.374,1788938108.3746,858,1372,17.59
2026-09-09T12:45:08.400,1788938108.4008,859,-1377,-17.65
2026-09-09T12:45:08.400,1788938108.4008,860,1262,16.18
2026-09-09T12:45:08.406,1788938108.4062,861,-1342,-17.21
2026-09-09T12:45:08.422,1788938108.4220,862,1128,14.46
2026-09-09T12:45:08.422,1788938108.4220,863,-1222,-15.67
2026-09-09T12:45:08.437,1788938108.4380,864,999,12.81
2026-09-09T12:45:08.453,1788938108.4537,865,-1058,-13.56
2026-09-09T12:45:08.459,1788938108.4596,866,854,10.95
2026-09-09T12:45:08.469,1788938108.4697,867,-889,-11.4
2026-09-09T12:45:08.469,1788938108.4697,868,1796,23.03
2026-09-09T12:45:08.485,1788938108.4854,869,-829,-10.63
2026-09-09T12:45:08.501,1788938108.5012,870,1684,21.59
2026-09-09T12:45:08.501,1788938108.5012,871,-687,-8.81
2026-09-09T12:45:08.517,1788938108.5170,872,1676,21.49
2026-09-09T12:45:08.535,1788938108.5353,873,-458,-5.87
2026-09-09T12:45:08.535,1788938108.5353,874,1615,20.71
2026-09-09T12:45:08.549,1788938108.5494,875,-320,-4.1
2026-09-09T12:45:08.559,1788938108.5600,876,1420,18.21
2026-09-09T12:45:08.566,1788938108.5667,877,-1517,-19.45
2026-09-09T12:45:08.580,1788938108.5808,878,1060,13.59
2026-09-09T12:45:08.580,1788938108.5808,879,-1714,-21.97
2026-09-09T12:45:08.600,1788938108.6007,880,630,8.08
2026-09-09T12:45:08.612,1788938108.6125,881,-1960,-25.13
2026-09-09T12:45:08.612,1788938108.6125,882,270,3.46
2026-09-09T12:45:08.628,1788938108.6283,883,-1997,-25.6
2026-09-09T12:45:08.644,1788938108.6442,884,125,1.6
2026-09-09T12:45:08.644,1788938108.6442,885,-1780,-22.82
2026-09-09T12:45:08.660,1788938108.6604,886,139,1.78
2026-09-09T12:45:08.660,1788938108.6604,887,-1486,-19.05
2026-09-09T12:45:08.676,1788938108.6765,888,1320,16.92
2026-09-09T12:45:08.692,1788938108.6922,889,-1095,-14.04
2026-09-09T12:45:08.692,1788938108.6922,890,1527,19.58
2026-09-09T12:45:08.708,1788938108.7082,891,-638,-8.18
2026-09-09T12:45:08.724,1788938108.7243,892,1844,23.64
2026-09-09T12:45:08.725,1788938108.7259,893,-117,-1.5
2026-09-09T12:45:08.740,1788938108.7402,894,1917,24.58
2026-09-09T12:45:08.750,1788938108.7503,895,75,0.96
2026-09-09T12:45:08.761,1788938108.7619,896,1803,23.12
2026-09-09T12:45:08.771,1788938108.7717,897,-1093,-14.01
2026-09-09T12:45:08.771,1788938108.7717,898,1615,20.71
2026-09-09T12:45:08.793,1788938108.7939,899,-1139,-14.6
2026-09-09T12:45:08.803,1788938108.8036,900,1332,17.08
2026-09-09T12:45:08.803,1788938108.8036,901,-1179,-15.12
2026-09-09T12:45:08.819,1788938108.8194,902,1077,13.81
2026-09-09T12:45:08.829,1788938108.8293,903,-1112,-14.26
2026-09-09T12:45:08.837,1788938108.8372,904,900,11.54
2026-09-09T12:45:08.851,1788938108.8510,905,-1000,-12.82
2026-09-09T12:45:08.862,1788938108.8624,906,743,9.53
2026-09-09T12:45:08.872,1788938108.8728,907,-863,-11.06
2026-09-09T12:45:08.882,1788938108.8826,908,1834,23.51
2026-09-09T12:45:08.882,1788938108.8826,909,-766,-9.82
2026-09-09T12:45:08.898,1788938108.8987,910,1710,21.92
2026-09-09T12:45:08.898,1788938108.8987,911,-672,-8.62
2026-09-09T12:45:08.914,1788938108.9145,912,1514,19.41
2026-09-09T12:45:08.930,1788938108.9302,913,-589,-7.55
2026-09-09T12:45:08.930,1788938108.9302,914,1316,16.87
2026-09-09T12:45:08.945,1788938108.9459,915,-478,-6.13
2026-09-09T12:45:08.962,1788938108.9627,916,1135,14.55
2026-09-09T12:45:08.962,1788938108.9627,917,-1748,-22.41
2026-09-09T12:45:08.977,1788938108.9776,918,895,11.47
2026-09-09T12:45:08.993,1788938108.9935,919,-1838,-23.56
2026-09-09T12:45:08.993,1788938108.9935,920,486,6.23
2026-09-09T12:45:09.009,1788938109.0095,921,-2034,-26.08
2026-09-09T12:45:09.009,1788938109.0095,922,-119,-1.53
2026-09-09T12:45:09.025,1788938109.0253,923,-2390,-30.64
2026-09-09T12:45:09.041,1788938109.0412,924,-691,-8.86
2026-09-09T12:45:09.041,1788938109.0412,925,-2457,-31.5
2026-09-09T12:45:09.063,1788938109.0634,926,-674,-8.64
2026-09-09T12:45:09.072,1788938109.0729,927,-1925,-24.68
2026-09-09T12:45:09.078,1788938109.0789,928,891,11.42
2026-09-09T12:45:09.088,1788938109.0888,929,-1219,-15.63
2026-09-09T12:45:09.104,1788938109.1048,930,1376,17.64
2026-09-09T12:45:09.104,1788938109.1048,931,-524,-6.72
2026-09-09T12:45:09.120,1788938109.1207,932,1717,22.01
2026-09-09T12:45:09.136,1788938109.1364,933,153,1.96
2026-09-09T12:45:09.140,1788938109.1404,934,2308,29.59
2026-09-09T12:45:09.152,1788938109.1525,935,1339,17.17
2026-09-09T12:45:09.163,1788938109.1634,936,3173,40.68
2026-09-09T12:45:09.168,1788938109.1687,937,709,9.09
2026-09-09T12:45:09.168,1788938109.1687,938,3295,42.24
2026-09-09T12:45:09.192,1788938109.1927,939,676,8.67
2026-09-09T12:45:09.200,1788938109.2008,940,2616,33.54
2026-09-09T12:45:09.216,1788938109.2165,941,207,2.65
2026-09-09T12:45:09.216,1788938109.2165,942,2021,25.91
2026-09-09T12:45:09.216,1788938109.2165,943,1,0.01
2026-09-09T12:45:09.232,1788938109.2325,944,1649,21.14
2026-09-09T12:45:09.248,1788938109.2485,945,-48,-0.62
2026-09-09T12:45:09.264,1788938109.2644,946,1289,16.53
2026-09-09T12:45:09.264,1788938109.2644,947,-194,-2.49
2026-09-09T12:45:09.280,1788938109.2803,948,2086,26.74
2026-09-09T12:45:09.280,1788938109.2803,949,-464,-5.95
2026-09-09T12:45:09.296,1788938109.2964,950,1589,20.37
2026-09-09T12:45:09.312,1788938109.3123,951,-728,-9.33
2026-09-09T12:45:09.312,1788938109.3123,952,1119,14.35
2026-09-09T12:45:09.327,1788938109.3279,953,-844,-10.82
2026-09-09T12:45:09.343,1788938109.3436,954,767,9.83
2026-09-09T12:45:09.343,1788938109.3436,955,-821,-10.53
2026-09-09T12:45:09.363,1788938109.3640,956,563,7.22
2026-09-09T12:45:09.363,1788938109.3640,957,-2024,-25.95
2026-09-09T12:45:09.375,1788938109.3756,958,463,5.94
2026-09-09T12:45:09.391,1788938109.3914,959,-1870,-23.97
2026-09-09T12:45:09.399,1788938109.3994,960,422,5.41
2026-09-09T12:45:09.407,1788938109.4074,961,-1634,-20.95
2026-09-09T12:45:09.423,1788938109.4232,962,393,5.04
2026-09-09T12:45:09.423,1788938109.4232,963,-1387,-17.78
2026-09-09T12:45:09.439,1788938109.4394,964,381,4.88
2026-09-09T12:45:09.455,1788938109.4555,965,-1123,-14.4
2026-09-09T12:45:09.464,1788938109.4641,966,342,4.38
2026-09-09T12:45:09.471,1788938109.4714,967,-901,-11.55
2026-09-09T12:45:09.479,1788938109.4794,968,1492,19.13
2026-09-09T12:45:09.492,1788938109.4927,969,-768,-9.85
2026-09-09T12:45:09.503,1788938109.5033,970,1327,17.01
2026-09-09T12:45:09.503,1788938109.5033,971,-707,-9.06
2026-09-09T12:45:09.523,1788938109.5237,972,1131,14.5
2026-09-09T12:45:09.534,1788938109.5348,973,-649,-8.32
2026-09-09T12:45:09.542,1788938109.5428,974,917,11.76
2026-09-09T12:45:09.550,1788938109.5508,975,-549,-7.04
2026-09-09T12:45:09.567,1788938109.5674,976,748,9.59
2026-09-09T12:45:09.567,1788938109.5674,977,-1767,-22.65
2026-09-09T12:45:09.582,1788938109.5826,978,636,8.15
2026-09-09T12:45:09.592,1788938109.5923,979,-1630,-20.9
2026-09-09T12:45:09.598,1788938109.5983,980,555,7.12
2026-09-09T12:45:09.614,1788938109.6142,981,-1426,-18.28
2026-09-09T12:45:09.614,1788938109.6142,982,486,6.23
2026-09-09T12:45:09.630,1788938109.6302,983,-1234,-15.82
2026-09-09T12:45:09.630,1788938109.6302,984,392,5.03
2026-09-09T12:45:09.646,1788938109.6461,985,-1035,-13.27
2026-09-09T12:45:09.661,1788938109.6620,986,265,3.4
2026-09-09T12:45:09.663,1788938109.6640,987,-901,-11.55
2026-09-09T12:45:09.677,1788938109.6776,988,1423,18.24
2026-09-09T12:45:09.693,1788938109.6933,989,-760,-9.74
2026-09-09T12:45:09.693,1788938109.6933,990,1287,16.5
2026-09-09T12:45:09.709,1788938109.7092,991,-623,-7.99
2026-09-09T12:45:09.723,1788938109.7232,992,1099,14.09
2026-09-09T12:45:09.728,1788938109.7284,993,-529,-6.78
2026-09-09T12:45:09.740,1788938109.7407,994,992,12.72
2026-09-09T12:45:09.740,1788938109.7407,995,-391,-5.01
2026-09-09T12:45:09.756,1788938109.7565,996,825,10.58
2026-09-09T12:45:09.772,1788938109.7725,997,-1616,-20.72
2026-09-09T12:45:09.772,1788938109.7725,998,738,9.46
2026-09-09T12:45:09.788,1788938109.7887,999,-1477,-18.94
2026-09-09T12:45:09.804,1788938109.8044,1000,623,7.99
2026-09-09T12:45:09.804,1788938109.8044,1001,-1302,-16.69
2026-09-09T12:45:09.820,1788938109.8202,1002,489,6.27
2026-09-09T12:45:09.820,1788938109.8202,1003,-1143,-14.65
2026-09-09T12:45:09.838,1788938109.8383,1004,366,4.69
2026-09-09T12:45:09.851,1788938109.8519,1005,-1001,-12.83
2026-09-09T12:45:09.851,1788938109.8519,1006,1484,19.03
2026-09-09T12:45:09.867,1788938109.8675,1007,-864,-11.08
2026-09-09T12:45:09.885,1788938109.8856,1008,1376,17.64
2026-09-09T12:45:09.885,1788938109.8856,1009,-678,-8.69
2026-09-09T12:45:09.899,1788938109.8994,1010,1260,16.15
2026-09-09T12:45:09.915,1788938109.9151,1011,-578,-7.41
2026-09-09T12:45:09.923,1788938109.9231,1012,1111,14.24
2026-09-09T12:45:09.930,1788938109.9308,1013,-429,-5.5
2026-09-09T12:45:09.930,1788938109.9308,1014,967,12.4
2026-09-09T12:45:09.946,1788938109.9466,1015,-288,-3.69
2026-09-09T12:45:09.964,1788938109.9646,1016,843,10.81
2026-09-09T12:45:09.964,1788938109.9646,1017,-1536,-19.69
2026-09-09T12:45:09.990,1788938109.9906,1018,720,9.23
2026-09-09T12:45:09.994,1788938109.9942,1019,-1402,-17.97
2026-09-09T12:45:09.994,1788938109.9942,1020,577,7.4
2026-09-09T12:45:10.009,1788938110.0099,1021,-1220,-15.64
2026-09-09T12:45:10.025,1788938110.0259,1022,458,5.87
2026-09-09T12:45:10.025,1788938110.0259,1023,-1066,-13.67
2026-09-09T12:45:10.041,1788938110.0420,1024,319,4.09
2026-09-09T12:45:10.049,1788938110.0500,1025,-888,-11.38
2026-09-09T12:45:10.057,1788938110.0577,1026,1440,18.46
2026-09-09T12:45:10.064,1788938110.0648,1027,-795,-10.19
2026-09-09T12:45:10.079,1788938110.0797,1028,1296,16.62
2026-09-09T12:45:10.089,1788938110.0898,1029,-746,-9.56
2026-09-09T12:45:10.089,1788938110.0898,1030,1065,13.65
2026-09-09T12:45:10.105,1788938110.1057,1031,-642,-8.23
2026-09-09T12:45:10.121,1788938110.1217,1032,955,12.24
2026-09-09T12:45:10.121,1788938110.1217,1033,-495,-6.35
2026-09-09T12:45:10.137,1788938110.1375,1034,814,10.44
2026-09-09T12:45:10.137,1788938110.1375,1035,-395,-5.06
2026-09-09T12:45:10.164,1788938110.1647,1036,573,7.35
2026-09-09T12:45:10.169,1788938110.1693,1037,-1732,-22.21
2026-09-09T12:45:10.169,1788938110.1693,1038,403,5.17
2026-09-09T12:45:10.200,1788938110.2009,1039,-1637,-20.99
2026-09-09T12:45:10.200,1788938110.2009,1040,182,2.33
2026-09-09T12:45:10.200,1788938110.2009,1041,-1584,-20.31
2026-09-09T12:45:10.216,1788938110.2167,1042,-82,-1.05
2026-09-09T12:45:10.238,1788938110.2380,1043,-1573,-20.17
2026-09-09T12:45:10.238,1788938110.2380,1044,-334,-4.28
2026-09-09T12:45:10.248,1788938110.2485,1045,-1516,-19.44
2026-09-09T12:45:10.260,1788938110.2608,1046,825,10.58
2026-09-09T12:45:10.264,1788938110.2649,1047,-1351,-17.32
2026-09-09T12:45:10.280,1788938110.2806,1048,717,9.19
2026-09-09T12:45:10.280,1788938110.2806,1049,-1166,-14.95
2026-09-09T12:45:10.296,1788938110.2966,1050,607,7.78
2026-09-09T12:45:10.312,1788938110.3124,1051,-1003,-12.86
2026-09-09T12:45:10.320,1788938110.3205,1052,537,6.88
2026-09-09T12:45:10.328,1788938110.3285,1053,-704,-9.03
2026-09-09T12:45:10.344,1788938110.3446,1054,542,6.95
2026-09-09T12:45:10.344,1788938110.3446,1055,-424,-5.44
2026-09-09T12:45:10.360,1788938110.3606,1056,516,6.62
2026-09-09T12:45:10.370,1788938110.3702,1057,-1628,-20.87
2026-09-09T12:45:10.382,1788938110.3823,1058,560,7.18
2026-09-09T12:45:10.387,1788938110.3871,1059,-1256,-16.1
2026-09-09T12:45:10.392,1788938110.3926,1060,697,8.94
2026-09-09T12:45:10.410,1788938110.4103,1061,-813,-10.42
2026-09-09T12:45:10.424,1788938110.4243,1062,911,11.68
2026-09-09T12:45:10.427,1788938110.4278,1063,-217,-2.78
2026-09-09T12:45:10.446,1788938110.4465,1064,1201,15.4
2026-09-09T12:45:10.446,1788938110.4465,1065,355,4.55
2026-09-09T12:45:10.456,1788938110.4566,1066,2661,34.12
2026-09-09T12:45:10.472,1788938110.4723,1067,743,9.53
2026-09-09T12:45:10.472,1788938110.4723,1068,2682,34.38
2026-09-09T12:45:10.488,1788938110.4884,1069,871,11.17
2026-09-09T12:45:10.504,1788938110.5043,1070,2430,31.15
2026-09-09T12:45:10.504,1788938110.5043,1071,802,10.28
2026-09-09T12:45:10.520,1788938110.5203,1072,2053,26.32
2026-09-09T12:45:10.520,1788938110.5203,1073,702,9.0
2026-09-09T12:45:10.536,1788938110.5363,1074,1710,21.92
2026-09-09T12:45:10.552,1788938110.5521,1075,662,8.49
2026-09-09T12:45:10.559,1788938110.5597,1076,1423,18.24
2026-09-09T12:45:10.568,1788938110.5690,1077,-705,-9.04
2026-09-09T12:45:10.584,1788938110.5841,1078,1079,13.83
2026-09-09T12:45:10.584,1788938110.5841,1079,-774,-9.92
2026-09-09T12:45:10.600,1788938110.6003,1080,724,9.28
2026-09-09T12:45:10.618,1788938110.6183,1081,-866,-11.1
2026-09-09T12:45:10.626,1788938110.6266,1082,349,4.47
2026-09-09T12:45:10.632,1788938110.6323,1083,-958,-12.28
2026-09-09T12:45:10.640,1788938110.6403,1084,14,0.18
2026-09-09T12:45:10.651,1788938110.6520,1085,-947,-12.14
2026-09-09T12:45:10.663,1788938110.6637,1086,1117,14.32
2026-09-09T12:45:10.666,1788938110.6666,1087,-842,-10.79
2026-09-09T12:45:10.679,1788938110.6798,1088,973,12.47
2026-09-09T12:45:10.689,1788938110.6896,1089,-706,-9.05
2026-09-09T12:45:10.695,1788938110.6955,1090,849,10.88
2026-09-09T12:45:10.711,1788938110.7113,1091,-521,-6.68
2026-09-09T12:45:10.723,1788938110.7235,1092,744,9.54
2026-09-09T12:45:10.728,1788938110.7286,1093,-353,-4.53
2026-09-09T12:45:10.743,1788938110.7433,1094,656,8.41
2026-09-09T12:45:10.749,1788938110.7494,1095,-173,-2.22
2026-09-09T12:45:10.759,1788938110.7594,1096,555,7.12
2026-09-09T12:45:10.776,1788938110.7767,1097,-1422,-18.23
2026-09-09T12:45:10.784,1788938110.7847,1098,394,5.05
2026-09-09T12:45:10.791,1788938110.7913,1099,-1290,-16.54
2026-09-09T12:45:10.791,1788938110.7913,1100,197,2.53
2026-09-09T12:45:10.807,1788938110.8073,1101,-1197,-15.35
2026-09-09T12:45:10.807,1788938110.8073,1102,18,0.23
2026-09-09T12:45:10.822,1788938110.8230,1103,-1139,-14.6
2026-09-09T12:45:10.843,1788938110.8438,1104,-224,-2.87
2026-09-09T12:45:10.854,1788938110.8545,1105,-1064,-13.64
2026-09-09T12:45:10.854,1788938110.8545,1106,906,11.62
2026-09-09T12:45:10.870,1788938110.8704,1107,-948,-12.15
2026-09-09T12:45:10.870,1788938110.8704,1108,756,9.69
2026-09-09T12:45:10.888,1788938110.8884,1109,-816,-10.46
2026-09-09T12:45:10.904,1788938110.9043,1110,627,8.04
2026-09-09T12:45:10.908,1788938110.9084,1111,-628,-8.05
2026-09-09T12:45:10.918,1788938110.9187,1112,538,6.9
2026-09-09T12:45:10.918,1788938110.9187,1113,-397,-5.09
2026-09-09T12:45:10.935,1788938110.9356,1114,532,6.82
2026-09-09T12:45:10.951,1788938110.9516,1115,-139,-1.78
2026-09-09T12:45:10.951,1788938110.9516,1116,544,6.97
2026-09-09T12:45:10.967,1788938110.9670,1117,-1217,-15.6
2026-09-09T12:45:10.981,1788938110.9812,1118,585,7.5
2026-09-09T12:45:10.981,1788938110.9812,1119,-896,-11.49
2026-09-09T12:45:10.997,1788938110.9972,1120,666,8.54
2026-09-09T12:45:11.012,1788938111.0129,1121,-536,-6.87
2026-09-09T12:45:11.012,1788938111.0129,1122,730,9.36
2026-09-09T12:45:11.028,1788938111.0288,1123,-204,-2.62
2026-09-09T12:45:11.044,1788938111.0449,1124,679,8.71
2026-09-09T12:45:11.044,1788938111.0449,1125,-36,-0.46
2026-09-09T12:45:11.060,1788938111.0608,1126,1821,23.35
2026-09-09T12:45:11.076,1788938111.0765,1127,29,0.37
2026-09-09T12:45:11.080,1788938111.0803,1128,1578,20.23
2026-09-09T12:45:11.080,1788938111.0803,1129,28,0.36
2026-09-09T12:45:11.100,1788938111.1004,1130,1273,16.32
2026-09-09T12:45:11.108,1788938111.1083,1131,-22,-0.28
2026-09-09T12:45:11.108,1788938111.1083,1132,988,12.67
2026-09-09T12:45:11.130,1788938111.1300,1133,-44,-0.56
2026-09-09T12:45:11.140,1788938111.1400,1134,714,9.15
2026-09-09T12:45:11.155,1788938111.1557,1135,-1376,-17.64
2026-09-09T12:45:11.159,1788938111.1597,1136,464,5.95
2026-09-09T12:45:11.180,1788938111.1807,1137,-1316,-16.87
2026-09-09T12:45:11.182,1788938111.1828,1138,263,3.37
2026-09-09T12:45:11.187,1788938111.1878,1139,-1235,-15.83
2026-09-09T12:45:11.187,1788938111.1878,1140,56,0.72
2026-09-09T12:45:11.203,1788938111.2037,1141,-1141,-14.63
2026-09-09T12:45:11.219,1788938111.2199,1142,-143,-1.83
2026-09-09T12:45:11.219,1788938111.2199,1143,-1051,-13.47
2026-09-09T12:45:11.236,1788938111.2361,1144,-413,-5.29
2026-09-09T12:45:11.251,1788938111.2520,1145,-1000,-12.82
2026-09-09T12:45:11.258,1788938111.2586,1146,769,9.86
2026-09-09T12:45:11.267,1788938111.2678,1147,-851,-10.91
2026-09-09T12:45:11.283,1788938111.2835,1148,624,8.0
2026-09-09T12:45:11.283,1788938111.2835,1149,-735,-9.42
2026-09-09T12:45:11.299,1788938111.2993,1150,496,6.36
2026-09-09T12:45:11.299,1788938111.2993,1151,-558,-7.15
2026-09-09T12:45:11.315,1788938111.3151,1152,380,4.87
2026-09-09T12:45:11.330,1788938111.3310,1153,-345,-4.42
2026-09-09T12:45:11.330,1788938111.3310,1154,327,4.19
2026-09-09T12:45:11.346,1788938111.3470,1155,-1552,-19.9
2026-09-09T12:45:11.362,1788938111.3627,1156,266,3.41
2026-09-09T12:45:11.369,1788938111.3691,1157,-1349,-17.29
2026-09-09T12:45:11.380,1788938111.3807,1158,195,2.5
2026-09-09T12:45:11.394,1788938111.3944,1159,-1087,-13.94
2026-09-09T12:45:11.394,1788938111.3944,1160,193,2.47
2026-09-09T12:45:11.410,1788938111.4104,1161,-801,-10.27
2026-09-09T12:45:11.410,1788938111.4104,1162,201,2.58
2026-09-09T12:45:11.430,1788938111.4305,1163,-470,-6.03
2026-09-09T12:45:11.442,1788938111.4426,1164,276,3.54
2026-09-09T12:45:11.442,1788938111.4426,1165,-48,-0.62
2026-09-09T12:45:11.466,1788938111.4663,1166,1765,22.63
2026-09-09T12:45:11.474,1788938111.4745,1167,384,4.92
2026-09-09T12:45:11.474,1788938111.4745,1168,1874,24.03
2026-09-09T12:45:11.490,1788938111.4905,1169,612,7.85
2026-09-09T12:45:11.506,1788938111.5064,1170,1673,21.45
2026-09-09T12:45:11.510,1788938111.5101,1171,605,7.76
2026-09-09T12:45:11.522,1788938111.5223,1172,1366,17.51
2026-09-09T12:45:11.522,1788938111.5223,1173,578,7.41
2026-09-09T12:45:11.538,1788938111.5383,1174,1096,14.05
2026-09-09T12:45:11.538,1788938111.5383,1175,-821,-10.53
2026-09-09T12:45:11.559,1788938111.5593,1176,769,9.86
2026-09-09T12:45:11.574,1788938111.5748,1177,-822,-10.54
2026-09-09T12:45:11.585,1788938111.5854,1178,460,5.9
2026-09-09T12:45:11.585,1788938111.5854,1179,-848,-10.87
2026-09-09T12:45:11.601,1788938111.6011,1180,187,2.4
2026-09-09T12:45:11.613,1788938111.6131,1181,-827,-10.6
2026-09-09T12:45:11.625,1788938111.6252,1182,-76,-0.97
2026-09-09T12:45:11.628,1788938111.6282,1183,-761,-9.76
2026-09-09T12:45:11.643,1788938111.6439,1184,-322,-4.13
2026-09-09T12:45:11.649,1788938111.6500,1185,-686,-8.79
2026-09-09T12:45:11.659,1788938111.6598,1186,888,11.38
2026-09-09T12:45:11.675,1788938111.6755,1187,-585,-7.5
2026-09-09T12:45:11.675,1788938111.6755,1188,688,8.82
2026-09-09T12:45:11.691,1788938111.6916,1189,-500,-6.41
2026-09-09T12:45:11.691,1788938111.6916,1190,482,6.18
2026-09-09T12:45:11.709,1788938111.7094,1191,-468,-6.0
2026-09-09T12:45:11.724,1788938111.7240,1192,226,2.9
2026-09-09T12:45:11.725,1788938111.7251,1193,-406,-5.21
2026-09-09T12:45:11.744,1788938111.7441,1194,-4,-0.05
2026-09-09T12:45:11.744,1788938111.7441,1195,-1720,-22.05
2026-09-09T12:45:11.755,1788938111.7555,1196,-101,-1.29
2026-09-09T12:45:11.784,1788938111.7846,1197,-1504,-19.28
2026-09-09T12:45:11.787,1788938111.7878,1198,-187,-2.4
2026-09-09T12:45:11.793,1788938111.7936,1199,-1286,-16.49
2026-09-09T12:45:11.802,1788938111.8029,1200,-287,-3.68
2026-09-09T12:45:11.802,1788938111.8029,1201,-1049,-13.45
2026-09-09T12:45:11.818,1788938111.8189,1202,-376,-4.82
2026-09-09T12:45:11.818,1788938111.8189,1203,-843,-10.81
2026-09-09T12:45:11.834,1788938111.8346,1204,-467,-5.99
2026-09-09T12:45:11.852,1788938111.8527,1205,-570,-7.31
2026-09-09T12:45:11.866,1788938111.8662,1206,991,12.71
2026-09-09T12:45:11.866,1788938111.8662,1207,-165,-2.12
2026-09-09T12:45:11.881,1788938111.8820,1208,1173,15.04
2026-09-09T12:45:11.881,1788938111.8820,1209,419,5.37
2026-09-09T12:45:11.902,1788938111.9021,1210,1496,19.18
2026-09-09T12:45:11.913,1788938111.9139,1211,998,12.79
2026-09-09T12:45:11.913,1788938111.9139,1212,1700,21.79
2026-09-09T12:45:11.931,1788938111.9319,1213,1251,16.04
2026-09-09T12:45:11.931,1788938111.9319,1214,1520,19.49
2026-09-09T12:45:11.945,1788938111.9458,1215,-144,-1.85
2026-09-09T12:45:11.963,1788938111.9637,1216,1170,15.0
2026-09-09T12:45:11.963,1788938111.9637,1217,-255,-3.27
2026-09-09T12:45:11.981,1788938111.9818,1218,744,9.54
2026-09-09T12:45:11.995,1788938111.9953,1219,-430,-5.51
2026-09-09T12:45:11.995,1788938111.9953,1220,257,3.29
2026-09-09T12:45:12.012,1788938112.0121,1221,-546,-7.0
2026-09-09T12:45:12.025,1788938112.0255,1222,-154,-1.97
2026-09-09T12:45:12.025,1788938112.0255,1223,-602,-7.72
2026-09-09T12:45:12.040,1788938112.0409,1224,-489,-6.27
2026-09-09T12:45:12.050,1788938112.0510,1225,-572,-7.33
2026-09-09T12:45:12.058,1788938112.0589,1226,762,9.77
2026-09-09T12:45:12.072,1788938112.0727,1227,-507,-6.5
2026-09-09T12:45:12.075,1788938112.0755,1228,527,6.76
2026-09-09T12:45:12.096,1788938112.0966,1229,-416,-5.33
2026-09-09T12:45:12.096,1788938112.0966,1230,353,4.53
2026-09-09T12:45:12.104,1788938112.1048,1231,-323,-4.14
2026-09-09T12:45:12.122,1788938112.1225,1232,173,2.22
2026-09-09T12:45:12.122,1788938112.1225,1233,-174,-2.23
2026-09-09T12:45:12.136,1788938112.1365,1234,58,0.74
2026-09-09T12:45:12.154,1788938112.1544,1235,-1435,-18.4
2026-09-09T12:45:12.154,1788938112.1544,1236,-94,-1.21
2026-09-09T12:45:12.168,1788938112.1683,1237,-1325,-16.99
2026-09-09T12:45:12.175,1788938112.1756,1238,-253,-3.24
2026-09-09T12:45:12.186,1788938112.1864,1239,-1128,-14.46
2026-09-09T12:45:12.200,1788938112.2002,1240,-402,-5.15
2026-09-09T12:45:12.220,1788938112.2205,1241,-968,-12.41
2026-09-09T12:45:12.220,1788938112.2205,1242,-512,-6.56
2026-09-09T12:45:12.232,1788938112.2324,1243,-694,-8.9
2026-09-09T12:45:12.232,1788938112.2324,1244,-556,-7.13
2026-09-09T12:45:12.251,1788938112.2519,1245,-315,-4.04
2026-09-09T12:45:12.264,1788938112.2646,1246,1116,14.31
2026-09-09T12:45:12.275,1788938112.2757,1247,263,3.37
2026-09-09T12:45:12.282,1788938112.2827,1248,1458,18.69
2026-09-09T12:45:12.282,1788938112.2827,1249,828,10.62
2026-09-09T12:45:12.306,1788938112.3068,1250,1651,21.17
2026-09-09T12:45:12.314,1788938112.3144,1251,1115,14.29
2026-09-09T12:45:12.314,1788938112.3144,1252,1505,19.29
2026-09-09T12:45:12.328,1788938112.3284,1253,1167,14.96
2026-09-09T12:45:12.340,1788938112.3400,1254,1169,14.99
2026-09-09T12:45:12.344,1788938112.3445,1255,-500,-6.41
2026-09-09T12:45:12.360,1788938112.3604,1256,769,9.86
2026-09-09T12:45:12.360,1788938112.3604,1257,-601,-7.71
2026-09-09T12:45:12.386,1788938112.3865,1258,274,3.51
2026-09-09T12:45:12.391,1788938112.3918,1259,-780,-10.0
2026-09-09T12:45:12.391,1788938112.3918,1260,-167,-2.14
2026-09-09T12:45:12.409,1788938112.4099,1261,-814,-10.44
2026-09-09T12:45:12.409,1788938112.4099,1262,-480,-6.15
2026-09-09T12:45:12.423,1788938112.4237,1263,-714,-9.15
2026-09-09T12:45:12.441,1788938112.4414,1264,908,11.64
2026-09-09T12:45:12.441,1788938112.4414,1265,-565,-7.24
2026-09-09T12:45:12.455,1788938112.4553,1266,716,9.18
2026-09-09T12:45:12.473,1788938112.4734,1267,-426,-5.46
2026-09-09T12:45:12.478,1788938112.4782,1268,574,7.36
2026-09-09T12:45:12.490,1788938112.4907,1269,-279,-3.58
2026-09-09T12:45:12.490,1788938112.4907,1270,404,5.18
2026-09-09T12:45:12.502,1788938112.5028,1271,-76,-0.97
2026-09-09T12:45:12.523,1788938112.5231,1272,291,3.73
2026-09-09T12:45:12.534,1788938112.5348,1273,175,2.24
2026-09-09T12:45:12.534,1788938112.5348,1274,121,1.55
2026-09-09T12:45:12.550,1788938112.5509,1275,-1380,-17.69
2026-09-09T12:45:12.559,1788938112.5595,1276,-129,-1.65
2026-09-09T12:45:12.568,1788938112.5690,1277,-1284,-16.46
2026-09-09T12:45:12.582,1788938112.5823,1278,-386,-4.95
2026-09-09T12:45:12.582,1788938112.5823,1279,-1159,-14.86
2026-09-09T12:45:12.600,1788938112.6003,1280,-605,-7.76
2026-09-09T12:45:12.600,1788938112.6003,1281,-1002,-12.85
2026-09-09T12:45:12.622,1788938112.6226,1282,-793,-10.17
2026-09-09T12:45:12.632,1788938112.6322,1283,-774,-9.92
2026-09-09T12:45:12.632,1788938112.6322,1284,781,10.01
2026-09-09T12:45:12.649,1788938112.6499,1285,-431,-5.53
2026-09-09T12:45:12.661,1788938112.6615,1286,877,11.24
2026-09-09T12:45:12.661,1788938112.6615,1287,119,1.53
2026-09-09T12:45:12.678,1788938112.6782,1288,1143,14.65
2026-09-09T12:45:12.692,1788938112.6929,1289,785,10.06
2026-09-09T12:45:12.692,1788938112.6929,1290,1376,17.64
2026-09-09T12:45:12.708,1788938112.7087,1291,1135,14.55
2026-09-09T12:45:12.721,1788938112.7214,1292,1285,16.47
2026-09-09T12:45:12.731,1788938112.7320,1293,1293,16.58
2026-09-09T12:45:12.740,1788938112.7404,1294,978,12.54
2026-09-09T12:45:12.756,1788938112.7561,1295,-445,-5.71
2026-09-09T12:45:12.756,1788938112.7561,1296,568,7.28
2026-09-09T12:45:12.775,1788938112.7758,1297,-577,-7.4
2026-09-09T12:45:12.782,1788938112.7827,1298,110,1.41
2026-09-09T12:45:12.789,1788938112.7899,1299,-644,-8.26
2026-09-09T12:45:12.803,1788938112.8035,1300,-259,-3.32
2026-09-09T12:45:12.803,1788938112.8035,1301,-579,-7.42
2026-09-09T12:45:12.821,1788938112.8214,1302,-590,-7.56
2026-09-09T12:45:12.835,1788938112.8353,1303,-516,-6.62
2026-09-09T12:45:12.835,1788938112.8353,1304,816,10.46
2026-09-09T12:45:12.855,1788938112.8556,1305,-424,-5.44
2026-09-09T12:45:12.855,1788938112.8556,1306,576,7.38
2026-09-09T12:45:12.866,1788938112.8669,1307,-301,-3.86
2026-09-09T12:45:12.884,1788938112.8847,1308,351,4.5
2026-09-09T12:45:12.884,1788938112.8847,1309,-145,-1.86
2026-09-09T12:45:12.898,1788938112.8989,1310,226,2.9
2026-09-09T12:45:12.898,1788938112.8989,1311,106,1.36
2026-09-09T12:45:12.923,1788938112.9238,1312,105,1.35
2026-09-09T12:45:12.930,1788938112.9304,1313,373,4.78
2026-09-09T12:45:12.947,1788938112.9471,1314,-61,-0.78
2026-09-09T12:45:12.951,1788938112.9511,1315,-1153,-14.78
2026-09-09T12:45:12.962,1788938112.9624,1316,-216,-2.77
2026-09-09T12:45:12.962,1788938112.9624,1317,-991,-12.71
2026-09-09T12:45:12.980,1788938112.9804,1318,-387,-4.96
2026-09-09T12:45:12.994,1788938112.9942,1319,-809,-10.37
2026-09-09T12:45:12.994,1788938112.9942,1320,-546,-7.0
2026-09-09T12:45:13.012,1788938113.0121,1321,-573,-7.35
2026-09-09T12:45:13.014,1788938113.0141,1322,-731,-9.37
2026-09-09T12:45:13.026,1788938113.0261,1323,-289,-3.71
2026-09-09T12:45:13.041,1788938113.0420,1324,938,12.03
2026-09-09T12:45:13.043,1788938113.0440,1325,127,1.63
2026-09-09T12:45:13.057,1788938113.0578,1326,1179,15.12
2026-09-09T12:45:13.075,1788938113.0757,1327,704,9.03
2026-09-09T12:45:13.084,1788938113.0843,1328,1396,17.9
2026-09-09T12:45:13.091,1788938113.0913,1329,1119,14.35
2026-09-09T12:45:13.100,1788938113.1003,1330,1329,17.04
2026-09-09T12:45:13.107,1788938113.1074,1331,1296,16.62
2026-09-09T12:45:13.121,1788938113.1211,1332,1073,13.76
2026-09-09T12:45:13.121,1788938113.1211,1333,1378,17.67
2026-09-09T12:45:13.139,1788938113.1394,1334,692,8.87
2026-09-09T12:45:13.155,1788938113.1552,1335,-366,-4.69
2026-09-09T12:45:13.155,1788938113.1552,1336,268,3.44
2026-09-09T12:45:13.176,1788938113.1764,1337,-495,-6.35
2026-09-09T12:45:13.180,1788938113.1806,1338,-164,-2.1
2026-09-09T12:45:13.191,1788938113.1912,1339,-536,-6.87
2026-09-09T12:45:13.203,1788938113.2030,1340,-495,-6.35
2026-09-09T12:45:13.203,1788938113.2030,1341,-486,-6.23
2026-09-09T12:45:13.216,1788938113.2168,1342,-837,-10.73
2026-09-09T12:45:13.234,1788938113.2346,1343,-386,-4.95
2026-09-09T12:45:13.241,1788938113.2415,1344,658,8.44
2026-09-09T12:45:13.250,1788938113.2506,1345,-257,-3.29
2026-09-09T12:45:13.264,1788938113.2644,1346,474,6.08
2026-09-09T12:45:13.264,1788938113.2644,1347,-96,-1.23
2026-09-09T12:45:13.280,1788938113.2806,1348,359,4.6
2026-09-09T12:45:13.280,1788938113.2806,1349,110,1.41
2026-09-09T12:45:13.299,1788938113.3000,1350,220,2.82
2026-09-09T12:45:13.311,1788938113.3118,1351,379,4.86
2026-09-09T12:45:13.311,1788938113.3118,1352,68,0.87
2026-09-09T12:45:13.329,1788938113.3297,1353,620,7.95
2026-09-09T12:45:13.343,1788938113.3435,1354,-131,-1.68
2026-09-09T12:45:13.343,1788938113.3435,1355,-1019,-13.06
2026-09-09T12:45:13.359,1788938113.3594,1356,-394,-5.05
2026-09-09T12:45:13.359,1788938113.3594,1357,-941,-12.06
2026-09-09T12:45:13.380,1788938113.3808,1358,-604,-7.74
2026-09-09T12:45:13.390,1788938113.3907,1359,-801,-10.27
2026-09-09T12:45:13.401,1788938113.4014,1360,-841,-10.78
2026-09-09T12:45:13.406,1788938113.4069,1361,-590,-7.56
2026-09-09T12:45:13.424,1788938113.4249,1362,-1028,-13.18
2026-09-09T12:45:13.424,1788938113.4249,1363,-304,-3.9
2026-09-09T12:45:13.438,1788938113.4389,1364,719,9.22
2026-09-09T12:45:13.438,1788938113.4389,1365,162,2.08
2026-09-09T12:45:13.471,1788938113.4711,1366,958,12.28
2026-09-09T12:45:13.471,1788938113.4711,1367,698,8.95
2026-09-09T12:45:13.481,1788938113.4810,1368,1170,15.0
2026-09-09T12:45:13.489,1788938113.4892,1369,1135,14.55
2026-09-09T12:45:13.503,1788938113.5031,1370,1085,13.91
2026-09-09T12:45:13.509,1788938113.5096,1371,1366,17.51
2026-09-09T12:45:13.520,1788938113.5209,1372,856,10.97
2026-09-09T12:45:13.520,1788938113.5209,1373,1434,18.38
2026-09-09T12:45:13.534,1788938113.5347,1374,485,6.22
2026-09-09T12:45:13.552,1788938113.5524,1375,-363,-4.65
2026-09-09T12:45:13.559,1788938113.5594,1376,54,0.69
2026-09-09T12:45:13.576,1788938113.5762,1377,-463,-5.94
2026-09-09T12:45:13.585,1788938113.5859,1378,-424,-5.44
2026-09-09T12:45:13.585,1788938113.5859,1379,-475,-6.09
2026-09-09T12:45:13.597,1788938113.5979,1380,-770,-9.87
2026-09-09T12:45:13.613,1788938113.6137,1381,-471,-6.04
2026-09-09T12:45:13.623,1788938113.6234,1382,-1213,-15.55
2026-09-09T12:45:13.629,1788938113.6294,1383,-461,-5.91
2026-09-09T12:45:13.645,1788938113.6453,1384,316,4.05
2026-09-09T12:45:13.649,1788938113.6493,1385,-431,-5.53
2026-09-09T12:45:13.661,1788938113.6612,1386,46,0.59
2026-09-09T12:45:13.661,1788938113.6612,1387,-382,-4.9
2026-09-09T12:45:13.680,1788938113.6809,1388,-197,-2.53
2026-09-09T12:45:13.692,1788938113.6927,1389,-156,-2.0
2026-09-09T12:45:13.700,1788938113.7003,1390,-272,-3.49
2026-09-09T12:45:13.708,1788938113.7084,1391,268,3.44
2026-09-09T12:45:13.725,1788938113.7251,1392,-329,-4.22
2026-09-09T12:45:13.725,1788938113.7251,1393,-1279,-16.4
2026-09-09T12:45:13.742,1788938113.7424,1394,-532,-6.82
2026-09-09T12:45:13.742,1788938113.7424,1395,-1173,-15.04
2026-09-09T12:45:13.756,1788938113.7561,1396,-806,-10.33
2026-09-09T12:45:13.772,1788938113.7722,1397,-1061,-13.6
2026-09-09T12:45:13.787,1788938113.7879,1398,-1067,-13.68
2026-09-09T12:45:13.787,1788938113.7879,1399,-937,-12.01
2026-09-09T12:45:13.803,1788938113.8036,1400,-1355,-17.37
2026-09-09T12:45:13.809,1788938113.8096,1401,-785,-10.06
2026-09-09T12:45:13.821,1788938113.8214,1402,-1639,-21.01
2026-09-09T12:45:13.837,1788938113.8373,1403,-560,-7.18
2026-09-09T12:45:13.839,1788938113.8397,1404,229,2.94
2026-09-09T12:45:13.851,1788938113.8513,1405,-226,-2.9
2026-09-09T12:45:13.860,1788938113.8601,1406,282,3.62
2026-09-09T12:45:13.871,1788938113.8714,1407,193,2.47
2026-09-09T12:45:13.881,1788938113.8814,1408,355,4.55
2026-09-09T12:45:13.895,1788938113.8957,1409,708,9.08
2026-09-09T12:45:13.898,1788938113.8989,1410,550,7.05
2026-09-09T12:45:13.898,1788938113.8989,1411,1534,19.67
2026-09-09T12:45:13.914,1788938113.9150,1412,1051,13.47
2026-09-09T12:45:13.932,1788938113.9329,1413,502,6.44
2026-09-09T12:45:13.932,1788938113.9329,1414,1396,17.9
2026-09-09T12:45:13.954,1788938113.9541,1415,971,12.45
2026-09-09T12:45:13.966,1788938113.9668,1416,1281,16.42
2026-09-09T12:45:13.973,1788938113.9737,1417,1033,13.24
2026-09-09T12:45:13.981,1788938113.9813,1418,737,9.45
2026-09-09T12:45:13.996,1788938113.9964,1419,800,10.26
2026-09-09T12:45:13.996,1788938113.9964,1420,52,0.67
2026-09-09T12:45:14.010,1788938114.0101,1421,599,7.68
2026-09-09T12:45:14.020,1788938114.0205,1422,-522,-6.69
2026-09-09T12:45:14.025,1788938114.0258,1423,575,7.37
2026-09-09T12:45:14.041,1788938114.0415,1424,1165,14.94
2026-09-09T12:45:14.041,1788938114.0415,1425,663,8.5
2026-09-09T12:45:14.059,1788938114.0595,1426,956,12.26
2026-09-09T12:45:14.073,1788938114.0732,1427,776,9.95
2026-09-09T12:45:14.081,1788938114.0817,1428,621,7.96
2026-09-09T12:45:14.090,1788938114.0909,1429,784,10.05
2026-09-09T12:45:14.104,1788938114.1050,1430,210,2.69
2026-09-09T12:45:14.104,1788938114.1050,1431,876,11.23
2026-09-09T12:45:14.122,1788938114.1227,1432,-141,-1.81
2026-09-09T12:45:14.136,1788938114.1364,1433,-917,-11.76
2026-09-09T12:45:14.136,1788938114.1364,1434,-468,-6.0
2026-09-09T12:45:14.152,1788938114.1521,1435,-922,-11.82
2026-09-09T12:45:14.159,1788938114.1592,1436,-821,-10.53
2026-09-09T12:45:14.168,1788938114.1681,1437,-905,-11.6
2026-09-09T12:45:14.183,1788938114.1838,1438,-1176,-15.08
2026-09-09T12:45:14.183,1788938114.1838,1439,-810,-10.38
2026-09-09T12:45:14.208,1788938114.2084,1440,-1592,-20.41
2026-09-09T12:45:14.215,1788938114.2155,1441,-761,-9.76
2026-09-09T12:45:14.215,1788938114.2155,1442,-1953,-25.04
2026-09-09T12:45:14.231,1788938114.2316,1443,-665,-8.53
2026-09-09T12:45:14.231,1788938114.2316,1444,-170,-2.18
2026-09-09T12:45:14.249,1788938114.2496,1445,-477,-6.12
2026-09-09T12:45:14.263,1788938114.2633,1446,-335,-4.29
2026-09-09T12:45:14.263,1788938114.2633,1447,-265,-3.4
2026-09-09T12:45:14.281,1788938114.2819,1448,-491,-6.29
2026-09-09T12:45:14.289,1788938114.2894,1449,44,0.56
2026-09-09T12:45:14.295,1788938114.2956,1450,-591,-7.58
2026-09-09T12:45:14.311,1788938114.3113,1451,454,5.82
2026-09-09T12:45:14.311,1788938114.3113,1452,-547,-7.01
2026-09-09T12:45:14.330,1788938114.3307,1453,-1044,-13.38
2026-09-09T12:45:14.342,1788938114.3425,1454,-463,-5.94
2026-09-09T12:45:14.342,1788938114.3425,1455,-582,-7.46
2026-09-09T12:45:14.362,1788938114.3624,1456,-262,-3.36
2026-09-09T12:45:14.370,1788938114.3702,1457,157,2.01
2026-09-09T12:45:14.382,1788938114.3821,1458,205,2.63
2026-09-09T12:45:14.390,1788938114.3904,1459,1006,12.9
2026-09-09T12:45:14.390,1788938114.3904,1460,387,4.96
2026-09-09T12:45:14.408,1788938114.4089,1461,1461,18.73
2026-09-09T12:45:14.422,1788938114.4227,1462,108,1.38
2026-09-09T12:45:14.422,1788938114.4227,1463,1407,18.04
2026-09-09T12:45:14.440,1788938114.4406,1464,1687,21.63
2026-09-09T12:45:14.454,1788938114.4546,1465,1338,17.15
2026-09-09T12:45:14.460,1788938114.4607,1466,1355,17.37
2026-09-09T12:45:14.472,1788938114.4727,1467,1549,19.86
2026-09-09T12:45:14.482,1788938114.4824,1468,1233,15.81
2026-09-09T12:45:14.486,1788938114.4864,1469,1902,24.38
2026-09-09T12:45:14.502,1788938114.5022,1470,1153,14.78
2026-09-09T12:45:14.502,1788938114.5022,1471,2098,26.9
2026-09-09T12:45:14.517,1788938114.5179,1472,821,10.53
2026-09-09T12:45:14.534,1788938114.5341,1473,173,2.22
2026-09-09T12:45:14.534,1788938114.5341,1474,238,3.05
2026-09-09T12:45:14.549,1788938114.5498,1475,-122,-1.56
2026-09-09T12:45:14.567,1788938114.5672,1476,-441,-5.65
2026-09-09T12:45:14.567,1788938114.5672,1477,-337,-4.32
2026-09-09T12:45:14.582,1788938114.5829,1478,-1023,-13.12
2026-09-09T12:45:14.582,1788938114.5829,1479,-400,-5.13
2026-09-09T12:45:14.599,1788938114.5995,1480,-1426,-18.28
2026-09-09T12:45:14.613,1788938114.6132,1481,-297,-3.81
2026-09-09T12:45:14.621,1788938114.6212,1482,-1682,-21.56
2026-09-09T12:45:14.633,1788938114.6330,1483,-113,-1.45
2026-09-09T12:45:14.644,1788938114.6449,1484,178,2.28
2026-09-09T12:45:14.649,1788938114.6494,1485,174,2.23
2026-09-09T12:45:14.660,1788938114.6608,1486,148,1.9
2026-09-09T12:45:14.671,1788938114.6716,1487,515,6.6
2026-09-09T12:45:14.683,1788938114.6830,1488,79,1.01
2026-09-09T12:45:14.692,1788938114.6921,1489,869,11.14
2026-09-09T12:45:14.692,1788938114.6921,1490,-7,-0.09
2026-09-09T12:45:14.708,1788938114.7081,1491,1134,14.54
2026-09-09T12:45:14.721,1788938114.7217,1492,-187,-2.4
2026-09-09T12:45:14.732,1788938114.7323,1493,-615,-7.88
2026-09-09T12:45:14.739,1788938114.7394,1494,-481,-6.17
2026-09-09T12:45:14.755,1788938114.7553,1495,-533,-6.83
2026-09-09T12:45:14.765,1788938114.7656,1496,-783,-10.04
2026-09-09T12:45:14.771,1788938114.7714,1497,-413,-5.29
2026-09-09T12:45:14.787,1788938114.7874,1498,-1127,-14.45
2026-09-09T12:45:14.789,1788938114.7894,1499,-304,-3.9
2026-09-09T12:45:14.803,1788938114.8034,1500,-1457,-18.68
2026-09-09T12:45:14.803,1788938114.8034,1501,-174,-2.23
2026-09-09T12:45:14.819,1788938114.8192,1502,-1703,-21.83
2026-09-09T12:45:14.819,1788938114.8192,1503,-51,-0.65
2026-09-09T12:45:14.835,1788938114.8353,1504,109,1.4
2026-09-09T12:45:14.853,1788938114.8530,1505,181,2.32
2026-09-09T12:45:14.853,1788938114.8530,1506,-33,-0.42
2026-09-09T12:45:14.867,1788938114.8672,1507,480,6.15
2026-09-09T12:45:14.884,1788938114.8849,1508,-87,-1.12
2026-09-09T12:45:14.890,1788938114.8902,1509,916,11.74
2026-09-09T12:45:14.898,1788938114.8986,1510,-72,-0.92
2026-09-09T12:45:14.898,1788938114.8986,1511,1333,17.09
2026-09-09T12:45:14.914,1788938114.9144,1512,-13,-0.17
2026-09-09T12:45:14.930,1788938114.9305,1513,-196,-2.51
2026-09-09T12:45:14.930,1788938114.9305,1514,-107,-1.37
2026-09-09T12:45:14.961,1788938114.9617,1515,-5,-0.06
2026-09-09T12:45:14.963,1788938114.9637,1516,-413,-5.29
2026-09-09T12:45:14.963,1788938114.9637,1517,38,0.49
2026-09-09T12:45:14.983,1788938114.9839,1518,-889,-11.4
2026-09-09T12:45:14.993,1788938114.9931,1519,28,0.36
2026-09-09T12:45:15.003,1788938115.0031,1520,-1329,-17.04
2026-09-09T12:45:15.008,1788938115.0090,1521,14,0.18
2026-09-09T12:45:15.008,1788938115.0090,1522,328,4.21
2026-09-09T12:45:15.030,1788938115.0307,1523,39,0.5
2026-09-09T12:45:15.040,1788938115.0404,1524,46,0.59
2026-09-09T12:45:15.040,1788938115.0404,1525,179,2.29
2026-09-09T12:45:15.056,1788938115.0563,1526,-254,-3.26
2026-09-09T12:45:15.072,1788938115.0721,1527,245,3.14
2026-09-09T12:45:15.084,1788938115.0843,1528,-635,-8.14
2026-09-09T12:45:15.088,1788938115.0881,1529,339,4.35
2026-09-09T12:45:15.104,1788938115.1041,1530,-968,-12.41
2026-09-09T12:45:15.104,1788938115.1041,1531,451,5.78
2026-09-09T12:45:15.120,1788938115.1202,1532,-1215,-15.58
2026-09-09T12:45:15.136,1788938115.1360,1533,-1292,-16.56
2026-09-09T12:45:15.136,1788938115.1360,1534,-1402,-17.97
2026-09-09T12:45:15.151,1788938115.1519,1535,-1007,-12.91
2026-09-09T12:45:15.167,1788938115.1680,1536,-1528,-19.59
2026-09-09T12:45:15.169,1788938115.1700,1537,-657,-8.42
2026-09-09T12:45:15.179,1788938115.1797,1538,-1517,-19.45
2026-09-09T12:45:15.191,1788938115.1914,1539,-128,-1.64
2026-09-09T12:45:15.199,1788938115.1997,1540,-1353,-17.35
2026-09-09T12:45:15.215,1788938115.2157,1541,513,6.58
2026-09-09T12:45:15.215,1788938115.2157,1542,1011,12.96
2026-09-09T12:45:15.231,1788938115.2315,1543,1221,15.65
2026-09-09T12:45:15.239,1788938115.2397,1544,1303,16.71
2026-09-09T12:45:15.247,1788938115.2477,1545,1817,23.29
2026-09-09T12:45:15.247,1788938115.2477,1546,1359,17.42
2026-09-09T12:45:15.263,1788938115.2640,1547,2159,27.68
2026-09-09T12:45:15.279,1788938115.2798,1548,1136,14.56
2026-09-09T12:45:15.295,1788938115.2955,1549,2186,28.03
2026-09-09T12:45:15.295,1788938115.2955,1550,701,8.99
2026-09-09T12:45:15.311,1788938115.3113,1551,2113,27.09
2026-09-09T12:45:15.311,1788938115.3113,1552,218,2.79
2026-09-09T12:45:15.327,1788938115.3271,1553,102,1.31
2026-09-09T12:45:15.342,1788938115.3427,1554,-252,-3.23
2026-09-09T12:45:15.350,1788938115.3503,1555,150,1.92
2026-09-09T12:45:15.358,1788938115.3588,1556,-616,-7.9
2026-09-09T12:45:15.358,1788938115.3588,1557,271,3.47
2026-09-09T12:45:15.385,1788938115.3855,1558,-958,-12.28
2026-09-09T12:45:15.390,1788938115.3908,1559,434,5.56
2026-09-09T12:45:15.390,1788938115.3908,1560,-1219,-15.63
2026-09-09T12:45:15.406,1788938115.4068,1561,594,7.62
2026-09-09T12:45:15.422,1788938115.4227,1562,720,9.23
2026-09-09T12:45:15.429,1788938115.4298,1563,742,9.51
2026-09-09T12:45:15.442,1788938115.4424,1564,496,6.36
2026-09-09T12:45:15.454,1788938115.4543,1565,952,12.21
2026-09-09T12:45:15.459,1788938115.4598,1566,237,3.04
2026-09-09T12:45:15.472,1788938115.4721,1567,1170,15.0
2026-09-09T12:45:15.485,1788938115.4859,1568,4,0.05
2026-09-09T12:45:15.485,1788938115.4859,1569,1337,17.14
2026-09-09T12:45:15.501,1788938115.5019,1570,-253,-3.24
2026-09-09T12:45:15.501,1788938115.5019,1571,1449,18.58
2026-09-09T12:45:15.517,1788938115.5177,1572,-565,-7.24
2026-09-09T12:45:15.533,1788938115.5334,1573,-435,-5.58
2026-09-09T12:45:15.539,1788938115.5394,1574,-955,-12.24
2026-09-09T12:45:15.552,1788938115.5525,1575,-352,-4.51
2026-09-09T12:45:15.565,1788938115.5660,1576,-1363,-17.47
2026-09-09T12:45:15.570,1788938115.5708,1577,-270,-3.46
2026-09-09T12:45:15.586,1788938115.5869,1578,-1720,-22.05
2026-09-09T12:45:15.596,1788938115.5968,1579,-182,-2.33
2026-09-09T12:45:15.600,1788938115.6008,1580,-1972,-25.28
2026-09-09T12:45:15.612,1788938115.6125,1581,42,0.54
2026-09-09T12:45:15.612,1788938115.6125,1582,81,1.04
2026-09-09T12:45:15.628,1788938115.6286,1583,370,4.74
2026-09-09T12:45:15.644,1788938115.6444,1584,35,0.45
2026-09-09T12:45:15.650,1788938115.6505,1585,795,10.19
2026-09-09T12:45:15.660,1788938115.6604,1586,-34,-0.44
2026-09-09T12:45:15.660,1788938115.6604,1587,1137,14.58
2026-09-09T12:45:15.676,1788938115.6764,1588,-156,-2.0
2026-09-09T12:45:15.694,1788938115.6945,1589,1362,17.46
2026-09-09T12:45:15.700,1788938115.7009,1590,-388,-4.97
2026-09-09T12:45:15.708,1788938115.7081,1591,1463,18.76
2026-09-09T12:45:15.722,1788938115.7225,1592,-723,-9.27
2026-09-09T12:45:15.725,1788938115.7257,1593,-397,-5.09
2026-09-09T12:45:15.740,1788938115.7400,1594,-1080,-13.85
2026-09-09T12:45:15.740,1788938115.7400,1595,-249,-3.19
2026-09-09T12:45:15.760,1788938115.7600,1596,-1388,-17.79
2026-09-09T12:45:15.771,1788938115.7719,1597,-92,-1.18
2026-09-09T12:45:15.771,1788938115.7719,1598,-1628,-20.87
2026-09-09T12:45:15.787,1788938115.7872,1599,132,1.69
2026-09-09T12:45:15.811,1788938115.8113,1600,-1696,-21.74
2026-09-09T12:45:15.811,1788938115.8113,1601,515,6.6
2026-09-09T12:45:15.819,1788938115.8191,1602,470,6.03
2026-09-09T12:45:15.835,1788938115.8351,1603,1046,13.41
2026-09-09T12:45:15.841,1788938115.8420,1604,574,7.36
2026-09-09T12:45:15.853,1788938115.8530,1605,1631,20.91
2026-09-09T12:45:15.853,1788938115.8530,1606,668,8.56
2026-09-09T12:45:15.867,1788938115.8673,1607,2014,25.82
2026-09-09T12:45:15.885,1788938115.8859,1608,518,6.64
2026-09-09T12:45:15.888,1788938115.8886,1609,2063,26.45
2026-09-09T12:45:15.906,1788938115.9068,1610,188,2.41
2026-09-09T12:45:15.906,1788938115.9068,1611,2007,25.73
2026-09-09T12:45:15.915,1788938115.9157,1612,-247,-3.17
2026-09-09T12:45:15.930,1788938115.9307,1613,207,2.65
2026-09-09T12:45:15.950,1788938115.9502,1614,-745,-9.55
2026-09-09T12:45:15.952,1788938115.9529,1615,138,1.77
2026-09-09T12:45:15.962,1788938115.9627,1616,-1204,-15.44
2026-09-09T12:45:15.970,1788938115.9708,1617,126,1.62
2026-09-09T12:45:15.979,1788938115.9791,1618,-1515,-19.42
2026-09-09T12:45:15.988,1788938115.9889,1619,252,3.23
2026-09-09T12:45:16.010,1788938116.0107,1620,-1752,-22.46
2026-09-09T12:45:16.010,1788938116.0107,1621,400,5.13
2026-09-09T12:45:16.010,1788938116.0107,1622,65,0.83
2026-09-09T12:45:16.026,1788938116.0265,1623,596,7.64
2026-09-09T12:45:16.042,1788938116.0422,1624,-163,-2.09
2026-09-09T12:45:16.042,1788938116.0422,1625,850,10.9
2026-09-09T12:45:16.058,1788938116.0581,1626,-358,-4.59
2026-09-09T12:45:16.058,1788938116.0581,1627,1051,13.47
2026-09-09T12:45:16.073,1788938116.0737,1628,-573,-7.35
2026-09-09T12:45:16.088,1788938116.0890,1629,1188,15.23
2026-09-09T12:45:16.088,1788938116.0890,1630,-868,-11.13
2026-09-09T12:45:16.116,1788938116.1167,1631,-584,-7.49
2026-09-09T12:45:16.120,1788938116.1206,1632,-1194,-15.31
2026-09-09T12:45:16.136,1788938116.1364,1633,-477,-6.12
2026-09-09T12:45:16.140,1788938116.1404,1634,-1510,-19.36
2026-09-09T12:45:16.152,1788938116.1524,1635,-269,-3.45
2026-09-09T12:45:16.152,1788938116.1524,1636,-1735,-22.24
2026-09-09T12:45:16.168,1788938116.1685,1637,-78,-1.0
2026-09-09T12:45:16.184,1788938116.1842,1638,-1896,-24.31
2026-09-09T12:45:16.189,1788938116.1900,1639,209,2.68
2026-09-09T12:45:16.199,1788938116.1998,1640,-1950,-25.0
2026-09-09T12:45:16.217,1788938116.2176,1641,554,7.1
2026-09-09T12:45:16.217,1788938116.2176,1642,138,1.77
2026-09-09T12:45:16.231,1788938116.2314,1643,1016,13.03
2026-09-09T12:45:16.231,1788938116.2314,1644,134,1.72
2026-09-09T12:45:16.247,1788938116.2474,1645,1479,18.96
2026-09-09T12:45:16.263,1788938116.2634,1646,155,1.99
2026-09-09T12:45:16.263,1788938116.2634,1647,1889,24.22
2026-09-09T12:45:16.279,1788938116.2795,1648,134,1.72
2026-09-09T12:45:16.290,1788938116.2900,1649,2059,26.4
2026-09-09T12:45:16.295,1788938116.2955,1650,-176,-2.26
2026-09-09T12:45:16.311,1788938116.3115,1651,162,2.08
2026-09-09T12:45:16.311,1788938116.3115,1652,-656,-8.41
2026-09-09T12:45:16.335,1788938116.3355,1653,184,2.36
2026-09-09T12:45:16.347,1788938116.3479,1654,-1056,-13.54
2026-09-09T12:45:16.351,1788938116.3511,1655,217,2.78
2026-09-09T12:45:16.360,1788938116.3604,1656,-1474,-18.9
2026-09-09T12:45:16.360,1788938116.3604,1657,265,3.4
2026-09-09T12:45:16.374,1788938116.3744,1658,-1824,-23.38
2026-09-09T12:45:16.392,1788938116.3922,1659,373,4.78
2026-09-09T12:45:16.405,1788938116.4059,1660,-2035,-26.09
2026-09-09T12:45:16.405,1788938116.4059,1661,558,7.15
2026-09-09T12:45:16.421,1788938116.4218,1662,-125,-1.6
2026-09-09T12:45:16.437,1788938116.4379,1663,808,10.36
2026-09-09T12:45:16.437,1788938116.4379,1664,-288,-3.69
2026-09-09T12:45:16.453,1788938116.4539,1665,1137,14.58
2026-09-09T12:45:16.453,1788938116.4539,1666,-352,-4.51
2026-09-09T12:45:16.469,1788938116.4697,1667,1491,19.12
2026-09-09T12:45:16.485,1788938116.4858,1668,-392,-5.03
2026-09-09T12:45:16.491,1788938116.4918,1669,1829,23.45
2026-09-09T12:45:16.501,1788938116.5017,1670,-475,-6.09
2026-09-09T12:45:16.501,1788938116.5017,1671,156,2.0
2026-09-09T12:45:16.517,1788938116.5173,1672,-773,-9.91
2026-09-09T12:45:16.533,1788938116.5334,1673,255,3.27
2026-09-09T12:45:16.533,1788938116.5334,1674,-1126,-14.44
2026-09-09T12:45:16.549,1788938116.5491,1675,339,4.35
2026-09-09T12:45:16.566,1788938116.5664,1676,-1441,-18.47
2026-09-09T12:45:16.566,1788938116.5664,1677,474,6.08
2026-09-09T12:45:16.581,1788938116.5810,1678,-1713,-21.96
2026-09-09T12:45:16.591,1788938116.5917,1679,582,7.46
2026-09-09T12:45:16.597,1788938116.5970,1680,-1947,-24.96
2026-09-09T12:45:16.612,1788938116.6129,1681,761,9.76
2026-09-09T12:45:16.612,1788938116.6129,1682,-112,-1.44
2026-09-09T12:45:16.628,1788938116.6287,1683,969,12.42
2026-09-09T12:45:16.644,1788938116.6446,1684,-331,-4.24
2026-09-09T12:45:16.650,1788938116.6507,1685,1181,15.14
2026-09-09T12:45:16.660,1788938116.6605,1686,-500,-6.41
2026-09-09T12:45:16.660,1788938116.6605,1687,1460,18.72
2026-09-09T12:45:16.676,1788938116.6762,1688,-574,-7.36
2026-09-09T12:45:16.691,1788938116.6919,1689,1736,22.26
2026-09-09T12:45:16.699,1788938116.6999,1690,-703,-9.01
2026-09-09T12:45:16.708,1788938116.7081,1691,98,1.26
2026-09-09T12:45:16.725,1788938116.7253,1692,-883,-11.32
2026-09-09T12:45:16.730,1788938116.7301,1693,381,4.88
2026-09-09T12:45:16.741,1788938116.7418,1694,-1100,-14.1
2026-09-09T12:45:16.755,1788938116.7550,1695,576,7.38
2026-09-09T12:45:16.755,1788938116.7550,1696,-1318,-16.9
2026-09-09T12:45:16.770,1788938116.7708,1697,751,9.63
2026-09-09T12:45:16.770,1788938116.7708,1698,-1506,-19.31
2026-09-09T12:45:16.792,1788938116.7930,1699,935,11.99
2026-09-09T12:45:16.802,1788938116.8028,1700,-1669,-21.4
2026-09-09T12:45:16.811,1788938116.8111,1701,1156,14.82
2026-09-09T12:45:16.818,1788938116.8186,1702,125,1.6
2026-09-09T12:45:16.834,1788938116.8345,1703,1306,16.74
2026-09-09T12:45:16.834,1788938116.8345,1704,-152,-1.95
2026-09-09T12:45:16.850,1788938116.8507,1705,1442,18.49
2026-09-09T12:45:16.863,1788938116.8634,1706,-436,-5.59
2026-09-09T12:45:16.866,1788938116.8664,1707,1530,19.62
2026-09-09T12:45:16.882,1788938116.8821,1708,-728,-9.33
2026-09-09T12:45:16.893,1788938116.8930,1709,1607,20.6
2026-09-09T12:45:16.897,1788938116.8978,1710,-1046,-13.41
2026-09-09T12:45:16.913,1788938116.9139,1711,-100,-1.28
2026-09-09T12:45:16.913,1788938116.9139,1712,-1313,-16.83
2026-09-09T12:45:16.929,1788938116.9298,1713,54,0.69
2026-09-09T12:45:16.929,1788938116.9298,1714,-1555,-19.94
2026-09-09T12:45:16.956,1788938116.9569,1715,300,3.85
2026-09-09T12:45:16.965,1788938116.9650,1716,-1685,-21.6
2026-09-09T12:45:16.977,1788938116.9772,1717,554,7.1
2026-09-09T12:45:16.985,1788938116.9851,1718,-1792,-22.97
2026-09-09T12:45:16.993,1788938116.9932,1719,831,10.65
2026-09-09T12:45:16.993,1788938116.9932,1720,-1867,-23.94
2026-09-09T12:45:17.012,1788938117.0125,1721,1147,14.71
2026-09-09T12:45:17.012,1788938117.0125,1722,-31,-0.4
2026-09-09T12:45:17.029,1788938117.0297,1723,1339,17.17
2026-09-09T12:45:17.041,1788938117.0411,1724,-271,-3.47
2026-09-09T12:45:17.041,1788938117.0411,1725,1491,19.12
2026-09-09T12:45:17.057,1788938117.0570,1726,-515,-6.6
2026-09-09T12:45:17.073,1788938117.0731,1727,1619,20.76
2026-09-09T12:45:17.073,1788938117.0731,1728,-839,-10.76
2026-09-09T12:45:17.094,1788938117.0945,1729,1660,21.28
2026-09-09T12:45:17.105,1788938117.1052,1730,-1126,-14.44
2026-09-09T12:45:17.105,1788938117.1052,1731,-28,-0.36
2026-09-09T12:45:17.121,1788938117.1212,1732,-1401,-17.96
2026-09-09T12:45:17.121,1788938117.1212,1733,170,2.18
2026-09-09T12:45:17.143,1788938117.1433,1734,-1600,-20.51
2026-09-09T12:45:17.152,1788938117.1526,1735,399,5.12
2026-09-09T12:45:17.160,1788938117.1607,1736,-1723,-22.09
2026-09-09T12:45:17.172,1788938117.1725,1737,656,8.41
2026-09-09T12:45:17.184,1788938117.1841,1738,-1830,-23.46
2026-09-09T12:45:17.194,1788938117.1945,1739,945,12.12
2026-09-09T12:45:17.200,1788938117.2001,1740,79,1.01
2026-09-09T12:45:17.215,1788938117.2160,1741,1225,15.71
2026-09-09T12:45:17.219,1788938117.2200,1742,-109,-1.4
2026-09-09T12:45:17.232,1788938117.2320,1743,1417,18.17
2026-09-09T12:45:17.247,1788938117.2477,1744,-334,-4.28
2026-09-09T12:45:17.247,1788938117.2477,1745,1557,19.96
2026-09-09T12:45:17.247,1788938117.2477,1746,-598,-7.67
2026-09-09T12:45:17.279,1788938117.2795,1747,1637,20.99
2026-09-09T12:45:17.279,1788938117.2795,1748,-926,-11.87
2026-09-09T12:45:17.294,1788938117.2945,1749,1705,21.86
2026-09-09T12:45:17.295,1788938117.2956,1750,-1221,-15.65
2026-09-09T12:45:17.311,1788938117.3115,1751,58,0.74
2026-09-09T12:45:17.311,1788938117.3115,1752,-1468,-18.82
2026-09-09T12:45:17.327,1788938117.3273,1753,252,3.23
2026-09-09T12:45:17.343,1788938117.3431,1754,-1638,-21.0
2026-09-09T12:45:17.343,1788938117.3431,1755,509,6.53
2026-09-09T12:45:17.359,1788938117.3596,1756,-1766,-22.64
2026-09-09T12:45:17.359,1788938117.3596,1757,777,9.96
2026-09-09T12:45:17.381,1788938117.3817,1758,-1833,-23.5
2026-09-09T12:45:17.391,1788938117.3911,1759,1089,13.96
2026-09-09T12:45:17.394,1788938117.3948,1760,39,0.5
2026-09-09T12:45:17.406,1788938117.4069,1761,1336,17.13
2026-09-09T12:45:17.422,1788938117.4228,1762,-182,-2.33
2026-09-09T12:45:17.422,1788938117.4228,1763,1504,19.28
2026-09-09T12:45:17.439,1788938117.4392,1764,-411,-5.27
2026-09-09T12:45:17.439,1788938117.4392,1765,1611,20.65
2026-09-09T12:45:17.454,1788938117.4550,1766,-691,-8.86
2026-09-09T12:45:17.470,1788938117.4705,1767,1687,21.63
2026-09-09T12:45:17.486,1788938117.4861,1768,-1027,-13.17
2026-09-09T12:45:17.495,1788938117.4951,1769,1739,22.29
2026-09-09T12:45:17.502,1788938117.5020,1770,-1307,-16.76
2026-09-09T12:45:17.502,1788938117.5020,1771,152,1.95
2026-09-09T12:45:17.517,1788938117.5180,1772,-1534,-19.67
2026-09-09T12:45:17.535,1788938117.5360,1773,361,4.63
2026-09-09T12:45:17.542,1788938117.5429,1774,-1661,-21.29
2026-09-09T12:45:17.549,1788938117.5494,1775,606,7.77
2026-09-09T12:45:17.565,1788938117.5657,1776,-1769,-22.68
2026-09-09T12:45:17.565,1788938117.5657,1777,910,11.67
2026-09-09T12:45:17.581,1788938117.5813,1778,-1820,-23.33
2026-09-09T12:45:17.581,1788938117.5813,1779,1194,15.31
2026-09-09T12:45:17.599,1788938117.5991,1780,-25,-0.32
2026-09-09T12:45:17.612,1788938117.6128,1781,1393,17.86
2026-09-09T12:45:17.626,1788938117.6262,1782,-250,-3.21
2026-09-09T12:45:17.628,1788938117.6289,1783,1564,20.05
2026-09-09T12:45:17.628,1788938117.6289,1784,-526,-6.74
2026-09-09T12:45:17.644,1788938117.6447,1785,1660,21.28
2026-09-09T12:45:17.660,1788938117.6608,1786,-839,-10.76
2026-09-09T12:45:17.660,1788938117.6608,1787,1716,22.0
2026-09-09T12:45:17.676,1788938117.6767,1788,-1146,-14.69
2026-09-09T12:45:17.699,1788938117.6994,1789,1740,22.31
2026-09-09T12:45:17.700,1788938117.7004,1790,-1438,-18.44
2026-09-09T12:45:17.708,1788938117.7082,1791,194,2.49
2026-09-09T12:45:17.723,1788938117.7239,1792,-1640,-21.03
2026-09-09T12:45:17.731,1788938117.7315,1793,427,5.47
2026-09-09T12:45:17.739,1788938117.7394,1794,-1755,-22.5
2026-09-09T12:45:17.739,1788938117.7394,1795,724,9.28
2026-09-09T12:45:17.755,1788938117.7553,1796,-1851,-23.73
2026-09-09T12:45:17.771,1788938117.7710,1797,1020,13.08
2026-09-09T12:45:17.771,1788938117.7710,1798,-1882,-24.13
2026-09-09T12:45:17.787,1788938117.7870,1799,1284,16.46
2026-09-09T12:45:17.802,1788938117.8027,1800,-103,-1.32
2026-09-09T12:45:17.802,1788938117.8027,1801,1463,18.76
2026-09-09T12:45:17.818,1788938117.8187,1802,-356,-4.56
2026-09-09T12:45:17.834,1788938117.8348,1803,1619,20.76
2026-09-09T12:45:17.834,1788938117.8348,1804,-640,-8.21
2026-09-09T12:45:17.850,1788938117.8509,1805,1682,21.56
2026-09-09T12:45:17.860,1788938117.8605,1806,-960,-12.31
2026-09-09T12:45:17.866,1788938117.8668,1807,1751,22.45
2026-09-09T12:45:17.882,1788938117.8824,1808,-1248,-16.0
2026-09-09T12:45:17.882,1788938117.8824,1809,1767,22.65
2026-09-09T12:45:17.900,1788938117.9004,1810,-1503,-19.27
2026-09-09T12:45:17.914,1788938117.9142,1811,284,3.64
2026-09-09T12:45:17.914,1788938117.9142,1812,-1674,-21.46
2026-09-09T12:45:17.937,1788938117.9380,1813,569,7.29
2026-09-09T12:45:17.940,1788938117.9401,1814,-1785,-22.88
2026-09-09T12:45:17.946,1788938117.9468,1815,830,10.64
2026-09-09T12:45:17.961,1788938117.9619,1816,-1845,-23.65
2026-09-09T12:45:17.961,1788938117.9619,1817,1110,14.23
2026-09-09T12:45:17.977,1788938117.9778,1818,-1865,-23.91
2026-09-09T12:45:17.990,1788938117.9903,1819,1341,17.19
2026-09-09T12:45:17.999,1788938117.9997,1820,-201,-2.58
2026-09-09T12:45:18.013,1788938118.0134,1821,1509,19.35
2026-09-09T12:45:18.013,1788938118.0134,1822,-470,-6.03
2026-09-09T12:45:18.025,1788938118.0251,1823,1605,20.58
2026-09-09T12:45:18.041,1788938118.0411,1824,-718,-9.21
2026-09-09T12:45:18.041,1788938118.0411,1825,1689,21.65
2026-09-09T12:45:18.057,1788938118.0573,1826,-1073,-13.76
2026-09-09T12:45:18.072,1788938118.0729,1827,1733,22.22
2026-09-09T12:45:18.072,1788938118.0729,1828,-1369,-17.55
2026-09-09T12:45:18.089,1788938118.0893,1829,1778,22.79
2026-09-09T12:45:18.095,1788938118.0960,1830,-1556,-19.95
2026-09-09T12:45:18.105,1788938118.1052,1831,391,5.01
2026-09-09T12:45:18.123,1788938118.1230,1832,-1723,-22.09
2026-09-09T12:45:18.133,1788938118.1334,1833,660,8.46
2026-09-09T12:45:18.136,1788938118.1368,1834,-1778,-22.79
2026-09-09T12:45:18.152,1788938118.1526,1835,948,12.15
2026-09-09T12:45:18.152,1788938118.1526,1836,-1830,-23.46
2026-09-09T12:45:18.168,1788938118.1682,1837,1220,15.64
2026-09-09T12:45:18.184,1788938118.1840,1838,-1835,-23.53
2026-09-09T12:45:18.196,1788938118.1960,1839,1451,18.6
2026-09-09T12:45:18.202,1788938118.2020,1840,-276,-3.54
2026-09-09T12:45:18.215,1788938118.2156,1841,1570,20.13
2026-09-09T12:45:18.215,1788938118.2156,1842,-521,-6.68
2026-09-09T12:45:18.231,1788938118.2313,1843,1657,21.24
2026-09-09T12:45:18.247,1788938118.2470,1844,-837,-10.73
2026-09-09T12:45:18.247,1788938118.2470,1845,1741,22.32
2026-09-09T12:45:18.263,1788938118.2632,1846,-1169,-14.99
2026-09-09T12:45:18.271,1788938118.2713,1847,1753,22.47
2026-09-09T12:45:18.278,1788938118.2790,1848,-1421,-18.22
2026-09-09T12:45:18.296,1788938118.2962,1849,250,3.21
2026-09-09T12:45:18.296,1788938118.2962,1850,-1604,-20.56
2026-09-09T12:45:18.310,1788938118.3108,1851,495,6.35
2026-09-09T12:45:18.310,1788938118.3108,1852,-1744,-22.36
2026-09-09T12:45:18.334,1788938118.3346,1853,751,9.63
2026-09-09T12:45:18.342,1788938118.3425,1854,-1811,-23.22
2026-09-09T12:45:18.342,1788938118.3425,1855,1055,13.53
2026-09-09T12:45:18.358,1788938118.3584,1856,-1823,-23.37
2026-09-09T12:45:18.358,1788938118.3584,1857,1286,16.49
2026-09-09T12:45:18.374,1788938118.3742,1858,-1836,-23.54
2026-09-09T12:45:18.390,1788938118.3902,1859,1489,19.09
2026-09-09T12:45:18.406,1788938118.4061,1860,-353,-4.53
2026-09-09T12:45:18.406,1788938118.4061,1861,1621,20.78
2026-09-09T12:45:18.421,1788938118.4219,1862,-658,-8.44
2026-09-09T12:45:18.437,1788938118.4378,1863,1712,21.95
2026-09-09T12:45:18.437,1788938118.4378,1864,-962,-12.33
2026-09-09T12:45:18.453,1788938118.4536,1865,1740,22.31
2026-09-09T12:45:18.453,1788938118.4536,1866,-1254,-16.08
2026-09-09T12:45:18.477,1788938118.4774,1867,1796,23.03
2026-09-09T12:45:18.485,1788938118.4853,1868,-1497,-19.19
2026-09-09T12:45:18.489,1788938118.4893,1869,334,4.28
2026-09-09T12:45:18.500,1788938118.5010,1870,-1633,-20.94
2026-09-09T12:45:18.500,1788938118.5010,1871,598,7.67
2026-09-09T12:45:18.523,1788938118.5231,1872,-1773,-22.73
2026-09-09T12:45:18.523,1788938118.5231,1873,886,11.36
2026-09-09T12:45:18.548,1788938118.5488,1874,-1829,-23.45
2026-09-09T12:45:18.559,1788938118.5591,1875,1158,14.85
2026-09-09T12:45:18.559,1788938118.5591,1876,-1837,-23.55
2026-09-09T12:45:18.565,1788938118.5657,1877,1393,17.86
2026-09-09T12:45:18.580,1788938118.5806,1878,-1825,-23.4
2026-09-09T12:45:18.595,1788938118.5959,1879,1544,19.79
2026-09-09T12:45:18.595,1788938118.5959,1880,-443,-5.68
2026-09-09T12:45:18.611,1788938118.6116,1881,1651,21.17
2026-09-09T12:45:18.621,1788938118.6216,1882,-772,-9.9
2026-09-09T12:45:18.627,1788938118.6279,1883,1718,22.03
2026-09-09T12:45:18.627,1788938118.6279,1884,-1068,-13.69
2026-09-09T12:45:18.659,1788938118.6599,1885,1754,22.49
2026-09-09T12:45:18.659,1788938118.6599,1886,-1348,-17.28
2026-09-09T12:45:18.675,1788938118.6756,1887,1775,22.76
2026-09-09T12:45:18.675,1788938118.6756,1888,-1559,-19.99
2026-09-09T12:45:18.691,1788938118.6917,1889,428,5.49
2026-09-09T12:45:18.700,1788938118.7008,1890,-1714,-21.97
2026-09-09T12:45:18.707,1788938118.7075,1891,677,8.68
2026-09-09T12:45:18.723,1788938118.7231,1892,-1806,-23.15
2026-09-09T12:45:18.733,1788938118.7333,1893,989,12.68
2026-09-09T12:45:18.739,1788938118.7391,1894,-1826,-23.41
2026-09-09T12:45:18.739,1788938118.7391,1895,1240,15.9
2026-09-09T12:45:18.761,1788938118.7619,1896,-1838,-23.56
2026-09-09T12:45:18.770,1788938118.7709,1897,1451,18.6
2026-09-09T12:45:18.770,1788938118.7709,1898,-1818,-23.31
2026-09-09T12:45:18.796,1788938118.7969,1899,1578,20.23
2026-09-09T12:45:18.802,1788938118.8027,1900,-548,-7.03
2026-09-09T12:45:18.802,1788938118.8027,1901,1686,21.62
2026-09-09T12:45:18.818,1788938118.8188,1902,-849,-10.88
2026-09-09T12:45:18.829,1788938118.8300,1903,1754,22.49
2026-09-09T12:45:18.838,1788938118.8389,1904,-1181,-15.14
2026-09-09T12:45:18.850,1788938118.8505,1905,1774,22.74
2026-09-09T12:45:18.861,1788938118.8615,1906,-1452,-18.62
2026-09-09T12:45:18.870,1788938118.8706,1907,1774,22.74
2026-09-09T12:45:18.882,1788938118.8826,1908,-1623,-20.81
2026-09-09T12:45:18.882,1788938118.8826,1909,492,6.31
2026-09-09T12:45:18.900,1788938118.9005,1910,-1766,-22.64
2026-09-09T12:45:18.916,1788938118.9169,1911,784,10.05
2026-09-09T12:45:18.916,1788938118.9169,1912,-1838,-23.56
2026-09-09T12:45:18.930,1788938118.9301,1913,1077,13.81
2026-09-09T12:45:18.930,1788938118.9301,1914,-1874,-24.03
2026-09-09T12:45:18.945,1788938118.9458,1915,1324,16.97
2026-09-09T12:45:18.961,1788938118.9617,1916,-1874,-24.03
2026-09-09T12:45:18.961,1788938118.9617,1917,1504,19.28
2026-09-09T12:45:18.977,1788938118.9777,1918,-1833,-23.5
2026-09-09T12:45:18.998,1788938118.9984,1919,1607,20.6
2026-09-09T12:45:19.004,1788938119.0046,1920,-695,-8.91
2026-09-09T12:45:19.009,1788938119.0091,1921,1707,21.88
2026-09-09T12:45:19.024,1788938119.0250,1922,-1031,-13.22
2026-09-09T12:45:19.030,1788938119.0307,1923,1767,22.65
2026-09-09T12:45:19.041,1788938119.0411,1924,-1311,-16.81
2026-09-09T12:45:19.041,1788938119.0411,1925,1792,22.97
2026-09-09T12:45:19.057,1788938119.0573,1926,-1550,-19.87
2026-09-09T12:45:19.057,1788938119.0573,1927,1760,22.56
2026-09-09T12:45:19.089,1788938119.0891,1928,-1697,-21.76
2026-09-09T12:45:19.089,1788938119.0891,1929,566,7.26
2026-09-09T12:45:19.097,1788938119.0972,1930,-1804,-23.13
2026-09-09T12:45:19.104,1788938119.1049,1931,887,11.37
2026-09-09T12:45:19.125,1788938119.1258,1932,-1852,-23.74
2026-09-09T12:45:19.129,1788938119.1295,1933,1163,14.91
2026-09-09T12:45:19.140,1788938119.1403,1934,-1872,-24.0
2026-09-09T12:45:19.152,1788938119.1524,1935,1398,17.92
2026-09-09T12:45:19.162,1788938119.1624,1936,-1864,-23.9
2026-09-09T12:45:19.168,1788938119.1680,1937,1533,19.65
2026-09-09T12:45:19.168,1788938119.1680,1938,-1819,-23.32
2026-09-09T12:45:19.197,1788938119.1973,1939,1637,20.99
2026-09-09T12:45:19.199,1788938119.1999,1940,-825,-10.58
2026-09-09T12:45:19.215,1788938119.2159,1941,1733,22.22
2026-09-09T12:45:19.221,1788938119.2219,1942,-1129,-14.47
2026-09-09T12:45:19.231,1788938119.2320,1943,1754,22.49
2026-09-09T12:45:19.240,1788938119.2400,1944,-1392,-17.85
2026-09-09T12:45:19.248,1788938119.2480,1945,1774,22.74
2026-09-09T12:45:19.248,1788938119.2480,1946,-1615,-20.71
2026-09-09T12:45:19.264,1788938119.2640,1947,1750,22.44
2026-09-09T12:45:19.279,1788938119.2793,1948,-1750,-22.44
2026-09-09T12:45:19.279,1788938119.2793,1949,705,9.04
2026-09-09T12:45:19.297,1788938119.2977,1950,-1825,-23.4
2026-09-09T12:45:19.313,1788938119.3131,1951,989,12.68
2026-09-09T12:45:19.313,1788938119.3131,1952,-1865,-23.91
2026-09-09T12:45:19.326,1788938119.3269,1953,1241,15.91
2026-09-09T12:45:19.342,1788938119.3428,1954,-1865,-23.91
2026-09-09T12:45:19.342,1788938119.3428,1955,1461,18.73
2026-09-09T12:45:19.358,1788938119.3589,1956,-1849,-23.71
2026-09-09T12:45:19.358,1788938119.3589,1957,1576,20.21
2026-09-09T12:45:19.374,1788938119.3749,1958,-1776,-22.77
2026-09-09T12:45:19.390,1788938119.3906,1959,1656,21.23
2026-09-09T12:45:19.398,1788938119.3981,1960,-938,-12.03
2026-09-09T12:45:19.410,1788938119.4110,1961,1748,22.41
2026-09-09T12:45:19.422,1788938119.4227,1962,-1238,-15.87
2026-09-09T12:45:19.422,1788938119.4227,1963,1769,22.68
2026-09-09T12:45:19.438,1788938119.4388,1964,-1485,-19.04
2026-09-09T12:45:19.454,1788938119.4547,1965,1761,22.58
2026-09-09T12:45:19.460,1788938119.4607,1966,-1668,-21.38
2026-09-09T12:45:19.470,1788938119.4705,1967,1737,22.27
2026-09-09T12:45:19.486,1788938119.4862,1968,-1787,-22.91
2026-09-09T12:45:19.495,1788938119.4954,1969,796,10.21
2026-09-09T12:45:19.502,1788938119.5023,1970,-1842,-23.62
2026-09-09T12:45:19.504,1788938119.5044,1971,1096,14.05
2026-09-09T12:45:19.525,1788938119.5251,1972,-1866,-23.92
2026-09-09T12:45:19.533,1788938119.5339,1973,1308,16.77
2026-09-09T12:45:19.541,1788938119.5419,1974,-1854,-23.77
2026-09-09T12:45:19.549,1788938119.5497,1975,1496,19.18
2026-09-09T12:45:19.566,1788938119.5665,1976,-1817,-23.29
2026-09-09T12:45:19.566,1788938119.5665,1977,1627,20.86
2026-09-09T12:45:19.581,1788938119.5816,1978,-727,-9.32
2026-09-09T12:45:19.581,1788938119.5816,1979,1703,21.83
2026-09-09T12:45:19.598,1788938119.5984,1980,-1051,-13.47
2026-09-09T12:45:19.613,1788938119.6132,1981,1740,22.31
2026-09-09T12:45:19.613,1788938119.6132,1982,-1318,-16.9
2026-09-09T12:45:19.633,1788938119.6330,1983,1768,22.67
2026-09-09T12:45:19.633,1788938119.6330,1984,-1565,-20.06
2026-09-09T12:45:19.645,1788938119.6454,1985,1749,22.42
2026-09-09T12:45:19.661,1788938119.6610,1986,-1720,-22.05
2026-09-09T12:45:19.661,1788938119.6610,1987,1697,21.76
2026-09-09T12:45:19.676,1788938119.6767,1988,-1799,-23.06
2026-09-09T12:45:19.692,1788938119.6928,1989,900,11.54
2026-09-09T12:45:19.698,1788938119.6986,1990,-1846,-23.67
2026-09-09T12:45:19.708,1788938119.7090,1991,1148,14.72
2026-09-09T12:45:19.726,1788938119.7263,1992,-1862,-23.87
2026-09-09T12:45:19.726,1788938119.7263,1993,1364,17.49
2026-09-09T12:45:19.749,1788938119.7492,1994,-1842,-23.62
2026-09-09T12:45:19.756,1788938119.7569,1995,1535,19.68
2026-09-09T12:45:19.756,1788938119.7569,1996,-1793,-22.99
2026-09-09T12:45:19.772,1788938119.7727,1997,1627,20.86
2026-09-09T12:45:19.782,1788938119.7827,1998,-824,-10.56
2026-09-09T12:45:19.788,1788938119.7886,1999,1687,21.63
2026-09-09T12:45:19.804,1788938119.8045,2000,-1123,-14.4
2026-09-09T12:45:19.804,1788938119.8045,2001,1735,22.24
2026-09-09T12:45:19.820,1788938119.8201,2002,-1390,-17.82
2026-09-09T12:45:19.830,1788938119.8309,2003,1756,22.51
2026-09-09T12:45:19.835,1788938119.8360,2004,-1601,-20.53
2026-09-09T12:45:19.855,1788938119.8555,2005,1744,22.36
2026-09-09T12:45:19.855,1788938119.8555,2006,-1736,-22.26
2026-09-09T12:45:19.869,1788938119.8697,2007,1668,21.38
2026-09-09T12:45:19.883,1788938119.8838,2008,-1827,-23.42
2026-09-09T12:45:19.883,1788938119.8838,2009,971,12.45
2026-09-09T12:45:19.903,1788938119.9037,2010,-1867,-23.94
2026-09-09T12:45:19.903,1788938119.9037,2011,1223,15.68
2026-09-09T12:45:19.922,1788938119.9226,2012,-1863,-23.88
2026-09-09T12:45:19.930,1788938119.9308,2013,1431,18.35
2026-09-09T12:45:19.946,1788938119.9465,2014,-1838,-23.56
2026-09-09T12:45:19.946,1788938119.9465,2015,1559,19.99
2026-09-09T12:45:19.962,1788938119.9623,2016,-1785,-22.88
2026-09-09T12:45:19.978,1788938119.9780,2017,1651,21.17
2026-09-09T12:45:19.978,1788938119.9780,2018,-916,-11.74
2026-09-09T12:45:19.993,1788938119.9937,2019,1711,21.94
2026-09-09T12:45:20.000,1788938120.0005,2020,-1207,-15.47
2026-09-09T12:45:20.015,1788938120.0152,2021,1739,22.29
2026-09-09T12:45:20.015,1788938120.0152,2022,-1474,-18.9
2026-09-09T12:45:20.025,1788938120.0252,2023,1752,22.46
2026-09-09T12:45:20.041,1788938120.0413,2024,-1649,-21.14
2026-09-09T12:45:20.041,1788938120.0413,2025,1704,21.85
2026-09-09T12:45:20.057,1788938120.0573,2026,-1780,-22.82
2026-09-09T12:45:20.057,1788938120.0573,2027,1632,20.92
2026-09-09T12:45:20.088,1788938120.0886,2028,-1843,-23.63
2026-09-09T12:45:20.090,1788938120.0906,2029,1068,13.69
2026-09-09T12:45:20.104,1788938120.1044,2030,-1870,-23.97
2026-09-09T12:45:20.104,1788938120.1044,2031,1308,16.77
2026-09-09T12:45:20.120,1788938120.1201,2032,-1866,-23.92
2026-09-09T12:45:20.135,1788938120.1358,2033,1487,19.06
2026-09-09T12:45:20.139,1788938120.1398,2034,-1826,-23.41
2026-09-09T12:45:20.151,1788938120.1516,2035,1611,20.65
2026-09-09T12:45:20.151,1788938120.1516,2036,-1753,-22.47
2026-09-09T12:45:20.171,1788938120.1717,2037,1675,21.47
2026-09-09T12:45:20.171,1788938120.1717,2038,-1035,-13.27
2026-09-09T12:45:20.183,1788938120.1833,2039,1731,22.19
2026-09-09T12:45:20.198,1788938120.1990,2040,-1290,-16.54
2026-09-09T12:45:20.214,1788938120.2147,2041,1756,22.51
2026-09-09T12:45:20.214,1788938120.2147,2042,-1545,-19.81
2026-09-09T12:45:20.230,1788938120.2308,2043,1749,22.42
2026-09-09T12:45:20.240,1788938120.2404,2044,-1684,-21.59
2026-09-09T12:45:20.250,1788938120.2505,2045,1705,21.86
2026-09-09T12:45:20.262,1788938120.2623,2046,-1783,-22.86
2026-09-09T12:45:20.262,1788938120.2623,2047,1612,20.67
2026-09-09T12:45:20.278,1788938120.2780,2048,-1831,-23.47
2026-09-09T12:45:20.278,1788938120.2780,2049,1155,14.81
2026-09-09T12:45:20.309,1788938120.3097,2050,-1855,-23.78
2026-09-09T12:45:20.313,1788938120.3136,2051,1383,17.73
2026-09-09T12:45:20.325,1788938120.3254,2052,-1843,-23.63
2026-09-09T12:45:20.325,1788938120.3254,2053,1538,19.72
2026-09-09T12:45:20.341,1788938120.3412,2054,-1802,-23.1
2026-09-09T12:45:20.351,1788938120.3515,2055,1634,20.95
2026-09-09T12:45:20.356,1788938120.3569,2056,-1697,-21.76
2026-09-09T12:45:20.372,1788938120.3726,2057,1702,21.82
2026-09-09T12:45:20.372,1788938120.3726,2058,-1104,-14.15
2026-09-09T12:45:20.388,1788938120.3886,2059,1750,22.44
2026-09-09T12:45:20.400,1788938120.4007,2060,-1392,-17.85
2026-09-09T12:45:20.404,1788938120.4046,2061,1750,22.44
2026-09-09T12:45:20.423,1788938120.4233,2062,-1591,-20.4
2026-09-09T12:45:20.436,1788938120.4362,2063,1747,22.4
2026-09-09T12:45:20.440,1788938120.4403,2064,-1718,-22.03
2026-09-09T12:45:20.455,1788938120.4559,2065,1694,21.72
2026-09-09T12:45:20.455,1788938120.4559,2066,-1782,-22.85
2026-09-09T12:45:20.468,1788938120.4684,2067,1601,20.53
2026-09-09T12:45:20.484,1788938120.4840,2068,-1830,-23.46
2026-09-09T12:45:20.490,1788938120.4900,2069,1268,16.26
2026-09-09T12:45:20.500,1788938120.5007,2070,-1818,-23.31
2026-09-09T12:45:20.500,1788938120.5007,2071,1467,18.81
2026-09-09T12:45:20.516,1788938120.5161,2072,-1799,-23.06
2026-09-09T12:45:20.531,1788938120.5319,2073,1614,20.69
2026-09-09T12:45:20.531,1788938120.5319,2074,-1731,-22.19
2026-09-09T12:45:20.549,1788938120.5497,2075,1681,21.55
2026-09-09T12:45:20.563,1788938120.5634,2076,-1626,-20.85
2026-09-09T12:45:20.570,1788938120.5707,2077,1748,22.41
2026-09-09T12:45:20.579,1788938120.5791,2078,-1174,-15.05
2026-09-09T12:45:20.579,1788938120.5791,2079,1780,22.82
2026-09-09T12:45:20.601,1788938120.6016,2080,-1445,-18.53
2026-09-09T12:45:20.612,1788938120.6121,2081,1796,23.03
2026-09-09T12:45:20.612,1788938120.6121,2082,-1625,-20.83
2026-09-09T12:45:20.625,1788938120.6259,2083,1744,22.36
2026-09-09T12:45:20.641,1788938120.6416,2084,-1748,-22.41
2026-09-09T12:45:20.641,1788938120.6416,2085,1668,21.38
2026-09-09T12:45:20.661,1788938120.6613,2086,-1808,-23.18
2026-09-09T12:45:20.673,1788938120.6730,2087,1542,19.77
2026-09-09T12:45:20.673,1788938120.6730,2088,-1820,-23.33
2026-09-09T12:45:20.689,1788938120.6890,2089,1334,17.1
2026-09-09T12:45:20.701,1788938120.7017,2090,-1852,-23.74
2026-09-09T12:45:20.704,1788938120.7047,2091,1509,19.35
2026-09-09T12:45:20.725,1788938120.7253,2092,-1792,-22.97
2026-09-09T12:45:20.731,1788938120.7311,2093,1617,20.73
2026-09-09T12:45:20.736,1788938120.7366,2094,-1735,-22.24
2026-09-09T12:45:20.752,1788938120.7523,2095,1716,22.0
2026-09-09T12:45:20.752,1788938120.7523,2096,-1606,-20.59
2026-09-09T12:45:20.768,1788938120.7682,2097,1752,22.46
2026-09-09T12:45:20.768,1788938120.7682,2098,-1270,-16.28
2026-09-09T12:45:20.784,1788938120.7841,2099,1780,22.82
2026-09-09T12:45:20.801,1788938120.8018,2100,-1513,-19.4
2026-09-09T12:45:20.801,1788938120.8018,2101,1776,22.77
2026-09-09T12:45:20.816,1788938120.8163,2102,-1677,-21.5
2026-09-09T12:45:20.832,1788938120.8324,2103,1728,22.15
2026-09-09T12:45:20.832,1788938120.8324,2104,-1760,-22.56
2026-09-09T12:45:20.848,1788938120.8482,2105,1635,20.96
2026-09-09T12:45:20.864,1788938120.8644,2106,-1828,-23.44
2026-09-09T12:45:20.864,1788938120.8644,2107,1182,15.15
2026-09-09T12:45:20.880,1788938120.8801,2108,-1837,-23.55
2026-09-09T12:45:20.897,1788938120.8980,2109,1409,18.06
2026-09-09T12:45:20.905,1788938120.9050,2110,-1829,-23.45
2026-09-09T12:45:20.912,1788938120.9127,2111,1556,19.95
2026-09-09T12:45:20.920,1788938120.9205,2112,-1789,-22.94
2026-09-09T12:45:20.929,1788938120.9298,2113,1643,21.06
2026-09-09T12:45:20.943,1788938120.9431,2114,-1716,-22.0
2026-09-09T12:45:20.951,1788938120.9511,2115,1699,21.78
2026-09-09T12:45:20.960,1788938120.9609,2116,-1586,-20.33
2026-09-09T12:45:20.974,1788938120.9749,2117,1736,22.26
2026-09-09T12:45:20.974,1788938120.9749,2118,-1418,-18.18
2026-09-09T12:45:20.990,1788938120.9907,2119,1756,22.51
2026-09-09T12:45:21.006,1788938121.0064,2120,-1593,-20.42
2026-09-09T12:45:21.012,1788938121.0124,2121,1769,22.68
2026-09-09T12:45:21.022,1788938121.0225,2122,-1712,-21.95
2026-09-09T12:45:21.028,1788938121.0286,2123,1704,21.85
2026-09-09T12:45:21.043,1788938121.0431,2124,-1792,-22.97
2026-09-09T12:45:21.054,1788938121.0542,2125,1619,20.76
2026-09-09T12:45:21.054,1788938121.0542,2126,-1800,-23.08
2026-09-09T12:45:21.070,1788938121.0702,2127,1314,16.85
2026-09-09T12:45:21.085,1788938121.0859,2128,-1785,-22.88
2026-09-09T12:45:21.085,1788938121.0859,2129,1508,19.33
2026-09-09T12:45:21.102,1788938121.1022,2130,-1742,-22.33
2026-09-09T12:45:21.119,1788938121.1193,2131,1650,21.15
2026-09-09T12:45:21.129,1788938121.1291,2132,-1687,-21.63
2026-09-09T12:45:21.133,1788938121.1333,2133,1732,22.21
2026-09-09T12:45:21.133,1788938121.1333,2134,-1583,-20.29
2026-09-09T12:45:21.149,1788938121.1494,2135,1787,22.91
2026-09-09T12:45:21.165,1788938121.1651,2136,-1463,-18.76
2026-09-09T12:45:21.165,1788938121.1651,2137,1806,23.15
2026-09-09T12:45:21.191,1788938121.1912,2138,-1424,-18.26
2026-09-09T12:45:21.191,1788938121.1912,2139,1786,22.9
2026-09-09T12:45:21.202,1788938121.2028,2140,-1616,-20.72
2026-09-09T12:45:21.212,1788938121.2125,2141,1757,22.53
2026-09-09T12:45:21.219,1788938121.2197,2142,-1739,-22.29
2026-09-09T12:45:21.228,1788938121.2283,2143,1684,21.59
2026-09-09T12:45:21.243,1788938121.2440,2144,-1807,-23.17
2026-09-09T12:45:21.249,1788938121.2500,2145,1579,20.24
2026-09-09T12:45:21.259,1788938121.2599,2146,-1812,-23.23
2026-09-09T12:45:21.275,1788938121.2760,2147,1346,17.26
2026-09-09T12:45:21.281,1788938121.2820,2148,-1820,-23.33
2026-09-09T12:45:21.291,1788938121.2917,2149,1517,19.45
2026-09-09T12:45:21.307,1788938121.3078,2150,-1781,-22.83
2026-09-09T12:45:21.307,1788938121.3078,2151,1628,20.87
2026-09-09T12:45:21.323,1788938121.3240,2152,-1712,-21.95
2026-09-09T12:45:21.323,1788938121.3240,2153,1727,22.14
2026-09-09T12:45:21.339,1788938121.3399,2154,-1604,-20.56
2026-09-09T12:45:21.339,1788938121.3399,2155,1771,22.71
2026-09-09T12:45:21.355,1788938121.3556,2156,-1442,-18.49
2026-09-09T12:45:21.371,1788938121.3715,2157,1795,23.01
2026-09-09T12:45:21.380,1788938121.3808,2158,-1503,-19.27
2026-09-09T12:45:21.387,1788938121.3872,2159,1771,22.71
2026-09-09T12:45:21.387,1788938121.3872,2160,-1666,-21.36
2026-09-09T12:45:21.418,1788938121.4186,2161,1742,22.33
2026-09-09T12:45:21.420,1788938121.4206,2162,-1778,-22.79
2026-09-09T12:45:21.434,1788938121.4343,2163,1645,21.09
2026-09-09T12:45:21.440,1788938121.4409,2164,-1834,-23.51
2026-09-09T12:45:21.450,1788938121.4501,2165,1508,19.33
2026-09-09T12:45:21.465,1788938121.4659,2166,-1814,-23.26
2026-09-09T12:45:21.465,1788938121.4659,2167,1387,17.78
2026-09-09T12:45:21.481,1788938121.4819,2168,-1811,-23.22
2026-09-09T12:45:21.481,1788938121.4819,2169,1530,19.62
2026-09-09T12:45:21.503,1788938121.5037,2170,-1759,-22.55
2026-09-09T12:45:21.512,1788938121.5120,2171,1638,21.0
2026-09-09T12:45:21.529,1788938121.5296,2172,-1682,-21.56
2026-09-09T12:45:21.529,1788938121.5296,2173,1709,21.91
2026-09-09T12:45:21.545,1788938121.5453,2174,-1561,-20.01
2026-09-09T12:45:21.545,1788938121.5453,2175,1753,22.47
2026-09-09T12:45:21.562,1788938121.5623,2176,-1391,-17.83
2026-09-09T12:45:21.576,1788938121.5770,2177,1757,22.53
2026-09-09T12:45:21.576,1788938121.5770,2178,-1548,-19.85
2026-09-09T12:45:21.592,1788938121.5930,2179,1765,22.63
2026-09-09T12:45:21.603,1788938121.6037,2180,-1684,-21.59
2026-09-09T12:45:21.608,1788938121.6089,2181,1696,21.74
2026-09-09T12:45:21.624,1788938121.6248,2182,-1779,-22.81
2026-09-09T12:45:21.631,1788938121.6318,2183,1595,20.45
2026-09-09T12:45:21.635,1788938121.6358,2184,-1832,-23.49
2026-09-09T12:45:21.651,1788938121.6516,2185,1474,18.9
2026-09-09T12:45:21.667,1788938121.6674,2186,-1800,-23.08
2026-09-09T12:45:21.670,1788938121.6707,2187,1441,18.47
2026-09-09T12:45:21.693,1788938121.6939,2188,-1808,-23.18
2026-09-09T12:45:21.693,1788938121.6939,2189,1584,20.31
2026-09-09T12:45:21.703,1788938121.7037,2190,-1748,-22.41
2026-09-09T12:45:21.714,1788938121.7149,2191,1680,21.54
2026-09-09T12:45:21.721,1788938121.7214,2192,-1652,-21.18
2026-09-09T12:45:21.731,1788938121.7317,2193,1731,22.19
2026-09-09T12:45:21.731,1788938121.7317,2194,-1526,-19.56
2026-09-09T12:45:21.748,1788938121.7485,2195,1763,22.6
2026-09-09T12:45:21.762,1788938121.7623,2196,-1341,-17.19
2026-09-09T12:45:21.770,1788938121.7700,2197,1756,22.51
2026-09-09T12:45:21.783,1788938121.7836,2198,-1613,-20.68
2026-09-09T12:45:21.793,1788938121.7939,2199,1740,22.31
2026-09-09T12:45:21.805,1788938121.8056,2200,-1741,-22.32
2026-09-09T12:45:21.812,1788938121.8120,2201,1679,21.53
2026-09-09T12:45:21.825,1788938121.8257,2202,-1805,-23.14
2026-09-09T12:45:21.825,1788938121.8257,2203,1569,20.12
2026-09-09T12:45:21.843,1788938121.8437,2204,-1849,-23.71
2026-09-09T12:45:21.843,1788938121.8437,2205,1420,18.21
2026-09-09T12:45:21.857,1788938121.8576,2206,-1817,-23.29
2026-09-09T12:45:21.873,1788938121.8735,2207,1488,19.08
2026-09-09T12:45:21.879,1788938121.8799,2208,-1797,-23.04
2026-09-09T12:45:21.889,1788938121.8897,2209,1615,20.71
2026-09-09T12:45:21.903,1788938121.9037,2210,-1757,-22.53
2026-09-09T12:45:21.907,1788938121.9075,2211,1715,21.99
2026-09-09T12:45:21.924,1788938121.9245,2212,-1616,-20.72
2026-09-09T12:45:21.930,1788938121.9305,2213,1763,22.6
2026-09-09T12:45:21.942,1788938121.9426,2214,-1446,-18.54
2026-09-09T12:45:21.942,1788938121.9426,2215,1775,22.76
2026-09-09T12:45:21.953,1788938121.9534,2216,-1297,-16.63
2026-09-09T12:45:21.969,1788938121.9693,2217,1759,22.55
2026-09-09T12:45:21.985,1788938121.9852,2218,-1690,-21.67
2026-09-09T12:45:21.985,1788938121.9852,2219,1739,22.29
2026-09-09T12:45:22.004,1788938122.0041,2220,-1785,-22.88
2026-09-09T12:45:22.017,1788938122.0177,2221,1622,20.79
2026-09-09T12:45:22.017,1788938122.0177,2222,-1837,-23.55
2026-09-09T12:45:22.032,1788938122.0328,2223,1505,19.29
2026-09-09T12:45:22.032,1788938122.0328,2224,-1853,-23.76
2026-09-09T12:45:22.048,1788938122.0488,2225,1367,17.53
2026-09-09T12:45:22.048,1788938122.0488,2226,-1837,-23.55
2026-09-09T12:45:22.066,1788938122.0668,2227,1520,19.49
2026-09-09T12:45:22.080,1788938122.0805,2228,-1781,-22.83
2026-09-09T12:45:22.080,1788938122.0805,2229,1635,20.96
2026-09-09T12:45:22.103,1788938122.1039,2230,-1688,-21.64
2026-09-09T12:45:22.112,1788938122.1129,2231,1727,22.14
2026-09-09T12:45:22.112,1788938122.1129,2232,-1563,-20.04
2026-09-09T12:45:22.130,1788938122.1310,2233,1755,22.5
2026-09-09T12:45:22.144,1788938122.1448,2234,-1405,-18.01
2026-09-09T12:45:22.144,1788938122.1448,2235,1775,22.76
2026-09-09T12:45:22.162,1788938122.1629,2236,-1236,-15.85
2026-09-09T12:45:22.162,1788938122.1629,2237,1735,22.24
2026-09-09T12:45:22.176,1788938122.1769,2238,-1685,-21.6
2026-09-09T12:45:22.192,1788938122.1927,2239,1679,21.53
2026-09-09T12:45:22.203,1788938122.2039,2240,-1781,-22.83
2026-09-09T12:45:22.210,1788938122.2107,2241,1618,20.74
2026-09-09T12:45:22.228,1788938122.2287,2242,-1821,-23.35
2026-09-09T12:45:22.228,1788938122.2287,2243,1476,18.92
2026-09-09T12:45:22.240,1788938122.2407,2244,-1814,-23.26
2026-09-09T12:45:22.240,1788938122.2407,2245,1334,17.1
2026-09-09T12:45:22.258,1788938122.2587,2246,-1794,-23.0
2026-09-09T12:45:22.272,1788938122.2727,2247,1563,20.04
2026-09-09T12:45:22.272,1788938122.2727,2248,-1722,-22.08
2026-09-09T12:45:22.290,1788938122.2905,2249,1682,21.56
2026-09-09T12:45:22.304,1788938122.3042,2250,-1645,-21.09
2026-09-09T12:45:22.304,1788938122.3042,2251,1738,22.28
2026-09-09T12:45:22.328,1788938122.3284,2252,-1492,-19.13
2026-09-09T12:45:22.335,1788938122.3359,2253,1745,22.37
2026-09-09T12:45:22.335,1788938122.3359,2254,-1331,-17.06
2026-09-09T12:45:22.351,1788938122.3517,2255,1774,22.74
2026-09-09T12:45:22.351,1788938122.3517,2256,-1596,-20.46
2026-09-09T12:45:22.367,1788938122.3674,2257,1749,22.42
2026-09-09T12:45:22.367,1788938122.3674,2258,-1727,-22.14
2026-09-09T12:45:22.399,1788938122.3996,2259,1644,21.08
2026-09-09T12:45:22.399,1788938122.3996,2260,-1799,-23.06
2026-09-09T12:45:22.404,1788938122.4044,2261,1519,19.47
2026-09-09T12:45:22.421,1788938122.4213,2262,-1831,-23.47
2026-09-09T12:45:22.431,1788938122.4310,2263,1410,18.08
2026-09-09T12:45:22.431,1788938122.4310,2264,-1791,-22.96
2026-09-09T12:45:22.446,1788938122.4469,2265,1240,15.9
2026-09-09T12:45:22.462,1788938122.4628,2266,-1771,-22.71
2026-09-09T12:45:22.462,1788938122.4628,2267,1609,20.63
2026-09-09T12:45:22.480,1788938122.4807,2268,-1707,-21.88
2026-09-09T12:45:22.480,1788938122.4807,2269,1669,21.4
2026-09-09T12:45:22.510,1788938122.5103,2270,-1586,-20.33
2026-09-09T12:45:22.510,1788938122.5103,2271,1724,22.1
2026-09-09T12:45:22.521,1788938122.5219,2272,-1436,-18.41
2026-09-09T12:45:22.526,1788938122.5261,2273,1753,22.47
2026-09-09T12:45:22.553,1788938122.5532,2274,-1251,-16.04
2026-09-09T12:45:22.553,1788938122.5532,2275,1737,22.27
2026-09-09T12:45:22.559,1788938122.5591,2276,-1612,-20.67
2026-09-09T12:45:22.573,1788938122.5738,2277,1684,21.59
2026-09-09T12:45:22.580,1788938122.5804,2278,-1700,-21.79
2026-09-09T12:45:22.589,1788938122.5897,2279,1615,20.71
2026-09-09T12:45:22.589,1788938122.5897,2280,-1768,-22.67
2026-09-09T12:45:22.620,1788938122.6207,2281,1453,18.63
2026-09-09T12:45:22.620,1788938122.6207,2282,-1792,-22.97
2026-09-09T12:45:22.620,1788938122.6207,2283,1300,16.67
2026-09-09T12:45:22.638,1788938122.6389,2284,-1780,-22.82
2026-09-09T12:45:22.652,1788938122.6529,2285,1135,14.55
2026-09-09T12:45:22.652,1788938122.6529,2286,-1720,-22.05
2026-09-09T12:45:22.668,1788938122.6688,2287,1576,20.21
2026-09-09T12:45:22.684,1788938122.6844,2288,-1651,-21.17
2026-09-09T12:45:22.684,1788938122.6844,2289,1656,21.23
2026-09-09T12:45:22.707,1788938122.7071,2290,-1506,-19.31
2026-09-09T12:45:22.707,1788938122.7071,2291,1652,21.18
2026-09-09T12:45:22.725,1788938122.7259,2292,-1396,-17.9
2026-09-09T12:45:22.732,1788938122.7323,2293,1649,21.14
2026-09-09T12:45:22.748,1788938122.7483,2294,-1197,-15.35
2026-09-09T12:45:22.748,1788938122.7483,2295,1670,21.41
2026-09-09T12:45:22.763,1788938122.7640,2296,-1654,-21.21
2026-09-09T12:45:22.771,1788938122.7720,2297,1618,20.74
2026-09-09T12:45:22.779,1788938122.7797,2298,-1745,-22.37
2026-09-09T12:45:22.779,1788938122.7797,2299,1521,19.5
2026-09-09T12:45:22.795,1788938122.7954,2300,-1769,-22.68
2026-09-09T12:45:22.811,1788938122.8111,2301,1380,17.69
2026-09-09T12:45:22.811,1788938122.8111,2302,-1769,-22.68
2026-09-09T12:45:22.828,1788938122.8289,2303,1247,15.99
2026-09-09T12:45:22.842,1788938122.8428,2304,-1753,-22.47
2026-09-09T12:45:22.842,1788938122.8428,2305,1085,13.91
2026-09-09T12:45:22.858,1788938122.8584,2306,-1676,-21.49
2026-09-09T12:45:22.874,1788938122.8744,2307,1591,20.4
2026-09-09T12:45:22.874,1788938122.8744,2308,-1588,-20.36
2026-09-09T12:45:22.892,1788938122.8926,2309,1659,21.27
2026-09-09T12:45:22.892,1788938122.8926,2310,-1458,-18.69
2026-09-09T12:45:22.907,1788938122.9072,2311,1691,21.68
2026-09-09T12:45:22.924,1788938122.9244,2312,-1284,-16.46
2026-09-09T12:45:22.924,1788938122.9244,2313,1696,21.74
2026-09-09T12:45:22.938,1788938122.9388,2314,-1155,-14.81
2026-09-09T12:45:22.954,1788938122.9541,2315,1644,21.08
2026-09-09T12:45:22.962,1788938122.9623,2316,-1688,-21.64
2026-09-09T12:45:22.973,1788938122.9734,2317,1587,20.35
2026-09-09T12:45:22.987,1788938122.9878,2318,-1720,-22.05
2026-09-09T12:45:22.987,1788938122.9878,2319,1470,18.85
2026-09-09T12:45:23.007,1788938123.0072,2320,-1780,-22.82
2026-09-09T12:45:23.007,1788938123.0072,2321,1321,16.94
2026-09-09T12:45:23.026,1788938123.0265,2322,-1756,-22.51
2026-09-09T12:45:23.033,1788938123.0332,2323,1176,15.08
2026-09-09T12:45:23.033,1788938123.0332,2324,-1743,-22.35
2026-09-09T12:45:23.050,1788938123.0509,2325,1051,13.47
2026-09-09T12:45:23.064,1788938123.0645,2326,-1691,-21.68
2026-09-09T12:45:23.064,1788938123.0645,2327,1593,20.42
2026-09-09T12:45:23.082,1788938123.0824,2328,-1549,-19.86
2026-09-09T12:45:23.096,1788938123.0964,2329,1665,21.35
2026-09-09T12:45:23.096,1788938123.0964,2330,-1392,-17.85
2026-09-09T12:45:23.116,1788938123.1160,2331,1709,21.91
2026-09-09T12:45:23.123,1788938123.1234,2332,-1226,-15.72
2026-09-09T12:45:23.129,1788938123.1298,2333,1721,22.06
2026-09-09T12:45:23.129,1788938123.1298,2334,-1050,-13.46
2026-09-09T12:45:23.145,1788938123.1459,2335,1684,21.59
2026-09-09T12:45:23.159,1788938123.1599,2336,-1652,-21.18
2026-09-09T12:45:23.159,1788938123.1599,2337,1615,20.71
2026-09-09T12:45:23.178,1788938123.1780,2338,-1709,-21.91
2026-09-09T12:45:23.191,1788938123.1917,2339,1504,19.28
2026-09-09T12:45:23.201,1788938123.2014,2340,-1690,-21.67
2026-09-09T12:45:23.209,1788938123.2097,2341,1374,17.62
2026-09-09T12:45:23.223,1788938123.2235,2342,-1683,-21.58
2026-09-09T12:45:23.229,1788938123.2295,2343,1215,15.58
2026-09-09T12:45:23.241,1788938123.2416,2344,-1636,-20.97
2026-09-09T12:45:23.241,1788938123.2416,2345,1053,13.5
2026-09-09T12:45:23.255,1788938123.2553,2346,-1585,-20.32
2026-09-09T12:45:23.273,1788938123.2730,2347,1674,21.46
2026-09-09T12:45:23.286,1788938123.2867,2348,-1472,-18.87
2026-09-09T12:45:23.286,1788938123.2867,2349,1717,22.01
2026-09-09T12:45:23.302,1788938123.3028,2350,-1311,-16.81
2026-09-09T12:45:23.310,1788938123.3102,2351,1737,22.27
2026-09-09T12:45:23.318,1788938123.3189,2352,-1159,-14.86
2026-09-09T12:45:23.334,1788938123.3349,2353,1700,21.79
2026-09-09T12:45:23.340,1788938123.3409,2354,-990,-12.69
2026-09-09T12:45:23.350,1788938123.3507,2355,1655,21.22
2026-09-09T12:45:23.361,1788938123.3616,2356,-1697,-21.76
2026-09-09T12:45:23.382,1788938123.3824,2357,1530,19.62
2026-09-09T12:45:23.382,1788938123.3824,2358,-1713,-21.96
2026-09-09T12:45:23.392,1788938123.3929,2359,1432,18.36
2026-09-09T12:45:23.402,1788938123.4022,2360,-1729,-22.17
2026-09-09T12:45:23.414,1788938123.4142,2361,1294,16.59
2026-09-09T12:45:23.426,1788938123.4263,2362,-1702,-21.82
2026-09-09T12:45:23.429,1788938123.4299,2363,1144,14.67
2026-09-09T12:45:23.439,1788938123.4397,2364,-1674,-21.46
2026-09-09T12:45:23.445,1788938123.4456,2365,1613,20.68
2026-09-09T12:45:23.461,1788938123.4616,2366,-1586,-20.33
2026-09-09T12:45:23.461,1788938123.4616,2367,1645,21.09
2026-09-09T12:45:23.477,1788938123.4773,2368,-1429,-18.32
2026-09-09T12:45:23.493,1788938123.4932,2369,1689,21.65
2026-09-09T12:45:23.493,1788938123.4932,2370,-1299,-16.65
2026-09-09T12:45:23.516,1788938123.5170,2371,1713,21.96
2026-09-09T12:45:23.524,1788938123.5247,2372,-1134,-14.54
2026-09-09T12:45:23.536,1788938123.5367,2373,1689,21.65
2026-09-09T12:45:23.540,1788938123.5407,2374,-977,-12.53
2026-09-09T12:45:23.540,1788938123.5407,2375,1632,20.92
2026-09-09T12:45:23.559,1788938123.5595,2376,-1716,-22.0
2026-09-09T12:45:23.573,1788938123.5731,2377,1507,19.32
2026-09-09T12:45:23.573,1788938123.5731,2378,-1736,-22.26
2026-09-09T12:45:23.590,1788938123.5901,2379,1365,17.5
2026-09-09T12:45:23.603,1788938123.6040,2380,-1780,-22.82
2026-09-09T12:45:23.614,1788938123.6142,2381,1227,15.73
2026-09-09T12:45:23.622,1788938123.6221,2382,-1716,-22.0
2026-09-09T12:45:23.622,1788938123.6221,2383,1074,13.77
2026-09-09T12:45:23.639,1788938123.6399,2384,-1656,-21.23
2026-09-09T12:45:23.651,1788938123.6518,2385,1620,20.77
2026-09-09T12:45:23.651,1788938123.6518,2386,-1551,-19.88
2026-09-09T12:45:23.667,1788938123.6676,2387,1655,21.22
2026-09-09T12:45:23.683,1788938123.6835,2388,-1425,-18.27
2026-09-09T12:45:23.689,1788938123.6895,2389,1696,21.74
2026-09-09T12:45:23.699,1788938123.6993,2390,-1256,-16.1
2026-09-09T12:45:23.715,1788938123.7151,2391,1688,21.64
2026-09-09T12:45:23.721,1788938123.7213,2392,-1070,-13.72
2026-09-09T12:45:23.736,1788938123.7363,2393,1640,21.03
2026-09-09T12:45:23.738,1788938123.7384,2394,-929,-11.91
2026-09-09T12:45:23.750,1788938123.7502,2395,1563,20.04
2026-09-09T12:45:23.761,1788938123.7620,2396,-1740,-22.31
2026-09-09T12:45:23.761,1788938123.7620,2397,1454,18.64
2026-09-09T12:45:23.779,1788938123.7797,2398,-1760,-22.56
2026-09-09T12:45:23.793,1788938123.7937,2399,1325,16.99
2026-09-09T12:45:23.793,1788938123.7937,2400,-1764,-22.62
2026-09-09T12:45:23.811,1788938123.8111,2401,1176,15.08
2026-09-09T12:45:23.825,1788938123.8254,2402,-1712,-21.95
2026-09-09T12:45:23.825,1788938123.8254,2403,1002,12.85
2026-09-09T12:45:23.843,1788938123.8431,2404,-1659,-21.27
2026-09-09T12:45:23.843,1788938123.8431,2405,1601,20.53
2026-09-09T12:45:23.866,1788938123.8665,2406,-1545,-19.81
2026-09-09T12:45:23.873,1788938123.8730,2407,1641,21.04
2026-09-09T12:45:23.873,1788938123.8730,2408,-1391,-17.83
2026-09-09T12:45:23.889,1788938123.8893,2409,1666,21.36
2026-09-09T12:45:23.889,1788938123.8893,2410,-1221,-15.65
2026-09-09T12:45:23.914,1788938123.9148,2411,1674,21.46
2026-09-09T12:45:23.920,1788938123.9208,2412,-1043,-13.37
2026-09-09T12:45:23.936,1788938123.9368,2413,1602,20.54
2026-09-09T12:45:23.936,1788938123.9368,2414,-910,-11.67
2026-09-09T12:45:23.952,1788938123.9525,2415,1530,19.62
2026-09-09T12:45:23.952,1788938123.9525,2416,-1752,-22.46
2026-09-09T12:45:23.974,1788938123.9745,2417,1381,17.71
2026-09-09T12:45:23.984,1788938123.9840,2418,-1784,-22.87
2026-09-09T12:45:23.984,1788938123.9840,2419,1240,15.9
2026-09-09T12:45:24.001,1788938124.0020,2420,-1748,-22.41
2026-09-09T12:45:24.012,1788938124.0122,2421,1107,14.19
2026-09-09T12:45:24.021,1788938124.0216,2422,-1723,-22.09
2026-09-09T12:45:24.030,1788938124.0309,2423,951,12.19
2026-09-09T12:45:24.046,1788938124.0466,2424,-1630,-20.9
2026-09-09T12:45:24.046,1788938124.0466,2425,1617,20.73
2026-09-09T12:45:24.064,1788938124.0647,2426,-1500,-19.23
2026-09-09T12:45:24.064,1788938124.0647,2427,1650,21.15
2026-09-09T12:45:24.078,1788938124.0787,2428,-1330,-17.05
2026-09-09T12:45:24.078,1788938124.0787,2429,1675,21.47
2026-09-09T12:45:24.094,1788938124.0946,2430,-1168,-14.97
2026-09-09T12:45:24.112,1788938124.1123,2431,1655,21.22
2026-09-09T12:45:24.112,1788938124.1123,2432,-1011,-12.96
2026-09-09T12:45:24.128,1788938124.1289,2433,1603,20.55
2026-09-09T12:45:24.128,1788938124.1289,2434,-834,-10.69
2026-09-09T12:45:24.158,1788938124.1588,2435,1490,19.1
2026-09-09T12:45:24.158,1788938124.1588,2436,-1760,-22.56
2026-09-09T12:45:24.174,1788938124.1744,2437,1365,17.5
2026-09-09T12:45:24.174,1788938124.1744,2438,-1760,-22.56
2026-09-09T12:45:24.192,1788938124.1921,2439,1207,15.47
2026-09-09T12:45:24.192,1788938124.1921,2440,-1740,-22.31
2026-09-09T12:45:24.212,1788938124.2124,2441,1083,13.88
2026-09-09T12:45:24.221,1788938124.2219,2442,-1652,-21.18
2026-09-09T12:45:24.229,1788938124.2300,2443,906,11.62
2026-09-09T12:45:24.238,1788938124.2381,2444,-1574,-20.18
2026-09-09T12:45:24.238,1788938124.2381,2445,1636,20.97
2026-09-09T12:45:24.261,1788938124.2612,2446,-1441,-18.47
2026-09-09T12:45:24.270,1788938124.2702,2447,1680,21.54
2026-09-09T12:45:24.286,1788938124.2860,2448,-1267,-16.24
2026-09-09T12:45:24.286,1788938124.2860,2449,1693,21.71
2026-09-09T12:45:24.307,1788938124.3078,2450,-1114,-14.28
2026-09-09T12:45:24.312,1788938124.3126,2451,1661,21.29
2026-09-09T12:45:24.319,1788938124.3199,2452,-953,-12.22
2026-09-09T12:45:24.319,1788938124.3199,2453,1576,20.21
2026-09-09T12:45:24.345,1788938124.3460,2454,-800,-10.26
2026-09-09T12:45:24.350,1788938124.3502,2455,1463,18.76
2026-09-09T12:45:24.350,1788938124.3502,2456,-1779,-22.81
2026-09-09T12:45:24.366,1788938124.3662,2457,1306,16.74
2026-09-09T12:45:24.382,1788938124.3821,2458,-1775,-22.76
2026-09-09T12:45:24.382,1788938124.3821,2459,1161,14.88
2026-09-09T12:45:24.398,1788938124.3980,2460,-1730,-22.18
2026-09-09T12:45:24.415,1788938124.4158,2461,1000,12.82
2026-09-09T12:45:24.415,1788938124.4158,2462,-1669,-21.4
2026-09-09T12:45:24.430,1788938124.4301,2463,864,11.08
2026-09-09T12:45:24.445,1788938124.4459,2464,-1572,-20.15
2026-09-09T12:45:24.445,1788938124.4459,2465,1639,21.01
2026-09-09T12:45:24.461,1788938124.4614,2466,-1426,-18.28
2026-09-09T12:45:24.482,1788938124.4822,2467,1664,21.33
2026-09-09T12:45:24.484,1788938124.4843,2468,-1255,-16.09
2026-09-09T12:45:24.493,1788938124.4933,2469,1660,21.28
2026-09-09T12:45:24.493,1788938124.4933,2470,-1097,-14.06
2026-09-09T12:45:24.512,1788938124.5126,2471,1609,20.63
2026-09-09T12:45:24.525,1788938124.5253,2472,-944,-12.1
2026-09-09T12:45:24.525,1788938124.5253,2473,1529,19.6
2026-09-09T12:45:24.541,1788938124.5414,2474,-779,-9.99
2026-09-09T12:45:24.549,1788938124.5494,2475,1376,17.64
2026-09-09T12:45:24.559,1788938124.5591,2476,-1829,-23.45
2026-09-09T12:45:24.574,1788938124.5742,2477,1263,16.19
2026-09-09T12:45:24.574,1788938124.5742,2478,-1788,-22.92
2026-09-09T12:45:24.589,1788938124.5891,2479,1095,14.04
2026-09-09T12:45:24.589,1788938124.5891,2480,-1747,-22.4
2026-09-09T12:45:24.612,1788938124.6128,2481,943,12.09
2026-09-09T12:45:24.620,1788938124.6209,2482,-1666,-21.36
2026-09-09T12:45:24.636,1788938124.6368,2483,799,10.24
2026-09-09T12:45:24.640,1788938124.6408,2484,-1547,-19.83
2026-09-09T12:45:24.652,1788938124.6528,2485,1627,20.86
2026-09-09T12:45:24.652,1788938124.6528,2486,-1381,-17.71
2026-09-09T12:45:24.670,1788938124.6704,2487,1660,21.28
2026-09-09T12:45:24.670,1788938124.6704,2488,-1215,-15.58
2026-09-09T12:45:24.684,1788938124.6843,2489,1605,20.58
2026-09-09T12:45:24.706,1788938124.7063,2490,-1044,-13.38
2026-09-09T12:45:24.712,1788938124.7128,2491,1573,20.17
2026-09-09T12:45:24.721,1788938124.7216,2492,-911,-11.68
2026-09-09T12:45:24.731,1788938124.7319,2493,1469,18.83
2026-09-09T12:45:24.746,1788938124.7469,2494,-730,-9.36
2026-09-09T12:45:24.746,1788938124.7469,2495,1369,17.55
2026-09-09T12:45:24.765,1788938124.7652,2496,-1784,-22.87
2026-09-09T12:45:24.771,1788938124.7717,2497,1176,15.08
2026-09-09T12:45:24.778,1788938124.7788,2498,-1752,-22.46
2026-09-09T12:45:24.778,1788938124.7788,2499,1071,13.73
2026-09-09T12:45:24.810,1788938124.8105,2500,-1731,-22.19
2026-09-09T12:45:24.813,1788938124.8130,2501,911,11.68
2026-09-09T12:45:24.828,1788938124.8285,2502,-1637,-20.99
2026-09-09T12:45:24.828,1788938124.8285,2503,752,9.64
2026-09-09T12:45:24.842,1788938124.8422,2504,-1479,-18.96
2026-09-09T12:45:24.850,1788938124.8502,2505,1663,21.32
2026-09-09T12:45:24.858,1788938124.8583,2506,-1332,-17.08
2026-09-09T12:45:24.874,1788938124.8742,2507,1644,21.08
2026-09-09T12:45:24.877,1788938124.8770,2508,-1146,-14.69
2026-09-09T12:45:24.890,1788938124.8903,2509,1609,20.63
2026-09-09T12:45:24.890,1788938124.8903,2510,-984,-12.62
2026-09-09T12:45:24.913,1788938124.9134,2511,1545,19.81
2026-09-09T12:45:24.921,1788938124.9219,2512,-827,-10.6
2026-09-09T12:45:24.937,1788938124.9377,2513,1440,18.46
2026-09-09T12:45:24.937,1788938124.9377,2514,-1785,-22.88
2026-09-09T12:45:24.953,1788938124.9537,2515,1343,17.22
2026-09-09T12:45:24.955,1788938124.9558,2516,-1769,-22.68
2026-09-09T12:45:24.972,1788938124.9725,2517,1206,15.46
2026-09-09T12:45:24.972,1788938124.9725,2518,-1725,-22.12
2026-09-09T12:45:24.989,1788938124.9895,2519,1065,13.65
2026-09-09T12:45:25.003,1788938125.0032,2520,-1641,-21.04
2026-09-09T12:45:25.012,1788938125.0123,2521,900,11.54
2026-09-09T12:45:25.021,1788938125.0211,2522,-1520,-19.49
2026-09-09T12:45:25.032,1788938125.0328,2523,800,10.26
2026-09-09T12:45:25.032,1788938125.0328,2524,-1383,-17.73
2026-09-09T12:45:25.048,1788938125.0485,2525,1734,22.23
2026-09-09T12:45:25.064,1788938125.0641,2526,-1182,-15.15
2026-09-09T12:45:25.064,1788938125.0641,2527,1733,22.22
2026-09-09T12:45:25.080,1788938125.0801,2528,-1022,-13.1
2026-09-09T12:45:25.096,1788938125.0960,2529,1712,21.95
2026-09-09T12:45:25.104,1788938125.1047,2530,-814,-10.44
2026-09-09T12:45:25.113,1788938125.1138,2531,1674,21.46
2026-09-09T12:45:25.113,1788938125.1138,2532,-636,-8.15
2026-09-09T12:45:25.127,1788938125.1278,2533,1590,20.38
2026-09-09T12:45:25.143,1788938125.1435,2534,-1593,-20.42
2026-09-09T12:45:25.143,1788938125.1435,2535,1529,19.6
2026-09-09T12:45:25.159,1788938125.1595,2536,-1537,-19.71
2026-09-09T12:45:25.175,1788938125.1754,2537,1399,17.94
2026-09-09T12:45:25.175,1788938125.1754,2538,-1438,-18.44
2026-09-09T12:45:25.191,1788938125.1913,2539,1321,16.94
2026-09-09T12:45:25.200,1788938125.2009,2540,-1291,-16.55
2026-09-09T12:45:25.213,1788938125.2137,2541,1277,16.37
2026-09-09T12:45:25.223,1788938125.2233,2542,-1041,-13.35
2026-09-09T12:45:25.232,1788938125.2325,2543,1181,15.14
2026-09-09T12:45:25.239,1788938125.2394,2544,-889,-11.4
2026-09-09T12:45:25.255,1788938125.2554,2545,2132,27.33
2026-09-09T12:45:25.255,1788938125.2554,2546,-680,-8.72
2026-09-09T12:45:25.271,1788938125.2713,2547,2187,28.04
2026-09-09T12:45:25.271,1788938125.2713,2548,-493,-6.32
2026-09-09T12:45:25.286,1788938125.2869,2549,2120,27.18
2026-09-09T12:45:25.302,1788938125.3029,2550,-391,-5.01
2026-09-09T12:45:25.302,1788938125.3029,2551,1914,24.54
2026-09-09T12:45:25.318,1788938125.3188,2552,-414,-5.31
2026-09-09T12:45:25.334,1788938125.3346,2553,1698,21.77
2026-09-09T12:45:25.334,1788938125.3346,2554,-1514,-19.41
2026-09-09T12:45:25.350,1788938125.3503,2555,1467,18.81
2026-09-09T12:45:25.366,1788938125.3664,2556,-1542,-19.77
2026-09-09T12:45:25.366,1788938125.3664,2557,1222,15.67
2026-09-09T12:45:25.389,1788938125.3899,2558,-1585,-20.32
2026-09-09T12:45:25.389,1788938125.3899,2559,1036,13.28
2026-09-09T12:45:25.400,1788938125.4002,2560,-1553,-19.91
2026-09-09T12:45:25.414,1788938125.4143,2561,843,10.81
2026-09-09T12:45:25.414,1788938125.4143,2562,-1492,-19.13
2026-09-09T12:45:25.430,1788938125.4301,2563,631,8.09
2026-09-09T12:45:25.446,1788938125.4463,2564,-1362,-17.46
2026-09-09T12:45:25.446,1788938125.4463,2565,1599,20.5
2026-09-09T12:45:25.462,1788938125.4621,2566,-1235,-15.83
2026-09-09T12:45:25.465,1788938125.4654,2567,1553,19.91
2026-09-09T12:45:25.477,1788938125.4778,2568,-1087,-13.94
2026-09-09T12:45:25.495,1788938125.4954,2569,1479,18.96
2026-09-09T12:45:25.502,1788938125.5030,2570,-932,-11.95
2026-09-09T12:45:25.515,1788938125.5150,2571,1376,17.64
2026-09-09T12:45:25.525,1788938125.5253,2572,-770,-9.87
2026-09-09T12:45:25.525,1788938125.5253,2573,1248,16.0
2026-09-09T12:45:25.541,1788938125.5411,2574,-1856,-23.79
2026-09-09T12:45:25.541,1788938125.5411,2575,1113,14.27
2026-09-09T12:45:25.565,1788938125.5655,2576,-1790,-22.95
2026-09-09T12:45:25.565,1788938125.5655,2577,989,12.68
2026-09-09T12:45:25.588,1788938125.5887,2578,-1704,-21.85
2026-09-09T12:45:25.588,1788938125.5887,2579,878,11.26
2026-09-09T12:45:25.604,1788938125.6047,2580,-1610,-20.64
2026-09-09T12:45:25.604,1788938125.6047,2581,770,9.87
2026-09-09T12:45:25.620,1788938125.6207,2582,-1436,-18.41
2026-09-09T12:45:25.635,1788938125.6359,2583,599,7.68
2026-09-09T12:45:25.635,1788938125.6359,2584,-1274,-16.33
2026-09-09T12:45:25.651,1788938125.6517,2585,1658,21.26
2026-09-09T12:45:25.651,1788938125.6517,2586,-1088,-13.95
2026-09-09T12:45:25.667,1788938125.6678,2587,1638,21.0
2026-09-09T12:45:25.667,1788938125.6678,2588,-927,-11.88
2026-09-09T12:45:25.683,1788938125.6836,2589,1574,20.18
2026-09-09T12:45:25.701,1788938125.7012,2590,-746,-9.56
2026-09-09T12:45:25.708,1788938125.7081,2591,1468,18.82
2026-09-09T12:45:25.721,1788938125.7218,2592,-607,-7.78
2026-09-09T12:45:25.731,1788938125.7320,2593,1334,17.1
2026-09-09T12:45:25.746,1788938125.7468,2594,-1750,-22.44
2026-09-09T12:45:25.750,1788938125.7508,2595,1157,14.83
2026-09-09T12:45:25.762,1788938125.7626,2596,-1698,-21.77
2026-09-09T12:45:25.762,1788938125.7626,2597,984,12.62
2026-09-09T12:45:25.778,1788938125.7785,2598,-1653,-21.19
2026-09-09T12:45:25.778,1788938125.7785,2599,832,10.67
2026-09-09T12:45:25.810,1788938125.8101,2600,-1575,-20.19
2026-09-09T12:45:25.810,1788938125.8101,2601,665,8.53
2026-09-09T12:45:25.825,1788938125.8259,2602,-1432,-18.36
2026-09-09T12:45:25.825,1788938125.8259,2603,507,6.5
2026-09-09T12:45:25.841,1788938125.8419,2604,-1285,-16.47
2026-09-09T12:45:25.850,1788938125.8507,2605,1555,19.94
2026-09-09T12:45:25.859,1788938125.8597,2606,-1145,-14.68
2026-09-09T12:45:25.874,1788938125.8749,2607,1505,19.29
2026-09-09T12:45:25.881,1788938125.8812,2608,-994,-12.74
2026-09-09T12:45:25.893,1788938125.8935,2609,1435,18.4
2026-09-09T12:45:25.900,1788938125.9004,2610,-860,-11.03
2026-09-09T12:45:25.915,1788938125.9158,2611,1295,16.6
2026-09-09T12:45:25.921,1788938125.9212,2612,-678,-8.69
2026-09-09T12:45:25.936,1788938125.9370,2613,1140,14.62
2026-09-09T12:45:25.936,1788938125.9370,2614,-1839,-23.58
2026-09-09T12:45:25.953,1788938125.9531,2615,1021,13.09
2026-09-09T12:45:25.953,1788938125.9531,2616,-1761,-22.58
2026-09-09T12:45:25.968,1788938125.9688,2617,898,11.51
2026-09-09T12:45:25.986,1788938125.9860,2618,-1678,-21.51
2026-09-09T12:45:25.991,1788938125.9912,2619,731,9.37
2026-09-09T12:45:26.000,1788938126.0006,2620,-1519,-19.47
2026-09-09T12:45:26.000,1788938126.0006,2621,625,8.01
2026-09-09T12:45:26.015,1788938126.0158,2622,-1384,-17.74
2026-09-09T12:45:26.033,1788938126.0336,2623,1637,20.99
2026-09-09T12:45:26.047,1788938126.0475,2624,-1189,-15.24
2026-09-09T12:45:26.047,1788938126.0475,2625,1626,20.85
2026-09-09T12:45:26.063,1788938126.0632,2626,-1019,-13.06
2026-09-09T12:45:26.063,1788938126.0632,2627,1542,19.77
2026-09-09T12:45:26.079,1788938126.0791,2628,-838,-10.74
2026-09-09T12:45:26.094,1788938126.0948,2629,1454,18.64
2026-09-09T12:45:26.094,1788938126.0948,2630,-705,-9.04
2026-09-09T12:45:26.110,1788938126.1107,2631,1333,17.09
2026-09-09T12:45:26.116,1788938126.1170,2632,-545,-6.99
2026-09-09T12:45:26.126,1788938126.1265,2633,1188,15.23
2026-09-09T12:45:26.142,1788938126.1422,2634,-1747,-22.4
2026-09-09T12:45:26.142,1788938126.1422,2635,1032,13.23
2026-09-09T12:45:26.158,1788938126.1580,2636,-1690,-21.67
2026-09-09T12:45:26.173,1788938126.1738,2637,888,11.38
2026-09-09T12:45:26.173,1788938126.1738,2638,-1596,-20.46
2026-09-09T12:45:26.189,1788938126.1897,2639,736,9.44
2026-09-09T12:45:26.200,1788938126.2002,2640,-1490,-19.1
2026-09-09T12:45:26.205,1788938126.2054,2641,601,7.71
2026-09-09T12:45:26.221,1788938126.2211,2642,-1307,-16.76
2026-09-09T12:45:26.221,1788938126.2211,2643,1625,20.83
2026-09-09T12:45:26.236,1788938126.2370,2644,-1172,-15.03
2026-09-09T12:45:26.252,1788938126.2527,2645,1582,20.28
2026-09-09T12:45:26.252,1788938126.2527,2646,-1018,-13.05
2026-09-09T12:45:26.268,1788938126.2685,2647,1503,19.27
2026-09-09T12:45:26.291,1788938126.2915,2648,-868,-11.13
2026-09-09T12:45:26.293,1788938126.2936,2649,1404,18.0
2026-09-09T12:45:26.300,1788938126.3003,2650,-715,-9.17
2026-09-09T12:45:26.300,1788938126.3003,2651,1244,15.95
2026-09-09T12:45:26.316,1788938126.3170,2652,-557,-7.14
2026-09-09T12:45:26.332,1788938126.3321,2653,1100,14.1
2026-09-09T12:45:26.332,1788938126.3321,2654,-1771,-22.71
2026-09-09T12:45:26.348,1788938126.3480,2655,972,12.46
2026-09-09T12:45:26.364,1788938126.3641,2656,-1693,-21.71
2026-09-09T12:45:26.364,1788938126.3641,2657,836,10.72
2026-09-09T12:45:26.380,1788938126.3801,2658,-1547,-19.83
2026-09-09T12:45:26.395,1788938126.3959,2659,709,9.09
2026-09-09T12:45:26.395,1788938126.3959,2660,-1424,-18.26
2026-09-09T12:45:26.411,1788938126.4118,2661,566,7.26
2026-09-09T12:45:26.427,1788938126.4279,2662,-1254,-16.08
2026-09-09T12:45:26.429,1788938126.4299,2663,1630,20.9
2026-09-09T12:45:26.441,1788938126.4416,2664,-1076,-13.79
2026-09-09T12:45:26.443,1788938126.4436,2665,1590,20.38
2026-09-09T12:45:26.459,1788938126.4593,2666,-927,-11.88
2026-09-09T12:45:26.475,1788938126.4754,2667,1530,19.62
2026-09-09T12:45:26.475,1788938126.4754,2668,-746,-9.56
2026-09-09T12:45:26.491,1788938126.4914,2669,1413,18.12
2026-09-09T12:45:26.491,1788938126.4914,2670,-598,-7.67
2026-09-09T12:45:26.507,1788938126.5072,2671,1264,16.21
2026-09-09T12:45:26.523,1788938126.5231,2672,-446,-5.72
2026-09-09T12:45:26.523,1788938126.5231,2673,1114,14.28
2026-09-09T12:45:26.542,1788938126.5427,2674,-1700,-21.79
2026-09-09T12:45:26.542,1788938126.5427,2675,986,12.64
2026-09-09T12:45:26.570,1788938126.5710,2676,-1615,-20.71
2026-09-09T12:45:26.571,1788938126.5716,2677,833,10.68
2026-09-09T12:45:26.586,1788938126.5869,2678,-1490,-19.1
2026-09-09T12:45:26.590,1788938126.5910,2679,702,9.0
2026-09-09T12:45:26.602,1788938126.6028,2680,-1328,-17.03
2026-09-09T12:45:26.602,1788938126.6028,2681,558,7.15
2026-09-09T12:45:26.618,1788938126.6186,2682,-1174,-15.05
2026-09-09T12:45:26.634,1788938126.6343,2683,1645,21.09
2026-09-09T12:45:26.642,1788938126.6423,2684,-984,-12.62
2026-09-09T12:45:26.650,1788938126.6507,2685,1613,20.68
2026-09-09T12:45:26.650,1788938126.6507,2686,-856,-10.97
2026-09-09T12:45:26.668,1788938126.6684,2687,1492,19.13
2026-09-09T12:45:26.688,1788938126.6882,2688,-696,-8.92
2026-09-09T12:45:26.697,1788938126.6977,2689,1367,17.53
2026-09-09T12:45:26.699,1788938126.6997,2690,-560,-7.18
2026-09-09T12:45:26.713,1788938126.7138,2691,1225,15.71
2026-09-09T12:45:26.721,1788938126.7215,2692,-404,-5.18
2026-09-09T12:45:26.731,1788938126.7313,2693,1088,13.95
2026-09-09T12:45:26.745,1788938126.7454,2694,-1650,-21.15
2026-09-09T12:45:26.751,1788938126.7514,2695,951,12.19
2026-09-09T12:45:26.761,1788938126.7613,2696,-1554,-19.92
2026-09-09T12:45:26.761,1788938126.7613,2697,803,10.29
2026-09-09T12:45:26.777,1788938126.7774,2698,-1432,-18.36
2026-09-09T12:45:26.793,1788938126.7931,2699,651,8.35
2026-09-09T12:45:26.793,1788938126.7931,2700,-1274,-16.33
2026-09-09T12:45:26.808,1788938126.8089,2701,519,6.65
2026-09-09T12:45:26.824,1788938126.8246,2702,-1109,-14.22
2026-09-09T12:45:26.824,1788938126.8246,2703,1654,21.21
2026-09-09T12:45:26.840,1788938126.8405,2704,-944,-12.1
2026-09-09T12:45:26.856,1788938126.8562,2705,1577,20.22
2026-09-09T12:45:26.860,1788938126.8600,2706,-776,-9.95
2026-09-09T12:45:26.872,1788938126.8723,2707,1467,18.81
2026-09-09T12:45:26.872,1788938126.8723,2708,-648,-8.31
2026-09-09T12:45:26.890,1788938126.8903,2709,1330,17.05
2026-09-09T12:45:26.903,1788938126.9040,2710,-500,-6.41
2026-09-09T12:45:26.903,1788938126.9040,2711,1212,15.54
2026-09-09T12:45:26.920,1788938126.9202,2712,-321,-4.12
2026-09-09T12:45:26.920,1788938126.9202,2713,1063,13.63
2026-09-09T12:45:26.936,1788938126.9363,2714,-1619,-20.76
2026-09-09T12:45:26.952,1788938126.9520,2715,930,11.92
2026-09-09T12:45:26.952,1788938126.9520,2716,-1495,-19.17
2026-09-09T12:45:26.967,1788938126.9679,2717,813,10.42
2026-09-09T12:45:26.967,1788938126.9679,2718,-1342,-17.21
2026-09-09T12:45:26.999,1788938126.9997,2719,664,8.51
2026-09-09T12:45:26.999,1788938126.9997,2720,-1197,-15.35
2026-09-09T12:45:27.017,1788938127.0171,2721,536,6.87
2026-09-09T12:45:27.017,1788938127.0176,2722,-1004,-12.87
2026-09-09T12:45:27.031,1788938127.0316,2723,1673,21.45
2026-09-09T12:45:27.031,1788938127.0316,2724,-881,-11.29
2026-09-09T12:45:27.047,1788938127.0477,2725,1580,20.26
2026-09-09T12:45:27.063,1788938127.0635,2726,-717,-9.19
2026-09-09T12:45:27.063,1788938127.0635,2727,1466,18.79
2026-09-09T12:45:27.083,1788938127.0836,2728,-562,-7.21
2026-09-09T12:45:27.088,1788938127.0885,2729,1339,17.17
2026-09-09T12:45:27.105,1788938127.1058,2730,-439,-5.63
2026-09-09T12:45:27.110,1788938127.1109,2731,1181,15.14
2026-09-09T12:45:27.123,1788938127.1231,2732,-280,-3.59
2026-09-09T12:45:27.132,1788938127.1329,2733,1019,13.06
2026-09-09T12:45:27.142,1788938127.1429,2734,-1582,-20.28
2026-09-09T12:45:27.142,1788938127.1429,2735,894,11.46
2026-09-09T12:45:27.158,1788938127.1586,2736,-1470,-18.85
2026-09-09T12:45:27.174,1788938127.1744,2737,737,9.45
2026-09-09T12:45:27.174,1788938127.1744,2738,-1309,-16.78
2026-09-09T12:45:27.190,1788938127.1902,2739,621,7.96
2026-09-09T12:45:27.206,1788938127.2063,2740,-1136,-14.56
2026-09-09T12:45:27.206,1788938127.2063,2741,465,5.96
2026-09-09T12:45:27.221,1788938127.2215,2742,-947,-12.14
2026-09-09T12:45:27.221,1788938127.2215,2743,1670,21.41
2026-09-09T12:45:27.237,1788938127.2372,2744,-839,-10.76
2026-09-09T12:45:27.253,1788938127.2532,2745,1552,19.9
2026-09-09T12:45:27.253,1788938127.2532,2746,-676,-8.67
2026-09-09T12:45:27.269,1788938127.2690,2747,1414,18.13
2026-09-09T12:45:27.284,1788938127.2848,2748,-540,-6.92
2026-09-09T12:45:27.284,1788938127.2848,2749,1284,16.46
2026-09-09T12:45:27.300,1788938127.3009,2750,-381,-4.88
2026-09-09T12:45:27.317,1788938127.3176,2751,1138,14.59
2026-09-09T12:45:27.317,1788938127.3176,2752,-1636,-20.97
2026-09-09T12:45:27.332,1788938127.3328,2753,997,12.78
2026-09-09T12:45:27.340,1788938127.3409,2754,-1548,-19.85
2026-09-09T12:45:27.348,1788938127.3487,2755,852,10.92
2026-09-09T12:45:27.364,1788938127.3646,2756,-1415,-18.14
2026-09-09T12:45:27.364,1788938127.3646,2757,711,9.12
2026-09-09T12:45:27.380,1788938127.3803,2758,-1270,-16.28
2026-09-09T12:45:27.380,1788938127.3803,2759,579,7.42
2026-09-09T12:45:27.405,1788938127.4056,2760,-1082,-13.87
2026-09-09T12:45:27.411,1788938127.4117,2761,422,5.41
2026-09-09T12:45:27.429,1788938127.4295,2762,-941,-12.06
2026-09-09T12:45:27.429,1788938127.4295,2763,1623,20.81
2026-09-09T12:45:27.443,1788938127.4434,2764,-765,-9.81
2026-09-09T12:45:27.443,1788938127.4434,2765,1534,19.67
2026-09-09T12:45:27.463,1788938127.4636,2766,-614,-7.87
2026-09-09T12:45:27.478,1788938127.4787,2767,1415,18.14
2026-09-09T12:45:27.483,1788938127.4835,2768,-483,-6.19
2026-09-09T12:45:27.491,1788938127.4914,2769,1245,15.96
2026-09-09T12:45:27.491,1788938127.4914,2770,-324,-4.15
2026-09-09T12:45:27.507,1788938127.5077,2771,1115,14.29
2026-09-09T12:45:27.518,1788938127.5189,2772,-1603,-20.55
2026-09-09T12:45:27.523,1788938127.5234,2773,938,12.03
2026-09-09T12:45:29.046,1788938129.0470,2774,1076,13.79
2026-09-09T12:45:29.064,1788938129.0643,2775,-336,-4.31
2026-09-09T12:45:29.068,1788938129.0683,2776,924,11.85
2026-09-09T12:45:29.078,1788938129.0781,2777,-191,-2.45
2026-09-09T12:45:29.078,1788938129.0781,2778,832,10.67
2026-09-09T12:45:29.109,1788938129.1097,2779,-26,-0.33
2026-09-09T12:45:29.109,1788938129.1097,2780,656,8.41
2026-09-09T12:45:29.124,1788938129.1249,2781,-1258,-16.13
2026-09-09T12:45:29.135,1788938129.1356,2782,544,6.97
2026-09-09T12:45:29.140,1788938129.1406,2783,-1084,-13.9
2026-09-09T12:45:29.156,1788938129.1564,2784,365,4.68
2026-09-09T12:45:29.156,1788938129.1564,2785,-947,-12.14
2026-09-09T12:45:29.172,1788938129.1721,2786,221,2.83
2026-09-09T12:45:29.172,1788938129.1721,2787,-782,-10.03
2026-09-09T12:45:29.188,1788938129.1881,2788,89,1.14
2026-09-09T12:45:29.203,1788938129.2039,2789,-673,-8.63
2026-09-09T12:45:29.211,1788938129.2119,2790,1218,15.62
2026-09-09T12:45:29.225,1788938129.2259,2791,-536,-6.87
2026-09-09T12:45:29.225,1788938129.2259,2792,1073,13.76
2026-09-09T12:45:29.235,1788938129.2354,2793,-392,-5.03
2026-09-09T12:45:29.251,1788938129.2511,2794,972,12.46
2026-09-09T12:45:29.276,1788938129.2761,2795,-280,-3.59
2026-09-09T12:45:29.280,1788938129.2801,2796,852,10.92
2026-09-09T12:45:29.283,1788938129.2837,2797,-131,-1.68
2026-09-09T12:45:29.288,1788938129.2887,2798,736,9.44
2026-09-09T12:45:29.288,1788938129.2887,2799,30,0.38
2026-09-09T12:45:29.304,1788938129.3048,2800,644,8.26
2026-09-09T12:45:29.322,1788938129.3227,2801,-1186,-15.21
2026-09-09T12:45:29.332,1788938129.3323,2802,484,6.21
2026-09-09T12:45:29.343,1788938129.3436,2803,-1084,-13.9
2026-09-09T12:45:29.343,1788938129.3436,2804,373,4.78
2026-09-09T12:45:29.361,1788938129.3620,2805,-943,-12.09
2026-09-09T12:45:29.370,1788938129.3701,2806,252,3.23
2026-09-09T12:45:29.387,1788938129.3878,2807,-818,-10.49
2026-09-09T12:45:29.389,1788938129.3896,2808,76,0.97
2026-09-09T12:45:29.406,1788938129.4065,2809,-674,-8.64
2026-09-09T12:45:29.413,1788938129.4135,2810,1356,17.38
2026-09-09T12:45:29.429,1788938129.4293,2811,-526,-6.74
2026-09-09T12:45:29.429,1788938129.4293,2812,1231,15.78
2026-09-09T12:45:29.429,1788938129.4293,2813,-390,-5.0
2026-09-09T12:45:29.445,1788938129.4454,2814,1097,14.06
2026-09-09T12:45:29.463,1788938129.4631,2815,-246,-3.15
2026-09-09T12:45:29.463,1788938129.4631,2816,953,12.22
2026-09-09T12:45:29.480,1788938129.4809,2817,-82,-1.05
2026-09-09T12:45:29.492,1788938129.4929,2818,788,10.1
2026-09-09T12:45:29.492,1788938129.4929,2819,83,1.06
2026-09-09T12:45:29.509,1788938129.5093,2820,688,8.82
2026-09-09T12:45:29.525,1788938129.5252,2821,-1289,-16.53
2026-09-09T12:45:29.531,1788938129.5313,2822,536,6.87
2026-09-09T12:45:29.540,1788938129.5409,2823,-1128,-14.46
2026-09-09T12:45:29.552,1788938129.5520,2824,397,5.09
2026-09-09T12:45:29.561,1788938129.5611,2825,-974,-12.49
2026-09-09T12:45:29.572,1788938129.5728,2826,228,2.92
2026-09-09T12:45:29.581,1788938129.5816,2827,-846,-10.85
2026-09-09T12:45:29.587,1788938129.5879,2828,63,0.81
2026-09-09T12:45:29.603,1788938129.6038,2829,-702,-9.0
2026-09-09T12:45:29.603,1788938129.6038,2830,1408,18.05
2026-09-09T12:45:29.621,1788938129.6217,2831,-546,-7.0
2026-09-09T12:45:29.627,1788938129.6274,2832,1246,15.97
2026-09-09T12:45:29.640,1788938129.6402,2833,-402,-5.15
2026-09-09T12:45:29.652,1788938129.6525,2834,1089,13.96
2026-09-09T12:45:29.663,1788938129.6639,2835,-217,-2.78
2026-09-09T12:45:29.663,1788938129.6639,2836,961,12.32
2026-09-09T12:45:29.682,1788938129.6821,2837,-68,-0.87
2026-09-09T12:45:29.695,1788938129.6957,2838,809,10.37
2026-09-09T12:45:29.695,1788938129.6957,2839,97,1.24
2026-09-09T12:45:29.711,1788938129.7117,2840,642,8.23
2026-09-09T12:45:29.721,1788938129.7214,2841,-1379,-17.68
2026-09-09T12:45:29.728,1788938129.7285,2842,519,6.65
2026-09-09T12:45:29.743,1788938129.7434,2843,-1212,-15.54
2026-09-09T12:45:29.743,1788938129.7434,2844,363,4.65
2026-09-09T12:45:29.759,1788938129.7597,2845,-1011,-12.96
2026-09-09T12:45:29.775,1788938129.7755,2846,183,2.35
2026-09-09T12:45:29.784,1788938129.7846,2847,-858,-11.0
2026-09-09T12:45:29.791,1788938129.7916,2848,14,0.18
2026-09-09T12:45:29.807,1788938129.8075,2849,-678,-8.69
2026-09-09T12:45:29.807,1788938129.8075,2850,1443,18.5
2026-09-09T12:45:29.823,1788938129.8232,2851,-507,-6.5
2026-09-09T12:45:29.827,1788938129.8280,2852,1285,16.47
2026-09-09T12:45:29.840,1788938129.8407,2853,-347,-4.45
2026-09-09T12:45:29.854,1788938129.8544,2854,1140,14.62
2026-09-09T12:45:29.854,1788938129.8544,2855,-183,-2.35
2026-09-09T12:45:29.872,1788938129.8724,2856,975,12.5
2026-09-09T12:45:29.886,1788938129.8861,2857,-10,-0.13
2026-09-09T12:45:29.886,1788938129.8861,2858,823,10.55
2026-09-09T12:45:29.902,1788938129.9021,2859,-1483,-19.01
2026-09-09T12:45:29.902,1788938129.9021,2860,667,8.55
2026-09-09T12:45:29.918,1788938129.9181,2861,-1326,-17.0
2026-09-09T12:45:29.933,1788938129.9339,2862,523,6.71
2026-09-09T12:45:29.933,1788938129.9339,2863,-1140,-14.62
2026-09-09T12:45:29.949,1788938129.9499,2864,346,4.44
2026-09-09T12:45:29.949,1788938129.9499,2865,-972,-12.46
2026-09-09T12:45:29.966,1788938129.9662,2866,169,2.17
2026-09-09T12:45:29.982,1788938129.9822,2867,-800,-10.26
2026-09-09T12:45:29.982,1788938129.9822,2868,-48,-0.62
2026-09-09T12:45:29.998,1788938129.9983,2869,-668,-8.56
2026-09-09T12:45:30.016,1788938130.0169,2870,1457,18.68
2026-09-09T12:45:30.016,1788938130.0169,2871,-496,-6.36
2026-09-09T12:45:30.038,1788938130.0388,2872,1295,16.6
2026-09-09T12:45:30.038,1788938130.0388,2873,-320,-4.1
2026-09-09T12:45:30.051,1788938130.0519,2874,1126,14.44
2026-09-09T12:45:30.061,1788938130.0616,2875,-155,-1.99
2026-09-09T12:45:30.077,1788938130.0778,2876,970,12.44
2026-09-09T12:45:30.079,1788938130.0798,2877,25,0.32
2026-09-09T12:45:30.079,1788938130.0798,2878,818,10.49
2026-09-09T12:45:30.101,1788938130.1015,2879,-1523,-19.53
2026-09-09T12:45:30.109,1788938130.1095,2880,650,8.33
2026-09-09T12:45:30.125,1788938130.1254,2881,-1321,-16.94
2026-09-09T12:45:30.130,1788938130.1304,2882,479,6.14
2026-09-09T12:45:30.141,1788938130.1415,2883,-1156,-14.82
2026-09-09T12:45:30.151,1788938130.1512,2884,306,3.92
2026-09-09T12:45:30.157,1788938130.1575,2885,-999,-12.81
2026-09-09T12:45:30.173,1788938130.1735,2886,118,1.51
2026-09-09T12:45:30.180,1788938130.1807,2887,-807,-10.35
2026-09-09T12:45:30.189,1788938130.1894,2888,-87,-1.12
2026-09-09T12:45:30.189,1788938130.1894,2889,-651,-8.35
2026-09-09T12:45:30.216,1788938130.2170,2890,1421,18.22
2026-09-09T12:45:30.221,1788938130.2212,2891,-463,-5.94
2026-09-09T12:45:30.228,1788938130.2287,2892,1256,16.1
2026-09-09T12:45:30.237,1788938130.2372,2893,-275,-3.53
2026-09-09T12:45:30.255,1788938130.2554,2894,1079,13.83
2026-09-09T12:45:30.255,1788938130.2554,2895,-94,-1.21
2026-09-09T12:45:30.271,1788938130.2712,2896,907,11.63
2026-09-09T12:45:30.284,1788938130.2850,2897,95,1.22
2026-09-09T12:45:30.284,1788938130.2850,2898,747,9.58
2026-09-09T12:45:30.300,1788938130.3007,2899,-1458,-18.69
2026-09-09T12:45:30.318,1788938130.3186,2900,635,8.14
2026-09-09T12:45:30.318,1788938130.3186,2901,-1284,-16.46
2026-09-09T12:45:30.332,1788938130.3323,2902,431,5.53
2026-09-09T12:45:30.332,1788938130.3323,2903,-1099,-14.09
2026-09-09T12:45:30.348,1788938130.3482,2904,255,3.27
2026-09-09T12:45:30.363,1788938130.3638,2905,-922,-11.82
2026-09-09T12:45:30.363,1788938130.3638,2906,54,0.69
2026-09-09T12:45:30.380,1788938130.3810,2907,-746,-9.56
2026-09-09T12:45:30.394,1788938130.3946,2908,-151,-1.94
2026-09-09T12:45:30.394,1788938130.3946,2909,-595,-7.63
2026-09-09T12:45:30.410,1788938130.4103,2910,1397,17.91
2026-09-09T12:45:30.428,1788938130.4285,2911,-411,-5.27
2026-09-09T12:45:30.431,1788938130.4313,2912,1192,15.28
2026-09-09T12:45:30.442,1788938130.4420,2913,-230,-2.95
2026-09-09T12:45:30.458,1788938130.4581,2914,1059,13.58
2026-09-09T12:45:30.458,1788938130.4581,2915,-49,-0.63
2026-09-09T12:45:30.474,1788938130.4740,2916,875,11.22
2026-09-09T12:45:30.479,1788938130.4798,2917,156,2.0
2026-09-09T12:45:30.489,1788938130.4900,2918,703,9.01
2026-09-09T12:45:30.505,1788938130.5057,2919,-1441,-18.47
2026-09-09T12:45:30.505,1788938130.5057,2920,568,7.28
2026-09-09T12:45:30.521,1788938130.5217,2921,-1219,-15.63
2026-09-09T12:45:30.539,1788938130.5397,2922,388,4.97
2026-09-09T12:45:30.539,1788938130.5397,2923,-1070,-13.72
2026-09-09T12:45:30.553,1788938130.5535,2924,199,2.55
2026-09-09T12:45:30.561,1788938130.5618,2925,-862,-11.05
2026-09-09T12:45:30.570,1788938130.5704,2926,-22,-0.28
2026-09-09T12:45:30.570,1788938130.5704,2927,-698,-8.95
2026-09-09T12:45:30.585,1788938130.5855,2928,-243,-3.12
2026-09-09T12:45:30.601,1788938130.6014,2929,-538,-6.9
2026-09-09T12:45:30.617,1788938130.6172,2930,1321,16.94
2026-09-09T12:45:30.620,1788938130.6210,2931,-362,-4.64
2026-09-09T12:45:30.630,1788938130.6308,2932,1144,14.67
2026-09-09T12:45:30.640,1788938130.6409,2933,-173,-2.22
2026-09-09T12:45:30.650,1788938130.6505,2934,1000,12.82
2026-09-09T12:45:30.664,1788938130.6646,2935,-12,-0.15
2026-09-09T12:45:30.672,1788938130.6726,2936,820,10.51
2026-09-09T12:45:30.680,1788938130.6805,2937,193,2.47
2026-09-09T12:45:30.690,1788938130.6906,2938,673,8.63
2026-09-09T12:45:30.696,1788938130.6965,2939,-1363,-17.47
2026-09-09T12:45:30.712,1788938130.7125,2940,505,6.47
2026-09-09T12:45:30.721,1788938130.7217,2941,-1198,-15.36
2026-09-09T12:45:30.734,1788938130.7340,2942,305,3.91
2026-09-09T12:45:30.739,1788938130.7392,2943,-1005,-12.88
2026-09-09T12:45:30.744,1788938130.7442,2944,132,1.69
2026-09-09T12:45:30.760,1788938130.7601,2945,-825,-10.58
2026-09-09T12:45:30.775,1788938130.7759,2946,-61,-0.78
2026-09-09T12:45:30.775,1788938130.7759,2947,-637,-8.17
2026-09-09T12:45:30.791,1788938130.7920,2948,-330,-4.23
2026-09-09T12:45:30.791,1788938130.7920,2949,-469,-6.01
2026-09-09T12:45:30.807,1788938130.8079,2950,1274,16.33
2026-09-09T12:45:30.823,1788938130.8239,2951,-313,-4.01
2026-09-09T12:45:30.830,1788938130.8301,2952,1129,14.47
2026-09-09T12:45:30.839,1788938130.8400,2953,-129,-1.65
2026-09-09T12:45:30.839,1788938130.8400,2954,936,12.0
2026-09-09T12:45:30.871,1788938130.8718,2955,49,0.63
2026-09-09T12:45:30.871,1788938130.8718,2956,777,9.96
2026-09-09T12:45:30.887,1788938130.8876,2957,274,3.51
2026-09-09T12:45:30.889,1788938130.8896,2958,621,7.96
2026-09-09T12:45:30.906,1788938130.9069,2959,-1302,-16.69
2026-09-09T12:45:30.906,1788938130.9069,2960,445,5.71
2026-09-09T12:45:30.920,1788938130.9205,2961,-1109,-14.22
2026-09-09T12:45:30.930,1788938130.9305,2962,285,3.65
2026-09-09T12:45:30.934,1788938130.9350,2963,-937,-12.01
2026-09-09T12:45:30.951,1788938130.9511,2964,72,0.92
2026-09-09T12:45:30.951,1788938130.9511,2965,-800,-10.26
2026-09-09T12:45:30.967,1788938130.9671,2966,-153,-1.96
2026-09-09T12:45:30.982,1788938130.9829,2967,-625,-8.01
2026-09-09T12:45:30.982,1788938130.9829,2968,-410,-5.26
2026-09-09T12:45:31.000,1788938131.0007,2969,-436,-5.59
2026-09-09T12:45:31.017,1788938131.0178,2970,1230,15.77
2026-09-09T12:45:31.017,1788938131.0178,2971,-276,-3.54
2026-09-09T12:45:31.030,1788938131.0305,2972,1046,13.41
2026-09-09T12:45:31.046,1788938131.0465,2973,-63,-0.81
2026-09-09T12:45:31.046,1788938131.0465,2974,890,11.41
2026-09-09T12:45:31.062,1788938131.0622,2975,102,1.31
2026-09-09T12:45:31.062,1788938131.0622,2976,722,9.26
2026-09-09T12:45:31.079,1788938131.0800,2977,328,4.21
2026-09-09T12:45:31.093,1788938131.0936,2978,555,7.12
2026-09-09T12:45:31.093,1788938131.0936,2979,-1260,-16.15
2026-09-09T12:45:31.109,1788938131.1093,2980,415,5.32
2026-09-09T12:45:31.125,1788938131.1253,2981,-1087,-13.94
2026-09-09T12:45:31.131,1788938131.1313,2982,207,2.65
2026-09-09T12:45:31.141,1788938131.1412,2983,-918,-11.77
2026-09-09T12:45:31.141,1788938131.1412,2984,6,0.08
2026-09-09T12:45:31.165,1788938131.1652,2985,-738,-9.46
2026-09-09T12:45:31.170,1788938131.1704,2986,-235,-3.01
2026-09-09T12:45:31.189,1788938131.1891,2987,-546,-7.0
2026-09-09T12:45:31.189,1788938131.1891,2988,-532,-6.82
2026-09-09T12:45:31.204,1788938131.2050,2989,-402,-5.15
2026-09-09T12:45:31.204,1788938131.2050,2990,1185,15.19
2026-09-09T12:45:31.220,1788938131.2207,2991,-217,-2.78
2026-09-09T12:45:31.231,1788938131.2316,2992,1004,12.87
2026-09-09T12:45:31.236,1788938131.2367,2993,-40,-0.51
2026-09-09T12:45:31.252,1788938131.2524,2994,849,10.88
2026-09-09T12:45:31.261,1788938131.2614,2995,162,2.08
2026-09-09T12:45:31.268,1788938131.2683,2996,661,8.47
2026-09-09T12:45:31.268,1788938131.2683,2997,391,5.01
2026-09-09T12:45:31.290,1788938131.2903,2998,482,6.18
2026-09-09T12:45:31.301,1788938131.3018,2999,-1216,-15.59
2026-09-09T12:45:31.301,1788938131.3018,3000,314,4.03
2026-09-09T12:45:31.324,1788938131.3247,3001,-1027,-13.17
2026-09-09T12:45:31.331,1788938131.3316,3002,122,1.56
2026-09-09T12:45:31.331,1788938131.3316,3003,-886,-11.36
2026-09-09T12:45:31.347,1788938131.3475,3004,-70,-0.9
2026-09-09T12:45:31.363,1788938131.3636,3005,-706,-9.05
2026-09-09T12:45:31.363,1788938131.3636,3006,-323,-4.14
2026-09-09T12:45:31.381,1788938131.3816,3007,-530,-6.79
2026-09-09T12:45:31.397,1788938131.3975,3008,1262,16.18
2026-09-09T12:45:31.397,1788938131.3975,3009,-345,-4.42
2026-09-09T12:45:31.411,1788938131.4115,3010,1089,13.96
2026-09-09T12:45:31.411,1788938131.4115,3011,-164,-2.1
2026-09-09T12:45:31.433,1788938131.4332,3012,909,11.65
2026-09-09T12:45:31.443,1788938131.4432,3013,25,0.32
2026-09-09T12:45:31.443,1788938131.4432,3014,774,9.92
2026-09-09T12:45:31.459,1788938131.4590,3015,239,3.06
2026-09-09T12:45:31.474,1788938131.4750,3016,594,7.62
2026-09-09T12:45:31.481,1788938131.4810,3017,504,6.46
2026-09-09T12:45:31.492,1788938131.4929,3018,439,5.63
2026-09-09T12:45:31.506,1788938131.5067,3019,-1127,-14.45
2026-09-09T12:45:31.506,1788938131.5067,3020,267,3.42
2026-09-09T12:45:31.522,1788938131.5225,3021,-970,-12.44
2026-09-09T12:45:31.533,1788938131.5334,3022,86,1.1
2026-09-09T12:45:31.547,1788938131.5471,3023,-786,-10.08
2026-09-09T12:45:31.559,1788938131.5591,3024,-147,-1.88
2026-09-09T12:45:31.559,1788938131.5591,3025,-614,-7.87
2026-09-09T12:45:31.570,1788938131.5709,3026,-388,-4.97
2026-09-09T12:45:31.585,1788938131.5859,3027,-454,-5.82
2026-09-09T12:45:31.591,1788938131.5919,3028,1205,15.45
2026-09-09T12:45:31.601,1788938131.6017,3029,-270,-3.46
2026-09-09T12:45:31.617,1788938131.6176,3030,1080,13.85
2026-09-09T12:45:31.629,1788938131.6293,3031,-105,-1.35
2026-09-09T12:45:31.633,1788938131.6333,3032,876,11.23
2026-09-09T12:45:31.643,1788938131.6435,3033,100,1.28
2026-09-09T12:45:31.643,1788938131.6435,3034,748,9.59
2026-09-09T12:45:31.661,1788938131.6612,3035,361,4.63
2026-09-09T12:45:31.661,1788938131.6612,3036,596,7.64
2026-09-09T12:45:31.674,1788938131.6748,3037,634,8.13
2026-09-09T12:45:31.690,1788938131.6905,3038,428,5.49
2026-09-09T12:45:31.690,1788938131.6905,3039,-1058,-13.56
2026-09-09T12:45:31.706,1788938131.7062,3040,251,3.22
2026-09-09T12:45:31.726,1788938131.7265,3041,-866,-11.1
2026-09-09T12:45:31.737,1788938131.7380,3042,10,0.13
2026-09-09T12:45:31.744,1788938131.7442,3043,-706,-9.05
2026-09-09T12:45:31.753,1788938131.7530,3044,-199,-2.55
2026-09-09T12:45:31.753,1788938131.7530,3045,-527,-6.76
2026-09-09T12:45:31.769,1788938131.7691,3046,-480,-6.15
2026-09-09T12:45:31.769,1788938131.7691,3047,-375,-4.81
2026-09-09T12:45:31.784,1788938131.7848,3048,1184,15.18
2026-09-09T12:45:31.803,1788938131.8031,3049,-187,-2.4
2026-09-09T12:45:31.808,1788938131.8081,3050,1011,12.96
2026-09-09T12:45:31.816,1788938131.8162,3051,-18,-0.23
2026-09-09T12:45:31.833,1788938131.8331,3052,843,10.81
2026-09-09T12:45:31.847,1788938131.8479,3053,175,2.24
2026-09-09T12:45:31.853,1788938131.8535,3054,687,8.81
2026-09-09T12:45:31.863,1788938131.8639,3055,412,5.28
2026-09-09T12:45:31.863,1788938131.8639,3056,527,6.76
2026-09-09T12:45:31.882,1788938131.8820,3057,721,9.24
2026-09-09T12:45:31.889,1788938131.8897,3058,335,4.29
2026-09-09T12:45:31.895,1788938131.8960,3059,-1007,-12.91
2026-09-09T12:45:31.911,1788938131.9118,3060,162,2.08
2026-09-09T12:45:31.927,1788938131.9277,3061,-855,-10.96
2026-09-09T12:45:31.933,1788938131.9331,3062,-50,-0.64
2026-09-09T12:45:31.933,1788938131.9331,3063,-670,-8.59
2026-09-09T12:45:31.945,1788938131.9455,3064,-271,-3.47
2026-09-09T12:45:31.959,1788938131.9595,3065,-499,-6.4
2026-09-09T12:45:31.977,1788938131.9772,3066,-560,-7.18
2026-09-09T12:45:31.977,1788938131.9772,3067,-319,-4.09
2026-09-09T12:45:31.991,1788938131.9911,3068,1119,14.35
2026-09-09T12:45:31.991,1788938131.9911,3069,-146,-1.87
2026-09-09T12:45:32.014,1788938132.0140,3070,959,12.29
2026-09-09T12:45:32.023,1788938132.0237,3071,46,0.59
2026-09-09T12:45:32.033,1788938132.0332,3072,787,10.09
2026-09-09T12:45:32.041,1788938132.0415,3073,244,3.13
2026-09-09T12:45:32.041,1788938132.0415,3074,647,8.29
2026-09-09T12:45:32.055,1788938132.0552,3075,508,6.51
2026-09-09T12:45:32.071,1788938132.0713,3076,479,6.14
2026-09-09T12:45:32.071,1788938132.0713,3077,817,10.47
2026-09-09T12:45:32.087,1788938132.0870,3078,290,3.72
2026-09-09T12:45:32.105,1788938132.1053,3079,-943,-12.09
2026-09-09T12:45:32.105,1788938132.1053,3080,66,0.85
2026-09-09T12:45:32.119,1788938132.1190,3081,-747,-9.58
2026-09-09T12:45:32.134,1788938132.1349,3082,-99,-1.27
2026-09-09T12:45:32.134,1788938132.1349,3083,-619,-7.94
2026-09-09T12:45:32.152,1788938132.1521,3084,-372,-4.77
2026-09-09T12:45:32.168,1788938132.1685,3085,-447,-5.73
2026-09-09T12:45:32.168,1788938132.1685,3086,-685,-8.78
2026-09-09T12:45:32.182,1788938132.1825,3087,-291,-3.73
2026-09-09T12:45:32.182,1788938132.1825,3088,1059,13.58
2026-09-09T12:45:32.200,1788938132.2005,3089,-106,-1.36
2026-09-09T12:45:32.200,1788938132.2005,3090,867,11.12
2026-09-09T12:45:32.214,1788938132.2146,3091,64,0.82
2026-09-09T12:45:32.233,1788938132.2332,3092,724,9.28
2026-09-09T12:45:32.233,1788938132.2332,3093,285,3.65
2026-09-09T12:45:32.246,1788938132.2467,3094,565,7.24
2026-09-09T12:45:32.262,1788938132.2624,3095,590,7.56
2026-09-09T12:45:32.262,1788938132.2624,3096,381,4.88
2026-09-09T12:45:32.278,1788938132.2781,3097,875,11.22
2026-09-09T12:45:32.293,1788938132.2938,3098,209,2.68
2026-09-09T12:45:32.293,1788938132.2938,3099,-900,-11.54
2026-09-09T12:45:32.309,1788938132.3097,3100,20,0.26
2026-09-09T12:45:32.309,1788938132.3097,3101,-736,-9.44
2026-09-09T12:45:32.333,1788938132.3330,3102,-185,-2.37
2026-09-09T12:45:32.341,1788938132.3416,3103,-556,-7.13
2026-09-09T12:45:32.341,1788938132.3416,3104,-462,-5.92
2026-09-09T12:45:32.359,1788938132.3595,3105,-432,-5.54
2026-09-09T12:45:32.373,1788938132.3735,3106,-790,-10.13
2026-09-09T12:45:32.373,1788938132.3735,3107,-216,-2.77
2026-09-09T12:45:32.391,1788938132.3915,3108,986,12.64
2026-09-09T12:45:32.391,1788938132.3915,3109,-14,-0.18
2026-09-09T12:45:32.405,1788938132.4055,3110,818,10.49
2026-09-09T12:45:32.423,1788938132.4236,3111,167,2.14
2026-09-09T12:45:32.433,1788938132.4332,3112,675,8.65
2026-09-09T12:45:32.437,1788938132.4375,3113,404,5.18
2026-09-09T12:45:32.455,1788938132.4553,3114,491,6.29
2026-09-09T12:45:32.455,1788938132.4553,3115,677,8.68
2026-09-09T12:45:32.469,1788938132.4694,3116,319,4.09
2026-09-09T12:45:32.485,1788938132.4852,3117,-1019,-13.06
2026-09-09T12:45:32.485,1788938132.4852,3118,130,1.67
2026-09-09T12:45:32.507,1788938132.5071,3119,-818,-10.49
2026-09-09T12:45:32.516,1788938132.5170,3120,-34,-0.44
2026-09-09T12:45:32.521,1788938132.5210,3121,-655,-8.4
2026-09-09T12:45:32.533,1788938132.5330,3122,-280,-3.59
2026-09-09T12:45:32.533,1788938132.5330,3123,-479,-6.14
2026-09-09T12:45:32.559,1788938132.5591,3124,-549,-7.04
2026-09-09T12:45:32.559,1788938132.5591,3125,-327,-4.19
2026-09-09T12:45:32.572,1788938132.5720,3126,-893,-11.45
2026-09-09T12:45:32.583,1788938132.5831,3127,-139,-1.78
2026-09-09T12:45:32.591,1788938132.5918,3128,943,12.09
2026-09-09T12:45:32.596,1788938132.5969,3129,62,0.79
2026-09-09T12:45:32.612,1788938132.6125,3130,787,10.09
2026-09-09T12:45:32.622,1788938132.6226,3131,239,3.06
2026-09-09T12:45:32.628,1788938132.6286,3132,631,8.09
2026-09-09T12:45:32.644,1788938132.6444,3133,468,6.0
2026-09-09T12:45:32.650,1788938132.6504,3134,471,6.04
2026-09-09T12:45:32.662,1788938132.6620,3135,765,9.81
2026-09-09T12:45:32.662,1788938132.6620,3136,259,3.32
2026-09-09T12:45:32.692,1788938132.6927,3137,-955,-12.24
2026-09-09T12:45:32.694,1788938132.6948,3138,59,0.76
2026-09-09T12:45:32.699,1788938132.6999,3139,-810,-10.38
2026-09-09T12:45:32.710,1788938132.7102,3140,-114,-1.46
2026-09-09T12:45:32.724,1788938132.7245,3141,-650,-8.33
2026-09-09T12:45:32.733,1788938132.7339,3142,-394,-5.05
2026-09-09T12:45:32.739,1788938132.7395,3143,-449,-5.76
2026-09-09T12:45:32.755,1788938132.7552,3144,-662,-8.49
2026-09-09T12:45:32.755,1788938132.7552,3145,-257,-3.29
2026-09-09T12:45:32.773,1788938132.7733,3146,-947,-12.14
2026-09-09T12:45:32.773,1788938132.7733,3147,-53,-0.68
2026-09-09T12:45:32.787,1788938132.7871,3148,916,11.74
2026-09-09T12:45:32.803,1788938132.8030,3149,143,1.83
2026-09-09T12:45:32.803,1788938132.8030,3150,811,10.4
2026-09-09T12:45:32.818,1788938132.8188,3151,395,5.06
2026-09-09T12:45:32.833,1788938132.8339,3152,666,8.54
2026-09-09T12:45:32.833,1788938132.8339,3153,698,8.95
2026-09-09T12:45:32.850,1788938132.8500,3154,516,6.62
2026-09-09T12:45:32.860,1788938132.8601,3155,1012,12.97
2026-09-09T12:45:32.866,1788938132.8661,3156,369,4.73
2026-09-09T12:45:32.882,1788938132.8821,3157,-710,-9.1
2026-09-09T12:45:32.882,1788938132.8821,3158,157,2.01
2026-09-09T12:45:32.899,1788938132.9000,3159,-580,-7.44
2026-09-09T12:45:32.913,1788938132.9137,3160,-50,-0.64
2026-09-09T12:45:32.921,1788938132.9217,3161,-443,-5.68
2026-09-09T12:45:32.933,1788938132.9334,3162,-357,-4.58
2026-09-09T12:45:32.935,1788938132.9354,3163,-293,-3.76
2026-09-09T12:45:32.945,1788938132.9457,3164,-659,-8.45
2026-09-09T12:45:32.961,1788938132.9610,3165,-126,-1.62
2026-09-09T12:45:32.961,1788938132.9610,3166,-1025,-13.14
2026-09-09T12:45:32.980,1788938132.9808,3167,29,0.37
2026-09-09T12:45:32.992,1788938132.9928,3168,878,11.26
2026-09-09T12:45:33.008,1788938133.0086,3169,201,2.58
2026-09-09T12:45:33.012,1788938133.0120,3170,709,9.09
2026-09-09T12:45:33.026,1788938133.0269,3171,410,5.26
2026-09-09T12:45:33.026,1788938133.0269,3172,557,7.14
2026-09-09T12:45:33.040,1788938133.0402,3173,706,9.05
2026-09-09T12:45:33.040,1788938133.0402,3174,380,4.87
2026-09-09T12:45:33.055,1788938133.0559,3175,1021,13.09
2026-09-09T12:45:33.071,1788938133.0716,3176,186,2.38
2026-09-09T12:45:33.087,1788938133.0876,3177,-779,-9.99
2026-09-09T12:45:33.087,1788938133.0876,3178,-11,-0.14
2026-09-09T12:45:33.087,1788938133.0876,3179,-628,-8.05
2026-09-09T12:45:33.112,1788938133.1120,3180,-265,-3.4
2026-09-09T12:45:33.121,1788938133.1217,3181,-484,-6.21
2026-09-09T12:45:33.121,1788938133.1217,3182,-506,-6.49
2026-09-09T12:45:33.135,1788938133.1355,3183,-281,-3.6
2026-09-09T12:45:33.151,1788938133.1515,3184,-855,-10.96
2026-09-09T12:45:33.151,1788938133.1515,3185,-156,-2.0
2026-09-09T12:45:33.167,1788938133.1672,3186,-1194,-15.31
2026-09-09T12:45:33.183,1788938133.1831,3187,36,0.46
2026-09-09T12:45:33.195,1788938133.1957,3188,793,10.17
2026-09-09T12:45:33.199,1788938133.1991,3189,214,2.74
2026-09-09T12:45:33.215,1788938133.2151,3190,606,7.77
2026-09-09T12:45:33.228,1788938133.2285,3191,471,6.04
2026-09-09T12:45:33.236,1788938133.2362,3192,446,5.72
2026-09-09T12:45:33.236,1788938133.2362,3193,744,9.54
2026-09-09T12:45:33.246,1788938133.2466,3194,262,3.36
2026-09-09T12:45:33.262,1788938133.2625,3195,1012,12.97
2026-09-09T12:45:33.262,1788938133.2625,3196,86,1.1
2026-09-09T12:45:33.278,1788938133.2786,3197,-811,-10.4
2026-09-09T12:45:33.278,1788938133.2786,3198,-142,-1.82
2026-09-09T12:45:33.294,1788938133.2946,3199,-654,-8.38
2026-09-09T12:45:33.312,1788938133.3129,3200,-394,-5.05
2026-09-09T12:45:33.326,1788938133.3264,3201,-525,-6.73
2026-09-09T12:45:33.326,1788938133.3264,3202,-685,-8.78
2026-09-09T12:45:33.342,1788938133.3421,3203,-327,-4.19
2026-09-09T12:45:33.342,1788938133.3421,3204,-1041,-13.35
2026-09-09T12:45:33.357,1788938133.3578,3205,-137,-1.76
2026-09-09T12:45:33.373,1788938133.3735,3206,-1343,-17.22
2026-09-09T12:45:33.381,1788938133.3814,3207,8,0.1
2026-09-09T12:45:33.389,1788938133.3899,3208,657,8.42
2026-09-09T12:45:33.405,1788938133.4055,3209,235,3.01
2026-09-09T12:45:33.405,1788938133.4055,3210,507,6.5
2026-09-09T12:45:33.428,1788938133.4280,3211,501,6.42
2026-09-09T12:45:33.428,1788938133.4280,3212,348,4.46
2026-09-09T12:45:33.436,1788938133.4366,3213,842,10.79
2026-09-09T12:45:33.452,1788938133.4526,3214,212,2.72
2026-09-09T12:45:33.452,1788938133.4526,3215,1155,14.81
2026-09-09T12:45:33.470,1788938133.4705,3216,24,0.31
2026-09-09T12:45:33.484,1788938133.4845,3217,-729,-9.35
2026-09-09T12:45:33.494,1788938133.4948,3218,-181,-2.32
2026-09-09T12:45:33.500,1788938133.5005,3219,-553,-7.09
2026-09-09T12:45:33.500,1788938133.5005,3220,-422,-5.41
2026-09-09T12:45:33.516,1788938133.5164,3221,-357,-4.58
2026-09-09T12:45:33.532,1788938133.5321,3222,-707,-9.06
2026-09-09T12:45:33.540,1788938133.5406,3223,-185,-2.37
2026-09-09T12:45:33.548,1788938133.5482,3224,-1044,-13.38
2026-09-09T12:45:33.566,1788938133.5661,3225,-5,-0.06
2026-09-09T12:45:33.566,1788938133.5661,3226,856,10.97
2026-09-09T12:45:33.581,1788938133.5815,3227,172,2.21
2026-09-09T12:45:33.595,1788938133.5955,3228,695,8.91
2026-09-09T12:45:33.595,1788938133.5955,3229,348,4.46
2026-09-09T12:45:33.611,1788938133.6114,3230,456,5.85
2026-09-09T12:45:33.611,1788938133.6114,3231,598,7.67
2026-09-09T12:45:33.638,1788938133.6389,3232,305,3.91
2026-09-09T12:45:33.643,1788938133.6433,3233,871,11.17
2026-09-09T12:45:33.652,1788938133.6521,3234,62,0.79
2026-09-09T12:45:33.659,1788938133.6594,3235,1161,14.88
2026-09-09T12:45:33.675,1788938133.6753,3236,-129,-1.65
2026-09-09T12:45:33.675,1788938133.6753,3237,-749,-9.6
2026-09-09T12:45:33.693,1788938133.6934,3238,-336,-4.31
2026-09-09T12:45:33.693,1788938133.6934,3239,-571,-7.32
2026-09-09T12:45:33.707,1788938133.7075,3240,-612,-7.85
2026-09-09T12:45:33.723,1788938133.7232,3241,-398,-5.1
2026-09-09T12:45:33.733,1788938133.7330,3242,-883,-11.32
2026-09-09T12:45:33.745,1788938133.7451,3243,-197,-2.53
2026-09-09T12:45:33.756,1788938133.7568,3244,-1198,-15.36
2026-09-09T12:45:33.756,1788938133.7568,3245,-11,-0.14
2026-09-09T12:45:33.770,1788938133.7708,3246,782,10.03
2026-09-09T12:45:33.770,1788938133.7708,3247,210,2.69
2026-09-09T12:45:33.786,1788938133.7867,3248,646,8.28
2026-09-09T12:45:33.802,1788938133.8026,3249,507,6.5
2026-09-09T12:45:33.802,1788938133.8026,3250,494,6.33
2026-09-09T12:45:33.818,1788938133.8186,3251,783,10.04
2026-09-09T12:45:33.834,1788938133.8345,3252,345,4.42
2026-09-09T12:45:33.839,1788938133.8397,3253,1090,13.97
2026-09-09T12:45:33.850,1788938133.8507,3254,119,1.53
2026-09-09T12:45:33.850,1788938133.8507,3255,1325,16.99
2026-09-09T12:45:33.866,1788938133.8667,3256,-86,-1.1
2026-09-09T12:45:33.882,1788938133.8826,3257,-630,-8.08
2026-09-09T12:45:33.882,1788938133.8826,3258,-390,-5.0
2026-09-09T12:45:33.898,1788938133.8983,3259,-481,-6.17
2026-09-09T12:45:33.913,1788938133.9140,3260,-718,-9.21
2026-09-09T12:45:33.913,1788938133.9140,3261,-343,-4.4
2026-09-09T12:45:33.930,1788938133.9302,3262,-1060,-13.59
2026-09-09T12:45:33.939,1788938133.9399,3263,-161,-2.06
2026-09-09T12:45:33.946,1788938133.9463,3264,-1370,-17.56
2026-09-09T12:45:33.962,1788938133.9621,3265,26,0.33
2026-09-09T12:45:33.972,1788938133.9721,3266,667,8.55
2026-09-09T12:45:33.978,1788938133.9782,3267,236,3.03
2026-09-09T12:45:33.994,1788938133.9941,3268,528,6.77
2026-09-09T12:45:33.994,1788938133.9941,3269,533,6.83
2026-09-09T12:45:34.010,1788938134.0101,3270,396,5.08
2026-09-09T12:45:34.019,1788938134.0199,3271,858,11.0
2026-09-09T12:45:34.027,1788938134.0278,3272,263,3.37
2026-09-09T12:45:34.041,1788938134.0419,3273,1177,15.09
2026-09-09T12:45:34.051,1788938134.0520,3274,74,0.95
2026-09-09T12:45:34.066,1788938134.0660,3275,1436,18.41
2026-09-09T12:45:34.073,1788938134.0734,3276,-128,-1.64
2026-09-09T12:45:34.073,1788938134.0734,3277,-488,-6.26
2026-09-09T12:45:34.091,1788938134.0911,3278,-365,-4.68
2026-09-09T12:45:34.091,1788938134.0911,3279,-313,-4.01
2026-09-09T12:45:34.107,1788938134.1071,3280,-687,-8.81
2026-09-09T12:45:34.121,1788938134.1212,3281,-134,-1.72
2026-09-09T12:45:34.137,1788938134.1373,3282,-1020,-13.08
2026-09-09T12:45:34.140,1788938134.1405,3283,-2,-0.03
2026-09-09T12:45:34.140,1788938134.1405,3284,-1337,-17.14
2026-09-09T12:45:34.170,1788938134.1710,3285,138,1.77
2026-09-09T12:45:34.170,1788938134.1710,3286,675,8.65
2026-09-09T12:45:34.170,1788938134.1710,3287,351,4.5
2026-09-09T12:45:34.184,1788938134.1849,3288,475,6.09
2026-09-09T12:45:34.202,1788938134.2029,3289,605,7.76
2026-09-09T12:45:34.202,1788938134.2029,3290,288,3.69
2026-09-09T12:45:34.216,1788938134.2166,3291,946,12.13
2026-09-09T12:45:34.232,1788938134.2325,3292,148,1.9
2026-09-09T12:45:34.240,1788938134.2403,3293,1198,15.36
2026-09-09T12:45:34.248,1788938134.2485,3294,-64,-0.82
2026-09-09T12:45:34.248,1788938134.2485,3295,1458,18.69
2026-09-09T12:45:34.264,1788938134.2646,3296,-253,-3.24
2026-09-09T12:45:34.280,1788938134.2803,3297,-477,-6.12
2026-09-09T12:45:34.296,1788938134.2964,3298,-514,-6.59
2026-09-09T12:45:34.300,1788938134.3006,3299,-289,-3.71
2026-09-09T12:45:34.312,1788938134.3121,3300,-811,-10.4
2026-09-09T12:45:34.312,1788938134.3121,3301,-97,-1.24
2026-09-09T12:45:34.333,1788938134.3334,3302,-1116,-14.31
2026-09-09T12:45:34.343,1788938134.3438,3303,94,1.21
2026-09-09T12:45:34.350,1788938134.3505,3304,-1361,-17.45
2026-09-09T12:45:34.359,1788938134.3598,3305,306,3.92
2026-09-09T12:45:34.359,1788938134.3598,3306,709,9.09
2026-09-09T12:45:34.384,1788938134.3848,3307,557,7.14
2026-09-09T12:45:34.391,1788938134.3917,3308,555,7.12
2026-09-09T12:45:34.391,1788938134.3917,3309,863,11.06
2026-09-09T12:45:34.407,1788938134.4079,3310,361,4.63
2026-09-09T12:45:34.423,1788938134.4236,3311,1138,14.59
2026-09-09T12:45:34.431,1788938134.4311,3312,151,1.94
2026-09-09T12:45:34.440,1788938134.4408,3313,1332,17.08
2026-09-09T12:45:34.455,1788938134.4551,3314,-111,-1.42
2026-09-09T12:45:34.455,1788938134.4551,3315,1483,19.01
2026-09-09T12:45:34.471,1788938134.4711,3316,-387,-4.96
2026-09-09T12:45:34.487,1788938134.4871,3317,-483,-6.19
2026-09-09T12:45:34.487,1788938134.4871,3318,-703,-9.01
2026-09-09T12:45:34.503,1788938134.5031,3319,-341,-4.37
2026-09-09T12:45:34.503,1788938134.5031,3320,-1038,-13.31
2026-09-09T12:45:34.521,1788938134.5211,3321,-139,-1.78
2026-09-09T12:45:34.534,1788938134.5347,3322,-1305,-16.73
2026-09-09T12:45:34.541,1788938134.5411,3323,54,0.69
2026-09-09T12:45:34.550,1788938134.5508,3324,-1556,-19.95
2026-09-09T12:45:34.559,1788938134.5592,3325,296,3.79
2026-09-09T12:45:34.567,1788938134.5676,3326,580,7.44
2026-09-09T12:45:34.577,1788938134.5778,3327,604,7.74
2026-09-09T12:45:34.592,1788938134.5928,3328,431,5.53
2026-09-09T12:45:34.598,1788938134.5984,3329,912,11.69
2026-09-09T12:45:34.614,1788938134.6142,3330,329,4.22
2026-09-09T12:45:34.614,1788938134.6142,3331,1266,16.23
2026-09-09T12:45:34.633,1788938134.6337,3332,182,2.33
2026-09-09T12:45:34.641,1788938134.6411,3333,1526,19.56
2026-09-09T12:45:34.646,1788938134.6463,3334,-38,-0.49
2026-09-09T12:45:34.662,1788938134.6620,3335,-379,-4.86
2026-09-09T12:45:34.662,1788938134.6620,3336,-333,-4.27
2026-09-09T12:45:34.681,1788938134.6812,3337,-277,-3.55
2026-09-09T12:45:34.693,1788938134.6939,3338,-667,-8.55
2026-09-09T12:45:34.693,1788938134.6939,3339,-178,-2.28
2026-09-09T12:45:34.711,1788938134.7119,3340,-1112,-14.26
2026-09-09T12:45:34.726,1788938134.7269,3341,-89,-1.14
2026-09-09T12:45:34.731,1788938134.7313,3342,-1458,-18.69
2026-09-09T12:45:34.741,1788938134.7412,3343,34,0.44
2026-09-09T12:45:34.741,1788938134.7412,3344,-1711,-21.94
2026-09-09T12:45:34.759,1788938134.7590,3345,229,2.94
2026-09-09T12:45:34.773,1788938134.7733,3346,346,4.44
2026-09-09T12:45:34.773,1788938134.7733,3347,521,6.68
2026-09-09T12:45:34.792,1788938134.7928,3348,205,2.63
2026-09-09T12:45:34.797,1788938134.7972,3349,887,11.37
2026-09-09T12:45:34.805,1788938134.8051,3350,106,1.36
2026-09-09T12:45:34.823,1788938134.8231,3351,1204,15.44
2026-09-09T12:45:34.823,1788938134.8231,3352,-34,-0.44
2026-09-09T12:45:34.842,1788938134.8421,3353,1455,18.65
2026-09-09T12:45:34.852,1788938134.8526,3354,-228,-2.92
2026-09-09T12:45:34.856,1788938134.8565,3355,-452,-5.79
2026-09-09T12:45:34.870,1788938134.8702,3356,-485,-6.22
2026-09-09T12:45:34.884,1788938134.8846,3357,-244,-3.13
2026-09-09T12:45:34.884,1788938134.8846,3358,-743,-9.53
2026-09-09T12:45:34.900,1788938134.9005,3359,-33,-0.42
2026-09-09T12:45:34.918,1788938134.9186,3360,-1029,-13.19
2026-09-09T12:45:34.918,1788938134.9186,3361,165,2.12
2026-09-09T12:45:34.932,1788938134.9324,3362,-1302,-16.69
2026-09-09T12:45:34.942,1788938134.9422,3363,324,4.15
2026-09-09T12:45:34.952,1788938134.9522,3364,-1540,-19.74
2026-09-09T12:45:34.964,1788938134.9642,3365,551,7.06
2026-09-09T12:45:34.969,1788938134.9700,3366,462,5.92
2026-09-09T12:45:34.979,1788938134.9799,3367,735,9.42
2026-09-09T12:45:34.979,1788938134.9799,3368,233,2.99
2026-09-09T12:45:34.995,1788938134.9956,3369,940,12.05
2026-09-09T12:45:35.011,1788938135.0117,3370,-18,-0.23
2026-09-09T12:45:35.027,1788938135.0273,3371,1145,14.68
2026-09-09T12:45:35.031,1788938135.0314,3372,-268,-3.44
2026-09-09T12:45:35.045,1788938135.0452,3373,1320,16.92
2026-09-09T12:45:35.050,1788938135.0508,3374,-478,-6.13
2026-09-09T12:45:35.061,1788938135.0613,3375,-532,-6.82
2026-09-09T12:45:35.071,1788938135.0719,3376,-736,-9.44
2026-09-09T12:45:35.074,1788938135.0750,3377,-322,-4.13
2026-09-09T12:45:35.091,1788938135.0911,3378,-1002,-12.85
2026-09-09T12:45:35.091,1788938135.0911,3379,-120,-1.54
2026-09-09T12:45:35.107,1788938135.1071,3380,-1281,-16.42
2026-09-09T12:45:35.107,1788938135.1071,3381,50,0.64
2026-09-09T12:45:35.133,1788938135.1334,3382,-1503,-19.27
2026-09-09T12:45:35.142,1788938135.1423,3383,280,3.59
2026-09-09T12:45:35.154,1788938135.1546,3384,-1618,-20.74
2026-09-09T12:45:35.168,1788938135.1690,3385,560,7.18
2026-09-09T12:45:35.170,1788938135.1707,3386,407,5.22
2026-09-09T12:45:35.170,1788938135.1707,3387,872,11.18
2026-09-09T12:45:35.186,1788938135.1867,3388,258,3.31
2026-09-09T12:45:35.202,1788938135.2027,3389,1159,14.86
2026-09-09T12:45:35.202,1788938135.2027,3390,92,1.18
2026-09-09T12:45:35.223,1788938135.2237,3391,1401,17.96
2026-09-09T12:45:35.229,1788938135.2300,3392,-126,-1.62
2026-09-09T12:45:35.242,1788938135.2422,3393,1544,19.79
2026-09-09T12:45:35.251,1788938135.2520,3394,-375,-4.81
2026-09-09T12:45:35.251,1788938135.2520,3395,-299,-3.83
2026-09-09T12:45:35.265,1788938135.2659,3396,-724,-9.28
2026-09-09T12:45:35.281,1788938135.2819,3397,-167,-2.14
2026-09-09T12:45:35.281,1788938135.2819,3398,-1036,-13.28
2026-09-09T12:45:35.301,1788938135.3016,3399,-18,-0.23
2026-09-09T12:45:35.313,1788938135.3133,3400,-1316,-16.87
2026-09-09T12:45:35.313,1788938135.3133,3401,131,1.68
2026-09-09T12:45:35.329,1788938135.3291,3402,-1519,-19.47
2026-09-09T12:45:35.344,1788938135.3448,3403,364,4.67
2026-09-09T12:45:35.344,1788938135.3448,3404,-1638,-21.0
2026-09-09T12:45:35.360,1788938135.3606,3405,645,8.27
2026-09-09T12:45:35.376,1788938135.3763,3406,336,4.31
2026-09-09T12:45:35.376,1788938135.3763,3407,949,12.17
2026-09-09T12:45:35.392,1788938135.3924,3408,171,2.19
2026-09-09T12:45:35.402,1788938135.4024,3409,1208,15.49
2026-09-09T12:45:35.408,1788938135.4082,3410,-10,-0.13
2026-09-09T12:45:35.424,1788938135.4241,3411,1407,18.04
2026-09-09T12:45:35.424,1788938135.4241,3412,-232,-2.97
2026-09-09T12:45:35.439,1788938135.4399,3413,1554,19.92
2026-09-09T12:45:35.455,1788938135.4555,3414,-521,-6.68
2026-09-09T12:45:35.455,1788938135.4555,3415,-268,-3.44
2026-09-09T12:45:35.471,1788938135.4714,3416,-810,-10.38
2026-09-09T12:45:35.471,1788938135.4714,3417,-92,-1.18
2026-09-09T12:45:35.496,1788938135.4960,3418,-1098,-14.08
2026-09-09T12:45:35.502,1788938135.5030,3419,68,0.87
2026-09-09T12:45:35.502,1788938135.5030,3420,-1366,-17.51
2026-09-09T12:45:35.518,1788938135.5186,3421,236,3.03
2026-09-09T12:45:35.534,1788938135.5343,3422,-1546,-19.82
2026-09-09T12:45:35.542,1788938135.5428,3423,473,6.06
2026-09-09T12:45:35.551,1788938135.5516,3424,-1678,-21.51
2026-09-09T12:45:35.565,1788938135.5659,3425,757,9.71
2026-09-09T12:45:35.565,1788938135.5659,3426,283,3.63
2026-09-09T12:45:35.581,1788938135.5811,3427,1048,13.44
2026-09-09T12:45:35.596,1788938135.5968,3428,118,1.51
2026-09-09T12:45:35.600,1788938135.6009,3429,1299,16.65
2026-09-09T12:45:35.612,1788938135.6127,3430,-75,-0.96
2026-09-09T12:45:35.612,1788938135.6127,3431,1462,18.74
2026-09-09T12:45:35.628,1788938135.6285,3432,-317,-4.06
2026-09-09T12:45:35.644,1788938135.6445,3433,1605,20.58
2026-09-09T12:45:35.644,1788938135.6445,3434,-586,-7.51
2026-09-09T12:45:35.660,1788938135.6609,3435,-201,-2.58
2026-09-09T12:45:35.674,1788938135.6744,3436,-911,-11.68
2026-09-09T12:45:35.676,1788938135.6766,3437,-37,-0.47
2026-09-09T12:45:35.692,1788938135.6923,3438,-1175,-15.06
2026-09-09T12:45:35.692,1788938135.6923,3439,147,1.88
2026-09-09T12:45:35.708,1788938135.7085,3440,-1411,-18.09
2026-09-09T12:45:35.724,1788938135.7241,3441,339,4.35
2026-09-09T12:45:35.731,1788938135.7313,3442,-1548,-19.85
2026-09-09T12:45:35.742,1788938135.7429,3443,614,7.87
2026-09-09T12:45:35.742,1788938135.7429,3444,-1661,-21.29
2026-09-09T12:45:35.756,1788938135.7562,3445,917,11.76
2026-09-09T12:45:35.772,1788938135.7722,3446,271,3.47
2026-09-09T12:45:35.772,1788938135.7722,3447,1200,15.38
2026-09-09T12:45:35.788,1788938135.7882,3448,113,1.45
2026-09-09T12:45:35.804,1788938135.8041,3449,1429,18.32
2026-09-09T12:45:35.804,1788938135.8041,3450,-90,-1.15
2026-09-09T12:45:35.819,1788938135.8198,3451,1583,20.29
2026-09-09T12:45:35.819,1788938135.8198,3452,-340,-4.36
2026-09-09T12:45:35.842,1788938135.8430,3453,1681,21.55
2026-09-09T12:45:35.851,1788938135.8517,3454,-642,-8.23
2026-09-09T12:45:35.851,1788938135.8517,3455,-106,-1.36
2026-09-09T12:45:35.867,1788938135.8677,3456,-1024,-13.13
2026-09-09T12:45:35.883,1788938135.8837,3457,14,0.18
2026-09-09T12:45:35.891,1788938135.8917,3458,-1300,-16.67
2026-09-09T12:45:35.901,1788938135.9017,3459,183,2.35
2026-09-09T12:45:35.916,1788938135.9163,3460,-1519,-19.47
2026-09-09T12:45:35.921,1788938135.9216,3461,383,4.91
2026-09-09T12:45:35.931,1788938135.9318,3462,-1663,-21.32
2026-09-09T12:45:35.942,1788938135.9429,3463,636,8.15
2026-09-09T12:45:35.947,1788938135.9476,3464,-1770,-22.69
2026-09-09T12:45:35.963,1788938135.9635,3465,948,12.15
2026-09-09T12:45:35.963,1788938135.9635,3466,134,1.72
2026-09-09T12:45:35.979,1788938135.9796,3467,1240,15.9
2026-09-09T12:45:35.995,1788938135.9953,3468,-19,-0.24
2026-09-09T12:45:35.995,1788938135.9953,3469,1466,18.79
2026-09-09T12:45:36.010,1788938136.0110,3470,-217,-2.78
2026-09-09T12:45:36.010,1788938136.0110,3471,1624,20.82
2026-09-09T12:45:36.026,1788938136.0267,3472,-459,-5.88
2026-09-09T12:45:36.044,1788938136.0448,3473,1719,22.04
2026-09-09T12:45:36.050,1788938136.0503,3474,-768,-9.85
2026-09-09T12:45:36.059,1788938136.0591,3475,-35,-0.45
2026-09-09T12:45:36.059,1788938136.0591,3476,-1066,-13.67
2026-09-09T12:45:36.074,1788938136.0750,3477,140,1.79
2026-09-09T12:45:36.090,1788938136.0909,3478,-1311,-16.81
2026-09-09T12:45:36.106,1788938136.1069,3479,331,4.24
2026-09-09T12:45:36.112,1788938136.1129,3480,-1508,-19.33
2026-09-09T12:45:36.122,1788938136.1229,3481,566,7.26
2026-09-09T12:45:36.122,1788938136.1229,3482,-1641,-21.04
2026-09-09T12:45:36.143,1788938136.1436,3483,781,10.01
2026-09-09T12:45:36.154,1788938136.1549,3484,271,3.47
2026-09-09T12:45:36.160,1788938136.1609,3485,1040,13.33
2026-09-09T12:45:36.170,1788938136.1709,3486,62,0.79
2026-09-09T12:45:36.170,1788938136.1709,3487,1224,15.69
2026-09-09T12:45:36.186,1788938136.1868,3488,-174,-2.23
2026-09-09T12:45:36.202,1788938136.2027,3489,1377,17.65
2026-09-09T12:45:36.212,1788938136.2127,3490,-449,-5.76
2026-09-09T12:45:36.218,1788938136.2183,3491,1490,19.1
2026-09-09T12:45:36.234,1788938136.2343,3492,-720,-9.23
2026-09-09T12:45:36.243,1788938136.2439,3493,1619,20.76
2026-09-09T12:45:36.250,1788938136.2504,3494,-979,-12.55
2026-09-09T12:45:36.250,1788938136.2504,3495,-93,-1.19
2026-09-09T12:45:36.266,1788938136.2664,3496,-1274,-16.33
2026-09-09T12:45:36.282,1788938136.2825,3497,97,1.24
2026-09-09T12:45:36.282,1788938136.2825,3498,-1489,-19.09
2026-09-09T12:45:36.298,1788938136.2983,3499,338,4.33
2026-09-09T12:45:36.317,1788938136.3178,3500,-1620,-20.77
2026-09-09T12:45:36.317,1788938136.3178,3501,610,7.82
2026-09-09T12:45:36.330,1788938136.3305,3502,-1696,-21.74
2026-09-09T12:45:36.344,1788938136.3441,3503,918,11.77
2026-09-09T12:45:36.346,1788938136.3467,3504,284,3.64
2026-09-09T12:45:36.362,1788938136.3627,3505,1228,15.74
2026-09-09T12:45:36.362,1788938136.3627,3506,117,1.5
2026-09-09T12:45:36.378,1788938136.3785,3507,1457,18.68
2026-09-09T12:45:36.378,1788938136.3785,3508,-102,-1.31
2026-09-09T12:45:36.394,1788938136.3941,3509,1571,20.14
2026-09-09T12:45:36.410,1788938136.4102,3510,-424,-5.44
2026-09-09T12:45:36.426,1788938136.4262,3511,1601,20.53
2026-09-09T12:45:36.426,1788938136.4262,3512,-797,-10.22
2026-09-09T12:45:36.444,1788938136.4442,3513,1614,20.69
2026-09-09T12:45:36.444,1788938136.4442,3514,-1176,-15.08
2026-09-09T12:45:36.458,1788938136.4580,3515,-133,-1.71
2026-09-09T12:45:36.473,1788938136.4739,3516,-1461,-18.73
2026-09-09T12:45:36.473,1788938136.4739,3517,19,0.24
2026-09-09T12:45:36.489,1788938136.4900,3518,-1662,-21.31
2026-09-09T12:45:36.489,1788938136.4900,3519,286,3.67
2026-09-09T12:45:36.505,1788938136.5057,3520,-1767,-22.65
2026-09-09T12:45:36.521,1788938136.5217,3521,600,7.69
2026-09-09T12:45:36.521,1788938136.5217,3522,-1817,-23.29
2026-09-09T12:45:36.544,1788938136.5441,3523,954,12.23
2026-09-09T12:45:36.553,1788938136.5531,3524,116,1.49
2026-09-09T12:45:36.559,1788938136.5600,3525,1253,16.06
2026-09-09T12:45:36.569,1788938136.5697,3526,-13,-0.17
2026-09-09T12:45:36.585,1788938136.5851,3527,1472,18.87
2026-09-09T12:45:36.585,1788938136.5851,3528,-191,-2.45
2026-09-09T12:45:36.601,1788938136.6012,3529,1673,21.45
2026-09-09T12:45:36.617,1788938136.6172,3530,-438,-5.62
2026-09-09T12:45:36.617,1788938136.6172,3531,1790,22.95
2026-09-09T12:45:36.634,1788938136.6350,3532,-677,-8.68
2026-09-09T12:45:36.644,1788938136.6441,3533,1767,22.65
2026-09-09T12:45:36.648,1788938136.6488,3534,-976,-12.51
2026-09-09T12:45:36.648,1788938136.6488,3535,129,1.65
2026-09-09T12:45:36.664,1788938136.6647,3536,-1261,-16.17
2026-09-09T12:45:36.680,1788938136.6805,3537,229,2.94
2026-09-09T12:45:36.696,1788938136.6964,3538,-1549,-19.86
2026-09-09T12:45:36.696,1788938136.6964,3539,366,4.69
2026-09-09T12:45:36.714,1788938136.7142,3540,-1750,-22.44
2026-09-09T12:45:36.721,1788938136.7215,3541,565,7.24
2026-09-09T12:45:36.729,1788938136.7300,3542,-1855,-23.78
2026-09-09T12:45:36.744,1788938136.7441,3543,824,10.56
2026-09-09T12:45:36.744,1788938136.7441,3544,-96,-1.23
2026-09-09T12:45:36.759,1788938136.7599,3545,1071,13.73
2026-09-09T12:45:36.759,1788938136.7599,3546,-258,-3.31
2026-09-09T12:45:36.782,1788938136.7829,3547,1293,16.58
2026-09-09T12:45:36.791,1788938136.7914,3548,-409,-5.24
2026-09-09T12:45:36.791,1788938136.7914,3549,1437,18.42
2026-09-09T12:45:36.807,1788938136.8075,3550,-648,-8.31
2026-09-09T12:45:36.823,1788938136.8236,3551,1538,19.72
2026-09-09T12:45:36.823,1788938136.8236,3552,-912,-11.69
2026-09-09T12:45:36.844,1788938136.8448,3553,1650,21.15
2026-09-09T12:45:36.855,1788938136.8553,3554,-1140,-14.62
2026-09-09T12:45:36.855,1788938136.8553,3555,170,2.18
2026-09-09T12:45:36.871,1788938136.8714,3556,-1257,-16.12
2026-09-09T12:45:36.871,1788938136.8714,3557,420,5.38
2026-09-09T12:45:36.887,1788938136.8873,3558,-1383,-17.73
2026-09-09T12:45:36.903,1788938136.9032,3559,674,8.64
2026-09-09T12:45:36.903,1788938136.9032,3560,-1469,-18.83
2026-09-09T12:45:36.918,1788938136.9190,3561,952,12.21
2026-09-09T12:45:36.934,1788938136.9348,3562,-1568,-20.1
2026-09-09T12:45:36.945,1788938136.9450,3563,1177,15.09
2026-09-09T12:45:36.950,1788938136.9505,3564,51,0.65
2026-09-09T12:45:36.966,1788938136.9662,3565,1267,16.24
2026-09-09T12:45:36.966,1788938136.9662,3566,-218,-2.79
2026-09-09T12:45:36.981,1788938136.9819,3567,1323,16.96
2026-09-09T12:45:36.981,1788938136.9819,3568,-546,-7.0
2026-09-09T12:45:36.997,1788938136.9979,3569,1377,17.65
2026-09-09T12:45:37.015,1788938137.0160,3570,-867,-11.12
2026-09-09T12:45:37.015,1788938137.0160,3571,1440,18.46
2026-09-09T12:45:37.029,1788938137.0297,3572,-1145,-14.68
2026-09-09T12:45:37.047,1788938137.0475,3573,1562,20.03
2026-09-09T12:45:37.047,1788938137.0480,3574,-1322,-16.95
2026-09-09T12:45:37.060,1788938137.0610,3575,116,1.49
2026-09-09T12:45:37.060,1788938137.0610,3576,-1441,-18.47
2026-09-09T12:45:37.076,1788938137.0767,3577,401,5.14
2026-09-09T12:45:37.092,1788938137.0926,3578,-1529,-19.6
2026-09-09T12:45:37.092,1788938137.0926,3579,704,9.03
2026-09-09T12:45:37.110,1788938137.1105,3580,-1554,-19.92
2026-09-09T12:45:37.124,1788938137.1242,3581,1031,13.22
2026-09-09T12:45:37.124,1788938137.1242,3582,-1528,-19.59
2026-09-09T12:45:37.146,1788938137.1466,3583,1312,16.82
2026-09-09T12:45:37.155,1788938137.1556,3584,77,0.99
2026-09-09T12:45:37.155,1788938137.1556,3585,1480,18.97
2026-09-09T12:45:37.171,1788938137.1714,3586,-119,-1.53
2026-09-09T12:45:37.187,1788938137.1872,3587,1589,20.37
2026-09-09T12:45:37.187,1788938137.1872,3588,-386,-4.95
2026-09-09T12:45:37.203,1788938137.2031,3589,1626,20.85
2026-09-09T12:45:37.203,1788938137.2031,3590,-749,-9.6
2026-09-09T12:45:37.219,1788938137.2192,3591,1584,20.31
2026-09-09T12:45:37.219,1788938137.2192,3592,-1141,-14.63
2026-09-09T12:45:37.241,1788938137.2415,3593,-27,-0.35
2026-09-09T12:45:37.252,1788938137.2527,3594,-1483,-19.01
2026-09-09T12:45:37.266,1788938137.2665,3595,48,0.62
2026-09-09T12:45:37.266,1788938137.2665,3596,-1695,-21.73
2026-09-09T12:45:37.282,1788938137.2823,3597,285,3.65
2026-09-09T12:45:37.298,1788938137.2981,3598,-1795,-23.01
2026-09-09T12:45:37.298,1788938137.2981,3599,557,7.14
2026-09-09T12:45:37.313,1788938137.3139,3600,-1791,-22.96
2026-09-09T12:45:37.313,1788938137.3139,3601,920,11.79
2026-09-09T12:45:37.329,1788938137.3297,3602,-1733,-22.22
2026-09-09T12:45:37.329,1788938137.3297,3603,1168,14.97
2026-09-09T12:45:37.352,1788938137.3526,3604,-137,-1.76
2026-09-09T12:45:37.361,1788938137.3615,3605,1404,18.0
2026-09-09T12:45:37.371,1788938137.3716,3606,-318,-4.08
2026-09-09T12:45:37.381,1788938137.3816,3607,1507,19.32
2026-09-09T12:45:37.393,1788938137.3934,3608,-599,-7.68
2026-09-09T12:45:37.393,1788938137.3934,3609,1606,20.59
2026-09-09T12:45:37.409,1788938137.4092,3610,-864,-11.08
2026-09-09T12:45:37.425,1788938137.4252,3611,1712,21.95
2026-09-09T12:45:37.425,1788938137.4252,3612,-1086,-13.92
2026-09-09T12:45:37.446,1788938137.4468,3613,259,3.32
2026-09-09T12:45:37.446,1788938137.4468,3614,-1264,-16.21
2026-09-09T12:45:37.457,1788938137.4572,3615,445,5.71
2026-09-09T12:45:37.473,1788938137.4733,3616,-1414,-18.13
2026-09-09T12:45:37.473,1788938137.4733,3617,683,8.76
2026-09-09T12:45:37.489,1788938137.4894,3618,-1555,-19.94
2026-09-09T12:45:37.508,1788938137.5089,3619,914,11.72
2026-09-09T12:45:37.508,1788938137.5089,3620,-1677,-21.5
2026-09-09T12:45:37.521,1788938137.5213,3621,1101,14.12
2026-09-09T12:45:37.521,1788938137.5213,3622,-1780,-22.82
2026-09-09T12:45:37.546,1788938137.5467,3623,1169,14.99
2026-09-09T12:45:37.553,1788938137.5531,3624,-384,-4.92
2026-09-09T12:45:37.559,1788938137.5593,3625,1236,15.85
2026-09-09T12:45:37.569,1788938137.5700,3626,-677,-8.68
2026-09-09T12:45:37.585,1788938137.5852,3627,1331,17.06
2026-09-09T12:45:37.585,1788938137.5852,3628,-921,-11.81
2026-09-09T12:45:37.600,1788938137.6010,3629,1474,18.9
2026-09-09T12:45:37.616,1788938137.6167,3630,-1166,-14.95
2026-09-09T12:45:37.616,1788938137.6167,3631,1597,20.47
2026-09-09T12:45:37.632,1788938137.6327,3632,-1320,-16.92
2026-09-09T12:45:37.632,1788938137.6327,3633,178,2.28
2026-09-09T12:45:37.649,1788938137.6491,3634,-1463,-18.76
2026-09-09T12:45:37.665,1788938137.6651,3635,442,5.67
2026-09-09T12:45:37.665,1788938137.6651,3636,-1540,-19.74
2026-09-09T12:45:37.681,1788938137.6814,3637,730,9.36
2026-09-09T12:45:37.697,1788938137.6973,3638,-1557,-19.96
2026-09-09T12:45:37.701,1788938137.7014,3639,1104,14.15
2026-09-09T12:45:37.721,1788938137.7214,3640,-1504,-19.28
2026-09-09T12:45:37.721,1788938137.7214,3641,1396,17.9
2026-09-09T12:45:37.730,1788938137.7303,3642,-1480,-18.97
2026-09-09T12:45:37.730,1788938137.7303,3643,1559,19.99
2026-09-09T12:45:37.747,1788938137.7472,3644,-73,-0.94
2026-09-09T12:45:37.761,1788938137.7613,3645,1638,21.0
2026-09-09T12:45:37.761,1788938137.7613,3646,-397,-5.09
2026-09-09T12:45:37.777,1788938137.7774,3647,1683,21.58
2026-09-09T12:45:37.793,1788938137.7932,3648,-788,-10.1
2026-09-09T12:45:37.793,1788938137.7932,3649,1601,20.53
2026-09-09T12:45:37.808,1788938137.8089,3650,-1184,-15.18
2026-09-09T12:45:37.824,1788938137.8248,3651,1538,19.72
2026-09-09T12:45:37.824,1788938137.8248,3652,-1498,-19.21
2026-09-09T12:45:37.840,1788938137.8407,3653,73,0.94
2026-09-09T12:45:37.847,1788938137.8474,3654,-1769,-22.68
2026-09-09T12:45:37.856,1788938137.8563,3655,211,2.71
2026-09-09T12:45:37.872,1788938137.8724,3656,-1940,-24.87
2026-09-09T12:45:37.872,1788938137.8724,3657,485,6.22
2026-09-09T12:45:37.888,1788938137.8886,3658,-1938,-24.85
2026-09-09T12:45:37.903,1788938137.9037,3659,858,11.0
2026-09-09T12:45:37.904,1788938137.9047,3660,-1862,-23.87
2026-09-09T12:45:37.920,1788938137.9208,3661,1160,14.87
2026-09-09T12:45:37.936,1788938137.9368,3662,-1764,-22.62
2026-09-09T12:45:37.940,1788938137.9407,3663,1373,17.6
2026-09-09T12:45:37.952,1788938137.9527,3664,-401,-5.14
2026-09-09T12:45:37.952,1788938137.9527,3665,1520,19.49
2026-09-09T12:45:37.968,1788938137.9687,3666,-685,-8.78
2026-09-09T12:45:37.968,1788938137.9687,3667,1612,20.67
2026-09-09T12:45:38.000,1788938138.0006,3668,-958,-12.28
2026-09-09T12:45:38.003,1788938138.0035,3669,1676,21.49
2026-09-09T12:45:38.016,1788938138.0166,3670,-1174,-15.05
2026-09-09T12:45:38.016,1788938138.0166,3671,1759,22.55
2026-09-09T12:45:38.032,1788938138.0325,3672,-1331,-17.06
2026-09-09T12:45:38.042,1788938138.0420,3673,474,6.08
2026-09-09T12:45:38.050,1788938138.0504,3674,-1461,-18.73
2026-09-09T12:45:38.063,1788938138.0638,3675,720,9.23
2026-09-09T12:45:38.071,1788938138.0718,3676,-1547,-19.83
2026-09-09T12:45:38.079,1788938138.0795,3677,986,12.64
2026-09-09T12:45:38.079,1788938138.0795,3678,-1597,-20.47
2026-09-09T12:45:38.095,1788938138.0955,3679,1216,15.59
2026-09-09T12:45:38.111,1788938138.1112,3680,-1670,-21.41
2026-09-09T12:45:38.127,1788938138.1271,3681,1302,16.69
2026-09-09T12:45:38.127,1788938138.1271,3682,-1766,-22.64
2026-09-09T12:45:38.145,1788938138.1455,3683,1335,17.12
2026-09-09T12:45:38.150,1788938138.1507,3684,-670,-8.59
2026-09-09T12:45:38.159,1788938138.1590,3685,1369,17.55
2026-09-09T12:45:38.174,1788938138.1747,3686,-971,-12.45
2026-09-09T12:45:38.174,1788938138.1747,3687,1409,18.06
2026-09-09T12:45:38.190,1788938138.1905,3688,-1263,-16.19
2026-09-09T12:45:38.190,1788938138.1905,3689,1508,19.33
2026-09-09T12:45:38.206,1788938138.2065,3690,-1420,-18.21
2026-09-09T12:45:38.222,1788938138.2225,3691,1618,20.74
2026-09-09T12:45:38.222,1788938138.2225,3692,-1510,-19.36
2026-09-09T12:45:38.238,1788938138.2383,3693,448,5.74
2026-09-09T12:45:38.254,1788938138.2543,3694,-1578,-20.23
2026-09-09T12:45:38.254,1788938138.2543,3695,760,9.74
2026-09-09T12:45:38.270,1788938138.2703,3696,-1634,-20.95
2026-09-09T12:45:38.286,1788938138.2861,3697,1055,13.53
2026-09-09T12:45:38.286,1788938138.2861,3698,-1612,-20.67
2026-09-09T12:45:38.301,1788938138.3019,3699,1325,16.99
2026-09-09T12:45:38.317,1788938138.3177,3700,-1546,-19.82
2026-09-09T12:45:38.317,1788938138.3177,3701,1541,19.76
2026-09-09T12:45:38.333,1788938138.3338,3702,-1505,-19.29
2026-09-09T12:45:38.341,1788938138.3419,3703,1638,21.0
2026-09-09T12:45:38.349,1788938138.3493,3704,-441,-5.65
2026-09-09T12:45:38.365,1788938138.3652,3705,1686,21.62
2026-09-09T12:45:38.371,1788938138.3712,3706,-772,-9.9
2026-09-09T12:45:38.381,1788938138.3815,3707,1700,21.79
2026-09-09T12:45:38.381,1788938138.3815,3708,-1122,-14.38
2026-09-09T12:45:38.397,1788938138.3972,3709,1631,20.91
2026-09-09T12:45:38.397,1788938138.3972,3710,-1445,-18.53
2026-09-09T12:45:38.413,1788938138.4136,3711,1505,19.29
2026-09-09T12:45:38.429,1788938138.4296,3712,-1707,-21.88
2026-09-09T12:45:38.445,1788938138.4459,3713,329,4.22
2026-09-09T12:45:38.450,1788938138.4507,3714,-1846,-23.67
2026-09-09T12:45:38.461,1788938138.4619,3715,589,7.55
2026-09-09T12:45:38.461,1788938138.4619,3716,-1878,-24.08
2026-09-09T12:45:38.477,1788938138.4776,3717,897,11.5
2026-09-09T12:45:38.493,1788938138.4933,3718,-1819,-23.32
2026-09-09T12:45:38.509,1788938138.5092,3719,1203,15.42
2026-09-09T12:45:38.511,1788938138.5113,3720,-1709,-21.91
2026-09-09T12:45:38.520,1788938138.5209,3721,1403,17.99
2026-09-09T12:45:38.532,1788938138.5330,3722,-418,-5.36
2026-09-09T12:45:38.541,1788938138.5413,3723,1535,19.68
2026-09-09T12:45:38.557,1788938138.5572,3724,-671,-8.6
2026-09-09T12:45:38.559,1788938138.5592,3725,1666,21.36
2026-09-09T12:45:38.573,1788938138.5736,3726,-936,-12.0
2026-09-09T12:45:38.573,1788938138.5736,3727,1744,22.36
2026-09-09T12:45:38.588,1788938138.5889,3728,-1146,-14.69
2026-09-09T12:45:38.604,1788938138.6047,3729,1762,22.59
2026-09-09T12:45:38.604,1788938138.6047,3730,-1327,-17.01
2026-09-09T12:45:38.620,1788938138.6207,3731,1740,22.31
2026-09-09T12:45:38.620,1788938138.6207,3732,-1481,-18.99
2026-09-09T12:45:38.636,1788938138.6368,3733,732,9.38
2026-09-09T12:45:38.652,1788938138.6527,3734,-1587,-20.35
2026-09-09T12:45:38.652,1788938138.6527,3735,978,12.54
2026-09-09T12:45:38.668,1788938138.6684,3736,-1664,-21.33
2026-09-09T12:45:38.684,1788938138.6842,3737,1161,14.88
2026-09-09T12:45:38.684,1788938138.6842,3738,-1776,-22.77
2026-09-09T12:45:38.700,1788938138.7003,3739,1241,15.91
2026-09-09T12:45:38.715,1788938138.7160,3740,-1834,-23.51
2026-09-09T12:45:38.721,1788938138.7215,3741,1271,16.29
2026-09-09T12:45:38.733,1788938138.7334,3742,-749,-9.6
2026-09-09T12:45:38.740,1788938138.7409,3743,1331,17.06
2026-09-09T12:45:38.751,1788938138.7514,3744,-1065,-13.65
2026-09-09T12:45:38.763,1788938138.7634,3745,1431,18.35
2026-09-09T12:45:38.763,1788938138.7634,3746,-1285,-16.47
2026-09-09T12:45:38.779,1788938138.7793,3747,1570,20.13
2026-09-09T12:45:38.795,1788938138.7951,3748,-1438,-18.44
2026-09-09T12:45:38.795,1788938138.7951,3749,1631,20.91
2026-09-09T12:45:38.810,1788938138.8109,3750,-1545,-19.81
2026-09-09T12:45:38.810,1788938138.8109,3751,1631,20.91
2026-09-09T12:45:38.826,1788938138.8267,3752,-1613,-20.68
2026-09-09T12:45:38.842,1788938138.8429,3753,789,10.12
2026-09-09T12:45:38.851,1788938138.8515,3754,-1673,-21.45
2026-09-09T12:45:38.858,1788938138.8585,3755,1100,14.1
2026-09-09T12:45:38.874,1788938138.8745,3756,-1619,-20.76
2026-09-09T12:45:38.874,1788938138.8745,3757,1386,17.77
2026-09-09T12:45:38.890,1788938138.8905,3758,-1593,-20.42
2026-09-09T12:45:38.890,1788938138.8905,3759,1530,19.62
2026-09-09T12:45:38.906,1788938138.9063,3760,-1532,-19.64
2026-09-09T12:45:38.922,1788938138.9224,3761,1627,20.86
2026-09-09T12:45:38.938,1788938138.9385,3762,-540,-6.92
2026-09-09T12:45:38.938,1788938138.9385,3763,1673,21.45
2026-09-09T12:45:38.951,1788938138.9516,3764,-874,-11.21
2026-09-09T12:45:38.960,1788938138.9608,3765,1683,21.58
2026-09-09T12:45:38.970,1788938138.9705,3766,-1214,-15.56
2026-09-09T12:45:38.970,1788938138.9705,3767,1603,20.55
2026-09-09T12:45:38.996,1788938138.9963,3768,-1497,-19.19
2026-09-09T12:45:39.002,1788938139.0021,3769,1484,19.03
2026-09-09T12:45:39.002,1788938139.0021,3770,-1711,-21.94
2026-09-09T12:45:39.017,1788938139.0177,3771,1403,17.99
2026-09-09T12:45:39.033,1788938139.0334,3772,-1835,-23.53
2026-09-09T12:45:39.041,1788938139.0415,3773,676,8.67
2026-09-09T12:45:39.052,1788938139.0526,3774,-1855,-23.78
2026-09-09T12:45:39.065,1788938139.0657,3775,971,12.45
2026-09-09T12:45:39.065,1788938139.0657,3776,-1785,-22.88
2026-09-09T12:45:39.081,1788938139.0815,3777,1237,15.86
2026-09-09T12:45:39.081,1788938139.0815,3778,-1700,-21.79
2026-09-09T12:45:39.097,1788938139.0977,3779,1441,18.47
2026-09-09T12:45:39.113,1788938139.1138,3780,-1627,-20.86
2026-09-09T12:45:39.121,1788938139.1210,3781,1564,20.05
2026-09-09T12:45:39.129,1788938139.1295,3782,-758,-9.72
2026-09-09T12:45:39.145,1788938139.1456,3783,1600,20.51
2026-09-09T12:45:39.152,1788938139.1521,3784,-1054,-13.51
2026-09-09T12:45:39.161,1788938139.1617,3785,1656,21.23
2026-09-09T12:45:39.161,1788938139.1617,3786,-1285,-16.47
2026-09-09T12:45:39.177,1788938139.1776,3787,1684,21.59
2026-09-09T12:45:39.193,1788938139.1933,3788,-1425,-18.27
2026-09-09T12:45:39.203,1788938139.2033,3789,1663,21.32
2026-09-09T12:45:39.209,1788938139.2093,3790,-1498,-19.21
2026-09-09T12:45:39.209,1788938139.2093,3791,1628,20.87
2026-09-09T12:45:39.225,1788938139.2253,3792,-1583,-20.29
2026-09-09T12:45:39.240,1788938139.2410,3793,1046,13.41
2026-09-09T12:45:39.252,1788938139.2523,3794,-1617,-20.73
2026-09-09T12:45:39.263,1788938139.2640,3795,1248,16.0
2026-09-09T12:45:39.273,1788938139.2731,3796,-1646,-21.1
2026-09-09T12:45:39.283,1788938139.2831,3797,1342,17.21
2026-09-09T12:45:39.288,1788938139.2889,3798,-1686,-21.62
2026-09-09T12:45:39.304,1788938139.3048,3799,1414,18.13
2026-09-09T12:45:39.304,1788938139.3048,3800,-1681,-21.55
2026-09-09T12:45:39.320,1788938139.3207,3801,1451,18.6
2026-09-09T12:45:39.320,1788938139.3207,3802,-958,-12.28
2026-09-09T12:45:39.336,1788938139.3364,3803,1505,19.29
2026-09-09T12:45:39.352,1788938139.3522,3804,-1256,-16.1
2026-09-09T12:45:39.352,1788938139.3522,3805,1547,19.83
2026-09-09T12:45:39.375,1788938139.3758,3806,-1409,-18.06
2026-09-09T12:45:39.384,1788938139.3841,3807,1600,20.51
2026-09-09T12:45:39.384,1788938139.3841,3808,-1556,-19.95
2026-09-09T12:45:39.399,1788938139.3998,3809,1592,20.41
2026-09-09T12:45:39.399,1788938139.3998,3810,-1615,-20.71
2026-09-09T12:45:39.421,1788938139.4217,3811,1503,19.27
2026-09-09T12:45:39.431,1788938139.4318,3812,-1667,-21.37
2026-09-09T12:45:39.431,1788938139.4318,3813,1058,13.56
2026-09-09T12:45:39.453,1788938139.4532,3814,-1688,-21.64
2026-09-09T12:45:39.463,1788938139.4633,3815,1257,16.12
2026-09-09T12:45:39.463,1788938139.4633,3816,-1660,-21.28
2026-09-09T12:45:39.479,1788938139.4793,3817,1421,18.22
2026-09-09T12:45:39.495,1788938139.4951,3818,-1612,-20.67
2026-09-09T12:45:39.495,1788938139.4951,3819,1528,19.59
2026-09-09T12:45:39.516,1788938139.5160,3820,-1540,-19.74
2026-09-09T12:45:39.526,1788938139.5267,3821,1615,20.71
2026-09-09T12:45:39.530,1788938139.5307,3822,-947,-12.14
2026-09-09T12:45:39.542,1788938139.5424,3823,1638,21.0
2026-09-09T12:45:39.553,1788938139.5532,3824,-1231,-15.78
2026-09-09T12:45:39.561,1788938139.5614,3825,1642,21.05
2026-09-09T12:45:39.561,1788938139.5614,3826,-1435,-18.4
2026-09-09T12:45:39.574,1788938139.5745,3827,1626,20.85
2026-09-09T12:45:39.589,1788938139.5896,3828,-1586,-20.33
2026-09-09T12:45:39.605,1788938139.6054,3829,1558,19.97
2026-09-09T12:45:39.611,1788938139.6114,3830,-1661,-21.29
2026-09-09T12:45:39.621,1788938139.6211,3831,885,11.35
2026-09-09T12:45:39.636,1788938139.6370,3832,-1689,-21.65
2026-09-09T12:45:39.636,1788938139.6370,3833,1120,14.36
2026-09-09T12:45:39.653,1788938139.6535,3834,-1685,-21.6
2026-09-09T12:45:39.653,1788938139.6535,3835,1316,16.87
2026-09-09T12:45:39.671,1788938139.6713,3836,-1645,-21.09
2026-09-09T12:45:39.685,1788938139.6851,3837,1459,18.71
2026-09-09T12:45:39.685,1788938139.6851,3838,-1605,-20.58
2026-09-09T12:45:39.700,1788938139.7009,3839,1538,19.72
2026-09-09T12:45:39.716,1788938139.7166,3840,-1501,-19.24
2026-09-09T12:45:39.721,1788938139.7218,3841,1618,20.74
2026-09-09T12:45:39.733,1788938139.7336,3842,-1056,-13.54
2026-09-09T12:45:39.750,1788938139.7501,3843,1618,20.74
2026-09-09T12:45:39.754,1788938139.7543,3844,-1295,-16.6
2026-09-09T12:45:39.763,1788938139.7639,3845,1629,20.88
2026-09-09T12:45:39.763,1788938139.7639,3846,-1491,-19.12
2026-09-09T12:45:39.779,1788938139.7800,3847,1613,20.68
2026-09-09T12:45:39.779,1788938139.7800,3848,-1579,-20.24
2026-09-09T12:45:39.795,1788938139.7958,3849,1536,19.69
2026-09-09T12:45:39.817,1788938139.8180,3850,-1655,-21.22
2026-09-09T12:45:39.820,1788938139.8201,3851,959,12.29
2026-09-09T12:45:39.827,1788938139.8278,3852,-1675,-21.47
2026-09-09T12:45:39.843,1788938139.8435,3853,1210,15.51
2026-09-09T12:45:39.859,1788938139.8593,3854,-1687,-21.63
2026-09-09T12:45:39.861,1788938139.8613,3855,1366,17.51
2026-09-09T12:45:39.875,1788938139.8751,3856,-1635,-20.96
2026-09-09T12:45:39.875,1788938139.8751,3857,1489,19.09
2026-09-09T12:45:39.891,1788938139.8915,3858,-1566,-20.08
2026-09-09T12:45:39.900,1788938139.9006,3859,1545,19.81
2026-09-09T12:45:39.907,1788938139.9073,3860,-1461,-18.73
2026-09-09T12:45:39.923,1788938139.9233,3861,1585,20.32
2026-09-09T12:45:39.923,1788938139.9233,3862,-1157,-14.83
2026-09-09T12:45:39.939,1788938139.9394,3863,1625,20.83
2026-09-09T12:45:39.955,1788938139.9553,3864,-1352,-17.33
2026-09-09T12:45:39.955,1788938139.9553,3865,1633,20.94
2026-09-09T12:45:39.971,1788938139.9710,3866,-1512,-19.38
2026-09-09T12:45:39.971,1788938139.9710,3867,1552,19.9
2026-09-09T12:45:39.987,1788938139.9870,3868,-1608,-20.62
2026-09-09T12:45:40.003,1788938140.0031,3869,1495,19.17
2026-09-09T12:45:40.003,1788938140.0031,3870,-1648,-21.13
2026-09-09T12:45:40.019,1788938140.0192,3871,1086,13.92
2026-09-09T12:45:40.034,1788938140.0349,3872,-1684,-21.59
2026-09-09T12:45:40.034,1788938140.0349,3873,1273,16.32
2026-09-09T12:45:40.054,1788938140.0543,3874,-1668,-21.38
2026-09-09T12:45:40.054,1788938140.0543,3875,1432,18.36
2026-09-09T12:45:40.066,1788938140.0669,3876,-1624,-20.82
2026-09-09T12:45:40.082,1788938140.0830,3877,1523,19.53
2026-09-09T12:45:40.082,1788938140.0830,3878,-1547,-19.83
2026-09-09T12:45:40.098,1788938140.0989,3879,1579,20.24
2026-09-09T12:45:40.098,1788938140.0989,3880,-1430,-18.33
2026-09-09T12:45:40.114,1788938140.1148,3881,1607,20.6
2026-09-09T12:45:40.130,1788938140.1310,3882,-1273,-16.32
2026-09-09T12:45:40.130,1788938140.1310,3883,1584,20.31
2026-09-09T12:45:40.154,1788938140.1542,3884,-1444,-18.51
2026-09-09T12:45:40.162,1788938140.1629,3885,1592,20.41
2026-09-09T12:45:40.162,1788938140.1629,3886,-1580,-20.26
2026-09-09T12:45:40.178,1788938140.1786,3887,1520,19.49
2026-09-09T12:45:40.194,1788938140.1945,3888,-1691,-21.68
2026-09-09T12:45:40.194,1788938140.1945,3889,1435,18.4
2026-09-09T12:45:40.210,1788938140.2103,3890,-1691,-21.68
2026-09-09T12:45:40.210,1788938140.2103,3891,1143,14.65
2026-09-09T12:45:40.242,1788938140.2422,3892,-1687,-21.63
2026-09-09T12:45:40.242,1788938140.2422,3893,1334,17.1
2026-09-09T12:45:40.258,1788938140.2583,3894,-1671,-21.42
2026-09-09T12:45:40.260,1788938140.2603,3895,1462,18.74
2026-09-09T12:45:40.274,1788938140.2743,3896,-1602,-20.54
2026-09-09T12:45:40.274,1788938140.2743,3897,1525,19.55
2026-09-09T12:45:40.290,1788938140.2906,3898,-1525,-19.55
2026-09-09T12:45:40.300,1788938140.3001,3899,1562,20.03
2026-09-09T12:45:40.306,1788938140.3064,3900,-1371,-17.58
2026-09-09T12:45:40.322,1788938140.3222,3901,1614,20.69
2026-09-09T12:45:40.322,1788938140.3222,3902,-1378,-17.67
2026-09-09T12:45:40.338,1788938140.3382,3903,1762,22.59
2026-09-09T12:45:40.354,1788938140.3542,3904,-1599,-20.5
2026-09-09T12:45:40.354,1788938140.3542,3905,1698,21.77
2026-09-09T12:45:40.370,1788938140.3703,3906,-1699,-21.78
2026-09-09T12:45:40.370,1788938140.3703,3907,1628,20.87
2026-09-09T12:45:40.392,1788938140.3923,3908,-1763,-22.6
2026-09-09T12:45:40.401,1788938140.4020,3909,1511,19.37
2026-09-09T12:45:40.417,1788938140.4176,3910,-1779,-22.81
2026-09-09T12:45:40.417,1788938140.4176,3911,1354,17.36
2026-09-09T12:45:40.433,1788938140.4336,3912,-1800,-23.08
2026-09-09T12:45:40.433,1788938140.4336,3913,1509,19.35
2026-09-09T12:45:40.455,1788938140.4551,3914,-1744,-22.36
2026-09-09T12:45:40.465,1788938140.4652,3915,1616,20.72
2026-09-09T12:45:40.465,1788938140.4652,3916,-1675,-21.47
2026-09-09T12:45:40.480,1788938140.4808,3917,1700,21.79
2026-09-09T12:45:40.491,1788938140.4913,3918,-1550,-19.87
2026-09-09T12:45:40.499,1788938140.4999,3919,1740,22.31
2026-09-09T12:45:40.512,1788938140.5127,3920,-1392,-17.85
2026-09-09T12:45:40.512,1788938140.5127,3921,1720,22.05
2026-09-09T12:45:40.528,1788938140.5288,3922,-1549,-19.86
2026-09-09T12:45:40.544,1788938140.5448,3923,1749,22.42
2026-09-09T12:45:40.544,1788938140.5448,3924,-1688,-21.64
2026-09-09T12:45:40.562,1788938140.5628,3925,1660,21.28
2026-09-09T12:45:40.576,1788938140.5765,3926,-1776,-22.77
2026-09-09T12:45:40.576,1788938140.5765,3927,1603,20.55
2026-09-09T12:45:40.592,1788938140.5924,3928,-1824,-23.38
2026-09-09T12:45:40.608,1788938140.6081,3929,1438,18.44
2026-09-09T12:45:40.608,1788938140.6081,3930,-1804,-23.13
2026-09-09T12:45:40.623,1788938140.6238,3931,1438,18.44
2026-09-09T12:45:40.631,1788938140.6318,3932,-1764,-22.62
2026-09-09T12:45:40.639,1788938140.6398,3933,1448,18.56
2026-09-09T12:45:40.651,1788938140.6518,3934,-1615,-20.71
2026-09-09T12:45:40.655,1788938140.6554,3935,1544,19.79
2026-09-09T12:45:40.671,1788938140.6716,3936,-1507,-19.32
2026-09-09T12:45:40.671,1788938140.6716,3937,1612,20.67
2026-09-09T12:45:40.687,1788938140.6874,3938,-1326,-17.0
2026-09-09T12:45:40.703,1788938140.7032,3939,1695,21.73
2026-09-09T12:45:40.714,1788938140.7144,3940,-1122,-14.38
2026-09-09T12:45:40.721,1788938140.7219,3941,1733,22.22
2026-09-09T12:45:40.735,1788938140.7351,3942,-1348,-17.28
2026-09-09T12:45:40.735,1788938140.7351,3943,1719,22.04
2026-09-09T12:45:40.756,1788938140.7567,3944,-1442,-18.49
2026-09-09T12:45:40.761,1788938140.7620,3945,1687,21.63
2026-09-09T12:45:40.766,1788938140.7660,3946,-1549,-19.86
2026-09-09T12:45:40.782,1788938140.7821,3947,1520,19.49
2026-09-09T12:45:40.782,1788938140.7821,3948,-1643,-21.06
2026-09-09T12:45:40.798,1788938140.7983,3949,1357,17.4
2026-09-09T12:45:40.814,1788938140.8141,3950,-1644,-21.08
2026-09-09T12:45:40.814,1788938140.8141,3951,1388,17.79
2026-09-09T12:45:40.829,1788938140.8299,3952,-1621,-20.78
2026-09-09T12:45:40.829,1788938140.8299,3953,1467,18.81
2026-09-09T12:45:40.856,1788938140.8568,3954,-1612,-20.67
2026-09-09T12:45:40.861,1788938140.8613,3955,1463,18.76
2026-09-09T12:45:40.872,1788938140.8729,3956,-1558,-19.97
2026-09-09T12:45:40.881,1788938140.8815,3957,1469,18.83
2026-09-09T12:45:40.892,1788938140.8929,3958,-1470,-18.85
2026-09-09T12:45:40.892,1788938140.8929,3959,1424,18.26
2026-09-09T12:45:40.910,1788938140.9103,3960,-1353,-17.35
2026-09-09T12:45:40.924,1788938140.9249,3961,1424,18.26
2026-09-09T12:45:40.933,1788938140.9337,3962,-1691,-21.68
2026-09-09T12:45:40.940,1788938140.9408,3963,1383,17.73
2026-09-09T12:45:40.940,1788938140.9408,3964,-1771,-22.71
2026-09-09T12:45:40.960,1788938140.9608,3965,1349,17.29
2026-09-09T12:45:40.972,1788938140.9725,3966,-1788,-22.92
2026-09-09T12:45:40.972,1788938140.9725,3967,1251,16.04
2026-09-09T12:45:40.988,1788938140.9886,3968,-1766,-22.64
2026-09-09T12:45:41.004,1788938141.0046,3969,1115,14.29
2026-09-09T12:45:41.004,1788938141.0046,3970,-1764,-22.62
2026-09-09T12:45:41.020,1788938141.0203,3971,1269,16.27
2026-09-09T12:45:41.036,1788938141.0361,3972,-1722,-22.08
2026-09-09T12:45:41.036,1788938141.0361,3973,1374,17.62
2026-09-09T12:45:41.054,1788938141.0542,3974,-1627,-20.86
2026-09-09T12:45:41.057,1788938141.0576,3975,1472,18.87
2026-09-09T12:45:41.067,1788938141.0676,3976,-1516,-19.44
2026-09-09T12:45:41.083,1788938141.0837,3977,1506,19.31
2026-09-09T12:45:41.083,1788938141.0837,3978,-1373,-17.6
2026-09-09T12:45:41.099,1788938141.0994,3979,1512,19.38
2026-09-09T12:45:41.115,1788938141.1151,3980,-1507,-19.32
2026-09-09T12:45:41.115,1788938141.1151,3981,1498,19.21
2026-09-09T12:45:41.130,1788938141.1308,3982,-1637,-20.99
2026-09-09T12:45:41.130,1788938141.1308,3983,1467,18.81
2026-09-09T12:45:41.146,1788938141.1465,3984,-1680,-21.54
2026-09-09T12:45:41.162,1788938141.1623,3985,1387,17.78
2026-09-09T12:45:41.162,1788938141.1623,3986,-1714,-21.97
2026-09-09T12:45:41.177,1788938141.1780,3987,1295,16.6
2026-09-09T12:45:41.193,1788938141.1938,3988,-1690,-21.67
2026-09-09T12:45:41.193,1788938141.1938,3989,1166,14.95
2026-09-09T12:45:41.214,1788938141.2147,3990,-1662,-21.31
2026-09-09T12:45:41.225,1788938141.2256,3991,1422,18.23
2026-09-09T12:45:41.225,1788938141.2256,3992,-1585,-20.32
2026-09-09T12:45:41.241,1788938141.2417,3993,1526,19.56
2026-09-09T12:45:41.259,1788938141.2599,3994,-1472,-18.87
2026-09-09T12:45:41.259,1788938141.2599,3995,1602,20.54
2026-09-09T12:45:41.273,1788938141.2733,3996,-1339,-17.17
2026-09-09T12:45:41.273,1788938141.2733,3997,1641,21.04
2026-09-09T12:45:41.295,1788938141.2952,3998,-1186,-15.21
2026-09-09T12:45:41.304,1788938141.3045,3999,1621,20.78
2026-09-09T12:45:41.304,1788938141.3045,4000,-1463,-18.76
2026-09-09T12:45:41.320,1788938141.3205,4001,1613,20.68
2026-09-09T12:45:41.336,1788938141.3362,4002,-1559,-19.99
2026-09-09T12:45:41.343,1788938141.3438,4003,1571,20.14
2026-09-09T12:45:41.352,1788938141.3524,4004,-1604,-20.56
2026-09-09T12:45:41.360,1788938141.3601,4005,1449,18.58
2026-09-09T12:45:41.368,1788938141.3683,4006,-1621,-20.78
2026-09-09T12:45:41.384,1788938141.3843,4007,1343,17.22
2026-09-09T12:45:41.392,1788938141.3924,4008,-1618,-20.74
2026-09-09T12:45:41.399,1788938141.4000,4009,1168,14.97
2026-09-09T12:45:41.399,1788938141.4000,4010,-1599,-20.5
2026-09-09T12:45:41.421,1788938141.4212,4011,1520,19.49
2026-09-09T12:45:41.431,1788938141.4310,4012,-1520,-19.49
2026-09-09T12:45:41.431,1788938141.4310,4013,1599,20.5
2026-09-09T12:45:41.446,1788938141.4468,4014,-1423,-18.24
2026-09-09T12:45:41.462,1788938141.4628,4015,1638,21.0
2026-09-09T12:45:41.462,1788938141.4628,4016,-1295,-16.6
2026-09-09T12:45:41.478,1788938141.4789,4017,1650,21.15
2026-09-09T12:45:41.494,1788938141.4948,4018,-1114,-14.28
2026-09-09T12:45:41.494,1788938141.4948,4019,1665,21.35
2026-09-09T12:45:41.510,1788938141.5107,4020,-1503,-19.27
2026-09-09T12:45:41.510,1788938141.5107,4021,1604,20.56
2026-09-09T12:45:41.532,1788938141.5323,4022,-1604,-20.56
2026-09-09T12:45:41.542,1788938141.5422,4023,1518,19.46
2026-09-09T12:45:41.542,1788938141.5422,4024,-1640,-21.03
2026-09-09T12:45:41.560,1788938141.5606,4025,1400,17.95
2026-09-09T12:45:41.575,1788938141.5756,4026,-1645,-21.09
2026-09-09T12:45:41.589,1788938141.5899,4027,1258,16.13
2026-09-09T12:45:41.591,1788938141.5919,4028,-1614,-20.69
2026-09-09T12:45:41.605,1788938141.6058,4029,1120,14.36
2026-09-09T12:45:41.611,1788938141.6118,4030,-1591,-20.4
2026-09-09T12:45:41.621,1788938141.6219,4031,1544,19.79
2026-09-09T12:45:41.637,1788938141.6371,4032,-1515,-19.42
2026-09-09T12:45:41.642,1788938141.6427,4033,1588,20.36
2026-09-09T12:45:41.660,1788938141.6606,4034,-1378,-17.67
2026-09-09T12:45:41.666,1788938141.6664,4035,1635,20.96
2026-09-09T12:45:41.666,1788938141.6664,4036,-1229,-15.76
2026-09-09T12:45:41.682,1788938141.6824,4037,1667,21.37
2026-09-09T12:45:41.682,1788938141.6824,4038,-1064,-13.64
2026-09-09T12:45:41.698,1788938141.6983,4039,1654,21.21
2026-09-09T12:45:41.714,1788938141.7141,4040,-1538,-19.72
2026-09-09T12:45:41.721,1788938141.7216,4041,1573,20.17
2026-09-09T12:45:41.732,1788938141.7327,4042,-1618,-20.74
2026-09-09T12:45:41.732,1788938141.7327,4043,1463,18.76
2026-09-09T12:45:41.751,1788938141.7520,4044,-1647,-21.12
2026-09-09T12:45:41.766,1788938141.7660,4045,1341,17.19
2026-09-09T12:45:41.766,1788938141.7660,4046,-1644,-21.08
2026-09-09T12:45:41.785,1788938141.7858,4047,1211,15.53
2026-09-09T12:45:41.793,1788938141.7938,4048,-1621,-20.78
2026-09-09T12:45:41.793,1788938141.7938,4049,1077,13.81
2026-09-09T12:45:41.809,1788938141.8096,4050,-1557,-19.96
2026-09-09T12:45:41.809,1788938141.8096,4051,1586,20.33
2026-09-09T12:45:41.825,1788938141.8252,4052,-1469,-18.83
2026-09-09T12:45:41.841,1788938141.8414,4053,1629,20.88
2026-09-09T12:45:41.857,1788938141.8573,4054,-1316,-16.87
2026-09-09T12:45:41.865,1788938141.8652,4055,1649,21.14
2026-09-09T12:45:41.873,1788938141.8732,4056,-1191,-15.27
2026-09-09T12:45:41.878,1788938141.8786,4057,1656,21.23
2026-09-09T12:45:41.888,1788938141.8889,4058,-1038,-13.31
2026-09-09T12:45:41.904,1788938141.9048,4059,1612,20.67
2026-09-09T12:45:41.904,1788938141.9048,4060,-1588,-20.36
2026-09-09T12:45:41.920,1788938141.9208,4061,1551,19.88
2026-09-09T12:45:41.920,1788938141.9208,4062,-1640,-21.03
2026-09-09T12:45:41.936,1788938141.9365,4063,1433,18.37
2026-09-09T12:45:41.952,1788938141.9527,4064,-1669,-21.4
2026-09-09T12:45:41.961,1788938141.9610,4065,1291,16.55
2026-09-09T12:45:41.968,1788938141.9685,4066,-1646,-21.1
2026-09-09T12:45:41.968,1788938141.9685,4067,1165,14.94
2026-09-09T12:45:41.986,1788938141.9866,4068,-1634,-20.95
2026-09-09T12:45:42.000,1788938142.0004,4069,1011,12.96
2026-09-09T12:45:42.000,1788938142.0004,4070,-1542,-19.77
2026-09-09T12:45:42.017,1788938142.0178,4071,1593,20.42
2026-09-09T12:45:42.032,1788938142.0321,4072,-1433,-18.37
2026-09-09T12:45:42.032,1788938142.0321,4073,1628,20.87
2026-09-09T12:45:42.047,1788938142.0478,4074,-1280,-16.41
2026-09-09T12:45:42.065,1788938142.0659,4075,1652,21.18
2026-09-09T12:45:42.072,1788938142.0722,4076,-1135,-14.55
2026-09-09T12:45:42.079,1788938142.0796,4077,1648,21.13
2026-09-09T12:45:42.097,1788938142.0974,4078,-967,-12.4
2026-09-09T12:45:42.097,1788938142.0974,4079,1619,20.76
2026-09-09T12:45:42.111,1788938142.1110,4080,-1581,-20.27
2026-09-09T12:45:42.126,1788938142.1267,4081,1493,19.14
2026-09-09T12:45:42.142,1788938142.1429,4082,-1658,-21.26
2026-09-09T12:45:42.142,1788938142.1429,4083,1375,17.63
2026-09-09T12:45:42.142,1788938142.1429,4084,-1658,-21.26
2026-09-09T12:45:42.160,1788938142.1610,4085,1233,15.81
2026-09-09T12:45:42.174,1788938142.1750,4086,-1659,-21.27
2026-09-09T12:45:42.174,1788938142.1750,4087,1088,13.95
2026-09-09T12:45:42.191,1788938142.1910,4088,-1615,-20.71
2026-09-09T12:45:42.206,1788938142.2069,4089,966,12.38
2026-09-09T12:45:42.206,1788938142.2069,4090,-1518,-19.46
2026-09-09T12:45:42.222,1788938142.2226,4091,1568,20.1
2026-09-09T12:45:42.222,1788938142.2226,4092,-1405,-18.01
2026-09-09T12:45:42.245,1788938142.2456,4093,1636,20.97
2026-09-09T12:45:42.254,1788938142.2540,4094,-1256,-16.1
2026-09-09T12:45:42.260,1788938142.2609,4095,1632,20.92
2026-09-09T12:45:42.269,1788938142.2697,4096,-1090,-13.97
2026-09-09T12:45:42.285,1788938142.2854,4097,1608,20.62
2026-09-09T12:45:42.285,1788938142.2854,4098,-937,-12.01
2026-09-09T12:45:42.301,1788938142.3013,4099,1548,19.85
2026-09-09T12:45:42.317,1788938142.3172,4100,-1643,-21.06
2026-09-09T12:45:42.321,1788938142.3212,4101,1446,18.54
2026-09-09T12:45:42.333,1788938142.3332,4102,-1676,-21.49
2026-09-09T12:45:42.333,1788938142.3332,4103,1321,16.94
2026-09-09T12:45:42.349,1788938142.3492,4104,-1688,-21.64
2026-09-09T12:45:42.364,1788938142.3649,4105,1183,15.17
2026-09-09T12:45:42.370,1788938142.3709,4106,-1688,-21.64
2026-09-09T12:45:42.380,1788938142.3809,4107,1038,13.31
2026-09-09T12:45:42.380,1788938142.3809,4108,-1600,-20.51
2026-09-09T12:45:42.396,1788938142.3967,4109,894,11.46
2026-09-09T12:45:42.412,1788938142.4124,4110,-1503,-19.27
2026-09-09T12:45:42.428,1788938142.4284,4111,1608,20.62
2026-09-09T12:45:42.428,1788938142.4284,4112,-1373,-17.6
2026-09-09T12:45:42.444,1788938142.4445,4113,1636,20.97
2026-09-09T12:45:42.450,1788938142.4506,4114,-1188,-15.23
2026-09-09T12:45:42.461,1788938142.4614,4115,1636,20.97
2026-09-09T12:45:42.461,1788938142.4614,4116,-1034,-13.26
2026-09-09T12:45:42.476,1788938142.4762,4117,1596,20.46
2026-09-09T12:45:42.492,1788938142.4921,4118,-906,-11.62
2026-09-09T12:45:42.492,1788938142.4921,4119,1527,19.58
2026-09-09T12:45:42.508,1788938142.5086,4120,-1656,-21.23
2026-09-09T12:45:42.508,1788938142.5086,4121,1406,18.03
2026-09-09T12:45:42.530,1788938142.5309,4122,-1676,-21.49
2026-09-09T12:45:42.540,1788938142.5406,4123,1284,16.46
2026-09-09T12:45:42.540,1788938142.5406,4124,-1692,-21.69
2026-09-09T12:45:42.562,1788938142.5620,4125,1122,14.38
2026-09-09T12:45:42.573,1788938142.5735,4126,-1628,-20.87
2026-09-09T12:45:42.573,1788938142.5735,4127,985,12.63
2026-09-09T12:45:42.588,1788938142.5883,4128,-1568,-20.1
2026-09-09T12:45:42.604,1788938142.6040,4129,1571,20.14
2026-09-09T12:45:42.612,1788938142.6120,4130,-1431,-18.35
2026-09-09T12:45:42.619,1788938142.6199,4131,1626,20.85
2026-09-09T12:45:42.635,1788938142.6357,4132,-1282,-16.44
2026-09-09T12:45:42.635,1788938142.6357,4133,1643,21.06
2026-09-09T12:45:42.651,1788938142.6514,4134,-1145,-14.68
2026-09-09T12:45:42.662,1788938142.6621,4135,1630,20.9
2026-09-09T12:45:42.667,1788938142.6673,4136,-976,-12.51
2026-09-09T12:45:42.683,1788938142.6834,4137,1558,19.97
2026-09-09T12:45:42.683,1788938142.6834,4138,-859,-11.01
2026-09-09T12:45:42.699,1788938142.6994,4139,1473,18.88
2026-09-09T12:45:42.715,1788938142.7154,4140,-1686,-21.62
2026-09-09T12:45:42.721,1788938142.7216,4141,1355,17.37
2026-09-09T12:45:42.735,1788938142.7355,4142,-1710,-21.92
2026-09-09T12:45:42.735,1788938142.7355,4143,1206,15.46
2026-09-09T12:45:42.747,1788938142.7471,4144,-1678,-21.51
2026-09-09T12:45:42.763,1788938142.7631,4145,1101,14.12
2026-09-09T12:45:42.763,1788938142.7631,4146,-1602,-20.54
2026-09-09T12:45:42.778,1788938142.7789,4147,972,12.46
2026-09-09T12:45:42.794,1788938142.7947,4148,-1525,-19.55
2026-09-09T12:45:42.801,1788938142.8017,4149,1601,20.53
2026-09-09T12:45:42.810,1788938142.8107,4150,-1392,-17.85
2026-09-09T12:45:42.810,1788938142.8107,4151,1629,20.88
2026-09-09T12:45:42.832,1788938142.8326,4152,-1243,-15.94
2026-09-09T12:45:42.844,1788938142.8444,4153,1625,20.83
2026-09-09T12:45:42.853,1788938142.8532,4154,-1105,-14.17
2026-09-09T12:45:42.862,1788938142.8621,4155,1581,20.27
2026-09-09T12:45:42.874,1788938142.8741,4156,-936,-12.0
2026-09-09T12:45:42.874,1788938142.8741,4157,1549,19.86
2026-09-09T12:45:42.890,1788938142.8902,4158,-792,-10.15
2026-09-09T12:45:42.900,1788938142.9006,4159,1444,18.51
2026-09-09T12:45:42.906,1788938142.9061,4160,-1666,-21.36
2026-09-09T12:45:42.922,1788938142.9222,4161,1298,16.64
2026-09-09T12:45:42.935,1788938142.9354,4162,-1679,-21.53
2026-09-09T12:45:42.939,1788938142.9394,4163,1153,14.78
2026-09-09T12:45:42.962,1788938142.9623,4164,-1659,-21.27
2026-09-09T12:45:42.962,1788938142.9623,4165,1032,13.23
2026-09-09T12:45:42.969,1788938142.9698,4166,-1598,-20.49
2026-09-09T12:45:42.985,1788938142.9858,4167,879,11.27
2026-09-09T12:45:42.991,1788938142.9918,4168,-1505,-19.29
2026-09-09T12:45:43.005,1788938143.0054,4169,1617,20.73
2026-09-09T12:45:43.005,1788938143.0054,4170,-1359,-17.42
2026-09-09T12:45:43.017,1788938143.0171,4171,1621,20.78
2026-09-09T12:45:43.033,1788938143.0330,4172,-1194,-15.31
2026-09-09T12:45:43.033,1788938143.0330,4173,1618,20.74
2026-09-09T12:45:43.049,1788938143.0490,4174,-1048,-13.44
2026-09-09T12:45:43.062,1788938143.0626,4175,1574,20.18
2026-09-09T12:45:43.067,1788938143.0676,4176,-888,-11.38
2026-09-09T12:45:43.080,1788938143.0806,4177,1485,19.04
2026-09-09T12:45:43.080,1788938143.0806,4178,-743,-9.53
2026-09-09T12:45:43.096,1788938143.0964,4179,1396,17.9
2026-09-09T12:45:43.112,1788938143.1124,4180,-1682,-21.56
2026-09-09T12:45:43.112,1788938143.1124,4181,1242,15.92
2026-09-09T12:45:43.128,1788938143.1284,4182,-1686,-21.62
2026-09-09T12:45:43.144,1788938143.1441,4183,1105,14.17
2026-09-09T12:45:43.144,1788938143.1441,4184,-1634,-20.95
2026-09-09T12:45:43.160,1788938143.1602,4185,972,12.46
2026-09-09T12:45:43.176,1788938143.1763,4186,-1561,-20.01
2026-09-09T12:45:43.191,1788938143.1920,4187,852,10.92
2026-09-09T12:45:43.191,1788938143.1920,4188,-1452,-18.62
2026-09-09T12:45:43.191,1788938143.1920,4189,1606,20.59
2026-09-09T12:45:43.207,1788938143.2077,4190,-1302,-16.69
2026-09-09T12:45:43.223,1788938143.2237,4191,1614,20.69
2026-09-09T12:45:43.230,1788938143.2308,4192,-1132,-14.51
2026-09-09T12:45:43.239,1788938143.2396,4193,1615,20.71
2026-09-09T12:45:43.255,1788938143.2553,4194,-987,-12.65
2026-09-09T12:45:43.262,1788938143.2627,4195,1570,20.13
2026-09-09T12:45:43.271,1788938143.2714,4196,-830,-10.64
2026-09-09T12:45:43.287,1788938143.2871,4197,1469,18.83
2026-09-09T12:45:43.287,1788938143.2871,4198,-674,-8.64
2026-09-09T12:45:43.303,1788938143.3031,4199,1356,17.38
2026-09-09T12:45:43.312,1788938143.3121,4200,-1677,-21.5
2026-09-09T12:45:43.330,1788938143.3309,4201,1206,15.46
2026-09-09T12:45:43.334,1788938143.3348,4202,-1674,-21.46
2026-09-09T12:45:43.334,1788938143.3348,4203,1057,13.55
2026-09-09T12:45:43.350,1788938143.3509,4204,-1609,-20.63
2026-09-09T12:45:43.362,1788938143.3629,4205,960,12.31
2026-09-09T12:45:43.366,1788938143.3665,4206,-1473,-18.88
2026-09-09T12:45:43.382,1788938143.3827,4207,827,10.6
2026-09-09T12:45:43.393,1788938143.3940,4208,-1336,-17.13
2026-09-09T12:45:43.398,1788938143.3984,4209,1629,20.88
2026-09-09T12:45:43.414,1788938143.4145,4210,-1207,-15.47
2026-09-09T12:45:43.420,1788938143.4205,4211,1625,20.83
2026-09-09T12:45:43.430,1788938143.4304,4212,-1066,-13.67
2026-09-09T12:45:43.430,1788938143.4304,4213,1565,20.06
2026-09-09T12:45:43.446,1788938143.4463,4214,-921,-11.81
2026-09-09T12:45:43.462,1788938143.4629,4215,1520,19.49
2026-09-09T12:45:43.462,1788938143.4629,4216,-780,-10.0
2026-09-09T12:45:43.478,1788938143.4786,4217,1439,18.45
2026-09-09T12:45:43.478,1788938143.4786,4218,-636,-8.15
2026-09-09T12:45:43.494,1788938143.4948,4219,1293,16.58
2026-09-09T12:45:43.510,1788938143.5107,4220,-1647,-21.12
2026-09-09T12:45:43.526,1788938143.5264,4221,1176,15.08
2026-09-09T12:45:43.532,1788938143.5324,4222,-1608,-20.62
2026-09-09T12:45:43.542,1788938143.5424,4223,1062,13.62
2026-09-09T12:45:43.550,1788938143.5504,4224,-1520,-19.49
2026-09-09T12:45:43.563,1788938143.5634,4225,936,12.0
2026-09-09T12:45:43.574,1788938143.5748,4226,-1412,-18.1
2026-09-09T12:45:43.581,1788938143.5813,4227,783,10.04
2026-09-09T12:45:43.595,1788938143.5955,4228,-1272,-16.31
2026-09-09T12:45:43.597,1788938143.5977,4229,1645,21.09
2026-09-09T12:45:43.608,1788938143.6085,4230,-1163,-14.91
2026-09-09T12:45:43.621,1788938143.6218,4231,1609,20.63
2026-09-09T12:45:43.621,1788938143.6218,4232,-1001,-12.83
2026-09-09T12:45:43.637,1788938143.6377,4233,1544,19.79
2026-09-09T12:45:43.653,1788938143.6535,4234,-876,-11.23
2026-09-09T12:45:43.663,1788938143.6634,4235,1468,18.82
2026-09-09T12:45:43.669,1788938143.6694,4236,-720,-9.23
2026-09-09T12:45:43.685,1788938143.6851,4237,1335,17.12
2026-09-09T12:45:43.685,1788938143.6851,4238,-627,-8.04
2026-09-09T12:45:43.700,1788938143.7009,4239,1186,15.21
2026-09-09T12:45:43.700,1788938143.7009,4240,-1682,-21.56
2026-09-09T12:45:43.721,1788938143.7215,4241,1050,13.46
2026-09-09T12:45:43.733,1788938143.7336,4242,-1637,-20.99
2026-09-09T12:45:43.733,1788938143.7336,4243,921,11.81
2026-09-09T12:45:43.748,1788938143.7488,4244,-1543,-19.78
2026-09-09T12:45:43.764,1788938143.7645,4245,801,10.27
2026-09-09T12:45:43.764,1788938143.7645,4246,-1442,-18.49
2026-09-09T12:45:43.780,1788938143.7805,4247,670,8.59
2026-09-09T12:45:43.780,1788938143.7805,4248,-1300,-16.67
2026-09-09T12:45:43.806,1788938143.8068,4249,1581,20.27
2026-09-09T12:45:43.812,1788938143.8122,4250,-1122,-14.38
2026-09-09T12:45:43.812,1788938143.8122,4251,1569,20.12
2026-09-09T12:45:43.827,1788938143.8279,4252,-964,-12.36
2026-09-09T12:45:43.843,1788938143.8439,4253,1501,19.24
2026-09-09T12:45:43.843,1788938143.8439,4254,-827,-10.6
2026-09-09T12:45:43.863,1788938143.8638,4255,1412,18.1
2026-09-09T12:45:43.875,1788938143.8755,4256,-703,-9.01
2026-09-09T12:45:43.875,1788938143.8755,4257,1291,16.55
2026-09-09T12:45:43.891,1788938143.8917,4258,-1709,-21.91
2026-09-09T12:45:43.891,1788938143.8917,4259,1147,14.71
2026-09-09T12:45:43.911,1788938143.9115,4260,-1653,-21.19
2026-09-09T12:45:43.923,1788938143.9235,4261,1030,13.21
2026-09-09T12:45:43.923,1788938143.9235,4262,-1624,-20.82
2026-09-09T12:45:43.939,1788938143.9395,4263,861,11.04
2026-09-09T12:45:43.955,1788938143.9553,4264,-1515,-19.42
2026-09-09T12:45:43.966,1788938143.9661,4265,734,9.41
2026-09-09T12:45:43.971,1788938143.9713,4266,-1401,-17.96
2026-09-09T12:45:43.971,1788938143.9713,4267,606,7.77
2026-09-09T12:45:43.987,1788938143.9875,4268,-1235,-15.83
2026-09-09T12:45:44.003,1788938144.0034,4269,1570,20.13
2026-09-09T12:45:44.003,1788938144.0034,4270,-1057,-13.55
2026-09-09T12:45:44.019,1788938144.0191,4271,1554,19.92
2026-09-09T12:45:44.034,1788938144.0349,4272,-887,-11.37
2026-09-09T12:45:44.034,1788938144.0349,4273,1521,19.5
2026-09-09T12:45:44.050,1788938144.0506,4274,-699,-8.96
2026-09-09T12:45:44.066,1788938144.0663,4275,1427,18.29
2026-09-09T12:45:44.072,1788938144.0727,4276,-552,-7.08
2026-09-09T12:45:44.082,1788938144.0821,4277,1297,16.63
2026-09-09T12:45:44.097,1788938144.0976,4278,-1624,-20.82
2026-09-09T12:45:44.097,1788938144.0976,4279,1171,15.01
2026-09-09T12:45:44.113,1788938144.1134,4280,-1592,-20.41
2026-09-09T12:45:44.113,1788938144.1134,4281,997,12.78
2026-09-09T12:45:44.129,1788938144.1295,4282,-1540,-19.74
2026-09-09T12:45:44.145,1788938144.1454,4283,864,11.08
2026-09-09T12:45:44.145,1788938144.1454,4284,-1444,-18.51
2026-09-09T12:45:44.164,1788938144.1641,4285,736,9.44
2026-09-09T12:45:44.164,1788938144.1641,4286,-1290,-16.54
2026-09-09T12:45:44.177,1788938144.1775,4287,584,7.49
2026-09-09T12:45:44.193,1788938144.1931,4288,-1145,-14.68
2026-09-09T12:45:44.193,1788938144.1931,4289,1598,20.49
2026-09-09T12:45:44.212,1788938144.2125,4290,-1019,-13.06
2026-09-09T12:45:44.224,1788938144.2244,4291,1535,19.68
2026-09-09T12:45:44.224,1788938144.2244,4292,-858,-11.0
2026-09-09T12:45:44.288,1788938144.2882,4293,-1663,-21.32
2026-09-09T12:45:44.304,1788938144.3041,4294,1032,13.23
2026-09-09T12:45:44.321,1788938144.3219,4295,891,11.42
2026-09-09T12:45:44.335,1788938144.3357,4296,-1490,-19.1
2026-09-09T12:45:44.343,1788938144.3437,4297,830,10.64
2026-09-09T12:45:44.351,1788938144.3514,4298,-1305,-16.73
2026-09-09T12:45:44.369,1788938144.3693,4299,-1117,-14.32
2026-09-09T12:45:44.431,1788938144.4319,4300,-686,-8.79
2026-09-09T12:45:44.445,1788938144.4456,4301,1444,18.51
2026-09-09T12:45:44.451,1788938144.4516,4302,-580,-7.44
2026-09-09T12:45:44.464,1788938144.4645,4303,1298,16.64
2026-09-09T12:45:44.477,1788938144.4772,4304,-445,-5.71
2026-09-09T12:45:44.477,1788938144.4772,4305,1188,15.23
2026-09-09T12:45:44.493,1788938144.4932,4306,-1552,-19.9
2026-09-09T12:45:44.509,1788938144.5093,4307,-1476,-18.92
2026-09-09T12:45:44.524,1788938144.5250,4308,900,11.54
2026-09-09T12:45:44.524,1788938144.5250,4309,-1356,-17.38
2026-09-09T12:45:44.541,1788938144.5411,4310,775,9.94
2026-09-09T12:45:44.559,1788938144.5594,4311,630,8.08
2026-09-09T12:45:44.572,1788938144.5727,4312,-1103,-14.14
2026-09-09T12:45:44.581,1788938144.5814,4313,522,6.69
2026-09-09T12:45:44.588,1788938144.5888,4314,-927,-11.88
2026-09-09T12:45:44.604,1788938144.6046,4315,1579,20.24
2026-09-09T12:45:44.604,1788938144.6046,4316,-803,-10.29
2026-09-09T12:45:44.620,1788938144.6208,4317,1485,19.04
2026-09-09T12:45:44.630,1788938144.6301,4318,-712,-9.13
2026-09-09T12:45:44.636,1788938144.6368,4319,1347,17.27
2026-09-09T12:45:44.652,1788938144.6526,4320,-584,-7.49
2026-09-09T12:45:44.662,1788938144.6623,4321,1221,15.65
2026-09-09T12:45:44.668,1788938144.6683,4322,-405,-5.19
2026-09-09T12:45:44.683,1788938144.6840,4323,1096,14.05
2026-09-09T12:45:44.683,1788938144.6840,4324,-1575,-20.19
2026-09-09T12:45:44.700,1788938144.7001,4325,955,12.24
2026-09-09T12:45:44.700,1788938144.7001,4326,-1519,-19.47
2026-09-09T12:45:44.722,1788938144.7226,4327,826,10.59
2026-09-09T12:45:44.732,1788938144.7323,4328,-1398,-17.92
2026-09-09T12:45:44.732,1788938144.7323,4329,714,9.15
2026-09-09T12:45:44.751,1788938144.7513,4330,-1268,-16.26
2026-09-09T12:45:44.764,1788938144.7644,4331,590,7.56
2026-09-09T12:45:44.764,1788938144.7644,4332,-1103,-14.14
2026-09-09T12:45:44.779,1788938144.7794,4333,482,6.18
2026-09-09T12:45:44.795,1788938144.7953,4334,-926,-11.87
2026-09-09T12:45:44.795,1788938144.7953,4335,1591,20.4
2026-09-09T12:45:44.813,1788938144.8137,4336,-747,-9.58
2026-09-09T12:45:44.813,1788938144.8137,4337,1525,19.55
2026-09-09T12:45:44.834,1788938144.8346,4338,-592,-7.59
2026-09-09T12:45:44.843,1788938144.8433,4339,1450,18.59
2026-09-09T12:45:44.843,1788938144.8433,4340,-418,-5.36
2026-09-09T12:45:44.864,1788938144.8644,4341,1338,17.15
2026-09-09T12:45:44.870,1788938144.8703,4342,-293,-3.76
2026-09-09T12:45:44.874,1788938144.8749,4343,1210,15.51
2026-09-09T12:45:44.890,1788938144.8907,4344,-1454,-18.64
2026-09-09T12:45:44.890,1788938144.8907,4345,1086,13.92
2026-09-09T12:45:44.906,1788938144.9067,4346,-1368,-17.54
2026-09-09T12:45:44.922,1788938144.9224,4347,931,11.94
2026-09-09T12:45:44.938,1788938144.9382,4348,-1341,-17.19
2026-09-09T12:45:44.938,1788938144.9382,4349,622,7.97
2026-09-09T12:45:44.953,1788938144.9540,4350,-1327,-17.01
2026-09-09T12:45:44.964,1788938144.9647,4351,480,6.15
2026-09-09T12:45:44.969,1788938144.9699,4352,-1136,-14.56
2026-09-09T12:45:44.969,1788938144.9699,4353,1595,20.45
2026-09-09T12:45:44.985,1788938144.9858,4354,-911,-11.68
2026-09-09T12:45:45.001,1788938145.0015,4355,1634,20.95
2026-09-09T12:45:45.001,1788938145.0015,4356,-700,-8.97
2026-09-09T12:45:45.017,1788938145.0175,4357,1614,20.69
2026-09-09T12:45:45.033,1788938145.0336,4358,-463,-5.94
2026-09-09T12:45:45.044,1788938145.0449,4359,1549,19.86
2026-09-09T12:45:45.049,1788938145.0494,4360,-292,-3.74
2026-09-09T12:45:45.064,1788938145.0646,4361,1415,18.14
2026-09-09T12:45:45.070,1788938145.0706,4362,-133,-1.71
2026-09-09T12:45:45.083,1788938145.0830,4363,1309,16.78
2026-09-09T12:45:45.083,1788938145.0830,4364,-1339,-17.17
2026-09-09T12:45:45.107,1788938145.1074,4365,1147,14.71
2026-09-09T12:45:45.112,1788938145.1124,4366,-1239,-15.88
2026-09-09T12:45:45.128,1788938145.1282,4367,967,12.4
2026-09-09T12:45:45.128,1788938145.1282,4368,-1170,-15.0
2026-09-09T12:45:45.151,1788938145.1516,4369,-1083,-13.88
2026-09-09T12:45:45.159,1788938145.1597,4370,577,7.4
2026-09-09T12:45:45.165,1788938145.1659,4371,-1015,-13.01
2026-09-09T12:45:45.175,1788938145.1754,4372,1603,20.55
2026-09-09T12:45:45.191,1788938145.1915,4373,-935,-11.99
2026-09-09T12:45:45.191,1788938145.1915,4374,1458,18.69
2026-09-09T12:45:45.207,1788938145.2072,4375,-842,-10.79
2026-09-09T12:45:45.222,1788938145.2228,4376,1378,17.67
2026-09-09T12:45:45.222,1788938145.2228,4377,-649,-8.32
2026-09-09T12:45:45.416,1788938145.4163,4378,-611,-7.83
2026-09-09T12:45:45.416,1788938145.4163,4379,1563,20.04
2026-09-09T12:45:45.430,1788938145.4303,4380,-462,-5.92
2026-09-09T12:45:45.430,1788938145.4303,4381,1406,18.03
2026-09-09T12:45:45.445,1788938145.4460,4382,-333,-4.27
2026-09-09T12:45:45.461,1788938145.4618,4383,1223,15.68
2026-09-09T12:45:45.467,1788938145.4676,4384,-246,-3.15
2026-09-09T12:45:45.481,1788938145.4819,4385,1008,12.92
2026-09-09T12:45:45.493,1788938145.4937,4386,-1553,-19.91
2026-09-09T12:45:45.493,1788938145.4937,4387,867,11.12
2026-09-09T12:45:45.513,1788938145.5131,4388,-1440,-18.46
2026-09-09T12:45:45.525,1788938145.5254,4389,683,8.76
2026-09-09T12:45:45.531,1788938145.5315,4390,-1306,-16.74
2026-09-09T12:45:45.541,1788938145.5412,4391,524,6.72
2026-09-09T12:45:45.541,1788938145.5412,4392,-1921,-24.63
2026-09-09T12:45:45.559,1788938145.5596,4393,-129,-1.65
2026-09-09T12:45:45.573,1788938145.5737,4394,-1448,-18.56
2026-09-09T12:45:45.582,1788938145.5823,4395,1241,15.91
2026-09-09T12:45:45.592,1788938145.5927,4396,-1080,-13.85
2026-09-09T12:45:45.606,1788938145.6065,4397,1281,16.42
2026-09-09T12:45:45.606,1788938145.6065,4398,-828,-10.62
2026-09-09T12:45:45.620,1788938145.6203,4399,1231,15.78
2026-09-09T12:45:45.636,1788938145.6363,4400,-630,-8.08
2026-09-09T12:45:45.640,1788938145.6402,4401,1151,14.76
2026-09-09T12:45:45.652,1788938145.6521,4402,-449,-5.76
2026-09-09T12:45:45.652,1788938145.6521,4403,1043,13.37
2026-09-09T12:45:45.668,1788938145.6681,4404,-269,-3.45
2026-09-09T12:45:45.684,1788938145.6840,4405,938,12.03
2026-09-09T12:45:45.684,1788938145.6840,4406,-1530,-19.62
2026-09-09T12:45:45.700,1788938145.7000,4407,782,10.03
2026-09-09T12:45:45.716,1788938145.7161,4408,-1361,-17.45
2026-09-09T12:45:45.721,1788938145.7218,4409,686,8.79
2026-09-09T12:45:45.732,1788938145.7328,4410,-1219,-15.63
2026-09-09T12:45:45.732,1788938145.7328,4411,553,7.09
2026-09-09T12:45:45.747,1788938145.7479,4412,-1063,-13.63
2026-09-09T12:45:45.764,1788938145.7640,4413,409,5.24
2026-09-09T12:45:45.771,1788938145.7717,4414,-914,-11.72
2026-09-09T12:45:45.780,1788938145.7801,4415,1574,20.18
2026-09-09T12:45:45.795,1788938145.7957,4416,-806,-10.33
2026-09-09T12:45:45.795,1788938145.7957,4417,1433,18.37
2026-09-09T12:45:45.818,1788938145.8183,4418,-646,-8.28
2026-09-09T12:45:45.818,1788938145.8183,4419,1291,16.55
2026-09-09T12:45:45.831,1788938145.8318,4420,-482,-6.18
2026-09-09T12:45:45.843,1788938145.8436,4421,1214,15.56
2026-09-09T12:45:45.851,1788938145.8516,4422,-287,-3.68
2026-09-09T12:45:45.869,1788938145.8699,4423,1124,14.41
2026-09-09T12:45:45.875,1788938145.8752,4424,-100,-1.28
2026-09-09T12:45:45.882,1788938145.8822,4425,969,12.42
2026-09-09T12:45:45.891,1788938145.8910,4426,-1431,-18.35
2026-09-09T12:45:45.908,1788938145.9083,4427,780,10.0
2026-09-09T12:45:45.908,1788938145.9083,4428,-1322,-16.95
2026-09-09T12:45:45.923,1788938145.9233,4429,596,7.64
2026-09-09T12:45:45.938,1788938145.9383,4430,-1221,-15.65
2026-09-09T12:45:45.938,1788938145.9383,4431,449,5.76
2026-09-09T12:45:45.954,1788938145.9540,4432,-1075,-13.78
2026-09-09T12:45:45.962,1788938145.9621,4433,293,3.76
2026-09-09T12:45:45.976,1788938145.9762,4434,-930,-11.92
2026-09-09T12:45:45.976,1788938145.9762,4435,1479,18.96
2026-09-09T12:45:45.985,1788938145.9856,4436,-808,-10.36
2026-09-09T12:45:46.001,1788938146.0015,4437,1299,16.65
2026-09-09T12:45:46.017,1788938146.0172,4438,-699,-8.96
2026-09-09T12:45:46.017,1788938146.0172,4439,1151,14.76
2026-09-09T12:45:46.033,1788938146.0330,4440,-565,-7.24
2026-09-09T12:45:46.048,1788938146.0487,4441,984,12.62
2026-09-09T12:45:46.048,1788938146.0487,4442,-462,-5.92
2026-09-09T12:45:46.064,1788938146.0644,4443,758,9.72
2026-09-09T12:45:46.071,1788938146.0716,4444,-402,-5.15
2026-09-09T12:45:46.083,1788938146.0831,4445,574,7.36
2026-09-09T12:45:46.083,1788938146.0831,4446,-1671,-21.42
2026-09-09T12:45:46.096,1788938146.0966,4447,483,6.19
2026-09-09T12:45:46.112,1788938146.1127,4448,-1489,-19.09
2026-09-09T12:45:46.123,1788938146.1239,4449,395,5.06
2026-09-09T12:45:46.128,1788938146.1286,4450,-1280,-16.41
2026-09-09T12:45:46.144,1788938146.1445,4451,298,3.82
2026-09-09T12:45:46.144,1788938146.1445,4452,-1124,-14.41
2026-09-09T12:45:46.160,1788938146.1602,4453,73,0.94
2026-09-09T12:45:46.175,1788938146.1759,4454,-1012,-12.97
2026-09-09T12:45:46.175,1788938146.1759,4455,1293,16.58
2026-09-09T12:45:46.192,1788938146.1920,4456,-861,-11.04
2026-09-09T12:45:46.203,1788938146.2031,4457,1175,15.06
2026-09-09T12:45:46.207,1788938146.2079,4458,-726,-9.31
2026-09-09T12:45:46.224,1788938146.2240,4459,1032,13.23
2026-09-09T12:45:46.224,1788938146.2240,4460,-558,-7.15
2026-09-09T12:45:46.239,1788938146.2398,4461,907,11.63
2026-09-09T12:45:46.255,1788938146.2555,4462,-403,-5.17
2026-09-09T12:45:46.255,1788938146.2555,4463,785,10.06
2026-09-09T12:45:46.271,1788938146.2720,4464,-235,-3.01
2026-09-09T12:45:46.271,1788938146.2720,4465,632,8.1
2026-09-09T12:45:46.287,1788938146.2871,4466,-1522,-19.51
2026-09-09T12:45:46.302,1788938146.3028,4467,507,6.5
2026-09-09T12:45:46.302,1788938146.3028,4468,-1377,-17.65
2026-09-09T12:45:46.326,1788938146.3268,4469,386,4.95
2026-09-09T12:45:46.334,1788938146.3343,4470,-1233,-15.81
2026-09-09T12:45:46.334,1788938146.3343,4471,213,2.73
2026-09-09T12:45:46.350,1788938146.3500,4472,-1065,-13.65
2026-09-09T12:45:46.363,1788938146.3637,4473,31,0.4
2026-09-09T12:45:46.377,1788938146.3779,4474,-922,-11.82
2026-09-09T12:45:46.381,1788938146.3814,4475,1302,16.69
2026-09-09T12:45:46.390,1788938146.3902,4476,-763,-9.78
2026-09-09T12:45:46.397,1788938146.3975,4477,1175,15.06
2026-09-09T12:45:46.413,1788938146.4134,4478,-581,-7.45
2026-09-09T12:45:46.421,1788938146.4214,4479,1032,13.23
2026-09-09T12:45:46.429,1788938146.4291,4480,-454,-5.82
2026-09-09T12:45:46.445,1788938146.4451,4481,874,11.21
2026-09-09T12:45:46.445,1788938146.4451,4482,-276,-3.54
2026-09-09T12:45:46.460,1788938146.4609,4483,767,9.83
2026-09-09T12:45:46.473,1788938146.4731,4484,-1563,-20.04
2026-09-09T12:45:46.476,1788938146.4767,4485,661,8.47
2026-09-09T12:45:46.492,1788938146.4925,4486,-1384,-17.74
2026-09-09T12:45:46.508,1788938146.5084,4487,527,6.76
2026-09-09T12:45:46.512,1788938146.5124,4488,-1209,-15.5
2026-09-09T12:45:46.524,1788938146.5241,4489,396,5.08
2026-09-09T12:45:46.531,1788938146.5311,4490,-1043,-13.37
2026-09-09T12:45:46.539,1788938146.5399,4491,264,3.38
2026-09-09T12:45:46.539,1788938146.5399,4492,-874,-11.21
2026-09-09T12:45:46.573,1788938146.5737,4493,120,1.54
2026-09-09T12:45:46.573,1788938146.5737,4494,-730,-9.36
2026-09-09T12:45:46.573,1788938146.5737,4495,1357,17.4
2026-09-09T12:45:46.591,1788938146.5910,4496,-582,-7.46
2026-09-09T12:45:46.602,1788938146.6027,4497,1235,15.83
2026-09-09T12:45:46.602,1788938146.6027,4498,-381,-4.88
2026-09-09T12:45:46.620,1788938146.6208,4499,1162,14.9
2026-09-09T12:45:46.634,1788938146.6347,4500,-258,-3.31
2026-09-09T12:45:46.634,1788938146.6347,4501,985,12.63
2026-09-09T12:45:46.650,1788938146.6508,4502,-94,-1.21
2026-09-09T12:45:46.650,1788938146.6508,4503,852,10.92
2026-09-09T12:45:46.682,1788938146.6822,4504,-1479,-18.96
2026-09-09T12:45:46.682,1788938146.6822,4505,708,9.08
2026-09-09T12:45:46.682,1788938146.6822,4506,-1282,-16.44
2026-09-09T12:45:46.698,1788938146.6981,4507,651,8.35
2026-09-09T12:45:46.714,1788938146.7140,4508,-1046,-13.41
2026-09-09T12:45:46.723,1788938146.7234,4509,493,6.32
2026-09-09T12:45:46.730,1788938146.7309,4510,-879,-11.27
2026-09-09T12:45:46.746,1788938146.7460,4511,338,4.33
2026-09-09T12:45:46.746,1788938146.7460,4512,-744,-9.54
2026-09-09T12:45:46.762,1788938146.7620,4513,163,2.09
2026-09-09T12:45:46.762,1788938146.7620,4514,-558,-7.15
2026-09-09T12:45:46.778,1788938146.7780,4515,1482,19.0
2026-09-09T12:45:46.793,1788938146.7939,4516,-441,-5.65
2026-09-09T12:45:46.793,1788938146.7939,4517,1327,17.01
2026-09-09T12:45:46.810,1788938146.8100,4518,-283,-3.63
2026-09-09T12:45:46.826,1788938146.8260,4519,1156,14.82
2026-09-09T12:45:46.826,1788938146.8260,4520,-124,-1.59
2026-09-09T12:45:46.842,1788938146.8420,4521,1022,13.1
2026-09-09T12:45:46.842,1788938146.8420,4522,35,0.45
2026-09-09T12:45:46.857,1788938146.8579,4523,880,11.28
2026-09-09T12:45:46.857,1788938146.8579,4524,-1319,-16.91
2026-09-09T12:45:46.873,1788938146.8740,4525,734,9.41
2026-09-09T12:45:46.889,1788938146.8900,4526,-1187,-15.22
2026-09-09T12:45:46.905,1788938146.9057,4527,549,7.04
2026-09-09T12:45:46.905,1788938146.9057,4528,-1015,-13.01
2026-09-09T12:45:46.921,1788938146.9218,4529,391,5.01
2026-09-09T12:45:46.921,1788938146.9218,4530,-892,-11.44
2026-09-09T12:45:46.937,1788938146.9377,4531,194,2.49
2026-09-09T12:45:46.953,1788938146.9535,4532,-740,-9.49
2026-09-09T12:45:46.953,1788938146.9535,4533,28,0.36
2026-09-09T12:45:46.969,1788938146.9692,4534,-585,-7.5
2026-09-09T12:45:46.981,1788938146.9815,4535,1352,17.33
2026-09-09T12:45:46.995,1788938146.9953,4536,-430,-5.51
2026-09-09T12:45:47.000,1788938147.0009,4537,1206,15.46
2026-09-09T12:45:47.017,1788938147.0177,4538,-310,-3.97
2026-09-09T12:45:47.022,1788938147.0225,4539,1064,13.64
2026-09-09T12:45:47.033,1788938147.0334,4540,-82,-1.05
2026-09-09T12:45:47.033,1788938147.0334,4541,915,11.73
2026-09-09T12:45:47.048,1788938147.0487,4542,58,0.74
2026-09-09T12:45:47.064,1788938147.0646,4543,782,10.03
2026-09-09T12:45:47.075,1788938147.0754,4544,-1304,-16.72
2026-09-09T12:45:47.080,1788938147.0803,4545,654,8.38
2026-09-09T12:45:47.080,1788938147.0803,4546,-1159,-14.86
2026-09-09T12:45:47.099,1788938147.0994,4547,481,6.17
2026-09-09T12:45:47.112,1788938147.1120,4548,-987,-12.65
2026-09-09T12:45:47.127,1788938147.1278,4549,320,4.1
2026-09-09T12:45:47.127,1788938147.1278,4550,-815,-10.45
2026-09-09T12:45:47.143,1788938147.1432,4551,170,2.18
2026-09-09T12:45:47.143,1788938147.1432,4552,-664,-8.51
2026-09-09T12:45:47.160,1788938147.1609,4553,-48,-0.62
2026-09-09T12:45:47.175,1788938147.1756,4554,-525,-6.73
2026-09-09T12:45:47.180,1788938147.1807,4555,1303,16.71
2026-09-09T12:45:47.190,1788938147.1902,4556,-406,-5.21
2026-09-09T12:45:47.190,1788938147.1902,4557,1157,14.83
2026-09-09T12:45:47.221,1788938147.2219,4558,-254,-3.26
2026-09-09T12:45:47.221,1788938147.2219,4559,968,12.41
2026-09-09T12:45:47.231,1788938147.2312,4560,-109,-1.4
2026-09-09T12:45:47.241,1788938147.2416,4561,840,10.77
2026-09-09T12:45:47.253,1788938147.2536,4562,71,0.91
2026-09-09T12:45:47.269,1788938147.2692,4563,684,8.77
2026-09-09T12:45:47.271,1788938147.2712,4564,-1313,-16.83
2026-09-09T12:45:47.284,1788938147.2849,4565,557,7.14
2026-09-09T12:45:47.284,1788938147.2849,4566,-1115,-14.29
2026-09-09T12:45:47.300,1788938147.3005,4567,385,4.94
2026-09-09T12:45:47.312,1788938147.3122,4568,-950,-12.18
2026-09-09T12:45:47.322,1788938147.3222,4569,240,3.08
2026-09-09T12:45:47.332,1788938147.3321,4570,-770,-9.87
2026-09-09T12:45:47.332,1788938147.3321,4571,102,1.31
2026-09-09T12:45:47.348,1788938147.3481,4572,-603,-7.73
2026-09-09T12:45:47.369,1788938147.3699,4573,-36,-0.46
2026-09-09T12:45:47.380,1788938147.3800,4574,-393,-5.04
2026-09-09T12:45:47.382,1788938147.3820,4575,1346,17.26
2026-09-09T12:45:47.395,1788938147.3957,4576,-200,-2.56
2026-09-09T12:45:47.401,1788938147.4018,4577,1226,15.72
2026-09-09T12:45:47.411,1788938147.4116,4578,-63,-0.81
2026-09-09T12:45:47.411,1788938147.4116,4579,1066,13.67
2026-09-09T12:45:47.427,1788938147.4273,4580,99,1.27
2026-09-09T12:45:47.443,1788938147.4431,4581,916,11.74
2026-09-09T12:45:47.443,1788938147.4431,4582,270,3.46
2026-09-09T12:45:47.458,1788938147.4588,4583,757,9.71
2026-09-09T12:45:47.475,1788938147.4759,4584,-1120,-14.36
2026-09-09T12:45:47.475,1788938147.4759,4585,607,7.78
2026-09-09T12:45:47.490,1788938147.4907,4586,-949,-12.17
2026-09-09T12:45:47.506,1788938147.5064,4587,468,6.0
2026-09-09T12:45:47.512,1788938147.5124,4588,-803,-10.29
2026-09-09T12:45:47.522,1788938147.5225,4589,285,3.65
2026-09-09T12:45:47.522,1788938147.5225,4590,-614,-7.87
2026-09-09T12:45:47.538,1788938147.5385,4591,129,1.65
2026-09-09T12:45:47.554,1788938147.5544,4592,-457,-5.86
2026-09-09T12:45:47.560,1788938147.5610,4593,-67,-0.86
2026-09-09T12:45:47.571,1788938147.5716,4594,-260,-3.33
2026-09-09T12:45:47.576,1788938147.5761,4595,1366,17.51
2026-09-09T12:45:47.591,1788938147.5918,4596,-96,-1.23
2026-09-09T12:45:47.601,1788938147.6016,4597,1221,15.65
2026-09-09T12:45:47.601,1788938147.6016,4598,85,1.09
2026-09-09T12:45:47.617,1788938147.6174,4599,1109,14.22
2026-09-09T12:45:47.633,1788938147.6331,4600,253,3.24
2026-09-09T12:45:47.643,1788938147.6431,4601,984,12.62
2026-09-09T12:45:47.652,1788938147.6529,4602,477,6.12
2026-09-09T12:45:47.664,1788938147.6647,4603,804,10.31
2026-09-09T12:45:47.675,1788938147.6759,4604,-982,-12.59
2026-09-09T12:45:47.685,1788938147.6855,4605,584,7.49
2026-09-09T12:45:47.691,1788938147.6916,4606,-948,-12.15
2026-09-09T12:45:47.696,1788938147.6964,4607,250,3.21
2026-09-09T12:45:47.712,1788938147.7121,4608,-880,-11.28
2026-09-09T12:45:47.721,1788938147.7215,4609,46,0.59
2026-09-09T12:45:47.728,1788938147.7289,4610,-759,-9.73
2026-09-09T12:45:47.743,1788938147.7438,4611,-171,-2.19
2026-09-09T12:45:47.743,1788938147.7438,4612,-607,-7.78
2026-09-09T12:45:47.759,1788938147.7596,4613,-371,-4.76
2026-09-09T12:45:47.759,1788938147.7596,4614,-434,-5.56
2026-09-09T12:45:47.776,1788938147.7763,4615,1062,13.62
2026-09-09T12:45:47.791,1788938147.7911,4616,-293,-3.76
2026-09-09T12:45:47.791,1788938147.7911,4617,922,11.82
2026-09-09T12:45:47.806,1788938147.8069,4618,-155,-1.99
2026-09-09T12:45:47.824,1788938147.8247,4619,747,9.58
2026-09-09T12:45:47.830,1788938147.8303,4620,31,0.4
2026-09-09T12:45:47.838,1788938147.8385,4621,585,7.5
2026-09-09T12:45:47.838,1788938147.8385,4622,258,3.31
2026-09-09T12:45:47.870,1788938147.8702,4623,486,6.23
2026-09-09T12:45:47.876,1788938147.8765,4624,-1185,-15.19
2026-09-09T12:45:47.886,1788938147.8860,4625,343,4.4
2026-09-09T12:45:47.886,1788938147.8860,4626,-984,-12.62
2026-09-09T12:45:47.908,1788938147.9085,4627,242,3.1
2026-09-09T12:45:47.908,1788938147.9085,4628,-800,-10.26
2026-09-09T12:45:47.918,1788938147.9181,4629,76,0.97
2026-09-09T12:45:47.933,1788938147.9338,4630,-621,-7.96
2026-09-09T12:45:47.935,1788938147.9358,4631,-166,-2.13
2026-09-09T12:45:47.950,1788938147.9505,4632,-466,-5.97
2026-09-09T12:45:47.950,1788938147.9505,4633,1234,15.82
2026-09-09T12:45:47.965,1788938147.9656,4634,-366,-4.69
2026-09-09T12:45:47.981,1788938147.9816,4635,1061,13.6
2026-09-09T12:45:47.981,1788938147.9816,4636,-226,-2.9
2026-09-09T12:45:47.997,1788938147.9974,4637,869,11.14
2026-09-09T12:45:48.013,1788938148.0134,4638,-72,-0.92
2026-09-09T12:45:48.013,1788938148.0134,4639,761,9.76
2026-09-09T12:45:48.029,1788938148.0295,4640,126,1.62
2026-09-09T12:45:48.045,1788938148.0453,4641,638,8.18
2026-09-09T12:45:48.045,1788938148.0453,4642,379,4.86
2026-09-09T12:45:48.061,1788938148.0614,4643,490,6.28
2026-09-09T12:45:48.061,1788938148.0614,4644,-1077,-13.81
2026-09-09T12:45:48.076,1788938148.0766,4645,358,4.59
2026-09-09T12:45:48.092,1788938148.0927,4646,-901,-11.55
2026-09-09T12:45:48.092,1788938148.0927,4647,157,2.01
2026-09-09T12:45:48.110,1788938148.1102,4648,-753,-9.65
2026-09-09T12:45:48.124,1788938148.1242,4649,-45,-0.58
2026-09-09T12:45:48.124,1788938148.1242,4650,-621,-7.96
2026-09-09T12:45:48.139,1788938148.1399,4651,-297,-3.81
2026-09-09T12:45:48.155,1788938148.1556,4652,-505,-6.47
2026-09-09T12:45:48.161,1788938148.1616,4653,1127,14.45
2026-09-09T12:45:48.171,1788938148.1716,4654,-364,-4.67
2026-09-09T12:45:48.178,1788938148.1781,4655,959,12.29
2026-09-09T12:45:48.187,1788938148.1874,4656,-190,-2.44
2026-09-09T12:45:48.203,1788938148.2031,4657,832,10.67
2026-09-09T12:45:48.203,1788938148.2031,4658,0,0.0
2026-09-09T12:45:48.218,1788938148.2188,4659,705,9.04
2026-09-09T12:45:48.234,1788938148.2349,4660,201,2.58
2026-09-09T12:45:48.234,1788938148.2349,4661,570,7.31
2026-09-09T12:45:48.250,1788938148.2506,4662,459,5.88
2026-09-09T12:45:48.266,1788938148.2664,4663,402,5.15
2026-09-09T12:45:48.266,1788938148.2664,4664,-1112,-14.26
2026-09-09T12:45:48.282,1788938148.2824,4665,199,2.55
2026-09-09T12:45:48.282,1788938148.2824,4666,-943,-12.09
2026-09-09T12:45:48.298,1788938148.2983,4667,-1,-0.01
2026-09-09T12:45:48.314,1788938148.3140,4668,-797,-10.22
2026-09-09T12:45:48.322,1788938148.3220,4669,-192,-2.46
2026-09-09T12:45:48.333,1788938148.3339,4670,-652,-8.36
2026-09-09T12:45:48.345,1788938148.3456,4671,-428,-5.49
2026-09-09T12:45:48.351,1788938148.3516,4672,-475,-6.09
2026-09-09T12:45:48.361,1788938148.3615,4673,1069,13.71
2026-09-09T12:45:48.361,1788938148.3615,4674,-305,-3.91
2026-09-09T12:45:48.378,1788938148.3786,4675,925,11.86
2026-09-09T12:45:48.393,1788938148.3936,4676,-120,-1.54
2026-09-09T12:45:48.393,1788938148.3936,4677,762,9.77
2026-09-09T12:45:48.409,1788938148.4096,4678,54,0.69
2026-09-09T12:45:48.425,1788938148.4256,4679,635,8.14
2026-09-09T12:45:48.425,1788938148.4256,4680,260,3.33
2026-09-09T12:45:48.445,1788938148.4459,4681,472,6.05
2026-09-09T12:45:48.457,1788938148.4571,4682,534,6.85
2026-09-09T12:45:48.457,1788938148.4571,4683,313,4.01
2026-09-09T12:45:48.472,1788938148.4730,4684,-1033,-13.24
2026-09-09T12:45:48.479,1788938148.4792,4685,138,1.77
2026-09-09T12:45:48.488,1788938148.4888,4686,-888,-11.38
2026-09-09T12:45:48.504,1788938148.5047,4687,-58,-0.74
2026-09-09T12:45:48.515,1788938148.5155,4688,-686,-8.79
2026-09-09T12:45:48.522,1788938148.5228,4689,-274,-3.51
2026-09-09T12:45:48.536,1788938148.5365,4690,-549,-7.04
2026-09-09T12:45:48.546,1788938148.5465,4691,-534,-6.85
2026-09-09T12:45:48.552,1788938148.5526,4692,-404,-5.18
2026-09-09T12:45:48.559,1788938148.5596,4693,987,12.65
2026-09-09T12:45:48.569,1788938148.5691,4694,-227,-2.91
2026-09-09T12:45:48.584,1788938148.5845,4695,832,10.67
2026-09-09T12:45:48.592,1788938148.5926,4696,-104,-1.33
2026-09-09T12:45:48.602,1788938148.6024,4697,657,8.42
2026-09-09T12:45:48.616,1788938148.6162,4698,70,0.9
2026-09-09T12:45:48.616,1788938148.6162,4699,496,6.36
2026-09-09T12:45:48.631,1788938148.6319,4700,302,3.87
2026-09-09T12:45:48.647,1788938148.6475,4701,346,4.44
2026-09-09T12:45:48.647,1788938148.6475,4702,588,7.54
2026-09-09T12:45:48.663,1788938148.6636,4703,180,2.31
2026-09-09T12:45:48.663,1788938148.6636,4704,-997,-12.78
2026-09-09T12:45:48.679,1788938148.6796,4705,-11,-0.14
2026-09-09T12:45:48.695,1788938148.6953,4706,-823,-10.55
2026-09-09T12:45:48.703,1788938148.7034,4707,-150,-1.92
2026-09-09T12:45:48.721,1788938148.7215,4708,-642,-8.23
2026-09-09T12:45:48.727,1788938148.7275,4709,-386,-4.95
2026-09-09T12:45:48.727,1788938148.7275,4710,-477,-6.12
2026-09-09T12:45:48.742,1788938148.7426,4711,-641,-8.22
2026-09-09T12:45:48.758,1788938148.7584,4712,-332,-4.26
2026-09-09T12:45:48.758,1788938148.7584,4713,931,11.94
2026-09-09T12:45:48.774,1788938148.7741,4714,-126,-1.62
2026-09-09T12:45:48.781,1788938148.7812,4715,792,10.15
2026-09-09T12:45:48.791,1788938148.7917,4716,71,0.91
2026-09-09T12:45:48.805,1788938148.8056,4717,700,8.97
2026-09-09T12:45:48.805,1788938148.8056,4718,268,3.44
2026-09-09T12:45:48.826,1788938148.8262,4719,572,7.33
2026-09-09T12:45:48.826,1788938148.8262,4720,557,7.14
2026-09-09T12:45:48.847,1788938148.8476,4721,436,5.59
2026-09-09T12:45:48.853,1788938148.8535,4722,872,11.18
2026-09-09T12:45:48.863,1788938148.8636,4723,286,3.67
2026-09-09T12:45:48.869,1788938148.8696,4724,-712,-9.13
2026-09-09T12:45:48.885,1788938148.8852,4725,120,1.54
2026-09-09T12:45:48.890,1788938148.8906,4726,-554,-7.1
2026-09-09T12:45:48.901,1788938148.9012,4727,-67,-0.86
2026-09-09T12:45:48.901,1788938148.9012,4728,-404,-5.18
2026-09-09T12:45:48.917,1788938148.9173,4729,-282,-3.62
2026-09-09T12:45:48.933,1788938148.9331,4730,-243,-3.12
2026-09-09T12:45:48.951,1788938148.9518,4731,-589,-7.55
2026-09-09T12:45:48.951,1788938148.9518,4732,-61,-0.78
2026-09-09T12:45:48.964,1788938148.9645,4733,1033,13.24
2026-09-09T12:45:48.964,1788938148.9645,4734,130,1.67
2026-09-09T12:45:48.981,1788938148.9815,4735,938,12.03
2026-09-09T12:45:48.981,1788938148.9815,4736,331,4.24
2026-09-09T12:45:48.996,1788938148.9966,4737,822,10.54
2026-09-09T12:45:49.012,1788938149.0123,4738,580,7.44
2026-09-09T12:45:49.012,1788938149.0123,4739,690,8.85
2026-09-09T12:45:49.032,1788938149.0321,4740,896,11.49
2026-09-09T12:45:49.048,1788938149.0480,4741,569,7.29
2026-09-09T12:45:49.052,1788938149.0521,4742,1195,15.32
2026-09-09T12:45:49.060,1788938149.0602,4743,411,5.27
2026-09-09T12:45:49.075,1788938149.0759,4744,-428,-5.49
2026-09-09T12:45:49.081,1788938149.0819,4745,336,4.31
2026-09-09T12:45:49.091,1788938149.0920,4746,-160,-2.05
2026-09-09T12:45:49.091,1788938149.0920,4747,470,6.03
2026-09-09T12:45:49.110,1788938149.1103,4748,584,7.49
2026-09-09T12:45:49.123,1788938149.1235,4749,774,9.92
2026-09-09T12:45:49.123,1788938149.1235,4750,1092,14.0
2026-09-09T12:45:49.139,1788938149.1398,4751,659,8.45
2026-09-09T12:45:49.155,1788938149.1556,4752,1405,18.01
2026-09-09T12:45:49.155,1788938149.1556,4753,2375,30.45
2026-09-09T12:45:49.171,1788938149.1716,4754,1751,22.45
2026-09-09T12:45:49.181,1788938149.1820,4755,2603,33.37
2026-09-09T12:45:49.193,1788938149.1937,4756,2311,29.63
2026-09-09T12:45:49.203,1788938149.2036,4757,2691,34.5
2026-09-09T12:45:49.203,1788938149.2036,4758,2459,31.53
2026-09-09T12:45:49.221,1788938149.2213,4759,2203,28.24
2026-09-09T12:45:49.235,1788938149.2351,4760,2180,27.95
2026-09-09T12:45:49.235,1788938149.2351,4761,1440,18.46
2026-09-09T12:45:49.250,1788938149.2508,4762,89,1.14
2026-09-09T12:45:49.266,1788938149.2665,4763,653,8.37
2026-09-09T12:45:49.266,1788938149.2665,4764,-344,-4.41
2026-09-09T12:45:49.282,1788938149.2823,4765,-7,-0.09
2026-09-09T12:45:49.282,1788938149.2823,4766,-548,-7.03
2026-09-09T12:45:49.300,1788938149.3004,4767,-544,-6.97
2026-09-09T12:45:49.300,1788938149.3004,4768,-678,-8.69
2026-09-09T12:45:49.314,1788938149.3141,4769,-1071,-13.73
2026-09-09T12:45:49.330,1788938149.3302,4770,-706,-9.05
2026-09-09T12:45:49.345,1788938149.3459,4771,-1478,-18.95
2026-09-09T12:45:49.353,1788938149.3537,4772,-612,-7.85
2026-09-09T12:45:49.361,1788938149.3617,4773,238,3.05
2026-09-09T12:45:49.371,1788938149.3718,4774,-480,-6.15
2026-09-09T12:45:49.383,1788938149.3838,4775,97,1.24
2026-09-09T12:45:49.398,1788938149.3986,4776,-244,-3.13
2026-09-09T12:45:49.405,1788938149.4058,4777,-36,-0.46
2026-09-09T12:45:49.414,1788938149.4144,4778,51,0.65
2026-09-09T12:45:49.414,1788938149.4144,4779,-134,-1.72
2026-09-09T12:45:49.425,1788938149.4252,4780,361,4.63
2026-09-09T12:45:49.441,1788938149.4411,4781,-281,-3.6
2026-09-09T12:45:49.456,1788938149.4569,4782,-1275,-16.35
2026-09-09T12:45:49.456,1788938149.4569,4783,-448,-5.74
2026-09-09T12:45:49.472,1788938149.4728,4784,-1102,-14.13
2026-09-09T12:45:49.484,1788938149.4841,4785,-660,-8.46
2026-09-09T12:45:49.488,1788938149.4886,4786,-969,-12.42
2026-09-09T12:45:49.504,1788938149.5043,4787,-919,-11.78
2026-09-09T12:45:49.504,1788938149.5043,4788,-799,-10.24
2026-09-09T12:45:49.520,1788938149.5201,4789,-1222,-15.67
2026-09-09T12:45:49.520,1788938149.5201,4790,-673,-8.63
2026-09-09T12:45:49.535,1788938149.5358,4791,-1561,-20.01
2026-09-09T12:45:49.559,1788938149.5592,4792,-543,-6.96
2026-09-09T12:45:49.559,1788938149.5592,4793,215,2.76
2026-09-09T12:45:49.569,1788938149.5693,4794,-359,-4.6
2026-09-09T12:45:49.584,1788938149.5845,4795,65,0.83
2026-09-09T12:45:49.599,1788938149.5994,4796,-92,-1.18
2026-09-09T12:45:49.599,1788938149.5994,4797,-29,-0.37
2026-09-09T12:45:49.615,1788938149.6151,4798,214,2.74
2026-09-09T12:45:49.615,1788938149.6151,4799,-104,-1.33
2026-09-09T12:45:49.631,1788938149.6311,4800,622,7.97
2026-09-09T12:45:49.631,1788938149.6311,4801,-198,-2.54
2026-09-09T12:45:49.646,1788938149.6468,4802,-1005,-12.88
2026-09-09T12:45:49.662,1788938149.6629,4803,-253,-3.24
2026-09-09T12:45:49.662,1788938149.6629,4804,-744,-9.54
2026-09-09T12:45:49.684,1788938149.6846,4805,-383,-4.91
2026-09-09T12:45:49.694,1788938149.6944,4806,-494,-6.33
2026-09-09T12:45:49.694,1788938149.6944,4807,-554,-7.1
2026-09-09T12:45:49.710,1788938149.7101,4808,-242,-3.1
2026-09-09T12:45:49.727,1788938149.7273,4809,-787,-10.09
2026-09-09T12:45:49.727,1788938149.7273,4810,-6,-0.08
2026-09-09T12:45:49.741,1788938149.7410,4811,-1045,-13.4
2026-09-09T12:45:49.741,1788938149.7410,4812,176,2.26
2026-09-09T12:45:49.756,1788938149.7569,4813,801,10.27
2026-09-09T12:45:49.756,1788938149.7569,4814,355,4.55
2026-09-09T12:45:49.788,1788938149.7885,4815,663,8.5
2026-09-09T12:45:49.788,1788938149.7885,4816,590,7.56
2026-09-09T12:45:49.804,1788938149.8041,4817,453,5.81
2026-09-09T12:45:49.810,1788938149.8104,4818,701,8.99
2026-09-09T12:45:49.819,1788938149.8198,4819,41,0.53
2026-09-09T12:45:49.835,1788938149.8356,4820,781,10.01
2026-09-09T12:45:49.844,1788938149.8442,4821,-239,-3.06
2026-09-09T12:45:49.851,1788938149.8516,4822,-954,-12.23
2026-09-09T12:45:49.851,1788938149.8516,4823,-510,-6.54
2026-09-09T12:45:49.867,1788938149.8676,4824,-916,-11.74
2026-09-09T12:45:49.867,1788938149.8676,4825,-772,-9.9
2026-09-09T12:45:49.884,1788938149.8847,4826,-740,-9.49
2026-09-09T12:45:49.899,1788938149.8994,4827,-1061,-13.6
2026-09-09T12:45:49.915,1788938149.9151,4828,-568,-7.28
2026-09-09T12:45:49.921,1788938149.9213,4829,-1270,-16.28
2026-09-09T12:45:49.931,1788938149.9313,4830,-258,-3.31
2026-09-09T12:45:49.931,1788938149.9313,4831,-1461,-18.73
2026-09-09T12:45:49.947,1788938149.9471,4832,-61,-0.78
2026-09-09T12:45:49.962,1788938149.9629,4833,473,6.06
2026-09-09T12:45:49.962,1788938149.9629,4834,207,2.65
2026-09-09T12:45:49.984,1788938149.9849,4835,372,4.77
2026-09-09T12:45:49.984,1788938149.9849,4836,534,6.85
2026-09-09T12:45:49.994,1788938149.9946,4837,310,3.97
2026-09-09T12:45:50.010,1788938150.0107,4838,863,11.06
2026-09-09T12:45:50.010,1788938150.0107,4839,145,1.86
2026-09-09T12:45:50.026,1788938150.0264,4840,1166,14.95
2026-09-09T12:45:50.042,1788938150.0421,4841,-24,-0.31
2026-09-09T12:45:50.042,1788938150.0421,4842,-609,-7.81
2026-09-09T12:45:50.058,1788938150.0583,4843,-245,-3.14
2026-09-09T12:45:50.074,1788938150.0743,4844,-517,-6.63
2026-09-09T12:45:50.084,1788938150.0849,4845,-592,-7.59
2026-09-09T12:45:50.090,1788938150.0904,4846,-419,-5.37
2026-09-09T12:45:50.106,1788938150.1062,4847,-962,-12.33
2026-09-09T12:45:50.106,1788938150.1062,4848,-311,-3.99
2026-09-09T12:45:50.124,1788938150.1246,4849,-1366,-17.51
2026-09-09T12:45:50.130,1788938150.1309,4850,-242,-3.1
2026-09-09T12:45:50.138,1788938150.1384,4851,-1696,-21.74
2026-09-09T12:45:50.154,1788938150.1541,4852,-111,-1.42
2026-09-09T12:45:50.154,1788938150.1541,4853,216,2.77
2026-09-09T12:45:50.170,1788938150.1705,4854,133,1.71
2026-09-09T12:45:50.186,1788938150.1866,4855,87,1.12
2026-09-09T12:45:50.186,1788938150.1866,4856,467,5.99
2026-09-09T12:45:50.202,1788938150.2027,4857,4,0.05
2026-09-09T12:45:50.202,1788938150.2027,4858,840,10.77
2026-09-09T12:45:50.222,1788938150.2227,4859,-72,-0.92
2026-09-09T12:45:50.234,1788938150.2347,4860,1155,14.81
2026-09-09T12:45:50.247,1788938150.2476,4861,-235,-3.01
2026-09-09T12:45:50.250,1788938150.2507,4862,-635,-8.14
2026-09-09T12:45:50.250,1788938150.2507,4863,-418,-5.36
2026-09-09T12:45:50.266,1788938150.2667,4864,-449,-5.76
2026-09-09T12:45:50.285,1788938150.2853,4865,-661,-8.47
2026-09-09T12:45:50.285,1788938150.2853,4866,-292,-3.74
2026-09-09T12:45:50.298,1788938150.2981,4867,-961,-12.32
2026-09-09T12:45:50.313,1788938150.3139,4868,-58,-0.74
2026-09-09T12:45:50.313,1788938150.3139,4869,-1212,-15.54
2026-09-09T12:45:50.330,1788938150.3300,4870,126,1.62
2026-09-09T12:45:50.346,1788938150.3461,4871,647,8.29
2026-09-09T12:45:50.352,1788938150.3522,4872,307,3.94
2026-09-09T12:45:50.362,1788938150.3621,4873,487,6.24
2026-09-09T12:45:50.371,1788938150.3713,4874,544,6.97
2026-09-09T12:45:50.378,1788938150.3782,4875,283,3.63
2026-09-09T12:45:50.394,1788938150.3942,4876,785,10.06
2026-09-09T12:45:50.394,1788938150.3942,4877,104,1.33
2026-09-09T12:45:50.412,1788938150.4127,4878,998,12.79
2026-09-09T12:45:50.425,1788938150.4259,4879,-163,-2.09
2026-09-09T12:45:50.425,1788938150.4259,4880,1153,14.78
2026-09-09T12:45:50.441,1788938150.4418,4881,-404,-5.18
2026-09-09T12:45:50.441,1788938150.4418,4882,-671,-8.6
2026-09-09T12:45:50.457,1788938150.4580,4883,-657,-8.42
2026-09-09T12:45:50.473,1788938150.4737,4884,-551,-7.06
2026-09-09T12:45:50.485,1788938150.4853,4885,-953,-12.22
2026-09-09T12:45:50.489,1788938150.4894,4886,-350,-4.49
2026-09-09T12:45:50.505,1788938150.5051,4887,-1234,-15.82
2026-09-09T12:45:50.505,1788938150.5051,4888,-146,-1.87
2026-09-09T12:45:50.525,1788938150.5252,4889,-1466,-18.79
2026-09-09T12:45:50.525,1788938150.5252,4890,49,0.63
2026-09-09T12:45:50.536,1788938150.5366,4891,483,6.19
2026-09-09T12:45:50.559,1788938150.5591,4892,300,3.85
2026-09-09T12:45:50.562,1788938150.5625,4893,357,4.58
2026-09-09T12:45:50.568,1788938150.5689,4894,587,7.53
2026-09-09T12:45:50.585,1788938150.5854,4895,202,2.59
2026-09-09T12:45:50.585,1788938150.5854,4896,889,11.4
2026-09-09T12:45:50.599,1788938150.5999,4897,3,0.04
2026-09-09T12:45:50.599,1788938150.5999,4898,1146,14.69
2026-09-09T12:45:50.615,1788938150.6157,4899,-160,-2.05
2026-09-09T12:45:50.631,1788938150.6317,4900,1355,17.37
2026-09-09T12:45:50.631,1788938150.6317,4901,-387,-4.96
2026-09-09T12:45:50.647,1788938150.6473,4902,-471,-6.04
2026-09-09T12:45:50.662,1788938150.6630,4903,-639,-8.19
2026-09-09T12:45:50.662,1788938150.6630,4904,-345,-4.42
2026-09-09T12:45:50.685,1788938150.6855,4905,-965,-12.37
2026-09-09T12:45:50.691,1788938150.6913,4906,-191,-2.45
2026-09-09T12:45:50.710,1788938150.7101,4907,-1287,-16.5
2026-09-09T12:45:50.710,1788938150.7101,4908,-44,-0.56
2026-09-09T12:45:50.721,1788938150.7218,4909,-1540,-19.74
2026-09-09T12:45:50.727,1788938150.7274,4910,115,1.47
2026-09-09T12:45:50.741,1788938150.7417,4911,397,5.09
2026-09-09T12:45:50.741,1788938150.7417,4912,387,4.96
2026-09-09T12:45:50.757,1788938150.7580,4913,255,3.27
2026-09-09T12:45:50.773,1788938150.7738,4914,685,8.78
2026-09-09T12:45:50.785,1788938150.7854,4915,109,1.4
2026-09-09T12:45:50.789,1788938150.7899,4916,991,12.71
2026-09-09T12:45:50.805,1788938150.8057,4917,-30,-0.38
2026-09-09T12:45:50.811,1788938150.8117,4918,1244,15.95
2026-09-09T12:45:50.821,1788938150.8217,4919,-234,-3.0
2026-09-09T12:45:50.837,1788938150.8375,4920,1405,18.01
2026-09-09T12:45:50.837,1788938150.8375,4921,-481,-6.17
2026-09-09T12:45:50.853,1788938150.8532,4922,-412,-5.28
2026-09-09T12:45:50.853,1788938150.8532,4923,-741,-9.5
2026-09-09T12:45:50.869,1788938150.8691,4924,-243,-3.12
2026-09-09T12:45:50.869,1788938150.8691,4925,-1024,-13.13
2026-09-09T12:45:50.885,1788938150.8854,4926,-61,-0.78
2026-09-09T12:45:50.901,1788938150.9010,4927,-1322,-16.95
2026-09-09T12:45:50.917,1788938150.9174,4928,108,1.38
2026-09-09T12:45:50.917,1788938150.9174,4929,-1513,-19.4
2026-09-09T12:45:50.932,1788938150.9324,4930,330,4.23
2026-09-09T12:45:50.934,1788938150.9344,4931,462,5.92
2026-09-09T12:45:50.948,1788938150.9485,4932,599,7.68
2026-09-09T12:45:50.964,1788938150.9643,4933,334,4.28
2026-09-09T12:45:50.974,1788938150.9744,4934,923,11.83
2026-09-09T12:45:50.982,1788938150.9823,4935,157,2.01
2026-09-09T12:45:50.995,1788938150.9959,4936,1190,15.26
2026-09-09T12:45:50.995,1788938150.9959,4937,-28,-0.36
2026-09-09T12:45:51.011,1788938151.0117,4938,1385,17.76
2026-09-09T12:45:51.022,1788938151.0225,4939,-269,-3.45
2026-09-09T12:45:51.027,1788938151.0274,4940,1493,19.14
2026-09-09T12:45:51.043,1788938151.0432,4941,-545,-6.99
2026-09-09T12:45:51.043,1788938151.0432,4942,-348,-4.46
2026-09-09T12:45:51.059,1788938151.0591,4943,-861,-11.04
2026-09-09T12:45:51.074,1788938151.0749,4944,-207,-2.65
2026-09-09T12:45:51.085,1788938151.0858,4945,-1183,-15.17
2026-09-09T12:45:51.090,1788938151.0909,4946,-52,-0.67
2026-09-09T12:45:51.102,1788938151.1024,4947,-1445,-18.53
2026-09-09T12:45:51.112,1788938151.1129,4948,162,2.08
2026-09-09T12:45:51.125,1788938151.1252,4949,-1619,-20.76
2026-09-09T12:45:51.125,1788938151.1252,4950,376,4.82
2026-09-09T12:45:51.138,1788938151.1387,4951,364,4.67
2026-09-09T12:45:51.154,1788938151.1546,4952,666,8.54
2026-09-09T12:45:51.154,1788938151.1546,4953,197,2.53
2026-09-09T12:45:51.170,1788938151.1704,4954,959,12.29
2026-09-09T12:45:51.185,1788938151.1858,4955,10,0.13
2026-09-09T12:45:51.185,1788938151.1858,4956,1232,15.79
2026-09-09T12:45:51.201,1788938151.2017,4957,-130,-1.67
2026-09-09T12:45:51.201,1788938151.2017,4958,1436,18.41
2026-09-09T12:45:51.221,1788938151.2213,4959,-375,-4.81
2026-09-09T12:45:51.233,1788938151.2332,4960,1575,20.19
2026-09-09T12:45:51.233,1788938151.2332,4961,-631,-8.09
2026-09-09T12:45:51.249,1788938151.2494,4962,-242,-3.1
2026-09-09T12:45:51.265,1788938151.2652,4963,-971,-12.45
2026-09-09T12:45:51.271,1788938151.2712,4964,-85,-1.09
2026-09-09T12:45:51.286,1788938151.2868,4965,-1266,-16.23
2026-09-09T12:45:51.286,1788938151.2868,4966,101,1.29
2026-09-09T12:45:51.297,1788938151.2975,4967,-1489,-19.09
2026-09-09T12:45:51.313,1788938151.3133,4968,278,3.56
2026-09-09T12:45:51.313,1788938151.3133,4969,-1628,-20.87
2026-09-09T12:45:51.329,1788938151.3295,4970,555,7.12
2026-09-09T12:45:51.329,1788938151.3295,4971,314,4.03
2026-09-09T12:45:51.345,1788938151.3454,4972,832,10.67
2026-09-09T12:45:51.361,1788938151.3612,4973,190,2.44
2026-09-09T12:45:51.361,1788938151.3612,4974,1119,14.35
2026-09-09T12:45:51.376,1788938151.3769,4975,9,0.12
2026-09-09T12:45:51.392,1788938151.3928,4976,1347,17.27
2026-09-09T12:45:51.392,1788938151.3928,4977,-208,-2.67
2026-09-09T12:45:51.408,1788938151.4090,4978,1506,19.31
2026-09-09T12:45:51.408,1788938151.4090,4979,-452,-5.79
2026-09-09T12:45:51.436,1788938151.4361,4980,-343,-4.4
2026-09-09T12:45:51.441,1788938151.4414,4981,-772,-9.9
2026-09-09T12:45:51.451,1788938151.4520,4982,-175,-2.24
2026-09-09T12:45:51.463,1788938151.4635,4983,-1064,-13.64
2026-09-09T12:45:51.473,1788938151.4732,4984,-14,-0.18
2026-09-09T12:45:51.473,1788938151.4732,4985,-1367,-17.53
2026-09-09T12:45:51.489,1788938151.4892,4986,176,2.26
2026-09-09T12:45:51.505,1788938151.5052,4987,-1542,-19.77
2026-09-09T12:45:51.505,1788938151.5052,4988,389,4.99
2026-09-09T12:45:51.522,1788938151.5223,4989,-1669,-21.4
2026-09-09T12:45:51.536,1788938151.5363,4990,649,8.32
2026-09-09T12:45:51.540,1788938151.5403,4991,280,3.59
2026-09-09T12:45:51.552,1788938151.5522,4992,958,12.28
2026-09-09T12:45:51.569,1788938151.5693,4993,88,1.13
2026-09-09T12:45:51.569,1788938151.5693,4994,1210,15.51
2026-09-09T12:45:51.587,1788938151.5874,4995,-101,-1.29
2026-09-09T12:45:51.587,1788938151.5874,4996,1425,18.27
2026-09-09T12:45:51.599,1788938151.5999,4997,-305,-3.91
2026-09-09T12:45:51.615,1788938151.6159,4998,1553,19.91
2026-09-09T12:45:51.621,1788938151.6220,4999,-570,-7.31
2026-09-09T12:45:51.632,1788938151.6323,5000,-269,-3.45
2026-09-09T12:45:51.645,1788938151.6452,5001,-890,-11.41
2026-09-09T12:45:51.655,1788938151.6553,5002,-84,-1.08
2026-09-09T12:45:51.658,1788938151.6583,5003,-1194,-15.31
2026-09-09T12:45:51.676,1788938151.6762,5004,57,0.73
2026-09-09T12:45:51.676,1788938151.6762,5005,-1425,-18.27
2026-09-09T12:45:51.690,1788938151.6905,5006,250,3.21
2026-09-09T12:45:51.708,1788938151.7082,5007,-1595,-20.45
2026-09-09T12:45:51.708,1788938151.7082,5008,507,6.5
2026-09-09T12:45:51.722,1788938151.7224,5009,-1699,-21.78
2026-09-09T12:45:51.728,1788938151.7281,5010,784,10.05
2026-09-09T12:45:51.738,1788938151.7382,5011,222,2.85
2026-09-09T12:45:51.753,1788938151.7535,5012,1060,13.59
2026-09-09T12:45:51.753,1788938151.7535,5013,50,0.64
2026-09-09T12:45:51.781,1788938151.7814,5014,1307,16.76
2026-09-09T12:45:51.785,1788938151.7851,5015,-159,-2.04
2026-09-09T12:45:51.787,1788938151.7878,5016,1486,19.05
2026-09-09T12:45:51.800,1788938151.8010,5017,-380,-4.87
2026-09-09T12:45:51.800,1788938151.8010,5018,1598,20.49
2026-09-09T12:45:51.817,1788938151.8170,5019,-692,-8.87
2026-09-09T12:45:51.834,1788938151.8347,5020,-195,-2.5
2026-09-09T12:45:51.834,1788938151.8347,5021,-981,-12.58
2026-09-09T12:45:51.848,1788938151.8488,5022,-31,-0.4
2026-09-09T12:45:51.848,1788938151.8488,5023,-1284,-16.46
2026-09-09T12:45:51.866,1788938151.8668,5024,154,1.97
2026-09-09T12:45:51.887,1788938151.8877,5025,-1460,-18.72
2026-09-09T12:45:51.891,1788938151.8917,5026,394,5.05
2026-09-09T12:45:51.902,1788938151.9026,5027,-1544,-19.79
2026-09-09T12:45:51.914,1788938151.9146,5028,738,9.46
2026-09-09T12:45:51.920,1788938151.9206,5029,-1606,-20.59
2026-09-09T12:45:51.928,1788938151.9284,5030,1019,13.06
2026-09-09T12:45:51.944,1788938151.9441,5031,269,3.45
2026-09-09T12:45:51.944,1788938151.9441,5032,1297,16.63
2026-09-09T12:45:51.962,1788938151.9620,5033,113,1.45
2026-09-09T12:45:51.962,1788938151.9620,5034,1506,19.31
2026-09-09T12:45:51.991,1788938151.9914,5035,-170,-2.18
2026-09-09T12:45:51.991,1788938151.9914,5036,1619,20.76
2026-09-09T12:45:51.991,1788938151.9914,5037,-416,-5.33
2026-09-09T12:45:52.018,1788938152.0182,5038,1725,22.12
2026-09-09T12:45:52.025,1788938152.0256,5039,-742,-9.51
2026-09-09T12:45:52.025,1788938152.0256,5040,-80,-1.03
2026-09-09T12:45:52.039,1788938152.0392,5041,-1066,-13.67
2026-09-09T12:45:52.039,1788938152.0392,5042,75,0.96
2026-09-09T12:45:52.070,1788938152.0707,5043,-1347,-17.27
2026-09-09T12:45:52.070,1788938152.0707,5044,224,2.87
2026-09-09T12:45:52.070,1788938152.0707,5045,-1546,-19.82
2026-09-09T12:45:52.092,1788938152.0921,5046,464,5.95
2026-09-09T12:45:52.102,1788938152.1024,5047,-1682,-21.56
2026-09-09T12:45:52.102,1788938152.1024,5048,721,9.24
2026-09-09T12:45:52.120,1788938152.1201,5049,-1770,-22.69
2026-09-09T12:45:52.136,1788938152.1361,5050,1021,13.09
2026-09-09T12:45:52.140,1788938152.1405,5051,95,1.22
2026-09-09T12:45:52.152,1788938152.1523,5052,1268,16.26
2026-09-09T12:45:52.166,1788938152.1662,5053,-126,-1.62
2026-09-09T12:45:52.166,1788938152.1662,5054,1412,18.1
2026-09-09T12:45:52.184,1788938152.1844,5055,-490,-6.28
2026-09-09T12:45:52.198,1788938152.1982,5056,1350,17.31
2026-09-09T12:45:52.198,1788938152.1982,5057,-671,-8.6
2026-09-09T12:45:52.214,1788938152.2140,5058,1528,19.59
2026-09-09T12:45:52.214,1788938152.2140,5059,-1005,-12.88
2026-09-09T12:45:52.230,1788938152.2305,5060,-130,-1.67
2026-09-09T12:45:52.230,1788938152.2305,5061,-1231,-15.78
2026-09-09T12:45:52.246,1788938152.2467,5062,103,1.32
2026-09-09T12:45:52.262,1788938152.2628,5063,-1451,-18.6
2026-09-09T12:45:52.262,1788938152.2628,5064,252,3.23
2026-09-09T12:45:52.280,1788938152.2809,5065,-1677,-21.5
2026-09-09T12:45:52.288,1788938152.2889,5066,438,5.62
2026-09-09T12:45:52.294,1788938152.2950,5067,-1807,-23.17
2026-09-09T12:45:52.313,1788938152.3130,5068,744,9.54
2026-09-09T12:45:52.327,1788938152.3270,5069,-1837,-23.55
2026-09-09T12:45:52.327,1788938152.3270,5070,1050,13.46
2026-09-09T12:45:52.342,1788938152.3429,5071,-16,-0.21
2026-09-09T12:45:52.350,1788938152.3509,5072,1294,16.59
2026-09-09T12:45:52.358,1788938152.3586,5073,-188,-2.41
2026-09-09T12:45:52.373,1788938152.3738,5074,1478,18.95
2026-09-09T12:45:52.373,1788938152.3738,5075,-429,-5.5
2026-09-09T12:45:52.393,1788938152.3932,5076,1585,20.32
2026-09-09T12:45:52.409,1788938152.4090,5077,-745,-9.55
2026-09-09T12:45:52.409,1788938152.4090,5078,1678,21.51
2026-09-09T12:45:52.420,1788938152.4209,5079,-1060,-13.59
2026-09-09T12:45:52.420,1788938152.4209,5080,-22,-0.28
2026-09-09T12:45:52.438,1788938152.4387,5081,-1340,-17.18
2026-09-09T12:45:52.452,1788938152.4527,5082,155,1.99
2026-09-09T12:45:52.452,1788938152.4527,5083,-1547,-19.83
2026-09-09T12:45:52.470,1788938152.4705,5084,372,4.77
2026-09-09T12:45:52.484,1788938152.4844,5085,-1666,-21.36
2026-09-09T12:45:52.489,1788938152.4894,5086,629,8.06
2026-09-09T12:45:52.502,1788938152.5024,5087,-1745,-22.37
2026-09-09T12:45:52.516,1788938152.5165,5088,929,11.91
2026-09-09T12:45:52.521,1788938152.5217,5089,120,1.54
2026-09-09T12:45:52.534,1788938152.5343,5090,1205,15.45
2026-09-09T12:45:52.534,1788938152.5343,5091,-69,-0.88
2026-09-09T12:45:52.548,1788938152.5480,5092,1393,17.86
2026-09-09T12:45:52.566,1788938152.5663,5093,-290,-3.72
2026-09-09T12:45:52.566,1788938152.5663,5094,1516,19.44
2026-09-09T12:45:52.580,1788938152.5801,5095,-546,-7.0
2026-09-09T12:45:52.595,1788938152.5959,5096,1608,20.62
2026-09-09T12:45:52.603,1788938152.6039,5097,-854,-10.95
2026-09-09T12:45:52.617,1788938152.6177,5098,1644,21.08
2026-09-09T12:45:52.627,1788938152.6276,5099,-1157,-14.83
2026-09-09T12:45:52.627,1788938152.6276,5100,29,0.37
2026-09-09T12:45:52.643,1788938152.6434,5101,-1400,-17.95
2026-09-09T12:45:52.643,1788938152.6434,5102,223,2.86
2026-09-09T12:45:52.661,1788938152.6615,5103,-1583,-20.29
2026-09-09T12:45:52.675,1788938152.6751,5104,468,6.0
2026-09-09T12:45:52.675,1788938152.6751,5105,-1690,-21.67
2026-09-09T12:45:52.694,1788938152.6949,5106,752,9.64
2026-09-09T12:45:52.694,1788938152.6949,5107,-1754,-22.49
2026-09-09T12:45:52.706,1788938152.7068,5108,1008,12.92
2026-09-09T12:45:52.722,1788938152.7226,5109,71,0.91
2026-09-09T12:45:52.738,1788938152.7386,5110,1232,15.79
2026-09-09T12:45:52.738,1788938152.7386,5111,-146,-1.87
2026-09-09T12:45:52.756,1788938152.7563,5112,1404,18.0
2026-09-09T12:45:52.756,1788938152.7563,5113,-398,-5.1
2026-09-09T12:45:52.770,1788938152.7702,5114,1548,19.85
2026-09-09T12:45:52.770,1788938152.7702,5115,-666,-8.54
2026-09-09T12:45:52.790,1788938152.7902,5116,1585,20.32
2026-09-09T12:45:52.802,1788938152.8021,5117,-1009,-12.94
2026-09-09T12:45:52.802,1788938152.8021,5118,1654,21.21
2026-09-09T12:45:52.822,1788938152.8221,5119,-1280,-16.41
2026-09-09T12:45:52.833,1788938152.8339,5120,35,0.45
2026-09-09T12:45:52.833,1788938152.8339,5121,-1506,-19.31
2026-09-09T12:45:52.849,1788938152.8498,5122,269,3.45
2026-09-09T12:45:52.849,1788938152.8498,5123,-1652,-21.18
2026-09-09T12:45:52.865,1788938152.8655,5124,531,6.81
2026-09-09T12:45:52.883,1788938152.8838,5125,-1751,-22.45
2026-09-09T12:45:52.890,1788938152.8903,5126,804,10.31
2026-09-09T12:45:52.897,1788938152.8977,5127,-1778,-22.79
2026-09-09T12:45:52.915,1788938152.9154,5128,1097,14.06
2026-09-09T12:45:52.915,1788938152.9154,5129,-21,-0.27
2026-09-09T12:45:52.936,1788938152.9363,5130,1332,17.08
2026-09-09T12:45:52.945,1788938152.9453,5131,-202,-2.59
2026-09-09T12:45:52.945,1788938152.9459,5132,1508,19.33
2026-09-09T12:45:52.961,1788938152.9612,5133,-423,-5.42
2026-09-09T12:45:52.961,1788938152.9612,5134,1650,21.15
2026-09-09T12:45:52.978,1788938152.9789,5135,-680,-8.72
2026-09-09T12:45:52.992,1788938152.9927,5136,1856,23.79
2026-09-09T12:45:53.001,1788938153.0017,5137,-731,-9.37
2026-09-09T12:45:53.008,1788938153.0085,5138,2178,27.92
2026-09-09T12:45:53.008,1788938153.0085,5139,-731,-9.37
2026-09-09T12:45:53.035,1788938153.0356,5140,795,10.19
2026-09-09T12:45:53.040,1788938153.0404,5141,-970,-12.44
2026-09-09T12:45:53.040,1788938153.0404,5142,864,11.08
2026-09-09T12:45:53.056,1788938153.0565,5143,-1278,-16.38
2026-09-09T12:45:53.074,1788938153.0746,5144,1009,12.94
2026-09-09T12:45:53.074,1788938153.0746,5145,-1500,-19.23
2026-09-09T12:45:53.090,1788938153.0902,5146,1144,14.67
2026-09-09T12:45:53.104,1788938153.1046,5147,-1588,-20.36
2026-09-09T12:45:53.104,1788938153.1046,5148,1321,16.94
2026-09-09T12:45:53.120,1788938153.1204,5149,26,0.33
2026-09-09T12:45:53.144,1788938153.1445,5150,1462,18.74
2026-09-09T12:45:53.152,1788938153.1526,5151,-241,-3.09
2026-09-09T12:45:53.152,1788938153.1526,5152,1596,20.46
2026-09-09T12:45:53.152,1788938153.1526,5153,-530,-6.79
2026-09-09T12:45:53.170,1788938153.1707,5154,1655,21.22
2026-09-09T12:45:53.184,1788938153.1846,5155,-855,-10.96
2026-09-09T12:45:53.190,1788938153.1904,5156,1699,21.78
2026-09-09T12:45:53.202,1788938153.2025,5157,-1159,-14.86
2026-09-09T12:45:53.216,1788938153.2162,5158,1723,22.09
2026-09-09T12:45:53.216,1788938153.2162,5159,-1399,-17.94
2026-09-09T12:45:53.234,1788938153.2343,5160,264,3.38
2026-09-09T12:45:53.234,1788938153.2343,5161,-1574,-20.18
2026-09-09T12:45:53.252,1788938153.2522,5162,524,6.72
2026-09-09T12:45:53.266,1788938153.2663,5163,-1642,-21.05
2026-09-09T12:45:53.266,1788938153.2663,5164,820,10.51
2026-09-09T12:45:53.282,1788938153.2822,5165,-1706,-21.87
2026-09-09T12:45:53.290,1788938153.2907,5166,1084,13.9
2026-09-09T12:45:53.295,1788938153.2959,5167,-1763,-22.6
2026-09-09T12:45:53.311,1788938153.3119,5168,1323,16.96
2026-09-09T12:45:53.327,1788938153.3278,5169,-144,-1.85
2026-09-09T12:45:53.331,1788938153.3318,5170,1474,18.9
2026-09-09T12:45:53.331,1788938153.3318,5171,-393,-5.04
2026-09-09T12:45:53.351,1788938153.3517,5172,1565,20.06
2026-09-09T12:45:53.361,1788938153.3618,5173,-677,-8.68
2026-09-09T12:45:53.375,1788938153.3757,5174,1633,20.94
2026-09-09T12:45:53.380,1788938153.3808,5175,-997,-12.78
2026-09-09T12:45:53.393,1788938153.3931,5176,1685,21.6
2026-09-09T12:45:53.401,1788938153.4013,5177,-1284,-16.46
2026-09-09T12:45:53.406,1788938153.4067,5178,1698,21.77
2026-09-09T12:45:53.426,1788938153.4267,5179,-1491,-19.12
2026-09-09T12:45:53.426,1788938153.4267,5180,300,3.85
2026-09-09T12:45:53.442,1788938153.4425,5181,-1657,-21.24
2026-09-09T12:45:53.454,1788938153.4543,5182,585,7.5
2026-09-09T12:45:53.467,1788938153.4674,5183,-1760,-22.56
2026-09-09T12:45:53.469,1788938153.4699,5184,830,10.64
2026-09-09T12:45:53.485,1788938153.4858,5185,-1831,-23.47
2026-09-09T12:45:53.493,1788938153.4932,5186,1044,13.38
2026-09-09T12:45:53.501,1788938153.5019,5187,-1869,-23.96
2026-09-09T12:45:53.512,1788938153.5120,5188,1209,15.5
2026-09-09T12:45:53.520,1788938153.5201,5189,-424,-5.44
2026-09-09T12:45:53.533,1788938153.5338,5190,1324,16.97
2026-09-09T12:45:53.541,1788938153.5418,5191,-701,-8.99
2026-09-09T12:45:53.551,1788938153.5519,5192,1315,16.86
2026-09-09T12:45:53.566,1788938153.5664,5193,-1156,-14.82
2026-09-09T12:45:53.566,1788938153.5664,5194,1178,15.1
2026-09-09T12:45:53.581,1788938153.5814,5195,-1560,-20.0
2026-09-09T12:45:53.597,1788938153.5974,5196,1259,16.14
2026-09-09T12:45:53.597,1788938153.5974,5197,-1711,-21.94
2026-09-09T12:45:53.613,1788938153.6132,5198,1382,17.72
2026-09-09T12:45:53.613,1788938153.6132,5199,-1804,-23.13
2026-09-09T12:45:53.628,1788938153.6288,5200,192,2.46
2026-09-09T12:45:53.644,1788938153.6446,5201,-1823,-23.37
2026-09-09T12:45:53.644,1788938153.6446,5202,577,7.4
2026-09-09T12:45:53.667,1788938153.6671,5203,-1820,-23.33
2026-09-09T12:45:53.676,1788938153.6763,5204,935,11.99
2026-09-09T12:45:53.676,1788938153.6763,5205,-1730,-22.18
2026-09-09T12:45:53.693,1788938153.6935,5206,1251,16.04
2026-09-09T12:45:53.693,1788938153.6935,5207,-1763,-22.6
2026-09-09T12:45:53.709,1788938153.7097,5208,1406,18.03
2026-09-09T12:45:53.724,1788938153.7242,5209,-352,-4.51
2026-09-09T12:45:53.724,1788938153.7242,5210,1565,20.06
2026-09-09T12:45:53.741,1788938153.7418,5211,-549,-7.04
2026-09-09T12:45:53.752,1788938153.7523,5212,1636,20.97
2026-09-09T12:45:53.755,1788938153.7558,5213,-886,-11.36
2026-09-09T12:45:53.773,1788938153.7735,5214,1736,22.26
2026-09-09T12:45:53.773,1788938153.7735,5215,-1142,-14.64
2026-09-09T12:45:53.793,1788938153.7936,5216,1783,22.86
2026-09-09T12:45:53.805,1788938153.8051,5217,-1323,-16.96
2026-09-09T12:45:53.805,1788938153.8051,5218,379,4.86
2026-09-09T12:45:53.818,1788938153.8188,5219,-1552,-19.9
2026-09-09T12:45:53.834,1788938153.8346,5220,614,7.87
2026-09-09T12:45:53.842,1788938153.8426,5221,-1597,-20.47
2026-09-09T12:45:53.850,1788938153.8507,5222,949,12.17
2026-09-09T12:45:53.850,1788938153.8507,5223,-1646,-21.1
2026-09-09T12:45:53.868,1788938153.8687,5224,1195,15.32
2026-09-09T12:45:53.882,1788938153.8825,5225,-1688,-21.64
2026-09-09T12:45:53.893,1788938153.8938,5226,1373,17.6
2026-09-09T12:45:53.900,1788938153.9008,5227,-1701,-21.81
2026-09-09T12:45:53.914,1788938153.9148,5228,1531,19.63
2026-09-09T12:45:53.922,1788938153.9229,5229,-364,-4.67
2026-09-09T12:45:53.933,1788938153.9330,5230,1661,21.29
2026-09-09T12:45:53.946,1788938153.9467,5231,-670,-8.59
2026-09-09T12:45:53.954,1788938153.9547,5232,1739,22.29
2026-09-09T12:45:53.964,1788938153.9648,5233,-967,-12.4
2026-09-09T12:45:53.964,1788938153.9648,5234,1718,22.03
2026-09-09T12:45:53.983,1788938153.9839,5235,-1267,-16.24
2026-09-09T12:45:53.996,1788938153.9968,5236,1754,22.49
2026-09-09T12:45:53.996,1788938153.9968,5237,-1440,-18.46
2026-09-09T12:45:54.010,1788938154.0108,5238,379,4.86
2026-09-09T12:45:54.026,1788938154.0267,5239,-1659,-21.27
2026-09-09T12:45:54.032,1788938154.0328,5240,619,7.94
2026-09-09T12:45:54.042,1788938154.0424,5241,-1774,-22.74
2026-09-09T12:45:54.042,1788938154.0424,5242,876,11.23
2026-09-09T12:45:54.058,1788938154.0582,5243,-1797,-23.04
2026-09-09T12:45:54.058,1788938154.0582,5244,1153,14.78
2026-09-09T12:45:54.090,1788938154.0903,5245,-1808,-23.18
2026-09-09T12:45:54.093,1788938154.0940,5246,1357,17.4
2026-09-09T12:45:54.108,1788938154.1085,5247,-1772,-22.72
2026-09-09T12:45:54.112,1788938154.1122,5248,1521,19.5
2026-09-09T12:45:54.122,1788938154.1224,5249,-537,-6.88
2026-09-09T12:45:54.122,1788938154.1224,5250,1589,20.37
2026-09-09T12:45:54.140,1788938154.1408,5251,-873,-11.19
2026-09-09T12:45:54.154,1788938154.1543,5252,1653,21.19
2026-09-09T12:45:54.162,1788938154.1623,5253,-1141,-14.63
2026-09-09T12:45:54.170,1788938154.1703,5254,1729,22.17
2026-09-09T12:45:54.170,1788938154.1703,5255,-1357,-17.4
2026-09-09T12:45:54.194,1788938154.1941,5256,1789,22.94
2026-09-09T12:45:54.201,1788938154.2018,5257,-1453,-18.63
2026-09-09T12:45:54.201,1788938154.2018,5258,601,7.71
2026-09-09T12:45:54.219,1788938154.2199,5259,-1538,-19.72
2026-09-09T12:45:56.875,1788938156.8753,5260,1674,21.46
2026-09-09T12:45:56.875,1788938156.8753,5261,-1268,-16.26
2026-09-09T12:45:56.893,1788938156.8930,5262,1676,21.49
2026-09-09T12:45:56.906,1788938156.9068,5263,-1645,-21.09
2026-09-09T12:45:56.906,1788938156.9068,5264,1659,21.27
2026-09-09T12:45:56.922,1788938156.9229,5265,-1676,-21.49
2026-09-09T12:45:56.922,1788938156.9229,5266,1642,21.05
2026-09-09T12:45:56.938,1788938156.9390,5267,-1606,-20.59
2026-09-09T12:45:56.955,1788938156.9551,5268,1629,20.88
2026-09-09T12:45:56.955,1788938156.9551,5269,-1534,-19.67
2026-09-09T12:45:56.970,1788938156.9708,5270,1567,20.09
2026-09-09T12:45:56.988,1788938156.9886,5271,-1439,-18.45
2026-09-09T12:45:56.988,1788938156.9886,5272,1911,24.5
2026-09-09T12:45:57.002,1788938157.0026,5273,-1238,-15.87
2026-09-09T12:45:57.002,1788938157.0026,5274,2118,27.15
2026-09-09T12:45:57.020,1788938157.0203,5275,-1115,-14.29
2026-09-09T12:45:57.034,1788938157.0346,5276,2152,27.59
2026-09-09T12:45:57.034,1788938157.0346,5277,-1055,-13.53
2026-09-09T12:45:57.050,1788938157.0504,5278,2104,26.97
2026-09-09T12:45:57.066,1788938157.0663,5279,-941,-12.06
2026-09-09T12:45:57.072,1788938157.0724,5280,2072,26.56
2026-09-09T12:45:57.082,1788938157.0823,5281,-859,-11.01
2026-09-09T12:45:57.082,1788938157.0823,5282,1970,25.26
2026-09-09T12:45:57.099,1788938157.0993,5283,-1405,-18.01
2026-09-09T12:45:57.114,1788938157.1141,5284,1876,24.05
2026-09-09T12:45:57.117,1788938157.1174,5285,-1505,-19.29
2026-09-09T12:45:57.130,1788938157.1308,5286,1750,22.44
2026-09-09T12:45:57.146,1788938157.1460,5287,-1566,-20.08
2026-09-09T12:45:57.148,1788938157.1487,5288,1608,20.62
2026-09-09T12:45:57.162,1788938157.1621,5289,-1551,-19.88
2026-09-09T12:45:57.162,1788938157.1621,5290,1554,19.92
2026-09-09T12:45:57.183,1788938157.1833,5291,-1352,-17.33
2026-09-09T12:45:57.199,1788938157.1990,5292,1929,24.73
2026-09-09T12:45:57.210,1788938157.2105,5293,-1407,-18.04
2026-09-09T12:45:57.210,1788938157.2105,5294,1867,23.94
2026-09-09T12:45:57.225,1788938157.2257,5295,-1438,-18.44
2026-09-09T12:45:57.234,1788938157.2346,5296,1807,23.17
2026-09-09T12:45:57.241,1788938157.2416,5297,-1379,-17.68
2026-09-09T12:45:57.241,1788938157.2416,5298,1770,22.69
2026-09-09T12:45:57.269,1788938157.2698,5299,-1298,-16.64
2026-09-09T12:45:57.273,1788938157.2731,5300,1690,21.67
2026-09-09T12:45:57.273,1788938157.2731,5301,-1227,-15.73
2026-09-09T12:45:57.288,1788938157.2889,5302,1544,19.79
2026-09-09T12:45:57.304,1788938157.3046,5303,-1895,-24.29
2026-09-09T12:45:57.304,1788938157.3046,5304,1291,16.55
2026-09-09T12:45:57.320,1788938157.3206,5305,-2226,-28.54
2026-09-09T12:45:57.320,1788938157.3206,5306,794,10.18
2026-09-09T12:45:57.336,1788938157.3366,5307,-2438,-31.26
2026-09-09T12:45:57.352,1788938157.3525,5308,714,9.15
2026-09-09T12:45:57.352,1788938157.3525,5309,-2358,-30.23
2026-09-09T12:45:57.368,1788938157.3684,5310,556,7.13
2026-09-09T12:45:57.384,1788938157.3843,5311,-2350,-30.13
2026-09-09T12:45:57.384,1788938157.3843,5312,1055,13.53
2026-09-09T12:45:57.400,1788938157.4007,5313,-2122,-27.21
2026-09-09T12:45:57.415,1788938157.4159,5314,1217,15.6
2026-09-09T12:45:57.415,1788938157.4159,5315,-1892,-24.26
2026-09-09T12:45:57.432,1788938157.4322,5316,1373,17.6
2026-09-09T12:45:57.432,1788938157.4322,5317,-1672,-21.44
2026-09-09T12:45:57.447,1788938157.4479,5318,1451,18.6
2026-09-09T12:45:57.463,1788938157.4637,5319,-1429,-18.32
2026-09-09T12:45:57.473,1788938157.4738,5320,1488,19.08
2026-09-09T12:45:57.483,1788938157.4835,5321,-1259,-16.14
2026-09-09T12:45:57.496,1788938157.4962,5322,1456,18.67
2026-09-09T12:45:57.510,1788938157.5105,5323,-1898,-24.33
2026-09-09T12:45:57.518,1788938157.5183,5324,1370,17.56
2026-09-09T12:45:57.526,1788938157.5266,5325,-1907,-24.45
2026-09-09T12:45:57.531,1788938157.5317,5326,1284,16.46
2026-09-09T12:45:57.542,1788938157.5425,5327,-1885,-24.17
2026-09-09T12:45:57.542,1788938157.5425,5328,1184,15.18
2026-09-09T12:45:57.562,1788938157.5620,5329,-1859,-23.83
2026-09-09T12:45:57.577,1788938157.5774,5330,1065,13.65
2026-09-09T12:45:57.577,1788938157.5774,5331,-1769,-22.68
2026-09-09T12:45:57.592,1788938157.5925,5332,1580,20.26
2026-09-09T12:45:57.605,1788938157.6060,5333,-1670,-21.41
2026-09-09T12:45:57.612,1788938157.6120,5334,1641,21.04
2026-09-09T12:45:57.621,1788938157.6219,5335,-1512,-19.38
2026-09-09T12:45:57.621,1788938157.6219,5336,1682,21.56
2026-09-09T12:45:57.638,1788938157.6380,5337,-1357,-17.4
2026-09-09T12:45:57.653,1788938157.6539,5338,1683,21.58
2026-09-09T12:45:57.653,1788938157.6539,5339,-1207,-15.47
2026-09-09T12:45:57.669,1788938157.6696,5340,1656,21.23
2026-09-09T12:45:57.685,1788938157.6852,5341,-1732,-22.21
2026-09-09T12:45:57.685,1788938157.6852,5342,1564,20.05
2026-09-09T12:45:59.355,1788938159.3559,5343,988,12.67
2026-09-09T12:45:59.355,1788938159.3559,5344,-1888,-24.21
2026-09-09T12:45:59.371,1788938159.3720,5345,2518,32.28
2026-09-09T12:45:59.387,1788938159.3879,5346,-1751,-22.45
2026-09-09T12:45:59.391,1788938159.3920,5347,2558,32.79
2026-09-09T12:45:59.403,1788938159.4039,5348,-1868,-23.95
2026-09-09T12:45:59.410,1788938159.4109,5349,1888,24.21
2026-09-09T12:45:59.419,1788938159.4198,5350,-1599,-20.5
2026-09-09T12:45:59.419,1788938159.4198,5351,1671,21.42
2026-09-09T12:45:59.435,1788938159.4355,5352,-1252,-16.05
2026-09-09T12:45:59.451,1788938159.4514,5353,1452,18.62
2026-09-09T12:45:59.467,1788938159.4674,5354,-994,-12.74
2026-09-09T12:45:59.471,1788938159.4715,5355,1085,13.91
2026-09-09T12:45:59.482,1788938159.4828,5356,-2377,-30.47
2026-09-09T12:45:59.482,1788938159.4828,5357,1065,13.65
2026-09-09T12:45:59.499,1788938159.4991,5358,-2239,-28.71
2026-09-09T12:45:59.514,1788938159.5148,5359,885,11.35
2026-09-09T12:45:59.522,1788938159.5228,5360,-2138,-27.41
2026-09-09T12:45:59.530,1788938159.5309,5361,709,9.09
2026-09-09T12:45:59.530,1788938159.5309,5362,-1975,-25.32
2026-09-09T12:45:59.557,1788938159.5577,5363,562,7.21
2026-09-09T12:45:59.562,1788938159.5629,5364,-1797,-23.04
2026-09-09T12:45:59.572,1788938159.5726,5365,1866,23.92
2026-09-09T12:45:59.582,1788938159.5829,5366,-1579,-20.24
2026-09-09T12:45:59.600,1788938159.6010,5367,1853,23.76
2026-09-09T12:45:59.600,1788938159.6010,5368,-1378,-17.67
2026-09-09T12:45:59.610,1788938159.6106,5369,1844,23.64
2026-09-09T12:45:59.626,1788938159.6265,5370,-1214,-15.56
2026-09-09T12:45:59.630,1788938159.6305,5371,1882,24.13
2026-09-09T12:45:59.642,1788938159.6424,5372,-1314,-16.85
2026-09-09T12:45:59.642,1788938159.6424,5373,1968,25.23
2026-09-09T12:45:59.658,1788938159.6585,5374,-1327,-17.01
2026-09-09T12:45:59.674,1788938159.6745,5375,1880,24.1
2026-09-09T12:45:59.674,1788938159.6745,5376,-3826,-49.05
2026-09-09T12:45:59.690,1788938159.6903,5377,1641,21.04
2026-09-09T12:45:59.707,1788938159.7076,5378,-3993,-51.19
2026-09-09T12:45:59.712,1788938159.7125,5379,1485,19.04
2026-09-09T12:45:59.723,1788938159.7232,5380,-3766,-48.28
2026-09-09T12:45:59.731,1788938159.7317,5381,1351,17.32
2026-09-09T12:45:59.737,1788938159.7374,5382,-3297,-42.27
2026-09-09T12:45:59.755,1788938159.7554,5383,1056,13.54
2026-09-09T12:45:59.755,1788938159.7554,5384,-2866,-36.74
2026-09-09T12:45:59.773,1788938159.7738,5385,3678,47.15
2026-09-09T12:45:59.785,1788938159.7851,5386,-2373,-30.42
2026-09-09T12:45:59.785,1788938159.7851,5387,3503,44.91
2026-09-09T12:45:59.807,1788938159.8079,5388,-2041,-26.17
2026-09-09T12:45:59.807,1788938159.8079,5389,3052,39.13
2026-09-09T12:45:59.816,1788938159.8168,5390,-1752,-22.46
2026-09-09T12:45:59.832,1788938159.8326,5391,2510,32.18
2026-09-09T12:45:59.832,1788938159.8326,5392,-1510,-19.36
2026-09-09T12:45:59.848,1788938159.8487,5393,2286,29.31
2026-09-09T12:45:59.848,1788938159.8487,5394,-1196,-15.33
2026-09-09T12:45:59.872,1788938159.8725,5395,1961,25.14
2026-09-09T12:45:59.880,1788938159.8803,5396,-3817,-48.94
2026-09-09T12:45:59.896,1788938159.8961,5397,1844,23.64
2026-09-09T12:45:59.907,1788938159.9079,5398,-3524,-45.18
2026-09-09T12:45:59.911,1788938159.9120,5399,1399,17.94
2026-09-09T12:45:59.911,1788938159.9120,5400,-3260,-41.79
2026-09-09T12:45:59.928,1788938159.9280,5401,1017,13.04
2026-09-09T12:45:59.943,1788938159.9438,5402,-2855,-36.6
2026-09-09T12:45:59.943,1788938159.9438,5403,577,7.4
2026-09-09T12:45:59.959,1788938159.9595,5404,-2377,-30.47
2026-09-09T12:45:59.975,1788938159.9752,5405,2290,29.36
2026-09-09T12:45:59.975,1788938159.9752,5406,-2059,-26.4
2026-09-09T12:45:59.990,1788938159.9910,5407,1695,21.73
2026-09-09T12:46:00.010,1788938160.0102,5408,-1655,-21.22
2026-09-09T12:46:00.010,1788938160.0102,5409,1548,19.85
2026-09-09T12:46:00.022,1788938160.0227,5410,-1218,-15.62
2026-09-09T12:46:00.022,1788938160.0227,5411,1450,18.59
2026-09-09T12:46:00.038,1788938160.0385,5412,-853,-10.94
2026-09-09T12:46:00.038,1788938160.0385,5413,1388,17.79
2026-09-09T12:46:00.070,1788938160.0702,5414,-587,-7.53
2026-09-09T12:46:00.070,1788938160.0702,5415,1276,16.36
2026-09-09T12:46:00.086,1788938160.0862,5416,-2074,-26.59
2026-09-09T12:46:00.086,1788938160.0862,5417,1168,14.97
2026-09-09T12:46:00.102,1788938160.1023,5418,-1893,-24.27
2026-09-09T12:46:00.108,1788938160.1086,5419,1074,13.77
2026-09-09T12:46:00.118,1788938160.1186,5420,-1684,-21.59
2026-09-09T12:46:00.134,1788938160.1343,5421,933,11.96
2026-09-09T12:46:00.134,1788938160.1343,5422,-1453,-18.63
2026-09-09T12:46:00.150,1788938160.1503,5423,822,10.54
2026-09-09T12:46:00.169,1788938160.1693,5424,-1230,-15.77
2026-09-09T12:46:00.169,1788938160.1693,5425,2467,31.63
2026-09-09T12:46:00.182,1788938160.1825,5426,91,1.17
2026-09-09T12:46:00.192,1788938160.1925,5427,110,1.41
2026-09-09T12:46:00.208,1788938160.2085,5428,-37,-0.47
2026-09-09T12:46:00.214,1788938160.2144,5429,-57,-0.73
2026-09-09T12:46:00.222,1788938160.2225,5430,-72,-0.92
2026-09-09T12:46:00.230,1788938160.2303,5431,-84,-1.08
2026-09-09T12:46:00.245,1788938160.2460,5432,-68,-0.87
2026-09-09T12:46:00.245,1788938160.2460,5433,-59,-0.76
2026-09-09T12:46:00.262,1788938160.2621,5434,-37,-0.47
2026-09-09T12:46:00.277,1788938160.2780,5435,-153,-1.96
2026-09-09T12:46:00.277,1788938160.2780,5436,-910,-11.67
2026-09-09T12:46:00.294,1788938160.2941,5437,1995,25.58
2026-09-09T12:46:00.309,1788938160.3098,5438,-1076,-13.79
2026-09-09T12:46:00.309,1788938160.3098,5439,1515,19.42
2026-09-09T12:46:00.325,1788938160.3258,5440,-1099,-14.09
2026-09-09T12:46:00.325,1788938160.3258,5441,1129,14.47
2026-09-09T12:46:00.344,1788938160.3441,5442,-1118,-14.33
2026-09-09T12:46:00.344,1788938160.3441,5443,791,10.14
2026-09-09T12:46:00.361,1788938160.3614,5444,-1038,-13.31
2026-09-09T12:46:00.373,1788938160.3734,5445,2083,26.71
2026-09-09T12:46:00.373,1788938160.3734,5446,-1024,-13.13
2026-09-09T12:46:00.389,1788938160.3896,5447,1748,22.41
2026-09-09T12:46:00.409,1788938160.4090,5448,-1106,-14.18
2026-09-09T12:46:00.409,1788938160.4090,5449,1342,17.21
2026-09-09T12:46:00.422,1788938160.4227,5450,-1200,-15.38
2026-09-09T12:46:00.436,1788938160.4366,5451,841,10.78
2026-09-09T12:46:00.444,1788938160.4446,5452,-1101,-14.12
2026-09-09T12:46:00.452,1788938160.4526,5453,915,11.73
2026-09-09T12:46:00.468,1788938160.4684,5454,-2437,-31.24
2026-09-09T12:46:00.472,1788938160.4725,5455,841,10.78
2026-09-09T12:46:00.484,1788938160.4845,5456,-2401,-30.78
2026-09-09T12:46:00.484,1788938160.4845,5457,-32452,-416.05
2026-09-09T12:46:00.509,1788938160.5092,5458,-32199,-412.81
2026-09-09T12:46:00.509,1788938160.5092,5459,-31823,-407.99
2026-09-09T12:46:00.516,1788938160.5161,5460,-31575,-404.81
2026-09-09T12:46:00.535,1788938160.5357,5461,-31206,-400.08
2026-09-09T12:46:00.535,1788938160.5357,5462,-30963,-396.96
2026-09-09T12:46:00.547,1788938160.5480,5463,-30602,-392.33
2026-09-09T12:46:00.566,1788938160.5662,5464,-30363,-389.27
2026-09-09T12:46:00.580,1788938160.5801,5465,-30126,-386.23
2026-09-09T12:46:00.580,1788938160.5801,5466,-29775,-381.73
2026-09-09T12:46:00.595,1788938160.5960,5467,-22309,-286.01
2026-09-09T12:46:00.595,1788938160.5960,5468,-18370,-235.51
2026-09-09T12:46:00.612,1788938160.6120,5469,-11785,-151.09
2026-09-09T12:46:00.612,1788938160.6120,5470,-10215,-130.96
2026-09-09T12:46:00.628,1788938160.6281,5471,-5538,-71.0
2026-09-09T12:46:00.644,1788938160.6442,5472,-5144,-65.95
2026-09-09T12:46:00.652,1788938160.6522,5473,-1868,-23.95
2026-09-09T12:46:00.666,1788938160.6660,5474,-4335,-55.58
2026-09-09T12:46:00.675,1788938160.6760,5475,326,4.18
2026-09-09T12:46:00.675,1788938160.6760,5476,-2185,-28.01
2026-09-09T12:46:00.692,1788938160.6921,5477,1542,19.77
2026-09-09T12:46:00.692,1788938160.6921,5478,-805,-10.32
2026-09-09T12:46:00.709,1788938160.7095,5479,2211,28.35
2026-09-09T12:46:00.725,1788938160.7255,5480,88,1.13
2026-09-09T12:46:00.725,1788938160.7255,5481,2535,32.5
2026-09-09T12:46:00.740,1788938160.7401,5482,729,9.35
2026-09-09T12:46:00.740,1788938160.7401,5483,2626,33.67
2026-09-09T12:46:00.765,1788938160.7657,5484,1112,14.26
2026-09-09T12:46:00.771,1788938160.7717,5485,4226,54.18
2026-09-09T12:46:00.771,1788938160.7717,5486,1376,17.64
2026-09-09T12:46:00.787,1788938160.7875,5487,4116,52.77
2026-09-09T12:46:00.803,1788938160.8036,5488,1626,20.85
2026-09-09T12:46:00.809,1788938160.8095,5489,3984,51.08
2026-09-09T12:46:00.819,1788938160.8197,5490,1974,25.31
2026-09-09T12:46:00.835,1788938160.8358,5491,3906,50.08
2026-09-09T12:46:00.835,1788938160.8358,5492,2224,28.51
2026-09-09T12:46:00.851,1788938160.8516,5493,3802,48.74
2026-09-09T12:46:00.851,1788938160.8516,5494,804,10.31
2026-09-09T12:46:00.867,1788938160.8673,5495,3784,48.51
2026-09-09T12:46:00.882,1788938160.8829,5496,1091,13.99
2026-09-09T12:46:00.882,1788938160.8829,5497,3725,47.76
2026-09-09T12:46:00.898,1788938160.8987,5498,1433,18.37
2026-09-09T12:46:00.915,1788938160.9160,5499,3639,46.65
2026-09-09T12:46:00.915,1788938160.9160,5500,1652,21.18
2026-09-09T12:46:00.930,1788938160.9305,5501,3489,44.73
2026-09-09T12:46:00.930,1788938160.9305,5502,1883,24.14
2026-09-09T12:46:00.958,1788938160.9582,5503,3353,42.99
2026-09-09T12:46:00.962,1788938160.9626,5504,2024,25.95
2026-09-09T12:46:00.978,1788938160.9784,5505,4808,61.64
2026-09-09T12:46:00.984,1788938160.9844,5506,2209,28.32
2026-09-09T12:46:00.994,1788938160.9943,5507,4627,59.32
2026-09-09T12:46:01.002,1788938161.0024,5508,2314,29.67
2026-09-09T12:46:01.009,1788938161.0098,5509,4395,56.35
2026-09-09T12:46:01.025,1788938161.0257,5510,2484,31.85
2026-09-09T12:46:01.031,1788938161.0317,5511,4196,53.79
2026-09-09T12:46:01.041,1788938161.0413,5512,2619,33.58
2026-09-09T12:46:01.053,1788938161.0533,5513,3962,50.79
2026-09-09T12:46:01.056,1788938161.0569,5514,1055,13.53
2026-09-09T12:46:01.072,1788938161.0728,5515,3765,48.27
2026-09-09T12:46:01.072,1788938161.0728,5516,1181,15.14
2026-09-09T12:46:01.092,1788938161.0924,5517,3522,45.15
2026-09-09T12:46:01.104,1788938161.1041,5518,1280,16.41
2026-09-09T12:46:01.111,1788938161.1114,5519,3360,43.08
2026-09-09T12:46:01.121,1788938161.1216,5520,1468,18.82
2026-09-09T12:46:01.135,1788938161.1353,5521,3127,40.09
2026-09-09T12:46:01.135,1788938161.1353,5522,1595,20.45
2026-09-09T12:46:01.151,1788938161.1513,5523,2893,37.09
2026-09-09T12:46:01.169,1788938161.1690,5524,1700,21.79
2026-09-09T12:46:01.176,1788938161.1767,5525,4310,55.26
2026-09-09T12:46:01.182,1788938161.1829,5526,1884,24.15
2026-09-09T12:46:01.182,1788938161.1829,5527,4149,53.19
2026-09-09T12:46:01.198,1788938161.1986,5528,2005,25.71
2026-09-09T12:46:01.214,1788938161.2145,5529,3949,50.63
2026-09-09T12:46:01.214,1788938161.2145,5530,2155,27.63
2026-09-09T12:46:01.232,1788938161.2324,5531,3765,48.27
2026-09-09T12:46:01.232,1788938161.2324,5532,2310,29.62
2026-09-09T12:46:01.246,1788938161.2461,5533,3579,45.88
2026-09-09T12:46:01.263,1788938161.2639,5534,720,9.23
2026-09-09T12:46:01.263,1788938161.2639,5535,3422,43.87
2026-09-09T12:46:01.277,1788938161.2780,5536,956,12.26
2026-09-09T12:46:01.293,1788938161.2937,5537,3328,42.67
2026-09-09T12:46:01.301,1788938161.3017,5538,1211,15.53
2026-09-09T12:46:01.315,1788938161.3153,5539,3232,41.44
2026-09-09T12:46:01.325,1788938161.3252,5540,1437,18.42
2026-09-09T12:46:01.325,1788938161.3252,5541,3067,39.32
2026-09-09T12:46:01.341,1788938161.3411,5542,1589,20.37
2026-09-09T12:46:01.354,1788938161.3542,5543,2913,37.35
2026-09-09T12:46:01.356,1788938161.3567,5544,1736,22.26
2026-09-09T12:46:01.376,1788938161.3764,5545,4461,57.19
2026-09-09T12:46:01.388,1788938161.3886,5546,1884,24.15
2026-09-09T12:46:01.388,1788938161.3886,5547,4152,53.23
2026-09-09T12:46:01.404,1788938161.4045,5548,1930,24.74
2026-09-09T12:46:01.411,1788938161.4115,5549,3785,48.53
2026-09-09T12:46:01.420,1788938161.4205,5550,1939,24.86
2026-09-09T12:46:01.432,1788938161.4321,5551,3395,43.53
2026-09-09T12:46:01.436,1788938161.4362,5552,2020,25.9
2026-09-09T12:46:01.452,1788938161.4520,5553,3172,40.67
2026-09-09T12:46:01.461,1788938161.4618,5554,432,5.54
2026-09-09T12:46:01.467,1788938161.4679,5555,3005,38.53
2026-09-09T12:46:01.483,1788938161.4835,5556,639,8.19
2026-09-09T12:46:01.483,1788938161.4835,5557,2871,36.81
2026-09-09T12:46:01.499,1788938161.4993,5558,866,11.1
2026-09-09T12:46:01.511,1788938161.5116,5559,2715,34.81
2026-09-09T12:46:01.530,1788938161.5307,5560,1147,14.71
2026-09-09T12:46:01.530,1788938161.5307,5561,2638,33.82
2026-09-09T12:46:01.530,1788938161.5307,5562,1434,18.38
2026-09-09T12:46:01.564,1788938161.5642,5563,2451,31.42
2026-09-09T12:46:01.564,1788938161.5642,5564,1704,21.85
2026-09-09T12:46:01.564,1788938161.5642,5565,3946,50.59
2026-09-09T12:46:01.585,1788938161.5851,5566,1852,23.74
2026-09-09T12:46:01.594,1788938161.5946,5567,3729,47.81
2026-09-09T12:46:01.594,1788938161.5946,5568,1838,23.56
2026-09-09T12:46:01.611,1788938161.6115,5569,3343,42.86
2026-09-09T12:46:01.626,1788938161.6262,5570,1860,23.85
2026-09-09T12:46:01.626,1788938161.6262,5571,2969,38.06
2026-09-09T12:46:01.654,1788938161.6543,5572,1882,24.13
2026-09-09T12:46:01.657,1788938161.6579,5573,2671,34.24
2026-09-09T12:46:01.665,1788938161.6656,5574,239,3.06
2026-09-09T12:46:01.665,1788938161.6656,5575,2472,31.69
2026-09-09T12:46:01.683,1788938161.6831,5576,366,4.69
2026-09-09T12:46:01.683,1788938161.6831,5577,2190,28.08
2026-09-09T12:46:01.697,1788938161.6974,5578,490,6.28
2026-09-09T12:46:01.713,1788938161.7131,5579,1982,25.41
2026-09-09T12:46:01.721,1788938161.7215,5580,599,7.68
2026-09-09T12:46:01.733,1788938161.7338,5581,1718,22.03
2026-09-09T12:46:01.743,1788938161.7432,5582,713,9.14
2026-09-09T12:46:01.754,1788938161.7548,5583,3123,40.04
2026-09-09T12:46:01.760,1788938161.7608,5584,827,10.6
2026-09-09T12:46:01.773,1788938161.7734,5585,2948,37.79
2026-09-09T12:46:01.776,1788938161.7766,5586,954,12.23
2026-09-09T12:46:01.792,1788938161.7923,5587,2686,34.44
2026-09-09T12:46:01.792,1788938161.7923,5588,982,12.59
2026-09-09T12:46:01.812,1788938161.8123,5589,2394,30.69
2026-09-09T12:46:01.823,1788938161.8240,5590,970,12.44
2026-09-09T12:46:01.823,1788938161.8240,5591,2079,26.65
2026-09-09T12:46:01.840,1788938161.8400,5592,958,12.28
2026-09-09T12:46:01.855,1788938161.8558,5593,1591,20.4
2026-09-09T12:46:01.861,1788938161.8616,5594,-976,-12.51
2026-09-09T12:46:01.871,1788938161.8717,5595,1474,18.9
2026-09-09T12:46:01.887,1788938161.8877,5596,-560,-7.18
2026-09-09T12:46:01.891,1788938161.8918,5597,1362,17.46
2026-09-09T12:46:01.903,1788938161.9037,5598,-307,-3.94
2026-09-09T12:46:01.912,1788938161.9123,5599,1093,14.01
2026-09-09T12:46:01.919,1788938161.9194,5600,-230,-2.95
2026-09-09T12:46:01.935,1788938161.9355,5601,921,11.81
2026-09-09T12:46:01.941,1788938161.9415,5602,-26,-0.33
2026-09-09T12:46:01.951,1788938161.9511,5603,2478,31.77
2026-09-09T12:46:01.951,1788938161.9511,5604,198,2.54
2026-09-09T12:46:01.966,1788938161.9670,5605,2391,30.65
2026-09-09T12:46:01.982,1788938161.9823,5606,452,5.79
2026-09-09T12:46:01.991,1788938161.9918,5607,2283,29.27
2026-09-09T12:46:01.998,1788938161.9982,5608,665,8.53
2026-09-09T12:46:02.014,1788938162.0142,5609,2111,27.06
2026-09-09T12:46:02.022,1788938162.0223,5610,859,11.01
2026-09-09T12:46:02.031,1788938162.0315,5611,1976,25.33
2026-09-09T12:46:02.031,1788938162.0315,5612,1076,13.79
2026-09-09T12:46:02.046,1788938162.0460,5613,1792,22.97
2026-09-09T12:46:02.061,1788938162.0613,5614,-528,-6.77
2026-09-09T12:46:02.077,1788938162.0771,5615,1605,20.58
2026-09-09T12:46:02.082,1788938162.0829,5616,-278,-3.56
2026-09-09T12:46:02.092,1788938162.0928,5617,1433,18.37
2026-09-09T12:46:02.092,1788938162.0928,5618,-121,-1.55
2026-09-09T12:46:02.112,1788938162.1128,5619,1241,15.91
2026-09-09T12:46:02.124,1788938162.1248,5620,52,0.67
2026-09-09T12:46:02.132,1788938162.1328,5621,1005,12.88
2026-09-09T12:46:02.140,1788938162.1405,5622,205,2.63
2026-09-09T12:46:02.156,1788938162.1562,5623,2467,31.63
2026-09-09T12:46:02.156,1788938162.1562,5624,343,4.4
2026-09-09T12:46:02.175,1788938162.1753,5625,2279,29.22
2026-09-09T12:46:02.187,1788938162.1877,5626,524,6.72
2026-09-09T12:46:02.191,1788938162.1917,5627,2132,27.33
2026-09-09T12:46:02.203,1788938162.2037,5628,658,8.44
2026-09-09T12:46:02.212,1788938162.2128,5629,1969,25.24
2026-09-09T12:46:02.219,1788938162.2198,5630,850,10.9
2026-09-09T12:46:02.219,1788938162.2198,5631,1779,22.81
2026-09-09T12:46:02.251,1788938162.2515,5632,1041,13.35
2026-09-09T12:46:02.251,1788938162.2515,5633,1626,20.85
2026-09-09T12:46:02.261,1788938162.2613,5634,-565,-7.24
2026-09-09T12:46:02.267,1788938162.2672,5635,1448,18.56
2026-09-09T12:46:02.282,1788938162.2829,5636,-433,-5.55
2026-09-09T12:46:02.282,1788938162.2829,5637,1263,16.19
2026-09-09T12:46:02.298,1788938162.2989,5638,-245,-3.14
2026-09-09T12:46:02.314,1788938162.3148,5639,1018,13.05
2026-09-09T12:46:02.322,1788938162.3228,5640,-97,-1.24
2026-09-09T12:46:02.330,1788938162.3308,5641,796,10.21
2026-09-09T12:46:02.346,1788938162.3466,5642,70,0.9
2026-09-09T12:46:02.346,1788938162.3466,5643,2349,30.12
2026-09-09T12:46:02.362,1788938162.3626,5644,250,3.21
2026-09-09T12:46:02.362,1788938162.3626,5645,2131,27.32
2026-09-09T12:46:02.378,1788938162.3785,5646,411,5.27
2026-09-09T12:46:02.394,1788938162.3942,5647,1907,24.45
2026-09-09T12:46:02.394,1788938162.3942,5648,600,7.69
2026-09-09T12:46:02.412,1788938162.4129,5649,1703,21.83
2026-09-09T12:46:02.412,1788938162.4129,5650,771,9.88
2026-09-09T12:46:02.433,1788938162.4331,5651,1537,19.71
2026-09-09T12:46:02.446,1788938162.4469,5652,957,12.27
2026-09-09T12:46:02.446,1788938162.4469,5653,1347,17.27
2026-09-09T12:46:02.457,1788938162.4571,5654,-718,-9.21
2026-09-09T12:46:02.473,1788938162.4731,5655,1209,15.5
2026-09-09T12:46:02.483,1788938162.4831,5656,-590,-7.56
2026-09-09T12:46:02.489,1788938162.4890,5657,1023,13.12
2026-09-09T12:46:02.504,1788938162.5047,5658,-479,-6.14
2026-09-09T12:46:02.512,1788938162.5128,5659,768,9.85
2026-09-09T12:46:02.520,1788938162.5209,5660,-359,-4.6
2026-09-09T12:46:02.520,1788938162.5209,5661,414,5.31
2026-09-09T12:46:02.543,1788938162.5439,5662,-200,-2.56
2026-09-09T12:46:02.552,1788938162.5525,5663,2230,28.59
2026-09-09T12:46:02.569,1788938162.5693,5664,402,5.15
2026-09-09T12:46:02.573,1788938162.5733,5665,1485,19.04
2026-09-09T12:46:02.584,1788938162.5844,5666,1028,13.18
2026-09-09T12:46:02.592,1788938162.5924,5667,526,6.74
2026-09-09T12:46:02.602,1788938162.6023,5668,1406,18.03
2026-09-09T12:46:02.616,1788938162.6163,5669,384,4.92
2026-09-09T12:46:02.616,1788938162.6163,5670,1702,21.82
2026-09-09T12:46:02.639,1788938162.6394,5671,351,4.5
2026-09-09T12:46:02.647,1788938162.6480,5672,1707,21.88
2026-09-09T12:46:02.652,1788938162.6520,5673,150,1.92
2026-09-09T12:46:02.663,1788938162.6639,5674,665,8.53
2026-09-09T12:46:02.663,1788938162.6639,5675,-17,-0.22
2026-09-09T12:46:02.683,1788938162.6837,5676,790,10.13
2026-09-09T12:46:02.687,1788938162.6879,5677,-116,-1.49
2026-09-09T12:46:02.696,1788938162.6962,5678,883,11.32
2026-09-09T12:46:02.713,1788938162.7131,5679,-148,-1.9
2026-09-09T12:46:02.721,1788938162.7216,5680,979,12.55
2026-09-09T12:46:02.730,1788938162.7310,5681,-295,-3.78
2026-09-09T12:46:02.744,1788938162.7442,5682,1008,12.92
2026-09-09T12:46:02.752,1788938162.7522,5683,500,6.41
2026-09-09T12:46:02.761,1788938162.7619,5684,1086,13.92
2026-09-09T12:46:02.775,1788938162.7756,5685,354,4.54
2026-09-09T12:46:02.775,1788938162.7756,5686,1136,14.56
2026-09-09T12:46:02.791,1788938162.7914,5687,241,3.09
2026-09-09T12:46:02.791,1788938162.7914,5688,1215,15.58
2026-09-09T12:46:02.813,1788938162.8133,5689,144,1.85
2026-09-09T12:46:02.823,1788938162.8232,5690,1293,16.58
2026-09-09T12:46:02.823,1788938162.8232,5691,87,1.12
2026-09-09T12:46:02.839,1788938162.8391,5692,1384,17.74
2026-09-09T12:46:02.855,1788938162.8550,5693,14,0.18
2026-09-09T12:46:02.855,1788938162.8550,5694,689,8.83
2026-09-09T12:46:02.871,1788938162.8713,5695,-56,-0.72
2026-09-09T12:46:02.871,1788938162.8713,5696,755,9.68
2026-09-09T12:46:02.887,1788938162.8870,5697,-118,-1.51
2026-09-09T12:46:02.902,1788938162.9030,5698,861,11.04
2026-09-09T12:46:02.913,1788938162.9137,5699,-245,-3.14
2026-09-09T12:46:02.918,1788938162.9189,5700,1058,13.56
2026-09-09T12:46:02.937,1788938162.9373,5701,-193,-2.47
2026-09-09T12:46:02.937,1788938162.9373,5702,1181,15.14
2026-09-09T12:46:02.951,1788938162.9516,5703,537,6.88
2026-09-09T12:46:02.966,1788938162.9666,5704,1169,14.99
2026-09-09T12:46:02.966,1788938162.9666,5705,329,4.22
2026-09-09T12:46:02.982,1788938162.9826,5706,1175,15.06
2026-09-09T12:46:02.982,1788938162.9826,5707,196,2.51
2026-09-09T12:46:03.006,1788938163.0066,5708,1206,15.46
2026-09-09T12:46:03.013,1788938163.0136,5709,68,0.87
2026-09-09T12:46:03.014,1788938163.0146,5710,1274,16.33
2026-09-09T12:46:03.030,1788938163.0304,5711,-28,-0.36
2026-09-09T12:46:03.042,1788938163.0424,5712,484,6.21
2026-09-09T12:46:03.046,1788938163.0461,5713,-92,-1.18
2026-09-09T12:46:03.062,1788938163.0622,5714,628,8.05
2026-09-09T12:46:03.062,1788938163.0622,5715,-145,-1.86
2026-09-09T12:46:03.078,1788938163.0782,5716,726,9.31
2026-09-09T12:46:03.094,1788938163.0943,5717,-250,-3.21
2026-09-09T12:46:03.094,1788938163.0943,5718,797,10.22
2026-09-09T12:46:03.111,1788938163.1118,5719,-373,-4.78
2026-09-09T12:46:03.125,1788938163.1256,5720,996,12.77
2026-09-09T12:46:03.125,1788938163.1256,5721,366,4.69
2026-09-09T12:46:03.141,1788938163.1415,5722,234,3.0
2026-09-09T12:46:03.141,1788938163.1415,5723,1432,18.36
2026-09-09T12:46:03.160,1788938163.1602,5724,-308,-3.95
2026-09-09T12:46:03.175,1788938163.1757,5725,799,10.24
2026-09-09T12:46:03.175,1788938163.1757,5726,-240,-3.08
2026-09-09T12:46:03.189,1788938163.1891,5727,738,9.46
2026-09-09T12:46:03.204,1788938163.2048,5728,63,0.81
2026-09-09T12:46:03.204,1788938163.2048,5729,703,9.01
2026-09-09T12:46:03.228,1788938163.2285,5730,352,4.51
2026-09-09T12:46:03.237,1788938163.2372,5731,603,7.73
2026-09-09T12:46:03.237,1788938163.2372,5732,-1105,-14.17
2026-09-09T12:46:03.252,1788938163.2525,5733,493,6.32
2026-09-09T12:46:03.252,1788938163.2525,5734,-894,-11.46
2026-09-09T12:46:03.268,1788938163.2685,5735,358,4.59
2026-09-09T12:46:03.284,1788938163.2845,5736,-676,-8.67
2026-09-09T12:46:03.300,1788938163.3005,5737,218,2.79
2026-09-09T12:46:03.300,1788938163.3005,5738,-472,-6.05
2026-09-09T12:46:03.300,1788938163.3005,5739,29,0.37
2026-09-09T12:46:03.316,1788938163.3161,5740,-285,-3.65
2026-09-09T12:46:03.333,1788938163.3338,5741,-221,-2.83
2026-09-09T12:46:03.347,1788938163.3476,5742,-114,-1.46
2026-09-09T12:46:03.347,1788938163.3476,5743,1363,17.47
2026-09-09T12:46:03.363,1788938163.3636,5744,93,1.19
2026-09-09T12:46:03.372,1788938163.3720,5745,1213,15.55
2026-09-09T12:46:03.380,1788938163.3808,5746,249,3.19
2026-09-09T12:46:03.395,1788938163.3957,5747,1055,13.53
2026-09-09T12:46:03.395,1788938163.3957,5748,456,5.85
2026-09-09T12:46:03.411,1788938163.4116,5749,922,11.82
2026-09-09T12:46:03.427,1788938163.4275,5750,668,8.56
2026-09-09T12:46:03.427,1788938163.4275,5751,745,9.55
2026-09-09T12:46:03.443,1788938163.4433,5752,-852,-10.92
2026-09-09T12:46:03.443,1788938163.4433,5753,543,6.96
2026-09-09T12:46:03.459,1788938163.4592,5754,-681,-8.73
2026-09-09T12:46:03.475,1788938163.4751,5755,394,5.05
2026-09-09T12:46:03.483,1788938163.4837,5756,-557,-7.14
2026-09-09T12:46:03.491,1788938163.4910,5757,168,2.15
2026-09-09T12:46:03.491,1788938163.4910,5758,-386,-4.95
2026-09-09T12:46:03.514,1788938163.5143,5759,-61,-0.78
2026-09-09T12:46:03.523,1788938163.5232,5760,-243,-3.12
2026-09-09T12:46:03.538,1788938163.5389,5761,-354,-4.54
2026-09-09T12:46:03.540,1788938163.5409,5762,-86,-1.1
2026-09-09T12:46:03.554,1788938163.5546,5763,1230,15.77
2026-09-09T12:46:03.559,1788938163.5591,5764,74,0.95
2026-09-09T12:46:03.571,1788938163.5714,5765,1054,13.51
2026-09-09T12:46:03.571,1788938163.5714,5766,235,3.01
2026-09-09T12:46:03.595,1788938163.5954,5767,895,11.47
2026-09-09T12:46:03.602,1788938163.6024,5768,401,5.14
2026-09-09T12:46:03.618,1788938163.6181,5769,763,9.78
2026-09-09T12:46:03.625,1788938163.6258,5770,666,8.54
2026-09-09T12:46:03.634,1788938163.6341,5771,584,7.49
2026-09-09T12:46:03.634,1788938163.6341,5772,-856,-10.97
2026-09-09T12:46:03.649,1788938163.6498,5773,440,5.64
2026-09-09T12:46:03.665,1788938163.6657,5774,-691,-8.86
2026-09-09T12:46:03.671,1788938163.6717,5775,252,3.23
2026-09-09T12:46:03.681,1788938163.6811,5776,-546,-7.0
2026-09-09T12:46:03.681,1788938163.6811,5777,88,1.13
2026-09-09T12:46:03.697,1788938163.6970,5778,-370,-4.74
2026-09-09T12:46:03.714,1788938163.7145,5779,-173,-2.22
2026-09-09T12:46:03.721,1788938163.7216,5780,-210,-2.69
2026-09-09T12:46:03.729,1788938163.7299,5781,-429,-5.5
2026-09-09T12:46:03.745,1788938163.7451,5782,-54,-0.69
2026-09-09T12:46:03.753,1788938163.7531,5783,1163,14.91
2026-09-09T12:46:03.761,1788938163.7613,5784,139,1.78
2026-09-09T12:46:03.761,1788938163.7613,5785,1023,13.12
2026-09-09T12:46:03.776,1788938163.7770,5786,276,3.54
2026-09-09T12:46:03.795,1788938163.7951,5787,871,11.17
2026-09-09T12:46:03.795,1788938163.7951,5788,437,5.6
2026-09-09T12:46:03.809,1788938163.8093,5789,716,9.18
2026-09-09T12:46:03.825,1788938163.8252,5790,691,8.86
2026-09-09T12:46:03.825,1788938163.8252,5791,533,6.83
2026-09-09T12:46:03.841,1788938163.8414,5792,-863,-11.06
2026-09-09T12:46:03.850,1788938163.8509,5793,377,4.83
2026-09-09T12:46:03.857,1788938163.8575,5794,-678,-8.69
2026-09-09T12:46:03.873,1788938163.8732,5795,209,2.68
2026-09-09T12:46:03.873,1788938163.8732,5796,-545,-6.99
2026-09-09T12:46:03.889,1788938163.8893,5797,13,0.17
2026-09-09T12:46:03.905,1788938163.9052,5798,-404,-5.18
2026-09-09T12:46:03.915,1788938163.9150,5799,-243,-3.12
2026-09-09T12:46:03.921,1788938163.9211,5800,-227,-2.91
2026-09-09T12:46:03.921,1788938163.9211,5801,-514,-6.59
2026-09-09T12:46:03.936,1788938163.9369,5802,-62,-0.79
2026-09-09T12:46:03.952,1788938163.9529,5803,1115,14.29
2026-09-09T12:46:03.952,1788938163.9529,5804,131,1.68
2026-09-09T12:46:03.968,1788938163.9686,5805,999,12.81
2026-09-09T12:46:03.982,1788938163.9824,5806,304,3.9
2026-09-09T12:46:04.000,1788938164.0001,5807,859,11.01
2026-09-09T12:46:04.000,1788938164.0001,5808,513,6.58
2026-09-09T12:46:04.016,1788938164.0161,5809,664,8.51
2026-09-09T12:46:04.021,1788938164.0210,5810,782,10.03
2026-09-09T12:46:04.034,1788938164.0346,5811,512,6.56
2026-09-09T12:46:04.042,1788938164.0425,5812,-776,-9.95
2026-09-09T12:46:04.056,1788938164.0560,5813,352,4.51
2026-09-09T12:46:04.063,1788938164.0635,5814,-611,-7.83
2026-09-09T12:46:04.079,1788938164.0794,5815,160,2.05
2026-09-09T12:46:04.081,1788938164.0815,5816,-467,-5.99
2026-09-09T12:46:04.081,1788938164.0815,5817,-41,-0.53
2026-09-09T12:46:04.110,1788938164.1109,5818,-314,-4.03
2026-09-09T12:46:04.115,1788938164.1153,5819,-285,-3.65
2026-09-09T12:46:04.126,1788938164.1267,5820,-158,-2.03
2026-09-09T12:46:04.126,1788938164.1267,5821,-589,-7.55
2026-09-09T12:46:04.142,1788938164.1427,5822,35,0.45
2026-09-09T12:46:04.142,1788938164.1427,5823,1083,13.88
2026-09-09T12:46:04.158,1788938164.1587,5824,200,2.56
2026-09-09T12:46:04.174,1788938164.1747,5825,915,11.73
2026-09-09T12:46:04.180,1788938164.1808,5826,373,4.78
2026-09-09T12:46:04.190,1788938164.1908,5827,788,10.1
2026-09-09T12:46:04.206,1788938164.2066,5828,625,8.01
2026-09-09T12:46:04.215,1788938164.2156,5829,663,8.5
2026-09-09T12:46:04.222,1788938164.2226,5830,914,11.72
2026-09-09T12:46:04.224,1788938164.2246,5831,495,6.35
2026-09-09T12:46:04.242,1788938164.2426,5832,-653,-8.37
2026-09-09T12:46:04.254,1788938164.2546,5833,385,4.94
2026-09-09T12:46:04.262,1788938164.2626,5834,-446,-5.72
2026-09-09T12:46:04.270,1788938164.2707,5835,219,2.81
2026-09-09T12:46:04.270,1788938164.2707,5836,-304,-3.9
2026-09-09T12:46:04.299,1788938164.2992,5837,-27,-0.35
2026-09-09T12:46:04.302,1788938164.3025,5838,-189,-2.42
2026-09-09T12:46:04.318,1788938164.3186,5839,-345,-4.42
2026-09-09T12:46:04.318,1788938164.3186,5840,-22,-0.28
2026-09-09T12:46:04.334,1788938164.3345,5841,1207,15.47
2026-09-09T12:46:04.342,1788938164.3425,5842,149,1.91
2026-09-09T12:46:04.350,1788938164.3505,5843,1089,13.96
2026-09-09T12:46:04.350,1788938164.3505,5844,325,4.17
2026-09-09T12:46:04.366,1788938164.3663,5845,964,12.36
2026-09-09T12:46:04.382,1788938164.3824,5846,552,7.08
2026-09-09T12:46:04.398,1788938164.3981,5847,902,11.56
2026-09-09T12:46:04.402,1788938164.4022,5848,843,10.81
2026-09-09T12:46:04.413,1788938164.4138,5849,803,10.29
2026-09-09T12:46:04.421,1788938164.4219,5850,1271,16.29
2026-09-09T12:46:04.429,1788938164.4298,5851,778,9.97
2026-09-09T12:46:04.445,1788938164.4459,5852,-236,-3.03
2026-09-09T12:46:04.445,1788938164.4459,5853,757,9.71
2026-09-09T12:46:04.467,1788938164.4677,5854,63,0.81
2026-09-09T12:46:04.467,1788938164.4677,5855,626,8.03
2026-09-09T12:46:04.477,1788938164.4776,5856,232,2.97
2026-09-09T12:46:04.493,1788938164.4933,5857,566,7.26
2026-09-09T12:46:04.493,1788938164.4933,5858,791,10.14
2026-09-09T12:46:04.515,1788938164.5157,5859,922,11.82
2026-09-09T12:46:04.525,1788938164.5252,5860,1442,18.49
2026-09-09T12:46:04.525,1788938164.5252,5861,2664,34.15
2026-09-09T12:46:04.541,1788938164.5413,5862,1554,19.92
2026-09-09T12:46:04.559,1788938164.5590,5863,2243,28.76
2026-09-09T12:46:04.559,1788938164.5590,5864,1302,16.69
2026-09-09T12:46:04.573,1788938164.5736,5865,1678,21.51
2026-09-09T12:46:04.583,1788938164.5836,5866,1095,14.04
2026-09-09T12:46:04.592,1788938164.5927,5867,1137,14.58
2026-09-09T12:46:04.604,1788938164.6046,5868,1011,12.96
2026-09-09T12:46:04.615,1788938164.6158,5869,632,8.1
2026-09-09T12:46:04.622,1788938164.6227,5870,1030,13.21
2026-09-09T12:46:04.622,1788938164.6227,5871,219,2.81
2026-09-09T12:46:04.636,1788938164.6364,5872,-791,-10.14
2026-09-09T12:46:04.652,1788938164.6524,5873,-101,-1.29
2026-09-09T12:46:04.668,1788938164.6680,5874,-789,-10.12
2026-09-09T12:46:04.668,1788938164.6680,5875,-447,-5.73
2026-09-09T12:46:04.683,1788938164.6836,5876,-746,-9.56
2026-09-09T12:46:04.699,1788938164.6994,5877,-771,-9.88
2026-09-09T12:46:04.701,1788938164.7014,5878,-664,-8.51
2026-09-09T12:46:04.717,1788938164.7179,5879,-1132,-14.51
2026-09-09T12:46:04.721,1788938164.7214,5880,-536,-6.87
2026-09-09T12:46:04.731,1788938164.7317,5881,517,6.63
2026-09-09T12:46:04.731,1788938164.7317,5882,-372,-4.77
2026-09-09T12:46:04.746,1788938164.7465,5883,356,4.56
2026-09-09T12:46:04.762,1788938164.7626,5884,-168,-2.15
2026-09-09T12:46:04.762,1788938164.7626,5885,239,3.06
2026-09-09T12:46:04.778,1788938164.7787,5886,56,0.72
2026-09-09T12:46:04.794,1788938164.7948,5887,90,1.15
2026-09-09T12:46:04.800,1788938164.8009,5888,343,4.4
2026-09-09T12:46:04.816,1788938164.8162,5889,-75,-0.96
2026-09-09T12:46:04.826,1788938164.8266,5890,566,7.26
2026-09-09T12:46:04.826,1788938164.8266,5891,-316,-4.05
2026-09-09T12:46:04.842,1788938164.8423,5892,-1234,-15.82
2026-09-09T12:46:04.842,1788938164.8423,5893,-711,-9.12
2026-09-09T12:46:04.858,1788938164.8584,5894,-1375,-17.63
2026-09-09T12:46:04.877,1788938164.8777,5895,-1336,-17.13
2026-09-09T12:46:04.882,1788938164.8820,5896,-1388,-17.79
2026-09-09T12:46:04.890,1788938164.8902,5897,-1211,-15.53
2026-09-09T12:46:04.890,1788938164.8902,5898,-730,-9.36
2026-09-09T12:46:04.916,1788938164.9164,5899,-1198,-15.36
2026-09-09T12:46:04.922,1788938164.9222,5900,-430,-5.51
2026-09-09T12:46:04.922,1788938164.9222,5901,507,6.5
2026-09-09T12:46:04.938,1788938164.9380,5902,-235,-3.01
2026-09-09T12:46:04.954,1788938164.9541,5903,385,4.94
2026-09-09T12:46:04.962,1788938164.9621,5904,-112,-1.44
2026-09-09T12:46:04.970,1788938164.9701,5905,191,2.45
2026-09-09T12:46:04.970,1788938164.9701,5906,80,1.03
2026-09-09T12:46:04.985,1788938164.9858,5907,-57,-0.73
2026-09-09T12:46:05.001,1788938165.0015,5908,249,3.19
2026-09-09T12:46:05.017,1788938165.0175,5909,-312,-4.0
2026-09-09T12:46:05.017,1788938165.0175,5910,448,5.74
2026-09-09T12:46:05.033,1788938165.0333,5911,-513,-6.58
2026-09-09T12:46:05.033,1788938165.0333,5912,-1207,-15.47
2026-09-09T12:46:05.049,1788938165.0493,5913,-588,-7.54
2026-09-09T12:46:05.065,1788938165.0656,5914,-917,-11.76
2026-09-09T12:46:05.065,1788938165.0656,5915,-669,-8.58
2026-09-09T12:46:05.081,1788938165.0816,5916,-639,-8.19
2026-09-09T12:46:05.097,1788938165.0975,5917,-829,-10.63
2026-09-09T12:46:05.101,1788938165.1015,5918,-371,-4.76
2026-09-09T12:46:05.113,1788938165.1135,5919,-1070,-13.72
2026-09-09T12:46:05.124,1788938165.1246,5920,-148,-1.9
2026-09-09T12:46:05.129,1788938165.1297,5921,718,9.21
2026-09-09T12:46:05.145,1788938165.1457,5922,98,1.26
2026-09-09T12:46:05.145,1788938165.1457,5923,635,8.14
2026-09-09T12:46:05.161,1788938165.1616,5924,347,4.45
2026-09-09T12:46:05.161,1788938165.1616,5925,555,7.12
2026-09-09T12:46:05.180,1788938165.1806,5926,646,8.28
2026-09-09T12:46:05.193,1788938165.1933,5927,401,5.14
2026-09-09T12:46:05.193,1788938165.1933,5928,969,12.42
2026-09-09T12:46:05.209,1788938165.2095,5929,287,3.68
2026-09-09T12:46:05.225,1788938165.2253,5930,1235,15.83
2026-09-09T12:46:05.225,1788938165.2253,5931,96,1.23
2026-09-09T12:46:05.241,1788938165.2411,5932,-549,-7.04
2026-09-09T12:46:05.257,1788938165.2574,5933,-150,-1.92
2026-09-09T12:46:05.261,1788938165.2614,5934,-407,-5.22
2026-09-09T12:46:05.272,1788938165.2729,5935,-404,-5.18
2026-09-09T12:46:05.282,1788938165.2829,5936,-252,-3.23
2026-09-09T12:46:05.289,1788938165.2892,5937,-710,-9.1
2026-09-09T12:46:05.305,1788938165.3052,5938,-125,-1.6
2026-09-09T12:46:05.316,1788938165.3170,5939,-1011,-12.96
2026-09-09T12:46:05.320,1788938165.3210,5940,59,0.76
2026-09-09T12:46:05.320,1788938165.3210,5941,799,10.24
2026-09-09T12:46:05.336,1788938165.3367,5942,230,2.95
2026-09-09T12:46:05.354,1788938165.3547,5943,670,8.59
2026-09-09T12:46:05.354,1788938165.3547,5944,518,6.64
2026-09-09T12:46:05.368,1788938165.3687,5945,537,6.88
2026-09-09T12:46:05.384,1788938165.3847,5946,793,10.17
2026-09-09T12:46:05.384,1788938165.3847,5947,347,4.45
2026-09-09T12:46:05.406,1788938165.4063,5948,1067,13.68
2026-09-09T12:46:05.409,1788938165.4094,5949,173,2.22
2026-09-09T12:46:05.417,1788938165.4172,5950,-665,-8.53
2026-09-09T12:46:05.433,1788938165.4332,5951,-1,-0.01
2026-09-09T12:46:05.433,1788938165.4332,5952,-503,-6.45
2026-09-09T12:46:05.449,1788938165.4494,5953,-244,-3.13
2026-09-09T12:46:05.472,1788938165.4721,5954,-372,-4.77
2026-09-09T12:46:05.472,1788938165.4721,5955,-529,-6.78
2026-09-09T12:46:05.481,1788938165.4814,5956,-213,-2.73
2026-09-09T12:46:05.497,1788938165.4971,5957,-843,-10.81
2026-09-09T12:46:05.497,1788938165.4971,5958,-62,-0.79
2026-09-09T12:46:05.512,1788938165.5130,5959,-1131,-14.5
2026-09-09T12:46:05.518,1788938165.5185,5960,86,1.1
2026-09-09T12:46:05.532,1788938165.5323,5961,735,9.42
2026-09-09T12:46:05.544,1788938165.5443,5962,295,3.78
2026-09-09T12:46:05.548,1788938165.5481,5963,602,7.72
2026-09-09T12:46:05.571,1788938165.5719,5964,562,7.21
2026-09-09T12:46:05.576,1788938165.5761,5965,449,5.76
2026-09-09T12:46:05.576,1788938165.5761,5966,874,11.21
2026-09-09T12:46:05.592,1788938165.5921,5967,296,3.79
2026-09-09T12:46:05.592,1788938165.5921,5968,1212,15.54
2026-09-09T12:46:05.607,1788938165.6078,5969,173,2.22
2026-09-09T12:46:05.623,1788938165.6235,5970,-605,-7.76
2026-09-09T12:46:05.623,1788938165.6235,5971,-74,-0.95
2026-09-09T12:46:05.646,1788938165.6464,5972,-439,-5.63
2026-09-09T12:46:05.652,1788938165.6527,5973,-289,-3.71
2026-09-09T12:46:05.655,1788938165.6553,5974,-265,-3.4
2026-09-09T12:46:05.673,1788938165.6732,5975,-563,-7.22
2026-09-09T12:46:05.686,1788938165.6868,5976,-91,-1.17
2026-09-09T12:46:05.686,1788938165.6868,5977,-874,-11.21
2026-09-09T12:46:05.702,1788938165.7027,5978,95,1.22
2026-09-09T12:46:05.702,1788938165.7027,5979,-1116,-14.31
2026-09-09T12:46:05.721,1788938165.7213,5980,301,3.86
2026-09-09T12:46:05.735,1788938165.7355,5981,836,10.72
2026-09-09T12:46:05.735,1788938165.7355,5982,570,7.31
2026-09-09T12:46:05.750,1788938165.7509,5983,724,9.28
2026-09-09T12:46:05.766,1788938165.7670,5984,890,11.41
2026-09-09T12:46:05.770,1788938165.7710,5985,627,8.04
2026-09-09T12:46:05.782,1788938165.7830,5986,1248,16.0
2026-09-09T12:46:05.782,1788938165.7830,5987,532,6.82
2026-09-09T12:46:05.798,1788938165.7990,5988,1608,20.62
2026-09-09T12:46:05.814,1788938165.8148,5989,391,5.01
2026-09-09T12:46:05.819,1788938165.8197,5990,-189,-2.42
2026-09-09T12:46:05.830,1788938165.8309,5991,205,2.63
2026-09-09T12:46:05.830,1788938165.8309,5992,-2,-0.03
2026-09-09T12:46:05.846,1788938165.8467,5993,-25,-0.32
2026-09-09T12:46:05.862,1788938165.8628,5994,180,2.31
2026-09-09T12:46:05.862,1788938165.8628,5995,-307,-3.94
2026-09-09T12:46:05.878,1788938165.8785,5996,343,4.4
2026-09-09T12:46:05.894,1788938165.8946,5997,-696,-8.92
2026-09-09T12:46:05.902,1788938165.9026,5998,423,5.42
2026-09-09T12:46:05.911,1788938165.9120,5999,-1004,-12.87
2026-09-09T12:46:05.926,1788938165.9262,6000,544,6.97
2026-09-09T12:46:05.926,1788938165.9262,6001,914,11.72
2026-09-09T12:46:05.941,1788938165.9419,6002,699,8.96
2026-09-09T12:46:05.957,1788938165.9577,6003,688,8.82
2026-09-09T12:46:05.957,1788938165.9577,6004,958,12.28
2026-09-09T12:46:05.973,1788938165.9734,6005,464,5.95
2026-09-09T12:46:05.973,1788938165.9734,6006,1183,15.17
2026-09-09T12:46:05.989,1788938165.9895,6007,220,2.82
2026-09-09T12:46:06.005,1788938166.0054,6008,1364,17.49
2026-09-09T12:46:06.011,1788938166.0115,6009,-55,-0.71
2026-09-09T12:46:06.021,1788938166.0217,6010,-572,-7.33
2026-09-09T12:46:06.021,1788938166.0217,6011,-372,-4.77
2026-09-09T12:46:06.037,1788938166.0374,6012,-491,-6.29
2026-09-09T12:46:06.053,1788938166.0535,6013,-727,-9.32
2026-09-09T12:46:06.061,1788938166.0615,6014,-378,-4.85
2026-09-09T12:46:06.069,1788938166.0696,6015,-1077,-13.81
2026-09-09T12:46:06.085,1788938166.0853,6016,-258,-3.31
2026-09-09T12:46:06.093,1788938166.0933,6017,-1390,-17.82
2026-09-09T12:46:06.101,1788938166.1012,6018,-83,-1.06
2026-09-09T12:46:06.120,1788938166.1200,6019,-1607,-20.6
2026-09-09T12:46:06.120,1788938166.1200,6020,153,1.96
2026-09-09T12:46:06.133,1788938166.1331,6021,406,5.21
2026-09-09T12:46:06.148,1788938166.1489,6022,425,5.45
2026-09-09T12:46:06.148,1788938166.1489,6023,241,3.09
2026-09-09T12:46:06.164,1788938166.1648,6024,712,9.13
2026-09-09T12:46:06.164,1788938166.1648,6025,107,1.37
2026-09-09T12:46:06.184,1788938166.1842,6026,1026,13.15
2026-09-09T12:46:06.184,1788938166.1848,6027,-88,-1.13
2026-09-09T12:46:06.202,1788938166.2028,6028,1243,15.94
2026-09-09T12:46:06.219,1788938166.2200,6029,-282,-3.62
2026-09-09T12:46:06.219,1788938166.2200,6030,-590,-7.56
2026-09-09T12:46:06.228,1788938166.2284,6031,-525,-6.73
2026-09-09T12:46:06.244,1788938166.2442,6032,-424,-5.44
2026-09-09T12:46:06.244,1788938166.2442,6033,-789,-10.12
2026-09-09T12:46:06.260,1788938166.2601,6034,-239,-3.06
2026-09-09T12:46:06.276,1788938166.2761,6035,-1116,-14.31
2026-09-09T12:46:06.276,1788938166.2761,6036,-49,-0.63
2026-09-09T12:46:06.292,1788938166.2922,6037,-1355,-17.37
2026-09-09T12:46:06.301,1788938166.3019,6038,112,1.44
2026-09-09T12:46:06.308,1788938166.3081,6039,-1553,-19.91
2026-09-09T12:46:06.323,1788938166.3237,6040,394,5.05
2026-09-09T12:46:06.339,1788938166.3396,6041,485,6.22
2026-09-09T12:46:06.339,1788938166.3396,6042,698,8.95
2026-09-09T12:46:06.355,1788938166.3558,6043,357,4.58
2026-09-09T12:46:06.365,1788938166.3655,6044,1029,13.19
2026-09-09T12:46:06.371,1788938166.3717,6045,175,2.24
2026-09-09T12:46:06.381,1788938166.3819,6046,1292,16.56
2026-09-09T12:46:06.387,1788938166.3875,6047,-11,-0.14
2026-09-09T12:46:06.403,1788938166.4034,6048,1478,18.95
2026-09-09T12:46:06.403,1788938166.4034,6049,-221,-2.83
2026-09-09T12:46:06.422,1788938166.4223,6050,-389,-4.99
2026-09-09T12:46:06.435,1788938166.4353,6051,-499,-6.4
2026-09-09T12:46:06.435,1788938166.4353,6052,-206,-2.64
2026-09-09T12:46:06.450,1788938166.4509,6053,-765,-9.81
2026-09-09T12:46:06.466,1788938166.4667,6054,-12,-0.15
2026-09-09T12:46:06.472,1788938166.4722,6055,-1127,-14.45
2026-09-09T12:46:06.482,1788938166.4829,6056,111,1.42
2026-09-09T12:46:06.498,1788938166.4986,6057,-1399,-17.94
2026-09-09T12:46:06.502,1788938166.5026,6058,244,3.13
2026-09-09T12:46:06.513,1788938166.5134,6059,528,6.77
2026-09-09T12:46:06.530,1788938166.5302,6060,457,5.86
2026-09-09T12:46:06.530,1788938166.5302,6061,317,4.06
2026-09-09T12:46:06.530,1788938166.5302,6062,655,8.4
2026-09-09T12:46:06.546,1788938166.5460,6063,23,0.29
2026-09-09T12:46:06.563,1788938166.5638,6064,691,8.86
2026-09-09T12:46:06.578,1788938166.5782,6065,-368,-4.72
2026-09-09T12:46:06.582,1788938166.5822,6066,855,10.96
2026-09-09T12:46:06.594,1788938166.5942,6067,-656,-8.41
2026-09-09T12:46:06.594,1788938166.5942,6068,1004,12.87
2026-09-09T12:46:06.609,1788938166.6099,6069,-783,-10.04
2026-09-09T12:46:06.625,1788938166.6258,6070,-676,-8.67
2026-09-09T12:46:06.625,1788938166.6258,6071,-902,-11.56
2026-09-09T12:46:06.641,1788938166.6419,6072,-446,-5.72
2026-09-09T12:46:06.657,1788938166.6578,6073,-1193,-15.29
2026-09-09T12:46:06.657,1788938166.6578,6074,-242,-3.1
2026-09-09T12:46:06.673,1788938166.6738,6075,-1445,-18.53
2026-09-09T12:46:06.681,1788938166.6819,6076,-49,-0.63
2026-09-09T12:46:06.691,1788938166.6917,6077,-1617,-20.73
2026-09-09T12:46:06.705,1788938166.7058,6078,211,2.71
2026-09-09T12:46:06.705,1788938166.7058,6079,347,4.45
2026-09-09T12:46:06.729,1788938166.7298,6080,482,6.18
2026-09-09T12:46:06.735,1788938166.7356,6081,230,2.95
2026-09-09T12:46:06.738,1788938166.7383,6082,816,10.46
2026-09-09T12:46:06.753,1788938166.7532,6083,67,0.86
2026-09-09T12:46:06.753,1788938166.7532,6084,1093,14.01
2026-09-09T12:46:06.775,1788938166.7757,6085,-72,-0.92
2026-09-09T12:46:06.785,1788938166.7850,6086,1298,16.64
2026-09-09T12:46:06.785,1788938166.7850,6087,-284,-3.64
2026-09-09T12:46:06.800,1788938166.8007,6088,1450,18.59
2026-09-09T12:46:06.800,1788938166.8007,6089,-531,-6.81
2026-09-09T12:46:06.821,1788938166.8211,6090,-394,-5.05
2026-09-09T12:46:06.832,1788938166.8324,6091,-850,-10.9
2026-09-09T12:46:06.832,1788938166.8324,6092,-264,-3.38
2026-09-09T12:46:06.848,1788938166.8481,6093,-1169,-14.99
2026-09-09T12:46:06.864,1788938166.8641,6094,-82,-1.05
2026-09-09T12:46:06.864,1788938166.8641,6095,-1454,-18.64
2026-09-09T12:46:06.881,1788938166.8820,6096,93,1.19
2026-09-09T12:46:06.895,1788938166.8957,6097,-1584,-20.31
2026-09-09T12:46:06.903,1788938166.9038,6098,355,4.55
2026-09-09T12:46:06.921,1788938166.9212,6099,403,5.17
2026-09-09T12:46:06.927,1788938166.9272,6100,684,8.77
2026-09-09T12:46:06.927,1788938166.9272,6101,283,3.63
2026-09-09T12:46:06.943,1788938166.9432,6102,1016,13.03
2026-09-09T12:46:06.953,1788938166.9533,6103,174,2.23
2026-09-09T12:46:06.959,1788938166.9594,6104,1283,16.45
2026-09-09T12:46:06.975,1788938166.9752,6105,8,0.1
2026-09-09T12:46:06.975,1788938166.9752,6106,1469,18.83
2026-09-09T12:46:06.993,1788938166.9931,6107,-218,-2.79
2026-09-09T12:46:06.993,1788938166.9931,6108,1627,20.86
2026-09-09T12:46:07.020,1788938167.0205,6109,-468,-6.0
2026-09-09T12:46:07.027,1788938167.0279,6110,-176,-2.26
2026-09-09T12:46:07.027,1788938167.0279,6111,-734,-9.41
2026-09-09T12:46:07.041,1788938167.0411,6112,-6,-0.08
2026-09-09T12:46:07.054,1788938167.0549,6113,-1040,-13.33
2026-09-09T12:46:07.054,1788938167.0549,6114,153,1.96
2026-09-09T12:46:07.070,1788938167.0707,6115,-1254,-16.08
2026-09-09T12:46:07.086,1788938167.0866,6116,360,4.62
2026-09-09T12:46:07.086,1788938167.0866,6117,-1396,-17.9
2026-09-09T12:46:07.102,1788938167.1023,6118,618,7.92
2026-09-09T12:46:07.118,1788938167.1182,6119,588,7.54
2026-09-09T12:46:07.125,1788938167.1256,6120,947,12.14
2026-09-09T12:46:07.134,1788938167.1342,6121,460,5.9
2026-09-09T12:46:07.134,1788938167.1342,6122,1282,16.44
2026-09-09T12:46:07.150,1788938167.1502,6123,334,4.28
2026-09-09T12:46:07.150,1788938167.1502,6124,1612,20.67
2026-09-09T12:46:07.166,1788938167.1662,6125,247,3.17
2026-09-09T12:46:07.185,1788938167.1852,6126,1864,23.9
2026-09-09T12:46:07.185,1788938167.1852,6127,130,1.67
2026-09-09T12:46:07.198,1788938167.1984,6128,2098,26.9
2026-09-09T12:46:07.214,1788938167.2144,6129,-68,-0.87
2026-09-09T12:46:07.221,1788938167.2218,6130,320,4.1
2026-09-09T12:46:07.230,1788938167.2304,6131,-367,-4.71
2026-09-09T12:46:07.230,1788938167.2304,6132,482,6.18
2026-09-09T12:46:07.246,1788938167.2461,6133,-678,-8.69
2026-09-09T12:46:07.262,1788938167.2620,6134,616,7.9
2026-09-09T12:46:07.262,1788938167.2620,6135,-960,-12.31
2026-09-09T12:46:07.278,1788938167.2780,6136,739,9.47
2026-09-09T12:46:07.293,1788938167.2937,6137,-1204,-15.44
2026-09-09T12:46:07.309,1788938167.3093,6138,912,11.69
2026-09-09T12:46:07.309,1788938167.3093,6139,665,8.53
2026-09-09T12:46:07.325,1788938167.3251,6140,1094,14.03
2026-09-09T12:46:07.325,1788938167.3251,6141,395,5.06
2026-09-09T12:46:07.340,1788938167.3408,6142,1286,16.49
2026-09-09T12:46:07.340,1788938167.3408,6143,147,1.88
2026-09-09T12:46:07.356,1788938167.3570,6144,1419,18.19
2026-09-09T12:46:07.378,1788938167.3784,6145,-112,-1.44
2026-09-09T12:46:07.378,1788938167.3784,6146,1497,19.19
2026-09-09T12:46:07.388,1788938167.3887,6147,-445,-5.71
2026-09-09T12:46:07.404,1788938167.4047,6148,-353,-4.53
2026-09-09T12:46:07.404,1788938167.4047,6149,-774,-9.92
2026-09-09T12:46:07.421,1788938167.4219,6150,-192,-2.46
2026-09-09T12:46:07.436,1788938167.4366,6151,-1049,-13.45
2026-09-09T12:46:07.436,1788938167.4366,6152,5,0.06
2026-09-09T12:46:07.452,1788938167.4527,6153,-1289,-16.53
2026-09-09T12:46:07.468,1788938167.4685,6154,141,1.81
2026-09-09T12:46:07.474,1788938167.4746,6155,-1544,-19.79
2026-09-09T12:46:07.483,1788938167.4833,6156,327,4.19
2026-09-09T12:46:07.492,1788938167.4924,6157,-1707,-21.88
2026-09-09T12:46:07.502,1788938167.5022,6158,572,7.33
2026-09-09T12:46:07.502,1788938167.5022,6159,220,2.82
2026-09-09T12:46:07.523,1788938167.5234,6160,870,11.15
2026-09-09T12:46:07.531,1788938167.5319,6161,25,0.32
2026-09-09T12:46:07.531,1788938167.5319,6162,1116,14.31
2026-09-09T12:46:07.547,1788938167.5475,6163,-142,-1.82
2026-09-09T12:46:07.564,1788938167.5647,6164,1285,16.47
2026-09-09T12:46:07.564,1788938167.5647,6165,-361,-4.63
2026-09-09T12:46:07.583,1788938167.5831,6166,1406,18.03
2026-09-09T12:46:07.598,1788938167.5989,6167,-663,-8.5
2026-09-09T12:46:07.598,1788938167.5989,6168,-437,-5.6
2026-09-09T12:46:07.610,1788938167.6108,6169,-997,-12.78
2026-09-09T12:46:07.626,1788938167.6267,6170,-286,-3.67
2026-09-09T12:46:07.626,1788938167.6267,6171,-1285,-16.47
2026-09-09T12:46:07.642,1788938167.6427,6172,-86,-1.1
2026-09-09T12:46:07.642,1788938167.6427,6173,-1534,-19.67
2026-09-09T12:46:07.667,1788938167.6672,6174,129,1.65
2026-09-09T12:46:07.679,1788938167.6793,6175,-1632,-20.92
2026-09-09T12:46:07.679,1788938167.6793,6176,447,5.73
2026-09-09T12:46:07.692,1788938167.6925,6177,-1666,-21.36
2026-09-09T12:46:07.706,1788938167.7064,6178,764,9.79
2026-09-09T12:46:07.706,1788938167.7064,6179,271,3.47
2026-09-09T12:46:07.723,1788938167.7236,6180,1028,13.18
2026-09-09T12:46:07.731,1788938167.7311,6181,58,0.74
2026-09-09T12:46:07.737,1788938167.7375,6182,1236,15.85
2026-09-09T12:46:07.753,1788938167.7536,6183,-134,-1.72
2026-09-09T12:46:07.753,1788938167.7536,6184,1395,17.88
2026-09-09T12:46:07.771,1788938167.7717,6185,-363,-4.65
2026-09-09T12:46:07.771,1788938167.7717,6186,1519,19.47
2026-09-09T12:46:07.785,1788938167.7856,6187,-643,-8.24
2026-09-09T12:46:07.801,1788938167.8017,6188,-266,-3.41
2026-09-09T12:46:07.811,1788938167.8116,6189,-930,-11.92
2026-09-09T12:46:07.823,1788938167.8235,6190,-89,-1.14
2026-09-09T12:46:07.833,1788938167.8333,6191,-1218,-15.62
2026-09-09T12:46:07.833,1788938167.8333,6192,48,0.62
2026-09-09T12:46:07.849,1788938167.8493,6193,-1425,-18.27
2026-09-09T12:46:07.865,1788938167.8651,6194,241,3.09
2026-09-09T12:46:07.865,1788938167.8651,6195,-1612,-20.67
2026-09-09T12:46:07.881,1788938167.8811,6196,511,6.55
2026-09-09T12:46:07.901,1788938167.9013,6197,-1707,-21.88
2026-09-09T12:46:07.901,1788938167.9013,6198,780,10.0
2026-09-09T12:46:07.913,1788938167.9133,6199,119,1.53
2026-09-09T12:46:07.923,1788938167.9235,6200,997,12.78
2026-09-09T12:46:07.929,1788938167.9293,6201,-72,-0.92
2026-09-09T12:46:07.945,1788938167.9457,6202,1150,14.74
2026-09-09T12:46:07.945,1788938167.9457,6203,-367,-4.71
2026-09-09T12:46:07.961,1788938167.9612,6204,1257,16.12
2026-09-09T12:46:07.961,1788938167.9612,6205,-620,-7.95
2026-09-09T12:46:07.977,1788938167.9774,6206,1392,17.85
2026-09-09T12:46:07.993,1788938167.9933,6207,-889,-11.4
2026-09-09T12:46:08.001,1788938168.0013,6208,-391,-5.01
2026-09-09T12:46:08.009,1788938168.0094,6209,-1205,-15.45
2026-09-09T12:46:08.029,1788938168.0297,6210,-242,-3.1
2026-09-09T12:46:08.033,1788938168.0340,6211,-1540,-19.74
2026-09-09T12:46:08.041,1788938168.0411,6212,-172,-2.21
2026-09-09T12:46:08.056,1788938168.0568,6213,-1794,-23.0
2026-09-09T12:46:08.062,1788938168.0628,6214,-1,-0.01
2026-09-09T12:46:08.071,1788938168.0719,6215,-1938,-24.85
2026-09-09T12:46:08.087,1788938168.0877,6216,231,2.96
2026-09-09T12:46:08.087,1788938168.0877,6217,-2050,-26.28
2026-09-09T12:46:08.103,1788938168.1038,6218,507,6.5
2026-09-09T12:46:08.103,1788938168.1038,6219,-271,-3.47
2026-09-09T12:46:08.123,1788938168.1240,6220,762,9.77
2026-09-09T12:46:08.135,1788938168.1356,6221,-384,-4.92
2026-09-09T12:46:08.135,1788938168.1356,6222,997,12.78
2026-09-09T12:46:08.151,1788938168.1518,6223,-539,-6.91
2026-09-09T12:46:08.151,1788938168.1518,6224,1234,15.82
2026-09-09T12:46:08.167,1788938168.1679,6225,-702,-9.0
2026-09-09T12:46:08.187,1788938168.1870,6226,1385,17.76
2026-09-09T12:46:08.187,1788938168.1870,6227,-923,-11.83
2026-09-09T12:46:08.199,1788938168.1996,6228,-285,-3.65
2026-09-09T12:46:08.215,1788938168.2156,6229,-1145,-14.68
2026-09-09T12:46:08.223,1788938168.2240,6230,-54,-0.69
2026-09-09T12:46:08.231,1788938168.2317,6231,-1339,-17.17
2026-09-09T12:46:08.231,1788938168.2317,6232,167,2.14
2026-09-09T12:46:08.247,1788938168.2478,6233,-1454,-18.64
2026-09-09T12:46:08.263,1788938168.2638,6234,448,5.74
2026-09-09T12:46:08.273,1788938168.2739,6235,-1546,-19.82
2026-09-09T12:46:08.283,1788938168.2837,6236,736,9.44
2026-09-09T12:46:08.295,1788938168.2955,6237,-1586,-20.33
2026-09-09T12:46:08.295,1788938168.2955,6238,1023,13.12
2026-09-09T12:46:08.311,1788938168.3115,6239,165,2.12
2026-09-09T12:46:08.324,1788938168.3241,6240,1265,16.22
2026-09-09T12:46:08.327,1788938168.3276,6241,3,0.04
2026-09-09T12:46:08.343,1788938168.3434,6242,1447,18.55
2026-09-09T12:46:08.343,1788938168.3434,6243,-248,-3.18
2026-09-09T12:46:08.361,1788938168.3612,6244,1565,20.06
2026-09-09T12:46:08.361,1788938168.3612,6245,-502,-6.44
2026-09-09T12:46:08.383,1788938168.3837,6246,1643,21.06
2026-09-09T12:46:08.390,1788938168.3908,6247,-807,-10.35
2026-09-09T12:46:08.406,1788938168.4065,6248,-31,-0.4
2026-09-09T12:46:08.406,1788938168.4065,6249,-1080,-13.85
2026-09-09T12:46:08.424,1788938168.4243,6250,153,1.96
2026-09-09T12:46:08.424,1788938168.4243,6251,-1273,-16.32
2026-09-09T12:46:08.437,1788938168.4380,6252,364,4.67
2026-09-09T12:46:08.453,1788938168.4537,6253,-1415,-18.14
2026-09-09T12:46:08.463,1788938168.4638,6254,626,8.03
2026-09-09T12:46:08.469,1788938168.4696,6255,-1509,-19.35
2026-09-09T12:46:08.485,1788938168.4853,6256,904,11.59
2026-09-09T12:46:08.485,1788938168.4853,6257,307,3.94
2026-09-09T12:46:08.501,1788938168.5011,6258,1186,15.21
2026-09-09T12:46:08.501,1788938168.5011,6259,148,1.9
2026-09-09T12:46:08.524,1788938168.5245,6260,1404,18.0
2026-09-09T12:46:08.532,1788938168.5328,6261,-47,-0.6
2026-09-09T12:46:08.548,1788938168.5486,6262,1541,19.76
2026-09-09T12:46:08.552,1788938168.5526,6263,-294,-3.77
2026-09-09T12:46:08.563,1788938168.5636,6264,1630,20.9
2026-09-09T12:46:08.572,1788938168.5722,6265,-609,-7.81
2026-09-09T12:46:08.584,1788938168.5844,6266,1712,21.95
2026-09-09T12:46:08.596,1788938168.5961,6267,-903,-11.58
2026-09-09T12:46:08.596,1788938168.5961,6268,74,0.95
2026-09-09T12:46:08.611,1788938168.6120,6269,-1132,-14.51
2026-09-09T12:46:08.627,1788938168.6279,6270,201,2.58
2026-09-09T12:46:08.627,1788938168.6279,6271,-1362,-17.46
2026-09-09T12:46:08.643,1788938168.6438,6272,432,5.54
2026-09-09T12:46:08.643,1788938168.6438,6273,-1483,-19.01
2026-09-09T12:46:08.659,1788938168.6599,6274,695,8.91
2026-09-09T12:46:08.675,1788938168.6759,6275,-1548,-19.85
2026-09-09T12:46:08.683,1788938168.6839,6276,945,12.12
2026-09-09T12:46:08.691,1788938168.6916,6277,267,3.42
2026-09-09T12:46:08.707,1788938168.7077,6278,1255,16.09
2026-09-09T12:46:08.711,1788938168.7118,6279,84,1.08
2026-09-09T12:46:08.725,1788938168.7255,6280,1436,18.41
2026-09-09T12:46:08.725,1788938168.7255,6281,-115,-1.47
2026-09-09T12:46:08.739,1788938168.7393,6282,1577,20.22
2026-09-09T12:46:08.739,1788938168.7393,6283,-402,-5.15
2026-09-09T12:46:08.771,1788938168.7714,6284,1655,21.22
2026-09-09T12:46:08.771,1788938168.7714,6285,-708,-9.08
2026-09-09T12:46:08.771,1788938168.7714,6286,1685,21.6
2026-09-09T12:46:08.787,1788938168.7874,6287,-1009,-12.94
2026-09-09T12:46:08.803,1788938168.8035,6288,84,1.08
2026-09-09T12:46:08.803,1788938168.8035,6289,-1250,-16.03
2026-09-09T12:46:08.825,1788938168.8257,6290,260,3.33
2026-09-09T12:46:08.835,1788938168.8352,6291,-1431,-18.35
2026-09-09T12:46:08.841,1788938168.8412,6292,671,8.6
2026-09-09T12:46:08.852,1788938168.8530,6293,-1458,-18.69
2026-09-09T12:46:08.866,1788938168.8668,6294,927,11.88
2026-09-09T12:46:08.872,1788938168.8728,6295,-1661,-21.29
2026-09-09T12:46:08.882,1788938168.8826,6296,1120,14.36
2026-09-09T12:46:08.882,1788938168.8826,6297,138,1.77
2026-09-09T12:46:08.898,1788938168.8986,6298,1319,16.91
2026-09-09T12:46:08.914,1788938168.9146,6299,-112,-1.44
2026-09-09T12:46:08.925,1788938168.9257,6300,1442,18.49
2026-09-09T12:46:08.930,1788938168.9306,6301,-392,-5.03
2026-09-09T12:46:08.930,1788938168.9306,6302,1546,19.82
2026-09-09T12:46:08.946,1788938168.9464,6303,-700,-8.97
2026-09-09T12:46:08.962,1788938168.9623,6304,1611,20.65
2026-09-09T12:46:08.978,1788938168.9783,6305,-1047,-13.42
2026-09-09T12:46:08.978,1788938168.9783,6306,1665,21.35
2026-09-09T12:46:08.993,1788938168.9940,6307,-1337,-17.14
2026-09-09T12:46:09.002,1788938169.0021,6308,31,0.4
2026-09-09T12:46:09.009,1788938169.0097,6309,-1543,-19.78
2026-09-09T12:46:09.025,1788938169.0256,6310,217,2.78
2026-09-09T12:46:09.025,1788938169.0256,6311,-1661,-21.29
2026-09-09T12:46:09.043,1788938169.0434,6312,515,6.6
2026-09-09T12:46:09.059,1788938169.0593,6313,-1743,-22.35
2026-09-09T12:46:09.059,1788938169.0593,6314,816,10.46
2026-09-09T12:46:09.073,1788938169.0731,6315,-1779,-22.81
2026-09-09T12:46:09.083,1788938169.0832,6316,1124,14.41
2026-09-09T12:46:09.088,1788938169.0889,6317,37,0.47
2026-09-09T12:46:09.104,1788938169.1047,6318,1355,17.37
2026-09-09T12:46:09.112,1788938169.1127,6319,-168,-2.15
2026-09-09T12:46:09.126,1788938169.1263,6320,1534,19.67
2026-09-09T12:46:09.136,1788938169.1363,6321,-365,-4.68
2026-09-09T12:46:09.136,1788938169.1363,6322,1692,21.69
2026-09-09T12:46:09.158,1788938169.1586,6323,-623,-7.99
2026-09-09T12:46:09.158,1788938169.1586,6324,1786,22.9
2026-09-09T12:46:09.168,1788938169.1684,6325,-929,-11.91
2026-09-09T12:46:09.184,1788938169.1843,6326,1784,22.87
2026-09-09T12:46:09.184,1788938169.1843,6327,-1242,-15.92
2026-09-09T12:46:09.203,1788938169.2036,6328,180,2.31
2026-09-09T12:46:09.216,1788938169.2162,6329,-1426,-18.28
2026-09-09T12:46:09.216,1788938169.2162,6330,432,5.54
2026-09-09T12:46:09.231,1788938169.2319,6331,-1527,-19.58
2026-09-09T12:46:09.231,1788938169.2319,6332,731,9.37
2026-09-09T12:46:09.248,1788938169.2480,6333,-1593,-20.42
2026-09-09T12:46:09.263,1788938169.2637,6334,1060,13.59
2026-09-09T12:46:09.273,1788938169.2738,6335,-1620,-20.77
2026-09-09T12:46:09.279,1788938169.2799,6336,1341,17.19
2026-09-09T12:46:09.295,1788938169.2955,6337,126,1.62
2026-09-09T12:46:09.295,1788938169.2955,6338,1569,20.12
2026-09-09T12:46:09.311,1788938169.3114,6339,-47,-0.6
2026-09-09T12:46:09.327,1788938169.3274,6340,1736,22.26
2026-09-09T12:46:09.327,1788938169.3274,6341,-292,-3.74
2026-09-09T12:46:09.343,1788938169.3434,6342,1880,24.1
2026-09-09T12:46:09.359,1788938169.3591,6343,-565,-7.24
2026-09-09T12:46:09.359,1788938169.3591,6344,1931,24.76
2026-09-09T12:46:09.374,1788938169.3747,6345,-873,-11.19
2026-09-09T12:46:09.374,1788938169.3747,6346,1950,25.0
2026-09-09T12:46:09.390,1788938169.3904,6347,-1141,-14.63
2026-09-09T12:46:09.406,1788938169.4062,6348,396,5.08
2026-09-09T12:46:09.406,1788938169.4062,6349,-1344,-17.23
2026-09-09T12:46:09.426,1788938169.4263,6350,609,7.81
2026-09-09T12:46:09.433,1788938169.4339,6351,-1515,-19.42
2026-09-09T12:46:09.441,1788938169.4420,6352,870,11.15
2026-09-09T12:46:09.453,1788938169.4537,6353,-1610,-20.64
2026-09-09T12:46:09.463,1788938169.4638,6354,1155,14.81
2026-09-09T12:46:09.469,1788938169.4696,6355,-1656,-21.23
2026-09-09T12:46:09.485,1788938169.4854,6356,1388,17.79
2026-09-09T12:46:09.492,1788938169.4924,6357,25,0.32
2026-09-09T12:46:09.506,1788938169.5066,6358,1550,19.87
2026-09-09T12:46:09.517,1788938169.5173,6359,-250,-3.21
2026-09-09T12:46:09.526,1788938169.5265,6360,1699,21.78
2026-09-09T12:46:09.532,1788938169.5330,6361,-472,-6.05
2026-09-09T12:46:09.548,1788938169.5488,6362,1812,23.23
2026-09-09T12:46:09.548,1788938169.5488,6363,-771,-9.88
2026-09-09T12:46:09.566,1788938169.5663,6364,1873,24.01
2026-09-09T12:46:09.566,1788938169.5663,6365,-1026,-13.15
2026-09-09T12:46:09.583,1788938169.5832,6366,243,3.12
2026-09-09T12:46:09.597,1788938169.5971,6367,-1093,-14.01
2026-09-09T12:46:09.601,1788938169.6012,6368,559,7.17
2026-09-09T12:46:09.613,1788938169.6134,6369,-1174,-15.05
2026-09-09T12:46:09.626,1788938169.6267,6370,865,11.09
2026-09-09T12:46:09.629,1788938169.6291,6371,-1225,-15.71
2026-09-09T12:46:09.644,1788938169.6448,6372,1162,14.9
2026-09-09T12:46:09.652,1788938169.6525,6373,-1252,-16.05
2026-09-09T12:46:09.666,1788938169.6667,6374,1494,19.15
2026-09-09T12:46:09.676,1788938169.6768,6375,-1269,-16.27
2026-09-09T12:46:09.676,1788938169.6768,6376,1693,21.71
2026-09-09T12:46:09.692,1788938169.6926,6377,304,3.9
2026-09-09T12:46:09.692,1788938169.6926,6378,1824,23.38
2026-09-09T12:46:09.712,1788938169.7124,6379,27,0.35
2026-09-09T12:46:09.725,1788938169.7257,6380,1891,24.24
2026-09-09T12:46:09.732,1788938169.7327,6381,-294,-3.77
2026-09-09T12:46:09.748,1788938169.7483,6382,1920,24.62
2026-09-09T12:46:09.756,1788938169.7563,6383,-669,-8.58
2026-09-09T12:46:09.762,1788938169.7628,6384,1894,24.28
2026-09-09T12:46:09.772,1788938169.7724,6385,-990,-12.69
2026-09-09T12:46:09.772,1788938169.7724,6386,315,4.04
2026-09-09T12:46:09.788,1788938169.7882,6387,-1233,-15.81
2026-09-09T12:46:09.803,1788938169.8038,6388,464,5.95
2026-09-09T12:46:09.803,1788938169.8038,6389,-1439,-18.45
2026-09-09T12:46:09.819,1788938169.8199,6390,694,8.9
2026-09-09T12:46:09.826,1788938169.8268,6391,-1549,-19.86
2026-09-09T12:46:09.835,1788938169.8357,6392,920,11.79
2026-09-09T12:46:09.856,1788938169.8561,6393,-1666,-21.36
2026-09-09T12:46:09.856,1788938169.8561,6394,1135,14.55
2026-09-09T12:46:09.867,1788938169.8675,6395,-1718,-22.03
2026-09-09T12:46:09.883,1788938169.8835,6396,1231,15.78
2026-09-09T12:46:09.883,1788938169.8835,6397,-318,-4.08
2026-09-09T12:46:09.899,1788938169.8995,6398,1372,17.59
2026-09-09T12:46:09.915,1788938169.9156,6399,-573,-7.35
2026-09-09T12:46:09.922,1788938169.9224,6400,1445,18.53
2026-09-09T12:46:09.931,1788938169.9314,6401,-856,-10.97
2026-09-09T12:46:09.947,1788938169.9470,6402,1519,19.47
2026-09-09T12:46:09.947,1788938169.9470,6403,-1158,-14.85
2026-09-09T12:46:09.962,1788938169.9628,6404,1557,19.96
2026-09-09T12:46:09.962,1788938169.9628,6405,-1383,-17.73
2026-09-09T12:46:09.984,1788938169.9845,6406,111,1.42
2026-09-09T12:46:09.994,1788938169.9941,6407,-1462,-18.74
2026-09-09T12:46:10.002,1788938170.0022,6408,468,6.0
2026-09-09T12:46:10.009,1788938170.0098,6409,-1554,-19.92
2026-09-09T12:46:10.009,1788938170.0098,6410,680,8.72
2026-09-09T12:46:10.027,1788938170.0273,6411,-1682,-21.56
2026-09-09T12:46:10.041,1788938170.0415,6412,960,12.31
2026-09-09T12:46:10.041,1788938170.0415,6413,-1726,-22.13
2026-09-09T12:46:10.057,1788938170.0578,6414,1160,14.87
2026-09-09T12:46:10.073,1788938170.0732,6415,-1721,-22.06
2026-09-09T12:46:10.073,1788938170.0732,6416,1316,16.87
2026-09-09T12:46:10.089,1788938170.0893,6417,-370,-4.74
2026-09-09T12:46:10.105,1788938170.1055,6418,1373,17.6
2026-09-09T12:46:10.112,1788938170.1127,6419,-656,-8.41
2026-09-09T12:46:10.121,1788938170.1216,6420,1426,18.28
2026-09-09T12:46:10.137,1788938170.1375,6421,-1002,-12.85
2026-09-09T12:46:10.137,1788938170.1375,6422,1489,19.09
2026-09-09T12:46:10.153,1788938170.1537,6423,-1299,-16.65
2026-09-09T12:46:10.169,1788938170.1698,6424,1500,19.23
2026-09-09T12:46:10.169,1788938170.1698,6425,-1508,-19.33
2026-09-09T12:46:10.169,1788938170.1698,6426,115,1.47
2026-09-09T12:46:10.185,1788938170.1856,6427,-1629,-20.88
2026-09-09T12:46:10.204,1788938170.2045,6428,442,5.67
2026-09-09T12:46:10.204,1788938170.2045,6429,-1611,-20.65
2026-09-09T12:46:10.217,1788938170.2173,6430,799,10.24
2026-09-09T12:46:10.233,1788938170.2334,6431,-1595,-20.45
2026-09-09T12:46:10.249,1788938170.2493,6432,1134,14.54
2026-09-09T12:46:10.251,1788938170.2513,6433,-1605,-20.58
2026-09-09T12:46:10.265,1788938170.2651,6434,1348,17.28
2026-09-09T12:46:10.265,1788938170.2651,6435,-1602,-20.54
2026-09-09T12:46:10.280,1788938170.2808,6436,1493,19.14
2026-09-09T12:46:10.292,1788938170.2929,6437,-313,-4.01
2026-09-09T12:46:10.296,1788938170.2967,6438,1595,20.45
2026-09-09T12:46:10.312,1788938170.3127,6439,-579,-7.42
2026-09-09T12:46:10.312,1788938170.3127,6440,1634,20.95
2026-09-09T12:46:10.338,1788938170.3386,6441,-924,-11.85
2026-09-09T12:46:10.344,1788938170.3442,6442,1657,21.24
2026-09-09T12:46:10.344,1788938170.3442,6443,-1201,-15.4
2026-09-09T12:46:10.360,1788938170.3601,6444,1613,20.68
2026-09-09T12:46:10.375,1788938170.3759,6445,-1436,-18.41
2026-09-09T12:46:10.375,1788938170.3759,6446,291,3.73
2026-09-09T12:46:10.391,1788938170.3916,6447,-1574,-20.18
2026-09-09T12:46:10.391,1788938170.3916,6448,592,7.59
2026-09-09T12:46:10.407,1788938170.4072,6449,-1511,-19.37
2026-09-09T12:46:10.425,1788938170.4252,6450,1054,13.51
2026-09-09T12:46:10.427,1788938170.4277,6451,-1374,-17.62
2026-09-09T12:46:10.442,1788938170.4430,6452,1389,17.81
2026-09-09T12:46:10.454,1788938170.4547,6453,-1428,-18.31
2026-09-09T12:46:10.454,1788938170.4547,6454,1520,19.49
2026-09-09T12:46:10.470,1788938170.4704,6455,-40,-0.51
2026-09-09T12:46:10.486,1788938170.4861,6456,1555,19.94
2026-09-09T12:46:10.486,1788938170.4861,6457,-415,-5.32
2026-09-09T12:46:10.502,1788938170.5021,6458,1566,20.08
2026-09-09T12:46:10.502,1788938170.5021,6459,-713,-9.14
2026-09-09T12:46:10.527,1788938170.5276,6460,1680,21.54
2026-09-09T12:46:10.533,1788938170.5339,6461,-930,-11.92
2026-09-09T12:46:10.533,1788938170.5339,6462,1770,22.69
2026-09-09T12:46:10.553,1788938170.5540,6463,-1088,-13.95
2026-09-09T12:46:10.566,1788938170.5664,6464,1879,24.09
2026-09-09T12:46:10.566,1788938170.5664,6465,-1208,-15.49
2026-09-09T12:46:10.581,1788938170.5818,6466,528,6.77
2026-09-09T12:46:10.581,1788938170.5818,6467,-1702,-21.82
2026-09-09T12:46:10.603,1788938170.6034,6468,493,6.32
2026-09-09T12:46:10.613,1788938170.6133,6469,-1886,-24.18
2026-09-09T12:46:10.629,1788938170.6292,6470,722,9.26
2026-09-09T12:46:10.633,1788938170.6333,6471,-1925,-24.68
2026-09-09T12:46:10.644,1788938170.6449,6472,930,11.92
2026-09-09T12:46:10.660,1788938170.6606,6473,-1880,-24.1
2026-09-09T12:46:10.660,1788938170.6606,6474,1162,14.9
2026-09-09T12:46:10.660,1788938170.6606,6475,-415,-5.32
2026-09-09T12:46:10.676,1788938170.6765,6476,1459,18.71
2026-09-09T12:46:10.692,1788938170.6926,6477,-498,-6.38
2026-09-09T12:46:10.692,1788938170.6926,6478,1666,21.36
2026-09-09T12:46:10.708,1788938170.7085,6479,-724,-9.28
2026-09-09T12:46:10.727,1788938170.7279,6480,1732,22.21
2026-09-09T12:46:10.727,1788938170.7279,6481,-1067,-13.68
2026-09-09T12:46:10.740,1788938170.7408,6482,1622,20.79
2026-09-09T12:46:10.740,1788938170.7408,6483,-1394,-17.87
2026-09-09T12:46:10.756,1788938170.7569,6484,1472,18.87
2026-09-09T12:46:10.772,1788938170.7728,6485,-1616,-20.72
2026-09-09T12:46:10.772,1788938170.7728,6486,339,4.35
2026-09-09T12:46:10.788,1788938170.7888,6487,-1768,-22.67
2026-09-09T12:46:10.804,1788938170.8046,6488,527,6.76
2026-09-09T12:46:10.804,1788938170.8046,6489,-1931,-24.76
2026-09-09T12:46:10.822,1788938170.8224,6490,676,8.67
2026-09-09T12:46:10.836,1788938170.8362,6491,-2005,-25.71
2026-09-09T12:46:10.836,1788938170.8362,6492,851,10.91
2026-09-09T12:46:10.856,1788938170.8568,6493,-2078,-26.64
2026-09-09T12:46:10.861,1788938170.8613,6494,890,11.41
2026-09-09T12:46:10.867,1788938170.8675,6495,-940,-12.05
2026-09-09T12:46:10.883,1788938170.8833,6496,745,9.55
2026-09-09T12:46:10.883,1788938170.8833,6497,-1459,-18.71
2026-09-09T12:46:10.899,1788938170.8997,6498,616,7.9
2026-09-09T12:46:10.916,1788938170.9167,6499,-1858,-23.82
2026-09-09T12:46:10.916,1788938170.9167,6500,599,7.68
2026-09-09T12:46:10.931,1788938170.9314,6501,-2143,-27.47
2026-09-09T12:46:10.931,1788938170.9314,6502,618,7.92
2026-09-09T12:46:10.947,1788938170.9476,6503,-2283,-29.27
2026-09-09T12:46:10.963,1788938170.9636,6504,668,8.56
2026-09-09T12:46:10.963,1788938170.9636,6505,-2257,-28.94
2026-09-09T12:46:10.979,1788938170.9793,6506,-197,-2.53
2026-09-09T12:46:10.979,1788938170.9793,6507,-2118,-27.15
2026-09-09T12:46:10.995,1788938170.9952,6508,323,4.14
2026-09-09T12:46:11.011,1788938171.0114,6509,-1785,-22.88
2026-09-09T12:46:11.027,1788938171.0278,6510,1021,13.09
2026-09-09T12:46:11.031,1788938171.0318,6511,-1385,-17.76
2026-09-09T12:46:11.042,1788938171.0427,6512,1650,21.15
2026-09-09T12:46:11.042,1788938171.0427,6513,-849,-10.88
2026-09-09T12:46:11.058,1788938171.0585,6514,2165,27.76
2026-09-09T12:46:11.074,1788938171.0742,6515,422,5.41
2026-09-09T12:46:11.089,1788938171.0899,6516,2253,28.88
2026-09-09T12:46:11.091,1788938171.0919,6517,37,0.47
2026-09-09T12:46:11.091,1788938171.0919,6518,1995,25.58
2026-09-09T12:46:11.105,1788938171.1060,6519,-562,-7.21
2026-09-09T12:46:11.121,1788938171.1217,6520,1739,22.29
2026-09-09T12:46:11.137,1788938171.1373,6521,-1059,-13.58
2026-09-09T12:46:11.137,1788938171.1373,6522,1556,19.95
2026-09-09T12:46:11.153,1788938171.1534,6523,-1280,-16.41
2026-09-09T12:46:11.153,1788938171.1534,6524,1607,20.6
2026-09-09T12:46:11.169,1788938171.1690,6525,-1150,-14.74
2026-09-09T12:46:11.184,1788938171.1849,6526,1069,13.71
2026-09-09T12:46:11.192,1788938171.1930,6527,-639,-8.19
2026-09-09T12:46:11.202,1788938171.2026,6528,1923,24.65
2026-09-09T12:46:11.216,1788938171.2164,6529,16,0.21
2026-09-09T12:46:11.228,1788938171.2290,6530,2848,36.51
2026-09-09T12:46:11.231,1788938171.2318,6531,166,2.13
2026-09-09T12:46:11.247,1788938171.2476,6532,2606,33.41
2026-09-09T12:46:11.247,1788938171.2476,6533,-613,-7.86
2026-09-09T12:46:11.263,1788938171.2636,6534,1976,25.33
2026-09-09T12:46:11.263,1788938171.2636,6535,19,0.24
2026-09-09T12:46:11.279,1788938171.2794,6536,1706,21.87
2026-09-09T12:46:11.295,1788938171.2954,6537,-621,-7.96
2026-09-09T12:46:11.303,1788938171.3034,6538,1574,20.18
2026-09-09T12:46:11.317,1788938171.3173,6539,-863,-11.06
2026-09-09T12:46:11.326,1788938171.3270,6540,1751,22.45
2026-09-09T12:46:11.331,1788938171.3316,6541,-959,-12.29
2026-09-09T12:46:11.342,1788938171.3428,6542,1710,21.92
2026-09-09T12:46:11.342,1788938171.3428,6543,-1191,-15.27
2026-09-09T12:46:11.362,1788938171.3628,6544,561,7.19
2026-09-09T12:46:11.374,1788938171.3748,6545,-1409,-18.06
2026-09-09T12:46:11.374,1788938171.3748,6546,648,8.31
2026-09-09T12:46:11.390,1788938171.3906,6547,-1676,-21.49
2026-09-09T12:46:11.390,1788938171.3906,6548,770,9.87
2026-09-09T12:46:11.406,1788938171.4065,6549,-1764,-22.62
2026-09-09T12:46:11.429,1788938171.4291,6550,858,11.0
2026-09-09T12:46:11.429,1788938171.4291,6551,-1867,-23.94
2026-09-09T12:46:11.444,1788938171.4441,6552,879,11.27
2026-09-09T12:46:11.453,1788938171.4539,6553,-2043,-26.19
2026-09-09T12:46:11.453,1788938171.4539,6554,728,9.33
2026-09-09T12:46:11.471,1788938171.4716,6555,-1331,-17.06
2026-09-09T12:46:11.481,1788938171.4815,6556,618,7.92
2026-09-09T12:46:11.491,1788938171.4916,6557,-1748,-22.41
2026-09-09T12:46:11.501,1788938171.5016,6558,548,7.03
2026-09-09T12:46:11.501,1788938171.5016,6559,-2053,-26.32
2026-09-09T12:46:11.517,1788938171.5173,6560,626,8.03
2026-09-09T12:46:11.532,1788938171.5330,6561,-2111,-27.06
2026-09-09T12:46:11.532,1788938171.5330,6562,791,10.14
2026-09-09T12:46:11.559,1788938171.5590,6563,-2056,-26.36
2026-09-09T12:46:11.565,1788938171.5651,6564,-77,-0.99
2026-09-09T12:46:11.572,1788938171.5726,6565,-2060,-26.41
2026-09-09T12:46:11.581,1788938171.5814,6566,290,3.72
2026-09-09T12:46:11.597,1788938171.5973,6567,-2014,-25.82
2026-09-09T12:46:11.597,1788938171.5973,6568,639,8.19
2026-09-09T12:46:11.612,1788938171.6130,6569,-1922,-24.64
2026-09-09T12:46:11.629,1788938171.6290,6570,913,11.71
2026-09-09T12:46:11.629,1788938171.6290,6571,-1820,-23.33
2026-09-09T12:46:11.644,1788938171.6449,6572,1154,14.79
2026-09-09T12:46:11.658,1788938171.6587,6573,-1744,-22.36
2026-09-09T12:46:11.665,1788938171.6653,6574,1221,15.65
2026-09-09T12:46:11.673,1788938171.6733,6575,-914,-11.72
2026-09-09T12:46:11.673,1788938171.6733,6576,1234,15.82
2026-09-09T12:46:11.688,1788938171.6889,6577,-1273,-16.32
2026-09-09T12:46:11.688,1788938171.6889,6578,1264,16.21
2026-09-09T12:46:11.721,1788938171.7217,6579,-1466,-18.79
2026-09-09T12:46:11.726,1788938171.7265,6580,1341,17.19
2026-09-09T12:46:11.737,1788938171.7370,6581,-1609,-20.63
2026-09-09T12:46:11.737,1788938171.7370,6582,1417,18.17
2026-09-09T12:46:11.751,1788938171.7514,6583,-1513,-19.4
2026-09-09T12:46:11.751,1788938171.7514,6584,700,8.97
2026-09-09T12:46:11.767,1788938171.7676,6585,-1482,-19.0
2026-09-09T12:46:11.783,1788938171.7836,6586,927,11.88
2026-09-09T12:46:11.783,1788938171.7836,6587,-1675,-21.47
2026-09-09T12:46:11.799,1788938171.7993,6588,1023,13.12
2026-09-09T12:46:11.815,1788938171.8152,6589,-1824,-23.38
2026-09-09T12:46:11.822,1788938171.8224,6590,1102,14.13
2026-09-09T12:46:11.831,1788938171.8311,6591,-1585,-20.32
2026-09-09T12:46:11.847,1788938171.8470,6592,1634,20.95
2026-09-09T12:46:11.853,1788938171.8533,6593,-1081,-13.86
2026-09-09T12:46:11.862,1788938171.8628,6594,2134,27.36
2026-09-09T12:46:11.862,1788938171.8628,6595,-37,-0.47
2026-09-09T12:46:11.878,1788938171.8785,6596,2351,30.14
2026-09-09T12:46:11.894,1788938171.8944,6597,-400,-5.13
2026-09-09T12:46:11.894,1788938171.8944,6598,2102,26.95
2026-09-09T12:46:11.919,1788938171.9192,6599,-926,-11.87
2026-09-09T12:46:11.926,1788938171.9264,6600,1815,23.27
2026-09-09T12:46:11.930,1788938171.9301,6601,-1339,-17.17
2026-09-09T12:46:11.942,1788938171.9424,6602,1616,20.72
2026-09-09T12:46:11.954,1788938171.9548,6603,-1544,-19.79
2026-09-09T12:46:11.963,1788938171.9638,6604,742,9.51
2026-09-09T12:46:11.974,1788938171.9744,6605,-1652,-21.18
2026-09-09T12:46:11.990,1788938171.9904,6606,978,12.54
2026-09-09T12:46:11.990,1788938171.9904,6607,-1711,-21.94
2026-09-09T12:46:11.990,1788938171.9904,6608,1147,14.71
2026-09-09T12:46:12.018,1788938172.0190,6609,-1738,-22.28
2026-09-09T12:46:12.023,1788938172.0238,6610,1296,16.62
2026-09-09T12:46:12.030,1788938172.0300,6611,-1684,-21.59
2026-09-09T12:46:12.038,1788938172.0384,6612,1456,18.67
2026-09-09T12:46:12.054,1788938172.0544,6613,-1567,-20.09
2026-09-09T12:46:12.054,1788938172.0544,6614,1568,20.1
2026-09-09T12:46:12.070,1788938172.0703,6615,-894,-11.46
2026-09-09T12:46:12.086,1788938172.0861,6616,1668,21.38
2026-09-09T12:46:12.086,1788938172.0861,6617,-1146,-14.69
2026-09-09T12:46:12.102,1788938172.1021,6618,1675,21.47
2026-09-09T12:46:12.118,1788938172.1181,6619,-1342,-17.21
2026-09-09T12:46:12.118,1788938172.1181,6620,1686,21.62
2026-09-09T12:46:12.134,1788938172.1342,6621,-1435,-18.4
2026-09-09T12:46:12.146,1788938172.1470,6622,1640,21.03
2026-09-09T12:46:12.149,1788938172.1499,6623,-1500,-19.23
2026-09-09T12:46:12.165,1788938172.1660,6624,953,12.22
2026-09-09T12:46:12.171,1788938172.1715,6625,-1582,-20.28
2026-09-09T12:46:12.181,1788938172.1819,6626,1167,14.96
2026-09-09T12:46:12.181,1788938172.1819,6627,-1612,-20.67
2026-09-09T12:46:12.210,1788938172.2103,6628,1317,16.88
2026-09-09T12:46:12.213,1788938172.2135,6629,-1668,-21.38
2026-09-09T12:46:12.213,1788938172.2135,6630,1404,18.0
2026-09-09T12:46:12.236,1788938172.2361,6631,-1639,-21.01
2026-09-09T12:46:12.245,1788938172.2455,6632,1504,19.28
2026-09-09T12:46:12.245,1788938172.2455,6633,-1570,-20.13
2026-09-09T12:46:12.261,1788938172.2614,6634,1541,19.76
2026-09-09T12:46:12.261,1788938172.2614,6635,-1048,-13.44
2026-09-09T12:46:12.277,1788938172.2772,6636,1594,20.44
2026-09-09T12:46:12.293,1788938172.2932,6637,-1259,-16.14
2026-09-09T12:46:12.293,1788938172.2932,6638,1642,21.05
2026-09-09T12:46:12.317,1788938172.3171,6639,-1419,-18.19
2026-09-09T12:46:12.324,1788938172.3250,6640,1594,20.44
2026-09-09T12:46:12.333,1788938172.3335,6641,-1578,-20.23
2026-09-09T12:46:12.341,1788938172.3410,6642,1521,19.5
2026-09-09T12:46:12.352,1788938172.3523,6643,-1670,-21.41
2026-09-09T12:46:12.356,1788938172.3567,6644,884,11.33
2026-09-09T12:46:12.372,1788938172.3724,6645,-1681,-21.55
2026-09-09T12:46:12.378,1788938172.3787,6646,1184,15.18
2026-09-09T12:46:12.388,1788938172.3882,6647,-1581,-20.27
2026-09-09T12:46:12.404,1788938172.4042,6648,1475,18.91
2026-09-09T12:46:12.404,1788938172.4042,6649,-1528,-19.59
2026-09-09T12:46:12.420,1788938172.4202,6650,1604,20.56
2026-09-09T12:46:12.436,1788938172.4363,6651,-1502,-19.26
2026-09-09T12:46:12.441,1788938172.4417,6652,1617,20.73
2026-09-09T12:46:12.452,1788938172.4523,6653,-793,-10.17
2026-09-09T12:46:12.467,1788938172.4680,6654,1592,20.41
2026-09-09T12:46:12.467,1788938172.4680,6655,-1129,-14.47
2026-09-09T12:46:12.483,1788938172.4835,6656,1569,20.12
2026-09-09T12:46:12.501,1788938172.5013,6657,-1396,-17.9
2026-09-09T12:46:12.501,1788938172.5013,6658,1566,20.08
2026-09-09T12:46:12.515,1788938172.5151,6659,-1550,-19.87
2026-09-09T12:46:12.522,1788938172.5222,6660,1519,19.47
2026-09-09T12:46:12.531,1788938172.5314,6661,-1648,-21.13
2026-09-09T12:46:12.531,1788938172.5314,6662,1455,18.65
2026-09-09T12:46:12.546,1788938172.5469,6663,-1707,-21.88
2026-09-09T12:46:12.564,1788938172.5641,6664,955,12.24
2026-09-09T12:46:12.564,1788938172.5641,6665,-1762,-22.59
2026-09-09T12:46:12.578,1788938172.5787,6666,1172,15.03
2026-09-09T12:46:12.594,1788938172.5945,6667,-1745,-22.37
2026-09-09T12:46:12.602,1788938172.6028,6668,1312,16.82
2026-09-09T12:46:12.612,1788938172.6124,6669,-1719,-22.04
2026-09-09T12:46:12.626,1788938172.6262,6670,1457,18.68
2026-09-09T12:46:12.632,1788938172.6322,6671,-1606,-20.59
2026-09-09T12:46:12.641,1788938172.6420,6672,1533,19.65
2026-09-09T12:46:12.641,1788938172.6420,6673,-976,-12.51
2026-09-09T12:46:12.657,1788938172.6577,6674,1586,20.33
2026-09-09T12:46:12.675,1788938172.6754,6675,-1243,-15.94
2026-09-09T12:46:12.675,1788938172.6754,6676,1571,20.14
2026-09-09T12:46:12.693,1788938172.6930,6677,-1437,-18.42
2026-09-09T12:46:12.705,1788938172.7052,6678,1592,20.41
2026-09-09T12:46:12.722,1788938172.7228,6679,-1536,-19.69
2026-09-09T12:46:12.722,1788938172.7228,6680,1549,19.86
2026-09-09T12:46:12.732,1788938172.7325,6681,-1615,-20.71
2026-09-09T12:46:12.742,1788938172.7428,6682,1484,19.03
2026-09-09T12:46:12.752,1788938172.7529,6683,-1651,-21.17
2026-09-09T12:46:12.752,1788938172.7529,6684,1115,14.29
2026-09-09T12:46:12.768,1788938172.7689,6685,-1687,-21.63
2026-09-09T12:46:12.784,1788938172.7850,6686,1274,16.33
2026-09-09T12:46:12.784,1788938172.7850,6687,-1675,-21.47
2026-09-09T12:46:12.800,1788938172.8009,6688,1413,18.12
2026-09-09T12:46:12.816,1788938172.8167,6689,-1626,-20.85
2026-09-09T12:46:12.822,1788938172.8228,6690,1505,19.29
2026-09-09T12:46:12.832,1788938172.8329,6691,-1561,-20.01
2026-09-09T12:46:12.832,1788938172.8329,6692,1593,20.42
2026-09-09T12:46:12.849,1788938172.8491,6693,-1020,-13.08
2026-09-09T12:46:12.865,1788938172.8651,6694,1618,20.74
2026-09-09T12:46:12.865,1788938172.8651,6695,-1244,-15.95
2026-09-09T12:46:12.884,1788938172.8843,6696,1622,20.79
2026-09-09T12:46:12.884,1788938172.8843,6697,-1439,-18.45
2026-09-09T12:46:12.896,1788938172.8969,6698,1586,20.33
2026-09-09T12:46:12.912,1788938172.9129,6699,-1570,-20.13
2026-09-09T12:46:12.912,1788938172.9129,6700,1534,19.67
2026-09-09T12:46:12.934,1788938172.9346,6701,-1657,-21.24
2026-09-09T12:46:12.945,1788938172.9454,6702,1413,18.12
2026-09-09T12:46:12.945,1788938172.9454,6703,-1669,-21.4
2026-09-09T12:46:12.960,1788938172.9603,6704,1156,14.82
2026-09-09T12:46:12.976,1788938172.9762,6705,-1653,-21.19
2026-09-09T12:46:12.976,1788938172.9762,6706,1335,17.12
2026-09-09T12:46:12.992,1788938172.9922,6707,-1626,-20.85
2026-09-09T12:46:13.007,1788938173.0079,6708,1470,18.85
2026-09-09T12:46:13.007,1788938173.0079,6709,-1613,-20.68
2026-09-09T12:46:13.023,1788938173.0238,6710,1534,19.67
2026-09-09T12:46:13.034,1788938173.0348,6711,-1520,-19.49
2026-09-09T12:46:13.041,1788938173.0416,6712,1586,20.33
2026-09-09T12:46:13.055,1788938173.0553,6713,-1123,-14.4
2026-09-09T12:46:13.055,1788938173.0553,6714,1599,20.5
2026-09-09T12:46:13.071,1788938173.0713,6715,-1334,-17.1
2026-09-09T12:46:13.086,1788938173.0869,6716,1595,20.45
2026-09-09T12:46:13.086,1788938173.0869,6717,-1513,-19.4
2026-09-09T12:46:13.102,1788938173.1030,6718,1571,20.14
2026-09-09T12:46:13.102,1788938173.1030,6719,-1596,-20.46
2026-09-09T12:46:13.119,1788938173.1193,6720,1495,19.17
2026-09-09T12:46:13.134,1788938173.1349,6721,-1652,-21.18
2026-09-09T12:46:13.142,1788938173.1422,6722,1378,17.67
2026-09-09T12:46:13.151,1788938173.1513,6723,-1675,-21.47
2026-09-09T12:46:13.163,1788938173.1631,6724,1198,15.36
2026-09-09T12:46:13.167,1788938173.1671,6725,-1679,-21.53
2026-09-09T12:46:13.182,1788938173.1829,6726,1345,17.24
2026-09-09T12:46:13.182,1788938173.1829,6727,-1651,-21.17
2026-09-09T12:46:13.198,1788938173.1987,6728,1477,18.94
2026-09-09T12:46:13.214,1788938173.2146,6729,-1590,-20.38
2026-09-09T12:46:13.214,1788938173.2146,6730,1537,19.71
2026-09-09T12:46:13.235,1788938173.2358,6731,-1492,-19.13
2026-09-09T12:46:13.241,1788938173.2418,6732,1566,20.08
2026-09-09T12:46:13.251,1788938173.2519,6733,-1199,-15.37
2026-09-09T12:46:13.262,1788938173.2620,6734,1611,20.65
2026-09-09T12:46:13.277,1788938173.2777,6735,-1398,-17.92
2026-09-09T12:46:13.277,1788938173.2777,6736,1599,20.5
2026-09-09T12:46:13.293,1788938173.2934,6737,-1517,-19.45
2026-09-09T12:46:13.293,1788938173.2934,6738,1535,19.68
2026-09-09T12:46:13.309,1788938173.3094,6739,-1584,-20.31
2026-09-09T12:46:13.325,1788938173.3251,6740,1470,18.85
2026-09-09T12:46:13.332,1788938173.3324,6741,-1660,-21.28
2026-09-09T12:46:13.340,1788938173.3409,6742,1065,13.65
2026-09-09T12:46:13.340,1788938173.3409,6743,-1677,-21.5
2026-09-09T12:46:13.373,1788938173.3730,6744,1252,16.05
2026-09-09T12:46:13.373,1788938173.3730,6745,-1680,-21.54
2026-09-09T12:46:13.380,1788938173.3810,6746,1400,17.95
2026-09-09T12:46:13.388,1788938173.3888,6747,-1648,-21.13
2026-09-09T12:46:13.404,1788938173.4048,6748,1496,19.18
2026-09-09T12:46:13.404,1788938173.4048,6749,-1551,-19.88
2026-09-09T12:46:13.420,1788938173.4206,6750,1544,19.79
2026-09-09T12:46:13.436,1788938173.4361,6751,-1433,-18.37
2026-09-09T12:46:13.443,1788938173.4431,6752,1593,20.42
2026-09-09T12:46:13.452,1788938173.4520,6753,-1264,-16.21
2026-09-09T12:46:13.467,1788938173.4678,6754,1613,20.68
2026-09-09T12:46:13.467,1788938173.4678,6755,-1447,-18.55
2026-09-09T12:46:13.483,1788938173.4837,6756,1590,20.38
2026-09-09T12:46:13.483,1788938173.4837,6757,-1566,-20.08
2026-09-09T12:46:13.499,1788938173.4999,6758,1505,19.29
2026-09-09T12:46:13.515,1788938173.5155,6759,-1638,-21.0
2026-09-09T12:46:13.521,1788938173.5216,6760,1417,18.17
2026-09-09T12:46:13.537,1788938173.5373,6761,-1681,-21.55
2026-09-09T12:46:13.537,1788938173.5373,6762,1152,14.77
2026-09-09T12:46:13.547,1788938173.5477,6763,-1677,-21.5
2026-09-09T12:46:13.563,1788938173.5636,6764,1312,16.82
2026-09-09T12:46:13.571,1788938173.5715,6765,-1673,-21.45
2026-09-09T12:46:13.586,1788938173.5869,6766,1443,18.5
2026-09-09T12:46:13.594,1788938173.5949,6767,-1620,-20.77
2026-09-09T12:46:13.594,1788938173.5949,6768,1531,19.63
2026-09-09T12:46:13.610,1788938173.6109,6769,-1519,-19.47
2026-09-09T12:46:13.626,1788938173.6266,6770,1575,20.19
2026-09-09T12:46:13.637,1788938173.6373,6771,-1418,-18.18
2026-09-09T12:46:13.642,1788938173.6424,6772,1620,20.77
2026-09-09T12:46:13.657,1788938173.6579,6773,-1341,-17.19
2026-09-09T12:46:13.657,1788938173.6579,6774,1604,20.56
2026-09-09T12:46:13.673,1788938173.6732,6775,-1496,-19.18
2026-09-09T12:46:13.689,1788938173.6893,6776,1568,20.1
2026-09-09T12:46:13.689,1788938173.6893,6777,-1575,-20.19
2026-09-09T12:46:13.705,1788938173.7052,6778,1496,19.18
2026-09-09T12:46:13.713,1788938173.7132,6779,-1643,-21.06
2026-09-09T12:46:13.722,1788938173.7225,6780,1407,18.04
2026-09-09T12:46:13.737,1788938173.7375,6781,-1671,-21.42
2026-09-09T12:46:13.737,1788938173.7375,6782,1222,15.67
2026-09-09T12:46:13.752,1788938173.7524,6783,-1679,-21.53
2026-09-09T12:46:13.765,1788938173.7659,6784,1358,17.41
2026-09-09T12:46:13.768,1788938173.7682,6785,-1659,-21.27
2026-09-09T12:46:13.783,1788938173.7839,6786,1465,18.78
2026-09-09T12:46:13.783,1788938173.7839,6787,-1582,-20.28
2026-09-09T12:46:13.799,1788938173.7999,6788,1569,20.12
2026-09-09T12:46:13.815,1788938173.8159,6789,-1481,-18.99
2026-09-09T12:46:13.815,1788938173.8159,6790,1601,20.53
2026-09-09T12:46:13.837,1788938173.8376,6791,-1339,-17.17
2026-09-09T12:46:13.837,1788938173.8376,6792,1618,20.74
2026-09-09T12:46:13.863,1788938173.8635,6793,-1395,-17.88
2026-09-09T12:46:13.863,1788938173.8635,6794,1610,20.64
2026-09-09T12:46:13.863,1788938173.8635,6795,-1514,-19.41
2026-09-09T12:46:13.879,1788938173.8797,6796,1562,20.03
2026-09-09T12:46:13.895,1788938173.8955,6797,-1630,-20.9
2026-09-09T12:46:13.895,1788938173.8955,6798,1489,19.09
2026-09-09T12:46:13.911,1788938173.9116,6799,-1677,-21.5
2026-09-09T12:46:13.927,1788938173.9277,6800,1348,17.28
2026-09-09T12:46:13.937,1788938173.9377,6801,-1677,-21.5
2026-09-09T12:46:13.943,1788938173.9435,6802,1276,16.36
2026-09-09T12:46:13.959,1788938173.9595,6803,-1681,-21.55
2026-09-09T12:46:13.959,1788938173.9595,6804,1423,18.24
2026-09-09T12:46:13.975,1788938173.9753,6805,-1665,-21.35
2026-09-09T12:46:13.975,1788938173.9753,6806,1511,19.37
2026-09-09T12:46:13.991,1788938173.9915,6807,-1532,-19.64
2026-09-09T12:46:13.991,1788938173.9915,6808,1587,20.35
2026-09-09T12:46:14.007,1788938174.0071,6809,-1407,-18.04
2026-09-09T12:46:14.023,1788938174.0232,6810,1631,20.91
2026-09-09T12:46:14.023,1788938174.0232,6811,-1265,-16.22
2026-09-09T12:46:14.042,1788938174.0429,6812,1627,20.86
2026-09-09T12:46:14.054,1788938174.0547,6813,-1414,-18.13
2026-09-09T12:46:14.054,1788938174.0547,6814,1647,21.12
2026-09-09T12:46:14.070,1788938174.0705,6815,-1538,-19.72
2026-09-09T12:46:14.086,1788938174.0863,6816,1585,20.32
2026-09-09T12:46:14.086,1788938174.0863,6817,-1586,-20.33
2026-09-09T12:46:14.102,1788938174.1021,6818,1484,19.03
2026-09-09T12:46:14.102,1788938174.1021,6819,-1623,-20.81
2026-09-09T12:46:14.124,1788938174.1241,6820,1361,17.45
2026-09-09T12:46:14.137,1788938174.1378,6821,-1636,-20.97
2026-09-09T12:46:14.142,1788938174.1429,6822,1388,17.79
2026-09-09T12:46:14.157,1788938174.1580,6823,-1641,-21.04
2026-09-09T12:46:14.165,1788938174.1656,6824,1467,18.81
2026-09-09T12:46:14.173,1788938174.1737,6825,-1641,-21.04
2026-09-09T12:46:14.181,1788938174.1815,6826,1531,19.63
2026-09-09T12:46:14.181,1788938174.1815,6827,-1519,-19.47
2026-09-09T12:46:14.201,1788938174.2016,6828,1575,20.19
2026-09-09T12:46:14.212,1788938174.2128,6829,-1398,-17.92
2026-09-09T12:46:14.223,1788938174.2234,6830,1596,20.46
2026-09-09T12:46:14.237,1788938174.2378,6831,-1268,-16.26
2026-09-09T12:46:14.237,1788938174.2378,6832,1588,20.36
2026-09-09T12:46:14.260,1788938174.2606,6833,-1512,-19.38
2026-09-09T12:46:14.260,1788938174.2606,6834,1561,20.01
2026-09-09T12:46:14.276,1788938174.2762,6835,-1631,-20.91
2026-09-09T12:46:14.276,1788938174.2762,6836,1473,18.88
2026-09-09T12:46:14.293,1788938174.2940,6837,-1702,-21.82
2026-09-09T12:46:14.293,1788938174.2940,6838,1369,17.55
2026-09-09T12:46:14.307,1788938174.3078,6839,-1733,-22.22
2026-09-09T12:46:14.323,1788938174.3235,6840,1224,15.69
2026-09-09T12:46:14.323,1788938174.3235,6841,-1764,-22.62
2026-09-09T12:46:14.339,1788938174.3396,6842,1305,16.73
2026-09-09T12:46:14.355,1788938174.3553,6843,-1730,-22.18
2026-09-09T12:46:14.362,1788938174.3625,6844,1402,17.97
2026-09-09T12:46:14.370,1788938174.3710,6845,-1648,-21.13
2026-09-09T12:46:14.386,1788938174.3868,6846,1535,19.68
2026-09-09T12:46:14.392,1788938174.3928,6847,-1478,-18.95
2026-09-09T12:46:14.402,1788938174.4028,6848,1660,21.28
2026-09-09T12:46:14.402,1788938174.4028,6849,-1222,-15.67
2026-09-09T12:46:14.418,1788938174.4188,6850,1850,23.72
2026-09-09T12:46:14.434,1788938174.4345,6851,-1065,-13.65
2026-09-09T12:46:14.437,1788938174.4376,6852,1984,25.44
2026-09-09T12:46:14.450,1788938174.4509,6853,-1131,-14.5
2026-09-09T12:46:14.466,1788938174.4670,6854,1972,25.28
2026-09-09T12:46:14.466,1788938174.4670,6855,-1258,-16.13
2026-09-09T12:46:14.483,1788938174.4831,6856,1856,23.79
2026-09-09T12:46:14.483,1788938174.4831,6857,-1345,-17.24
2026-09-09T12:46:14.498,1788938174.4990,6858,1716,22.0
2026-09-09T12:46:14.514,1788938174.5150,6859,-1376,-17.64
2026-09-09T12:46:14.523,1788938174.5230,6860,1580,20.26
2026-09-09T12:46:14.537,1788938174.5377,6861,-1359,-17.42
2026-09-09T12:46:14.537,1788938174.5377,6862,1735,22.24
2026-09-09T12:46:14.559,1788938174.5595,6863,-1305,-16.73
2026-09-09T12:46:14.563,1788938174.5634,6864,1872,24.0
2026-09-09T12:46:14.578,1788938174.5780,6865,-1171,-15.01
2026-09-09T12:46:14.584,1788938174.5840,6866,1985,25.45
2026-09-09T12:46:14.594,1788938174.5940,6867,-850,-10.9
2026-09-09T12:46:14.602,1788938174.6023,6868,2295,29.42
2026-09-09T12:46:14.609,1788938174.6097,6869,-662,-8.49
2026-09-09T12:46:14.625,1788938174.6257,6870,2142,27.46
2026-09-09T12:46:14.637,1788938174.6378,6871,-1002,-12.85
2026-09-09T12:46:14.643,1788938174.6437,6872,1910,24.49
2026-09-09T12:46:14.657,1788938174.6575,6873,-1380,-17.69
2026-09-09T12:46:14.657,1788938174.6575,6874,1662,21.31
2026-09-09T12:46:14.673,1788938174.6734,6875,-1646,-21.1
2026-09-09T12:46:14.689,1788938174.6892,6876,1364,17.49
2026-09-09T12:46:14.689,1788938174.6892,6877,-1865,-23.91
2026-09-09T12:46:14.705,1788938174.7050,6878,795,10.19
2026-09-09T12:46:14.713,1788938174.7130,6879,-2649,-33.96
2026-09-09T12:46:14.722,1788938174.7223,6880,393,5.04
2026-09-09T12:46:14.737,1788938174.7376,6881,-2352,-30.15
2026-09-09T12:46:14.737,1788938174.7376,6882,869,11.14
2026-09-09T12:46:14.754,1788938174.7543,6883,-2057,-26.37
2026-09-09T12:46:14.764,1788938174.7643,6884,1170,15.0
2026-09-09T12:46:14.768,1788938174.7682,6885,-1816,-23.28
2026-09-09T12:46:14.784,1788938174.7842,6886,1348,17.28
2026-09-09T12:46:14.784,1788938174.7842,6887,-1574,-20.18
2026-09-09T12:46:14.800,1788938174.8003,6888,1501,19.24
2026-09-09T12:46:14.816,1788938174.8160,6889,-1334,-17.1
2026-09-09T12:46:14.816,1788938174.8160,6890,1539,19.73
2026-09-09T12:46:14.837,1788938174.8379,6891,-1553,-19.91
2026-09-09T12:46:14.837,1788938174.8379,6892,1528,19.59
2026-09-09T12:46:14.863,1788938174.8637,6893,-1631,-20.91
2026-09-09T12:46:14.863,1788938174.8637,6894,1485,19.04
2026-09-09T12:46:14.871,1788938174.8716,6895,-1714,-21.97
2026-09-09T12:46:14.879,1788938174.8798,6896,1357,17.4
2026-09-09T12:46:14.895,1788938174.8958,6897,-1737,-22.27
2026-09-09T12:46:14.904,1788938174.9047,6898,1236,15.85
2026-09-09T12:46:14.911,1788938174.9119,6899,-1736,-22.26
2026-09-09T12:46:14.911,1788938174.9119,6900,1076,13.79
2026-09-09T12:46:14.938,1788938174.9380,6901,-1718,-22.03
2026-09-09T12:46:14.943,1788938174.9440,6902,1422,18.23
2026-09-09T12:46:14.959,1788938174.9600,6903,-1665,-21.35
2026-09-09T12:46:14.959,1788938174.9600,6904,1483,19.01
2026-09-09T12:46:14.959,1788938174.9600,6905,-1550,-19.87
2026-09-09T12:46:14.975,1788938174.9756,6906,1529,19.6
2026-09-09T12:46:14.993,1788938174.9935,6907,-1427,-18.29
2026-09-09T12:46:14.993,1788938174.9935,6908,1535,19.68
2026-09-09T12:46:15.013,1788938175.0132,6909,-1264,-16.21
2026-09-09T12:46:15.024,1788938175.0249,6910,1536,19.69
2026-09-09T12:46:15.038,1788938175.0380,6911,-1603,-20.55
2026-09-09T12:46:15.042,1788938175.0420,6912,1506,19.31
2026-09-09T12:46:15.053,1788938175.0538,6913,-1677,-21.5
2026-09-09T12:46:15.063,1788938175.0638,6914,1418,18.18
2026-09-09T12:46:15.069,1788938175.0695,6915,-1708,-21.9
2026-09-09T12:46:15.085,1788938175.0853,6916,1310,16.79
2026-09-09T12:46:15.093,1788938175.0933,6917,-1731,-22.19
2026-09-09T12:46:15.101,1788938175.1012,6918,1202,15.41
2026-09-09T12:46:15.101,1788938175.1012,6919,-1730,-22.18
2026-09-09T12:46:15.117,1788938175.1172,6920,1029,13.19
2026-09-09T12:46:15.139,1788938175.1390,6921,-1701,-21.81
2026-09-09T12:46:15.143,1788938175.1432,6922,1444,18.51
2026-09-09T12:46:15.157,1788938175.1571,6923,-1611,-20.65
2026-09-09T12:46:15.164,1788938175.1647,6924,1501,19.24
2026-09-09T12:46:15.180,1788938175.1806,6925,-1492,-19.13
2026-09-09T12:46:15.180,1788938175.1806,6926,1546,19.82
2026-09-09T12:46:15.196,1788938175.1965,6927,-1337,-17.14
2026-09-09T12:46:15.202,1788938175.2025,6928,1580,20.26
2026-09-09T12:46:15.211,1788938175.2117,6929,-1183,-15.17
2026-09-09T12:46:15.227,1788938175.2277,6930,1552,19.9
2026-09-09T12:46:15.233,1788938175.2338,6931,-1603,-20.55
2026-09-09T12:46:15.243,1788938175.2433,6932,1481,18.99
2026-09-09T12:46:15.263,1788938175.2632,6933,-1698,-21.77
2026-09-09T12:46:15.263,1788938175.2632,6934,1413,18.12
2026-09-09T12:46:15.275,1788938175.2751,6935,-1733,-22.22
2026-09-09T12:46:15.290,1788938175.2908,6936,1269,16.27
2026-09-09T12:46:15.290,1788938175.2908,6937,-1732,-22.21
2026-09-09T12:46:15.290,1788938175.2908,6938,1136,14.56
2026-09-09T12:46:15.306,1788938175.3064,6939,-1699,-21.78
2026-09-09T12:46:15.322,1788938175.3223,6940,1414,18.13
2026-09-09T12:46:15.339,1788938175.3395,6941,-1638,-21.0
2026-09-09T12:46:15.343,1788938175.3435,6942,1494,19.15
2026-09-09T12:46:15.357,1788938175.3576,6943,-1556,-19.95
2026-09-09T12:46:15.357,1788938175.3576,6944,1543,19.78
2026-09-09T12:46:15.369,1788938175.3696,6945,-1414,-18.13
2026-09-09T12:46:15.385,1788938175.3855,6946,1572,20.15
2026-09-09T12:46:15.385,1788938175.3855,6947,-1279,-16.4
2026-09-09T12:46:15.401,1788938175.4012,6948,1589,20.37
2026-09-09T12:46:15.413,1788938175.4132,6949,-1121,-14.37
2026-09-09T12:46:15.416,1788938175.4169,6950,1554,19.92
2026-09-09T12:46:15.432,1788938175.4330,6951,-1622,-20.79
2026-09-09T12:46:15.439,1788938175.4398,6952,1466,18.79
2026-09-09T12:46:15.448,1788938175.4489,6953,-1669,-21.4
2026-09-09T12:46:15.464,1788938175.4646,6954,1401,17.96
2026-09-09T12:46:15.464,1788938175.4646,6955,-1685,-21.6
2026-09-09T12:46:15.480,1788938175.4807,6956,1272,16.31
2026-09-09T12:46:15.496,1788938175.4966,6957,-1705,-21.86
2026-09-09T12:46:15.496,1788938175.4966,6958,1115,14.29
2026-09-09T12:46:15.512,1788938175.5126,6959,-1640,-21.03
2026-09-09T12:46:15.512,1788938175.5126,6960,1472,18.87
2026-09-09T12:46:15.528,1788938175.5286,6961,-1587,-20.35
2026-09-09T12:46:15.544,1788938175.5442,6962,1524,19.54
2026-09-09T12:46:15.561,1788938175.5617,6963,-1470,-18.85
2026-09-09T12:46:15.563,1788938175.5632,6964,1552,19.9
2026-09-09T12:46:15.575,1788938175.5758,6965,-1344,-17.23
2026-09-09T12:46:15.575,1788938175.5758,6966,1613,20.68
2026-09-09T12:46:15.591,1788938175.5918,6967,-1202,-15.41
2026-09-09T12:46:15.591,1788938175.5918,6968,1593,20.42
2026-09-09T12:46:15.607,1788938175.6075,6969,-1029,-13.19
2026-09-09T12:46:15.625,1788938175.6255,6970,1549,19.86
2026-09-09T12:46:15.625,1788938175.6255,6971,-1563,-20.04
2026-09-09T12:46:15.640,1788938175.6405,6972,1468,18.82
2026-09-09T12:46:15.655,1788938175.6552,6973,-1635,-20.96
2026-09-09T12:46:15.663,1788938175.6632,6974,1347,17.27
2026-09-09T12:46:15.670,1788938175.6709,6975,-1643,-21.06
2026-09-09T12:46:15.686,1788938175.6868,6976,1221,15.65
2026-09-09T12:46:15.686,1788938175.6868,6977,-1655,-21.22
2026-09-09T12:46:15.702,1788938175.7029,6978,1096,14.05
2026-09-09T12:46:15.718,1788938175.7185,6979,-1563,-20.04
2026-09-09T12:46:15.721,1788938175.7215,6980,1520,19.49
2026-09-09T12:46:15.734,1788938175.7343,6981,-1499,-19.22
2026-09-09T12:46:15.750,1788938175.7504,6982,1580,20.26
2026-09-09T12:46:15.752,1788938175.7524,6983,-1346,-17.26
2026-09-09T12:46:15.766,1788938175.7661,6984,1611,20.65
2026-09-09T12:46:15.766,1788938175.7661,6985,-1185,-15.19
2026-09-09T12:46:15.788,1788938175.7886,6986,1662,21.31
2026-09-09T12:46:15.788,1788938175.7886,6987,-1021,-13.09
2026-09-09T12:46:15.797,1788938175.7978,6988,1641,21.04
2026-09-09T12:46:15.813,1788938175.8136,6989,-886,-11.36
2026-09-09T12:46:15.829,1788938175.8295,6990,1603,20.55
2026-09-09T12:46:15.829,1788938175.8295,6991,-1533,-19.65
2026-09-09T12:46:15.853,1788938175.8539,6992,1480,18.97
2026-09-09T12:46:15.853,1788938175.8539,6993,-1558,-19.97
2026-09-09T12:46:15.861,1788938175.8615,6994,1342,17.21
2026-09-09T12:46:15.861,1788938175.8615,6995,-1592,-20.41
2026-09-09T12:46:15.877,1788938175.8772,6996,1179,15.12
2026-09-09T12:46:15.892,1788938175.8930,6997,-1624,-20.82
2026-09-09T12:46:15.892,1788938175.8930,6998,1026,13.15
2026-09-09T12:46:15.912,1788938175.9122,6999,-1592,-20.41
2026-09-09T12:46:15.924,1788938175.9246,7000,1496,19.18
2026-09-09T12:46:15.924,1788938175.9246,7001,-1463,-18.76
2026-09-09T12:46:15.941,1788938175.9418,7002,1560,20.0
2026-09-09T12:46:15.955,1788938175.9558,7003,-1321,-16.94
2026-09-09T12:46:15.961,1788938175.9620,7004,1588,20.36
2026-09-09T12:46:15.973,1788938175.9739,7005,-1184,-15.18
2026-09-09T12:46:15.987,1788938175.9878,7006,1624,20.82
2026-09-09T12:46:15.991,1788938175.9918,7007,-1015,-13.01
2026-09-09T12:46:16.003,1788938176.0035,7008,1591,20.4
2026-09-09T12:46:16.003,1788938176.0035,7009,-875,-11.22
2026-09-09T12:46:16.019,1788938176.0199,7010,1509,19.35
2026-09-09T12:46:16.034,1788938176.0340,7011,-1582,-20.28
2026-09-09T12:46:16.051,1788938176.0515,7012,1408,18.05
2026-09-09T12:46:16.051,1788938176.0515,7013,-1626,-20.85
2026-09-09T12:46:16.051,1788938176.0515,7014,1238,15.87
2026-09-09T12:46:16.067,1788938176.0674,7015,-1631,-20.91
2026-09-09T12:46:16.083,1788938176.0832,7016,1080,13.85
2026-09-09T12:46:16.083,1788938176.0832,7017,-1706,-21.87
2026-09-09T12:46:16.099,1788938176.0990,7018,961,12.32
2026-09-09T12:46:16.115,1788938176.1150,7019,-1601,-20.53
2026-09-09T12:46:16.115,1788938176.1150,7020,1531,19.63
2026-09-09T12:46:16.130,1788938176.1310,7021,-1479,-18.96
2026-09-09T12:46:16.153,1788938176.1534,7022,1611,20.65
2026-09-09T12:46:16.153,1788938176.1534,7023,-1301,-16.68
2026-09-09T12:46:16.163,1788938176.1631,7024,1695,21.73
2026-09-09T12:46:16.163,1788938176.1631,7025,-1145,-14.68
2026-09-09T12:46:16.178,1788938176.1789,7026,1698,21.77
2026-09-09T12:46:16.194,1788938176.1948,7027,-965,-12.37
2026-09-09T12:46:16.194,1788938176.1948,7028,1665,21.35
2026-09-09T12:46:16.211,1788938176.2110,7029,-1540,-19.74
2026-09-09T12:46:16.226,1788938176.2267,7030,1574,20.18
2026-09-09T12:46:16.226,1788938176.2267,7031,-1605,-20.58
2026-09-09T12:46:16.242,1788938176.2425,7032,1471,18.86
2026-09-09T12:46:16.261,1788938176.2611,7033,-1595,-20.45
2026-09-09T12:46:16.263,1788938176.2636,7034,1340,17.18
2026-09-09T12:46:16.274,1788938176.2745,7035,-1601,-20.53
2026-09-09T12:46:16.274,1788938176.2745,7036,1193,15.29
2026-09-09T12:46:16.290,1788938176.2905,7037,-1567,-20.09
2026-09-09T12:46:16.308,1788938176.3083,7038,1038,13.31
2026-09-09T12:46:16.308,1788938176.3083,7039,-1487,-19.06
2026-09-09T12:46:16.323,1788938176.3234,7040,1663,21.32
2026-09-09T12:46:16.323,1788938176.3234,7041,-1359,-17.42
2026-09-09T12:46:16.353,1788938176.3532,7042,1690,21.67
2026-09-09T12:46:16.353,1788938176.3532,7043,-1231,-15.78
2026-09-09T12:46:16.353,1788938176.3532,7044,1705,21.86
2026-09-09T12:46:16.369,1788938176.3693,7045,-1078,-13.82
2026-09-09T12:46:16.384,1788938176.3850,7046,1672,21.44
2026-09-09T12:46:16.384,1788938176.3850,7047,-954,-12.23
2026-09-09T12:46:16.400,1788938176.4009,7048,1607,20.6
2026-09-09T12:46:16.400,1788938176.4009,7049,-1589,-20.37
2026-09-09T12:46:16.416,1788938176.4167,7050,1469,18.83
2026-09-09T12:46:16.432,1788938176.4325,7051,-1597,-20.47
2026-09-09T12:46:16.448,1788938176.4483,7052,1335,17.12
2026-09-09T12:46:16.448,1788938176.4483,7053,-1650,-21.15
2026-09-09T12:46:16.464,1788938176.4644,7054,1209,15.5
2026-09-09T12:46:16.464,1788938176.4644,7055,-1627,-20.86
2026-09-09T12:46:16.480,1788938176.4805,7056,1088,13.95
2026-09-09T12:46:16.496,1788938176.4964,7057,-1595,-20.45
2026-09-09T12:46:16.504,1788938176.5044,7058,938,12.03
2026-09-09T12:46:16.512,1788938176.5121,7059,-1518,-19.46
2026-09-09T12:46:16.512,1788938176.5121,7060,1600,20.51
2026-09-09T12:46:16.528,1788938176.5280,7061,-1385,-17.76
2026-09-09T12:46:16.544,1788938176.5448,7062,1633,20.94
2026-09-09T12:46:16.559,1788938176.5592,7063,-1247,-15.99
2026-09-09T12:46:16.562,1788938176.5628,7064,1641,21.04
2026-09-09T12:46:16.574,1788938176.5747,7065,-1066,-13.67
2026-09-09T12:46:16.574,1788938176.5747,7066,1609,20.63
2026-09-09T12:46:16.590,1788938176.5904,7067,-937,-12.01
2026-09-09T12:46:16.606,1788938176.6063,7068,1508,19.33
2026-09-09T12:46:16.606,1788938176.6063,7069,-1675,-21.47
2026-09-09T12:46:16.622,1788938176.6223,7070,1391,17.83
2026-09-09T12:46:16.638,1788938176.6384,7071,-1711,-21.94
2026-09-09T12:46:16.644,1788938176.6448,7072,1254,16.08
2026-09-09T12:46:16.654,1788938176.6542,7073,-1718,-22.03
2026-09-09T12:46:16.654,1788938176.6542,7074,1113,14.27
2026-09-09T12:46:16.670,1788938176.6703,7075,-1677,-21.5
2026-09-09T12:46:16.685,1788938176.6859,7076,989,12.68
2026-09-09T12:46:16.685,1788938176.6859,7077,-1600,-20.51
2026-09-09T12:46:16.701,1788938176.7018,7078,853,10.94
2026-09-09T12:46:16.701,1788938176.7018,7079,-1531,-19.63
2026-09-09T12:46:16.721,1788938176.7214,7080,1580,20.26
2026-09-09T12:46:16.736,1788938176.7362,7081,-1372,-17.59
2026-09-09T12:46:16.744,1788938176.7449,7082,1577,20.22
2026-09-09T12:46:16.749,1788938176.7493,7083,-1226,-15.72
2026-09-09T12:46:16.765,1788938176.7654,7084,1554,19.92
2026-09-09T12:46:16.765,1788938176.7654,7085,-1079,-13.83
2026-09-09T12:46:16.781,1788938176.7815,7086,1547,19.83
2026-09-09T12:46:16.797,1788938176.7973,7087,-938,-12.03
2026-09-09T12:46:16.805,1788938176.8058,7088,1459,18.71
2026-09-09T12:46:16.813,1788938176.8134,7089,-1715,-21.99
2026-09-09T12:46:16.836,1788938176.8362,7090,1270,16.28
2026-09-09T12:46:16.836,1788938176.8362,7091,-1746,-22.38
2026-09-09T12:46:16.844,1788938176.8450,7092,1166,14.95
2026-09-09T12:46:16.852,1788938176.8528,7093,-1713,-21.96
2026-09-09T12:46:16.861,1788938176.8610,7094,1034,13.26
2026-09-09T12:46:16.861,1788938176.8610,7095,-1712,-21.95
2026-09-09T12:46:16.876,1788938176.8769,7096,875,11.22
2026-09-09T12:46:16.892,1788938176.8929,7097,-1617,-20.73
2026-09-09T12:46:16.892,1788938176.8929,7098,744,9.54
2026-09-09T12:46:16.908,1788938176.9087,7099,-1519,-19.47
2026-09-09T12:46:16.924,1788938176.9244,7100,1544,19.79
2026-09-09T12:46:16.924,1788938176.9244,7101,-1356,-17.38
2026-09-09T12:46:16.945,1788938176.9458,7102,1537,19.71
2026-09-09T12:46:16.956,1788938176.9564,7103,-1196,-15.33
2026-09-09T12:46:16.962,1788938176.9624,7104,1559,19.99
2026-09-09T12:46:16.972,1788938176.9725,7105,-1054,-13.51
2026-09-09T12:46:16.972,1788938176.9725,7106,1468,18.82
2026-09-09T12:46:16.988,1788938176.9882,7107,-924,-11.85
2026-09-09T12:46:17.004,1788938177.0041,7108,1380,17.69
2026-09-09T12:46:17.004,1788938177.0041,7109,-1765,-22.63
2026-09-09T12:46:17.026,1788938177.0269,7110,1236,15.85
2026-09-09T12:46:17.036,1788938177.0368,7111,-1768,-22.67
2026-09-09T12:46:17.046,1788938177.0460,7112,1085,13.91
2026-09-09T12:46:17.052,1788938177.0520,7113,-1754,-22.49
2026-09-09T12:46:17.052,1788938177.0520,7114,965,12.37
2026-09-09T12:46:17.067,1788938177.0680,7115,-1700,-21.79
2026-09-09T12:46:17.083,1788938177.0840,7116,830,10.64
2026-09-09T12:46:17.099,1788938177.0999,7117,-1586,-20.33
2026-09-09T12:46:17.099,1788938177.0999,7118,687,8.81
2026-09-09T12:46:17.099,1788938177.0999,7119,-1419,-18.19
2026-09-09T12:46:17.115,1788938177.1159,7120,1579,20.24
2026-09-09T12:46:17.131,1788938177.1318,7121,-1296,-16.62
2026-09-09T12:46:17.145,1788938177.1459,7122,1572,20.15
2026-09-09T12:46:17.147,1788938177.1477,7123,-1133,-14.53
2026-09-09T12:46:17.163,1788938177.1635,7124,1533,19.65
2026-09-09T12:46:17.173,1788938177.1736,7125,-987,-12.65
2026-09-09T12:46:17.183,1788938177.1832,7126,1470,18.85
2026-09-09T12:46:17.195,1788938177.1952,7127,-834,-10.69
2026-09-09T12:46:17.195,1788938177.1952,7128,1370,17.56
2026-09-09T12:46:17.211,1788938177.2112,7129,-1732,-22.21
2026-09-09T12:46:17.211,1788938177.2112,7130,1229,15.76
2026-09-09T12:46:17.226,1788938177.2269,7131,-1739,-22.29
2026-09-09T12:46:17.246,1788938177.2462,7132,1053,13.5
2026-09-09T12:46:17.253,1788938177.2535,7133,-1713,-21.96
2026-09-09T12:46:17.258,1788938177.2587,7134,937,12.01
2026-09-09T12:46:17.276,1788938177.2767,7135,-1620,-20.77
2026-09-09T12:46:17.276,1788938177.2767,7136,794,10.18
2026-09-09T12:46:17.290,1788938177.2905,7137,-1493,-19.14
2026-09-09T12:46:17.302,1788938177.3029,7138,1557,19.96
2026-09-09T12:46:17.306,1788938177.3065,7139,-1363,-17.47
2026-09-09T12:46:17.326,1788938177.3265,7140,1602,20.54
2026-09-09T12:46:17.326,1788938177.3265,7141,-1209,-15.5
2026-09-09T12:46:17.346,1788938177.3464,7142,1587,20.35
2026-09-09T12:46:17.354,1788938177.3544,7143,-1059,-13.58
2026-09-09T12:46:17.354,1788938177.3544,7144,1543,19.78
2026-09-09T12:46:17.370,1788938177.3703,7145,-909,-11.65
2026-09-09T12:46:17.386,1788938177.3864,7146,1435,18.4
2026-09-09T12:46:17.386,1788938177.3864,7147,-752,-9.64
2026-09-09T12:46:17.402,1788938177.4021,7148,1323,16.96
2026-09-09T12:46:17.417,1788938177.4179,7149,-1726,-22.13
2026-09-09T12:46:17.417,1788938177.4179,7150,1186,15.21
2026-09-09T12:46:17.433,1788938177.4336,7151,-1726,-22.13
2026-09-09T12:46:17.449,1788938177.4497,7152,1037,13.29
2026-09-09T12:46:17.449,1788938177.4497,7153,-1653,-21.19
2026-09-09T12:46:17.465,1788938177.4654,7154,937,12.01
2026-09-09T12:46:17.472,1788938177.4725,7155,-1568,-20.1
2026-09-09T12:46:17.481,1788938177.4811,7156,793,10.17
2026-09-09T12:46:17.481,1788938177.4811,7157,-1430,-18.33
2026-09-09T12:46:17.496,1788938177.4968,7158,1608,20.62
2026-09-09T12:46:17.512,1788938177.5128,7159,-1292,-16.56
2026-09-09T12:46:17.528,1788938177.5290,7160,1637,20.99
2026-09-09T12:46:17.528,1788938177.5290,7161,-1130,-14.49
2026-09-09T12:46:17.546,1788938177.5464,7162,1601,20.53
2026-09-09T12:46:17.546,1788938177.5464,7163,-973,-12.47
2026-09-09T12:46:17.562,1788938177.5623,7164,1553,19.91
2026-09-09T12:46:17.571,1788938177.5718,7165,-832,-10.67
2026-09-09T12:46:17.576,1788938177.5765,7166,1423,18.24
2026-09-09T12:46:17.592,1788938177.5921,7167,-668,-8.56
2026-09-09T12:46:17.592,1788938177.5921,7168,1306,16.74
2026-09-09T12:46:17.608,1788938177.6080,7169,-1683,-21.58
2026-09-09T12:46:17.624,1788938177.6241,7170,1200,15.38
2026-09-09T12:46:17.624,1788938177.6241,7171,-1651,-21.17
2026-09-09T12:46:17.646,1788938177.6465,7172,1019,13.06
2026-09-09T12:46:17.655,1788938177.6558,7173,-1594,-20.44
2026-09-09T12:46:17.655,1788938177.6558,7174,895,11.47
2026-09-09T12:46:17.673,1788938177.6739,7175,-1477,-18.94
2026-09-09T12:46:17.681,1788938177.6815,7176,746,9.56
2026-09-09T12:46:17.687,1788938177.6878,7177,-1368,-17.54
2026-09-09T12:46:17.703,1788938177.7040,7178,1629,20.88
2026-09-09T12:46:17.721,1788938177.7219,7179,-1202,-15.41
2026-09-09T12:46:17.721,1788938177.7219,7180,1621,20.78
2026-09-09T12:46:17.736,1788938177.7361,7181,-1065,-13.65
2026-09-09T12:46:17.746,1788938177.7466,7182,1589,20.37
2026-09-09T12:46:17.751,1788938177.7516,7183,-912,-11.69
2026-09-09T12:46:17.767,1788938177.7676,7184,1496,19.18
2026-09-09T12:46:17.767,1788938177.7676,7185,-756,-9.69
2026-09-09T12:46:17.783,1788938177.7836,7186,1387,17.78
2026-09-09T12:46:17.783,1788938177.7836,7187,-632,-8.1
2026-09-09T12:46:17.799,1788938177.7996,7188,1261,16.17
2026-09-09T12:46:17.815,1788938177.8154,7189,-1663,-21.32
2026-09-09T12:46:17.822,1788938177.8225,7190,1120,14.36
2026-09-09T12:46:17.833,1788938177.8331,7191,-1631,-20.91
2026-09-09T12:46:17.833,1788938177.8331,7192,995,12.76
2026-09-09T12:46:17.846,1788938177.8466,7193,-1546,-19.82
2026-09-09T12:46:17.862,1788938177.8624,7194,830,10.64
2026-09-09T12:46:17.878,1788938177.8785,7195,-1437,-18.42
2026-09-09T12:46:17.882,1788938177.8826,7196,730,9.36
2026-09-09T12:46:17.894,1788938177.8943,7197,-1280,-16.41
2026-09-09T12:46:17.894,1788938177.8943,7198,1620,20.77
2026-09-09T12:46:17.910,1788938177.9106,7199,-1131,-14.5
2026-09-09T12:46:17.926,1788938177.9264,7200,1608,20.62
2026-09-09T12:46:17.938,1788938177.9385,7201,-966,-12.38
2026-09-09T12:46:17.944,1788938177.9441,7202,1572,20.15
2026-09-09T12:46:17.958,1788938177.9580,7203,-821,-10.53
2026-09-09T12:46:17.962,1788938177.9629,7204,1478,18.95
2026-09-09T12:46:17.974,1788938177.9741,7205,-678,-8.69
2026-09-09T12:46:17.990,1788938177.9901,7206,1360,17.44
2026-09-09T12:46:17.990,1788938177.9901,7207,-511,-6.55
2026-09-09T12:46:17.990,1788938177.9901,7208,1226,15.72
2026-09-09T12:46:18.006,1788938178.0060,7209,-1574,-20.18
2026-09-09T12:46:18.021,1788938178.0218,7210,1127,14.45
2026-09-09T12:46:18.021,1788938178.0218,7211,-1504,-19.28
2026-09-09T12:46:18.048,1788938178.0480,7212,1036,13.28
2026-09-09T12:46:18.053,1788938178.0536,7213,-1357,-17.4
2026-09-09T12:46:18.053,1788938178.0536,7214,858,11.0
2026-09-09T12:46:18.069,1788938178.0695,7215,-1286,-16.49
2026-09-09T12:46:18.084,1788938178.0848,7216,676,8.67
2026-09-09T12:46:18.084,1788938178.0848,7217,-1193,-15.29
2026-09-09T12:46:18.102,1788938178.1030,7218,1618,20.74
2026-09-09T12:46:18.102,1788938178.1030,7219,-1037,-13.29
2026-09-09T12:46:18.116,1788938178.1170,7220,1582,20.28
2026-09-09T12:46:18.133,1788938178.1331,7221,-900,-11.54
2026-09-09T12:46:18.133,1788938178.1331,7222,1513,19.4
2026-09-09T12:46:18.149,1788938178.1491,7223,-760,-9.74
2026-09-09T12:46:18.165,1788938178.1652,7224,1415,18.14
2026-09-09T12:46:18.173,1788938178.1733,7225,-636,-8.15
2026-09-09T12:46:18.183,1788938178.1831,7226,1289,16.53
2026-09-09T12:46:18.194,1788938178.1940,7227,-485,-6.22
2026-09-09T12:46:18.205,1788938178.2052,7228,1151,14.76
2026-09-09T12:46:18.213,1788938178.2131,7229,-1572,-20.15
2026-09-09T12:46:18.228,1788938178.2289,7230,1058,13.56
2026-09-09T12:46:18.228,1788938178.2289,7231,-1488,-19.08
2026-09-09T12:46:18.245,1788938178.2450,7232,936,12.0
2026-09-09T12:46:18.252,1788938178.2524,7233,-1369,-17.55
2026-09-09T12:46:18.261,1788938178.2611,7234,794,10.18
2026-09-09T12:46:18.276,1788938178.2770,7235,-1244,-15.95
2026-09-09T12:46:18.279,1788938178.2793,7236,665,8.53
2026-09-09T12:46:18.292,1788938178.2929,7237,-1104,-14.15
2026-09-09T12:46:18.292,1788938178.2929,7238,1659,21.27
2026-09-09T12:46:18.308,1788938178.3086,7239,-956,-12.26
2026-09-09T12:46:18.324,1788938178.3246,7240,1621,20.78
2026-09-09T12:46:18.324,1788938178.3246,7241,-813,-10.42
2026-09-09T12:46:18.340,1788938178.3406,7242,1559,19.99
2026-09-09T12:46:18.348,1788938178.3487,7243,-674,-8.64
2026-09-09T12:46:18.356,1788938178.3564,7244,1409,18.06
2026-09-09T12:46:18.372,1788938178.3721,7245,-547,-7.01
2026-09-09T12:46:18.372,1788938178.3721,7246,1290,16.54
2026-09-09T12:46:18.387,1788938178.3880,7247,-1618,-20.74
2026-09-09T12:46:18.403,1788938178.4037,7248,1140,14.62
2026-09-09T12:46:18.407,1788938178.4079,7249,-1571,-20.14
2026-09-09T12:46:18.419,1788938178.4196,7250,1002,12.85
2026-09-09T12:46:18.435,1788938178.4355,7251,-1495,-19.17
2026-09-09T12:46:18.435,1788938178.4355,7252,877,11.24
2026-09-09T12:46:18.451,1788938178.4516,7253,-1367,-17.53
2026-09-09T12:46:18.467,1788938178.4676,7254,756,9.69
2026-09-09T12:46:18.473,1788938178.4733,7255,-1195,-15.32
2026-09-09T12:46:18.483,1788938178.4837,7256,655,8.4
2026-09-09T12:46:18.499,1788938178.4996,7257,-1031,-13.22
2026-09-09T12:46:18.499,1788938178.4996,7258,1692,21.69
2026-09-09T12:46:18.515,1788938178.5154,7259,-871,-11.17
2026-09-09T12:46:18.522,1788938178.5220,7260,1677,21.5
2026-09-09T12:46:18.531,1788938178.5313,7261,-697,-8.94
2026-09-09T12:46:18.549,1788938178.5491,7262,1594,20.44
2026-09-09T12:46:18.553,1788938178.5533,7263,-560,-7.18
2026-09-09T12:46:18.564,1788938178.5643,7264,1473,18.88
2026-09-09T12:46:18.564,1788938178.5643,7265,-415,-5.32
2026-09-09T12:46:18.578,1788938178.5786,7266,1345,17.24
2026-09-09T12:46:18.594,1788938178.5943,7267,-1480,-18.97
2026-09-09T12:46:18.610,1788938178.6102,7268,1276,16.36
2026-09-09T12:46:18.610,1788938178.6102,7269,-1336,-17.13
2026-09-09T12:46:18.625,1788938178.6259,7270,1230,15.77
2026-09-09T12:46:18.625,1788938178.6259,7271,-1200,-15.38
2026-09-09T12:46:18.644,1788938178.6440,7272,1180,15.13
2026-09-09T12:46:18.649,1788938178.6491,7273,-978,-12.54
2026-09-09T12:46:18.658,1788938178.6580,7274,1164,14.92
2026-09-09T12:46:18.674,1788938178.6741,7275,-686,-8.79
2026-09-09T12:46:18.684,1788938178.6841,7276,1233,15.81
2026-09-09T12:46:18.698,1788938178.6980,7277,-305,-3.91
2026-09-09T12:46:18.705,1788938178.7060,7278,2383,30.55
2026-09-09T12:46:18.705,1788938178.7060,7279,-227,-2.91
2026-09-09T12:46:18.723,1788938178.7232,7280,2180,27.95
2026-09-09T12:46:18.723,1788938178.7232,7281,-220,-2.82
2026-09-09T12:46:18.737,1788938178.7377,7282,1943,24.91
2026-09-09T12:46:18.753,1788938178.7536,7283,-230,-2.95
2026-09-09T12:46:18.753,1788938178.7536,7284,1684,21.59
2026-09-09T12:46:18.769,1788938178.7695,7285,-202,-2.59
2026-09-09T12:46:18.769,1788938178.7695,7286,1436,18.41
2026-09-09T12:46:18.785,1788938178.7852,7287,-1409,-18.06
2026-09-09T12:46:18.800,1788938178.8009,7288,1218,15.62
2026-09-09T12:46:18.816,1788938178.8166,7289,-1445,-18.53
2026-09-09T12:46:18.816,1788938178.8166,7290,1034,13.26
2026-09-09T12:46:18.832,1788938178.8327,7291,-1402,-17.97
2026-09-09T12:46:18.832,1788938178.8327,7292,792,10.15
2026-09-09T12:46:18.849,1788938178.8492,7293,-1382,-17.72
2026-09-09T12:46:18.864,1788938178.8645,7294,422,5.41
2026-09-09T12:46:18.864,1788938178.8645,7295,-1478,-18.95
2026-09-09T12:46:18.880,1788938178.8805,7296,115,1.47
2026-09-09T12:46:18.896,1788938178.8964,7297,-1382,-17.72
2026-09-09T12:46:18.896,1788938178.8964,7298,1291,16.55
2026-09-09T12:46:18.912,1788938178.9124,7299,-1211,-15.53
2026-09-09T12:46:18.912,1788938178.9124,7300,1236,15.85
2026-09-09T12:46:18.928,1788938178.9281,7301,-1017,-13.04
2026-09-09T12:46:18.944,1788938178.9441,7302,1139,14.6
2026-09-09T12:46:18.949,1788938178.9493,7303,-840,-10.77
2026-09-09T12:46:18.963,1788938178.9639,7304,1062,13.62
2026-09-09T12:46:18.963,1788938178.9639,7305,-633,-8.12
2026-09-09T12:46:18.991,1788938178.9917,7306,932,11.95
2026-09-09T12:46:18.991,1788938178.9917,7307,-1817,-23.29
2026-09-09T12:46:19.007,1788938179.0074,7308,823,10.55
2026-09-09T12:46:19.013,1788938179.0134,7309,-1713,-21.96
2026-09-09T12:46:19.023,1788938179.0231,7310,717,9.19
2026-09-09T12:46:19.023,1788938179.0231,7311,-1573,-20.17
2026-09-09T12:46:19.046,1788938179.0467,7312,600,7.69
2026-09-09T12:46:19.054,1788938179.0545,7313,-1409,-18.06
2026-09-09T12:46:19.054,1788938179.0545,7314,467,5.99
2026-09-09T12:46:19.070,1788938179.0708,7315,-1273,-16.32
2026-09-09T12:46:19.086,1788938179.0869,7316,325,4.17
2026-09-09T12:46:19.086,1788938179.0869,7317,-1145,-14.68
2026-09-09T12:46:19.103,1788938179.1030,7318,1425,18.27
2026-09-09T12:46:19.103,1788938179.1030,7319,-990,-12.69
2026-09-09T12:46:19.122,1788938179.1229,7320,1342,17.21
2026-09-09T12:46:19.134,1788938179.1348,7321,-800,-10.26
2026-09-09T12:46:19.134,1788938179.1348,7322,1267,16.24
2026-09-09T12:46:19.149,1788938179.1500,7323,-611,-7.83
2026-09-09T12:46:19.166,1788938179.1661,7324,1198,15.36
2026-09-09T12:46:19.166,1788938179.1661,7325,-427,-5.47
2026-09-09T12:46:19.182,1788938179.1821,7326,1144,14.67
2026-09-09T12:46:19.182,1788938179.1821,7327,-1526,-19.56
2026-09-09T12:46:19.198,1788938179.1981,7328,1078,13.82
2026-09-09T12:46:19.213,1788938179.2139,7329,-1400,-17.95
2026-09-09T12:46:19.213,1788938179.2139,7330,975,12.5
2026-09-09T12:46:19.230,1788938179.2300,7331,-1225,-15.71
2026-09-09T12:46:19.245,1788938179.2459,7332,875,11.22
2026-09-09T12:46:19.251,1788938179.2518,7333,-1044,-13.38
2026-09-09T12:46:19.261,1788938179.2617,7334,776,9.95
2026-09-09T12:46:19.261,1788938179.2617,7335,-887,-11.37
2026-09-09T12:46:19.280,1788938179.2805,7336,1886,24.18
2026-09-09T12:46:19.293,1788938179.2932,7337,-714,-9.15
2026-09-09T12:46:19.293,1788938179.2932,7338,1809,23.19
2026-09-09T12:46:19.309,1788938179.3093,7339,-563,-7.22
2026-09-09T12:46:19.325,1788938179.3250,7340,1670,21.41
2026-09-09T12:46:19.325,1788938179.3250,7341,-472,-6.05
2026-09-09T12:46:19.341,1788938179.3411,7342,1516,19.44
2026-09-09T12:46:19.356,1788938179.3569,7343,-344,-4.41
2026-09-09T12:46:19.356,1788938179.3569,7344,1351,17.32
2026-09-09T12:46:19.373,1788938179.3731,7345,-212,-2.72
2026-09-09T12:46:19.388,1788938179.3887,7346,1183,15.17
2026-09-09T12:46:19.393,1788938179.3937,7347,-1476,-18.92
2026-09-09T12:46:19.404,1788938179.4046,7348,1047,13.42
2026-09-09T12:46:19.404,1788938179.4046,7349,-1381,-17.71
2026-09-09T12:46:19.420,1788938179.4203,7350,857,10.99
2026-09-09T12:46:19.436,1788938179.4361,7351,-1278,-16.38
2026-09-09T12:46:19.436,1788938179.4361,7352,720,9.23
2026-09-09T12:46:19.452,1788938179.4521,7353,-1165,-14.94
2026-09-09T12:46:19.452,1788938179.4521,7354,507,6.5
2026-09-09T12:46:19.467,1788938179.4678,7355,-1049,-13.45
2026-09-09T12:46:19.483,1788938179.4836,7356,1593,20.42
2026-09-09T12:46:19.483,1788938179.4836,7357,-956,-12.26
2026-09-09T12:46:19.499,1788938179.4992,7358,1465,18.78
2026-09-09T12:46:19.515,1788938179.5153,7359,-862,-11.05
2026-09-09T12:46:19.515,1788938179.5153,7360,1293,16.58
2026-09-09T12:46:19.531,1788938179.5318,7361,-757,-9.71
2026-09-09T12:46:19.531,1788938179.5318,7362,1130,14.49
2026-09-09T12:46:19.552,1788938179.5529,7363,-638,-8.18
2026-09-09T12:46:19.564,1788938179.5648,7364,967,12.4
2026-09-09T12:46:19.565,1788938179.5653,7365,-511,-6.55
2026-09-09T12:46:19.579,1788938179.5795,7366,789,10.12
2026-09-09T12:46:19.595,1788938179.5956,7367,-1774,-22.74
2026-09-09T12:46:19.603,1788938179.6037,7368,677,8.68
2026-09-09T12:46:19.611,1788938179.6119,7369,-1641,-21.04
2026-09-09T12:46:19.627,1788938179.6276,7370,517,6.63
2026-09-09T12:46:19.627,1788938179.6276,7371,-1500,-19.23
2026-09-09T12:46:19.647,1788938179.6475,7372,381,4.88
2026-09-09T12:46:19.653,1788938179.6530,7373,-1354,-17.36
2026-09-09T12:46:19.659,1788938179.6593,7374,261,3.35
2026-09-09T12:46:19.675,1788938179.6755,7375,-1237,-15.86
2026-09-09T12:46:19.675,1788938179.6755,7376,1338,17.15
2026-09-09T12:46:19.691,1788938179.6913,7377,-1104,-14.15
2026-09-09T12:46:19.691,1788938179.6913,7378,1250,16.03
2026-09-09T12:46:19.707,1788938179.7070,7379,-951,-12.19
2026-09-09T12:46:19.724,1788938179.7243,7380,1132,14.51
2026-09-09T12:46:19.733,1788938179.7331,7381,-792,-10.15
2026-09-09T12:46:19.738,1788938179.7387,7382,1007,12.91
2026-09-09T12:46:19.754,1788938179.7544,7383,-620,-7.95
2026-09-09T12:46:19.770,1788938179.7701,7384,917,11.76
2026-09-09T12:46:19.770,1788938179.7701,7385,-409,-5.24
2026-09-09T12:46:19.785,1788938179.7859,7386,859,11.01
2026-09-09T12:46:19.785,1788938179.7859,7387,-1549,-19.86
2026-09-09T12:46:19.801,1788938179.8018,7388,903,11.58
2026-09-09T12:46:19.801,1788938179.8018,7389,-1212,-15.54
2026-09-09T12:46:19.826,1788938179.8261,7390,1012,12.97
2026-09-09T12:46:19.833,1788938179.8333,7391,-872,-11.18
2026-09-09T12:46:19.842,1788938179.8420,7392,1037,13.29
2026-09-09T12:46:19.853,1788938179.8535,7393,-575,-7.37
2026-09-09T12:46:19.864,1788938179.8649,7394,919,11.78
2026-09-09T12:46:19.864,1788938179.8649,7395,-501,-6.42
2026-09-09T12:46:19.880,1788938179.8809,7396,1965,25.19
2026-09-09T12:46:19.880,1788938179.8809,7397,-433,-5.55
2026-09-09T12:46:19.896,1788938179.8970,7398,1775,22.76
2026-09-09T12:46:19.912,1788938179.9127,7399,-400,-5.13
2026-09-09T12:46:19.928,1788938179.9284,7400,1576,20.21
2026-09-09T12:46:19.932,1788938179.9325,7401,-325,-4.17
2026-09-09T12:46:19.944,1788938179.9445,7402,1358,17.41
2026-09-09T12:46:19.960,1788938179.9602,7403,-249,-3.19
2026-09-09T12:46:19.960,1788938179.9602,7404,1146,14.69
2026-09-09T12:46:19.975,1788938179.9759,7405,-155,-1.99
2026-09-09T12:46:19.983,1788938179.9839,7406,967,12.4
2026-09-09T12:46:19.991,1788938179.9918,7407,-1437,-18.42
2026-09-09T12:46:19.991,1788938179.9918,7408,778,9.97
2026-09-09T12:46:20.007,1788938180.0076,7409,-1332,-17.08
2026-09-09T12:46:20.023,1788938180.0237,7410,622,7.97
2026-09-09T12:46:20.039,1788938180.0396,7411,-1218,-15.62
2026-09-09T12:46:20.039,1788938180.0396,7412,471,6.04
2026-09-09T12:46:20.055,1788938180.0557,7413,-1073,-13.76
2026-09-09T12:46:20.055,1788938180.0557,7414,343,4.4
2026-09-09T12:46:20.071,1788938180.0716,7415,-952,-12.21
2026-09-09T12:46:20.087,1788938180.0874,7416,1481,18.99
2026-09-09T12:46:20.087,1788938180.0874,7417,-843,-10.81
2026-09-09T12:46:20.103,1788938180.1031,7418,1289,16.53
2026-09-09T12:46:20.103,1788938180.1031,7419,-769,-9.86
2026-09-09T12:46:20.119,1788938180.1192,7420,1102,14.13
2026-09-09T12:46:20.134,1788938180.1348,7421,-690,-8.85
2026-09-09T12:46:20.142,1788938180.1429,7422,848,10.87
2026-09-09T12:46:20.154,1788938180.1542,7423,-597,-7.65
2026-09-09T12:46:20.166,1788938180.1667,7424,672,8.62
2026-09-09T12:46:20.166,1788938180.1667,7425,-491,-6.29
2026-09-09T12:46:20.182,1788938180.1827,7426,550,7.05
2026-09-09T12:46:20.182,1788938180.1827,7427,-1747,-22.4
2026-09-09T12:46:20.198,1788938180.1986,7428,420,5.38
2026-09-09T12:46:20.214,1788938180.2148,7429,-1600,-20.51
2026-09-09T12:46:20.214,1788938180.2148,7430,266,3.41
2026-09-09T12:46:20.230,1788938180.2307,7431,-1444,-18.51
2026-09-09T12:46:20.254,1788938180.2541,7432,100,1.28
2026-09-09T12:46:20.254,1788938180.2541,7433,-1357,-17.4
2026-09-09T12:46:20.262,1788938180.2622,7434,-58,-0.74
2026-09-09T12:46:20.279,1788938180.2797,7435,-1138,-14.59
2026-09-09T12:46:20.280,1788938180.2802,7436,1244,15.95
2026-09-09T12:46:20.293,1788938180.2940,7437,-933,-11.96
2026-09-09T12:46:20.293,1788938180.2940,7438,1115,14.29
2026-09-09T12:46:20.310,1788938180.3101,7439,-824,-10.56
2026-09-09T12:46:20.325,1788938180.3259,7440,938,12.03
2026-09-09T12:46:20.325,1788938180.3259,7441,-679,-8.71
2026-09-09T12:46:20.341,1788938180.3420,7442,802,10.28
2026-09-09T12:46:20.354,1788938180.3541,7443,-514,-6.59
2026-09-09T12:46:20.357,1788938180.3576,7444,679,8.71
2026-09-09T12:46:20.375,1788938180.3754,7445,-333,-4.27
2026-09-09T12:46:20.375,1788938180.3754,7446,551,7.06
2026-09-09T12:46:20.389,1788938180.3895,7447,-1641,-21.04
2026-09-09T12:46:20.405,1788938180.4053,7448,444,5.69
2026-09-09T12:46:20.412,1788938180.4122,7449,-1448,-18.56
2026-09-09T12:46:20.421,1788938180.4212,7450,348,4.46
2026-09-09T12:46:20.421,1788938180.4212,7451,-1283,-16.45
2026-09-09T12:46:20.437,1788938180.4372,7452,191,2.45
2026-09-09T12:46:20.454,1788938180.4545,7453,-1094,-14.03
2026-09-09T12:46:20.468,1788938180.4687,7454,70,0.9
2026-09-09T12:46:20.472,1788938180.4727,7455,-963,-12.35
2026-09-09T12:46:20.484,1788938180.4844,7456,1273,16.32
2026-09-09T12:46:20.484,1788938180.4844,7457,-828,-10.62
2026-09-09T12:46:20.500,1788938180.5006,7458,1123,14.4
2026-09-09T12:46:20.516,1788938180.5162,7459,-692,-8.87
2026-09-09T12:46:20.516,1788938180.5162,7460,973,12.47
2026-09-09T12:46:20.532,1788938180.5322,7461,-557,-7.14
2026-09-09T12:46:20.548,1788938180.5483,7462,820,10.51
2026-09-09T12:46:20.554,1788938180.5545,7463,-357,-4.58
2026-09-09T12:46:20.572,1788938180.5723,7464,735,9.42
2026-09-09T12:46:20.572,1788938180.5723,7465,-1651,-21.17
2026-09-09T12:46:20.580,1788938180.5802,7466,586,7.51
2026-09-09T12:46:20.596,1788938180.5960,7467,-1519,-19.47
2026-09-09T12:46:20.596,1788938180.5960,7468,454,5.82
2026-09-09T12:46:20.612,1788938180.6120,7469,-1302,-16.69
2026-09-09T12:46:20.612,1788938180.6120,7470,440,5.64
2026-09-09T12:46:20.627,1788938180.6279,7471,-1024,-13.13
2026-09-09T12:46:20.643,1788938180.6438,7472,383,4.91
2026-09-09T12:46:20.654,1788938180.6547,7473,-804,-10.31
2026-09-09T12:46:20.659,1788938180.6600,7474,257,3.29
2026-09-09T12:46:20.675,1788938180.6757,7475,-666,-8.54
2026-09-09T12:46:20.683,1788938180.6838,7476,1488,19.08
2026-09-09T12:46:20.693,1788938180.6934,7477,-456,-5.85
2026-09-09T12:46:20.707,1788938180.7071,7478,1388,17.79
2026-09-09T12:46:20.715,1788938180.7151,7479,-303,-3.88
2026-09-09T12:46:20.724,1788938180.7246,7480,1232,15.79
2026-09-09T12:46:20.738,1788938180.7387,7481,-182,-2.33
2026-09-09T12:46:20.738,1788938180.7387,7482,1029,13.19
2026-09-09T12:46:20.754,1788938180.7548,7483,-114,-1.46
2026-09-09T12:46:20.754,1788938180.7548,7484,872,11.18
2026-09-09T12:46:20.770,1788938180.7706,7485,-1384,-17.74
2026-09-09T12:46:20.781,1788938180.7814,7486,811,10.4
2026-09-09T12:46:20.786,1788938180.7867,7487,-1124,-14.41
2026-09-09T12:46:20.802,1788938180.8027,7488,891,11.42
2026-09-09T12:46:20.802,1788938180.8027,7489,-696,-8.92
2026-09-09T12:46:20.818,1788938180.8186,7490,955,12.24
2026-09-09T12:46:20.834,1788938180.8346,7491,-461,-5.91
2026-09-09T12:46:20.850,1788938180.8507,7492,717,9.19
2026-09-09T12:46:20.855,1788938180.8560,7493,-377,-4.83
2026-09-09T12:46:20.866,1788938180.8667,7494,507,6.5
2026-09-09T12:46:20.866,1788938180.8667,7495,-298,-3.82
2026-09-09T12:46:20.882,1788938180.8824,7496,1717,22.01
2026-09-09T12:46:20.882,1788938180.8824,7497,-181,-2.32
2026-09-09T12:46:20.898,1788938180.8984,7498,1524,19.54
2026-09-09T12:46:20.916,1788938180.9161,7499,-88,-1.13
2026-09-09T12:46:20.916,1788938180.9161,7500,1409,18.06
2026-09-09T12:46:20.930,1788938180.9307,7501,125,1.6
2026-09-09T12:46:20.946,1788938180.9467,7502,1345,17.24
2026-09-09T12:46:20.956,1788938180.9563,7503,370,4.74
2026-09-09T12:46:20.962,1788938180.9624,7504,1220,15.64
2026-09-09T12:46:20.962,1788938180.9624,7505,-973,-12.47
2026-09-09T12:46:20.978,1788938180.9782,7506,988,12.67
2026-09-09T12:46:20.994,1788938180.9942,7507,-939,-12.04
2026-09-09T12:46:21.007,1788938181.0075,7508,739,9.47
2026-09-09T12:46:21.012,1788938181.0121,7509,-883,-11.32
2026-09-09T12:46:21.012,1788938181.0121,7510,523,6.71
2026-09-09T12:46:21.032,1788938181.0323,7511,-773,-9.91
2026-09-09T12:46:21.041,1788938181.0417,7512,327,4.19
2026-09-09T12:46:21.057,1788938181.0576,7513,-652,-8.36
2026-09-09T12:46:21.057,1788938181.0576,7514,132,1.69
2026-09-09T12:46:21.073,1788938181.0737,7515,-530,-6.79
2026-09-09T12:46:21.073,1788938181.0737,7516,1382,17.72
2026-09-09T12:46:21.089,1788938181.0898,7517,-396,-5.08
2026-09-09T12:46:21.105,1788938181.1056,7518,1239,15.88
2026-09-09T12:46:21.105,1788938181.1056,7519,-266,-3.41
2026-09-09T12:46:21.128,1788938181.1281,7520,1101,14.12
2026-09-09T12:46:21.137,1788938181.1374,7521,-111,-1.42
2026-09-09T12:46:21.137,1788938181.1374,7522,939,12.04
2026-09-09T12:46:21.158,1788938181.1587,7523,69,0.88
2026-09-09T12:46:21.158,1788938181.1587,7524,801,10.27
2026-09-09T12:46:21.169,1788938181.1690,7525,-1241,-15.91
2026-09-09T12:46:21.185,1788938181.1850,7526,672,8.62
2026-09-09T12:46:21.193,1788938181.1934,7527,-1089,-13.96
2026-09-09T12:46:21.201,1788938181.2010,7528,531,6.81
2026-09-09T12:46:21.201,1788938181.2010,7529,-941,-12.06
2026-09-09T12:46:21.228,1788938181.2280,7530,357,4.58
2026-09-09T12:46:21.232,1788938181.2329,7531,-806,-10.33
2026-09-09T12:46:21.248,1788938181.2486,7532,179,2.29
2026-09-09T12:46:21.256,1788938181.2565,7533,-691,-8.86
2026-09-09T12:46:21.264,1788938181.2647,7534,-34,-0.44
2026-09-09T12:46:21.264,1788938181.2647,7535,-551,-7.06
2026-09-09T12:46:21.283,1788938181.2834,7536,1261,16.17
2026-09-09T12:46:21.296,1788938181.2966,7537,-416,-5.33
2026-09-09T12:46:21.296,1788938181.2966,7538,1108,14.21
2026-09-09T12:46:21.312,1788938181.3127,7539,-264,-3.38
2026-09-09T12:46:21.328,1788938181.3285,7540,970,12.44
2026-09-09T12:46:21.328,1788938181.3285,7541,-112,-1.44
2026-09-09T12:46:21.344,1788938181.3446,7542,830,10.64
2026-09-09T12:46:21.356,1788938181.3565,7543,81,1.04
2026-09-09T12:46:21.360,1788938181.3604,7544,702,9.0
2026-09-09T12:46:21.376,1788938181.3761,7545,-1256,-16.1
2026-09-09T12:46:21.382,1788938181.3821,7546,557,7.14
2026-09-09T12:46:21.392,1788938181.3923,7547,-1095,-14.04
2026-09-09T12:46:21.392,1788938181.3923,7548,441,5.65
2026-09-09T12:46:21.408,1788938181.4084,7549,-946,-12.13
2026-09-09T12:46:21.424,1788938181.4244,7550,268,3.44
2026-09-09T12:46:21.424,1788938181.4244,7551,-754,-9.67
2026-09-09T12:46:21.440,1788938181.4402,7552,67,0.86
2026-09-09T12:46:21.455,1788938181.4559,7553,-643,-8.24
2026-09-09T12:46:21.463,1788938181.4630,7554,-103,-1.32
2026-09-09T12:46:21.471,1788938181.4720,7555,-500,-6.41
2026-09-09T12:46:21.487,1788938181.4877,7556,1169,14.99
2026-09-09T12:46:21.487,1788938181.4877,7557,-376,-4.82
2026-09-09T12:46:21.503,1788938181.5037,7558,1063,13.63
2026-09-09T12:46:21.503,1788938181.5037,7559,-216,-2.77
2026-09-09T12:46:21.519,1788938181.5198,7560,903,11.58
2026-09-09T12:46:21.535,1788938181.5358,7561,-43,-0.55
2026-09-09T12:46:21.535,1788938181.5358,7562,782,10.03
2026-09-09T12:46:21.557,1788938181.5572,7563,134,1.72
2026-09-09T12:46:21.559,1788938181.5592,7564,638,8.18
2026-09-09T12:46:21.568,1788938181.5684,7565,-1226,-15.72
2026-09-09T12:46:21.583,1788938181.5839,7566,458,5.87
2026-09-09T12:46:21.583,1788938181.5839,7567,-1101,-14.12
2026-09-09T12:46:21.599,1788938181.6000,7568,291,3.73
2026-09-09T12:46:21.615,1788938181.6160,7569,-967,-12.4
2026-09-09T12:46:21.615,1788938181.6160,7570,116,1.49
2026-09-09T12:46:21.631,1788938181.6317,7571,-802,-10.28
2026-09-09T12:46:21.631,1788938181.6317,7572,-60,-0.77
2026-09-09T12:46:21.655,1788938181.6557,7573,-673,-8.63
2026-09-09T12:46:21.667,1788938181.6675,7574,1208,15.49
2026-09-09T12:46:21.672,1788938181.6726,7575,-532,-6.82
2026-09-09T12:46:21.672,1788938181.6726,7576,1072,13.74
2026-09-09T12:46:21.688,1788938181.6884,7577,-355,-4.55
2026-09-09T12:46:21.704,1788938181.7042,7578,928,11.9
2026-09-09T12:46:21.722,1788938181.7221,7579,-257,-3.29
2026-09-09T12:46:21.723,1788938181.7238,7580,774,9.92
2026-09-09T12:46:21.737,1788938181.7378,7581,-95,-1.22
2026-09-09T12:46:21.737,1788938181.7378,7582,612,7.85
2026-09-09T12:46:21.757,1788938181.7572,7583,44,0.56
2026-09-09T12:46:21.768,1788938181.7689,7584,426,5.46
2026-09-09T12:46:21.769,1788938181.7699,7585,-1321,-16.94
2026-09-09T12:46:21.783,1788938181.7836,7586,274,3.51
2026-09-09T12:46:21.801,1788938181.8018,7587,-1145,-14.68
2026-09-09T12:46:21.801,1788938181.8018,7588,168,2.15
2026-09-09T12:46:21.815,1788938181.8156,7589,-938,-12.03
2026-09-09T12:46:21.815,1788938181.8156,7590,65,0.83
2026-09-09T12:46:21.831,1788938181.8314,7591,-732,-9.38
2026-09-09T12:46:21.831,1788938181.8314,7592,-99,-1.27
2026-09-09T12:46:21.851,1788938181.8515,7593,-572,-7.33
2026-09-09T12:46:21.863,1788938181.8634,7594,1185,15.19
2026-09-09T12:46:21.863,1788938181.8634,7595,-460,-5.9
2026-09-09T12:46:21.879,1788938181.8792,7596,1036,13.28
2026-09-09T12:46:21.901,1788938181.9019,7597,-287,-3.68
2026-09-09T12:46:21.901,1788938181.9019,7598,904,11.59
2026-09-09T12:46:21.911,1788938181.9111,7599,-157,-2.01
2026-09-09T12:46:21.926,1788938181.9269,7600,749,9.6
2026-09-09T12:46:21.926,1788938181.9269,7601,5,0.06
2026-09-09T12:46:21.942,1788938181.9427,7602,622,7.97
2026-09-09T12:46:21.957,1788938181.9577,7603,215,2.76
2026-09-09T12:46:21.958,1788938181.9588,7604,483,6.19
2026-09-09T12:46:21.974,1788938181.9747,7605,-1116,-14.31
2026-09-09T12:46:21.974,1788938181.9747,7606,384,4.92
2026-09-09T12:46:21.990,1788938181.9909,7607,-939,-12.04
2026-09-09T12:46:22.008,1788938182.0087,7608,243,3.12
2026-09-09T12:46:22.008,1788938182.0087,7609,-759,-9.73
2026-09-09T12:46:22.023,1788938182.0232,7610,122,1.56
2026-09-09T12:46:22.023,1788938182.0232,7611,-572,-7.33
2026-09-09T12:46:22.037,1788938182.0376,7612,-21,-0.27
2026-09-09T12:46:22.058,1788938182.0580,7613,-367,-4.71
2026-09-09T12:46:22.058,1788938182.0580,7614,1329,17.04
2026-09-09T12:46:22.069,1788938182.0697,7615,-142,-1.82
2026-09-09T12:46:22.083,1788938182.0832,7616,1276,16.36
2026-09-09T12:46:22.100,1788938182.1009,7617,74,0.95
2026-09-09T12:46:22.109,1788938182.1100,7618,1226,15.72
2026-09-09T12:46:22.116,1788938182.1167,7619,296,3.79
2026-09-09T12:46:22.116,1788938182.1167,7620,1083,13.88
2026-09-09T12:46:22.132,1788938182.1324,7621,451,5.78
2026-09-09T12:46:22.148,1788938182.1483,7622,937,12.01
2026-09-09T12:46:22.148,1788938182.1483,7623,622,7.97
2026-09-09T12:46:22.164,1788938182.1642,7624,736,9.44
2026-09-09T12:46:22.179,1788938182.1799,7625,-754,-9.67
2026-09-09T12:46:22.183,1788938182.1840,7626,563,7.22
2026-09-09T12:46:22.195,1788938182.1958,7627,-658,-8.44
2026-09-09T12:46:22.195,1788938182.1958,7628,405,5.19
2026-09-09T12:46:22.215,1788938182.2154,7629,-502,-6.44
2026-09-09T12:46:22.215,1788938182.2154,7630,252,3.23
2026-09-09T12:46:22.233,1788938182.2335,7631,-352,-4.51
2026-09-09T12:46:22.243,1788938182.2435,7632,33,0.42
2026-09-09T12:46:22.258,1788938182.2585,7633,-173,-2.22
2026-09-09T12:46:22.263,1788938182.2635,7634,1409,18.06
2026-09-09T12:46:22.275,1788938182.2754,7635,-3,-0.04
2026-09-09T12:46:22.283,1788938182.2834,7636,1302,16.69
2026-09-09T12:46:22.293,1788938182.2935,7637,156,2.0
2026-09-09T12:46:22.307,1788938182.3073,7638,1164,14.92
2026-09-09T12:46:22.307,1788938182.3073,7639,335,4.29
2026-09-09T12:46:22.323,1788938182.3231,7640,1062,13.62
2026-09-09T12:46:22.323,1788938182.3231,7641,569,7.29
2026-09-09T12:46:22.339,1788938182.3392,7642,935,11.99
2026-09-09T12:46:22.358,1788938182.3585,7643,767,9.83
2026-09-09T12:46:22.358,1788938182.3585,7644,764,9.79
2026-09-09T12:46:22.370,1788938182.3707,7645,-642,-8.23
2026-09-09T12:46:22.386,1788938182.3865,7646,637,8.17
2026-09-09T12:46:22.386,1788938182.3865,7647,-476,-6.1
2026-09-09T12:46:22.402,1788938182.4026,7648,477,6.12
2026-09-09T12:46:22.418,1788938182.4184,7649,-299,-3.83
2026-09-09T12:46:22.418,1788938182.4184,7650,285,3.65
2026-09-09T12:46:22.434,1788938182.4342,7651,-163,-2.09
2026-09-09T12:46:22.442,1788938182.4422,7652,64,0.82
2026-09-09T12:46:22.450,1788938182.4505,7653,-15,-0.19
2026-09-09T12:46:22.466,1788938182.4666,7654,1462,18.74
2026-09-09T12:46:22.473,1788938182.4732,7655,158,2.03
2026-09-09T12:46:22.482,1788938182.4822,7656,1326,17.0
2026-09-09T12:46:22.482,1788938182.4822,7657,319,4.09
2026-09-09T12:46:22.509,1788938182.5090,7658,1230,15.77
2026-09-09T12:46:22.514,1788938182.5140,7659,500,6.41
2026-09-09T12:46:22.514,1788938182.5140,7660,1094,14.03
2026-09-09T12:46:22.529,1788938182.5297,7661,704,9.03
2026-09-09T12:46:22.545,1788938182.5458,7662,942,12.08
2026-09-09T12:46:22.553,1788938182.5538,7663,941,12.06
2026-09-09T12:46:22.562,1788938182.5630,7664,770,9.87
2026-09-09T12:46:22.577,1788938182.5776,7665,-564,-7.23
2026-09-09T12:46:22.577,1788938182.5776,7666,598,7.67
2026-09-09T12:46:22.593,1788938182.5937,7667,-411,-5.27
2026-09-09T12:46:22.593,1788938182.5937,7668,354,4.54
2026-09-09T12:46:22.613,1788938182.6131,7669,-346,-4.44
2026-09-09T12:46:22.624,1788938182.6248,7670,63,0.81
2026-09-09T12:46:22.624,1788938182.6248,7671,-315,-4.04
2026-09-09T12:46:22.640,1788938182.6408,7672,-306,-3.92
2026-09-09T12:46:22.640,1788938182.6408,7673,-222,-2.85
2026-09-09T12:46:22.658,1788938182.6588,7674,1152,14.77
2026-09-09T12:46:22.672,1788938182.6725,7675,-76,-0.97
2026-09-09T12:46:22.672,1788938182.6725,7676,1017,13.04
2026-09-09T12:46:22.688,1788938182.6884,7677,98,1.26
2026-09-09T12:46:22.704,1788938182.7042,7678,851,10.91
2026-09-09T12:46:22.712,1788938182.7126,7679,213,2.73
2026-09-09T12:46:22.721,1788938182.7219,7680,698,8.95
2026-09-09T12:46:22.721,1788938182.7219,7681,437,5.6
2026-09-09T12:46:22.737,1788938182.7373,7682,536,6.87
2026-09-09T12:46:22.751,1788938182.7519,7683,-968,-12.41
2026-09-09T12:46:22.759,1788938182.7590,7684,355,4.55
2026-09-09T12:46:22.767,1788938182.7676,7685,-824,-10.56
2026-09-09T12:46:22.783,1788938182.7834,7686,173,2.22
2026-09-09T12:46:22.783,1788938182.7834,7687,-713,-9.14
2026-09-09T12:46:22.801,1788938182.8013,7688,-16,-0.21
2026-09-09T12:46:22.815,1788938182.8151,7689,-549,-7.04
2026-09-09T12:46:22.815,1788938182.8151,7690,-222,-2.85
2026-09-09T12:46:22.831,1788938182.8312,7691,-378,-4.85
2026-09-09T12:46:22.831,1788938182.8312,7692,-487,-6.24
2026-09-09T12:46:22.852,1788938182.8530,7693,-235,-3.01
2026-09-09T12:46:22.863,1788938182.8632,7694,1063,13.63
2026-09-09T12:46:22.863,1788938182.8632,7695,-40,-0.51
2026-09-09T12:46:22.891,1788938182.8917,7696,949,12.17
2026-09-09T12:46:22.895,1788938182.8954,7697,135,1.73
2026-09-09T12:46:22.895,1788938182.8954,7698,819,10.5
2026-09-09T12:46:22.911,1788938182.9113,7699,322,4.13
2026-09-09T12:46:22.911,1788938182.9113,7700,641,8.22
2026-09-09T12:46:22.933,1788938182.9333,7701,565,7.24
2026-09-09T12:46:22.944,1788938182.9446,7702,464,5.95
2026-09-09T12:46:22.944,1788938182.9446,7703,-939,-12.04
2026-09-09T12:46:22.963,1788938182.9636,7704,243,3.12
2026-09-09T12:46:22.973,1788938182.9736,7705,-831,-10.65
2026-09-09T12:46:22.985,1788938182.9855,7706,58,0.74
2026-09-09T12:46:22.991,1788938182.9912,7707,-723,-9.27
2026-09-09T12:46:23.007,1788938183.0070,7708,-190,-2.44
2026-09-09T12:46:23.011,1788938183.0118,7709,-618,-7.92
2026-09-09T12:46:23.022,1788938183.0228,7710,-445,-5.71
2026-09-09T12:46:23.034,1788938183.0341,7711,-508,-6.51
2026-09-09T12:46:23.038,1788938183.0389,7712,-815,-10.45
2026-09-09T12:46:23.054,1788938183.0546,7713,-413,-5.29
2026-09-09T12:46:23.062,1788938183.0627,7714,739,9.47
2026-09-09T12:46:23.070,1788938183.0704,7715,-292,-3.74
2026-09-09T12:46:23.086,1788938183.0863,7716,559,7.17
2026-09-09T12:46:23.092,1788938183.0922,7717,-131,-1.68
2026-09-09T12:46:23.102,1788938183.1028,7718,424,5.44
2026-09-09T12:46:23.102,1788938183.1028,7719,79,1.01
2026-09-09T12:46:23.118,1788938183.1185,7720,256,3.28
2026-09-09T12:46:23.138,1788938183.1381,7721,324,4.15
2026-09-09T12:46:23.143,1788938183.1433,7722,113,1.45
2026-09-09T12:46:23.150,1788938183.1504,7723,-1176,-15.08
2026-09-09T12:46:23.162,1788938183.1628,7724,-83,-1.06
2026-09-09T12:46:23.182,1788938183.1822,7725,-1030,-13.21
2026-09-09T12:46:23.182,1788938183.1822,7726,-238,-3.05
2026-09-09T12:46:23.182,1788938183.1822,7727,-893,-11.45
2026-09-09T12:46:23.198,1788938183.1980,7728,-478,-6.13
2026-09-09T12:46:23.213,1788938183.2138,7729,-760,-9.74
2026-09-09T12:46:23.213,1788938183.2138,7730,-749,-9.6
2026-09-09T12:46:23.230,1788938183.2300,7731,-619,-7.94
2026-09-09T12:46:23.245,1788938183.2459,7732,-1032,-13.23
2026-09-09T12:46:23.245,1788938183.2459,7733,-469,-6.01
2026-09-09T12:46:23.261,1788938183.2620,7734,572,7.33
2026-09-09T12:46:23.278,1788938183.2780,7735,-262,-3.36
2026-09-09T12:46:23.278,1788938183.2780,7736,477,6.12
2026-09-09T12:46:23.296,1788938183.2965,7737,-56,-0.72
2026-09-09T12:46:23.296,1788938183.2965,7738,390,5.0
2026-09-09T12:46:23.309,1788938183.3099,7739,221,2.83
2026-09-09T12:46:23.325,1788938183.3259,7740,250,3.21
2026-09-09T12:46:23.325,1788938183.3259,7741,457,5.86
2026-09-09T12:46:23.341,1788938183.3419,7742,66,0.85
2026-09-09T12:46:23.341,1788938183.3419,7743,-1111,-14.24
2026-09-09T12:46:23.363,1788938183.3631,7744,-134,-1.72
2026-09-09T12:46:23.381,1788938183.3811,7745,-982,-12.59
2026-09-09T12:46:23.383,1788938183.3831,7746,-338,-4.33
2026-09-09T12:46:23.393,1788938183.3934,7747,-861,-11.04
2026-09-09T12:46:23.405,1788938183.4050,7748,-577,-7.4
2026-09-09T12:46:23.413,1788938183.4134,7749,-699,-8.96
2026-09-09T12:46:23.420,1788938183.4208,7750,-841,-10.78
2026-09-09T12:46:23.436,1788938183.4364,7751,-574,-7.36
2026-09-09T12:46:23.444,1788938183.4444,7752,-1179,-15.12
2026-09-09T12:46:23.452,1788938183.4526,7753,-415,-5.32
2026-09-09T12:46:23.461,1788938183.4612,7754,525,6.73
2026-09-09T12:46:23.468,1788938183.4685,7755,-261,-3.35
2026-09-09T12:46:23.484,1788938183.4842,7756,379,4.86
2026-09-09T12:46:23.500,1788938183.5000,7757,-57,-0.73
2026-09-09T12:46:23.502,1788938183.5020,7758,221,2.83
2026-09-09T12:46:23.515,1788938183.5157,7759,217,2.78
2026-09-09T12:46:23.521,1788938183.5217,7760,119,1.53
2026-09-09T12:46:23.531,1788938183.5314,7761,503,6.45
2026-09-09T12:46:23.531,1788938183.5314,7762,-36,-0.46
2026-09-09T12:46:23.547,1788938183.5475,7763,-1076,-13.79
2026-09-09T12:46:23.564,1788938183.5646,7764,-207,-2.65
2026-09-09T12:46:23.582,1788938183.5821,7765,-907,-11.63
2026-09-09T12:46:23.582,1788938183.5821,7766,-395,-5.06
2026-09-09T12:46:23.599,1788938183.5999,7767,-790,-10.13
2026-09-09T12:46:23.599,1788938183.5999,7768,-663,-8.5
2026-09-09T12:46:23.611,1788938183.6110,7769,-617,-7.91
2026-09-09T12:46:23.627,1788938183.6270,7770,-930,-11.92
2026-09-09T12:46:23.631,1788938183.6315,7771,-463,-5.94
2026-09-09T12:46:23.642,1788938183.6429,7772,-1254,-16.08
2026-09-09T12:46:23.642,1788938183.6429,7773,-310,-3.97
2026-09-09T12:46:23.661,1788938183.6615,7774,530,6.79
2026-09-09T12:46:23.675,1788938183.6752,7775,-124,-1.59
2026-09-09T12:46:23.681,1788938183.6819,7776,391,5.01
2026-09-09T12:46:23.690,1788938183.6909,7777,118,1.51
2026-09-09T12:46:23.706,1788938183.7069,7778,275,3.53
2026-09-09T12:46:23.711,1788938183.7118,7779,375,4.81
2026-09-09T12:46:23.724,1788938183.7247,7780,155,1.99
2026-09-09T12:46:23.724,1788938183.7247,7781,691,8.86
2026-09-09T12:46:23.738,1788938183.7386,7782,-5,-0.06
2026-09-09T12:46:23.754,1788938183.7545,7783,-938,-12.03
2026-09-09T12:46:23.762,1788938183.7620,7784,-163,-2.09
2026-09-09T12:46:23.776,1788938183.7769,7785,-767,-9.83
2026-09-09T12:46:23.786,1788938183.7863,7786,-321,-4.12
2026-09-09T12:46:23.786,1788938183.7863,7787,-589,-7.55
2026-09-09T12:46:23.802,1788938183.8020,7788,-580,-7.44
2026-09-09T12:46:23.802,1788938183.8020,7789,-383,-4.91
2026-09-09T12:46:23.817,1788938183.8177,7790,-835,-10.71
2026-09-09T12:46:23.833,1788938183.8338,7791,-177,-2.27
2026-09-09T12:46:23.833,1788938183.8338,7792,837,10.73
2026-09-09T12:46:23.849,1788938183.8496,7793,-24,-0.31
2026-09-09T12:46:23.862,1788938183.8624,7794,674,8.64
2026-09-09T12:46:23.877,1788938183.8777,7795,154,1.97
2026-09-09T12:46:23.881,1788938183.8813,7796,531,6.81
2026-09-09T12:46:23.897,1788938183.8973,7797,400,5.13
2026-09-09T12:46:23.897,1788938183.8973,7798,416,5.33
2026-09-09T12:46:23.913,1788938183.9133,7799,705,9.04
2026-09-09T12:46:23.913,1788938183.9133,7800,235,3.01
2026-09-09T12:46:23.928,1788938183.9290,7801,969,12.42
2026-09-09T12:46:23.944,1788938183.9449,7802,83,1.06
2026-09-09T12:46:23.944,1788938183.9449,7803,-730,-9.36
2026-09-09T12:46:23.962,1788938183.9626,7804,-109,-1.4
2026-09-09T12:46:23.976,1788938183.9763,7805,-617,-7.91
2026-09-09T12:46:23.976,1788938183.9763,7806,-385,-4.94
2026-09-09T12:46:23.991,1788938183.9920,7807,-456,-5.85
2026-09-09T12:46:24.007,1788938184.0076,7808,-641,-8.22
2026-09-09T12:46:24.007,1788938184.0076,7809,-299,-3.83
2026-09-09T12:46:24.023,1788938184.0233,7810,-968,-12.41
2026-09-09T12:46:24.023,1788938184.0233,7811,-142,-1.82
2026-09-09T12:46:24.039,1788938184.0394,7812,788,10.1
2026-09-09T12:46:24.039,1788938184.0394,7813,36,0.46
2026-09-09T12:46:24.062,1788938184.0625,7814,657,8.42
2026-09-09T12:46:24.071,1788938184.0714,7815,217,2.78
2026-09-09T12:46:24.087,1788938184.0872,7816,502,6.44
2026-09-09T12:46:24.087,1788938184.0872,7817,495,6.35
2026-09-09T12:46:24.103,1788938184.1033,7818,359,4.6
2026-09-09T12:46:24.103,1788938184.1033,7819,768,9.85
2026-09-09T12:46:24.119,1788938184.1192,7820,163,2.09
2026-09-09T12:46:24.135,1788938184.1350,7821,1061,13.6
2026-09-09T12:46:24.135,1788938184.1350,7822,-17,-0.22
2026-09-09T12:46:24.151,1788938184.1513,7823,-713,-9.14
2026-09-09T12:46:24.167,1788938184.1671,7824,-221,-2.83
2026-09-09T12:46:24.173,1788938184.1735,7825,-584,-7.49
2026-09-09T12:46:24.183,1788938184.1830,7826,-504,-6.46
2026-09-09T12:46:24.183,1788938184.1830,7827,-447,-5.73
2026-09-09T12:46:24.198,1788938184.1988,7828,-819,-10.5
2026-09-09T12:46:24.214,1788938184.2145,7829,-305,-3.91
2026-09-09T12:46:24.214,1788938184.2145,7830,-1169,-14.99
2026-09-09T12:46:24.230,1788938184.2306,7831,-162,-2.08
2026-09-09T12:46:24.230,1788938184.2306,7832,637,8.17
2026-09-09T12:46:24.246,1788938184.2470,7833,-2,-0.03
2026-09-09T12:46:24.263,1788938184.2630,7834,487,6.24
2026-09-09T12:46:24.263,1788938184.2630,7835,198,2.54
2026-09-09T12:46:24.279,1788938184.2790,7836,335,4.29
2026-09-09T12:46:24.297,1788938184.2977,7837,458,5.87
2026-09-09T12:46:24.297,1788938184.2977,7838,166,2.13
2026-09-09T12:46:24.310,1788938184.3108,7839,769,9.86
2026-09-09T12:46:24.326,1788938184.3265,7840,-3,-0.04
2026-09-09T12:46:24.326,1788938184.3265,7841,1048,13.44
2026-09-09T12:46:24.342,1788938184.3421,7842,-177,-2.27
2026-09-09T12:46:24.358,1788938184.3582,7843,-769,-9.86
2026-09-09T12:46:24.364,1788938184.3646,7844,-411,-5.27
2026-09-09T12:46:24.374,1788938184.3743,7845,-626,-8.03
2026-09-09T12:46:24.374,1788938184.3743,7846,-685,-8.78
2026-09-09T12:46:24.390,1788938184.3903,7847,-451,-5.78
2026-09-09T12:46:24.405,1788938184.4059,7848,-974,-12.49
2026-09-09T12:46:24.411,1788938184.4120,7849,-288,-3.69
2026-09-09T12:46:24.421,1788938184.4217,7850,-1275,-16.35
2026-09-09T12:46:24.421,1788938184.4217,7851,-112,-1.44
2026-09-09T12:46:24.437,1788938184.4376,7852,594,7.62
2026-09-09T12:46:24.453,1788938184.4535,7853,83,1.06
2026-09-09T12:46:24.464,1788938184.4648,7854,473,6.06
2026-09-09T12:46:24.469,1788938184.4694,7855,367,4.71
2026-09-09T12:46:24.485,1788938184.4852,7856,311,3.99
2026-09-09T12:46:24.493,1788938184.4930,7857,649,8.32
2026-09-09T12:46:24.501,1788938184.5014,7858,148,1.9
2026-09-09T12:46:24.517,1788938184.5174,7859,975,12.5
2026-09-09T12:46:24.525,1788938184.5254,7860,-10,-0.13
2026-09-09T12:46:24.533,1788938184.5331,7861,1200,15.38
2026-09-09T12:46:24.533,1788938184.5331,7862,-201,-2.58
2026-09-09T12:46:24.549,1788938184.5492,7863,-653,-8.37
2026-09-09T12:46:24.565,1788938184.5659,7864,-448,-5.74
2026-09-09T12:46:24.565,1788938184.5659,7865,-467,-5.99
2026-09-09T12:46:24.580,1788938184.5804,7866,-731,-9.37
2026-09-09T12:46:24.596,1788938184.5961,7867,-341,-4.37
2026-09-09T12:46:24.602,1788938184.6024,7868,-1070,-13.72
2026-09-09T12:46:24.611,1788938184.6118,7869,-155,-1.99
2026-09-09T12:46:24.611,1788938184.6118,7870,-1352,-17.33
2026-09-09T12:46:24.627,1788938184.6277,7871,7,0.09
2026-09-09T12:46:24.643,1788938184.6433,7872,609,7.81
2026-09-09T12:46:24.643,1788938184.6433,7873,230,2.95
2026-09-09T12:46:24.665,1788938184.6653,7874,447,5.73
2026-09-09T12:46:24.675,1788938184.6753,7875,488,6.26
2026-09-09T12:46:24.683,1788938184.6833,7876,312,4.0
2026-09-09T12:46:24.691,1788938184.6911,7877,830,10.64
2026-09-09T12:46:24.706,1788938184.7068,7878,140,1.79
2026-09-09T12:46:24.712,1788938184.7128,7879,1102,14.13
2026-09-09T12:46:24.725,1788938184.7256,7880,-19,-0.24
2026-09-09T12:46:24.727,1788938184.7276,7881,1307,16.76
2026-09-09T12:46:24.748,1788938184.7490,7882,-247,-3.17
2026-09-09T12:46:24.754,1788938184.7542,7883,-551,-7.06
2026-09-09T12:46:24.765,1788938184.7655,7884,-531,-6.81
2026-09-09T12:46:24.770,1788938184.7700,7885,-430,-5.51
2026-09-09T12:46:24.785,1788938184.7857,7886,-830,-10.64
2026-09-09T12:46:24.785,1788938184.7857,7887,-260,-3.33
2026-09-09T12:46:24.801,1788938184.8017,7888,-1192,-15.28
2026-09-09T12:46:24.814,1788938184.8146,7889,-109,-1.4
2026-09-09T12:46:24.823,1788938184.8236,7890,-1453,-18.63
2026-09-09T12:46:24.833,1788938184.8333,7891,50,0.64
2026-09-09T12:46:24.849,1788938184.8491,7892,500,6.41
2026-09-09T12:46:24.849,1788938184.8491,7893,297,3.81
2026-09-09T12:46:24.865,1788938184.8659,7894,318,4.08
2026-09-09T12:46:24.865,1788938184.8659,7895,564,7.23
2026-09-09T12:46:24.888,1788938184.8885,7896,188,2.41
2026-09-09T12:46:24.888,1788938184.8885,7897,851,10.91
2026-09-09T12:46:24.898,1788938184.8985,7898,-2,-0.03
2026-09-09T12:46:24.912,1788938184.9122,7899,1101,14.12
2026-09-09T12:46:24.912,1788938184.9122,7900,-180,-2.31
2026-09-09T12:46:24.931,1788938184.9319,7901,1307,16.76
2026-09-09T12:46:24.943,1788938184.9438,7902,-434,-5.56
2026-09-09T12:46:24.953,1788938184.9538,7903,-581,-7.45
2026-09-09T12:46:24.966,1788938184.9662,7904,-696,-8.92
2026-09-09T12:46:24.975,1788938184.9753,7905,-414,-5.31
2026-09-09T12:46:24.975,1788938184.9753,7906,-1014,-13.0
2026-09-09T12:46:24.991,1788938184.9913,7907,-223,-2.86
2026-09-09T12:46:24.991,1788938184.9913,7908,-1300,-16.67
2026-09-09T12:46:25.007,1788938185.0073,7909,-68,-0.87
2026-09-09T12:46:25.023,1788938185.0231,7910,-1537,-19.71
2026-09-09T12:46:25.023,1788938185.0231,7911,135,1.73
2026-09-09T12:46:25.044,1788938185.0449,7912,460,5.9
2026-09-09T12:46:25.053,1788938185.0535,7913,398,5.1
2026-09-09T12:46:25.066,1788938185.0660,7914,306,3.92
2026-09-09T12:46:25.070,1788938185.0707,7915,708,9.08
2026-09-09T12:46:25.070,1788938185.0707,7916,159,2.04
2026-09-09T12:46:25.092,1788938185.0924,7917,986,12.64
2026-09-09T12:46:25.104,1788938185.1042,7918,-12,-0.15
2026-09-09T12:46:25.104,1788938185.1042,7919,1239,15.88
2026-09-09T12:46:25.117,1788938185.1178,7920,-191,-2.45
2026-09-09T12:46:25.133,1788938185.1337,7921,-607,-7.78
2026-09-09T12:46:25.133,1788938185.1337,7922,-471,-6.04
2026-09-09T12:46:25.153,1788938185.1535,7923,-482,-6.18
2026-09-09T12:46:25.163,1788938185.1633,7924,-758,-9.72
2026-09-09T12:46:25.181,1788938185.1814,7925,-304,-3.9
2026-09-09T12:46:25.181,1788938185.1814,7926,-1084,-13.9
2026-09-09T12:46:25.181,1788938185.1814,7927,-137,-1.76
2026-09-09T12:46:25.203,1788938185.2031,7928,-1354,-17.36
2026-09-09T12:46:25.212,1788938185.2129,7929,33,0.42
2026-09-09T12:46:25.212,1788938185.2129,7930,-1584,-20.31
2026-09-09T12:46:25.228,1788938185.2288,7931,267,3.42
2026-09-09T12:46:25.244,1788938185.2449,7932,448,5.74
2026-09-09T12:46:25.255,1788938185.2559,7933,533,6.83
2026-09-09T12:46:25.266,1788938185.2664,7934,317,4.06
2026-09-09T12:46:25.266,1788938185.2664,7935,867,11.12
2026-09-09T12:46:25.285,1788938185.2859,7936,157,2.01
2026-09-09T12:46:25.292,1788938185.2922,7937,1143,14.65
2026-09-09T12:46:25.306,1788938185.3067,7938,-23,-0.29
2026-09-09T12:46:25.309,1788938185.3100,7939,1374,17.62
2026-09-09T12:46:25.323,1788938185.3238,7940,-224,-2.87
2026-09-09T12:46:25.336,1788938185.3364,7941,-500,-6.41
2026-09-09T12:46:25.347,1788938185.3479,7942,-484,-6.21
2026-09-09T12:46:25.355,1788938185.3557,7943,-336,-4.31
2026-09-09T12:46:25.366,1788938185.3667,7944,-797,-10.22
2026-09-09T12:46:25.371,1788938185.3719,7945,-163,-2.09
2026-09-09T12:46:25.387,1788938185.3879,7946,-1125,-14.42
2026-09-09T12:46:25.387,1788938185.3879,7947,26,0.33
2026-09-09T12:46:25.403,1788938185.4039,7948,-1384,-17.74
2026-09-09T12:46:25.419,1788938185.4196,7949,199,2.55
2026-09-09T12:46:25.419,1788938185.4196,7950,-1579,-20.24
2026-09-09T12:46:25.435,1788938185.4353,7951,444,5.69
2026-09-09T12:46:25.435,1788938185.4353,7952,435,5.58
2026-09-09T12:46:25.451,1788938185.4513,7953,712,9.13
2026-09-09T12:46:25.466,1788938185.4670,7954,271,3.47
2026-09-09T12:46:25.466,1788938185.4670,7955,1001,12.83
2026-09-09T12:46:25.482,1788938185.4829,7956,99,1.27
2026-09-09T12:46:25.482,1788938185.4829,7957,1240,15.9
2026-09-09T12:46:25.498,1788938185.4985,7958,-110,-1.41
2026-09-09T12:46:25.514,1788938185.5144,7959,1412,18.1
2026-09-09T12:46:25.514,1788938185.5144,7960,-358,-4.59
2026-09-09T12:46:25.530,1788938185.5304,7961,-465,-5.96
2026-09-09T12:46:25.546,1788938185.5461,7962,-630,-8.08
2026-09-09T12:46:25.553,1788938185.5530,7963,-320,-4.1
2026-09-09T12:46:25.567,1788938185.5677,7964,-969,-12.42
2026-09-09T12:46:25.567,1788938185.5677,7965,-163,-2.09
2026-09-09T12:46:25.592,1788938185.5920,7966,-1272,-16.31
2026-09-09T12:46:25.595,1788938185.5958,7967,23,0.29
2026-09-09T12:46:25.605,1788938185.6058,7968,-1510,-19.36
2026-09-09T12:46:25.615,1788938185.6156,7969,225,2.88
2026-09-09T12:46:25.625,1788938185.6253,7970,-1692,-21.69
2026-09-09T12:46:25.635,1788938185.6353,7971,463,5.94
2026-09-09T12:46:25.645,1788938185.6451,7972,343,4.4
2026-09-09T12:46:25.656,1788938185.6569,7973,753,9.65
2026-09-09T12:46:25.664,1788938185.6647,7974,160,2.05
2026-09-09T12:46:25.672,1788938185.6728,7975,1014,13.0
2026-09-09T12:46:25.688,1788938185.6886,7976,-35,-0.45
2026-09-09T12:46:25.688,1788938185.6886,7977,1275,16.35
2026-09-09T12:46:25.704,1788938185.7043,7978,-227,-2.91
2026-09-09T12:46:25.704,1788938185.7043,7979,1411,18.09
2026-09-09T12:46:25.721,1788938185.7216,7980,-483,-6.19
2026-09-09T12:46:25.736,1788938185.7368,7981,-442,-5.67
2026-09-09T12:46:25.736,1788938185.7368,7982,-794,-10.18
2026-09-09T12:46:25.751,1788938185.7518,7983,-288,-3.69
2026-09-09T12:46:25.763,1788938185.7631,7984,-1116,-14.31
2026-09-09T12:46:25.768,1788938185.7681,7985,-149,-1.91
2026-09-09T12:46:25.783,1788938185.7838,7986,-1410,-18.08
2026-09-09T12:46:25.799,1788938185.7995,7987,42,0.54
2026-09-09T12:46:25.799,1788938185.7995,7988,-1591,-20.4
2026-09-09T12:46:25.815,1788938185.8152,7989,272,3.49
2026-09-09T12:46:25.822,1788938185.8227,7990,-1713,-21.96
2026-09-09T12:46:25.830,1788938185.8308,7991,550,7.05
2026-09-09T12:46:25.848,1788938185.8488,7992,274,3.51
2026-09-09T12:46:25.857,1788938185.8571,7993,879,11.27
2026-09-09T12:46:25.866,1788938185.8666,7994,138,1.77
2026-09-09T12:46:25.873,1788938185.8737,7995,1160,14.87
2026-09-09T12:46:25.888,1788938185.8887,7996,-50,-0.64
2026-09-09T12:46:25.894,1788938185.8945,7997,1384,17.74
2026-09-09T12:46:25.904,1788938185.9047,7998,-263,-3.37
2026-09-09T12:46:25.917,1788938185.9173,7999,1511,19.37
2026-09-09T12:46:25.926,1788938185.9264,8000,-487,-6.24
2026-09-09T12:46:25.933,1788938185.9330,8001,-330,-4.23
2026-09-09T12:46:25.942,1788938185.9421,8002,-819,-10.5
2026-09-09T12:46:25.942,1788938185.9421,8003,-142,-1.82
2026-09-09T12:46:25.969,1788938185.9697,8004,-1139,-14.6
2026-09-09T12:46:25.973,1788938185.9735,8005,32,0.41
2026-09-09T12:46:25.982,1788938185.9830,8006,-1402,-17.97
2026-09-09T12:46:25.989,1788938185.9891,8007,229,2.94
2026-09-09T12:46:26.004,1788938186.0048,8008,-1589,-20.37
2026-09-09T12:46:26.004,1788938186.0048,8009,462,5.92
2026-09-09T12:46:26.020,1788938186.0208,8010,-1709,-21.91
2026-09-09T12:46:26.020,1788938186.0208,8011,726,9.31
2026-09-09T12:46:26.039,1788938186.0395,8012,265,3.4
2026-09-09T12:46:26.052,1788938186.0520,8013,1030,13.21
2026-09-09T12:46:26.067,1788938186.0679,8014,88,1.13
2026-09-09T12:46:26.073,1788938186.0739,8015,1278,16.38
2026-09-09T12:46:26.085,1788938186.0857,8016,-105,-1.35
2026-09-09T12:46:26.099,1788938186.0995,8017,1445,18.53
2026-09-09T12:46:26.099,1788938186.0995,8018,-330,-4.23
2026-09-09T12:46:26.117,1788938186.1171,8019,1608,20.62
2026-09-09T12:46:26.117,1788938186.1171,8020,-539,-6.91
2026-09-09T12:46:26.131,1788938186.1312,8021,-186,-2.38
2026-09-09T12:46:26.146,1788938186.1469,8022,-876,-11.23
2026-09-09T12:46:26.146,1788938186.1469,8023,9,0.12
2026-09-09T12:46:26.166,1788938186.1662,8024,-1121,-14.37
2026-09-09T12:46:26.170,1788938186.1703,8025,196,2.51
2026-09-09T12:46:26.178,1788938186.1780,8026,-1363,-17.47
2026-09-09T12:46:26.193,1788938186.1938,8027,403,5.17
2026-09-09T12:46:26.193,1788938186.1938,8028,-1512,-19.38
2026-09-09T12:46:26.213,1788938186.2136,8029,658,8.44
2026-09-09T12:46:26.225,1788938186.2254,8030,-1646,-21.1
2026-09-09T12:46:26.241,1788938186.2413,8031,948,12.15
2026-09-09T12:46:26.241,1788938186.2413,8032,302,3.87
2026-09-09T12:46:26.253,1788938186.2540,8033,1186,15.21
2026-09-09T12:46:26.256,1788938186.2570,8034,75,0.96
2026-09-09T12:46:26.273,1788938186.2732,8035,1396,17.9
2026-09-09T12:46:26.273,1788938186.2732,8036,-139,-1.78
2026-09-09T12:46:26.289,1788938186.2891,8037,1570,20.13
2026-09-09T12:46:26.304,1788938186.3049,8038,-365,-4.68
2026-09-09T12:46:26.304,1788938186.3049,8039,1685,21.6
2026-09-09T12:46:26.323,1788938186.3235,8040,-670,-8.59
2026-09-09T12:46:26.334,1788938186.3347,8041,-129,-1.65
2026-09-09T12:46:26.340,1788938186.3401,8042,-988,-12.67
2026-09-09T12:46:26.352,1788938186.3528,8043,50,0.64
2026-09-09T12:46:26.368,1788938186.3685,8044,-1233,-15.81
2026-09-09T12:46:26.370,1788938186.3705,8045,253,3.24
2026-09-09T12:46:26.384,1788938186.3846,8046,-1410,-18.08
2026-09-09T12:46:26.386,1788938186.3866,8047,520,6.67
2026-09-09T12:46:26.400,1788938186.4002,8048,-1512,-19.38
2026-09-09T12:46:26.400,1788938186.4002,8049,826,10.59
2026-09-09T12:46:26.416,1788938186.4161,8050,511,6.55
2026-09-09T12:46:26.432,1788938186.4322,8051,1166,14.95
2026-09-09T12:46:26.432,1788938186.4322,8052,355,4.55
2026-09-09T12:46:26.448,1788938186.4482,8053,1446,18.54
2026-09-09T12:46:26.464,1788938186.4643,8054,198,2.54
2026-09-09T12:46:26.479,1788938186.4800,8055,1628,20.87
2026-09-09T12:46:26.479,1788938186.4800,8056,-28,-0.36
2026-09-09T12:46:26.479,1788938186.4800,8057,1775,22.76
2026-09-09T12:46:26.497,1788938186.4977,8058,-321,-4.12
2026-09-09T12:46:26.513,1788938186.5137,8059,1839,23.58
2026-09-09T12:46:26.527,1788938186.5274,8060,-677,-8.68
2026-09-09T12:46:26.533,1788938186.5334,8061,23,0.29
2026-09-09T12:46:26.543,1788938186.5434,8062,-980,-12.56
2026-09-09T12:46:26.543,1788938186.5434,8063,197,2.53
2026-09-09T12:46:26.561,1788938186.5613,8064,-1243,-15.94
2026-09-09T12:46:26.574,1788938186.5747,8065,407,5.22
2026-09-09T12:46:26.574,1788938186.5747,8066,-1401,-17.96
2026-09-09T12:46:26.590,1788938186.5905,8067,664,8.51
2026-09-09T12:46:26.606,1788938186.6062,8068,-1524,-19.54
2026-09-09T12:46:26.606,1788938186.6062,8069,941,12.06
2026-09-09T12:46:26.622,1788938186.6221,8070,406,5.21
2026-09-09T12:46:26.622,1788938186.6221,8071,1170,15.0
2026-09-09T12:46:26.637,1788938186.6377,8072,187,2.4
2026-09-09T12:46:26.653,1788938186.6537,8073,1415,18.14
2026-09-09T12:46:26.653,1788938186.6537,8074,-4,-0.05
2026-09-09T12:46:26.670,1788938186.6710,8075,1544,19.79
2026-09-09T12:46:26.685,1788938186.6853,8076,-251,-3.22
2026-09-09T12:46:26.685,1788938186.6853,8077,1634,20.95
2026-09-09T12:46:26.701,1788938186.7014,8078,-593,-7.6
2026-09-09T12:46:26.721,1788938186.7217,8079,1697,21.76
2026-09-09T12:46:26.723,1788938186.7237,8080,-914,-11.72
2026-09-09T12:46:26.733,1788938186.7336,8081,-28,-0.36
2026-09-09T12:46:26.738,1788938186.7389,8082,-1222,-15.67
2026-09-09T12:46:26.754,1788938186.7545,8083,136,1.74
2026-09-09T12:46:26.764,1788938186.7645,8084,-1446,-18.54
2026-09-09T12:46:26.771,1788938186.7711,8085,316,4.05
2026-09-09T12:46:26.780,1788938186.7809,8086,-1618,-20.74
2026-09-09T12:46:26.796,1788938186.7967,8087,585,7.5
2026-09-09T12:46:26.796,1788938186.7967,8088,-1718,-22.03
2026-09-09T12:46:26.812,1788938186.8124,8089,853,10.94
2026-09-09T12:46:26.828,1788938186.8280,8090,187,2.4
2026-09-09T12:46:26.834,1788938186.8341,8091,1105,14.17
2026-09-09T12:46:26.843,1788938186.8439,8092,-29,-0.37
2026-09-09T12:46:26.843,1788938186.8439,8093,1277,16.37
2026-09-09T12:46:26.859,1788938186.8597,8094,-297,-3.81
2026-09-09T12:46:26.875,1788938186.8754,8095,1402,17.97
2026-09-09T12:46:26.875,1788938186.8754,8096,-576,-7.38
2026-09-09T12:46:26.899,1788938186.8995,8097,1472,18.87
2026-09-09T12:46:26.907,1788938186.9075,8098,-894,-11.46
2026-09-09T12:46:26.907,1788938186.9075,8099,1510,19.36
2026-09-09T12:46:26.925,1788938186.9254,8100,-1227,-15.73
2026-09-09T12:46:26.925,1788938186.9254,8101,-119,-1.53
2026-09-09T12:46:26.939,1788938186.9395,8102,-1467,-18.81
2026-09-09T12:46:26.955,1788938186.9552,8103,44,0.56
2026-09-09T12:46:26.955,1788938186.9552,8104,-1644,-21.08
2026-09-09T12:46:26.973,1788938186.9734,8105,323,4.14
2026-09-09T12:46:26.984,1788938186.9843,8106,-1725,-22.12
2026-09-09T12:46:26.994,1788938186.9943,8107,593,7.6
2026-09-09T12:46:27.002,1788938187.0021,8108,-1792,-22.97
2026-09-09T12:46:27.013,1788938187.0133,8109,895,11.47
2026-09-09T12:46:27.022,1788938187.0228,8110,58,0.74
2026-09-09T12:46:27.034,1788938187.0344,8111,1176,15.08
2026-09-09T12:46:27.034,1788938187.0344,8112,-90,-1.15
2026-09-09T12:46:27.049,1788938187.0493,8113,1427,18.29
2026-09-09T12:46:27.065,1788938187.0651,8114,-231,-2.96
2026-09-09T12:46:27.080,1788938187.0808,8115,1646,21.1
2026-09-09T12:46:27.082,1788938187.0828,8116,-386,-4.95
2026-09-09T12:46:27.082,1788938187.0828,8117,1878,24.08
2026-09-09T12:46:27.112,1788938187.1126,8118,-538,-6.9
2026-09-09T12:46:27.117,1788938187.1178,8119,2099,26.91
2026-09-09T12:46:27.128,1788938187.1284,8120,-654,-8.38
2026-09-09T12:46:27.129,1788938187.1295,8121,644,8.26
2026-09-09T12:46:27.144,1788938187.1442,8122,-677,-8.68
2026-09-09T12:46:27.144,1788938187.1442,8123,1056,13.54
2026-09-09T12:46:27.162,1788938187.1622,8124,-683,-8.76
2026-09-09T12:46:27.176,1788938187.1762,8125,1440,18.46
2026-09-09T12:46:27.184,1788938187.1842,8126,-661,-8.47
2026-09-09T12:46:27.192,1788938187.1924,8127,1797,23.04
2026-09-09T12:46:27.208,1788938187.2085,8128,-681,-8.73
2026-09-09T12:46:27.212,1788938187.2125,8129,2092,26.82
2026-09-09T12:46:27.228,1788938187.2283,8130,1059,13.58
2026-09-09T12:46:27.232,1788938187.2325,8131,2216,28.41
2026-09-09T12:46:27.240,1788938187.2401,8132,739,9.47
2026-09-09T12:46:27.255,1788938187.2559,8133,2183,27.99
2026-09-09T12:46:27.263,1788938187.2639,8134,327,4.19
2026-09-09T12:46:27.272,1788938187.2721,8135,2125,27.24
2026-09-09T12:46:27.272,1788938187.2721,8136,-170,-2.18
2026-09-09T12:46:27.287,1788938187.2878,8137,1979,25.37
2026-09-09T12:46:27.303,1788938187.3035,8138,-646,-8.28
2026-09-09T12:46:27.316,1788938187.3161,8139,1881,24.12
2026-09-09T12:46:27.325,1788938187.3251,8140,-1058,-13.56
2026-09-09T12:46:27.337,1788938187.3378,8141,250,3.21
2026-09-09T12:46:27.344,1788938187.3441,8142,-1412,-18.1
2026-09-09T12:46:27.352,1788938187.3530,8143,326,4.18
2026-09-09T12:46:27.366,1788938187.3666,8144,-1696,-21.74
2026-09-09T12:46:27.373,1788938187.3733,8145,483,6.19
2026-09-09T12:46:27.382,1788938187.3826,8146,-1873,-24.01
2026-09-09T12:46:27.393,1788938187.3931,8147,659,8.45
2026-09-09T12:46:27.408,1788938187.4087,8148,-1993,-25.55
2026-09-09T12:46:27.414,1788938187.4143,8149,867,11.12
2026-09-09T12:46:27.414,1788938187.4143,8150,-309,-3.96
2026-09-09T12:46:27.430,1788938187.4303,8151,1024,13.13
2026-09-09T12:46:27.446,1788938187.4461,8152,-547,-7.01
2026-09-09T12:46:27.446,1788938187.4461,8153,1174,15.05
2026-09-09T12:46:27.462,1788938187.4621,8154,-790,-10.13
2026-09-09T12:46:27.477,1788938187.4778,8155,1291,16.55
2026-09-09T12:46:27.483,1788938187.4839,8156,-1080,-13.85
2026-09-09T12:46:27.493,1788938187.4935,8157,1337,17.14
2026-09-09T12:46:27.495,1788938187.4956,8158,-1406,-18.03
2026-09-09T12:46:27.509,1788938187.5098,8159,-302,-3.87
2026-09-09T12:46:27.525,1788938187.5254,8160,-1655,-21.22
2026-09-09T12:46:27.533,1788938187.5334,8161,-127,-1.63
2026-09-09T12:46:27.543,1788938187.5434,8162,-1804,-23.13
2026-09-09T12:46:27.557,1788938187.5575,8163,132,1.69
2026-09-09T12:46:27.559,1788938187.5590,8164,-1890,-24.23
2026-09-09T12:46:27.573,1788938187.5735,8165,470,6.03
2026-09-09T12:46:27.588,1788938187.5889,8166,-1910,-24.49
2026-09-09T12:46:27.594,1788938187.5949,8167,774,9.92
2026-09-09T12:46:27.604,1788938187.6048,8168,-1922,-24.64
2026-09-09T12:46:27.620,1788938187.6205,8169,1089,13.96
2026-09-09T12:46:27.620,1788938187.6205,8170,-196,-2.51
2026-09-09T12:46:27.636,1788938187.6364,8171,1318,16.9
2026-09-09T12:46:27.636,1788938187.6364,8172,-371,-4.76
2026-09-09T12:46:27.652,1788938187.6525,8173,1483,19.01
2026-09-09T12:46:27.652,1788938187.6525,8174,-635,-8.14
2026-09-09T12:46:27.673,1788938187.6738,8175,1592,20.41
2026-09-09T12:46:27.684,1788938187.6845,8176,-938,-12.03
2026-09-09T12:46:27.684,1788938187.6845,8177,1636,20.97
2026-09-09T12:46:27.704,1788938187.7041,8178,-1209,-15.5
2026-09-09T12:46:27.715,1788938187.7160,8179,45,0.58
2026-09-09T12:46:27.721,1788938187.7216,8180,-1480,-18.97
2026-09-09T12:46:27.733,1788938187.7333,8181,235,3.01
2026-09-09T12:46:27.747,1788938187.7478,8182,-1630,-20.9
2026-09-09T12:46:27.747,1788938187.7478,8183,484,6.21
2026-09-09T12:46:27.763,1788938187.7639,8184,-1717,-22.01
2026-09-09T12:46:27.773,1788938187.7740,8185,777,9.96
2026-09-09T12:46:27.781,1788938187.7820,8186,-1768,-22.67
2026-09-09T12:46:27.781,1788938187.7820,8187,1074,13.77
2026-09-09T12:46:27.795,1788938187.7959,8188,-1764,-22.62
2026-09-09T12:46:27.811,1788938187.8118,8189,1305,16.73
2026-09-09T12:46:27.827,1788938187.8274,8190,-165,-2.12
2026-09-09T12:46:27.827,1788938187.8274,8191,1473,18.88
2026-09-09T12:46:27.843,1788938187.8431,8192,-426,-5.46
2026-09-09T12:46:27.843,1788938187.8431,8193,1560,20.0
2026-09-09T12:46:27.858,1788938187.8589,8194,-710,-9.1
2026-09-09T12:46:27.874,1788938187.8742,8195,1644,21.08
2026-09-09T12:46:27.890,1788938187.8902,8196,-1026,-13.15
2026-09-09T12:46:27.890,1788938187.8902,8197,1648,21.13
2026-09-09T12:46:27.906,1788938187.9063,8198,-1321,-16.94
2026-09-09T12:46:27.906,1788938187.9063,8199,138,1.77
2026-09-09T12:46:27.932,1788938187.9320,8200,-1540,-19.74
2026-09-09T12:46:27.935,1788938187.9351,8201,307,3.94
2026-09-09T12:46:27.939,1788938187.9395,8202,-1742,-22.33
2026-09-09T12:46:27.955,1788938187.9552,8203,501,6.42
2026-09-09T12:46:27.955,1788938187.9552,8204,-1795,-23.01
2026-09-09T12:46:27.975,1788938187.9756,8205,856,10.97
2026-09-09T12:46:27.985,1788938187.9859,8206,-1842,-23.62
2026-09-09T12:46:27.991,1788938187.9919,8207,1081,13.86
2026-09-09T12:46:28.001,1788938188.0016,8208,-1868,-23.95
2026-09-09T12:46:28.017,1788938188.0176,8209,1274,16.33
2026-09-09T12:46:28.022,1788938188.0230,8210,-336,-4.31
2026-09-09T12:46:28.033,1788938188.0335,8211,1399,17.94
2026-09-09T12:46:28.033,1788938188.0335,8212,-642,-8.23
2026-09-09T12:46:28.049,1788938188.0493,8213,1453,18.63
2026-09-09T12:46:28.064,1788938188.0649,8214,-960,-12.31
2026-09-09T12:46:28.075,1788938188.0759,8215,1536,19.69
2026-09-09T12:46:28.080,1788938188.0806,8216,-1249,-16.01
2026-09-09T12:46:28.080,1788938188.0806,8217,1583,20.29
2026-09-09T12:46:28.096,1788938188.0964,8218,-1522,-19.51
2026-09-09T12:46:28.117,1788938188.1176,8219,70,0.9
2026-09-09T12:46:28.125,1788938188.1256,8220,-1730,-22.18
2026-09-09T12:46:28.137,1788938188.1377,8221,322,4.13
2026-09-09T12:46:28.145,1788938188.1454,8222,-1818,-23.31
2026-09-09T12:46:28.153,1788938188.1535,8223,541,6.94
2026-09-09T12:46:28.159,1788938188.1592,8224,-1907,-24.45
2026-09-09T12:46:28.175,1788938188.1759,8225,845,10.83
2026-09-09T12:46:28.186,1788938188.1867,8226,-1927,-24.71
2026-09-09T12:46:28.192,1788938188.1925,8227,1120,14.36
2026-09-09T12:46:28.192,1788938188.1925,8228,-1925,-24.68
2026-09-09T12:46:28.206,1788938188.2063,8229,1314,16.85
2026-09-09T12:46:28.222,1788938188.2223,8230,-480,-6.15
2026-09-09T12:46:28.238,1788938188.2382,8231,1459,18.71
2026-09-09T12:46:28.247,1788938188.2475,8232,-766,-9.82
2026-09-09T12:46:28.253,1788938188.2534,8233,1530,19.62
2026-09-09T12:46:28.253,1788938188.2534,8234,-1056,-13.54
2026-09-09T12:46:28.275,1788938188.2759,8235,1580,20.26
2026-09-09T12:46:28.288,1788938188.2886,8236,-1313,-16.83
2026-09-09T12:46:28.288,1788938188.2886,8237,1638,21.0
2026-09-09T12:46:28.303,1788938188.3031,8238,-1551,-19.88
2026-09-09T12:46:28.317,1788938188.3170,8239,240,3.08
2026-09-09T12:46:28.317,1788938188.3170,8240,-1669,-21.4
2026-09-09T12:46:28.337,1788938188.3373,8241,530,6.79
2026-09-09T12:46:28.337,1788938188.3373,8242,-1748,-22.41
2026-09-09T12:46:28.348,1788938188.3486,8243,827,10.6
2026-09-09T12:46:28.364,1788938188.3647,8244,-1787,-22.91
2026-09-09T12:46:28.364,1788938188.3647,8245,1135,14.55
2026-09-09T12:46:28.384,1788938188.3848,8246,-1775,-22.76
2026-09-09T12:46:28.396,1788938188.3966,8247,1354,17.36
2026-09-09T12:46:28.396,1788938188.3966,8248,-1776,-22.77
2026-09-09T12:46:28.413,1788938188.4139,8249,1489,19.09
2026-09-09T12:46:28.427,1788938188.4277,8250,-421,-5.4
2026-09-09T12:46:28.433,1788938188.4337,8251,1632,20.92
2026-09-09T12:46:28.443,1788938188.4434,8252,-722,-9.26
2026-09-09T12:46:28.448,1788938188.4487,8253,1680,21.54
2026-09-09T12:46:28.459,1788938188.4592,8254,-1046,-13.41
2026-09-09T12:46:28.476,1788938188.4762,8255,1744,22.36
2026-09-09T12:46:28.483,1788938188.4834,8256,-1314,-16.85
2026-09-09T12:46:28.492,1788938188.4929,8257,1759,22.55
2026-09-09T12:46:28.506,1788938188.5066,8258,-1506,-19.31
2026-09-09T12:46:28.506,1788938188.5066,8259,420,5.38
2026-09-09T12:46:28.522,1788938188.5223,8260,-1630,-20.9
2026-09-09T12:46:28.522,1788938188.5223,8261,684,8.77
2026-09-09T12:46:28.538,1788938188.5380,8262,-1714,-21.97
2026-09-09T12:46:28.553,1788938188.5539,8263,992,12.72
2026-09-09T12:46:28.559,1788938188.5592,8264,-1763,-22.6
2026-09-09T12:46:28.576,1788938188.5762,8265,1231,15.78
2026-09-09T12:46:28.585,1788938188.5857,8266,-1751,-22.45
2026-09-09T12:46:28.593,1788938188.5937,8267,1434,18.38
2026-09-09T12:46:28.601,1788938188.6016,8268,-249,-3.19
2026-09-09T12:46:28.601,1788938188.6016,8269,1560,20.0
2026-09-09T12:46:28.617,1788938188.6175,8270,-522,-6.69
2026-09-09T12:46:28.638,1788938188.6389,8271,1672,21.44
2026-09-09T12:46:28.638,1788938188.6389,8272,-831,-10.65
2026-09-09T12:46:28.649,1788938188.6492,8273,1731,22.19
2026-09-09T12:46:28.665,1788938188.6651,8274,-1099,-14.09
2026-09-09T12:46:28.676,1788938188.6763,8275,1770,22.69
2026-09-09T12:46:28.681,1788938188.6813,8276,-1367,-17.53
2026-09-09T12:46:28.696,1788938188.6970,8277,1782,22.85
2026-09-09T12:46:28.703,1788938188.7034,8278,-1512,-19.38
2026-09-09T12:46:28.712,1788938188.7123,8279,535,6.86
2026-09-09T12:46:28.723,1788938188.7237,8280,-1652,-21.18
2026-09-09T12:46:28.729,1788938188.7291,8281,818,10.49
2026-09-09T12:46:28.744,1788938188.7442,8282,-1693,-21.71
2026-09-09T12:46:28.744,1788938188.7442,8283,1121,14.37
2026-09-09T12:46:28.759,1788938188.7600,8284,-1726,-22.13
2026-09-09T12:46:28.776,1788938188.7766,8285,1371,17.58
2026-09-09T12:46:28.776,1788938188.7766,8286,-1748,-22.41
2026-09-09T12:46:28.791,1788938188.7916,8287,1497,19.19
2026-09-09T12:46:28.791,1788938188.7916,8288,-342,-4.38
2026-09-09T12:46:28.823,1788938188.8235,8289,1627,20.86
2026-09-09T12:46:28.823,1788938188.8235,8290,-651,-8.35
2026-09-09T12:46:28.839,1788938188.8394,8291,1675,21.47
2026-09-09T12:46:28.839,1788938188.8394,8292,-979,-12.55
2026-09-09T12:46:28.855,1788938188.8555,8293,1703,21.83
2026-09-09T12:46:28.855,1788938188.8555,8294,-1267,-16.24
2026-09-09T12:46:28.876,1788938188.8767,8295,1755,22.5
2026-09-09T12:46:28.876,1788938188.8767,8296,-1506,-19.31
2026-09-09T12:46:28.887,1788938188.8874,8297,1711,21.94
2026-09-09T12:46:28.903,1788938188.9031,8298,-1657,-21.24
2026-09-09T12:46:28.918,1788938188.9188,8299,574,7.36
2026-09-09T12:46:28.924,1788938188.9249,8300,-1744,-22.36
2026-09-09T12:46:28.934,1788938188.9345,8301,870,11.15
2026-09-09T12:46:28.934,1788938188.9345,8302,-1792,-22.97
2026-09-09T12:46:28.950,1788938188.9506,8303,1170,15.0
2026-09-09T12:46:28.966,1788938188.9663,8304,-1800,-23.08
2026-09-09T12:46:28.976,1788938188.9767,8305,1365,17.5
2026-09-09T12:46:28.982,1788938188.9822,8306,-1804,-23.13
2026-09-09T12:46:28.982,1788938188.9822,8307,1509,19.35
2026-09-09T12:46:29.014,1788938189.0143,8308,-490,-6.28
2026-09-09T12:46:29.014,1788938189.0143,8309,1608,20.62
2026-09-09T12:46:29.014,1788938189.0143,8310,-794,-10.18
2026-09-09T12:46:29.030,1788938189.0303,8311,1688,21.64
2026-09-09T12:46:29.046,1788938189.0463,8312,-1109,-14.22
2026-09-09T12:46:29.046,1788938189.0463,8313,1685,21.6
2026-09-09T12:46:29.062,1788938189.0623,8314,-1396,-17.9
2026-09-09T12:46:29.076,1788938189.0768,8315,1686,21.62
2026-09-09T12:46:29.078,1788938189.0783,8316,-1591,-20.4
2026-09-09T12:46:29.094,1788938189.0944,8317,1663,21.32
2026-09-09T12:46:29.110,1788938189.1101,8318,-1737,-22.27
2026-09-09T12:46:29.110,1788938189.1101,8319,638,8.18
2026-09-09T12:46:29.125,1788938189.1258,8320,-1819,-23.32
2026-09-09T12:46:29.125,1788938189.1258,8321,915,11.73
2026-09-09T12:46:29.141,1788938189.1418,8322,-1882,-24.13
2026-09-09T12:46:29.157,1788938189.1578,8323,1188,15.23
2026-09-09T12:46:29.157,1788938189.1578,8324,-1857,-23.81
2026-09-09T12:46:29.176,1788938189.1766,8325,1345,17.24
2026-09-09T12:46:29.176,1788938189.1766,8326,-1851,-23.73
2026-09-09T12:46:29.189,1788938189.1893,8327,1474,18.9
2026-09-09T12:46:29.205,1788938189.2054,8328,-680,-8.72
2026-09-09T12:46:29.205,1788938189.2054,8329,1547,19.83
2026-09-09T12:46:29.222,1788938189.2229,8330,-970,-12.44
2026-09-09T12:46:29.236,1788938189.2368,8331,1601,20.53
2026-09-09T12:46:29.242,1788938189.2428,8332,-1300,-16.67
2026-09-09T12:46:29.252,1788938189.2528,8333,1619,20.76
2026-09-09T12:46:29.268,1788938189.2685,8334,-1518,-19.46
2026-09-09T12:46:29.276,1788938189.2767,8335,1641,21.04
2026-09-09T12:46:29.284,1788938189.2845,8336,-1679,-21.53
2026-09-09T12:46:29.300,1788938189.3005,8337,1599,20.5
2026-09-09T12:46:29.302,1788938189.3025,8338,-1797,-23.04
2026-09-09T12:46:29.302,1788938189.3025,8339,687,8.81
2026-09-09T12:46:29.316,1788938189.3165,8340,-1862,-23.87
2026-09-09T12:46:29.332,1788938189.3322,8341,976,12.51
2026-09-09T12:46:29.343,1788938189.3432,8342,-1893,-24.27
2026-09-09T12:46:29.349,1788938189.3498,8343,1210,15.51
2026-09-09T12:46:29.363,1788938189.3639,8344,-1875,-24.04
2026-09-09T12:46:29.379,1788938189.3796,8345,1363,17.47
2026-09-09T12:46:29.379,1788938189.3796,8346,-1877,-24.06
2026-09-09T12:46:29.395,1788938189.3957,8347,1480,18.97
2026-09-09T12:46:29.411,1788938189.4116,8348,-801,-10.27
2026-09-09T12:46:29.411,1788938189.4116,8349,1534,19.67
2026-09-09T12:46:29.427,1788938189.4273,8350,-1123,-14.4
2026-09-09T12:46:29.427,1788938189.4273,8351,1572,20.15
2026-09-09T12:46:29.443,1788938189.4434,8352,-1384,-17.74
2026-09-09T12:46:29.443,1788938189.4434,8353,1639,21.01
2026-09-09T12:46:29.463,1788938189.4634,8354,-1609,-20.63
2026-09-09T12:46:29.476,1788938189.4768,8355,1629,20.88
2026-09-09T12:46:29.476,1788938189.4768,8356,-1743,-22.35
2026-09-09T12:46:29.491,1788938189.4915,8357,1571,20.14
2026-09-09T12:46:29.507,1788938189.5072,8358,-1856,-23.79
2026-09-09T12:46:29.507,1788938189.5072,8359,803,10.29
2026-09-09T12:46:29.523,1788938189.5232,8360,-1870,-23.97
2026-09-09T12:46:29.538,1788938189.5390,8361,1104,14.15
2026-09-09T12:46:29.542,1788938189.5430,8362,-1889,-24.22
2026-09-09T12:46:29.555,1788938189.5550,8363,1309,16.78
2026-09-09T12:46:29.565,1788938189.5651,8364,-1852,-23.74
2026-09-09T12:46:29.576,1788938189.5769,8365,1430,18.33
2026-09-09T12:46:29.576,1788938189.5769,8366,-1774,-22.74
2026-09-09T12:46:29.587,1788938189.5874,8367,1551,19.88
2026-09-09T12:46:29.603,1788938189.6035,8368,-875,-11.22
2026-09-09T12:46:29.603,1788938189.6035,8369,1596,20.46
2026-09-09T12:46:29.619,1788938189.6192,8370,-1170,-15.0
2026-09-09T12:46:29.635,1788938189.6352,8371,1657,21.24
2026-09-09T12:46:29.635,1788938189.6352,8372,-1444,-18.51
2026-09-09T12:46:29.651,1788938189.6512,8373,1683,21.58
2026-09-09T12:46:29.667,1788938189.6672,8374,-1638,-21.0
2026-09-09T12:46:29.676,1788938189.6769,8375,1636,20.97
2026-09-09T12:46:29.683,1788938189.6832,8376,-1759,-22.55
2026-09-09T12:46:29.683,1788938189.6832,8377,636,8.15
2026-09-09T12:46:29.705,1788938189.7052,8378,-1834,-23.51
2026-09-09T12:46:29.714,1788938189.7147,8379,917,11.76
2026-09-09T12:46:29.721,1788938189.7220,8380,-1868,-23.95
2026-09-09T12:46:29.732,1788938189.7324,8381,1194,15.31
2026-09-09T12:46:29.746,1788938189.7462,8382,-1871,-23.99
2026-09-09T12:46:29.746,1788938189.7462,8383,1355,17.37
2026-09-09T12:46:29.762,1788938189.7623,8384,-1829,-23.45
2026-09-09T12:46:29.776,1788938189.7770,8385,1484,19.03
2026-09-09T12:46:29.778,1788938189.7780,8386,-1764,-22.62
2026-09-09T12:46:29.793,1788938189.7938,8387,1577,20.22
2026-09-09T12:46:29.793,1788938189.7938,8388,-961,-12.32
2026-09-09T12:46:29.809,1788938189.8096,8389,1642,21.05
2026-09-09T12:46:29.825,1788938189.8254,8390,-1267,-16.24
2026-09-09T12:46:29.825,1788938189.8254,8391,1679,21.53
2026-09-09T12:46:29.841,1788938189.8412,8392,-1502,-19.26
2026-09-09T12:46:29.857,1788938189.8572,8393,1681,21.55
2026-09-09T12:46:29.863,1788938189.8632,8394,-1672,-21.44
2026-09-09T12:46:29.876,1788938189.8770,8395,1618,20.74
2026-09-09T12:46:29.876,1788938189.8770,8396,-1762,-22.59
2026-09-09T12:46:29.895,1788938189.8955,8397,781,10.01
2026-09-09T12:46:29.905,1788938189.9050,8398,-1809,-23.19
2026-09-09T12:46:29.905,1788938189.9050,8399,1049,13.45
2026-09-09T12:46:29.920,1788938189.9210,8400,-1837,-23.55
2026-09-09T12:46:29.920,1788938189.9210,8401,1297,16.63
2026-09-09T12:46:29.945,1788938189.9453,8402,-1840,-23.59
2026-09-09T12:46:29.952,1788938189.9525,8403,1453,18.63
2026-09-09T12:46:29.963,1788938189.9637,8404,-1799,-23.06
2026-09-09T12:46:29.968,1788938189.9682,8405,1570,20.13
2026-09-09T12:46:29.986,1788938189.9861,8406,-1721,-22.06
2026-09-09T12:46:29.986,1788938189.9861,8407,1642,21.05
2026-09-09T12:46:29.999,1788938189.9998,8408,-1071,-13.73
2026-09-09T12:46:30.015,1788938190.0155,8409,1675,21.47
2026-09-09T12:46:30.015,1788938190.0155,8410,-1354,-17.36
2026-09-09T12:46:30.031,1788938190.0313,8411,1697,21.76
2026-09-09T12:46:30.047,1788938190.0470,8412,-1568,-20.1
2026-09-09T12:46:30.053,1788938190.0531,8413,1701,21.81
2026-09-09T12:46:30.062,1788938190.0627,8414,-1707,-21.88
2026-09-09T12:46:30.076,1788938190.0770,8415,1642,21.05
2026-09-09T12:46:30.084,1788938190.0848,8416,-1766,-22.64
2026-09-09T12:46:30.094,1788938190.0946,8417,889,11.4
2026-09-09T12:46:30.094,1788938190.0946,8418,-1841,-23.6
2026-09-09T12:46:30.110,1788938190.1106,8419,1181,15.14
2026-09-09T12:46:30.126,1788938190.1267,8420,-1841,-23.6
2026-09-09T12:46:30.132,1788938190.1327,8421,1345,17.24
2026-09-09T12:46:30.142,1788938190.1428,8422,-1824,-23.38
2026-09-09T12:46:30.142,1788938190.1428,8423,1493,19.14
2026-09-09T12:46:30.158,1788938190.1586,8424,-1771,-22.71
2026-09-09T12:46:30.174,1788938190.1745,8425,1589,20.37
2026-09-09T12:46:30.185,1788938190.1851,8426,-1673,-21.45
2026-09-09T12:46:30.194,1788938190.1946,8427,1642,21.05
2026-09-09T12:46:30.206,1788938190.2063,8428,-1168,-14.97
2026-09-09T12:46:30.206,1788938190.2063,8429,1715,21.99
2026-09-09T12:46:30.222,1788938190.2222,8430,-1419,-18.19
2026-09-09T12:46:30.222,1788938190.2222,8431,1728,22.15
2026-09-09T12:46:30.237,1788938190.2379,8432,-1605,-20.58
2026-09-09T12:46:30.253,1788938190.2537,8433,1680,21.54
2026-09-09T12:46:30.253,1788938190.2537,8434,-1716,-22.0
2026-09-09T12:46:30.269,1788938190.2696,8435,1608,20.62
2026-09-09T12:46:30.285,1788938190.2857,8436,-1792,-22.97
2026-09-09T12:46:30.295,1788938190.2955,8437,1015,13.01
2026-09-09T12:46:30.301,1788938190.3018,8438,-1787,-22.91
2026-09-09T12:46:30.301,1788938190.3018,8439,1270,16.28
2026-09-09T12:46:30.319,1788938190.3196,8440,-1784,-22.87
2026-09-09T12:46:30.333,1788938190.3335,8441,1458,18.69
2026-09-09T12:46:30.333,1788938190.3335,8442,-1755,-22.5
2026-09-09T12:46:30.352,1788938190.3524,8443,1585,20.32
2026-09-09T12:46:30.365,1788938190.3653,8444,-1699,-21.78
2026-09-09T12:46:30.365,1788938190.3653,8445,1657,21.24
2026-09-09T12:46:30.381,1788938190.3810,8446,-1602,-20.54
2026-09-09T12:46:30.396,1788938190.3969,8447,1689,21.65
2026-09-09T12:46:30.402,1788938190.4030,8448,-1253,-16.06
2026-09-09T12:46:30.412,1788938190.4129,8449,1713,21.96
2026-09-09T12:46:30.412,1788938190.4129,8450,-1464,-18.77
2026-09-09T12:46:30.429,1788938190.4292,8451,1730,22.18
2026-09-09T12:46:30.445,1788938190.4452,8452,-1619,-20.76
2026-09-09T12:46:30.453,1788938190.4532,8453,1661,21.29
2026-09-09T12:46:30.460,1788938190.4609,8454,-1726,-22.13
2026-09-09T12:46:30.460,1788938190.4609,8455,1597,20.47
2026-09-09T12:46:30.477,1788938190.4777,8456,-1782,-22.85
2026-09-09T12:46:30.492,1788938190.4926,8457,1144,14.67
2026-09-09T12:46:30.508,1788938190.5085,8458,-1807,-23.17
2026-09-09T12:46:30.508,1788938190.5085,8459,1371,17.58
2026-09-09T12:46:30.524,1788938190.5242,8460,-1783,-22.86
2026-09-09T12:46:30.524,1788938190.5242,8461,1518,19.46
2026-09-09T12:46:30.540,1788938190.5402,8462,-1715,-21.99
2026-09-09T12:46:30.556,1788938190.5560,8463,1629,20.88
2026-09-09T12:46:30.559,1788938190.5595,8464,-1634,-20.95
2026-09-09T12:46:30.572,1788938190.5728,8465,1697,21.76
2026-09-09T12:46:30.592,1788938190.5921,8466,-1525,-19.55
2026-09-09T12:46:30.592,1788938190.5921,8467,1721,22.06
2026-09-09T12:46:30.605,1788938190.6057,8468,-1321,-16.94
2026-09-09T12:46:30.605,1788938190.6057,8469,1733,22.22
2026-09-09T12:46:30.619,1788938190.6195,8470,-1548,-19.85
2026-09-09T12:46:30.635,1788938190.6352,8471,1733,22.22
2026-09-09T12:46:30.635,1788938190.6352,8472,-1660,-21.28
2026-09-09T12:46:30.651,1788938190.6510,8473,1648,21.13
2026-09-09T12:46:30.666,1788938190.6669,8474,-1751,-22.45
2026-09-09T12:46:30.666,1788938190.6669,8475,1563,20.04
2026-09-09T12:46:30.682,1788938190.6825,8476,-1799,-23.06
2026-09-09T12:46:30.698,1788938190.6985,8477,1210,15.51
2026-09-09T12:46:30.698,1788938190.6985,8478,-1784,-22.87
2026-09-09T12:46:30.714,1788938190.7142,8479,1434,18.38
2026-09-09T12:46:30.730,1788938190.7307,8480,-1748,-22.41
2026-09-09T12:46:30.730,1788938190.7307,8481,1573,20.17
2026-09-09T12:46:30.745,1788938190.7459,8482,-1708,-21.9
2026-09-09T12:46:30.745,1788938190.7459,8483,1636,20.97
2026-09-09T12:46:30.766,1788938190.7666,8484,-1619,-20.76
2026-09-09T12:46:30.766,1788938190.7666,8485,1688,21.64
2026-09-09T12:46:30.793,1788938190.7933,8486,-1142,-14.64
2026-09-09T12:46:30.793,1788938190.7933,8487,1728,22.15
2026-09-09T12:46:30.809,1788938190.8093,8488,-1402,-17.97
2026-09-09T12:46:30.809,1788938190.8093,8489,1736,22.26
2026-09-09T12:46:30.824,1788938190.8249,8490,-1573,-20.17
2026-09-09T12:46:30.824,1788938190.8249,8491,1687,21.63
2026-09-09T12:46:30.841,1788938190.8412,8492,-1689,-21.65
2026-09-09T12:46:30.857,1788938190.8570,8493,1627,20.86
2026-09-09T12:46:30.857,1788938190.8570,8494,-1765,-22.63
2026-09-09T12:46:30.873,1788938190.8730,8495,1509,19.35
2026-09-09T12:46:30.888,1788938190.8887,8496,-1781,-22.83
2026-09-09T12:46:30.897,1788938190.8977,8497,1309,16.78
2026-09-09T12:46:30.904,1788938190.9044,8498,-1793,-22.99
2026-09-09T12:46:30.915,1788938190.9155,8499,1484,19.03
2026-09-09T12:46:30.921,1788938190.9214,8500,-1745,-22.37
2026-09-09T12:46:30.936,1788938190.9361,8501,1591,20.4
2026-09-09T12:46:30.936,1788938190.9361,8502,-1689,-21.65
2026-09-09T12:46:30.952,1788938190.9522,8503,1675,21.47
2026-09-09T12:46:30.952,1788938190.9522,8504,-1572,-20.15
2026-09-09T12:46:30.967,1788938190.9679,8505,1703,21.83
2026-09-09T12:46:30.983,1788938190.9836,8506,-1275,-16.35
2026-09-09T12:46:30.983,1788938190.9836,8507,1735,22.24
2026-09-09T12:46:30.999,1788938190.9996,8508,-1490,-19.1
2026-09-09T12:46:31.015,1788938191.0153,8509,1723,22.09
2026-09-09T12:46:31.015,1788938191.0153,8510,-1642,-21.05
2026-09-09T12:46:31.031,1788938191.0310,8511,1671,21.42
2026-09-09T12:46:31.047,1788938191.0470,8512,-1721,-22.06
2026-09-09T12:46:31.047,1788938191.0470,8513,1582,20.28
2026-09-09T12:46:31.062,1788938191.0627,8514,-1765,-22.63
2026-09-09T12:46:31.078,1788938191.0786,8515,1432,18.36
2026-09-09T12:46:31.084,1788938191.0846,8516,-1793,-22.99
2026-09-09T12:46:31.094,1788938191.0945,8517,1372,17.59
2026-09-09T12:46:31.110,1788938191.1105,8518,-1770,-22.69
2026-09-09T12:46:31.114,1788938191.1145,8519,1519,19.47
2026-09-09T12:46:31.126,1788938191.1262,8520,-1722,-22.08
2026-09-09T12:46:31.134,1788938191.1347,8521,1626,20.85
2026-09-09T12:46:31.142,1788938191.1421,8522,-1629,-20.88
2026-09-09T12:46:31.158,1788938191.1580,8523,1674,21.46
2026-09-09T12:46:31.158,1788938191.1580,8524,-1520,-19.49
2026-09-09T12:46:31.180,1788938191.1808,8525,1722,22.08
2026-09-09T12:46:31.180,1788938191.1808,8526,-1367,-17.53
2026-09-09T12:46:31.193,1788938191.1939,8527,1735,22.24
2026-09-09T12:46:31.205,1788938191.2060,8528,-1550,-19.87
2026-09-09T12:46:31.216,1788938191.2167,8529,1711,21.94
2026-09-09T12:46:31.221,1788938191.2219,8530,-1666,-21.36
2026-09-09T12:46:31.221,1788938191.2219,8531,1674,21.46
2026-09-09T12:46:31.237,1788938191.2379,8532,-1754,-22.49
2026-09-09T12:46:31.254,1788938191.2540,8533,1541,19.76
2026-09-09T12:46:31.254,1788938191.2540,8534,-1774,-22.74
2026-09-09T12:46:31.285,1788938191.2853,8535,1403,17.99
2026-09-09T12:46:31.285,1788938191.2853,8536,-1782,-22.85
2026-09-09T12:46:31.285,1788938191.2853,8537,1435,18.4
2026-09-09T12:46:31.307,1788938191.3078,8538,-1766,-22.64
2026-09-09T12:46:31.317,1788938191.3174,8539,1566,20.08
2026-09-09T12:46:31.323,1788938191.3234,8540,-1714,-21.97
2026-09-09T12:46:31.333,1788938191.3331,8541,1670,21.41
2026-09-09T12:46:31.348,1788938191.3489,8542,-1605,-20.58
2026-09-09T12:46:31.358,1788938191.3586,8543,1734,22.23
2026-09-09T12:46:31.364,1788938191.3646,8544,-1424,-18.26
2026-09-09T12:46:31.364,1788938191.3646,8545,1745,22.37
2026-09-09T12:46:31.381,1788938191.3816,8546,-1432,-18.36
2026-09-09T12:46:31.396,1788938191.3963,8547,1729,22.17
2026-09-09T12:46:31.396,1788938191.3963,8548,-1599,-20.5
2026-09-09T12:46:31.412,1788938191.4122,8549,1717,22.01
2026-09-09T12:46:31.412,1788938191.4122,8550,-1727,-22.14
2026-09-09T12:46:31.427,1788938191.4279,8551,1624,20.82
2026-09-09T12:46:31.443,1788938191.4436,8552,-1779,-22.81
2026-09-09T12:46:31.443,1788938191.4436,8553,1483,19.01
2026-09-09T12:46:31.464,1788938191.4649,8554,-1795,-23.01
2026-09-09T12:46:31.481,1788938191.4817,8555,1373,17.6
2026-09-09T12:46:31.484,1788938191.4850,8556,-1807,-23.17
2026-09-09T12:46:31.494,1788938191.4948,8557,1506,19.31
2026-09-09T12:46:31.506,1788938191.5064,8558,-1751,-22.45
2026-09-09T12:46:31.514,1788938191.5144,8559,1633,20.94
2026-09-09T12:46:31.522,1788938191.5222,8560,-1667,-21.37
2026-09-09T12:46:31.538,1788938191.5382,8561,1684,21.59
2026-09-09T12:46:31.542,1788938191.5423,8562,-1558,-19.97
2026-09-09T12:46:31.553,1788938191.5540,8563,1748,22.41
2026-09-09T12:46:31.563,1788938191.5638,8564,-1432,-18.36
2026-09-09T12:46:31.574,1788938191.5746,8565,1737,22.27
2026-09-09T12:46:31.585,1788938191.5854,8566,-1529,-19.6
2026-09-09T12:46:31.585,1788938191.5854,8567,1737,22.27
2026-09-09T12:46:31.601,1788938191.6014,8568,-1656,-21.23
2026-09-09T12:46:31.617,1788938191.6172,8569,1688,21.64
2026-09-09T12:46:31.622,1788938191.6227,8570,-1752,-22.46
2026-09-09T12:46:31.632,1788938191.6327,8571,1591,20.4
2026-09-09T12:46:31.648,1788938191.6484,8572,-1780,-22.82
2026-09-09T12:46:31.652,1788938191.6526,8573,1458,18.69
2026-09-09T12:46:31.664,1788938191.6644,8574,-1780,-22.82
2026-09-09T12:46:31.673,1788938191.6737,8575,1300,16.67
2026-09-09T12:46:31.686,1788938191.6868,8576,-1784,-22.87
2026-09-09T12:46:31.688,1788938191.6888,8577,1552,19.9
2026-09-09T12:46:31.704,1788938191.7046,8578,-1732,-22.21
2026-09-09T12:46:31.704,1788938191.7046,8579,1652,21.18
2026-09-09T12:46:31.721,1788938191.7217,8580,-1643,-21.06
2026-09-09T12:46:31.736,1788938191.7369,8581,1704,21.85
2026-09-09T12:46:31.736,1788938191.7369,8582,-1522,-19.51
2026-09-09T12:46:31.751,1788938191.7511,8583,1744,22.36
2026-09-09T12:46:31.751,1788938191.7511,8584,-1356,-17.38
2026-09-09T12:46:31.781,1788938191.7817,8585,1744,22.36
2026-09-09T12:46:31.783,1788938191.7835,8586,-1581,-20.27
2026-09-09T12:46:31.799,1788938191.7991,8587,1704,21.85
2026-09-09T12:46:31.799,1788938191.7991,8588,-1708,-21.9
2026-09-09T12:46:31.814,1788938191.8150,8589,1648,21.13
2026-09-09T12:46:31.814,1788938191.8150,8590,-1788,-22.92
2026-09-09T12:46:31.830,1788938191.8307,8591,1515,19.42
2026-09-09T12:46:31.846,1788938191.8464,8592,-1811,-23.22
2026-09-09T12:46:31.846,1788938191.8464,8593,1386,17.77
2026-09-09T12:46:31.862,1788938191.8625,8594,-1811,-23.22
2026-09-09T12:46:31.878,1788938191.8785,8595,1438,18.44
2026-09-09T12:46:31.887,1788938191.8876,8596,-1791,-22.96
2026-09-09T12:46:31.898,1788938191.8987,8597,1565,20.06
2026-09-09T12:46:31.903,1788938191.9040,8598,-1722,-22.08
2026-09-09T12:46:31.912,1788938191.9123,8599,1661,21.29
2026-09-09T12:46:31.926,1788938191.9264,8600,-1621,-20.78
2026-09-09T12:46:31.926,1788938191.9264,8601,1718,22.03
2026-09-09T12:46:31.942,1788938191.9425,8602,-1463,-18.76
2026-09-09T12:46:31.942,1788938191.9425,8603,1726,22.13
2026-09-09T12:46:31.958,1788938191.9582,8604,-1309,-16.78
2026-09-09T12:46:31.982,1788938191.9821,8605,1723,22.09
2026-09-09T12:46:31.989,1788938191.9900,8606,-1638,-21.0
2026-09-09T12:46:31.998,1788938191.9981,8607,1655,21.22
2026-09-09T12:46:32.005,1788938192.0057,8608,-1769,-22.68
2026-09-09T12:46:32.005,1788938192.0057,8609,1563,20.04
2026-09-09T12:46:32.023,1788938192.0234,8610,-1816,-23.28
2026-09-09T12:46:32.023,1788938192.0234,8611,1442,18.49
2026-09-09T12:46:32.037,1788938192.0376,8612,-1843,-23.63
2026-09-09T12:46:32.053,1788938192.0532,8613,1297,16.63
2026-09-09T12:46:32.068,1788938192.0689,8614,-1851,-23.73
2026-09-09T12:46:32.068,1788938192.0689,8615,1482,19.0
2026-09-09T12:46:32.082,1788938192.0821,8616,-1790,-22.95
2026-09-09T12:46:32.092,1788938192.0923,8617,1558,19.97
2026-09-09T12:46:32.100,1788938192.1003,8618,-1708,-21.9
2026-09-09T12:46:32.116,1788938192.1164,8619,1608,20.62
2026-09-09T12:46:32.124,1788938192.1246,8620,-1606,-20.59
2026-09-09T12:46:32.132,1788938192.1326,8621,1637,20.99
2026-09-09T12:46:32.132,1788938192.1326,8622,-1467,-18.81
2026-09-09T12:46:32.148,1788938192.1486,8623,1667,21.37
2026-09-09T12:46:32.164,1788938192.1647,8624,-1267,-16.24
2026-09-09T12:46:32.174,1788938192.1747,8625,1660,21.28
2026-09-09T12:46:32.186,1788938192.1860,8626,-1748,-22.41
2026-09-09T12:46:32.196,1788938192.1963,8627,1561,20.01
2026-09-09T12:46:32.196,1788938192.1963,8628,-1842,-23.62
2026-09-09T12:46:32.212,1788938192.2123,8629,1458,18.69
2026-09-09T12:46:32.212,1788938192.2123,8630,-1864,-23.9
2026-09-09T12:46:32.228,1788938192.2283,8631,1330,17.05
2026-09-09T12:46:32.244,1788938192.2440,8632,-1875,-24.04
2026-09-09T12:46:32.244,1788938192.2440,8633,1186,15.21
2026-09-09T12:46:32.260,1788938192.2601,8634,-1841,-23.6
2026-09-09T12:46:32.260,1788938192.2601,8635,1460,18.72
2026-09-09T12:46:32.282,1788938192.2823,8636,-1803,-23.12
2026-09-09T12:46:32.293,1788938192.2931,8637,1537,19.71
2026-09-09T12:46:32.307,1788938192.3071,8638,-1681,-21.55
2026-09-09T12:46:32.314,1788938192.3142,8639,1635,20.96
2026-09-09T12:46:32.322,1788938192.3230,8640,-1554,-19.92
2026-09-09T12:46:32.322,1788938192.3230,8641,1633,20.94
2026-09-09T12:46:32.338,1788938192.3387,8642,-1374,-17.62
2026-09-09T12:46:32.356,1788938192.3570,8643,1646,21.1
2026-09-09T12:46:32.356,1788938192.3570,8644,-1220,-15.64
2026-09-09T12:46:32.370,1788938192.3706,8645,1624,20.82
2026-09-09T12:46:32.386,1788938192.3864,8646,-1764,-22.62
2026-09-09T12:46:32.392,1788938192.3925,8647,1540,19.74
2026-09-09T12:46:32.402,1788938192.4026,8648,-1830,-23.46
2026-09-09T12:46:32.402,1788938192.4026,8649,1428,18.31
2026-09-09T12:46:32.418,1788938192.4189,8650,-1853,-23.76
2026-09-09T12:46:32.434,1788938192.4350,8651,1308,16.77
2026-09-09T12:46:32.442,1788938192.4430,8652,-1844,-23.64
2026-09-09T12:46:32.451,1788938192.4512,8653,1128,14.46
2026-09-09T12:46:32.451,1788938192.4512,8654,-1807,-23.17
2026-09-09T12:46:32.467,1788938192.4671,8655,1510,19.36
2026-09-09T12:46:32.484,1788938192.4846,8656,-1733,-22.22
2026-09-09T12:46:32.484,1788938192.4846,8657,1587,20.35
2026-09-09T12:46:32.498,1788938192.4983,8658,-1619,-20.76
2026-09-09T12:46:32.514,1788938192.5141,8659,1656,21.23
2026-09-09T12:46:32.522,1788938192.5229,8660,-1452,-18.62
2026-09-09T12:46:32.530,1788938192.5302,8661,1666,21.36
2026-09-09T12:46:32.546,1788938192.5460,8662,-1293,-16.58
2026-09-09T12:46:32.554,1788938192.5540,8663,1691,21.68
2026-09-09T12:46:32.563,1788938192.5637,8664,-1131,-14.5
2026-09-09T12:46:32.563,1788938192.5637,8665,1603,20.55
2026-09-09T12:46:32.587,1788938192.5876,8666,-1764,-22.62
2026-09-09T12:46:32.594,1788938192.5940,8667,1515,19.42
2026-09-09T12:46:32.603,1788938192.6040,8668,-1815,-23.27
2026-09-09T12:46:32.609,1788938192.6097,8669,1403,17.99
2026-09-09T12:46:32.625,1788938192.6257,8670,-1823,-23.37
2026-09-09T12:46:32.625,1788938192.6257,8671,1258,16.13
2026-09-09T12:46:32.641,1788938192.6419,8672,-1798,-23.05
2026-09-09T12:46:32.641,1788938192.6419,8673,1105,14.17
2026-09-09T12:46:32.657,1788938192.6576,8674,-1761,-22.58
2026-09-09T12:46:32.678,1788938192.6785,8675,1579,20.24
2026-09-09T12:46:32.684,1788938192.6842,8676,-1656,-21.23
2026-09-09T12:46:32.689,1788938192.6898,8677,1643,21.06
2026-09-09T12:46:32.705,1788938192.7056,8678,-1522,-19.51
2026-09-09T12:46:32.705,1788938192.7056,8679,1676,21.49
2026-09-09T12:46:32.723,1788938192.7232,8680,-1368,-17.54
2026-09-09T12:46:32.737,1788938192.7373,8681,1697,21.76
2026-09-09T12:46:32.737,1788938192.7373,8682,-1190,-15.26
2026-09-09T12:46:32.753,1788938192.7532,8683,1658,21.26
2026-09-09T12:46:32.753,1788938192.7532,8684,-1036,-13.28
2026-09-09T12:46:32.775,1788938192.7751,8685,1593,20.42
2026-09-09T12:46:32.784,1788938192.7842,8686,-1762,-22.59
2026-09-09T12:46:32.784,1788938192.7842,8687,1513,19.4
2026-09-09T12:46:32.803,1788938192.8040,8688,-1793,-22.99
2026-09-09T12:46:32.815,1788938192.8157,8689,1368,17.54
2026-09-09T12:46:32.823,1788938192.8238,8690,-1770,-22.69
2026-09-09T12:46:32.833,1788938192.8337,8691,1234,15.82
2026-09-09T12:46:32.847,1788938192.8474,8692,-1758,-22.54
2026-09-09T12:46:32.847,1788938192.8474,8693,1109,14.22
2026-09-09T12:46:32.863,1788938192.8638,8694,-1689,-21.65
2026-09-09T12:46:32.863,1788938192.8638,8695,1643,21.06
2026-09-09T12:46:32.885,1788938192.8851,8696,-1588,-20.36
2026-09-09T12:46:32.895,1788938192.8953,8697,1687,21.63
2026-09-09T12:46:32.895,1788938192.8953,8698,-1402,-17.97
2026-09-09T12:46:32.911,1788938192.9113,8699,1723,22.09
2026-09-09T12:46:32.926,1788938192.9269,8700,-1237,-15.86
2026-09-09T12:46:32.932,1788938192.9330,8701,1703,21.83
2026-09-09T12:46:32.944,1788938192.9448,8702,-1076,-13.79
2026-09-09T12:46:32.944,1788938192.9448,8703,1671,21.42
2026-09-09T12:46:32.958,1788938192.9589,8704,-1662,-21.31
2026-09-09T12:46:32.974,1788938192.9747,8705,1613,20.68
2026-09-09T12:46:32.985,1788938192.9852,8706,-1726,-22.13
2026-09-09T12:46:32.990,1788938192.9904,8707,1492,19.13
2026-09-09T12:46:32.990,1788938192.9904,8708,-1723,-22.09
2026-09-09T12:46:33.006,1788938193.0061,8709,1349,17.29
2026-09-09T12:46:33.022,1788938193.0221,8710,-1696,-21.74
2026-09-09T12:46:33.022,1788938193.0221,8711,1227,15.73
2026-09-09T12:46:33.038,1788938193.0381,8712,-1661,-21.29
2026-09-09T12:46:33.054,1788938193.0541,8713,1076,13.79
2026-09-09T12:46:33.070,1788938193.0700,8714,-1581,-20.27
2026-09-09T12:46:33.070,1788938193.0700,8715,1725,22.12
2026-09-09T12:46:33.085,1788938193.0853,8716,-1433,-18.37
2026-09-09T12:46:33.085,1788938193.0853,8717,1764,22.62
2026-09-09T12:46:33.101,1788938193.1011,8718,-1305,-16.73
2026-09-09T12:46:33.117,1788938193.1171,8719,1811,23.22
2026-09-09T12:46:33.117,1788938193.1171,8720,-1097,-14.06
2026-09-09T12:46:33.133,1788938193.1332,8721,1797,23.04
2026-09-09T12:46:33.143,1788938193.1436,8722,-950,-12.18
2026-09-09T12:46:33.155,1788938193.1551,8723,1743,22.35
2026-09-09T12:46:33.166,1788938193.1669,8724,-1637,-20.99
2026-09-09T12:46:33.173,1788938193.1737,8725,1664,21.33
2026-09-09T12:46:33.186,1788938193.1861,8726,-1663,-21.32
2026-09-09T12:46:33.196,1788938193.1963,8727,1509,19.35
2026-09-09T12:46:33.196,1788938193.1963,8728,-1666,-21.36
2026-09-09T12:46:33.212,1788938193.2121,8729,1365,17.5
2026-09-09T12:46:33.212,1788938193.2121,8730,-1628,-20.87
2026-09-09T12:46:33.233,1788938193.2334,8731,1222,15.67
2026-09-09T12:46:33.243,1788938193.2438,8732,-1574,-20.18
2026-09-09T12:46:33.254,1788938193.2540,8733,1079,13.83
2026-09-09T12:46:33.259,1788938193.2597,8734,-1503,-19.27
2026-09-09T12:46:33.275,1788938193.2754,8735,1763,22.6
2026-09-09T12:46:33.275,1788938193.2754,8736,-1359,-17.42
2026-09-09T12:46:33.291,1788938193.2911,8737,1821,23.35
2026-09-09T12:46:33.306,1788938193.3069,8738,-1200,-15.38
2026-09-09T12:46:33.312,1788938193.3129,8739,1856,23.79
2026-09-09T12:46:33.322,1788938193.3228,8740,-1009,-12.94
2026-09-09T12:46:33.322,1788938193.3228,8741,1825,23.4
2026-09-09T12:46:33.338,1788938193.3387,8742,-862,-11.05
2026-09-09T12:46:33.354,1788938193.3546,8743,1750,22.44
2026-09-09T12:46:33.370,1788938193.3704,8744,-1603,-20.55
2026-09-09T12:46:33.370,1788938193.3704,8745,1642,21.05
2026-09-09T12:46:33.387,1788938193.3872,8746,-1621,-20.78
2026-09-09T12:46:33.397,1788938193.3976,8747,1510,19.36
2026-09-09T12:46:33.401,1788938193.4019,8748,-1628,-20.87
2026-09-09T12:46:33.401,1788938193.4019,8749,1353,17.35
2026-09-09T12:46:33.417,1788938193.4179,8750,-1599,-20.5
2026-09-09T12:46:33.434,1788938193.4341,8751,1213,15.55
2026-09-09T12:46:33.450,1788938193.4500,8752,-1522,-19.51
2026-09-09T12:46:33.454,1788938193.4540,8753,1090,13.97
2026-09-09T12:46:33.473,1788938193.4731,8754,-1431,-18.35
2026-09-09T12:46:33.473,1788938193.4731,8755,1846,23.67
2026-09-09T12:46:33.481,1788938193.4815,8756,-1269,-16.27
2026-09-09T12:46:33.497,1788938193.4977,8757,1867,23.94
2026-09-09T12:46:33.497,1788938193.4977,8758,-1106,-14.18
2026-09-09T12:46:33.513,1788938193.5136,8759,1869,23.96
2026-09-09T12:46:33.513,1788938193.5136,8760,-939,-12.04
2026-09-09T12:46:33.529,1788938193.5295,8761,1838,23.56
2026-09-09T12:46:33.545,1788938193.5453,8762,-770,-9.87
2026-09-09T12:46:33.545,1788938193.5453,8763,1762,22.59
2026-09-09T12:46:33.567,1788938193.5678,8764,-1627,-20.86
2026-09-09T12:46:33.576,1788938193.5768,8765,1625,20.83
2026-09-09T12:46:33.588,1788938193.5888,8766,-1634,-20.95
2026-09-09T12:46:33.592,1788938193.5928,8767,1473,18.88
2026-09-09T12:46:33.592,1788938193.5928,8768,-1661,-21.29
2026-09-09T12:46:33.608,1788938193.6086,8769,1309,16.78
2026-09-09T12:46:33.624,1788938193.6245,8770,-1587,-20.35
2026-09-09T12:46:33.640,1788938193.6403,8771,1181,15.14
2026-09-09T12:46:33.640,1788938193.6403,8772,-1517,-19.45
2026-09-09T12:46:33.640,1788938193.6403,8773,1002,12.85
2026-09-09T12:46:33.656,1788938193.6563,8774,-1411,-18.09
2026-09-09T12:46:33.672,1788938193.6723,8775,1851,23.73
2026-09-09T12:46:33.672,1788938193.6723,8776,-1251,-16.04
2026-09-09T12:46:33.688,1788938193.6884,8777,1872,24.0
2026-09-09T12:46:33.704,1788938193.7046,8778,-1104,-14.15
2026-09-09T12:46:33.704,1788938193.7046,8779,1838,23.56
2026-09-09T12:46:33.722,1788938193.7227,8780,-929,-11.91
2026-09-09T12:46:33.736,1788938193.7366,8781,1751,22.45
2026-09-09T12:46:33.736,1788938193.7366,8782,-782,-10.03
2026-09-09T12:46:33.752,1788938193.7523,8783,1672,21.44
2026-09-09T12:46:33.752,1788938193.7523,8784,-1679,-21.53
2026-09-09T12:46:33.768,1788938193.7684,8785,1513,19.4
2026-09-09T12:46:33.787,1788938193.7873,8786,-1721,-22.06
2026-09-09T12:46:33.787,1788938193.7873,8787,1353,17.35
2026-09-09T12:46:33.800,1788938193.8003,8788,-1683,-21.58
2026-09-09T12:46:33.815,1788938193.8160,8789,1210,15.51
2026-09-09T12:46:33.824,1788938193.8247,8790,-1632,-20.92
2026-09-09T12:46:33.832,1788938193.8321,8791,1072,13.74
2026-09-09T12:46:33.832,1788938193.8321,8792,-1525,-19.55
2026-09-09T12:46:33.848,1788938193.8484,8793,1781,22.83
2026-09-09T12:46:33.864,1788938193.8642,8794,-1413,-18.12
2026-09-09T12:46:33.864,1788938193.8642,8795,1812,23.23
2026-09-09T12:46:33.880,1788938193.8801,8796,-1237,-15.86
2026-09-09T12:46:33.887,1788938193.8874,8797,1815,23.27
2026-09-09T12:46:33.895,1788938193.8959,8798,-1065,-13.65
2026-09-09T12:46:33.912,1788938193.9122,8799,1769,22.68
2026-09-09T12:46:33.928,1788938193.9280,8800,-921,-11.81
2026-09-09T12:46:33.933,1788938193.9334,8801,1683,21.58
2026-09-09T12:46:33.943,1788938193.9434,8802,-777,-9.96
2026-09-09T12:46:33.943,1788938193.9434,8803,1545,19.81
2026-09-09T12:46:33.959,1788938193.9592,8804,-1761,-22.58
2026-09-09T12:46:33.982,1788938193.9824,8805,1423,18.24
2026-09-09T12:46:33.989,1788938193.9896,8806,-1750,-22.44
2026-09-09T12:46:33.993,1788938193.9931,8807,1252,16.05
2026-09-09T12:46:34.009,1788938194.0098,8808,-1751,-22.45
2026-09-09T12:46:34.015,1788938194.0160,8809,1095,14.04
2026-09-09T12:46:34.022,1788938194.0230,8810,-1667,-21.37
2026-09-09T12:46:34.022,1788938194.0230,8811,938,12.03
2026-09-09T12:46:34.038,1788938194.0387,8812,-1554,-19.92
2026-09-09T12:46:34.054,1788938194.0543,8813,1740,22.31
2026-09-09T12:46:34.054,1788938194.0543,8814,-1381,-17.71
2026-09-09T12:46:34.070,1788938194.0704,8815,1800,23.08
2026-09-09T12:46:34.086,1788938194.0865,8816,-1184,-15.18
2026-09-09T12:46:34.093,1788938194.0938,8817,1795,23.01
2026-09-09T12:46:34.102,1788938194.1028,8818,-1032,-13.23
2026-09-09T12:46:34.118,1788938194.1187,8819,1749,22.42
2026-09-09T12:46:34.124,1788938194.1247,8820,-864,-11.08
2026-09-09T12:46:34.134,1788938194.1346,8821,1639,21.01
2026-09-09T12:46:34.150,1788938194.1504,8822,-729,-9.35
2026-09-09T12:46:34.156,1788938194.1563,8823,1509,19.35
2026-09-09T12:46:34.166,1788938194.1664,8824,-1773,-22.73
2026-09-09T12:46:34.178,1788938194.1789,8825,1354,17.36
2026-09-09T12:46:34.182,1788938194.1824,8826,-1750,-22.44
2026-09-09T12:46:34.198,1788938194.1982,8827,1208,15.49
2026-09-09T12:46:34.198,1788938194.1982,8828,-1695,-21.73
2026-09-09T12:46:34.214,1788938194.2142,8829,1062,13.62
2026-09-09T12:46:34.214,1788938194.2142,8830,-1611,-20.65
2026-09-09T12:46:34.230,1788938194.2301,8831,901,11.55
2026-09-09T12:46:34.246,1788938194.2461,8832,-1498,-19.21
2026-09-09T12:46:34.246,1788938194.2461,8833,1771,22.71
2026-09-09T12:46:34.262,1788938194.2623,8834,-1349,-17.29
2026-09-09T12:46:34.262,1788938194.2623,8835,1759,22.55
2026-09-09T12:46:34.278,1788938194.2783,8836,-1160,-14.87
2026-09-09T12:46:34.294,1788938194.2941,8837,1731,22.19
2026-09-09T12:46:34.294,1788938194.2941,8838,-1023,-13.12
2026-09-09T12:46:34.310,1788938194.3101,8839,1658,21.26
2026-09-09T12:46:34.310,1788938194.3101,8840,-874,-11.21
2026-09-09T12:46:34.333,1788938194.3336,8841,1537,19.71
2026-09-09T12:46:34.344,1788938194.3448,8842,-734,-9.41
2026-09-09T12:46:34.357,1788938194.3577,8843,1388,17.79
2026-09-09T12:46:34.364,1788938194.3640,8844,-1829,-23.45
2026-09-09T12:46:34.372,1788938194.3729,8845,1235,15.83
2026-09-09T12:46:34.372,1788938194.3729,8846,-1817,-23.29
2026-09-09T12:46:34.388,1788938194.3884,8847,1046,13.41
2026-09-09T12:46:34.404,1788938194.4042,8848,-1771,-22.71
2026-09-09T12:46:34.404,1788938194.4042,8849,890,11.41
2026-09-09T12:46:34.419,1788938194.4200,8850,-1685,-21.6
2026-09-09T12:46:34.435,1788938194.4358,8851,736,9.44
2026-09-09T12:46:34.435,1788938194.4358,8852,-1538,-19.72
2026-09-09T12:46:34.451,1788938194.4518,8853,1632,20.92
2026-09-09T12:46:34.472,1788938194.4728,8854,-1394,-17.87
2026-09-09T12:46:34.472,1788938194.4728,8855,1619,20.76
2026-09-09T12:46:34.483,1788938194.4839,8856,-1259,-16.14
2026-09-09T12:46:34.489,1788938194.4895,8857,1581,20.27
2026-09-09T12:46:34.499,1788938194.5000,8858,-1067,-13.68
2026-09-09T12:46:34.515,1788938194.5157,8859,1490,19.1
2026-09-09T12:46:34.523,1788938194.5237,8860,-925,-11.86
2026-09-09T12:46:34.535,1788938194.5355,8861,1371,17.58
2026-09-09T12:46:34.547,1788938194.5475,8862,-770,-9.87
2026-09-09T12:46:34.559,1788938194.5592,8863,1228,15.74
2026-09-09T12:46:34.566,1788938194.5670,8864,-1908,-24.46
2026-09-09T12:46:34.566,1788938194.5670,8865,1073,13.76
2026-09-09T12:46:34.584,1788938194.5850,8866,-1862,-23.87
2026-09-09T12:46:34.594,1788938194.5950,8867,918,11.77
2026-09-09T12:46:34.594,1788938194.5950,8868,-1802,-23.1
2026-09-09T12:46:34.610,1788938194.6107,8869,792,10.15
2026-09-09T12:46:34.610,1788938194.6107,8870,-1659,-21.27
2026-09-09T12:46:34.642,1788938194.6424,8871,662,8.49
2026-09-09T12:46:34.646,1788938194.6461,8872,-1499,-19.22
2026-09-09T12:46:34.658,1788938194.6582,8873,1647,21.12
2026-09-09T12:46:34.658,1788938194.6582,8874,-1303,-16.71
2026-09-09T12:46:34.673,1788938194.6740,8875,1657,21.24
2026-09-09T12:46:34.673,1788938194.6740,8876,-1177,-15.09
2026-09-09T12:46:34.689,1788938194.6898,8877,1610,20.64
2026-09-09T12:46:34.705,1788938194.7058,8878,-970,-12.44
2026-09-09T12:46:34.705,1788938194.7058,8879,1502,19.26
2026-09-09T12:46:34.723,1788938194.7237,8880,-797,-10.22
2026-09-09T12:46:34.737,1788938194.7375,8881,1377,17.65
2026-09-09T12:46:34.737,1788938194.7375,8882,-652,-8.36
2026-09-09T12:46:34.757,1788938194.7580,8883,1253,16.06
2026-09-09T12:46:34.762,1788938194.7625,8884,-1831,-23.47
2026-09-09T12:46:34.773,1788938194.7735,8885,1100,14.1
2026-09-09T12:46:34.785,1788938194.7852,8886,-1750,-22.44
2026-09-09T12:46:34.791,1788938194.7912,8887,960,12.31
2026-09-09T12:46:34.802,1788938194.8029,8888,-1672,-21.44
2026-09-09T12:46:34.816,1788938194.8167,8889,800,10.26
2026-09-09T12:46:34.816,1788938194.8167,8890,-1526,-19.56
2026-09-09T12:46:34.832,1788938194.8325,8891,689,8.83
2026-09-09T12:46:34.832,1788938194.8325,8892,-1364,-17.49
2026-09-09T12:46:34.856,1788938194.8564,8893,1725,22.12
2026-09-09T12:46:34.864,1788938194.8649,8894,-1174,-15.05
2026-09-09T12:46:34.864,1788938194.8649,8895,1721,22.06
2026-09-09T12:46:34.880,1788938194.8801,8896,-1013,-12.99
2026-09-09T12:46:34.896,1788938194.8960,8897,1640,21.03
2026-09-09T12:46:34.896,1788938194.8960,8898,-856,-10.97
2026-09-09T12:46:34.912,1788938194.9121,8899,1527,19.58
2026-09-09T12:46:34.912,1788938194.9121,8900,-692,-8.87
2026-09-09T12:46:34.928,1788938194.9283,8901,1401,17.96
2026-09-09T12:46:34.946,1788938194.9464,8902,-549,-7.04
2026-09-09T12:46:34.946,1788938194.9464,8903,1208,15.49
2026-09-09T12:46:34.960,1788938194.9601,8904,-1764,-22.62
2026-09-09T12:46:34.975,1788938194.9760,8905,1067,13.68
2026-09-09T12:46:34.984,1788938194.9840,8906,-1691,-21.68
2026-09-09T12:46:34.991,1788938194.9916,8907,938,12.03
2026-09-09T12:46:35.007,1788938195.0074,8908,-1594,-20.44
2026-09-09T12:46:35.007,1788938195.0074,8909,782,10.03
2026-09-09T12:46:35.023,1788938195.0237,8910,-1444,-18.51
2026-09-09T12:46:35.039,1788938195.0396,8911,647,8.29
2026-09-09T12:46:35.039,1788938195.0396,8912,-1278,-16.38
2026-09-09T12:46:35.055,1788938195.0556,8913,1718,22.03
2026-09-09T12:46:35.055,1788938195.0556,8914,-1109,-14.22
2026-09-09T12:46:35.071,1788938195.0713,8915,1673,21.45
2026-09-09T12:46:35.087,1788938195.0874,8916,-952,-12.21
2026-09-09T12:46:35.092,1788938195.0928,8917,1593,20.42
2026-09-09T12:46:35.103,1788938195.1033,8918,-799,-10.24
2026-09-09T12:46:35.103,1788938195.1033,8919,1464,18.77
2026-09-09T12:46:35.119,1788938195.1195,8920,-651,-8.35
2026-09-09T12:46:35.135,1788938195.1352,8921,1334,17.1
2026-09-09T12:46:35.135,1788938195.1352,8922,-1826,-23.41
2026-09-09T12:46:35.157,1788938195.1577,8923,1165,14.94
2026-09-09T12:46:35.162,1788938195.1623,8924,-1750,-22.44
2026-09-09T12:46:35.167,1788938195.1673,8925,1024,13.13
2026-09-09T12:46:35.183,1788938195.1836,8926,-1673,-21.45
2026-09-09T12:46:35.199,1788938195.1997,8927,864,11.08
2026-09-09T12:46:35.203,1788938195.2037,8928,-1535,-19.68
2026-09-09T12:46:35.213,1788938195.2131,8929,732,9.38
2026-09-09T12:46:35.222,1788938195.2223,8930,-1401,-17.96
2026-09-09T12:46:35.231,1788938195.2317,8931,557,7.14
2026-09-09T12:46:35.231,1788938195.2317,8932,-1203,-15.42
2026-09-09T12:46:35.247,1788938195.2476,8933,1700,21.79
2026-09-09T12:46:35.263,1788938195.2638,8934,-1054,-13.51
2026-09-09T12:46:35.263,1788938195.2638,8935,1648,21.13
2026-09-09T12:46:35.279,1788938195.2798,8936,-889,-11.4
2026-09-09T12:46:35.295,1788938195.2955,8937,1535,19.68
2026-09-09T12:46:35.295,1788938195.2955,8938,-748,-9.59
2026-09-09T12:46:35.311,1788938195.3117,8939,1410,18.08
2026-09-09T12:46:35.311,1788938195.3117,8940,-608,-7.79
2026-09-09T12:46:35.327,1788938195.3275,8941,1237,15.86
2026-09-09T12:46:35.343,1788938195.3438,8942,-1791,-22.96
2026-09-09T12:46:35.343,1788938195.3438,8943,1108,14.21
2026-09-09T12:46:35.363,1788938195.3631,8944,-1722,-22.08
2026-09-09T12:46:35.375,1788938195.3755,8945,943,12.09
2026-09-09T12:46:35.375,1788938195.3755,8946,-1625,-20.83
2026-09-09T12:46:35.391,1788938195.3912,8947,812,10.41
2026-09-09T12:46:35.399,1788938195.3995,8948,-1475,-18.91
2026-09-09T12:46:35.407,1788938195.4072,8949,664,8.51
2026-09-09T12:46:35.422,1788938195.4228,8950,-1309,-16.78
2026-09-09T12:46:35.438,1788938195.4387,8951,517,6.63
2026-09-09T12:46:35.438,1788938195.4387,8952,-1151,-14.76
2026-09-09T12:46:35.454,1788938195.4546,8953,1675,21.47
2026-09-09T12:46:35.463,1788938195.4637,8954,-978,-12.54
2026-09-09T12:46:35.470,1788938195.4708,8955,1619,20.76
2026-09-09T12:46:35.486,1788938195.4869,8956,-813,-10.42
2026-09-09T12:46:35.494,1788938195.4949,8957,1506,19.31
2026-09-09T12:46:35.504,1788938195.5045,8958,-693,-8.88
2026-09-09T12:46:35.518,1788938195.5181,8959,1361,17.45
2026-09-09T12:46:35.518,1788938195.5181,8960,-533,-6.83
2026-09-09T12:46:35.533,1788938195.5338,8961,1195,15.32
2026-09-09T12:46:35.533,1788938195.5338,8962,-1768,-22.67
2026-09-09T12:46:35.549,1788938195.5495,8963,1038,13.31
2026-09-09T12:46:35.566,1788938195.5669,8964,-1691,-21.68
2026-09-09T12:46:35.571,1788938195.5720,8965,906,11.62
2026-09-09T12:46:35.581,1788938195.5813,8966,-1573,-20.17
2026-09-09T12:46:35.581,1788938195.5813,8967,746,9.56
2026-09-09T12:46:35.601,1788938195.6011,8968,-1396,-17.9
2026-09-09T12:46:35.612,1788938195.6128,8969,603,7.73
2026-09-09T12:46:35.612,1788938195.6128,8970,-1250,-16.03
2026-09-09T12:46:35.629,1788938195.6291,8971,495,6.35
2026-09-09T12:46:35.645,1788938195.6451,8972,-1089,-13.96
2026-09-09T12:46:35.653,1788938195.6531,8973,1685,21.6
2026-09-09T12:46:35.661,1788938195.6614,8974,-924,-11.85
2026-09-09T12:46:35.677,1788938195.6775,8975,1536,19.69
2026-09-09T12:46:35.677,1788938195.6775,8976,-755,-9.68
2026-09-09T12:46:35.698,1788938195.6987,8977,1431,18.35
2026-09-09T12:46:35.709,1788938195.7093,8978,-607,-7.78
2026-09-09T12:46:35.713,1788938195.7133,8979,1274,16.33
2026-09-09T12:46:35.726,1788938195.7269,8980,-467,-5.99
2026-09-09T12:46:35.726,1788938195.7269,8981,1148,14.72
2026-09-09T12:46:35.741,1788938195.7414,8982,-1750,-22.44
2026-09-09T12:46:35.753,1788938195.7530,8983,980,12.56
2026-09-09T12:46:35.763,1788938195.7631,8984,-1641,-21.04
2026-09-09T12:46:35.773,1788938195.7734,8985,832,10.67
2026-09-09T12:46:35.773,1788938195.7734,8986,-1515,-19.42
2026-09-09T12:46:35.798,1788938195.7987,8987,712,9.13
2026-09-09T12:46:35.804,1788938195.8047,8988,-1345,-17.24
2026-09-09T12:46:35.804,1788938195.8047,8989,573,7.35
2026-09-09T12:46:35.820,1788938195.8208,8990,-1203,-15.42
2026-09-09T12:46:35.836,1788938195.8365,8991,397,5.09
2026-09-09T12:46:35.842,1788938195.8425,8992,-1014,-13.0
2026-09-09T12:46:35.852,1788938195.8526,8993,1635,20.96
2026-09-09T12:46:35.852,1788938195.8526,8994,-865,-11.09
2026-09-09T12:46:35.868,1788938195.8686,8995,1510,19.36
2026-09-09T12:46:35.884,1788938195.8846,8996,-677,-8.68
2026-09-09T12:46:35.900,1788938195.9005,8997,1369,17.55
2026-09-09T12:46:35.900,1788938195.9005,8998,-573,-7.35
2026-09-09T12:46:35.917,1788938195.9176,8999,1224,15.69
2026-09-09T12:46:35.917,1788938195.9176,9000,-405,-5.19
2026-09-09T12:46:35.935,1788938195.9354,9001,1063,13.63
2026-09-09T12:46:35.935,1788938195.9354,9002,-1707,-21.88
2026-09-09T12:46:35.947,1788938195.9473,9003,938,12.03
2026-09-09T12:46:35.963,1788938195.9631,9004,-1574,-20.18
2026-09-09T12:46:35.963,1788938195.9631,9005,806,10.33
2026-09-09T12:46:35.979,1788938195.9791,9006,-1401,-17.96
2026-09-09T12:46:35.998,1788938195.9989,9007,669,8.58
2026-09-09T12:46:36.002,1788938196.0020,9008,-1240,-15.9
2026-09-09T12:46:36.010,1788938196.0107,9009,557,7.14
2026-09-09T12:46:36.026,1788938196.0266,9010,-1059,-13.58
2026-09-09T12:46:36.032,1788938196.0325,9011,1763,22.6
2026-09-09T12:46:36.044,1788938196.0445,9012,-879,-11.27
2026-09-09T12:46:36.044,1788938196.0445,9013,1681,21.55
2026-09-09T12:46:36.058,1788938196.0585,9014,-712,-9.13
2026-09-09T12:46:36.074,1788938196.0744,9015,1566,20.08
2026-09-09T12:46:36.084,1788938196.0849,9016,-506,-6.49
2026-09-09T12:46:36.098,1788938196.0990,9017,1458,18.69
2026-09-09T12:46:36.106,1788938196.1062,9018,-325,-4.17
2026-09-09T12:46:36.106,1788938196.1062,9019,1366,17.51
2026-09-09T12:46:36.122,1788938196.1222,9020,-160,-2.05
2026-09-09T12:46:36.122,1788938196.1222,9021,1237,15.86
2026-09-09T12:46:36.138,1788938196.1381,9022,-1485,-19.04
2026-09-09T12:46:36.154,1788938196.1542,9023,1101,14.12
2026-09-09T12:46:36.154,1788938196.1542,9024,-1332,-17.08
2026-09-09T12:46:36.169,1788938196.1700,9025,965,12.37
2026-09-09T12:46:36.186,1788938196.1862,9026,-1146,-14.69
2026-09-09T12:46:36.186,1788938196.1862,9027,869,11.14
2026-09-09T12:46:36.202,1788938196.2022,9028,-946,-12.13
2026-09-09T12:46:36.213,1788938196.2134,9029,719,9.22
2026-09-09T12:46:36.218,1788938196.2183,9030,-762,-9.77
2026-09-09T12:46:36.234,1788938196.2343,9031,1969,25.24
2026-09-09T12:46:36.242,1788938196.2427,9032,-611,-7.83
2026-09-09T12:46:36.250,1788938196.2503,9033,1871,23.99
2026-09-09T12:46:36.266,1788938196.2664,9034,-460,-5.9
2026-09-09T12:46:36.274,1788938196.2744,9035,1704,21.85
2026-09-09T12:46:36.284,1788938196.2842,9036,-353,-4.53
2026-09-09T12:46:36.297,1788938196.2980,9037,1517,19.45
2026-09-09T12:46:36.309,1788938196.3099,9038,-218,-2.79
2026-09-09T12:46:36.313,1788938196.3137,9039,1320,16.92
2026-09-09T12:46:36.313,1788938196.3137,9040,-106,-1.36
2026-09-09T12:46:36.329,1788938196.3295,9041,1147,14.71
2026-09-09T12:46:36.345,1788938196.3452,9042,-1526,-19.56
2026-09-09T12:46:36.345,1788938196.3452,9043,929,11.91
2026-09-09T12:46:36.363,1788938196.3639,9044,-1391,-17.83
2026-09-09T12:46:36.363,1788938196.3639,9045,779,9.99
2026-09-09T12:46:36.381,1788938196.3812,9046,-1243,-15.94
2026-09-09T12:46:36.399,1788938196.3991,9047,610,7.82
2026-09-09T12:46:36.409,1788938196.4092,9048,-1106,-14.18
2026-09-09T12:46:36.409,1788938196.4092,9049,437,5.6
2026-09-09T12:46:36.424,1788938196.4250,9050,-934,-11.97
2026-09-09T12:46:36.424,1788938196.4250,9051,1682,21.56
2026-09-09T12:46:36.440,1788938196.4406,9052,-803,-10.29
2026-09-09T12:46:36.459,1788938196.4596,9053,1552,19.9
2026-09-09T12:46:36.459,1788938196.4596,9054,-651,-8.35
2026-09-09T12:46:36.472,1788938196.4721,9055,1390,17.82
2026-09-09T12:46:36.488,1788938196.4882,9056,-528,-6.77
2026-09-09T12:46:36.492,1788938196.4930,9057,1225,15.71
2026-09-09T12:46:36.503,1788938196.5039,9058,-387,-4.96
2026-09-09T12:46:36.519,1788938196.5200,9059,1060,13.59
2026-09-09T12:46:36.519,1788938196.5200,9060,-235,-3.01
2026-09-09T12:46:36.535,1788938196.5358,9061,900,11.54
2026-09-09T12:46:36.535,1788938196.5358,9062,-1636,-20.97
2026-09-09T12:46:36.551,1788938196.5517,9063,760,9.74
2026-09-09T12:46:36.568,1788938196.5681,9064,-1474,-18.9
2026-09-09T12:46:36.568,1788938196.5681,9065,609,7.81
2026-09-09T12:46:36.583,1788938196.5833,9066,-1307,-16.76
2026-09-09T12:46:36.599,1788938196.5991,9067,466,5.97
2026-09-09T12:46:36.603,1788938196.6032,9068,-1153,-14.78
2026-09-09T12:46:36.614,1788938196.6148,9069,279,3.58
2026-09-09T12:46:36.614,1788938196.6148,9070,-967,-12.4
2026-09-09T12:46:36.630,1788938196.6306,9071,1561,20.01
2026-09-09T12:46:36.646,1788938196.6463,9072,-822,-10.54
2026-09-09T12:46:36.646,1788938196.6463,9073,1425,18.27
2026-09-09T12:46:36.662,1788938196.6625,9074,-669,-8.58
2026-09-09T12:46:36.673,1788938196.6736,9075,1272,16.31
2026-09-09T12:46:36.684,1788938196.6845,9076,-517,-6.63
2026-09-09T12:46:36.694,1788938196.6942,9077,1131,14.5
2026-09-09T12:46:36.710,1788938196.7100,9078,-364,-4.67
2026-09-09T12:46:36.714,1788938196.7140,9079,959,12.29
2026-09-09T12:46:36.725,1788938196.7260,9080,-202,-2.59
2026-09-09T12:46:36.733,1788938196.7337,9081,836,10.72
2026-09-09T12:46:36.742,1788938196.7429,9082,-1583,-20.29
2026-09-09T12:46:36.742,1788938196.7429,9083,673,8.63
2026-09-09T12:46:36.764,1788938196.7647,9084,-1432,-18.36
2026-09-09T12:46:36.778,1788938196.7783,9085,550,7.05
2026-09-09T12:46:36.778,1788938196.7783,9086,-1253,-16.06
2026-09-09T12:46:36.790,1788938196.7900,9087,375,4.81
2026-09-09T12:46:36.805,1788938196.8060,9088,-1079,-13.83
2026-09-09T12:46:36.805,1788938196.8060,9089,220,2.82
2026-09-09T12:46:36.821,1788938196.8217,9090,-946,-12.13
2026-09-09T12:46:36.837,1788938196.8375,9091,1514,19.41
2026-09-09T12:46:36.837,1788938196.8375,9092,-748,-9.59
2026-09-09T12:46:36.853,1788938196.8536,9093,1378,17.67
2026-09-09T12:46:36.863,1788938196.8637,9094,-624,-8.0
2026-09-09T12:46:36.875,1788938196.8755,9095,1217,15.6
2026-09-09T12:46:36.889,1788938196.8896,9096,-487,-6.24
2026-09-09T12:46:36.889,1788938196.8896,9097,1049,13.45
2026-09-09T12:46:36.902,1788938196.9027,9098,-293,-3.76
2026-09-09T12:46:36.916,1788938196.9167,9099,890,11.41
2026-09-09T12:46:36.916,1788938196.9167,9100,-163,-2.09
2026-09-09T12:46:36.932,1788938196.9324,9101,767,9.83
2026-09-09T12:46:36.932,1788938196.9324,9102,-1563,-20.04
2026-09-09T12:46:36.948,1788938196.9483,9103,604,7.74
2026-09-09T12:46:36.964,1788938196.9643,9104,-1380,-17.69
2026-09-09T12:46:36.980,1788938196.9801,9105,470,6.03
2026-09-09T12:46:36.983,1788938196.9837,9106,-1221,-15.65
2026-09-09T12:46:36.995,1788938196.9959,9107,307,3.94
2026-09-09T12:46:37.001,1788938197.0014,9108,-1051,-13.47
2026-09-09T12:46:37.011,1788938197.0117,9109,156,2.0
2026-09-09T12:46:37.028,1788938197.0288,9110,-881,-11.29
2026-09-09T12:46:37.028,1788938197.0288,9111,1442,18.49
2026-09-09T12:46:37.043,1788938197.0435,9112,-716,-9.18
2026-09-09T12:46:37.043,1788938197.0435,9113,1302,16.69
2026-09-09T12:46:37.059,1788938197.0599,9114,-567,-7.27
2026-09-09T12:46:37.075,1788938197.0757,9115,1165,14.94
2026-09-09T12:46:37.075,1788938197.0757,9116,-414,-5.31
2026-09-09T12:46:37.091,1788938197.0917,9117,1021,13.09
2026-09-09T12:46:37.107,1788938197.1077,9118,-249,-3.19
2026-09-09T12:46:37.113,1788938197.1137,9119,870,11.15
2026-09-09T12:46:37.123,1788938197.1235,9120,-1609,-20.63
2026-09-09T12:46:37.123,1788938197.1235,9121,735,9.42
2026-09-09T12:46:37.139,1788938197.1393,9122,-1471,-18.86
2026-09-09T12:46:37.139,1788938197.1393,9123,572,7.33
2026-09-09T12:46:37.170,1788938197.1710,9124,-1308,-16.77
2026-09-09T12:46:37.170,1788938197.1710,9125,441,5.65
2026-09-09T12:46:37.187,1788938197.1871,9126,-1142,-14.64
2026-09-09T12:46:37.187,1788938197.1871,9127,294,3.77
2026-09-09T12:46:37.203,1788938197.2033,9128,-956,-12.26
2026-09-09T12:46:37.203,1788938197.2033,9129,110,1.41
2026-09-09T12:46:37.219,1788938197.2192,9130,-808,-10.36
2026-09-09T12:46:37.234,1788938197.2350,9131,1411,18.09
2026-09-09T12:46:37.234,1788938197.2350,9132,-659,-8.45
2026-09-09T12:46:37.250,1788938197.2507,9133,1274,16.33
2026-09-09T12:46:37.266,1788938197.2664,9134,-514,-6.59
2026-09-09T12:46:37.266,1788938197.2664,9135,1146,14.69
2026-09-09T12:46:37.282,1788938197.2824,9136,-330,-4.23
2026-09-09T12:46:37.282,1788938197.2824,9137,981,12.58
2026-09-09T12:46:37.302,1788938197.3023,9138,-180,-2.31
2026-09-09T12:46:37.313,1788938197.3138,9139,810,10.38
2026-09-09T12:46:37.313,1788938197.3138,9140,-1565,-20.06
2026-09-09T12:46:37.329,1788938197.3297,9141,687,8.81
2026-09-09T12:46:37.345,1788938197.3455,9142,-1394,-17.87
2026-09-09T12:46:37.358,1788938197.3582,9143,532,6.82
2026-09-09T12:46:37.361,1788938197.3613,9144,-1236,-15.85
2026-09-09T12:46:37.379,1788938197.3794,9145,396,5.08
2026-09-09T12:46:37.379,1788938197.3794,9146,-1082,-13.87
2026-09-09T12:46:37.392,1788938197.3929,9147,229,2.94
2026-09-09T12:46:37.402,1788938197.4022,9148,-909,-11.65
2026-09-09T12:46:37.408,1788938197.4086,9149,41,0.53
2026-09-09T12:46:37.424,1788938197.4247,9150,-744,-9.54
2026-09-09T12:46:37.424,1788938197.4247,9151,1362,17.46
2026-09-09T12:46:37.440,1788938197.4407,9152,-591,-7.58
2026-09-09T12:46:37.456,1788938197.4565,9153,1209,15.5
2026-09-09T12:46:37.456,1788938197.4565,9154,-447,-5.73
2026-09-09T12:46:37.472,1788938197.4723,9155,1073,13.76
2026-09-09T12:46:37.472,1788938197.4723,9156,-286,-3.67
2026-09-09T12:46:37.488,1788938197.4880,9157,921,11.81
2026-09-09T12:46:37.503,1788938197.5038,9158,-129,-1.65
2026-09-09T12:46:37.503,1788938197.5038,9159,765,9.81
2026-09-09T12:46:37.519,1788938197.5197,9160,-1493,-19.14
2026-09-09T12:46:37.519,1788938197.5197,9161,622,7.97
2026-09-09T12:46:37.551,1788938197.5516,9162,-1338,-17.15
2026-09-09T12:46:37.551,1788938197.5516,9163,495,6.35
2026-09-09T12:46:37.567,1788938197.5679,9164,-1156,-14.82
2026-09-09T12:46:37.569,1788938197.5699,9165,332,4.26
2026-09-09T12:46:37.583,1788938197.5839,9166,-982,-12.59
2026-09-09T12:46:37.583,1788938197.5839,9167,156,2.0
2026-09-09T12:46:37.602,1788938197.6030,9168,-841,-10.78
2026-09-09T12:46:37.615,1788938197.6156,9169,4,0.05
2026-09-09T12:46:37.615,1788938197.6156,9170,-685,-8.78
2026-09-09T12:46:37.631,1788938197.6315,9171,1321,16.94
2026-09-09T12:46:37.647,1788938197.6476,9172,-528,-6.77
2026-09-09T12:46:37.656,1788938197.6561,9173,1184,15.18
2026-09-09T12:46:37.663,1788938197.6634,9174,-388,-4.97
2026-09-09T12:46:37.679,1788938197.6795,9175,1007,12.91
2026-09-09T12:46:37.679,1788938197.6795,9176,-235,-3.01
2026-09-09T12:46:37.695,1788938197.6953,9177,864,11.08
2026-09-09T12:46:37.703,1788938197.7032,9178,-61,-0.78
2026-09-09T12:46:37.711,1788938197.7113,9179,708,9.08
2026-09-09T12:46:37.723,1788938197.7230,9180,-1429,-18.32
2026-09-09T12:46:37.728,1788938197.7288,9181,581,7.45
2026-09-09T12:46:37.743,1788938197.7433,9182,-1279,-16.4
2026-09-09T12:46:37.743,1788938197.7433,9183,438,5.62
2026-09-09T12:46:37.759,1788938197.7593,9184,-1092,-14.0
2026-09-09T12:46:37.775,1788938197.7751,9185,287,3.68
2026-09-09T12:46:37.775,1788938197.7751,9186,-955,-12.24
2026-09-09T12:46:37.790,1788938197.7910,9187,87,1.12
2026-09-09T12:46:37.806,1788938197.8067,9188,-778,-9.97
2026-09-09T12:46:37.816,1788938197.8165,9189,-102,-1.31
2026-09-09T12:46:37.822,1788938197.8226,9190,-622,-7.97
2026-09-09T12:46:37.822,1788938197.8226,9191,1267,16.24
2026-09-09T12:46:37.838,1788938197.8389,9192,-469,-6.01
2026-09-09T12:46:37.854,1788938197.8548,9193,1130,14.49
2026-09-09T12:46:37.864,1788938197.8642,9194,-321,-4.12
2026-09-09T12:46:37.870,1788938197.8707,9195,974,12.49
2026-09-09T12:46:37.870,1788938197.8707,9196,-120,-1.54
2026-09-09T12:46:37.886,1788938197.8863,9197,830,10.64
2026-09-09T12:46:37.903,1788938197.9036,9198,13,0.17
2026-09-09T12:46:37.903,1788938197.9036,9199,678,8.69
2026-09-09T12:46:37.918,1788938197.9188,9200,-1367,-17.53
2026-09-09T12:46:37.934,1788938197.9345,9201,507,6.5
2026-09-09T12:46:37.940,1788938197.9405,9202,-1180,-15.13
2026-09-09T12:46:37.952,1788938197.9528,9203,372,4.77
2026-09-09T12:46:37.965,1788938197.9660,9204,-1011,-12.96
2026-09-09T12:46:37.965,1788938197.9660,9205,240,3.08
2026-09-09T12:46:37.982,1788938197.9820,9206,-870,-11.15
2026-09-09T12:46:37.982,1788938197.9820,9207,67,0.86
2026-09-09T12:46:38.003,1788938198.0038,9208,-698,-8.95
2026-09-09T12:46:38.013,1788938198.0140,9209,-129,-1.65
2026-09-09T12:46:38.030,1788938198.0301,9210,-566,-7.26
2026-09-09T12:46:38.030,1788938198.0301,9211,1235,15.83
2026-09-09T12:46:38.045,1788938198.0459,9212,-410,-5.26
2026-09-09T12:46:38.057,1788938198.0571,9213,1078,13.82
2026-09-09T12:46:38.069,1788938198.0693,9214,-253,-3.24
2026-09-09T12:46:38.069,1788938198.0693,9215,913,11.71
2026-09-09T12:46:38.077,1788938198.0777,9216,-80,-1.03
2026-09-09T12:46:38.093,1788938198.0937,9217,778,9.97
2026-09-09T12:46:38.103,1788938198.1036,9218,97,1.24
2026-09-09T12:46:38.109,1788938198.1100,9219,662,8.49
2026-09-09T12:46:38.125,1788938198.1256,9220,-1314,-16.85
2026-09-09T12:46:38.140,1788938198.1400,9221,515,6.6
2026-09-09T12:46:38.141,1788938198.1416,9222,-1149,-14.73
2026-09-09T12:46:38.157,1788938198.1573,9223,363,4.65
2026-09-09T12:46:38.157,1788938198.1573,9224,-976,-12.51
2026-09-09T12:46:38.173,1788938198.1734,9225,171,2.19
2026-09-09T12:46:38.173,1788938198.1734,9226,-819,-10.5
2026-09-09T12:46:38.189,1788938198.1896,9227,-26,-0.33
2026-09-09T12:46:38.205,1788938198.2057,9228,-659,-8.45
2026-09-09T12:46:38.215,1788938198.2157,9229,1327,17.01
2026-09-09T12:46:38.223,1788938198.2235,9230,-499,-6.4
2026-09-09T12:46:38.237,1788938198.2376,9231,1194,15.31
2026-09-09T12:46:38.237,1788938198.2376,9232,-346,-4.44
2026-09-09T12:46:38.253,1788938198.2533,9233,1037,13.29
2026-09-09T12:46:38.253,1788938198.2533,9234,-186,-2.38
2026-09-09T12:46:38.269,1788938198.2694,9235,892,11.44
2026-09-09T12:46:38.285,1788938198.2855,9236,-21,-0.27
2026-09-09T12:46:38.293,1788938198.2935,9237,757,9.71
2026-09-09T12:46:38.304,1788938198.3044,9238,152,1.95
2026-09-09T12:46:38.304,1788938198.3044,9239,613,7.86
2026-09-09T12:46:38.333,1788938198.3334,9240,-1235,-15.83
2026-09-09T12:46:38.333,1788938198.3334,9241,453,5.81
2026-09-09T12:46:38.349,1788938198.3492,9242,-1062,-13.62
2026-09-09T12:46:38.353,1788938198.3532,9243,305,3.91
2026-09-09T12:46:38.365,1788938198.3653,9244,-909,-11.65
2026-09-09T12:46:38.365,1788938198.3653,9245,120,1.54
2026-09-09T12:46:38.383,1788938198.3833,9246,-757,-9.71
2026-09-09T12:46:38.396,1788938198.3967,9247,-52,-0.67
2026-09-09T12:46:38.404,1788938198.4047,9248,-601,-7.71
2026-09-09T12:46:38.414,1788938198.4144,9249,1296,16.62
2026-09-09T12:46:38.430,1788938198.4302,9250,-425,-5.45
2026-09-09T12:46:38.430,1788938198.4302,9251,1150,14.74
2026-09-09T12:46:38.444,1788938198.4443,9252,-293,-3.76
2026-09-09T12:46:38.444,1788938198.4443,9253,989,12.68
2026-09-09T12:46:38.460,1788938198.4603,9254,-113,-1.45
2026-09-09T12:46:38.460,1788938198.4603,9255,853,10.94
2026-09-09T12:46:38.482,1788938198.4824,9256,40,0.51
2026-09-09T12:46:38.492,1788938198.4924,9257,697,8.94
2026-09-09T12:46:38.508,1788938198.5083,9258,253,3.24
2026-09-09T12:46:38.514,1788938198.5144,9259,569,7.29
2026-09-09T12:46:38.524,1788938198.5241,9260,-1147,-14.71
2026-09-09T12:46:38.539,1788938198.5398,9261,413,5.29
2026-09-09T12:46:38.539,1788938198.5398,9262,-1014,-13.0
2026-09-09T12:46:38.559,1788938198.5590,9263,257,3.29
2026-09-09T12:46:38.567,1788938198.5671,9264,-837,-10.73
2026-09-09T12:46:38.572,1788938198.5720,9265,56,0.72
2026-09-09T12:46:38.587,1788938198.5872,9266,-649,-8.32
2026-09-09T12:46:38.593,1788938198.5934,9267,-122,-1.56
2026-09-09T12:46:38.604,1788938198.6050,9268,-510,-6.54
2026-09-09T12:46:38.613,1788938198.6140,9269,1238,15.87
2026-09-09T12:46:38.629,1788938198.6295,9270,-390,-5.0
2026-09-09T12:46:38.635,1788938198.6353,9271,1097,14.06
2026-09-09T12:46:38.651,1788938198.6514,9272,-222,-2.85
2026-09-09T12:46:38.651,1788938198.6514,9273,940,12.05
2026-09-09T12:46:38.667,1788938198.6675,9274,-41,-0.53
2026-09-09T12:46:38.667,1788938198.6675,9275,800,10.26
2026-09-09T12:46:38.683,1788938198.6833,9276,108,1.38
2026-09-09T12:46:38.683,1788938198.6833,9277,660,8.46
2026-09-09T12:46:38.705,1788938198.7053,9278,333,4.27
2026-09-09T12:46:38.714,1788938198.7148,9279,521,6.68
2026-09-09T12:46:38.731,1788938198.7311,9280,-1083,-13.88
2026-09-09T12:46:38.731,1788938198.7311,9281,368,4.72
2026-09-09T12:46:38.746,1788938198.7467,9282,-942,-12.08
2026-09-09T12:46:38.752,1788938198.7528,9283,192,2.46
2026-09-09T12:46:38.764,1788938198.7645,9284,-782,-10.03
2026-09-09T12:46:38.764,1788938198.7645,9285,-25,-0.32
2026-09-09T12:46:38.778,1788938198.7783,9286,-666,-8.54
2026-09-09T12:46:38.794,1788938198.7943,9287,-210,-2.69
2026-09-09T12:46:38.805,1788938198.8056,9288,-522,-6.69
2026-09-09T12:46:38.814,1788938198.8140,9289,1170,15.0
2026-09-09T12:46:38.825,1788938198.8258,9290,-349,-4.47
2026-09-09T12:46:38.825,1788938198.8258,9291,1038,13.31
2026-09-09T12:46:38.841,1788938198.8419,9292,-169,-2.17
2026-09-09T12:46:38.857,1788938198.8579,9293,877,11.24
2026-09-09T12:46:38.857,1788938198.8579,9294,-15,-0.19
2026-09-09T12:46:38.874,1788938198.8742,9295,742,9.51
2026-09-09T12:46:38.884,1788938198.8842,9296,182,2.33
2026-09-09T12:46:38.889,1788938198.8899,9297,610,7.82
2026-09-09T12:46:38.905,1788938198.9055,9298,427,5.47
2026-09-09T12:46:38.905,1788938198.9055,9299,478,6.13
2026-09-09T12:46:38.921,1788938198.9212,9300,-1053,-13.5
2026-09-09T12:46:38.937,1788938198.9371,9301,294,3.77
2026-09-09T12:46:38.937,1788938198.9371,9302,-880,-11.28
2026-09-09T12:46:38.952,1788938198.9529,9303,141,1.81
2026-09-09T12:46:38.952,1788938198.9529,9304,-712,-9.13
2026-09-09T12:46:38.968,1788938198.9688,9305,-68,-0.87
2026-09-09T12:46:38.984,1788938198.9846,9306,-577,-7.4
2026-09-09T12:46:39.000,1788938199.0003,9307,-297,-3.81
2026-09-09T12:46:39.003,1788938199.0038,9308,-417,-5.35
2026-09-09T12:46:39.006,1788938199.0068,9309,1126,14.44
2026-09-09T12:46:39.022,1788938199.0223,9310,-249,-3.19
2026-09-09T12:46:39.031,1788938199.0319,9311,966,12.38
2026-09-09T12:46:39.047,1788938199.0477,9312,-92,-1.18
2026-09-09T12:46:39.047,1788938199.0477,9313,833,10.68
2026-09-09T12:46:39.063,1788938199.0638,9314,53,0.68
2026-09-09T12:46:39.063,1788938199.0638,9315,682,8.74
2026-09-09T12:46:39.079,1788938199.0798,9316,246,3.15
2026-09-09T12:46:39.095,1788938199.0958,9317,542,6.95
2026-09-09T12:46:39.103,1788938199.1039,9318,503,6.45
2026-09-09T12:46:39.117,1788938199.1179,9319,410,5.26
2026-09-09T12:46:39.127,1788938199.1279,9320,-989,-12.68
2026-09-09T12:46:39.133,1788938199.1340,9321,222,2.85
2026-09-09T12:46:39.143,1788938199.1439,9322,-840,-10.77
2026-09-09T12:46:39.143,1788938199.1439,9323,53,0.68
2026-09-09T12:46:39.159,1788938199.1596,9324,-672,-8.62
2026-09-09T12:46:39.175,1788938199.1752,9325,-160,-2.05
2026-09-09T12:46:39.175,1788938199.1752,9326,-532,-6.82
2026-09-09T12:46:39.190,1788938199.1910,9327,-413,-5.29
2026-09-09T12:46:39.190,1788938199.1910,9328,-396,-5.08
2026-09-09T12:46:39.222,1788938199.2226,9329,1055,13.53
2026-09-09T12:46:39.222,1788938199.2226,9330,-243,-3.12
2026-09-09T12:46:39.238,1788938199.2387,9331,923,11.83
2026-09-09T12:46:39.242,1788938199.2428,9332,-46,-0.59
2026-09-09T12:46:39.254,1788938199.2548,9333,779,9.99
2026-09-09T12:46:39.262,1788938199.2625,9334,111,1.42
2026-09-09T12:46:39.270,1788938199.2705,9335,624,8.0
2026-09-09T12:46:39.286,1788938199.2862,9336,340,4.36
2026-09-09T12:46:39.294,1788938199.2943,9337,488,6.26
2026-09-09T12:46:39.301,1788938199.3019,9338,-1111,-14.24
2026-09-09T12:46:39.317,1788938199.3178,9339,324,4.15
2026-09-09T12:46:39.317,1788938199.3178,9340,-922,-11.82
2026-09-09T12:46:39.333,1788938199.3338,9341,152,1.95
2026-09-09T12:46:39.333,1788938199.3338,9342,-802,-10.28
2026-09-09T12:46:39.349,1788938199.3498,9343,-49,-0.63
2026-09-09T12:46:39.365,1788938199.3655,9344,-629,-8.06
2026-09-09T12:46:39.373,1788938199.3735,9345,-249,-3.19
2026-09-09T12:46:39.383,1788938199.3835,9346,-485,-6.22
2026-09-09T12:46:39.397,1788938199.3970,9347,-526,-6.74
2026-09-09T12:46:39.405,1788938199.4051,9348,-337,-4.32
2026-09-09T12:46:39.417,1788938199.4172,9349,994,12.74
2026-09-09T12:46:39.429,1788938199.4292,9350,-188,-2.41
2026-09-09T12:46:39.429,1788938199.4292,9351,838,10.74
2026-09-09T12:46:39.444,1788938199.4450,9352,-10,-0.13
2026-09-09T12:46:39.455,1788938199.4550,9353,719,9.22
2026-09-09T12:46:39.460,1788938199.4608,9354,179,2.29
2026-09-09T12:46:39.476,1788938199.4769,9355,579,7.42
2026-09-09T12:46:39.476,1788938199.4769,9356,444,5.69
2026-09-09T12:46:39.496,1788938199.4965,9357,420,5.38
2026-09-09T12:46:39.504,1788938199.5048,9358,-1047,-13.42
2026-09-09T12:46:39.516,1788938199.5169,9359,264,3.38
2026-09-09T12:46:39.524,1788938199.5248,9360,-914,-11.72
2026-09-09T12:46:39.524,1788938199.5248,9361,71,0.91
2026-09-09T12:46:39.540,1788938199.5406,9362,-742,-9.51
2026-09-09T12:46:39.540,1788938199.5406,9363,-97,-1.24
2026-09-09T12:46:39.559,1788938199.5591,9364,-582,-7.46
2026-09-09T12:46:39.573,1788938199.5734,9365,-326,-4.18
2026-09-09T12:46:39.588,1788938199.5881,9366,-434,-5.56
2026-09-09T12:46:39.588,1788938199.5881,9367,-635,-8.14
2026-09-09T12:46:39.605,1788938199.6060,9368,-297,-3.81
2026-09-09T12:46:39.619,1788938199.6199,9369,969,12.42
2026-09-09T12:46:39.619,1788938199.6199,9370,-92,-1.18
2026-09-09T12:46:39.637,1788938199.6376,9371,817,10.47
2026-09-09T12:46:39.637,1788938199.6376,9372,81,1.04
2026-09-09T12:46:39.655,1788938199.6555,9373,670,8.59
2026-09-09T12:46:39.655,1788938199.6555,9374,266,3.41
2026-09-09T12:46:39.667,1788938199.6672,9375,550,7.05
2026-09-09T12:46:39.683,1788938199.6830,9376,531,6.81
2026-09-09T12:46:39.698,1788938199.6988,9377,378,4.85
2026-09-09T12:46:39.704,1788938199.7048,9378,-992,-12.72
2026-09-09T12:46:39.721,1788938199.7214,9379,238,3.05
2026-09-09T12:46:39.732,1788938199.7325,9380,-820,-10.51
2026-09-09T12:46:39.732,1788938199.7325,9381,29,0.37
2026-09-09T12:46:39.746,1788938199.7467,9382,-696,-8.92
2026-09-09T12:46:39.746,1788938199.7467,9383,-172,-2.21
2026-09-09T12:46:39.762,1788938199.7623,9384,-508,-6.51
2026-09-09T12:46:39.762,1788938199.7623,9385,-421,-5.4
2026-09-09T12:46:39.778,1788938199.7784,9386,-368,-4.72
2026-09-09T12:46:39.794,1788938199.7943,9387,-725,-9.29
2026-09-09T12:46:39.794,1788938199.7943,9388,-208,-2.67
2026-09-09T12:46:39.810,1788938199.8102,9389,919,11.78
2026-09-09T12:46:39.825,1788938199.8259,9390,-31,-0.4
2026-09-09T12:46:39.833,1788938199.8339,9391,779,9.99
2026-09-09T12:46:39.843,1788938199.8438,9392,130,1.67
2026-09-09T12:46:39.857,1788938199.8575,9393,623,7.99
2026-09-09T12:46:39.857,1788938199.8575,9394,379,4.86
2026-09-09T12:46:39.873,1788938199.8733,9395,479,6.14
2026-09-09T12:46:39.883,1788938199.8834,9396,648,8.31
2026-09-09T12:46:39.889,1788938199.8891,9397,315,4.04
2026-09-09T12:46:39.904,1788938199.9049,9398,-935,-11.99
2026-09-09T12:46:39.920,1788938199.9207,9399,151,1.94
2026-09-09T12:46:39.920,1788938199.9207,9400,-787,-10.09
2026-09-09T12:46:39.936,1788938199.9367,9401,-30,-0.38
2026-09-09T12:46:39.943,1788938199.9435,9402,-615,-7.88
2026-09-09T12:46:39.952,1788938199.9524,9403,-239,-3.06
2026-09-09T12:46:39.968,1788938199.9682,9404,-451,-5.78
2026-09-09T12:46:39.968,1788938199.9682,9405,-540,-6.92
2026-09-09T12:46:39.984,1788938199.9840,9406,-319,-4.09
2026-09-09T12:46:39.984,1788938199.9840,9407,-845,-10.83
2026-09-09T12:46:39.999,1788938199.9999,9408,-139,-1.78
2026-09-09T12:46:40.015,1788938200.0157,9409,847,10.86
2026-09-09T12:46:40.020,1788938200.0201,9410,22,0.28
2026-09-09T12:46:40.031,1788938200.0317,9411,727,9.32
2026-09-09T12:46:40.031,1788938200.0317,9412,244,3.13
2026-09-09T12:46:40.047,1788938200.0474,9413,604,7.74
2026-09-09T12:46:40.063,1788938200.0638,9414,480,6.15
2026-09-09T12:46:40.075,1788938200.0757,9415,424,5.44
2026-09-09T12:46:40.083,1788938200.0838,9416,781,10.01
2026-09-09T12:46:40.095,1788938200.0959,9417,275,3.53
2026-09-09T12:46:40.105,1788938200.1053,9418,-859,-11.01
2026-09-09T12:46:40.113,1788938200.1138,9419,94,1.21
2026-09-09T12:46:40.127,1788938200.1276,9420,-687,-8.81
2026-09-09T12:46:40.127,1788938200.1276,9421,-103,-1.32
2026-09-09T12:46:40.143,1788938200.1435,9422,-528,-6.77
2026-09-09T12:46:40.143,1788938200.1435,9423,-332,-4.26
2026-09-09T12:46:40.159,1788938200.1596,9424,-380,-4.87
2026-09-09T12:46:40.175,1788938200.1757,9425,-633,-8.12
2026-09-09T12:46:40.183,1788938200.1837,9426,-244,-3.13
2026-09-09T12:46:40.191,1788938200.1918,9427,-978,-12.54
2026-09-09T12:46:40.191,1788938200.1918,9428,-83,-1.06
2026-09-09T12:46:40.209,1788938200.2093,9429,818,10.49
2026-09-09T12:46:40.223,1788938200.2237,9430,106,1.36
2026-09-09T12:46:40.223,1788938200.2237,9431,682,8.74
2026-09-09T12:46:40.239,1788938200.2398,9432,331,4.24
2026-09-09T12:46:40.255,1788938200.2555,9433,550,7.05
2026-09-09T12:46:40.255,1788938200.2555,9434,587,7.53
2026-09-09T12:46:40.271,1788938200.2715,9435,366,4.69
2026-09-09T12:46:40.287,1788938200.2872,9436,875,11.22
2026-09-09T12:46:40.287,1788938200.2872,9437,205,2.63
2026-09-09T12:46:40.309,1788938200.3093,9438,-800,-10.26
2026-09-09T12:46:40.309,1788938200.3093,9439,4,0.05
2026-09-09T12:46:40.321,1788938200.3219,9440,-656,-8.41
2026-09-09T12:46:40.339,1788938200.3395,9441,-197,-2.53
2026-09-09T12:46:40.339,1788938200.3395,9442,-521,-6.68
2026-09-09T12:46:40.351,1788938200.3517,9443,-450,-5.77
2026-09-09T12:46:40.351,1788938200.3517,9444,-329,-4.22
2026-09-09T12:46:40.367,1788938200.3678,9445,-750,-9.62
2026-09-09T12:46:40.386,1788938200.3864,9446,-161,-2.06
2026-09-09T12:46:40.386,1788938200.3864,9447,917,11.76
2026-09-09T12:46:40.409,1788938200.4094,9448,-16,-0.21
2026-09-09T12:46:40.415,1788938200.4157,9449,749,9.6
2026-09-09T12:46:40.415,1788938200.4157,9450,181,2.32
2026-09-09T12:46:40.431,1788938200.4314,9451,617,7.91
2026-09-09T12:46:40.431,1788938200.4314,9452,410,5.26
2026-09-09T12:46:40.447,1788938200.4472,9453,486,6.23
2026-09-09T12:46:40.462,1788938200.4630,9454,686,8.79
2026-09-09T12:46:40.462,1788938200.4630,9455,305,3.91
2026-09-09T12:46:40.478,1788938200.4789,9456,1010,12.95
2026-09-09T12:46:40.494,1788938200.4946,9457,144,1.85
2026-09-09T12:46:40.494,1788938200.4946,9458,-737,-9.45
2026-09-09T12:46:40.512,1788938200.5123,9459,-41,-0.53
2026-09-09T12:46:40.526,1788938200.5262,9460,-593,-7.6
2026-09-09T12:46:40.526,1788938200.5262,9461,-282,-3.62
2026-09-09T12:46:40.542,1788938200.5423,9462,-442,-5.67
2026-09-09T12:46:40.542,1788938200.5423,9463,-567,-7.27
2026-09-09T12:46:40.566,1788938200.5661,9464,-286,-3.67
2026-09-09T12:46:40.574,1788938200.5747,9465,-875,-11.22
2026-09-09T12:46:40.574,1788938200.5747,9466,-133,-1.71
2026-09-09T12:46:40.589,1788938200.5900,9467,844,10.82
2026-09-09T12:46:40.605,1788938200.6059,9468,52,0.67
2026-09-09T12:46:40.611,1788938200.6120,9469,712,9.13
2026-09-09T12:46:40.621,1788938200.6218,9470,257,3.29
2026-09-09T12:46:40.637,1788938200.6376,9471,565,7.24
2026-09-09T12:46:40.637,1788938200.6376,9472,522,6.69
2026-09-09T12:46:40.653,1788938200.6536,9473,425,5.45
2026-09-09T12:46:40.669,1788938200.6693,9474,794,10.18
2026-09-09T12:46:40.679,1788938200.6792,9475,240,3.08
2026-09-09T12:46:40.685,1788938200.6853,9476,1090,13.97
2026-09-09T12:46:40.693,1788938200.6934,9477,59,0.76
2026-09-09T12:46:40.701,1788938200.7014,9478,-698,-8.95
2026-09-09T12:46:40.717,1788938200.7175,9479,-102,-1.31
2026-09-09T12:46:40.723,1788938200.7239,9480,-542,-6.95
2026-09-09T12:46:40.734,1788938200.7346,9481,-355,-4.55
2026-09-09T12:46:40.734,1788938200.7346,9482,-379,-4.86
2026-09-09T12:46:40.749,1788938200.7491,9483,-656,-8.41
2026-09-09T12:46:40.764,1788938200.7649,9484,-199,-2.55
2026-09-09T12:46:40.774,1788938200.7742,9485,-992,-12.72
2026-09-09T12:46:40.780,1788938200.7809,9486,-54,-0.69
2026-09-09T12:46:40.802,1788938200.8027,9487,807,10.35
2026-09-09T12:46:40.802,1788938200.8027,9488,115,1.47
2026-09-09T12:46:40.812,1788938200.8123,9489,675,8.65
2026-09-09T12:46:40.827,1788938200.8280,9490,340,4.36
2026-09-09T12:46:40.827,1788938200.8280,9491,511,6.55
2026-09-09T12:46:40.846,1788938200.8467,9492,604,7.74
2026-09-09T12:46:40.853,1788938200.8539,9493,371,4.76
2026-09-09T12:46:40.860,1788938200.8602,9494,892,11.44
2026-09-09T12:46:40.875,1788938200.8759,9495,191,2.45
2026-09-09T12:46:40.885,1788938200.8853,9496,1180,15.13
2026-09-09T12:46:40.893,1788938200.8933,9497,6,0.08
2026-09-09T12:46:40.913,1788938200.9134,9498,-615,-7.88
2026-09-09T12:46:40.914,1788938200.9145,9499,-191,-2.45
2026-09-09T12:46:40.924,1788938200.9241,9500,-492,-6.31
2026-09-09T12:46:40.924,1788938200.9241,9501,-476,-6.1
2026-09-09T12:46:40.939,1788938200.9394,9502,-335,-4.29
2026-09-09T12:46:40.955,1788938200.9552,9503,-765,-9.81
2026-09-09T12:46:40.955,1788938200.9552,9504,-163,-2.09
2026-09-09T12:46:40.970,1788938200.9708,9505,-1097,-14.06
2026-09-09T12:46:40.970,1788938200.9708,9506,26,0.33
2026-09-09T12:46:41.001,1788938201.0017,9507,771,9.88
2026-09-09T12:46:41.001,1788938201.0017,9508,214,2.74
2026-09-09T12:46:41.017,1788938201.0176,9509,619,7.94
2026-09-09T12:46:41.017,1788938201.0176,9510,423,5.42
2026-09-09T12:46:41.033,1788938201.0337,9511,454,5.82
2026-09-09T12:46:41.033,1788938201.0337,9512,739,9.47
2026-09-09T12:46:41.049,1788938201.0496,9513,326,4.18
2026-09-09T12:46:41.065,1788938201.0655,9514,1019,13.06
2026-09-09T12:46:41.065,1788938201.0655,9515,136,1.74
2026-09-09T12:46:41.083,1788938201.0834,9516,1278,16.38
2026-09-09T12:46:41.097,1788938201.0972,9517,-57,-0.73
2026-09-09T12:46:41.097,1788938201.0972,9518,-581,-7.45
2026-09-09T12:46:41.114,1788938201.1145,9519,-286,-3.67
2026-09-09T12:46:41.124,1788938201.1243,9520,-410,-5.26
2026-09-09T12:46:41.128,1788938201.1288,9521,-567,-7.27
2026-09-09T12:46:41.144,1788938201.1447,9522,-262,-3.36
2026-09-09T12:46:41.144,1788938201.1447,9523,-904,-11.59
2026-09-09T12:46:41.160,1788938201.1606,9524,-126,-1.62
2026-09-09T12:46:41.160,1788938201.1606,9525,-1195,-15.32
2026-09-09T12:46:41.192,1788938201.1924,9526,67,0.86
2026-09-09T12:46:41.192,1788938201.1924,9527,708,9.08
2026-09-09T12:46:41.192,1788938201.1924,9528,252,3.23
2026-09-09T12:46:41.219,1788938201.2193,9529,572,7.33
2026-09-09T12:46:41.224,1788938201.2241,9530,537,6.88
2026-09-09T12:46:41.224,1788938201.2241,9531,420,5.38
2026-09-09T12:46:41.239,1788938201.2400,9532,821,10.53
2026-09-09T12:46:41.255,1788938201.2558,9533,235,3.01
2026-09-09T12:46:41.255,1788938201.2558,9534,1104,14.15
2026-09-09T12:46:41.271,1788938201.2719,9535,58,0.74
2026-09-09T12:46:41.287,1788938201.2877,9536,1360,17.44
2026-09-09T12:46:41.287,1788938201.2877,9537,-139,-1.78
2026-09-09T12:46:41.303,1788938201.3035,9538,-523,-6.71
2026-09-09T12:46:41.315,1788938201.3153,9539,-384,-4.92
2026-09-09T12:46:41.319,1788938201.3192,9540,-376,-4.82
2026-09-09T12:46:41.335,1788938201.3351,9541,-673,-8.63
2026-09-09T12:46:41.343,1788938201.3431,9542,-220,-2.82
2026-09-09T12:46:41.351,1788938201.3510,9543,-1005,-12.88
2026-09-09T12:46:41.366,1788938201.3668,9544,-63,-0.81
2026-09-09T12:46:41.366,1788938201.3668,9545,-1304,-16.72
2026-09-09T12:46:41.382,1788938201.3827,9546,114,1.46
2026-09-09T12:46:41.382,1788938201.3827,9547,635,8.14
2026-09-09T12:46:41.401,1788938201.4016,9548,328,4.21
2026-09-09T12:46:41.415,1788938201.4156,9549,503,6.45
2026-09-09T12:46:41.415,1788938201.4156,9550,620,7.95
2026-09-09T12:46:41.430,1788938201.4305,9551,327,4.19
2026-09-09T12:46:41.446,1788938201.4464,9552,920,11.79
2026-09-09T12:46:41.446,1788938201.4464,9553,175,2.24
2026-09-09T12:46:41.462,1788938201.4626,9554,1184,15.18
2026-09-09T12:46:41.462,1788938201.4626,9555,-30,-0.38
2026-09-09T12:46:41.484,1788938201.4846,9556,-651,-8.35
2026-09-09T12:46:41.494,1788938201.4944,9557,-223,-2.86
2026-09-09T12:46:41.494,1788938201.4944,9558,-463,-5.94
2026-09-09T12:46:41.515,1788938201.5160,9559,-496,-6.36
2026-09-09T12:46:41.525,1788938201.5259,9560,-307,-3.94
2026-09-09T12:46:41.534,1788938201.5346,9561,-796,-10.21
2026-09-09T12:46:41.541,1788938201.5420,9562,-159,-2.04
2026-09-09T12:46:41.557,1788938201.5578,9563,-1116,-14.31
2026-09-09T12:46:41.563,1788938201.5639,9564,18,0.23
2026-09-09T12:46:41.574,1788938201.5745,9565,-1372,-17.59
2026-09-09T12:46:41.574,1788938201.5745,9566,215,2.76
2026-09-09T12:46:41.598,1788938201.5989,9567,591,7.58
2026-09-09T12:46:41.609,1788938201.6095,9568,440,5.64
2026-09-09T12:46:41.615,1788938201.6159,9569,455,5.83
2026-09-09T12:46:41.621,1788938201.6215,9570,729,9.35
2026-09-09T12:46:41.637,1788938201.6373,9571,307,3.94
2026-09-09T12:46:41.643,1788938201.6433,9572,1024,13.13
2026-09-09T12:46:41.653,1788938201.6534,9573,130,1.67
2026-09-09T12:46:41.653,1788938201.6534,9574,1283,16.45
2026-09-09T12:46:41.678,1788938201.6789,9575,-63,-0.81
2026-09-09T12:46:41.690,1788938201.6900,9576,-592,-7.59
2026-09-09T12:46:41.696,1788938201.6961,9577,-308,-3.95
2026-09-09T12:46:41.703,1788938201.7032,9578,-404,-5.18
2026-09-09T12:46:41.716,1788938201.7161,9579,-589,-7.55
2026-09-09T12:46:41.728,1788938201.7286,9580,-244,-3.13
2026-09-09T12:46:41.731,1788938201.7320,9581,-898,-11.51
2026-09-09T12:46:41.744,1788938201.7450,9582,-104,-1.33
2026-09-09T12:46:41.744,1788938201.7450,9583,-1186,-15.21
2026-09-09T12:46:41.763,1788938201.7634,9584,69,0.88
2026-09-09T12:46:41.784,1788938201.7841,9585,-1425,-18.27
2026-09-09T12:46:41.784,1788938201.7841,9586,278,3.56
2026-09-09T12:46:41.791,1788938201.7912,9587,538,6.9
2026-09-09T12:46:41.807,1788938201.8071,9588,542,6.95
2026-09-09T12:46:41.816,1788938201.8161,9589,426,5.46
2026-09-09T12:46:41.822,1788938201.8229,9590,831,10.65
2026-09-09T12:46:41.838,1788938201.8389,9591,253,3.24
2026-09-09T12:46:41.838,1788938201.8389,9592,1126,14.44
2026-09-09T12:46:41.854,1788938201.8549,9593,56,0.72
2026-09-09T12:46:41.854,1788938201.8549,9594,1357,17.4
2026-09-09T12:46:41.874,1788938201.8750,9595,-134,-1.72
2026-09-09T12:46:41.886,1788938201.8864,9596,-514,-6.59
2026-09-09T12:46:41.886,1788938201.8864,9597,-399,-5.12
2026-09-09T12:46:41.904,1788938201.9044,9598,-350,-4.49
2026-09-09T12:46:41.916,1788938201.9160,9599,-684,-8.77
2026-09-09T12:46:41.918,1788938201.9181,9600,-190,-2.44
2026-09-09T12:46:41.935,1788938201.9360,9601,-996,-12.77
2026-09-09T12:46:41.950,1788938201.9500,9602,-38,-0.49
2026-09-09T12:46:41.950,1788938201.9500,9603,-1292,-16.56
2026-09-09T12:46:41.950,1788938201.9500,9604,119,1.53
2026-09-09T12:46:41.967,1788938201.9680,9605,-1495,-19.17
2026-09-09T12:46:41.981,1788938201.9819,9606,360,4.62
2026-09-09T12:46:41.997,1788938201.9976,9607,504,6.46
2026-09-09T12:46:41.997,1788938201.9976,9608,620,7.95
2026-09-09T12:46:42.013,1788938202.0136,9609,343,4.4
2026-09-09T12:46:42.023,1788938202.0239,9610,925,11.86
2026-09-09T12:46:42.036,1788938202.0367,9611,171,2.19
2026-09-09T12:46:42.045,1788938202.0457,9612,1188,15.23
2026-09-09T12:46:42.045,1788938202.0457,9613,-10,-0.13
2026-09-09T12:46:42.065,1788938202.0658,9614,1403,17.99
2026-09-09T12:46:42.077,1788938202.0779,9615,-223,-2.86
2026-09-09T12:46:42.077,1788938202.0779,9616,-471,-6.04
2026-09-09T12:46:42.095,1788938202.0956,9617,-496,-6.36
2026-09-09T12:46:42.095,1788938202.0956,9618,-307,-3.94
2026-09-09T12:46:42.116,1788938202.1164,9619,-824,-10.56
2026-09-09T12:46:42.125,1788938202.1254,9620,-143,-1.83
2026-09-09T12:46:42.125,1788938202.1254,9621,-1116,-14.31
2026-09-09T12:46:42.145,1788938202.1453,9622,14,0.18
2026-09-09T12:46:42.145,1788938202.1453,9623,-1376,-17.64
2026-09-09T12:46:42.172,1788938202.1728,9624,187,2.4
2026-09-09T12:46:42.172,1788938202.1728,9625,-1583,-20.29
2026-09-09T12:46:42.190,1788938202.1908,9626,432,5.54
2026-09-09T12:46:42.190,1788938202.1908,9627,428,5.49
2026-09-09T12:46:42.204,1788938202.2049,9628,717,9.19
2026-09-09T12:46:42.204,1788938202.2049,9629,268,3.44
2026-09-09T12:46:42.222,1788938202.2229,9630,993,12.73
2026-09-09T12:46:42.237,1788938202.2370,9631,91,1.17
2026-09-09T12:46:42.237,1788938202.2370,9632,1268,16.26
2026-09-09T12:46:42.254,1788938202.2550,9633,-90,-1.15
2026-09-09T12:46:42.268,1788938202.2687,9634,1468,18.82
2026-09-09T12:46:42.268,1788938202.2687,9635,-299,-3.83
2026-09-09T12:46:42.284,1788938202.2844,9636,-423,-5.42
2026-09-09T12:46:42.288,1788938202.2884,9637,-600,-7.69
2026-09-09T12:46:42.300,1788938202.3001,9638,-243,-3.12
2026-09-09T12:46:42.317,1788938202.3175,9639,-908,-11.64
2026-09-09T12:46:42.317,1788938202.3175,9640,-110,-1.41
2026-09-09T12:46:42.331,1788938202.3319,9641,-1220,-15.64
2026-09-09T12:46:42.349,1788938202.3497,9642,67,0.86
2026-09-09T12:46:42.349,1788938202.3497,9643,-1471,-18.86
2026-09-09T12:46:42.363,1788938202.3634,9644,248,3.18
2026-09-09T12:46:42.379,1788938202.3792,9645,-1630,-20.9
2026-09-09T12:46:42.381,1788938202.3812,9646,521,6.68
2026-09-09T12:46:42.395,1788938202.3952,9647,396,5.08
2026-09-09T12:46:42.395,1788938202.3952,9648,825,10.58
2026-09-09T12:46:42.415,1788938202.4151,9649,211,2.71
2026-09-09T12:46:42.417,1788938202.4176,9650,1101,14.12
2026-09-09T12:46:42.427,1788938202.4271,9651,47,0.6
2026-09-09T12:46:42.446,1788938202.4469,9652,1344,17.23
2026-09-09T12:46:42.446,1788938202.4469,9653,-151,-1.94
2026-09-09T12:46:42.459,1788938202.4590,9654,1507,19.32
2026-09-09T12:46:42.474,1788938202.4747,9655,-419,-5.37
2026-09-09T12:46:42.476,1788938202.4767,9656,-375,-4.81
2026-09-09T12:46:42.490,1788938202.4906,9657,-720,-9.23
2026-09-09T12:46:42.490,1788938202.4906,9658,-210,-2.69
2026-09-09T12:46:42.506,1788938202.5067,9659,-1020,-13.08
2026-09-09T12:46:42.522,1788938202.5226,9660,-33,-0.42
2026-09-09T12:46:42.538,1788938202.5384,9661,-1315,-16.86
2026-09-09T12:46:42.538,1788938202.5384,9662,128,1.64
2026-09-09T12:46:42.554,1788938202.5541,9663,-1534,-19.67
2026-09-09T12:46:42.559,1788938202.5594,9664,333,4.27
2026-09-09T12:46:42.571,1788938202.5716,9665,477,6.12
2026-09-09T12:46:42.586,1788938202.5860,9666,618,7.92
2026-09-09T12:46:42.586,1788938202.5860,9667,329,4.22
2026-09-09T12:46:42.603,1788938202.6037,9668,902,11.56
2026-09-09T12:46:42.617,1788938202.6178,9669,148,1.9
2026-09-09T12:46:42.622,1788938202.6229,9670,1202,15.41
2026-09-09T12:46:42.635,1788938202.6356,9671,-9,-0.12
2026-09-09T12:46:42.635,1788938202.6356,9672,1385,17.76
2026-09-09T12:46:42.649,1788938202.6496,9673,-246,-3.15
2026-09-09T12:46:42.665,1788938202.6653,9674,1540,19.74
2026-09-09T12:46:42.665,1788938202.6653,9675,-494,-6.33
2026-09-09T12:46:42.681,1788938202.6811,9676,-329,-4.22
2026-09-09T12:46:42.696,1788938202.6969,9677,-831,-10.65
2026-09-09T12:46:42.696,1788938202.6969,9678,-153,-1.96
2026-09-09T12:46:42.717,1788938202.7177,9679,-1126,-14.44
2026-09-09T12:46:42.721,1788938202.7219,9680,36,0.46
2026-09-09T12:46:42.730,1788938202.7307,9681,-1402,-17.97
2026-09-09T12:46:42.744,1788938202.7448,9682,193,2.47
2026-09-09T12:46:42.744,1788938202.7448,9683,-1597,-20.47
2026-09-09T12:46:42.760,1788938202.7607,9684,438,5.62
2026-09-09T12:46:42.776,1788938202.7768,9685,442,5.67
2026-09-09T12:46:42.776,1788938202.7768,9686,723,9.27
2026-09-09T12:46:42.795,1788938202.7951,9687,277,3.55
2026-09-09T12:46:42.795,1788938202.7951,9688,1007,12.91
2026-09-09T12:46:42.809,1788938202.8091,9689,109,1.4
2026-09-09T12:46:42.826,1788938202.8268,9690,1262,16.18
2026-09-09T12:46:42.835,1788938202.8350,9691,-96,-1.23
2026-09-09T12:46:42.844,1788938202.8448,9692,1470,18.85
2026-09-09T12:46:42.856,1788938202.8565,9693,-329,-4.22
2026-09-09T12:46:42.856,1788938202.8565,9694,1581,20.27
2026-09-09T12:46:42.872,1788938202.8726,9695,-614,-7.87
2026-09-09T12:46:42.888,1788938202.8887,9696,-249,-3.19
2026-09-09T12:46:42.888,1788938202.8887,9697,-906,-11.62
2026-09-09T12:46:42.904,1788938202.9048,9698,-108,-1.38
2026-09-09T12:46:42.922,1788938202.9229,9699,-1245,-15.96
2026-09-09T12:46:42.922,1788938202.9229,9700,93,1.19
2026-09-09T12:46:42.922,1788938202.9229,9701,-1477,-18.94
2026-09-09T12:46:42.941,1788938202.9410,9702,282,3.62
2026-09-09T12:46:42.953,1788938202.9539,9703,-1656,-21.23
2026-09-09T12:46:42.953,1788938202.9539,9704,531,6.81
2026-09-09T12:46:42.968,1788938202.9681,9705,395,5.06
2026-09-09T12:46:42.985,1788938202.9860,9706,820,10.51
2026-09-09T12:46:42.985,1788938202.9860,9707,214,2.74
2026-09-09T12:46:43.000,1788938203.0001,9708,1132,14.51
2026-09-09T12:46:43.017,1788938203.0179,9709,61,0.78
2026-09-09T12:46:43.024,1788938203.0240,9710,1355,17.37
2026-09-09T12:46:43.033,1788938203.0338,9711,-164,-2.1
2026-09-09T12:46:43.049,1788938203.0496,9712,1506,19.31
2026-09-09T12:46:43.049,1788938203.0496,9713,-429,-5.5
2026-09-09T12:46:43.063,1788938203.0635,9714,1625,20.83
2026-09-09T12:46:43.063,1788938203.0635,9715,-733,-9.4
2026-09-09T12:46:43.081,1788938203.0815,9716,-208,-2.67
2026-09-09T12:46:43.095,1788938203.0955,9717,-1073,-13.76
2026-09-09T12:46:43.095,1788938203.0955,9718,-30,-0.38
2026-09-09T12:46:43.113,1788938203.1134,9719,-1344,-17.23
2026-09-09T12:46:43.127,1788938203.1273,9720,135,1.73
2026-09-09T12:46:43.135,1788938203.1354,9721,-1531,-19.63
2026-09-09T12:46:43.145,1788938203.1452,9722,364,4.67
2026-09-09T12:46:43.158,1788938203.1588,9723,-1699,-21.78
2026-09-09T12:46:43.158,1788938203.1588,9724,624,8.0
2026-09-09T12:46:43.178,1788938203.1790,9725,315,4.04
2026-09-09T12:46:43.178,1788938203.1790,9726,937,12.01
2026-09-09T12:46:43.191,1788938203.1912,9727,147,1.88
2026-09-09T12:46:43.191,1788938203.1912,9728,1220,15.64
2026-09-09T12:46:43.207,1788938203.2071,9729,-30,-0.38
2026-09-09T12:46:43.223,1788938203.2231,9730,1423,18.24
2026-09-09T12:46:43.223,1788938203.2231,9731,-275,-3.53
2026-09-09T12:46:43.247,1788938203.2478,9732,1567,20.09
2026-09-09T12:46:43.255,1788938203.2552,9733,-536,-6.87
2026-09-09T12:46:43.271,1788938203.2713,9734,1626,20.85
2026-09-09T12:46:43.273,1788938203.2734,9735,-820,-10.51
2026-09-09T12:46:43.273,1788938203.2734,9736,-130,-1.67
2026-09-09T12:46:43.287,1788938203.2871,9737,-1152,-14.77
2026-09-09T12:46:43.305,1788938203.3051,9738,26,0.33
2026-09-09T12:46:43.318,1788938203.3189,9739,-1415,-18.14
2026-09-09T12:46:43.324,1788938203.3250,9740,232,2.97
2026-09-09T12:46:43.340,1788938203.3408,9741,-1602,-20.54
2026-09-09T12:46:43.340,1788938203.3408,9742,453,5.81
2026-09-09T12:46:43.350,1788938203.3509,9743,-1718,-22.03
2026-09-09T12:46:43.366,1788938203.3666,9744,749,9.6
2026-09-09T12:46:43.366,1788938203.3666,9745,264,3.38
2026-09-09T12:46:43.382,1788938203.3828,9746,1045,13.4
2026-09-09T12:46:43.393,1788938203.3933,9747,83,1.06
2026-09-09T12:46:43.400,1788938203.4009,9748,1300,16.67
2026-09-09T12:46:43.416,1788938203.4166,9749,-110,-1.41
2026-09-09T12:46:43.419,1788938203.4192,9750,1467,18.81
2026-09-09T12:46:43.432,1788938203.4325,9751,-343,-4.4
2026-09-09T12:46:43.450,1788938203.4505,9752,1583,20.29
2026-09-09T12:46:43.450,1788938203.4505,9753,-632,-8.1
2026-09-09T12:46:43.461,1788938203.4619,9754,1658,21.26
2026-09-09T12:46:43.461,1788938203.4619,9755,-952,-12.21
2026-09-09T12:46:43.477,1788938203.4778,9756,-70,-0.9
2026-09-09T12:46:43.495,1788938203.4956,9757,-1255,-16.09
2026-09-09T12:46:43.495,1788938203.4956,9758,79,1.01
2026-09-09T12:46:43.509,1788938203.5096,9759,-1486,-19.05
2026-09-09T12:46:43.523,1788938203.5233,9760,289,3.71
2026-09-09T12:46:43.533,1788938203.5333,9761,-1649,-21.14
2026-09-09T12:46:43.541,1788938203.5415,9762,569,7.29
2026-09-09T12:46:43.559,1788938203.5593,9763,-1749,-22.42
2026-09-09T12:46:43.559,1788938203.5593,9764,870,11.15
2026-09-09T12:46:43.574,1788938203.5749,9765,212,2.72
2026-09-09T12:46:43.574,1788938203.5749,9766,1141,14.63
2026-09-09T12:46:43.594,1788938203.5947,9767,19,0.24
2026-09-09T12:46:43.604,1788938203.6041,9768,1381,17.71
2026-09-09T12:46:43.604,1788938203.6041,9769,-174,-2.23
2026-09-09T12:46:43.621,1788938203.6213,9770,1516,19.44
2026-09-09T12:46:43.634,1788938203.6350,9771,-435,-5.58
2026-09-09T12:46:43.634,1788938203.6350,9772,1623,20.81
2026-09-09T12:46:43.652,1788938203.6528,9773,-735,-9.42
2026-09-09T12:46:43.666,1788938203.6667,9774,-194,-2.49
2026-09-09T12:46:43.666,1788938203.6667,9775,-1063,-13.63
2026-09-09T12:46:43.684,1788938203.6848,9776,-29,-0.37
2026-09-09T12:46:43.684,1788938203.6848,9777,-1351,-17.32
2026-09-09T12:46:43.702,1788938203.7028,9778,140,1.79
2026-09-09T12:46:43.716,1788938203.7168,9779,-1550,-19.87
2026-09-09T12:46:43.721,1788938203.7213,9780,373,4.78
2026-09-09T12:46:43.731,1788938203.7313,9781,-1685,-21.6
2026-09-09T12:46:43.746,1788938203.7466,9782,650,8.33
2026-09-09T12:46:43.746,1788938203.7466,9783,-1776,-22.77
2026-09-09T12:46:43.762,1788938203.7626,9784,958,12.28
2026-09-09T12:46:43.762,1788938203.7626,9785,140,1.79
2026-09-09T12:46:43.782,1788938203.7825,9786,1210,15.51
2026-09-09T12:46:43.794,1788938203.7945,9787,-53,-0.68
2026-09-09T12:46:43.794,1788938203.7945,9788,1433,18.37
2026-09-09T12:46:43.812,1788938203.8124,9789,-262,-3.36
2026-09-09T12:46:43.826,1788938203.8263,9790,1552,19.9
2026-09-09T12:46:43.826,1788938203.8263,9791,-530,-6.79
2026-09-09T12:46:43.846,1788938203.8461,9792,1648,21.13
2026-09-09T12:46:43.857,1788938203.8579,9793,-855,-10.96
2026-09-09T12:46:43.863,1788938203.8634,9794,-145,-1.86
2026-09-09T12:46:43.875,1788938203.8760,9795,-1198,-15.36
2026-09-09T12:46:43.875,1788938203.8760,9796,32,0.41
2026-09-09T12:46:43.890,1788938203.8902,9797,-1409,-18.06
2026-09-09T12:46:43.907,1788938203.9074,9798,217,2.78
2026-09-09T12:46:43.907,1788938203.9074,9799,-1597,-20.47
2026-09-09T12:46:43.921,1788938203.9213,9800,478,6.13
2026-09-09T12:46:43.937,1788938203.9372,9801,-1720,-22.05
2026-09-09T12:46:43.937,1788938203.9372,9802,738,9.46
2026-09-09T12:46:43.953,1788938203.9534,9803,-1788,-22.92
2026-09-09T12:46:43.953,1788938203.9534,9804,1046,13.41
2026-09-09T12:46:43.971,1788938203.9714,9805,72,0.92
2026-09-09T12:46:43.985,1788938203.9853,9806,1322,16.95
2026-09-09T12:46:43.985,1788938203.9853,9807,-101,-1.29
2026-09-09T12:46:44.003,1788938204.0032,9808,1501,19.24
2026-09-09T12:46:44.003,1788938204.0032,9809,-350,-4.49
2026-09-09T12:46:44.021,1788938204.0215,9810,1616,20.72
2026-09-09T12:46:44.032,1788938204.0325,9811,-627,-8.04
2026-09-09T12:46:44.048,1788938204.0485,9812,1696,21.74
2026-09-09T12:46:44.048,1788938204.0485,9813,-951,-12.19
2026-09-09T12:46:44.064,1788938204.0646,9814,-65,-0.83
2026-09-09T12:46:44.074,1788938204.0746,9815,-1246,-15.97
2026-09-09T12:46:44.080,1788938204.0808,9816,100,1.28
2026-09-09T12:46:44.096,1788938204.0966,9817,-1474,-18.9
2026-09-09T12:46:44.096,1788938204.0966,9818,297,3.81
2026-09-09T12:46:44.121,1788938204.1215,9819,-1633,-20.94
2026-09-09T12:46:44.121,1788938204.1215,9820,582,7.46
2026-09-09T12:46:44.138,1788938204.1386,9821,-1729,-22.17
2026-09-09T12:46:44.144,1788938204.1443,9822,874,11.21
2026-09-09T12:46:44.160,1788938204.1600,9823,-1793,-22.99
2026-09-09T12:46:44.164,1788938204.1640,9824,1154,14.79
2026-09-09T12:46:44.176,1788938204.1760,9825,39,0.5
2026-09-09T12:46:44.176,1788938204.1760,9826,1385,17.76
2026-09-09T12:46:44.194,1788938204.1941,9827,-174,-2.23
2026-09-09T12:46:44.194,1788938204.1941,9828,1532,19.64
2026-09-09T12:46:44.208,1788938204.2082,9829,-435,-5.58
2026-09-09T12:46:44.226,1788938204.2263,9830,1635,20.96
2026-09-09T12:46:44.226,1788938204.2263,9831,-732,-9.38
2026-09-09T12:46:44.239,1788938204.2399,9832,1699,21.78
2026-09-09T12:46:44.257,1788938204.2577,9833,-1084,-13.9
2026-09-09T12:46:44.257,1788938204.2577,9834,-41,-0.53
2026-09-09T12:46:44.271,1788938204.2715,9835,-1359,-17.42
2026-09-09T12:46:44.289,1788938204.2892,9836,176,2.26
2026-09-09T12:46:44.289,1788938204.2892,9837,-1538,-19.72
2026-09-09T12:46:44.303,1788938204.3031,9838,373,4.78
2026-09-09T12:46:44.321,1788938204.3217,9839,-1681,-21.55
2026-09-09T12:46:44.321,1788938204.3217,9840,657,8.42
2026-09-09T12:46:44.335,1788938204.3353,9841,-1749,-22.42
2026-09-09T12:46:44.335,1788938204.3353,9842,973,12.47
2026-09-09T12:46:44.353,1788938204.3533,9843,-1825,-23.4
2026-09-09T12:46:44.366,1788938204.3670,9844,1225,15.71
2026-09-09T12:46:44.366,1788938204.3670,9845,-37,-0.47
2026-09-09T12:46:44.384,1788938204.3848,9846,1436,18.41
2026-09-09T12:46:44.384,1788938204.3848,9847,-274,-3.51
2026-09-09T12:46:44.398,1788938204.3987,9848,1559,19.99
2026-09-09T12:46:44.418,1788938204.4188,9849,-551,-7.06
2026-09-09T12:46:44.421,1788938204.4217,9850,1635,20.96
2026-09-09T12:46:44.430,1788938204.4306,9851,-891,-11.42
2026-09-09T12:46:44.448,1788938204.4483,9852,1731,22.19
2026-09-09T12:46:44.448,1788938204.4483,9853,-1187,-15.22
2026-09-09T12:46:44.466,1788938204.4665,9854,51,0.65
2026-09-09T12:46:44.478,1788938204.4784,9855,-1430,-18.33
2026-09-09T12:46:44.482,1788938204.4824,9856,233,2.99
2026-09-09T12:46:44.494,1788938204.4943,9857,-1609,-20.63
2026-09-09T12:46:44.494,1788938204.4943,9858,477,6.12
2026-09-09T12:46:44.512,1788938204.5121,9859,-1737,-22.27
2026-09-09T12:46:44.525,1788938204.5258,9860,758,9.72
2026-09-09T12:46:44.533,1788938204.5336,9861,-1796,-23.03
2026-09-09T12:46:44.541,1788938204.5415,9862,1062,13.62
2026-09-09T12:46:44.541,1788938204.5415,9863,-1801,-23.09
2026-09-09T12:46:44.559,1788938204.5592,9864,1305,16.73
2026-09-09T12:46:44.575,1788938204.5756,9865,-125,-1.6
2026-09-09T12:46:44.589,1788938204.5892,9866,1484,19.03
2026-09-09T12:46:44.589,1788938204.5892,9867,-378,-4.85
2026-09-09T12:46:44.606,1788938204.6069,9868,1600,20.51
2026-09-09T12:46:44.606,1788938204.6069,9869,-667,-8.55
2026-09-09T12:46:44.621,1788938204.6220,9870,1664,21.33
2026-09-09T12:46:44.636,1788938204.6368,9871,-983,-12.6
2026-09-09T12:46:44.636,1788938204.6368,9872,1740,22.31
2026-09-09T12:46:44.652,1788938204.6524,9873,-1282,-16.44
2026-09-09T12:46:44.652,1788938204.6524,9874,97,1.24
2026-09-09T12:46:44.674,1788938204.6741,9875,-1509,-19.35
2026-09-09T12:46:44.683,1788938204.6835,9876,318,4.08
2026-09-09T12:46:44.683,1788938204.6835,9877,-1657,-21.24
2026-09-09T12:46:44.707,1788938204.7071,9878,586,7.51
2026-09-09T12:46:44.715,1788938204.7155,9879,-1736,-22.26
2026-09-09T12:46:44.721,1788938204.7219,9880,894,11.46
2026-09-09T12:46:44.739,1788938204.7397,9881,-1804,-23.13
2026-09-09T12:46:44.739,1788938204.7397,9882,1174,15.05
2026-09-09T12:46:44.747,1788938204.7474,9883,7,0.09
2026-09-09T12:46:44.765,1788938204.7655,9884,1377,17.65
2026-09-09T12:46:44.765,1788938204.7655,9885,-218,-2.79
2026-09-09T12:46:44.779,1788938204.7795,9886,1532,19.64
2026-09-09T12:46:44.795,1788938204.7954,9887,-474,-6.08
2026-09-09T12:46:44.811,1788938204.8112,9888,1636,20.97
2026-09-09T12:46:44.811,1788938204.8112,9889,-767,-9.83
2026-09-09T12:46:44.827,1788938204.8271,9890,1708,21.9
2026-09-09T12:46:44.827,1788938204.8271,9891,-1102,-14.13
2026-09-09T12:46:44.843,1788938204.8432,9892,1748,22.41
2026-09-09T12:46:44.843,1788938204.8432,9893,-1370,-17.56
2026-09-09T12:46:44.859,1788938204.8591,9894,177,2.27
2026-09-09T12:46:44.874,1788938204.8750,9895,-1549,-19.86
2026-09-09T12:46:44.874,1788938204.8750,9896,430,5.51
2026-09-09T12:46:44.891,1788938204.8912,9897,-1685,-21.6
2026-09-09T12:46:44.906,1788938204.9070,9898,690,8.85
2026-09-09T12:46:44.906,1788938204.9070,9899,-1740,-22.31
2026-09-09T12:46:44.922,1788938204.9226,9900,1010,12.95
2026-09-09T12:46:44.940,1788938204.9400,9901,-1789,-22.94
2026-09-09T12:46:44.946,1788938204.9463,9902,1269,16.27
2026-09-09T12:46:44.954,1788938204.9546,9903,-50,-0.64
2026-09-09T12:46:44.970,1788938204.9702,9904,1492,19.13
2026-09-09T12:46:44.976,1788938204.9763,9905,-263,-3.37
2026-09-09T12:46:44.976,1788938204.9763,9906,1614,20.69
2026-09-09T12:46:45.001,1788938205.0018,9907,-525,-6.73
2026-09-09T12:46:45.001,1788938205.0018,9908,1701,21.81
2026-09-09T12:46:45.001,1788938205.0018,9909,-858,-11.0
2026-09-09T12:46:45.024,1788938205.0240,9910,1764,22.62
2026-09-09T12:46:45.033,1788938205.0332,9911,-1154,-14.79
2026-09-09T12:46:45.033,1788938205.0332,9912,1795,23.01
2026-09-09T12:46:45.049,1788938205.0491,9913,-1399,-17.94
2026-09-09T12:46:45.064,1788938205.0650,9914,320,4.1
2026-09-09T12:46:45.064,1788938205.0650,9915,-1575,-20.19
2026-09-09T12:46:45.084,1788938205.0849,9916,564,7.23
2026-09-09T12:46:45.098,1788938205.0988,9917,-1671,-21.42
2026-09-09T12:46:45.112,1788938205.1125,9918,871,11.17
2026-09-09T12:46:45.112,1788938205.1125,9919,-1748,-22.41
2026-09-09T12:46:45.124,1788938205.1242,9920,1166,14.95
2026-09-09T12:46:45.134,1788938205.1343,9921,-1754,-22.49
2026-09-09T12:46:45.143,1788938205.1440,9922,1396,17.9
2026-09-09T12:46:45.143,1788938205.1440,9923,-75,-0.96
2026-09-09T12:46:45.159,1788938205.1599,9924,1578,20.23
2026-09-09T12:46:45.176,1788938205.1760,9925,-338,-4.33
2026-09-09T12:46:45.176,1788938205.1760,9926,1680,21.54
2026-09-09T12:46:45.193,1788938205.1940,9927,-627,-8.04
2026-09-09T12:46:45.207,1788938205.2076,9928,1758,22.54
2026-09-09T12:46:45.211,1788938205.2111,9929,-945,-12.12
2026-09-09T12:46:45.227,1788938205.2276,9930,1805,23.14
2026-09-09T12:46:45.227,1788938205.2276,9931,-1233,-15.81
2026-09-09T12:46:45.238,1788938205.2390,9932,1832,23.49
2026-09-09T12:46:45.255,1788938205.2550,9933,-1462,-18.74
2026-09-09T12:46:45.255,1788938205.2550,9934,409,5.24
2026-09-09T12:46:45.270,1788938205.2710,9935,-1614,-20.69
2026-09-09T12:46:45.270,1788938205.2710,9936,660,8.46
2026-09-09T12:46:45.296,1788938205.2964,9937,-1699,-21.78
2026-09-09T12:46:45.302,1788938205.3025,9938,951,12.19
2026-09-09T12:46:45.318,1788938205.3183,9939,-1764,-22.62
2026-09-09T12:46:45.324,1788938205.3249,9940,1206,15.46
2026-09-09T12:46:45.334,1788938205.3341,9941,-1789,-22.94
2026-09-09T12:46:45.334,1788938205.3341,9942,1440,18.46
2026-09-09T12:46:45.350,1788938205.3501,9943,-187,-2.4
2026-09-09T12:46:45.366,1788938205.3661,9944,1587,20.35
2026-09-09T12:46:45.382,1788938205.3820,9945,-452,-5.79
2026-09-09T12:46:45.382,1788938205.3820,9946,1682,21.56
2026-09-09T12:46:45.382,1788938205.3820,9947,-793,-10.17
2026-09-09T12:46:45.398,1788938205.3980,9948,1733,22.22
2026-09-09T12:46:45.414,1788938205.4140,9949,-1101,-14.12
2026-09-09T12:46:45.432,1788938205.4328,9950,1741,22.32
2026-09-09T12:46:45.432,1788938205.4328,9951,-1397,-17.91
2026-09-09T12:46:45.445,1788938205.4460,9952,1753,22.47
2026-09-09T12:46:45.453,1788938205.4540,9953,-1588,-20.36
2026-09-09T12:46:45.463,1788938205.4638,9954,423,5.42
2026-09-09T12:46:45.463,1788938205.4638,9955,-1695,-21.73
2026-09-09T12:46:45.477,1788938205.4774,9956,707,9.06
2026-09-09T12:46:45.493,1788938205.4935,9957,-1779,-22.81
2026-09-09T12:46:45.493,1788938205.4935,9958,1012,12.97
2026-09-09T12:46:45.511,1788938205.5115,9959,-1823,-23.37
2026-09-09T12:46:45.524,1788938205.5248,9960,1275,16.35
2026-09-09T12:46:45.532,1788938205.5329,9961,-1819,-23.32
2026-09-09T12:46:45.540,1788938205.5405,9962,1466,18.79
2026-09-09T12:46:45.559,1788938205.5594,9963,-336,-4.31
2026-09-09T12:46:45.559,1788938205.5594,9964,1586,20.33
2026-09-09T12:46:45.580,1788938205.5801,9965,-597,-7.65
2026-09-09T12:46:45.587,1788938205.5873,9966,1657,21.24
2026-09-09T12:46:45.595,1788938205.5954,9967,-917,-11.76
2026-09-09T12:46:45.604,1788938205.6047,9968,1741,22.32
2026-09-09T12:46:45.610,1788938205.6104,9969,-1257,-16.12
2026-09-09T12:46:45.626,1788938205.6261,9970,1774,22.74
2026-09-09T12:46:45.635,1788938205.6351,9971,-1452,-18.62
2026-09-09T12:46:45.641,1788938205.6413,9972,295,3.78
2026-09-09T12:46:45.652,1788938205.6523,9973,-1639,-21.01
2026-09-09T12:46:45.666,1788938205.6667,9974,552,7.08
2026-09-09T12:46:45.666,1788938205.6667,9975,-1775,-22.76
2026-09-09T12:46:45.682,1788938205.6825,9976,812,10.41
2026-09-09T12:46:45.700,1788938205.7002,9977,-1810,-23.21
2026-09-09T12:46:45.700,1788938205.7002,9978,1180,15.13
2026-09-09T12:46:45.713,1788938205.7139,9979,-1843,-23.63
2026-09-09T12:46:45.726,1788938205.7261,9980,1407,18.04
2026-09-09T12:46:45.730,1788938205.7304,9981,-1864,-23.9
2026-09-09T12:46:45.745,1788938205.7454,9982,1534,19.67
2026-09-09T12:46:45.745,1788938205.7454,9983,-517,-6.63
2026-09-09T12:46:45.761,1788938205.7610,9984,1630,20.9
2026-09-09T12:46:45.776,1788938205.7770,9985,-816,-10.46
2026-09-09T12:46:45.776,1788938205.7770,9986,1766,22.64
2026-09-09T12:46:45.793,1788938205.7930,9987,-1084,-13.9
2026-09-09T12:46:45.809,1788938205.8091,9988,2009,25.76
2026-09-09T12:46:45.813,1788938205.8131,9989,-1014,-13.0
2026-09-09T12:46:45.826,1788938205.8264,9990,2670,34.23
2026-09-09T12:46:45.835,1788938205.8354,9991,-355,-4.55
2026-09-09T12:46:45.840,1788938205.8409,9992,2193,28.12
2026-09-09T12:46:45.856,1788938205.8568,9993,33,0.42
2026-09-09T12:46:45.862,1788938205.8628,9994,2359,30.24
2026-09-09T12:46:45.873,1788938205.8731,9995,-546,-7.0
2026-09-09T12:46:45.873,1788938205.8731,9996,2159,27.68
2026-09-09T12:46:45.888,1788938205.8889,9997,-1020,-13.08
2026-09-09T12:46:45.905,1788938205.9051,9998,2024,25.95
2026-09-09T12:46:45.920,1788938205.9210,9999,-1359,-17.42
2026-09-09T12:46:45.926,1788938205.9264,10000,1935,24.81
2026-09-09T12:46:45.936,1788938205.9369,10001,-1575,-20.19
2026-09-09T12:46:45.936,1788938205.9369,10002,1895,24.29
2026-09-09T12:46:45.952,1788938205.9527,10003,-449,-5.76
2026-09-09T12:46:45.968,1788938205.9685,10004,1839,23.58
2026-09-09T12:46:45.976,1788938205.9762,10005,-880,-11.28
2026-09-09T12:46:45.984,1788938205.9845,10006,1818,23.31
2026-09-09T12:46:46.000,1788938206.0001,10007,-1276,-16.36
2026-09-09T12:46:46.000,1788938206.0001,10008,1755,22.5
2026-09-09T12:46:46.016,1788938206.0161,10009,-1634,-20.95
2026-09-09T12:46:46.026,1788938206.0266,10010,1726,22.13
2026-09-09T12:46:46.032,1788938206.0322,10011,-1847,-23.68
2026-09-09T12:46:46.032,1788938206.0322,10012,394,5.05
2026-09-09T12:46:46.048,1788938206.0482,10013,-2003,-25.68
2026-09-09T12:46:46.063,1788938206.0638,10014,677,8.68
2026-09-09T12:46:46.063,1788938206.0638,10015,-2088,-26.77
2026-09-09T12:46:46.085,1788938206.0855,10016,1000,12.82
2026-09-09T12:46:46.097,1788938206.0973,10017,-2088,-26.77
2026-09-09T12:46:46.110,1788938206.1109,10018,1219,15.63
2026-09-09T12:46:46.110,1788938206.1109,10019,-2093,-26.83
2026-09-09T12:46:46.126,1788938206.1267,10020,1394,17.87
2026-09-09T12:46:46.126,1788938206.1267,10021,-2061,-26.42
2026-09-09T12:46:46.144,1788938206.1445,10022,1505,19.29
2026-09-09T12:46:46.158,1788938206.1582,10023,-909,-11.65
2026-09-09T12:46:46.164,1788938206.1644,10024,1592,20.41
2026-09-09T12:46:46.178,1788938206.1785,10025,-1253,-16.06
2026-09-09T12:46:46.189,1788938206.1897,10026,1652,21.18
2026-09-09T12:46:46.189,1788938206.1897,10027,-1533,-19.65
2026-09-09T12:46:46.209,1788938206.2097,10028,1667,21.37
2026-09-09T12:46:46.209,1788938206.2097,10029,-1765,-22.63
2026-09-09T12:46:46.227,1788938206.2276,10030,1651,21.17
2026-09-09T12:46:46.237,1788938206.2374,10031,-1925,-24.68
2026-09-09T12:46:46.237,1788938206.2374,10032,496,6.36
2026-09-09T12:46:46.253,1788938206.2531,10033,-2001,-25.65
2026-09-09T12:46:46.253,1788938206.2531,10034,779,9.99
2026-09-09T12:46:46.268,1788938206.2688,10035,-2062,-26.44
2026-09-09T12:46:46.283,1788938206.2840,10036,1098,14.08
2026-09-09T12:46:46.283,1788938206.2840,10037,-2063,-26.45
2026-09-09T12:46:46.300,1788938206.3001,10038,1316,16.87
2026-09-09T12:46:46.315,1788938206.3159,10039,-2033,-26.06
2026-09-09T12:46:46.327,1788938206.3277,10040,1478,18.95
2026-09-09T12:46:46.332,1788938206.3320,10041,-1994,-25.56
2026-09-09T12:46:46.348,1788938206.3481,10042,1568,20.1
2026-09-09T12:46:46.348,1788938206.3481,10043,-994,-12.74
2026-09-09T12:46:46.364,1788938206.3642,10044,1658,21.26
2026-09-09T12:46:46.379,1788938206.3800,10045,-1315,-16.86
2026-09-09T12:46:46.379,1788938206.3800,10046,1642,21.05
2026-09-09T12:46:46.395,1788938206.3959,10047,-1615,-20.71
2026-09-09T12:46:46.411,1788938206.4116,10048,1614,20.69
2026-09-09T12:46:46.413,1788938206.4136,10049,-1826,-23.41
2026-09-09T12:46:46.427,1788938206.4276,10050,1614,20.69
2026-09-09T12:46:46.427,1788938206.4276,10051,-1962,-25.15
2026-09-09T12:46:46.446,1788938206.4461,10052,547,7.01
2026-09-09T12:46:46.446,1788938206.4461,10053,-2037,-26.12
2026-09-09T12:46:46.459,1788938206.4595,10054,855,10.96
2026-09-09T12:46:46.475,1788938206.4753,10055,-2062,-26.44
2026-09-09T12:46:46.475,1788938206.4753,10056,1126,14.44
2026-09-09T12:46:46.491,1788938206.4913,10057,-2075,-26.6
2026-09-09T12:46:46.506,1788938206.5069,10058,1352,17.33
2026-09-09T12:46:46.508,1788938206.5089,10059,-2023,-25.94
2026-09-09T12:46:46.522,1788938206.5230,10060,1495,19.17
2026-09-09T12:46:46.528,1788938206.5284,10061,-791,-10.14
2026-09-09T12:46:46.538,1788938206.5386,10062,1593,20.42
2026-09-09T12:46:46.554,1788938206.5545,10063,-1064,-13.64
2026-09-09T12:46:46.560,1788938206.5602,10064,1636,20.97
2026-09-09T12:46:46.570,1788938206.5702,10065,-1421,-18.22
2026-09-09T12:46:46.580,1788938206.5806,10066,1687,21.63
2026-09-09T12:46:46.603,1788938206.6039,10067,-1646,-21.1
2026-09-09T12:46:46.603,1788938206.6039,10068,1674,21.46
2026-09-09T12:46:46.613,1788938206.6139,10069,-1846,-23.67
2026-09-09T12:46:46.623,1788938206.6238,10070,1669,21.4
2026-09-09T12:46:46.634,1788938206.6347,10071,-1951,-25.01
2026-09-09T12:46:46.645,1788938206.6451,10072,721,9.24
2026-09-09T12:46:46.651,1788938206.6517,10073,-2008,-25.74
2026-09-09T12:46:46.666,1788938206.6660,10074,1032,13.23
2026-09-09T12:46:46.678,1788938206.6789,10075,-1993,-25.55
2026-09-09T12:46:46.683,1788938206.6833,10076,1285,16.47
2026-09-09T12:46:46.699,1788938206.6994,10077,-1988,-25.49
2026-09-09T12:46:46.705,1788938206.7051,10078,1474,18.9
2026-09-09T12:46:46.713,1788938206.7132,10079,-1926,-24.69
2026-09-09T12:46:46.732,1788938206.7323,10080,1611,20.65
2026-09-09T12:46:46.732,1788938206.7323,10081,-795,-10.19
2026-09-09T12:46:46.744,1788938206.7446,10082,1688,21.64
2026-09-09T12:46:46.755,1788938206.7550,10083,-1098,-14.08
2026-09-09T12:46:46.761,1788938206.7613,10084,1745,22.37
2026-09-09T12:46:46.776,1788938206.7763,10085,-1404,-18.0
2026-09-09T12:46:46.785,1788938206.7854,10086,1779,22.81
2026-09-09T12:46:46.802,1788938206.8028,10087,-1650,-21.15
2026-09-09T12:46:46.808,1788938206.8082,10088,1748,22.41
2026-09-09T12:46:46.812,1788938206.8126,10089,-1808,-23.18
2026-09-09T12:46:46.823,1788938206.8238,10090,1717,22.01
2026-09-09T12:46:46.834,1788938206.8341,10091,-1871,-23.99
2026-09-09T12:46:46.840,1788938206.8403,10092,913,11.71
2026-09-09T12:46:46.855,1788938206.8556,10093,-1953,-25.04
2026-09-09T12:46:46.866,1788938206.8669,10094,1189,15.24
2026-09-09T12:46:46.871,1788938206.8719,10095,-1953,-25.04
2026-09-09T12:46:46.882,1788938206.8823,10096,1410,18.08
2026-09-09T12:46:46.902,1788938206.9026,10097,-1927,-24.71
2026-09-09T12:46:46.902,1788938206.9026,10098,1538,19.72
2026-09-09T12:46:46.921,1788938206.9215,10099,-1898,-24.33
2026-09-09T12:46:46.921,1788938206.9215,10100,1647,21.12
2026-09-09T12:46:46.934,1788938206.9347,10101,-895,-11.47
2026-09-09T12:46:46.947,1788938206.9480,10102,1712,21.95
2026-09-09T12:46:46.951,1788938206.9513,10103,-1222,-15.67
2026-09-09T12:46:46.966,1788938206.9661,10104,1745,22.37
2026-09-09T12:46:46.973,1788938206.9736,10105,-1500,-19.23
2026-09-09T12:46:46.982,1788938206.9823,10106,1778,22.79
2026-09-09T12:46:46.998,1788938206.9981,10107,-1699,-21.78
2026-09-09T12:46:47.004,1788938207.0041,10108,1735,22.24
2026-09-09T12:46:47.013,1788938207.0137,10109,-1825,-23.4
2026-09-09T12:46:47.029,1788938207.0297,10110,1684,21.59
2026-09-09T12:46:47.034,1788938207.0349,10111,-1888,-24.21
2026-09-09T12:46:47.045,1788938207.0454,10112,1007,12.91
2026-09-09T12:46:47.054,1788938207.0543,10113,-1923,-24.65
2026-09-09T12:46:47.061,1788938207.0615,10114,1292,16.56
2026-09-09T12:46:47.081,1788938207.0812,10115,-1918,-24.59
2026-09-09T12:46:47.081,1788938207.0812,10116,1479,18.96
2026-09-09T12:46:47.103,1788938207.1036,10117,-1906,-24.44
2026-09-09T12:46:47.109,1788938207.1099,10118,1607,20.6
2026-09-09T12:46:47.109,1788938207.1099,10119,-1849,-23.71
2026-09-09T12:46:47.130,1788938207.1306,10120,1688,21.64
2026-09-09T12:46:47.137,1788938207.1371,10121,-987,-12.65
2026-09-09T12:46:47.141,1788938207.1419,10122,1724,22.1
2026-09-09T12:46:47.156,1788938207.1570,10123,-1309,-16.78
2026-09-09T12:46:47.163,1788938207.1640,10124,1726,22.13
2026-09-09T12:46:47.172,1788938207.1727,10125,-1571,-20.14
2026-09-09T12:46:47.182,1788938207.1830,10126,1735,22.24
2026-09-09T12:46:47.204,1788938207.2047,10127,-1761,-22.58
2026-09-09T12:46:47.204,1788938207.2047,10128,1696,21.74
2026-09-09T12:46:47.216,1788938207.2168,10129,-1859,-23.83
2026-09-09T12:46:47.220,1788938207.2204,10130,1637,20.99
2026-09-09T12:46:47.236,1788938207.2361,10131,-1906,-24.44
2026-09-09T12:46:47.243,1788938207.2431,10132,1121,14.37
2026-09-09T12:46:47.252,1788938207.2524,10133,-1918,-24.59
2026-09-09T12:46:47.267,1788938207.2679,10134,1356,17.38
2026-09-09T12:46:47.279,1788938207.2800,10135,-1913,-24.53
2026-09-09T12:46:47.283,1788938207.2838,10136,1536,19.69
2026-09-09T12:46:47.299,1788938207.3000,10137,-1849,-23.71
2026-09-09T12:46:47.307,1788938207.3073,10138,1640,21.03
2026-09-09T12:46:47.315,1788938207.3157,10139,-1764,-22.62
2026-09-09T12:46:47.323,1788938207.3236,10140,1716,22.0
2026-09-09T12:46:47.333,1788938207.3339,10141,-1074,-13.77
2026-09-09T12:46:47.342,1788938207.3420,10142,1773,22.73
2026-09-09T12:46:47.350,1788938207.3505,10143,-1385,-17.76
2026-09-09T12:46:47.364,1788938207.3643,10144,1774,22.74
2026-09-09T12:46:47.377,1788938207.3771,10145,-1620,-20.77
2026-09-09T12:46:47.384,1788938207.3843,10146,1766,22.64
2026-09-09T12:46:47.395,1788938207.3956,10147,-1782,-22.85
2026-09-09T12:46:47.403,1788938207.4036,10148,1691,21.68
2026-09-09T12:46:47.421,1788938207.4219,10149,-1881,-24.12
2026-09-09T12:46:47.427,1788938207.4273,10150,1595,20.45
2026-09-09T12:46:47.439,1788938207.4398,10151,-1908,-24.46
2026-09-09T12:46:47.443,1788938207.4433,10152,1203,15.42
2026-09-09T12:46:47.460,1788938207.4605,10153,-1955,-25.06
2026-09-09T12:46:47.463,1788938207.4631,10154,1395,17.88
2026-09-09T12:46:47.477,1788938207.4780,10155,-1930,-24.74
2026-09-09T12:46:47.484,1788938207.4846,10156,1555,19.94
2026-09-09T12:46:47.490,1788938207.4910,10157,-1861,-23.86
2026-09-09T12:46:47.506,1788938207.5062,10158,1648,21.13
2026-09-09T12:46:47.511,1788938207.5116,10159,-1751,-22.45
2026-09-09T12:46:47.530,1788938207.5309,10160,1732,22.21
2026-09-09T12:46:47.538,1788938207.5389,10161,-1202,-15.41
2026-09-09T12:46:47.538,1788938207.5389,10162,1769,22.68
2026-09-09T12:46:47.554,1788938207.5542,10163,-1476,-18.92
2026-09-09T12:46:47.570,1788938207.5701,10164,1778,22.79
2026-09-09T12:46:47.570,1788938207.5701,10165,-1663,-21.32
2026-09-09T12:46:47.580,1788938207.5806,10166,1751,22.45
2026-09-09T12:46:47.602,1788938207.6021,10167,-1810,-23.21
2026-09-09T12:46:47.602,1788938207.6021,10168,1671,21.42
2026-09-09T12:46:47.612,1788938207.6123,10169,-1861,-23.86
2026-09-09T12:46:47.622,1788938207.6229,10170,1562,20.03
2026-09-09T12:46:47.639,1788938207.6393,10171,-1924,-24.67
2026-09-09T12:46:47.645,1788938207.6458,10172,1290,16.54
2026-09-09T12:46:47.651,1788938207.6510,10173,-1923,-24.65
2026-09-09T12:46:47.665,1788938207.6657,10174,1478,18.95
2026-09-09T12:46:47.672,1788938207.6726,10175,-1918,-24.59
2026-09-09T12:46:47.681,1788938207.6817,10176,1575,20.19
2026-09-09T12:46:47.701,1788938207.7014,10177,-1869,-23.96
2026-09-09T12:46:47.701,1788938207.7014,10178,1644,21.08
2026-09-09T12:46:47.713,1788938207.7131,10179,-1734,-22.23
2026-09-09T12:46:47.731,1788938207.7313,10180,1693,21.71
2026-09-09T12:46:47.731,1788938207.7313,10181,-1352,-17.33
2026-09-09T12:46:47.744,1788938207.7448,10182,1719,22.04
2026-09-09T12:46:47.753,1788938207.7531,10183,-1594,-20.44
2026-09-09T12:46:47.760,1788938207.7609,10184,1729,22.17
2026-09-09T12:46:47.776,1788938207.7766,10185,-1768,-22.67
2026-09-09T12:46:47.780,1788938207.7801,10186,1686,21.62
2026-09-09T12:46:47.793,1788938207.7931,10187,-1858,-23.82
2026-09-09T12:46:47.809,1788938207.8097,10188,1610,20.64
2026-09-09T12:46:47.809,1788938207.8097,10189,-1912,-24.51
2026-09-09T12:46:47.824,1788938207.8248,10190,1127,14.45
2026-09-09T12:46:47.833,1788938207.8336,10191,-1943,-24.91
2026-09-09T12:46:47.840,1788938207.8406,10192,1367,17.53
2026-09-09T12:46:47.856,1788938207.8565,10193,-1919,-24.6
2026-09-09T12:46:47.860,1788938207.8607,10194,1531,19.63
2026-09-09T12:46:47.872,1788938207.8727,10195,-1842,-23.62
2026-09-09T12:46:47.882,1788938207.8829,10196,1659,21.27
2026-09-09T12:46:47.900,1788938207.9004,10197,-1781,-22.83
2026-09-09T12:46:47.904,1788938207.9043,10198,1727,22.14
2026-09-09T12:46:47.920,1788938207.9202,10199,-1631,-20.91
2026-09-09T12:46:47.924,1788938207.9244,10200,1764,22.62
2026-09-09T12:46:47.936,1788938207.9363,10201,-1406,-18.03
2026-09-09T12:46:47.942,1788938207.9421,10202,1764,22.62
2026-09-09T12:46:47.952,1788938207.9522,10203,-1641,-21.04
2026-09-09T12:46:47.962,1788938207.9626,10204,1741,22.32
2026-09-09T12:46:47.969,1788938207.9690,10205,-1791,-22.96
2026-09-09T12:46:47.984,1788938207.9843,10206,1694,21.72
2026-09-09T12:46:47.999,1788938207.9997,10207,-1890,-24.23
2026-09-09T12:46:48.000,1788938208.0006,10208,1589,20.37
2026-09-09T12:46:48.015,1788938208.0156,10209,-1913,-24.53
2026-09-09T12:46:48.028,1788938208.0281,10210,1233,15.81
2026-09-09T12:46:48.033,1788938208.0332,10211,-1909,-24.47
2026-09-09T12:46:48.042,1788938208.0423,10212,1441,18.47
2026-09-09T12:46:48.050,1788938208.0505,10213,-1877,-24.06
2026-09-09T12:46:48.063,1788938208.0634,10214,1596,20.46
2026-09-09T12:46:48.075,1788938208.0756,10215,-1788,-22.92
2026-09-09T12:46:48.079,1788938208.0797,10216,1728,22.15
2026-09-09T12:46:48.094,1788938208.0946,10217,-1679,-21.53
2026-09-09T12:46:48.102,1788938208.1027,10218,1779,22.81
2026-09-09T12:46:48.120,1788938208.1207,10219,-1518,-19.46
2026-09-09T12:46:48.126,1788938208.1261,10220,1831,23.47
2026-09-09T12:46:48.133,1788938208.1333,10221,-1423,-18.24
2026-09-09T12:46:48.142,1788938208.1421,10222,1847,23.68
2026-09-09T12:46:48.158,1788938208.1590,10223,-1607,-20.6
2026-09-09T12:46:48.169,1788938208.1691,10224,1846,23.67
2026-09-09T12:46:48.174,1788938208.1746,10225,-1735,-22.24
2026-09-09T12:46:48.183,1788938208.1836,10226,1740,22.31
2026-09-09T12:46:48.200,1788938208.2003,10227,-1824,-23.38
2026-09-09T12:46:48.206,1788938208.2064,10228,1606,20.59
2026-09-09T12:46:48.214,1788938208.2145,10229,-1837,-23.55
2026-09-09T12:46:48.224,1788938208.2245,10230,1381,17.71
2026-09-09T12:46:48.233,1788938208.2333,10231,-1834,-23.51
2026-09-09T12:46:48.249,1788938208.2492,10232,1567,20.09
2026-09-09T12:46:48.254,1788938208.2547,10233,-1807,-23.17
2026-09-09T12:46:48.263,1788938208.2636,10234,1698,21.77
2026-09-09T12:46:48.273,1788938208.2731,10235,-1731,-22.19
2026-09-09T12:46:48.281,1788938208.2811,10236,1781,22.83
2026-09-09T12:46:48.290,1788938208.2907,10237,-1622,-20.79
2026-09-09T12:46:48.302,1788938208.3023,10238,1808,23.18
