iso_time,epoch_seconds,sample_index,q1_raw,q1_voltage_mv
2026-09-09T11:59:39.482,1788935379.4824,1,3616,46.36
2026-09-09T11:59:39.492,1788935379.4930,2,-56,-0.72
2026-09-09T11:59:39.521,1788935379.5210,3,3956,50.72
2026-09-09T11:59:39.521,1788935379.5210,4,-680,-8.72
2026-09-09T11:59:39.521,1788935379.5210,5,-380,-4.87
2026-09-09T11:59:39.536,1788935379.5369,6,-1396,-17.9
2026-09-09T11:59:39.536,1788935379.5369,7,-40,-0.51
2026-09-09T11:59:39.553,1788935379.5530,8,-2100,-26.92
2026-09-09T11:59:39.559,1788935379.5591,9,336,4.31
2026-09-09T11:59:39.569,1788935379.5694,10,-2704,-34.67
2026-09-09T11:59:39.569,1788935379.5694,11,756,9.69
2026-09-09T11:59:39.584,1788935379.5846,12,-3124,-40.05
2026-09-09T11:59:39.600,1788935379.6002,13,1332,17.08
2026-09-09T11:59:39.615,1788935379.6160,14,1520,19.49
2026-09-09T11:59:39.623,1788935379.6240,15,2024,25.95
2026-09-09T11:59:39.632,1788935379.6321,16,1164,14.92
2026-09-09T11:59:39.632,1788935379.6321,17,2712,34.77
2026-09-09T11:59:39.650,1788935379.6500,18,816,10.46
2026-09-09T11:59:39.664,1788935379.6641,19,3372,43.23
2026-09-09T11:59:39.664,1788935379.6641,20,412,5.28
2026-09-09T11:59:39.682,1788935379.6821,21,3852,49.38
2026-09-09T11:59:39.706,1788935379.7063,22,-96,-1.23
2026-09-09T11:59:39.706,1788935379.7068,23,4212,54.0
2026-09-09T11:59:39.714,1788935379.7148,24,-732,-9.38
2026-09-09T11:59:39.721,1788935379.7216,25,-300,-3.85
2026-09-09T11:59:39.728,1788935379.7284,26,-1492,-19.13
2026-09-09T11:59:39.742,1788935379.7425,27,52,0.67
2026-09-09T11:59:39.749,1788935379.7500,28,-2224,-28.51
2026-09-09T11:59:39.758,1788935379.7583,29,384,4.92
2026-09-09T11:59:39.774,1788935379.7741,30,-2864,-36.72
2026-09-09T11:59:39.774,1788935379.7741,31,800,10.26
2026-09-09T11:59:39.789,1788935379.7900,32,-3304,-42.36
2026-09-09T11:59:39.789,1788935379.7900,33,1364,17.49
2026-09-09T11:59:39.821,1788935379.8219,34,1444,18.51
2026-09-09T11:59:39.823,1788935379.8239,35,2016,25.85
2026-09-09T11:59:39.823,1788935379.8239,36,1044,13.38
2026-09-09T11:59:39.837,1788935379.8377,37,2708,34.72
2026-09-09T11:59:39.853,1788935379.8536,38,648,8.31
2026-09-09T11:59:39.853,1788935379.8536,39,3332,42.72
2026-09-09T11:59:39.869,1788935379.8697,40,216,2.77
2026-09-09T11:59:39.885,1788935379.8856,41,3768,48.31
2026-09-09T11:59:39.885,1788935379.8856,42,-340,-4.36
2026-09-09T11:59:39.901,1788935379.9012,43,4056,52.0
2026-09-09T11:59:39.919,1788935379.9195,44,-1112,-14.26
2026-09-09T11:59:39.919,1788935379.9195,45,-516,-6.62
2026-09-09T11:59:39.936,1788935379.9365,46,-1932,-24.77
2026-09-09T11:59:39.947,1788935379.9470,47,-204,-2.62
2026-09-09T11:59:39.955,1788935379.9556,48,-2692,-34.51
2026-09-09T11:59:39.965,1788935379.9656,49,104,1.33
2026-09-09T11:59:39.975,1788935379.9751,50,-3348,-42.92
2026-09-09T11:59:39.979,1788935379.9791,51,500,6.41
2026-09-09T11:59:39.994,1788935379.9949,52,-3796,-48.67
2026-09-09T11:59:40.001,1788935380.0016,53,1044,13.38
2026-09-09T11:59:40.010,1788935380.0109,54,916,11.74
2026-09-09T11:59:40.026,1788935380.0265,55,1724,22.1
2026-09-09T11:59:40.026,1788935380.0265,56,532,6.82
2026-09-09T11:59:40.042,1788935380.0427,57,2432,31.18
2026-09-09T11:59:40.050,1788935380.0502,58,136,1.74
2026-09-09T11:59:40.066,1788935380.0667,59,2976,38.15
2026-09-09T11:59:40.071,1788935380.0710,60,-308,-3.95
2026-09-09T11:59:40.080,1788935380.0802,61,3380,43.33
2026-09-09T11:59:40.086,1788935380.0864,62,-892,-11.44
2026-09-09T11:59:40.107,1788935380.1074,63,3708,47.54
2026-09-09T11:59:40.111,1788935380.1117,64,-1512,-19.38
2026-09-09T11:59:40.118,1788935380.1186,65,-692,-8.87
2026-09-09T11:59:40.139,1788935380.1391,66,-2220,-28.46
2026-09-09T11:59:40.139,1788935380.1391,67,-240,-3.08
2026-09-09T11:59:40.150,1788935380.1505,68,-2804,-35.95
2026-09-09T11:59:40.166,1788935380.1665,69,240,3.08
2026-09-09T11:59:40.170,1788935380.1705,70,-3220,-41.28
2026-09-09T11:59:40.182,1788935380.1821,71,840,10.77
2026-09-09T11:59:40.197,1788935380.1979,72,-3468,-44.46
2026-09-09T11:59:40.197,1788935380.1979,73,1584,20.31
2026-09-09T11:59:40.197,1788935380.1979,74,1352,17.33
2026-09-09T11:59:40.229,1788935380.2297,75,2460,31.54
2026-09-09T11:59:40.229,1788935380.2297,76,1148,14.72
2026-09-09T11:59:40.241,1788935380.2418,77,3424,43.9
2026-09-09T11:59:40.251,1788935380.2514,78,1112,14.26
2026-09-09T11:59:40.266,1788935380.2663,79,4396,56.36
2026-09-09T11:59:40.272,1788935380.2722,80,1156,14.82
2026-09-09T11:59:40.280,1788935380.2805,81,5240,67.18
2026-09-09T11:59:40.295,1788935380.2951,82,1004,12.87
2026-09-09T11:59:40.309,1788935380.3095,83,5852,75.03
2026-09-09T11:59:40.311,1788935380.3115,84,456,5.85
2026-09-09T11:59:40.321,1788935380.3211,85,1384,17.74
2026-09-09T11:59:40.341,1788935380.3412,86,-484,-6.21
2026-09-09T11:59:40.346,1788935380.3469,87,1464,18.77
2026-09-09T11:59:40.351,1788935380.3513,88,-1496,-19.18
2026-09-09T11:59:40.356,1788935380.3569,89,1468,18.82
2026-09-09T11:59:40.372,1788935380.3727,90,-2452,-31.44
2026-09-09T11:59:40.372,1788935380.3727,91,1500,19.23
2026-09-09T11:59:40.390,1788935380.3904,92,-3272,-41.95
2026-09-09T11:59:40.406,1788935380.4061,93,1760,22.56
2026-09-09T11:59:40.406,1788935380.4061,94,1256,16.1
2026-09-09T11:59:40.419,1788935380.4199,95,2264,29.03
2026-09-09T11:59:40.419,1788935380.4199,96,692,8.87
2026-09-09T11:59:40.451,1788935380.4517,97,2888,37.03
2026-09-09T11:59:40.451,1788935380.4517,98,256,3.28
2026-09-09T11:59:40.466,1788935380.4667,99,3420,43.85
2026-09-09T11:59:40.471,1788935380.4717,100,-172,-2.21
2026-09-09T11:59:40.483,1788935380.4835,101,3852,49.38
2026-09-09T11:59:40.483,1788935380.4835,102,-736,-9.44
2026-09-09T11:59:40.506,1788935380.5070,103,4148,53.18
2026-09-09T11:59:40.515,1788935380.5152,104,-1468,-18.82
2026-09-09T11:59:40.523,1788935380.5232,105,-320,-4.1
2026-09-09T11:59:40.530,1788935380.5309,106,-2232,-28.62
2026-09-09T11:59:40.552,1788935380.5530,107,84,1.08
2026-09-09T11:59:40.552,1788935380.5530,108,-2824,-36.21
2026-09-09T11:59:40.564,1788935380.5641,109,496,6.36
2026-09-09T11:59:40.564,1788935380.5641,110,-3272,-41.95
2026-09-09T11:59:40.580,1788935380.5807,111,1104,14.15
2026-09-09T11:59:40.594,1788935380.5945,112,-3552,-45.54
2026-09-09T11:59:40.594,1788935380.5945,113,1832,23.49
2026-09-09T11:59:40.615,1788935380.6155,114,1272,16.31
2026-09-09T11:59:40.624,1788935380.6243,115,2616,33.54
2026-09-09T11:59:40.628,1788935380.6283,116,936,12.0
2026-09-09T11:59:40.643,1788935380.6436,117,3300,42.31
2026-09-09T11:59:40.655,1788935380.6551,118,488,6.26
2026-09-09T11:59:40.659,1788935380.6594,119,3752,48.1
2026-09-09T11:59:40.675,1788935380.6755,120,-44,-0.56
2026-09-09T11:59:40.681,1788935380.6812,121,4044,51.85
2026-09-09T11:59:40.691,1788935380.6913,122,-752,-9.64
2026-09-09T11:59:40.691,1788935380.6913,123,4212,54.0
2026-09-09T11:59:40.707,1788935380.7076,124,-1556,-19.95
2026-09-09T11:59:40.725,1788935380.7251,125,-304,-3.9
2026-09-09T11:59:40.725,1788935380.7251,126,-2376,-30.46
2026-09-09T11:59:40.740,1788935380.7408,127,60,0.77
2026-09-09T11:59:40.754,1788935380.7541,128,-3016,-38.67
2026-09-09T11:59:40.754,1788935380.7541,129,456,5.85
2026-09-09T11:59:40.770,1788935380.7701,130,-3468,-44.46
2026-09-09T11:59:40.770,1788935380.7701,131,1032,13.23
2026-09-09T11:59:40.785,1788935380.7858,132,-3768,-48.31
2026-09-09T11:59:40.801,1788935380.8019,133,1716,22.0
2026-09-09T11:59:40.817,1788935380.8176,134,948,12.15
2026-09-09T11:59:40.817,1788935380.8176,135,2476,31.74
2026-09-09T11:59:40.833,1788935380.8334,136,608,7.79
2026-09-09T11:59:40.849,1788935380.8496,137,3176,40.72
2026-09-09T11:59:40.849,1788935380.8496,138,244,3.13
2026-09-09T11:59:40.865,1788935380.8652,139,3648,46.77
2026-09-09T11:59:40.865,1788935380.8652,140,-292,-3.74
2026-09-09T11:59:40.881,1788935380.8811,141,4000,51.28
2026-09-09T11:59:40.891,1788935380.8912,142,-916,-11.74
2026-09-09T11:59:40.905,1788935380.9052,143,-496,-6.36
2026-09-09T11:59:40.912,1788935380.9129,144,-1608,-20.62
2026-09-09T11:59:40.912,1788935380.9129,145,-68,-0.87
2026-09-09T11:59:40.928,1788935380.9288,146,-2260,-28.97
2026-09-09T11:59:40.944,1788935380.9448,147,404,5.18
2026-09-09T11:59:40.954,1788935380.9549,148,-2764,-35.44
2026-09-09T11:59:40.960,1788935380.9606,149,896,11.49
2026-09-09T11:59:40.972,1788935380.9721,150,-3116,-39.95
2026-09-09T11:59:40.979,1788935380.9795,151,1524,19.54
2026-09-09T11:59:40.992,1788935380.9929,152,-3400,-43.59
2026-09-09T11:59:40.992,1788935380.9929,153,2184,28.0
2026-09-09T11:59:41.008,1788935381.0087,154,1244,15.95
2026-09-09T11:59:41.008,1788935381.0087,155,2856,36.62
2026-09-09T11:59:41.024,1788935381.0244,156,788,10.1
2026-09-09T11:59:41.040,1788935381.0408,157,3388,43.44
2026-09-09T11:59:41.055,1788935381.0551,158,260,3.33
2026-09-09T11:59:41.057,1788935381.0570,159,3760,48.21
2026-09-09T11:59:41.076,1788935381.0764,160,-380,-4.87
2026-09-09T11:59:41.081,1788935381.0815,161,3988,51.13
2026-09-09T11:59:41.088,1788935381.0885,162,-1112,-14.26
2026-09-09T11:59:41.104,1788935381.1044,163,-564,-7.23
2026-09-09T11:59:41.114,1788935381.1150,164,-1884,-24.15
2026-09-09T11:59:41.120,1788935381.1202,165,-232,-2.97
2026-09-09T11:59:41.136,1788935381.1363,166,-2648,-33.95
2026-09-09T11:59:41.136,1788935381.1363,167,160,2.05
2026-09-09T11:59:41.155,1788935381.1550,168,-3176,-40.72
2026-09-09T11:59:41.155,1788935381.1550,169,644,8.26
2026-09-09T11:59:41.168,1788935381.1683,170,-3564,-45.69
2026-09-09T11:59:41.184,1788935381.1842,171,1312,16.82
2026-09-09T11:59:41.192,1788935381.1928,172,-3784,-48.51
2026-09-09T11:59:41.200,1788935381.2002,173,2036,26.1
2026-09-09T11:59:41.200,1788935381.2002,174,888,11.38
2026-09-09T11:59:41.215,1788935381.2158,175,2764,35.44
2026-09-09T11:59:41.231,1788935381.2316,176,504,6.46
2026-09-09T11:59:41.247,1788935381.2477,177,3328,42.67
2026-09-09T11:59:41.255,1788935381.2552,178,20,0.26
2026-09-09T11:59:41.262,1788935381.2629,179,3716,47.64
2026-09-09T11:59:41.262,1788935381.2629,180,-572,-7.33
2026-09-09T11:59:41.284,1788935381.2849,181,4016,51.49
2026-09-09T11:59:41.296,1788935381.2966,182,-1216,-15.59
2026-09-09T11:59:41.303,1788935381.3037,183,-464,-5.95
2026-09-09T11:59:41.310,1788935381.3108,184,-1964,-25.18
2026-09-09T11:59:41.310,1788935381.3108,185,-20,-0.26
2026-09-09T11:59:41.332,1788935381.3327,186,-2432,-31.18
2026-09-09T11:59:41.344,1788935381.3445,187,604,7.74
2026-09-09T11:59:41.355,1788935381.3553,188,-2728,-34.97
2026-09-09T11:59:41.360,1788935381.3601,189,1256,16.1
2026-09-09T11:59:41.374,1788935381.3742,190,-3148,-40.36
2026-09-09T11:59:41.374,1788935381.3742,191,1648,21.13
2026-09-09T11:59:41.389,1788935381.3900,192,-3644,-46.72
2026-09-09T11:59:41.405,1788935381.4057,193,2144,27.49
2026-09-09T11:59:41.414,1788935381.4141,194,832,10.67
2026-09-09T11:59:41.421,1788935381.4215,195,2764,35.44
2026-09-09T11:59:41.421,1788935381.4215,196,384,4.92
2026-09-09T11:59:41.455,1788935381.4554,197,3316,42.51
2026-09-09T11:59:41.455,1788935381.4554,198,-16,-0.21
2026-09-09T11:59:41.455,1788935381.4554,199,3772,48.36
2026-09-09T11:59:41.471,1788935381.4712,200,-560,-7.18
2026-09-09T11:59:41.485,1788935381.4850,201,4064,52.1
2026-09-09T11:59:41.485,1788935381.4850,202,-1220,-15.64
2026-09-09T11:59:41.500,1788935381.5010,203,-324,-4.15
2026-09-09T11:59:41.500,1788935381.5010,204,-1980,-25.38
2026-09-09T11:59:41.516,1788935381.5167,205,16,0.21
2026-09-09T11:59:41.532,1788935381.5328,206,-2644,-33.9
2026-09-09T11:59:41.532,1788935381.5328,207,432,5.54
2026-09-09T11:59:41.559,1788935381.5592,208,-3120,-40.0
2026-09-09T11:59:41.566,1788935381.5663,209,928,11.9
2026-09-09T11:59:41.573,1788935381.5733,210,-3444,-44.15
2026-09-09T11:59:41.580,1788935381.5805,211,1568,20.1
2026-09-09T11:59:41.580,1788935381.5805,212,-3644,-46.72
2026-09-09T11:59:41.596,1788935381.5968,213,2296,29.44
2026-09-09T11:59:41.612,1788935381.6126,214,868,11.13
2026-09-09T11:59:41.621,1788935381.6219,215,2956,37.9
2026-09-09T11:59:41.632,1788935381.6320,216,460,5.9
2026-09-09T11:59:41.632,1788935381.6320,217,3488,44.72
2026-09-09T11:59:41.655,1788935381.6557,218,36,0.46
2026-09-09T11:59:41.660,1788935381.6603,219,3912,50.15
2026-09-09T11:59:41.660,1788935381.6603,220,-448,-5.74
2026-09-09T11:59:41.676,1788935381.6765,221,4264,54.67
2026-09-09T11:59:41.698,1788935381.6989,222,-1040,-13.33
2026-09-09T11:59:41.703,1788935381.7031,223,16,0.21
2026-09-09T11:59:41.708,1788935381.7083,224,-1660,-21.28
2026-09-09T11:59:41.725,1788935381.7257,225,516,6.62
2026-09-09T11:59:41.725,1788935381.7257,226,-2192,-28.1
2026-09-09T11:59:41.740,1788935381.7403,227,972,12.46
2026-09-09T11:59:41.740,1788935381.7403,228,-2832,-36.31
2026-09-09T11:59:41.755,1788935381.7558,229,1196,15.33
2026-09-09T11:59:41.776,1788935381.7768,230,-3428,-43.95
2026-09-09T11:59:41.787,1788935381.7875,231,1584,20.31
2026-09-09T11:59:41.787,1788935381.7875,232,-3756,-48.15
2026-09-09T11:59:41.787,1788935381.7875,233,2140,27.44
2026-09-09T11:59:41.803,1788935381.8033,234,484,6.21
2026-09-09T11:59:41.819,1788935381.8194,235,2648,33.95
2026-09-09T11:59:41.835,1788935381.8355,236,128,1.64
2026-09-09T11:59:41.835,1788935381.8355,237,3512,45.03
2026-09-09T11:59:41.857,1788935381.8576,238,132,1.69
2026-09-09T11:59:41.857,1788935381.8576,239,4200,53.85
2026-09-09T11:59:41.867,1788935381.8670,240,-324,-4.15
2026-09-09T11:59:41.883,1788935381.8830,241,4240,54.36
2026-09-09T11:59:41.883,1788935381.8830,242,-1372,-17.59
2026-09-09T11:59:41.899,1788935381.8994,243,-256,-3.28
2026-09-09T11:59:41.915,1788935381.9152,244,-2216,-28.41
2026-09-09T11:59:41.915,1788935381.9152,245,72,0.92
2026-09-09T11:59:41.931,1788935381.9311,246,-2800,-35.9
2026-09-09T11:59:41.931,1788935381.9311,247,524,6.72
2026-09-09T11:59:41.957,1788935381.9577,248,-3104,-39.79
2026-09-09T11:59:41.962,1788935381.9629,249,1220,15.64
2026-09-09T11:59:41.978,1788935381.9789,250,-3240,-41.54
2026-09-09T11:59:41.978,1788935381.9789,251,2088,26.77
2026-09-09T11:59:41.994,1788935381.9950,252,-3200,-41.03
2026-09-09T11:59:41.994,1788935381.9950,253,2884,36.97
2026-09-09T11:59:42.010,1788935382.0108,254,1096,14.05
2026-09-09T11:59:42.010,1788935382.0108,255,3384,43.38
2026-09-09T11:59:42.030,1788935382.0309,256,532,6.82
2026-09-09T11:59:42.042,1788935382.0429,257,3704,47.49
2026-09-09T11:59:42.058,1788935382.0587,258,-112,-1.44
2026-09-09T11:59:42.058,1788935382.0587,259,3916,50.21
2026-09-09T11:59:42.074,1788935382.0748,260,-828,-10.62
2026-09-09T11:59:42.074,1788935382.0748,261,4100,52.56
2026-09-09T11:59:42.094,1788935382.0943,262,-1496,-19.18
2026-09-09T11:59:42.103,1788935382.1038,263,-100,-1.28
2026-09-09T11:59:42.111,1788935382.1115,264,-2228,-28.56
2026-09-09T11:59:42.122,1788935382.1226,265,244,3.13
2026-09-09T11:59:42.132,1788935382.1324,266,-2784,-35.69
2026-09-09T11:59:42.138,1788935382.1386,267,724,9.28
2026-09-09T11:59:42.157,1788935382.1579,268,-3152,-40.41
2026-09-09T11:59:42.157,1788935382.1579,269,1308,16.77
2026-09-09T11:59:42.174,1788935382.1742,270,-3468,-44.46
2026-09-09T11:59:42.174,1788935382.1742,271,1864,23.9
2026-09-09T11:59:42.186,1788935382.1863,272,-3808,-48.82
2026-09-09T11:59:42.202,1788935382.2023,273,2356,30.21
2026-09-09T11:59:42.202,1788935382.2023,274,332,4.26
2026-09-09T11:59:42.217,1788935382.2180,275,2828,36.26
2026-09-09T11:59:42.233,1788935382.2338,276,-128,-1.64
2026-09-09T11:59:42.241,1788935382.2419,277,3300,42.31
2026-09-09T11:59:42.258,1788935382.2581,278,-684,-8.77
2026-09-09T11:59:42.258,1788935382.2581,279,3464,44.41
2026-09-09T11:59:42.265,1788935382.2658,280,-1352,-17.33
2026-09-09T11:59:42.281,1788935382.2817,281,3872,49.64
2026-09-09T11:59:42.281,1788935382.2817,282,-1684,-21.59
2026-09-09T11:59:42.299,1788935382.2999,283,144,1.85
2026-09-09T11:59:42.313,1788935382.3133,284,-2112,-27.08
2026-09-09T11:59:42.313,1788935382.3133,285,400,5.13
2026-09-09T11:59:42.329,1788935382.3293,286,-2808,-36.0
2026-09-09T11:59:42.329,1788935382.3293,287,808,10.36
2026-09-09T11:59:42.358,1788935382.3584,288,-3212,-41.18
2026-09-09T11:59:42.361,1788935382.3611,289,1400,17.95
2026-09-09T11:59:42.377,1788935382.3771,290,-3584,-45.95
2026-09-09T11:59:42.380,1788935382.3804,291,1768,22.67
2026-09-09T11:59:42.393,1788935382.3932,292,-4292,-55.03
2026-09-09T11:59:42.393,1788935382.3932,293,1896,24.31
2026-09-09T11:59:42.409,1788935382.4092,294,-348,-4.46
2026-09-09T11:59:42.425,1788935382.4253,295,2136,27.38
2026-09-09T11:59:42.425,1788935382.4253,296,-1136,-14.56
2026-09-09T11:59:42.441,1788935382.4410,297,2140,27.44
2026-09-09T11:59:42.458,1788935382.4584,298,-2100,-26.92
2026-09-09T11:59:42.458,1788935382.4584,299,2204,28.26
2026-09-09T11:59:42.472,1788935382.4727,300,-2912,-37.33
2026-09-09T11:59:42.472,1788935382.4727,301,2528,32.41
2026-09-09T11:59:42.497,1788935382.4971,302,-3256,-41.74
2026-09-09T11:59:42.504,1788935382.5043,303,-1292,-16.56
2026-09-09T11:59:42.504,1788935382.5043,304,-3364,-43.13
2026-09-09T11:59:42.521,1788935382.5218,305,-332,-4.26
2026-09-09T11:59:42.535,1788935382.5360,306,-3300,-42.31
2026-09-09T11:59:42.535,1788935382.5360,307,788,10.1
2026-09-09T11:59:42.551,1788935382.5518,308,-3068,-39.33
2026-09-09T11:59:42.568,1788935382.5682,309,1884,24.15
2026-09-09T11:59:42.570,1788935382.5705,310,-3060,-39.23
2026-09-09T11:59:42.583,1788935382.5835,311,2752,35.28
2026-09-09T11:59:42.593,1788935382.5931,312,1484,19.03
2026-09-09T11:59:42.599,1788935382.5992,313,3188,40.87
2026-09-09T11:59:42.614,1788935382.6149,314,704,9.03
2026-09-09T11:59:42.614,1788935382.6149,315,3516,45.08
2026-09-09T11:59:42.630,1788935382.6309,316,192,2.46
2026-09-09T11:59:42.630,1788935382.6309,317,3968,50.87
2026-09-09T11:59:42.646,1788935382.6468,318,-300,-3.85
2026-09-09T11:59:42.662,1788935382.6629,319,4200,53.85
2026-09-09T11:59:42.662,1788935382.6629,320,-1104,-14.15
2026-09-09T11:59:42.679,1788935382.6790,321,4260,54.62
2026-09-09T11:59:42.694,1788935382.6947,322,-1928,-24.72
2026-09-09T11:59:42.700,1788935382.7008,323,52,0.67
2026-09-09T11:59:42.710,1788935382.7106,324,-2616,-33.54
2026-09-09T11:59:42.721,1788935382.7214,325,404,5.18
2026-09-09T11:59:42.737,1788935382.7375,326,-3192,-40.92
2026-09-09T11:59:42.742,1788935382.7422,327,748,9.59
2026-09-09T11:59:42.742,1788935382.7422,328,-3816,-48.92
2026-09-09T11:59:42.759,1788935382.7592,329,988,12.67
2026-09-09T11:59:42.774,1788935382.7742,330,-4560,-58.46
2026-09-09T11:59:42.782,1788935382.7822,331,1104,14.15
2026-09-09T11:59:42.790,1788935382.7900,332,-516,-6.62
2026-09-09T11:59:42.805,1788935382.8060,333,1448,18.56
2026-09-09T11:59:42.812,1788935382.8120,334,-1060,-13.59
2026-09-09T11:59:42.822,1788935382.8221,335,2140,27.44
2026-09-09T11:59:42.822,1788935382.8221,336,-1156,-14.82
2026-09-09T11:59:42.841,1788935382.8417,337,3044,39.03
2026-09-09T11:59:42.853,1788935382.8535,338,-1012,-12.97
2026-09-09T11:59:42.869,1788935382.8696,339,4220,54.1
2026-09-09T11:59:42.869,1788935382.8696,340,-728,-9.33
2026-09-09T11:59:42.888,1788935382.8885,341,5292,67.85
2026-09-09T11:59:42.895,1788935382.8955,342,-768,-9.85
2026-09-09T11:59:42.901,1788935382.9013,343,1472,18.87
2026-09-09T11:59:42.901,1788935382.9013,344,-1380,-17.69
2026-09-09T11:59:42.917,1788935382.9171,345,1696,21.74
2026-09-09T11:59:42.932,1788935382.9328,346,-2292,-29.38
2026-09-09T11:59:42.948,1788935382.9485,347,1580,20.26
2026-09-09T11:59:42.952,1788935382.9525,348,-3348,-42.92
2026-09-09T11:59:42.963,1788935382.9633,349,1372,17.59
2026-09-09T11:59:42.979,1788935382.9800,350,-4184,-53.64
2026-09-09T11:59:42.979,1788935382.9800,351,1628,20.87
2026-09-09T11:59:42.995,1788935382.9959,352,-164,-2.1
2026-09-09T11:59:43.011,1788935383.0119,353,1636,20.97
2026-09-09T11:59:43.011,1788935383.0119,354,-988,-12.67
2026-09-09T11:59:43.011,1788935383.0119,355,1672,21.44
2026-09-09T11:59:43.028,1788935383.0281,356,-1956,-25.08
2026-09-09T11:59:43.028,1788935383.0281,357,1508,19.33
2026-09-09T11:59:43.044,1788935383.0442,358,-2756,-35.33
2026-09-09T11:59:43.059,1788935383.0598,359,1680,21.54
2026-09-09T11:59:43.075,1788935383.0756,360,-3264,-41.85
2026-09-09T11:59:43.075,1788935383.0756,361,2576,33.03
2026-09-09T11:59:43.091,1788935383.0917,362,-2936,-37.64
2026-09-09T11:59:43.091,1788935383.0917,363,-364,-4.67
2026-09-09T11:59:43.107,1788935383.1075,364,-2336,-29.95
2026-09-09T11:59:43.123,1788935383.1234,365,1280,16.41
2026-09-09T11:59:43.123,1788935383.1234,366,-1420,-18.21
2026-09-09T11:59:43.139,1788935383.1394,367,3124,40.05
2026-09-09T11:59:43.155,1788935383.1554,368,-512,-6.56
2026-09-09T11:59:43.161,1788935383.1612,369,4664,59.79
2026-09-09T11:59:43.171,1788935383.1712,370,-208,-2.67
2026-09-09T11:59:43.171,1788935383.1712,371,5552,71.18
2026-09-09T11:59:43.186,1788935383.1870,372,3892,49.9
2026-09-09T11:59:43.203,1788935383.2030,373,5804,74.41
2026-09-09T11:59:43.203,1788935383.2030,374,2628,33.69
2026-09-09T11:59:43.218,1788935383.2190,375,4852,62.21
2026-09-09T11:59:43.235,1788935383.2351,376,840,10.77
2026-09-09T11:59:43.241,1788935383.2413,377,4324,55.44
2026-09-09T11:59:43.251,1788935383.2511,378,-512,-6.56
2026-09-09T11:59:43.261,1788935383.2612,379,4096,52.51
2026-09-09T11:59:43.286,1788935383.2865,380,-1676,-21.49
2026-09-09T11:59:43.291,1788935383.2913,381,3804,48.77
2026-09-09T11:59:43.295,1788935383.2950,382,-2824,-36.21
2026-09-09T11:59:43.301,1788935383.3017,383,-480,-6.15
2026-09-09T11:59:43.314,1788935383.3148,384,-3680,-47.18
2026-09-09T11:59:43.314,1788935383.3148,385,-320,-4.1
2026-09-09T11:59:43.330,1788935383.3309,386,-4340,-55.64
2026-09-09T11:59:43.330,1788935383.3309,387,-24,-0.31
2026-09-09T11:59:43.346,1788935383.3467,388,-4920,-63.08
2026-09-09T11:59:43.362,1788935383.3627,389,256,3.28
2026-09-09T11:59:43.362,1788935383.3627,390,-5808,-74.46
2026-09-09T11:59:43.381,1788935383.3812,391,36,0.46
2026-09-09T11:59:43.394,1788935383.3944,392,-2324,-29.79
2026-09-09T11:59:43.404,1788935383.4045,393,-432,-5.54
2026-09-09T11:59:43.410,1788935383.4104,394,-3580,-45.9
2026-09-09T11:59:43.410,1788935383.4104,395,-120,-1.54
2026-09-09T11:59:43.426,1788935383.4262,396,-3656,-46.87
2026-09-09T11:59:43.442,1788935383.4422,397,1240,15.9
2026-09-09T11:59:43.442,1788935383.4422,398,-3056,-39.18
2026-09-09T11:59:43.461,1788935383.4619,399,3116,39.95
2026-09-09T11:59:43.461,1788935383.4619,400,-1756,-22.51
2026-09-09T11:59:43.489,1788935383.4900,401,5220,66.92
2026-09-09T11:59:43.489,1788935383.4900,402,-792,-10.15
2026-09-09T11:59:43.505,1788935383.5057,403,2148,27.54
2026-09-09T11:59:43.511,1788935383.5114,404,-592,-7.59
2026-09-09T11:59:43.521,1788935383.5218,405,2984,38.26
2026-09-09T11:59:43.521,1788935383.5218,406,-832,-10.67
2026-09-09T11:59:43.538,1788935383.5380,407,3636,46.62
2026-09-09T11:59:43.554,1788935383.5540,408,-1452,-18.62
2026-09-09T11:59:43.570,1788935383.5700,409,3440,44.1
2026-09-09T11:59:43.571,1788935383.5712,410,-3272,-41.95
2026-09-09T11:59:43.585,1788935383.5860,411,2272,29.13
2026-09-09T11:59:43.601,1788935383.6018,412,-236,-3.03
2026-09-09T11:59:43.601,1788935383.6018,413,1536,19.69
2026-09-09T11:59:43.617,1788935383.6176,414,-2036,-26.1
2026-09-09T11:59:43.617,1788935383.6176,415,-120,-1.54
2026-09-09T11:59:43.633,1788935383.6335,416,-4724,-60.56
2026-09-09T11:59:43.633,1788935383.6335,417,-344,-4.41
2026-09-09T11:59:43.651,1788935383.6512,418,-4700,-60.26
2026-09-09T11:59:43.665,1788935383.6652,419,1140,14.62
2026-09-09T11:59:43.665,1788935383.6652,420,-4088,-52.41
2026-09-09T11:59:43.682,1788935383.6826,421,2612,33.49
2026-09-09T11:59:43.697,1788935383.6970,422,-3212,-41.18
2026-09-09T11:59:43.702,1788935383.7028,423,12,0.15
2026-09-09T11:59:43.713,1788935383.7130,424,-1900,-24.36
2026-09-09T11:59:43.723,1788935383.7230,425,2584,33.13
2026-09-09T11:59:43.735,1788935383.7357,426,80,1.03
2026-09-09T11:59:43.744,1788935383.7444,427,5340,68.46
2026-09-09T11:59:43.750,1788935383.7504,428,1416,18.15
2026-09-09T11:59:43.762,1788935383.7627,429,7156,91.74
2026-09-09T11:59:43.775,1788935383.7759,430,1752,22.46
2026-09-09T11:59:43.775,1788935383.7759,431,7752,99.38
2026-09-09T11:59:43.792,1788935383.7921,432,5252,67.33
2026-09-09T11:59:43.807,1788935383.8079,433,6968,89.33
2026-09-09T11:59:43.807,1788935383.8079,434,3416,43.79
2026-09-09T11:59:43.823,1788935383.8240,435,6076,77.9
2026-09-09T11:59:43.823,1788935383.8240,436,1572,20.15
2026-09-09T11:59:43.839,1788935383.8397,437,5164,66.21
2026-09-09T11:59:43.855,1788935383.8555,438,-304,-3.9
2026-09-09T11:59:43.862,1788935383.8630,439,4208,53.95
2026-09-09T11:59:43.871,1788935383.8719,440,-2048,-26.26
2026-09-09T11:59:43.871,1788935383.8719,441,3512,45.03
2026-09-09T11:59:43.887,1788935383.8875,442,-3308,-42.41
2026-09-09T11:59:43.910,1788935383.9107,443,-652,-8.36
2026-09-09T11:59:43.910,1788935383.9107,444,-4072,-52.21
2026-09-09T11:59:43.919,1788935383.9194,445,-360,-4.62
2026-09-09T11:59:43.935,1788935383.9350,446,-4736,-60.72
2026-09-09T11:59:43.935,1788935383.9350,447,-164,-2.1
2026-09-09T11:59:43.950,1788935383.9508,448,-5508,-70.62
2026-09-09T11:59:43.963,1788935383.9631,449,-128,-1.64
2026-09-09T11:59:43.966,1788935383.9666,450,-6220,-79.74
2026-09-09T11:59:43.982,1788935383.9826,451,124,1.59
2026-09-09T11:59:43.982,1788935383.9826,452,-2156,-27.64
2026-09-09T11:59:44.007,1788935384.0071,453,916,11.74
2026-09-09T11:59:44.014,1788935384.0147,454,-2120,-27.18
2026-09-09T11:59:44.022,1788935384.0227,455,2036,26.1
2026-09-09T11:59:44.030,1788935384.0306,456,-1792,-22.97
2026-09-09T11:59:44.041,1788935384.0414,457,3460,44.36
2026-09-09T11:59:44.046,1788935384.0466,458,-1324,-16.97
2026-09-09T11:59:44.063,1788935384.0634,459,4420,56.67
2026-09-09T11:59:44.063,1788935384.0634,460,-1428,-18.31
2026-09-09T11:59:44.085,1788935384.0851,461,716,9.18
2026-09-09T11:59:44.094,1788935384.0944,462,-1732,-22.21
2026-09-09T11:59:44.094,1788935384.0944,463,1256,16.1
2026-09-09T11:59:44.110,1788935384.1101,464,-2308,-29.59
2026-09-09T11:59:44.126,1788935384.1260,465,1612,20.67
2026-09-09T11:59:44.132,1788935384.1323,466,-2920,-37.44
2026-09-09T11:59:44.141,1788935384.1420,467,1800,23.08
2026-09-09T11:59:44.158,1788935384.1581,468,-3640,-46.67
2026-09-09T11:59:44.163,1788935384.1634,469,2220,28.46
2026-09-09T11:59:44.174,1788935384.1742,470,-3804,-48.77
2026-09-09T11:59:44.174,1788935384.1742,471,2696,34.56
2026-09-09T11:59:44.190,1788935384.1901,472,124,1.59
2026-09-09T11:59:44.190,1788935384.1901,473,2936,37.64
2026-09-09T11:59:44.206,1788935384.2065,474,-612,-7.85
2026-09-09T11:59:44.222,1788935384.2224,475,2988,38.31
2026-09-09T11:59:44.231,1788935384.2315,476,-1532,-19.64
2026-09-09T11:59:44.242,1788935384.2427,477,3044,39.03
2026-09-09T11:59:44.250,1788935384.2507,478,-2352,-30.15
2026-09-09T11:59:44.269,1788935384.2691,479,3132,40.15
2026-09-09T11:59:44.272,1788935384.2721,480,-2892,-37.08
2026-09-09T11:59:44.272,1788935384.2721,481,-488,-6.26
2026-09-09T11:59:44.288,1788935384.2881,482,-2872,-36.82
2026-09-09T11:59:44.306,1788935384.3069,483,444,5.69
2026-09-09T11:59:44.306,1788935384.3069,484,-2884,-36.97
2026-09-09T11:59:44.319,1788935384.3199,485,1428,18.31
2026-09-09T11:59:44.319,1788935384.3199,486,-2680,-34.36
2026-09-09T11:59:44.335,1788935384.3357,487,2676,34.31
2026-09-09T11:59:44.353,1788935384.3531,488,-2340,-30.0
2026-09-09T11:59:44.353,1788935384.3531,489,3808,48.82
2026-09-09T11:59:44.367,1788935384.3670,490,-2256,-28.92
2026-09-09T11:59:44.380,1788935384.3803,491,4460,57.18
2026-09-09T11:59:44.398,1788935384.3986,492,1760,22.56
2026-09-09T11:59:44.398,1788935384.3986,493,4708,60.36
2026-09-09T11:59:44.416,1788935384.4163,494,908,11.64
2026-09-09T11:59:44.416,1788935384.4163,495,4588,58.82
2026-09-09T11:59:44.430,1788935384.4304,496,-256,-3.28
2026-09-09T11:59:44.446,1788935384.4461,497,4300,55.13
2026-09-09T11:59:44.446,1788935384.4461,498,-1456,-18.67
2026-09-09T11:59:44.463,1788935384.4639,499,4064,52.1
2026-09-09T11:59:44.463,1788935384.4639,500,-2528,-32.41
2026-09-09T11:59:44.485,1788935384.4856,501,-244,-3.13
2026-09-09T11:59:44.493,1788935384.4939,502,-3324,-42.62
2026-09-09T11:59:44.493,1788935384.4939,503,4,0.05
2026-09-09T11:59:44.509,1788935384.5099,504,-3884,-49.79
2026-09-09T11:59:44.509,1788935384.5099,505,468,6.0
2026-09-09T11:59:44.541,1788935384.5419,506,-4252,-54.51
2026-09-09T11:59:44.541,1788935384.5419,507,1096,14.05
2026-09-09T11:59:44.559,1788935384.5593,508,-4500,-57.69
2026-09-09T11:59:44.563,1788935384.5638,509,1732,22.21
2026-09-09T11:59:44.573,1788935384.5739,510,-4652,-59.64
2026-09-09T11:59:44.582,1788935384.5827,511,2216,28.41
2026-09-09T11:59:44.590,1788935384.5900,512,-712,-9.13
2026-09-09T11:59:44.606,1788935384.6061,513,2492,31.95
2026-09-09T11:59:44.608,1788935384.6081,514,-1380,-17.69
2026-09-09T11:59:44.621,1788935384.6218,515,2760,35.38
2026-09-09T11:59:44.621,1788935384.6218,516,-2028,-26.0
2026-09-09T11:59:44.637,1788935384.6376,517,3076,39.44
2026-09-09T11:59:44.663,1788935384.6638,518,-2568,-32.92
2026-09-09T11:59:44.669,1788935384.6696,519,3460,44.36
2026-09-09T11:59:44.669,1788935384.6696,520,-2932,-37.59
2026-09-09T11:59:44.685,1788935384.6857,521,-284,-3.64
2026-09-09T11:59:44.685,1788935384.6857,522,-3644,-46.72
2026-09-09T11:59:44.701,1788935384.7020,523,-116,-1.49
2026-09-09T11:59:44.701,1788935384.7020,524,-3904,-50.05
2026-09-09T11:59:44.721,1788935384.7217,525,788,10.1
2026-09-09T11:59:44.734,1788935384.7345,526,-3936,-50.46
2026-09-09T11:59:44.734,1788935384.7345,527,1652,21.18
2026-09-09T11:59:44.749,1788935384.7495,528,-3948,-50.62
2026-09-09T11:59:44.763,1788935384.7638,529,2420,31.03
2026-09-09T11:59:44.771,1788935384.7716,530,-3928,-50.36
2026-09-09T11:59:44.783,1788935384.7834,531,3016,38.67
2026-09-09T11:59:44.783,1788935384.7834,532,-160,-2.05
2026-09-09T11:59:44.799,1788935384.7992,533,3380,43.33
2026-09-09T11:59:44.813,1788935384.8132,534,-772,-9.9
2026-09-09T11:59:44.829,1788935384.8291,535,3584,45.95
2026-09-09T11:59:44.829,1788935384.8291,536,-1468,-18.82
2026-09-09T11:59:44.839,1788935384.8391,537,3672,47.08
2026-09-09T11:59:44.850,1788935384.8507,538,-2348,-30.1
2026-09-09T11:59:44.863,1788935384.8637,539,3652,46.82
2026-09-09T11:59:44.871,1788935384.8716,540,-3076,-39.44
2026-09-09T11:59:44.882,1788935384.8829,541,-116,-1.49
2026-09-09T11:59:44.891,1788935384.8920,542,-3444,-44.15
2026-09-09T11:59:44.907,1788935384.9078,543,484,6.21
2026-09-09T11:59:44.913,1788935384.9139,544,-3700,-47.44
2026-09-09T11:59:44.923,1788935384.9237,545,1216,15.59
2026-09-09T11:59:44.930,1788935384.9310,546,-3808,-48.82
2026-09-09T11:59:44.938,1788935384.9389,547,2028,26.0
2026-09-09T11:59:44.951,1788935384.9515,548,-3760,-48.21
2026-09-09T11:59:44.963,1788935384.9639,549,2916,37.38
2026-09-09T11:59:44.970,1788935384.9706,550,-3616,-46.36
2026-09-09T11:59:44.986,1788935384.9866,551,3572,45.79
2026-09-09T11:59:44.986,1788935384.9866,552,200,2.56
2026-09-09T11:59:45.002,1788935385.0025,553,3980,51.03
2026-09-09T11:59:45.002,1788935385.0025,554,-376,-4.82
2026-09-09T11:59:45.033,1788935385.0339,555,4164,53.38
2026-09-09T11:59:45.033,1788935385.0339,556,-1132,-14.51
2026-09-09T11:59:45.033,1788935385.0339,557,4216,54.05
2026-09-09T11:59:45.053,1788935385.0536,558,-1972,-25.28
2026-09-09T11:59:45.065,1788935385.0656,559,4200,53.85
2026-09-09T11:59:45.081,1788935385.0813,560,-2644,-33.9
2026-09-09T11:59:45.081,1788935385.0813,561,456,5.85
2026-09-09T11:59:45.088,1788935385.0888,562,-3172,-40.67
2026-09-09T11:59:45.097,1788935385.0975,563,908,11.64
2026-09-09T11:59:45.113,1788935385.1134,564,-3536,-45.33
2026-09-09T11:59:45.113,1788935385.1134,565,1472,18.87
2026-09-09T11:59:45.129,1788935385.1294,566,-3740,-47.95
2026-09-09T11:59:45.142,1788935385.1421,567,2088,26.77
2026-09-09T11:59:45.164,1788935385.1644,568,-3840,-49.23
2026-09-09T11:59:45.164,1788935385.1644,569,2712,34.77
2026-09-09T11:59:45.164,1788935385.1644,570,-3872,-49.64
2026-09-09T11:59:45.180,1788935385.1806,571,3132,40.15
2026-09-09T11:59:45.192,1788935385.1925,572,-340,-4.36
2026-09-09T11:59:45.208,1788935385.2084,573,3424,43.9
2026-09-09T11:59:45.208,1788935385.2084,574,-972,-12.46
2026-09-09T11:59:45.224,1788935385.2243,575,3588,46.0
2026-09-09T11:59:45.224,1788935385.2243,576,-1684,-21.59
2026-09-09T11:59:45.244,1788935385.2445,577,3672,47.08
2026-09-09T11:59:45.248,1788935385.2485,578,-2392,-30.67
2026-09-09T11:59:45.256,1788935385.2560,579,3736,47.9
2026-09-09T11:59:45.274,1788935385.2740,580,-2924,-37.49
2026-09-09T11:59:45.287,1788935385.2880,581,260,3.33
2026-09-09T11:59:45.287,1788935385.2880,582,-3300,-42.31
2026-09-09T11:59:45.304,1788935385.3041,583,840,10.77
2026-09-09T11:59:45.304,1788935385.3041,584,-3496,-44.82
2026-09-09T11:59:45.322,1788935385.3225,585,1476,18.92
2026-09-09T11:59:45.335,1788935385.3359,586,-3636,-46.62
2026-09-09T11:59:45.341,1788935385.3419,587,2172,27.85
2026-09-09T11:59:45.351,1788935385.3516,588,-3680,-47.18
2026-09-09T11:59:45.364,1788935385.3644,589,2756,35.33
2026-09-09T11:59:45.374,1788935385.3741,590,-3704,-47.49
2026-09-09T11:59:45.376,1788935385.3762,591,3192,40.92
2026-09-09T11:59:45.383,1788935385.3834,592,-352,-4.51
2026-09-09T11:59:45.399,1788935385.3994,593,3496,44.82
2026-09-09T11:59:45.415,1788935385.4151,594,-956,-12.26
2026-09-09T11:59:45.415,1788935385.4151,595,3688,47.28
2026-09-09T11:59:45.431,1788935385.4313,596,-1620,-20.77
2026-09-09T11:59:45.447,1788935385.4473,597,3800,48.72
2026-09-09T11:59:45.447,1788935385.4473,598,-2304,-29.54
2026-09-09T11:59:45.464,1788935385.4645,599,3864,49.54
2026-09-09T11:59:45.464,1788935385.4645,600,-2860,-36.67
2026-09-09T11:59:45.478,1788935385.4787,601,420,5.38
2026-09-09T11:59:45.494,1788935385.4946,602,-3288,-42.15
2026-09-09T11:59:45.494,1788935385.4946,603,936,12.0
2026-09-09T11:59:45.510,1788935385.5108,604,-3552,-45.54
2026-09-09T11:59:45.528,1788935385.5286,605,1560,20.0
2026-09-09T11:59:45.528,1788935385.5286,606,-3748,-48.05
2026-09-09T11:59:45.542,1788935385.5427,607,2208,28.31
2026-09-09T11:59:45.552,1788935385.5528,608,-3800,-48.72
2026-09-09T11:59:45.564,1788935385.5646,609,2804,35.95
2026-09-09T11:59:45.575,1788935385.5756,610,4,0.05
2026-09-09T11:59:45.581,1788935385.5817,611,3244,41.59
2026-09-09T11:59:45.590,1788935385.5906,612,-456,-5.85
2026-09-09T11:59:45.590,1788935385.5906,613,3576,45.85
2026-09-09T11:59:45.606,1788935385.6067,614,-1040,-13.33
2026-09-09T11:59:45.622,1788935385.6227,615,3788,48.56
2026-09-09T11:59:45.622,1788935385.6227,616,-1684,-21.59
2026-09-09T11:59:45.638,1788935385.6387,617,3928,50.36
2026-09-09T11:59:45.654,1788935385.6548,618,-2340,-30.0
2026-09-09T11:59:45.665,1788935385.6651,619,3972,50.92
2026-09-09T11:59:45.675,1788935385.6757,620,-2840,-36.41
2026-09-09T11:59:45.688,1788935385.6881,621,628,8.05
2026-09-09T11:59:45.701,1788935385.7018,622,-3248,-41.64
2026-09-09T11:59:45.701,1788935385.7018,623,1172,15.03
2026-09-09T11:59:45.701,1788935385.7018,624,-3496,-44.82
2026-09-09T11:59:45.723,1788935385.7230,625,1776,22.77
2026-09-09T11:59:45.734,1788935385.7343,626,-3680,-47.18
2026-09-09T11:59:45.734,1788935385.7343,627,2400,30.77
2026-09-09T11:59:45.749,1788935385.7494,628,-3756,-48.15
2026-09-09T11:59:45.749,1788935385.7494,629,2888,37.03
2026-09-09T11:59:45.765,1788935385.7652,630,-84,-1.08
2026-09-09T11:59:45.781,1788935385.7812,631,3272,41.95
2026-09-09T11:59:45.797,1788935385.7971,632,-624,-8.0
2026-09-09T11:59:45.797,1788935385.7971,633,3532,45.28
2026-09-09T11:59:45.813,1788935385.8131,634,-1264,-16.21
2026-09-09T11:59:45.813,1788935385.8131,635,3720,47.69
2026-09-09T11:59:45.829,1788935385.8291,636,-1964,-25.18
2026-09-09T11:59:45.845,1788935385.8450,637,3816,48.92
2026-09-09T11:59:45.845,1788935385.8450,638,-2588,-33.18
2026-09-09T11:59:45.860,1788935385.8608,639,3828,49.08
2026-09-09T11:59:45.866,1788935385.8663,640,-3104,-39.79
2026-09-09T11:59:45.892,1788935385.8927,641,528,6.77
2026-09-09T11:59:45.892,1788935385.8927,642,-3484,-44.67
2026-09-09T11:59:45.892,1788935385.8927,643,1120,14.36
2026-09-09T11:59:45.910,1788935385.9108,644,-3700,-47.44
2026-09-09T11:59:45.924,1788935385.9248,645,1760,22.56
2026-09-09T11:59:45.932,1788935385.9328,646,-3836,-49.18
2026-09-09T11:59:45.940,1788935385.9406,647,2412,30.92
2026-09-09T11:59:45.956,1788935385.9566,648,-3856,-49.44
2026-09-09T11:59:45.956,1788935385.9566,649,2960,37.95
2026-09-09T11:59:45.973,1788935385.9733,650,-196,-2.51
2026-09-09T11:59:45.973,1788935385.9733,651,3316,42.51
2026-09-09T11:59:45.988,1788935385.9885,652,-756,-9.69
2026-09-09T11:59:46.004,1788935386.0043,653,3580,45.9
2026-09-09T11:59:46.020,1788935386.0202,654,-1428,-18.31
2026-09-09T11:59:46.020,1788935386.0202,655,3724,47.74
2026-09-09T11:59:46.035,1788935386.0359,656,-2148,-27.54
2026-09-09T11:59:46.041,1788935386.0420,657,3828,49.08
2026-09-09T11:59:46.055,1788935386.0558,658,-2728,-34.97
2026-09-09T11:59:46.055,1788935386.0558,659,3836,49.18
2026-09-09T11:59:46.075,1788935386.0758,660,-3196,-40.97
2026-09-09T11:59:46.086,1788935386.0864,661,636,8.15
2026-09-09T11:59:46.099,1788935386.0993,662,-3520,-45.13
2026-09-09T11:59:46.101,1788935386.1013,663,1248,16.0
2026-09-09T11:59:46.105,1788935386.1053,664,-3724,-47.74
2026-09-09T11:59:46.131,1788935386.1312,665,1920,24.62
2026-09-09T11:59:46.131,1788935386.1312,666,-3832,-49.13
2026-09-09T11:59:46.131,1788935386.1312,667,2524,32.36
2026-09-09T11:59:46.150,1788935386.1501,668,-3864,-49.54
2026-09-09T11:59:46.162,1788935386.1625,669,3024,38.77
2026-09-09T11:59:46.178,1788935386.1783,670,-280,-3.59
2026-09-09T11:59:46.182,1788935386.1823,671,3400,43.59
2026-09-09T11:59:46.193,1788935386.1940,672,-824,-10.56
2026-09-09T11:59:46.201,1788935386.2020,673,3664,46.97
2026-09-09T11:59:46.210,1788935386.2102,674,-1484,-19.03
2026-09-09T11:59:46.224,1788935386.2242,675,3816,48.92
2026-09-09T11:59:46.233,1788935386.2340,676,-2168,-27.79
2026-09-09T11:59:46.243,1788935386.2437,677,3928,50.36
2026-09-09T11:59:46.257,1788935386.2577,678,-2740,-35.13
2026-09-09T11:59:46.266,1788935386.2667,679,3928,50.36
2026-09-09T11:59:46.273,1788935386.2735,680,-3180,-40.77
2026-09-09T11:59:46.273,1788935386.2735,681,852,10.92
2026-09-09T11:59:46.289,1788935386.2892,682,-3488,-44.72
2026-09-09T11:59:46.305,1788935386.3053,683,1456,18.67
2026-09-09T11:59:46.305,1788935386.3053,684,-3672,-47.08
2026-09-09T11:59:46.323,1788935386.3238,685,2108,27.03
2026-09-09T11:59:46.336,1788935386.3368,686,-3812,-48.87
2026-09-09T11:59:46.336,1788935386.3368,687,2696,34.56
2026-09-09T11:59:46.353,1788935386.3531,688,-3820,-48.97
2026-09-09T11:59:46.353,1788935386.3531,689,3152,40.41
2026-09-09T11:59:46.368,1788935386.3690,690,-364,-4.67
2026-09-09T11:59:46.390,1788935386.3907,691,3492,44.77
2026-09-09T11:59:46.390,1788935386.3907,692,-964,-12.36
2026-09-09T11:59:46.400,1788935386.4009,693,3684,47.23
2026-09-09T11:59:46.416,1788935386.4168,694,-1660,-21.28
2026-09-09T11:59:46.416,1788935386.4168,695,3800,48.72
2026-09-09T11:59:46.436,1788935386.4362,696,-2324,-29.79
2026-09-09T11:59:46.441,1788935386.4413,697,3868,49.59
2026-09-09T11:59:46.448,1788935386.4490,698,-2896,-37.13
2026-09-09T11:59:46.464,1788935386.4649,699,3860,49.49
2026-09-09T11:59:46.473,1788935386.4737,700,-3296,-42.26
2026-09-09T11:59:46.482,1788935386.4828,701,892,11.44
2026-09-09T11:59:46.498,1788935386.4986,702,-3588,-46.0
2026-09-09T11:59:46.498,1788935386.4986,703,1516,19.44
2026-09-09T11:59:46.512,1788935386.5126,704,-3748,-48.05
2026-09-09T11:59:46.521,1788935386.5216,705,2196,28.15
2026-09-09T11:59:46.532,1788935386.5324,706,-3840,-49.23
2026-09-09T11:59:46.544,1788935386.5440,707,2760,35.38
2026-09-09T11:59:46.544,1788935386.5440,708,-3856,-49.44
2026-09-09T11:59:46.560,1788935386.5608,709,3184,40.82
2026-09-09T11:59:46.575,1788935386.5752,710,-520,-6.67
2026-09-09T11:59:46.587,1788935386.5875,711,3504,44.92
2026-09-09T11:59:46.590,1788935386.5910,712,-1104,-14.15
2026-09-09T11:59:46.590,1788935386.5910,713,3700,47.44
2026-09-09T11:59:46.606,1788935386.6068,714,-1812,-23.23
2026-09-09T11:59:46.629,1788935386.6296,715,3832,49.13
2026-09-09T11:59:46.632,1788935386.6322,716,-2464,-31.59
2026-09-09T11:59:46.646,1788935386.6461,717,3872,49.64
2026-09-09T11:59:46.654,1788935386.6545,718,-2980,-38.21
2026-09-09T11:59:46.670,1788935386.6703,719,3864,49.54
2026-09-09T11:59:46.672,1788935386.6723,720,-3360,-43.08
2026-09-09T11:59:46.681,1788935386.6813,721,1020,13.08
2026-09-09T11:59:46.691,1788935386.6920,722,-3612,-46.31
2026-09-09T11:59:46.702,1788935386.7020,723,1680,21.54
2026-09-09T11:59:46.702,1788935386.7020,724,-3780,-48.46
2026-09-09T11:59:46.721,1788935386.7214,725,2324,29.79
2026-09-09T11:59:46.721,1788935386.7214,726,-3848,-49.33
2026-09-09T11:59:46.749,1788935386.7499,727,2852,36.56
2026-09-09T11:59:46.749,1788935386.7499,728,-3852,-49.38
2026-09-09T11:59:46.765,1788935386.7659,729,3236,41.49
2026-09-09T11:59:46.771,1788935386.7720,730,-616,-7.9
2026-09-09T11:59:46.781,1788935386.7820,731,3520,45.13
2026-09-09T11:59:46.781,1788935386.7820,732,-1272,-16.31
2026-09-09T11:59:46.797,1788935386.7977,733,3700,47.44
2026-09-09T11:59:46.813,1788935386.8135,734,-1968,-25.23
2026-09-09T11:59:46.822,1788935386.8220,735,3780,48.46
2026-09-09T11:59:46.829,1788935386.8292,736,-2608,-33.44
2026-09-09T11:59:46.829,1788935386.8292,737,3832,49.13
2026-09-09T11:59:46.845,1788935386.8452,738,-3092,-39.64
2026-09-09T11:59:46.868,1788935386.8681,739,3800,48.72
2026-09-09T11:59:46.878,1788935386.8789,740,-3460,-44.36
2026-09-09T11:59:46.884,1788935386.8843,741,1092,14.0
2026-09-09T11:59:46.895,1788935386.8951,742,-3680,-47.18
2026-09-09T11:59:46.908,1788935386.9088,743,1788,22.92
2026-09-09T11:59:46.908,1788935386.9088,744,-3796,-48.67
2026-09-09T11:59:46.908,1788935386.9088,745,2412,30.92
2026-09-09T11:59:46.924,1788935386.9249,746,-3868,-49.59
2026-09-09T11:59:46.940,1788935386.9406,747,2928,37.54
2026-09-09T11:59:46.956,1788935386.9564,748,-3868,-49.59
2026-09-09T11:59:46.962,1788935386.9624,749,3300,42.31
2026-09-09T11:59:46.972,1788935386.9722,750,-744,-9.54
2026-09-09T11:59:46.988,1788935386.9880,751,3528,45.23
2026-09-09T11:59:46.988,1788935386.9880,752,-1400,-17.95
2026-09-09T11:59:46.988,1788935386.9880,753,3696,47.38
2026-09-09T11:59:47.003,1788935387.0039,754,-2136,-27.38
2026-09-09T11:59:47.020,1788935387.0202,755,3772,48.36
2026-09-09T11:59:47.035,1788935387.0359,756,-2764,-35.44
2026-09-09T11:59:47.041,1788935387.0420,757,3804,48.77
2026-09-09T11:59:47.051,1788935387.0511,758,-3240,-41.54
2026-09-09T11:59:47.051,1788935387.0511,759,3768,48.31
2026-09-09T11:59:47.076,1788935387.0765,760,-3572,-45.79
2026-09-09T11:59:47.083,1788935387.0833,761,1196,15.33
2026-09-09T11:59:47.093,1788935387.0933,762,-3784,-48.51
2026-09-09T11:59:47.103,1788935387.1031,763,1856,23.79
2026-09-09T11:59:47.114,1788935387.1149,764,-3868,-49.59
2026-09-09T11:59:47.114,1788935387.1149,765,2500,32.05
2026-09-09T11:59:47.131,1788935387.1311,766,-3872,-49.64
2026-09-09T11:59:47.146,1788935387.1467,767,3008,38.56
2026-09-09T11:59:47.163,1788935387.1639,768,-3844,-49.28
2026-09-09T11:59:47.165,1788935387.1659,769,3372,43.23
2026-09-09T11:59:47.170,1788935387.1701,770,-840,-10.77
2026-09-09T11:59:47.181,1788935387.1819,771,3652,46.82
2026-09-09T11:59:47.193,1788935387.1939,772,-1484,-19.03
2026-09-09T11:59:47.193,1788935387.1939,773,3844,49.28
2026-09-09T11:59:47.209,1788935387.2099,774,-2136,-27.38
2026-09-09T11:59:47.209,1788935387.2099,775,3920,50.26
2026-09-09T11:59:47.241,1788935387.2414,776,-2712,-34.77
2026-09-09T11:59:47.241,1788935387.2414,777,3932,50.41
2026-09-09T11:59:47.257,1788935387.2574,778,-3156,-40.46
2026-09-09T11:59:47.257,1788935387.2574,779,840,10.77
2026-09-09T11:59:47.281,1788935387.2816,780,-3492,-44.77
2026-09-09T11:59:47.284,1788935387.2842,781,1432,18.36
2026-09-09T11:59:47.290,1788935387.2910,782,-3732,-47.85
2026-09-09T11:59:47.304,1788935387.3048,783,2056,26.36
2026-09-09T11:59:47.304,1788935387.3048,784,-3848,-49.33
2026-09-09T11:59:47.320,1788935387.3210,785,2624,33.64
2026-09-09T11:59:47.320,1788935387.3210,786,-3940,-50.51
2026-09-09T11:59:47.339,1788935387.3396,787,3080,39.49
2026-09-09T11:59:47.356,1788935387.3567,788,-3896,-49.95
2026-09-09T11:59:47.356,1788935387.3567,789,3360,43.08
2026-09-09T11:59:47.375,1788935387.3760,790,-1092,-14.0
2026-09-09T11:59:47.385,1788935387.3851,791,3576,45.85
2026-09-09T11:59:47.401,1788935387.4014,792,-1792,-22.97
2026-09-09T11:59:47.401,1788935387.4014,793,3708,47.54
2026-09-09T11:59:47.417,1788935387.4170,794,-2444,-31.33
2026-09-09T11:59:47.421,1788935387.4210,795,3784,48.51
2026-09-09T11:59:47.432,1788935387.4327,796,-3000,-38.46
2026-09-09T11:59:47.432,1788935387.4327,797,3816,48.92
2026-09-09T11:59:47.448,1788935387.4489,798,-3380,-43.33
2026-09-09T11:59:47.448,1788935387.4489,799,852,10.92
2026-09-09T11:59:47.480,1788935387.4807,800,-3648,-46.77
2026-09-09T11:59:47.482,1788935387.4827,801,1512,19.38
2026-09-09T11:59:47.496,1788935387.4969,802,-3768,-48.31
2026-09-09T11:59:47.496,1788935387.4969,803,2212,28.36
2026-09-09T11:59:47.518,1788935387.5181,804,-3808,-48.82
2026-09-09T11:59:47.530,1788935387.5301,805,2816,36.1
2026-09-09T11:59:47.530,1788935387.5301,806,-3788,-48.56
2026-09-09T11:59:47.544,1788935387.5446,807,3296,42.26
2026-09-09T11:59:47.559,1788935387.5594,808,-3708,-47.54
2026-09-09T11:59:47.562,1788935387.5622,809,3608,46.26
2026-09-09T11:59:47.570,1788935387.5705,810,-980,-12.56
2026-09-09T11:59:47.576,1788935387.5762,811,3816,48.92
2026-09-09T11:59:47.608,1788935387.6081,812,-1724,-22.1
2026-09-09T11:59:47.608,1788935387.6081,813,3892,49.9
2026-09-09T11:59:47.608,1788935387.6081,814,-2420,-31.03
2026-09-09T11:59:47.623,1788935387.6238,815,3900,50.0
2026-09-09T11:59:47.635,1788935387.6352,816,-2996,-38.41
2026-09-09T11:59:47.639,1788935387.6395,817,3836,49.18
2026-09-09T11:59:47.639,1788935387.6395,818,-3440,-44.1
2026-09-09T11:59:47.655,1788935387.6553,819,944,12.1
2026-09-09T11:59:47.675,1788935387.6754,820,-3760,-48.21
2026-09-09T11:59:47.683,1788935387.6834,821,1540,19.74
2026-09-09T11:59:47.686,1788935387.6862,822,-3956,-50.72
2026-09-09T11:59:47.702,1788935387.7026,823,2180,27.95
2026-09-09T11:59:47.702,1788935387.7026,824,-4048,-51.9
2026-09-09T11:59:47.721,1788935387.7215,825,2724,34.92
2026-09-09T11:59:47.734,1788935387.7350,826,-4028,-51.64
2026-09-09T11:59:47.734,1788935387.7350,827,3132,40.15
2026-09-09T11:59:47.752,1788935387.7522,828,-3936,-50.46
2026-09-09T11:59:47.771,1788935387.7716,829,3436,44.05
2026-09-09T11:59:47.771,1788935387.7716,830,-1348,-17.28
2026-09-09T11:59:47.781,1788935387.7819,831,3640,46.67
2026-09-09T11:59:47.781,1788935387.7819,832,-2024,-25.95
2026-09-09T11:59:47.801,1788935387.8016,833,3772,48.36
2026-09-09T11:59:47.813,1788935387.8136,834,-2624,-33.64
2026-09-09T11:59:47.813,1788935387.8136,835,3868,49.59
2026-09-09T11:59:47.829,1788935387.8294,836,-3044,-39.03
2026-09-09T11:59:47.829,1788935387.8294,837,3912,50.15
2026-09-09T11:59:47.861,1788935387.8612,838,-3328,-42.67
2026-09-09T11:59:47.861,1788935387.8612,839,1264,16.21
2026-09-09T11:59:47.876,1788935387.8769,840,-3508,-44.97
2026-09-09T11:59:47.876,1788935387.8769,841,1960,25.13
2026-09-09T11:59:47.892,1788935387.8929,842,-3604,-46.21
2026-09-09T11:59:47.892,1788935387.8929,843,2600,33.33
2026-09-09T11:59:47.912,1788935387.9120,844,-3692,-47.33
2026-09-09T11:59:47.923,1788935387.9239,845,3080,39.49
2026-09-09T11:59:47.923,1788935387.9239,846,-3708,-47.54
2026-09-09T11:59:47.939,1788935387.9397,847,3420,43.85
2026-09-09T11:59:47.939,1788935387.9397,848,-3700,-47.44
2026-09-09T11:59:47.955,1788935387.9559,849,3612,46.31
2026-09-09T11:59:47.971,1788935387.9719,850,-1392,-17.85
2026-09-09T11:59:47.987,1788935387.9877,851,3712,47.59
2026-09-09T11:59:47.987,1788935387.9877,852,-2168,-27.79
2026-09-09T11:59:48.003,1788935388.0038,853,3736,47.9
2026-09-09T11:59:48.003,1788935388.0038,854,-2816,-36.1
2026-09-09T11:59:48.020,1788935388.0200,855,3740,47.95
2026-09-09T11:59:48.020,1788935388.0200,856,-3324,-42.62
2026-09-09T11:59:48.041,1788935388.0417,857,3688,47.28
2026-09-09T11:59:48.051,1788935388.0517,858,-3668,-47.03
2026-09-09T11:59:48.067,1788935388.0676,859,1128,14.46
2026-09-09T11:59:48.073,1788935388.0734,860,-3876,-49.69
2026-09-09T11:59:48.078,1788935388.0784,861,1800,23.08
2026-09-09T11:59:48.083,1788935388.0835,862,-3956,-50.72
2026-09-09T11:59:48.107,1788935388.1080,863,2464,31.59
2026-09-09T11:59:48.114,1788935388.1149,864,-3936,-50.46
2026-09-09T11:59:48.114,1788935388.1149,865,2976,38.15
2026-09-09T11:59:48.131,1788935388.1311,866,-3856,-49.44
2026-09-09T11:59:48.147,1788935388.1474,867,3376,43.28
2026-09-09T11:59:48.147,1788935388.1474,868,-3684,-47.23
2026-09-09T11:59:48.163,1788935388.1631,869,3660,46.92
2026-09-09T11:59:48.173,1788935388.1737,870,-1484,-19.03
2026-09-09T11:59:48.180,1788935388.1808,871,3852,49.38
2026-09-09T11:59:48.194,1788935388.1945,872,-2108,-27.03
2026-09-09T11:59:48.194,1788935388.1945,873,3972,50.92
2026-09-09T11:59:48.210,1788935388.2106,874,-2636,-33.79
2026-09-09T11:59:48.226,1788935388.2265,875,4004,51.33
2026-09-09T11:59:48.226,1788935388.2265,876,-3040,-38.97
2026-09-09T11:59:48.242,1788935388.2422,877,3948,50.62
2026-09-09T11:59:48.253,1788935388.2530,878,-3364,-43.13
2026-09-09T11:59:48.258,1788935388.2581,879,1544,19.79
2026-09-09T11:59:48.273,1788935388.2739,880,-3584,-45.95
2026-09-09T11:59:48.273,1788935388.2739,881,2160,27.69
2026-09-09T11:59:48.289,1788935388.2899,882,-3764,-48.26
2026-09-09T11:59:48.289,1788935388.2899,883,2680,34.36
2026-09-09T11:59:48.305,1788935388.3057,884,-3876,-49.69
2026-09-09T11:59:48.321,1788935388.3216,885,3060,39.23
2026-09-09T11:59:48.321,1788935388.3216,886,-3892,-49.9
2026-09-09T11:59:48.339,1788935388.3393,887,3316,42.51
2026-09-09T11:59:48.353,1788935388.3533,888,-3840,-49.23
2026-09-09T11:59:48.353,1788935388.3533,889,3500,44.87
2026-09-09T11:59:48.375,1788935388.3751,890,-1852,-23.74
2026-09-09T11:59:48.385,1788935388.3851,891,3624,46.46
2026-09-09T11:59:48.400,1788935388.4009,892,-2556,-32.77
2026-09-09T11:59:48.400,1788935388.4009,893,3700,47.44
2026-09-09T11:59:48.416,1788935388.4168,894,-3092,-39.64
2026-09-09T11:59:48.420,1788935388.4208,895,3684,47.23
2026-09-09T11:59:48.432,1788935388.4328,896,-3488,-44.72
2026-09-09T11:59:48.432,1788935388.4328,897,3624,46.46
2026-09-09T11:59:48.448,1788935388.4488,898,-3708,-47.54
2026-09-09T11:59:48.448,1788935388.4488,899,1456,18.67
2026-09-09T11:59:48.480,1788935388.4805,900,-3824,-49.03
2026-09-09T11:59:48.480,1788935388.4805,901,2176,27.9
2026-09-09T11:59:48.496,1788935388.4967,902,-3836,-49.18
2026-09-09T11:59:48.496,1788935388.4967,903,2800,35.9
2026-09-09T11:59:48.512,1788935388.5125,904,-3784,-48.51
2026-09-09T11:59:48.528,1788935388.5282,905,3264,41.85
2026-09-09T11:59:48.528,1788935388.5282,906,-3652,-46.82
2026-09-09T11:59:48.528,1788935388.5282,907,3620,46.41
2026-09-09T11:59:48.543,1788935388.5438,908,-3484,-44.67
2026-09-09T11:59:48.560,1788935388.5604,909,3844,49.28
2026-09-09T11:59:48.560,1788935388.5604,910,-1696,-21.74
2026-09-09T11:59:48.575,1788935388.5754,911,3952,50.67
2026-09-09T11:59:48.591,1788935388.5913,912,-2316,-29.69
2026-09-09T11:59:48.606,1788935388.6070,913,4008,51.38
2026-09-09T11:59:48.606,1788935388.6070,914,-2872,-36.82
2026-09-09T11:59:48.622,1788935388.6228,915,3944,50.56
2026-09-09T11:59:48.622,1788935388.6228,916,-3300,-42.31
2026-09-09T11:59:48.654,1788935388.6546,917,3800,48.72
2026-09-09T11:59:48.654,1788935388.6546,918,-3628,-46.51
2026-09-09T11:59:48.654,1788935388.6546,919,1704,21.85
2026-09-09T11:59:48.676,1788935388.6766,920,-3848,-49.33
2026-09-09T11:59:48.686,1788935388.6865,921,2288,29.33
2026-09-09T11:59:48.686,1788935388.6865,922,-3968,-50.87
2026-09-09T11:59:48.702,1788935388.7027,923,2776,35.59
2026-09-09T11:59:48.702,1788935388.7027,924,-4036,-51.74
2026-09-09T11:59:48.735,1788935388.7360,925,3136,40.21
2026-09-09T11:59:48.735,1788935388.7360,926,-3956,-50.72
2026-09-09T11:59:48.735,1788935388.7360,927,3404,43.64
2026-09-09T11:59:48.750,1788935388.7505,928,-1520,-19.49
2026-09-09T11:59:48.776,1788935388.7767,929,3600,46.15
2026-09-09T11:59:48.776,1788935388.7767,930,-2192,-28.1
2026-09-09T11:59:48.782,1788935388.7826,931,3732,47.85
2026-09-09T11:59:48.782,1788935388.7826,932,-2792,-35.79
2026-09-09T11:59:48.798,1788935388.7983,933,3792,48.62
2026-09-09T11:59:48.816,1788935388.8164,934,-3216,-41.23
2026-09-09T11:59:48.816,1788935388.8164,935,3796,48.67
2026-09-09T11:59:48.832,1788935388.8324,936,-3512,-45.03
2026-09-09T11:59:48.842,1788935388.8425,937,3732,47.85
2026-09-09T11:59:48.854,1788935388.8543,938,-3668,-47.03
2026-09-09T11:59:48.869,1788935388.8690,939,1924,24.67
2026-09-09T11:59:48.876,1788935388.8766,940,-3732,-47.85
2026-09-09T11:59:48.878,1788935388.8781,941,2596,33.28
2026-09-09T11:59:48.900,1788935388.9002,942,-3716,-47.64
2026-09-09T11:59:48.900,1788935388.9002,943,3140,40.26
2026-09-09T11:59:48.911,1788935388.9119,944,-3700,-47.44
2026-09-09T11:59:48.925,1788935388.9255,945,3500,44.87
2026-09-09T11:59:48.936,1788935388.9369,946,-3608,-46.26
2026-09-09T11:59:48.938,1788935388.9389,947,3744,48.0
2026-09-09T11:59:48.938,1788935388.9389,948,-1376,-17.64
2026-09-09T11:59:48.956,1788935388.9567,949,3868,49.59
2026-09-09T11:59:48.976,1788935388.9769,950,-2120,-27.18
2026-09-09T11:59:48.986,1788935388.9863,951,3900,50.0
2026-09-09T11:59:48.986,1788935388.9863,952,-2784,-35.69
2026-09-09T11:59:49.002,1788935389.0025,953,3868,49.59
2026-09-09T11:59:49.002,1788935389.0025,954,-3292,-42.21
2026-09-09T11:59:49.018,1788935389.0182,955,3748,48.05
2026-09-09T11:59:49.034,1788935389.0343,956,-3656,-46.87
2026-09-09T11:59:49.034,1788935389.0343,957,3576,45.85
2026-09-09T11:59:49.050,1788935389.0506,958,-3896,-49.95
2026-09-09T11:59:49.066,1788935389.0663,959,1872,24.0
2026-09-09T11:59:49.066,1788935389.0663,960,-4044,-51.85
2026-09-09T11:59:49.082,1788935389.0825,961,2496,32.0
2026-09-09T11:59:49.084,1788935389.0845,962,-4064,-52.1
2026-09-09T11:59:49.114,1788935389.1142,963,2988,38.31
2026-09-09T11:59:49.116,1788935389.1162,964,-3988,-51.13
2026-09-09T11:59:49.116,1788935389.1162,965,3336,42.77
2026-09-09T11:59:49.130,1788935389.1303,966,-3856,-49.44
2026-09-09T11:59:49.154,1788935389.1549,967,3584,45.95
2026-09-09T11:59:49.154,1788935389.1549,968,-1744,-22.36
2026-09-09T11:59:49.161,1788935389.1620,969,3776,48.41
2026-09-09T11:59:49.161,1788935389.1620,970,-2404,-30.82
2026-09-09T11:59:49.182,1788935389.1821,971,3852,49.38
2026-09-09T11:59:49.194,1788935389.1941,972,-2904,-37.23
2026-09-09T11:59:49.194,1788935389.1941,973,3888,49.85
2026-09-09T11:59:49.211,1788935389.2115,974,-3268,-41.9
2026-09-09T11:59:49.221,1788935389.2216,975,3860,49.49
2026-09-09T11:59:49.240,1788935389.2410,976,-3512,-45.03
2026-09-09T11:59:49.240,1788935389.2410,977,3744,48.0
2026-09-09T11:59:49.257,1788935389.2573,978,-3636,-46.62
2026-09-09T11:59:49.266,1788935389.2669,979,2320,29.74
2026-09-09T11:59:49.277,1788935389.2772,980,-3728,-47.79
2026-09-09T11:59:49.277,1788935389.2772,981,2892,37.08
2026-09-09T11:59:49.292,1788935389.2923,982,-3768,-48.31
2026-09-09T11:59:49.306,1788935389.3066,983,3316,42.51
2026-09-09T11:59:49.306,1788935389.3066,984,-3760,-48.21
2026-09-09T11:59:49.320,1788935389.3201,985,3556,45.59
2026-09-09T11:59:49.320,1788935389.3201,986,-3668,-47.03
2026-09-09T11:59:49.336,1788935389.3362,987,3728,47.79
2026-09-09T11:59:49.353,1788935389.3540,988,-1872,-24.0
2026-09-09T11:59:49.368,1788935389.3681,989,3796,48.67
2026-09-09T11:59:49.368,1788935389.3681,990,-2576,-33.03
2026-09-09T11:59:49.384,1788935389.3842,991,3804,48.77
2026-09-09T11:59:49.400,1788935389.4003,992,-3136,-40.21
2026-09-09T11:59:49.400,1788935389.4003,993,3756,48.15
2026-09-09T11:59:49.400,1788935389.4003,994,-3552,-45.54
2026-09-09T11:59:49.416,1788935389.4163,995,3660,46.92
2026-09-09T11:59:49.432,1788935389.4321,996,-3824,-49.03
2026-09-09T11:59:49.448,1788935389.4481,997,3496,44.82
2026-09-09T11:59:49.448,1788935389.4481,998,-3968,-50.87
2026-09-09T11:59:49.448,1788935389.4481,999,2264,29.03
2026-09-09T11:59:49.480,1788935389.4800,1000,-4032,-51.69
2026-09-09T11:59:49.480,1788935389.4800,1001,2852,36.56
2026-09-09T11:59:49.480,1788935389.4800,1002,-3972,-50.92
2026-09-09T11:59:49.497,1788935389.4979,1003,3252,41.69
2026-09-09T11:59:49.511,1788935389.5118,1004,-3872,-49.64
2026-09-09T11:59:49.527,1788935389.5278,1005,3568,45.74
2026-09-09T11:59:49.527,1788935389.5278,1006,-3656,-46.87
2026-09-09T11:59:49.543,1788935389.5437,1007,3772,48.36
2026-09-09T11:59:49.560,1788935389.5606,1008,-1996,-25.59
2026-09-09T11:59:49.561,1788935389.5612,1009,3900,50.0
2026-09-09T11:59:49.561,1788935389.5612,1010,-2600,-33.33
2026-09-09T11:59:49.577,1788935389.5777,1011,3944,50.56
2026-09-09T11:59:49.606,1788935389.6066,1012,-3048,-39.08
2026-09-09T11:59:49.606,1788935389.6066,1013,3932,50.41
2026-09-09T11:59:49.606,1788935389.6066,1014,-3388,-43.44
2026-09-09T11:59:49.622,1788935389.6225,1015,3812,48.87
2026-09-09T11:59:49.630,1788935389.6306,1016,-3600,-46.15
2026-09-09T11:59:49.638,1788935389.6382,1017,3624,46.46
2026-09-09T11:59:49.657,1788935389.6579,1018,-3732,-47.85
2026-09-09T11:59:49.664,1788935389.6643,1019,2572,32.97
2026-09-09T11:59:49.673,1788935389.6737,1020,-3820,-48.97
2026-09-09T11:59:49.685,1788935389.6854,1021,3040,38.97
2026-09-09T11:59:49.693,1788935389.6934,1022,-3864,-49.54
2026-09-09T11:59:49.703,1788935389.7034,1023,3360,43.08
2026-09-09T11:59:49.713,1788935389.7134,1024,-3808,-48.82
2026-09-09T11:59:49.733,1788935389.7339,1025,3592,46.05
2026-09-09T11:59:49.733,1788935389.7339,1026,-3684,-47.23
2026-09-09T11:59:49.733,1788935389.7339,1027,3748,48.05
2026-09-09T11:59:49.749,1788935389.7491,1028,-2328,-29.85
2026-09-09T11:59:49.765,1788935389.7651,1029,3856,49.44
2026-09-09T11:59:49.765,1788935389.7651,1030,-2988,-38.31
2026-09-09T11:59:49.780,1788935389.7809,1031,3900,50.0
2026-09-09T11:59:49.780,1788935389.7809,1032,-3452,-44.26
2026-09-09T11:59:49.796,1788935389.7969,1033,3844,49.28
2026-09-09T11:59:49.814,1788935389.8147,1034,-3748,-48.05
2026-09-09T11:59:49.822,1788935389.8221,1035,3704,47.49
2026-09-09T11:59:49.834,1788935389.8341,1036,-3940,-50.51
2026-09-09T11:59:49.851,1788935389.8520,1037,2076,26.62
2026-09-09T11:59:49.851,1788935389.8520,1038,-3976,-50.97
2026-09-09T11:59:49.864,1788935389.8641,1039,2692,34.51
2026-09-09T11:59:49.878,1788935389.8782,1040,-3984,-51.08
2026-09-09T11:59:49.878,1788935389.8782,1041,3184,40.82
2026-09-09T11:59:49.899,1788935389.8993,1042,-3884,-49.79
2026-09-09T11:59:49.899,1788935389.8993,1043,3508,44.97
2026-09-09T11:59:49.909,1788935389.9091,1044,-3740,-47.95
2026-09-09T11:59:49.922,1788935389.9228,1045,3752,48.1
2026-09-09T11:59:49.938,1788935389.9388,1046,-3508,-44.97
2026-09-09T11:59:49.938,1788935389.9388,1047,3888,49.85
2026-09-09T11:59:49.938,1788935389.9388,1048,-2368,-30.36
2026-09-09T11:59:49.954,1788935389.9549,1049,3964,50.82
2026-09-09T11:59:49.978,1788935389.9784,1050,-2920,-37.44
2026-09-09T11:59:49.986,1788935389.9867,1051,3956,50.72
2026-09-09T11:59:49.986,1788935389.9867,1052,-3320,-42.56
2026-09-09T11:59:50.002,1788935390.0026,1053,3860,49.49
2026-09-09T11:59:50.017,1788935390.0179,1054,-3628,-46.51
2026-09-09T11:59:50.017,1788935390.0179,1055,3700,47.44
2026-09-09T11:59:50.033,1788935390.0338,1056,-3828,-49.08
2026-09-09T11:59:50.033,1788935390.0338,1057,2260,28.97
2026-09-09T11:59:50.054,1788935390.0546,1058,-3948,-50.62
2026-09-09T11:59:50.065,1788935390.0656,1059,2820,36.15
2026-09-09T11:59:50.065,1788935390.0656,1060,-4000,-51.28
2026-09-09T11:59:50.081,1788935390.0818,1061,3268,41.9
2026-09-09T11:59:50.097,1788935390.0976,1062,-3940,-50.51
2026-09-09T11:59:50.097,1788935390.0976,1063,3568,45.74
2026-09-09T11:59:50.113,1788935390.1132,1064,-3852,-49.38
2026-09-09T11:59:50.130,1788935390.1309,1065,3764,48.26
2026-09-09T11:59:50.130,1788935390.1309,1066,-3612,-46.31
2026-09-09T11:59:50.144,1788935390.1447,1067,3868,49.59
2026-09-09T11:59:50.144,1788935390.1447,1068,-2652,-34.0
2026-09-09T11:59:50.160,1788935390.1607,1069,3924,50.31
2026-09-09T11:59:50.160,1788935390.1607,1070,-3152,-40.41
2026-09-09T11:59:50.178,1788935390.1787,1071,3864,49.54
2026-09-09T11:59:50.194,1788935390.1946,1072,-3492,-44.77
2026-09-09T11:59:50.194,1788935390.1946,1073,3784,48.51
2026-09-09T11:59:50.214,1788935390.2144,1074,-3740,-47.95
2026-09-09T11:59:50.231,1788935390.2315,1075,3600,46.15
2026-09-09T11:59:50.231,1788935390.2315,1076,-3880,-49.74
2026-09-09T11:59:50.240,1788935390.2403,1077,2368,30.36
2026-09-09T11:59:50.256,1788935390.2562,1078,-3920,-50.26
2026-09-09T11:59:50.262,1788935390.2622,1079,2900,37.18
2026-09-09T11:59:50.278,1788935390.2788,1080,-3912,-50.15
2026-09-09T11:59:50.278,1788935390.2788,1081,3300,42.31
2026-09-09T11:59:50.288,1788935390.2885,1082,-3824,-49.03
2026-09-09T11:59:50.304,1788935390.3045,1083,3552,45.54
2026-09-09T11:59:50.304,1788935390.3045,1084,-3712,-47.59
2026-09-09T11:59:50.320,1788935390.3209,1085,3720,47.69
2026-09-09T11:59:50.320,1788935390.3209,1086,-3460,-44.36
2026-09-09T11:59:50.355,1788935390.3550,1087,3820,48.97
2026-09-09T11:59:50.355,1788935390.3550,1088,-2740,-35.13
2026-09-09T11:59:50.355,1788935390.3550,1089,3880,49.74
2026-09-09T11:59:50.368,1788935390.3683,1090,-3220,-41.28
2026-09-09T11:59:50.386,1788935390.3860,1091,3836,49.18
2026-09-09T11:59:50.399,1788935390.3999,1092,-3556,-45.59
2026-09-09T11:59:50.399,1788935390.3999,1093,3732,47.85
2026-09-09T11:59:50.415,1788935390.4157,1094,-3784,-48.51
2026-09-09T11:59:50.415,1788935390.4157,1095,3516,45.08
2026-09-09T11:59:50.431,1788935390.4314,1096,-3944,-50.56
2026-09-09T11:59:50.431,1788935390.4314,1097,2532,32.46
2026-09-09T11:59:50.453,1788935390.4534,1098,-4000,-51.28
2026-09-09T11:59:50.463,1788935390.4634,1099,3044,39.03
2026-09-09T11:59:50.479,1788935390.4790,1100,-4000,-51.28
2026-09-09T11:59:50.479,1788935390.4790,1101,3452,44.26
2026-09-09T11:59:50.495,1788935390.4950,1102,-3880,-49.74
2026-09-09T11:59:50.495,1788935390.4950,1103,3708,47.54
2026-09-09T11:59:50.521,1788935390.5213,1104,-3716,-47.64
2026-09-09T11:59:50.526,1788935390.5268,1105,3832,49.13
2026-09-09T11:59:50.534,1788935390.5341,1106,-3424,-43.9
2026-09-09T11:59:50.542,1788935390.5428,1107,3884,49.79
2026-09-09T11:59:50.554,1788935390.5549,1108,-2868,-36.77
2026-09-09T11:59:50.560,1788935390.5606,1109,3892,49.9
2026-09-09T11:59:50.560,1788935390.5606,1110,-3356,-43.03
2026-09-09T11:59:50.580,1788935390.5804,1111,3812,48.87
2026-09-09T11:59:50.591,1788935390.5914,1112,-3644,-46.72
2026-09-09T11:59:50.607,1788935390.6074,1113,3684,47.23
2026-09-09T11:59:50.607,1788935390.6074,1114,-3860,-49.49
2026-09-09T11:59:50.623,1788935390.6232,1115,3456,44.31
2026-09-09T11:59:50.623,1788935390.6232,1116,-3968,-50.87
2026-09-09T11:59:50.648,1788935390.6489,1117,2604,33.38
2026-09-09T11:59:50.654,1788935390.6546,1118,-4020,-51.54
2026-09-09T11:59:50.654,1788935390.6546,1119,3080,39.49
2026-09-09T11:59:50.670,1788935390.6705,1120,-3952,-50.67
2026-09-09T11:59:50.680,1788935390.6807,1121,3420,43.85
2026-09-09T11:59:50.686,1788935390.6865,1122,-3860,-49.49
2026-09-09T11:59:50.702,1788935390.7024,1123,3668,47.03
2026-09-09T11:59:50.712,1788935390.7123,1124,-3692,-47.33
2026-09-09T11:59:50.734,1788935390.7345,1125,3812,48.87
2026-09-09T11:59:50.734,1788935390.7345,1126,-3404,-43.64
2026-09-09T11:59:50.734,1788935390.7345,1127,3900,50.0
2026-09-09T11:59:50.749,1788935390.7498,1128,-3044,-39.03
2026-09-09T11:59:50.765,1788935390.7655,1129,3904,50.05
2026-09-09T11:59:50.765,1788935390.7655,1130,-3476,-44.56
2026-09-09T11:59:50.780,1788935390.7808,1131,3844,49.28
2026-09-09T11:59:50.796,1788935390.7965,1132,-3740,-47.95
2026-09-09T11:59:50.796,1788935390.7965,1133,3676,47.13
2026-09-09T11:59:50.812,1788935390.8128,1134,-3892,-49.9
2026-09-09T11:59:50.812,1788935390.8128,1135,3464,44.41
2026-09-09T11:59:50.832,1788935390.8329,1136,-3988,-51.13
2026-09-09T11:59:50.854,1788935390.8547,1137,2780,35.64
2026-09-09T11:59:50.854,1788935390.8547,1138,-3980,-51.03
2026-09-09T11:59:50.860,1788935390.8605,1139,3232,41.44
2026-09-09T11:59:50.876,1788935390.8764,1140,-3908,-50.1
2026-09-09T11:59:50.881,1788935390.8815,1141,3576,45.85
2026-09-09T11:59:50.892,1788935390.8923,1142,-3756,-48.15
2026-09-09T11:59:50.892,1788935390.8923,1143,3832,49.13
2026-09-09T11:59:50.907,1788935390.9079,1144,-3540,-45.38
2026-09-09T11:59:50.924,1788935390.9240,1145,3984,51.08
2026-09-09T11:59:50.924,1788935390.9240,1146,-3272,-41.95
2026-09-09T11:59:50.940,1788935390.9401,1147,4036,51.74
2026-09-09T11:59:50.940,1788935390.9401,1148,-3080,-39.49
2026-09-09T11:59:50.955,1788935390.9559,1149,4028,51.64
2026-09-09T11:59:50.981,1788935390.9815,1150,-3488,-44.72
2026-09-09T11:59:50.986,1788935390.9868,1151,3912,50.15
2026-09-09T11:59:50.986,1788935390.9868,1152,-3720,-47.69
2026-09-09T11:59:51.002,1788935391.0028,1153,3728,47.79
2026-09-09T11:59:51.018,1788935391.0186,1154,-3860,-49.49
2026-09-09T11:59:51.029,1788935391.0294,1155,3460,44.36
2026-09-09T11:59:51.034,1788935391.0347,1156,-3928,-50.36
2026-09-09T11:59:51.034,1788935391.0347,1157,2952,37.85
2026-09-09T11:59:51.052,1788935391.0527,1158,-3948,-50.62
2026-09-09T11:59:51.052,1788935391.0527,1159,3336,42.77
2026-09-09T11:59:51.066,1788935391.0666,1160,-3868,-49.59
2026-09-09T11:59:51.082,1788935391.0828,1161,3596,46.1
2026-09-09T11:59:51.082,1788935391.0828,1162,-3748,-48.05
2026-09-09T11:59:51.114,1788935391.1144,1163,3776,48.41
2026-09-09T11:59:51.114,1788935391.1144,1164,-3524,-45.18
2026-09-09T11:59:51.114,1788935391.1144,1165,3872,49.64
2026-09-09T11:59:51.130,1788935391.1305,1166,-3232,-41.44
2026-09-09T11:59:51.143,1788935391.1439,1167,3928,50.36
2026-09-09T11:59:51.162,1788935391.1623,1168,-3244,-41.59
2026-09-09T11:59:51.162,1788935391.1623,1169,3896,49.95
2026-09-09T11:59:51.162,1788935391.1623,1170,-3644,-46.72
2026-09-09T11:59:51.181,1788935391.1818,1171,3808,48.82
2026-09-09T11:59:51.194,1788935391.1941,1172,-3880,-49.74
2026-09-09T11:59:51.194,1788935391.1941,1173,3664,46.97
2026-09-09T11:59:51.211,1788935391.2120,1174,-4016,-51.49
2026-09-09T11:59:51.222,1788935391.2220,1175,3376,43.28
2026-09-09T11:59:51.245,1788935391.2456,1176,-4044,-51.85
2026-09-09T11:59:51.249,1788935391.2494,1177,3064,39.28
2026-09-09T11:59:51.252,1788935391.2520,1178,-4008,-51.38
2026-09-09T11:59:51.257,1788935391.2577,1179,3428,43.95
2026-09-09T11:59:51.289,1788935391.2892,1180,-3896,-49.95
2026-09-09T11:59:51.289,1788935391.2892,1181,3676,47.13
2026-09-09T11:59:51.289,1788935391.2892,1182,-3708,-47.54
2026-09-09T11:59:51.304,1788935391.3049,1183,3840,49.23
2026-09-09T11:59:51.312,1788935391.3129,1184,-3424,-43.9
2026-09-09T11:59:51.320,1788935391.3206,1185,3892,49.9
2026-09-09T11:59:51.320,1788935391.3206,1186,-2832,-36.31
2026-09-09T11:59:51.336,1788935391.3364,1187,3912,50.15
2026-09-09T11:59:51.352,1788935391.3524,1188,-3300,-42.31
2026-09-09T11:59:51.368,1788935391.3683,1189,3872,49.64
2026-09-09T11:59:51.372,1788935391.3724,1190,-3640,-46.67
2026-09-09T11:59:51.384,1788935391.3845,1191,3748,48.05
2026-09-09T11:59:51.384,1788935391.3845,1192,-3856,-49.44
2026-09-09T11:59:51.400,1788935391.4006,1193,3564,45.69
2026-09-09T11:59:51.416,1788935391.4167,1194,-4036,-51.74
2026-09-09T11:59:51.422,1788935391.4227,1195,3312,42.46
2026-09-09T11:59:51.432,1788935391.4328,1196,-4068,-52.15
2026-09-09T11:59:51.432,1788935391.4328,1197,3164,40.56
2026-09-09T11:59:51.449,1788935391.4491,1198,-4032,-51.69
2026-09-09T11:59:51.449,1788935391.4491,1199,3500,44.87
2026-09-09T11:59:51.465,1788935391.4652,1200,-3912,-50.15
2026-09-09T11:59:51.482,1788935391.4820,1201,3708,47.54
2026-09-09T11:59:51.496,1788935391.4967,1202,-3684,-47.23
2026-09-09T11:59:51.500,1788935391.5007,1203,3848,49.33
2026-09-09T11:59:51.512,1788935391.5125,1204,-3372,-43.23
2026-09-09T11:59:51.512,1788935391.5125,1205,3912,50.15
2026-09-09T11:59:51.528,1788935391.5285,1206,-2964,-38.0
2026-09-09T11:59:51.544,1788935391.5447,1207,3872,49.64
2026-09-09T11:59:51.544,1788935391.5447,1208,-3420,-43.85
2026-09-09T11:59:51.562,1788935391.5621,1209,3804,48.77
2026-09-09T11:59:51.571,1788935391.5720,1210,-3736,-47.9
2026-09-09T11:59:51.584,1788935391.5846,1211,3620,46.41
2026-09-09T11:59:51.591,1788935391.5919,1212,-3928,-50.36
2026-09-09T11:59:51.591,1788935391.5919,1213,3364,43.13
2026-09-09T11:59:51.607,1788935391.6079,1214,-4072,-52.21
2026-09-09T11:59:51.623,1788935391.6240,1215,3088,39.59
2026-09-09T11:59:51.638,1788935391.6388,1216,-4100,-52.56
2026-09-09T11:59:51.645,1788935391.6457,1217,3124,40.05
2026-09-09T11:59:51.650,1788935391.6500,1218,-4092,-52.46
2026-09-09T11:59:51.671,1788935391.6714,1219,3500,44.87
2026-09-09T11:59:51.671,1788935391.6714,1220,-4020,-51.54
2026-09-09T11:59:51.682,1788935391.6825,1221,3732,47.85
2026-09-09T11:59:51.691,1788935391.6915,1222,-3808,-48.82
2026-09-09T11:59:51.703,1788935391.7035,1223,3868,49.59
2026-09-09T11:59:51.703,1788935391.7035,1224,-3464,-44.41
2026-09-09T11:59:51.721,1788935391.7217,1225,3900,50.0
2026-09-09T11:59:51.732,1788935391.7325,1226,-3212,-41.18
2026-09-09T11:59:51.751,1788935391.7512,1227,3908,50.1
2026-09-09T11:59:51.751,1788935391.7512,1228,-3560,-45.64
2026-09-09T11:59:51.766,1788935391.7669,1229,3812,48.87
2026-09-09T11:59:51.771,1788935391.7714,1230,-3780,-48.46
2026-09-09T11:59:51.782,1788935391.7826,1231,3692,47.33
2026-09-09T11:59:51.798,1788935391.7984,1232,-3908,-50.1
2026-09-09T11:59:51.798,1788935391.7984,1233,3436,44.05
2026-09-09T11:59:51.814,1788935391.8141,1234,-3940,-50.51
2026-09-09T11:59:51.814,1788935391.8141,1235,3160,40.51
2026-09-09T11:59:51.829,1788935391.8298,1236,-3944,-50.56
2026-09-09T11:59:51.845,1788935391.8455,1237,3348,42.92
2026-09-09T11:59:51.845,1788935391.8455,1238,-3848,-49.33
2026-09-09T11:59:51.861,1788935391.8614,1239,3680,47.18
2026-09-09T11:59:51.877,1788935391.8776,1240,-3696,-47.38
2026-09-09T11:59:51.884,1788935391.8841,1241,3904,50.05
2026-09-09T11:59:51.893,1788935391.8937,1242,-3500,-44.87
2026-09-09T11:59:51.908,1788935391.9081,1243,4084,52.36
2026-09-09T11:59:51.909,1788935391.9098,1244,-3192,-40.92
2026-09-09T11:59:51.925,1788935391.9255,1245,4140,53.08
2026-09-09T11:59:51.932,1788935391.9323,1246,-3168,-40.62
2026-09-09T11:59:51.941,1788935391.9415,1247,4072,52.21
2026-09-09T11:59:51.957,1788935391.9574,1248,-3532,-45.28
2026-09-09T11:59:51.957,1788935391.9574,1249,3940,50.51
2026-09-09T11:59:51.973,1788935391.9738,1250,-3752,-48.1
2026-09-09T11:59:51.973,1788935391.9738,1251,3696,47.38
2026-09-09T11:59:52.005,1788935392.0056,1252,-3888,-49.85
2026-09-09T11:59:52.005,1788935392.0056,1253,3404,43.64
2026-09-09T11:59:52.005,1788935392.0056,1254,-3960,-50.77
2026-09-09T11:59:52.021,1788935392.0216,1255,3060,39.23
2026-09-09T11:59:52.021,1788935392.0216,1256,-3988,-51.13
2026-09-09T11:59:52.048,1788935392.0488,1257,3388,43.44
2026-09-09T11:59:52.053,1788935392.0537,1258,-3908,-50.1
2026-09-09T11:59:52.062,1788935392.0627,1259,3648,46.77
2026-09-09T11:59:52.069,1788935392.0697,1260,-3768,-48.31
2026-09-09T11:59:52.085,1788935392.0857,1261,3804,48.77
2026-09-09T11:59:52.091,1788935392.0915,1262,-3532,-45.28
2026-09-09T11:59:52.101,1788935392.1017,1263,3908,50.1
2026-09-09T11:59:52.101,1788935392.1017,1264,-3228,-41.38
2026-09-09T11:59:52.117,1788935392.1176,1265,4000,51.28
2026-09-09T11:59:52.133,1788935392.1337,1266,-3420,-43.85
2026-09-09T11:59:52.133,1788935392.1337,1267,3968,50.87
2026-09-09T11:59:52.149,1788935392.1497,1268,-3768,-48.31
2026-09-09T11:59:52.165,1788935392.1656,1269,3828,49.08
2026-09-09T11:59:52.165,1788935392.1656,1270,-3904,-50.05
2026-09-09T11:59:52.184,1788935392.1846,1271,3580,45.9
2026-09-09T11:59:52.188,1788935392.1889,1272,-4000,-51.28
2026-09-09T11:59:52.196,1788935392.1969,1273,3280,42.05
2026-09-09T11:59:52.212,1788935392.2128,1274,-3996,-51.23
2026-09-09T11:59:52.212,1788935392.2128,1275,2968,38.05
2026-09-09T11:59:52.233,1788935392.2338,1276,-3948,-50.62
2026-09-09T11:59:52.255,1788935392.2553,1277,3452,44.26
2026-09-09T11:59:52.260,1788935392.2608,1278,-3828,-49.08
2026-09-09T11:59:52.260,1788935392.2608,1279,3656,46.87
2026-09-09T11:59:52.276,1788935392.2767,1280,-3660,-46.92
2026-09-09T11:59:52.284,1788935392.2841,1281,3820,48.97
2026-09-09T11:59:52.292,1788935392.2929,1282,-3384,-43.38
2026-09-09T11:59:52.308,1788935392.3085,1283,3880,49.74
2026-09-09T11:59:52.308,1788935392.3085,1284,-3060,-39.23
2026-09-09T11:59:52.326,1788935392.3263,1285,3888,49.85
2026-09-09T11:59:52.328,1788935392.3283,1286,-3408,-43.69
2026-09-09T11:59:52.344,1788935392.3448,1287,3872,49.64
2026-09-09T11:59:52.344,1788935392.3448,1288,-3756,-48.15
2026-09-09T11:59:52.356,1788935392.3560,1289,3804,48.77
2026-09-09T11:59:52.384,1788935392.3843,1290,-4012,-51.44
2026-09-09T11:59:52.387,1788935392.3880,1291,3584,45.95
2026-09-09T11:59:52.394,1788935392.3940,1292,-4092,-52.46
2026-09-09T11:59:52.403,1788935392.4039,1293,3244,41.59
2026-09-09T11:59:52.403,1788935392.4039,1294,-4060,-52.05
2026-09-09T11:59:52.419,1788935392.4200,1295,2916,37.38
2026-09-09T11:59:52.437,1788935392.4378,1296,-3968,-50.87
2026-09-09T11:59:52.444,1788935392.4448,1297,3548,45.49
2026-09-09T11:59:52.451,1788935392.4515,1298,-3844,-49.28
2026-09-09T11:59:52.451,1788935392.4515,1299,3736,47.9
2026-09-09T11:59:52.467,1788935392.4676,1300,-3604,-46.21
2026-09-09T11:59:52.483,1788935392.4835,1301,3852,49.38
2026-09-09T11:59:52.484,1788935392.4846,1302,-3316,-42.51
2026-09-09T11:59:52.499,1788935392.4995,1303,3920,50.26
2026-09-09T11:59:52.515,1788935392.5156,1304,-2952,-37.85
2026-09-09T11:59:52.518,1788935392.5184,1305,3892,49.9
2026-09-09T11:59:52.531,1788935392.5319,1306,-3512,-45.03
2026-09-09T11:59:52.531,1788935392.5319,1307,3812,48.87
2026-09-09T11:59:52.562,1788935392.5626,1308,-3764,-48.26
2026-09-09T11:59:52.563,1788935392.5637,1309,3684,47.23
2026-09-09T11:59:52.563,1788935392.5637,1310,-3980,-51.03
2026-09-09T11:59:52.578,1788935392.5784,1311,3468,44.46
2026-09-09T11:59:52.594,1788935392.5943,1312,-4064,-52.1
2026-09-09T11:59:52.594,1788935392.5943,1313,3164,40.56
2026-09-09T11:59:52.610,1788935392.6104,1314,-4076,-52.26
2026-09-09T11:59:52.610,1788935392.6104,1315,2800,35.9
2026-09-09T11:59:52.626,1788935392.6264,1316,-3964,-50.82
2026-09-09T11:59:52.645,1788935392.6453,1317,3604,46.21
2026-09-09T11:59:52.645,1788935392.6453,1318,-3800,-48.72
2026-09-09T11:59:52.657,1788935392.6580,1319,3768,48.31
2026-09-09T11:59:52.673,1788935392.6739,1320,-3548,-45.49
2026-09-09T11:59:52.685,1788935392.6851,1321,3868,49.59
2026-09-09T11:59:52.689,1788935392.6897,1322,-3224,-41.33
2026-09-09T11:59:52.689,1788935392.6897,1323,3912,50.15
2026-09-09T11:59:52.705,1788935392.7054,1324,-2872,-36.82
2026-09-09T11:59:52.722,1788935392.7229,1325,3852,49.38
2026-09-09T11:59:52.722,1788935392.7229,1326,-3536,-45.33
2026-09-09T11:59:52.737,1788935392.7376,1327,3760,48.21
2026-09-09T11:59:52.761,1788935392.7613,1328,-3784,-48.51
2026-09-09T11:59:52.761,1788935392.7613,1329,3596,46.1
2026-09-09T11:59:52.769,1788935392.7696,1330,-3932,-50.41
2026-09-09T11:59:52.785,1788935392.7854,1331,3336,42.77
2026-09-09T11:59:52.785,1788935392.7854,1332,-4024,-51.59
2026-09-09T11:59:52.801,1788935392.8017,1333,3080,39.49
2026-09-09T11:59:52.801,1788935392.8017,1334,-4088,-52.41
2026-09-09T11:59:52.821,1788935392.8216,1335,3436,44.05
2026-09-09T11:59:52.836,1788935392.8370,1336,-3988,-51.13
2026-09-09T11:59:52.845,1788935392.8450,1337,3664,46.97
2026-09-09T11:59:52.853,1788935392.8531,1338,-3796,-48.67
2026-09-09T11:59:52.862,1788935392.8623,1339,3828,49.08
2026-09-09T11:59:52.872,1788935392.8724,1340,-3524,-45.18
2026-09-09T11:59:52.896,1788935392.8960,1341,3892,49.9
2026-09-09T11:59:52.896,1788935392.8960,1342,-3180,-40.77
2026-09-09T11:59:52.896,1788935392.8960,1343,3904,50.05
2026-09-09T11:59:52.911,1788935392.9117,1344,-2796,-35.85
2026-09-09T11:59:52.911,1788935392.9117,1345,3848,49.33
2026-09-09T11:59:52.943,1788935392.9431,1346,-3628,-46.51
2026-09-09T11:59:52.943,1788935392.9431,1347,3724,47.74
2026-09-09T11:59:52.943,1788935392.9431,1348,-3840,-49.23
2026-09-09T11:59:52.958,1788935392.9587,1349,3516,45.08
2026-09-09T11:59:52.974,1788935392.9748,1350,-3960,-50.77
2026-09-09T11:59:52.982,1788935392.9828,1351,3256,41.74
2026-09-09T11:59:52.990,1788935392.9904,1352,-4020,-51.54
2026-09-09T11:59:52.990,1788935392.9904,1353,2960,37.95
2026-09-09T11:59:53.022,1788935393.0222,1354,-4028,-51.64
2026-09-09T11:59:53.022,1788935393.0222,1355,3488,44.72
2026-09-09T11:59:53.022,1788935393.0222,1356,-4000,-51.28
2026-09-09T11:59:53.038,1788935393.0384,1357,3768,48.31
2026-09-09T11:59:53.054,1788935393.0544,1358,-3776,-48.41
2026-09-09T11:59:53.070,1788935393.0704,1359,3884,49.79
2026-09-09T11:59:53.070,1788935393.0704,1360,-3436,-44.05
2026-09-09T11:59:53.070,1788935393.0704,1361,3944,50.56
2026-09-09T11:59:53.092,1788935393.0923,1362,-3100,-39.74
2026-09-09T11:59:53.106,1788935393.1065,1363,3908,50.1
2026-09-09T11:59:53.106,1788935393.1065,1364,-2732,-35.03
2026-09-09T11:59:53.117,1788935393.1180,1365,3832,49.13
2026-09-09T11:59:53.141,1788935393.1412,1366,-3668,-47.03
2026-09-09T11:59:53.149,1788935393.1496,1367,3676,47.13
2026-09-09T11:59:53.149,1788935393.1496,1368,-3880,-49.74
2026-09-09T11:59:53.165,1788935393.1656,1369,3448,44.21
2026-09-09T11:59:53.165,1788935393.1656,1370,-3944,-50.56
2026-09-09T11:59:53.197,1788935393.1973,1371,3192,40.92
2026-09-09T11:59:53.197,1788935393.1973,1372,-4004,-51.33
2026-09-09T11:59:53.197,1788935393.1973,1373,2852,36.56
2026-09-09T11:59:53.213,1788935393.2134,1374,-3952,-50.67
2026-09-09T11:59:53.213,1788935393.2134,1375,3500,44.87
2026-09-09T11:59:53.236,1788935393.2367,1376,-3868,-49.59
2026-09-09T11:59:53.239,1788935393.2394,1377,3768,48.31
2026-09-09T11:59:53.245,1788935393.2455,1378,-3696,-47.38
2026-09-09T11:59:53.261,1788935393.2614,1379,3916,50.21
2026-09-09T11:59:53.277,1788935393.2772,1380,-3396,-43.54
2026-09-09T11:59:53.277,1788935393.2772,1381,3984,51.08
2026-09-09T11:59:53.293,1788935393.2932,1382,-3048,-39.08
2026-09-09T11:59:53.313,1788935393.3133,1383,3940,50.51
2026-09-09T11:59:53.313,1788935393.3133,1384,-2660,-34.1
2026-09-09T11:59:53.313,1788935393.3133,1385,3828,49.08
2026-09-09T11:59:53.332,1788935393.3330,1386,-3756,-48.15
2026-09-09T11:59:53.340,1788935393.3409,1387,3652,46.82
2026-09-09T11:59:53.356,1788935393.3567,1388,-3904,-50.05
2026-09-09T11:59:53.362,1788935393.3627,1389,3412,43.74
2026-09-09T11:59:53.372,1788935393.3725,1390,-3968,-50.87
2026-09-09T11:59:53.382,1788935393.3830,1391,3092,39.64
2026-09-09T11:59:53.391,1788935393.3913,1392,-3960,-50.77
2026-09-09T11:59:53.404,1788935393.4042,1393,2780,35.64
2026-09-09T11:59:53.404,1788935393.4042,1394,-3932,-50.41
2026-09-09T11:59:53.419,1788935393.4199,1395,3536,45.33
2026-09-09T11:59:53.435,1788935393.4359,1396,-3800,-48.72
2026-09-09T11:59:53.435,1788935393.4359,1397,3768,48.31
2026-09-09T11:59:53.453,1788935393.4538,1398,-3580,-45.9
2026-09-09T11:59:53.453,1788935393.4538,1399,3900,50.0
2026-09-09T11:59:53.467,1788935393.4675,1400,-3340,-42.82
2026-09-09T11:59:53.483,1788935393.4833,1401,4012,51.44
2026-09-09T11:59:53.488,1788935393.4881,1402,-3008,-38.56
2026-09-09T11:59:53.499,1788935393.4992,1403,3976,50.97
2026-09-09T11:59:53.514,1788935393.5150,1404,-2604,-33.38
2026-09-09T11:59:53.514,1788935393.5150,1405,3820,48.97
2026-09-09T11:59:53.531,1788935393.5310,1406,-3856,-49.44
2026-09-09T11:59:53.546,1788935393.5468,1407,3632,46.56
2026-09-09T11:59:53.554,1788935393.5543,1408,-3940,-50.51
2026-09-09T11:59:53.564,1788935393.5643,1409,3332,42.72
2026-09-09T11:59:53.564,1788935393.5643,1410,-3984,-51.08
2026-09-09T11:59:53.578,1788935393.5788,1411,3004,38.51
2026-09-09T11:59:53.588,1788935393.5883,1412,-3964,-50.82
2026-09-09T11:59:53.594,1788935393.5948,1413,2680,34.36
2026-09-09T11:59:53.610,1788935393.6107,1414,-3880,-49.74
2026-09-09T11:59:53.610,1788935393.6107,1415,3556,45.59
2026-09-09T11:59:53.633,1788935393.6332,1416,-3724,-47.74
2026-09-09T11:59:53.642,1788935393.6426,1417,3740,47.95
2026-09-09T11:59:53.642,1788935393.6426,1418,-3492,-44.77
2026-09-09T11:59:53.658,1788935393.6585,1419,3856,49.44
2026-09-09T11:59:53.674,1788935393.6744,1420,-3176,-40.72
2026-09-09T11:59:53.690,1788935393.6904,1421,3924,50.31
2026-09-09T11:59:53.690,1788935393.6904,1422,-2904,-37.23
2026-09-09T11:59:53.706,1788935393.7062,1423,3948,50.62
2026-09-09T11:59:53.712,1788935393.7122,1424,-2584,-33.13
2026-09-09T11:59:53.723,1788935393.7234,1425,3852,49.38
2026-09-09T11:59:53.723,1788935393.7234,1426,-3940,-50.51
2026-09-09T11:59:53.737,1788935393.7379,1427,3612,46.31
2026-09-09T11:59:53.753,1788935393.7537,1428,-4004,-51.33
2026-09-09T11:59:53.769,1788935393.7694,1429,3284,42.1
2026-09-09T11:59:53.769,1788935393.7694,1430,-4012,-51.44
2026-09-09T11:59:53.785,1788935393.7854,1431,2972,38.1
2026-09-09T11:59:53.788,1788935393.7885,1432,-3964,-50.82
2026-09-09T11:59:53.801,1788935393.8015,1433,2628,33.69
2026-09-09T11:59:53.817,1788935393.8172,1434,-3836,-49.18
2026-09-09T11:59:53.817,1788935393.8172,1435,3636,46.62
2026-09-09T11:59:53.833,1788935393.8332,1436,-3652,-46.82
2026-09-09T11:59:53.849,1788935393.8491,1437,3776,48.41
2026-09-09T11:59:53.851,1788935393.8511,1438,-3388,-43.44
2026-09-09T11:59:53.851,1788935393.8511,1439,3840,49.23
2026-09-09T11:59:53.865,1788935393.8651,1440,-3048,-39.08
2026-09-09T11:59:53.888,1788935393.8887,1441,3872,49.64
2026-09-09T11:59:53.897,1788935393.8971,1442,-2712,-34.77
2026-09-09T11:59:53.897,1788935393.8971,1443,3832,49.13
2026-09-09T11:59:53.913,1788935393.9134,1444,-2396,-30.72
2026-09-09T11:59:53.913,1788935393.9134,1445,3732,47.85
2026-09-09T11:59:53.929,1788935393.9295,1446,-3868,-49.59
2026-09-09T11:59:53.945,1788935393.9453,1447,3536,45.33
2026-09-09T11:59:53.951,1788935393.9514,1448,-3996,-51.23
2026-09-09T11:59:53.961,1788935393.9611,1449,3256,41.74
2026-09-09T11:59:53.976,1788935393.9767,1450,-4040,-51.79
2026-09-09T11:59:53.983,1788935393.9839,1451,2896,37.13
2026-09-09T11:59:53.992,1788935393.9927,1452,-3972,-50.92
2026-09-09T11:59:53.992,1788935393.9927,1453,2564,32.87
2026-09-09T11:59:54.008,1788935394.0084,1454,-3832,-49.13
2026-09-09T11:59:54.024,1788935394.0243,1455,3684,47.23
2026-09-09T11:59:54.035,1788935394.0352,1456,-3596,-46.1
2026-09-09T11:59:54.040,1788935394.0404,1457,3804,48.77
2026-09-09T11:59:54.056,1788935394.0565,1458,-3308,-42.41
2026-09-09T11:59:54.072,1788935394.0726,1459,3860,49.49
2026-09-09T11:59:54.072,1788935394.0726,1460,-2964,-38.0
2026-09-09T11:59:54.072,1788935394.0726,1461,3856,49.44
2026-09-09T11:59:54.088,1788935394.0890,1462,-2632,-33.74
2026-09-09T11:59:54.104,1788935394.1043,1463,3760,48.21
2026-09-09T11:59:54.104,1788935394.1043,1464,-2308,-29.59
2026-09-09T11:59:54.120,1788935394.1202,1465,3620,46.41
2026-09-09T11:59:54.120,1788935394.1202,1466,-3896,-49.95
2026-09-09T11:59:54.153,1788935394.1540,1467,3452,44.26
2026-09-09T11:59:54.153,1788935394.1540,1468,-4060,-52.05
2026-09-09T11:59:54.153,1788935394.1540,1469,3200,41.03
2026-09-09T11:59:54.167,1788935394.1679,1470,-4104,-52.62
2026-09-09T11:59:54.183,1788935394.1837,1471,2856,36.62
2026-09-09T11:59:54.189,1788935394.1896,1472,-3992,-51.18
2026-09-09T11:59:54.199,1788935394.1995,1473,2500,32.05
2026-09-09T11:59:54.215,1788935394.2156,1474,-3816,-48.92
2026-09-09T11:59:54.215,1788935394.2156,1475,3720,47.69
2026-09-09T11:59:54.234,1788935394.2347,1476,-3576,-45.85
2026-09-09T11:59:54.242,1788935394.2423,1477,3768,48.31
2026-09-09T11:59:54.253,1788935394.2533,1478,-3264,-41.85
2026-09-09T11:59:54.274,1788935394.2748,1479,3832,49.13
2026-09-09T11:59:54.279,1788935394.2791,1480,-2920,-37.44
2026-09-09T11:59:54.285,1788935394.2853,1481,3788,48.56
2026-09-09T11:59:54.294,1788935394.2949,1482,-2564,-32.87
2026-09-09T11:59:54.294,1788935394.2949,1483,3728,47.79
2026-09-09T11:59:54.326,1788935394.3267,1484,-2236,-28.67
2026-09-09T11:59:54.326,1788935394.3267,1485,3544,45.44
2026-09-09T11:59:54.326,1788935394.3267,1486,-3880,-49.74
2026-09-09T11:59:54.342,1788935394.3427,1487,3304,42.36
2026-09-09T11:59:54.342,1788935394.3427,1488,-3952,-50.67
2026-09-09T11:59:54.358,1788935394.3588,1489,3036,38.92
2026-09-09T11:59:54.358,1788935394.3588,1490,-4028,-51.64
2026-09-09T11:59:54.376,1788935394.3769,1491,2780,35.64
2026-09-09T11:59:54.405,1788935394.4057,1492,-4004,-51.33
2026-09-09T11:59:54.405,1788935394.4057,1493,2472,31.69
2026-09-09T11:59:54.405,1788935394.4057,1494,-3840,-49.23
2026-09-09T11:59:54.426,1788935394.4266,1495,3776,48.41
2026-09-09T11:59:54.436,1788935394.4361,1496,-3528,-45.23
2026-09-09T11:59:54.450,1788935394.4508,1497,3848,49.33
2026-09-09T11:59:54.452,1788935394.4526,1498,-3200,-41.03
2026-09-09T11:59:54.460,1788935394.4609,1499,3848,49.33
2026-09-09T11:59:54.475,1788935394.4752,1500,-2832,-36.31
2026-09-09T11:59:54.484,1788935394.4840,1501,3792,48.62
2026-09-09T11:59:54.491,1788935394.4913,1502,-2468,-31.64
2026-09-09T11:59:54.502,1788935394.5027,1503,3676,47.13
2026-09-09T11:59:54.502,1788935394.5027,1504,-3760,-48.21
2026-09-09T11:59:54.527,1788935394.5279,1505,3484,44.67
2026-09-09T11:59:54.535,1788935394.5358,1506,-3880,-49.74
2026-09-09T11:59:54.535,1788935394.5358,1507,3208,41.13
2026-09-09T11:59:54.552,1788935394.5523,1508,-3952,-50.67
2026-09-09T11:59:54.564,1788935394.5643,1509,2920,37.44
2026-09-09T11:59:54.578,1788935394.5790,1510,-3952,-50.67
2026-09-09T11:59:54.585,1788935394.5855,1511,2628,33.69
2026-09-09T11:59:54.595,1788935394.5951,1512,-3864,-49.54
2026-09-09T11:59:54.603,1788935394.6038,1513,2312,29.64
2026-09-09T11:59:54.614,1788935394.6148,1514,-3788,-48.56
2026-09-09T11:59:54.624,1788935394.6243,1515,3848,49.33
2026-09-09T11:59:54.632,1788935394.6327,1516,-3532,-45.28
2026-09-09T11:59:54.642,1788935394.6423,1517,3936,50.46
2026-09-09T11:59:54.658,1788935394.6584,1518,-3180,-40.77
2026-09-09T11:59:54.658,1788935394.6584,1519,3916,50.21
2026-09-09T11:59:54.674,1788935394.6746,1520,-2796,-35.85
2026-09-09T11:59:54.674,1788935394.6746,1521,3848,49.33
2026-09-09T11:59:54.691,1788935394.6915,1522,-2436,-31.23
2026-09-09T11:59:54.706,1788935394.7064,1523,3688,47.28
2026-09-09T11:59:54.711,1788935394.7112,1524,-3816,-48.92
2026-09-09T11:59:54.722,1788935394.7229,1525,3452,44.26
2026-09-09T11:59:54.737,1788935394.7375,1526,-3908,-50.1
2026-09-09T11:59:54.737,1788935394.7375,1527,3152,40.41
2026-09-09T11:59:54.753,1788935394.7534,1528,-3944,-50.56
2026-09-09T11:59:54.762,1788935394.7624,1529,2848,36.51
2026-09-09T11:59:54.773,1788935394.7735,1530,-3920,-50.26
2026-09-09T11:59:54.785,1788935394.7851,1531,2544,32.62
2026-09-09T11:59:54.791,1788935394.7916,1532,-3816,-48.92
2026-09-09T11:59:54.801,1788935394.8010,1533,2240,28.72
2026-09-09T11:59:54.818,1788935394.8180,1534,-3640,-46.67
2026-09-09T11:59:54.832,1788935394.8328,1535,3812,48.87
2026-09-09T11:59:54.832,1788935394.8328,1536,-3412,-43.74
2026-09-09T11:59:54.832,1788935394.8328,1537,3960,50.77
2026-09-09T11:59:54.848,1788935394.8487,1538,-3112,-39.9
2026-09-09T11:59:54.864,1788935394.8643,1539,3936,50.46
2026-09-09T11:59:54.872,1788935394.8724,1540,-2728,-34.97
2026-09-09T11:59:54.880,1788935394.8802,1541,3836,49.18
2026-09-09T11:59:54.891,1788935394.8918,1542,-2356,-30.21
2026-09-09T11:59:54.913,1788935394.9139,1543,3648,46.77
2026-09-09T11:59:54.919,1788935394.9190,1544,-3872,-49.64
2026-09-09T11:59:54.920,1788935394.9201,1545,3392,43.49
2026-09-09T11:59:54.927,1788935394.9280,1546,-3940,-50.51
2026-09-09T11:59:54.944,1788935394.9440,1547,3100,39.74
2026-09-09T11:59:54.959,1788935394.9598,1548,-3960,-50.77
2026-09-09T11:59:54.961,1788935394.9618,1549,2780,35.64
2026-09-09T11:59:54.975,1788935394.9754,1550,-3900,-50.0
2026-09-09T11:59:54.982,1788935394.9824,1551,2464,31.59
2026-09-09T11:59:54.991,1788935394.9918,1552,-3768,-48.31
2026-09-09T11:59:55.006,1788935395.0069,1553,2156,27.64
2026-09-09T11:59:55.006,1788935395.0069,1554,-3532,-45.28
2026-09-09T11:59:55.022,1788935395.0227,1555,3832,49.13
2026-09-09T11:59:55.038,1788935395.0387,1556,-3280,-42.05
2026-09-09T11:59:55.038,1788935395.0387,1557,3948,50.62
2026-09-09T11:59:55.054,1788935395.0545,1558,-3048,-39.08
2026-09-09T11:59:55.054,1788935395.0545,1559,4000,51.28
2026-09-09T11:59:55.070,1788935395.0704,1560,-2700,-34.62
2026-09-09T11:59:55.086,1788935395.0862,1561,3936,50.46
2026-09-09T11:59:55.092,1788935395.0923,1562,-2332,-29.9
2026-09-09T11:59:55.102,1788935395.1023,1563,3768,48.31
2026-09-09T11:59:55.111,1788935395.1120,1564,-3964,-50.82
2026-09-09T11:59:55.118,1788935395.1182,1565,3516,45.08
2026-09-09T11:59:55.134,1788935395.1342,1566,-4076,-52.26
2026-09-09T11:59:55.134,1788935395.1342,1567,3220,41.28
2026-09-09T11:59:55.149,1788935395.1499,1568,-4080,-52.31
2026-09-09T11:59:55.165,1788935395.1658,1569,2880,36.92
2026-09-09T11:59:55.175,1788935395.1751,1570,-4064,-52.1
2026-09-09T11:59:55.190,1788935395.1904,1571,2564,32.87
2026-09-09T11:59:55.198,1788935395.1988,1572,-3940,-50.51
2026-09-09T11:59:55.208,1788935395.2088,1573,2232,28.62
2026-09-09T11:59:55.220,1788935395.2207,1574,-3712,-47.59
2026-09-09T11:59:55.231,1788935395.2316,1575,4004,51.33
2026-09-09T11:59:55.243,1788935395.2436,1576,-3384,-43.38
2026-09-09T11:59:55.243,1788935395.2436,1577,4060,52.05
2026-09-09T11:59:55.243,1788935395.2436,1578,-3020,-38.72
2026-09-09T11:59:55.259,1788935395.2597,1579,4036,51.74
2026-09-09T11:59:55.278,1788935395.2783,1580,-2656,-34.05
2026-09-09T11:59:55.281,1788935395.2814,1581,3932,50.41
2026-09-09T11:59:55.292,1788935395.2922,1582,-2308,-29.59
2026-09-09T11:59:55.292,1788935395.2922,1583,3716,47.64
2026-09-09T11:59:55.307,1788935395.3074,1584,-4048,-51.9
2026-09-09T11:59:55.323,1788935395.3234,1585,3432,44.0
2026-09-09T11:59:55.323,1788935395.3234,1586,-4092,-52.46
2026-09-09T11:59:55.339,1788935395.3394,1587,3136,40.21
2026-09-09T11:59:55.355,1788935395.3556,1588,-4076,-52.26
2026-09-09T11:59:55.371,1788935395.3713,1589,2828,36.26
2026-09-09T11:59:55.371,1788935395.3713,1590,-3992,-51.18
2026-09-09T11:59:55.371,1788935395.3713,1591,2480,31.79
2026-09-09T11:59:55.392,1788935395.3922,1592,-3824,-49.03
2026-09-09T11:59:55.402,1788935395.4030,1593,2132,27.33
2026-09-09T11:59:55.402,1788935395.4030,1594,-3580,-45.9
2026-09-09T11:59:55.419,1788935395.4191,1595,3908,50.1
2026-09-09T11:59:55.419,1788935395.4191,1596,-3256,-41.74
2026-09-09T11:59:55.434,1788935395.4350,1597,3936,50.46
2026-09-09T11:59:55.452,1788935395.4526,1598,-2944,-37.74
2026-09-09T11:59:55.466,1788935395.4668,1599,3872,49.64
2026-09-09T11:59:55.466,1788935395.4668,1600,-2596,-33.28
2026-09-09T11:59:55.492,1788935395.4922,1601,3740,47.95
2026-09-09T11:59:55.498,1788935395.4988,1602,-2260,-28.97
2026-09-09T11:59:55.498,1788935395.4988,1603,3540,45.38
2026-09-09T11:59:55.514,1788935395.5147,1604,-4060,-52.05
2026-09-09T11:59:55.514,1788935395.5147,1605,3232,41.44
2026-09-09T11:59:55.530,1788935395.5310,1606,-4100,-52.56
2026-09-09T11:59:55.530,1788935395.5310,1607,2928,37.54
2026-09-09T11:59:55.554,1788935395.5542,1608,-4072,-52.21
2026-09-09T11:59:55.566,1788935395.5661,1609,2584,33.13
2026-09-09T11:59:55.578,1788935395.5788,1610,-3996,-51.23
2026-09-09T11:59:55.578,1788935395.5788,1611,2284,29.28
2026-09-09T11:59:55.594,1788935395.5945,1612,-3808,-48.82
2026-09-09T11:59:55.602,1788935395.6025,1613,1968,25.23
2026-09-09T11:59:55.610,1788935395.6106,1614,-3524,-45.18
2026-09-09T11:59:55.626,1788935395.6264,1615,3844,49.28
2026-09-09T11:59:55.636,1788935395.6366,1616,-3220,-41.28
2026-09-09T11:59:55.642,1788935395.6426,1617,3840,49.23
2026-09-09T11:59:55.642,1788935395.6426,1618,-2884,-36.97
2026-09-09T11:59:55.658,1788935395.6584,1619,3792,48.62
2026-09-09T11:59:55.658,1788935395.6584,1620,-2536,-32.51
2026-09-09T11:59:55.681,1788935395.6820,1621,3660,46.92
2026-09-09T11:59:55.692,1788935395.6927,1622,-2192,-28.1
2026-09-09T11:59:55.692,1788935395.6927,1623,3440,44.1
2026-09-09T11:59:55.712,1788935395.7123,1624,-4068,-52.15
2026-09-09T11:59:55.723,1788935395.7233,1625,3180,40.77
2026-09-09T11:59:55.723,1788935395.7233,1626,-4100,-52.56
2026-09-09T11:59:55.737,1788935395.7374,1627,2844,36.46
2026-09-09T11:59:55.753,1788935395.7533,1628,-4048,-51.9
2026-09-09T11:59:55.753,1788935395.7533,1629,2532,32.46
2026-09-09T11:59:55.769,1788935395.7690,1630,-3936,-50.46
2026-09-09T11:59:55.784,1788935395.7847,1631,2236,28.67
2026-09-09T11:59:55.792,1788935395.7929,1632,-3752,-48.1
2026-09-09T11:59:55.800,1788935395.8005,1633,1920,24.62
2026-09-09T11:59:55.816,1788935395.8162,1634,-3464,-44.41
2026-09-09T11:59:55.816,1788935395.8162,1635,3872,49.64
2026-09-09T11:59:55.832,1788935395.8321,1636,-3132,-40.15
2026-09-09T11:59:55.847,1788935395.8480,1637,3880,49.74
2026-09-09T11:59:55.847,1788935395.8480,1638,-2780,-35.64
2026-09-09T11:59:55.869,1788935395.8699,1639,3820,48.97
2026-09-09T11:59:55.869,1788935395.8699,1640,-2428,-31.13
2026-09-09T11:59:55.880,1788935395.8800,1641,3688,47.28
2026-09-09T11:59:55.895,1788935395.8959,1642,-2084,-26.72
2026-09-09T11:59:55.895,1788935395.8959,1643,3432,44.0
2026-09-09T11:59:55.911,1788935395.9120,1644,-4052,-51.95
2026-09-09T11:59:55.922,1788935395.9227,1645,3152,40.41
2026-09-09T11:59:55.931,1788935395.9317,1646,-4080,-52.31
2026-09-09T11:59:55.947,1788935395.9476,1647,2860,36.67
2026-09-09T11:59:55.947,1788935395.9476,1648,-3992,-51.18
2026-09-09T11:59:55.959,1788935395.9593,1649,2536,32.51
2026-09-09T11:59:55.975,1788935395.9758,1650,-3864,-49.54
2026-09-09T11:59:55.975,1788935395.9758,1651,2236,28.67
2026-09-09T11:59:55.993,1788935395.9933,1652,-3632,-46.56
2026-09-09T11:59:56.002,1788935396.0027,1653,3884,49.79
2026-09-09T11:59:56.007,1788935396.0074,1654,-3316,-42.51
2026-09-09T11:59:56.026,1788935396.0261,1655,3956,50.72
2026-09-09T11:59:56.034,1788935396.0341,1656,-2988,-38.31
2026-09-09T11:59:56.039,1788935396.0390,1657,3936,50.46
2026-09-09T11:59:56.039,1788935396.0390,1658,-2624,-33.64
2026-09-09T11:59:56.055,1788935396.0551,1659,3844,49.28
2026-09-09T11:59:56.074,1788935396.0748,1660,-2292,-29.38
2026-09-09T11:59:56.087,1788935396.0872,1661,3652,46.82
2026-09-09T11:59:56.093,1788935396.0933,1662,-1960,-25.13
2026-09-09T11:59:56.102,1788935396.1029,1663,3416,43.79
2026-09-09T11:59:56.113,1788935396.1136,1664,-4020,-51.54
2026-09-09T11:59:56.123,1788935396.1232,1665,3112,39.9
2026-09-09T11:59:56.134,1788935396.1348,1666,-4040,-51.79
2026-09-09T11:59:56.134,1788935396.1348,1667,2784,35.69
2026-09-09T11:59:56.152,1788935396.1525,1668,-3948,-50.62
2026-09-09T11:59:56.152,1788935396.1525,1669,2468,31.64
2026-09-09T11:59:56.166,1788935396.1663,1670,-3800,-48.72
2026-09-09T11:59:56.182,1788935396.1824,1671,2144,27.49
2026-09-09T11:59:56.193,1788935396.1934,1672,-3584,-45.95
2026-09-09T11:59:56.207,1788935396.2071,1673,3912,50.15
2026-09-09T11:59:56.214,1788935396.2146,1674,-3256,-41.74
2026-09-09T11:59:56.214,1788935396.2146,1675,3932,50.41
2026-09-09T11:59:56.230,1788935396.2305,1676,-2900,-37.18
2026-09-09T11:59:56.250,1788935396.2509,1677,3904,50.05
2026-09-09T11:59:56.262,1788935396.2622,1678,-2556,-32.77
2026-09-09T11:59:56.262,1788935396.2622,1679,3776,48.41
2026-09-09T11:59:56.262,1788935396.2622,1680,-2204,-28.26
2026-09-09T11:59:56.286,1788935396.2860,1681,3572,45.79
2026-09-09T11:59:56.293,1788935396.2937,1682,-1892,-24.26
2026-09-09T11:59:56.293,1788935396.2937,1683,3316,42.51
2026-09-09T11:59:56.311,1788935396.3115,1684,-4016,-51.49
2026-09-09T11:59:56.323,1788935396.3236,1685,2980,38.21
2026-09-09T11:59:56.341,1788935396.3412,1686,-4004,-51.33
2026-09-09T11:59:56.341,1788935396.3412,1687,2656,34.05
2026-09-09T11:59:56.357,1788935396.3570,1688,-3916,-50.21
2026-09-09T11:59:56.357,1788935396.3570,1689,2352,30.15
2026-09-09T11:59:56.373,1788935396.3732,1690,-3712,-47.59
2026-09-09T11:59:56.373,1788935396.3732,1691,2044,26.21
2026-09-09T11:59:56.394,1788935396.3944,1692,-3464,-44.41
2026-09-09T11:59:56.404,1788935396.4049,1693,3884,49.79
2026-09-09T11:59:56.404,1788935396.4049,1694,-3156,-40.46
2026-09-09T11:59:56.424,1788935396.4248,1695,3896,49.95
2026-09-09T11:59:56.432,1788935396.4325,1696,-2804,-35.95
2026-09-09T11:59:56.442,1788935396.4425,1697,3856,49.44
2026-09-09T11:59:56.458,1788935396.4586,1698,-2468,-31.64
2026-09-09T11:59:56.468,1788935396.4686,1699,3728,47.79
2026-09-09T11:59:56.468,1788935396.4686,1700,-2116,-27.13
2026-09-09T11:59:56.488,1788935396.4883,1701,3508,44.97
2026-09-09T11:59:56.494,1788935396.4945,1702,-1820,-23.33
2026-09-09T11:59:56.507,1788935396.5072,1703,3232,41.44
2026-09-09T11:59:56.515,1788935396.5159,1704,-4024,-51.59
2026-09-09T11:59:56.523,1788935396.5240,1705,2908,37.28
2026-09-09T11:59:56.532,1788935396.5320,1706,-3988,-51.13
2026-09-09T11:59:56.532,1788935396.5320,1707,2592,33.23
2026-09-09T11:59:56.547,1788935396.5478,1708,-3880,-49.74
2026-09-09T11:59:56.564,1788935396.5641,1709,2292,29.38
2026-09-09T11:59:56.565,1788935396.5659,1710,-3696,-47.38
2026-09-09T11:59:56.579,1788935396.5799,1711,1984,25.44
2026-09-09T11:59:56.595,1788935396.5959,1712,-3408,-43.69
2026-09-09T11:59:56.601,1788935396.6019,1713,3888,49.85
2026-09-09T11:59:56.611,1788935396.6117,1714,-3088,-39.59
2026-09-09T11:59:56.632,1788935396.6326,1715,3908,50.1
2026-09-09T11:59:56.632,1788935396.6326,1716,-2728,-34.97
2026-09-09T11:59:56.643,1788935396.6438,1717,3840,49.23
2026-09-09T11:59:56.655,1788935396.6560,1718,-2400,-30.77
2026-09-09T11:59:56.658,1788935396.6588,1719,3668,47.03
2026-09-09T11:59:56.674,1788935396.6748,1720,-2072,-26.56
2026-09-09T11:59:56.674,1788935396.6748,1721,3464,44.41
2026-09-09T11:59:56.693,1788935396.6930,1722,-1736,-22.26
2026-09-09T11:59:56.711,1788935396.7118,1723,3132,40.15
2026-09-09T11:59:56.711,1788935396.7118,1724,-4020,-51.54
2026-09-09T11:59:56.725,1788935396.7259,1725,2820,36.15
2026-09-09T11:59:56.725,1788935396.7259,1726,-3972,-50.92
2026-09-09T11:59:56.737,1788935396.7379,1727,2520,32.31
2026-09-09T11:59:56.761,1788935396.7612,1728,-3836,-49.18
2026-09-09T11:59:56.761,1788935396.7612,1729,2196,28.15
2026-09-09T11:59:56.775,1788935396.7758,1730,-3616,-46.36
2026-09-09T11:59:56.785,1788935396.7853,1731,1904,24.41
2026-09-09T11:59:56.794,1788935396.7944,1732,-3328,-42.67
2026-09-09T11:59:56.801,1788935396.8015,1733,3924,50.31
2026-09-09T11:59:56.801,1788935396.8015,1734,-3000,-38.46
2026-09-09T11:59:56.823,1788935396.8235,1735,3900,50.0
2026-09-09T11:59:56.837,1788935396.8376,1736,-2636,-33.79
2026-09-09T11:59:56.837,1788935396.8376,1737,3800,48.72
2026-09-09T11:59:56.851,1788935396.8512,1738,-2328,-29.85
2026-09-09T11:59:56.864,1788935396.8650,1739,3660,46.92
2026-09-09T11:59:56.864,1788935396.8650,1740,-1968,-25.23
2026-09-09T11:59:56.880,1788935396.8808,1741,3392,43.49
2026-09-09T11:59:56.896,1788935396.8965,1742,-1680,-21.54
2026-09-09T11:59:56.902,1788935396.9025,1743,3088,39.59
2026-09-09T11:59:56.912,1788935396.9125,1744,-4036,-51.74
2026-09-09T11:59:56.928,1788935396.9285,1745,2760,35.38
2026-09-09T11:59:56.928,1788935396.9285,1746,-3952,-50.67
2026-09-09T11:59:56.928,1788935396.9285,1747,2440,31.28
2026-09-09T11:59:56.944,1788935396.9445,1748,-3812,-48.87
2026-09-09T11:59:56.965,1788935396.9653,1749,2124,27.23
2026-09-09T11:59:56.976,1788935396.9764,1750,-3580,-45.9
2026-09-09T11:59:56.982,1788935396.9824,1751,1852,23.74
2026-09-09T11:59:56.994,1788935396.9949,1752,-3264,-41.85
2026-09-09T11:59:57.008,1788935397.0089,1753,3908,50.1
2026-09-09T11:59:57.008,1788935397.0089,1754,-2900,-37.18
2026-09-09T11:59:57.024,1788935397.0247,1755,3864,49.54
2026-09-09T11:59:57.024,1788935397.0247,1756,-2576,-33.03
2026-09-09T11:59:57.040,1788935397.0404,1757,3756,48.15
2026-09-09T11:59:57.040,1788935397.0404,1758,-2236,-28.67
2026-09-09T11:59:57.059,1788935397.0591,1759,3588,46.0
2026-09-09T11:59:57.071,1788935397.0712,1760,-1904,-24.41
2026-09-09T11:59:57.087,1788935397.0871,1761,3316,42.51
2026-09-09T11:59:57.095,1788935397.0950,1762,-1588,-20.36
2026-09-09T11:59:57.103,1788935397.1030,1763,3012,38.62
2026-09-09T11:59:57.117,1788935397.1176,1764,-4004,-51.33
2026-09-09T11:59:57.120,1788935397.1202,1765,2696,34.56
2026-09-09T11:59:57.135,1788935397.1351,1766,-3936,-50.46
2026-09-09T11:59:57.135,1788935397.1351,1767,2368,30.36
2026-09-09T11:59:57.150,1788935397.1510,1768,-3756,-48.15
2026-09-09T11:59:57.166,1788935397.1667,1769,2068,26.51
2026-09-09T11:59:57.166,1788935397.1667,1770,-3500,-44.87
2026-09-09T11:59:57.183,1788935397.1839,1771,1772,22.72
2026-09-09T11:59:57.183,1788935397.1839,1772,-3188,-40.87
2026-09-09T11:59:57.216,1788935397.2160,1773,3892,49.9
2026-09-09T11:59:57.221,1788935397.2219,1774,-2832,-36.31
2026-09-09T11:59:57.224,1788935397.2246,1775,3848,49.33
2026-09-09T11:59:57.230,1788935397.2303,1776,-2492,-31.95
2026-09-09T11:59:57.246,1788935397.2461,1777,3724,47.74
2026-09-09T11:59:57.246,1788935397.2461,1778,-2156,-27.64
2026-09-09T11:59:57.261,1788935397.2617,1779,3548,45.49
2026-09-09T11:59:57.277,1788935397.2775,1780,-1832,-23.49
2026-09-09T11:59:57.277,1788935397.2775,1781,3244,41.59
2026-09-09T11:59:57.295,1788935397.2957,1782,-1520,-19.49
2026-09-09T11:59:57.295,1788935397.2957,1783,2940,37.69
2026-09-09T11:59:57.309,1788935397.3098,1784,-3988,-51.13
2026-09-09T11:59:57.309,1788935397.3098,1785,2612,33.49
2026-09-09T11:59:57.341,1788935397.3418,1786,-3884,-49.79
2026-09-09T11:59:57.341,1788935397.3418,1787,2324,29.79
2026-09-09T11:59:57.357,1788935397.3578,1788,-3708,-47.54
2026-09-09T11:59:57.361,1788935397.3615,1789,1992,25.54
2026-09-09T11:59:57.373,1788935397.3739,1790,-3428,-43.95
2026-09-09T11:59:57.386,1788935397.3865,1791,1704,21.85
2026-09-09T11:59:57.392,1788935397.3920,1792,-3096,-39.69
2026-09-09T11:59:57.405,1788935397.4054,1793,3896,49.95
2026-09-09T11:59:57.405,1788935397.4054,1794,-2760,-35.38
2026-09-09T11:59:57.421,1788935397.4217,1795,3824,49.03
2026-09-09T11:59:57.421,1788935397.4217,1796,-2440,-31.28
2026-09-09T11:59:57.437,1788935397.4378,1797,3684,47.23
2026-09-09T11:59:57.453,1788935397.4537,1798,-2104,-26.97
2026-09-09T11:59:57.464,1788935397.4644,1799,3456,44.31
2026-09-09T11:59:57.469,1788935397.4698,1800,-1780,-22.82
2026-09-09T11:59:57.485,1788935397.4855,1801,3196,40.97
2026-09-09T11:59:57.491,1788935397.4917,1802,-1456,-18.67
2026-09-09T11:59:57.505,1788935397.5060,1803,2888,37.03
2026-09-09T11:59:57.505,1788935397.5060,1804,-3988,-51.13
2026-09-09T11:59:57.518,1788935397.5189,1805,2548,32.67
2026-09-09T11:59:57.534,1788935397.5347,1806,-3844,-49.28
2026-09-09T11:59:57.545,1788935397.5453,1807,2248,28.82
2026-09-09T11:59:57.549,1788935397.5497,1808,-3644,-46.72
2026-09-09T11:59:57.560,1788935397.5605,1809,1928,24.72
2026-09-09T11:59:57.583,1788935397.5832,1810,-3364,-43.13
2026-09-09T11:59:57.583,1788935397.5832,1811,1624,20.82
2026-09-09T11:59:57.595,1788935397.5957,1812,-3044,-39.03
2026-09-09T11:59:57.597,1788935397.5975,1813,3880,49.74
2026-09-09T11:59:57.617,1788935397.6180,1814,-2672,-34.26
2026-09-09T11:59:57.628,1788935397.6290,1815,3792,48.62
2026-09-09T11:59:57.628,1788935397.6290,1816,-2368,-30.36
2026-09-09T11:59:57.648,1788935397.6487,1817,3628,46.51
2026-09-09T11:59:57.653,1788935397.6539,1818,-2016,-25.85
2026-09-09T11:59:57.662,1788935397.6622,1819,3420,43.85
2026-09-09T11:59:57.675,1788935397.6759,1820,-1720,-22.05
2026-09-09T11:59:57.675,1788935397.6759,1821,3128,40.1
2026-09-09T11:59:57.692,1788935397.6922,1822,-4008,-51.38
2026-09-09T11:59:57.708,1788935397.7084,1823,2788,35.74
2026-09-09T11:59:57.708,1788935397.7084,1824,-3976,-50.97
2026-09-09T11:59:57.725,1788935397.7259,1825,2480,31.79
2026-09-09T11:59:57.732,1788935397.7325,1826,-3824,-49.03
2026-09-09T11:59:57.741,1788935397.7417,1827,2188,28.05
2026-09-09T11:59:57.755,1788935397.7557,1828,-3612,-46.31
2026-09-09T11:59:57.755,1788935397.7557,1829,1876,24.05
2026-09-09T11:59:57.771,1788935397.7719,1830,-3300,-42.31
2026-09-09T11:59:57.783,1788935397.7835,1831,1560,20.0
2026-09-09T11:59:57.795,1788935397.7959,1832,-2948,-37.79
2026-09-09T11:59:57.803,1788935397.8037,1833,3852,49.38
2026-09-09T11:59:57.803,1788935397.8037,1834,-2628,-33.69
2026-09-09T11:59:57.819,1788935397.8194,1835,3780,48.46
2026-09-09T11:59:57.835,1788935397.8352,1836,-2268,-29.08
2026-09-09T11:59:57.835,1788935397.8352,1837,3604,46.21
2026-09-09T11:59:57.851,1788935397.8513,1838,-1944,-24.92
2026-09-09T11:59:57.867,1788935397.8675,1839,3360,43.08
2026-09-09T11:59:57.884,1788935397.8849,1840,-1628,-20.87
2026-09-09T11:59:57.884,1788935397.8849,1841,3048,39.08
2026-09-09T11:59:57.895,1788935397.8958,1842,-4016,-51.49
2026-09-09T11:59:57.899,1788935397.8991,1843,2732,35.03
2026-09-09T11:59:57.915,1788935397.9151,1844,-3948,-50.62
2026-09-09T11:59:57.915,1788935397.9151,1845,2408,30.87
2026-09-09T11:59:57.930,1788935397.9310,1846,-3780,-48.46
2026-09-09T11:59:57.930,1788935397.9310,1847,2104,26.97
2026-09-09T11:59:57.946,1788935397.9469,1848,-3536,-45.33
2026-09-09T11:59:57.962,1788935397.9630,1849,1788,22.92
2026-09-09T11:59:57.962,1788935397.9630,1850,-3248,-41.64
2026-09-09T11:59:57.983,1788935397.9836,1851,1488,19.08
2026-09-09T11:59:57.995,1788935397.9959,1852,-2876,-36.87
2026-09-09T11:59:58.016,1788935398.0164,1853,3856,49.44
2026-09-09T11:59:58.019,1788935398.0196,1854,-2508,-32.15
2026-09-09T11:59:58.022,1788935398.0223,1855,3752,48.1
2026-09-09T11:59:58.032,1788935398.0323,1856,-2208,-28.31
2026-09-09T11:59:58.042,1788935398.0422,1857,3560,45.64
2026-09-09T11:59:58.042,1788935398.0422,1858,-1876,-24.05
2026-09-09T11:59:58.058,1788935398.0582,1859,3288,42.15
2026-09-09T11:59:58.073,1788935398.0738,1860,-1564,-20.05
2026-09-09T11:59:58.089,1788935398.0895,1861,2968,38.05
2026-09-09T11:59:58.096,1788935398.0961,1862,-4008,-51.38
2026-09-09T11:59:58.105,1788935398.1053,1863,2648,33.95
2026-09-09T11:59:58.105,1788935398.1053,1864,-3920,-50.26
2026-09-09T11:59:58.121,1788935398.1214,1865,2352,30.15
2026-09-09T11:59:58.137,1788935398.1371,1866,-3740,-47.95
2026-09-09T11:59:58.137,1788935398.1371,1867,2044,26.21
2026-09-09T11:59:58.153,1788935398.1531,1868,-3464,-44.41
2026-09-09T11:59:58.153,1788935398.1531,1869,1708,21.9
2026-09-09T11:59:58.168,1788935398.1689,1870,-3132,-40.15
2026-09-09T11:59:58.168,1788935398.1689,1871,1428,18.31
2026-09-09T11:59:58.184,1788935398.1846,1872,-2804,-35.95
2026-09-09T11:59:58.216,1788935398.2165,1873,3832,49.13
2026-09-09T11:59:58.216,1788935398.2165,1874,-2472,-31.69
2026-09-09T11:59:58.216,1788935398.2165,1875,3700,47.44
2026-09-09T11:59:58.232,1788935398.2327,1876,-2136,-27.38
2026-09-09T11:59:58.248,1788935398.2485,1877,3476,44.56
2026-09-09T11:59:58.248,1788935398.2485,1878,-1788,-22.92
2026-09-09T11:59:58.264,1788935398.2643,1879,3208,41.13
2026-09-09T11:59:58.271,1788935398.2717,1880,-1496,-19.18
2026-09-09T11:59:58.279,1788935398.2800,1881,2864,36.72
2026-09-09T11:59:58.295,1788935398.2960,1882,-4004,-51.33
2026-09-09T11:59:58.295,1788935398.2960,1883,2548,32.67
2026-09-09T11:59:58.312,1788935398.3121,1884,-3892,-49.9
2026-09-09T11:59:58.312,1788935398.3121,1885,2252,28.87
2026-09-09T11:59:58.339,1788935398.3398,1886,-3716,-47.64
2026-09-09T11:59:58.345,1788935398.3458,1887,1924,24.67
2026-09-09T11:59:58.345,1788935398.3458,1888,-3432,-44.0
2026-09-09T11:59:58.359,1788935398.3597,1889,1640,21.03
2026-09-09T11:59:58.375,1788935398.3758,1890,-3084,-39.54
2026-09-09T11:59:58.375,1788935398.3758,1891,1352,17.33
2026-09-09T11:59:58.394,1788935398.3944,1892,-2732,-35.03
2026-09-09T11:59:58.396,1788935398.3969,1893,3816,48.92
2026-09-09T11:59:58.415,1788935398.4158,1894,-2376,-30.46
2026-09-09T11:59:58.423,1788935398.4236,1895,3668,47.03
2026-09-09T11:59:58.423,1788935398.4236,1896,-2044,-26.21
2026-09-09T11:59:58.439,1788935398.4395,1897,3436,44.05
2026-09-09T11:59:58.462,1788935398.4627,1898,-1728,-22.15
2026-09-09T11:59:58.462,1788935398.4627,1899,3136,40.21
2026-09-09T11:59:58.471,1788935398.4720,1900,-1408,-18.05
2026-09-09T11:59:58.471,1788935398.4720,1901,2824,36.21
2026-09-09T11:59:58.503,1788935398.5039,1902,-3960,-50.77
2026-09-09T11:59:58.503,1788935398.5039,1903,2528,32.41
2026-09-09T11:59:58.503,1788935398.5039,1904,-3816,-48.92
2026-09-09T11:59:58.519,1788935398.5199,1905,2196,28.15
2026-09-09T11:59:58.535,1788935398.5359,1906,-3592,-46.05
2026-09-09T11:59:58.535,1788935398.5359,1907,1904,24.41
2026-09-09T11:59:58.551,1788935398.5518,1908,-3312,-42.46
2026-09-09T11:59:58.559,1788935398.5597,1909,1600,20.51
2026-09-09T11:59:58.583,1788935398.5836,1910,-2968,-38.05
2026-09-09T11:59:58.583,1788935398.5836,1911,1272,16.31
2026-09-09T11:59:58.583,1788935398.5836,1912,-2628,-33.69
2026-09-09T11:59:58.599,1788935398.5998,1913,3796,48.67
2026-09-09T11:59:58.615,1788935398.6155,1914,-2300,-29.49
2026-09-09T11:59:58.615,1788935398.6155,1915,3604,46.21
2026-09-09T11:59:58.631,1788935398.6314,1916,-1960,-25.13
2026-09-09T11:59:58.631,1788935398.6314,1917,3360,43.08
2026-09-09T11:59:58.647,1788935398.6471,1918,-1652,-21.18
2026-09-09T11:59:58.663,1788935398.6632,1919,3064,39.28
2026-09-09T11:59:58.663,1788935398.6632,1920,-1332,-17.08
2026-09-09T11:59:58.678,1788935398.6789,1921,2748,35.23
2026-09-09T11:59:58.678,1788935398.6789,1922,-3952,-50.67
2026-09-09T11:59:58.710,1788935398.7102,1923,2436,31.23
2026-09-09T11:59:58.712,1788935398.7123,1924,-3796,-48.67
2026-09-09T11:59:58.726,1788935398.7261,1925,2096,26.87
2026-09-09T11:59:58.737,1788935398.7377,1926,-3528,-45.23
2026-09-09T11:59:58.741,1788935398.7418,1927,1796,23.03
2026-09-09T11:59:58.741,1788935398.7418,1928,-3244,-41.59
2026-09-09T11:59:58.757,1788935398.7580,1929,1512,19.38
2026-09-09T11:59:58.774,1788935398.7741,1930,-2888,-37.03
2026-09-09T11:59:58.781,1788935398.7816,1931,1192,15.28
2026-09-09T11:59:58.789,1788935398.7898,1932,-2524,-32.36
2026-09-09T11:59:58.797,1788935398.7974,1933,3748,48.05
2026-09-09T11:59:58.814,1788935398.8143,1934,-2212,-28.36
2026-09-09T11:59:58.821,1788935398.8216,1935,3564,45.69
2026-09-09T11:59:58.840,1788935398.8403,1936,-1888,-24.21
2026-09-09T11:59:58.840,1788935398.8403,1937,3288,42.15
2026-09-09T11:59:58.853,1788935398.8534,1938,-1576,-20.21
2026-09-09T11:59:58.869,1788935398.8694,1939,2976,38.15
2026-09-09T11:59:58.869,1788935398.8694,1940,-1252,-16.05
2026-09-09T11:59:58.885,1788935398.8851,1941,2664,34.15
2026-09-09T11:59:58.897,1788935398.8976,1942,-3900,-50.0
2026-09-09T11:59:58.901,1788935398.9013,1943,2336,29.95
2026-09-09T11:59:58.921,1788935398.9211,1944,-3744,-48.0
2026-09-09T11:59:58.925,1788935398.9251,1945,2020,25.9
2026-09-09T11:59:58.933,1788935398.9339,1946,-3476,-44.56
2026-09-09T11:59:58.944,1788935398.9442,1947,1724,22.1
2026-09-09T11:59:58.962,1788935398.9623,1948,-3152,-40.41
2026-09-09T11:59:58.962,1788935398.9623,1949,1440,18.46
2026-09-09T11:59:58.962,1788935398.9623,1950,-2808,-36.0
2026-09-09T11:59:58.982,1788935398.9823,1951,1136,14.56
2026-09-09T11:59:58.997,1788935398.9976,1952,-2452,-31.44
2026-09-09T11:59:59.006,1788935399.0061,1953,3708,47.54
2026-09-09T11:59:59.010,1788935399.0101,1954,-2128,-27.28
2026-09-09T11:59:59.025,1788935399.0259,1955,3488,44.72
2026-09-09T11:59:59.025,1788935399.0259,1956,-1796,-23.03
2026-09-09T11:59:59.041,1788935399.0419,1957,3216,41.23
2026-09-09T11:59:59.041,1788935399.0419,1958,-1484,-19.03
2026-09-09T11:59:59.057,1788935399.0578,1959,2896,37.13
2026-09-09T11:59:59.073,1788935399.0737,1960,-1168,-14.97
2026-09-09T11:59:59.089,1788935399.0895,1961,2600,33.33
2026-09-09T11:59:59.097,1788935399.0976,1962,-3876,-49.69
2026-09-09T11:59:59.105,1788935399.1056,1963,2260,28.97
2026-09-09T11:59:59.105,1788935399.1056,1964,-3680,-47.18
2026-09-09T11:59:59.131,1788935399.1318,1965,1976,25.33
2026-09-09T11:59:59.137,1788935399.1373,1966,-3408,-43.69
2026-09-09T11:59:59.141,1788935399.1413,1967,1644,21.08
2026-09-09T11:59:59.155,1788935399.1558,1968,-3080,-39.49
2026-09-09T11:59:59.161,1788935399.1619,1969,1340,17.18
2026-09-09T11:59:59.169,1788935399.1693,1970,-2732,-35.03
2026-09-09T11:59:59.184,1788935399.1842,1971,3796,48.67
2026-09-09T11:59:59.193,1788935399.1933,1972,-2388,-30.62
2026-09-09T11:59:59.203,1788935399.2031,1973,3640,46.67
2026-09-09T11:59:59.217,1788935399.2170,1974,-2060,-26.41
2026-09-09T11:59:59.221,1788935399.2220,1975,3432,44.0
2026-09-09T11:59:59.233,1788935399.2331,1976,-1708,-21.9
2026-09-09T11:59:59.233,1788935399.2331,1977,3136,40.21
2026-09-09T11:59:59.264,1788935399.2646,1978,-1428,-18.31
2026-09-09T11:59:59.264,1788935399.2646,1979,2824,36.21
2026-09-09T11:59:59.264,1788935399.2646,1980,-1100,-14.1
2026-09-09T11:59:59.280,1788935399.2803,1981,2476,31.74
2026-09-09T11:59:59.298,1788935399.2980,1982,-3840,-49.23
2026-09-09T11:59:59.298,1788935399.2980,1983,2188,28.05
2026-09-09T11:59:59.312,1788935399.3124,1984,-3608,-46.26
2026-09-09T11:59:59.312,1788935399.3124,1985,1880,24.1
2026-09-09T11:59:59.339,1788935399.3399,1986,-3328,-42.67
2026-09-09T11:59:59.344,1788935399.3442,1987,1588,20.36
2026-09-09T11:59:59.344,1788935399.3442,1988,-2976,-38.15
2026-09-09T11:59:59.360,1788935399.3605,1989,1268,16.26
2026-09-09T11:59:59.376,1788935399.3764,1990,-2648,-33.95
2026-09-09T11:59:59.376,1788935399.3764,1991,3768,48.31
2026-09-09T11:59:59.394,1788935399.3949,1992,-2300,-29.49
2026-09-09T11:59:59.398,1788935399.3983,1993,3588,46.0
2026-09-09T11:59:59.407,1788935399.4079,1994,-1968,-25.23
2026-09-09T11:59:59.423,1788935399.4238,1995,3332,42.72
2026-09-09T11:59:59.431,1788935399.4318,1996,-1672,-21.44
2026-09-09T11:59:59.439,1788935399.4395,1997,3060,39.23
2026-09-09T11:59:59.439,1788935399.4395,1998,-1344,-17.23
2026-09-09T11:59:59.473,1788935399.4740,1999,2732,35.03
2026-09-09T11:59:59.474,1788935399.4750,2000,-1032,-13.23
2026-09-09T11:59:59.486,1788935399.4867,2001,2412,30.92
2026-09-09T11:59:59.498,1788935399.4981,2002,-3824,-49.03
2026-09-09T11:59:59.502,1788935399.5030,2003,2104,26.97
2026-09-09T11:59:59.512,1788935399.5130,2004,-3576,-45.85
2026-09-09T11:59:59.518,1788935399.5188,2005,1824,23.38
2026-09-09T11:59:59.534,1788935399.5349,2006,-3244,-41.59
2026-09-09T11:59:59.534,1788935399.5349,2007,1536,19.69
2026-09-09T11:59:59.550,1788935399.5506,2008,-2908,-37.28
2026-09-09T11:59:59.559,1788935399.5595,2009,1216,15.59
2026-09-09T11:59:59.568,1788935399.5683,2010,-2548,-32.67
2026-09-09T11:59:59.586,1788935399.5869,2011,3764,48.26
2026-09-09T11:59:59.586,1788935399.5869,2012,-2220,-28.46
2026-09-09T11:59:59.603,1788935399.6039,2013,3572,45.79
2026-09-09T11:59:59.614,1788935399.6142,2014,-1884,-24.15
2026-09-09T11:59:59.622,1788935399.6222,2015,3312,42.46
2026-09-09T11:59:59.630,1788935399.6302,2016,-1572,-20.15
2026-09-09T11:59:59.630,1788935399.6302,2017,3004,38.51
2026-09-09T11:59:59.646,1788935399.6463,2018,-1236,-15.85
2026-09-09T11:59:59.662,1788935399.6621,2019,2688,34.46
2026-09-09T11:59:59.678,1788935399.6781,2020,-920,-11.79
2026-09-09T11:59:59.678,1788935399.6781,2021,2380,30.51
2026-09-09T11:59:59.694,1788935399.6943,2022,-3736,-47.9
2026-09-09T11:59:59.710,1788935399.7104,2023,2060,26.41
2026-09-09T11:59:59.710,1788935399.7104,2024,-3476,-44.56
2026-09-09T11:59:59.723,1788935399.7234,2025,1744,22.36
2026-09-09T11:59:59.727,1788935399.7273,2026,-3176,-40.72
2026-09-09T11:59:59.742,1788935399.7422,2027,1444,18.51
2026-09-09T11:59:59.758,1788935399.7581,2028,-2808,-36.0
2026-09-09T11:59:59.758,1788935399.7581,2029,1152,14.77
2026-09-09T11:59:59.774,1788935399.7740,2030,-2468,-31.64
2026-09-09T11:59:59.774,1788935399.7740,2031,3720,47.69
2026-09-09T11:59:59.798,1788935399.7989,2032,-2136,-27.38
2026-09-09T11:59:59.798,1788935399.7989,2033,3504,44.92
2026-09-09T11:59:59.805,1788935399.8056,2034,-1824,-23.38
2026-09-09T11:59:59.821,1788935399.8215,2035,3220,41.28
2026-09-09T11:59:59.837,1788935399.8374,2036,-1508,-19.33
2026-09-09T11:59:59.837,1788935399.8374,2037,2920,37.44
2026-09-09T11:59:59.853,1788935399.8532,2038,-1172,-15.03
2026-09-09T11:59:59.853,1788935399.8532,2039,2604,33.38
2026-09-09T11:59:59.885,1788935399.8851,2040,-820,-10.51
2026-09-09T11:59:59.885,1788935399.8851,2041,2280,29.23
2026-09-09T11:59:59.892,1788935399.8928,2042,-3688,-47.28
2026-09-09T11:59:59.900,1788935399.9010,2043,1968,25.23
2026-09-09T11:59:59.916,1788935399.9166,2044,-3396,-43.54
2026-09-09T11:59:59.922,1788935399.9225,2045,1664,21.33
2026-09-09T11:59:59.932,1788935399.9326,2046,-3080,-39.49
2026-09-09T11:59:59.932,1788935399.9326,2047,1364,17.49
2026-09-09T11:59:59.964,1788935399.9645,2048,-2728,-34.97
2026-09-09T11:59:59.964,1788935399.9645,2049,1052,13.49
2026-09-09T11:59:59.964,1788935399.9645,2050,-2392,-30.67
2026-09-09T11:59:59.980,1788935399.9804,2051,3652,46.82
2026-09-09T11:59:59.996,1788935399.9961,2052,-2052,-26.31
2026-09-09T12:00:00.008,1788935400.0086,2053,3436,44.05
2026-09-09T12:00:00.016,1788935400.0170,2054,-1752,-22.46
2026-09-09T12:00:00.022,1788935400.0222,2055,3128,40.1
2026-09-09T12:00:00.027,1788935400.0274,2056,-1420,-18.21
2026-09-09T12:00:00.043,1788935400.0433,2057,2828,36.26
2026-09-09T12:00:00.043,1788935400.0433,2058,-1096,-14.05
2026-09-09T12:00:00.059,1788935400.0593,2059,2504,32.1
2026-09-09T12:00:00.059,1788935400.0593,2060,-712,-9.13
2026-09-09T12:00:00.090,1788935400.0909,2061,2196,28.15
2026-09-09T12:00:00.099,1788935400.0993,2062,-3616,-46.36
2026-09-09T12:00:00.106,1788935400.1066,2063,1920,24.62
2026-09-09T12:00:00.106,1788935400.1066,2064,-3348,-42.92
2026-09-09T12:00:00.122,1788935400.1227,2065,1588,20.36
2026-09-09T12:00:00.138,1788935400.1386,2066,-2996,-38.41
2026-09-09T12:00:00.142,1788935400.1426,2067,1296,16.62
2026-09-09T12:00:00.154,1788935400.1543,2068,-2632,-33.74
2026-09-09T12:00:00.163,1788935400.1635,2069,960,12.31
2026-09-09T12:00:00.170,1788935400.1701,2070,-2312,-29.64
2026-09-09T12:00:00.188,1788935400.1881,2071,3604,46.21
2026-09-09T12:00:00.192,1788935400.1922,2072,-1972,-25.28
2026-09-09T12:00:00.202,1788935400.2022,2073,3392,43.49
2026-09-09T12:00:00.217,1788935400.2179,2074,-1668,-21.38
2026-09-09T12:00:00.233,1788935400.2337,2075,3072,39.38
2026-09-09T12:00:00.243,1788935400.2430,2076,-1348,-17.28
2026-09-09T12:00:00.243,1788935400.2430,2077,2748,35.23
2026-09-09T12:00:00.255,1788935400.2554,2078,-1012,-12.97
2026-09-09T12:00:00.265,1788935400.2653,2079,2444,31.33
2026-09-09T12:00:00.270,1788935400.2704,2080,-624,-8.0
2026-09-09T12:00:00.280,1788935400.2810,2081,2144,27.49
2026-09-09T12:00:00.296,1788935400.2969,2082,-3552,-45.54
2026-09-09T12:00:00.303,1788935400.3038,2083,1808,23.18
2026-09-09T12:00:00.318,1788935400.3188,2084,-3232,-41.44
2026-09-09T12:00:00.318,1788935400.3188,2085,1524,19.54
2026-09-09T12:00:00.329,1788935400.3290,2086,-2908,-37.28
2026-09-09T12:00:00.337,1788935400.3371,2087,1224,15.69
2026-09-09T12:00:00.360,1788935400.3608,2088,-2556,-32.77
2026-09-09T12:00:00.362,1788935400.3628,2089,876,11.23
2026-09-09T12:00:00.362,1788935400.3628,2090,-2240,-28.72
2026-09-09T12:00:00.382,1788935400.3822,2091,3568,45.74
2026-09-09T12:00:00.397,1788935400.3975,2092,-1896,-24.31
2026-09-09T12:00:00.407,1788935400.4080,2093,3324,42.62
2026-09-09T12:00:00.407,1788935400.4080,2094,-1556,-19.95
2026-09-09T12:00:00.423,1788935400.4237,2095,3000,38.46
2026-09-09T12:00:00.428,1788935400.4286,2096,-1232,-15.79
2026-09-09T12:00:00.445,1788935400.4453,2097,2672,34.26
2026-09-09T12:00:00.455,1788935400.4553,2098,-904,-11.59
2026-09-09T12:00:00.461,1788935400.4620,2099,2356,30.21
2026-09-09T12:00:00.471,1788935400.4712,2100,-3744,-48.0
2026-09-09T12:00:00.487,1788935400.4871,2101,2044,26.21
2026-09-09T12:00:00.487,1788935400.4871,2102,-3496,-44.82
2026-09-09T12:00:00.502,1788935400.5028,2103,1748,22.41
2026-09-09T12:00:00.511,1788935400.5119,2104,-3172,-40.67
2026-09-09T12:00:00.534,1788935400.5345,2105,1432,18.36
2026-09-09T12:00:00.535,1788935400.5352,2106,-2812,-36.05
2026-09-09T12:00:00.535,1788935400.5352,2107,1124,14.41
2026-09-09T12:00:00.553,1788935400.5538,2108,-2484,-31.85
2026-09-09T12:00:00.566,1788935400.5661,2109,784,10.05
2026-09-09T12:00:00.572,1788935400.5728,2110,-2140,-27.44
2026-09-09T12:00:00.584,1788935400.5841,2111,3496,44.82
2026-09-09T12:00:00.594,1788935400.5942,2112,-1800,-23.08
2026-09-09T12:00:00.603,1788935400.6039,2113,3224,41.33
2026-09-09T12:00:00.613,1788935400.6137,2114,-1496,-19.18
2026-09-09T12:00:00.613,1788935400.6137,2115,2920,37.44
2026-09-09T12:00:00.629,1788935400.6298,2116,-1172,-15.03
2026-09-09T12:00:00.649,1788935400.6493,2117,2588,33.18
2026-09-09T12:00:00.661,1788935400.6615,2118,-828,-10.62
2026-09-09T12:00:00.661,1788935400.6615,2119,2296,29.44
2026-09-09T12:00:00.677,1788935400.6772,2120,-3696,-47.38
2026-09-09T12:00:00.686,1788935400.6865,2121,1988,25.49
2026-09-09T12:00:00.695,1788935400.6953,2122,-3408,-43.69
2026-09-09T12:00:00.703,1788935400.7031,2123,1684,21.59
2026-09-09T12:00:00.709,1788935400.7091,2124,-3092,-39.64
2026-09-09T12:00:00.721,1788935400.7213,2125,1396,17.9
2026-09-09T12:00:00.742,1788935400.7426,2126,-2736,-35.08
2026-09-09T12:00:00.742,1788935400.7426,2127,1044,13.38
2026-09-09T12:00:00.756,1788935400.7567,2128,-2392,-30.67
2026-09-09T12:00:00.756,1788935400.7567,2129,696,8.92
2026-09-09T12:00:00.777,1788935400.7779,2130,-2072,-26.56
2026-09-09T12:00:00.791,1788935400.7913,2131,3436,44.05
2026-09-09T12:00:00.796,1788935400.7968,2132,-1760,-22.56
2026-09-09T12:00:00.804,1788935400.8044,2133,3160,40.51
2026-09-09T12:00:00.811,1788935400.8113,2134,-1440,-18.46
2026-09-09T12:00:00.820,1788935400.8204,2135,2848,36.51
2026-09-09T12:00:00.836,1788935400.8364,2136,-1068,-13.69
2026-09-09T12:00:00.843,1788935400.8440,2137,2544,32.62
2026-09-09T12:00:00.854,1788935400.8540,2138,-768,-9.85
2026-09-09T12:00:00.862,1788935400.8621,2139,2220,28.46
2026-09-09T12:00:00.871,1788935400.8719,2140,-3632,-46.56
2026-09-09T12:00:00.883,1788935400.8836,2141,1916,24.56
2026-09-09T12:00:00.894,1788935400.8944,2142,-3332,-42.72
2026-09-09T12:00:00.900,1788935400.9003,2143,1636,20.97
2026-09-09T12:00:00.915,1788935400.9154,2144,-2996,-38.41
2026-09-09T12:00:00.915,1788935400.9154,2145,1324,16.97
2026-09-09T12:00:00.931,1788935400.9314,2146,-2664,-34.15
2026-09-09T12:00:00.947,1788935400.9471,2147,976,12.51
2026-09-09T12:00:00.951,1788935400.9511,2148,-2316,-29.69
2026-09-09T12:00:00.967,1788935400.9679,2149,628,8.05
2026-09-09T12:00:00.967,1788935400.9679,2150,-1984,-25.44
2026-09-09T12:00:00.980,1788935400.9803,2151,3412,43.74
2026-09-09T12:00:01.000,1788935401.0005,2152,-1656,-21.23
2026-09-09T12:00:01.000,1788935401.0005,2153,3104,39.79
2026-09-09T12:00:01.010,1788935401.0109,2154,-1352,-17.33
2026-09-09T12:00:01.026,1788935401.0266,2155,2804,35.95
2026-09-09T12:00:01.026,1788935401.0266,2156,-1008,-12.92
2026-09-09T12:00:01.041,1788935401.0418,2157,2476,31.74
2026-09-09T12:00:01.055,1788935401.0553,2158,-644,-8.26
2026-09-09T12:00:01.057,1788935401.0575,2159,2180,27.95
2026-09-09T12:00:01.073,1788935401.0737,2160,-3568,-45.74
2026-09-09T12:00:01.077,1788935401.0775,2161,1872,24.0
2026-09-09T12:00:01.100,1788935401.1005,2162,-3256,-41.74
2026-09-09T12:00:01.105,1788935401.1051,2163,1544,19.79
2026-09-09T12:00:01.110,1788935401.1108,2164,-2928,-37.54
2026-09-09T12:00:01.121,1788935401.1211,2165,1244,15.95
2026-09-09T12:00:01.136,1788935401.1367,2166,-2592,-33.23
2026-09-09T12:00:01.143,1788935401.1439,2167,908,11.64
2026-09-09T12:00:01.152,1788935401.1524,2168,-2240,-28.72
2026-09-09T12:00:01.162,1788935401.1626,2169,560,7.18
2026-09-09T12:00:01.177,1788935401.1773,2170,-1924,-24.67
2026-09-09T12:00:01.190,1788935401.1900,2171,3340,42.82
2026-09-09T12:00:01.193,1788935401.1937,2172,-1596,-20.46
2026-09-09T12:00:01.200,1788935401.2008,2173,3052,39.13
2026-09-09T12:00:01.215,1788935401.2157,2174,-1272,-16.31
2026-09-09T12:00:01.221,1788935401.2217,2175,2736,35.08
2026-09-09T12:00:01.235,1788935401.2356,2176,-928,-11.9
2026-09-09T12:00:01.243,1788935401.2439,2177,2420,31.03
2026-09-09T12:00:01.251,1788935401.2512,2178,-596,-7.64
2026-09-09T12:00:01.268,1788935401.2687,2179,2104,26.97
2026-09-09T12:00:01.268,1788935401.2687,2180,-3500,-44.87
2026-09-09T12:00:01.285,1788935401.2855,2181,1828,23.44
2026-09-09T12:00:01.294,1788935401.2948,2182,-3188,-40.87
2026-09-09T12:00:01.300,1788935401.3008,2183,1508,19.33
2026-09-09T12:00:01.316,1788935401.3166,2184,-2828,-36.26
2026-09-09T12:00:01.316,1788935401.3166,2185,1196,15.33
2026-09-09T12:00:01.326,1788935401.3263,2186,-2488,-31.9
2026-09-09T12:00:01.342,1788935401.3423,2187,880,11.28
2026-09-09T12:00:01.357,1788935401.3579,2188,-2164,-27.74
2026-09-09T12:00:01.362,1788935401.3622,2189,484,6.21
2026-09-09T12:00:01.375,1788935401.3752,2190,-1828,-23.44
2026-09-09T12:00:01.383,1788935401.3832,2191,3316,42.51
2026-09-09T12:00:01.401,1788935401.4011,2192,-1512,-19.38
2026-09-09T12:00:01.407,1788935401.4071,2193,2992,38.36
2026-09-09T12:00:01.420,1788935401.4203,2194,-1196,-15.33
2026-09-09T12:00:01.422,1788935401.4223,2195,2672,34.26
2026-09-09T12:00:01.435,1788935401.4360,2196,-852,-10.92
2026-09-09T12:00:01.443,1788935401.4440,2197,2360,30.26
2026-09-09T12:00:01.451,1788935401.4517,2198,-480,-6.15
2026-09-09T12:00:01.451,1788935401.4517,2199,2040,26.15
2026-09-09T12:00:01.467,1788935401.4676,2200,-3444,-44.15
2026-09-09T12:00:01.483,1788935401.4835,2201,1756,22.51
2026-09-09T12:00:01.483,1788935401.4835,2202,-3116,-39.95
2026-09-09T12:00:01.501,1788935401.5013,2203,1460,18.72
2026-09-09T12:00:01.515,1788935401.5153,2204,-2756,-35.33
2026-09-09T12:00:01.536,1788935401.5362,2205,1140,14.62
2026-09-09T12:00:01.539,1788935401.5393,2206,-2416,-30.97
2026-09-09T12:00:01.546,1788935401.5470,2207,776,9.95
2026-09-09T12:00:01.559,1788935401.5590,2208,-2100,-26.92
2026-09-09T12:00:01.562,1788935401.5627,2209,388,4.97
2026-09-09T12:00:01.572,1788935401.5722,2210,-1788,-22.92
2026-09-09T12:00:01.584,1788935401.5845,2211,3232,41.44
2026-09-09T12:00:01.594,1788935401.5945,2212,-1472,-18.87
2026-09-09T12:00:01.601,1788935401.6013,2213,2900,37.18
2026-09-09T12:00:01.610,1788935401.6102,2214,-1156,-14.82
2026-09-09T12:00:01.610,1788935401.6102,2215,2600,33.33
2026-09-09T12:00:01.632,1788935401.6329,2216,-816,-10.46
2026-09-09T12:00:01.657,1788935401.6576,2217,2256,28.92
2026-09-09T12:00:01.657,1788935401.6576,2218,-456,-5.85
2026-09-09T12:00:01.657,1788935401.6576,2219,1964,25.18
2026-09-09T12:00:01.673,1788935401.6734,2220,-3396,-43.54
2026-09-09T12:00:01.673,1788935401.6734,2221,1684,21.59
2026-09-09T12:00:01.689,1788935401.6896,2222,-3064,-39.28
2026-09-09T12:00:01.705,1788935401.7053,2223,1380,17.69
2026-09-09T12:00:01.705,1788935401.7053,2224,-2704,-34.67
2026-09-09T12:00:01.724,1788935401.7243,2225,1048,13.44
2026-09-09T12:00:01.737,1788935401.7375,2226,-2376,-30.46
2026-09-09T12:00:01.737,1788935401.7375,2227,696,8.92
2026-09-09T12:00:01.753,1788935401.7536,2228,-2036,-26.1
2026-09-09T12:00:01.753,1788935401.7536,2229,312,4.0
2026-09-09T12:00:01.773,1788935401.7735,2230,-1688,-21.64
2026-09-09T12:00:01.785,1788935401.7852,2231,3180,40.77
2026-09-09T12:00:01.785,1788935401.7852,2232,-1396,-17.9
2026-09-09T12:00:01.801,1788935401.8013,2233,2872,36.82
2026-09-09T12:00:01.817,1788935401.8172,2234,-1044,-13.38
2026-09-09T12:00:01.817,1788935401.8172,2235,2544,32.62
2026-09-09T12:00:01.833,1788935401.8332,2236,-720,-9.23
2026-09-09T12:00:01.833,1788935401.8332,2237,2228,28.56
2026-09-09T12:00:01.849,1788935401.8495,2238,-352,-4.51
2026-09-09T12:00:01.865,1788935401.8653,2239,1948,24.97
2026-09-09T12:00:01.873,1788935401.8733,2240,-3328,-42.67
2026-09-09T12:00:01.883,1788935401.8831,2241,1644,21.08
2026-09-09T12:00:01.902,1788935401.9022,2242,-2968,-38.05
2026-09-09T12:00:01.902,1788935401.9022,2243,1352,17.33
2026-09-09T12:00:01.913,1788935401.9131,2244,-2620,-33.59
2026-09-09T12:00:01.928,1788935401.9288,2245,1016,13.03
2026-09-09T12:00:01.931,1788935401.9319,2246,-2240,-28.72
2026-09-09T12:00:01.944,1788935401.9447,2247,688,8.82
2026-09-09T12:00:01.944,1788935401.9447,2248,-1876,-24.05
2026-09-09T12:00:01.961,1788935401.9610,2249,312,4.0
2026-09-09T12:00:01.976,1788935401.9769,2250,-1568,-20.1
2026-09-09T12:00:01.986,1788935401.9868,2251,3220,41.28
2026-09-09T12:00:01.994,1788935401.9941,2252,-1196,-15.33
2026-09-09T12:00:02.004,1788935402.0042,2253,2904,37.23
2026-09-09T12:00:02.023,1788935402.0238,2254,-848,-10.87
2026-09-09T12:00:02.023,1788935402.0238,2255,2600,33.33
2026-09-09T12:00:02.023,1788935402.0238,2256,-500,-6.41
2026-09-09T12:00:02.039,1788935402.0397,2257,2324,29.79
2026-09-09T12:00:02.055,1788935402.0558,2258,-124,-1.59
2026-09-09T12:00:02.055,1788935402.0558,2259,1972,25.28
2026-09-09T12:00:02.071,1788935402.0717,2260,-3160,-40.51
2026-09-09T12:00:02.087,1788935402.0877,2261,1636,20.97
2026-09-09T12:00:02.091,1788935402.0917,2262,-2848,-36.51
2026-09-09T12:00:02.103,1788935402.1036,2263,1296,16.62
2026-09-09T12:00:02.103,1788935402.1036,2264,-2520,-32.31
2026-09-09T12:00:02.119,1788935402.1197,2265,952,12.21
2026-09-09T12:00:02.119,1788935402.1197,2266,-2204,-28.26
2026-09-09T12:00:02.147,1788935402.1478,2267,568,7.28
2026-09-09T12:00:02.151,1788935402.1516,2268,-1868,-23.95
2026-09-09T12:00:02.167,1788935402.1677,2269,3384,43.38
2026-09-09T12:00:02.167,1788935402.1677,2270,-1552,-19.9
2026-09-09T12:00:02.183,1788935402.1834,2271,3068,39.33
2026-09-09T12:00:02.183,1788935402.1834,2272,-1220,-15.64
2026-09-09T12:00:02.203,1788935402.2031,2273,2768,35.49
2026-09-09T12:00:02.215,1788935402.2150,2274,-900,-11.54
2026-09-09T12:00:02.215,1788935402.2150,2275,2428,31.13
2026-09-09T12:00:02.231,1788935402.2311,2276,-548,-7.03
2026-09-09T12:00:02.231,1788935402.2311,2277,2108,27.03
2026-09-09T12:00:02.246,1788935402.2469,2278,-160,-2.05
2026-09-09T12:00:02.268,1788935402.2686,2279,1772,22.72
2026-09-09T12:00:02.278,1788935402.2789,2280,-3172,-40.67
2026-09-09T12:00:02.278,1788935402.2789,2281,1468,18.82
2026-09-09T12:00:02.294,1788935402.2949,2282,-2840,-36.41
2026-09-09T12:00:02.303,1788935402.3031,2283,1168,14.97
2026-09-09T12:00:02.310,1788935402.3108,2284,-2488,-31.9
2026-09-09T12:00:02.310,1788935402.3108,2285,788,10.1
2026-09-09T12:00:02.326,1788935402.3267,2286,-2168,-27.79
2026-09-09T12:00:02.342,1788935402.3425,2287,400,5.13
2026-09-09T12:00:02.358,1788935402.3582,2288,-1848,-23.69
2026-09-09T12:00:02.364,1788935402.3642,2289,3244,41.59
2026-09-09T12:00:02.374,1788935402.3740,2290,-1564,-20.05
2026-09-09T12:00:02.383,1788935402.3840,2291,2916,37.38
2026-09-09T12:00:02.398,1788935402.3984,2292,-1228,-15.74
2026-09-09T12:00:02.407,1788935402.4079,2293,2596,33.28
2026-09-09T12:00:02.412,1788935402.4128,2294,-892,-11.44
2026-09-09T12:00:02.422,1788935402.4221,2295,2260,28.97
2026-09-09T12:00:02.441,1788935402.4418,2296,-504,-6.46
2026-09-09T12:00:02.441,1788935402.4418,2297,1956,25.08
2026-09-09T12:00:02.453,1788935402.4537,2298,-112,-1.44
2026-09-09T12:00:02.453,1788935402.4537,2299,1664,21.33
2026-09-09T12:00:02.471,1788935402.4718,2300,-3156,-40.46
2026-09-09T12:00:02.485,1788935402.4854,2301,1368,17.54
2026-09-09T12:00:02.491,1788935402.4915,2302,-2808,-36.0
2026-09-09T12:00:02.503,1788935402.5032,2303,1048,13.44
2026-09-09T12:00:02.503,1788935402.5032,2304,-2456,-31.49
2026-09-09T12:00:02.519,1788935402.5190,2305,692,8.87
2026-09-09T12:00:02.533,1788935402.5336,2306,-2136,-27.38
2026-09-09T12:00:02.533,1788935402.5336,2307,296,3.79
2026-09-09T12:00:02.548,1788935402.5488,2308,-1800,-23.08
2026-09-09T12:00:02.565,1788935402.5659,2309,3184,40.82
2026-09-09T12:00:02.565,1788935402.5659,2310,-1476,-18.92
2026-09-09T12:00:02.580,1788935402.5805,2311,2856,36.62
2026-09-09T12:00:02.596,1788935402.5964,2312,-1144,-14.67
2026-09-09T12:00:02.603,1788935402.6032,2313,2536,32.51
2026-09-09T12:00:02.612,1788935402.6121,2314,-820,-10.51
2026-09-09T12:00:02.612,1788935402.6121,2315,2224,28.51
2026-09-09T12:00:02.628,1788935402.6281,2316,-416,-5.33
2026-09-09T12:00:02.644,1788935402.6441,2317,1916,24.56
2026-09-09T12:00:02.644,1788935402.6441,2318,-20,-0.26
2026-09-09T12:00:02.660,1788935402.6602,2319,1616,20.72
2026-09-09T12:00:02.675,1788935402.6759,2320,-3088,-39.59
2026-09-09T12:00:02.691,1788935402.6914,2321,1328,17.03
2026-09-09T12:00:02.691,1788935402.6914,2322,-2692,-34.51
2026-09-09T12:00:02.703,1788935402.7033,2323,976,12.51
2026-09-09T12:00:02.707,1788935402.7073,2324,-2372,-30.41
2026-09-09T12:00:02.724,1788935402.7244,2325,604,7.74
2026-09-09T12:00:02.724,1788935402.7244,2326,-2040,-26.15
2026-09-09T12:00:02.739,1788935402.7394,2327,228,2.92
2026-09-09T12:00:02.739,1788935402.7394,2328,-1716,-22.0
2026-09-09T12:00:02.775,1788935402.7753,2329,3112,39.9
2026-09-09T12:00:02.779,1788935402.7795,2330,-1392,-17.85
2026-09-09T12:00:02.783,1788935402.7836,2331,2772,35.54
2026-09-09T12:00:02.787,1788935402.7874,2332,-1048,-13.44
2026-09-09T12:00:02.805,1788935402.8059,2333,2460,31.54
2026-09-09T12:00:02.818,1788935402.8190,2334,-728,-9.33
2026-09-09T12:00:02.818,1788935402.8190,2335,2152,27.59
2026-09-09T12:00:02.834,1788935402.8348,2336,-324,-4.15
2026-09-09T12:00:02.842,1788935402.8430,2337,1864,23.9
2026-09-09T12:00:02.850,1788935402.8507,2338,84,1.08
2026-09-09T12:00:02.850,1788935402.8507,2339,1552,19.9
2026-09-09T12:00:02.866,1788935402.8667,2340,-2976,-38.15
2026-09-09T12:00:02.882,1788935402.8826,2341,1244,15.95
2026-09-09T12:00:02.898,1788935402.8986,2342,-2628,-33.69
2026-09-09T12:00:02.904,1788935402.9042,2343,892,11.44
2026-09-09T12:00:02.914,1788935402.9143,2344,-2280,-29.23
2026-09-09T12:00:02.930,1788935402.9304,2345,532,6.82
2026-09-09T12:00:02.930,1788935402.9304,2346,-1956,-25.08
2026-09-09T12:00:02.930,1788935402.9304,2347,140,1.79
2026-09-09T12:00:02.952,1788935402.9520,2348,-1648,-21.13
2026-09-09T12:00:02.961,1788935402.9617,2349,3044,39.03
2026-09-09T12:00:02.977,1788935402.9774,2350,-1308,-16.77
2026-09-09T12:00:02.983,1788935402.9834,2351,2732,35.03
2026-09-09T12:00:02.993,1788935402.9932,2352,-984,-12.62
2026-09-09T12:00:03.012,1788935403.0129,2353,2416,30.97
2026-09-09T12:00:03.012,1788935403.0129,2354,-628,-8.05
2026-09-09T12:00:03.024,1788935403.0248,2355,2092,26.82
2026-09-09T12:00:03.024,1788935403.0248,2356,-236,-3.03
2026-09-09T12:00:03.040,1788935403.0407,2357,1804,23.13
2026-09-09T12:00:03.056,1788935403.0562,2358,180,2.31
2026-09-09T12:00:03.056,1788935403.0562,2359,1524,19.54
2026-09-09T12:00:03.072,1788935403.0723,2360,-2892,-37.08
2026-09-09T12:00:03.072,1788935403.0723,2361,1188,15.23
2026-09-09T12:00:03.096,1788935403.0961,2362,-2548,-32.67
2026-09-09T12:00:03.104,1788935403.1041,2363,824,10.56
2026-09-09T12:00:03.104,1788935403.1041,2364,-2228,-28.56
2026-09-09T12:00:03.120,1788935403.1201,2365,444,5.69
2026-09-09T12:00:03.135,1788935403.1358,2366,-1888,-24.21
2026-09-09T12:00:03.135,1788935403.1358,2367,40,0.51
2026-09-09T12:00:03.151,1788935403.1519,2368,-1580,-20.26
2026-09-09T12:00:03.151,1788935403.1519,2369,2960,37.95
2026-09-09T12:00:03.175,1788935403.1751,2370,-1260,-16.15
2026-09-09T12:00:03.183,1788935403.1833,2371,2644,33.9
2026-09-09T12:00:03.183,1788935403.1833,2372,-948,-12.15
2026-09-09T12:00:03.204,1788935403.2046,2373,2324,29.79
2026-09-09T12:00:03.214,1788935403.2148,2374,-556,-7.13
2026-09-09T12:00:03.214,1788935403.2148,2375,2016,25.85
2026-09-09T12:00:03.232,1788935403.2321,2376,-144,-1.85
2026-09-09T12:00:03.232,1788935403.2321,2377,1728,22.15
2026-09-09T12:00:03.262,1788935403.2627,2378,260,3.33
2026-09-09T12:00:03.262,1788935403.2627,2379,1444,18.51
2026-09-09T12:00:03.262,1788935403.2627,2380,-2796,-35.85
2026-09-09T12:00:03.279,1788935403.2791,2381,1116,14.31
2026-09-09T12:00:03.295,1788935403.2951,2382,-2472,-31.69
2026-09-09T12:00:03.304,1788935403.3044,2383,764,9.79
2026-09-09T12:00:03.311,1788935403.3112,2384,-2144,-27.49
2026-09-09T12:00:03.311,1788935403.3112,2385,384,4.92
2026-09-09T12:00:03.327,1788935403.3270,2386,-1824,-23.38
2026-09-09T12:00:03.343,1788935403.3431,2387,-24,-0.31
2026-09-09T12:00:03.343,1788935403.3431,2388,-1516,-19.44
2026-09-09T12:00:03.359,1788935403.3592,2389,2908,37.28
2026-09-09T12:00:03.381,1788935403.3811,2390,-1180,-15.13
2026-09-09T12:00:03.381,1788935403.3811,2391,2600,33.33
2026-09-09T12:00:03.390,1788935403.3910,2392,-820,-10.51
2026-09-09T12:00:03.406,1788935403.4068,2393,2320,29.74
2026-09-09T12:00:03.415,1788935403.4153,2394,-444,-5.69
2026-09-09T12:00:03.422,1788935403.4229,2395,1984,25.44
2026-09-09T12:00:03.422,1788935403.4229,2396,-28,-0.36
2026-09-09T12:00:03.438,1788935403.4386,2397,1700,21.79
2026-09-09T12:00:03.454,1788935403.4545,2398,404,5.18
2026-09-09T12:00:03.454,1788935403.4545,2399,1392,17.85
2026-09-09T12:00:03.470,1788935403.4703,2400,-2724,-34.92
2026-09-09T12:00:03.470,1788935403.4703,2401,1072,13.74
2026-09-09T12:00:03.501,1788935403.5020,2402,-2396,-30.72
2026-09-09T12:00:03.501,1788935403.5020,2403,708,9.08
2026-09-09T12:00:03.504,1788935403.5049,2404,-2068,-26.51
2026-09-09T12:00:03.521,1788935403.5218,2405,284,3.64
2026-09-09T12:00:03.533,1788935403.5336,2406,-1728,-22.15
2026-09-09T12:00:03.541,1788935403.5416,2407,-132,-1.69
2026-09-09T12:00:03.549,1788935403.5498,2408,-1432,-18.36
2026-09-09T12:00:03.568,1788935403.5682,2409,2844,36.46
2026-09-09T12:00:03.575,1788935403.5758,2410,-1104,-14.15
2026-09-09T12:00:03.581,1788935403.5815,2411,2536,32.51
2026-09-09T12:00:03.581,1788935403.5815,2412,-744,-9.54
2026-09-09T12:00:03.597,1788935403.5974,2413,2232,28.62
2026-09-09T12:00:03.613,1788935403.6133,2414,-344,-4.41
2026-09-09T12:00:03.629,1788935403.6292,2415,1952,25.03
2026-09-09T12:00:03.629,1788935403.6292,2416,80,1.03
2026-09-09T12:00:03.645,1788935403.6452,2417,1692,21.69
2026-09-09T12:00:03.645,1788935403.6452,2418,580,7.44
2026-09-09T12:00:03.661,1788935403.6611,2419,1384,17.74
2026-09-09T12:00:03.676,1788935403.6768,2420,-2632,-33.74
2026-09-09T12:00:03.681,1788935403.6819,2421,1024,13.13
2026-09-09T12:00:03.692,1788935403.6926,2422,-2296,-29.44
2026-09-09T12:00:03.708,1788935403.7084,2423,620,7.95
2026-09-09T12:00:03.708,1788935403.7084,2424,-2004,-25.69
2026-09-09T12:00:03.721,1788935403.7218,2425,188,2.41
2026-09-09T12:00:03.743,1788935403.7438,2426,-1708,-21.9
2026-09-09T12:00:03.743,1788935403.7438,2427,-264,-3.38
2026-09-09T12:00:03.755,1788935403.7555,2428,-1388,-17.79
2026-09-09T12:00:03.755,1788935403.7555,2429,2756,35.33
2026-09-09T12:00:03.771,1788935403.7716,2430,-1040,-13.33
2026-09-09T12:00:03.787,1788935403.7874,2431,2440,31.28
2026-09-09T12:00:03.791,1788935403.7915,2432,-696,-8.92
2026-09-09T12:00:03.804,1788935403.8047,2433,2116,27.13
2026-09-09T12:00:03.804,1788935403.8047,2434,-348,-4.46
2026-09-09T12:00:03.823,1788935403.8231,2435,1828,23.44
2026-09-09T12:00:03.834,1788935403.8348,2436,68,0.87
2026-09-09T12:00:03.834,1788935403.8348,2437,1516,19.44
2026-09-09T12:00:03.850,1788935403.8509,2438,-2984,-38.26
2026-09-09T12:00:03.866,1788935403.8669,2439,1196,15.33
2026-09-09T12:00:03.866,1788935403.8669,2440,-2624,-33.64
2026-09-09T12:00:03.882,1788935403.8826,2441,856,10.97
2026-09-09T12:00:03.882,1788935403.8826,2442,-2284,-29.28
2026-09-09T12:00:03.904,1788935403.9048,2443,496,6.36
2026-09-09T12:00:03.914,1788935403.9146,2444,-1952,-25.03
2026-09-09T12:00:03.914,1788935403.9146,2445,76,0.97
2026-09-09T12:00:03.930,1788935403.9305,2446,-1636,-20.97
2026-09-09T12:00:03.946,1788935403.9462,2447,-352,-4.51
2026-09-09T12:00:03.946,1788935403.9462,2448,-1320,-16.92
2026-09-09T12:00:03.963,1788935403.9638,2449,2660,34.1
2026-09-09T12:00:03.972,1788935403.9725,2450,-984,-12.62
2026-09-09T12:00:03.995,1788935403.9957,2451,2364,30.31
2026-09-09T12:00:03.995,1788935403.9957,2452,-612,-7.85
2026-09-09T12:00:04.004,1788935404.0047,2453,2048,26.26
2026-09-09T12:00:04.013,1788935404.0134,2454,-200,-2.56
2026-09-09T12:00:04.025,1788935404.0253,2455,1768,22.67
2026-09-09T12:00:04.041,1788935404.0410,2456,208,2.67
2026-09-09T12:00:04.041,1788935404.0410,2457,1472,18.87
2026-09-09T12:00:04.056,1788935404.0569,2458,-2880,-36.92
2026-09-09T12:00:04.056,1788935404.0569,2459,1160,14.87
2026-09-09T12:00:04.072,1788935404.0730,2460,-2520,-32.31
2026-09-09T12:00:04.072,1788935404.0730,2461,808,10.36
2026-09-09T12:00:04.088,1788935404.0887,2462,-2180,-27.95
2026-09-09T12:00:04.088,1788935404.0887,2463,416,5.33
2026-09-09T12:00:04.120,1788935404.1205,2464,-1872,-24.0
2026-09-09T12:00:04.120,1788935404.1205,2465,-12,-0.15
2026-09-09T12:00:04.136,1788935404.1363,2466,-1572,-20.15
2026-09-09T12:00:04.136,1788935404.1363,2467,-472,-6.05
2026-09-09T12:00:04.152,1788935404.1521,2468,-1252,-16.05
2026-09-09T12:00:04.152,1788935404.1521,2469,2600,33.33
2026-09-09T12:00:04.168,1788935404.1682,2470,-892,-11.44
2026-09-09T12:00:04.183,1788935404.1839,2471,2288,29.33
2026-09-09T12:00:04.183,1788935404.1839,2472,-544,-6.97
2026-09-09T12:00:04.206,1788935404.2062,2473,1980,25.38
2026-09-09T12:00:04.213,1788935404.2138,2474,-148,-1.9
2026-09-09T12:00:04.223,1788935404.2239,2475,1656,21.23
2026-09-09T12:00:04.237,1788935404.2377,2476,264,3.38
2026-09-09T12:00:04.247,1788935404.2476,2477,1400,17.95
2026-09-09T12:00:04.247,1788935404.2476,2478,-2808,-36.0
2026-09-09T12:00:04.263,1788935404.2635,2479,1060,13.59
2026-09-09T12:00:04.279,1788935404.2796,2480,-2472,-31.69
2026-09-09T12:00:04.286,1788935404.2867,2481,728,9.33
2026-09-09T12:00:04.295,1788935404.2954,2482,-2132,-27.33
2026-09-09T12:00:04.306,1788935404.3064,2483,340,4.36
2026-09-09T12:00:04.311,1788935404.3112,2484,-1796,-23.03
2026-09-09T12:00:04.327,1788935404.3270,2485,-84,-1.08
2026-09-09T12:00:04.327,1788935404.3270,2486,-1476,-18.92
2026-09-09T12:00:04.343,1788935404.3433,2487,-564,-7.23
2026-09-09T12:00:04.343,1788935404.3433,2488,-1160,-14.87
2026-09-09T12:00:04.371,1788935404.3712,2489,2548,32.67
2026-09-09T12:00:04.375,1788935404.3752,2490,-828,-10.62
2026-09-09T12:00:04.381,1788935404.3812,2491,2232,28.62
2026-09-09T12:00:04.391,1788935404.3913,2492,-420,-5.38
2026-09-09T12:00:04.406,1788935404.4066,2493,1928,24.72
2026-09-09T12:00:04.406,1788935404.4066,2494,-52,-0.67
2026-09-09T12:00:04.425,1788935404.4253,2495,1632,20.92
2026-09-09T12:00:04.434,1788935404.4344,2496,372,4.77
2026-09-09T12:00:04.444,1788935404.4443,2497,1320,16.92
2026-09-09T12:00:04.454,1788935404.4550,2498,-2720,-34.87
2026-09-09T12:00:04.464,1788935404.4642,2499,992,12.72
2026-09-09T12:00:04.470,1788935404.4702,2500,-2372,-30.41
2026-09-09T12:00:04.486,1788935404.4861,2501,648,8.31
2026-09-09T12:00:04.486,1788935404.4861,2502,-2040,-26.15
2026-09-09T12:00:04.501,1788935404.5017,2503,248,3.18
2026-09-09T12:00:04.517,1788935404.5175,2504,-1740,-22.31
2026-09-09T12:00:04.517,1788935404.5175,2505,-160,-2.05
2026-09-09T12:00:04.533,1788935404.5336,2506,-1428,-18.31
2026-09-09T12:00:04.533,1788935404.5336,2507,-724,-9.28
2026-09-09T12:00:04.549,1788935404.5493,2508,-1120,-14.36
2026-09-09T12:00:04.566,1788935404.5664,2509,2436,31.23
2026-09-09T12:00:04.566,1788935404.5664,2510,-764,-9.79
2026-09-09T12:00:04.580,1788935404.5810,2511,2152,27.59
2026-09-09T12:00:04.580,1788935404.5810,2512,-404,-5.18
2026-09-09T12:00:04.612,1788935404.6129,2513,1816,23.28
2026-09-09T12:00:04.612,1788935404.6129,2514,-28,-0.36
2026-09-09T12:00:04.612,1788935404.6129,2515,1536,19.69
2026-09-09T12:00:04.628,1788935404.6289,2516,444,5.69
2026-09-09T12:00:04.644,1788935404.6444,2517,1212,15.54
2026-09-09T12:00:04.644,1788935404.6444,2518,-2708,-34.72
2026-09-09T12:00:04.662,1788935404.6624,2519,864,11.08
2026-09-09T12:00:04.676,1788935404.6760,2520,-2380,-30.51
2026-09-09T12:00:04.682,1788935404.6821,2521,504,6.46
2026-09-09T12:00:04.695,1788935404.6958,2522,-2040,-26.15
2026-09-09T12:00:04.695,1788935404.6958,2523,120,1.54
2026-09-09T12:00:04.709,1788935404.7091,2524,-1704,-21.85
2026-09-09T12:00:04.725,1788935404.7250,2525,-300,-3.85
2026-09-09T12:00:04.739,1788935404.7398,2526,-1392,-17.85
2026-09-09T12:00:04.739,1788935404.7398,2527,-840,-10.77
2026-09-09T12:00:04.755,1788935404.7558,2528,-1036,-13.28
2026-09-09T12:00:04.765,1788935404.7658,2529,2404,30.82
2026-09-09T12:00:04.771,1788935404.7717,2530,-656,-8.41
2026-09-09T12:00:04.771,1788935404.7717,2531,2084,26.72
2026-09-09T12:00:04.788,1788935404.7880,2532,-276,-3.54
2026-09-09T12:00:04.804,1788935404.8041,2533,1812,23.23
2026-09-09T12:00:04.809,1788935404.8094,2534,140,1.79
2026-09-09T12:00:04.820,1788935404.8201,2535,1496,19.18
2026-09-09T12:00:04.820,1788935404.8201,2536,632,8.1
2026-09-09T12:00:04.836,1788935404.8362,2537,1212,15.54
2026-09-09T12:00:04.852,1788935404.8522,2538,-2564,-32.87
2026-09-09T12:00:04.852,1788935404.8522,2539,832,10.67
2026-09-09T12:00:04.868,1788935404.8683,2540,-2232,-28.62
2026-09-09T12:00:04.883,1788935404.8839,2541,476,6.1
2026-09-09T12:00:04.899,1788935404.8996,2542,-1936,-24.82
2026-09-09T12:00:04.899,1788935404.8996,2543,92,1.18
2026-09-09T12:00:04.915,1788935404.9156,2544,-1628,-20.87
2026-09-09T12:00:04.915,1788935404.9156,2545,-380,-4.87
2026-09-09T12:00:04.931,1788935404.9315,2546,-1316,-16.87
2026-09-09T12:00:04.931,1788935404.9315,2547,-976,-12.51
2026-09-09T12:00:04.947,1788935404.9474,2548,-984,-12.62
2026-09-09T12:00:04.963,1788935404.9635,2549,2320,29.74
2026-09-09T12:00:04.979,1788935404.9793,2550,-656,-8.41
2026-09-09T12:00:04.979,1788935404.9793,2551,2000,25.64
2026-09-09T12:00:04.994,1788935404.9949,2552,-256,-3.28
2026-09-09T12:00:04.994,1788935404.9949,2553,1708,21.9
2026-09-09T12:00:05.010,1788935405.0107,2554,172,2.21
2026-09-09T12:00:05.010,1788935405.0107,2555,1424,18.26
2026-09-09T12:00:05.026,1788935405.0268,2556,708,9.08
2026-09-09T12:00:05.043,1788935405.0431,2557,1112,14.26
2026-09-09T12:00:05.058,1788935405.0589,2558,-2532,-32.46
2026-09-09T12:00:05.062,1788935405.0629,2559,800,10.26
2026-09-09T12:00:05.062,1788935405.0629,2560,-2200,-28.21
2026-09-09T12:00:05.074,1788935405.0750,2561,404,5.18
2026-09-09T12:00:05.091,1788935405.0910,2562,-1840,-23.59
2026-09-09T12:00:05.106,1788935405.1070,2563,40,0.51
2026-09-09T12:00:05.109,1788935405.1097,2564,-1492,-19.13
2026-09-09T12:00:05.123,1788935405.1231,2565,-448,-5.74
2026-09-09T12:00:05.138,1788935405.1388,2566,-1156,-14.82
2026-09-09T12:00:05.138,1788935405.1388,2567,-1020,-13.08
2026-09-09T12:00:05.157,1788935405.1570,2568,-832,-10.67
2026-09-09T12:00:05.164,1788935405.1641,2569,2352,30.15
2026-09-09T12:00:05.172,1788935405.1722,2570,-484,-6.21
2026-09-09T12:00:05.172,1788935405.1722,2571,2028,26.0
2026-09-09T12:00:05.193,1788935405.1939,2572,-100,-1.28
2026-09-09T12:00:05.203,1788935405.2037,2573,1688,21.64
2026-09-09T12:00:05.217,1788935405.2175,2574,304,3.9
2026-09-09T12:00:05.217,1788935405.2175,2575,1384,17.74
2026-09-09T12:00:05.233,1788935405.2333,2576,852,10.92
2026-09-09T12:00:05.249,1788935405.2492,2577,1032,13.23
2026-09-09T12:00:05.251,1788935405.2512,2578,-2464,-31.59
2026-09-09T12:00:05.264,1788935405.2649,2579,668,8.56
2026-09-09T12:00:05.264,1788935405.2649,2580,-2156,-27.64
2026-09-09T12:00:05.280,1788935405.2809,2581,284,3.64
2026-09-09T12:00:05.296,1788935405.2969,2582,-1864,-23.9
2026-09-09T12:00:05.303,1788935405.3036,2583,-140,-1.79
2026-09-09T12:00:05.312,1788935405.3126,2584,-1520,-19.49
2026-09-09T12:00:05.312,1788935405.3126,2585,-640,-8.21
2026-09-09T12:00:05.344,1788935405.3442,2586,-1188,-15.23
2026-09-09T12:00:05.344,1788935405.3442,2587,-1236,-15.85
2026-09-09T12:00:05.344,1788935405.3442,2588,-836,-10.72
2026-09-09T12:00:05.360,1788935405.3602,2589,2224,28.51
2026-09-09T12:00:05.375,1788935405.3760,2590,-428,-5.49
2026-09-09T12:00:05.382,1788935405.3823,2591,1940,24.87
2026-09-09T12:00:05.391,1788935405.3919,2592,-4,-0.05
2026-09-09T12:00:05.391,1788935405.3919,2593,1652,21.18
2026-09-09T12:00:05.410,1788935405.4102,2594,460,5.9
2026-09-09T12:00:05.425,1788935405.4258,2595,1372,17.59
2026-09-09T12:00:05.425,1788935405.4258,2596,1044,13.38
2026-09-09T12:00:05.443,1788935405.4432,2597,1068,13.69
2026-09-09T12:00:05.453,1788935405.4532,2598,-2308,-29.59
2026-09-09T12:00:05.471,1788935405.4710,2599,696,8.92
2026-09-09T12:00:05.473,1788935405.4730,2600,-1964,-25.18
2026-09-09T12:00:05.486,1788935405.4869,2601,284,3.64
2026-09-09T12:00:05.486,1788935405.4869,2602,-1668,-21.38
2026-09-09T12:00:05.510,1788935405.5101,2603,-160,-2.05
2026-09-09T12:00:05.510,1788935405.5101,2604,-1396,-17.9
2026-09-09T12:00:05.518,1788935405.5187,2605,-732,-9.38
2026-09-09T12:00:05.534,1788935405.5348,2606,-1100,-14.1
2026-09-09T12:00:05.534,1788935405.5348,2607,2424,31.08
2026-09-09T12:00:05.556,1788935405.5564,2608,-784,-10.05
2026-09-09T12:00:05.562,1788935405.5624,2609,2092,26.82
2026-09-09T12:00:05.567,1788935405.5679,2610,-424,-5.44
2026-09-09T12:00:05.582,1788935405.5828,2611,1788,22.92
2026-09-09T12:00:05.598,1788935405.5984,2612,-32,-0.41
2026-09-09T12:00:05.598,1788935405.5984,2613,1500,19.23
2026-09-09T12:00:05.614,1788935405.6146,2614,484,6.21
2026-09-09T12:00:05.614,1788935405.6146,2615,1212,15.54
2026-09-09T12:00:05.630,1788935405.6303,2616,1092,14.0
2026-09-09T12:00:05.645,1788935405.6460,2617,872,11.18
2026-09-09T12:00:05.645,1788935405.6460,2618,-2344,-30.05
2026-09-09T12:00:05.661,1788935405.6617,2619,524,6.72
2026-09-09T12:00:05.661,1788935405.6617,2620,-1976,-25.33
2026-09-09T12:00:05.677,1788935405.6774,2621,152,1.95
2026-09-09T12:00:05.693,1788935405.6934,2622,-1620,-20.77
2026-09-09T12:00:05.710,1788935405.7107,2623,-252,-3.23
2026-09-09T12:00:05.721,1788935405.7214,2624,-1288,-16.51
2026-09-09T12:00:05.721,1788935405.7214,2625,-768,-9.85
2026-09-09T12:00:05.741,1788935405.7411,2626,-884,-11.33
2026-09-09T12:00:05.741,1788935405.7411,2627,2500,32.05
2026-09-09T12:00:05.757,1788935405.7570,2628,-548,-7.03
2026-09-09T12:00:05.763,1788935405.7631,2629,2196,28.15
2026-09-09T12:00:05.772,1788935405.7729,2630,-164,-2.1
2026-09-09T12:00:05.772,1788935405.7729,2631,1896,24.31
2026-09-09T12:00:05.788,1788935405.7886,2632,204,2.62
2026-09-09T12:00:05.788,1788935405.7886,2633,1556,19.95
2026-09-09T12:00:05.811,1788935405.8111,2634,664,8.51
2026-09-09T12:00:05.829,1788935405.8291,2635,1204,15.44
2026-09-09T12:00:05.829,1788935405.8291,2636,1244,15.95
2026-09-09T12:00:05.836,1788935405.8366,2637,808,10.36
2026-09-09T12:00:05.852,1788935405.8526,2638,-2252,-28.87
2026-09-09T12:00:05.862,1788935405.8625,2639,384,4.92
2026-09-09T12:00:05.868,1788935405.8685,2640,-1968,-25.23
2026-09-09T12:00:05.884,1788935405.8845,2641,-24,-0.31
2026-09-09T12:00:05.884,1788935405.8845,2642,-1680,-21.54
2026-09-09T12:00:05.900,1788935405.9003,2643,-480,-6.15
2026-09-09T12:00:05.911,1788935405.9111,2644,-1380,-17.69
2026-09-09T12:00:05.924,1788935405.9245,2645,-1052,-13.49
2026-09-09T12:00:05.932,1788935405.9323,2646,-1008,-12.92
2026-09-09T12:00:05.956,1788935405.9564,2647,2272,29.13
2026-09-09T12:00:05.957,1788935405.9575,2648,-640,-8.21
2026-09-09T12:00:05.963,1788935405.9638,2649,1968,25.23
2026-09-09T12:00:05.980,1788935405.9805,2650,-196,-2.51
2026-09-09T12:00:05.980,1788935405.9805,2651,1724,22.1
2026-09-09T12:00:05.995,1788935405.9958,2652,256,3.28
2026-09-09T12:00:05.995,1788935405.9958,2653,1472,18.87
2026-09-09T12:00:06.011,1788935406.0111,2654,832,10.67
2026-09-09T12:00:06.026,1788935406.0269,2655,1180,15.13
2026-09-09T12:00:06.032,1788935406.0329,2656,1492,19.13
2026-09-09T12:00:06.043,1788935406.0431,2657,856,10.97
2026-09-09T12:00:06.043,1788935406.0431,2658,-2052,-26.31
2026-09-09T12:00:06.074,1788935406.0748,2659,496,6.36
2026-09-09T12:00:06.074,1788935406.0748,2660,-1712,-21.95
2026-09-09T12:00:06.074,1788935406.0748,2661,84,1.08
2026-09-09T12:00:06.090,1788935406.0909,2662,-1408,-18.05
2026-09-09T12:00:06.112,1788935406.1122,2663,-408,-5.23
2026-09-09T12:00:06.112,1788935406.1122,2664,-1108,-14.21
2026-09-09T12:00:06.122,1788935406.1226,2665,-1096,-14.05
2026-09-09T12:00:06.138,1788935406.1384,2666,-820,-10.51
2026-09-09T12:00:06.142,1788935406.1424,2667,2300,29.49
2026-09-09T12:00:06.154,1788935406.1541,2668,-500,-6.41
2026-09-09T12:00:06.154,1788935406.1541,2669,1932,24.77
2026-09-09T12:00:06.169,1788935406.1698,2670,-160,-2.05
2026-09-09T12:00:06.185,1788935406.1859,2671,1608,20.62
2026-09-09T12:00:06.201,1788935406.2020,2672,252,3.23
2026-09-09T12:00:06.201,1788935406.2020,2673,1276,16.36
2026-09-09T12:00:06.217,1788935406.2179,2674,792,10.15
2026-09-09T12:00:06.217,1788935406.2179,2675,952,12.21
2026-09-09T12:00:06.233,1788935406.2335,2676,1468,18.82
2026-09-09T12:00:06.233,1788935406.2335,2677,592,7.59
2026-09-09T12:00:06.253,1788935406.2536,2678,-2176,-27.9
2026-09-09T12:00:06.265,1788935406.2652,2679,204,2.62
2026-09-09T12:00:06.273,1788935406.2733,2680,-1832,-23.49
2026-09-09T12:00:06.280,1788935406.2810,2681,-164,-2.1
2026-09-09T12:00:06.280,1788935406.2810,2682,-1488,-19.08
2026-09-09T12:00:06.312,1788935406.3124,2683,-660,-8.46
2026-09-09T12:00:06.312,1788935406.3124,2684,-1120,-14.36
2026-09-09T12:00:06.312,1788935406.3124,2685,-1260,-16.15
2026-09-09T12:00:06.328,1788935406.3286,2686,-740,-9.49
2026-09-09T12:00:06.352,1788935406.3526,2687,2284,29.28
2026-09-09T12:00:06.354,1788935406.3547,2688,-316,-4.05
2026-09-09T12:00:06.360,1788935406.3608,2689,2004,25.69
2026-09-09T12:00:06.376,1788935406.3767,2690,104,1.33
2026-09-09T12:00:06.376,1788935406.3767,2691,1712,21.95
2026-09-09T12:00:06.392,1788935406.3929,2692,568,7.28
2026-09-09T12:00:06.392,1788935406.3929,2693,1436,18.41
2026-09-09T12:00:06.413,1788935406.4134,2694,1120,14.36
2026-09-09T12:00:06.427,1788935406.4276,2695,1068,13.69
2026-09-09T12:00:06.427,1788935406.4276,2696,1760,22.56
2026-09-09T12:00:06.441,1788935406.4411,2697,660,8.46
2026-09-09T12:00:06.457,1788935406.4570,2698,-2004,-25.69
2026-09-09T12:00:06.465,1788935406.4655,2699,232,2.97
2026-09-09T12:00:06.476,1788935406.4760,2700,-1724,-22.1
2026-09-09T12:00:06.478,1788935406.4780,2701,-268,-3.44
2026-09-09T12:00:06.488,1788935406.4887,2702,-1452,-18.62
2026-09-09T12:00:06.504,1788935406.5046,2703,-872,-11.18
2026-09-09T12:00:06.513,1788935406.5135,2704,-1136,-14.56
2026-09-09T12:00:06.520,1788935406.5206,2705,-1516,-19.44
2026-09-09T12:00:06.520,1788935406.5206,2706,-796,-10.21
2026-09-09T12:00:06.552,1788935406.5525,2707,2068,26.51
2026-09-09T12:00:06.552,1788935406.5525,2708,-424,-5.44
2026-09-09T12:00:06.568,1788935406.5689,2709,1784,22.87
2026-09-09T12:00:06.568,1788935406.5689,2710,0,0.0
2026-09-09T12:00:06.584,1788935406.5843,2711,1512,19.38
2026-09-09T12:00:06.592,1788935406.5923,2712,536,6.87
2026-09-09T12:00:06.600,1788935406.6002,2713,1248,16.0
2026-09-09T12:00:06.615,1788935406.6159,2714,1160,14.87
2026-09-09T12:00:06.615,1788935406.6159,2715,908,11.64
2026-09-09T12:00:06.633,1788935406.6337,2716,1896,24.31
2026-09-09T12:00:06.633,1788935406.6337,2717,580,7.44
2026-09-09T12:00:06.648,1788935406.6483,2718,-1940,-24.87
2026-09-09T12:00:06.663,1788935406.6631,2719,212,2.72
2026-09-09T12:00:06.663,1788935406.6631,2720,-1580,-20.26
2026-09-09T12:00:06.678,1788935406.6788,2721,-208,-2.67
2026-09-09T12:00:06.694,1788935406.6945,2722,-1212,-15.54
2026-09-09T12:00:06.713,1788935406.7135,2723,-792,-10.15
2026-09-09T12:00:06.713,1788935406.7135,2724,-892,-11.44
2026-09-09T12:00:06.726,1788935406.7262,2725,-1500,-19.23
2026-09-09T12:00:06.733,1788935406.7336,2726,-556,-7.13
2026-09-09T12:00:06.747,1788935406.7470,2727,2176,27.9
2026-09-09T12:00:06.752,1788935406.7524,2728,-160,-2.05
2026-09-09T12:00:06.758,1788935406.7581,2729,1876,24.05
2026-09-09T12:00:06.774,1788935406.7741,2730,252,3.23
2026-09-09T12:00:06.789,1788935406.7894,2731,1556,19.95
2026-09-09T12:00:06.789,1788935406.7894,2732,744,9.54
2026-09-09T12:00:06.805,1788935406.8052,2733,1176,15.08
2026-09-09T12:00:06.813,1788935406.8137,2734,1336,17.13
2026-09-09T12:00:06.821,1788935406.8215,2735,800,10.26
2026-09-09T12:00:06.821,1788935406.8215,2736,1984,25.44
2026-09-09T12:00:06.837,1788935406.8372,2737,376,4.82
2026-09-09T12:00:06.852,1788935406.8529,2738,-1964,-25.18
2026-09-09T12:00:06.852,1788935406.8529,2739,-36,-0.46
2026-09-09T12:00:06.869,1788935406.8691,2740,-1656,-21.23
2026-09-09T12:00:06.869,1788935406.8691,2741,-504,-6.46
2026-09-09T12:00:06.884,1788935406.8848,2742,-1308,-16.77
2026-09-09T12:00:06.913,1788935406.9138,2743,-1084,-13.9
2026-09-09T12:00:06.916,1788935406.9163,2744,-900,-11.54
2026-09-09T12:00:06.922,1788935406.9224,2745,-1776,-22.77
2026-09-09T12:00:06.932,1788935406.9322,2746,-508,-6.51
2026-09-09T12:00:06.947,1788935406.9479,2747,2052,26.31
2026-09-09T12:00:06.947,1788935406.9479,2748,-88,-1.13
2026-09-09T12:00:06.963,1788935406.9638,2749,1776,22.77
2026-09-09T12:00:06.973,1788935406.9730,2750,376,4.82
2026-09-09T12:00:06.979,1788935406.9797,2751,1516,19.44
2026-09-09T12:00:06.995,1788935406.9957,2752,936,12.0
2026-09-09T12:00:06.995,1788935406.9957,2753,1192,15.28
2026-09-09T12:00:07.011,1788935407.0116,2754,1620,20.77
2026-09-09T12:00:07.027,1788935407.0276,2755,816,10.46
2026-09-09T12:00:07.027,1788935407.0276,2756,-2064,-26.46
2026-09-09T12:00:07.043,1788935407.0434,2757,408,5.23
2026-09-09T12:00:07.059,1788935407.0595,2758,-1760,-22.56
2026-09-09T12:00:07.059,1788935407.0595,2759,-56,-0.72
2026-09-09T12:00:07.075,1788935407.0754,2760,-1476,-18.92
2026-09-09T12:00:07.082,1788935407.0830,2761,-592,-7.59
2026-09-09T12:00:07.091,1788935407.0911,2762,-1192,-15.28
2026-09-09T12:00:07.107,1788935407.1071,2763,-1284,-16.46
2026-09-09T12:00:07.114,1788935407.1147,2764,-852,-10.92
2026-09-09T12:00:07.123,1788935407.1233,2765,-2028,-26.0
2026-09-09T12:00:07.123,1788935407.1233,2766,-520,-6.67
2026-09-09T12:00:07.154,1788935407.1548,2767,1876,24.05
2026-09-09T12:00:07.154,1788935407.1548,2768,-128,-1.64
2026-09-09T12:00:07.154,1788935407.1548,2769,1552,19.9
2026-09-09T12:00:07.171,1788935407.1710,2770,356,4.56
2026-09-09T12:00:07.191,1788935407.1915,2771,1264,16.21
2026-09-09T12:00:07.194,1788935407.1946,2772,940,12.05
2026-09-09T12:00:07.202,1788935407.2030,2773,912,11.69
2026-09-09T12:00:07.214,1788935407.2146,2774,1620,20.77
2026-09-09T12:00:07.219,1788935407.2192,2775,584,7.49
2026-09-09T12:00:07.234,1788935407.2349,2776,-2116,-27.13
2026-09-09T12:00:07.234,1788935407.2349,2777,204,2.62
2026-09-09T12:00:07.250,1788935407.2510,2778,-1772,-22.72
2026-09-09T12:00:07.267,1788935407.2671,2779,-212,-2.72
2026-09-09T12:00:07.267,1788935407.2671,2780,-1400,-17.95
2026-09-09T12:00:07.282,1788935407.2830,2781,-720,-9.23
2026-09-09T12:00:07.282,1788935407.2830,2782,-1036,-13.28
2026-09-09T12:00:07.298,1788935407.2988,2783,-1364,-17.49
2026-09-09T12:00:07.315,1788935407.3150,2784,-656,-8.41
2026-09-09T12:00:07.323,1788935407.3231,2785,-2072,-26.56
2026-09-09T12:00:07.331,1788935407.3310,2786,-260,-3.33
2026-09-09T12:00:07.346,1788935407.3467,2787,1972,25.28
2026-09-09T12:00:07.346,1788935407.3467,2788,156,2.0
2026-09-09T12:00:07.364,1788935407.3644,2789,1648,21.13
2026-09-09T12:00:07.372,1788935407.3725,2790,616,7.9
2026-09-09T12:00:07.393,1788935407.3940,2791,1320,16.92
2026-09-09T12:00:07.393,1788935407.3940,2792,1224,15.69
2026-09-09T12:00:07.393,1788935407.3940,2793,952,12.21
2026-09-09T12:00:07.416,1788935407.4164,2794,1892,24.26
2026-09-09T12:00:07.428,1788935407.4284,2795,524,6.72
2026-09-09T12:00:07.428,1788935407.4284,2796,-2000,-25.64
2026-09-09T12:00:07.441,1788935407.4415,2797,92,1.18
2026-09-09T12:00:07.441,1788935407.4415,2798,-1724,-22.1
2026-09-09T12:00:07.457,1788935407.4577,2799,-416,-5.33
2026-09-09T12:00:07.473,1788935407.4736,2800,-1444,-18.51
2026-09-09T12:00:07.473,1788935407.4736,2801,-1008,-12.92
2026-09-09T12:00:07.489,1788935407.4897,2802,-1084,-13.9
2026-09-09T12:00:07.513,1788935407.5136,2803,-1704,-21.85
2026-09-09T12:00:07.516,1788935407.5165,2804,-712,-9.13
2026-09-09T12:00:07.522,1788935407.5224,2805,-2416,-30.97
2026-09-09T12:00:07.539,1788935407.5396,2806,-320,-4.1
2026-09-09T12:00:07.547,1788935407.5472,2807,1748,22.41
2026-09-09T12:00:07.553,1788935407.5533,2808,136,1.74
2026-09-09T12:00:07.559,1788935407.5592,2809,1472,18.87
2026-09-09T12:00:07.571,1788935407.5713,2810,684,8.77
2026-09-09T12:00:07.584,1788935407.5849,2811,1172,15.03
2026-09-09T12:00:07.584,1788935407.5849,2812,1344,17.23
2026-09-09T12:00:07.601,1788935407.6010,2813,848,10.87
2026-09-09T12:00:07.601,1788935407.6010,2814,2076,26.62
2026-09-09T12:00:07.632,1788935407.6326,2815,476,6.1
2026-09-09T12:00:07.632,1788935407.6326,2816,-1836,-23.54
2026-09-09T12:00:07.632,1788935407.6326,2817,100,1.28
2026-09-09T12:00:07.648,1788935407.6484,2818,-1488,-19.08
2026-09-09T12:00:07.666,1788935407.6664,2819,-384,-4.92
2026-09-09T12:00:07.666,1788935407.6664,2820,-1156,-14.82
2026-09-09T12:00:07.680,1788935407.6804,2821,-980,-12.56
2026-09-09T12:00:07.696,1788935407.6962,2822,-816,-10.46
2026-09-09T12:00:07.696,1788935407.6962,2823,-1700,-21.79
2026-09-09T12:00:07.712,1788935407.7122,2824,-460,-5.9
2026-09-09T12:00:07.723,1788935407.7230,2825,-2436,-31.23
2026-09-09T12:00:07.728,1788935407.7290,2826,-108,-1.38
2026-09-09T12:00:07.744,1788935407.7441,2827,1748,22.41
2026-09-09T12:00:07.744,1788935407.7441,2828,304,3.9
2026-09-09T12:00:07.759,1788935407.7599,2829,1416,18.15
2026-09-09T12:00:07.775,1788935407.7758,2830,848,10.87
2026-09-09T12:00:07.775,1788935407.7758,2831,1048,13.44
2026-09-09T12:00:07.791,1788935407.7919,2832,1472,18.87
2026-09-09T12:00:07.791,1788935407.7919,2833,660,8.46
2026-09-09T12:00:07.813,1788935407.8131,2834,2144,27.49
2026-09-09T12:00:07.825,1788935407.8257,2835,256,3.28
2026-09-09T12:00:07.833,1788935407.8338,2836,-1896,-24.31
2026-09-09T12:00:07.842,1788935407.8429,2837,-180,-2.31
2026-09-09T12:00:07.862,1788935407.8627,2838,-1588,-20.36
2026-09-09T12:00:07.870,1788935407.8704,2839,-692,-8.87
2026-09-09T12:00:07.870,1788935407.8704,2840,-1232,-15.79
2026-09-09T12:00:07.886,1788935407.8861,2841,-1316,-16.87
2026-09-09T12:00:07.886,1788935407.8861,2842,-844,-10.82
2026-09-09T12:00:07.902,1788935407.9021,2843,-2000,-25.64
2026-09-09T12:00:07.902,1788935407.9021,2844,-428,-5.49
2026-09-09T12:00:07.918,1788935407.9189,2845,-2688,-34.46
2026-09-09T12:00:07.936,1788935407.9361,2846,-12,-0.15
2026-09-09T12:00:07.944,1788935407.9443,2847,1652,21.18
2026-09-09T12:00:07.953,1788935407.9536,2848,472,6.05
2026-09-09T12:00:07.963,1788935407.9636,2849,1368,17.54
2026-09-09T12:00:07.981,1788935407.9811,2850,1088,13.95
2026-09-09T12:00:07.981,1788935407.9811,2851,1036,13.28
2026-09-09T12:00:07.981,1788935407.9811,2852,1740,22.31
2026-09-09T12:00:07.996,1788935407.9968,2853,692,8.87
2026-09-09T12:00:08.018,1788935408.0188,2854,2448,31.38
2026-09-09T12:00:08.018,1788935408.0188,2855,264,3.38
2026-09-09T12:00:08.028,1788935408.0282,2856,-1676,-21.49
2026-09-09T12:00:08.043,1788935408.0439,2857,-188,-2.41
2026-09-09T12:00:08.053,1788935408.0531,2858,-1392,-17.85
2026-09-09T12:00:08.060,1788935408.0600,2859,-768,-9.85
2026-09-09T12:00:08.060,1788935408.0600,2860,-1068,-13.69
2026-09-09T12:00:08.076,1788935408.0760,2861,-1456,-18.67
2026-09-09T12:00:08.091,1788935408.0917,2862,-740,-9.49
2026-09-09T12:00:08.091,1788935408.0917,2863,-2208,-28.31
2026-09-09T12:00:08.119,1788935408.1190,2864,-364,-4.67
2026-09-09T12:00:08.123,1788935408.1236,2865,-2880,-36.92
2026-09-09T12:00:08.139,1788935408.1397,2866,44,0.56
2026-09-09T12:00:08.139,1788935408.1397,2867,1512,19.38
2026-09-09T12:00:08.155,1788935408.1555,2868,532,6.82
2026-09-09T12:00:08.162,1788935408.1629,2869,1220,15.64
2026-09-09T12:00:08.171,1788935408.1714,2870,1152,14.77
2026-09-09T12:00:08.171,1788935408.1714,2871,872,11.18
2026-09-09T12:00:08.187,1788935408.1877,2872,1860,23.85
2026-09-09T12:00:08.203,1788935408.2039,2873,496,6.36
2026-09-09T12:00:08.219,1788935408.2192,2874,2524,32.36
2026-09-09T12:00:08.219,1788935408.2192,2875,80,1.03
2026-09-09T12:00:08.235,1788935408.2352,2876,-1664,-21.33
2026-09-09T12:00:08.235,1788935408.2352,2877,-332,-4.26
2026-09-09T12:00:08.251,1788935408.2513,2878,-1296,-16.62
2026-09-09T12:00:08.251,1788935408.2513,2879,-932,-11.95
2026-09-09T12:00:08.267,1788935408.2674,2880,-968,-12.41
2026-09-09T12:00:08.283,1788935408.2834,2881,-1624,-20.82
2026-09-09T12:00:08.299,1788935408.2994,2882,-596,-7.64
2026-09-09T12:00:08.299,1788935408.2994,2883,-2356,-30.21
2026-09-09T12:00:08.299,1788935408.2994,2884,-208,-2.67
2026-09-09T12:00:08.319,1788935408.3198,2885,1816,23.28
2026-09-09T12:00:08.339,1788935408.3392,2886,200,2.56
2026-09-09T12:00:08.346,1788935408.3467,2887,1524,19.54
2026-09-09T12:00:08.346,1788935408.3467,2888,760,9.74
2026-09-09T12:00:08.362,1788935408.3627,2889,1200,15.38
2026-09-09T12:00:08.362,1788935408.3627,2890,1392,17.85
2026-09-09T12:00:08.378,1788935408.3785,2891,820,10.51
2026-09-09T12:00:08.394,1788935408.3944,2892,2076,26.62
2026-09-09T12:00:08.394,1788935408.3944,2893,408,5.23
2026-09-09T12:00:08.410,1788935408.4103,2894,2696,34.56
2026-09-09T12:00:08.419,1788935408.4198,2895,-4,-0.05
2026-09-09T12:00:08.429,1788935408.4292,2896,-1612,-20.67
2026-09-09T12:00:08.442,1788935408.4424,2897,-536,-6.87
2026-09-09T12:00:08.458,1788935408.4581,2898,-1292,-16.56
2026-09-09T12:00:08.458,1788935408.4581,2899,-1188,-15.23
2026-09-09T12:00:08.473,1788935408.4739,2900,-964,-12.36
2026-09-09T12:00:08.473,1788935408.4739,2901,-1872,-24.0
2026-09-09T12:00:08.496,1788935408.4961,2902,-572,-7.33
2026-09-09T12:00:08.505,1788935408.5055,2903,-2620,-33.59
2026-09-09T12:00:08.505,1788935408.5055,2904,-180,-2.31
2026-09-09T12:00:08.521,1788935408.5215,2905,1708,21.9
2026-09-09T12:00:08.537,1788935408.5376,2906,284,3.64
2026-09-09T12:00:08.537,1788935408.5376,2907,1400,17.95
2026-09-09T12:00:08.553,1788935408.5538,2908,876,11.23
2026-09-09T12:00:08.570,1788935408.5706,2909,1096,14.05
2026-09-09T12:00:08.572,1788935408.5726,2910,1560,20.0
2026-09-09T12:00:08.582,1788935408.5822,2911,724,9.28
2026-09-09T12:00:08.585,1788935408.5859,2912,2276,29.18
2026-09-09T12:00:08.601,1788935408.6019,2913,356,4.56
2026-09-09T12:00:08.617,1788935408.6178,2914,2900,37.18
2026-09-09T12:00:08.619,1788935408.6198,2915,-64,-0.82
2026-09-09T12:00:08.633,1788935408.6337,2916,-1492,-19.13
2026-09-09T12:00:08.633,1788935408.6337,2917,-604,-7.74
2026-09-09T12:00:08.649,1788935408.6496,2918,-1132,-14.51
2026-09-09T12:00:08.649,1788935408.6496,2919,-1228,-15.74
2026-09-09T12:00:08.665,1788935408.6655,2920,-764,-9.79
2026-09-09T12:00:08.681,1788935408.6816,2921,-1980,-25.38
2026-09-09T12:00:08.697,1788935408.6973,2922,-376,-4.82
2026-09-09T12:00:08.697,1788935408.6973,2923,-2648,-33.95
2026-09-09T12:00:08.713,1788935408.7130,2924,48,0.62
2026-09-09T12:00:08.732,1788935408.7321,2925,1720,22.05
2026-09-09T12:00:08.736,1788935408.7370,2926,504,6.46
2026-09-09T12:00:08.745,1788935408.7452,2927,1384,17.74
2026-09-09T12:00:08.752,1788935408.7527,2928,1108,14.21
2026-09-09T12:00:08.761,1788935408.7614,2929,1028,13.18
2026-09-09T12:00:08.761,1788935408.7614,2930,1776,22.77
2026-09-09T12:00:08.777,1788935408.7774,2931,632,8.1
2026-09-09T12:00:08.793,1788935408.7932,2932,2460,31.54
2026-09-09T12:00:08.809,1788935408.8092,2933,220,2.82
2026-09-09T12:00:08.813,1788935408.8132,2934,3000,38.46
2026-09-09T12:00:08.825,1788935408.8250,2935,-236,-3.03
2026-09-09T12:00:08.840,1788935408.8410,2936,-1428,-18.31
2026-09-09T12:00:08.840,1788935408.8410,2937,-812,-10.41
2026-09-09T12:00:08.840,1788935408.8410,2938,-1096,-14.05
2026-09-09T12:00:08.856,1788935408.8566,2939,-1508,-19.33
2026-09-09T12:00:08.872,1788935408.8724,2940,-724,-9.28
2026-09-09T12:00:08.888,1788935408.8885,2941,-2244,-28.77
2026-09-09T12:00:08.888,1788935408.8885,2942,-308,-3.95
2026-09-09T12:00:08.904,1788935408.9046,2943,-2884,-36.97
2026-09-09T12:00:08.920,1788935408.9206,2944,136,1.74
2026-09-09T12:00:08.931,1788935408.9312,2945,1596,20.46
2026-09-09T12:00:08.936,1788935408.9362,2946,632,8.1
2026-09-09T12:00:08.945,1788935408.9453,2947,1260,16.15
2026-09-09T12:00:08.945,1788935408.9453,2948,1308,16.77
2026-09-09T12:00:08.961,1788935408.9612,2949,924,11.85
2026-09-09T12:00:08.961,1788935408.9612,2950,1996,25.59
2026-09-09T12:00:08.977,1788935408.9770,2951,536,6.87
2026-09-09T12:00:08.992,1788935408.9928,2952,2632,33.74
2026-09-09T12:00:09.008,1788935409.0084,2953,96,1.23
2026-09-09T12:00:09.008,1788935409.0084,2954,3128,40.1
2026-09-09T12:00:09.024,1788935409.0241,2955,-396,-5.08
2026-09-09T12:00:09.040,1788935409.0401,2956,-1328,-17.03
2026-09-09T12:00:09.040,1788935409.0401,2957,-1016,-13.03
2026-09-09T12:00:09.056,1788935409.0562,2958,-984,-12.62
2026-09-09T12:00:09.056,1788935409.0562,2959,-1748,-22.41
2026-09-09T12:00:09.072,1788935409.0721,2960,-588,-7.54
2026-09-09T12:00:09.072,1788935409.0721,2961,-2472,-31.69
2026-09-09T12:00:09.087,1788935409.0879,2962,-192,-2.46
2026-09-09T12:00:09.103,1788935409.1034,2963,-3088,-39.59
2026-09-09T12:00:09.103,1788935409.1034,2964,232,2.97
2026-09-09T12:00:09.122,1788935409.1225,2965,1448,18.56
2026-09-09T12:00:09.122,1788935409.1225,2966,800,10.26
2026-09-09T12:00:09.145,1788935409.1455,2967,1144,14.67
2026-09-09T12:00:09.151,1788935409.1515,2968,1456,18.67
2026-09-09T12:00:09.167,1788935409.1674,2969,756,9.69
2026-09-09T12:00:09.167,1788935409.1674,2970,2172,27.85
2026-09-09T12:00:09.183,1788935409.1833,2971,380,4.87
2026-09-09T12:00:09.183,1788935409.1833,2972,2804,35.95
2026-09-09T12:00:09.199,1788935409.1992,2973,-32,-0.41
2026-09-09T12:00:09.215,1788935409.2152,2974,3272,41.95
2026-09-09T12:00:09.222,1788935409.2227,2975,-568,-7.28
2026-09-09T12:00:09.231,1788935409.2317,2976,-1216,-15.59
2026-09-09T12:00:09.231,1788935409.2317,2977,-1196,-15.33
2026-09-09T12:00:09.247,1788935409.2475,2978,-836,-10.72
2026-09-09T12:00:09.263,1788935409.2638,2979,-1936,-24.82
2026-09-09T12:00:09.279,1788935409.2796,2980,-448,-5.74
2026-09-09T12:00:09.279,1788935409.2796,2981,-2644,-33.9
2026-09-09T12:00:09.295,1788935409.2956,2982,-64,-0.82
2026-09-09T12:00:09.302,1788935409.3026,2983,-3212,-41.18
2026-09-09T12:00:09.311,1788935409.3116,2984,416,5.33
2026-09-09T12:00:09.323,1788935409.3230,2985,1364,17.49
2026-09-09T12:00:09.327,1788935409.3276,2986,1000,12.82
2026-09-09T12:00:09.343,1788935409.3433,2987,1028,13.18
2026-09-09T12:00:09.343,1788935409.3433,2988,1660,21.28
2026-09-09T12:00:09.359,1788935409.3593,2989,644,8.26
2026-09-09T12:00:09.359,1788935409.3593,2990,2384,30.56
2026-09-09T12:00:09.375,1788935409.3753,2991,252,3.23
2026-09-09T12:00:09.398,1788935409.3987,2992,2944,37.74
2026-09-09T12:00:09.406,1788935409.4064,2993,-176,-2.26
2026-09-09T12:00:09.423,1788935409.4231,2994,3368,43.18
2026-09-09T12:00:09.423,1788935409.4231,2995,-752,-9.64
2026-09-09T12:00:09.423,1788935409.4231,2996,-1092,-14.0
2026-09-09T12:00:09.440,1788935409.4401,2997,-1416,-18.15
2026-09-09T12:00:09.453,1788935409.4538,2998,-740,-9.49
2026-09-09T12:00:09.453,1788935409.4538,2999,-2172,-27.85
2026-09-09T12:00:09.469,1788935409.4697,3000,-364,-4.67
2026-09-09T12:00:09.485,1788935409.4856,3001,-2816,-36.1
2026-09-09T12:00:09.485,1788935409.4856,3002,52,0.67
2026-09-09T12:00:09.501,1788935409.5013,3003,-3340,-42.82
2026-09-09T12:00:09.517,1788935409.5173,3004,556,7.13
2026-09-09T12:00:09.523,1788935409.5230,3005,1276,16.36
2026-09-09T12:00:09.539,1788935409.5392,3006,1168,14.97
2026-09-09T12:00:09.543,1788935409.5440,3007,920,11.79
2026-09-09T12:00:09.549,1788935409.5495,3008,1872,24.0
2026-09-09T12:00:09.566,1788935409.5660,3009,540,6.92
2026-09-09T12:00:09.572,1788935409.5726,3010,2516,32.26
2026-09-09T12:00:09.581,1788935409.5812,3011,100,1.28
2026-09-09T12:00:09.597,1788935409.5972,3012,3072,39.38
2026-09-09T12:00:09.603,1788935409.6032,3013,-352,-4.51
2026-09-09T12:00:09.615,1788935409.6150,3014,-1380,-17.69
2026-09-09T12:00:09.632,1788935409.6328,3015,-944,-12.1
2026-09-09T12:00:09.632,1788935409.6328,3016,-1052,-13.49
2026-09-09T12:00:09.644,1788935409.6446,3017,-1648,-21.13
2026-09-09T12:00:09.644,1788935409.6446,3018,-672,-8.62
2026-09-09T12:00:09.660,1788935409.6604,3019,-2396,-30.72
2026-09-09T12:00:09.676,1788935409.6762,3020,-264,-3.38
2026-09-09T12:00:09.676,1788935409.6762,3021,-3032,-38.87
2026-09-09T12:00:09.692,1788935409.6923,3022,160,2.05
2026-09-09T12:00:09.692,1788935409.6923,3023,-3516,-45.08
2026-09-09T12:00:09.708,1788935409.7084,3024,680,8.72
2026-09-09T12:00:09.724,1788935409.7247,3025,1120,14.36
2026-09-09T12:00:09.726,1788935409.7262,3026,1316,16.87
2026-09-09T12:00:09.751,1788935409.7513,3027,748,9.59
2026-09-09T12:00:09.756,1788935409.7565,3028,2024,25.95
2026-09-09T12:00:09.756,1788935409.7565,3029,356,4.56
2026-09-09T12:00:09.772,1788935409.7726,3030,2660,34.1
2026-09-09T12:00:09.772,1788935409.7726,3031,-68,-0.87
2026-09-09T12:00:09.788,1788935409.7886,3032,3160,40.51
2026-09-09T12:00:09.804,1788935409.8046,3033,-548,-7.03
2026-09-09T12:00:09.804,1788935409.8046,3034,-1284,-16.46
2026-09-09T12:00:09.823,1788935409.8233,3035,-1132,-14.51
2026-09-09T12:00:09.823,1788935409.8233,3036,-888,-11.38
2026-09-09T12:00:09.836,1788935409.8366,3037,-1820,-23.33
2026-09-09T12:00:09.852,1788935409.8524,3038,-464,-5.95
2026-09-09T12:00:09.868,1788935409.8684,3039,-2472,-31.69
2026-09-09T12:00:09.868,1788935409.8684,3040,-8,-0.1
2026-09-09T12:00:09.884,1788935409.8843,3041,-3004,-38.51
2026-09-09T12:00:09.884,1788935409.8843,3042,508,6.51
2026-09-09T12:00:09.903,1788935409.9033,3043,-3408,-43.69
2026-09-09T12:00:09.916,1788935409.9163,3044,1092,14.0
2026-09-09T12:00:09.923,1788935409.9233,3045,1204,15.44
2026-09-09T12:00:09.937,1788935409.9379,3046,1728,22.15
2026-09-09T12:00:09.948,1788935409.9482,3047,828,10.62
2026-09-09T12:00:09.948,1788935409.9482,3048,2392,30.67
2026-09-09T12:00:09.964,1788935409.9644,3049,380,4.87
2026-09-09T12:00:09.964,1788935409.9644,3050,2940,37.69
2026-09-09T12:00:09.980,1788935409.9802,3051,-72,-0.92
2026-09-09T12:00:09.996,1788935409.9962,3052,3332,42.72
2026-09-09T12:00:09.996,1788935409.9962,3053,-656,-8.41
2026-09-09T12:00:10.011,1788935410.0120,3054,-1128,-14.46
2026-09-09T12:00:10.027,1788935410.0276,3055,-1332,-17.08
2026-09-09T12:00:10.027,1788935410.0276,3056,-788,-10.1
2026-09-09T12:00:10.043,1788935410.0435,3057,-2064,-26.46
2026-09-09T12:00:10.043,1788935410.0435,3058,-392,-5.03
2026-09-09T12:00:10.059,1788935410.0593,3059,-2736,-35.08
2026-09-09T12:00:10.059,1788935410.0593,3060,36,0.46
2026-09-09T12:00:10.075,1788935410.0755,3061,-3280,-42.05
2026-09-09T12:00:10.091,1788935410.0912,3062,508,6.51
2026-09-09T12:00:10.107,1788935410.1071,3063,-3676,-47.13
2026-09-09T12:00:10.113,1788935410.1132,3064,1100,14.1
2026-09-09T12:00:10.123,1788935410.1238,3065,972,12.46
2026-09-09T12:00:10.123,1788935410.1238,3066,1804,23.13
2026-09-09T12:00:10.138,1788935410.1385,3067,576,7.38
2026-09-09T12:00:10.154,1788935410.1542,3068,2476,31.74
2026-09-09T12:00:10.154,1788935410.1542,3069,152,1.95
2026-09-09T12:00:10.170,1788935410.1701,3070,3000,38.46
2026-09-09T12:00:10.185,1788935410.1860,3071,-332,-4.26
2026-09-09T12:00:10.187,1788935410.1880,3072,3404,43.64
2026-09-09T12:00:10.202,1788935410.2021,3073,-908,-11.64
2026-09-09T12:00:10.217,1788935410.2179,3074,-1080,-13.85
2026-09-09T12:00:10.223,1788935410.2237,3075,-1600,-20.51
2026-09-09T12:00:10.238,1788935410.2387,3076,-704,-9.03
2026-09-09T12:00:10.249,1788935410.2497,3077,-2360,-30.26
2026-09-09T12:00:10.255,1788935410.2560,3078,-296,-3.79
2026-09-09T12:00:10.265,1788935410.2657,3079,-2956,-37.9
2026-09-09T12:00:10.265,1788935410.2657,3080,128,1.64
2026-09-09T12:00:10.283,1788935410.2835,3081,-3456,-44.31
2026-09-09T12:00:10.283,1788935410.2835,3082,672,8.62
2026-09-09T12:00:10.297,1788935410.2973,3083,-3780,-48.46
2026-09-09T12:00:10.313,1788935410.3136,3084,1308,16.77
2026-09-09T12:00:10.324,1788935410.3241,3085,852,10.92
2026-09-09T12:00:10.339,1788935410.3396,3086,2036,26.1
2026-09-09T12:00:10.345,1788935410.3455,3087,460,5.9
2026-09-09T12:00:10.345,1788935410.3455,3088,2684,34.41
2026-09-09T12:00:10.361,1788935410.3613,3089,64,0.82
2026-09-09T12:00:10.377,1788935410.3773,3090,3224,41.33
2026-09-09T12:00:10.377,1788935410.3773,3091,-424,-5.44
2026-09-09T12:00:10.393,1788935410.3935,3092,3560,45.64
2026-09-09T12:00:10.393,1788935410.3935,3093,-1040,-13.33
2026-09-09T12:00:10.409,1788935410.4095,3094,-876,-11.23
2026-09-09T12:00:10.424,1788935410.4246,3095,-1740,-22.31
2026-09-09T12:00:10.425,1788935410.4256,3096,-488,-6.26
2026-09-09T12:00:10.445,1788935410.4452,3097,-2484,-31.85
2026-09-09T12:00:10.457,1788935410.4577,3098,-144,-1.85
2026-09-09T12:00:10.457,1788935410.4577,3099,-3084,-39.54
2026-09-09T12:00:10.473,1788935410.4737,3100,328,4.21
2026-09-09T12:00:10.473,1788935410.4737,3101,-3540,-45.38
2026-09-09T12:00:10.489,1788935410.4894,3102,880,11.28
2026-09-09T12:00:10.505,1788935410.5052,3103,-3848,-49.33
2026-09-09T12:00:10.512,1788935410.5121,3104,1520,19.49
2026-09-09T12:00:10.530,1788935410.5301,3105,716,9.18
2026-09-09T12:00:10.536,1788935410.5370,3106,2216,28.41
2026-09-09T12:00:10.541,1788935410.5416,3107,296,3.79
2026-09-09T12:00:10.554,1788935410.5543,3108,2812,36.05
2026-09-09T12:00:10.563,1788935410.5634,3109,-144,-1.85
2026-09-09T12:00:10.573,1788935410.5736,3110,3280,42.05
2026-09-09T12:00:10.584,1788935410.5848,3111,-636,-8.15
2026-09-09T12:00:10.584,1788935410.5848,3112,3612,46.31
2026-09-09T12:00:10.600,1788935410.6007,3113,-1272,-16.31
2026-09-09T12:00:10.616,1788935410.6165,3114,-812,-10.41
2026-09-09T12:00:10.624,1788935410.6249,3115,-1984,-25.44
2026-09-09T12:00:10.632,1788935410.6324,3116,-424,-5.44
2026-09-09T12:00:10.632,1788935410.6324,3117,-2676,-34.31
2026-09-09T12:00:10.648,1788935410.6481,3118,4,0.05
2026-09-09T12:00:10.664,1788935410.6642,3119,-3216,-41.23
2026-09-09T12:00:10.664,1788935410.6642,3120,480,6.15
2026-09-09T12:00:10.695,1788935410.6958,3121,-3612,-46.31
2026-09-09T12:00:10.695,1788935410.6958,3122,1116,14.31
2026-09-09T12:00:10.704,1788935410.7048,3123,-3888,-49.85
2026-09-09T12:00:10.711,1788935410.7118,3124,1796,23.03
2026-09-09T12:00:10.728,1788935410.7287,3125,652,8.36
2026-09-09T12:00:10.738,1788935410.7383,3126,2460,31.54
2026-09-09T12:00:10.742,1788935410.7427,3127,220,2.82
2026-09-09T12:00:10.742,1788935410.7427,3128,3020,38.72
2026-09-09T12:00:10.762,1788935410.7624,3129,-240,-3.08
2026-09-09T12:00:10.774,1788935410.7743,3130,3392,43.49
2026-09-09T12:00:10.774,1788935410.7743,3131,-836,-10.72
2026-09-09T12:00:10.790,1788935410.7900,3132,3672,47.08
2026-09-09T12:00:10.790,1788935410.7900,3133,-1552,-19.9
2026-09-09T12:00:10.822,1788935410.8220,3134,-744,-9.54
2026-09-09T12:00:10.825,1788935410.8252,3135,-2280,-29.23
2026-09-09T12:00:10.838,1788935410.8380,3136,-332,-4.26
2026-09-09T12:00:10.842,1788935410.8427,3137,-2928,-37.54
2026-09-09T12:00:10.854,1788935410.8541,3138,84,1.08
2026-09-09T12:00:10.854,1788935410.8541,3139,-3420,-43.85
2026-09-09T12:00:10.869,1788935410.8700,3140,632,8.1
2026-09-09T12:00:10.886,1788935410.8860,3141,-3772,-48.36
2026-09-09T12:00:10.892,1788935410.8920,3142,1240,15.9
2026-09-09T12:00:10.902,1788935410.9020,3143,828,10.62
2026-09-09T12:00:10.902,1788935410.9020,3144,1952,25.03
2026-09-09T12:00:10.917,1788935410.9178,3145,456,5.85
2026-09-09T12:00:10.933,1788935410.9338,3146,2600,33.33
2026-09-09T12:00:10.933,1788935410.9338,3147,20,0.26
2026-09-09T12:00:10.949,1788935410.9496,3148,3104,39.79
2026-09-09T12:00:10.968,1788935410.9688,3149,-452,-5.79
2026-09-09T12:00:10.968,1788935410.9688,3150,3464,44.41
2026-09-09T12:00:10.981,1788935410.9817,3151,-1052,-13.49
2026-09-09T12:00:10.981,1788935410.9817,3152,3724,47.74
2026-09-09T12:00:10.996,1788935410.9970,3153,-1772,-22.72
2026-09-09T12:00:11.013,1788935411.0132,3154,-616,-7.9
2026-09-09T12:00:11.013,1788935411.0132,3155,-2496,-32.0
2026-09-09T12:00:11.029,1788935411.0293,3156,-196,-2.51
2026-09-09T12:00:11.045,1788935411.0450,3157,-3100,-39.74
2026-09-09T12:00:11.045,1788935411.0450,3158,248,3.18
2026-09-09T12:00:11.061,1788935411.0613,3159,-3536,-45.33
2026-09-09T12:00:11.077,1788935411.0770,3160,808,10.36
2026-09-09T12:00:11.077,1788935411.0770,3161,-3844,-49.28
2026-09-09T12:00:11.093,1788935411.0931,3162,1480,18.97
2026-09-09T12:00:11.093,1788935411.0931,3163,752,9.64
2026-09-09T12:00:11.109,1788935411.1092,3164,2184,28.0
2026-09-09T12:00:11.129,1788935411.1295,3165,340,4.36
2026-09-09T12:00:11.135,1788935411.1353,3166,2808,36.0
2026-09-09T12:00:11.140,1788935411.1409,3167,-92,-1.18
2026-09-09T12:00:11.140,1788935411.1409,3168,3260,41.79
2026-09-09T12:00:11.172,1788935411.1727,3169,-632,-8.1
2026-09-09T12:00:11.172,1788935411.1727,3170,3572,45.79
2026-09-09T12:00:11.172,1788935411.1727,3171,-1292,-16.56
2026-09-09T12:00:11.188,1788935411.1886,3172,3784,48.51
2026-09-09T12:00:11.204,1788935411.2045,3173,-2016,-25.85
2026-09-09T12:00:11.204,1788935411.2045,3174,-488,-6.26
2026-09-09T12:00:11.226,1788935411.2262,3175,-2720,-34.87
2026-09-09T12:00:11.236,1788935411.2369,3176,-64,-0.82
2026-09-09T12:00:11.242,1788935411.2429,3177,-3276,-42.0
2026-09-09T12:00:11.256,1788935411.2564,3178,404,5.18
2026-09-09T12:00:11.256,1788935411.2564,3179,-3668,-47.03
2026-09-09T12:00:11.274,1788935411.2746,3180,1032,13.23
2026-09-09T12:00:11.284,1788935411.2844,3181,-3912,-50.15
2026-09-09T12:00:11.300,1788935411.3002,3182,1688,21.64
2026-09-09T12:00:11.300,1788935411.3002,3183,600,7.69
2026-09-09T12:00:11.318,1788935411.3190,3184,2392,30.67
2026-09-09T12:00:11.318,1788935411.3190,3185,192,2.46
2026-09-09T12:00:11.331,1788935411.3318,3186,2964,38.0
2026-09-09T12:00:11.331,1788935411.3318,3187,-248,-3.18
2026-09-09T12:00:11.347,1788935411.3478,3188,3364,43.13
2026-09-09T12:00:11.363,1788935411.3636,3189,-800,-10.26
2026-09-09T12:00:11.363,1788935411.3636,3190,3648,46.77
2026-09-09T12:00:11.379,1788935411.3796,3191,-1492,-19.13
2026-09-09T12:00:11.379,1788935411.3796,3192,3840,49.23
2026-09-09T12:00:11.411,1788935411.4113,3193,-2224,-28.51
2026-09-09T12:00:11.411,1788935411.4113,3194,-324,-4.15
2026-09-09T12:00:11.427,1788935411.4273,3195,-2888,-37.03
2026-09-09T12:00:11.433,1788935411.4333,3196,80,1.03
2026-09-09T12:00:11.442,1788935411.4429,3197,-3400,-43.59
2026-09-09T12:00:11.442,1788935411.4429,3198,596,7.64
2026-09-09T12:00:11.461,1788935411.4613,3199,-3768,-48.31
2026-09-09T12:00:11.474,1788935411.4746,3200,1196,15.33
2026-09-09T12:00:11.490,1788935411.4905,3201,-4020,-51.54
2026-09-09T12:00:11.492,1788935411.4925,3202,1868,23.95
2026-09-09T12:00:11.504,1788935411.5045,3203,416,5.33
2026-09-09T12:00:11.514,1788935411.5143,3204,2528,32.41
2026-09-09T12:00:11.526,1788935411.5270,3205,12,0.15
2026-09-09T12:00:11.537,1788935411.5378,3206,3036,38.92
2026-09-09T12:00:11.537,1788935411.5378,3207,-460,-5.9
2026-09-09T12:00:11.553,1788935411.5538,3208,3432,44.0
2026-09-09T12:00:11.570,1788935411.5705,3209,-1048,-13.44
2026-09-09T12:00:11.570,1788935411.5705,3210,3696,47.38
2026-09-09T12:00:11.570,1788935411.5705,3211,-1740,-22.31
2026-09-09T12:00:11.585,1788935411.5859,3212,3864,49.54
2026-09-09T12:00:11.608,1788935411.6085,3213,-2472,-31.69
2026-09-09T12:00:11.612,1788935411.6122,3214,-220,-2.82
2026-09-09T12:00:11.617,1788935411.6179,3215,-3072,-39.38
2026-09-09T12:00:11.633,1788935411.6337,3216,236,3.03
2026-09-09T12:00:11.648,1788935411.6481,3217,-3532,-45.28
2026-09-09T12:00:11.649,1788935411.6498,3218,796,10.21
2026-09-09T12:00:11.665,1788935411.6655,3219,-3828,-49.08
2026-09-09T12:00:11.665,1788935411.6655,3220,1460,18.72
2026-09-09T12:00:11.681,1788935411.6816,3221,-4024,-51.59
2026-09-09T12:00:11.692,1788935411.6927,3222,2144,27.49
2026-09-09T12:00:11.701,1788935411.7012,3223,340,4.36
2026-09-09T12:00:11.713,1788935411.7134,3224,2760,35.38
2026-09-09T12:00:11.721,1788935411.7216,3225,-84,-1.08
2026-09-09T12:00:11.730,1788935411.7302,3226,3204,41.08
2026-09-09T12:00:11.730,1788935411.7302,3227,-628,-8.05
2026-09-09T12:00:11.745,1788935411.7451,3228,3532,45.28
2026-09-09T12:00:11.760,1788935411.7608,3229,-1280,-16.41
2026-09-09T12:00:11.776,1788935411.7768,3230,3728,47.79
2026-09-09T12:00:11.776,1788935411.7768,3231,-2028,-26.0
2026-09-09T12:00:11.792,1788935411.7925,3232,3796,48.67
2026-09-09T12:00:11.808,1788935411.8084,3233,-2740,-35.13
2026-09-09T12:00:11.808,1788935411.8084,3234,-136,-1.74
2026-09-09T12:00:11.824,1788935411.8245,3235,-3304,-42.36
2026-09-09T12:00:11.833,1788935411.8330,3236,328,4.21
2026-09-09T12:00:11.840,1788935411.8406,3237,-3688,-47.28
2026-09-09T12:00:11.840,1788935411.8406,3238,952,12.21
2026-09-09T12:00:11.863,1788935411.8638,3239,-3936,-50.46
2026-09-09T12:00:11.873,1788935411.8736,3240,1636,20.97
2026-09-09T12:00:11.887,1788935411.8875,3241,-4104,-52.62
2026-09-09T12:00:11.887,1788935411.8875,3242,2316,29.69
2026-09-09T12:00:11.903,1788935411.9032,3243,200,2.56
2026-09-09T12:00:11.920,1788935411.9202,3244,2924,37.49
2026-09-09T12:00:11.929,1788935411.9298,3245,-268,-3.44
2026-09-09T12:00:11.934,1788935411.9346,3246,3332,42.72
2026-09-09T12:00:11.934,1788935411.9346,3247,-804,-10.31
2026-09-09T12:00:11.950,1788935411.9506,3248,3620,46.41
2026-09-09T12:00:11.966,1788935411.9665,3249,-1500,-19.23
2026-09-09T12:00:11.966,1788935411.9665,3250,3808,48.82
2026-09-09T12:00:11.982,1788935411.9823,3251,-2220,-28.46
2026-09-09T12:00:11.998,1788935411.9981,3252,3908,50.1
2026-09-09T12:00:11.998,1788935411.9981,3253,-2888,-37.03
2026-09-09T12:00:12.014,1788935412.0142,3254,72,0.92
2026-09-09T12:00:12.029,1788935412.0300,3255,-3384,-43.38
2026-09-09T12:00:12.029,1788935412.0300,3256,600,7.69
2026-09-09T12:00:12.045,1788935412.0458,3257,-3744,-48.0
2026-09-09T12:00:12.051,1788935412.0518,3258,1220,15.64
2026-09-09T12:00:12.061,1788935412.0619,3259,-3996,-51.23
2026-09-09T12:00:12.077,1788935412.0776,3260,1864,23.9
2026-09-09T12:00:12.077,1788935412.0776,3261,-4116,-52.77
2026-09-09T12:00:12.093,1788935412.0935,3262,2504,32.1
2026-09-09T12:00:12.093,1788935412.0935,3263,16,0.21
2026-09-09T12:00:12.109,1788935412.1096,3264,3012,38.62
2026-09-09T12:00:12.127,1788935412.1274,3265,-468,-6.0
2026-09-09T12:00:12.134,1788935412.1344,3266,3416,43.79
2026-09-09T12:00:12.142,1788935412.1430,3267,-1044,-13.38
2026-09-09T12:00:12.156,1788935412.1568,3268,3688,47.28
2026-09-09T12:00:12.156,1788935412.1568,3269,-1752,-22.46
2026-09-09T12:00:12.172,1788935412.1727,3270,3844,49.28
2026-09-09T12:00:12.172,1788935412.1727,3271,-2468,-31.64
2026-09-09T12:00:12.188,1788935412.1889,3272,-208,-2.67
2026-09-09T12:00:12.204,1788935412.2049,3273,-3068,-39.33
2026-09-09T12:00:12.204,1788935412.2049,3274,256,3.28
2026-09-09T12:00:12.220,1788935412.2208,3275,-3508,-44.97
2026-09-09T12:00:12.236,1788935412.2370,3276,780,10.0
2026-09-09T12:00:12.236,1788935412.2370,3277,-3816,-48.92
2026-09-09T12:00:12.253,1788935412.2531,3278,1436,18.41
2026-09-09T12:00:12.253,1788935412.2531,3279,-4016,-51.49
2026-09-09T12:00:12.268,1788935412.2690,3280,2164,27.74
2026-09-09T12:00:12.284,1788935412.2848,3281,-4136,-53.03
2026-09-09T12:00:12.284,1788935412.2848,3282,2772,35.54
2026-09-09T12:00:12.302,1788935412.3028,3283,-92,-1.18
2026-09-09T12:00:12.316,1788935412.3165,3284,3232,41.44
2026-09-09T12:00:12.324,1788935412.3246,3285,-632,-8.1
2026-09-09T12:00:12.331,1788935412.3317,3286,3552,45.54
2026-09-09T12:00:12.331,1788935412.3317,3287,-1284,-16.46
2026-09-09T12:00:12.347,1788935412.3475,3288,3720,47.69
2026-09-09T12:00:12.368,1788935412.3684,3289,-2004,-25.69
2026-09-09T12:00:12.368,1788935412.3684,3290,3852,49.38
2026-09-09T12:00:12.379,1788935412.3794,3291,-2744,-35.18
2026-09-09T12:00:12.395,1788935412.3954,3292,-112,-1.44
2026-09-09T12:00:12.395,1788935412.3954,3293,-3284,-42.1
2026-09-09T12:00:12.411,1788935412.4112,3294,376,4.82
2026-09-09T12:00:12.411,1788935412.4112,3295,-3684,-47.23
2026-09-09T12:00:12.427,1788935412.4280,3296,976,12.51
2026-09-09T12:00:12.443,1788935412.4432,3297,-3932,-50.41
2026-09-09T12:00:12.461,1788935412.4611,3298,1672,21.44
2026-09-09T12:00:12.462,1788935412.4623,3299,-4092,-52.46
2026-09-09T12:00:12.462,1788935412.4623,3300,2352,30.15
2026-09-09T12:00:12.474,1788935412.4750,3301,-4152,-53.23
2026-09-09T12:00:12.490,1788935412.4907,3302,2932,37.59
2026-09-09T12:00:12.506,1788935412.5063,3303,-260,-3.33
2026-09-09T12:00:12.506,1788935412.5063,3304,3332,42.72
2026-09-09T12:00:12.528,1788935412.5281,3305,-828,-10.62
2026-09-09T12:00:12.538,1788935412.5385,3306,3652,46.82
2026-09-09T12:00:12.538,1788935412.5385,3307,-1508,-19.33
2026-09-09T12:00:12.554,1788935412.5543,3308,3816,48.92
2026-09-09T12:00:12.564,1788935412.5644,3309,-2264,-29.03
2026-09-09T12:00:12.575,1788935412.5754,3310,3916,50.21
2026-09-09T12:00:12.585,1788935412.5856,3311,-2916,-37.38
2026-09-09T12:00:12.585,1788935412.5856,3312,92,1.18
2026-09-09T12:00:12.601,1788935412.6014,3313,-3424,-43.9
2026-09-09T12:00:12.601,1788935412.6014,3314,608,7.79
2026-09-09T12:00:12.633,1788935412.6330,3315,-3780,-48.46
2026-09-09T12:00:12.633,1788935412.6330,3316,1232,15.79
2026-09-09T12:00:12.633,1788935412.6330,3317,-4012,-51.44
2026-09-09T12:00:12.648,1788935412.6487,3318,1908,24.46
2026-09-09T12:00:12.664,1788935412.6645,3319,-4156,-53.28
2026-09-09T12:00:12.664,1788935412.6645,3320,2528,32.41
2026-09-09T12:00:12.682,1788935412.6822,3321,-4220,-54.1
2026-09-09T12:00:12.695,1788935412.6959,3322,3036,38.92
2026-09-09T12:00:12.695,1788935412.6959,3323,-512,-6.56
2026-09-09T12:00:12.715,1788935412.7156,3324,3412,43.74
2026-09-09T12:00:12.724,1788935412.7242,3325,-1100,-14.1
2026-09-09T12:00:12.728,1788935412.7285,3326,3668,47.03
2026-09-09T12:00:12.743,1788935412.7433,3327,-1780,-22.82
2026-09-09T12:00:12.759,1788935412.7591,3328,3824,49.03
2026-09-09T12:00:12.763,1788935412.7631,3329,-2512,-32.21
2026-09-09T12:00:12.775,1788935412.7750,3330,3912,50.15
2026-09-09T12:00:12.775,1788935412.7750,3331,-3108,-39.85
2026-09-09T12:00:12.791,1788935412.7911,3332,248,3.18
2026-09-09T12:00:12.807,1788935412.8070,3333,-3540,-45.38
2026-09-09T12:00:12.813,1788935412.8130,3334,832,10.67
2026-09-09T12:00:12.823,1788935412.8233,3335,-3844,-49.28
2026-09-09T12:00:12.828,1788935412.8287,3336,1496,19.18
2026-09-09T12:00:12.841,1788935412.8415,3337,-4048,-51.9
2026-09-09T12:00:12.854,1788935412.8542,3338,2188,28.05
2026-09-09T12:00:12.864,1788935412.8642,3339,-4140,-53.08
2026-09-09T12:00:12.879,1788935412.8795,3340,2792,35.79
2026-09-09T12:00:12.885,1788935412.8854,3341,-4144,-53.13
2026-09-09T12:00:12.885,1788935412.8854,3342,3252,41.69
2026-09-09T12:00:12.901,1788935412.9015,3343,-652,-8.36
2026-09-09T12:00:12.917,1788935412.9173,3344,3568,45.74
2026-09-09T12:00:12.928,1788935412.9289,3345,-1300,-16.67
2026-09-09T12:00:12.932,1788935412.9327,3346,3756,48.15
2026-09-09T12:00:12.941,1788935412.9418,3347,-2052,-26.31
2026-09-09T12:00:12.948,1788935412.9485,3348,3872,49.64
2026-09-09T12:00:12.964,1788935412.9646,3349,-2752,-35.28
2026-09-09T12:00:12.964,1788935412.9646,3350,3900,50.0
2026-09-09T12:00:12.980,1788935412.9807,3351,-3328,-42.67
2026-09-09T12:00:12.996,1788935412.9963,3352,344,4.41
2026-09-09T12:00:12.996,1788935412.9963,3353,-3732,-47.85
2026-09-09T12:00:13.012,1788935413.0124,3354,992,12.72
2026-09-09T12:00:13.022,1788935413.0229,3355,-3976,-50.97
2026-09-09T12:00:13.028,1788935413.0289,3356,1688,21.64
2026-09-09T12:00:13.044,1788935413.0441,3357,-4108,-52.67
2026-09-09T12:00:13.044,1788935413.0441,3358,2376,30.46
2026-09-09T12:00:13.060,1788935413.0603,3359,-4164,-53.38
2026-09-09T12:00:13.076,1788935413.0760,3360,2960,37.95
2026-09-09T12:00:13.076,1788935413.0760,3361,-4172,-53.49
2026-09-09T12:00:13.092,1788935413.0923,3362,3376,43.28
2026-09-09T12:00:13.092,1788935413.0923,3363,-880,-11.28
2026-09-09T12:00:13.123,1788935413.1236,3364,3664,46.97
2026-09-09T12:00:13.123,1788935413.1236,3365,-1536,-19.69
2026-09-09T12:00:13.129,1788935413.1294,3366,3840,49.23
2026-09-09T12:00:13.139,1788935413.1394,3367,-2268,-29.08
2026-09-09T12:00:13.155,1788935413.1553,3368,3968,50.87
2026-09-09T12:00:13.155,1788935413.1553,3369,-2912,-37.33
2026-09-09T12:00:13.171,1788935413.1713,3370,3980,51.03
2026-09-09T12:00:13.171,1788935413.1713,3371,-3420,-43.85
2026-09-09T12:00:13.187,1788935413.1870,3372,656,8.41
2026-09-09T12:00:13.205,1788935413.2050,3373,-3740,-47.95
2026-09-09T12:00:13.213,1788935413.2139,3374,1296,16.62
2026-09-09T12:00:13.224,1788935413.2250,3375,-3980,-51.03
2026-09-09T12:00:13.243,1788935413.2431,3376,1992,25.54
2026-09-09T12:00:13.250,1788935413.2508,3377,-4080,-52.31
2026-09-09T12:00:13.250,1788935413.2508,3378,2652,34.0
2026-09-09T12:00:13.266,1788935413.2668,3379,-4128,-52.92
2026-09-09T12:00:13.272,1788935413.2729,3380,3152,40.41
2026-09-09T12:00:13.282,1788935413.2826,3381,-452,-5.79
2026-09-09T12:00:13.282,1788935413.2826,3382,3504,44.92
2026-09-09T12:00:13.298,1788935413.2982,3383,-1068,-13.69
2026-09-09T12:00:13.314,1788935413.3144,3384,3752,48.1
2026-09-09T12:00:13.330,1788935413.3300,3385,-1768,-22.67
2026-09-09T12:00:13.330,1788935413.3300,3386,3908,50.1
2026-09-09T12:00:13.330,1788935413.3300,3387,-2488,-31.9
2026-09-09T12:00:13.345,1788935413.3459,3388,3992,51.18
2026-09-09T12:00:13.361,1788935413.3620,3389,-3072,-39.38
2026-09-09T12:00:13.380,1788935413.3809,3390,3976,50.97
2026-09-09T12:00:13.380,1788935413.3809,3391,-3524,-45.18
2026-09-09T12:00:13.394,1788935413.3941,3392,896,11.49
2026-09-09T12:00:13.410,1788935413.4101,3393,-3832,-49.13
2026-09-09T12:00:13.410,1788935413.4101,3394,1556,19.95
2026-09-09T12:00:13.425,1788935413.4260,3395,-3992,-51.18
2026-09-09T12:00:13.431,1788935413.4315,3396,2268,29.08
2026-09-09T12:00:13.442,1788935413.4422,3397,-4088,-52.41
2026-09-09T12:00:13.442,1788935413.4422,3398,2848,36.51
2026-09-09T12:00:13.463,1788935413.4640,3399,-4104,-52.62
2026-09-09T12:00:13.475,1788935413.4751,3400,3316,42.51
2026-09-09T12:00:13.489,1788935413.4897,3401,-616,-7.9
2026-09-09T12:00:13.489,1788935413.4897,3402,3640,46.67
2026-09-09T12:00:13.508,1788935413.5086,3403,-1276,-16.36
2026-09-09T12:00:13.515,1788935413.5150,3404,3848,49.33
2026-09-09T12:00:13.521,1788935413.5213,3405,-2008,-25.74
2026-09-09T12:00:13.537,1788935413.5372,3406,3960,50.77
2026-09-09T12:00:13.537,1788935413.5372,3407,-2700,-34.62
2026-09-09T12:00:13.553,1788935413.5535,3408,3988,51.13
2026-09-09T12:00:13.563,1788935413.5630,3409,-3256,-41.74
2026-09-09T12:00:13.570,1788935413.5702,3410,3988,51.13
2026-09-09T12:00:13.570,1788935413.5702,3411,-3644,-46.72
2026-09-09T12:00:13.585,1788935413.5853,3412,1116,14.31
2026-09-09T12:00:13.601,1788935413.6013,3413,-3892,-49.9
2026-09-09T12:00:13.617,1788935413.6173,3414,1808,23.18
2026-09-09T12:00:13.617,1788935413.6173,3415,-4060,-52.05
2026-09-09T12:00:13.633,1788935413.6331,3416,2504,32.1
2026-09-09T12:00:13.633,1788935413.6331,3417,-4092,-52.46
2026-09-09T12:00:13.649,1788935413.6493,3418,3068,39.33
2026-09-09T12:00:13.665,1788935413.6652,3419,-4080,-52.31
2026-09-09T12:00:13.673,1788935413.6732,3420,3456,44.31
2026-09-09T12:00:13.681,1788935413.6812,3421,-836,-10.72
2026-09-09T12:00:13.696,1788935413.6969,3422,3724,47.74
2026-09-09T12:00:13.696,1788935413.6969,3423,-1512,-19.38
2026-09-09T12:00:13.712,1788935413.7126,3424,3900,50.0
2026-09-09T12:00:13.723,1788935413.7233,3425,-2252,-28.87
2026-09-09T12:00:13.732,1788935413.7323,3426,3984,51.08
2026-09-09T12:00:13.744,1788935413.7442,3427,-2904,-37.23
2026-09-09T12:00:13.744,1788935413.7442,3428,4016,51.49
2026-09-09T12:00:13.760,1788935413.7606,3429,-3384,-43.38
2026-09-09T12:00:13.776,1788935413.7766,3430,3976,50.97
2026-09-09T12:00:13.776,1788935413.7766,3431,-3712,-47.59
2026-09-09T12:00:13.794,1788935413.7944,3432,1388,17.79
2026-09-09T12:00:13.808,1788935413.8084,3433,-3956,-50.72
2026-09-09T12:00:13.808,1788935413.8084,3434,2056,26.36
2026-09-09T12:00:13.824,1788935413.8242,3435,-4080,-52.31
2026-09-09T12:00:13.832,1788935413.8328,3436,2720,34.87
2026-09-09T12:00:13.839,1788935413.8399,3437,-4104,-52.62
2026-09-09T12:00:13.855,1788935413.8556,3438,3204,41.08
2026-09-09T12:00:13.855,1788935413.8556,3439,-4088,-52.41
2026-09-09T12:00:13.871,1788935413.8718,3440,3568,45.74
2026-09-09T12:00:13.887,1788935413.8875,3441,-1068,-13.69
2026-09-09T12:00:13.905,1788935413.9051,3442,3792,48.62
2026-09-09T12:00:13.908,1788935413.9085,3443,-1792,-22.97
2026-09-09T12:00:13.915,1788935413.9154,3444,3936,50.46
2026-09-09T12:00:13.919,1788935413.9191,3445,-2508,-32.15
2026-09-09T12:00:13.935,1788935413.9350,3446,3988,51.13
2026-09-09T12:00:13.943,1788935413.9430,3447,-3112,-39.9
2026-09-09T12:00:13.952,1788935413.9527,3448,3984,51.08
2026-09-09T12:00:13.964,1788935413.9647,3449,-3548,-45.49
2026-09-09T12:00:13.982,1788935413.9823,3450,3932,50.41
2026-09-09T12:00:13.982,1788935413.9823,3451,-3844,-49.28
2026-09-09T12:00:13.982,1788935413.9823,3452,1592,20.41
2026-09-09T12:00:14.000,1788935414.0008,3453,-4024,-51.59
2026-09-09T12:00:14.014,1788935414.0140,3454,2296,29.44
2026-09-09T12:00:14.032,1788935414.0329,3455,-4140,-53.08
2026-09-09T12:00:14.032,1788935414.0329,3456,2884,36.97
2026-09-09T12:00:14.045,1788935414.0459,3457,-4136,-53.03
2026-09-09T12:00:14.052,1788935414.0521,3458,3320,42.56
2026-09-09T12:00:14.061,1788935414.0616,3459,-4084,-52.36
2026-09-09T12:00:14.061,1788935414.0616,3460,3648,46.77
2026-09-09T12:00:14.077,1788935414.0777,3461,-1328,-17.03
2026-09-09T12:00:14.093,1788935414.0936,3462,3852,49.38
2026-09-09T12:00:14.109,1788935414.1093,3463,-2052,-26.31
2026-09-09T12:00:14.109,1788935414.1093,3464,3964,50.82
2026-09-09T12:00:14.125,1788935414.1254,3465,-2720,-34.87
2026-09-09T12:00:14.133,1788935414.1334,3466,4036,51.74
2026-09-09T12:00:14.141,1788935414.1415,3467,-3252,-41.69
2026-09-09T12:00:14.157,1788935414.1572,3468,4016,51.49
2026-09-09T12:00:14.157,1788935414.1572,3469,-3616,-46.36
2026-09-09T12:00:14.173,1788935414.1735,3470,3912,50.15
2026-09-09T12:00:14.173,1788935414.1735,3471,-3872,-49.64
2026-09-09T12:00:14.189,1788935414.1894,3472,1900,24.36
2026-09-09T12:00:14.189,1788935414.1894,3473,-4012,-51.44
2026-09-09T12:00:14.205,1788935414.2054,3474,2552,32.72
2026-09-09T12:00:14.233,1788935414.2334,3475,-4068,-52.15
2026-09-09T12:00:14.236,1788935414.2369,3476,3104,39.79
2026-09-09T12:00:14.236,1788935414.2369,3477,-4072,-52.21
2026-09-09T12:00:14.253,1788935414.2530,3478,3496,44.82
2026-09-09T12:00:14.253,1788935414.2530,3479,-4004,-51.33
2026-09-09T12:00:14.268,1788935414.2689,3480,3752,48.1
2026-09-09T12:00:14.284,1788935414.2846,3481,-1552,-19.9
2026-09-09T12:00:14.284,1788935414.2846,3482,3904,50.05
2026-09-09T12:00:14.305,1788935414.3055,3483,-2304,-29.54
2026-09-09T12:00:14.316,1788935414.3163,3484,3980,51.03
2026-09-09T12:00:14.316,1788935414.3163,3485,-2952,-37.85
2026-09-09T12:00:14.333,1788935414.3335,3486,3996,51.23
2026-09-09T12:00:14.347,1788935414.3478,3487,-3424,-43.9
2026-09-09T12:00:14.347,1788935414.3478,3488,3940,50.51
2026-09-09T12:00:14.363,1788935414.3636,3489,-3776,-48.41
2026-09-09T12:00:14.363,1788935414.3636,3490,3808,48.82
2026-09-09T12:00:14.379,1788935414.3795,3491,-3988,-51.13
2026-09-09T12:00:14.395,1788935414.3955,3492,2084,26.72
2026-09-09T12:00:14.402,1788935414.4021,3493,-4084,-52.36
2026-09-09T12:00:14.411,1788935414.4116,3494,2740,35.13
2026-09-09T12:00:14.422,1788935414.4221,3495,-4112,-52.72
2026-09-09T12:00:14.439,1788935414.4393,3496,3212,41.18
2026-09-09T12:00:14.443,1788935414.4437,3497,-4076,-52.26
2026-09-09T12:00:14.453,1788935414.4537,3498,3536,45.33
2026-09-09T12:00:14.463,1788935414.4635,3499,-3968,-50.87
2026-09-09T12:00:14.478,1788935414.4783,3500,3772,48.36
2026-09-09T12:00:14.478,1788935414.4783,3501,-1836,-23.54
2026-09-09T12:00:14.491,1788935414.4911,3502,3932,50.41
2026-09-09T12:00:14.506,1788935414.5070,3503,-2552,-32.72
2026-09-09T12:00:14.506,1788935414.5070,3504,3992,51.18
2026-09-09T12:00:14.522,1788935414.5227,3505,-3124,-40.05
2026-09-09T12:00:14.533,1788935414.5336,3506,4004,51.33
2026-09-09T12:00:14.538,1788935414.5388,3507,-3560,-45.64
2026-09-09T12:00:14.554,1788935414.5546,3508,3900,50.0
2026-09-09T12:00:14.559,1788935414.5592,3509,-3860,-49.49
2026-09-09T12:00:14.571,1788935414.5713,3510,1624,20.82
2026-09-09T12:00:14.571,1788935414.5713,3511,-4016,-51.49
2026-09-09T12:00:14.602,1788935414.6022,3512,2304,29.54
2026-09-09T12:00:14.609,1788935414.6097,3513,-4124,-52.87
2026-09-09T12:00:14.609,1788935414.6097,3514,2884,36.97
2026-09-09T12:00:14.618,1788935414.6182,3515,-4116,-52.77
2026-09-09T12:00:14.633,1788935414.6337,3516,3348,42.92
2026-09-09T12:00:14.649,1788935414.6496,3517,-4072,-52.21
2026-09-09T12:00:14.653,1788935414.6537,3518,3652,46.82
2026-09-09T12:00:14.665,1788935414.6655,3519,-3960,-50.77
2026-09-09T12:00:14.665,1788935414.6655,3520,3836,49.18
2026-09-09T12:00:14.681,1788935414.6816,3521,-2108,-27.03
2026-09-09T12:00:14.681,1788935414.6816,3522,3956,50.72
2026-09-09T12:00:14.705,1788935414.7051,3523,-2792,-35.79
2026-09-09T12:00:14.713,1788935414.7136,3524,3992,51.18
2026-09-09T12:00:14.729,1788935414.7299,3525,-3320,-42.56
2026-09-09T12:00:14.734,1788935414.7347,3526,3952,50.67
2026-09-09T12:00:14.744,1788935414.7450,3527,-3688,-47.28
2026-09-09T12:00:14.744,1788935414.7450,3528,3852,49.38
2026-09-09T12:00:14.776,1788935414.7769,3529,-3928,-50.36
2026-09-09T12:00:14.776,1788935414.7769,3530,1872,24.0
2026-09-09T12:00:14.776,1788935414.7769,3531,-4084,-52.36
2026-09-09T12:00:14.792,1788935414.7930,3532,2524,32.36
2026-09-09T12:00:14.792,1788935414.7930,3533,-4136,-53.03
2026-09-09T12:00:14.808,1788935414.8089,3534,3068,39.33
2026-09-09T12:00:14.824,1788935414.8245,3535,-4120,-52.82
2026-09-09T12:00:14.832,1788935414.8325,3536,3440,44.1
2026-09-09T12:00:14.856,1788935414.8563,3537,-4040,-51.79
2026-09-09T12:00:14.856,1788935414.8563,3538,3704,47.49
2026-09-09T12:00:14.856,1788935414.8563,3539,-3860,-49.49
2026-09-09T12:00:14.872,1788935414.8723,3540,3880,49.74
2026-09-09T12:00:14.872,1788935414.8723,3541,-2368,-30.36
2026-09-09T12:00:14.898,1788935414.8982,3542,3972,50.92
2026-09-09T12:00:14.903,1788935414.9039,3543,-2996,-38.41
2026-09-09T12:00:14.903,1788935414.9039,3544,3984,51.08
2026-09-09T12:00:14.919,1788935414.9197,3545,-3476,-44.56
2026-09-09T12:00:14.935,1788935414.9352,3546,3924,50.31
2026-09-09T12:00:14.935,1788935414.9352,3547,-3800,-48.72
2026-09-09T12:00:14.951,1788935414.9510,3548,3800,48.72
2026-09-09T12:00:14.951,1788935414.9510,3549,-4004,-51.33
2026-09-09T12:00:14.982,1788935414.9829,3550,2120,27.18
2026-09-09T12:00:14.982,1788935414.9829,3551,-4100,-52.56
2026-09-09T12:00:14.998,1788935414.9986,3552,2740,35.13
2026-09-09T12:00:14.998,1788935414.9986,3553,-4120,-52.82
2026-09-09T12:00:15.014,1788935415.0148,3554,3220,41.28
2026-09-09T12:00:15.014,1788935415.0148,3555,-4084,-52.36
2026-09-09T12:00:15.036,1788935415.0363,3556,3548,45.49
2026-09-09T12:00:15.046,1788935415.0461,3557,-3960,-50.77
2026-09-09T12:00:15.046,1788935415.0461,3558,3792,48.62
2026-09-09T12:00:15.063,1788935415.0632,3559,-3768,-48.31
2026-09-09T12:00:15.063,1788935415.0632,3560,3908,50.1
2026-09-09T12:00:15.077,1788935415.0772,3561,-2596,-33.28
2026-09-09T12:00:15.104,1788935415.1048,3562,3980,51.03
2026-09-09T12:00:15.109,1788935415.1094,3563,-3180,-40.77
2026-09-09T12:00:15.109,1788935415.1094,3564,3980,51.03
2026-09-09T12:00:15.125,1788935415.1254,3565,-3576,-45.85
2026-09-09T12:00:15.136,1788935415.1364,3566,3912,50.15
2026-09-09T12:00:15.141,1788935415.1413,3567,-3868,-49.59
2026-09-09T12:00:15.152,1788935415.1526,3568,3732,47.85
2026-09-09T12:00:15.157,1788935415.1570,3569,-4008,-51.38
2026-09-09T12:00:15.172,1788935415.1728,3570,2364,30.31
2026-09-09T12:00:15.188,1788935415.1888,3571,-4124,-52.87
2026-09-09T12:00:15.193,1788935415.1935,3572,2964,38.0
2026-09-09T12:00:15.204,1788935415.2046,3573,-4116,-52.77
2026-09-09T12:00:15.214,1788935415.2146,3574,3380,43.33
2026-09-09T12:00:15.224,1788935415.2244,3575,-4072,-52.21
2026-09-09T12:00:15.236,1788935415.2363,3576,3656,46.87
2026-09-09T12:00:15.236,1788935415.2363,3577,-3920,-50.26
2026-09-09T12:00:15.251,1788935415.2520,3578,3848,49.33
2026-09-09T12:00:15.268,1788935415.2681,3579,-3672,-47.08
2026-09-09T12:00:15.268,1788935415.2681,3580,3960,50.77
2026-09-09T12:00:15.283,1788935415.2839,3581,-2812,-36.05
2026-09-09T12:00:15.283,1788935415.2839,3582,3984,51.08
2026-09-09T12:00:15.300,1788935415.3000,3583,-3340,-42.82
2026-09-09T12:00:15.315,1788935415.3158,3584,3956,50.72
2026-09-09T12:00:15.315,1788935415.3158,3585,-3708,-47.54
2026-09-09T12:00:15.331,1788935415.3315,3586,3844,49.28
2026-09-09T12:00:15.347,1788935415.3471,3587,-3956,-50.72
2026-09-09T12:00:15.347,1788935415.3471,3588,3652,46.82
2026-09-09T12:00:15.369,1788935415.3693,3589,-4080,-52.31
2026-09-09T12:00:15.378,1788935415.3790,3590,2592,33.23
2026-09-09T12:00:15.394,1788935415.3949,3591,-4140,-53.08
2026-09-09T12:00:15.394,1788935415.3949,3592,3124,40.05
2026-09-09T12:00:15.394,1788935415.3949,3593,-4104,-52.62
2026-09-09T12:00:15.410,1788935415.4108,3594,3472,44.51
2026-09-09T12:00:15.426,1788935415.4265,3595,-4012,-51.44
2026-09-09T12:00:15.437,1788935415.4371,3596,3748,48.05
2026-09-09T12:00:15.442,1788935415.4426,3597,-3820,-48.97
2026-09-09T12:00:15.442,1788935415.4426,3598,3904,50.05
2026-09-09T12:00:15.458,1788935415.4586,3599,-3548,-45.49
2026-09-09T12:00:15.474,1788935415.4743,3600,3976,50.97
2026-09-09T12:00:15.474,1788935415.4743,3601,-3036,-38.92
2026-09-09T12:00:15.498,1788935415.4983,3602,3996,51.23
2026-09-09T12:00:15.505,1788935415.5058,3603,-3492,-44.77
2026-09-09T12:00:15.521,1788935415.5217,3604,3920,50.26
2026-09-09T12:00:15.521,1788935415.5217,3605,-3780,-48.46
2026-09-09T12:00:15.521,1788935415.5217,3606,3796,48.67
2026-09-09T12:00:15.537,1788935415.5373,3607,-3992,-51.18
2026-09-09T12:00:15.555,1788935415.5552,3608,3568,45.74
2026-09-09T12:00:15.559,1788935415.5592,3609,-4104,-52.62
2026-09-09T12:00:15.570,1788935415.5702,3610,2812,36.05
2026-09-09T12:00:15.570,1788935415.5702,3611,-4120,-52.82
2026-09-09T12:00:15.601,1788935415.6013,3612,3272,41.95
2026-09-09T12:00:15.601,1788935415.6013,3613,-4088,-52.41
2026-09-09T12:00:15.617,1788935415.6171,3614,3584,45.95
2026-09-09T12:00:15.617,1788935415.6171,3615,-3940,-50.51
2026-09-09T12:00:15.638,1788935415.6380,3616,3820,48.97
2026-09-09T12:00:15.648,1788935415.6485,3617,-3748,-48.05
2026-09-09T12:00:15.652,1788935415.6525,3618,3924,50.31
2026-09-09T12:00:15.664,1788935415.6645,3619,-3448,-44.21
2026-09-09T12:00:15.664,1788935415.6645,3620,3980,51.03
2026-09-09T12:00:15.683,1788935415.6839,3621,-3208,-41.13
2026-09-09T12:00:15.683,1788935415.6839,3622,3984,51.08
2026-09-09T12:00:15.695,1788935415.6957,3623,-3616,-46.36
2026-09-09T12:00:15.727,1788935415.7276,3624,3896,49.95
2026-09-09T12:00:15.728,1788935415.7283,3625,-3900,-50.0
2026-09-09T12:00:15.734,1788935415.7346,3626,3728,47.79
2026-09-09T12:00:15.743,1788935415.7439,3627,-4036,-51.74
2026-09-09T12:00:15.753,1788935415.7539,3628,3448,44.21
2026-09-09T12:00:15.767,1788935415.7677,3629,-4120,-52.82
2026-09-09T12:00:15.775,1788935415.7758,3630,2992,38.36
2026-09-09T12:00:15.775,1788935415.7758,3631,-4132,-52.97
2026-09-09T12:00:15.791,1788935415.7917,3632,3400,43.59
2026-09-09T12:00:15.791,1788935415.7917,3633,-4044,-51.85
2026-09-09T12:00:15.807,1788935415.8074,3634,3676,47.13
2026-09-09T12:00:15.823,1788935415.8233,3635,-3896,-49.95
2026-09-09T12:00:15.823,1788935415.8233,3636,3860,49.49
2026-09-09T12:00:15.841,1788935415.8414,3637,-3644,-46.72
2026-09-09T12:00:15.855,1788935415.8557,3638,3964,50.82
2026-09-09T12:00:15.863,1788935415.8637,3639,-3344,-42.87
2026-09-09T12:00:15.871,1788935415.8714,3640,3996,51.23
2026-09-09T12:00:15.894,1788935415.8941,3641,-3392,-43.49
2026-09-09T12:00:15.896,1788935415.8962,3642,3944,50.56
2026-09-09T12:00:15.902,1788935415.9029,3643,-3736,-47.9
2026-09-09T12:00:15.902,1788935415.9029,3644,3840,49.23
2026-09-09T12:00:15.918,1788935415.9185,3645,-3968,-50.87
2026-09-09T12:00:15.934,1788935415.9342,3646,3612,46.31
2026-09-09T12:00:15.938,1788935415.9385,3647,-4088,-52.41
2026-09-09T12:00:15.950,1788935415.9501,3648,3336,42.77
2026-09-09T12:00:15.969,1788935415.9693,3649,-4140,-53.08
2026-09-09T12:00:15.969,1788935415.9693,3650,3136,40.21
2026-09-09T12:00:15.982,1788935415.9822,3651,-4116,-52.77
2026-09-09T12:00:15.997,1788935415.9975,3652,3496,44.82
2026-09-09T12:00:16.013,1788935416.0135,3653,-4004,-51.33
2026-09-09T12:00:16.013,1788935416.0135,3654,3740,47.95
2026-09-09T12:00:16.023,1788935416.0233,3655,-3828,-49.08
2026-09-09T12:00:16.029,1788935416.0294,3656,3888,49.85
2026-09-09T12:00:16.045,1788935416.0453,3657,-3548,-45.49
2026-09-09T12:00:16.045,1788935416.0453,3658,3972,50.92
2026-09-09T12:00:16.062,1788935416.0626,3659,-3112,-39.9
2026-09-09T12:00:16.073,1788935416.0737,3660,3960,50.77
2026-09-09T12:00:16.084,1788935416.0847,3661,-3556,-45.59
2026-09-09T12:00:16.096,1788935416.0965,3662,3892,49.9
2026-09-09T12:00:16.096,1788935416.0965,3663,-3844,-49.28
2026-09-09T12:00:16.112,1788935416.1122,3664,3736,47.9
2026-09-09T12:00:16.123,1788935416.1239,3665,-4028,-51.64
2026-09-09T12:00:16.123,1788935416.1239,3666,3500,44.87
2026-09-09T12:00:16.147,1788935416.1478,3667,-4104,-52.62
2026-09-09T12:00:16.155,1788935416.1554,3668,3208,41.13
2026-09-09T12:00:16.163,1788935416.1635,3669,-4140,-53.08
2026-09-09T12:00:16.171,1788935416.1711,3670,3272,41.95
2026-09-09T12:00:16.186,1788935416.1869,3671,-4104,-52.62
2026-09-09T12:00:16.186,1788935416.1869,3672,3588,46.0
2026-09-09T12:00:16.202,1788935416.2029,3673,-3968,-50.87
2026-09-09T12:00:16.202,1788935416.2029,3674,3796,48.67
2026-09-09T12:00:16.218,1788935416.2186,3675,-3744,-48.0
2026-09-09T12:00:16.238,1788935416.2388,3676,3908,50.1
2026-09-09T12:00:16.238,1788935416.2388,3677,-3436,-44.05
2026-09-09T12:00:16.250,1788935416.2503,3678,3968,50.87
2026-09-09T12:00:16.275,1788935416.2758,3679,-3264,-41.85
2026-09-09T12:00:16.284,1788935416.2844,3680,3960,50.77
2026-09-09T12:00:16.285,1788935416.2860,3681,-3648,-46.77
2026-09-09T12:00:16.292,1788935416.2924,3682,3852,49.38
2026-09-09T12:00:16.297,1788935416.2973,3683,-3900,-50.0
2026-09-09T12:00:16.313,1788935416.3130,3684,3704,47.49
2026-09-09T12:00:16.313,1788935416.3130,3685,-4064,-52.1
2026-09-09T12:00:16.328,1788935416.3287,3686,3424,43.9
2026-09-09T12:00:16.344,1788935416.3447,3687,-4124,-52.87
2026-09-09T12:00:16.360,1788935416.3605,3688,3124,40.05
2026-09-09T12:00:16.360,1788935416.3605,3689,-4112,-52.72
2026-09-09T12:00:16.376,1788935416.3763,3690,3428,43.95
2026-09-09T12:00:16.383,1788935416.3839,3691,-4020,-51.54
2026-09-09T12:00:16.392,1788935416.3921,3692,3712,47.59
2026-09-09T12:00:16.407,1788935416.4078,3693,-3856,-49.44
2026-09-09T12:00:16.413,1788935416.4132,3694,3904,50.05
2026-09-09T12:00:16.423,1788935416.4237,3695,-3604,-46.21
2026-09-09T12:00:16.439,1788935416.4396,3696,3996,51.23
2026-09-09T12:00:16.443,1788935416.4436,3697,-3256,-41.74
2026-09-09T12:00:16.443,1788935416.4436,3698,4016,51.49
2026-09-09T12:00:16.455,1788935416.4558,3699,-3372,-43.23
2026-09-09T12:00:16.471,1788935416.4719,3700,3972,50.92
2026-09-09T12:00:16.487,1788935416.4878,3701,-3700,-47.44
2026-09-09T12:00:16.487,1788935416.4878,3702,3860,49.49
2026-09-09T12:00:16.505,1788935416.5059,3703,-3944,-50.56
2026-09-09T12:00:16.516,1788935416.5168,3704,3636,46.62
2026-09-09T12:00:16.535,1788935416.5353,3705,-4060,-52.05
2026-09-09T12:00:16.538,1788935416.5386,3706,3348,42.92
2026-09-09T12:00:16.538,1788935416.5386,3707,-4076,-52.26
2026-09-09T12:00:16.551,1788935416.5515,3708,3024,38.77
2026-09-09T12:00:16.567,1788935416.5672,3709,-4032,-51.69
2026-09-09T12:00:16.574,1788935416.5740,3710,3584,45.95
2026-09-09T12:00:16.583,1788935416.5830,3711,-3940,-50.51
2026-09-09T12:00:16.583,1788935416.5830,3712,3796,48.67
2026-09-09T12:00:16.599,1788935416.5992,3713,-3756,-48.15
2026-09-09T12:00:16.619,1788935416.6198,3714,3960,50.77
2026-09-09T12:00:16.625,1788935416.6251,3715,-3448,-44.21
2026-09-09T12:00:16.635,1788935416.6353,3716,4000,51.28
2026-09-09T12:00:16.638,1788935416.6385,3717,-3124,-40.05
2026-09-09T12:00:16.647,1788935416.6476,3718,4004,51.33
2026-09-09T12:00:16.662,1788935416.6627,3719,-3528,-45.23
2026-09-09T12:00:16.662,1788935416.6627,3720,3940,50.51
2026-09-09T12:00:16.687,1788935416.6871,3721,-3808,-48.82
2026-09-09T12:00:16.694,1788935416.6942,3722,3776,48.41
2026-09-09T12:00:16.694,1788935416.6942,3723,-3988,-51.13
2026-09-09T12:00:16.710,1788935416.7103,3724,3536,45.33
2026-09-09T12:00:16.721,1788935416.7214,3725,-4112,-52.72
2026-09-09T12:00:16.742,1788935416.7421,3726,3204,41.08
2026-09-09T12:00:16.742,1788935416.7421,3727,-4108,-52.67
2026-09-09T12:00:16.758,1788935416.7581,3728,2876,36.87
2026-09-09T12:00:16.758,1788935416.7581,3729,-4052,-51.95
2026-09-09T12:00:16.773,1788935416.7740,3730,3644,46.72
2026-09-09T12:00:16.773,1788935416.7740,3731,-3916,-50.21
2026-09-09T12:00:16.789,1788935416.7898,3732,3844,49.28
2026-09-09T12:00:16.805,1788935416.8057,3733,-3668,-47.03
2026-09-09T12:00:16.813,1788935416.8137,3734,3948,50.62
2026-09-09T12:00:16.821,1788935416.8218,3735,-3380,-43.33
2026-09-09T12:00:16.821,1788935416.8218,3736,4000,51.28
2026-09-09T12:00:16.838,1788935416.8385,3737,-3008,-38.56
2026-09-09T12:00:16.853,1788935416.8537,3738,3984,51.08
2026-09-09T12:00:16.869,1788935416.8694,3739,-3672,-47.08
2026-09-09T12:00:16.873,1788935416.8734,3740,3880,49.74
2026-09-09T12:00:16.885,1788935416.8854,3741,-3932,-50.41
2026-09-09T12:00:16.893,1788935416.8934,3742,3700,47.44
2026-09-09T12:00:16.901,1788935416.9014,3743,-4044,-51.85
2026-09-09T12:00:16.901,1788935416.9014,3744,3424,43.9
2026-09-09T12:00:16.917,1788935416.9171,3745,-4116,-52.77
2026-09-09T12:00:16.933,1788935416.9333,3746,3120,40.0
2026-09-09T12:00:16.949,1788935416.9493,3747,-4124,-52.87
2026-09-09T12:00:16.949,1788935416.9493,3748,2744,35.18
2026-09-09T12:00:16.964,1788935416.9650,3749,-4060,-52.05
2026-09-09T12:00:16.964,1788935416.9650,3750,3728,47.79
2026-09-09T12:00:16.981,1788935416.9810,3751,-3868,-49.59
2026-09-09T12:00:16.996,1788935416.9967,3752,3888,49.85
2026-09-09T12:00:16.996,1788935416.9967,3753,-3596,-46.1
2026-09-09T12:00:17.012,1788935417.0129,3754,3972,50.92
2026-09-09T12:00:17.030,1788935417.0308,3755,-3296,-42.26
2026-09-09T12:00:17.039,1788935417.0391,3756,3984,51.08
2026-09-09T12:00:17.044,1788935417.0445,3757,-2920,-37.44
2026-09-09T12:00:17.051,1788935417.0518,3758,3904,50.05
2026-09-09T12:00:17.060,1788935417.0603,3759,-3820,-48.97
2026-09-09T12:00:17.079,1788935417.0797,3760,3776,48.41
2026-09-09T12:00:17.085,1788935417.0856,3761,-4004,-51.33
2026-09-09T12:00:17.091,1788935417.0918,3762,3552,45.54
2026-09-09T12:00:17.091,1788935417.0918,3763,-4100,-52.56
2026-09-09T12:00:17.107,1788935417.1076,3764,3276,42.0
2026-09-09T12:00:17.127,1788935417.1278,3765,-4132,-52.97
2026-09-09T12:00:17.139,1788935417.1393,3766,2956,37.9
2026-09-09T12:00:17.139,1788935417.1393,3767,-4080,-52.31
2026-09-09T12:00:17.155,1788935417.1551,3768,2636,33.79
2026-09-09T12:00:17.170,1788935417.1708,3769,-3980,-51.03
2026-09-09T12:00:17.170,1788935417.1708,3770,3812,48.87
2026-09-09T12:00:17.183,1788935417.1831,3771,-3776,-48.41
2026-09-09T12:00:17.186,1788935417.1869,3772,3948,50.62
2026-09-09T12:00:17.202,1788935417.2028,3773,-3468,-44.46
2026-09-09T12:00:17.202,1788935417.2028,3774,3980,51.03
2026-09-09T12:00:17.218,1788935417.2186,3775,-3104,-39.79
2026-09-09T12:00:17.234,1788935417.2347,3776,3976,50.97
2026-09-09T12:00:17.240,1788935417.2403,3777,-2768,-35.49
2026-09-09T12:00:17.250,1788935417.2507,3778,3908,50.1
2026-09-09T12:00:17.266,1788935417.2666,3779,-3876,-49.69
2026-09-09T12:00:17.266,1788935417.2666,3780,3728,47.79
2026-09-09T12:00:17.282,1788935417.2826,3781,-4044,-51.85
2026-09-09T12:00:17.282,1788935417.2826,3782,3460,44.36
2026-09-09T12:00:17.302,1788935417.3026,3783,-4144,-53.13
2026-09-09T12:00:17.314,1788935417.3141,3784,3168,40.62
2026-09-09T12:00:17.329,1788935417.3297,3785,-4140,-53.08
2026-09-09T12:00:17.334,1788935417.3348,3786,2832,36.31
2026-09-09T12:00:17.340,1788935417.3405,3787,-4076,-52.26
2026-09-09T12:00:17.345,1788935417.3456,3788,2496,32.0
2026-09-09T12:00:17.361,1788935417.3618,3789,-3944,-50.56
2026-09-09T12:00:17.377,1788935417.3778,3790,3840,49.23
2026-09-09T12:00:17.383,1788935417.3839,3791,-3696,-47.38
2026-09-09T12:00:17.393,1788935417.3937,3792,3940,50.51
2026-09-09T12:00:17.393,1788935417.3937,3793,-3392,-43.49
2026-09-09T12:00:17.409,1788935417.4096,3794,3960,50.77
2026-09-09T12:00:17.425,1788935417.4253,3795,-3028,-38.82
2026-09-09T12:00:17.425,1788935417.4253,3796,3916,50.21
2026-09-09T12:00:17.440,1788935417.4409,3797,-2680,-34.36
2026-09-09T12:00:17.456,1788935417.4567,3798,3812,48.87
2026-09-09T12:00:17.456,1788935417.4567,3799,-3976,-50.97
2026-09-09T12:00:17.474,1788935417.4744,3800,3632,46.56
2026-09-09T12:00:17.482,1788935417.4826,3801,-4100,-52.56
2026-09-09T12:00:17.496,1788935417.4969,3802,3356,43.03
2026-09-09T12:00:17.507,1788935417.5073,3803,-4144,-53.13
2026-09-09T12:00:17.507,1788935417.5073,3804,3024,38.77
2026-09-09T12:00:17.522,1788935417.5220,3805,-4136,-53.03
2026-09-09T12:00:17.542,1788935417.5423,3806,2728,34.97
2026-09-09T12:00:17.552,1788935417.5522,3807,-4040,-51.79
2026-09-09T12:00:17.552,1788935417.5522,3808,3720,47.69
2026-09-09T12:00:17.568,1788935417.5681,3809,-3860,-49.49
2026-09-09T12:00:17.572,1788935417.5729,3810,3896,49.95
2026-09-09T12:00:17.584,1788935417.5843,3811,-3568,-45.74
2026-09-09T12:00:17.584,1788935417.5843,3812,3980,51.03
2026-09-09T12:00:17.600,1788935417.6001,3813,-3244,-41.59
2026-09-09T12:00:17.616,1788935417.6162,3814,3984,51.08
2026-09-09T12:00:17.616,1788935417.6162,3815,-2896,-37.13
2026-09-09T12:00:17.632,1788935417.6321,3816,3908,50.1
2026-09-09T12:00:17.647,1788935417.6479,3817,-2532,-32.46
2026-09-09T12:00:17.647,1788935417.6479,3818,3776,48.41
2026-09-09T12:00:17.663,1788935417.6639,3819,-4020,-51.54
2026-09-09T12:00:17.679,1788935417.6796,3820,3544,45.44
2026-09-09T12:00:17.679,1788935417.6796,3821,-4128,-52.92
2026-09-09T12:00:17.695,1788935417.6956,3822,3244,41.59
2026-09-09T12:00:17.705,1788935417.7056,3823,-4140,-53.08
2026-09-09T12:00:17.711,1788935417.7117,3824,2916,37.38
2026-09-09T12:00:17.723,1788935417.7232,3825,-4104,-52.62
2026-09-09T12:00:17.728,1788935417.7289,3826,2572,32.97
2026-09-09T12:00:17.751,1788935417.7513,3827,-3988,-51.13
2026-09-09T12:00:17.759,1788935417.7594,3828,3764,48.26
2026-09-09T12:00:17.759,1788935417.7594,3829,-3776,-48.41
2026-09-09T12:00:17.775,1788935417.7753,3830,3916,50.21
2026-09-09T12:00:17.782,1788935417.7823,3831,-3460,-44.36
2026-09-09T12:00:17.791,1788935417.7914,3832,3988,51.13
2026-09-09T12:00:17.807,1788935417.8075,3833,-3112,-39.9
2026-09-09T12:00:17.807,1788935417.8075,3834,3980,51.03
2026-09-09T12:00:17.823,1788935417.8233,3835,-2748,-35.23
2026-09-09T12:00:17.823,1788935417.8233,3836,3892,49.9
2026-09-09T12:00:17.843,1788935417.8430,3837,-2404,-30.82
2026-09-09T12:00:17.854,1788935417.8547,3838,3720,47.69
2026-09-09T12:00:17.863,1788935417.8632,3839,-4056,-52.0
2026-09-09T12:00:17.883,1788935417.8831,3840,3436,44.05
2026-09-09T12:00:17.886,1788935417.8863,3841,-4132,-52.97
2026-09-09T12:00:17.886,1788935417.8863,3842,3144,40.31
2026-09-09T12:00:17.902,1788935417.9023,3843,-4128,-52.92
2026-09-09T12:00:17.902,1788935417.9023,3844,2820,36.15
2026-09-09T12:00:17.918,1788935417.9187,3845,-4060,-52.05
2026-09-09T12:00:17.934,1788935417.9344,3846,2484,31.85
2026-09-09T12:00:17.942,1788935417.9430,3847,-3908,-50.1
2026-09-09T12:00:17.950,1788935417.9500,3848,3888,49.85
2026-09-09T12:00:17.967,1788935417.9679,3849,-3644,-46.72
2026-09-09T12:00:17.967,1788935417.9679,3850,3976,50.97
2026-09-09T12:00:17.981,1788935417.9818,3851,-3328,-42.67
2026-09-09T12:00:17.981,1788935417.9818,3852,4008,51.38
2026-09-09T12:00:17.997,1788935417.9976,3853,-2948,-37.79
2026-09-09T12:00:18.013,1788935418.0134,3854,3956,50.72
2026-09-09T12:00:18.029,1788935418.0293,3855,-2584,-33.13
2026-09-09T12:00:18.029,1788935418.0293,3856,3852,49.38
2026-09-09T12:00:18.045,1788935418.0451,3857,-2244,-28.77
2026-09-09T12:00:18.060,1788935418.0608,3858,3652,46.82
2026-09-09T12:00:18.062,1788935418.0628,3859,-4056,-52.0
2026-09-09T12:00:18.076,1788935418.0768,3860,3372,43.23
2026-09-09T12:00:18.076,1788935418.0768,3861,-4112,-52.72
2026-09-09T12:00:18.097,1788935418.0975,3862,3044,39.03
2026-09-09T12:00:18.100,1788935418.1008,3863,-4072,-52.21
2026-09-09T12:00:18.108,1788935418.1087,3864,2732,35.03
2026-09-09T12:00:18.130,1788935418.1306,3865,-3984,-51.08
2026-09-09T12:00:18.143,1788935418.1435,3866,2408,30.87
2026-09-09T12:00:18.143,1788935418.1435,3867,-3784,-48.51
2026-09-09T12:00:18.156,1788935418.1562,3868,3936,50.46
2026-09-09T12:00:18.156,1788935418.1562,3869,-3504,-44.92
2026-09-09T12:00:18.172,1788935418.1722,3870,4012,51.44
2026-09-09T12:00:18.187,1788935418.1878,3871,-3180,-40.77
2026-09-09T12:00:18.191,1788935418.1919,3872,4000,51.28
2026-09-09T12:00:18.203,1788935418.2038,3873,-2808,-36.0
2026-09-09T12:00:18.203,1788935418.2038,3874,3940,50.51
2026-09-09T12:00:18.219,1788935418.2198,3875,-2476,-31.74
2026-09-09T12:00:18.219,1788935418.2198,3876,3792,48.62
2026-09-09T12:00:18.243,1788935418.2438,3877,-2108,-27.03
2026-09-09T12:00:18.251,1788935418.2514,3878,3544,45.44
2026-09-09T12:00:18.271,1788935418.2712,3879,-4088,-52.41
2026-09-09T12:00:18.278,1788935418.2782,3880,3272,41.95
2026-09-09T12:00:18.282,1788935418.2827,3881,-4120,-52.82
2026-09-09T12:00:18.298,1788935418.2988,3882,2924,37.49
2026-09-09T12:00:18.298,1788935418.2988,3883,-4060,-52.05
2026-09-09T12:00:18.314,1788935418.3144,3884,2616,33.54
2026-09-09T12:00:18.322,1788935418.3225,3885,-3920,-50.26
2026-09-09T12:00:18.330,1788935418.3307,3886,2252,28.87
2026-09-09T12:00:18.348,1788935418.3487,3887,-3728,-47.79
2026-09-09T12:00:18.348,1788935418.3487,3888,3944,50.56
2026-09-09T12:00:18.362,1788935418.3626,3889,-3416,-43.79
2026-09-09T12:00:18.362,1788935418.3626,3890,3980,51.03
2026-09-09T12:00:18.378,1788935418.3787,3891,-3072,-39.38
2026-09-09T12:00:18.394,1788935418.3947,3892,3948,50.62
2026-09-09T12:00:18.394,1788935418.3947,3893,-2720,-34.87
2026-09-09T12:00:18.410,1788935418.4107,3894,3876,49.69
2026-09-09T12:00:18.426,1788935418.4269,3895,-2372,-30.41
2026-09-09T12:00:18.426,1788935418.4269,3896,3696,47.38
2026-09-09T12:00:18.444,1788935418.4441,3897,-2048,-26.26
2026-09-09T12:00:18.444,1788935418.4441,3898,3444,44.15
2026-09-09T12:00:18.464,1788935418.4645,3899,-4124,-52.87
2026-09-09T12:00:18.474,1788935418.4745,3900,3124,40.05
2026-09-09T12:00:18.474,1788935418.4745,3901,-4120,-52.82
2026-09-09T12:00:18.490,1788935418.4907,3902,2796,35.85
2026-09-09T12:00:18.509,1788935418.5094,3903,-4044,-51.85
2026-09-09T12:00:18.509,1788935418.5094,3904,2460,31.54
2026-09-09T12:00:18.522,1788935418.5227,3905,-3904,-50.05
2026-09-09T12:00:18.538,1788935418.5386,3906,2144,27.49
2026-09-09T12:00:18.544,1788935418.5441,3907,-3636,-46.62
2026-09-09T12:00:18.559,1788935418.5594,3908,3960,50.77
2026-09-09T12:00:18.559,1788935418.5594,3909,-3316,-42.51
2026-09-09T12:00:18.571,1788935418.5713,3910,3980,51.03
2026-09-09T12:00:18.586,1788935418.5865,3911,-2928,-37.54
2026-09-09T12:00:18.592,1788935418.5925,3912,3964,50.82
2026-09-09T12:00:18.602,1788935418.6025,3913,-2592,-33.23
2026-09-09T12:00:18.602,1788935418.6025,3914,3812,48.87
2026-09-09T12:00:18.618,1788935418.6186,3915,-2236,-28.67
2026-09-09T12:00:18.634,1788935418.6347,3916,3600,46.15
2026-09-09T12:00:18.644,1788935418.6443,3917,-1928,-24.72
2026-09-09T12:00:18.662,1788935418.6629,3918,3320,42.56
2026-09-09T12:00:18.665,1788935418.6659,3919,-4140,-53.08
2026-09-09T12:00:18.676,1788935418.6762,3920,2968,38.05
2026-09-09T12:00:18.689,1788935418.6890,3921,-4104,-52.62
2026-09-09T12:00:18.689,1788935418.6890,3922,2652,34.0
2026-09-09T12:00:18.698,1788935418.6987,3923,-4028,-51.64
2026-09-09T12:00:18.714,1788935418.7145,3924,2332,29.9
2026-09-09T12:00:18.721,1788935418.7215,3925,-3836,-49.18
2026-09-09T12:00:18.730,1788935418.7309,3926,2000,25.64
2026-09-09T12:00:18.744,1788935418.7445,3927,-3540,-45.38
2026-09-09T12:00:18.746,1788935418.7463,3928,3964,50.82
2026-09-09T12:00:18.762,1788935418.7623,3929,-3176,-40.72
2026-09-09T12:00:18.762,1788935418.7623,3930,3960,50.77
2026-09-09T12:00:18.777,1788935418.7780,3931,-2848,-36.51
2026-09-09T12:00:18.793,1788935418.7938,3932,3888,49.85
2026-09-09T12:00:18.809,1788935418.8099,3933,-2492,-31.95
2026-09-09T12:00:18.809,1788935418.8099,3934,3720,47.69
2026-09-09T12:00:18.825,1788935418.8258,3935,-2136,-27.38
2026-09-09T12:00:18.833,1788935418.8338,3936,3476,44.56
2026-09-09T12:00:18.844,1788935418.8445,3937,-1800,-23.08
2026-09-09T12:00:18.857,1788935418.8575,3938,3184,40.82
2026-09-09T12:00:18.857,1788935418.8575,3939,-4136,-53.03
2026-09-09T12:00:18.873,1788935418.8733,3940,2864,36.72
2026-09-09T12:00:18.889,1788935418.8891,3941,-4076,-52.26
2026-09-09T12:00:18.889,1788935418.8891,3942,2552,32.72
2026-09-09T12:00:18.905,1788935418.9052,3943,-3928,-50.36
2026-09-09T12:00:18.913,1788935418.9133,3944,2224,28.51
2026-09-09T12:00:18.921,1788935418.9213,3945,-3720,-47.69
2026-09-09T12:00:18.937,1788935418.9370,3946,1900,24.36
2026-09-09T12:00:18.947,1788935418.9477,3947,-3412,-43.74
2026-09-09T12:00:18.956,1788935418.9568,3948,3960,50.77
2026-09-09T12:00:18.961,1788935418.9618,3949,-3056,-39.18
2026-09-09T12:00:18.961,1788935418.9618,3950,3968,50.87
2026-09-09T12:00:18.977,1788935418.9776,3951,-2704,-34.67
2026-09-09T12:00:18.993,1788935418.9938,3952,3852,49.38
2026-09-09T12:00:18.993,1788935418.9938,3953,-2348,-30.1
2026-09-09T12:00:19.025,1788935419.0255,3954,3656,46.87
2026-09-09T12:00:19.025,1788935419.0255,3955,-2024,-25.95
2026-09-09T12:00:19.035,1788935419.0355,3956,3384,43.38
2026-09-09T12:00:19.044,1788935419.0449,3957,-4148,-53.18
2026-09-09T12:00:19.057,1788935419.0575,3958,3080,39.49
2026-09-09T12:00:19.057,1788935419.0575,3959,-4144,-53.13
2026-09-09T12:00:19.076,1788935419.0766,3960,2736,35.08
2026-09-09T12:00:19.083,1788935419.0835,3961,-4064,-52.1
2026-09-09T12:00:19.089,1788935419.0892,3962,2392,30.67
2026-09-09T12:00:19.104,1788935419.1049,3963,-3900,-50.0
2026-09-09T12:00:19.104,1788935419.1049,3964,2092,26.82
2026-09-09T12:00:19.120,1788935419.1209,3965,-3620,-46.41
2026-09-09T12:00:19.144,1788935419.1450,3966,1812,23.23
2026-09-09T12:00:19.152,1788935419.1527,3967,-3256,-41.74
2026-09-09T12:00:19.152,1788935419.1527,3968,4008,51.38
2026-09-09T12:00:19.168,1788935419.1685,3969,-2924,-37.49
2026-09-09T12:00:19.174,1788935419.1745,3970,3940,50.51
2026-09-09T12:00:19.184,1788935419.1842,3971,-2568,-32.92
2026-09-09T12:00:19.184,1788935419.1842,3972,3796,48.67
2026-09-09T12:00:19.200,1788935419.2002,3973,-2228,-28.56
2026-09-09T12:00:19.216,1788935419.2163,3974,3568,45.74
2026-09-09T12:00:19.222,1788935419.2223,3975,-1896,-24.31
2026-09-09T12:00:19.232,1788935419.2322,3976,3264,41.85
2026-09-09T12:00:19.232,1788935419.2322,3977,-4144,-53.13
2026-09-09T12:00:19.248,1788935419.2483,3978,2964,38.0
2026-09-09T12:00:19.264,1788935419.2644,3979,-4108,-52.67
2026-09-09T12:00:19.280,1788935419.2804,3980,2612,33.49
2026-09-09T12:00:19.284,1788935419.2844,3981,-3988,-51.13
2026-09-09T12:00:19.295,1788935419.2960,3982,2304,29.54
2026-09-09T12:00:19.303,1788935419.3034,3983,-3772,-48.36
2026-09-09T12:00:19.312,1788935419.3123,3984,1972,25.28
2026-09-09T12:00:19.312,1788935419.3123,3985,-3484,-44.67
2026-09-09T12:00:19.328,1788935419.3285,3986,1680,21.54
2026-09-09T12:00:19.345,1788935419.3452,3987,-3116,-39.95
2026-09-09T12:00:19.345,1788935419.3452,3988,3976,50.97
2026-09-09T12:00:19.359,1788935419.3599,3989,-2768,-35.49
2026-09-09T12:00:19.359,1788935419.3599,3990,3868,49.59
2026-09-09T12:00:19.391,1788935419.3916,3991,-2444,-31.33
2026-09-09T12:00:19.391,1788935419.3916,3992,3720,47.69
2026-09-09T12:00:19.407,1788935419.4073,3993,-2084,-26.72
2026-09-09T12:00:19.413,1788935419.4134,3994,3472,44.51
2026-09-09T12:00:19.423,1788935419.4236,3995,-1760,-22.56
2026-09-09T12:00:19.439,1788935419.4394,3996,3176,40.72
2026-09-09T12:00:19.445,1788935419.4455,3997,-4128,-52.92
2026-09-09T12:00:19.457,1788935419.4574,3998,2856,36.62
2026-09-09T12:00:19.462,1788935419.4627,3999,-4088,-52.41
2026-09-09T12:00:19.476,1788935419.4762,4000,2500,32.05
2026-09-09T12:00:19.486,1788935419.4869,4001,-3944,-50.56
2026-09-09T12:00:19.488,1788935419.4889,4002,2172,27.85
2026-09-09T12:00:19.502,1788935419.5026,4003,-3684,-47.23
2026-09-09T12:00:19.518,1788935419.5187,4004,1884,24.15
2026-09-09T12:00:19.524,1788935419.5248,4005,-3364,-43.13
2026-09-09T12:00:19.534,1788935419.5345,4006,1556,19.95
2026-09-09T12:00:19.545,1788935419.5456,4007,-2996,-38.41
2026-09-09T12:00:19.550,1788935419.5502,4008,3944,50.56
2026-09-09T12:00:19.566,1788935419.5668,4009,-2656,-34.05
2026-09-09T12:00:19.566,1788935419.5668,4010,3856,49.44
2026-09-09T12:00:19.581,1788935419.5816,4011,-2296,-29.44
2026-09-09T12:00:19.581,1788935419.5816,4012,3636,46.62
2026-09-09T12:00:19.597,1788935419.5973,4013,-1964,-25.18
2026-09-09T12:00:19.613,1788935419.6133,4014,3356,43.03
2026-09-09T12:00:19.613,1788935419.6133,4015,-1640,-21.03
2026-09-09T12:00:19.629,1788935419.6294,4016,3036,38.92
2026-09-09T12:00:19.645,1788935419.6456,4017,-4120,-52.82
2026-09-09T12:00:19.645,1788935419.6456,4018,2708,34.72
2026-09-09T12:00:19.661,1788935419.6612,4019,-4032,-51.69
2026-09-09T12:00:19.677,1788935419.6771,4020,2372,30.41
2026-09-09T12:00:19.693,1788935419.6932,4021,-3844,-49.28
2026-09-09T12:00:19.693,1788935419.6932,4022,2080,26.67
2026-09-09T12:00:19.702,1788935419.7025,4023,-3568,-45.74
2026-09-09T12:00:19.708,1788935419.7089,4024,1768,22.67
2026-09-09T12:00:19.726,1788935419.7265,4025,-3220,-41.28
2026-09-09T12:00:19.726,1788935419.7265,4026,1444,18.51
2026-09-09T12:00:19.740,1788935419.7409,4027,-2868,-36.77
2026-09-09T12:00:19.746,1788935419.7460,4028,3924,50.31
2026-09-09T12:00:19.772,1788935419.7724,4029,-2532,-32.46
2026-09-09T12:00:19.772,1788935419.7724,4030,3776,48.41
2026-09-09T12:00:19.772,1788935419.7724,4031,-2180,-27.95
2026-09-09T12:00:19.788,1788935419.7885,4032,3528,45.23
2026-09-09T12:00:19.804,1788935419.8046,4033,-1840,-23.59
2026-09-09T12:00:19.820,1788935419.8204,4034,3236,41.49
2026-09-09T12:00:19.820,1788935419.8204,4035,-1524,-19.54
2026-09-09T12:00:19.820,1788935419.8204,4036,2892,37.08
2026-09-09T12:00:19.845,1788935419.8460,4037,-4120,-52.82
2026-09-09T12:00:19.852,1788935419.8524,4038,2576,33.03
2026-09-09T12:00:19.852,1788935419.8524,4039,-3980,-51.03
2026-09-09T12:00:19.874,1788935419.8741,4040,2264,29.03
2026-09-09T12:00:19.884,1788935419.8841,4041,-3748,-48.05
2026-09-09T12:00:19.899,1788935419.8997,4042,1964,25.18
2026-09-09T12:00:19.899,1788935419.8997,4043,-3436,-44.05
2026-09-09T12:00:19.915,1788935419.9156,4044,1644,21.08
2026-09-09T12:00:19.931,1788935419.9315,4045,-3080,-39.49
2026-09-09T12:00:19.931,1788935419.9315,4046,1328,17.03
2026-09-09T12:00:19.947,1788935419.9476,4047,-2728,-34.97
2026-09-09T12:00:19.947,1788935419.9476,4048,3880,49.74
2026-09-09T12:00:19.963,1788935419.9634,4049,-2396,-30.72
2026-09-09T12:00:19.972,1788935419.9723,4050,3704,47.49
2026-09-09T12:00:19.983,1788935419.9835,4051,-2048,-26.26
2026-09-09T12:00:19.995,1788935419.9952,4052,3436,44.05
2026-09-09T12:00:19.995,1788935419.9952,4053,-1724,-22.1
2026-09-09T12:00:20.011,1788935420.0113,4054,3112,39.9
2026-09-09T12:00:20.033,1788935420.0334,4055,-1392,-17.85
2026-09-09T12:00:20.033,1788935420.0334,4056,2772,35.54
2026-09-09T12:00:20.046,1788935420.0461,4057,-4068,-52.15
2026-09-09T12:00:20.052,1788935420.0527,4058,2452,31.44
2026-09-09T12:00:20.059,1788935420.0591,4059,-3916,-50.21
2026-09-09T12:00:20.074,1788935420.0749,4060,2128,27.28
2026-09-09T12:00:20.074,1788935420.0749,4061,-3648,-46.77
2026-09-09T12:00:20.092,1788935420.0926,4062,1820,23.33
2026-09-09T12:00:20.106,1788935420.1064,4063,-3328,-42.67
2026-09-09T12:00:20.106,1788935420.1064,4064,1520,19.49
2026-09-09T12:00:20.122,1788935420.1223,4065,-2932,-37.59
2026-09-09T12:00:20.122,1788935420.1223,4066,3960,50.77
2026-09-09T12:00:20.138,1788935420.1381,4067,-2600,-33.33
2026-09-09T12:00:20.154,1788935420.1542,4068,3832,49.13
2026-09-09T12:00:20.154,1788935420.1542,4069,-2256,-28.92
2026-09-09T12:00:20.170,1788935420.1701,4070,3616,46.36
2026-09-09T12:00:20.185,1788935420.1859,4071,-1908,-24.46
2026-09-09T12:00:20.201,1788935420.2016,4072,3332,42.72
2026-09-09T12:00:20.201,1788935420.2016,4073,-1592,-20.41
2026-09-09T12:00:20.201,1788935420.2016,4074,3016,38.67
2026-09-09T12:00:20.217,1788935420.2172,4075,-1260,-16.15
2026-09-09T12:00:20.233,1788935420.2331,4076,2692,34.51
2026-09-09T12:00:20.246,1788935420.2464,4077,-4008,-51.38
2026-09-09T12:00:20.249,1788935420.2491,4078,2352,30.15
2026-09-09T12:00:20.249,1788935420.2491,4079,-3824,-49.03
2026-09-09T12:00:20.281,1788935420.2815,4080,2028,26.0
2026-09-09T12:00:20.290,1788935420.2901,4081,-3528,-45.23
2026-09-09T12:00:20.290,1788935420.2901,4082,1724,22.1
2026-09-09T12:00:20.297,1788935420.2971,4083,-3192,-40.92
2026-09-09T12:00:20.312,1788935420.3129,4084,1396,17.9
2026-09-09T12:00:20.328,1788935420.3288,4085,-2812,-36.05
2026-09-09T12:00:20.333,1788935420.3331,4086,3896,49.95
2026-09-09T12:00:20.346,1788935420.3467,4087,-2460,-31.54
2026-09-09T12:00:20.346,1788935420.3467,4088,3764,48.26
2026-09-09T12:00:20.361,1788935420.3619,4089,-2100,-26.92
2026-09-09T12:00:20.374,1788935420.3743,4090,3516,45.08
2026-09-09T12:00:20.383,1788935420.3838,4091,-1796,-23.03
2026-09-09T12:00:20.393,1788935420.3936,4092,3208,41.13
2026-09-09T12:00:20.407,1788935420.4073,4093,-1468,-18.82
2026-09-09T12:00:20.407,1788935420.4073,4094,2876,36.87
2026-09-09T12:00:20.427,1788935420.4274,4095,-1136,-14.56
2026-09-09T12:00:20.427,1788935420.4274,4096,2540,32.56
2026-09-09T12:00:20.454,1788935420.4548,4097,-3956,-50.72
2026-09-09T12:00:20.454,1788935420.4548,4098,2220,28.46
2026-09-09T12:00:20.454,1788935420.4548,4099,-3728,-47.79
2026-09-09T12:00:20.470,1788935420.4706,4100,1924,24.67
2026-09-09T12:00:20.486,1788935420.4863,4101,-3400,-43.59
2026-09-09T12:00:20.486,1788935420.4863,4102,1608,20.62
2026-09-09T12:00:20.502,1788935420.5023,4103,-3060,-39.23
2026-09-09T12:00:20.502,1788935420.5023,4104,1276,16.36
2026-09-09T12:00:20.533,1788935420.5339,4105,-2696,-34.56
2026-09-09T12:00:20.533,1788935420.5339,4106,3852,49.38
2026-09-09T12:00:20.547,1788935420.5470,4107,-2356,-30.21
2026-09-09T12:00:20.555,1788935420.5553,4108,3680,47.18
2026-09-09T12:00:20.566,1788935420.5660,4109,-2024,-25.95
2026-09-09T12:00:20.581,1788935420.5812,4110,3420,43.85
2026-09-09T12:00:20.581,1788935420.5812,4111,-1704,-21.85
2026-09-09T12:00:20.596,1788935420.5970,4112,3096,39.69
2026-09-09T12:00:20.596,1788935420.5970,4113,-1364,-17.49
2026-09-09T12:00:20.613,1788935420.6131,4114,2788,35.74
2026-09-09T12:00:20.623,1788935420.6231,4115,-1016,-13.03
2026-09-09T12:00:20.629,1788935420.6290,4116,2444,31.33
2026-09-09T12:00:20.645,1788935420.6451,4117,-3888,-49.85
2026-09-09T12:00:20.661,1788935420.6610,4118,2124,27.23
2026-09-09T12:00:20.667,1788935420.6680,4119,-3624,-46.46
2026-09-09T12:00:20.676,1788935420.6768,4120,1816,23.28
2026-09-09T12:00:20.686,1788935420.6866,4121,-3272,-41.95
2026-09-09T12:00:20.692,1788935420.6926,4122,1508,19.33
2026-09-09T12:00:20.708,1788935420.7084,4123,-2940,-37.69
2026-09-09T12:00:20.712,1788935420.7125,4124,1180,15.13
2026-09-09T12:00:20.725,1788935420.7251,4125,-2596,-33.28
2026-09-09T12:00:20.725,1788935420.7251,4126,3820,48.97
2026-09-09T12:00:20.747,1788935420.7473,4127,-2240,-28.72
2026-09-09T12:00:20.755,1788935420.7554,4128,3588,46.0
2026-09-09T12:00:20.765,1788935420.7653,4129,-1904,-24.41
2026-09-09T12:00:20.773,1788935420.7731,4130,3300,42.31
2026-09-09T12:00:20.788,1788935420.7889,4131,-1576,-20.21
2026-09-09T12:00:20.788,1788935420.7889,4132,2956,37.9
2026-09-09T12:00:20.802,1788935420.8025,4133,-1220,-15.64
2026-09-09T12:00:20.818,1788935420.8183,4134,2656,34.05
2026-09-09T12:00:20.834,1788935420.8344,4135,-848,-10.87
2026-09-09T12:00:20.834,1788935420.8344,4136,2360,30.26
2026-09-09T12:00:20.834,1788935420.8344,4137,-3780,-48.46
2026-09-09T12:00:20.850,1788935420.8504,4138,2016,25.85
2026-09-09T12:00:20.866,1788935420.8665,4139,-3492,-44.77
2026-09-09T12:00:20.866,1788935420.8665,4140,1716,22.0
2026-09-09T12:00:20.882,1788935420.8825,4141,-3160,-40.51
2026-09-09T12:00:20.882,1788935420.8825,4142,1404,18.0
2026-09-09T12:00:20.914,1788935420.9146,4143,-2812,-36.05
2026-09-09T12:00:20.914,1788935420.9146,4144,1060,13.59
2026-09-09T12:00:20.914,1788935420.9146,4145,-2468,-31.64
2026-09-09T12:00:20.930,1788935420.9304,4146,3764,48.26
2026-09-09T12:00:20.946,1788935420.9463,4147,-2124,-27.23
2026-09-09T12:00:20.957,1788935420.9573,4148,3500,44.87
2026-09-09T12:00:20.962,1788935420.9620,4149,-1784,-22.87
2026-09-09T12:00:20.978,1788935420.9786,4150,3184,40.82
2026-09-09T12:00:20.978,1788935420.9786,4151,-1484,-19.03
2026-09-09T12:00:20.993,1788935420.9939,4152,2856,36.62
2026-09-09T12:00:21.002,1788935421.0028,4153,-1132,-14.51
2026-09-09T12:00:21.009,1788935421.0096,4154,2540,32.56
2026-09-09T12:00:21.009,1788935421.0096,4155,-760,-9.74
2026-09-09T12:00:21.041,1788935421.0414,4156,2216,28.41
2026-09-09T12:00:21.047,1788935421.0473,4157,-3696,-47.38
2026-09-09T12:00:21.061,1788935421.0615,4158,1932,24.77
2026-09-09T12:00:21.067,1788935421.0675,4159,-3372,-43.23
2026-09-09T12:00:21.073,1788935421.0731,4160,1596,20.46
2026-09-09T12:00:21.088,1788935421.0889,4161,-3016,-38.67
2026-09-09T12:00:21.092,1788935421.0929,4162,1292,16.56
2026-09-09T12:00:21.104,1788935421.1046,4163,-2672,-34.26
2026-09-09T12:00:21.104,1788935421.1046,4164,928,11.9
2026-09-09T12:00:21.120,1788935421.1205,4165,-2340,-30.0
2026-09-09T12:00:21.120,1788935421.1205,4166,3688,47.28
2026-09-09T12:00:21.136,1788935421.1366,4167,-2004,-25.69
2026-09-09T12:00:21.152,1788935421.1524,4168,3416,43.79
2026-09-09T12:00:21.168,1788935421.1685,4169,-1688,-21.64
2026-09-09T12:00:21.168,1788935421.1685,4170,3084,39.54
2026-09-09T12:00:21.184,1788935421.1844,4171,-1352,-17.33
2026-09-09T12:00:21.184,1788935421.1844,4172,2736,35.08
2026-09-09T12:00:21.200,1788935421.2002,4173,-1012,-12.97
2026-09-09T12:00:21.215,1788935421.2158,4174,2424,31.08
2026-09-09T12:00:21.223,1788935421.2239,4175,-3876,-49.69
2026-09-09T12:00:21.231,1788935421.2317,4176,2088,26.77
2026-09-09T12:00:21.247,1788935421.2471,4177,-3604,-46.21
2026-09-09T12:00:21.247,1788935421.2471,4178,1808,23.18
2026-09-09T12:00:21.262,1788935421.2629,4179,-3228,-41.38
2026-09-09T12:00:21.262,1788935421.2629,4180,1512,19.38
2026-09-09T12:00:21.282,1788935421.2821,4181,-2888,-37.03
2026-09-09T12:00:21.294,1788935421.2947,4182,1180,15.13
2026-09-09T12:00:21.294,1788935421.2947,4183,-2568,-32.92
2026-09-09T12:00:21.312,1788935421.3127,4184,808,10.36
2026-09-09T12:00:21.323,1788935421.3239,4185,-2212,-28.36
2026-09-09T12:00:21.326,1788935421.3267,4186,3576,45.85
2026-09-09T12:00:21.342,1788935421.3426,4187,-1896,-24.31
2026-09-09T12:00:21.347,1788935421.3480,4188,3292,42.21
2026-09-09T12:00:21.358,1788935421.3584,4189,-1552,-19.9
2026-09-09T12:00:21.375,1788935421.3759,4190,2956,37.9
2026-09-09T12:00:21.383,1788935421.3837,4191,-1240,-15.9
2026-09-09T12:00:21.393,1788935421.3938,4192,2628,33.69
2026-09-09T12:00:21.413,1788935421.4136,4193,-880,-11.28
2026-09-09T12:00:21.421,1788935421.4213,4194,2312,29.64
2026-09-09T12:00:21.421,1788935421.4213,4195,-3796,-48.67
2026-09-09T12:00:21.437,1788935421.4373,4196,1948,24.97
2026-09-09T12:00:21.448,1788935421.4480,4197,-3480,-44.62
2026-09-09T12:00:21.462,1788935421.4627,4198,1660,21.28
2026-09-09T12:00:21.462,1788935421.4627,4199,-3144,-40.31
2026-09-09T12:00:21.474,1788935421.4741,4200,1392,17.85
2026-09-09T12:00:21.484,1788935421.4841,4201,-2772,-35.54
2026-09-09T12:00:21.484,1788935421.4841,4202,1052,13.49
2026-09-09T12:00:21.499,1788935421.4997,4203,-2440,-31.28
2026-09-09T12:00:21.499,1788935421.4997,4204,684,8.77
2026-09-09T12:00:21.515,1788935421.5156,4205,-2084,-26.72
2026-09-09T12:00:21.533,1788935421.5338,4206,3484,44.67
2026-09-09T12:00:21.533,1788935421.5338,4207,-1772,-22.72
2026-09-09T12:00:21.559,1788935421.5591,4208,3192,40.92
2026-09-09T12:00:21.566,1788935421.5662,4209,-1456,-18.67
2026-09-09T12:00:21.580,1788935421.5808,4210,2840,36.41
2026-09-09T12:00:21.580,1788935421.5808,4211,-1104,-14.15
2026-09-09T12:00:21.580,1788935421.5808,4212,2496,32.0
2026-09-09T12:00:21.596,1788935421.5965,4213,-744,-9.54
2026-09-09T12:00:21.612,1788935421.6124,4214,2192,28.1
2026-09-09T12:00:21.612,1788935421.6124,4215,-3700,-47.44
2026-09-09T12:00:21.628,1788935421.6281,4216,1856,23.79
2026-09-09T12:00:21.645,1788935421.6455,4217,-3384,-43.38
2026-09-09T12:00:21.659,1788935421.6598,4218,1540,19.74
2026-09-09T12:00:21.659,1788935421.6598,4219,-3024,-38.77
2026-09-09T12:00:21.675,1788935421.6758,4220,1240,15.9
2026-09-09T12:00:21.683,1788935421.6839,4221,-2644,-33.9
2026-09-09T12:00:21.691,1788935421.6916,4222,936,12.0
2026-09-09T12:00:21.707,1788935421.7073,4223,-2284,-29.28
2026-09-09T12:00:21.707,1788935421.7073,4224,544,6.97
2026-09-09T12:00:21.724,1788935421.7247,4225,-1952,-25.03
2026-09-09T12:00:21.724,1788935421.7247,4226,3396,43.54
2026-09-09T12:00:21.739,1788935421.7392,4227,-1636,-20.97
2026-09-09T12:00:21.755,1788935421.7551,4228,3076,39.44
2026-09-09T12:00:21.765,1788935421.7652,4229,-1320,-16.92
2026-09-09T12:00:21.774,1788935421.7750,4230,2732,35.03
2026-09-09T12:00:21.788,1788935421.7888,4231,-984,-12.62
2026-09-09T12:00:21.788,1788935421.7888,4232,2404,30.82
2026-09-09T12:00:21.802,1788935421.8028,4233,-592,-7.59
2026-09-09T12:00:21.818,1788935421.8184,4234,2056,26.36
2026-09-09T12:00:21.818,1788935421.8184,4235,-3600,-46.15
2026-09-09T12:00:21.835,1788935421.8359,4236,1776,22.77
2026-09-09T12:00:21.835,1788935421.8359,4237,-3264,-41.85
2026-09-09T12:00:21.857,1788935421.8571,4238,1452,18.62
2026-09-09T12:00:21.865,1788935421.8660,4239,-2912,-37.33
2026-09-09T12:00:21.881,1788935421.8819,4240,1112,14.26
2026-09-09T12:00:21.881,1788935421.8819,4241,-2568,-32.92
2026-09-09T12:00:21.881,1788935421.8819,4242,764,9.79
2026-09-09T12:00:21.897,1788935421.8980,4243,-2204,-28.26
2026-09-09T12:00:21.913,1788935421.9137,4244,376,4.82
2026-09-09T12:00:21.913,1788935421.9137,4245,-1840,-23.59
2026-09-09T12:00:21.933,1788935421.9337,4246,3308,42.41
2026-09-09T12:00:21.945,1788935421.9454,4247,-1528,-19.59
2026-09-09T12:00:21.961,1788935421.9615,4248,2964,38.0
2026-09-09T12:00:21.961,1788935421.9615,4249,-1184,-15.18
2026-09-09T12:00:21.977,1788935421.9775,4250,2632,33.74
2026-09-09T12:00:21.983,1788935421.9835,4251,-860,-11.03
2026-09-09T12:00:21.993,1788935421.9934,4252,2308,29.59
2026-09-09T12:00:21.993,1788935421.9934,4253,-476,-6.1
2026-09-09T12:00:22.009,1788935422.0093,4254,1984,25.44
2026-09-09T12:00:22.009,1788935422.0093,4255,-3500,-44.87
2026-09-09T12:00:22.041,1788935422.0415,4256,1668,21.38
2026-09-09T12:00:22.041,1788935422.0415,4257,-3152,-40.41
2026-09-09T12:00:22.053,1788935422.0536,4258,1372,17.59
2026-09-09T12:00:22.057,1788935422.0577,4259,-2768,-35.49
2026-09-09T12:00:22.073,1788935422.0738,4260,1028,13.18
2026-09-09T12:00:22.087,1788935422.0870,4261,-2428,-31.13
2026-09-09T12:00:22.089,1788935422.0896,4262,640,8.21
2026-09-09T12:00:22.105,1788935422.1057,4263,-2100,-26.92
2026-09-09T12:00:22.105,1788935422.1057,4264,224,2.87
2026-09-09T12:00:22.127,1788935422.1277,4265,-1784,-22.87
2026-09-09T12:00:22.127,1788935422.1277,4266,3140,40.26
2026-09-09T12:00:22.137,1788935422.1379,4267,-1440,-18.46
2026-09-09T12:00:22.153,1788935422.1536,4268,2836,36.36
2026-09-09T12:00:22.170,1788935422.1708,4269,-1060,-13.59
2026-09-09T12:00:22.177,1788935422.1771,4270,2572,32.97
2026-09-09T12:00:22.185,1788935422.1855,4271,-716,-9.18
2026-09-09T12:00:22.185,1788935422.1855,4272,2220,28.46
2026-09-09T12:00:22.201,1788935422.2014,4273,-312,-4.0
2026-09-09T12:00:22.217,1788935422.2172,4274,1880,24.1
2026-09-09T12:00:22.217,1788935422.2172,4275,-3368,-43.18
2026-09-09T12:00:22.233,1788935422.2331,4276,1580,20.26
2026-09-09T12:00:22.233,1788935422.2331,4277,-3012,-38.62
2026-09-09T12:00:22.256,1788935422.2569,4278,1272,16.31
2026-09-09T12:00:22.265,1788935422.2651,4279,-2672,-34.26
2026-09-09T12:00:22.265,1788935422.2651,4280,912,11.69
2026-09-09T12:00:22.297,1788935422.2971,4281,-2336,-29.95
2026-09-09T12:00:22.297,1788935422.2971,4282,516,6.62
2026-09-09T12:00:22.297,1788935422.2971,4283,-1996,-25.59
2026-09-09T12:00:22.313,1788935422.3132,4284,104,1.33
2026-09-09T12:00:22.313,1788935422.3132,4285,-1668,-21.38
2026-09-09T12:00:22.336,1788935422.3364,4286,3072,39.38
2026-09-09T12:00:22.344,1788935422.3447,4287,-1348,-17.28
2026-09-09T12:00:22.351,1788935422.3516,4288,2712,34.77
2026-09-09T12:00:22.360,1788935422.3603,4289,-1000,-12.82
2026-09-09T12:00:22.378,1788935422.3781,4290,2408,30.87
2026-09-09T12:00:22.378,1788935422.3781,4291,-616,-7.9
2026-09-09T12:00:22.391,1788935422.3918,4292,2052,26.31
2026-09-09T12:00:22.391,1788935422.3918,4293,-192,-2.46
2026-09-09T12:00:22.407,1788935422.4075,4294,1796,23.03
2026-09-09T12:00:22.423,1788935422.4233,4295,-3212,-41.18
2026-09-09T12:00:22.439,1788935422.4393,4296,1512,19.38
2026-09-09T12:00:22.439,1788935422.4393,4297,-2884,-36.97
2026-09-09T12:00:22.459,1788935422.4594,4298,1152,14.77
2026-09-09T12:00:22.459,1788935422.4594,4299,-2524,-32.36
2026-09-09T12:00:22.473,1788935422.4732,4300,788,10.1
2026-09-09T12:00:22.487,1788935422.4871,4301,-2228,-28.56
2026-09-09T12:00:22.487,1788935422.4871,4302,384,4.92
2026-09-09T12:00:22.502,1788935422.5029,4303,-1884,-24.15
2026-09-09T12:00:22.502,1788935422.5029,4304,3280,42.05
2026-09-09T12:00:22.522,1788935422.5222,4305,-1556,-19.95
2026-09-09T12:00:22.538,1788935422.5384,4306,2944,37.74
2026-09-09T12:00:22.551,1788935422.5519,4307,-1216,-15.59
2026-09-09T12:00:22.551,1788935422.5519,4308,2624,33.64
2026-09-09T12:00:22.567,1788935422.5673,4309,-844,-10.82
2026-09-09T12:00:22.574,1788935422.5742,4310,2268,29.08
2026-09-09T12:00:22.588,1788935422.5886,4311,-468,-6.0
2026-09-09T12:00:22.588,1788935422.5886,4312,1956,25.08
2026-09-09T12:00:22.598,1788935422.5982,4313,-92,-1.18
2026-09-09T12:00:22.614,1788935422.6140,4314,1660,21.28
2026-09-09T12:00:22.614,1788935422.6140,4315,-3152,-40.41
2026-09-09T12:00:22.629,1788935422.6299,4316,1364,17.49
2026-09-09T12:00:22.629,1788935422.6299,4317,-2736,-35.08
2026-09-09T12:00:22.655,1788935422.6556,4318,1060,13.59
2026-09-09T12:00:22.677,1788935422.6775,4319,-2416,-30.97
2026-09-09T12:00:22.681,1788935422.6816,4320,656,8.41
2026-09-09T12:00:22.681,1788935422.6816,4321,-2088,-26.77
2026-09-09T12:00:22.700,1788935422.7007,4322,248,3.18
2026-09-09T12:00:22.705,1788935422.7050,4323,-1752,-22.46
2026-09-09T12:00:22.716,1788935422.7168,4324,3164,40.56
2026-09-09T12:00:22.726,1788935422.7261,4325,-1464,-18.77
2026-09-09T12:00:22.733,1788935422.7331,4326,2852,36.56
2026-09-09T12:00:22.740,1788935422.7405,4327,-1108,-14.21
2026-09-09T12:00:22.756,1788935422.7561,4328,2512,32.21
2026-09-09T12:00:22.765,1788935422.7657,4329,-732,-9.38
2026-09-09T12:00:22.773,1788935422.7737,4330,2188,28.05
2026-09-09T12:00:22.783,1788935422.7838,4331,-344,-4.41
2026-09-09T12:00:22.795,1788935422.7956,4332,1884,24.15
2026-09-09T12:00:22.803,1788935422.8034,4333,64,0.82
2026-09-09T12:00:22.819,1788935422.8190,4334,1548,19.85
2026-09-09T12:00:22.819,1788935422.8190,4335,-3044,-39.03
2026-09-09T12:00:22.834,1788935422.8349,4336,1232,15.79
2026-09-09T12:00:22.834,1788935422.8349,4337,-2696,-34.56
2026-09-09T12:00:22.852,1788935422.8524,4338,884,11.33
2026-09-09T12:00:22.866,1788935422.8667,4339,-2296,-29.44
2026-09-09T12:00:22.866,1788935422.8667,4340,528,6.77
2026-09-09T12:00:22.882,1788935422.8828,4341,-1948,-24.97
2026-09-09T12:00:22.882,1788935422.8828,4342,116,1.49
2026-09-09T12:00:22.914,1788935422.9143,4343,-1640,-21.03
2026-09-09T12:00:22.914,1788935422.9143,4344,3064,39.28
2026-09-09T12:00:22.914,1788935422.9143,4345,-1340,-17.18
2026-09-09T12:00:22.930,1788935422.9304,4346,2740,35.13
2026-09-09T12:00:22.946,1788935422.9463,4347,-1004,-12.87
2026-09-09T12:00:22.952,1788935422.9528,4348,2420,31.03
2026-09-09T12:00:22.963,1788935422.9635,4349,-612,-7.85
2026-09-09T12:00:22.977,1788935422.9772,4350,2088,26.77
2026-09-09T12:00:22.977,1788935422.9772,4351,-204,-2.62
2026-09-09T12:00:22.996,1788935422.9962,4352,1784,22.87
2026-09-09T12:00:22.996,1788935422.9962,4353,228,2.92
2026-09-09T12:00:23.008,1788935423.0086,4354,1472,18.87
2026-09-09T12:00:23.024,1788935423.0246,4355,-2900,-37.18
2026-09-09T12:00:23.024,1788935423.0246,4356,1132,14.51
2026-09-09T12:00:23.049,1788935423.0494,4357,-2564,-32.87
2026-09-09T12:00:23.056,1788935423.0562,4358,772,9.9
2026-09-09T12:00:23.056,1788935423.0562,4359,-2200,-28.21
2026-09-09T12:00:23.072,1788935423.0722,4360,384,4.92
2026-09-09T12:00:23.072,1788935423.0722,4361,-1872,-24.0
2026-09-09T12:00:23.093,1788935423.0939,4362,-24,-0.31
2026-09-09T12:00:23.103,1788935423.1039,4363,-1556,-19.95
2026-09-09T12:00:23.119,1788935423.1197,4364,2972,38.1
2026-09-09T12:00:23.119,1788935423.1197,4365,-1208,-15.49
2026-09-09T12:00:23.119,1788935423.1197,4366,2676,34.31
2026-09-09T12:00:23.135,1788935423.1355,4367,-824,-10.56
2026-09-09T12:00:23.153,1788935423.1532,4368,2304,29.54
2026-09-09T12:00:23.167,1788935423.1675,4369,-484,-6.21
2026-09-09T12:00:23.167,1788935423.1675,4370,1984,25.44
2026-09-09T12:00:23.182,1788935423.1829,4371,-52,-0.67
2026-09-09T12:00:23.198,1788935423.1987,4372,1708,21.9
2026-09-09T12:00:23.198,1788935423.1987,4373,412,5.28
2026-09-09T12:00:23.214,1788935423.2146,4374,1384,17.74
2026-09-09T12:00:23.214,1788935423.2146,4375,-2784,-35.69
2026-09-09T12:00:23.230,1788935423.2308,4376,1040,13.33
2026-09-09T12:00:23.246,1788935423.2465,4377,-2424,-31.08
2026-09-09T12:00:23.253,1788935423.2533,4378,648,8.31
2026-09-09T12:00:23.262,1788935423.2624,4379,-2092,-26.82
2026-09-09T12:00:23.278,1788935423.2781,4380,224,2.87
2026-09-09T12:00:23.278,1788935423.2781,4381,-1768,-22.67
2026-09-09T12:00:23.294,1788935423.2941,4382,-212,-2.72
2026-09-09T12:00:23.309,1788935423.3098,4383,-1432,-18.36
2026-09-09T12:00:23.309,1788935423.3098,4384,2844,36.46
2026-09-09T12:00:23.325,1788935423.3258,4385,-1084,-13.9
2026-09-09T12:00:23.333,1788935423.3338,4386,2520,32.31
2026-09-09T12:00:23.341,1788935423.3416,4387,-760,-9.74
2026-09-09T12:00:23.353,1788935423.3538,4388,2180,27.95
2026-09-09T12:00:23.357,1788935423.3573,4389,-364,-4.67
2026-09-09T12:00:23.373,1788935423.3731,4390,1876,24.05
2026-09-09T12:00:23.380,1788935423.3807,4391,72,0.92
2026-09-09T12:00:23.402,1788935423.4025,4392,1576,20.21
2026-09-09T12:00:23.404,1788935423.4048,4393,584,7.49
2026-09-09T12:00:23.404,1788935423.4048,4394,1280,16.41
2026-09-09T12:00:23.420,1788935423.4204,4395,-2632,-33.74
2026-09-09T12:00:23.444,1788935423.4446,4396,916,11.74
2026-09-09T12:00:23.447,1788935423.4478,4397,-2304,-29.54
2026-09-09T12:00:23.453,1788935423.4538,4398,524,6.72
2026-09-09T12:00:23.468,1788935423.4680,4399,-1952,-25.03
2026-09-09T12:00:23.468,1788935423.4680,4400,128,1.64
2026-09-09T12:00:23.484,1788935423.4840,4401,-1632,-20.92
2026-09-09T12:00:23.484,1788935423.4840,4402,-340,-4.36
2026-09-09T12:00:23.499,1788935423.4998,4403,-1292,-16.56
2026-09-09T12:00:23.515,1788935423.5158,4404,2768,35.49
2026-09-09T12:00:23.515,1788935423.5158,4405,-964,-12.36
2026-09-09T12:00:23.536,1788935423.5368,4406,2440,31.28
2026-09-09T12:00:23.549,1788935423.5497,4407,-592,-7.59
2026-09-09T12:00:23.553,1788935423.5539,4408,2112,27.08
2026-09-09T12:00:23.565,1788935423.5656,4409,-192,-2.46
2026-09-09T12:00:23.565,1788935423.5656,4410,1792,22.97
2026-09-09T12:00:23.581,1788935423.5817,4411,236,3.03
2026-09-09T12:00:23.595,1788935423.5954,4412,1488,19.08
2026-09-09T12:00:23.595,1788935423.5954,4413,792,10.15
2026-09-09T12:00:23.611,1788935423.6116,4414,1156,14.82
2026-09-09T12:00:23.611,1788935423.6116,4415,-2548,-32.67
2026-09-09T12:00:23.643,1788935423.6433,4416,788,10.1
2026-09-09T12:00:23.643,1788935423.6433,4417,-2216,-28.41
2026-09-09T12:00:23.653,1788935423.6539,4418,384,4.92
2026-09-09T12:00:23.659,1788935423.6592,4419,-1876,-24.05
2026-09-09T12:00:23.675,1788935423.6752,4420,-20,-0.26
2026-09-09T12:00:23.683,1788935423.6832,4421,-1548,-19.85
2026-09-09T12:00:23.691,1788935423.6912,4422,-560,-7.18
2026-09-09T12:00:23.707,1788935423.7072,4423,-1224,-15.69
2026-09-09T12:00:23.707,1788935423.7072,4424,2612,33.49
2026-09-09T12:00:23.725,1788935423.7250,4425,-844,-10.82
2026-09-09T12:00:23.725,1788935423.7250,4426,2304,29.54
2026-09-09T12:00:23.739,1788935423.7394,4427,-472,-6.05
2026-09-09T12:00:23.759,1788935423.7593,4428,2008,25.74
2026-09-09T12:00:23.759,1788935423.7593,4429,-68,-0.87
2026-09-09T12:00:23.771,1788935423.7710,4430,1676,21.49
2026-09-09T12:00:23.786,1788935423.7867,4431,404,5.18
2026-09-09T12:00:23.786,1788935423.7867,4432,1376,17.64
2026-09-09T12:00:23.802,1788935423.8025,4433,1000,12.82
2026-09-09T12:00:23.812,1788935423.8125,4434,1040,13.33
2026-09-09T12:00:23.818,1788935423.8182,4435,-2432,-31.18
2026-09-09T12:00:23.839,1788935423.8396,4436,668,8.56
2026-09-09T12:00:23.845,1788935423.8455,4437,-2088,-26.77
2026-09-09T12:00:23.850,1788935423.8501,4438,248,3.18
2026-09-09T12:00:23.854,1788935423.8545,4439,-1780,-22.82
2026-09-09T12:00:23.882,1788935423.8823,4440,-196,-2.51
2026-09-09T12:00:23.882,1788935423.8823,4441,-1444,-18.51
2026-09-09T12:00:23.882,1788935423.8823,4442,-744,-9.54
2026-09-09T12:00:23.898,1788935423.8983,4443,-1108,-14.21
2026-09-09T12:00:23.914,1788935423.9143,4444,2524,32.36
2026-09-09T12:00:23.914,1788935423.9143,4445,-748,-9.59
2026-09-09T12:00:23.930,1788935423.9304,4446,2196,28.15
2026-09-09T12:00:23.946,1788935423.9462,4447,-336,-4.31
2026-09-09T12:00:23.954,1788935423.9547,4448,1888,24.21
2026-09-09T12:00:23.965,1788935423.9654,4449,64,0.82
2026-09-09T12:00:23.965,1788935423.9654,4450,1580,20.26
2026-09-09T12:00:23.984,1788935423.9846,4451,544,6.97
2026-09-09T12:00:23.993,1788935423.9935,4452,1236,15.85
2026-09-09T12:00:23.993,1788935423.9935,4453,-2692,-34.51
2026-09-09T12:00:24.015,1788935424.0154,4454,904,11.59
2026-09-09T12:00:24.025,1788935424.0250,4455,-2332,-29.9
2026-09-09T12:00:24.025,1788935424.0250,4456,544,6.97
2026-09-09T12:00:24.041,1788935424.0411,4457,-1984,-25.44
2026-09-09T12:00:24.054,1788935424.0547,4458,104,1.33
2026-09-09T12:00:24.066,1788935424.0666,4459,-1656,-21.23
2026-09-09T12:00:24.077,1788935424.0777,4460,-372,-4.77
2026-09-09T12:00:24.088,1788935424.0885,4461,-1344,-17.23
2026-09-09T12:00:24.088,1788935424.0885,4462,-964,-12.36
2026-09-09T12:00:24.088,1788935424.0885,4463,-980,-12.56
2026-09-09T12:00:24.114,1788935424.1141,4464,2412,30.92
2026-09-09T12:00:24.122,1788935424.1225,4465,-608,-7.79
2026-09-09T12:00:24.136,1788935424.1363,4466,2104,26.97
2026-09-09T12:00:24.146,1788935424.1464,4467,-200,-2.56
2026-09-09T12:00:24.154,1788935424.1548,4468,1796,23.03
2026-09-09T12:00:24.154,1788935424.1548,4469,220,2.82
2026-09-09T12:00:24.168,1788935424.1683,4470,1488,19.08
2026-09-09T12:00:24.184,1788935424.1841,4471,780,10.0
2026-09-09T12:00:24.184,1788935424.1841,4472,1144,14.67
2026-09-09T12:00:24.200,1788935424.2001,4473,-2572,-32.97
2026-09-09T12:00:24.215,1788935424.2159,4474,764,9.79
2026-09-09T12:00:24.223,1788935424.2239,4475,-2244,-28.77
2026-09-09T12:00:24.234,1788935424.2341,4476,396,5.08
2026-09-09T12:00:24.254,1788935424.2547,4477,-1884,-24.15
2026-09-09T12:00:24.254,1788935424.2547,4478,-32,-0.41
2026-09-09T12:00:24.263,1788935424.2630,4479,-1544,-19.79
2026-09-09T12:00:24.263,1788935424.2630,4480,-520,-6.67
2026-09-09T12:00:24.286,1788935424.2867,4481,-1208,-15.49
2026-09-09T12:00:24.295,1788935424.2954,4482,-1196,-15.33
2026-09-09T12:00:24.295,1788935424.2954,4483,-872,-11.18
2026-09-09T12:00:24.311,1788935424.3111,4484,2312,29.64
2026-09-09T12:00:24.326,1788935424.3270,4485,-492,-6.31
2026-09-09T12:00:24.333,1788935424.3330,4486,2004,25.69
2026-09-09T12:00:24.343,1788935424.3432,4487,-100,-1.28
2026-09-09T12:00:24.343,1788935424.3432,4488,1688,21.64
2026-09-09T12:00:24.358,1788935424.3590,4489,352,4.51
2026-09-09T12:00:24.374,1788935424.3750,4490,1384,17.74
2026-09-09T12:00:24.374,1788935424.3750,4491,964,12.36
2026-09-09T12:00:24.393,1788935424.3931,4492,1044,13.38
2026-09-09T12:00:24.407,1788935424.4071,4493,-2436,-31.23
2026-09-09T12:00:24.407,1788935424.4071,4494,696,8.92
2026-09-09T12:00:24.423,1788935424.4231,4495,-2108,-27.03
2026-09-09T12:00:24.423,1788935424.4231,4496,288,3.69
2026-09-09T12:00:24.438,1788935424.4388,4497,-1784,-22.87
2026-09-09T12:00:24.455,1788935424.4551,4498,-160,-2.05
2026-09-09T12:00:24.462,1788935424.4625,4499,-1452,-18.62
2026-09-09T12:00:24.470,1788935424.4707,4500,-732,-9.38
2026-09-09T12:00:24.470,1788935424.4707,4501,-1124,-14.41
2026-09-09T12:00:24.502,1788935424.5025,4502,-1392,-17.85
2026-09-09T12:00:24.502,1788935424.5025,4503,-764,-9.79
2026-09-09T12:00:24.502,1788935424.5025,4504,2220,28.46
2026-09-09T12:00:24.518,1788935424.5187,4505,-372,-4.77
2026-09-09T12:00:24.534,1788935424.5344,4506,1916,24.56
2026-09-09T12:00:24.534,1788935424.5344,4507,64,0.82
2026-09-09T12:00:24.555,1788935424.5554,4508,1596,20.46
2026-09-09T12:00:24.566,1788935424.5668,4509,552,7.08
2026-09-09T12:00:24.566,1788935424.5668,4510,1284,16.46
2026-09-09T12:00:24.582,1788935424.5820,4511,1172,15.03
2026-09-09T12:00:24.582,1788935424.5820,4512,928,11.9
2026-09-09T12:00:24.598,1788935424.5981,4513,-2336,-29.95
2026-09-09T12:00:24.613,1788935424.6139,4514,552,7.08
2026-09-09T12:00:24.633,1788935424.6330,4515,-2016,-25.85
2026-09-09T12:00:24.637,1788935424.6374,4516,136,1.74
2026-09-09T12:00:24.645,1788935424.6455,4517,-1664,-21.33
2026-09-09T12:00:24.655,1788935424.6555,4518,-352,-4.51
2026-09-09T12:00:24.661,1788935424.6613,4519,-1336,-17.13
2026-09-09T12:00:24.661,1788935424.6613,4520,-932,-11.95
2026-09-09T12:00:24.677,1788935424.6774,4521,-1004,-12.87
2026-09-09T12:00:24.693,1788935424.6934,4522,-1620,-20.77
2026-09-09T12:00:24.709,1788935424.7092,4523,-632,-8.1
2026-09-09T12:00:24.709,1788935424.7092,4524,2112,27.08
2026-09-09T12:00:24.722,1788935424.7228,4525,-216,-2.77
2026-09-09T12:00:24.733,1788935424.7339,4526,1812,23.23
2026-09-09T12:00:24.743,1788935424.7431,4527,204,2.62
2026-09-09T12:00:24.757,1788935424.7574,4528,1512,19.38
2026-09-09T12:00:24.757,1788935424.7574,4529,784,10.05
2026-09-09T12:00:24.773,1788935424.7731,4530,1180,15.13
2026-09-09T12:00:24.789,1788935424.7891,4531,1420,18.21
2026-09-09T12:00:24.789,1788935424.7891,4532,840,10.77
2026-09-09T12:00:24.804,1788935424.8048,4533,-2212,-28.36
2026-09-09T12:00:24.813,1788935424.8134,4534,404,5.18
2026-09-09T12:00:24.820,1788935424.8205,4535,-1896,-24.31
2026-09-09T12:00:24.836,1788935424.8364,4536,0,0.0
2026-09-09T12:00:24.836,1788935424.8364,4537,-1584,-20.31
2026-09-09T12:00:24.852,1788935424.8523,4538,-516,-6.62
2026-09-09T12:00:24.868,1788935424.8682,4539,-1228,-15.74
2026-09-09T12:00:24.868,1788935424.8682,4540,-1148,-14.72
2026-09-09T12:00:24.883,1788935424.8840,4541,-868,-11.13
2026-09-09T12:00:24.883,1788935424.8840,4542,-1872,-24.0
2026-09-09T12:00:24.900,1788935424.9001,4543,-480,-6.15
2026-09-09T12:00:24.916,1788935424.9161,4544,2024,25.95
2026-09-09T12:00:24.916,1788935424.9161,4545,-84,-1.08
2026-09-09T12:00:24.931,1788935424.9319,4546,1692,21.69
2026-09-09T12:00:24.931,1788935424.9319,4547,368,4.72
2026-09-09T12:00:24.955,1788935424.9556,4548,1396,17.9
2026-09-09T12:00:24.963,1788935424.9636,4549,968,12.41
2026-09-09T12:00:24.963,1788935424.9636,4550,1068,13.69
2026-09-09T12:00:24.995,1788935424.9956,4551,1636,20.97
2026-09-09T12:00:24.995,1788935424.9956,4552,676,8.67
2026-09-09T12:00:24.995,1788935424.9956,4553,-2128,-27.28
2026-09-09T12:00:25.011,1788935425.0117,4554,280,3.59
2026-09-09T12:00:25.033,1788935425.0333,4555,-1796,-23.03
2026-09-09T12:00:25.036,1788935425.0365,4556,-144,-1.85
2026-09-09T12:00:25.043,1788935425.0435,4557,-1476,-18.92
2026-09-09T12:00:25.055,1788935425.0557,4558,-728,-9.33
2026-09-09T12:00:25.063,1788935425.0632,4559,-1112,-14.26
2026-09-09T12:00:25.075,1788935425.0751,4560,-1380,-17.69
2026-09-09T12:00:25.075,1788935425.0751,4561,-756,-9.69
2026-09-09T12:00:25.090,1788935425.0910,4562,-2128,-27.28
2026-09-09T12:00:25.106,1788935425.1068,4563,-352,-4.51
2026-09-09T12:00:25.106,1788935425.1068,4564,1912,24.51
2026-09-09T12:00:25.124,1788935425.1245,4565,72,0.92
2026-09-09T12:00:25.138,1788935425.1385,4566,1636,20.97
2026-09-09T12:00:25.146,1788935425.1462,4567,588,7.54
2026-09-09T12:00:25.155,1788935425.1558,4568,1316,16.87
2026-09-09T12:00:25.155,1788935425.1558,4569,1192,15.28
2026-09-09T12:00:25.170,1788935425.1706,4570,968,12.41
2026-09-09T12:00:25.189,1788935425.1899,4571,1896,24.31
2026-09-09T12:00:25.196,1788935425.1962,4572,588,7.54
2026-09-09T12:00:25.202,1788935425.2020,4573,-1984,-25.44
2026-09-09T12:00:25.202,1788935425.2020,4574,184,2.36
2026-09-09T12:00:25.234,1788935425.2341,4575,-1628,-20.87
2026-09-09T12:00:25.234,1788935425.2341,4576,-252,-3.23
2026-09-09T12:00:25.247,1788935425.2479,4577,-1312,-16.82
2026-09-09T12:00:25.255,1788935425.2557,4578,-876,-11.23
2026-09-09T12:00:25.270,1788935425.2701,4579,-952,-12.21
2026-09-09T12:00:25.281,1788935425.2819,4580,-1576,-20.21
2026-09-09T12:00:25.281,1788935425.2819,4581,-588,-7.54
2026-09-09T12:00:25.297,1788935425.2977,4582,-2320,-29.74
2026-09-09T12:00:25.303,1788935425.3037,4583,-208,-2.67
2026-09-09T12:00:25.313,1788935425.3135,4584,1860,23.85
2026-09-09T12:00:25.313,1788935425.3135,4585,192,2.46
2026-09-09T12:00:25.329,1788935425.3293,4586,1556,19.95
2026-09-09T12:00:25.329,1788935425.3293,4587,740,9.49
2026-09-09T12:00:25.361,1788935425.3614,4588,1212,15.54
2026-09-09T12:00:25.361,1788935425.3614,4589,1392,17.85
2026-09-09T12:00:25.377,1788935425.3773,4590,852,10.92
2026-09-09T12:00:25.377,1788935425.3773,4591,2132,27.33
2026-09-09T12:00:25.393,1788935425.3932,4592,460,5.9
2026-09-09T12:00:25.393,1788935425.3932,4593,-1916,-24.56
2026-09-09T12:00:25.409,1788935425.4093,4594,48,0.62
2026-09-09T12:00:25.426,1788935425.4262,4595,-1592,-20.41
2026-09-09T12:00:25.440,1788935425.4407,4596,-508,-6.51
2026-09-09T12:00:25.440,1788935425.4407,4597,-1276,-16.36
2026-09-09T12:00:25.440,1788935425.4407,4598,-1104,-14.15
2026-09-09T12:00:25.456,1788935425.4563,4599,-908,-11.64
2026-09-09T12:00:25.472,1788935425.4724,4600,-1860,-23.85
2026-09-09T12:00:25.472,1788935425.4724,4601,-524,-6.72
2026-09-09T12:00:25.488,1788935425.4882,4602,2072,26.56
2026-09-09T12:00:25.504,1788935425.5042,4603,-104,-1.33
2026-09-09T12:00:25.514,1788935425.5143,4604,1764,22.62
2026-09-09T12:00:25.520,1788935425.5200,4605,360,4.62
2026-09-09T12:00:25.536,1788935425.5361,4606,1424,18.26
2026-09-09T12:00:25.543,1788935425.5439,4607,944,12.1
2026-09-09T12:00:25.559,1788935425.5591,4608,1084,13.9
2026-09-09T12:00:25.559,1788935425.5591,4609,1596,20.46
2026-09-09T12:00:25.568,1788935425.5689,4610,704,9.03
2026-09-09T12:00:25.600,1788935425.6000,4611,2312,29.64
2026-09-09T12:00:25.600,1788935425.6000,4612,300,3.85
2026-09-09T12:00:25.600,1788935425.6000,4613,-1844,-23.64
2026-09-09T12:00:25.615,1788935425.6159,4614,-152,-1.95
2026-09-09T12:00:25.615,1788935425.6159,4615,-1508,-19.33
2026-09-09T12:00:25.635,1788935425.6356,4616,-704,-9.03
2026-09-09T12:00:25.635,1788935425.6356,4617,-1172,-15.03
2026-09-09T12:00:25.657,1788935425.6577,4618,-1408,-18.05
2026-09-09T12:00:25.663,1788935425.6633,4619,-804,-10.31
2026-09-09T12:00:25.679,1788935425.6794,4620,-2144,-27.49
2026-09-09T12:00:25.679,1788935425.6794,4621,-416,-5.33
2026-09-09T12:00:25.679,1788935425.6794,4622,1924,24.67
2026-09-09T12:00:25.695,1788935425.6955,4623,4,0.05
2026-09-09T12:00:25.721,1788935425.7216,4624,1632,20.92
2026-09-09T12:00:25.721,1788935425.7216,4625,500,6.41
2026-09-09T12:00:25.728,1788935425.7288,4626,1300,16.67
2026-09-09T12:00:25.748,1788935425.7480,4627,1136,14.56
2026-09-09T12:00:25.759,1788935425.7595,4628,956,12.26
2026-09-09T12:00:25.763,1788935425.7635,4629,1860,23.85
2026-09-09T12:00:25.775,1788935425.7755,4630,568,7.28
2026-09-09T12:00:25.775,1788935425.7755,4631,2540,32.56
2026-09-09T12:00:25.791,1788935425.7913,4632,140,1.79
2026-09-09T12:00:25.791,1788935425.7913,4633,-1744,-22.36
2026-09-09T12:00:25.807,1788935425.8071,4634,-328,-4.21
2026-09-09T12:00:25.823,1788935425.8231,4635,-1404,-18.0
2026-09-09T12:00:25.838,1788935425.8388,4636,-936,-12.0
2026-09-09T12:00:25.838,1788935425.8388,4637,-1052,-13.49
2026-09-09T12:00:25.858,1788935425.8580,4638,-1628,-20.87
2026-09-09T12:00:25.858,1788935425.8580,4639,-680,-8.72
2026-09-09T12:00:25.871,1788935425.8710,4640,-2376,-30.46
2026-09-09T12:00:25.871,1788935425.8710,4641,-244,-3.13
2026-09-09T12:00:25.886,1788935425.8867,4642,1824,23.38
2026-09-09T12:00:25.902,1788935425.9027,4643,176,2.26
2026-09-09T12:00:25.918,1788935425.9184,4644,1520,19.49
2026-09-09T12:00:25.924,1788935425.9244,4645,700,8.97
2026-09-09T12:00:25.934,1788935425.9342,4646,1184,15.18
2026-09-09T12:00:25.954,1788935425.9541,4647,1372,17.59
2026-09-09T12:00:25.958,1788935425.9581,4648,828,10.62
2026-09-09T12:00:25.965,1788935425.9659,4649,2100,26.92
2026-09-09T12:00:25.970,1788935425.9705,4650,432,5.54
2026-09-09T12:00:25.982,1788935425.9829,4651,2748,35.23
2026-09-09T12:00:25.997,1788935425.9978,4652,12,0.15
2026-09-09T12:00:25.997,1788935425.9978,4653,-1612,-20.67
2026-09-09T12:00:26.013,1788935426.0137,4654,-512,-6.56
2026-09-09T12:00:26.029,1788935426.0295,4655,-1276,-16.36
2026-09-09T12:00:26.038,1788935426.0383,4656,-1164,-14.92
2026-09-09T12:00:26.045,1788935426.0453,4657,-940,-12.05
2026-09-09T12:00:26.045,1788935426.0453,4658,-1884,-24.15
2026-09-09T12:00:26.061,1788935426.0611,4659,-548,-7.03
2026-09-09T12:00:26.077,1788935426.0772,4660,-2620,-33.59
2026-09-09T12:00:26.077,1788935426.0772,4661,-112,-1.44
2026-09-09T12:00:26.093,1788935426.0932,4662,1724,22.1
2026-09-09T12:00:26.108,1788935426.1089,4663,356,4.56
2026-09-09T12:00:26.108,1788935426.1089,4664,1424,18.26
2026-09-09T12:00:26.124,1788935426.1246,4665,940,12.05
2026-09-09T12:00:26.124,1788935426.1246,4666,1084,13.9
2026-09-09T12:00:26.142,1788935426.1423,4667,1628,20.87
2026-09-09T12:00:26.158,1788935426.1583,4668,708,9.08
2026-09-09T12:00:26.158,1788935426.1583,4669,2332,29.9
2026-09-09T12:00:26.172,1788935426.1724,4670,304,3.9
2026-09-09T12:00:26.172,1788935426.1724,4671,2920,37.44
2026-09-09T12:00:26.188,1788935426.1885,4672,-160,-2.05
2026-09-09T12:00:26.206,1788935426.2063,4673,-1520,-19.49
2026-09-09T12:00:26.206,1788935426.2063,4674,-720,-9.23
2026-09-09T12:00:26.227,1788935426.2273,4675,-1160,-14.87
2026-09-09T12:00:26.236,1788935426.2367,4676,-1392,-17.85
2026-09-09T12:00:26.236,1788935426.2367,4677,-792,-10.15
2026-09-09T12:00:26.252,1788935426.2529,4678,-2124,-27.23
2026-09-09T12:00:26.258,1788935426.2584,4679,-392,-5.03
2026-09-09T12:00:26.277,1788935426.2770,4680,-2828,-36.26
2026-09-09T12:00:26.284,1788935426.2847,4681,44,0.56
2026-09-09T12:00:26.288,1788935426.2887,4682,1620,20.77
2026-09-09T12:00:26.300,1788935426.3007,4683,544,6.97
2026-09-09T12:00:26.316,1788935426.3164,4684,1316,16.87
2026-09-09T12:00:26.332,1788935426.3325,4685,1176,15.08
2026-09-09T12:00:26.332,1788935426.3325,4686,952,12.21
2026-09-09T12:00:26.348,1788935426.3483,4687,1876,24.05
2026-09-09T12:00:26.354,1788935426.3543,4688,564,7.23
2026-09-09T12:00:26.364,1788935426.3643,4689,2568,32.92
2026-09-09T12:00:26.364,1788935426.3643,4690,152,1.95
2026-09-09T12:00:26.380,1788935426.3804,4691,3100,39.74
2026-09-09T12:00:26.396,1788935426.3962,4692,-344,-4.41
2026-09-09T12:00:26.396,1788935426.3962,4693,-1384,-17.74
2026-09-09T12:00:26.412,1788935426.4124,4694,-944,-12.1
2026-09-09T12:00:26.412,1788935426.4124,4695,-1048,-13.44
2026-09-09T12:00:26.444,1788935426.4444,4696,-1656,-21.23
2026-09-09T12:00:26.444,1788935426.4444,4697,-660,-8.46
2026-09-09T12:00:26.458,1788935426.4590,4698,-2404,-30.82
2026-09-09T12:00:26.460,1788935426.4605,4699,-256,-3.28
2026-09-09T12:00:26.476,1788935426.4762,4700,-3020,-38.72
2026-09-09T12:00:26.485,1788935426.4856,4701,216,2.77
2026-09-09T12:00:26.492,1788935426.4924,4702,1508,19.33
2026-09-09T12:00:26.492,1788935426.4924,4703,736,9.44
2026-09-09T12:00:26.508,1788935426.5084,4704,1176,15.08
2026-09-09T12:00:26.524,1788935426.5246,4705,1392,17.85
2026-09-09T12:00:26.524,1788935426.5246,4706,812,10.41
2026-09-09T12:00:26.540,1788935426.5409,4707,2084,26.72
2026-09-09T12:00:26.560,1788935426.5608,4708,404,5.18
2026-09-09T12:00:26.573,1788935426.5733,4709,2756,35.33
2026-09-09T12:00:26.573,1788935426.5733,4710,-16,-0.21
2026-09-09T12:00:26.583,1788935426.5833,4711,3264,41.85
2026-09-09T12:00:26.588,1788935426.5885,4712,-524,-6.72
2026-09-09T12:00:26.604,1788935426.6046,4713,-1248,-16.0
2026-09-09T12:00:26.604,1788935426.6046,4714,-1184,-15.18
2026-09-09T12:00:26.628,1788935426.6283,4715,-888,-11.38
2026-09-09T12:00:26.635,1788935426.6360,4716,-1908,-24.46
2026-09-09T12:00:26.651,1788935426.6520,4717,-496,-6.36
2026-09-09T12:00:26.651,1788935426.6520,4718,-2624,-33.64
2026-09-09T12:00:26.664,1788935426.6647,4719,-108,-1.38
2026-09-09T12:00:26.673,1788935426.6738,4720,-3208,-41.13
2026-09-09T12:00:26.687,1788935426.6876,4721,388,4.97
2026-09-09T12:00:26.699,1788935426.6992,4722,1388,17.79
2026-09-09T12:00:26.699,1788935426.6992,4723,968,12.41
2026-09-09T12:00:26.715,1788935426.7152,4724,1068,13.69
2026-09-09T12:00:26.721,1788935426.7213,4725,1664,21.33
2026-09-09T12:00:26.731,1788935426.7318,4726,664,8.51
2026-09-09T12:00:26.747,1788935426.7471,4727,2368,30.36
2026-09-09T12:00:26.758,1788935426.7585,4728,276,3.54
2026-09-09T12:00:26.762,1788935426.7628,4729,2968,38.05
2026-09-09T12:00:26.772,1788935426.7725,4730,-188,-2.41
2026-09-09T12:00:26.783,1788935426.7833,4731,3384,43.38
2026-09-09T12:00:26.794,1788935426.7950,4732,-752,-9.64
2026-09-09T12:00:26.813,1788935426.8130,4733,-1124,-14.41
2026-09-09T12:00:26.813,1788935426.8130,4734,-1444,-18.51
2026-09-09T12:00:26.813,1788935426.8130,4735,-752,-9.64
2026-09-09T12:00:26.826,1788935426.8267,4736,-2184,-28.0
2026-09-09T12:00:26.843,1788935426.8431,4737,-356,-4.56
2026-09-09T12:00:26.843,1788935426.8431,4738,-2880,-36.92
2026-09-09T12:00:26.862,1788935426.8629,4739,52,0.67
2026-09-09T12:00:26.874,1788935426.8749,4740,-3384,-43.38
2026-09-09T12:00:26.874,1788935426.8749,4741,576,7.38
2026-09-09T12:00:26.891,1788935426.8912,4742,1272,16.31
2026-09-09T12:00:26.891,1788935426.8912,4743,1220,15.64
2026-09-09T12:00:26.907,1788935426.9072,4744,912,11.69
2026-09-09T12:00:26.922,1788935426.9228,4745,1920,24.62
2026-09-09T12:00:26.938,1788935426.9389,4746,516,6.62
2026-09-09T12:00:26.938,1788935426.9389,4747,2624,33.64
2026-09-09T12:00:26.954,1788935426.9546,4748,112,1.44
2026-09-09T12:00:26.970,1788935426.9705,4749,3148,40.36
2026-09-09T12:00:26.970,1788935426.9705,4750,-368,-4.72
2026-09-09T12:00:26.986,1788935426.9863,4751,-1360,-17.44
2026-09-09T12:00:26.986,1788935426.9863,4752,-992,-12.72
2026-09-09T12:00:27.002,1788935427.0022,4753,-1004,-12.87
2026-09-09T12:00:27.002,1788935427.0022,4754,-1708,-21.9
2026-09-09T12:00:27.025,1788935427.0250,4755,-636,-8.15
2026-09-09T12:00:27.033,1788935427.0340,4756,-2448,-31.38
2026-09-09T12:00:27.050,1788935427.0500,4757,-216,-2.77
2026-09-09T12:00:27.050,1788935427.0500,4758,-3084,-39.54
2026-09-09T12:00:27.065,1788935427.0658,4759,244,3.13
2026-09-09T12:00:27.065,1788935427.0658,4760,-3520,-45.13
2026-09-09T12:00:27.081,1788935427.0819,4761,828,10.62
2026-09-09T12:00:27.097,1788935427.0976,4762,1140,14.62
2026-09-09T12:00:27.097,1788935427.0976,4763,1472,18.87
2026-09-09T12:00:27.117,1788935427.1174,4764,780,10.0
2026-09-09T12:00:27.117,1788935427.1174,4765,2176,27.9
2026-09-09T12:00:27.130,1788935427.1307,4766,368,4.72
2026-09-09T12:00:27.130,1788935427.1307,4767,2808,36.0
2026-09-09T12:00:27.145,1788935427.1455,4768,-64,-0.82
2026-09-09T12:00:27.161,1788935427.1616,4769,3296,42.26
2026-09-09T12:00:27.177,1788935427.1773,4770,-616,-7.9
2026-09-09T12:00:27.188,1788935427.1883,4771,-1236,-15.85
2026-09-09T12:00:27.193,1788935427.1932,4772,-1256,-16.1
2026-09-09T12:00:27.209,1788935427.2093,4773,-832,-10.67
2026-09-09T12:00:27.209,1788935427.2093,4774,-1988,-25.49
2026-09-09T12:00:27.225,1788935427.2251,4775,-472,-6.05
2026-09-09T12:00:27.225,1788935427.2251,4776,-2700,-34.62
2026-09-09T12:00:27.241,1788935427.2414,4777,-52,-0.67
2026-09-09T12:00:27.241,1788935427.2414,4778,-3244,-41.59
2026-09-09T12:00:27.262,1788935427.2627,4779,408,5.23
2026-09-09T12:00:27.273,1788935427.2733,4780,-3680,-47.18
2026-09-09T12:00:27.289,1788935427.2891,4781,1028,13.18
2026-09-09T12:00:27.289,1788935427.2891,4782,1024,13.13
2026-09-09T12:00:27.305,1788935427.3051,4783,1744,22.36
2026-09-09T12:00:27.305,1788935427.3051,4784,636,8.15
2026-09-09T12:00:27.320,1788935427.3210,4785,2440,31.28
2026-09-09T12:00:27.337,1788935427.3371,4786,216,2.77
2026-09-09T12:00:27.343,1788935427.3431,4787,3016,38.67
2026-09-09T12:00:27.353,1788935427.3530,4788,-236,-3.03
2026-09-09T12:00:27.368,1788935427.3687,4789,3416,43.79
2026-09-09T12:00:27.368,1788935427.3687,4790,-808,-10.36
2026-09-09T12:00:27.384,1788935427.3848,4791,-1092,-14.0
2026-09-09T12:00:27.400,1788935427.4007,4792,-1516,-19.44
2026-09-09T12:00:27.400,1788935427.4007,4793,-728,-9.33
2026-09-09T12:00:27.418,1788935427.4185,4794,-2256,-28.92
2026-09-09T12:00:27.427,1788935427.4271,4795,-300,-3.85
2026-09-09T12:00:27.432,1788935427.4325,4796,-2936,-37.64
2026-09-09T12:00:27.432,1788935427.4325,4797,128,1.64
2026-09-09T12:00:27.448,1788935427.4483,4798,-3428,-43.95
2026-09-09T12:00:27.464,1788935427.4643,4799,652,8.36
2026-09-09T12:00:27.472,1788935427.4722,4800,-3776,-48.41
2026-09-09T12:00:27.480,1788935427.4802,4801,1300,16.67
2026-09-09T12:00:27.480,1788935427.4802,4802,896,11.49
2026-09-09T12:00:27.496,1788935427.4963,4803,1992,25.54
2026-09-09T12:00:27.522,1788935427.5227,4804,476,6.1
2026-09-09T12:00:27.529,1788935427.5293,4805,2648,33.95
2026-09-09T12:00:27.529,1788935427.5293,4806,72,0.92
2026-09-09T12:00:27.544,1788935427.5442,4807,3192,40.92
2026-09-09T12:00:27.544,1788935427.5442,4808,-444,-5.69
2026-09-09T12:00:27.563,1788935427.5634,4809,3512,45.03
2026-09-09T12:00:27.575,1788935427.5755,4810,-1064,-13.64
2026-09-09T12:00:27.583,1788935427.5836,4811,-960,-12.31
2026-09-09T12:00:27.591,1788935427.5916,4812,-1776,-22.77
2026-09-09T12:00:27.607,1788935427.6073,4813,-576,-7.38
2026-09-09T12:00:27.615,1788935427.6153,4814,-2508,-32.15
2026-09-09T12:00:27.624,1788935427.6245,4815,-160,-2.05
2026-09-09T12:00:27.640,1788935427.6408,4816,-3128,-40.1
2026-09-09T12:00:27.640,1788935427.6408,4817,296,3.79
2026-09-09T12:00:27.654,1788935427.6545,4818,-3560,-45.64
2026-09-09T12:00:27.663,1788935427.6632,4819,892,11.44
2026-09-09T12:00:27.670,1788935427.6705,4820,-3868,-49.59
2026-09-09T12:00:27.686,1788935427.6865,4821,1564,20.05
2026-09-09T12:00:27.692,1788935427.6925,4822,744,9.54
2026-09-09T12:00:27.702,1788935427.7027,4823,2272,29.13
2026-09-09T12:00:27.702,1788935427.7027,4824,332,4.26
2026-09-09T12:00:27.721,1788935427.7217,4825,2872,36.82
2026-09-09T12:00:27.735,1788935427.7351,4826,-100,-1.28
2026-09-09T12:00:27.735,1788935427.7356,4827,3324,42.62
2026-09-09T12:00:27.750,1788935427.7506,4828,-668,-8.56
2026-09-09T12:00:27.766,1788935427.7665,4829,3636,46.62
2026-09-09T12:00:27.776,1788935427.7765,4830,-1316,-16.87
2026-09-09T12:00:27.784,1788935427.7843,4831,-832,-10.67
2026-09-09T12:00:27.798,1788935427.7980,4832,-2060,-26.41
2026-09-09T12:00:27.798,1788935427.7980,4833,-408,-5.23
2026-09-09T12:00:27.818,1788935427.8185,4834,-2744,-35.18
2026-09-09T12:00:27.823,1788935427.8239,4835,-8,-0.1
2026-09-09T12:00:27.829,1788935427.8300,4836,-3288,-42.15
2026-09-09T12:00:27.829,1788935427.8300,4837,488,6.26
2026-09-09T12:00:27.846,1788935427.8462,4838,-3696,-47.38
2026-09-09T12:00:27.863,1788935427.8632,4839,1124,14.41
2026-09-09T12:00:27.879,1788935427.8796,4840,-3928,-50.36
2026-09-09T12:00:27.886,1788935427.8861,4841,1812,23.23
2026-09-09T12:00:27.894,1788935427.8943,4842,600,7.69
2026-09-09T12:00:27.894,1788935427.8943,4843,2508,32.15
2026-09-09T12:00:27.910,1788935427.9102,4844,188,2.41
2026-09-09T12:00:27.910,1788935427.9102,4845,3056,39.18
2026-09-09T12:00:27.926,1788935427.9263,4846,-300,-3.85
2026-09-09T12:00:27.942,1788935427.9424,4847,3440,44.1
2026-09-09T12:00:27.958,1788935427.9581,4848,-888,-11.38
2026-09-09T12:00:27.963,1788935427.9636,4849,3724,47.74
2026-09-09T12:00:27.975,1788935427.9757,4850,-1588,-20.36
2026-09-09T12:00:27.993,1788935427.9935,4851,-676,-8.67
2026-09-09T12:00:27.993,1788935427.9935,4852,-2332,-29.9
2026-09-09T12:00:28.005,1788935428.0052,4853,-272,-3.49
2026-09-09T12:00:28.020,1788935428.0210,4854,-2992,-38.36
2026-09-09T12:00:28.022,1788935428.0230,4855,160,2.05
2026-09-09T12:00:28.036,1788935428.0368,4856,-3464,-44.41
2026-09-09T12:00:28.036,1788935428.0368,4857,720,9.23
2026-09-09T12:00:28.052,1788935428.0528,4858,-3796,-48.67
2026-09-09T12:00:28.063,1788935428.0637,4859,1376,17.64
2026-09-09T12:00:28.068,1788935428.0686,4860,-4000,-51.28
2026-09-09T12:00:28.084,1788935428.0846,4861,2080,26.67
2026-09-09T12:00:28.084,1788935428.0846,4862,428,5.49
2026-09-09T12:00:28.100,1788935428.1007,4863,2724,34.92
2026-09-09T12:00:28.116,1788935428.1167,4864,0,0.0
2026-09-09T12:00:28.116,1788935428.1167,4865,3224,41.33
2026-09-09T12:00:28.132,1788935428.1328,4866,-488,-6.26
2026-09-09T12:00:28.148,1788935428.1486,4867,3572,45.79
2026-09-09T12:00:28.148,1788935428.1486,4868,-1152,-14.77
2026-09-09T12:00:28.164,1788935428.1641,4869,3788,48.56
2026-09-09T12:00:28.164,1788935428.1641,4870,-1904,-24.41
2026-09-09T12:00:28.180,1788935428.1801,4871,-512,-6.56
2026-09-09T12:00:28.197,1788935428.1978,4872,-2604,-33.38
2026-09-09T12:00:28.203,1788935428.2033,4873,-96,-1.23
2026-09-09T12:00:28.214,1788935428.2144,4874,-3184,-40.82
2026-09-09T12:00:28.223,1788935428.2239,4875,352,4.51
2026-09-09T12:00:28.243,1788935428.2434,4876,-3596,-46.1
2026-09-09T12:00:28.243,1788935428.2434,4877,944,12.1
2026-09-09T12:00:28.243,1788935428.2434,4878,-3896,-49.95
2026-09-09T12:00:28.265,1788935428.2651,4879,1648,21.13
2026-09-09T12:00:28.275,1788935428.2751,4880,692,8.87
2026-09-09T12:00:28.275,1788935428.2751,4881,2364,30.31
2026-09-09T12:00:28.290,1788935428.2908,4882,288,3.69
2026-09-09T12:00:28.290,1788935428.2908,4883,2940,37.69
2026-09-09T12:00:28.322,1788935428.3222,4884,-168,-2.15
2026-09-09T12:00:28.322,1788935428.3222,4885,3380,43.33
2026-09-09T12:00:28.322,1788935428.3222,4886,-764,-9.79
2026-09-09T12:00:28.338,1788935428.3381,4887,3664,46.97
2026-09-09T12:00:28.354,1788935428.3541,4888,-1416,-18.15
2026-09-09T12:00:28.364,1788935428.3650,4889,3856,49.44
2026-09-09T12:00:28.370,1788935428.3700,4890,-2200,-28.21
2026-09-09T12:00:28.386,1788935428.3861,4891,-340,-4.36
2026-09-09T12:00:28.402,1788935428.4022,4892,-2844,-36.46
2026-09-09T12:00:28.402,1788935428.4022,4893,64,0.82
2026-09-09T12:00:28.418,1788935428.4181,4894,-3400,-43.59
2026-09-09T12:00:28.423,1788935428.4238,4895,576,7.38
2026-09-09T12:00:28.433,1788935428.4338,4896,-3756,-48.15
2026-09-09T12:00:28.433,1788935428.4338,4897,1192,15.28
2026-09-09T12:00:28.449,1788935428.4496,4898,-3988,-51.13
2026-09-09T12:00:28.464,1788935428.4649,4899,1904,24.41
2026-09-09T12:00:28.480,1788935428.4809,4900,532,6.82
2026-09-09T12:00:28.480,1788935428.4809,4901,2576,33.03
2026-09-09T12:00:28.496,1788935428.4969,4902,92,1.18
2026-09-09T12:00:28.496,1788935428.4969,4903,3128,40.1
2026-09-09T12:00:28.512,1788935428.5129,4904,-372,-4.77
2026-09-09T12:00:28.512,1788935428.5129,4905,3508,44.97
2026-09-09T12:00:28.528,1788935428.5285,4906,-1008,-12.92
2026-09-09T12:00:28.544,1788935428.5446,4907,3764,48.26
2026-09-09T12:00:28.559,1788935428.5591,4908,-1704,-21.85
2026-09-09T12:00:28.563,1788935428.5634,4909,3896,49.95
2026-09-09T12:00:28.566,1788935428.5664,4910,-2460,-31.54
2026-09-09T12:00:28.592,1788935428.5925,4911,-208,-2.67
2026-09-09T12:00:28.592,1788935428.5925,4912,-3072,-39.38
2026-09-09T12:00:28.592,1788935428.5925,4913,244,3.13
2026-09-09T12:00:28.615,1788935428.6157,4914,-3544,-45.44
2026-09-09T12:00:28.624,1788935428.6245,4915,836,10.72
2026-09-09T12:00:28.634,1788935428.6348,4916,-3848,-49.33
2026-09-09T12:00:28.640,1788935428.6404,4917,1504,19.28
2026-09-09T12:00:28.656,1788935428.6561,4918,-4036,-51.74
2026-09-09T12:00:28.662,1788935428.6621,4919,2192,28.1
2026-09-09T12:00:28.672,1788935428.6723,4920,364,4.67
2026-09-09T12:00:28.672,1788935428.6723,4921,2824,36.21
2026-09-09T12:00:28.688,1788935428.6881,4922,-80,-1.03
2026-09-09T12:00:28.711,1788935428.7117,4923,3284,42.1
2026-09-09T12:00:28.719,1788935428.7199,4924,-624,-8.0
2026-09-09T12:00:28.722,1788935428.7229,4925,3600,46.15
2026-09-09T12:00:28.736,1788935428.7363,4926,-1272,-16.31
2026-09-09T12:00:28.736,1788935428.7363,4927,3836,49.18
2026-09-09T12:00:28.751,1788935428.7514,4928,-2008,-25.74
2026-09-09T12:00:28.751,1788935428.7514,4929,3968,50.87
2026-09-09T12:00:28.776,1788935428.7768,4930,-2704,-34.67
2026-09-09T12:00:28.782,1788935428.7828,4931,-48,-0.62
2026-09-09T12:00:28.798,1788935428.7986,4932,-3272,-41.95
2026-09-09T12:00:28.798,1788935428.7986,4933,428,5.49
2026-09-09T12:00:28.814,1788935428.8146,4934,-3672,-47.08
2026-09-09T12:00:28.830,1788935428.8306,4935,1064,13.64
2026-09-09T12:00:28.830,1788935428.8306,4936,-3936,-50.46
2026-09-09T12:00:28.846,1788935428.8463,4937,1764,22.62
2026-09-09T12:00:28.846,1788935428.8463,4938,-4100,-52.56
2026-09-09T12:00:28.867,1788935428.8679,4939,2448,31.38
2026-09-09T12:00:28.867,1788935428.8679,4940,204,2.62
2026-09-09T12:00:28.877,1788935428.8780,4941,3008,38.56
2026-09-09T12:00:28.894,1788935428.8941,4942,-260,-3.33
2026-09-09T12:00:28.902,1788935428.9030,4943,3416,43.79
2026-09-09T12:00:28.909,1788935428.9099,4944,-872,-11.18
2026-09-09T12:00:28.925,1788935428.9258,4945,3692,47.33
2026-09-09T12:00:28.933,1788935428.9339,4946,-1548,-19.85
2026-09-09T12:00:28.943,1788935428.9437,4947,3888,49.85
2026-09-09T12:00:28.960,1788935428.9608,4948,-2296,-29.44
2026-09-09T12:00:28.969,1788935428.9694,4949,3976,50.97
2026-09-09T12:00:28.978,1788935428.9784,4950,-2932,-37.59
2026-09-09T12:00:28.988,1788935428.9881,4951,140,1.79
2026-09-09T12:00:28.992,1788935428.9922,4952,-3436,-44.05
2026-09-09T12:00:29.002,1788935429.0030,4953,684,8.77
2026-09-09T12:00:29.018,1788935429.0184,4954,-3776,-48.41
2026-09-09T12:00:29.027,1788935429.0275,4955,1324,16.97
2026-09-09T12:00:29.035,1788935429.0352,4956,-3992,-51.18
2026-09-09T12:00:29.035,1788935429.0352,4957,2044,26.21
2026-09-09T12:00:29.050,1788935429.0509,4958,-4120,-52.82
2026-09-09T12:00:29.065,1788935429.0650,4959,2708,34.72
2026-09-09T12:00:29.081,1788935429.0811,4960,68,0.87
2026-09-09T12:00:29.081,1788935429.0811,4961,3196,40.97
2026-09-09T12:00:29.096,1788935429.0967,4962,-460,-5.9
2026-09-09T12:00:29.103,1788935429.1033,4963,3544,45.44
2026-09-09T12:00:29.112,1788935429.1126,4964,-1076,-13.79
2026-09-09T12:00:29.128,1788935429.1284,4965,3792,48.62
2026-09-09T12:00:29.133,1788935429.1330,4966,-1832,-23.49
2026-09-09T12:00:29.146,1788935429.1466,4967,3944,50.56
2026-09-09T12:00:29.146,1788935429.1466,4968,-2548,-32.67
2026-09-09T12:00:29.167,1788935429.1679,4969,4008,51.38
2026-09-09T12:00:29.167,1788935429.1679,4970,-3140,-40.26
2026-09-09T12:00:29.179,1788935429.1792,4971,324,4.15
2026-09-09T12:00:29.192,1788935429.1929,4972,-3576,-45.85
2026-09-09T12:00:29.210,1788935429.2109,4973,920,11.79
2026-09-09T12:00:29.210,1788935429.2109,4974,-3892,-49.9
2026-09-09T12:00:29.224,1788935429.2248,4975,1604,20.56
2026-09-09T12:00:29.240,1788935429.2406,4976,-4064,-52.1
2026-09-09T12:00:29.240,1788935429.2406,4977,2312,29.64
2026-09-09T12:00:29.252,1788935429.2528,4978,-4156,-53.28
2026-09-09T12:00:29.268,1788935429.2682,4979,2904,37.23
2026-09-09T12:00:29.272,1788935429.2721,4980,-136,-1.74
2026-09-09T12:00:29.287,1788935429.2880,4981,3344,42.87
2026-09-09T12:00:29.287,1788935429.2880,4982,-712,-9.13
2026-09-09T12:00:29.304,1788935429.3041,4983,3632,46.56
2026-09-09T12:00:29.304,1788935429.3041,4984,-1368,-17.54
2026-09-09T12:00:29.320,1788935429.3200,4985,3860,49.49
2026-09-09T12:00:29.335,1788935429.3358,4986,-2132,-27.33
2026-09-09T12:00:29.343,1788935429.3433,4987,3972,50.92
2026-09-09T12:00:29.353,1788935429.3534,4988,-2816,-36.1
2026-09-09T12:00:29.369,1788935429.3691,4989,4020,51.54
2026-09-09T12:00:29.369,1788935429.3691,4990,-3356,-43.03
2026-09-09T12:00:29.383,1788935429.3831,4991,520,6.67
2026-09-09T12:00:29.383,1788935429.3831,4992,-3732,-47.85
2026-09-09T12:00:29.402,1788935429.4028,4993,1168,14.97
2026-09-09T12:00:29.418,1788935429.4184,4994,-3980,-51.03
2026-09-09T12:00:29.424,1788935429.4247,4995,1864,23.9
2026-09-09T12:00:29.431,1788935429.4311,4996,-4120,-52.82
2026-09-09T12:00:29.449,1788935429.4497,4997,2560,32.82
2026-09-09T12:00:29.449,1788935429.4497,4998,-4180,-53.59
2026-09-09T12:00:29.463,1788935429.4632,4999,3092,39.64
2026-09-09T12:00:29.479,1788935429.4791,5000,-372,-4.77
2026-09-09T12:00:29.486,1788935429.4862,5001,3484,44.67
2026-09-09T12:00:29.494,1788935429.4949,5002,-952,-12.21
2026-09-09T12:00:29.494,1788935429.4949,5003,3724,47.74
2026-09-09T12:00:29.510,1788935429.5108,5004,-1684,-21.59
2026-09-09T12:00:29.526,1788935429.5269,5005,3880,49.74
2026-09-09T12:00:29.532,1788935429.5330,5006,-2440,-31.28
2026-09-09T12:00:29.542,1788935429.5428,5007,3972,50.92
2026-09-09T12:00:29.542,1788935429.5428,5008,-3052,-39.13
2026-09-09T12:00:29.569,1788935429.5697,5009,196,2.51
2026-09-09T12:00:29.574,1788935429.5747,5010,-3532,-45.28
2026-09-09T12:00:29.574,1788935429.5747,5011,788,10.1
2026-09-09T12:00:29.590,1788935429.5905,5012,-3856,-49.44
2026-09-09T12:00:29.606,1788935429.6062,5013,1452,18.62
2026-09-09T12:00:29.612,1788935429.6130,5014,-4064,-52.1
2026-09-09T12:00:29.622,1788935429.6223,5015,2180,27.95
2026-09-09T12:00:29.622,1788935429.6223,5016,-4156,-53.28
2026-09-09T12:00:29.646,1788935429.6461,5017,2792,35.79
2026-09-09T12:00:29.656,1788935429.6560,5018,-4204,-53.9
2026-09-09T12:00:29.656,1788935429.6560,5019,3260,41.79
2026-09-09T12:00:29.669,1788935429.6699,5020,-600,-7.69
2026-09-09T12:00:29.685,1788935429.6857,5021,3580,45.9
2026-09-09T12:00:29.685,1788935429.6857,5022,-1256,-16.1
2026-09-09T12:00:29.701,1788935429.7014,5023,3808,48.82
2026-09-09T12:00:29.721,1788935429.7214,5024,-1964,-25.18
2026-09-09T12:00:29.721,1788935429.7214,5025,3940,50.51
2026-09-09T12:00:29.734,1788935429.7340,5026,-2704,-34.67
2026-09-09T12:00:29.734,1788935429.7340,5027,4000,51.28
2026-09-09T12:00:29.749,1788935429.7494,5028,-3260,-41.79
2026-09-09T12:00:29.765,1788935429.7656,5029,408,5.23
2026-09-09T12:00:29.770,1788935429.7701,5030,-3692,-47.33
2026-09-09T12:00:29.783,1788935429.7834,5031,1036,13.28
2026-09-09T12:00:29.783,1788935429.7834,5032,-3928,-50.36
2026-09-09T12:00:29.816,1788935429.8164,5033,1748,22.41
2026-09-09T12:00:29.821,1788935429.8218,5034,-4108,-52.67
2026-09-09T12:00:29.824,1788935429.8245,5035,2428,31.13
2026-09-09T12:00:29.832,1788935429.8329,5036,-4172,-53.49
2026-09-09T12:00:29.846,1788935429.8469,5037,3020,38.72
2026-09-09T12:00:29.860,1788935429.8608,5038,-4176,-53.54
2026-09-09T12:00:29.863,1788935429.8637,5039,3432,44.0
2026-09-09T12:00:29.876,1788935429.8767,5040,-828,-10.62
2026-09-09T12:00:29.876,1788935429.8767,5041,3732,47.85
2026-09-09T12:00:29.892,1788935429.8927,5042,-1524,-19.54
2026-09-09T12:00:29.892,1788935429.8927,5043,3928,50.36
2026-09-09T12:00:29.909,1788935429.9090,5044,-2244,-28.77
2026-09-09T12:00:29.940,1788935429.9410,5045,4016,51.49
2026-09-09T12:00:29.940,1788935429.9410,5046,-2912,-37.33
2026-09-09T12:00:29.940,1788935429.9410,5047,4056,52.0
2026-09-09T12:00:29.956,1788935429.9567,5048,-3400,-43.59
2026-09-09T12:00:29.956,1788935429.9567,5049,712,9.13
2026-09-09T12:00:29.972,1788935429.9730,5050,-3728,-47.79
2026-09-09T12:00:29.972,1788935429.9730,5051,1368,17.54
2026-09-09T12:00:29.989,1788935429.9891,5052,-3956,-50.72
2026-09-09T12:00:30.005,1788935430.0051,5053,2088,26.77
2026-09-09T12:00:30.005,1788935430.0051,5054,-4076,-52.26
2026-09-09T12:00:30.020,1788935430.0208,5055,2752,35.28
2026-09-09T12:00:30.020,1788935430.0208,5056,-4120,-52.82
2026-09-09T12:00:30.036,1788935430.0369,5057,3264,41.85
2026-09-09T12:00:30.052,1788935430.0529,5058,-4092,-52.46
2026-09-09T12:00:30.069,1788935430.0699,5059,3624,46.46
2026-09-09T12:00:30.069,1788935430.0699,5060,-1032,-13.23
2026-09-09T12:00:30.084,1788935430.0847,5061,3856,49.44
2026-09-09T12:00:30.100,1788935430.1003,5062,-1764,-22.62
2026-09-09T12:00:30.100,1788935430.1003,5063,4012,51.44
2026-09-09T12:00:30.116,1788935430.1162,5064,-2516,-32.26
2026-09-09T12:00:30.116,1788935430.1162,5065,4064,52.1
2026-09-09T12:00:30.133,1788935430.1334,5066,-3096,-39.69
2026-09-09T12:00:30.147,1788935430.1471,5067,4084,52.36
2026-09-09T12:00:30.147,1788935430.1471,5068,-3520,-45.13
2026-09-09T12:00:30.163,1788935430.1630,5069,996,12.77
2026-09-09T12:00:30.186,1788935430.1862,5070,-3816,-48.92
2026-09-09T12:00:30.190,1788935430.1902,5071,1676,21.49
2026-09-09T12:00:30.192,1788935430.1922,5072,-4016,-51.49
2026-09-09T12:00:30.192,1788935430.1922,5073,2404,30.82
2026-09-09T12:00:30.216,1788935430.2163,5074,-4092,-52.46
2026-09-09T12:00:30.224,1788935430.2243,5075,2996,38.41
2026-09-09T12:00:30.224,1788935430.2243,5076,-4108,-52.67
2026-09-09T12:00:30.242,1788935430.2421,5077,3436,44.05
2026-09-09T12:00:30.256,1788935430.2561,5078,-4044,-51.85
2026-09-09T12:00:30.271,1788935430.2719,5079,3756,48.15
2026-09-09T12:00:30.271,1788935430.2719,5080,-1296,-16.62
2026-09-09T12:00:30.271,1788935430.2719,5081,3952,50.67
2026-09-09T12:00:30.287,1788935430.2880,5082,-2052,-26.31
2026-09-09T12:00:30.306,1788935430.3061,5083,4064,52.1
2026-09-09T12:00:30.306,1788935430.3061,5084,-2748,-35.23
2026-09-09T12:00:30.327,1788935430.3280,5085,4100,52.56
2026-09-09T12:00:30.336,1788935430.3361,5086,-3264,-41.85
2026-09-09T12:00:30.351,1788935430.3518,5087,4076,52.26
2026-09-09T12:00:30.351,1788935430.3518,5088,-3640,-46.67
2026-09-09T12:00:30.367,1788935430.3674,5089,1292,16.56
2026-09-09T12:00:30.371,1788935430.3710,5090,-3864,-49.54
2026-09-09T12:00:30.383,1788935430.3831,5091,2000,25.64
2026-09-09T12:00:30.383,1788935430.3831,5092,-4016,-51.49
2026-09-09T12:00:30.400,1788935430.4009,5093,2660,34.1
2026-09-09T12:00:30.415,1788935430.4153,5094,-4092,-52.46
2026-09-09T12:00:30.431,1788935430.4313,5095,3204,41.08
2026-09-09T12:00:30.431,1788935430.4313,5096,-4088,-52.41
2026-09-09T12:00:30.447,1788935430.4473,5097,3576,45.85
2026-09-09T12:00:30.447,1788935430.4473,5098,-3980,-51.03
2026-09-09T12:00:30.463,1788935430.4631,5099,3832,49.13
2026-09-09T12:00:30.470,1788935430.4709,5100,-1604,-20.56
2026-09-09T12:00:30.479,1788935430.4792,5101,4004,51.33
2026-09-09T12:00:30.495,1788935430.4952,5102,-2344,-30.05
2026-09-09T12:00:30.495,1788935430.4952,5103,4076,52.26
2026-09-09T12:00:30.513,1788935430.5134,5104,-2972,-38.1
2026-09-09T12:00:30.513,1788935430.5134,5105,4104,52.62
2026-09-09T12:00:30.527,1788935430.5275,5106,-3448,-44.21
2026-09-09T12:00:30.543,1788935430.5434,5107,4040,51.79
2026-09-09T12:00:30.560,1788935430.5603,5108,-3792,-48.62
2026-09-09T12:00:30.560,1788935430.5608,5109,1524,19.54
2026-09-09T12:00:30.578,1788935430.5788,5110,-3980,-51.03
2026-09-09T12:00:30.584,1788935430.5844,5111,2268,29.08
2026-09-09T12:00:30.590,1788935430.5907,5112,-4080,-52.31
2026-09-09T12:00:30.609,1788935430.6096,5113,2884,36.97
2026-09-09T12:00:30.616,1788935430.6160,5114,-4112,-52.72
2026-09-09T12:00:30.622,1788935430.6223,5115,3332,42.72
2026-09-09T12:00:30.638,1788935430.6382,5116,-4080,-52.31
2026-09-09T12:00:30.642,1788935430.6423,5117,3664,46.97
2026-09-09T12:00:30.654,1788935430.6545,5118,-1180,-15.13
2026-09-09T12:00:30.654,1788935430.6545,5119,3864,49.54
2026-09-09T12:00:30.671,1788935430.6711,5120,-1948,-24.97
2026-09-09T12:00:30.686,1788935430.6864,5121,4004,51.33
2026-09-09T12:00:30.686,1788935430.6864,5122,-2652,-34.0
2026-09-09T12:00:30.702,1788935430.7023,5123,4072,52.21
2026-09-09T12:00:30.718,1788935430.7182,5124,-3220,-41.28
2026-09-09T12:00:30.727,1788935430.7279,5125,4060,52.05
2026-09-09T12:00:30.734,1788935430.7347,5126,-3616,-46.36
2026-09-09T12:00:30.734,1788935430.7347,5127,3972,50.92
2026-09-09T12:00:30.749,1788935430.7496,5128,-3888,-49.85
2026-09-09T12:00:30.771,1788935430.7713,5129,1800,23.08
2026-09-09T12:00:30.771,1788935430.7713,5130,-4040,-51.79
2026-09-09T12:00:30.784,1788935430.7845,5131,2480,31.79
2026-09-09T12:00:30.794,1788935430.7945,5132,-4100,-52.56
2026-09-09T12:00:30.812,1788935430.8120,5133,3080,39.49
2026-09-09T12:00:30.812,1788935430.8120,5134,-4120,-52.82
2026-09-09T12:00:30.827,1788935430.8279,5135,3464,44.41
2026-09-09T12:00:30.833,1788935430.8339,5136,-4060,-52.05
2026-09-09T12:00:30.843,1788935430.8436,5137,3760,48.21
2026-09-09T12:00:30.859,1788935430.8597,5138,-1496,-19.18
2026-09-09T12:00:30.859,1788935430.8597,5139,3928,50.36
2026-09-09T12:00:30.875,1788935430.8754,5140,-2284,-29.28
2026-09-09T12:00:30.883,1788935430.8830,5141,4024,51.59
2026-09-09T12:00:30.891,1788935430.8914,5142,-2920,-37.44
2026-09-09T12:00:30.891,1788935430.8914,5143,4040,51.79
2026-09-09T12:00:30.907,1788935430.9073,5144,-3412,-43.74
2026-09-09T12:00:30.923,1788935430.9231,5145,3992,51.18
2026-09-09T12:00:30.938,1788935430.9388,5146,-3792,-48.62
2026-09-09T12:00:30.938,1788935430.9388,5147,3884,49.79
2026-09-09T12:00:30.954,1788935430.9549,5148,-4000,-51.28
2026-09-09T12:00:30.971,1788935430.9711,5149,2092,26.82
2026-09-09T12:00:30.986,1788935430.9864,5150,-4096,-52.51
2026-09-09T12:00:30.986,1788935430.9864,5151,2748,35.23
2026-09-09T12:00:30.993,1788935430.9930,5152,-4160,-53.33
2026-09-09T12:00:31.007,1788935431.0072,5153,3228,41.38
2026-09-09T12:00:31.013,1788935431.0131,5154,-4120,-52.82
2026-09-09T12:00:31.018,1788935431.0181,5155,3584,45.95
2026-09-09T12:00:31.033,1788935431.0339,5156,-4012,-51.44
2026-09-09T12:00:31.033,1788935431.0339,5157,3816,48.92
2026-09-09T12:00:31.065,1788935431.0658,5158,-1832,-23.49
2026-09-09T12:00:31.065,1788935431.0658,5159,3968,50.87
2026-09-09T12:00:31.071,1788935431.0720,5160,-2584,-33.13
2026-09-09T12:00:31.081,1788935431.0819,5161,4040,51.79
2026-09-09T12:00:31.097,1788935431.0978,5162,-3152,-40.41
2026-09-09T12:00:31.097,1788935431.0978,5163,4040,51.79
2026-09-09T12:00:31.113,1788935431.1137,5164,-3584,-45.95
2026-09-09T12:00:31.113,1788935431.1137,5165,3936,50.46
2026-09-09T12:00:31.129,1788935431.1294,5166,-3872,-49.64
2026-09-09T12:00:31.145,1788935431.1454,5167,3796,48.67
2026-09-09T12:00:31.154,1788935431.1540,5168,-4052,-51.95
2026-09-09T12:00:31.163,1788935431.1636,5169,2364,30.31
2026-09-09T12:00:31.174,1788935431.1741,5170,-4140,-53.08
2026-09-09T12:00:31.185,1788935431.1857,5171,2948,37.79
2026-09-09T12:00:31.197,1788935431.1977,5172,-4164,-53.38
2026-09-09T12:00:31.209,1788935431.2093,5173,3380,43.33
2026-09-09T12:00:31.213,1788935431.2133,5174,-4080,-52.31
2026-09-09T12:00:31.225,1788935431.2251,5175,3684,47.23
2026-09-09T12:00:31.225,1788935431.2251,5176,-3956,-50.72
2026-09-09T12:00:31.240,1788935431.2407,5177,3900,50.0
2026-09-09T12:00:31.256,1788935431.2566,5178,-2168,-27.79
2026-09-09T12:00:31.256,1788935431.2566,5179,3992,51.18
2026-09-09T12:00:31.272,1788935431.2726,5180,-2832,-36.31
2026-09-09T12:00:31.272,1788935431.2726,5181,4028,51.64
2026-09-09T12:00:31.292,1788935431.2921,5182,-3364,-43.13
2026-09-09T12:00:31.304,1788935431.3046,5183,3992,51.18
2026-09-09T12:00:31.320,1788935431.3203,5184,-3744,-48.0
2026-09-09T12:00:31.320,1788935431.3203,5185,3876,49.69
2026-09-09T12:00:31.335,1788935431.3359,5186,-3972,-50.92
2026-09-09T12:00:31.335,1788935431.3359,5187,3684,47.23
2026-09-09T12:00:31.351,1788935431.3519,5188,-4116,-52.77
2026-09-09T12:00:31.351,1788935431.3519,5189,2628,33.69
2026-09-09T12:00:31.374,1788935431.3742,5190,-4164,-53.38
2026-09-09T12:00:31.383,1788935431.3837,5191,3152,40.41
2026-09-09T12:00:31.403,1788935431.4038,5192,-4140,-53.08
2026-09-09T12:00:31.406,1788935431.4070,5193,3512,45.03
2026-09-09T12:00:31.414,1788935431.4148,5194,-4060,-52.05
2026-09-09T12:00:31.424,1788935431.4248,5195,3776,48.41
2026-09-09T12:00:31.438,1788935431.4386,5196,-3880,-49.74
2026-09-09T12:00:31.446,1788935431.4465,5197,3932,50.41
2026-09-09T12:00:31.446,1788935431.4465,5198,-2476,-31.74
2026-09-09T12:00:31.462,1788935431.4625,5199,4000,51.28
2026-09-09T12:00:31.478,1788935431.4782,5200,-3096,-39.69
2026-09-09T12:00:31.478,1788935431.4782,5201,4024,51.59
2026-09-09T12:00:31.494,1788935431.4942,5202,-3528,-45.23
2026-09-09T12:00:31.494,1788935431.4942,5203,3940,50.51
2026-09-09T12:00:31.510,1788935431.5101,5204,-3864,-49.54
2026-09-09T12:00:31.525,1788935431.5260,5205,3796,48.67
2026-09-09T12:00:31.525,1788935431.5260,5206,-4032,-51.69
2026-09-09T12:00:31.542,1788935431.5422,5207,3564,45.69
2026-09-09T12:00:31.560,1788935431.5605,5208,-4148,-53.18
2026-09-09T12:00:31.560,1788935431.5605,5209,2848,36.51
2026-09-09T12:00:31.576,1788935431.5767,5210,-4176,-53.54
2026-09-09T12:00:31.576,1788935431.5767,5211,3332,42.72
2026-09-09T12:00:31.597,1788935431.5972,5212,-4132,-52.97
2026-09-09T12:00:31.606,1788935431.6063,5213,3640,46.67
2026-09-09T12:00:31.606,1788935431.6063,5214,-4004,-51.33
2026-09-09T12:00:31.622,1788935431.6221,5215,3844,49.28
2026-09-09T12:00:31.622,1788935431.6221,5216,-3764,-48.26
2026-09-09T12:00:31.643,1788935431.6433,5217,3984,51.08
2026-09-09T12:00:31.653,1788935431.6535,5218,-2748,-35.23
2026-09-09T12:00:31.664,1788935431.6646,5219,4016,51.49
2026-09-09T12:00:31.675,1788935431.6756,5220,-3292,-42.21
2026-09-09T12:00:31.685,1788935431.6856,5221,4008,51.38
2026-09-09T12:00:31.696,1788935431.6963,5222,-3688,-47.28
2026-09-09T12:00:31.701,1788935431.7015,5223,3900,50.0
2026-09-09T12:00:31.721,1788935431.7211,5224,-3944,-50.56
2026-09-09T12:00:31.725,1788935431.7254,5225,3736,47.9
2026-09-09T12:00:31.734,1788935431.7342,5226,-4088,-52.41
2026-09-09T12:00:31.734,1788935431.7342,5227,3464,44.41
2026-09-09T12:00:31.749,1788935431.7494,5228,-4152,-53.23
2026-09-09T12:00:31.765,1788935431.7652,5229,3064,39.28
2026-09-09T12:00:31.775,1788935431.7755,5230,-4152,-53.23
2026-09-09T12:00:31.781,1788935431.7811,5231,3472,44.51
2026-09-09T12:00:31.781,1788935431.7811,5232,-4072,-52.21
2026-09-09T12:00:31.812,1788935431.8125,5233,3756,48.15
2026-09-09T12:00:31.812,1788935431.8125,5234,-3904,-50.05
2026-09-09T12:00:31.812,1788935431.8125,5235,3912,50.15
2026-09-09T12:00:31.828,1788935431.8282,5236,-3632,-46.56
2026-09-09T12:00:31.844,1788935431.8442,5237,4004,51.33
2026-09-09T12:00:31.860,1788935431.8600,5238,-3008,-38.56
2026-09-09T12:00:31.860,1788935431.8600,5239,4016,51.49
2026-09-09T12:00:31.875,1788935431.8760,5240,-3484,-44.67
2026-09-09T12:00:31.883,1788935431.8832,5241,3964,50.82
2026-09-09T12:00:31.891,1788935431.8919,5242,-3824,-49.03
2026-09-09T12:00:31.891,1788935431.8919,5243,3844,49.28
2026-09-09T12:00:31.907,1788935431.9078,5244,-4028,-51.64
2026-09-09T12:00:31.924,1788935431.9240,5245,3616,46.36
2026-09-09T12:00:31.940,1788935431.9400,5246,-4152,-53.23
2026-09-09T12:00:31.940,1788935431.9400,5247,2772,35.54
2026-09-09T12:00:31.955,1788935431.9560,5248,-4152,-53.23
2026-09-09T12:00:31.955,1788935431.9560,5249,3264,41.85
2026-09-09T12:00:31.977,1788935431.9772,5250,-4132,-52.97
2026-09-09T12:00:31.987,1788935431.9878,5251,3592,46.05
2026-09-09T12:00:31.987,1788935431.9878,5252,-4016,-51.49
2026-09-09T12:00:32.003,1788935432.0038,5253,3828,49.08
2026-09-09T12:00:32.003,1788935432.0038,5254,-3808,-48.82
2026-09-09T12:00:32.019,1788935432.0198,5255,3956,50.72
2026-09-09T12:00:32.019,1788935432.0198,5256,-3496,-44.82
2026-09-09T12:00:32.035,1788935432.0357,5257,4008,51.38
2026-09-09T12:00:32.051,1788935432.0519,5258,-3240,-41.54
2026-09-09T12:00:32.051,1788935432.0519,5259,3996,51.23
2026-09-09T12:00:32.077,1788935432.0772,5260,-3656,-46.87
2026-09-09T12:00:32.083,1788935432.0835,5261,3940,50.51
2026-09-09T12:00:32.099,1788935432.0993,5262,-3936,-50.46
2026-09-09T12:00:32.099,1788935432.0993,5263,3748,48.05
2026-09-09T12:00:32.115,1788935432.1154,5264,-4100,-52.56
2026-09-09T12:00:32.122,1788935432.1225,5265,3476,44.56
2026-09-09T12:00:32.131,1788935432.1313,5266,-4176,-53.54
2026-09-09T12:00:32.147,1788935432.1473,5267,2992,38.36
2026-09-09T12:00:32.155,1788935432.1554,5268,-4188,-53.69
2026-09-09T12:00:32.163,1788935432.1631,5269,3428,43.95
2026-09-09T12:00:32.179,1788935432.1792,5270,-4108,-52.67
2026-09-09T12:00:32.179,1788935432.1792,5271,3712,47.59
2026-09-09T12:00:32.201,1788935432.2015,5272,-3956,-50.72
2026-09-09T12:00:32.205,1788935432.2058,5273,3884,49.79
2026-09-09T12:00:32.211,1788935432.2112,5274,-3688,-47.28
2026-09-09T12:00:32.227,1788935432.2273,5275,3984,51.08
2026-09-09T12:00:32.227,1788935432.2273,5276,-3364,-43.13
2026-09-09T12:00:32.243,1788935432.2431,5277,4028,51.64
2026-09-09T12:00:32.260,1788935432.2605,5278,-3444,-44.15
2026-09-09T12:00:32.268,1788935432.2689,5279,3968,50.87
2026-09-09T12:00:32.274,1788935432.2747,5280,-3796,-48.67
2026-09-09T12:00:32.277,1788935432.2774,5281,3852,49.38
2026-09-09T12:00:32.290,1788935432.2907,5282,-4020,-51.54
2026-09-09T12:00:32.306,1788935432.3066,5283,3668,47.03
2026-09-09T12:00:32.306,1788935432.3066,5284,-4144,-53.13
2026-09-09T12:00:32.322,1788935432.3227,5285,3384,43.38
2026-09-09T12:00:32.338,1788935432.3385,5286,-4176,-53.54
2026-09-09T12:00:32.338,1788935432.3385,5287,3228,41.38
2026-09-09T12:00:32.354,1788935432.3541,5288,-4156,-53.28
2026-09-09T12:00:32.354,1788935432.3541,5289,3552,45.54
2026-09-09T12:00:32.369,1788935432.3700,5290,-4048,-51.9
2026-09-09T12:00:32.385,1788935432.3860,5291,3812,48.87
2026-09-09T12:00:32.385,1788935432.3860,5292,-3840,-49.23
2026-09-09T12:00:32.403,1788935432.4040,5293,3924,50.31
2026-09-09T12:00:32.414,1788935432.4140,5294,-3560,-45.64
2026-09-09T12:00:32.427,1788935432.4279,5295,3996,51.23
2026-09-09T12:00:32.433,1788935432.4335,5296,-3212,-41.18
2026-09-09T12:00:32.433,1788935432.4335,5297,4020,51.54
2026-09-09T12:00:32.449,1788935432.4495,5298,-3608,-46.26
2026-09-09T12:00:32.477,1788935432.4774,5299,3940,50.51
2026-09-09T12:00:32.477,1788935432.4774,5300,-3912,-50.15
2026-09-09T12:00:32.481,1788935432.4812,5301,3764,48.26
2026-09-09T12:00:32.496,1788935432.4968,5302,-4096,-52.51
2026-09-09T12:00:32.502,1788935432.5029,5303,3524,45.18
2026-09-09T12:00:32.513,1788935432.5131,5304,-4152,-53.23
2026-09-09T12:00:32.525,1788935432.5253,5305,3200,41.03
2026-09-09T12:00:32.534,1788935432.5342,5306,-4192,-53.74
2026-09-09T12:00:32.552,1788935432.5523,5307,3380,43.33
2026-09-09T12:00:32.561,1788935432.5615,5308,-4116,-52.77
2026-09-09T12:00:32.561,1788935432.5615,5309,3664,46.97
2026-09-09T12:00:32.578,1788935432.5784,5310,-3968,-50.87
2026-09-09T12:00:32.578,1788935432.5784,5311,3856,49.44
2026-09-09T12:00:32.604,1788935432.6050,5312,-3728,-47.79
2026-09-09T12:00:32.607,1788935432.6077,5313,3976,50.97
2026-09-09T12:00:32.607,1788935432.6077,5314,-3408,-43.69
2026-09-09T12:00:32.623,1788935432.6236,5315,4008,51.38
2026-09-09T12:00:32.623,1788935432.6236,5316,-3040,-38.97
2026-09-09T12:00:32.639,1788935432.6397,5317,3980,51.03
2026-09-09T12:00:32.639,1788935432.6397,5318,-3760,-48.21
2026-09-09T12:00:32.655,1788935432.6559,5319,3868,49.59
2026-09-09T12:00:32.677,1788935432.6777,5320,-3988,-51.13
2026-09-09T12:00:32.687,1788935432.6877,5321,3660,46.92
2026-09-09T12:00:32.687,1788935432.6877,5322,-4124,-52.87
2026-09-09T12:00:32.703,1788935432.7035,5323,3388,43.44
2026-09-09T12:00:32.719,1788935432.7193,5324,-4192,-53.74
2026-09-09T12:00:32.730,1788935432.7309,5325,3048,39.08
2026-09-09T12:00:32.735,1788935432.7356,5326,-4160,-53.33
2026-09-09T12:00:32.735,1788935432.7356,5327,3512,45.03
2026-09-09T12:00:32.750,1788935432.7508,5328,-4060,-52.05
2026-09-09T12:00:32.766,1788935432.7666,5329,3768,48.31
2026-09-09T12:00:32.766,1788935432.7666,5330,-3884,-49.79
2026-09-09T12:00:32.783,1788935432.7840,5331,3904,50.05
2026-09-09T12:00:32.794,1788935432.7940,5332,-3596,-46.1
2026-09-09T12:00:32.817,1788935432.8177,5333,3988,51.13
2026-09-09T12:00:32.823,1788935432.8232,5334,-3252,-41.69
2026-09-09T12:00:32.825,1788935432.8254,5335,3996,51.23
2026-09-09T12:00:32.833,1788935432.8336,5336,-2896,-37.13
2026-09-09T12:00:32.845,1788935432.8453,5337,3956,50.72
2026-09-09T12:00:32.865,1788935432.8652,5338,-3880,-49.74
2026-09-09T12:00:32.865,1788935432.8652,5339,3808,48.82
2026-09-09T12:00:32.865,1788935432.8652,5340,-4068,-52.15
2026-09-09T12:00:32.883,1788935432.8839,5341,3576,45.85
2026-09-09T12:00:32.892,1788935432.8929,5342,-4152,-53.23
2026-09-09T12:00:32.908,1788935432.9087,5343,3236,41.49
2026-09-09T12:00:32.908,1788935432.9087,5344,-4152,-53.23
2026-09-09T12:00:32.924,1788935432.9247,5345,2924,37.49
2026-09-09T12:00:32.940,1788935432.9406,5346,-4132,-52.97
2026-09-09T12:00:32.940,1788935432.9406,5347,3648,46.77
2026-09-09T12:00:32.956,1788935432.9567,5348,-4004,-51.33
2026-09-09T12:00:32.956,1788935432.9567,5349,3856,49.44
2026-09-09T12:00:32.972,1788935432.9728,5350,-3756,-48.15
2026-09-09T12:00:32.994,1788935432.9949,5351,3984,51.08
2026-09-09T12:00:32.998,1788935432.9986,5352,-3440,-44.1
2026-09-09T12:00:33.004,1788935433.0047,5353,4020,51.54
2026-09-09T12:00:33.013,1788935433.0137,5354,-3068,-39.33
2026-09-09T12:00:33.022,1788935433.0225,5355,3996,51.23
2026-09-09T12:00:33.036,1788935433.0365,5356,-2732,-35.03
2026-09-09T12:00:33.036,1788935433.0365,5357,3916,50.21
2026-09-09T12:00:33.052,1788935433.0523,5358,-3968,-50.87
2026-09-09T12:00:33.068,1788935433.0680,5359,3728,47.79
2026-09-09T12:00:33.078,1788935433.0783,5360,-4108,-52.67
2026-09-09T12:00:33.083,1788935433.0835,5361,3428,43.95
2026-09-09T12:00:33.099,1788935433.0993,5362,-4188,-53.69
2026-09-09T12:00:33.103,1788935433.1040,5363,3108,39.85
2026-09-09T12:00:33.115,1788935433.1152,5364,-4152,-53.23
2026-09-09T12:00:33.115,1788935433.1152,5365,2756,35.33
2026-09-09T12:00:33.130,1788935433.1309,5366,-4084,-52.36
2026-09-09T12:00:33.146,1788935433.1469,5367,3756,48.15
2026-09-09T12:00:33.146,1788935433.1469,5368,-3904,-50.05
2026-09-09T12:00:33.163,1788935433.1633,5369,3908,50.1
2026-09-09T12:00:33.163,1788935433.1633,5370,-3640,-46.67
2026-09-09T12:00:33.178,1788935433.1786,5371,4004,51.33
2026-09-09T12:00:33.194,1788935433.1948,5372,-3296,-42.26
2026-09-09T12:00:33.194,1788935433.1948,5373,4012,51.44
2026-09-09T12:00:33.210,1788935433.2108,5374,-2940,-37.69
2026-09-09T12:00:33.228,1788935433.2284,5375,3948,50.62
2026-09-09T12:00:33.229,1788935433.2300,5376,-3840,-49.23
2026-09-09T12:00:33.244,1788935433.2441,5377,3824,49.03
2026-09-09T12:00:33.244,1788935433.2441,5378,-4052,-51.95
2026-09-09T12:00:33.258,1788935433.2587,5379,3588,46.0
2026-09-09T12:00:33.274,1788935433.2748,5380,-4164,-53.38
2026-09-09T12:00:33.290,1788935433.2904,5381,3276,42.0
2026-09-09T12:00:33.290,1788935433.2904,5382,-4208,-53.95
2026-09-09T12:00:33.290,1788935433.2904,5383,2948,37.79
2026-09-09T12:00:33.306,1788935433.3065,5384,-4144,-53.13
2026-09-09T12:00:33.322,1788935433.3222,5385,2616,33.54
2026-09-09T12:00:33.341,1788935433.3411,5386,-4024,-51.59
2026-09-09T12:00:33.350,1788935433.3501,5387,3832,49.13
2026-09-09T12:00:33.353,1788935433.3537,5388,-3788,-48.56
2026-09-09T12:00:33.369,1788935433.3697,5389,3956,50.72
2026-09-09T12:00:33.380,1788935433.3809,5390,-3472,-44.51
2026-09-09T12:00:33.385,1788935433.3855,5391,4000,51.28
2026-09-09T12:00:33.398,1788935433.3986,5392,-3140,-40.26
2026-09-09T12:00:33.409,1788935433.4093,5393,4000,51.28
2026-09-09T12:00:33.416,1788935433.4168,5394,-2776,-35.59
2026-09-09T12:00:33.416,1788935433.4168,5395,3912,50.15
2026-09-09T12:00:33.432,1788935433.4328,5396,-3940,-50.51
2026-09-09T12:00:33.432,1788935433.4328,5397,3732,47.85
2026-09-09T12:00:33.464,1788935433.4648,5398,-4100,-52.56
2026-09-09T12:00:33.464,1788935433.4648,5399,3460,44.36
2026-09-09T12:00:33.464,1788935433.4648,5400,-4164,-53.38
2026-09-09T12:00:33.480,1788935433.4802,5401,3168,40.62
2026-09-09T12:00:33.496,1788935433.4961,5402,-4160,-53.33
2026-09-09T12:00:33.511,1788935433.5120,5403,2856,36.62
2026-09-09T12:00:33.511,1788935433.5120,5404,-4080,-52.31
2026-09-09T12:00:33.511,1788935433.5120,5405,2520,32.31
2026-09-09T12:00:33.527,1788935433.5278,5406,-3920,-50.26
2026-09-09T12:00:33.543,1788935433.5437,5407,3924,50.31
2026-09-09T12:00:33.543,1788935433.5437,5408,-3636,-46.62
2026-09-09T12:00:33.560,1788935433.5607,5409,4024,51.59
2026-09-09T12:00:33.575,1788935433.5755,5410,-3304,-42.36
2026-09-09T12:00:33.591,1788935433.5914,5411,4044,51.85
2026-09-09T12:00:33.591,1788935433.5914,5412,-2956,-37.9
2026-09-09T12:00:33.607,1788935433.6073,5413,4012,51.44
2026-09-09T12:00:33.607,1788935433.6073,5414,-2584,-33.13
2026-09-09T12:00:33.638,1788935433.6389,5415,3888,49.85
2026-09-09T12:00:33.638,1788935433.6389,5416,-3976,-50.97
2026-09-09T12:00:33.642,1788935433.6429,5417,3672,47.08
2026-09-09T12:00:33.656,1788935433.6567,5418,-4104,-52.62
2026-09-09T12:00:33.656,1788935433.6567,5419,3356,43.03
2026-09-09T12:00:33.670,1788935433.6703,5420,-4148,-53.18
2026-09-09T12:00:33.681,1788935433.6814,5421,3036,38.92
2026-09-09T12:00:33.686,1788935433.6865,5422,-4112,-52.72
2026-09-09T12:00:33.702,1788935433.7025,5423,2712,34.77
2026-09-09T12:00:33.721,1788935433.7215,5424,-4016,-51.49
2026-09-09T12:00:33.723,1788935433.7235,5425,2384,30.56
2026-09-09T12:00:33.735,1788935433.7351,5426,-3816,-48.92
2026-09-09T12:00:33.742,1788935433.7426,5427,3984,51.08
2026-09-09T12:00:33.765,1788935433.7652,5428,-3508,-44.97
2026-09-09T12:00:33.765,1788935433.7652,5429,4044,51.85
2026-09-09T12:00:33.765,1788935433.7652,5430,-3160,-40.51
2026-09-09T12:00:33.787,1788935433.7877,5431,4016,51.49
2026-09-09T12:00:33.796,1788935433.7969,5432,-2824,-36.21
2026-09-09T12:00:33.796,1788935433.7969,5433,3948,50.62
2026-09-09T12:00:33.812,1788935433.8129,5434,-2452,-31.44
2026-09-09T12:00:33.812,1788935433.8129,5435,3820,48.97
2026-09-09T12:00:33.844,1788935433.8445,5436,-4048,-51.9
2026-09-09T12:00:33.844,1788935433.8445,5437,3584,45.95
2026-09-09T12:00:33.860,1788935433.8604,5438,-4100,-52.56
2026-09-09T12:00:33.860,1788935433.8604,5439,3272,41.95
2026-09-09T12:00:33.882,1788935433.8823,5440,-4124,-52.87
2026-09-09T12:00:33.892,1788935433.8921,5441,2900,37.18
2026-09-09T12:00:33.892,1788935433.8921,5442,-4076,-52.26
2026-09-09T12:00:33.892,1788935433.8921,5443,2560,32.82
2026-09-09T12:00:33.907,1788935433.9078,5444,-3932,-50.41
2026-09-09T12:00:33.923,1788935433.9239,5445,2240,28.72
2026-09-09T12:00:33.923,1788935433.9239,5446,-3704,-47.49
2026-09-09T12:00:33.939,1788935433.9398,5447,4004,51.33
2026-09-09T12:00:33.939,1788935433.9398,5448,-3388,-43.44
2026-09-09T12:00:33.971,1788935433.9717,5449,4040,51.79
2026-09-09T12:00:33.971,1788935433.9717,5450,-3040,-38.97
2026-09-09T12:00:33.987,1788935433.9877,5451,4004,51.33
2026-09-09T12:00:33.987,1788935433.9877,5452,-2680,-34.36
2026-09-09T12:00:34.003,1788935434.0036,5453,3852,49.38
2026-09-09T12:00:34.003,1788935434.0036,5454,-2316,-29.69
2026-09-09T12:00:34.019,1788935434.0194,5455,3660,46.92
2026-09-09T12:00:34.035,1788935434.0351,5456,-4140,-53.08
2026-09-09T12:00:34.035,1788935434.0351,5457,3360,43.08
2026-09-09T12:00:34.051,1788935434.0513,5458,-4184,-53.64
2026-09-09T12:00:34.051,1788935434.0513,5459,3028,38.82
2026-09-09T12:00:34.066,1788935434.0669,5460,-4168,-53.44
2026-09-09T12:00:34.082,1788935434.0826,5461,2684,34.41
2026-09-09T12:00:34.098,1788935434.0985,5462,-4052,-51.95
2026-09-09T12:00:34.098,1788935434.0985,5463,2360,30.26
2026-09-09T12:00:34.114,1788935434.1145,5464,-3872,-49.64
2026-09-09T12:00:34.130,1788935434.1302,5465,2020,25.9
2026-09-09T12:00:34.130,1788935434.1302,5466,-3560,-45.64
2026-09-09T12:00:34.146,1788935434.1462,5467,3968,50.87
2026-09-09T12:00:34.154,1788935434.1542,5468,-3252,-41.69
2026-09-09T12:00:34.162,1788935434.1623,5469,4000,51.28
2026-09-09T12:00:34.181,1788935434.1817,5470,-2904,-37.23
2026-09-09T12:00:34.187,1788935434.1870,5471,3912,50.15
2026-09-09T12:00:34.195,1788935434.1952,5472,-2544,-32.62
2026-09-09T12:00:34.205,1788935434.2053,5473,3748,48.05
2026-09-09T12:00:34.224,1788935434.2247,5474,-2196,-28.15
2026-09-09T12:00:34.224,1788935434.2247,5475,3508,44.97
2026-09-09T12:00:34.224,1788935434.2247,5476,-4168,-53.44
2026-09-09T12:00:34.240,1788935434.2407,5477,3176,40.72
2026-09-09T12:00:34.256,1788935434.2564,5478,-4200,-53.85
2026-09-09T12:00:34.256,1788935434.2564,5479,2856,36.62
2026-09-09T12:00:34.272,1788935434.2721,5480,-4136,-53.03
2026-09-09T12:00:34.287,1788935434.2880,5481,2520,32.31
2026-09-09T12:00:34.287,1788935434.2880,5482,-4008,-51.38
2026-09-09T12:00:34.303,1788935434.3039,5483,2192,28.1
2026-09-09T12:00:34.303,1788935434.3039,5484,-3764,-48.26
2026-09-09T12:00:34.319,1788935434.3199,5485,1844,23.64
2026-09-09T12:00:34.334,1788935434.3348,5486,-3456,-44.31
2026-09-09T12:00:34.337,1788935434.3372,5487,3960,50.77
2026-09-09T12:00:34.351,1788935434.3518,5488,-3108,-39.85
2026-09-09T12:00:34.367,1788935434.3676,5489,3928,50.36
2026-09-09T12:00:34.367,1788935434.3676,5490,-2728,-34.97
2026-09-09T12:00:34.383,1788935434.3839,5491,3832,49.13
2026-09-09T12:00:34.399,1788935434.3993,5492,-2356,-30.21
2026-09-09T12:00:34.403,1788935434.4033,5493,3628,46.51
2026-09-09T12:00:34.415,1788935434.4154,5494,-2032,-26.05
2026-09-09T12:00:34.425,1788935434.4254,5495,3352,42.97
2026-09-09T12:00:34.431,1788935434.4310,5496,-4184,-53.64
2026-09-09T12:00:34.431,1788935434.4310,5497,3032,38.87
2026-09-09T12:00:34.449,1788935434.4494,5498,-4180,-53.59
2026-09-09T12:00:34.478,1788935434.4787,5499,2696,34.56
2026-09-09T12:00:34.478,1788935434.4787,5500,-4084,-52.36
2026-09-09T12:00:34.484,1788935434.4846,5501,2372,30.41
2026-09-09T12:00:34.494,1788935434.4946,5502,-3880,-49.74
2026-09-09T12:00:34.506,1788935434.5070,5503,2060,26.41
2026-09-09T12:00:34.510,1788935434.5103,5504,-3612,-46.31
2026-09-09T12:00:34.526,1788935434.5261,5505,3980,51.03
2026-09-09T12:00:34.534,1788935434.5342,5506,-3240,-41.54
2026-09-09T12:00:34.542,1788935434.5424,5507,3996,51.23
2026-09-09T12:00:34.542,1788935434.5424,5508,-2884,-36.97
2026-09-09T12:00:34.559,1788935434.5590,5509,3924,50.31
2026-09-09T12:00:34.575,1788935434.5755,5510,-2524,-32.36
2026-09-09T12:00:34.584,1788935434.5847,5511,3780,48.46
2026-09-09T12:00:34.592,1788935434.5925,5512,-2176,-27.9
2026-09-09T12:00:34.605,1788935434.6058,5513,3520,45.13
2026-09-09T12:00:34.605,1788935434.6058,5514,-1824,-23.38
2026-09-09T12:00:34.621,1788935434.6216,5515,3236,41.49
2026-09-09T12:00:34.637,1788935434.6377,5516,-4180,-53.59
2026-09-09T12:00:34.653,1788935434.6538,5517,2892,37.08
2026-09-09T12:00:34.653,1788935434.6538,5518,-4092,-52.46
2026-09-09T12:00:34.653,1788935434.6538,5519,2560,32.82
2026-09-09T12:00:34.669,1788935434.6700,5520,-3972,-50.92
2026-09-09T12:00:34.685,1788935434.6860,5521,2236,28.67
2026-09-09T12:00:34.685,1788935434.6860,5522,-3732,-47.85
2026-09-09T12:00:34.702,1788935434.7021,5523,1904,24.41
2026-09-09T12:00:34.721,1788935434.7217,5524,-3424,-43.9
2026-09-09T12:00:34.721,1788935434.7217,5525,3984,51.08
2026-09-09T12:00:34.735,1788935434.7351,5526,-3064,-39.28
2026-09-09T12:00:34.735,1788935434.7351,5527,3976,50.97
2026-09-09T12:00:34.759,1788935434.7591,5528,-2700,-34.62
2026-09-09T12:00:34.765,1788935434.7656,5529,3868,49.59
2026-09-09T12:00:34.781,1788935434.7813,5530,-2364,-30.31
2026-09-09T12:00:34.785,1788935434.7852,5531,3680,47.18
2026-09-09T12:00:34.797,1788935434.7971,5532,-1988,-25.49
2026-09-09T12:00:34.803,1788935434.8031,5533,3428,43.95
2026-09-09T12:00:34.813,1788935434.8132,5534,-1664,-21.33
2026-09-09T12:00:34.813,1788935434.8132,5535,3064,39.28
2026-09-09T12:00:34.829,1788935434.8291,5536,-4136,-53.03
2026-09-09T12:00:34.857,1788935434.8578,5537,2728,34.97
2026-09-09T12:00:34.860,1788935434.8607,5538,-4036,-51.74
2026-09-09T12:00:34.868,1788935434.8681,5539,2384,30.56
2026-09-09T12:00:34.876,1788935434.8764,5540,-3880,-49.74
2026-09-09T12:00:34.885,1788935434.8852,5541,2072,26.56
2026-09-09T12:00:34.892,1788935434.8925,5542,-3596,-46.1
2026-09-09T12:00:34.908,1788935434.9082,5543,1760,22.56
2026-09-09T12:00:34.908,1788935434.9082,5544,-3256,-41.74
2026-09-09T12:00:34.924,1788935434.9242,5545,3996,51.23
2026-09-09T12:00:34.924,1788935434.9242,5546,-2892,-37.08
2026-09-09T12:00:34.940,1788935434.9403,5547,3924,50.31
2026-09-09T12:00:34.947,1788935434.9475,5548,-2524,-32.36
2026-09-09T12:00:34.956,1788935434.9561,5549,3784,48.51
2026-09-09T12:00:34.985,1788935434.9859,5550,-2180,-27.95
2026-09-09T12:00:34.990,1788935434.9905,5551,3548,45.49
2026-09-09T12:00:34.992,1788935434.9927,5552,-1848,-23.69
2026-09-09T12:00:35.003,1788935435.0034,5553,3220,41.28
2026-09-09T12:00:35.029,1788935435.0299,5554,-1532,-19.64
2026-09-09T12:00:35.030,1788935435.0304,5555,2912,37.33
2026-09-09T12:00:35.035,1788935435.0353,5556,-4096,-52.51
2026-09-09T12:00:35.046,1788935435.0462,5557,2572,32.97
2026-09-09T12:00:35.052,1788935435.0530,5558,-3992,-51.18
2026-09-09T12:00:35.067,1788935435.0672,5559,2240,28.72
2026-09-09T12:00:35.067,1788935435.0672,5560,-3768,-48.31
2026-09-09T12:00:35.085,1788935435.0853,5561,1912,24.51
2026-09-09T12:00:35.085,1788935435.0853,5562,-3464,-44.41
2026-09-09T12:00:35.099,1788935435.0993,5563,1632,20.92
2026-09-09T12:00:35.115,1788935435.1154,5564,-3112,-39.9
2026-09-09T12:00:35.131,1788935435.1311,5565,3956,50.72
2026-09-09T12:00:35.133,1788935435.1331,5566,-2740,-35.13
2026-09-09T12:00:35.146,1788935435.1469,5567,3868,49.59
2026-09-09T12:00:35.146,1788935435.1469,5568,-2368,-30.36
2026-09-09T12:00:35.162,1788935435.1626,5569,3684,47.23
2026-09-09T12:00:35.162,1788935435.1626,5570,-2036,-26.1
2026-09-09T12:00:35.185,1788935435.1854,5571,3424,43.9
2026-09-09T12:00:35.194,1788935435.1943,5572,-1712,-21.95
2026-09-09T12:00:35.194,1788935435.1943,5573,3104,39.79
2026-09-09T12:00:35.210,1788935435.2104,5574,-1368,-17.54
2026-09-09T12:00:35.226,1788935435.2261,5575,2760,35.38
2026-09-09T12:00:35.226,1788935435.2261,5576,-4072,-52.21
2026-09-09T12:00:35.242,1788935435.2422,5577,2408,30.87
2026-09-09T12:00:35.258,1788935435.2580,5578,-3908,-50.1
2026-09-09T12:00:35.258,1788935435.2580,5579,2108,27.03
2026-09-09T12:00:35.281,1788935435.2813,5580,-3624,-46.46
2026-09-09T12:00:35.289,1788935435.2891,5581,1800,23.08
2026-09-09T12:00:35.293,1788935435.2931,5582,-3276,-42.0
2026-09-09T12:00:35.305,1788935435.3051,5583,1488,19.08
2026-09-09T12:00:35.313,1788935435.3139,5584,-2912,-37.33
2026-09-09T12:00:35.320,1788935435.3209,5585,3928,50.36
2026-09-09T12:00:35.334,1788935435.3350,5586,-2548,-32.67
2026-09-09T12:00:35.344,1788935435.3447,5587,3812,48.87
2026-09-09T12:00:35.370,1788935435.3701,5588,-2180,-27.95
2026-09-09T12:00:35.373,1788935435.3733,5589,3600,46.15
2026-09-09T12:00:35.377,1788935435.3775,5590,-1860,-23.85
2026-09-09T12:00:35.385,1788935435.3858,5591,3308,42.41
2026-09-09T12:00:35.399,1788935435.3996,5592,-1520,-19.49
2026-09-09T12:00:35.399,1788935435.3996,5593,2992,38.36
2026-09-09T12:00:35.415,1788935435.4153,5594,-1160,-14.87
2026-09-09T12:00:35.423,1788935435.4233,5595,2640,33.85
2026-09-09T12:00:35.431,1788935435.4311,5596,-3960,-50.77
2026-09-09T12:00:35.443,1788935435.4432,5597,2320,29.74
2026-09-09T12:00:35.452,1788935435.4529,5598,-3736,-47.9
2026-09-09T12:00:35.462,1788935435.4628,5599,1996,25.59
2026-09-09T12:00:35.462,1788935435.4628,5600,-3444,-44.15
2026-09-09T12:00:35.485,1788935435.4860,5601,1688,21.64
2026-09-09T12:00:35.494,1788935435.4946,5602,-3112,-39.9
2026-09-09T12:00:35.510,1788935435.5106,5603,1372,17.59
2026-09-09T12:00:35.514,1788935435.5146,5604,-2724,-34.92
2026-09-09T12:00:35.533,1788935435.5339,5605,3916,50.21
2026-09-09T12:00:35.533,1788935435.5339,5606,-2372,-30.41
2026-09-09T12:00:35.543,1788935435.5437,5607,3740,47.95
2026-09-09T12:00:35.557,1788935435.5576,5608,-2040,-26.15
2026-09-09T12:00:35.559,1788935435.5594,5609,3464,44.41
2026-09-09T12:00:35.574,1788935435.5748,5610,-1680,-21.54
2026-09-09T12:00:35.574,1788935435.5748,5611,3132,40.15
2026-09-09T12:00:35.591,1788935435.5920,5612,-1392,-17.85
2026-09-09T12:00:35.614,1788935435.6144,5613,2796,35.85
2026-09-09T12:00:35.621,1788935435.6215,5614,-1020,-13.08
2026-09-09T12:00:35.627,1788935435.6277,5615,2468,31.64
2026-09-09T12:00:35.637,1788935435.6375,5616,-3896,-49.95
2026-09-09T12:00:35.637,1788935435.6375,5617,2144,27.49
2026-09-09T12:00:35.653,1788935435.6535,5618,-3628,-46.51
2026-09-09T12:00:35.669,1788935435.6693,5619,1824,23.38
2026-09-09T12:00:35.673,1788935435.6733,5620,-3304,-42.36
2026-09-09T12:00:35.686,1788935435.6861,5621,1504,19.28
2026-09-09T12:00:35.697,1788935435.6974,5622,-2936,-37.64
2026-09-09T12:00:35.705,1788935435.7052,5623,1188,15.23
2026-09-09T12:00:35.705,1788935435.7052,5624,-2588,-33.18
2026-09-09T12:00:35.721,1788935435.7219,5625,3796,48.67
2026-09-09T12:00:35.748,1788935435.7482,5626,-2228,-28.56
2026-09-09T12:00:35.748,1788935435.7482,5627,3572,45.79
2026-09-09T12:00:35.748,1788935435.7482,5628,-1880,-24.1
2026-09-09T12:00:35.771,1788935435.7718,5629,3296,42.26
2026-09-09T12:00:35.775,1788935435.7751,5630,-1572,-20.15
2026-09-09T12:00:35.786,1788935435.7866,5631,2940,37.69
2026-09-09T12:00:35.795,1788935435.7957,5632,-1228,-15.74
2026-09-09T12:00:35.795,1788935435.7957,5633,2652,34.0
2026-09-09T12:00:35.816,1788935435.8162,5634,-3984,-51.08
2026-09-09T12:00:35.827,1788935435.8274,5635,2280,29.23
2026-09-09T12:00:35.833,1788935435.8334,5636,-3796,-48.67
2026-09-09T12:00:35.843,1788935435.8434,5637,1996,25.59
2026-09-09T12:00:35.843,1788935435.8434,5638,-3484,-44.67
2026-09-09T12:00:35.859,1788935435.8594,5639,1692,21.69
2026-09-09T12:00:35.875,1788935435.8755,5640,-3140,-40.26
2026-09-09T12:00:35.886,1788935435.8869,5641,1380,17.69
2026-09-09T12:00:35.891,1788935435.8911,5642,-2740,-35.13
2026-09-09T12:00:35.906,1788935435.9070,5643,1044,13.38
2026-09-09T12:00:35.906,1788935435.9070,5644,-2408,-30.87
2026-09-09T12:00:35.922,1788935435.9227,5645,3732,47.85
2026-09-09T12:00:35.938,1788935435.9384,5646,-2060,-26.41
2026-09-09T12:00:35.943,1788935435.9439,5647,3476,44.56
2026-09-09T12:00:35.954,1788935435.9543,5648,-1724,-22.1
2026-09-09T12:00:35.954,1788935435.9543,5649,3152,40.41
2026-09-09T12:00:35.972,1788935435.9721,5650,-1388,-17.79
2026-09-09T12:00:35.988,1788935435.9881,5651,2816,36.1
2026-09-09T12:00:36.002,1788935436.0029,5652,-1044,-13.38
2026-09-09T12:00:36.002,1788935436.0029,5653,2472,31.69
2026-09-09T12:00:36.018,1788935436.0190,5654,-3908,-50.1
2026-09-09T12:00:36.027,1788935436.0270,5655,2180,27.95
2026-09-09T12:00:36.042,1788935436.0424,5656,-3632,-46.56
2026-09-09T12:00:36.042,1788935436.0424,5657,1856,23.79
2026-09-09T12:00:36.050,1788935436.0504,5658,-3300,-42.31
2026-09-09T12:00:36.066,1788935436.0662,5659,1536,19.69
2026-09-09T12:00:36.072,1788935436.0722,5660,-2932,-37.59
2026-09-09T12:00:36.088,1788935436.0882,5661,1212,15.54
2026-09-09T12:00:36.088,1788935436.0882,5662,-2588,-33.18
2026-09-09T12:00:36.098,1788935436.0981,5663,864,11.08
2026-09-09T12:00:36.114,1788935436.1141,5664,-2224,-28.51
2026-09-09T12:00:36.129,1788935436.1299,5665,3616,46.36
2026-09-09T12:00:36.129,1788935436.1299,5666,-1900,-24.36
2026-09-09T12:00:36.145,1788935436.1457,5667,3316,42.51
2026-09-09T12:00:36.145,1788935436.1457,5668,-1564,-20.05
2026-09-09T12:00:36.171,1788935436.1720,5669,2976,38.15
2026-09-09T12:00:36.173,1788935436.1731,5670,-1244,-15.95
2026-09-09T12:00:36.178,1788935436.1780,5671,2640,33.85
2026-09-09T12:00:36.194,1788935436.1940,5672,-872,-11.18
2026-09-09T12:00:36.210,1788935436.2100,5673,2332,29.9
2026-09-09T12:00:36.214,1788935436.2140,5674,-3776,-48.41
2026-09-09T12:00:36.225,1788935436.2252,5675,2012,25.79
2026-09-09T12:00:36.234,1788935436.2342,5676,-3488,-44.72
2026-09-09T12:00:36.246,1788935436.2460,5677,1696,21.74
2026-09-09T12:00:36.257,1788935436.2577,5678,-3148,-40.36
2026-09-09T12:00:36.265,1788935436.2657,5679,1384,17.74
2026-09-09T12:00:36.279,1788935436.2799,5680,-2776,-35.59
2026-09-09T12:00:36.293,1788935436.2933,5681,1056,13.54
2026-09-09T12:00:36.293,1788935436.2933,5682,-2432,-31.18
2026-09-09T12:00:36.305,1788935436.3052,5683,672,8.62
2026-09-09T12:00:36.305,1788935436.3052,5684,-2076,-26.62
2026-09-09T12:00:36.321,1788935436.3211,5685,3488,44.72
2026-09-09T12:00:36.337,1788935436.3371,5686,-1744,-22.36
2026-09-09T12:00:36.337,1788935436.3371,5687,3184,40.82
2026-09-09T12:00:36.353,1788935436.3531,5688,-1408,-18.05
2026-09-09T12:00:36.371,1788935436.3718,5689,2844,36.46
2026-09-09T12:00:36.371,1788935436.3718,5690,-1044,-13.38
2026-09-09T12:00:36.388,1788935436.3885,5691,2536,32.51
2026-09-09T12:00:36.388,1788935436.3885,5692,-684,-8.77
2026-09-09T12:00:36.400,1788935436.4008,5693,2184,28.0
2026-09-09T12:00:36.416,1788935436.4168,5694,-3660,-46.92
2026-09-09T12:00:36.416,1788935436.4168,5695,1876,24.05
2026-09-09T12:00:36.432,1788935436.4326,5696,-3308,-42.41
2026-09-09T12:00:36.432,1788935436.4326,5697,1580,20.26
2026-09-09T12:00:36.448,1788935436.4483,5698,-2972,-38.1
2026-09-09T12:00:36.464,1788935436.4641,5699,1224,15.69
2026-09-09T12:00:36.464,1788935436.4641,5700,-2624,-33.64
2026-09-09T12:00:36.480,1788935436.4803,5701,872,11.18
2026-09-09T12:00:36.496,1788935436.4961,5702,-2252,-28.87
2026-09-09T12:00:36.496,1788935436.4961,5703,488,6.26
2026-09-09T12:00:36.516,1788935436.5168,5704,-1912,-24.51
2026-09-09T12:00:36.528,1788935436.5280,5705,3344,42.87
2026-09-09T12:00:36.544,1788935436.5440,5706,-1592,-20.41
2026-09-09T12:00:36.544,1788935436.5440,5707,3024,38.77
2026-09-09T12:00:36.559,1788935436.5591,5708,-1248,-16.0
2026-09-09T12:00:36.566,1788935436.5662,5709,2716,34.82
2026-09-09T12:00:36.575,1788935436.5759,5710,-888,-11.38
2026-09-09T12:00:36.588,1788935436.5890,5711,2360,30.26
2026-09-09T12:00:36.594,1788935436.5944,5712,-484,-6.21
2026-09-09T12:00:36.594,1788935436.5944,5713,2032,26.05
2026-09-09T12:00:36.623,1788935436.6237,5714,-3508,-44.97
2026-09-09T12:00:36.623,1788935436.6237,5715,1732,22.21
2026-09-09T12:00:36.623,1788935436.6237,5716,-3172,-40.67
2026-09-09T12:00:36.640,1788935436.6409,5717,1412,18.1
2026-09-09T12:00:36.655,1788935436.6553,5718,-2792,-35.79
2026-09-09T12:00:36.671,1788935436.6711,5719,1056,13.54
2026-09-09T12:00:36.671,1788935436.6711,5720,-2448,-31.38
2026-09-09T12:00:36.689,1788935436.6891,5721,700,8.97
2026-09-09T12:00:36.689,1788935436.6891,5722,-2096,-26.87
2026-09-09T12:00:36.702,1788935436.7029,5723,264,3.38
2026-09-09T12:00:36.702,1788935436.7029,5724,-1772,-22.72
2026-09-09T12:00:36.721,1788935436.7216,5725,3184,40.82
2026-09-09T12:00:36.735,1788935436.7359,5726,-1416,-18.15
2026-09-09T12:00:36.751,1788935436.7510,5727,2860,36.67
2026-09-09T12:00:36.751,1788935436.7510,5728,-1084,-13.9
2026-09-09T12:00:36.767,1788935436.7671,5729,2540,32.56
2026-09-09T12:00:36.774,1788935436.7748,5730,-696,-8.92
2026-09-09T12:00:36.789,1788935436.7890,5731,2196,28.15
2026-09-09T12:00:36.789,1788935436.7890,5732,-320,-4.1
2026-09-09T12:00:36.798,1788935436.7986,5733,1884,24.15
2026-09-09T12:00:36.814,1788935436.8145,5734,-3332,-42.72
2026-09-09T12:00:36.830,1788935436.8303,5735,1572,20.15
2026-09-09T12:00:36.830,1788935436.8303,5736,-2972,-38.1
2026-09-09T12:00:36.830,1788935436.8303,5737,1236,15.85
2026-09-09T12:00:36.846,1788935436.8460,5738,-2612,-33.49
2026-09-09T12:00:36.861,1788935436.8619,5739,872,11.18
2026-09-09T12:00:36.883,1788935436.8837,5740,-2276,-29.18
2026-09-09T12:00:36.884,1788935436.8847,5741,500,6.41
2026-09-09T12:00:36.899,1788935436.8991,5742,-1920,-24.62
2026-09-09T12:00:36.899,1788935436.8991,5743,3336,42.77
2026-09-09T12:00:36.917,1788935436.9173,5744,-1580,-20.26
2026-09-09T12:00:36.924,1788935436.9249,5745,3016,38.67
2026-09-09T12:00:36.932,1788935436.9324,5746,-1240,-15.9
2026-09-09T12:00:36.942,1788935436.9425,5747,2652,34.0
2026-09-09T12:00:36.958,1788935436.9584,5748,-896,-11.49
2026-09-09T12:00:36.965,1788935436.9659,5749,2328,29.85
2026-09-09T12:00:36.974,1788935436.9747,5750,-504,-6.46
2026-09-09T12:00:36.984,1788935436.9848,5751,2008,25.74
2026-09-09T12:00:37.005,1788935437.0052,5752,-112,-1.44
2026-09-09T12:00:37.005,1788935437.0052,5753,1704,21.85
2026-09-09T12:00:37.021,1788935437.0212,5754,-3124,-40.05
2026-09-09T12:00:37.021,1788935437.0212,5755,1360,17.44
2026-09-09T12:00:37.037,1788935437.0372,5756,-2772,-35.54
2026-09-09T12:00:37.037,1788935437.0372,5757,1044,13.38
2026-09-09T12:00:37.052,1788935437.0528,5758,-2412,-30.92
2026-09-09T12:00:37.052,1788935437.0528,5759,648,8.31
2026-09-09T12:00:37.068,1788935437.0685,5760,-2080,-26.67
2026-09-09T12:00:37.084,1788935437.0845,5761,288,3.69
2026-09-09T12:00:37.090,1788935437.0907,5762,-1748,-22.41
2026-09-09T12:00:37.100,1788935437.1003,5763,3148,40.36
2026-09-09T12:00:37.116,1788935437.1161,5764,-1408,-18.05
2026-09-09T12:00:37.116,1788935437.1161,5765,2800,35.9
2026-09-09T12:00:37.132,1788935437.1320,5766,-1088,-13.95
2026-09-09T12:00:37.147,1788935437.1480,5767,2472,31.69
2026-09-09T12:00:37.147,1788935437.1480,5768,-728,-9.33
2026-09-09T12:00:37.171,1788935437.1713,5769,2160,27.69
2026-09-09T12:00:37.172,1788935437.1724,5770,-308,-3.95
2026-09-09T12:00:37.179,1788935437.1796,5771,1824,23.38
2026-09-09T12:00:37.195,1788935437.1955,5772,88,1.13
2026-09-09T12:00:37.211,1788935437.2113,5773,1536,19.69
2026-09-09T12:00:37.211,1788935437.2113,5774,-2956,-37.9
2026-09-09T12:00:37.211,1788935437.2113,5775,1200,15.38
2026-09-09T12:00:37.227,1788935437.2272,5776,-2600,-33.33
2026-09-09T12:00:37.243,1788935437.2433,5777,856,10.97
2026-09-09T12:00:37.259,1788935437.2591,5778,-2252,-28.87
2026-09-09T12:00:37.259,1788935437.2591,5779,472,6.05
2026-09-09T12:00:37.275,1788935437.2751,5780,-1900,-24.36
2026-09-09T12:00:37.291,1788935437.2912,5781,48,0.62
2026-09-09T12:00:37.291,1788935437.2912,5782,-1572,-20.15
2026-09-09T12:00:37.306,1788935437.3069,5783,3000,38.46
2026-09-09T12:00:37.306,1788935437.3069,5784,-1248,-16.0
2026-09-09T12:00:37.323,1788935437.3231,5785,2652,34.0
2026-09-09T12:00:37.338,1788935437.3389,5786,-900,-11.54
2026-09-09T12:00:37.338,1788935437.3389,5787,2324,29.79
2026-09-09T12:00:37.355,1788935437.3552,5788,-524,-6.72
2026-09-09T12:00:37.371,1788935437.3712,5789,2020,25.9
2026-09-09T12:00:37.371,1788935437.3712,5790,-128,-1.64
2026-09-09T12:00:37.386,1788935437.3869,5791,1684,21.59
2026-09-09T12:00:37.392,1788935437.3926,5792,344,4.41
2026-09-09T12:00:37.402,1788935437.4029,5793,1376,17.64
2026-09-09T12:00:37.418,1788935437.4187,5794,-2752,-35.28
2026-09-09T12:00:37.418,1788935437.4187,5795,1056,13.54
2026-09-09T12:00:37.434,1788935437.4346,5796,-2400,-30.77
2026-09-09T12:00:37.434,1788935437.4346,5797,684,8.77
2026-09-09T12:00:37.450,1788935437.4506,5798,-2072,-26.56
2026-09-09T12:00:37.450,1788935437.4506,5799,280,3.59
2026-09-09T12:00:37.466,1788935437.4665,5800,-1744,-22.36
2026-09-09T12:00:37.482,1788935437.4822,5801,-144,-1.85
2026-09-09T12:00:37.498,1788935437.4982,5802,-1420,-18.21
2026-09-09T12:00:37.503,1788935437.5037,5803,2808,36.0
2026-09-09T12:00:37.515,1788935437.5160,5804,-1076,-13.79
2026-09-09T12:00:37.530,1788935437.5306,5805,2504,32.1
2026-09-09T12:00:37.530,1788935437.5306,5806,-720,-9.23
2026-09-09T12:00:37.545,1788935437.5457,5807,2144,27.49
2026-09-09T12:00:37.545,1788935437.5457,5808,-336,-4.31
2026-09-09T12:00:37.562,1788935437.5627,5809,1844,23.64
2026-09-09T12:00:37.577,1788935437.5771,5810,64,0.82
2026-09-09T12:00:37.577,1788935437.5771,5811,1556,19.95
2026-09-09T12:00:37.592,1788935437.5930,5812,564,7.23
2026-09-09T12:00:37.595,1788935437.5957,5813,1192,15.28
2026-09-09T12:00:37.624,1788935437.6250,5814,-2612,-33.49
2026-09-09T12:00:37.624,1788935437.6250,5815,860,11.03
2026-09-09T12:00:37.640,1788935437.6408,5816,-2268,-29.08
2026-09-09T12:00:37.640,1788935437.6408,5817,500,6.41
2026-09-09T12:00:37.656,1788935437.6565,5818,-1920,-24.62
2026-09-09T12:00:37.656,1788935437.6565,5819,76,0.97
2026-09-09T12:00:37.672,1788935437.6726,5820,-1600,-20.51
2026-09-09T12:00:37.688,1788935437.6884,5821,-404,-5.18
2026-09-09T12:00:37.693,1788935437.6939,5822,-1280,-16.41
2026-09-09T12:00:37.704,1788935437.7045,5823,2648,33.95
2026-09-09T12:00:37.704,1788935437.7045,5824,-904,-11.59
2026-09-09T12:00:37.721,1788935437.7214,5825,2340,30.0
2026-09-09T12:00:37.737,1788935437.7373,5826,-556,-7.13
2026-09-09T12:00:37.737,1788935437.7373,5827,2004,25.69
2026-09-09T12:00:37.757,1788935437.7572,5828,-152,-1.95
2026-09-09T12:00:37.768,1788935437.7681,5829,1712,21.95
2026-09-09T12:00:37.773,1788935437.7734,5830,292,3.74
2026-09-09T12:00:37.783,1788935437.7840,5831,1420,18.21
2026-09-09T12:00:37.794,1788935437.7946,5832,844,10.82
2026-09-09T12:00:37.799,1788935437.7999,5833,1084,13.9
2026-09-09T12:00:37.815,1788935437.8159,5834,-2424,-31.08
2026-09-09T12:00:37.815,1788935437.8159,5835,740,9.49
2026-09-09T12:00:37.831,1788935437.8316,5836,-2084,-26.72
2026-09-09T12:00:37.831,1788935437.8316,5837,324,4.15
2026-09-09T12:00:37.863,1788935437.8636,5838,-1768,-22.67
2026-09-09T12:00:37.863,1788935437.8636,5839,-100,-1.28
2026-09-09T12:00:37.863,1788935437.8636,5840,-1444,-18.51
2026-09-09T12:00:37.879,1788935437.8793,5841,-624,-8.0
2026-09-09T12:00:37.897,1788935437.8974,5842,-1112,-14.26
2026-09-09T12:00:37.902,1788935437.9028,5843,2520,32.31
2026-09-09T12:00:37.910,1788935437.9103,5844,-736,-9.44
2026-09-09T12:00:37.926,1788935437.9265,5845,2192,28.1
2026-09-09T12:00:37.926,1788935437.9265,5846,-352,-4.51
2026-09-09T12:00:37.944,1788935437.9444,5847,1872,24.0
2026-09-09T12:00:37.944,1788935437.9444,5848,40,0.51
2026-09-09T12:00:37.958,1788935437.9583,5849,1572,20.15
2026-09-09T12:00:37.974,1788935437.9745,5850,544,6.97
2026-09-09T12:00:37.990,1788935437.9902,5851,1272,16.31
2026-09-09T12:00:37.995,1788935437.9958,5852,1128,14.46
2026-09-09T12:00:38.006,1788935438.0062,5853,920,11.79
2026-09-09T12:00:38.006,1788935438.0062,5854,-2284,-29.28
2026-09-09T12:00:38.022,1788935438.0220,5855,540,6.92
2026-09-09T12:00:38.022,1788935438.0220,5856,-1956,-25.08
2026-09-09T12:00:38.037,1788935438.0377,5857,132,1.69
2026-09-09T12:00:38.053,1788935438.0536,5858,-1616,-20.72
2026-09-09T12:00:38.069,1788935438.0693,5859,-356,-4.56
2026-09-09T12:00:38.069,1788935438.0693,5860,-1308,-16.77
2026-09-09T12:00:38.085,1788935438.0852,5861,-936,-12.0
2026-09-09T12:00:38.085,1788935438.0852,5862,-952,-12.21
2026-09-09T12:00:38.117,1788935438.1170,5863,2376,30.46
2026-09-09T12:00:38.117,1788935438.1170,5864,-572,-7.33
2026-09-09T12:00:38.117,1788935438.1170,5865,2044,26.21
2026-09-09T12:00:38.133,1788935438.1331,5866,-152,-1.95
2026-09-09T12:00:38.153,1788935438.1535,5867,1736,22.26
2026-09-09T12:00:38.158,1788935438.1583,5868,252,3.23
2026-09-09T12:00:38.164,1788935438.1649,5869,1424,18.26
2026-09-09T12:00:38.172,1788935438.1728,5870,800,10.26
2026-09-09T12:00:38.182,1788935438.1827,5871,1092,14.0
2026-09-09T12:00:38.196,1788935438.1963,5872,-2496,-32.0
2026-09-09T12:00:38.204,1788935438.2043,5873,724,9.28
2026-09-09T12:00:38.214,1788935438.2141,5874,-2160,-27.69
2026-09-09T12:00:38.234,1788935438.2350,5875,340,4.36
2026-09-09T12:00:38.243,1788935438.2438,5876,-1808,-23.18
2026-09-09T12:00:38.243,1788935438.2438,5877,-92,-1.18
2026-09-09T12:00:38.259,1788935438.2595,5878,-1492,-19.13
2026-09-09T12:00:38.259,1788935438.2595,5879,-608,-7.79
2026-09-09T12:00:38.275,1788935438.2753,5880,-1152,-14.77
2026-09-09T12:00:38.275,1788935438.2753,5881,-1252,-16.05
2026-09-09T12:00:38.291,1788935438.2913,5882,-792,-10.15
2026-09-09T12:00:38.306,1788935438.3069,5883,2200,28.21
2026-09-09T12:00:38.320,1788935438.3207,5884,-424,-5.44
2026-09-09T12:00:38.322,1788935438.3227,5885,1872,24.0
2026-09-09T12:00:38.334,1788935438.3350,5886,-8,-0.1
2026-09-09T12:00:38.344,1788935438.3448,5887,1568,20.1
2026-09-09T12:00:38.358,1788935438.3586,5888,440,5.64
2026-09-09T12:00:38.370,1788935438.3703,5889,1260,16.15
2026-09-09T12:00:38.370,1788935438.3703,5890,1088,13.95
2026-09-09T12:00:38.386,1788935438.3863,5891,912,11.69
2026-09-09T12:00:38.397,1788935438.3971,5892,-2312,-29.64
2026-09-09T12:00:38.405,1788935438.4055,5893,556,7.13
2026-09-09T12:00:38.405,1788935438.4055,5894,-1988,-25.49
2026-09-09T12:00:38.417,1788935438.4173,5895,136,1.74
2026-09-09T12:00:38.433,1788935438.4333,5896,-1660,-21.28
2026-09-09T12:00:38.449,1788935438.4490,5897,-324,-4.15
2026-09-09T12:00:38.455,1788935438.4550,5898,-1340,-17.18
2026-09-09T12:00:38.464,1788935438.4648,5899,-900,-11.54
2026-09-09T12:00:38.480,1788935438.4809,5900,-1000,-12.82
2026-09-09T12:00:38.480,1788935438.4809,5901,-1576,-20.21
2026-09-09T12:00:38.497,1788935438.4975,5902,-620,-7.95
2026-09-09T12:00:38.497,1788935438.4975,5903,2060,26.41
2026-09-09T12:00:38.512,1788935438.5128,5904,-204,-2.62
2026-09-09T12:00:38.528,1788935438.5285,5905,1752,22.46
2026-09-09T12:00:38.532,1788935438.5329,5906,220,2.82
2026-09-09T12:00:38.547,1788935438.5478,5907,1440,18.46
2026-09-09T12:00:38.561,1788935438.5617,5908,732,9.38
2026-09-09T12:00:38.561,1788935438.5617,5909,1120,14.36
2026-09-09T12:00:38.561,1788935438.5617,5910,1368,17.54
2026-09-09T12:00:38.576,1788935438.5763,5911,760,9.74
2026-09-09T12:00:38.607,1788935438.6077,5912,-2172,-27.85
2026-09-09T12:00:38.607,1788935438.6077,5913,356,4.56
2026-09-09T12:00:38.610,1788935438.6101,5914,-1840,-23.59
2026-09-09T12:00:38.623,1788935438.6236,5915,-68,-0.87
2026-09-09T12:00:38.623,1788935438.6236,5916,-1508,-19.33
2026-09-09T12:00:38.639,1788935438.6397,5917,-568,-7.28
2026-09-09T12:00:38.655,1788935438.6558,5918,-1176,-15.08
2026-09-09T12:00:38.663,1788935438.6638,5919,-1212,-15.54
2026-09-09T12:00:38.673,1788935438.6735,5920,-832,-10.67
2026-09-09T12:00:38.673,1788935438.6735,5921,-1936,-24.82
2026-09-09T12:00:38.693,1788935438.6931,5922,-416,-5.33
2026-09-09T12:00:38.703,1788935438.7030,5923,1944,24.92
2026-09-09T12:00:38.703,1788935438.7030,5924,-28,-0.36
2026-09-09T12:00:38.734,1788935438.7347,5925,1604,20.56
2026-09-09T12:00:38.734,1788935438.7347,5926,448,5.74
2026-09-09T12:00:38.734,1788935438.7347,5927,1304,16.72
2026-09-09T12:00:38.749,1788935438.7498,5928,1056,13.54
2026-09-09T12:00:38.765,1788935438.7660,5929,960,12.31
2026-09-09T12:00:38.765,1788935438.7660,5930,1732,22.21
2026-09-09T12:00:38.781,1788935438.7818,5931,584,7.49
2026-09-09T12:00:38.781,1788935438.7818,5932,-2036,-26.1
2026-09-09T12:00:38.798,1788935438.7981,5933,176,2.26
2026-09-09T12:00:38.813,1788935438.8133,5934,-1668,-21.38
2026-09-09T12:00:38.813,1788935438.8133,5935,-252,-3.23
2026-09-09T12:00:38.829,1788935438.8290,5936,-1364,-17.49
2026-09-09T12:00:38.844,1788935438.8448,5937,-828,-10.62
2026-09-09T12:00:38.844,1788935438.8448,5938,-1024,-13.13
2026-09-09T12:00:38.867,1788935438.8679,5939,-1536,-19.69
2026-09-09T12:00:38.876,1788935438.8764,5940,-616,-7.9
2026-09-09T12:00:38.892,1788935438.8921,5941,-2280,-29.23
2026-09-09T12:00:38.894,1788935438.8941,5942,-232,-2.97
2026-09-09T12:00:38.904,1788935438.9047,5943,1776,22.77
2026-09-09T12:00:38.913,1788935438.9137,5944,176,2.26
2026-09-09T12:00:38.923,1788935438.9237,5945,1484,19.03
2026-09-09T12:00:38.933,1788935438.9332,5946,716,9.18
2026-09-09T12:00:38.945,1788935438.9452,5947,1136,14.56
2026-09-09T12:00:38.955,1788935438.9555,5948,1372,17.59
2026-09-09T12:00:38.976,1788935438.9762,5949,796,10.21
2026-09-09T12:00:38.980,1788935438.9805,5950,2048,26.26
2026-09-09T12:00:38.984,1788935438.9845,5951,388,4.97
2026-09-09T12:00:39.000,1788935439.0006,5952,-1848,-23.69
2026-09-09T12:00:39.000,1788935439.0006,5953,-28,-0.36
2026-09-09T12:00:39.016,1788935439.0164,5954,-1544,-19.79
2026-09-09T12:00:39.016,1788935439.0164,5955,-528,-6.77
2026-09-09T12:00:39.036,1788935439.0362,5956,-1200,-15.38
2026-09-09T12:00:39.047,1788935439.0479,5957,-1168,-14.97
2026-09-09T12:00:39.053,1788935439.0539,5958,-840,-10.77
2026-09-09T12:00:39.063,1788935439.0639,5959,-1904,-24.41
2026-09-09T12:00:39.063,1788935439.0639,5960,-452,-5.79
2026-09-09T12:00:39.080,1788935439.0800,5961,-2620,-33.59
2026-09-09T12:00:39.095,1788935439.0960,5962,-64,-0.82
2026-09-09T12:00:39.102,1788935439.1025,5963,1624,20.82
2026-09-09T12:00:39.112,1788935439.1121,5964,412,5.28
2026-09-09T12:00:39.128,1788935439.1282,5965,1344,17.23
2026-09-09T12:00:39.128,1788935439.1282,5966,1020,13.08
2026-09-09T12:00:39.144,1788935439.1445,5967,1000,12.82
2026-09-09T12:00:39.144,1788935439.1445,5968,1672,21.44
2026-09-09T12:00:39.160,1788935439.1604,5969,612,7.85
2026-09-09T12:00:39.176,1788935439.1764,5970,2364,30.31
2026-09-09T12:00:39.176,1788935439.1764,5971,192,2.46
2026-09-09T12:00:39.194,1788935439.1945,5972,-1716,-22.0
2026-09-09T12:00:39.208,1788935439.2085,5973,-268,-3.44
2026-09-09T12:00:39.224,1788935439.2242,5974,-1380,-17.69
2026-09-09T12:00:39.224,1788935439.2242,5975,-840,-10.77
2026-09-09T12:00:39.240,1788935439.2400,5976,-1044,-13.38
2026-09-09T12:00:39.242,1788935439.2429,5977,-1516,-19.44
2026-09-09T12:00:39.257,1788935439.2579,5978,-648,-8.31
2026-09-09T12:00:39.257,1788935439.2579,5979,-2260,-28.97
2026-09-09T12:00:39.273,1788935439.2738,5980,-260,-3.33
2026-09-09T12:00:39.287,1788935439.2877,5981,1800,23.08
2026-09-09T12:00:39.293,1788935439.2937,5982,136,1.74
2026-09-09T12:00:39.304,1788935439.3048,5983,1488,19.08
2026-09-09T12:00:39.304,1788935439.3048,5984,656,8.41
2026-09-09T12:00:39.324,1788935439.3248,5985,1152,14.77
2026-09-09T12:00:39.344,1788935439.3443,5986,1324,16.97
2026-09-09T12:00:39.350,1788935439.3507,5987,792,10.15
2026-09-09T12:00:39.350,1788935439.3507,5988,2032,26.05
2026-09-09T12:00:39.366,1788935439.3668,5989,412,5.28
2026-09-09T12:00:39.382,1788935439.3823,5990,2688,34.46
2026-09-09T12:00:39.382,1788935439.3823,5991,-24,-0.31
2026-09-09T12:00:39.382,1788935439.3823,5992,-1552,-19.9
2026-09-09T12:00:39.403,1788935439.4030,5993,-496,-6.36
2026-09-09T12:00:39.413,1788935439.4138,5994,-1192,-15.28
2026-09-09T12:00:39.426,1788935439.4266,5995,-1132,-14.51
2026-09-09T12:00:39.429,1788935439.4295,5996,-832,-10.67
2026-09-09T12:00:39.445,1788935439.4452,5997,-1836,-23.54
2026-09-09T12:00:39.460,1788935439.4608,5998,-460,-5.9
2026-09-09T12:00:39.460,1788935439.4608,5999,-2580,-33.08
2026-09-09T12:00:39.476,1788935439.4766,6000,-52,-0.67
2026-09-09T12:00:39.484,1788935439.4846,6001,1644,21.08
2026-09-09T12:00:39.496,1788935439.4961,6002,408,5.23
2026-09-09T12:00:39.500,1788935439.5009,6003,1332,17.08
2026-09-09T12:00:39.512,1788935439.5122,6004,996,12.77
2026-09-09T12:00:39.526,1788935439.5262,6005,1012,12.97
2026-09-09T12:00:39.526,1788935439.5262,6006,1648,21.13
2026-09-09T12:00:39.539,1788935439.5400,6007,616,7.9
2026-09-09T12:00:39.555,1788935439.5558,6008,2320,29.74
2026-09-09T12:00:39.565,1788935439.5653,6009,204,2.62
2026-09-09T12:00:39.574,1788935439.5740,6010,2940,37.69
2026-09-09T12:00:39.587,1788935439.5872,6011,-244,-3.13
2026-09-09T12:00:39.596,1788935439.5962,6012,-1392,-17.85
2026-09-09T12:00:39.604,1788935439.6050,6013,-792,-10.15
2026-09-09T12:00:39.619,1788935439.6190,6014,-1024,-13.13
2026-09-09T12:00:39.621,1788935439.6210,6015,-1464,-18.77
2026-09-09T12:00:39.634,1788935439.6343,6016,-656,-8.41
2026-09-09T12:00:39.644,1788935439.6441,6017,-2192,-28.1
2026-09-09T12:00:39.656,1788935439.6560,6018,-264,-3.38
2026-09-09T12:00:39.667,1788935439.6679,6019,-2856,-36.62
2026-09-09T12:00:39.672,1788935439.6726,6020,140,1.79
2026-09-09T12:00:39.683,1788935439.6840,6021,1488,19.08
2026-09-09T12:00:39.703,1788935439.7033,6022,648,8.31
2026-09-09T12:00:39.713,1788935439.7134,6023,1172,15.03
2026-09-09T12:00:39.713,1788935439.7134,6024,1280,16.41
2026-09-09T12:00:39.721,1788935439.7215,6025,804,10.31
2026-09-09T12:00:39.737,1788935439.7374,6026,1976,25.33
2026-09-09T12:00:39.748,1788935439.7487,6027,416,5.33
2026-09-09T12:00:39.753,1788935439.7533,6028,2620,33.59
2026-09-09T12:00:39.762,1788935439.7626,6029,-12,-0.15
2026-09-09T12:00:39.776,1788935439.7763,6030,3072,39.38
2026-09-09T12:00:39.783,1788935439.7837,6031,-492,-6.31
2026-09-09T12:00:39.794,1788935439.7940,6032,-1168,-14.97
2026-09-09T12:00:39.805,1788935439.8056,6033,-1112,-14.26
2026-09-09T12:00:39.815,1788935439.8157,6034,-832,-10.67
2026-09-09T12:00:39.827,1788935439.8275,6035,-1784,-22.87
2026-09-09T12:00:39.827,1788935439.8275,6036,-424,-5.44
2026-09-09T12:00:39.847,1788935439.8476,6037,-2476,-31.74
2026-09-09T12:00:39.855,1788935439.8551,6038,-12,-0.15
2026-09-09T12:00:39.870,1788935439.8709,6039,-3016,-38.67
2026-09-09T12:00:39.870,1788935439.8709,6040,388,4.97
2026-09-09T12:00:39.886,1788935439.8865,6041,1220,15.64
2026-09-09T12:00:39.894,1788935439.8943,6042,924,11.85
2026-09-09T12:00:39.904,1788935439.9041,6043,896,11.49
2026-09-09T12:00:39.916,1788935439.9162,6044,1564,20.05
2026-09-09T12:00:39.924,1788935439.9243,6045,560,7.18
2026-09-09T12:00:39.934,1788935439.9341,6046,2208,28.31
2026-09-09T12:00:39.950,1788935439.9502,6047,176,2.26
2026-09-09T12:00:39.950,1788935439.9502,6048,2784,35.69
2026-09-09T12:00:39.965,1788935439.9659,6049,-252,-3.23
2026-09-09T12:00:39.973,1788935439.9736,6050,3216,41.23
2026-09-09T12:00:39.983,1788935439.9837,6051,-760,-9.74
2026-09-09T12:00:39.997,1788935439.9975,6052,-1000,-12.82
2026-09-09T12:00:40.001,1788935440.0017,6053,-1424,-18.26
2026-09-09T12:00:40.012,1788935440.0128,6054,-636,-8.15
2026-09-09T12:00:40.028,1788935440.0285,6055,-2152,-27.59
2026-09-09T12:00:40.034,1788935440.0343,6056,-268,-3.44
2026-09-09T12:00:40.044,1788935440.0442,6057,-2792,-35.79
2026-09-09T12:00:40.046,1788935440.0462,6058,128,1.64
2026-09-09T12:00:40.076,1788935440.0761,6059,-3288,-42.15
2026-09-09T12:00:40.076,1788935440.0761,6060,608,7.79
2026-09-09T12:00:40.076,1788935440.0761,6061,1148,14.72
2026-09-09T12:00:40.093,1788935440.0938,6062,1256,16.1
2026-09-09T12:00:40.107,1788935440.1076,6063,800,10.26
2026-09-09T12:00:40.113,1788935440.1136,6064,1932,24.77
2026-09-09T12:00:40.127,1788935440.1272,6065,420,5.38
2026-09-09T12:00:40.133,1788935440.1331,6066,2560,32.82
2026-09-09T12:00:40.142,1788935440.1428,6067,4,0.05
2026-09-09T12:00:40.156,1788935440.1566,6068,3056,39.18
2026-09-09T12:00:40.163,1788935440.1637,6069,-464,-5.95
2026-09-09T12:00:40.174,1788935440.1746,6070,3388,43.44
2026-09-09T12:00:40.185,1788935440.1856,6071,-1060,-13.59
2026-09-09T12:00:40.202,1788935440.2020,6072,-860,-11.03
2026-09-09T12:00:40.202,1788935440.2020,6073,-1760,-22.56
2026-09-09T12:00:40.217,1788935440.2172,6074,-476,-6.1
2026-09-09T12:00:40.229,1788935440.2292,6075,-2480,-31.79
2026-09-09T12:00:40.237,1788935440.2372,6076,-108,-1.38
2026-09-09T12:00:40.243,1788935440.2435,6077,-3036,-38.92
2026-09-09T12:00:40.252,1788935440.2528,6078,328,4.21
2026-09-09T12:00:40.264,1788935440.2642,6079,-3476,-44.56
2026-09-09T12:00:40.280,1788935440.2800,6080,900,11.54
2026-09-09T12:00:40.280,1788935440.2800,6081,988,12.67
2026-09-09T12:00:40.294,1788935440.2948,6082,1536,19.69
2026-09-09T12:00:40.303,1788935440.3031,6083,628,8.05
2026-09-09T12:00:40.311,1788935440.3116,6084,2224,28.51
2026-09-09T12:00:40.331,1788935440.3312,6085,236,3.03
2026-09-09T12:00:40.334,1788935440.3343,6086,2812,36.05
2026-09-09T12:00:40.352,1788935440.3527,6087,-196,-2.51
2026-09-09T12:00:40.352,1788935440.3527,6088,3240,41.54
2026-09-09T12:00:40.359,1788935440.3592,6089,-736,-9.44
2026-09-09T12:00:40.374,1788935440.3749,6090,-1044,-13.38
2026-09-09T12:00:40.374,1788935440.3749,6091,-1396,-17.9
2026-09-09T12:00:40.390,1788935440.3910,6092,-680,-8.72
2026-09-09T12:00:40.406,1788935440.4066,6093,-2112,-27.08
2026-09-09T12:00:40.415,1788935440.4151,6094,-308,-3.95
2026-09-09T12:00:40.424,1788935440.4246,6095,-2740,-35.13
2026-09-09T12:00:40.453,1788935440.4535,6096,84,1.08
2026-09-09T12:00:40.454,1788935440.4546,6097,-3276,-42.0
2026-09-09T12:00:40.454,1788935440.4546,6098,568,7.28
2026-09-09T12:00:40.463,1788935440.4638,6099,-3616,-46.36
2026-09-09T12:00:40.478,1788935440.4783,6100,1204,15.44
2026-09-09T12:00:40.485,1788935440.4860,6101,832,10.67
2026-09-09T12:00:40.493,1788935440.4932,6102,1888,24.21
2026-09-09T12:00:40.503,1788935440.5037,6103,460,5.9
2026-09-09T12:00:40.520,1788935440.5201,6104,2544,32.62
2026-09-09T12:00:40.527,1788935440.5276,6105,48,0.62
2026-09-09T12:00:40.533,1788935440.5333,6106,3028,38.82
2026-09-09T12:00:40.533,1788935440.5333,6107,-420,-5.38
2026-09-09T12:00:40.565,1788935440.5656,6108,3404,43.64
2026-09-09T12:00:40.565,1788935440.5656,6109,-1032,-13.23
2026-09-09T12:00:40.575,1788935440.5755,6110,-884,-11.33
2026-09-09T12:00:40.581,1788935440.5813,6111,-1724,-22.1
2026-09-09T12:00:40.597,1788935440.5971,6112,-516,-6.62
2026-09-09T12:00:40.604,1788935440.6041,6113,-2440,-31.28
2026-09-09T12:00:40.613,1788935440.6132,6114,-104,-1.33
2026-09-09T12:00:40.613,1788935440.6132,6115,-3020,-38.72
2026-09-09T12:00:40.633,1788935440.6332,6116,308,3.95
2026-09-09T12:00:40.646,1788935440.6469,6117,-3452,-44.26
2026-09-09T12:00:40.653,1788935440.6536,6118,852,10.92
2026-09-09T12:00:40.664,1788935440.6646,6119,-3744,-48.0
2026-09-09T12:00:40.684,1788935440.6845,6120,1520,19.49
2026-09-09T12:00:40.684,1788935440.6845,6121,660,8.46
2026-09-09T12:00:40.696,1788935440.6965,6122,2204,28.26
2026-09-09T12:00:40.707,1788935440.7079,6123,264,3.38
2026-09-09T12:00:40.718,1788935440.7184,6124,2788,35.74
2026-09-09T12:00:40.724,1788935440.7245,6125,-144,-1.85
2026-09-09T12:00:40.733,1788935440.7334,6126,3220,41.28
2026-09-09T12:00:40.742,1788935440.7430,6127,-676,-8.67
2026-09-09T12:00:40.755,1788935440.7551,6128,3536,45.33
2026-09-09T12:00:40.770,1788935440.7707,6129,-1340,-17.18
2026-09-09T12:00:40.774,1788935440.7747,6130,-732,-9.38
2026-09-09T12:00:40.784,1788935440.7848,6131,-2052,-26.31
2026-09-09T12:00:40.804,1788935440.8043,6132,-304,-3.9
2026-09-09T12:00:40.804,1788935440.8043,6133,-2712,-34.77
2026-09-09T12:00:40.817,1788935440.8179,6134,68,0.87
2026-09-09T12:00:40.824,1788935440.8245,6135,-3232,-41.44
2026-09-09T12:00:40.838,1788935440.8390,6136,572,7.33
2026-09-09T12:00:40.838,1788935440.8390,6137,-3616,-46.36
2026-09-09T12:00:40.853,1788935440.8532,6138,1168,14.97
2026-09-09T12:00:40.864,1788935440.8649,6139,-3844,-49.28
2026-09-09T12:00:40.880,1788935440.8806,6140,1836,23.54
2026-09-09T12:00:40.886,1788935440.8862,6141,456,5.85
2026-09-09T12:00:40.886,1788935440.8862,6142,2480,31.79
2026-09-09T12:00:40.904,1788935440.9045,6143,56,0.72
2026-09-09T12:00:40.914,1788935440.9149,6144,3012,38.62
2026-09-09T12:00:40.927,1788935440.9277,6145,-420,-5.38
2026-09-09T12:00:40.937,1788935440.9371,6146,3364,43.13
2026-09-09T12:00:40.943,1788935440.9438,6147,-992,-12.72
2026-09-09T12:00:40.959,1788935440.9596,6148,3640,46.67
2026-09-09T12:00:40.965,1788935440.9654,6149,-1684,-21.59
2026-09-09T12:00:40.976,1788935440.9761,6150,-520,-6.67
2026-09-09T12:00:40.976,1788935440.9766,6151,-2400,-30.77
2026-09-09T12:00:40.991,1788935440.9913,6152,-128,-1.64
2026-09-09T12:00:41.007,1788935441.0071,6153,-3016,-38.67
2026-09-09T12:00:41.014,1788935441.0145,6154,268,3.44
2026-09-09T12:00:41.024,1788935441.0246,6155,-3452,-44.26
2026-09-09T12:00:41.042,1788935441.0424,6156,820,10.51
2026-09-09T12:00:41.042,1788935441.0424,6157,-3732,-47.85
2026-09-09T12:00:41.054,1788935441.0545,6158,1476,18.92
2026-09-09T12:00:41.070,1788935441.0702,6159,-3884,-49.79
2026-09-09T12:00:41.073,1788935441.0736,6160,2160,27.69
2026-09-09T12:00:41.086,1788935441.0862,6161,264,3.38
2026-09-09T12:00:41.093,1788935441.0938,6162,2732,35.03
2026-09-09T12:00:41.105,1788935441.1051,6163,-156,-2.0
2026-09-09T12:00:41.105,1788935441.1051,6164,3132,40.15
2026-09-09T12:00:41.117,1788935441.1178,6165,-668,-8.56
2026-09-09T12:00:41.133,1788935441.1331,6166,3372,43.23
2026-09-09T12:00:41.145,1788935441.1450,6167,-1272,-16.31
2026-09-09T12:00:41.154,1788935441.1548,6168,3540,45.38
2026-09-09T12:00:41.168,1788935441.1687,6169,-1968,-25.23
2026-09-09T12:00:41.180,1788935441.1804,6170,-344,-4.41
2026-09-09T12:00:41.184,1788935441.1844,6171,-2628,-33.69
2026-09-09T12:00:41.196,1788935441.1962,6172,0,0.0
2026-09-09T12:00:41.205,1788935441.2051,6173,-3128,-40.1
2026-09-09T12:00:41.211,1788935441.2119,6174,440,5.64
2026-09-09T12:00:41.227,1788935441.2276,6175,-3484,-44.67
2026-09-09T12:00:41.233,1788935441.2331,6176,1004,12.87
2026-09-09T12:00:41.243,1788935441.2435,6177,-3688,-47.28
2026-09-09T12:00:41.253,1788935441.2535,6178,1640,21.03
2026-09-09T12:00:41.264,1788935441.2647,6179,-3828,-49.08
2026-09-09T12:00:41.274,1788935441.2748,6180,2288,29.33
2026-09-09T12:00:41.294,1788935441.2948,6181,40,0.51
2026-09-09T12:00:41.294,1788935441.2948,6182,2816,36.1
2026-09-09T12:00:41.306,1788935441.3064,6183,-380,-4.87
2026-09-09T12:00:41.306,1788935441.3064,6184,3192,40.92
2026-09-09T12:00:41.329,1788935441.3299,6185,-924,-11.85
2026-09-09T12:00:41.337,1788935441.3379,6186,3432,44.0
2026-09-09T12:00:41.337,1788935441.3379,6187,-1584,-20.31
2026-09-09T12:00:41.353,1788935441.3539,6188,3604,46.21
2026-09-09T12:00:41.369,1788935441.3698,6189,-2308,-29.59
2026-09-09T12:00:41.378,1788935441.3784,6190,-160,-2.05
2026-09-09T12:00:41.385,1788935441.3855,6191,-2904,-37.23
2026-09-09T12:00:41.395,1788935441.3956,6192,232,2.97
2026-09-09T12:00:41.403,1788935441.4033,6193,-3364,-43.13
2026-09-09T12:00:41.417,1788935441.4172,6194,736,9.44
2026-09-09T12:00:41.426,1788935441.4265,6195,-3664,-46.97
2026-09-09T12:00:41.434,1788935441.4349,6196,1372,17.59
2026-09-09T12:00:41.448,1788935441.4490,6197,-3860,-49.49
2026-09-09T12:00:41.448,1788935441.4490,6198,2052,26.31
2026-09-09T12:00:41.464,1788935441.4647,6199,-3944,-50.56
2026-09-09T12:00:41.473,1788935441.4738,6200,2616,33.54
2026-09-09T12:00:41.486,1788935441.4864,6201,-188,-2.41
2026-09-09T12:00:41.496,1788935441.4962,6202,3060,39.23
2026-09-09T12:00:41.505,1788935441.5054,6203,-676,-8.67
2026-09-09T12:00:41.515,1788935441.5154,6204,3364,43.13
2026-09-09T12:00:41.527,1788935441.5271,6205,-1300,-16.67
2026-09-09T12:00:41.543,1788935441.5431,6206,3580,45.9
2026-09-09T12:00:41.543,1788935441.5431,6207,-1988,-25.49
2026-09-09T12:00:41.560,1788935441.5605,6208,3692,47.33
2026-09-09T12:00:41.562,1788935441.5627,6209,-2616,-33.54
2026-09-09T12:00:41.577,1788935441.5771,6210,56,0.72
2026-09-09T12:00:41.577,1788935441.5771,6211,-3140,-40.26
2026-09-09T12:00:41.594,1788935441.5946,6212,488,6.26
2026-09-09T12:00:41.606,1788935441.6067,6213,-3504,-44.92
2026-09-09T12:00:41.615,1788935441.6152,6214,1084,13.9
2026-09-09T12:00:41.622,1788935441.6228,6215,-3720,-47.69
2026-09-09T12:00:41.635,1788935441.6351,6216,1744,22.36
2026-09-09T12:00:41.643,1788935441.6432,6217,-3856,-49.44
2026-09-09T12:00:41.654,1788935441.6546,6218,2376,30.46
2026-09-09T12:00:41.670,1788935441.6707,6219,64,0.82
2026-09-09T12:00:41.674,1788935441.6747,6220,2904,37.23
2026-09-09T12:00:41.686,1788935441.6863,6221,-392,-5.03
2026-09-09T12:00:41.695,1788935441.6954,6222,3264,41.85
2026-09-09T12:00:41.706,1788935441.7060,6223,-948,-12.15
2026-09-09T12:00:41.706,1788935441.7060,6224,3520,45.13
2026-09-09T12:00:41.727,1788935441.7276,6225,-1588,-20.36
2026-09-09T12:00:41.733,1788935441.7336,6226,3656,46.87
2026-09-09T12:00:41.749,1788935441.7494,6227,-2316,-29.69
2026-09-09T12:00:41.754,1788935441.7541,6228,3748,48.05
2026-09-09T12:00:41.765,1788935441.7651,6229,-2916,-37.38
2026-09-09T12:00:41.784,1788935441.7850,6230,244,3.13
2026-09-09T12:00:41.784,1788935441.7850,6231,-3332,-42.72
2026-09-09T12:00:41.796,1788935441.7966,6232,760,9.74
2026-09-09T12:00:41.806,1788935441.8061,6233,-3616,-46.36
2026-09-09T12:00:41.812,1788935441.8126,6234,1440,18.46
2026-09-09T12:00:41.828,1788935441.8286,6235,-3768,-48.31
2026-09-09T12:00:41.833,1788935441.8334,6236,2112,27.08
2026-09-09T12:00:41.844,1788935441.8445,6237,-3864,-49.54
2026-09-09T12:00:41.844,1788935441.8445,6238,2692,34.51
2026-09-09T12:00:41.864,1788935441.8642,6239,-80,-1.03
2026-09-09T12:00:41.875,1788935441.8757,6240,3132,40.15
2026-09-09T12:00:41.883,1788935441.8838,6241,-588,-7.54
2026-09-09T12:00:41.893,1788935441.8936,6242,3412,43.74
2026-09-09T12:00:41.907,1788935441.9077,6243,-1232,-15.79
2026-09-09T12:00:41.907,1788935441.9077,6244,3608,46.26
2026-09-09T12:00:41.927,1788935441.9277,6245,-1948,-24.97
2026-09-09T12:00:41.927,1788935441.9277,6246,3732,47.85
2026-09-09T12:00:41.948,1788935441.9488,6247,-2628,-33.69
2026-09-09T12:00:41.954,1788935441.9550,6248,3752,48.1
2026-09-09T12:00:41.962,1788935441.9630,6249,-3160,-40.51
2026-09-09T12:00:41.970,1788935441.9706,6250,440,5.64
2026-09-09T12:00:41.989,1788935441.9897,6251,-3524,-45.18
2026-09-09T12:00:41.993,1788935441.9932,6252,1020,13.08
2026-09-09T12:00:42.004,1788935442.0043,6253,-3756,-48.15
2026-09-09T12:00:42.014,1788935442.0144,6254,1724,22.1
2026-09-09T12:00:42.024,1788935442.0242,6255,-3868,-49.59
2026-09-09T12:00:42.039,1788935442.0399,6256,2380,30.51
2026-09-09T12:00:42.050,1788935442.0501,6257,-3928,-50.36
2026-09-09T12:00:42.050,1788935442.0501,6258,2936,37.64
2026-09-09T12:00:42.070,1788935442.0708,6259,-300,-3.85
2026-09-09T12:00:42.070,1788935442.0708,6260,3316,42.51
2026-09-09T12:00:42.081,1788935442.0819,6261,-852,-10.92
2026-09-09T12:00:42.097,1788935442.0978,6262,3576,45.85
2026-09-09T12:00:42.106,1788935442.1067,6263,-1508,-19.33
2026-09-09T12:00:42.117,1788935442.1180,6264,3732,47.85
2026-09-09T12:00:42.123,1788935442.1239,6265,-2236,-28.67
2026-09-09T12:00:42.129,1788935442.1299,6266,3800,48.72
2026-09-09T12:00:42.149,1788935442.1490,6267,-2868,-36.77
2026-09-09T12:00:42.149,1788935442.1490,6268,3792,48.62
2026-09-09T12:00:42.163,1788935442.1636,6269,-3336,-42.77
2026-09-09T12:00:42.177,1788935442.1773,6270,748,9.59
2026-09-09T12:00:42.177,1788935442.1773,6271,-3672,-47.08
2026-09-09T12:00:42.192,1788935442.1929,6272,1340,17.18
2026-09-09T12:00:42.208,1788935442.2088,6273,-3864,-49.54
2026-09-09T12:00:42.208,1788935442.2088,6274,2052,26.31
2026-09-09T12:00:42.226,1788935442.2267,6275,-3948,-50.62
2026-09-09T12:00:42.226,1788935442.2267,6276,2660,34.1
2026-09-09T12:00:42.244,1788935442.2448,6277,-3948,-50.62
2026-09-09T12:00:42.254,1788935442.2548,6278,3104,39.79
2026-09-09T12:00:42.277,1788935442.2779,6279,-584,-7.49
2026-09-09T12:00:42.288,1788935442.2883,6280,3440,44.1
2026-09-09T12:00:42.288,1788935442.2883,6281,-1200,-15.38
2026-09-09T12:00:42.296,1788935442.2964,6282,3668,47.03
2026-09-09T12:00:42.306,1788935442.3068,6283,-1892,-24.26
2026-09-09T12:00:42.319,1788935442.3197,6284,3780,48.46
2026-09-09T12:00:42.323,1788935442.3237,6285,-2548,-32.67
2026-09-09T12:00:42.334,1788935442.3349,6286,3840,49.23
2026-09-09T12:00:42.343,1788935442.3436,6287,-3112,-39.9
2026-09-09T12:00:42.354,1788935442.3546,6288,3824,49.03
2026-09-09T12:00:42.365,1788935442.3658,6289,-3496,-44.82
2026-09-09T12:00:42.373,1788935442.3739,6290,1080,13.85
2026-09-09T12:00:42.383,1788935442.3837,6291,-3748,-48.05
2026-09-09T12:00:42.397,1788935442.3975,6292,1720,22.05
2026-09-09T12:00:42.406,1788935442.4070,6293,-3916,-50.21
2026-09-09T12:00:42.413,1788935442.4135,6294,2392,30.67
2026-09-09T12:00:42.413,1788935442.4135,6295,-3944,-50.56
2026-09-09T12:00:42.440,1788935442.4401,6296,2912,37.33
2026-09-09T12:00:42.445,1788935442.4450,6297,-3968,-50.87
2026-09-09T12:00:42.455,1788935442.4553,6298,3288,42.15
2026-09-09T12:00:42.460,1788935442.4609,6299,-884,-11.33
2026-09-09T12:00:42.476,1788935442.4766,6300,3544,45.44
2026-09-09T12:00:42.484,1788935442.4846,6301,-1564,-20.05
2026-09-09T12:00:42.493,1788935442.4938,6302,3744,48.0
2026-09-09T12:00:42.503,1788935442.5039,6303,-2272,-29.13
2026-09-09T12:00:42.524,1788935442.5244,6304,3848,49.33
2026-09-09T12:00:42.529,1788935442.5297,6305,-2888,-37.03
2026-09-09T12:00:42.533,1788935442.5339,6306,3872,49.64
2026-09-09T12:00:42.543,1788935442.5431,6307,-3356,-43.03
2026-09-09T12:00:42.558,1788935442.5581,6308,3808,48.82
2026-09-09T12:00:42.570,1788935442.5705,6309,-3680,-47.18
2026-09-09T12:00:42.573,1788935442.5739,6310,1388,17.79
2026-09-09T12:00:42.586,1788935442.5863,6311,-3888,-49.85
2026-09-09T12:00:42.592,1788935442.5928,6312,2052,26.31
2026-09-09T12:00:42.602,1788935442.6022,6313,-4000,-51.28
2026-09-09T12:00:42.616,1788935442.6165,6314,2672,34.26
2026-09-09T12:00:42.624,1788935442.6246,6315,-4024,-51.59
2026-09-09T12:00:42.634,1788935442.6341,6316,3128,40.1
2026-09-09T12:00:42.651,1788935442.6519,6317,-3976,-50.97
2026-09-09T12:00:42.658,1788935442.6585,6318,3472,44.51
2026-09-09T12:00:42.665,1788935442.6659,6319,-1172,-15.03
2026-09-09T12:00:42.674,1788935442.6741,6320,3688,47.28
2026-09-09T12:00:42.681,1788935442.6816,6321,-1864,-23.9
2026-09-09T12:00:42.697,1788935442.6974,6322,3812,48.87
2026-09-09T12:00:42.707,1788935442.7074,6323,-2592,-33.23
2026-09-09T12:00:42.713,1788935442.7132,6324,3852,49.38
2026-09-09T12:00:42.723,1788935442.7236,6325,-3156,-40.46
2026-09-09T12:00:42.733,1788935442.7335,6326,3840,49.23
2026-09-09T12:00:42.744,1788935442.7447,6327,-3560,-45.64
2026-09-09T12:00:42.754,1788935442.7548,6328,3764,48.26
2026-09-09T12:00:42.768,1788935442.7686,6329,-3808,-48.82
2026-09-09T12:00:42.776,1788935442.7763,6330,1664,21.33
2026-09-09T12:00:42.783,1788935442.7837,6331,-3972,-50.92
2026-09-09T12:00:42.792,1788935442.7922,6332,2372,30.41
2026-09-09T12:00:42.807,1788935442.8075,6333,-4040,-51.79
2026-09-09T12:00:42.807,1788935442.8075,6334,2928,37.54
2026-09-09T12:00:42.823,1788935442.8233,6335,-4028,-51.64
2026-09-09T12:00:42.839,1788935442.8390,6336,3332,42.72
2026-09-09T12:00:42.842,1788935442.8427,6337,-3932,-50.41
2026-09-09T12:00:42.854,1788935442.8548,6338,3600,46.15
2026-09-09T12:00:42.854,1788935442.8548,6339,-1508,-19.33
2026-09-09T12:00:42.870,1788935442.8706,6340,3756,48.15
2026-09-09T12:00:42.898,1788935442.8986,6341,-2224,-28.51
2026-09-09T12:00:42.902,1788935442.9023,6342,3868,49.59
2026-09-09T12:00:42.908,1788935442.9086,6343,-2872,-36.82
2026-09-09T12:00:42.920,1788935442.9206,6344,3900,50.0
2026-09-09T12:00:42.927,1788935442.9280,6345,-3356,-43.03
2026-09-09T12:00:42.934,1788935442.9341,6346,3832,49.13
2026-09-09T12:00:42.934,1788935442.9341,6347,-3692,-47.33
2026-09-09T12:00:42.959,1788935442.9598,6348,3704,47.49
2026-09-09T12:00:42.965,1788935442.9659,6349,-3884,-49.79
2026-09-09T12:00:42.965,1788935442.9659,6350,2012,25.79
2026-09-09T12:00:42.987,1788935442.9876,6351,-4020,-51.54
2026-09-09T12:00:42.987,1788935442.9876,6352,2636,33.79
2026-09-09T12:00:42.997,1788935442.9976,6353,-4040,-51.79
2026-09-09T12:00:43.013,1788935443.0135,6354,3120,40.0
2026-09-09T12:00:43.029,1788935443.0292,6355,-4016,-51.49
2026-09-09T12:00:43.034,1788935443.0342,6356,3464,44.41
2026-09-09T12:00:43.044,1788935443.0449,6357,-3892,-49.9
2026-09-09T12:00:43.053,1788935443.0534,6358,3708,47.54
2026-09-09T12:00:43.068,1788935443.0686,6359,-1836,-23.54
2026-09-09T12:00:43.076,1788935443.0766,6360,3836,49.18
2026-09-09T12:00:43.076,1788935443.0766,6361,-2552,-32.72
2026-09-09T12:00:43.094,1788935443.0946,6362,3904,50.05
2026-09-09T12:00:43.108,1788935443.1085,6363,-3120,-40.0
2026-09-09T12:00:43.114,1788935443.1145,6364,3896,49.95
2026-09-09T12:00:43.126,1788935443.1266,6365,-3540,-45.38
2026-09-09T12:00:43.126,1788935443.1266,6366,3804,48.77
2026-09-09T12:00:43.149,1788935443.1494,6367,-3808,-48.82
2026-09-09T12:00:43.156,1788935443.1561,6368,1632,20.92
2026-09-09T12:00:43.164,1788935443.1642,6369,-3956,-50.72
2026-09-09T12:00:43.171,1788935443.1719,6370,2336,29.95
2026-09-09T12:00:43.195,1788935443.1957,6371,-4036,-51.74
2026-09-09T12:00:43.195,1788935443.1957,6372,2904,37.23
2026-09-09T12:00:43.203,1788935443.2032,6373,-4040,-51.79
2026-09-09T12:00:43.218,1788935443.2189,6374,3300,42.31
2026-09-09T12:00:43.224,1788935443.2249,6375,-3964,-50.82
2026-09-09T12:00:43.236,1788935443.2369,6376,3596,46.1
2026-09-09T12:00:43.245,1788935443.2458,6377,-3804,-48.77
2026-09-09T12:00:43.254,1788935443.2548,6378,3752,48.1
2026-09-09T12:00:43.272,1788935443.2727,6379,-2208,-28.31
2026-09-09T12:00:43.282,1788935443.2826,6380,3852,49.38
2026-09-09T12:00:43.282,1788935443.2826,6381,-2848,-36.51
2026-09-09T12:00:43.296,1788935443.2967,6382,3896,49.95
2026-09-09T12:00:43.298,1788935443.2984,6383,-3336,-42.77
2026-09-09T12:00:43.325,1788935443.3259,6384,3860,49.49
2026-09-09T12:00:43.329,1788935443.3297,6385,-3668,-47.03
2026-09-09T12:00:43.332,1788935443.3329,6386,3744,48.0
2026-09-09T12:00:43.345,1788935443.3458,6387,-3892,-49.9
2026-09-09T12:00:43.353,1788935443.3532,6388,1972,25.28
2026-09-09T12:00:43.363,1788935443.3639,6389,-4012,-51.44
2026-09-09T12:00:43.363,1788935443.3639,6390,2612,33.49
2026-09-09T12:00:43.381,1788935443.3810,6391,-4044,-51.85
2026-09-09T12:00:43.404,1788935443.4043,6392,3100,39.74
2026-09-09T12:00:43.404,1788935443.4043,6393,-3996,-51.23
2026-09-09T12:00:43.409,1788935443.4096,6394,3460,44.36
2026-09-09T12:00:43.425,1788935443.4254,6395,-3904,-50.05
2026-09-09T12:00:43.434,1788935443.4340,6396,3680,47.18
2026-09-09T12:00:43.441,1788935443.4415,6397,-3712,-47.59
2026-09-09T12:00:43.457,1788935443.4572,6398,3816,48.92
2026-09-09T12:00:43.463,1788935443.4633,6399,-2524,-32.36
2026-09-09T12:00:43.473,1788935443.4733,6400,3876,49.69
2026-09-09T12:00:43.489,1788935443.4892,6401,-3092,-39.64
2026-09-09T12:00:43.493,1788935443.4931,6402,3884,49.79
2026-09-09T12:00:43.505,1788935443.5052,6403,-3512,-45.03
2026-09-09T12:00:43.510,1788935443.5105,6404,3796,48.67
2026-09-09T12:00:43.520,1788935443.5210,6405,-3800,-48.72
2026-09-09T12:00:43.536,1788935443.5363,6406,3632,46.56
2026-09-09T12:00:43.545,1788935443.5452,6407,-3960,-50.77
2026-09-09T12:00:43.559,1788935443.5593,6408,2304,29.54
2026-09-09T12:00:43.569,1788935443.5695,6409,-4028,-51.64
2026-09-09T12:00:43.569,1788935443.5695,6410,2872,36.82
2026-09-09T12:00:43.583,1788935443.5840,6411,-4040,-51.79
2026-09-09T12:00:43.583,1788935443.5840,6412,3304,42.36
2026-09-09T12:00:43.609,1788935443.6091,6413,-3952,-50.67
2026-09-09T12:00:43.615,1788935443.6156,6414,3580,45.9
2026-09-09T12:00:43.625,1788935443.6257,6415,-3808,-48.82
2026-09-09T12:00:43.635,1788935443.6355,6416,3752,48.1
2026-09-09T12:00:43.647,1788935443.6471,6417,-3580,-45.9
2026-09-09T12:00:43.657,1788935443.6576,6418,3880,49.74
2026-09-09T12:00:43.665,1788935443.6658,6419,-2796,-35.85
2026-09-09T12:00:43.678,1788935443.6786,6420,3888,49.85
2026-09-09T12:00:43.693,1788935443.6940,6421,-3276,-42.0
2026-09-09T12:00:43.693,1788935443.6940,6422,3872,49.64
2026-09-09T12:00:43.703,1788935443.7032,6423,-3660,-46.92
2026-09-09T12:00:43.717,1788935443.7174,6424,3748,48.05
2026-09-09T12:00:43.727,1788935443.7272,6425,-3864,-49.54
2026-09-09T12:00:43.727,1788935443.7272,6426,3540,45.38
2026-09-09T12:00:43.741,1788935443.7412,6427,-3992,-51.18
2026-09-09T12:00:43.741,1788935443.7412,6428,2564,32.87
2026-09-09T12:00:43.756,1788935443.7569,6429,-4056,-52.0
2026-09-09T12:00:43.772,1788935443.7729,6430,3064,39.28
2026-09-09T12:00:43.785,1788935443.7859,6431,-4020,-51.54
2026-09-09T12:00:43.794,1788935443.7946,6432,3440,44.1
2026-09-09T12:00:43.808,1788935443.8085,6433,-3892,-49.9
2026-09-09T12:00:43.820,1788935443.8207,6434,3668,47.03
2026-09-09T12:00:43.820,1788935443.8207,6435,-3700,-47.44
2026-09-09T12:00:43.836,1788935443.8368,6436,3800,48.72
2026-09-09T12:00:43.842,1788935443.8428,6437,-3420,-43.85
2026-09-09T12:00:43.859,1788935443.8600,6438,3872,49.64
2026-09-09T12:00:43.859,1788935443.8600,6439,-3052,-39.13
2026-09-09T12:00:43.874,1788935443.8742,6440,3896,49.95
2026-09-09T12:00:43.885,1788935443.8860,6441,-3488,-44.72
2026-09-09T12:00:43.899,1788935443.8998,6442,3808,48.82
2026-09-09T12:00:43.899,1788935443.8998,6443,-3776,-48.41
2026-09-09T12:00:43.919,1788935443.9194,6444,3632,46.56
2026-09-09T12:00:43.924,1788935443.9246,6445,-3924,-50.31
2026-09-09T12:00:43.945,1788935443.9451,6446,3420,43.85
2026-09-09T12:00:43.947,1788935443.9475,6447,-4036,-51.74
2026-09-09T12:00:43.953,1788935443.9537,6448,2824,36.21
2026-09-09T12:00:43.963,1788935443.9634,6449,-4044,-51.85
2026-09-09T12:00:43.963,1788935443.9634,6450,3252,41.69
2026-09-09T12:00:43.987,1788935443.9878,6451,-3980,-51.03
2026-09-09T12:00:43.994,1788935443.9949,6452,3548,45.49
2026-09-09T12:00:44.004,1788935444.0049,6453,-3856,-49.44
2026-09-09T12:00:44.014,1788935444.0150,6454,3732,47.85
2026-09-09T12:00:44.026,1788935444.0266,6455,-3588,-46.0
2026-09-09T12:00:44.033,1788935444.0336,6456,3840,49.23
2026-09-09T12:00:44.047,1788935444.0472,6457,-3284,-42.1
2026-09-09T12:00:44.060,1788935444.0601,6458,3908,50.1
2026-09-09T12:00:44.073,1788935444.0738,6459,-3260,-41.79
2026-09-09T12:00:44.073,1788935444.0738,6460,3892,49.9
2026-09-09T12:00:44.083,1788935444.0840,6461,-3628,-46.51
2026-09-09T12:00:44.089,1788935444.0895,6462,3756,48.15
2026-09-09T12:00:44.108,1788935444.1084,6463,-3852,-49.38
2026-09-09T12:00:44.115,1788935444.1159,6464,3548,45.49
2026-09-09T12:00:44.121,1788935444.1214,6465,-3996,-51.23
2026-09-09T12:00:44.121,1788935444.1214,6466,3276,42.0
2026-09-09T12:00:44.153,1788935444.1535,6467,-4052,-51.95
2026-09-09T12:00:44.153,1788935444.1535,6468,3036,38.92
2026-09-09T12:00:44.163,1788935444.1636,6469,-4020,-51.54
2026-09-09T12:00:44.169,1788935444.1692,6470,3408,43.69
2026-09-09T12:00:44.184,1788935444.1849,6471,-3912,-50.15
2026-09-09T12:00:44.200,1788935444.2007,6472,3664,46.97
2026-09-09T12:00:44.200,1788935444.2007,6473,-3736,-47.9
2026-09-09T12:00:44.218,1788935444.2185,6474,3812,48.87
2026-09-09T12:00:44.224,1788935444.2245,6475,-3456,-44.31
2026-09-09T12:00:44.234,1788935444.2343,6476,3880,49.74
2026-09-09T12:00:44.248,1788935444.2480,6477,-3128,-40.1
2026-09-09T12:00:44.255,1788935444.2555,6478,3888,49.85
2026-09-09T12:00:44.265,1788935444.2655,6479,-3440,-44.1
2026-09-09T12:00:44.281,1788935444.2814,6480,3828,49.08
2026-09-09T12:00:44.281,1788935444.2814,6481,-3748,-48.05
2026-09-09T12:00:44.295,1788935444.2954,6482,3684,47.23
2026-09-09T12:00:44.312,1788935444.3121,6483,-3940,-50.51
2026-09-09T12:00:44.316,1788935444.3163,6484,3424,43.9
2026-09-09T12:00:44.326,1788935444.3267,6485,-4036,-51.74
2026-09-09T12:00:44.333,1788935444.3340,6486,3148,40.36
2026-09-09T12:00:44.342,1788935444.3426,6487,-4056,-52.0
2026-09-09T12:00:44.352,1788935444.3526,6488,3224,41.33
2026-09-09T12:00:44.358,1788935444.3583,6489,-3996,-51.23
2026-09-09T12:00:44.373,1788935444.3740,6490,3516,45.08
2026-09-09T12:00:44.385,1788935444.3858,6491,-3840,-49.23
2026-09-09T12:00:44.389,1788935444.3898,6492,3728,47.79
2026-09-09T12:00:44.412,1788935444.4122,6493,-3636,-46.62
2026-09-09T12:00:44.412,1788935444.4122,6494,3836,49.18
2026-09-09T12:00:44.421,1788935444.4213,6495,-3328,-42.67
2026-09-09T12:00:44.436,1788935444.4370,6496,3892,49.9
2026-09-09T12:00:44.445,1788935444.4450,6497,-2956,-37.9
2026-09-09T12:00:44.452,1788935444.4530,6498,3864,49.54
2026-09-09T12:00:44.463,1788935444.4631,6499,-3616,-46.36
2026-09-09T12:00:44.472,1788935444.4726,6500,3752,48.1
2026-09-09T12:00:44.484,1788935444.4846,6501,-3848,-49.33
2026-09-09T12:00:44.500,1788935444.5007,6502,3564,45.69
2026-09-09T12:00:44.507,1788935444.5072,6503,-3988,-51.13
2026-09-09T12:00:44.512,1788935444.5121,6504,3312,42.46
2026-09-09T12:00:44.516,1788935444.5166,6505,-4048,-51.9
2026-09-09T12:00:44.538,1788935444.5381,6506,2976,38.15
2026-09-09T12:00:44.547,1788935444.5477,6507,-4028,-51.64
2026-09-09T12:00:44.554,1788935444.5545,6508,3384,43.38
2026-09-09T12:00:44.565,1788935444.5650,6509,-3940,-50.51
2026-09-09T12:00:44.565,1788935444.5650,6510,3632,46.56
2026-09-09T12:00:44.579,1788935444.5791,6511,-3764,-48.26
2026-09-09T12:00:44.594,1788935444.5947,6512,3800,48.72
2026-09-09T12:00:44.594,1788935444.5947,6513,-3484,-44.67
2026-09-09T12:00:44.614,1788935444.6142,6514,3876,49.69
2026-09-09T12:00:44.626,1788935444.6267,6515,-3132,-40.15
2026-09-09T12:00:44.632,1788935444.6328,6516,3896,49.95
2026-09-09T12:00:44.642,1788935444.6425,6517,-3400,-43.59
2026-09-09T12:00:44.642,1788935444.6425,6518,3844,49.28
2026-09-09T12:00:44.676,1788935444.6761,6519,-3712,-47.59
2026-09-09T12:00:44.676,1788935444.6761,6520,3696,47.38
2026-09-09T12:00:44.686,1788935444.6862,6521,-3908,-50.1
2026-09-09T12:00:44.690,1788935444.6901,6522,3472,44.51
2026-09-09T12:00:44.708,1788935444.7081,6523,-4012,-51.44
2026-09-09T12:00:44.723,1788935444.7232,6524,3152,40.41
2026-09-09T12:00:44.723,1788935444.7232,6525,-4020,-51.54
2026-09-09T12:00:44.736,1788935444.7370,6526,2844,36.46
2026-09-09T12:00:44.743,1788935444.7434,6527,-3960,-50.77
2026-09-09T12:00:44.754,1788935444.7544,6528,3536,45.33
2026-09-09T12:00:44.768,1788935444.7681,6529,-3828,-49.08
2026-09-09T12:00:44.774,1788935444.7741,6530,3736,47.9
2026-09-09T12:00:44.783,1788935444.7839,6531,-3592,-46.05
2026-09-09T12:00:44.801,1788935444.8018,6532,3860,49.49
2026-09-09T12:00:44.812,1788935444.8127,6533,-3308,-42.41
2026-09-09T12:00:44.817,1788935444.8175,6534,3924,50.31
2026-09-09T12:00:44.824,1788935444.8249,6535,-2952,-37.85
2026-09-09T12:00:44.831,1788935444.8316,6536,3884,49.79
2026-09-09T12:00:44.851,1788935444.8515,6537,-3548,-45.49
2026-09-09T12:00:44.851,1788935444.8515,6538,3820,48.97
2026-09-09T12:00:44.863,1788935444.8633,6539,-3796,-48.67
2026-09-09T12:00:44.874,1788935444.8744,6540,3608,46.26
2026-09-09T12:00:44.879,1788935444.8790,6541,-3932,-50.41
2026-09-09T12:00:44.900,1788935444.9006,6542,3332,42.72
2026-09-09T12:00:44.905,1788935444.9059,6543,-4028,-51.64
2026-09-09T12:00:44.912,1788935444.9128,6544,3032,38.87
2026-09-09T12:00:44.931,1788935444.9312,6545,-3996,-51.23
2026-09-09T12:00:44.931,1788935444.9312,6546,2672,34.26
2026-09-09T12:00:44.944,1788935444.9448,6547,-3904,-50.05
2026-09-09T12:00:44.958,1788935444.9586,6548,3656,46.87
2026-09-09T12:00:44.964,1788935444.9641,6549,-3728,-47.79
2026-09-09T12:00:44.984,1788935444.9843,6550,3804,48.77
2026-09-09T12:00:44.987,1788935444.9874,6551,-3472,-44.51
2026-09-09T12:00:44.995,1788935444.9957,6552,3876,49.69
2026-09-09T12:00:45.005,1788935445.0060,6553,-3128,-40.1
2026-09-09T12:00:45.013,1788935445.0130,6554,3920,50.26
2026-09-09T12:00:45.027,1788935445.0271,6555,-2760,-35.38
2026-09-09T12:00:45.034,1788935445.0346,6556,3864,49.54
2026-09-09T12:00:45.043,1788935445.0436,6557,-3676,-47.13
2026-09-09T12:00:45.055,1788935445.0554,6558,3724,47.74
2026-09-09T12:00:45.071,1788935445.0714,6559,-3856,-49.44
2026-09-09T12:00:45.071,1788935445.0714,6560,3496,44.82
2026-09-09T12:00:45.085,1788935445.0852,6561,-3980,-51.03
2026-09-09T12:00:45.095,1788935445.0955,6562,3212,41.18
2026-09-09T12:00:45.100,1788935445.1008,6563,-4020,-51.54
2026-09-09T12:00:45.128,1788935445.1282,6564,2904,37.23
2026-09-09T12:00:45.130,1788935445.1302,6565,-3968,-50.87
2026-09-09T12:00:45.132,1788935445.1322,6566,2572,32.97
2026-09-09T12:00:45.148,1788935445.1481,6567,-3836,-49.18
2026-09-09T12:00:45.148,1788935445.1481,6568,3792,48.62
2026-09-09T12:00:45.170,1788935445.1703,6569,-3600,-46.15
2026-09-09T12:00:45.174,1788935445.1743,6570,3920,50.26
2026-09-09T12:00:45.180,1788935445.1802,6571,-3296,-42.26
2026-09-09T12:00:45.196,1788935445.1960,6572,3952,50.67
2026-09-09T12:00:45.213,1788935445.2132,6573,-2944,-37.74
2026-09-09T12:00:45.213,1788935445.2132,6574,3964,50.82
2026-09-09T12:00:45.227,1788935445.2275,6575,-2584,-33.13
2026-09-09T12:00:45.234,1788935445.2346,6576,3872,49.64
2026-09-09T12:00:45.258,1788935445.2590,6577,-3764,-48.26
2026-09-09T12:00:45.258,1788935445.2590,6578,3704,47.49
2026-09-09T12:00:45.258,1788935445.2590,6579,-3888,-49.85
2026-09-09T12:00:45.274,1788935445.2742,6580,3412,43.74
2026-09-09T12:00:45.291,1788935445.2916,6581,-3956,-50.72
2026-09-09T12:00:45.299,1788935445.2997,6582,3116,39.95
2026-09-09T12:00:45.305,1788935445.3056,6583,-3948,-50.62
2026-09-09T12:00:45.315,1788935445.3152,6584,2788,35.74
2026-09-09T12:00:45.324,1788935445.3242,6585,-3896,-49.95
2026-09-09T12:00:45.337,1788935445.3373,6586,2436,31.23
2026-09-09T12:00:45.337,1788935445.3373,6587,-3720,-47.69
2026-09-09T12:00:45.360,1788935445.3607,6588,3836,49.18
2026-09-09T12:00:45.361,1788935445.3617,6589,-3448,-44.21
2026-09-09T12:00:45.386,1788935445.3863,6590,3920,50.26
2026-09-09T12:00:45.386,1788935445.3863,6591,-3152,-40.41
2026-09-09T12:00:45.386,1788935445.3863,6592,3924,50.31
2026-09-09T12:00:45.404,1788935445.4041,6593,-2792,-35.79
2026-09-09T12:00:45.416,1788935445.4161,6594,3872,49.64
2026-09-09T12:00:45.432,1788935445.4321,6595,-2464,-31.59
2026-09-09T12:00:45.432,1788935445.4321,6596,3748,48.05
2026-09-09T12:00:45.445,1788935445.4452,6597,-3880,-49.74
2026-09-09T12:00:45.454,1788935445.4542,6598,3516,45.08
2026-09-09T12:00:45.470,1788935445.4700,6599,-3988,-51.13
2026-09-09T12:00:45.483,1788935445.4836,6600,3212,41.18
2026-09-09T12:00:45.483,1788935445.4836,6601,-4016,-51.49
2026-09-09T12:00:45.495,1788935445.4959,6602,2888,37.03
2026-09-09T12:00:45.506,1788935445.5065,6603,-3964,-50.82
2026-09-09T12:00:45.513,1788935445.5137,6604,2588,33.18
2026-09-09T12:00:45.527,1788935445.5278,6605,-3868,-49.59
2026-09-09T12:00:45.533,1788935445.5338,6606,2236,28.67
2026-09-09T12:00:45.543,1788935445.5434,6607,-3660,-46.92
2026-09-09T12:00:45.556,1788935445.5565,6608,3852,49.38
2026-09-09T12:00:45.560,1788935445.5606,6609,-3344,-42.87
2026-09-09T12:00:45.574,1788935445.5745,6610,3904,50.05
2026-09-09T12:00:45.584,1788935445.5845,6611,-3008,-38.56
2026-09-09T12:00:45.606,1788935445.6063,6612,3884,49.79
2026-09-09T12:00:45.606,1788935445.6063,6613,-2660,-34.1
2026-09-09T12:00:45.613,1788935445.6139,6614,3804,48.77
2026-09-09T12:00:45.624,1788935445.6242,6615,-2296,-29.44
2026-09-09T12:00:45.633,1788935445.6335,6616,3632,46.56
2026-09-09T12:00:45.653,1788935445.6535,6617,-3960,-50.77
2026-09-09T12:00:45.653,1788935445.6535,6618,3376,43.28
2026-09-09T12:00:45.669,1788935445.6691,6619,-4040,-51.79
2026-09-09T12:00:45.669,1788935445.6691,6620,3060,39.23
2026-09-09T12:00:45.693,1788935445.6936,6621,-4028,-51.64
2026-09-09T12:00:45.696,1788935445.6968,6622,2708,34.72
2026-09-09T12:00:45.705,1788935445.7051,6623,-3944,-50.56
2026-09-09T12:00:45.714,1788935445.7141,6624,2404,30.82
2026-09-09T12:00:45.733,1788935445.7335,6625,-3796,-48.67
2026-09-09T12:00:45.733,1788935445.7335,6626,2092,26.82
2026-09-09T12:00:45.748,1788935445.7485,6627,-3508,-44.97
2026-09-09T12:00:45.748,1788935445.7485,6628,3872,49.64
2026-09-09T12:00:45.764,1788935445.7642,6629,-3188,-40.87
2026-09-09T12:00:45.780,1788935445.7801,6630,3920,50.26
2026-09-09T12:00:45.780,1788935445.7801,6631,-2872,-36.82
2026-09-09T12:00:45.796,1788935445.7962,6632,3844,49.28
2026-09-09T12:00:45.803,1788935445.8032,6633,-2508,-32.15
2026-09-09T12:00:45.814,1788935445.8143,6634,3724,47.74
2026-09-09T12:00:45.814,1788935445.8143,6635,-2168,-27.79
2026-09-09T12:00:45.828,1788935445.8282,6636,3496,44.82
2026-09-09T12:00:45.844,1788935445.8442,6637,-4016,-51.49
2026-09-09T12:00:45.844,1788935445.8442,6638,3204,41.08
2026-09-09T12:00:45.863,1788935445.8639,6639,-4036,-51.74
2026-09-09T12:00:45.876,1788935445.8760,6640,2876,36.87
2026-09-09T12:00:45.888,1788935445.8883,6641,-4000,-51.28
2026-09-09T12:00:45.901,1788935445.9015,6642,2560,32.82
2026-09-09T12:00:45.907,1788935445.9071,6643,-3900,-50.0
2026-09-09T12:00:45.914,1788935445.9144,6644,2252,28.87
2026-09-09T12:00:45.922,1788935445.9228,6645,-3700,-47.44
2026-09-09T12:00:45.934,1788935445.9345,6646,1900,24.36
2026-09-09T12:00:45.944,1788935445.9445,6647,-3392,-43.49
2026-09-09T12:00:45.954,1788935445.9543,6648,3896,49.95
2026-09-09T12:00:45.954,1788935445.9543,6649,-3060,-39.23
2026-09-09T12:00:45.972,1788935445.9726,6650,3872,49.64
2026-09-09T12:00:45.986,1788935445.9863,6651,-2688,-34.46
2026-09-09T12:00:45.986,1788935445.9863,6652,3788,48.56
2026-09-09T12:00:46.003,1788935446.0034,6653,-2352,-30.15
2026-09-09T12:00:46.017,1788935446.0173,6654,3616,46.36
2026-09-09T12:00:46.033,1788935446.0331,6655,-2000,-25.64
2026-09-09T12:00:46.033,1788935446.0331,6656,3356,43.03
2026-09-09T12:00:46.044,1788935446.0449,6657,-4040,-51.79
2026-09-09T12:00:46.052,1788935446.0528,6658,3068,39.33
2026-09-09T12:00:46.064,1788935446.0645,6659,-4024,-51.59
2026-09-09T12:00:46.073,1788935446.0740,6660,2728,34.97
2026-09-09T12:00:46.084,1788935446.0848,6661,-3960,-50.77
2026-09-09T12:00:46.090,1788935446.0902,6662,2436,31.23
2026-09-09T12:00:46.114,1788935446.1143,6663,-3776,-48.41
2026-09-09T12:00:46.114,1788935446.1143,6664,2124,27.23
2026-09-09T12:00:46.123,1788935446.1237,6665,-3492,-44.77
2026-09-09T12:00:46.133,1788935446.1336,6666,3916,50.21
2026-09-09T12:00:46.143,1788935446.1436,6667,-3164,-40.56
2026-09-09T12:00:46.159,1788935446.1595,6668,3956,50.72
2026-09-09T12:00:46.159,1788935446.1595,6669,-2812,-36.05
2026-09-09T12:00:46.175,1788935446.1756,6670,3920,50.26
2026-09-09T12:00:46.184,1788935446.1845,6671,-2452,-31.44
2026-09-09T12:00:46.193,1788935446.1934,6672,3800,48.72
2026-09-09T12:00:46.206,1788935446.2066,6673,-2068,-26.51
2026-09-09T12:00:46.214,1788935446.2147,6674,3592,46.05
2026-09-09T12:00:46.224,1788935446.2244,6675,-1728,-22.15
2026-09-09T12:00:46.242,1788935446.2423,6676,3344,42.87
2026-09-09T12:00:46.242,1788935446.2423,6677,-3896,-49.95
2026-09-09T12:00:46.254,1788935446.2542,6678,3072,39.38
2026-09-09T12:00:46.269,1788935446.2700,6679,-3796,-48.67
2026-09-09T12:00:46.269,1788935446.2700,6680,2880,36.92
2026-09-09T12:00:46.292,1788935446.2920,6681,-3552,-45.54
2026-09-09T12:00:46.292,1788935446.2920,6682,2664,34.15
2026-09-09T12:00:46.305,1788935446.3053,6683,-3244,-41.59
2026-09-09T12:00:46.317,1788935446.3173,6684,2416,30.97
2026-09-09T12:00:46.317,1788935446.3173,6685,-2900,-37.18
2026-09-09T12:00:46.336,1788935446.3364,6686,4364,55.95
2026-09-09T12:00:46.336,1788935446.3364,6687,-2556,-32.77
2026-09-09T12:00:46.349,1788935446.3494,6688,4348,55.74
2026-09-09T12:00:46.365,1788935446.3653,6689,-2236,-28.67
2026-09-09T12:00:46.365,1788935446.3653,6690,4248,54.46
2026-09-09T12:00:46.387,1788935446.3870,6691,-1932,-24.77
2026-09-09T12:00:46.396,1788935446.3966,6692,4008,51.38
2026-09-09T12:00:46.409,1788935446.4095,6693,-1664,-21.33
2026-09-09T12:00:46.415,1788935446.4153,6694,3744,48.0
2026-09-09T12:00:46.428,1788935446.4280,6695,-1384,-17.74
2026-09-09T12:00:46.428,1788935446.4280,6696,3360,43.08
2026-09-09T12:00:46.444,1788935446.4441,6697,-3800,-48.72
2026-09-09T12:00:46.453,1788935446.4533,6698,2904,37.23
2026-09-09T12:00:46.459,1788935446.4598,6699,-3836,-49.18
2026-09-09T12:00:46.477,1788935446.4776,6700,2468,31.64
2026-09-09T12:00:46.485,1788935446.4856,6701,-3860,-49.49
2026-09-09T12:00:46.495,1788935446.4953,6702,1880,24.1
2026-09-09T12:00:46.507,1788935446.5071,6703,-3808,-48.82
2026-09-09T12:00:46.515,1788935446.5154,6704,1520,19.49
2026-09-09T12:00:46.523,1788935446.5230,6705,-3520,-45.13
2026-09-09T12:00:46.538,1788935446.5387,6706,3616,46.36
2026-09-09T12:00:46.554,1788935446.5546,6707,-3164,-40.56
2026-09-09T12:00:46.558,1788935446.5589,6708,3560,45.64
2026-09-09T12:00:46.564,1788935446.5643,6709,-2804,-35.95
2026-09-09T12:00:46.574,1788935446.5745,6710,3464,44.41
2026-09-09T12:00:46.585,1788935446.5855,6711,-2448,-31.38
2026-09-09T12:00:46.585,1788935446.5855,6712,3248,41.64
2026-09-09T12:00:46.601,1788935446.6012,6713,-2084,-26.72
2026-09-09T12:00:46.615,1788935446.6156,6714,2996,38.41
2026-09-09T12:00:46.632,1788935446.6328,6715,-1764,-22.62
2026-09-09T12:00:46.638,1788935446.6380,6716,2684,34.41
2026-09-09T12:00:46.649,1788935446.6491,6717,-4208,-53.95
2026-09-09T12:00:46.654,1788935446.6542,6718,2392,30.67
2026-09-09T12:00:46.668,1788935446.6684,6719,-4084,-52.36
2026-09-09T12:00:46.679,1788935446.6796,6720,2092,26.82
2026-09-09T12:00:46.679,1788935446.6796,6721,-3876,-49.69
2026-09-09T12:00:46.697,1788935446.6979,6722,1800,23.08
2026-09-09T12:00:46.697,1788935446.6979,6723,-3560,-45.64
2026-09-09T12:00:46.717,1788935446.7179,6724,1516,19.44
2026-09-09T12:00:46.728,1788935446.7285,6725,-3184,-40.82
2026-09-09T12:00:46.735,1788935446.7358,6726,3760,48.21
2026-09-09T12:00:46.745,1788935446.7453,6727,-2820,-36.15
2026-09-09T12:00:46.761,1788935446.7612,6728,3692,47.33
2026-09-09T12:00:46.761,1788935446.7612,6729,-2508,-32.15
2026-09-09T12:00:46.775,1788935446.7751,6730,3500,44.87
2026-09-09T12:00:46.790,1788935446.7908,6731,-2160,-27.69
2026-09-09T12:00:46.796,1788935446.7969,6732,3240,41.54
2026-09-09T12:00:46.816,1788935446.8160,6733,-1856,-23.79
2026-09-09T12:00:46.816,1788935446.8160,6734,2936,37.64
2026-09-09T12:00:46.823,1788935446.8232,6735,-1528,-19.59
2026-09-09T12:00:46.836,1788935446.8369,6736,2624,33.64
2026-09-09T12:00:46.844,1788935446.8444,6737,-4092,-52.46
2026-09-09T12:00:46.852,1788935446.8530,6738,2312,29.64
2026-09-09T12:00:46.852,1788935446.8530,6739,-3944,-50.56
2026-09-09T12:00:46.875,1788935446.8756,6740,2016,25.85
2026-09-09T12:00:46.893,1788935446.8933,6741,-3684,-47.23
2026-09-09T12:00:46.900,1788935446.9008,6742,1696,21.74
2026-09-09T12:00:46.900,1788935446.9008,6743,-3356,-43.03
2026-09-09T12:00:46.919,1788935446.9191,6744,1424,18.26
2026-09-09T12:00:46.919,1788935446.9191,6745,-2984,-38.26
2026-09-09T12:00:46.932,1788935446.9320,6746,3792,48.62
2026-09-09T12:00:46.947,1788935446.9479,6747,-2612,-33.49
2026-09-09T12:00:46.947,1788935446.9479,6748,3676,47.13
2026-09-09T12:00:46.963,1788935446.9639,6749,-2276,-29.18
2026-09-09T12:00:46.973,1788935446.9735,6750,3460,44.36
2026-09-09T12:00:46.979,1788935446.9797,6751,-1928,-24.72
2026-09-09T12:00:46.994,1788935446.9948,6752,3204,41.08
2026-09-09T12:00:47.004,1788935447.0048,6753,-1596,-20.46
2026-09-09T12:00:47.026,1788935447.0264,6754,2900,37.18
2026-09-09T12:00:47.026,1788935447.0264,6755,-1284,-16.46
2026-09-09T12:00:47.037,1788935447.0370,6756,2556,32.77
2026-09-09T12:00:47.041,1788935447.0420,6757,-3960,-50.77
2026-09-09T12:00:47.057,1788935447.0573,6758,2264,29.03
2026-09-09T12:00:47.073,1788935447.0733,6759,-3752,-48.1
2026-09-09T12:00:47.073,1788935447.0733,6760,1928,24.72
2026-09-09T12:00:47.085,1788935447.0851,6761,-3480,-44.62
2026-09-09T12:00:47.094,1788935447.0950,6762,1636,20.97
2026-09-09T12:00:47.104,1788935447.1047,6763,-3144,-40.31
2026-09-09T12:00:47.117,1788935447.1172,6764,1308,16.77
2026-09-09T12:00:47.123,1788935447.1240,6765,-2780,-35.64
2026-09-09T12:00:47.135,1788935447.1358,6766,3764,48.26
2026-09-09T12:00:47.151,1788935447.1517,6767,-2444,-31.33
2026-09-09T12:00:47.161,1788935447.1615,6768,3604,46.21
2026-09-09T12:00:47.170,1788935447.1709,6769,-2068,-26.51
2026-09-09T12:00:47.174,1788935447.1740,6770,3336,42.77
2026-09-09T12:00:47.195,1788935447.1957,6771,-1704,-21.85
2026-09-09T12:00:47.199,1788935447.1990,6772,3000,38.46
2026-09-09T12:00:47.203,1788935447.2039,6773,-1364,-17.49
2026-09-09T12:00:47.217,1788935447.2174,6774,2640,33.85
2026-09-09T12:00:47.217,1788935447.2174,6775,-1028,-13.18
2026-09-09T12:00:47.230,1788935447.2305,6776,2248,28.82
2026-09-09T12:00:47.244,1788935447.2443,6777,-3648,-46.77
2026-09-09T12:00:47.255,1788935447.2560,6778,1912,24.51
2026-09-09T12:00:47.264,1788935447.2640,6779,-3404,-43.64
2026-09-09T12:00:47.281,1788935447.2813,6780,1628,20.87
2026-09-09T12:00:47.288,1788935447.2888,6781,-3096,-39.69
2026-09-09T12:00:47.297,1788935447.2972,6782,1320,16.92
2026-09-09T12:00:47.309,1788935447.3092,6783,-2740,-35.13
2026-09-09T12:00:47.325,1788935447.3254,6784,1060,13.59
2026-09-09T12:00:47.325,1788935447.3254,6785,-2388,-30.62
2026-09-09T12:00:47.334,1788935447.3342,6786,3408,43.69
2026-09-09T12:00:47.341,1788935447.3411,6787,-2052,-26.31
2026-09-09T12:00:47.356,1788935447.3564,6788,3212,41.18
2026-09-09T12:00:47.364,1788935447.3643,6789,-1764,-22.62
2026-09-09T12:00:47.372,1788935447.3725,6790,2932,37.59
2026-09-09T12:00:47.372,1788935447.3725,6791,-1456,-18.67
2026-09-09T12:00:47.404,1788935447.4040,6792,2624,33.64
2026-09-09T12:00:47.404,1788935447.4040,6793,-1188,-15.23
2026-09-09T12:00:47.417,1788935447.4176,6794,2316,29.69
2026-09-09T12:00:47.419,1788935447.4197,6795,-868,-11.13
2026-09-09T12:00:47.435,1788935447.4355,6796,2048,26.26
2026-09-09T12:00:47.451,1788935447.4512,6797,-3424,-43.9
2026-09-09T12:00:47.451,1788935447.4512,6798,1756,22.51
2026-09-09T12:00:47.467,1788935447.4673,6799,-3172,-40.67
2026-09-09T12:00:47.474,1788935447.4741,6800,1476,18.92
2026-09-09T12:00:47.483,1788935447.4830,6801,-2832,-36.31
2026-09-09T12:00:47.492,1788935447.4930,6802,1228,15.74
2026-09-09T12:00:47.504,1788935447.5047,6803,-2492,-31.95
2026-09-09T12:00:47.514,1788935447.5145,6804,936,12.0
2026-09-09T12:00:47.531,1788935447.5312,6805,-2196,-28.15
2026-09-09T12:00:47.531,1788935447.5312,6806,3336,42.77
2026-09-09T12:00:47.551,1788935447.5518,6807,-1916,-24.56
2026-09-09T12:00:47.551,1788935447.5518,6808,3128,40.1
2026-09-09T12:00:47.564,1788935447.5645,6809,-1628,-20.87
2026-09-09T12:00:47.579,1788935447.5790,6810,2856,36.62
2026-09-09T12:00:47.584,1788935447.5843,6811,-1312,-16.82
2026-09-09T12:00:47.593,1788935447.5930,6812,2532,32.46
2026-09-09T12:00:47.604,1788935447.6046,6813,-1024,-13.13
2026-09-09T12:00:47.624,1788935447.6243,6814,2236,28.67
2026-09-09T12:00:47.624,1788935447.6243,6815,-3596,-46.1
2026-09-09T12:00:47.635,1788935447.6351,6816,1928,24.72
2026-09-09T12:00:47.644,1788935447.6442,6817,-3384,-43.38
2026-09-09T12:00:47.657,1788935447.6580,6818,1660,21.28
2026-09-09T12:00:47.664,1788935447.6645,6819,-3072,-39.38
2026-09-09T12:00:47.676,1788935447.6769,6820,1384,17.74
2026-09-09T12:00:47.687,1788935447.6874,6821,-2752,-35.28
2026-09-09T12:00:47.687,1788935447.6874,6822,1092,14.0
2026-09-09T12:00:47.705,1788935447.7060,6823,-2400,-30.77
2026-09-09T12:00:47.705,1788935447.7060,6824,780,10.0
2026-09-09T12:00:47.721,1788935447.7218,6825,-2056,-26.36
2026-09-09T12:00:47.735,1788935447.7359,6826,3292,42.21
2026-09-09T12:00:47.750,1788935447.7509,6827,-1748,-22.41
2026-09-09T12:00:47.750,1788935447.7509,6828,3012,38.62
2026-09-09T12:00:47.766,1788935447.7666,6829,-1476,-18.92
2026-09-09T12:00:47.774,1788935447.7747,6830,2708,34.72
2026-09-09T12:00:47.784,1788935447.7845,6831,-1188,-15.23
2026-09-09T12:00:47.798,1788935447.7982,6832,2392,30.67
2026-09-09T12:00:47.804,1788935447.8042,6833,-848,-10.87
2026-09-09T12:00:47.818,1788935447.8180,6834,2084,26.72
2026-09-09T12:00:47.829,1788935447.8295,6835,-3444,-44.15
2026-09-09T12:00:47.829,1788935447.8295,6836,1808,23.18
2026-09-09T12:00:47.844,1788935447.8449,6837,-3184,-40.82
2026-09-09T12:00:47.854,1788935447.8545,6838,1520,19.49
2026-09-09T12:00:47.860,1788935447.8607,6839,-2844,-36.46
2026-09-09T12:00:47.876,1788935447.8764,6840,1256,16.1
2026-09-09T12:00:47.884,1788935447.8847,6841,-2536,-32.51
2026-09-09T12:00:47.894,1788935447.8945,6842,952,12.21
2026-09-09T12:00:47.910,1788935447.9104,6843,-2184,-28.0
2026-09-09T12:00:47.918,1788935447.9181,6844,652,8.36
2026-09-09T12:00:47.924,1788935447.9241,6845,-1888,-24.21
2026-09-09T12:00:47.939,1788935447.9397,6846,3124,40.05
2026-09-09T12:00:47.945,1788935447.9452,6847,-1608,-20.62
2026-09-09T12:00:47.955,1788935447.9555,6848,2876,36.87
2026-09-09T12:00:47.964,1788935447.9647,6849,-1324,-16.97
2026-09-09T12:00:47.974,1788935447.9748,6850,2568,32.92
2026-09-09T12:00:47.986,1788935447.9864,6851,-1016,-13.03
2026-09-09T12:00:47.999,1788935447.9998,6852,2248,28.82
2026-09-09T12:00:48.002,1788935448.0023,6853,-696,-8.92
2026-09-09T12:00:48.015,1788935448.0152,6854,1964,25.18
2026-09-09T12:00:48.024,1788935448.0242,6855,-3304,-42.36
2026-09-09T12:00:48.036,1788935448.0360,6856,1672,21.44
2026-09-09T12:00:48.049,1788935448.0497,6857,-3020,-38.72
2026-09-09T12:00:48.049,1788935448.0497,6858,1408,18.05
2026-09-09T12:00:48.066,1788935448.0669,6859,-2700,-34.62
2026-09-09T12:00:48.089,1788935448.0896,6860,1132,14.51
2026-09-09T12:00:48.092,1788935448.0921,6861,-2388,-30.62
2026-09-09T12:00:48.096,1788935448.0969,6862,824,10.56
2026-09-09T12:00:48.096,1788935448.0969,6863,-2060,-26.41
2026-09-09T12:00:48.112,1788935448.1126,6864,480,6.15
2026-09-09T12:00:48.128,1788935448.1284,6865,-1760,-22.56
2026-09-09T12:00:48.134,1788935448.1345,6866,3016,38.67
2026-09-09T12:00:48.144,1788935448.1444,6867,-1464,-18.77
2026-09-09T12:00:48.154,1788935448.1544,6868,2712,34.77
2026-09-09T12:00:48.166,1788935448.1662,6869,-1192,-15.28
2026-09-09T12:00:48.175,1788935448.1758,6870,2424,31.08
2026-09-09T12:00:48.191,1788935448.1915,6871,-900,-11.54
2026-09-09T12:00:48.191,1788935448.1915,6872,2128,27.28
2026-09-09T12:00:48.213,1788935448.2134,6873,-540,-6.92
2026-09-09T12:00:48.219,1788935448.2193,6874,1828,23.44
2026-09-09T12:00:48.222,1788935448.2228,6875,-3224,-41.33
2026-09-09T12:00:48.238,1788935448.2386,6876,1536,19.69
2026-09-09T12:00:48.244,1788935448.2446,6877,-2924,-37.49
2026-09-09T12:00:48.254,1788935448.2546,6878,1228,15.74
2026-09-09T12:00:48.254,1788935448.2546,6879,-2572,-32.97
2026-09-09T12:00:48.270,1788935448.2704,6880,944,12.1
2026-09-09T12:00:48.290,1788935448.2900,6881,-2252,-28.87
2026-09-09T12:00:48.290,1788935448.2900,6882,612,7.85
2026-09-09T12:00:48.303,1788935448.3037,6883,-1932,-24.77
2026-09-09T12:00:48.319,1788935448.3193,6884,264,3.38
2026-09-09T12:00:48.319,1788935448.3193,6885,-1632,-20.92
2026-09-09T12:00:48.339,1788935448.3390,6886,2840,36.41
2026-09-09T12:00:48.339,1788935448.3390,6887,-1344,-17.23
2026-09-09T12:00:48.352,1788935448.3528,6888,2540,32.56
2026-09-09T12:00:48.364,1788935448.3647,6889,-1052,-13.49
2026-09-09T12:00:48.380,1788935448.3804,6890,2208,28.31
2026-09-09T12:00:48.380,1788935448.3804,6891,-712,-9.13
2026-09-09T12:00:48.395,1788935448.3955,6892,1924,24.67
2026-09-09T12:00:48.404,1788935448.4045,6893,-400,-5.13
2026-09-09T12:00:48.428,1788935448.4281,6894,1636,20.97
2026-09-09T12:00:48.434,1788935448.4341,6895,-3040,-38.97
2026-09-09T12:00:48.434,1788935448.4341,6896,1352,17.33
2026-09-09T12:00:48.443,1788935448.4435,6897,-2700,-34.62
2026-09-09T12:00:48.459,1788935448.4591,6898,1084,13.9
2026-09-09T12:00:48.470,1788935448.4701,6899,-2360,-30.26
2026-09-09T12:00:48.474,1788935448.4748,6900,780,10.0
2026-09-09T12:00:48.484,1788935448.4849,6901,-2040,-26.15
2026-09-09T12:00:48.494,1788935448.4941,6902,464,5.95
2026-09-09T12:00:48.506,1788935448.5062,6903,-1764,-22.62
2026-09-09T12:00:48.514,1788935448.5142,6904,80,1.03
2026-09-09T12:00:48.524,1788935448.5243,6905,-1476,-18.92
2026-09-09T12:00:48.542,1788935448.5421,6906,2664,34.15
2026-09-09T12:00:48.553,1788935448.5538,6907,-1180,-15.13
2026-09-09T12:00:48.559,1788935448.5594,6908,2364,30.31
2026-09-09T12:00:48.569,1788935448.5695,6909,-888,-11.38
2026-09-09T12:00:48.574,1788935448.5741,6910,2040,26.15
2026-09-09T12:00:48.585,1788935448.5854,6911,-568,-7.28
2026-09-09T12:00:48.585,1788935448.5854,6912,1784,22.87
2026-09-09T12:00:48.603,1788935448.6033,6913,-220,-2.82
2026-09-09T12:00:48.616,1788935448.6169,6914,1512,19.38
2026-09-09T12:00:48.619,1788935448.6194,6915,-2892,-37.08
2026-09-09T12:00:48.632,1788935448.6327,6916,1248,16.0
2026-09-09T12:00:48.644,1788935448.6445,6917,-2560,-32.82
2026-09-09T12:00:48.654,1788935448.6545,6918,936,12.0
2026-09-09T12:00:48.670,1788935448.6704,6919,-2252,-28.87
2026-09-09T12:00:48.683,1788935448.6835,6920,608,7.79
2026-09-09T12:00:48.683,1788935448.6835,6921,-1980,-25.38
2026-09-09T12:00:48.696,1788935448.6960,6922,264,3.38
2026-09-09T12:00:48.696,1788935448.6960,6923,-1652,-21.18
2026-09-09T12:00:48.719,1788935448.7196,6924,-124,-1.59
2026-09-09T12:00:48.723,1788935448.7236,6925,-1352,-17.33
2026-09-09T12:00:48.728,1788935448.7281,6926,2572,32.97
2026-09-09T12:00:48.743,1788935448.7436,6927,-1076,-13.79
2026-09-09T12:00:48.759,1788935448.7592,6928,2252,28.87
2026-09-09T12:00:48.759,1788935448.7592,6929,-740,-9.49
2026-09-09T12:00:48.774,1788935448.7750,6930,1964,25.18
2026-09-09T12:00:48.785,1788935448.7850,6931,-436,-5.59
2026-09-09T12:00:48.796,1788935448.7969,6932,1692,21.69
2026-09-09T12:00:48.806,1788935448.8065,6933,-68,-0.87
2026-09-09T12:00:48.822,1788935448.8223,6934,1408,18.05
2026-09-09T12:00:48.822,1788935448.8223,6935,-2780,-35.64
2026-09-09T12:00:48.843,1788935448.8436,6936,1120,14.36
2026-09-09T12:00:48.843,1788935448.8436,6937,-2408,-30.87
2026-09-09T12:00:48.858,1788935448.8587,6938,868,11.13
2026-09-09T12:00:48.869,1788935448.8691,6939,-2092,-26.82
2026-09-09T12:00:48.874,1788935448.8740,6940,508,6.51
2026-09-09T12:00:48.884,1788935448.8843,6941,-1772,-22.72
2026-09-09T12:00:48.884,1788935448.8843,6942,152,1.95
2026-09-09T12:00:48.900,1788935448.9002,6943,-1472,-18.87
2026-09-09T12:00:48.921,1788935448.9215,6944,2736,35.08
2026-09-09T12:00:48.931,1788935448.9316,6945,-1200,-15.38
2026-09-09T12:00:48.933,1788935448.9336,6946,2416,30.97
2026-09-09T12:00:48.947,1788935448.9473,6947,-904,-11.59
2026-09-09T12:00:48.956,1788935448.9560,6948,2136,27.38
2026-09-09T12:00:48.963,1788935448.9631,6949,-552,-7.08
2026-09-09T12:00:48.977,1788935448.9778,6950,1836,23.54
2026-09-09T12:00:48.987,1788935448.9874,6951,-236,-3.03
2026-09-09T12:00:48.992,1788935448.9924,6952,1584,20.31
2026-09-09T12:00:49.008,1788935449.0081,6953,152,1.95
2026-09-09T12:00:49.014,1788935449.0141,6954,1316,16.87
2026-09-09T12:00:49.024,1788935449.0241,6955,-2536,-32.51
2026-09-09T12:00:49.024,1788935449.0241,6956,996,12.77
2026-09-09T12:00:49.052,1788935449.0529,6957,-2240,-28.72
2026-09-09T12:00:49.061,1788935449.0610,6958,704,9.03
2026-09-09T12:00:49.061,1788935449.0610,6959,-1928,-24.72
2026-09-09T12:00:49.073,1788935449.0735,6960,352,4.51
2026-09-09T12:00:49.084,1788935449.0846,6961,-1644,-21.08
2026-09-09T12:00:49.087,1788935449.0871,6962,-28,-0.36
2026-09-09T12:00:49.103,1788935449.1032,6963,-1344,-17.23
2026-09-09T12:00:49.119,1788935449.1191,6964,2604,33.38
2026-09-09T12:00:49.126,1788935449.1261,6965,-1048,-13.44
2026-09-09T12:00:49.134,1788935449.1343,6966,2296,29.44
2026-09-09T12:00:49.145,1788935449.1455,6967,-744,-9.54
2026-09-09T12:00:49.155,1788935449.1555,6968,2004,25.69
2026-09-09T12:00:49.171,1788935449.1714,6969,-428,-5.49
2026-09-09T12:00:49.184,1788935449.1842,6970,1704,21.85
2026-09-09T12:00:49.184,1788935449.1842,6971,-76,-0.97
2026-09-09T12:00:49.196,1788935449.1967,6972,1444,18.51
2026-09-09T12:00:49.205,1788935449.2055,6973,340,4.36
2026-09-09T12:00:49.216,1788935449.2167,6974,1160,14.87
2026-09-09T12:00:49.224,1788935449.2242,6975,-2428,-31.13
2026-09-09T12:00:49.228,1788935449.2285,6976,872,11.18
2026-09-09T12:00:49.252,1788935449.2522,6977,-2132,-27.33
2026-09-09T12:00:49.254,1788935449.2549,6978,532,6.82
2026-09-09T12:00:49.260,1788935449.2600,6979,-1832,-23.49
2026-09-09T12:00:49.275,1788935449.2758,6980,164,2.1
2026-09-09T12:00:49.294,1788935449.2946,6981,-1532,-19.64
2026-09-09T12:00:49.294,1788935449.2946,6982,-224,-2.87
2026-09-09T12:00:49.307,1788935449.3074,6983,-1248,-16.0
2026-09-09T12:00:49.314,1788935449.3148,6984,2460,31.54
2026-09-09T12:00:49.328,1788935449.3287,6985,-948,-12.15
2026-09-09T12:00:49.339,1788935449.3395,6986,2180,27.95
2026-09-09T12:00:49.344,1788935449.3445,6987,-600,-7.69
2026-09-09T12:00:49.355,1788935449.3553,6988,1888,24.21
2026-09-09T12:00:49.366,1788935449.3665,6989,-284,-3.64
2026-09-09T12:00:49.376,1788935449.3768,6990,1608,20.62
2026-09-09T12:00:49.384,1788935449.3841,6991,96,1.23
2026-09-09T12:00:49.395,1788935449.3951,6992,1316,16.87
2026-09-09T12:00:49.404,1788935449.4049,6993,544,6.97
2026-09-09T12:00:49.420,1788935449.4206,6994,1004,12.87
2026-09-09T12:00:49.428,1788935449.4289,6995,-2296,-29.44
2026-09-09T12:00:49.439,1788935449.4399,6996,716,9.18
2026-09-09T12:00:49.443,1788935449.4430,6997,-1968,-25.23
2026-09-09T12:00:49.461,1788935449.4617,6998,360,4.62
2026-09-09T12:00:49.466,1788935449.4662,6999,-1676,-21.49
2026-09-09T12:00:49.472,1788935449.4724,7000,0,0.0
2026-09-09T12:00:49.483,1788935449.4839,7001,-1412,-18.1
2026-09-09T12:00:49.497,1788935449.4976,7002,-432,-5.54
2026-09-09T12:00:49.505,1788935449.5050,7003,-1116,-14.31
2026-09-09T12:00:49.515,1788935449.5154,7004,2316,29.69
2026-09-09T12:00:49.524,1788935449.5245,7005,-800,-10.26
2026-09-09T12:00:49.545,1788935449.5453,7006,2024,25.95
2026-09-09T12:00:49.545,1788935449.5453,7007,-476,-6.1
2026-09-09T12:00:49.553,1788935449.5532,7008,1752,22.46
2026-09-09T12:00:49.562,1788935449.5624,7009,-116,-1.49
2026-09-09T12:00:49.576,1788935449.5768,7010,1460,18.72
2026-09-09T12:00:49.576,1788935449.5768,7011,292,3.74
2026-09-09T12:00:49.594,1788935449.5945,7012,1204,15.44
2026-09-09T12:00:49.608,1788935449.6081,7013,812,10.41
2026-09-09T12:00:49.620,1788935449.6206,7014,900,11.54
2026-09-09T12:00:49.629,1788935449.6293,7015,-2148,-27.54
2026-09-09T12:00:49.633,1788935449.6338,7016,580,7.44
2026-09-09T12:00:49.646,1788935449.6462,7017,-1836,-23.54
2026-09-09T12:00:49.654,1788935449.6549,7018,208,2.67
2026-09-09T12:00:49.672,1788935449.6727,7019,-1540,-19.74
2026-09-09T12:00:49.680,1788935449.6807,7020,-184,-2.36
2026-09-09T12:00:49.686,1788935449.6864,7021,-1292,-16.56
2026-09-09T12:00:49.702,1788935449.7026,7022,-692,-8.87
2026-09-09T12:00:49.712,1788935449.7128,7023,-968,-12.41
2026-09-09T12:00:49.718,1788935449.7183,7024,2192,28.1
2026-09-09T12:00:49.723,1788935449.7233,7025,-644,-8.26
2026-09-09T12:00:49.735,1788935449.7350,7026,1904,24.41
2026-09-09T12:00:49.749,1788935449.7498,7027,-304,-3.9
2026-09-09T12:00:49.749,1788935449.7498,7028,1640,21.03
2026-09-09T12:00:49.765,1788935449.7655,7029,56,0.72
2026-09-09T12:00:49.773,1788935449.7735,7030,1348,17.28
2026-09-09T12:00:49.796,1788935449.7966,7031,524,6.72
2026-09-09T12:00:49.796,1788935449.7966,7032,1064,13.64
2026-09-09T12:00:49.803,1788935449.8031,7033,1116,14.31
2026-09-09T12:00:49.812,1788935449.8123,7034,760,9.74
2026-09-09T12:00:49.832,1788935449.8322,7035,-2016,-25.85
2026-09-09T12:00:49.832,1788935449.8322,7036,416,5.33
2026-09-09T12:00:49.844,1788935449.8442,7037,-1704,-21.85
2026-09-09T12:00:49.853,1788935449.8534,7038,40,0.51
2026-09-09T12:00:49.863,1788935449.8638,7039,-1428,-18.31
2026-09-09T12:00:49.875,1788935449.8756,7040,-384,-4.92
2026-09-09T12:00:49.885,1788935449.8856,7041,-1128,-14.46
2026-09-09T12:00:49.895,1788935449.8954,7042,-940,-12.05
2026-09-09T12:00:49.914,1788935449.9144,7043,-816,-10.46
2026-09-09T12:00:49.922,1788935449.9229,7044,2060,26.41
2026-09-09T12:00:49.922,1788935449.9229,7045,-504,-6.46
2026-09-09T12:00:49.938,1788935449.9385,7046,1768,22.67
2026-09-09T12:00:49.938,1788935449.9385,7047,-140,-1.79
2026-09-09T12:00:49.954,1788935449.9547,7048,1492,19.13
2026-09-09T12:00:49.964,1788935449.9642,7049,256,3.28
2026-09-09T12:00:49.974,1788935449.9747,7050,1220,15.64
2026-09-09T12:00:49.986,1788935449.9868,7051,764,9.79
2026-09-09T12:00:49.992,1788935449.9927,7052,944,12.1
2026-09-09T12:00:50.002,1788935450.0025,7053,1376,17.64
2026-09-09T12:00:50.014,1788935450.0146,7054,600,7.69
2026-09-09T12:00:50.026,1788935450.0269,7055,-1864,-23.9
2026-09-09T12:00:50.045,1788935450.0451,7056,252,3.23
2026-09-09T12:00:50.050,1788935450.0501,7057,-1572,-20.15
2026-09-09T12:00:50.050,1788935450.0501,7058,-140,-1.79
2026-09-09T12:00:50.066,1788935450.0660,7059,-1276,-16.36
2026-09-09T12:00:50.076,1788935450.0765,7060,-608,-7.79
2026-09-09T12:00:50.085,1788935450.0857,7061,-964,-12.36
2026-09-09T12:00:50.097,1788935450.0973,7062,-1224,-15.69
2026-09-09T12:00:50.104,1788935450.1044,7063,-676,-8.67
2026-09-09T12:00:50.113,1788935450.1134,7064,1924,24.67
2026-09-09T12:00:50.129,1788935450.1291,7065,-340,-4.36
2026-09-09T12:00:50.135,1788935450.1351,7066,1648,21.13
2026-09-09T12:00:50.144,1788935450.1449,7067,36,0.46
2026-09-09T12:00:50.164,1788935450.1648,7068,1392,17.85
2026-09-09T12:00:50.164,1788935450.1648,7069,468,6.0
2026-09-09T12:00:50.176,1788935450.1764,7070,1084,13.9
2026-09-09T12:00:50.192,1788935450.1925,7071,1044,13.38
2026-09-09T12:00:50.192,1788935450.1925,7072,784,10.05
2026-09-09T12:00:50.208,1788935450.2083,7073,1688,21.64
2026-09-09T12:00:50.208,1788935450.2083,7074,448,5.74
2026-09-09T12:00:50.223,1788935450.2240,7075,-1724,-22.1
2026-09-09T12:00:50.234,1788935450.2342,7076,80,1.03
2026-09-09T12:00:50.243,1788935450.2436,7077,-1432,-18.36
2026-09-09T12:00:50.255,1788935450.2553,7078,-344,-4.41
2026-09-09T12:00:50.266,1788935450.2661,7079,-1148,-14.72
2026-09-09T12:00:50.271,1788935450.2711,7080,-884,-11.33
2026-09-09T12:00:50.290,1788935450.2903,7081,-844,-10.82
2026-09-09T12:00:50.290,1788935450.2903,7082,-1540,-19.74
2026-09-09T12:00:50.304,1788935450.3048,7083,-480,-6.15
2026-09-09T12:00:50.321,1788935450.3214,7084,1788,22.92
2026-09-09T12:00:50.321,1788935450.3214,7085,-164,-2.1
2026-09-09T12:00:50.334,1788935450.3342,7086,1556,19.95
2026-09-09T12:00:50.343,1788935450.3438,7087,208,2.67
2026-09-09T12:00:50.354,1788935450.3542,7088,1252,16.05
2026-09-09T12:00:50.366,1788935450.3662,7089,704,9.03
2026-09-09T12:00:50.374,1788935450.3742,7090,952,12.21
2026-09-09T12:00:50.382,1788935450.3821,7091,1340,17.18
2026-09-09T12:00:50.382,1788935450.3821,7092,660,8.46
2026-09-09T12:00:50.413,1788935450.4137,7093,2004,25.69
2026-09-09T12:00:50.421,1788935450.4215,7094,292,3.74
2026-09-09T12:00:50.425,1788935450.4259,7095,-1604,-20.56
2026-09-09T12:00:50.439,1788935450.4400,7096,-104,-1.33
2026-09-09T12:00:50.445,1788935450.4450,7097,-1308,-16.77
2026-09-09T12:00:50.460,1788935450.4607,7098,-600,-7.69
2026-09-09T12:00:50.460,1788935450.4607,7099,-992,-12.72
2026-09-09T12:00:50.476,1788935450.4768,7100,-1200,-15.38
2026-09-09T12:00:50.483,1788935450.4835,7101,-688,-8.82
2026-09-09T12:00:50.494,1788935450.4949,7102,-1852,-23.74
2026-09-09T12:00:50.494,1788935450.4949,7103,-352,-4.51
2026-09-09T12:00:50.514,1788935450.5149,7104,1672,21.44
2026-09-09T12:00:50.524,1788935450.5250,7105,0,0.0
2026-09-09T12:00:50.540,1788935450.5410,7106,1408,18.05
2026-09-09T12:00:50.540,1788935450.5410,7107,440,5.64
2026-09-09T12:00:50.556,1788935450.5566,7108,1100,14.1
2026-09-09T12:00:50.565,1788935450.5653,7109,1000,12.82
2026-09-09T12:00:50.573,1788935450.5734,7110,824,10.56
2026-09-09T12:00:50.588,1788935450.5888,7111,1620,20.77
2026-09-09T12:00:50.593,1788935450.5937,7112,472,6.05
2026-09-09T12:00:50.604,1788935450.6046,7113,-1720,-22.05
2026-09-09T12:00:50.613,1788935450.6135,7114,108,1.38
2026-09-09T12:00:50.621,1788935450.6215,7115,-1448,-18.56
2026-09-09T12:00:50.634,1788935450.6343,7116,-288,-3.69
2026-09-09T12:00:50.646,1788935450.6464,7117,-1164,-14.92
2026-09-09T12:00:50.667,1788935450.6678,7118,-824,-10.56
2026-09-09T12:00:50.672,1788935450.6723,7119,-864,-11.08
2026-09-09T12:00:50.672,1788935450.6723,7120,-1476,-18.92
2026-09-09T12:00:50.683,1788935450.6838,7121,-532,-6.82
2026-09-09T12:00:50.699,1788935450.6995,7122,-2168,-27.79
2026-09-09T12:00:50.699,1788935450.6995,7123,-192,-2.46
2026-09-09T12:00:50.714,1788935450.7150,7124,1560,20.0
2026-09-09T12:00:50.723,1788935450.7235,7125,184,2.36
2026-09-09T12:00:50.733,1788935450.7330,7126,1288,16.51
2026-09-09T12:00:50.746,1788935450.7464,7127,660,8.46
2026-09-09T12:00:50.754,1788935450.7544,7128,992,12.72
2026-09-09T12:00:50.764,1788935450.7642,7129,1280,16.41
2026-09-09T12:00:50.780,1788935450.7801,7130,652,8.36
2026-09-09T12:00:50.794,1788935450.7945,7131,1928,24.72
2026-09-09T12:00:50.797,1788935450.7976,7132,324,4.15
2026-09-09T12:00:50.808,1788935450.8089,7133,-1620,-20.77
2026-09-09T12:00:50.814,1788935450.8150,7134,-76,-0.97
2026-09-09T12:00:50.831,1788935450.8313,7135,-1336,-17.13
2026-09-09T12:00:50.835,1788935450.8350,7136,-568,-7.28
2026-09-09T12:00:50.844,1788935450.8447,7137,-1056,-13.54
2026-09-09T12:00:50.856,1788935450.8564,7138,-1180,-15.13
2026-09-09T12:00:50.866,1788935450.8666,7139,-720,-9.23
2026-09-09T12:00:50.874,1788935450.8741,7140,-1836,-23.54
2026-09-09T12:00:50.884,1788935450.8842,7141,-384,-4.92
2026-09-09T12:00:50.903,1788935450.9038,7142,-2496,-32.0
2026-09-09T12:00:50.903,1788935450.9038,7143,-20,-0.26
2026-09-09T12:00:50.917,1788935450.9173,7144,1420,18.21
2026-09-09T12:00:50.924,1788935450.9242,7145,404,5.18
2026-09-09T12:00:50.935,1788935450.9354,7146,1156,14.82
2026-09-09T12:00:50.935,1788935450.9354,7147,964,12.36
2026-09-09T12:00:50.953,1788935450.9531,7148,852,10.92
2026-09-09T12:00:50.966,1788935450.9668,7149,1600,20.51
2026-09-09T12:00:50.974,1788935450.9748,7150,508,6.51
2026-09-09T12:00:50.983,1788935450.9832,7151,2240,28.72
2026-09-09T12:00:50.983,1788935450.9832,7152,140,1.79
2026-09-09T12:00:50.998,1788935450.9985,7153,-1488,-19.08
2026-09-09T12:00:51.024,1788935451.0243,7154,-280,-3.59
2026-09-09T12:00:51.032,1788935451.0321,7155,-1180,-15.13
2026-09-09T12:00:51.039,1788935451.0399,7156,-824,-10.56
2026-09-09T12:00:51.047,1788935451.0478,7157,-872,-11.18
2026-09-09T12:00:51.053,1788935451.0531,7158,-1460,-18.72
2026-09-09T12:00:51.070,1788935451.0707,7159,-548,-7.03
2026-09-09T12:00:51.075,1788935451.0759,7160,-2104,-26.97
2026-09-09T12:00:51.077,1788935451.0776,7161,-212,-2.72
2026-09-09T12:00:51.093,1788935451.0937,7162,-2712,-34.77
2026-09-09T12:00:51.109,1788935451.1094,7163,148,1.9
2026-09-09T12:00:51.109,1788935451.1094,7164,1308,16.77
2026-09-09T12:00:51.124,1788935451.1246,7165,656,8.41
2026-09-09T12:00:51.134,1788935451.1347,7166,1008,12.92
2026-09-09T12:00:51.146,1788935451.1465,7167,1236,15.85
2026-09-09T12:00:51.160,1788935451.1607,7168,692,8.87
2026-09-09T12:00:51.160,1788935451.1607,7169,1880,24.1
2026-09-09T12:00:51.171,1788935451.1719,7170,340,4.36
2026-09-09T12:00:51.189,1788935451.1895,7171,2472,31.69
2026-09-09T12:00:51.189,1788935451.1895,7172,-12,-0.15
2026-09-09T12:00:51.203,1788935451.2034,7173,-1332,-17.08
2026-09-09T12:00:51.213,1788935451.2140,7174,-492,-6.31
2026-09-09T12:00:51.228,1788935451.2289,7175,-1052,-13.49
2026-09-09T12:00:51.234,1788935451.2348,7176,-1088,-13.95
2026-09-09T12:00:51.245,1788935451.2457,7177,-756,-9.69
2026-09-09T12:00:51.254,1788935451.2547,7178,-1732,-22.21
2026-09-09T12:00:51.268,1788935451.2685,7179,-396,-5.08
2026-09-09T12:00:51.268,1788935451.2685,7180,-2428,-31.13
2026-09-09T12:00:51.282,1788935451.2827,7181,-40,-0.51
2026-09-09T12:00:51.298,1788935451.2988,7182,-2936,-37.64
2026-09-09T12:00:51.314,1788935451.3145,7183,372,4.77
2026-09-09T12:00:51.318,1788935451.3185,7184,1160,14.87
2026-09-09T12:00:51.324,1788935451.3248,7185,928,11.9
2026-09-09T12:00:51.334,1788935451.3342,7186,856,10.97
2026-09-09T12:00:51.346,1788935451.3461,7187,1560,20.0
2026-09-09T12:00:51.353,1788935451.3534,7188,536,6.87
2026-09-09T12:00:51.363,1788935451.3638,7189,2204,28.26
2026-09-09T12:00:51.375,1788935451.3759,7190,148,1.9
2026-09-09T12:00:51.393,1788935451.3935,7191,2716,34.82
2026-09-09T12:00:51.393,1788935451.3935,7192,-248,-3.18
2026-09-09T12:00:51.404,1788935451.4044,7193,-1216,-15.59
2026-09-09T12:00:51.412,1788935451.4128,7194,-772,-9.9
2026-09-09T12:00:51.424,1788935451.4248,7195,-896,-11.49
2026-09-09T12:00:51.436,1788935451.4366,7196,-1416,-18.15
2026-09-09T12:00:51.444,1788935451.4444,7197,-580,-7.44
2026-09-09T12:00:51.456,1788935451.4562,7198,-2108,-27.03
2026-09-09T12:00:51.456,1788935451.4562,7199,-220,-2.82
2026-09-09T12:00:51.476,1788935451.4766,7200,-2700,-34.62
2026-09-09T12:00:51.476,1788935451.4766,7201,144,1.85
2026-09-09T12:00:51.487,1788935451.4877,7202,-3164,-40.56
2026-09-09T12:00:51.519,1788935451.5193,7203,612,7.85
2026-09-09T12:00:51.523,1788935451.5234,7204,1040,13.33
2026-09-09T12:00:51.526,1788935451.5260,7205,1216,15.59
2026-09-09T12:00:51.535,1788935451.5353,7206,700,8.97
2026-09-09T12:00:51.546,1788935451.5465,7207,1876,24.05
2026-09-09T12:00:51.554,1788935451.5550,7208,364,4.67
2026-09-09T12:00:51.567,1788935451.5674,7209,2468,31.64
2026-09-09T12:00:51.574,1788935451.5742,7210,-12,-0.15
2026-09-09T12:00:51.584,1788935451.5846,7211,2892,37.08
2026-09-09T12:00:51.598,1788935451.5985,7212,-492,-6.31
2026-09-09T12:00:51.598,1788935451.5985,7213,-1068,-13.69
2026-09-09T12:00:51.616,1788935451.6163,7214,-1064,-13.64
2026-09-09T12:00:51.625,1788935451.6259,7215,-752,-9.64
2026-09-09T12:00:51.638,1788935451.6383,7216,-1736,-22.26
2026-09-09T12:00:51.638,1788935451.6383,7217,-428,-5.49
2026-09-09T12:00:51.646,1788935451.6470,7218,-2392,-30.67
2026-09-09T12:00:51.670,1788935451.6701,7219,-76,-0.97
2026-09-09T12:00:51.677,1788935451.6779,7220,-2916,-37.38
2026-09-09T12:00:51.683,1788935451.6837,7221,336,4.31
2026-09-09T12:00:51.693,1788935451.6934,7222,-3284,-42.1
2026-09-09T12:00:51.702,1788935451.7026,7223,860,11.03
2026-09-09T12:00:51.713,1788935451.7132,7224,872,11.18
2026-09-09T12:00:51.726,1788935451.7262,7225,1488,19.08
2026-09-09T12:00:51.734,1788935451.7342,7226,552,7.08
2026-09-09T12:00:51.744,1788935451.7447,7227,2140,27.44
2026-09-09T12:00:51.756,1788935451.7563,7228,196,2.51
2026-09-09T12:00:51.766,1788935451.7660,7229,2664,34.15
2026-09-09T12:00:51.774,1788935451.7743,7230,-212,-2.72
2026-09-09T12:00:51.789,1788935451.7895,7231,3032,38.87
2026-09-09T12:00:51.789,1788935451.7895,7232,-724,-9.28
2026-09-09T12:00:51.804,1788935451.8047,7233,-916,-11.74
2026-09-09T12:00:51.818,1788935451.8186,7234,-1336,-17.13
2026-09-09T12:00:51.824,1788935451.8241,7235,-592,-7.59
2026-09-09T12:00:51.837,1788935451.8373,7236,-2032,-26.05
2026-09-09T12:00:51.844,1788935451.8443,7237,-276,-3.54
2026-09-09T12:00:51.854,1788935451.8544,7238,-2648,-33.95
2026-09-09T12:00:51.874,1788935451.8742,7239,112,1.44
2026-09-09T12:00:51.881,1788935451.8818,7240,-3100,-39.74
2026-09-09T12:00:51.888,1788935451.8885,7241,568,7.28
2026-09-09T12:00:51.897,1788935451.8976,7242,-3428,-43.95
2026-09-09T12:00:51.904,1788935451.9048,7243,1188,15.23
2026-09-09T12:00:51.917,1788935451.9173,7244,744,9.54
2026-09-09T12:00:51.924,1788935451.9242,7245,1828,23.44
2026-09-09T12:00:51.928,1788935451.9289,7246,384,4.92
2026-09-09T12:00:51.944,1788935451.9450,7247,2444,31.33
2026-09-09T12:00:51.953,1788935451.9538,7248,-8,-0.1
2026-09-09T12:00:51.960,1788935451.9606,7249,2908,37.28
2026-09-09T12:00:51.975,1788935451.9759,7250,-464,-5.95
2026-09-09T12:00:51.985,1788935451.9860,7251,3232,41.44
2026-09-09T12:00:51.997,1788935451.9978,7252,-1032,-13.23
2026-09-09T12:00:52.009,1788935452.0094,7253,-772,-9.9
2026-09-09T12:00:52.018,1788935452.0190,7254,-1716,-22.0
2026-09-09T12:00:52.028,1788935452.0288,7255,-440,-5.64
2026-09-09T12:00:52.028,1788935452.0288,7256,-2392,-30.67
2026-09-09T12:00:52.039,1788935452.0394,7257,-64,-0.82
2026-09-09T12:00:52.055,1788935452.0555,7258,-2928,-37.54
2026-09-09T12:00:52.063,1788935452.0637,7259,356,4.56
2026-09-09T12:00:52.076,1788935452.0767,7260,-3300,-42.31
2026-09-09T12:00:52.087,1788935452.0875,7261,872,11.18
2026-09-09T12:00:52.093,1788935452.0937,7262,908,11.64
2026-09-09T12:00:52.105,1788935452.1055,7263,1520,19.49
2026-09-09T12:00:52.124,1788935452.1244,7264,560,7.18
2026-09-09T12:00:52.124,1788935452.1244,7265,2140,27.44
2026-09-09T12:00:52.135,1788935452.1352,7266,188,2.41
2026-09-09T12:00:52.150,1788935452.1508,7267,2688,34.46
2026-09-09T12:00:52.152,1788935452.1529,7268,-200,-2.56
2026-09-09T12:00:52.166,1788935452.1669,7269,3060,39.23
2026-09-09T12:00:52.172,1788935452.1730,7270,-712,-9.13
2026-09-09T12:00:52.184,1788935452.1849,7271,3312,42.46
2026-09-09T12:00:52.198,1788935452.1985,7272,-1328,-17.03
2026-09-09T12:00:52.198,1788935452.1985,7273,-608,-7.79
2026-09-09T12:00:52.214,1788935452.2142,7274,-2012,-25.79
2026-09-09T12:00:52.224,1788935452.2246,7275,-264,-3.38
2026-09-09T12:00:52.236,1788935452.2364,7276,-2620,-33.59
2026-09-09T12:00:52.250,1788935452.2502,7277,100,1.28
2026-09-09T12:00:52.252,1788935452.2523,7278,-3056,-39.18
2026-09-09T12:00:52.261,1788935452.2619,7279,556,7.13
2026-09-09T12:00:52.277,1788935452.2777,7280,-3368,-43.18
2026-09-09T12:00:52.283,1788935452.2838,7281,1136,14.56
2026-09-09T12:00:52.293,1788935452.2934,7282,760,9.74
2026-09-09T12:00:52.309,1788935452.3091,7283,1756,22.51
2026-09-09T12:00:52.315,1788935452.3151,7284,416,5.33
2026-09-09T12:00:52.327,1788935452.3272,7285,2368,30.36
2026-09-09T12:00:52.333,1788935452.3339,7286,48,0.62
2026-09-09T12:00:52.344,1788935452.3445,7287,2832,36.31
2026-09-09T12:00:52.356,1788935452.3563,7288,-380,-4.87
2026-09-09T12:00:52.372,1788935452.3721,7289,3156,40.46
2026-09-09T12:00:52.372,1788935452.3721,7290,-972,-12.46
2026-09-09T12:00:52.384,1788935452.3844,7291,3336,42.77
2026-09-09T12:00:52.393,1788935452.3939,7292,-1660,-21.28
2026-09-09T12:00:52.409,1788935452.4099,7293,-464,-5.95
2026-09-09T12:00:52.416,1788935452.4162,7294,-2316,-29.69
2026-09-09T12:00:52.425,1788935452.4256,7295,-100,-1.28
2026-09-09T12:00:52.435,1788935452.4355,7296,-2848,-36.51
2026-09-09T12:00:52.435,1788935452.4355,7297,300,3.85
2026-09-09T12:00:52.453,1788935452.4535,7298,-3232,-41.44
2026-09-09T12:00:52.464,1788935452.4642,7299,832,10.67
2026-09-09T12:00:52.475,1788935452.4752,7300,-3524,-45.18
2026-09-09T12:00:52.485,1788935452.4850,7301,1444,18.51
2026-09-09T12:00:52.498,1788935452.4987,7302,568,7.28
2026-09-09T12:00:52.509,1788935452.5095,7303,2096,26.87
2026-09-09T12:00:52.517,1788935452.5173,7304,208,2.67
2026-09-09T12:00:52.531,1788935452.5310,7305,2656,34.05
2026-09-09T12:00:52.536,1788935452.5361,7306,-176,-2.26
2026-09-09T12:00:52.545,1788935452.5457,7307,3036,38.92
2026-09-09T12:00:52.559,1788935452.5594,7308,-680,-8.72
2026-09-09T12:00:52.564,1788935452.5647,7309,3300,42.31
2026-09-09T12:00:52.580,1788935452.5807,7310,-1296,-16.62
2026-09-09T12:00:52.584,1788935452.5846,7311,3452,44.26
2026-09-09T12:00:52.595,1788935452.5953,7312,-1996,-25.59
2026-09-09T12:00:52.605,1788935452.6053,7313,-296,-3.79
2026-09-09T12:00:52.625,1788935452.6259,7314,-2596,-33.28
2026-09-09T12:00:52.632,1788935452.6321,7315,64,0.82
2026-09-09T12:00:52.634,1788935452.6346,7316,-3060,-39.23
2026-09-09T12:00:52.640,1788935452.6406,7317,540,6.92
2026-09-09T12:00:52.661,1788935452.6613,7318,-3392,-43.49
2026-09-09T12:00:52.661,1788935452.6613,7319,1104,14.15
2026-09-09T12:00:52.674,1788935452.6747,7320,-3560,-45.64
2026-09-09T12:00:52.688,1788935452.6885,7321,1740,22.31
2026-09-09T12:00:52.694,1788935452.6946,7322,400,5.13
2026-09-09T12:00:52.704,1788935452.7046,7323,2352,30.15
2026-09-09T12:00:52.704,1788935452.7046,7324,56,0.72
2026-09-09T12:00:52.725,1788935452.7259,7325,2800,35.9
2026-09-09T12:00:52.737,1788935452.7374,7326,-388,-4.97
2026-09-09T12:00:52.737,1788935452.7374,7327,3136,40.21
2026-09-09T12:00:52.754,1788935452.7550,7328,-940,-12.05
2026-09-09T12:00:52.768,1788935452.7682,7329,3344,42.87
2026-09-09T12:00:52.768,1788935452.7682,7330,-1600,-20.51
2026-09-09T12:00:52.783,1788935452.7837,7331,3472,44.51
2026-09-09T12:00:52.799,1788935452.7994,7332,-2272,-29.13
2026-09-09T12:00:52.807,1788935452.8077,7333,-120,-1.54
2026-09-09T12:00:52.815,1788935452.8153,7334,-2804,-35.95
2026-09-09T12:00:52.826,1788935452.8264,7335,260,3.33
2026-09-09T12:00:52.835,1788935452.8353,7336,-3184,-40.82
2026-09-09T12:00:52.845,1788935452.8454,7337,772,9.9
2026-09-09T12:00:52.864,1788935452.8650,7338,-3456,-44.31
2026-09-09T12:00:52.864,1788935452.8650,7339,1384,17.74
2026-09-09T12:00:52.878,1788935452.8780,7340,-3624,-46.46
2026-09-09T12:00:52.885,1788935452.8859,7341,2048,26.26
2026-09-09T12:00:52.898,1788935452.8987,7342,244,3.13
2026-09-09T12:00:52.905,1788935452.9058,7343,2572,32.97
2026-09-09T12:00:52.914,1788935452.9148,7344,-140,-1.79
2026-09-09T12:00:52.926,1788935452.9264,7345,2968,38.05
2026-09-09T12:00:52.933,1788935452.9338,7346,-652,-8.36
2026-09-09T12:00:52.944,1788935452.9445,7347,3268,41.9
2026-09-09T12:00:52.954,1788935452.9549,7348,-1268,-16.26
2026-09-09T12:00:52.964,1788935452.9647,7349,3448,44.21
2026-09-09T12:00:52.990,1788935452.9901,7350,-1956,-25.08
2026-09-09T12:00:52.990,1788935452.9901,7351,3544,45.44
2026-09-09T12:00:52.995,1788935452.9955,7352,-2584,-33.13
2026-09-09T12:00:53.005,1788935453.0058,7353,68,0.87
2026-09-09T12:00:53.015,1788935453.0150,7354,-3056,-39.18
2026-09-09T12:00:53.027,1788935453.0272,7355,512,6.56
2026-09-09T12:00:53.037,1788935453.0373,7356,-3420,-43.85
2026-09-09T12:00:53.044,1788935453.0447,7357,1084,13.9
2026-09-09T12:00:53.052,1788935453.0530,7358,-3616,-46.36
2026-09-09T12:00:53.068,1788935453.0687,7359,1760,22.56
2026-09-09T12:00:53.068,1788935453.0687,7360,-3732,-47.85
2026-09-09T12:00:53.084,1788935453.0846,7361,2376,30.46
2026-09-09T12:00:53.100,1788935453.1004,7362,64,0.82
2026-09-09T12:00:53.100,1788935453.1004,7363,2836,36.36
2026-09-09T12:00:53.116,1788935453.1163,7364,-380,-4.87
2026-09-09T12:00:53.127,1788935453.1271,7365,3176,40.72
2026-09-09T12:00:53.133,1788935453.1340,7366,-932,-11.95
2026-09-09T12:00:53.147,1788935453.1477,7367,3388,43.44
2026-09-09T12:00:53.154,1788935453.1548,7368,-1592,-20.41
2026-09-09T12:00:53.163,1788935453.1636,7369,3508,44.97
2026-09-09T12:00:53.163,1788935453.1636,7370,-2256,-28.92
2026-09-09T12:00:53.183,1788935453.1832,7371,3560,45.64
2026-09-09T12:00:53.199,1788935453.1993,7372,-2804,-35.95
2026-09-09T12:00:53.205,1788935453.2057,7373,228,2.92
2026-09-09T12:00:53.215,1788935453.2153,7374,-3200,-41.03
2026-09-09T12:00:53.231,1788935453.2313,7375,748,9.59
2026-09-09T12:00:53.231,1788935453.2313,7376,-3456,-44.31
2026-09-09T12:00:53.243,1788935453.2433,7377,1352,17.33
2026-09-09T12:00:53.259,1788935453.2591,7378,-3604,-46.21
2026-09-09T12:00:53.259,1788935453.2591,7379,2004,25.69
2026-09-09T12:00:53.274,1788935453.2746,7380,-3672,-47.08
2026-09-09T12:00:53.274,1788935453.2746,7381,2540,32.56
2026-09-09T12:00:53.290,1788935453.2903,7382,-112,-1.44
2026-09-09T12:00:53.306,1788935453.3062,7383,2936,37.64
2026-09-09T12:00:53.318,1788935453.3187,7384,-592,-7.59
2026-09-09T12:00:53.321,1788935453.3219,7385,3220,41.28
2026-09-09T12:00:53.336,1788935453.3363,7386,-1200,-15.38
2026-09-09T12:00:53.345,1788935453.3458,7387,3384,43.38
2026-09-09T12:00:53.355,1788935453.3556,7388,-1868,-23.95
2026-09-09T12:00:53.369,1788935453.3693,7389,3492,44.77
2026-09-09T12:00:53.377,1788935453.3776,7390,-2500,-32.05
2026-09-09T12:00:53.385,1788935453.3856,7391,3536,45.33
2026-09-09T12:00:53.400,1788935453.4007,7392,-2988,-38.31
2026-09-09T12:00:53.403,1788935453.4036,7393,432,5.54
2026-09-09T12:00:53.416,1788935453.4168,7394,-3312,-42.46
2026-09-09T12:00:53.416,1788935453.4168,7395,980,12.56
2026-09-09T12:00:53.434,1788935453.4343,7396,-3524,-45.18
2026-09-09T12:00:53.447,1788935453.4480,7397,1624,20.82
2026-09-09T12:00:53.455,1788935453.4553,7398,-3640,-46.67
2026-09-09T12:00:53.465,1788935453.4653,7399,2232,28.62
2026-09-09T12:00:53.481,1788935453.4810,7400,-3684,-47.23
2026-09-09T12:00:53.481,1788935453.4810,7401,2736,35.08
2026-09-09T12:00:53.494,1788935453.4942,7402,-324,-4.15
2026-09-09T12:00:53.509,1788935453.5100,7403,3072,39.38
2026-09-09T12:00:53.518,1788935453.5184,7404,-848,-10.87
2026-09-09T12:00:53.526,1788935453.5261,7405,3316,42.51
2026-09-09T12:00:53.533,1788935453.5337,7406,-1484,-19.03
2026-09-09T12:00:53.543,1788935453.5437,7407,3448,44.21
2026-09-09T12:00:53.559,1788935453.5594,7408,-2164,-27.74
2026-09-09T12:00:53.559,1788935453.5594,7409,3544,45.44
2026-09-09T12:00:53.573,1788935453.5739,7410,-2744,-35.18
2026-09-09T12:00:53.573,1788935453.5739,7411,204,2.62
2026-09-09T12:00:53.607,1788935453.6078,7412,-3124,-40.05
2026-09-09T12:00:53.610,1788935453.6105,7413,724,9.28
2026-09-09T12:00:53.617,1788935453.6175,7414,-3424,-43.9
2026-09-09T12:00:53.629,1788935453.6295,7415,1328,17.03
2026-09-09T12:00:53.636,1788935453.6365,7416,-3592,-46.05
2026-09-09T12:00:53.652,1788935453.6522,7417,1976,25.33
2026-09-09T12:00:53.652,1788935453.6522,7418,-3700,-47.44
2026-09-09T12:00:53.652,1788935453.6522,7419,2536,32.51
2026-09-09T12:00:53.673,1788935453.6739,7420,-3716,-47.64
2026-09-09T12:00:53.683,1788935453.6838,7421,2960,37.95
2026-09-09T12:00:53.694,1788935453.6942,7422,-548,-7.03
2026-09-09T12:00:53.705,1788935453.7058,7423,3260,41.79
2026-09-09T12:00:53.731,1788935453.7315,7424,-1128,-14.46
2026-09-09T12:00:53.732,1788935453.7321,7425,3444,44.15
2026-09-09T12:00:53.734,1788935453.7341,7426,-1816,-23.28
2026-09-09T12:00:53.747,1788935453.7476,7427,3584,45.95
2026-09-09T12:00:53.747,1788935453.7476,7428,-2424,-31.08
2026-09-09T12:00:53.765,1788935453.7656,7429,3604,46.21
2026-09-09T12:00:53.778,1788935453.7790,7430,-2948,-37.79
2026-09-09T12:00:53.778,1788935453.7790,7431,440,5.64
2026-09-09T12:00:53.795,1788935453.7950,7432,-3292,-42.21
2026-09-09T12:00:53.810,1788935453.8108,7433,996,12.77
2026-09-09T12:00:53.810,1788935453.8108,7434,-3504,-44.92
2026-09-09T12:00:53.824,1788935453.8243,7435,1636,20.97
2026-09-09T12:00:53.835,1788935453.8358,7436,-3624,-46.46
2026-09-09T12:00:53.845,1788935453.8459,7437,2272,29.13
2026-09-09T12:00:53.861,1788935453.8617,7438,-3656,-46.87
2026-09-09T12:00:53.861,1788935453.8617,7439,2748,35.23
2026-09-09T12:00:53.873,1788935453.8736,7440,-3612,-46.31
2026-09-09T12:00:53.891,1788935453.8917,7441,3112,39.9
2026-09-09T12:00:53.895,1788935453.8951,7442,-764,-9.79
2026-09-09T12:00:53.905,1788935453.9054,7443,3340,42.82
2026-09-09T12:00:53.913,1788935453.9140,7444,-1404,-18.0
2026-09-09T12:00:53.929,1788935453.9298,7445,3500,44.87
2026-09-09T12:00:53.937,1788935453.9372,7446,-2084,-26.72
2026-09-09T12:00:53.944,1788935453.9447,7447,3544,45.44
2026-09-09T12:00:53.954,1788935453.9547,7448,-2656,-34.05
2026-09-09T12:00:53.974,1788935453.9740,7449,3568,45.74
2026-09-09T12:00:53.984,1788935453.9842,7450,-3096,-39.69
2026-09-09T12:00:53.987,1788935453.9876,7451,664,8.51
2026-09-09T12:00:54.002,1788935454.0025,7452,-3364,-43.13
2026-09-09T12:00:54.010,1788935454.0106,7453,1280,16.41
2026-09-09T12:00:54.020,1788935454.0202,7454,-3564,-45.69
2026-09-09T12:00:54.020,1788935454.0202,7455,1936,24.82
2026-09-09T12:00:54.033,1788935454.0339,7456,-3636,-46.62
2026-09-09T12:00:54.047,1788935454.0477,7457,2488,31.9
2026-09-09T12:00:54.053,1788935454.0537,7458,-3668,-47.03
2026-09-09T12:00:54.067,1788935454.0672,7459,2928,37.54
2026-09-09T12:00:54.075,1788935454.0754,7460,-3616,-46.36
2026-09-09T12:00:54.085,1788935454.0852,7461,3204,41.08
2026-09-09T12:00:54.099,1788935454.0992,7462,-1072,-13.74
2026-09-09T12:00:54.099,1788935454.0992,7463,3412,43.74
2026-09-09T12:00:54.115,1788935454.1151,7464,-1748,-22.41
2026-09-09T12:00:54.126,1788935454.1268,7465,3556,45.59
2026-09-09T12:00:54.133,1788935454.1339,7466,-2416,-30.97
2026-09-09T12:00:54.144,1788935454.1445,7467,3592,46.05
2026-09-09T12:00:54.160,1788935454.1603,7468,-2920,-37.44
2026-09-09T12:00:54.166,1788935454.1667,7469,3576,45.85
2026-09-09T12:00:54.174,1788935454.1744,7470,-3284,-42.1
2026-09-09T12:00:54.190,1788935454.1900,7471,940,12.05
2026-09-09T12:00:54.195,1788935454.1957,7472,-3500,-44.87
2026-09-09T12:00:54.204,1788935454.2049,7473,1576,20.21
2026-09-09T12:00:54.214,1788935454.2140,7474,-3640,-46.67
2026-09-09T12:00:54.229,1788935454.2298,7475,2204,28.26
2026-09-09T12:00:54.237,1788935454.2375,7476,-3688,-47.28
2026-09-09T12:00:54.242,1788935454.2423,7477,2732,35.03
2026-09-09T12:00:54.253,1788935454.2534,7478,-3684,-47.23
2026-09-09T12:00:54.264,1788935454.2644,7479,3080,39.49
2026-09-09T12:00:54.269,1788935454.2691,7480,-3640,-46.67
2026-09-09T12:00:54.285,1788935454.2851,7481,3320,42.56
2026-09-09T12:00:54.285,1788935454.2851,7482,-1420,-18.21
2026-09-09T12:00:54.304,1788935454.3048,7483,3480,44.62
2026-09-09T12:00:54.316,1788935454.3167,7484,-2104,-26.97
2026-09-09T12:00:54.324,1788935454.3248,7485,3576,45.85
2026-09-09T12:00:54.334,1788935454.3348,7486,-2708,-34.72
2026-09-09T12:00:54.354,1788935454.3549,7487,3592,46.05
2026-09-09T12:00:54.368,1788935454.3690,7488,-3152,-40.41
2026-09-09T12:00:54.368,1788935454.3690,7489,3540,45.38
2026-09-09T12:00:54.377,1788935454.3770,7490,-3432,-44.0
2026-09-09T12:00:54.384,1788935454.3844,7491,1232,15.79
2026-09-09T12:00:54.406,1788935454.4066,7492,-3624,-46.46
2026-09-09T12:00:54.407,1788935454.4072,7493,1908,24.46
2026-09-09T12:00:54.413,1788935454.4137,7494,-3740,-47.95
2026-09-09T12:00:54.427,1788935454.4277,7495,2476,31.74
2026-09-09T12:00:54.433,1788935454.4337,7496,-3748,-48.05
2026-09-09T12:00:54.443,1788935454.4437,7497,2940,37.69
2026-09-09T12:00:54.443,1788935454.4437,7498,-3696,-47.38
2026-09-09T12:00:54.459,1788935454.4595,7499,3236,41.49
2026-09-09T12:00:54.479,1788935454.4796,7500,-3584,-45.95
2026-09-09T12:00:54.490,1788935454.4910,7501,3420,43.85
2026-09-09T12:00:54.495,1788935454.4950,7502,-1744,-22.36
2026-09-09T12:00:54.509,1788935454.5095,7503,3544,45.44
2026-09-09T12:00:54.516,1788935454.5164,7504,-2404,-30.82
2026-09-09T12:00:54.529,1788935454.5296,7505,3580,45.9
2026-09-09T12:00:54.529,1788935454.5296,7506,-2912,-37.33
2026-09-09T12:00:54.543,1788935454.5437,7507,3564,45.69
2026-09-09T12:00:54.554,1788935454.5541,7508,-3276,-42.0
2026-09-09T12:00:54.571,1788935454.5720,7509,3456,44.31
2026-09-09T12:00:54.571,1788935454.5720,7510,-3496,-44.82
2026-09-09T12:00:54.585,1788935454.5860,7511,1504,19.28
2026-09-09T12:00:54.585,1788935454.5860,7512,-3632,-46.56
2026-09-09T12:00:54.610,1788935454.6100,7513,2140,27.44
2026-09-09T12:00:54.617,1788935454.6177,7514,-3688,-47.28
2026-09-09T12:00:54.623,1788935454.6233,7515,2652,34.0
2026-09-09T12:00:54.633,1788935454.6336,7516,-3656,-46.87
2026-09-09T12:00:54.649,1788935454.6493,7517,3004,38.51
2026-09-09T12:00:54.649,1788935454.6493,7518,-3556,-45.59
2026-09-09T12:00:54.665,1788935454.6654,7519,3248,41.64
2026-09-09T12:00:54.673,1788935454.6739,7520,-3396,-43.54
2026-09-09T12:00:54.681,1788935454.6815,7521,3376,43.28
2026-09-09T12:00:54.697,1788935454.6972,7522,-2040,-26.15
2026-09-09T12:00:54.697,1788935454.6972,7523,3468,44.46
2026-09-09T12:00:54.713,1788935454.7131,7524,-2592,-33.23
2026-09-09T12:00:54.729,1788935454.7296,7525,3460,44.36
2026-09-09T12:00:54.744,1788935454.7449,7526,-3032,-38.87
2026-09-09T12:00:54.748,1788935454.7483,7527,3380,43.33
2026-09-09T12:00:54.753,1788935454.7538,7528,-3304,-42.36
2026-09-09T12:00:54.760,1788935454.7606,7529,3280,42.05
2026-09-09T12:00:54.778,1788935454.7789,7530,-3460,-44.36
2026-09-09T12:00:54.778,1788935454.7789,7531,1772,22.72
2026-09-09T12:00:54.797,1788935454.7976,7532,-3580,-45.9
2026-09-09T12:00:54.807,1788935454.8079,7533,2336,29.95
2026-09-09T12:00:54.823,1788935454.8236,7534,-3592,-46.05
2026-09-09T12:00:54.823,1788935454.8236,7535,2764,35.44
2026-09-09T12:00:54.830,1788935454.8308,7536,-3524,-45.18
2026-09-09T12:00:54.839,1788935454.8395,7537,3048,39.08
2026-09-09T12:00:54.855,1788935454.8552,7538,-3436,-44.05
2026-09-09T12:00:54.855,1788935454.8552,7539,3248,41.64
2026-09-09T12:00:54.874,1788935454.8749,7540,-3244,-41.59
2026-09-09T12:00:54.886,1788935454.8867,7541,3352,42.97
2026-09-09T12:00:54.902,1788935454.9027,7542,-2296,-29.44
2026-09-09T12:00:54.902,1788935454.9027,7543,3416,43.79
2026-09-09T12:00:54.918,1788935454.9185,7544,-2788,-35.74
2026-09-09T12:00:54.924,1788935454.9248,7545,3412,43.74
2026-09-09T12:00:54.934,1788935454.9346,7546,-3144,-40.31
2026-09-09T12:00:54.943,1788935454.9431,7547,3328,42.67
2026-09-09T12:00:54.950,1788935454.9505,7548,-3364,-43.13
2026-09-09T12:00:54.950,1788935454.9505,7549,3164,40.56
2026-09-09T12:00:54.982,1788935454.9824,7550,-3508,-44.97
2026-09-09T12:00:54.982,1788935454.9824,7551,2048,26.26
2026-09-09T12:00:54.998,1788935454.9984,7552,-3540,-45.38
2026-09-09T12:00:55.003,1788935455.0036,7553,2536,32.51
2026-09-09T12:00:55.013,1788935455.0139,7554,-3544,-45.44
2026-09-09T12:00:55.029,1788935455.0296,7555,2888,37.03
2026-09-09T12:00:55.035,1788935455.0351,7556,-3452,-44.26
2026-09-09T12:00:55.045,1788935455.0453,7557,3128,40.1
2026-09-09T12:00:55.053,1788935455.0538,7558,-3344,-42.87
2026-09-09T12:00:55.060,1788935455.0609,7559,3276,42.0
2026-09-09T12:00:55.075,1788935455.0751,7560,-3092,-39.64
2026-09-09T12:00:55.084,1788935455.0849,7561,3352,42.97
2026-09-09T12:00:55.100,1788935455.1008,7562,-2508,-32.15
2026-09-09T12:00:55.108,1788935455.1086,7563,3372,43.23
2026-09-09T12:00:55.117,1788935455.1170,7564,-2956,-37.9
2026-09-09T12:00:55.124,1788935455.1242,7565,3324,42.62
2026-09-09T12:00:55.146,1788935455.1470,7566,-3240,-41.54
2026-09-09T12:00:55.146,1788935455.1470,7567,3216,41.23
2026-09-09T12:00:55.155,1788935455.1556,7568,-3408,-43.69
2026-09-09T12:00:55.164,1788935455.1641,7569,3020,38.72
2026-09-09T12:00:55.171,1788935455.1713,7570,-3504,-44.92
2026-09-09T12:00:55.195,1788935455.1952,7571,2256,28.92
2026-09-09T12:00:55.200,1788935455.2008,7572,-3508,-44.97
2026-09-09T12:00:55.205,1788935455.2052,7573,2676,34.31
2026-09-09T12:00:55.215,1788935455.2152,7574,-3480,-44.62
2026-09-09T12:00:55.225,1788935455.2250,7575,2992,38.36
2026-09-09T12:00:55.247,1788935455.2475,7576,-3380,-43.33
2026-09-09T12:00:55.250,1788935455.2508,7577,3180,40.77
2026-09-09T12:00:55.260,1788935455.2603,7578,-3180,-40.77
2026-09-09T12:00:55.269,1788935455.2699,7579,3332,42.72
2026-09-09T12:00:55.273,1788935455.2737,7580,-2212,-28.36
2026-09-09T12:00:55.282,1788935455.2823,7581,3372,43.23
2026-09-09T12:00:55.296,1788935455.2968,7582,-2732,-35.03
2026-09-09T12:00:55.304,1788935455.3043,7583,3372,43.23
2026-09-09T12:00:55.314,1788935455.3140,7584,-3076,-39.44
2026-09-09T12:00:55.329,1788935455.3296,7585,3328,42.67
2026-09-09T12:00:55.336,1788935455.3366,7586,-3332,-42.72
2026-09-09T12:00:55.345,1788935455.3451,7587,3180,40.77
2026-09-09T12:00:55.355,1788935455.3552,7588,-3488,-44.72
2026-09-09T12:00:55.364,1788935455.3650,7589,2972,38.1
2026-09-09T12:00:55.376,1788935455.3767,7590,-3572,-45.79
2026-09-09T12:00:55.387,1788935455.3873,7591,2568,32.92
2026-09-09T12:00:55.392,1788935455.3923,7592,-3608,-46.26
2026-09-09T12:00:55.411,1788935455.4116,7593,2956,37.9
2026-09-09T12:00:55.423,1788935455.4239,7594,-3556,-45.59
2026-09-09T12:00:55.423,1788935455.4239,7595,3228,41.38
2026-09-09T12:00:55.433,1788935455.4332,7596,-3444,-44.15
2026-09-09T12:00:55.439,1788935455.4396,7597,3408,43.69
2026-09-09T12:00:55.455,1788935455.4553,7598,-3224,-41.33
2026-09-09T12:00:55.464,1788935455.4649,7599,3484,44.67
2026-09-09T12:00:55.474,1788935455.4750,7600,-2616,-33.54
2026-09-09T12:00:55.485,1788935455.4850,7601,3520,45.13
2026-09-09T12:00:55.502,1788935455.5026,7602,-3076,-39.44
2026-09-09T12:00:55.502,1788935455.5026,7603,3476,44.56
2026-09-09T12:00:55.515,1788935455.5156,7604,-3416,-43.79
2026-09-09T12:00:55.524,1788935455.5244,7605,3368,43.18
2026-09-09T12:00:55.539,1788935455.5392,7606,-3592,-46.05
2026-09-09T12:00:55.550,1788935455.5503,7607,3164,40.56
2026-09-09T12:00:55.556,1788935455.5569,7608,-3696,-47.38
2026-09-09T12:00:55.566,1788935455.5666,7609,2888,37.03
2026-09-09T12:00:55.573,1788935455.5736,7610,-3736,-47.9
2026-09-09T12:00:55.588,1788935455.5887,7611,2788,35.74
2026-09-09T12:00:55.597,1788935455.5974,7612,-3716,-47.64
2026-09-09T12:00:55.605,1788935455.6051,7613,3120,40.0
2026-09-09T12:00:55.615,1788935455.6151,7614,-3584,-45.95
2026-09-09T12:00:55.631,1788935455.6315,7615,3336,42.77
2026-09-09T12:00:55.631,1788935455.6315,7616,-3384,-43.38
2026-09-09T12:00:55.645,1788935455.6451,7617,3460,44.36
2026-09-09T12:00:55.653,1788935455.6538,7618,-3108,-39.85
2026-09-09T12:00:55.660,1788935455.6608,7619,3532,45.28
2026-09-09T12:00:55.678,1788935455.6780,7620,-2880,-36.92
2026-09-09T12:00:55.687,1788935455.6877,7621,3524,45.18
2026-09-09T12:00:55.691,1788935455.6918,7622,-3276,-42.0
2026-09-09T12:00:55.707,1788935455.7077,7623,3452,44.26
2026-09-09T12:00:55.720,1788935455.7208,7624,-3508,-44.97
2026-09-09T12:00:55.724,1788935455.7247,7625,3312,42.46
2026-09-09T12:00:55.731,1788935455.7317,7626,-3676,-47.13
2026-09-09T12:00:55.739,1788935455.7393,7627,3092,39.64
2026-09-09T12:00:55.755,1788935455.7553,7628,-3740,-47.95
2026-09-09T12:00:55.755,1788935455.7553,7629,2792,35.79
2026-09-09T12:00:55.773,1788935455.7731,7630,-3720,-47.69
2026-09-09T12:00:55.786,1788935455.7867,7631,3040,38.97
2026-09-09T12:00:55.788,1788935455.7885,7632,-3648,-46.77
2026-09-09T12:00:55.808,1788935455.8086,7633,3292,42.21
2026-09-09T12:00:55.818,1788935455.8182,7634,-3524,-45.18
2026-09-09T12:00:55.824,1788935455.8243,7635,3464,44.41
2026-09-09T12:00:55.834,1788935455.8343,7636,-3256,-41.74
2026-09-09T12:00:55.850,1788935455.8500,7637,3544,45.44
2026-09-09T12:00:55.850,1788935455.8500,7638,-2944,-37.74
2026-09-09T12:00:55.866,1788935455.8660,7639,3584,45.95
2026-09-09T12:00:55.882,1788935455.8820,7640,-3088,-39.59
2026-09-09T12:00:55.882,1788935455.8820,7641,3544,45.44
2026-09-09T12:00:55.897,1788935455.8977,7642,-3424,-43.9
2026-09-09T12:00:55.897,1788935455.8977,7643,3456,44.31
2026-09-09T12:00:55.913,1788935455.9134,7644,-3644,-46.72
2026-09-09T12:00:55.932,1788935455.9321,7645,3300,42.31
2026-09-09T12:00:55.932,1788935455.9321,7646,-3812,-48.87
2026-09-09T12:00:55.945,1788935455.9452,7647,3084,39.54
2026-09-09T12:00:55.945,1788935455.9452,7648,-3884,-49.79
2026-09-09T12:00:55.965,1788935455.9652,7649,2792,35.79
2026-09-09T12:00:55.977,1788935455.9772,7650,-3888,-49.85
2026-09-09T12:00:55.985,1788935455.9856,7651,3284,42.1
2026-09-09T12:00:55.994,1788935455.9950,7652,-3776,-48.41
2026-09-09T12:00:56.010,1788935456.0108,7653,3536,45.33
2026-09-09T12:00:56.010,1788935456.0108,7654,-3584,-45.95
2026-09-09T12:00:56.024,1788935456.0245,7655,3660,46.92
2026-09-09T12:00:56.040,1788935456.0402,7656,-3316,-42.51
2026-09-09T12:00:56.047,1788935456.0480,7657,3740,47.95
2026-09-09T12:00:56.062,1788935456.0620,7658,-2980,-38.21
2026-09-09T12:00:56.062,1788935456.0620,7659,3732,47.85
2026-09-09T12:00:56.071,1788935456.0717,7660,-3380,-43.33
2026-09-09T12:00:56.087,1788935456.0873,7661,3668,47.03
2026-09-09T12:00:56.095,1788935456.0952,7662,-3660,-46.92
2026-09-09T12:00:56.103,1788935456.1031,7663,3536,45.33
2026-09-09T12:00:56.116,1788935456.1163,7664,-3852,-49.38
2026-09-09T12:00:56.124,1788935456.1243,7665,3308,42.41
2026-09-09T12:00:56.142,1788935456.1422,7666,-3952,-50.67
2026-09-09T12:00:56.149,1788935456.1499,7667,3036,38.92
2026-09-09T12:00:56.160,1788935456.1602,7668,-3968,-50.87
2026-09-09T12:00:56.165,1788935456.1659,7669,2728,34.97
2026-09-09T12:00:56.165,1788935456.1659,7670,-3912,-50.15
2026-09-09T12:00:56.181,1788935456.1817,7671,3440,44.1
2026-09-09T12:00:56.197,1788935456.1974,7672,-3740,-47.95
2026-09-09T12:00:56.197,1788935456.1974,7673,3604,46.21
2026-09-09T12:00:56.213,1788935456.2132,7674,-3532,-45.28
2026-09-09T12:00:56.213,1788935456.2132,7675,3692,47.33
2026-09-09T12:00:56.236,1788935456.2366,7676,-3220,-41.28
2026-09-09T12:00:56.244,1788935456.2450,7677,3724,47.74
2026-09-09T12:00:56.255,1788935456.2550,7678,-2884,-36.97
2026-09-09T12:00:56.276,1788935456.2764,7679,3668,47.03
2026-09-09T12:00:56.276,1788935456.2764,7680,-3508,-44.97
2026-09-09T12:00:56.288,1788935456.2881,7681,3540,45.38
2026-09-09T12:00:56.296,1788935456.2961,7682,-3716,-47.64
2026-09-09T12:00:56.309,1788935456.3099,7683,3344,42.87
2026-09-09T12:00:56.323,1788935456.3236,7684,-3832,-49.13
2026-09-09T12:00:56.327,1788935456.3271,7685,3052,39.13
2026-09-09T12:00:56.332,1788935456.3328,7686,-3844,-49.28
2026-09-09T12:00:56.343,1788935456.3434,7687,2756,35.33
2026-09-09T12:00:56.355,1788935456.3551,7688,-3764,-48.26
2026-09-09T12:00:56.363,1788935456.3634,7689,2428,31.13
2026-09-09T12:00:56.375,1788935456.3754,7690,-3612,-46.31
2026-09-09T12:00:56.386,1788935456.3865,7691,3372,43.23
2026-09-09T12:00:56.402,1788935456.4023,7692,-3380,-43.33
2026-09-09T12:00:56.415,1788935456.4159,7693,3452,44.26
2026-09-09T12:00:56.418,1788935456.4184,7694,-3064,-39.28
2026-09-09T12:00:56.418,1788935456.4184,7695,3436,44.05
2026-09-09T12:00:56.438,1788935456.4386,7696,-2664,-34.15
2026-09-09T12:00:56.450,1788935456.4500,7697,3244,41.59
2026-09-09T12:00:56.450,1788935456.4500,7698,-2268,-29.08
2026-09-09T12:00:56.465,1788935456.4657,7699,3072,39.38
2026-09-09T12:00:56.465,1788935456.4657,7700,-3312,-42.46
2026-09-09T12:00:56.485,1788935456.4850,7701,2860,36.67
2026-09-09T12:00:56.497,1788935456.4971,7702,-3304,-42.36
2026-09-09T12:00:56.506,1788935456.5061,7703,2604,33.38
2026-09-09T12:00:56.515,1788935456.5151,7704,-3276,-42.0
2026-09-09T12:00:56.536,1788935456.5362,7705,2288,29.33
2026-09-09T12:00:56.544,1788935456.5449,7706,-3212,-41.18
2026-09-09T12:00:56.544,1788935456.5449,7707,1984,25.44
2026-09-09T12:00:56.559,1788935456.5594,7708,-3096,-39.69
2026-09-09T12:00:56.569,1788935456.5691,7709,1692,21.69
2026-09-09T12:00:56.582,1788935456.5828,7710,-2896,-37.13
2026-09-09T12:00:56.582,1788935456.5828,7711,2996,38.41
2026-09-09T12:00:56.594,1788935456.5944,7712,-2656,-34.05
2026-09-09T12:00:56.608,1788935456.6084,7713,3004,38.51
2026-09-09T12:00:56.613,1788935456.6133,7714,-2388,-30.62
2026-09-09T12:00:56.624,1788935456.6243,7715,2992,38.36
2026-09-09T12:00:56.635,1788935456.6354,7716,-2080,-26.67
2026-09-09T12:00:56.645,1788935456.6453,7717,2916,37.38
2026-09-09T12:00:56.663,1788935456.6634,7718,-1792,-22.97
2026-09-09T12:00:56.671,1788935456.6713,7719,2808,36.0
2026-09-09T12:00:56.675,1788935456.6753,7720,-3224,-41.33
2026-09-09T12:00:56.687,1788935456.6871,7721,2632,33.74
2026-09-09T12:00:56.698,1788935456.6982,7722,-3304,-42.36
2026-09-09T12:00:56.702,1788935456.7029,7723,2412,30.92
2026-09-09T12:00:56.714,1788935456.7147,7724,-3316,-42.51
2026-09-09T12:00:56.723,1788935456.7238,7725,2152,27.59
2026-09-09T12:00:56.735,1788935456.7351,7726,-3280,-42.05
2026-09-09T12:00:56.744,1788935456.7442,7727,1916,24.56
2026-09-09T12:00:56.754,1788935456.7546,7728,-3168,-40.62
2026-09-09T12:00:56.766,1788935456.7661,7729,3092,39.64
2026-09-09T12:00:56.776,1788935456.7765,7730,-3028,-38.82
2026-09-09T12:00:56.782,1788935456.7822,7731,3204,41.08
2026-09-09T12:00:56.799,1788935456.7996,7732,-2792,-35.79
2026-09-09T12:00:56.804,1788935456.8042,7733,3272,41.95
2026-09-09T12:00:56.814,1788935456.8142,7734,-2532,-32.46
2026-09-09T12:00:56.825,1788935456.8259,7735,3268,41.9
2026-09-09T12:00:56.833,1788935456.8338,7736,-2260,-28.97
2026-09-09T12:00:56.845,1788935456.8459,7737,3236,41.49
2026-09-09T12:00:56.854,1788935456.8542,7738,-1976,-25.33
2026-09-09T12:00:56.863,1788935456.8633,7739,3104,39.79
2026-09-09T12:00:56.877,1788935456.8771,7740,-3484,-44.67
2026-09-09T12:00:56.885,1788935456.8851,7741,2884,36.97
2026-09-09T12:00:56.894,1788935456.8949,7742,-3544,-45.44
2026-09-09T12:00:56.904,1788935456.9050,7743,2612,33.49
2026-09-09T12:00:56.918,1788935456.9188,7744,-3560,-45.64
2026-09-09T12:00:56.924,1788935456.9245,7745,2328,29.85
2026-09-09T12:00:56.940,1788935456.9401,7746,-3492,-44.77
2026-09-09T12:00:56.944,1788935456.9441,7747,2048,26.26
2026-09-09T12:00:56.965,1788935456.9659,7748,-3336,-42.77
2026-09-09T12:00:56.971,1788935456.9719,7749,3324,42.62
2026-09-09T12:00:56.971,1788935456.9719,7750,-3128,-40.1
2026-09-09T12:00:56.987,1788935456.9875,7751,3400,43.59
2026-09-09T12:00:56.987,1788935456.9875,7752,-2824,-36.21
2026-09-09T12:00:57.007,1788935457.0072,7753,3444,44.15
2026-09-09T12:00:57.015,1788935457.0158,7754,-2540,-32.56
2026-09-09T12:00:57.025,1788935457.0253,7755,3420,43.85
2026-09-09T12:00:57.043,1788935457.0434,7756,-2248,-28.82
2026-09-09T12:00:57.051,1788935457.0513,7757,3340,42.82
2026-09-09T12:00:57.056,1788935457.0569,7758,-1960,-25.13
2026-09-09T12:00:57.067,1788935457.0673,7759,3172,40.67
2026-09-09T12:00:57.073,1788935457.0732,7760,-3608,-46.26
2026-09-09T12:00:57.084,1788935457.0846,7761,2948,37.79
2026-09-09T12:00:57.098,1788935457.0983,7762,-3680,-47.18
2026-09-09T12:00:57.103,1788935457.1033,7763,2648,33.95
2026-09-09T12:00:57.117,1788935457.1176,7764,-3676,-47.13
2026-09-09T12:00:57.124,1788935457.1243,7765,2376,30.46
2026-09-09T12:00:57.139,1788935457.1391,7766,-3592,-46.05
2026-09-09T12:00:57.145,1788935457.1457,7767,2084,26.72
2026-09-09T12:00:57.145,1788935457.1457,7768,-3440,-44.1
2026-09-09T12:00:57.177,1788935457.1777,7769,3468,44.46
2026-09-09T12:00:57.186,1788935457.1862,7770,-3180,-40.77
2026-09-09T12:00:57.186,1788935457.1862,7771,3528,45.23
2026-09-09T12:00:57.198,1788935457.1986,7772,-2884,-36.97
2026-09-09T12:00:57.207,1788935457.2077,7773,3560,45.64
2026-09-09T12:00:57.220,1788935457.2201,7774,-2592,-33.23
2026-09-09T12:00:57.225,1788935457.2251,7775,3496,44.82
2026-09-09T12:00:57.233,1788935457.2339,7776,-2276,-29.18
2026-09-09T12:00:57.244,1788935457.2448,7777,3348,42.92
2026-09-09T12:00:57.256,1788935457.2568,7778,-1972,-25.28
2026-09-09T12:00:57.264,1788935457.2649,7779,3136,40.21
2026-09-09T12:00:57.272,1788935457.2730,7780,-3720,-47.69
2026-09-09T12:00:57.272,1788935457.2730,7781,2864,36.72
2026-09-09T12:00:57.304,1788935457.3043,7782,-3748,-48.05
2026-09-09T12:00:57.304,1788935457.3043,7783,2560,32.82
2026-09-09T12:00:57.304,1788935457.3043,7784,-3684,-47.23
2026-09-09T12:00:57.319,1788935457.3200,7785,2288,29.33
2026-09-09T12:00:57.335,1788935457.3358,7786,-3556,-45.59
2026-09-09T12:00:57.351,1788935457.3516,7787,2008,25.74
2026-09-09T12:00:57.351,1788935457.3516,7788,-3336,-42.77
2026-09-09T12:00:57.367,1788935457.3673,7789,3524,45.18
2026-09-09T12:00:57.367,1788935457.3673,7790,-3052,-39.13
2026-09-09T12:00:57.383,1788935457.3832,7791,3564,45.69
2026-09-09T12:00:57.396,1788935457.3963,7792,-2760,-35.38
2026-09-09T12:00:57.405,1788935457.4053,7793,3532,45.28
2026-09-09T12:00:57.415,1788935457.4151,7794,-2440,-31.28
2026-09-09T12:00:57.431,1788935457.4311,7795,3444,44.15
2026-09-09T12:00:57.434,1788935457.4341,7796,-2112,-27.08
2026-09-09T12:00:57.447,1788935457.4470,7797,3276,42.0
2026-09-09T12:00:57.461,1788935457.4615,7798,-1824,-23.38
2026-09-09T12:00:57.462,1788935457.4630,7799,3040,38.97
2026-09-09T12:00:57.462,1788935457.4630,7800,-3760,-48.21
2026-09-09T12:00:57.478,1788935457.4787,7801,2732,35.03
2026-09-09T12:00:57.494,1788935457.4948,7802,-3744,-48.0
2026-09-09T12:00:57.494,1788935457.4948,7803,2420,31.03
2026-09-09T12:00:57.510,1788935457.5106,7804,-3648,-46.77
2026-09-09T12:00:57.525,1788935457.5256,7805,2160,27.69
2026-09-09T12:00:57.534,1788935457.5341,7806,-3500,-44.87
2026-09-09T12:00:57.542,1788935457.5426,7807,1876,24.05
2026-09-09T12:00:57.558,1788935457.5583,7808,-3256,-41.74
2026-09-09T12:00:57.568,1788935457.5686,7809,3624,46.46
2026-09-09T12:00:57.577,1788935457.5774,7810,-2948,-37.79
2026-09-09T12:00:57.584,1788935457.5844,7811,3680,47.18
2026-09-09T12:00:57.591,1788935457.5913,7812,-2620,-33.59
2026-09-09T12:00:57.606,1788935457.6063,7813,3592,46.05
2026-09-09T12:00:57.606,1788935457.6063,7814,-2316,-29.69
2026-09-09T12:00:57.627,1788935457.6270,7815,3460,44.36
2026-09-09T12:00:57.638,1788935457.6381,7816,-1984,-25.44
2026-09-09T12:00:57.638,1788935457.6381,7817,3232,41.44
2026-09-09T12:00:57.654,1788935457.6542,7818,-1664,-21.33
2026-09-09T12:00:57.670,1788935457.6703,7819,2948,37.79
2026-09-09T12:00:57.670,1788935457.6703,7820,-3816,-48.92
2026-09-09T12:00:57.686,1788935457.6861,7821,2640,33.85
2026-09-09T12:00:57.686,1788935457.6861,7822,-3776,-48.41
2026-09-09T12:00:57.702,1788935457.7022,7823,2356,30.21
2026-09-09T12:00:57.721,1788935457.7217,7824,-3648,-46.77
2026-09-09T12:00:57.723,1788935457.7237,7825,2052,26.31
2026-09-09T12:00:57.734,1788935457.7346,7826,-3388,-43.44
2026-09-09T12:00:57.749,1788935457.7494,7827,1732,22.21
2026-09-09T12:00:57.749,1788935457.7494,7828,-3124,-40.05
2026-09-09T12:00:57.765,1788935457.7654,7829,3700,47.44
2026-09-09T12:00:57.765,1788935457.7654,7830,-2812,-36.05
2026-09-09T12:00:57.781,1788935457.7815,7831,3672,47.08
2026-09-09T12:00:57.800,1788935457.8003,7832,-2456,-31.49
2026-09-09T12:00:57.800,1788935457.8003,7833,3556,45.59
2026-09-09T12:00:57.813,1788935457.8136,7834,-2176,-27.9
2026-09-09T12:00:57.829,1788935457.8293,7835,3396,43.54
2026-09-09T12:00:57.845,1788935457.8453,7836,-1856,-23.79
2026-09-09T12:00:57.845,1788935457.8453,7837,3132,40.15
2026-09-09T12:00:57.845,1788935457.8453,7838,-1532,-19.64
2026-09-09T12:00:57.861,1788935457.8614,7839,2840,36.41
2026-09-09T12:00:57.877,1788935457.8772,7840,-3856,-49.44
2026-09-09T12:00:57.877,1788935457.8772,7841,2516,32.26
2026-09-09T12:00:57.893,1788935457.8930,7842,-3768,-48.31
2026-09-09T12:00:57.893,1788935457.8930,7843,2240,28.72
2026-09-09T12:00:57.924,1788935457.9250,7844,-3580,-45.9
2026-09-09T12:00:57.935,1788935457.9352,7845,1928,24.72
2026-09-09T12:00:57.935,1788935457.9352,7846,-3304,-42.36
2026-09-09T12:00:57.940,1788935457.9409,7847,1656,21.23
2026-09-09T12:00:57.969,1788935457.9695,7848,-2972,-38.1
2026-09-09T12:00:57.972,1788935457.9724,7849,3732,47.85
2026-09-09T12:00:57.972,1788935457.9724,7850,-2640,-33.85
2026-09-09T12:00:57.972,1788935457.9724,7851,3664,46.97
2026-09-09T12:00:57.988,1788935457.9882,7852,-2304,-29.54
2026-09-09T12:00:58.004,1788935458.0043,7853,3524,45.18
2026-09-09T12:00:58.004,1788935458.0043,7854,-1992,-25.54
2026-09-09T12:00:58.020,1788935458.0201,7855,3276,42.0
2026-09-09T12:00:58.035,1788935458.0353,7856,-1696,-21.74
2026-09-09T12:00:58.050,1788935458.0510,7857,2980,38.21
2026-09-09T12:00:58.050,1788935458.0510,7858,-1368,-17.54
2026-09-09T12:00:58.066,1788935458.0668,7859,2672,34.26
2026-09-09T12:00:58.066,1788935458.0668,7860,-3824,-49.03
2026-09-09T12:00:58.083,1788935458.0831,7861,2368,30.36
2026-09-09T12:00:58.099,1788935458.0991,7862,-3700,-47.44
2026-09-09T12:00:58.099,1788935458.0991,7863,2052,26.31
2026-09-09T12:00:58.115,1788935458.1151,7864,-3444,-44.15
2026-09-09T12:00:58.115,1788935458.1151,7865,1764,22.62
2026-09-09T12:00:58.136,1788935458.1366,7866,-3160,-40.51
2026-09-09T12:00:58.146,1788935458.1463,7867,1468,18.82
2026-09-09T12:00:58.156,1788935458.1563,7868,-2800,-35.9
2026-09-09T12:00:58.168,1788935458.1681,7869,3736,47.9
2026-09-09T12:00:58.178,1788935458.1782,7870,-2468,-31.64
2026-09-09T12:00:58.184,1788935458.1842,7871,3604,46.21
2026-09-09T12:00:58.194,1788935458.1941,7872,-2164,-27.74
2026-09-09T12:00:58.194,1788935458.1941,7873,3416,43.79
2026-09-09T12:00:58.209,1788935458.2099,7874,-1840,-23.59
2026-09-09T12:00:58.225,1788935458.2258,7875,3148,40.36
2026-09-09T12:00:58.236,1788935458.2366,7876,-1516,-19.44
2026-09-09T12:00:58.241,1788935458.2418,7877,2824,36.21
2026-09-09T12:00:58.257,1788935458.2578,7878,-3888,-49.85
2026-09-09T12:00:58.265,1788935458.2658,7879,2504,32.1
2026-09-09T12:00:58.275,1788935458.2756,7880,-3796,-48.67
2026-09-09T12:00:58.293,1788935458.2934,7881,2200,28.21
2026-09-09T12:00:58.293,1788935458.2934,7882,-3604,-46.21
2026-09-09T12:00:58.305,1788935458.3055,7883,1908,24.46
2026-09-09T12:00:58.317,1788935458.3178,7884,-3320,-42.56
2026-09-09T12:00:58.321,1788935458.3212,7885,1564,20.05
2026-09-09T12:00:58.336,1788935458.3367,7886,-3004,-38.51
2026-09-09T12:00:58.336,1788935458.3367,7887,1264,16.21
2026-09-09T12:00:58.357,1788935458.3573,7888,-2672,-34.26
2026-09-09T12:00:58.365,1788935458.3651,7889,3636,46.62
2026-09-09T12:00:58.368,1788935458.3686,7890,-2304,-29.54
2026-09-09T12:00:58.386,1788935458.3863,7891,3484,44.67
2026-09-09T12:00:58.386,1788935458.3863,7892,-1972,-25.28
2026-09-09T12:00:58.399,1788935458.4000,7893,3236,41.49
2026-09-09T12:00:58.422,1788935458.4229,7894,-1660,-21.28
2026-09-09T12:00:58.431,1788935458.4315,7895,2960,37.95
2026-09-09T12:00:58.437,1788935458.4377,7896,-1316,-16.87
2026-09-09T12:00:58.447,1788935458.4474,7897,2668,34.21
2026-09-09T12:00:58.453,1788935458.4534,7898,-3796,-48.67
2026-09-09T12:00:58.473,1788935458.4731,7899,2336,29.95
2026-09-09T12:00:58.478,1788935458.4787,7900,-3656,-46.87
2026-09-09T12:00:58.484,1788935458.4848,7901,2032,26.05
2026-09-09T12:00:58.494,1788935458.4946,7902,-3400,-43.59
2026-09-09T12:00:58.510,1788935458.5103,7903,1716,22.0
2026-09-09T12:00:58.510,1788935458.5103,7904,-3108,-39.85
2026-09-09T12:00:58.526,1788935458.5263,7905,1416,18.15
2026-09-09T12:00:58.536,1788935458.5363,7906,-2780,-35.64
2026-09-09T12:00:58.545,1788935458.5459,7907,1084,13.9
2026-09-09T12:00:58.558,1788935458.5590,7908,-2484,-31.85
2026-09-09T12:00:58.563,1788935458.5640,7909,3504,44.92
2026-09-09T12:00:58.574,1788935458.5745,7910,-2128,-27.28
2026-09-09T12:00:58.590,1788935458.5907,7911,3296,42.26
2026-09-09T12:00:58.604,1788935458.6047,7912,-1808,-23.18
2026-09-09T12:00:58.604,1788935458.6047,7913,3048,39.08
2026-09-09T12:00:58.604,1788935458.6047,7914,-1484,-19.03
2026-09-09T12:00:58.620,1788935458.6207,7915,2732,35.03
2026-09-09T12:00:58.636,1788935458.6365,7916,-1168,-14.97
2026-09-09T12:00:58.643,1788935458.6440,7917,2436,31.23
2026-09-09T12:00:58.652,1788935458.6523,7918,-3756,-48.15
2026-09-09T12:00:58.652,1788935458.6523,7919,2140,27.44
2026-09-09T12:00:58.668,1788935458.6683,7920,-3532,-45.28
2026-09-09T12:00:58.683,1788935458.6839,7921,1856,23.79
2026-09-09T12:00:58.699,1788935458.6997,7922,-3212,-41.18
2026-09-09T12:00:58.703,1788935458.7037,7923,1564,20.05
2026-09-09T12:00:58.721,1788935458.7216,7924,-2860,-36.67
2026-09-09T12:00:58.733,1788935458.7330,7925,1276,16.36
2026-09-09T12:00:58.733,1788935458.7330,7926,-2500,-32.05
2026-09-09T12:00:58.749,1788935458.7496,7927,944,12.1
2026-09-09T12:00:58.758,1788935458.7583,7928,-2184,-28.0
2026-09-09T12:00:58.763,1788935458.7636,7929,3460,44.36
2026-09-09T12:00:58.763,1788935458.7636,7930,-1860,-23.85
2026-09-09T12:00:58.779,1788935458.7797,7931,3196,40.97
2026-09-09T12:00:58.795,1788935458.7954,7932,-1588,-20.36
2026-09-09T12:00:58.795,1788935458.7954,7933,2872,36.82
2026-09-09T12:00:58.813,1788935458.8132,7934,-1284,-16.46
2026-09-09T12:00:58.827,1788935458.8270,7935,2548,32.67
2026-09-09T12:00:58.837,1788935458.8380,7936,-960,-12.31
2026-09-09T12:00:58.842,1788935458.8429,7937,2212,28.36
2026-09-09T12:00:58.842,1788935458.8429,7938,-3672,-47.08
2026-09-09T12:00:58.864,1788935458.8645,7939,1908,24.46
2026-09-09T12:00:58.873,1788935458.8737,7940,-3392,-43.49
2026-09-09T12:00:58.889,1788935458.8895,7941,1620,20.77
2026-09-09T12:00:58.889,1788935458.8895,7942,-3076,-39.44
2026-09-09T12:00:58.905,1788935458.9056,7943,1364,17.49
2026-09-09T12:00:58.905,1788935458.9056,7944,-2708,-34.72
2026-09-09T12:00:58.938,1788935458.9381,7945,1076,13.79
2026-09-09T12:00:58.938,1788935458.9381,7946,-2360,-30.26
2026-09-09T12:00:58.938,1788935458.9381,7947,744,9.54
2026-09-09T12:00:58.953,1788935458.9534,7948,-1980,-25.38
2026-09-09T12:00:58.978,1788935458.9785,7949,3352,42.97
2026-09-09T12:00:58.982,1788935458.9830,7950,-1668,-21.38
2026-09-09T12:00:58.987,1788935458.9874,7951,3088,39.59
2026-09-09T12:00:58.991,1788935458.9914,7952,-1352,-17.33
2026-09-09T12:00:59.007,1788935459.0071,7953,2808,36.0
2026-09-09T12:00:59.018,1788935459.0185,7954,-1024,-13.13
2026-09-09T12:00:59.023,1788935459.0232,7955,2476,31.74
2026-09-09T12:00:59.035,1788935459.0353,7956,-652,-8.36
2026-09-09T12:00:59.044,1788935459.0449,7957,2148,27.54
2026-09-09T12:00:59.056,1788935459.0567,7958,-3444,-44.15
2026-09-09T12:00:59.070,1788935459.0707,7959,1820,23.33
2026-09-09T12:00:59.070,1788935459.0707,7960,-3184,-40.82
2026-09-09T12:00:59.086,1788935459.0868,7961,1496,19.18
2026-09-09T12:00:59.102,1788935459.1027,7962,-2900,-37.18
2026-09-09T12:00:59.102,1788935459.1027,7963,1160,14.87
2026-09-09T12:00:59.118,1788935459.1186,7964,-2576,-33.03
2026-09-09T12:00:59.118,1788935459.1186,7965,804,10.31
2026-09-09T12:00:59.139,1788935459.1397,7966,-2284,-29.28
2026-09-09T12:00:59.139,1788935459.1397,7967,436,5.59
2026-09-09T12:00:59.155,1788935459.1556,7968,-1952,-25.03
2026-09-09T12:00:59.166,1788935459.1661,7969,3096,39.69
2026-09-09T12:00:59.181,1788935459.1819,7970,-1608,-20.62
2026-09-09T12:00:59.181,1788935459.1819,7971,2812,36.05
2026-09-09T12:00:59.197,1788935459.1979,7972,-1268,-16.26
2026-09-09T12:00:59.203,1788935459.2040,7973,2540,32.56
2026-09-09T12:00:59.213,1788935459.2139,7974,-880,-11.28
2026-09-09T12:00:59.229,1788935459.2298,7975,2240,28.72
2026-09-09T12:00:59.229,1788935459.2298,7976,-500,-6.41
2026-09-09T12:00:59.245,1788935459.2456,7977,1972,25.28
2026-09-09T12:00:59.245,1788935459.2456,7978,-3252,-41.69
2026-09-09T12:00:59.261,1788935459.2615,7979,1724,22.1
2026-09-09T12:00:59.277,1788935459.2773,7980,-2940,-37.69
2026-09-09T12:00:59.277,1788935459.2773,7981,1440,18.46
2026-09-09T12:00:59.293,1788935459.2930,7982,-2580,-33.08
2026-09-09T12:00:59.308,1788935459.3087,7983,1128,14.46
2026-09-09T12:00:59.308,1788935459.3087,7984,-2248,-28.82
2026-09-09T12:00:59.324,1788935459.3248,7985,756,9.69
2026-09-09T12:00:59.339,1788935459.3399,7986,-1936,-24.82
2026-09-09T12:00:59.340,1788935459.3409,7987,3352,42.97
2026-09-09T12:00:59.356,1788935459.3570,7988,-1676,-21.49
2026-09-09T12:00:59.363,1788935459.3638,7989,3020,38.72
2026-09-09T12:00:59.372,1788935459.3729,7990,-1404,-18.0
2026-09-09T12:00:59.372,1788935459.3729,7991,2652,34.0
2026-09-09T12:00:59.388,1788935459.3886,7992,-1108,-14.21
2026-09-09T12:00:59.404,1788935459.4047,7993,2332,29.9
2026-09-09T12:00:59.404,1788935459.4047,7994,-796,-10.21
2026-09-09T12:00:59.420,1788935459.4204,7995,1984,25.44
2026-09-09T12:00:59.440,1788935459.4402,7996,-372,-4.77
2026-09-09T12:00:59.440,1788935459.4402,7997,1736,22.26
2026-09-09T12:00:59.457,1788935459.4572,7998,-3240,-41.54
2026-09-09T12:00:59.467,1788935459.4675,7999,1436,18.41
2026-09-09T12:00:59.487,1788935459.4870,8000,-2904,-37.23
2026-09-09T12:00:59.489,1788935459.4891,8001,1120,14.36
2026-09-09T12:00:59.493,1788935459.4932,8002,-2536,-32.51
2026-09-09T12:00:59.499,1788935459.4994,8003,816,10.46
2026-09-09T12:00:59.515,1788935459.5154,8004,-2196,-28.15
2026-09-09T12:00:59.515,1788935459.5154,8005,440,5.64
2026-09-09T12:00:59.531,1788935459.5315,8006,-1848,-23.69
2026-09-09T12:00:59.540,1788935459.5401,8007,3144,40.31
2026-09-09T12:00:59.564,1788935459.5644,8008,-1508,-19.33
2026-09-09T12:00:59.564,1788935459.5644,8009,2888,37.03
2026-09-09T12:00:59.578,1788935459.5790,8010,-1156,-14.82
2026-09-09T12:00:59.578,1788935459.5790,8011,2572,32.97
2026-09-09T12:00:59.594,1788935459.5950,8012,-792,-10.15
2026-09-09T12:00:59.610,1788935459.6108,8013,2284,29.28
2026-09-09T12:00:59.610,1788935459.6108,8014,-456,-5.85
2026-09-09T12:00:59.626,1788935459.6267,8015,1956,25.08
2026-09-09T12:00:59.640,1788935459.6400,8016,-56,-0.72
2026-09-09T12:00:59.646,1788935459.6464,8017,1668,21.38
2026-09-09T12:00:59.646,1788935459.6464,8018,-2936,-37.64
2026-09-09T12:00:59.658,1788935459.6587,8019,1340,17.18
2026-09-09T12:00:59.682,1788935459.6822,8020,-2616,-33.54
2026-09-09T12:00:59.690,1788935459.6909,8021,1012,12.97
2026-09-09T12:00:59.690,1788935459.6909,8022,-2308,-29.59
2026-09-09T12:00:59.707,1788935459.7071,8023,604,7.74
2026-09-09T12:00:59.715,1788935459.7151,8024,-2008,-25.74
2026-09-09T12:00:59.724,1788935459.7243,8025,208,2.67
2026-09-09T12:00:59.724,1788935459.7243,8026,-1712,-21.95
2026-09-09T12:00:59.740,1788935459.7402,8027,2936,37.64
2026-09-09T12:00:59.755,1788935459.7552,8028,-1396,-17.9
2026-09-09T12:00:59.771,1788935459.7711,8029,2628,33.69
2026-09-09T12:00:59.771,1788935459.7711,8030,-1072,-13.74
2026-09-09T12:00:59.771,1788935459.7711,8031,2316,29.69
2026-09-09T12:00:59.802,1788935459.8030,8032,-704,-9.03
2026-09-09T12:00:59.802,1788935459.8030,8033,2036,26.1
2026-09-09T12:00:59.802,1788935459.8030,8034,-296,-3.79
2026-09-09T12:00:59.821,1788935459.8214,8035,1740,22.31
2026-09-09T12:00:59.834,1788935459.8349,8036,124,1.59
2026-09-09T12:00:59.850,1788935459.8508,8037,1452,18.62
2026-09-09T12:00:59.854,1788935459.8548,8038,-2804,-35.95
2026-09-09T12:00:59.866,1788935459.8668,8039,1124,14.41
2026-09-09T12:00:59.866,1788935459.8668,8040,-2460,-31.54
2026-09-09T12:00:59.884,1788935459.8845,8041,800,10.26
2026-09-09T12:00:59.884,1788935459.8845,8042,-2124,-27.23
2026-09-09T12:00:59.898,1788935459.8982,8043,412,5.28
2026-09-09T12:00:59.914,1788935459.9143,8044,-1820,-23.33
2026-09-09T12:00:59.914,1788935459.9143,8045,0,0.0
2026-09-09T12:00:59.930,1788935459.9301,8046,-1524,-19.54
2026-09-09T12:00:59.953,1788935459.9540,8047,2784,35.69
2026-09-09T12:00:59.956,1788935459.9567,8048,-1156,-14.82
2026-09-09T12:00:59.969,1788935459.9699,8049,2488,31.9
2026-09-09T12:00:59.977,1788935459.9777,8050,-824,-10.56
2026-09-09T12:00:59.985,1788935459.9857,8051,2184,28.0
2026-09-09T12:00:59.993,1788935459.9937,8052,-468,-6.0
2026-09-09T12:00:59.993,1788935459.9937,8053,1856,23.79
2026-09-09T12:01:00.017,1788935460.0175,8054,-80,-1.03
2026-09-09T12:01:00.025,1788935460.0253,8055,1572,20.15
2026-09-09T12:01:00.035,1788935460.0354,8056,380,4.87
2026-09-09T12:01:00.041,1788935460.0414,8057,1272,16.31
2026-09-09T12:01:00.057,1788935460.0575,8058,-2604,-33.38
2026-09-09T12:01:00.057,1788935460.0575,8059,916,11.74
2026-09-09T12:01:00.073,1788935460.0734,8060,-2284,-29.28
2026-09-09T12:01:00.073,1788935460.0734,8061,592,7.59
2026-09-09T12:01:00.089,1788935460.0894,8062,-1940,-24.87
2026-09-09T12:01:00.105,1788935460.1050,8063,196,2.51
2026-09-09T12:01:00.105,1788935460.1050,8064,-1644,-21.08
2026-09-09T12:01:00.124,1788935460.1243,8065,-272,-3.49
2026-09-09T12:01:00.136,1788935460.1365,8066,-1304,-16.72
2026-09-09T12:01:00.140,1788935460.1403,8067,2620,33.59
2026-09-09T12:01:00.152,1788935460.1524,8068,-984,-12.62
2026-09-09T12:01:00.168,1788935460.1685,8069,2308,29.59
2026-09-09T12:01:00.168,1788935460.1685,8070,-648,-8.31
2026-09-09T12:01:00.187,1788935460.1878,8071,1996,25.59
2026-09-09T12:01:00.187,1788935460.1878,8072,-216,-2.77
2026-09-09T12:01:00.204,1788935460.2041,8073,1700,21.79
2026-09-09T12:01:00.216,1788935460.2162,8074,184,2.36
2026-09-09T12:01:00.216,1788935460.2162,8075,1408,18.05
2026-09-09T12:01:00.232,1788935460.2325,8076,720,9.23
2026-09-09T12:01:00.240,1788935460.2408,8077,1100,14.1
2026-09-09T12:01:00.248,1788935460.2482,8078,-2440,-31.28
2026-09-09T12:01:00.264,1788935460.2642,8079,720,9.23
2026-09-09T12:01:00.264,1788935460.2642,8080,-2104,-26.97
2026-09-09T12:01:00.295,1788935460.2958,8081,356,4.56
2026-09-09T12:01:00.295,1788935460.2958,8082,-1768,-22.67
2026-09-09T12:01:00.295,1788935460.2958,8083,-64,-0.82
2026-09-09T12:01:00.312,1788935460.3122,8084,-1464,-18.77
2026-09-09T12:01:00.328,1788935460.3280,8085,-564,-7.23
2026-09-09T12:01:00.345,1788935460.3452,8086,-1112,-14.26
2026-09-09T12:01:00.347,1788935460.3473,8087,2436,31.23
2026-09-09T12:01:00.359,1788935460.3595,8088,-792,-10.15
2026-09-09T12:01:00.359,1788935460.3595,8089,2108,27.03
2026-09-09T12:01:00.375,1788935460.3753,8090,-392,-5.03
2026-09-09T12:01:00.375,1788935460.3753,8091,1824,23.38
2026-09-09T12:01:00.391,1788935460.3913,8092,4,0.05
2026-09-09T12:01:00.391,1788935460.3913,8093,1540,19.74
2026-09-09T12:01:00.423,1788935460.4232,8094,468,6.0
2026-09-09T12:01:00.423,1788935460.4232,8095,1224,15.69
2026-09-09T12:01:00.423,1788935460.4232,8096,1056,13.54
2026-09-09T12:01:00.440,1788935460.4410,8097,900,11.54
2026-09-09T12:01:00.464,1788935460.4641,8098,-2232,-28.62
2026-09-09T12:01:00.470,1788935460.4705,8099,500,6.41
2026-09-09T12:01:00.470,1788935460.4705,8100,-1904,-24.41
2026-09-09T12:01:00.486,1788935460.4861,8101,120,1.54
2026-09-09T12:01:00.494,1788935460.4948,8102,-1588,-20.36
2026-09-09T12:01:00.503,1788935460.5039,8103,-336,-4.31
2026-09-09T12:01:00.503,1788935460.5039,8104,-1272,-16.31
2026-09-09T12:01:00.517,1788935460.5178,8105,-920,-11.79
2026-09-09T12:01:00.535,1788935460.5357,8106,-960,-12.31
2026-09-09T12:01:00.549,1788935460.5495,8107,2268,29.08
2026-09-09T12:01:00.559,1788935460.5591,8108,-564,-7.23
2026-09-09T12:01:00.570,1788935460.5709,8109,1960,25.13
2026-09-09T12:01:00.580,1788935460.5803,8110,-184,-2.36
2026-09-09T12:01:00.596,1788935460.5966,8111,1672,21.44
2026-09-09T12:01:00.597,1788935460.5973,8112,244,3.13
2026-09-09T12:01:00.605,1788935460.6059,8113,1364,17.49
2026-09-09T12:01:00.616,1788935460.6164,8114,788,10.1
2026-09-09T12:01:00.627,1788935460.6279,8115,1060,13.59
2026-09-09T12:01:00.637,1788935460.6372,8116,-2372,-30.41
2026-09-09T12:01:00.645,1788935460.6450,8117,684,8.77
2026-09-09T12:01:00.655,1788935460.6556,8118,-2036,-26.1
2026-09-09T12:01:00.675,1788935460.6752,8119,300,3.85
2026-09-09T12:01:00.675,1788935460.6752,8120,-1724,-22.1
2026-09-09T12:01:00.675,1788935460.6752,8121,-140,-1.79
2026-09-09T12:01:00.691,1788935460.6910,8122,-1420,-18.21
2026-09-09T12:01:00.706,1788935460.7070,8123,-656,-8.41
2026-09-09T12:01:00.716,1788935460.7170,8124,-1084,-13.9
2026-09-09T12:01:00.724,1788935460.7245,8125,-1280,-16.41
2026-09-09T12:01:00.724,1788935460.7245,8126,-752,-9.64
2026-09-09T12:01:00.749,1788935460.7495,8127,2104,26.97
2026-09-09T12:01:00.754,1788935460.7547,8128,-348,-4.46
2026-09-09T12:01:00.754,1788935460.7547,8129,1776,22.77
2026-09-09T12:01:00.770,1788935460.7704,8130,56,0.72
2026-09-09T12:01:00.786,1788935460.7865,8131,1500,19.23
2026-09-09T12:01:00.786,1788935460.7865,8132,516,6.62
2026-09-09T12:01:00.802,1788935460.8022,8133,1176,15.08
2026-09-09T12:01:00.820,1788935460.8204,8134,1144,14.67
2026-09-09T12:01:00.820,1788935460.8204,8135,840,10.77
2026-09-09T12:01:00.837,1788935460.8378,8136,-2196,-28.15
2026-09-09T12:01:00.841,1788935460.8410,8137,464,5.95
2026-09-09T12:01:00.855,1788935460.8551,8138,-1872,-24.0
2026-09-09T12:01:00.864,1788935460.8650,8139,76,0.97
2026-09-09T12:01:00.880,1788935460.8809,8140,-1560,-20.0
2026-09-09T12:01:00.883,1788935460.8840,8141,-416,-5.33
2026-09-09T12:01:00.896,1788935460.8960,8142,-1240,-15.9
2026-09-09T12:01:00.913,1788935460.9140,8143,-984,-12.62
2026-09-09T12:01:00.913,1788935460.9140,8144,-900,-11.54
2026-09-09T12:01:00.927,1788935460.9279,8145,-1688,-21.64
2026-09-09T12:01:00.927,1788935460.9279,8146,-528,-6.77
2026-09-09T12:01:00.943,1788935460.9438,8147,1916,24.56
2026-09-09T12:01:00.959,1788935460.9596,8148,-120,-1.54
2026-09-09T12:01:00.959,1788935460.9596,8149,1632,20.92
2026-09-09T12:01:00.976,1788935460.9765,8150,292,3.74
2026-09-09T12:01:00.986,1788935460.9870,8151,1332,17.08
2026-09-09T12:01:00.991,1788935460.9911,8152,864,11.08
2026-09-09T12:01:01.006,1788935461.0069,8153,1000,12.82
2026-09-09T12:01:01.014,1788935461.0149,8154,1508,19.33
2026-09-09T12:01:01.025,1788935461.0255,8155,632,8.1
2026-09-09T12:01:01.041,1788935461.0413,8156,-2016,-25.85
2026-09-09T12:01:01.041,1788935461.0413,8157,232,2.97
2026-09-09T12:01:01.058,1788935461.0587,8158,-1692,-21.69
2026-09-09T12:01:01.070,1788935461.0708,8159,-168,-2.15
2026-09-09T12:01:01.082,1788935461.0824,8160,-1364,-17.49
2026-09-09T12:01:01.087,1788935461.0873,8161,-724,-9.28
2026-09-09T12:01:01.097,1788935461.0973,8162,-1048,-13.44
2026-09-09T12:01:01.102,1788935461.1028,8163,-1372,-17.59
2026-09-09T12:01:01.123,1788935461.1236,8164,-696,-8.92
2026-09-09T12:01:01.123,1788935461.1236,8165,-2080,-26.67
2026-09-09T12:01:01.135,1788935461.1360,8166,-304,-3.9
2026-09-09T12:01:01.145,1788935461.1457,8167,1760,22.56
2026-09-09T12:01:01.165,1788935461.1659,8168,100,1.28
2026-09-09T12:01:01.165,1788935461.1659,8169,1472,18.87
2026-09-09T12:01:01.174,1788935461.1748,8170,632,8.1
2026-09-09T12:01:01.189,1788935461.1896,8171,1144,14.67
2026-09-09T12:01:01.200,1788935461.2000,8172,1248,16.0
2026-09-09T12:01:01.203,1788935461.2036,8173,792,10.15
2026-09-09T12:01:01.212,1788935461.2130,8174,1892,24.26
2026-09-09T12:01:01.223,1788935461.2232,8175,412,5.28
2026-09-09T12:01:01.241,1788935461.2417,8176,-1812,-23.23
2026-09-09T12:01:01.244,1788935461.2447,8177,16,0.21
2026-09-09T12:01:01.255,1788935461.2552,8178,-1528,-19.59
2026-09-09T12:01:01.261,1788935461.2618,8179,-488,-6.26
2026-09-09T12:01:01.285,1788935461.2857,8180,-1168,-14.97
2026-09-09T12:01:01.292,1788935461.2926,8181,-1088,-13.95
2026-09-09T12:01:01.292,1788935461.2926,8182,-844,-10.82
2026-09-09T12:01:01.311,1788935461.3120,8183,-1772,-22.72
2026-09-09T12:01:01.314,1788935461.3145,8184,-456,-5.85
2026-09-09T12:01:01.324,1788935461.3245,8185,-2456,-31.49
2026-09-09T12:01:01.334,1788935461.3349,8186,-68,-0.87
2026-09-09T12:01:01.343,1788935461.3438,8187,1600,20.51
2026-09-09T12:01:01.356,1788935461.3562,8188,380,4.87
2026-09-09T12:01:01.356,1788935461.3562,8189,1272,16.31
2026-09-09T12:01:01.372,1788935461.3729,8190,968,12.41
2026-09-09T12:01:01.372,1788935461.3729,8191,960,12.31
2026-09-09T12:01:01.408,1788935461.4086,8192,1616,20.72
2026-09-09T12:01:01.408,1788935461.4086,8193,568,7.28
2026-09-09T12:01:01.414,1788935461.4150,8194,2264,29.03
2026-09-09T12:01:01.424,1788935461.4241,8195,176,2.26
2026-09-09T12:01:01.434,1788935461.4350,8196,-1632,-20.92
2026-09-09T12:01:01.445,1788935461.4458,8197,-276,-3.54
2026-09-09T12:01:01.453,1788935461.4535,8198,-1308,-16.77
2026-09-09T12:01:01.466,1788935461.4664,8199,-820,-10.51
2026-09-09T12:01:01.466,1788935461.4664,8200,-980,-12.56
2026-09-09T12:01:01.493,1788935461.4931,8201,-1500,-19.23
2026-09-09T12:01:01.493,1788935461.4931,8202,-628,-8.05
2026-09-09T12:01:01.505,1788935461.5051,8203,-2188,-28.05
2026-09-09T12:01:01.514,1788935461.5147,8204,-224,-2.87
2026-09-09T12:01:01.533,1788935461.5335,8205,-2804,-35.95
2026-09-09T12:01:01.538,1788935461.5383,8206,172,2.21
2026-09-09T12:01:01.545,1788935461.5460,8207,1400,17.95
2026-09-09T12:01:01.558,1788935461.5580,8208,716,9.18
2026-09-09T12:01:01.572,1788935461.5728,8209,1080,13.85
2026-09-09T12:01:01.572,1788935461.5728,8210,1332,17.08
2026-09-09T12:01:01.585,1788935461.5852,8211,732,9.38
2026-09-09T12:01:01.594,1788935461.5945,8212,2012,25.79
2026-09-09T12:01:01.610,1788935461.6107,8213,320,4.1
2026-09-09T12:01:01.616,1788935461.6163,8214,2580,33.08
2026-09-09T12:01:01.625,1788935461.6252,8215,-64,-0.82
2026-09-09T12:01:01.634,1788935461.6348,8216,-1456,-18.67
2026-09-09T12:01:01.646,1788935461.6468,8217,-592,-7.59
2026-09-09T12:01:01.656,1788935461.6565,8218,-1124,-14.41
2026-09-09T12:01:01.672,1788935461.6722,8219,-1208,-15.49
2026-09-09T12:01:01.672,1788935461.6722,8220,-780,-10.0
2026-09-09T12:01:01.688,1788935461.6882,8221,-1900,-24.36
2026-09-09T12:01:01.693,1788935461.6937,8222,-376,-4.82
2026-09-09T12:01:01.708,1788935461.7087,8223,-2560,-32.82
2026-09-09T12:01:01.714,1788935461.7149,8224,-4,-0.05
2026-09-09T12:01:01.721,1788935461.7218,8225,-3068,-39.33
2026-09-09T12:01:01.737,1788935461.7372,8226,456,5.85
2026-09-09T12:01:01.744,1788935461.7448,8227,1216,15.59
2026-09-09T12:01:01.755,1788935461.7550,8228,1076,13.79
2026-09-09T12:01:01.774,1788935461.7742,8229,884,11.33
2026-09-09T12:01:01.782,1788935461.7823,8230,1736,22.26
2026-09-09T12:01:01.784,1788935461.7840,8231,492,6.31
2026-09-09T12:01:01.800,1788935461.8001,8232,2380,30.51
2026-09-09T12:01:01.811,1788935461.8110,8233,152,1.95
2026-09-09T12:01:01.815,1788935461.8160,8234,2880,36.92
2026-09-09T12:01:01.827,1788935461.8278,8235,-364,-4.67
2026-09-09T12:01:01.834,1788935461.8341,8236,-1272,-16.31
2026-09-09T12:01:01.848,1788935461.8480,8237,-944,-12.1
2026-09-09T12:01:01.855,1788935461.8553,8238,-928,-11.9
2026-09-09T12:01:01.866,1788935461.8662,8239,-1636,-20.97
2026-09-09T12:01:01.874,1788935461.8743,8240,-552,-7.08
2026-09-09T12:01:01.895,1788935461.8957,8241,-2304,-29.54
2026-09-09T12:01:01.895,1788935461.8957,8242,-136,-1.74
2026-09-09T12:01:01.906,1788935461.9061,8243,-2888,-37.03
2026-09-09T12:01:01.912,1788935461.9122,8244,280,3.59
2026-09-09T12:01:01.931,1788935461.9310,8245,1352,17.33
2026-09-09T12:01:01.937,1788935461.9374,8246,828,10.62
2026-09-09T12:01:01.944,1788935461.9442,8247,1024,13.13
2026-09-09T12:01:01.958,1788935461.9587,8248,1460,18.72
2026-09-09T12:01:01.963,1788935461.9632,8249,668,8.56
2026-09-09T12:01:01.974,1788935461.9749,8250,2128,27.28
2026-09-09T12:01:01.985,1788935461.9851,8251,264,3.38
2026-09-09T12:01:01.991,1788935461.9914,8252,2684,34.41
2026-09-09T12:01:02.006,1788935462.0066,8253,-168,-2.15
2026-09-09T12:01:02.018,1788935462.0183,8254,3096,39.69
2026-09-09T12:01:02.023,1788935462.0237,8255,-692,-8.87
2026-09-09T12:01:02.044,1788935462.0443,8256,-1056,-13.54
2026-09-09T12:01:02.044,1788935462.0443,8257,-1348,-17.28
2026-09-09T12:01:02.061,1788935462.0611,8258,-680,-8.72
2026-09-09T12:01:02.064,1788935462.0649,8259,-2036,-26.1
2026-09-09T12:01:02.071,1788935462.0715,8260,-312,-4.0
2026-09-09T12:01:02.086,1788935462.0868,8261,-2676,-34.31
2026-09-09T12:01:02.086,1788935462.0868,8262,76,0.97
2026-09-09T12:01:02.103,1788935462.1038,8263,-3172,-40.67
2026-09-09T12:01:02.114,1788935462.1142,8264,596,7.64
2026-09-09T12:01:02.126,1788935462.1261,8265,1152,14.77
2026-09-09T12:01:02.145,1788935462.1453,8266,1212,15.54
2026-09-09T12:01:02.150,1788935462.1504,8267,824,10.56
2026-09-09T12:01:02.153,1788935462.1534,8268,1876,24.05
2026-09-09T12:01:02.166,1788935462.1662,8269,436,5.59
2026-09-09T12:01:02.182,1788935462.1820,8270,2488,31.9
2026-09-09T12:01:02.184,1788935462.1848,8271,36,0.46
2026-09-09T12:01:02.198,1788935462.1981,8272,2960,37.95
2026-09-09T12:01:02.206,1788935462.2066,8273,-468,-6.0
2026-09-09T12:01:02.214,1788935462.2144,8274,3288,42.15
2026-09-09T12:01:02.224,1788935462.2246,8275,-1076,-13.79
2026-09-09T12:01:02.233,1788935462.2334,8276,-852,-10.92
2026-09-09T12:01:02.246,1788935462.2462,8277,-1760,-22.56
2026-09-09T12:01:02.262,1788935462.2629,8278,-480,-6.15
2026-09-09T12:01:02.262,1788935462.2629,8279,-2444,-31.33
2026-09-09T12:01:02.277,1788935462.2779,8280,-84,-1.08
2026-09-09T12:01:02.287,1788935462.2876,8281,-2972,-38.1
2026-09-09T12:01:02.294,1788935462.2941,8282,368,4.72
2026-09-09T12:01:02.304,1788935462.3047,8283,-3376,-43.28
2026-09-09T12:01:02.314,1788935462.3145,8284,948,12.15
2026-09-09T12:01:02.331,1788935462.3316,8285,972,12.46
2026-09-09T12:01:02.336,1788935462.3364,8286,1608,20.62
2026-09-09T12:01:02.344,1788935462.3446,8287,576,7.38
2026-09-09T12:01:02.352,1788935462.3521,8288,2252,28.87
2026-09-09T12:01:02.357,1788935462.3572,8289,216,2.77
2026-09-09T12:01:02.384,1788935462.3845,8290,2776,35.59
2026-09-09T12:01:02.388,1788935462.3885,8291,-236,-3.03
2026-09-09T12:01:02.396,1788935462.3961,8292,3172,40.67
2026-09-09T12:01:02.404,1788935462.4045,8293,-816,-10.46
2026-09-09T12:01:02.415,1788935462.4154,8294,3436,44.05
2026-09-09T12:01:02.426,1788935462.4270,8295,-1460,-18.72
2026-09-09T12:01:02.436,1788935462.4361,8296,-600,-7.69
2026-09-09T12:01:02.446,1788935462.4464,8297,-2188,-28.05
2026-09-09T12:01:02.452,1788935462.4528,8298,-244,-3.13
2026-09-09T12:01:02.462,1788935462.4628,8299,-2784,-35.69
2026-09-09T12:01:02.475,1788935462.4758,8300,180,2.31
2026-09-09T12:01:02.483,1788935462.4837,8301,-3244,-41.59
2026-09-09T12:01:02.504,1788935462.5043,8302,696,8.92
2026-09-09T12:01:02.504,1788935462.5043,8303,-3536,-45.33
2026-09-09T12:01:02.515,1788935462.5158,8304,1340,17.18
2026-09-09T12:01:02.526,1788935462.5263,8305,748,9.59
2026-09-09T12:01:02.536,1788935462.5368,8306,2000,25.64
2026-09-09T12:01:02.547,1788935462.5476,8307,360,4.62
2026-09-09T12:01:02.557,1788935462.5577,8308,2584,33.13
2026-09-09T12:01:02.563,1788935462.5637,8309,-76,-0.97
2026-09-09T12:01:02.579,1788935462.5794,8310,3020,38.72
2026-09-09T12:01:02.584,1788935462.5844,8311,-580,-7.44
2026-09-09T12:01:02.595,1788935462.5957,8312,3324,42.62
2026-09-09T12:01:02.595,1788935462.5957,8313,-1224,-15.69
2026-09-09T12:01:02.626,1788935462.6269,8314,3532,45.28
2026-09-09T12:01:02.626,1788935462.6269,8315,-1936,-24.82
2026-09-09T12:01:02.638,1788935462.6389,8316,-408,-5.23
2026-09-09T12:01:02.645,1788935462.6450,8317,-2592,-33.23
2026-09-09T12:01:02.654,1788935462.6544,8318,-32,-0.41
2026-09-09T12:01:02.666,1788935462.6662,8319,-3092,-39.64
2026-09-09T12:01:02.674,1788935462.6747,8320,456,5.85
2026-09-09T12:01:02.685,1788935462.6852,8321,-3484,-44.67
2026-09-09T12:01:02.693,1788935462.6933,8322,1072,13.74
2026-09-09T12:01:02.707,1788935462.7070,8323,-3712,-47.59
2026-09-09T12:01:02.707,1788935462.7070,8324,1696,21.74
2026-09-09T12:01:02.725,1788935462.7256,8325,516,6.62
2026-09-09T12:01:02.733,1788935462.7331,8326,2356,30.21
2026-09-09T12:01:02.746,1788935462.7470,8327,108,1.38
2026-09-09T12:01:02.757,1788935462.7571,8328,2860,36.67
2026-09-09T12:01:02.764,1788935462.7643,8329,-352,-4.51
2026-09-09T12:01:02.773,1788935462.7736,8330,3244,41.59
2026-09-09T12:01:02.785,1788935462.7855,8331,-928,-11.9
2026-09-09T12:01:02.795,1788935462.7958,8332,3492,44.77
2026-09-09T12:01:02.802,1788935462.8023,8333,-1588,-20.36
2026-09-09T12:01:02.817,1788935462.8173,8334,3652,46.82
2026-09-09T12:01:02.827,1788935462.8273,8335,-2268,-29.08
2026-09-09T12:01:02.835,1788935462.8357,8336,-144,-1.85
2026-09-09T12:01:02.845,1788935462.8455,8337,-2852,-36.56
2026-09-09T12:01:02.864,1788935462.8648,8338,296,3.79
2026-09-09T12:01:02.864,1788935462.8648,8339,-3288,-42.15
2026-09-09T12:01:02.878,1788935462.8784,8340,832,10.67
2026-09-09T12:01:02.881,1788935462.8815,8341,-3576,-45.85
2026-09-09T12:01:02.896,1788935462.8962,8342,1480,18.97
2026-09-09T12:01:02.908,1788935462.9081,8343,-3740,-47.95
2026-09-09T12:01:02.912,1788935462.9126,8344,2140,27.44
2026-09-09T12:01:02.928,1788935462.9280,8345,300,3.85
2026-09-09T12:01:02.934,1788935462.9345,8346,2696,34.56
2026-09-09T12:01:02.945,1788935462.9454,8347,-136,-1.74
2026-09-09T12:01:02.955,1788935462.9551,8348,3084,39.54
2026-09-09T12:01:02.961,1788935462.9615,8349,-728,-9.33
2026-09-09T12:01:02.976,1788935462.9764,8350,3368,43.18
2026-09-09T12:01:02.992,1788935462.9929,8351,-1356,-17.38
2026-09-09T12:01:02.992,1788935462.9929,8352,3564,45.69
2026-09-09T12:01:03.008,1788935463.0081,8353,-2040,-26.15
2026-09-09T12:01:03.015,1788935463.0158,8354,3668,47.03
2026-09-09T12:01:03.023,1788935463.0239,8355,-2688,-34.46
2026-09-09T12:01:03.034,1788935463.0341,8356,92,1.18
2026-09-09T12:01:03.045,1788935463.0456,8357,-3172,-40.67
2026-09-09T12:01:03.056,1788935463.0560,8358,576,7.38
2026-09-09T12:01:03.073,1788935463.0739,8359,-3480,-44.62
2026-09-09T12:01:03.076,1788935463.0770,8360,1188,15.23
2026-09-09T12:01:03.086,1788935463.0866,8361,-3696,-47.38
2026-09-09T12:01:03.096,1788935463.0962,8362,1876,24.05
2026-09-09T12:01:03.114,1788935463.1141,8363,-3816,-48.92
2026-09-09T12:01:03.120,1788935463.1209,8364,2508,32.15
2026-09-09T12:01:03.128,1788935463.1289,8365,36,0.46
2026-09-09T12:01:03.135,1788935463.1355,8366,2960,37.95
2026-09-09T12:01:03.146,1788935463.1461,8367,-416,-5.33
2026-09-09T12:01:03.152,1788935463.1523,8368,3328,42.67
2026-09-09T12:01:03.167,1788935463.1675,8369,-1040,-13.33
2026-09-09T12:01:03.176,1788935463.1767,8370,3524,45.18
2026-09-09T12:01:03.183,1788935463.1840,8371,-1720,-22.05
2026-09-09T12:01:03.199,1788935463.1993,8372,3664,46.97
2026-09-09T12:01:03.203,1788935463.2040,8373,-2428,-31.13
2026-09-09T12:01:03.215,1788935463.2153,8374,-72,-0.92
2026-09-09T12:01:03.232,1788935463.2324,8375,-2968,-38.05
2026-09-09T12:01:03.242,1788935463.2423,8376,364,4.67
2026-09-09T12:01:03.246,1788935463.2470,8377,-3368,-43.18
2026-09-09T12:01:03.246,1788935463.2470,8378,952,12.21
2026-09-09T12:01:03.262,1788935463.2628,8379,-3644,-46.72
2026-09-09T12:01:03.277,1788935463.2778,8380,1612,20.67
2026-09-09T12:01:03.287,1788935463.2879,8381,-3796,-48.67
2026-09-09T12:01:03.294,1788935463.2949,8382,2236,28.67
2026-09-09T12:01:03.309,1788935463.3094,8383,-3872,-49.64
2026-09-09T12:01:03.314,1788935463.3146,8384,2768,35.49
2026-09-09T12:01:03.325,1788935463.3256,8385,-264,-3.38
2026-09-09T12:01:03.336,1788935463.3362,8386,3144,40.31
2026-09-09T12:01:03.357,1788935463.3573,8387,-816,-10.46
2026-09-09T12:01:03.357,1788935463.3573,8388,3404,43.64
2026-09-09T12:01:03.357,1788935463.3573,8389,-1488,-19.08
2026-09-09T12:01:03.373,1788935463.3734,8390,3588,46.0
2026-09-09T12:01:03.389,1788935463.3891,8391,-2156,-27.64
2026-09-09T12:01:03.396,1788935463.3960,8392,3684,47.23
2026-09-09T12:01:03.405,1788935463.4053,8393,-2768,-35.49
2026-09-09T12:01:03.415,1788935463.4158,8394,180,2.31
2026-09-09T12:01:03.422,1788935463.4225,8395,-3224,-41.33
2026-09-09T12:01:03.436,1788935463.4369,8396,684,8.77
2026-09-09T12:01:03.436,1788935463.4369,8397,-3556,-45.59
2026-09-09T12:01:03.454,1788935463.4543,8398,1332,17.08
2026-09-09T12:01:03.464,1788935463.4649,8399,-3728,-47.79
2026-09-09T12:01:03.476,1788935463.4761,8400,1984,25.44
2026-09-09T12:01:03.484,1788935463.4849,8401,-3856,-49.44
2026-09-09T12:01:03.495,1788935463.4956,8402,2564,32.87
2026-09-09T12:01:03.503,1788935463.5035,8403,-3880,-49.74
2026-09-09T12:01:03.520,1788935463.5205,8404,3016,38.67
2026-09-09T12:01:03.527,1788935463.5273,8405,-580,-7.44
2026-09-09T12:01:03.533,1788935463.5335,8406,3312,42.46
2026-09-09T12:01:03.548,1788935463.5487,8407,-1196,-15.33
2026-09-09T12:01:03.559,1788935463.5597,8408,3504,44.92
2026-09-09T12:01:03.563,1788935463.5635,8409,-1908,-24.46
2026-09-09T12:01:03.574,1788935463.5742,8410,3636,46.62
2026-09-09T12:01:03.583,1788935463.5835,8411,-2568,-32.92
2026-09-09T12:01:03.595,1788935463.5957,8412,3688,47.28
2026-09-09T12:01:03.612,1788935463.6120,8413,-3076,-39.44
2026-09-09T12:01:03.618,1788935463.6185,8414,448,5.74
2026-09-09T12:01:03.626,1788935463.6264,8415,-3464,-44.41
2026-09-09T12:01:03.636,1788935463.6367,8416,1056,13.54
2026-09-09T12:01:03.642,1788935463.6426,8417,-3668,-47.03
2026-09-09T12:01:03.658,1788935463.6584,8418,1728,22.15
2026-09-09T12:01:03.663,1788935463.6634,8419,-3812,-48.87
2026-09-09T12:01:03.674,1788935463.6743,8420,2344,30.05
2026-09-09T12:01:03.684,1788935463.6845,8421,-3884,-49.79
2026-09-09T12:01:03.690,1788935463.6910,8422,2844,36.46
2026-09-09T12:01:03.706,1788935463.7062,8423,-3884,-49.79
2026-09-09T12:01:03.722,1788935463.7228,8424,3204,41.08
2026-09-09T12:01:03.722,1788935463.7228,8425,-948,-12.15
2026-09-09T12:01:03.737,1788935463.7371,8426,3428,43.95
2026-09-09T12:01:03.752,1788935463.7527,8427,-1612,-20.67
2026-09-09T12:01:03.752,1788935463.7527,8428,3584,45.95
2026-09-09T12:01:03.770,1788935463.7708,8429,-2312,-29.64
2026-09-09T12:01:03.770,1788935463.7708,8430,3684,47.23
2026-09-09T12:01:03.784,1788935463.7848,8431,-2884,-36.97
2026-09-09T12:01:03.801,1788935463.8015,8432,3696,47.38
2026-09-09T12:01:03.801,1788935463.8015,8433,-3308,-42.41
2026-09-09T12:01:03.816,1788935463.8162,8434,800,10.26
2026-09-09T12:01:03.824,1788935463.8247,8435,-3604,-46.21
2026-09-09T12:01:03.834,1788935463.8346,8436,1436,18.41
2026-09-09T12:01:03.851,1788935463.8514,8437,-3756,-48.15
2026-09-09T12:01:03.851,1788935463.8514,8438,2108,27.03
2026-09-09T12:01:03.864,1788935463.8642,8439,-3856,-49.44
2026-09-09T12:01:03.879,1788935463.8799,8440,2660,34.1
2026-09-09T12:01:03.890,1788935463.8909,8441,-3868,-49.59
2026-09-09T12:01:03.895,1788935463.8958,8442,3096,39.69
2026-09-09T12:01:03.905,1788935463.9054,8443,-3816,-48.92
2026-09-09T12:01:03.919,1788935463.9198,8444,3360,43.08
2026-09-09T12:01:03.927,1788935463.9275,8445,-1336,-17.13
2026-09-09T12:01:03.932,1788935463.9328,8446,3544,45.44
2026-09-09T12:01:03.943,1788935463.9436,8447,-2040,-26.15
2026-09-09T12:01:03.954,1788935463.9543,8448,3664,46.97
2026-09-09T12:01:03.975,1788935463.9756,8449,-2672,-34.26
2026-09-09T12:01:03.975,1788935463.9756,8450,3684,47.23
2026-09-09T12:01:03.975,1788935463.9756,8451,-3164,-40.56
2026-09-09T12:01:03.992,1788935463.9924,8452,3672,47.08
2026-09-09T12:01:04.006,1788935464.0069,8453,-3504,-44.92
2026-09-09T12:01:04.013,1788935464.0133,8454,1184,15.18
2026-09-09T12:01:04.022,1788935464.0229,8455,-3696,-47.38
2026-09-09T12:01:04.039,1788935464.0399,8456,1852,23.74
2026-09-09T12:01:04.050,1788935464.0503,8457,-3824,-49.03
2026-09-09T12:01:04.055,1788935464.0551,8458,2452,31.44
2026-09-09T12:01:04.066,1788935464.0666,8459,-3868,-49.59
2026-09-09T12:01:04.071,1788935464.0718,8460,2916,37.38
2026-09-09T12:01:04.093,1788935464.0936,8461,-3860,-49.49
2026-09-09T12:01:04.093,1788935464.0936,8462,3256,41.74
2026-09-09T12:01:04.103,1788935464.1031,8463,-3768,-48.31
2026-09-09T12:01:04.118,1788935464.1189,8464,3472,44.51
2026-09-09T12:01:04.124,1788935464.1244,8465,-1764,-22.62
2026-09-09T12:01:04.135,1788935464.1351,8466,3628,46.51
2026-09-09T12:01:04.149,1788935464.1495,8467,-2464,-31.59
2026-09-09T12:01:04.153,1788935464.1533,8468,3692,47.33
2026-09-09T12:01:04.166,1788935464.1665,8469,-2980,-38.21
2026-09-09T12:01:04.173,1788935464.1739,8470,3684,47.23
2026-09-09T12:01:04.182,1788935464.1829,8471,-3380,-43.33
2026-09-09T12:01:04.193,1788935464.1932,8472,3608,46.26
2026-09-09T12:01:04.214,1788935464.2144,8473,-3636,-46.62
2026-09-09T12:01:04.224,1788935464.2248,8474,1596,20.46
2026-09-09T12:01:04.230,1788935464.2309,8475,-3788,-48.56
2026-09-09T12:01:04.230,1788935464.2309,8476,2232,28.62
2026-09-09T12:01:04.246,1788935464.2460,8477,-3868,-49.59
2026-09-09T12:01:04.261,1788935464.2617,8478,2760,35.38
2026-09-09T12:01:04.261,1788935464.2617,8479,-3868,-49.59
2026-09-09T12:01:04.277,1788935464.2775,8480,3140,40.26
2026-09-09T12:01:04.281,1788935464.2816,8481,-3808,-48.82
2026-09-09T12:01:04.294,1788935464.2941,8482,3428,43.95
2026-09-09T12:01:04.304,1788935464.3046,8483,-3656,-46.87
2026-09-09T12:01:04.316,1788935464.3167,8484,3572,45.79
2026-09-09T12:01:04.325,1788935464.3252,8485,-2164,-27.74
2026-09-09T12:01:04.340,1788935464.3409,8486,3668,47.03
2026-09-09T12:01:04.340,1788935464.3409,8487,-2788,-35.74
2026-09-09T12:01:04.356,1788935464.3570,8488,3708,47.54
2026-09-09T12:01:04.372,1788935464.3729,8489,-3240,-41.54
2026-09-09T12:01:04.383,1788935464.3832,8490,3668,47.03
2026-09-09T12:01:04.389,1788935464.3895,8491,-3544,-45.44
2026-09-09T12:01:04.389,1788935464.3895,8492,3532,45.28
2026-09-09T12:01:04.404,1788935464.4044,8493,-3740,-47.95
2026-09-09T12:01:04.416,1788935464.4167,8494,1964,25.18
2026-09-09T12:01:04.421,1788935464.4215,8495,-3848,-49.33
2026-09-09T12:01:04.432,1788935464.4321,8496,2568,32.92
2026-09-09T12:01:04.443,1788935464.4437,8497,-3900,-50.0
2026-09-09T12:01:04.453,1788935464.4531,8498,2988,38.31
2026-09-09T12:01:04.470,1788935464.4709,8499,-3848,-49.33
2026-09-09T12:01:04.470,1788935464.4709,8500,3320,42.56
2026-09-09T12:01:04.485,1788935464.4856,8501,-3724,-47.74
2026-09-09T12:01:04.502,1788935464.5028,8502,3504,44.92
2026-09-09T12:01:04.502,1788935464.5028,8503,-3500,-44.87
2026-09-09T12:01:04.517,1788935464.5176,8504,3628,46.51
2026-09-09T12:01:04.524,1788935464.5244,8505,-2552,-32.72
2026-09-09T12:01:04.533,1788935464.5335,8506,3696,47.38
2026-09-09T12:01:04.549,1788935464.5498,8507,-3060,-39.23
2026-09-09T12:01:04.551,1788935464.5516,8508,3668,47.03
2026-09-09T12:01:04.566,1788935464.5661,8509,-3416,-43.79
2026-09-09T12:01:04.582,1788935464.5830,8510,3552,45.54
2026-09-09T12:01:04.582,1788935464.5830,8511,-3660,-46.92
2026-09-09T12:01:04.597,1788935464.5978,8512,3376,43.28
2026-09-09T12:01:04.607,1788935464.6076,8513,-3780,-48.46
2026-09-09T12:01:04.613,1788935464.6136,8514,2356,30.21
2026-09-09T12:01:04.629,1788935464.6293,8515,-3852,-49.38
2026-09-09T12:01:04.632,1788935464.6322,8516,2860,36.67
2026-09-09T12:01:04.645,1788935464.6454,8517,-3836,-49.18
2026-09-09T12:01:04.658,1788935464.6589,8518,3184,40.82
2026-09-09T12:01:04.662,1788935464.6623,8519,-3752,-48.1
2026-09-09T12:01:04.676,1788935464.6767,8520,3432,44.0
2026-09-09T12:01:04.685,1788935464.6857,8521,-3560,-45.64
2026-09-09T12:01:04.703,1788935464.7030,8522,3576,45.85
2026-09-09T12:01:04.712,1788935464.7127,8523,-2300,-29.49
2026-09-09T12:01:04.719,1788935464.7196,8524,3652,46.82
2026-09-09T12:01:04.726,1788935464.7260,8525,-2892,-37.08
2026-09-09T12:01:04.739,1788935464.7399,8526,3660,46.92
2026-09-09T12:01:04.750,1788935464.7507,8527,-3272,-41.95
2026-09-09T12:01:04.755,1788935464.7555,8528,3588,46.0
2026-09-09T12:01:04.767,1788935464.7675,8529,-3548,-45.49
2026-09-09T12:01:04.773,1788935464.7739,8530,3428,43.95
2026-09-09T12:01:04.793,1788935464.7938,8531,-3700,-47.44
2026-09-09T12:01:04.793,1788935464.7938,8532,3144,40.31
2026-09-09T12:01:04.803,1788935464.8031,8533,-3768,-48.31
2026-09-09T12:01:04.814,1788935464.8141,8534,2628,33.69
2026-09-09T12:01:04.830,1788935464.8309,8535,-3756,-48.15
2026-09-09T12:01:04.835,1788935464.8351,8536,3032,38.87
2026-09-09T12:01:04.853,1788935464.8530,8537,-3688,-47.28
2026-09-09T12:01:04.853,1788935464.8536,8538,3284,42.1
2026-09-09T12:01:04.866,1788935464.8666,8539,-3556,-45.59
2026-09-09T12:01:04.871,1788935464.8712,8540,3444,44.15
2026-09-09T12:01:04.882,1788935464.8827,8541,-3284,-42.1
2026-09-09T12:01:04.898,1788935464.8982,8542,3536,45.33
2026-09-09T12:01:04.904,1788935464.9042,8543,-2616,-33.54
2026-09-09T12:01:04.913,1788935464.9140,8544,3548,45.49
2026-09-09T12:01:04.913,1788935464.9140,8545,-3056,-39.18
2026-09-09T12:01:04.929,1788935464.9299,8546,3500,44.87
2026-09-09T12:01:04.951,1788935464.9519,8547,-3360,-43.08
2026-09-09T12:01:04.961,1788935464.9616,8548,3364,43.13
2026-09-09T12:01:04.967,1788935464.9680,8549,-3584,-45.95
2026-09-09T12:01:04.977,1788935464.9775,8550,3160,40.51
2026-09-09T12:01:04.987,1788935464.9879,8551,-3652,-46.82
2026-09-09T12:01:04.993,1788935464.9934,8552,2892,37.08
2026-09-09T12:01:04.993,1788935464.9934,8553,-3660,-46.92
2026-09-09T12:01:05.009,1788935465.0097,8554,2804,35.95
2026-09-09T12:01:05.025,1788935465.0257,8555,-3600,-46.15
2026-09-09T12:01:05.025,1788935465.0257,8556,3112,39.9
2026-09-09T12:01:05.041,1788935465.0414,8557,-3508,-44.97
2026-09-09T12:01:05.052,1788935465.0525,8558,3320,42.56
2026-09-09T12:01:05.073,1788935465.0733,8559,-3304,-42.36
2026-09-09T12:01:05.073,1788935465.0733,8560,3424,43.9
2026-09-09T12:01:05.073,1788935465.0733,8561,-3020,-38.72
2026-09-09T12:01:05.088,1788935465.0890,8562,3480,44.62
2026-09-09T12:01:05.110,1788935465.1109,8563,-2864,-36.72
2026-09-09T12:01:05.120,1788935465.1209,8564,3476,44.56
2026-09-09T12:01:05.120,1788935465.1209,8565,-3224,-41.33
2026-09-09T12:01:05.136,1788935465.1366,8566,3404,43.64
2026-09-09T12:01:05.136,1788935465.1366,8567,-3436,-44.05
2026-09-09T12:01:05.154,1788935465.1547,8568,3256,41.74
2026-09-09T12:01:05.168,1788935465.1685,8569,-3580,-45.9
2026-09-09T12:01:05.168,1788935465.1685,8570,3012,38.62
2026-09-09T12:01:05.184,1788935465.1845,8571,-3648,-46.77
2026-09-09T12:01:05.200,1788935465.2003,8572,2736,35.08
2026-09-09T12:01:05.200,1788935465.2003,8573,-3616,-46.36
2026-09-09T12:01:05.216,1788935465.2163,8574,3076,39.44
2026-09-09T12:01:05.216,1788935465.2163,8575,-3540,-45.38
2026-09-09T12:01:05.234,1788935465.2342,8576,3312,42.46
2026-09-09T12:01:05.253,1788935465.2534,8577,-3352,-42.97
2026-09-09T12:01:05.255,1788935465.2551,8578,3484,44.67
2026-09-09T12:01:05.263,1788935465.2639,8579,-3100,-39.74
2026-09-09T12:01:05.263,1788935465.2639,8580,3548,45.49
2026-09-09T12:01:05.290,1788935465.2908,8581,-2812,-36.05
2026-09-09T12:01:05.295,1788935465.2954,8582,3556,45.59
2026-09-09T12:01:05.305,1788935465.3050,8583,-3060,-39.23
2026-09-09T12:01:05.315,1788935465.3150,8584,3520,45.13
2026-09-09T12:01:05.336,1788935465.3362,8585,-3368,-43.18
2026-09-09T12:01:05.336,1788935465.3362,8586,3364,43.13
2026-09-09T12:01:05.342,1788935465.3430,8587,-3552,-45.54
2026-09-09T12:01:05.358,1788935465.3587,8588,3152,40.41
2026-09-09T12:01:05.364,1788935465.3641,8589,-3632,-46.56
2026-09-09T12:01:05.374,1788935465.3746,8590,2860,36.67
2026-09-09T12:01:05.390,1788935465.3903,8591,-3636,-46.62
2026-09-09T12:01:05.390,1788935465.3903,8592,2544,32.62
2026-09-09T12:01:05.406,1788935465.4060,8593,-3588,-46.0
2026-09-09T12:01:05.406,1788935465.4060,8594,3216,41.23
2026-09-09T12:01:05.422,1788935465.4222,8595,-3464,-44.41
2026-09-09T12:01:05.422,1788935465.4222,8596,3356,43.03
2026-09-09T12:01:05.453,1788935465.4535,8597,-3240,-41.54
2026-09-09T12:01:05.453,1788935465.4535,8598,3448,44.21
2026-09-09T12:01:05.465,1788935465.4659,8599,-2952,-37.85
2026-09-09T12:01:05.469,1788935465.4692,8600,3492,44.77
2026-09-09T12:01:05.485,1788935465.4850,8601,-2648,-33.95
2026-09-09T12:01:05.500,1788935465.5008,8602,3428,43.95
2026-09-09T12:01:05.504,1788935465.5049,8603,-3296,-42.26
2026-09-09T12:01:05.520,1788935465.5206,8604,3356,43.03
2026-09-09T12:01:05.526,1788935465.5264,8605,-3536,-45.33
2026-09-09T12:01:05.534,1788935465.5345,8606,3148,40.36
2026-09-09T12:01:05.534,1788935465.5345,8607,-3648,-46.77
2026-09-09T12:01:05.554,1788935465.5542,8608,2896,37.13
2026-09-09T12:01:05.565,1788935465.5654,8609,-3692,-47.33
2026-09-09T12:01:05.580,1788935465.5801,8610,2616,33.54
2026-09-09T12:01:05.580,1788935465.5801,8611,-3660,-46.92
2026-09-09T12:01:05.596,1788935465.5963,8612,2312,29.64
2026-09-09T12:01:05.612,1788935465.6123,8613,-3544,-45.44
2026-09-09T12:01:05.612,1788935465.6123,8614,3300,42.31
2026-09-09T12:01:05.628,1788935465.6281,8615,-3360,-43.08
2026-09-09T12:01:05.628,1788935465.6281,8616,3416,43.79
2026-09-09T12:01:05.644,1788935465.6441,8617,-3084,-39.54
2026-09-09T12:01:05.660,1788935465.6602,8618,3476,44.56
2026-09-09T12:01:05.665,1788935465.6657,8619,-2768,-35.49
2026-09-09T12:01:05.676,1788935465.6762,8620,3464,44.41
2026-09-09T12:01:05.686,1788935465.6863,8621,-2428,-31.13
2026-09-09T12:01:05.704,1788935465.7041,8622,3376,43.28
2026-09-09T12:01:05.708,1788935465.7081,8623,-3428,-43.95
2026-09-09T12:01:05.708,1788935465.7081,8624,3216,41.23
2026-09-09T12:01:05.725,1788935465.7255,8625,-3540,-45.38
2026-09-09T12:01:05.739,1788935465.7396,8626,2968,38.05
2026-09-09T12:01:05.749,1788935465.7497,8627,-3596,-46.1
2026-09-09T12:01:05.755,1788935465.7558,8628,2696,34.56
2026-09-09T12:01:05.755,1788935465.7558,8629,-3604,-46.21
2026-09-09T12:01:05.771,1788935465.7715,8630,2412,30.92
2026-09-09T12:01:05.789,1788935465.7892,8631,-3552,-45.54
2026-09-09T12:01:05.795,1788935465.7959,8632,2124,27.23
2026-09-09T12:01:05.803,1788935465.8033,8633,-3412,-43.74
2026-09-09T12:01:05.803,1788935465.8033,8634,3364,43.13
2026-09-09T12:01:05.819,1788935465.8192,8635,-3164,-40.56
2026-09-09T12:01:05.835,1788935465.8352,8636,3432,44.0
2026-09-09T12:01:05.850,1788935465.8510,8637,-2868,-36.77
2026-09-09T12:01:05.854,1788935465.8540,8638,3476,44.56
2026-09-09T12:01:05.866,1788935465.8669,8639,-2532,-32.46
2026-09-09T12:01:05.866,1788935465.8669,8640,3404,43.64
2026-09-09T12:01:05.884,1788935465.8849,8641,-2220,-28.46
2026-09-09T12:01:05.898,1788935465.8988,8642,3300,42.31
2026-09-09T12:01:05.904,1788935465.9048,8643,-3500,-44.87
2026-09-09T12:01:05.918,1788935465.9187,8644,3080,39.49
2026-09-09T12:01:05.926,1788935465.9261,8645,-3604,-46.21
2026-09-09T12:01:05.936,1788935465.9362,8646,2804,35.95
2026-09-09T12:01:05.953,1788935465.9540,8647,-3612,-46.31
2026-09-09T12:01:05.961,1788935465.9616,8648,2504,32.1
2026-09-09T12:01:05.961,1788935465.9616,8649,-3592,-46.05
2026-09-09T12:01:05.978,1788935465.9782,8650,2192,28.1
2026-09-09T12:01:05.988,1788935465.9884,8651,-3448,-44.21
2026-09-09T12:01:05.993,1788935465.9933,8652,3228,41.38
2026-09-09T12:01:05.993,1788935465.9933,8653,-3268,-41.9
2026-09-09T12:01:06.009,1788935466.0090,8654,3344,42.87
2026-09-09T12:01:06.024,1788935466.0248,8655,-2988,-38.31
2026-09-09T12:01:06.040,1788935466.0405,8656,3400,43.59
2026-09-09T12:01:06.040,1788935466.0405,8657,-2704,-34.67
2026-09-09T12:01:06.056,1788935466.0565,8658,3380,43.33
2026-09-09T12:01:06.056,1788935466.0565,8659,-2408,-30.87
2026-09-09T12:01:06.072,1788935466.0725,8660,3308,42.41
2026-09-09T12:01:06.088,1788935466.0885,8661,-2100,-26.92
2026-09-09T12:01:06.088,1788935466.0885,8662,3168,40.62
2026-09-09T12:01:06.104,1788935466.1046,8663,-3604,-46.21
2026-09-09T12:01:06.120,1788935466.1206,8664,2920,37.44
2026-09-09T12:01:06.120,1788935466.1206,8665,-3632,-46.56
2026-09-09T12:01:06.136,1788935466.1366,8666,2636,33.79
2026-09-09T12:01:06.144,1788935466.1446,8667,-3628,-46.51
2026-09-09T12:01:06.154,1788935466.1542,8668,2336,29.95
2026-09-09T12:01:06.167,1788935466.1680,8669,-3520,-45.13
2026-09-09T12:01:06.167,1788935466.1680,8670,2056,26.36
2026-09-09T12:01:06.183,1788935466.1837,8671,-3360,-43.08
2026-09-09T12:01:06.183,1788935466.1837,8672,3344,42.87
2026-09-09T12:01:06.199,1788935466.1998,8673,-3120,-40.0
2026-09-09T12:01:06.215,1788935466.2159,8674,3408,43.69
2026-09-09T12:01:06.231,1788935466.2316,8675,-2820,-36.15
2026-09-09T12:01:06.235,1788935466.2352,8676,3416,43.79
2026-09-09T12:01:06.254,1788935466.2541,8677,-2468,-31.64
2026-09-09T12:01:06.254,1788935466.2541,8678,3368,43.18
2026-09-09T12:01:06.263,1788935466.2636,8679,-2160,-27.69
2026-09-09T12:01:06.279,1788935466.2794,8680,3212,41.18
2026-09-09T12:01:06.279,1788935466.2794,8681,-1852,-23.74
2026-09-09T12:01:06.295,1788935466.2954,8682,2988,38.31
2026-09-09T12:01:06.306,1788935466.3066,8683,-3588,-46.0
2026-09-09T12:01:06.316,1788935466.3165,8684,2736,35.08
2026-09-09T12:01:06.332,1788935466.3327,8685,-3604,-46.21
2026-09-09T12:01:06.332,1788935466.3327,8686,2420,31.03
2026-09-09T12:01:06.342,1788935466.3425,8687,-3532,-45.28
2026-09-09T12:01:06.358,1788935466.3581,8688,2160,27.69
2026-09-09T12:01:06.358,1788935466.3581,8689,-3404,-43.64
2026-09-09T12:01:06.379,1788935466.3798,8690,1868,23.95
2026-09-09T12:01:06.379,1788935466.3798,8691,-3200,-41.03
2026-09-09T12:01:06.389,1788935466.3894,8692,3372,43.23
2026-09-09T12:01:06.405,1788935466.4052,8693,-2916,-37.38
2026-09-09T12:01:06.421,1788935466.4211,8694,3400,43.59
2026-09-09T12:01:06.425,1788935466.4252,8695,-2616,-33.54
2026-09-09T12:01:06.435,1788935466.4352,8696,3384,43.38
2026-09-09T12:01:06.436,1788935466.4370,8697,-2300,-29.49
2026-09-09T12:01:06.454,1788935466.4545,8698,3304,42.36
2026-09-09T12:01:06.454,1788935466.4545,8699,-1992,-25.54
2026-09-09T12:01:06.469,1788935466.4691,8700,3132,40.15
2026-09-09T12:01:06.484,1788935466.4848,8701,-1680,-21.54
2026-09-09T12:01:06.500,1788935466.5006,8702,2892,37.08
2026-09-09T12:01:06.500,1788935466.5006,8703,-3632,-46.56
2026-09-09T12:01:06.516,1788935466.5164,8704,2600,33.33
2026-09-09T12:01:06.516,1788935466.5164,8705,-3620,-46.41
2026-09-09T12:01:06.532,1788935466.5324,8706,2296,29.44
2026-09-09T12:01:06.548,1788935466.5483,8707,-3528,-45.23
2026-09-09T12:01:06.554,1788935466.5545,8708,2020,25.9
2026-09-09T12:01:06.566,1788935466.5662,8709,-3340,-42.82
2026-09-09T12:01:06.586,1788935466.5862,8710,1732,22.21
2026-09-09T12:01:06.588,1788935466.5883,8711,-3080,-39.49
2026-09-09T12:01:06.596,1788935466.5963,8712,3464,44.41
2026-09-09T12:01:06.596,1788935466.5963,8713,-2772,-35.54
2026-09-09T12:01:06.612,1788935466.6125,8714,3468,44.46
2026-09-09T12:01:06.633,1788935466.6333,8715,-2420,-31.03
2026-09-09T12:01:06.637,1788935466.6373,8716,3396,43.54
2026-09-09T12:01:06.645,1788935466.6454,8717,-2128,-27.28
2026-09-09T12:01:06.659,1788935466.6598,8718,3228,41.38
2026-09-09T12:01:06.659,1788935466.6598,8719,-1804,-23.13
2026-09-09T12:01:06.675,1788935466.6760,8720,3008,38.56
2026-09-09T12:01:06.675,1788935466.6760,8721,-1516,-19.44
2026-09-09T12:01:06.707,1788935466.7076,8722,2728,34.97
2026-09-09T12:01:06.712,1788935466.7129,8723,-3672,-47.08
2026-09-09T12:01:06.717,1788935466.7176,8724,2432,31.18
2026-09-09T12:01:06.725,1788935466.7253,8725,-3588,-46.0
2026-09-09T12:01:06.725,1788935466.7253,8726,2128,27.28
2026-09-09T12:01:06.739,1788935466.7392,8727,-3444,-44.15
2026-09-09T12:01:06.755,1788935466.7551,8728,1844,23.64
2026-09-09T12:01:06.755,1788935466.7551,8729,-3192,-40.92
2026-09-09T12:01:06.770,1788935466.7709,8730,1576,20.21
2026-09-09T12:01:06.790,1788935466.7905,8731,-2888,-37.03
2026-09-09T12:01:06.794,1788935466.7948,8732,3484,44.67
2026-09-09T12:01:06.802,1788935466.8029,8733,-2556,-32.77
2026-09-09T12:01:06.802,1788935466.8029,8734,3460,44.36
2026-09-09T12:01:06.818,1788935466.8189,8735,-2252,-28.87
2026-09-09T12:01:06.834,1788935466.8346,8736,3336,42.77
2026-09-09T12:01:06.850,1788935466.8504,8737,-1956,-25.08
2026-09-09T12:01:06.856,1788935466.8564,8738,3128,40.1
2026-09-09T12:01:06.866,1788935466.8664,8739,-1620,-20.77
2026-09-09T12:01:06.882,1788935466.8822,8740,2824,36.21
2026-09-09T12:01:06.884,1788935466.8842,8741,-1328,-17.03
2026-09-09T12:01:06.897,1788935466.8979,8742,2556,32.77
2026-09-09T12:01:06.903,1788935466.9040,8743,-3628,-46.51
2026-09-09T12:01:06.913,1788935466.9140,8744,2252,28.87
2026-09-09T12:01:06.913,1788935466.9140,8745,-3516,-45.08
2026-09-09T12:01:06.929,1788935466.9300,8746,1964,25.18
2026-09-09T12:01:06.956,1788935466.9566,8747,-3284,-42.1
2026-09-09T12:01:06.961,1788935466.9616,8748,1684,21.59
2026-09-09T12:01:06.961,1788935466.9616,8749,-3004,-38.51
2026-09-09T12:01:06.977,1788935466.9772,8750,1404,18.0
2026-09-09T12:01:06.977,1788935466.9772,8751,-2692,-34.51
2026-09-09T12:01:06.993,1788935466.9930,8752,3480,44.62
2026-09-09T12:01:07.008,1788935467.0088,8753,-2368,-30.36
2026-09-09T12:01:07.015,1788935467.0151,8754,3376,43.28
2026-09-09T12:01:07.024,1788935467.0248,8755,-2072,-26.56
2026-09-09T12:01:07.040,1788935467.0409,8756,3196,40.97
2026-09-09T12:01:07.044,1788935467.0449,8757,-1736,-22.26
2026-09-09T12:01:07.044,1788935467.0449,8758,2944,37.74
2026-09-09T12:01:07.056,1788935467.0570,8759,-1476,-18.92
2026-09-09T12:01:07.073,1788935467.0732,8760,2656,34.05
2026-09-09T12:01:07.088,1788935467.0889,8761,-3652,-46.82
2026-09-09T12:01:07.100,1788935467.1009,8762,2336,29.95
2026-09-09T12:01:07.110,1788935467.1102,8763,-3588,-46.0
2026-09-09T12:01:07.115,1788935467.1157,8764,2040,26.15
2026-09-09T12:01:07.120,1788935467.1203,8765,-3428,-43.95
2026-09-09T12:01:07.136,1788935467.1364,8766,1760,22.56
2026-09-09T12:01:07.136,1788935467.1364,8767,-3148,-40.36
2026-09-09T12:01:07.156,1788935467.1567,8768,1484,19.03
2026-09-09T12:01:07.168,1788935467.1682,8769,-2832,-36.31
2026-09-09T12:01:07.168,1788935467.1682,8770,1192,15.28
2026-09-09T12:01:07.183,1788935467.1840,8771,-2484,-31.85
2026-09-09T12:01:07.183,1788935467.1840,8772,3448,44.21
2026-09-09T12:01:07.200,1788935467.2000,8773,-2168,-27.79
2026-09-09T12:01:07.216,1788935467.2161,8774,3276,42.0
2026-09-09T12:01:07.216,1788935467.2161,8775,-1864,-23.9
2026-09-09T12:01:07.231,1788935467.2319,8776,3064,39.28
2026-09-09T12:01:07.254,1788935467.2548,8777,-1544,-19.79
2026-09-09T12:01:07.257,1788935467.2579,8778,2768,35.49
2026-09-09T12:01:07.265,1788935467.2655,8779,-1240,-15.9
2026-09-09T12:01:07.265,1788935467.2655,8780,2484,31.85
2026-09-09T12:01:07.289,1788935467.2897,8781,-3616,-46.36
2026-09-09T12:01:07.295,1788935467.2954,8782,2152,27.59
2026-09-09T12:01:07.295,1788935467.2954,8783,-3496,-44.82
2026-09-09T12:01:07.311,1788935467.3115,8784,1872,24.0
2026-09-09T12:01:07.332,1788935467.3324,8785,-3240,-41.54
2026-09-09T12:01:07.332,1788935467.3324,8786,1596,20.46
2026-09-09T12:01:07.343,1788935467.3434,8787,-2956,-37.9
2026-09-09T12:01:07.359,1788935467.3591,8788,1328,17.03
2026-09-09T12:01:07.369,1788935467.3694,8789,-2616,-33.54
2026-09-09T12:01:07.375,1788935467.3751,8790,1052,13.49
2026-09-09T12:01:07.390,1788935467.3908,8791,-2304,-29.54
2026-09-09T12:01:07.390,1788935467.3908,8792,3336,42.77
2026-09-09T12:01:07.406,1788935467.4064,8793,-1952,-25.03
2026-09-09T12:01:07.406,1788935467.4064,8794,3160,40.51
2026-09-09T12:01:07.422,1788935467.4226,8795,-1668,-21.38
2026-09-09T12:01:07.434,1788935467.4350,8796,2896,37.13
2026-09-09T12:01:07.445,1788935467.4455,8797,-1348,-17.28
2026-09-09T12:01:07.462,1788935467.4621,8798,2628,33.69
2026-09-09T12:01:07.470,1788935467.4702,8799,-1048,-13.44
2026-09-09T12:01:07.470,1788935467.4702,8800,2316,29.69
2026-09-09T12:01:07.486,1788935467.4862,8801,-3500,-44.87
2026-09-09T12:01:07.486,1788935467.4862,8802,2028,26.0
2026-09-09T12:01:07.512,1788935467.5122,8803,-3292,-42.21
2026-09-09T12:01:07.517,1788935467.5174,8804,1740,22.31
2026-09-09T12:01:07.526,1788935467.5269,8805,-3032,-38.87
2026-09-09T12:01:07.534,1788935467.5341,8806,1484,19.03
2026-09-09T12:01:07.544,1788935467.5441,8807,-2704,-34.67
2026-09-09T12:01:07.558,1788935467.5582,8808,1180,15.13
2026-09-09T12:01:07.566,1788935467.5662,8809,-2364,-30.31
2026-09-09T12:01:07.566,1788935467.5662,8810,900,11.54
2026-09-09T12:01:07.597,1788935467.5972,8811,-2036,-26.1
2026-09-09T12:01:07.597,1788935467.5972,8812,3332,42.72
2026-09-09T12:01:07.597,1788935467.5972,8813,-1704,-21.85
2026-09-09T12:01:07.613,1788935467.6131,8814,3136,40.21
2026-09-09T12:01:07.637,1788935467.6379,8815,-1364,-17.49
2026-09-09T12:01:07.637,1788935467.6379,8816,2888,37.03
2026-09-09T12:01:07.644,1788935467.6447,8817,-1000,-12.82
2026-09-09T12:01:07.660,1788935467.6604,8818,2624,33.64
2026-09-09T12:01:07.664,1788935467.6644,8819,-644,-8.26
2026-09-09T12:01:07.676,1788935467.6763,8820,2368,30.36
2026-09-09T12:01:07.676,1788935467.6763,8821,-3144,-40.31
2026-09-09T12:01:07.692,1788935467.6922,8822,2136,27.38
2026-09-09T12:01:07.692,1788935467.6922,8823,-2868,-36.77
2026-09-09T12:01:07.723,1788935467.7230,8824,1860,23.85
2026-09-09T12:01:07.725,1788935467.7251,8825,-2540,-32.56
2026-09-09T12:01:07.725,1788935467.7251,8826,1604,20.56
2026-09-09T12:01:07.739,1788935467.7400,8827,-2196,-28.15
2026-09-09T12:01:07.758,1788935467.7582,8828,1340,17.18
2026-09-09T12:01:07.758,1788935467.7582,8829,-1888,-24.21
2026-09-09T12:01:07.773,1788935467.7734,8830,968,12.41
2026-09-09T12:01:07.787,1788935467.7873,8831,-1612,-20.67
2026-09-09T12:01:07.797,1788935467.7974,8832,3408,43.69
2026-09-09T12:01:07.803,1788935467.8034,8833,-1360,-17.44
2026-09-09T12:01:07.803,1788935467.8034,8834,3080,39.49
2026-09-09T12:01:07.819,1788935467.8191,8835,-1104,-14.15
2026-09-09T12:01:07.835,1788935467.8351,8836,2736,35.08
2026-09-09T12:01:07.850,1788935467.8510,8837,-832,-10.67
2026-09-09T12:01:07.858,1788935467.8582,8838,2380,30.51
2026-09-09T12:01:07.868,1788935467.8685,8839,-544,-6.97
2026-09-09T12:01:07.876,1788935467.8766,8840,2084,26.72
2026-09-09T12:01:07.882,1788935467.8823,8841,-3180,-40.77
2026-09-09T12:01:07.898,1788935467.8983,8842,1752,22.46
2026-09-09T12:01:07.908,1788935467.9084,8843,-2928,-37.54
2026-09-09T12:01:07.916,1788935467.9163,8844,1440,18.46
2026-09-09T12:01:07.916,1788935467.9163,8845,-2636,-33.79
2026-09-09T12:01:07.930,1788935467.9301,8846,1120,14.36
2026-09-09T12:01:07.946,1788935467.9463,8847,-2348,-30.1
2026-09-09T12:01:07.946,1788935467.9463,8848,768,9.85
2026-09-09T12:01:07.962,1788935467.9624,8849,-2048,-26.26
2026-09-09T12:01:07.978,1788935467.9781,8850,384,4.92
2026-09-09T12:01:07.989,1788935467.9898,8851,-1760,-22.56
2026-09-09T12:01:07.994,1788935467.9944,8852,2916,37.38
2026-09-09T12:01:08.010,1788935468.0103,8853,-1448,-18.56
2026-09-09T12:01:08.010,1788935468.0103,8854,2668,34.21
2026-09-09T12:01:08.026,1788935468.0263,8855,-1088,-13.95
2026-09-09T12:01:08.033,1788935468.0340,8856,2396,30.72
2026-09-09T12:01:08.041,1788935468.0420,8857,-728,-9.33
2026-09-09T12:01:08.058,1788935468.0583,8858,2188,28.05
2026-09-09T12:01:08.058,1788935468.0583,8859,-320,-4.1
2026-09-09T12:01:08.073,1788935468.0739,8860,1956,25.08
2026-09-09T12:01:08.089,1788935468.0900,8861,-2900,-37.18
2026-09-09T12:01:08.089,1788935468.0900,8862,1728,22.15
2026-09-09T12:01:08.105,1788935468.1060,8863,-2556,-32.77
2026-09-09T12:01:08.121,1788935468.1216,8864,1492,19.13
2026-09-09T12:01:08.121,1788935468.1216,8865,-2172,-27.85
2026-09-09T12:01:08.137,1788935468.1373,8866,1240,15.9
2026-09-09T12:01:08.137,1788935468.1373,8867,-1824,-23.38
2026-09-09T12:01:08.159,1788935468.1591,8868,908,11.64
2026-09-09T12:01:08.159,1788935468.1591,8869,-1524,-19.54
2026-09-09T12:01:08.169,1788935468.1692,8870,500,6.41
2026-09-09T12:01:08.184,1788935468.1849,8871,-1240,-15.9
2026-09-09T12:01:08.184,1788935468.1849,8872,3068,39.33
2026-09-09T12:01:08.216,1788935468.2164,8873,-940,-12.05
2026-09-09T12:01:08.216,1788935468.2164,8874,2764,35.44
2026-09-09T12:01:08.216,1788935468.2164,8875,-660,-8.46
2026-09-09T12:01:08.232,1788935468.2323,8876,2424,31.08
2026-09-09T12:01:08.248,1788935468.2481,8877,-368,-4.72
2026-09-09T12:01:08.258,1788935468.2590,8878,2104,26.97
2026-09-09T12:01:08.264,1788935468.2643,8879,-48,-0.62
2026-09-09T12:01:08.276,1788935468.2763,8880,1788,22.92
2026-09-09T12:01:08.280,1788935468.2804,8881,-2740,-35.13
2026-09-09T12:01:08.299,1788935468.2999,8882,1500,19.23
2026-09-09T12:01:08.306,1788935468.3064,8883,-2432,-31.18
2026-09-09T12:01:08.312,1788935468.3124,8884,1180,15.13
2026-09-09T12:01:08.328,1788935468.3283,8885,-2136,-27.38
2026-09-09T12:01:08.328,1788935468.3283,8886,844,10.82
2026-09-09T12:01:08.344,1788935468.3442,8887,-1852,-23.74
2026-09-09T12:01:08.359,1788935468.3592,8888,448,5.74
2026-09-09T12:01:08.375,1788935468.3760,8889,-1536,-19.69
2026-09-09T12:01:08.375,1788935468.3760,8890,2984,38.26
2026-09-09T12:01:08.375,1788935468.3760,8891,-1304,-16.72
2026-09-09T12:01:08.392,1788935468.3922,8892,2652,34.0
2026-09-09T12:01:08.407,1788935468.4079,8893,-1056,-13.54
2026-09-09T12:01:08.407,1788935468.4079,8894,2304,29.54
2026-09-09T12:01:08.423,1788935468.4240,8895,-736,-9.44
2026-09-09T12:01:08.423,1788935468.4240,8896,1996,25.59
2026-09-09T12:01:08.459,1788935468.4591,8897,-404,-5.18
2026-09-09T12:01:08.459,1788935468.4591,8898,1696,21.74
2026-09-09T12:01:08.459,1788935468.4591,8899,0,0.0
2026-09-09T12:01:08.471,1788935468.4715,8900,1468,18.82
2026-09-09T12:01:08.487,1788935468.4875,8901,-2672,-34.26
2026-09-09T12:01:08.487,1788935468.4875,8902,1232,15.79
2026-09-09T12:01:08.503,1788935468.5035,8903,-2288,-29.33
2026-09-09T12:01:08.503,1788935468.5035,8904,976,12.51
2026-09-09T12:01:08.526,1788935468.5266,8905,-1904,-24.41
2026-09-09T12:01:08.535,1788935468.5350,8906,720,9.23
2026-09-09T12:01:08.535,1788935468.5350,8907,-1492,-19.13
2026-09-09T12:01:08.551,1788935468.5511,8908,456,5.85
2026-09-09T12:01:08.567,1788935468.5677,8909,-1092,-14.0
2026-09-09T12:01:08.582,1788935468.5827,8910,3124,40.05
2026-09-09T12:01:08.582,1788935468.5827,8911,-764,-9.79
2026-09-09T12:01:08.598,1788935468.5987,8912,2812,36.05
2026-09-09T12:01:08.598,1788935468.5987,8913,-448,-5.74
2026-09-09T12:01:08.614,1788935468.6147,8914,2476,31.74
2026-09-09T12:01:08.614,1788935468.6147,8915,-288,-3.69
2026-09-09T12:01:08.630,1788935468.6307,8916,1968,25.23
2026-09-09T12:01:08.646,1788935468.6466,8917,-128,-1.64
2026-09-09T12:01:08.646,1788935468.6466,8918,1536,19.69
2026-09-09T12:01:08.662,1788935468.6625,8919,160,2.05
2026-09-09T12:01:08.662,1788935468.6625,8920,1128,14.46
2026-09-09T12:01:08.678,1788935468.6782,8921,-2664,-34.15
2026-09-09T12:01:08.703,1788935468.7030,8922,816,10.46
2026-09-09T12:01:08.710,1788935468.7100,8923,-2240,-28.72
2026-09-09T12:01:08.710,1788935468.7100,8924,684,8.77
2026-09-09T12:01:08.727,1788935468.7274,8925,-1728,-22.15
2026-09-09T12:01:08.727,1788935468.7274,8926,648,8.31
2026-09-09T12:01:08.741,1788935468.7415,8927,-1028,-13.18
2026-09-09T12:01:08.757,1788935468.7573,8928,672,8.62
2026-09-09T12:01:08.765,1788935468.7654,8929,-320,-4.1
2026-09-09T12:01:08.773,1788935468.7733,8930,3616,46.36
2026-09-09T12:01:08.788,1788935468.7889,8931,332,4.26
2026-09-09T12:01:08.788,1788935468.7889,8932,3704,47.49
2026-09-09T12:01:08.804,1788935468.8046,8933,1028,13.18
2026-09-09T12:01:08.820,1788935468.8205,8934,3696,47.38
2026-09-09T12:01:08.820,1788935468.8205,8935,1520,19.49
2026-09-09T12:01:08.836,1788935468.8369,8936,3468,44.46
2026-09-09T12:01:08.836,1788935468.8369,8937,1864,23.9
2026-09-09T12:01:08.859,1788935468.8594,8938,3048,39.08
2026-09-09T12:01:08.871,1788935468.8712,8939,2096,26.87
2026-09-09T12:01:08.874,1788935468.8743,8940,2588,33.18
2026-09-09T12:01:08.885,1788935468.8851,8941,-812,-10.41
2026-09-09T12:01:08.885,1788935468.8851,8942,2160,27.69
2026-09-09T12:01:08.901,1788935468.9011,8943,-704,-9.03
2026-09-09T12:01:08.917,1788935468.9172,8944,1580,20.26
2026-09-09T12:01:08.917,1788935468.9172,8945,-624,-8.0
2026-09-09T12:01:08.933,1788935468.9333,8946,972,12.46
2026-09-09T12:01:08.949,1788935468.9493,8947,-520,-6.67
2026-09-09T12:01:08.949,1788935468.9493,8948,356,4.56
2026-09-09T12:01:08.965,1788935468.9654,8949,-344,-4.41
2026-09-09T12:01:08.965,1788935468.9654,8950,3036,38.92
2026-09-09T12:01:08.995,1788935468.9953,8951,-136,-1.74
2026-09-09T12:01:08.998,1788935468.9989,8952,2608,33.44
2026-09-09T12:01:09.007,1788935469.0074,8953,76,0.97
2026-09-09T12:01:09.007,1788935469.0074,8954,2176,27.9
2026-09-09T12:01:09.023,1788935469.0231,8955,268,3.44
2026-09-09T12:01:09.023,1788935469.0231,8956,1700,21.79
2026-09-09T12:01:09.038,1788935469.0389,8957,448,5.74
2026-09-09T12:01:09.054,1788935469.0547,8958,1176,15.08
2026-09-09T12:01:09.070,1788935469.0704,8959,704,9.03
2026-09-09T12:01:09.070,1788935469.0704,8960,608,7.79
2026-09-09T12:01:09.086,1788935469.0861,8961,-2508,-32.15
2026-09-09T12:01:09.086,1788935469.0861,8962,92,1.18
2026-09-09T12:01:09.112,1788935469.1125,8963,-2300,-29.49
2026-09-09T12:01:09.117,1788935469.1178,8964,-268,-3.44
2026-09-09T12:01:09.125,1788935469.1255,8965,-1944,-24.92
2026-09-09T12:01:09.133,1788935469.1336,8966,-556,-7.13
2026-09-09T12:01:09.149,1788935469.1493,8967,-1488,-19.08
2026-09-09T12:01:09.149,1788935469.1493,8968,-908,-11.64
2026-09-09T12:01:09.165,1788935469.1654,8969,-996,-12.77
2026-09-09T12:01:09.165,1788935469.1654,8970,2192,28.1
2026-09-09T12:01:09.189,1788935469.1892,8971,-344,-4.41
2026-09-09T12:01:09.197,1788935469.1972,8972,2356,30.21
2026-09-09T12:01:09.197,1788935469.1972,8973,564,7.23
2026-09-09T12:01:09.212,1788935469.2130,8974,2632,33.74
2026-09-09T12:01:09.231,1788935469.2311,8975,1584,20.31
2026-09-09T12:01:09.231,1788935469.2311,8976,2908,37.28
2026-09-09T12:01:09.245,1788935469.2451,8977,2368,30.36
2026-09-09T12:01:09.245,1788935469.2451,8978,2756,35.33
2026-09-09T12:01:09.261,1788935469.2613,8979,2908,37.28
2026-09-09T12:01:09.276,1788935469.2770,8980,2140,27.44
2026-09-09T12:01:09.276,1788935469.2770,8981,-636,-8.15
2026-09-09T12:01:09.292,1788935469.2929,8982,1368,17.54
2026-09-09T12:01:09.309,1788935469.3090,8983,-888,-11.38
2026-09-09T12:01:09.309,1788935469.3090,8984,300,3.85
2026-09-09T12:01:09.331,1788935469.3317,8985,-1252,-16.05
2026-09-09T12:01:09.331,1788935469.3317,8986,-640,-8.21
2026-09-09T12:01:09.340,1788935469.3407,8987,-1172,-15.03
2026-09-09T12:01:09.356,1788935469.3568,8988,-1316,-16.87
2026-09-09T12:01:09.364,1788935469.3645,8989,-1000,-12.82
2026-09-09T12:01:09.372,1788935469.3725,8990,1656,21.23
2026-09-09T12:01:09.388,1788935469.3886,8991,-916,-11.74
2026-09-09T12:01:09.394,1788935469.3947,8992,1080,13.85
2026-09-09T12:01:09.404,1788935469.4047,8993,-636,-8.15
2026-09-09T12:01:09.404,1788935469.4047,8994,1016,13.03
2026-09-09T12:01:09.436,1788935469.4363,8995,452,5.79
2026-09-09T12:01:09.436,1788935469.4363,8996,1432,18.36
2026-09-09T12:01:09.452,1788935469.4521,8997,1828,23.44
2026-09-09T12:01:09.452,1788935469.4521,8998,2064,26.46
2026-09-09T12:01:09.467,1788935469.4679,8999,3512,45.03
2026-09-09T12:01:09.475,1788935469.4760,9000,2676,34.31
2026-09-09T12:01:09.483,1788935469.4838,9001,644,8.26
2026-09-09T12:01:09.499,1788935469.4995,9002,2564,32.87
2026-09-09T12:01:09.508,1788935469.5084,9003,884,11.33
2026-09-09T12:01:09.515,1788935469.5156,9004,1840,23.59
2026-09-09T12:01:09.515,1788935469.5156,9005,968,12.41
2026-09-09T12:01:09.531,1788935469.5314,9006,1032,13.23
2026-09-09T12:01:09.549,1788935469.5495,9007,812,10.41
2026-09-09T12:01:09.561,1788935469.5612,9008,-124,-1.59
2026-09-09T12:01:09.565,1788935469.5652,9009,756,9.69
2026-09-09T12:01:09.578,1788935469.5789,9010,3000,38.46
2026-09-09T12:01:09.578,1788935469.5789,9011,848,10.87
2026-09-09T12:01:09.596,1788935469.5967,9012,2472,31.69
2026-09-09T12:01:09.610,1788935469.6103,9013,988,12.67
2026-09-09T12:01:09.610,1788935469.6103,9014,1904,24.41
2026-09-09T12:01:09.626,1788935469.6266,9015,1224,15.69
2026-09-09T12:01:09.626,1788935469.6266,9016,1324,16.97
2026-09-09T12:01:09.642,1788935469.6427,9017,1528,19.59
2026-09-09T12:01:09.642,1788935469.6427,9018,632,8.1
2026-09-09T12:01:09.674,1788935469.6746,9019,1832,23.49
2026-09-09T12:01:09.674,1788935469.6746,9020,-96,-1.23
2026-09-09T12:01:09.674,1788935469.6746,9021,-2140,-27.44
2026-09-09T12:01:09.690,1788935469.6907,9022,-972,-12.46
2026-09-09T12:01:09.706,1788935469.7069,9023,-2304,-29.54
2026-09-09T12:01:09.706,1788935469.7069,9024,-1964,-25.18
2026-09-09T12:01:09.724,1788935469.7247,9025,-2544,-32.62
2026-09-09T12:01:09.738,1788935469.7383,9026,-3148,-40.36
2026-09-09T12:01:09.738,1788935469.7383,9027,-2768,-35.49
2026-09-09T12:01:09.754,1788935469.7540,9028,-4372,-56.05
2026-09-09T12:01:09.765,1788935469.7658,9029,-2856,-36.62
2026-09-09T12:01:09.775,1788935469.7759,9030,-932,-11.95
2026-09-09T12:01:09.791,1788935469.7917,9031,-2436,-31.23
2026-09-09T12:01:09.801,1788935469.8017,9032,-1028,-13.18
2026-09-09T12:01:09.801,1788935469.8017,9033,-1636,-20.97
2026-09-09T12:01:09.817,1788935469.8176,9034,-892,-11.44
2026-09-09T12:01:09.817,1788935469.8176,9035,-508,-6.51
2026-09-09T12:01:09.833,1788935469.8332,9036,-684,-8.77
2026-09-09T12:01:09.833,1788935469.8332,9037,632,8.1
2026-09-09T12:01:09.848,1788935469.8489,9038,-428,-5.49
2026-09-09T12:01:09.864,1788935469.8649,9039,-2268,-29.08
2026-09-09T12:01:09.880,1788935469.8809,9040,-164,-2.1
2026-09-09T12:01:09.885,1788935469.8855,9041,-1456,-18.67
2026-09-09T12:01:09.885,1788935469.8855,9042,-316,-4.05
2026-09-09T12:01:09.907,1788935469.9071,9043,-892,-11.44
2026-09-09T12:01:09.921,1788935469.9212,9044,-860,-11.03
2026-09-09T12:01:09.921,1788935469.9212,9045,-696,-8.92
2026-09-09T12:01:09.928,1788935469.9287,9046,-1892,-24.26
2026-09-09T12:01:09.945,1788935469.9450,9047,-916,-11.74
2026-09-09T12:01:09.961,1788935469.9618,9048,-3296,-42.26
2026-09-09T12:01:09.961,1788935469.9618,9049,-1416,-18.15
2026-09-09T12:01:09.976,1788935469.9766,9050,-224,-2.87
2026-09-09T12:01:09.976,1788935469.9766,9051,-1592,-20.41
2026-09-09T12:01:09.992,1788935469.9925,9052,-860,-11.03
2026-09-09T12:01:09.992,1788935469.9925,9053,-1272,-16.31
2026-09-09T12:01:10.008,1788935470.0083,9054,-1068,-13.69
2026-09-09T12:01:10.024,1788935470.0241,9055,376,4.82
2026-09-09T12:01:10.039,1788935470.0399,9056,-108,-1.38
2026-09-09T12:01:10.043,1788935470.0439,9057,2420,31.03
2026-09-09T12:01:10.055,1788935470.0557,9058,1024,13.13
2026-09-09T12:01:10.061,1788935470.0619,9059,-88,-1.13
2026-09-09T12:01:10.071,1788935470.0717,9060,1804,23.13
2026-09-09T12:01:10.071,1788935470.0717,9061,1128,14.46
2026-09-09T12:01:10.087,1788935470.0874,9062,1608,20.62
2026-09-09T12:01:10.103,1788935470.1035,9063,1360,17.44
2026-09-09T12:01:10.119,1788935470.1193,9064,456,5.85
2026-09-09T12:01:10.119,1788935470.1193,9065,1156,14.82
2026-09-09T12:01:10.135,1788935470.1351,9066,-732,-9.38
2026-09-09T12:01:10.151,1788935470.1511,9067,796,10.21
2026-09-09T12:01:10.151,1788935470.1511,9068,-2216,-28.41
2026-09-09T12:01:10.167,1788935470.1672,9069,324,4.15
2026-09-09T12:01:10.175,1788935470.1752,9070,1136,14.56
2026-09-09T12:01:10.183,1788935470.1835,9071,164,2.1
2026-09-09T12:01:10.199,1788935470.1994,9072,252,3.23
2026-09-09T12:01:10.199,1788935470.1994,9073,312,4.0
2026-09-09T12:01:10.215,1788935470.2154,9074,-428,-5.49
2026-09-09T12:01:10.215,1788935470.2154,9075,736,9.44
2026-09-09T12:01:10.231,1788935470.2313,9076,-952,-12.21
2026-09-09T12:01:10.231,1788935470.2313,9077,1208,15.49
2026-09-09T12:01:10.247,1788935470.2472,9078,-1376,-17.64
2026-09-09T12:01:10.272,1788935470.2729,9079,-2640,-33.85
2026-09-09T12:01:10.278,1788935470.2789,9080,-1856,-23.79
2026-09-09T12:01:10.283,1788935470.2839,9081,-2312,-29.64
2026-09-09T12:01:10.301,1788935470.3013,9082,-2428,-31.13
2026-09-09T12:01:10.308,1788935470.3086,9083,-1972,-25.28
2026-09-09T12:01:10.316,1788935470.3164,9084,-3068,-39.33
2026-09-09T12:01:10.326,1788935470.3262,9085,-1552,-19.9
2026-09-09T12:01:10.326,1788935470.3262,9086,-3596,-46.1
2026-09-09T12:01:10.342,1788935470.3423,9087,-1020,-13.08
2026-09-09T12:01:10.357,1788935470.3579,9088,-3940,-50.51
2026-09-09T12:01:10.365,1788935470.3660,9089,-440,-5.64
2026-09-09T12:01:10.375,1788935470.3758,9090,264,3.38
2026-09-09T12:01:10.393,1788935470.3936,9091,300,3.85
2026-09-09T12:01:10.405,1788935470.4054,9092,172,2.21
2026-09-09T12:01:10.405,1788935470.4054,9093,1176,15.08
2026-09-09T12:01:10.405,1788935470.4054,9094,28,0.36
2026-09-09T12:01:10.421,1788935470.4214,9095,2028,26.0
2026-09-09T12:01:10.437,1788935470.4374,9096,-28,-0.36
2026-09-09T12:01:10.443,1788935470.4438,9097,2892,37.08
2026-09-09T12:01:10.453,1788935470.4531,9098,-128,-1.64
2026-09-09T12:01:10.469,1788935470.4692,9099,-824,-10.56
2026-09-09T12:01:10.469,1788935470.4692,9100,-512,-6.56
2026-09-09T12:01:10.485,1788935470.4854,9101,-432,-5.54
2026-09-09T12:01:10.487,1788935470.4875,9102,-1292,-16.56
2026-09-09T12:01:10.517,1788935470.5172,9103,-256,-3.28
2026-09-09T12:01:10.517,1788935470.5172,9104,-2136,-27.38
2026-09-09T12:01:10.517,1788935470.5172,9105,-160,-2.05
2026-09-09T12:01:10.533,1788935470.5332,9106,-3080,-39.49
2026-09-09T12:01:10.533,1788935470.5332,9107,-144,-1.85
2026-09-09T12:01:10.557,1788935470.5577,9108,-3868,-49.59
2026-09-09T12:01:10.566,1788935470.5662,9109,36,0.46
2026-09-09T12:01:10.574,1788935470.5747,9110,108,1.38
2026-09-09T12:01:10.581,1788935470.5814,9111,644,8.26
2026-09-09T12:01:10.581,1788935470.5814,9112,-136,-1.74
2026-09-09T12:01:10.597,1788935470.5976,9113,1480,18.97
2026-09-09T12:01:10.613,1788935470.6134,9114,-224,-2.87
2026-09-09T12:01:10.629,1788935470.6294,9115,2440,31.28
2026-09-09T12:01:10.629,1788935470.6294,9116,-128,-1.64
2026-09-09T12:01:10.647,1788935470.6474,9117,3272,41.95
2026-09-09T12:01:10.661,1788935470.6613,9118,-304,-3.9
2026-09-09T12:01:10.662,1788935470.6623,9119,-516,-6.62
2026-09-09T12:01:10.677,1788935470.6772,9120,-896,-11.49
2026-09-09T12:01:10.684,1788935470.6846,9121,-228,-2.92
2026-09-09T12:01:10.699,1788935470.6990,9122,-1708,-21.9
2026-09-09T12:01:10.705,1788935470.7053,9123,-20,-0.26
2026-09-09T12:01:10.709,1788935470.7092,9124,-2464,-31.59
2026-09-09T12:01:10.726,1788935470.7263,9125,192,2.46
2026-09-09T12:01:10.726,1788935470.7263,9126,-3084,-39.54
2026-09-09T12:01:10.740,1788935470.7410,9127,508,6.51
2026-09-09T12:01:10.756,1788935470.7567,9128,-3544,-45.44
2026-09-09T12:01:10.766,1788935470.7663,9129,1012,12.97
2026-09-09T12:01:10.772,1788935470.7726,9130,520,6.67
2026-09-09T12:01:10.788,1788935470.7887,9131,1620,20.77
2026-09-09T12:01:10.788,1788935470.7887,9132,188,2.41
2026-09-09T12:01:10.804,1788935470.8046,9133,2364,30.31
2026-09-09T12:01:10.804,1788935470.8046,9134,24,0.31
2026-09-09T12:01:10.820,1788935470.8203,9135,3044,39.03
2026-09-09T12:01:10.820,1788935470.8203,9136,-244,-3.13
2026-09-09T12:01:10.836,1788935470.8364,9137,3484,44.67
2026-09-09T12:01:10.852,1788935470.8522,9138,-744,-9.54
2026-09-09T12:01:10.868,1788935470.8683,9139,-396,-5.08
2026-09-09T12:01:10.868,1788935470.8683,9140,-1348,-17.28
2026-09-09T12:01:10.885,1788935470.8860,9141,44,0.56
2026-09-09T12:01:10.899,1788935470.8999,9142,-1912,-24.51
2026-09-09T12:01:10.905,1788935470.9059,9143,472,6.05
2026-09-09T12:01:10.915,1788935470.9159,9144,-2400,-30.77
2026-09-09T12:01:10.915,1788935470.9159,9145,936,12.0
2026-09-09T12:01:10.934,1788935470.9340,9146,-2740,-35.13
2026-09-09T12:01:10.947,1788935470.9480,9147,1508,19.33
2026-09-09T12:01:10.947,1788935470.9480,9148,-2900,-37.18
2026-09-09T12:01:10.963,1788935470.9638,9149,2200,28.21
2026-09-09T12:01:10.981,1788935470.9811,9150,1152,14.77
2026-09-09T12:01:10.995,1788935470.9956,9151,2916,37.38
2026-09-09T12:01:10.995,1788935470.9956,9152,860,11.03
2026-09-09T12:01:11.005,1788935471.0056,9153,3500,44.87
2026-09-09T12:01:11.015,1788935471.0153,9154,504,6.46
2026-09-09T12:01:11.026,1788935471.0269,9155,3952,50.67
2026-09-09T12:01:11.026,1788935471.0269,9156,80,1.03
2026-09-09T12:01:11.043,1788935471.0430,9157,4288,54.97
2026-09-09T12:01:11.059,1788935471.0591,9158,-480,-6.15
2026-09-09T12:01:11.063,1788935471.0633,9159,548,7.03
2026-09-09T12:01:11.074,1788935471.0748,9160,-1064,-13.64
2026-09-09T12:01:11.074,1788935471.0748,9161,960,12.31
2026-09-09T12:01:11.106,1788935471.1065,9162,-1668,-21.38
2026-09-09T12:01:11.106,1788935471.1065,9163,1284,16.46
2026-09-09T12:01:11.106,1788935471.1065,9164,-2152,-27.59
2026-09-09T12:01:11.122,1788935471.1227,9165,1736,22.26
2026-09-09T12:01:11.138,1788935471.1384,9166,-2516,-32.26
2026-09-09T12:01:11.145,1788935471.1459,9167,2260,28.97
2026-09-09T12:01:11.154,1788935471.1543,9168,1536,19.69
2026-09-09T12:01:11.163,1788935471.1633,9169,2860,36.67
2026-09-09T12:01:11.169,1788935471.1700,9170,1120,14.36
2026-09-09T12:01:11.186,1788935471.1860,9171,3412,43.74
2026-09-09T12:01:11.186,1788935471.1860,9172,744,9.54
2026-09-09T12:01:11.202,1788935471.2021,9173,3888,49.85
2026-09-09T12:01:11.217,1788935471.2180,9174,352,4.51
2026-09-09T12:01:11.217,1788935471.2180,9175,4400,56.41
2026-09-09T12:01:11.233,1788935471.2339,9176,80,1.03
2026-09-09T12:01:11.254,1788935471.2544,9177,4996,64.05
2026-09-09T12:01:11.257,1788935471.2576,9178,-156,-2.0
2026-09-09T12:01:11.265,1788935471.2656,9179,1632,20.92
2026-09-09T12:01:11.265,1788935471.2656,9180,-324,-4.15
2026-09-09T12:01:11.281,1788935471.2814,9181,2452,31.44
2026-09-09T12:01:11.297,1788935471.2974,9182,-436,-5.59
2026-09-09T12:01:11.297,1788935471.2974,9183,3236,41.49
2026-09-09T12:01:11.313,1788935471.3135,9184,-552,-7.08
2026-09-09T12:01:11.313,1788935471.3135,9185,3880,49.74
2026-09-09T12:01:11.335,1788935471.3357,9186,-976,-12.51
2026-09-09T12:01:11.345,1788935471.3456,9187,4092,52.46
2026-09-09T12:01:11.361,1788935471.3615,9188,2624,33.64
2026-09-09T12:01:11.370,1788935471.3710,9189,4236,54.31
2026-09-09T12:01:11.379,1788935471.3795,9190,1696,21.74
2026-09-09T12:01:11.383,1788935471.3838,9191,4236,54.31
2026-09-09T12:01:11.393,1788935471.3935,9192,876,11.23
2026-09-09T12:01:11.409,1788935471.4093,9193,4220,54.1
2026-09-09T12:01:11.409,1788935471.4093,9194,20,0.26
2026-09-09T12:01:11.425,1788935471.4256,9195,4336,55.59
2026-09-09T12:01:11.436,1788935471.4365,9196,-668,-8.56
2026-09-09T12:01:11.445,1788935471.4456,9197,4804,61.59
2026-09-09T12:01:11.463,1788935471.4639,9198,-632,-8.1
2026-09-09T12:01:11.463,1788935471.4639,9199,1944,24.92
2026-09-09T12:01:11.473,1788935471.4735,9200,-344,-4.41
2026-09-09T12:01:11.492,1788935471.4930,9201,3136,40.21
2026-09-09T12:01:11.497,1788935471.4978,9202,-184,-2.36
2026-09-09T12:01:11.504,1788935471.5048,9203,3956,50.72
2026-09-09T12:01:11.504,1788935471.5048,9204,-468,-6.0
2026-09-09T12:01:11.520,1788935471.5209,9205,4488,57.54
2026-09-09T12:01:11.537,1788935471.5371,9206,-512,-6.56
2026-09-09T12:01:11.537,1788935471.5371,9207,5388,69.08
2026-09-09T12:01:11.553,1788935471.5533,9208,3480,44.62
2026-09-09T12:01:11.569,1788935471.5700,9209,5948,76.26
2026-09-09T12:01:11.569,1788935471.5700,9210,3124,40.05
2026-09-09T12:01:11.585,1788935471.5851,9211,6412,82.21
2026-09-09T12:01:11.585,1788935471.5851,9212,2736,35.08
2026-09-09T12:01:11.601,1788935471.6010,9213,6856,87.9
2026-09-09T12:01:11.617,1788935471.6173,9214,2252,28.87
2026-09-09T12:01:11.624,1788935471.6246,9215,7176,92.0
2026-09-09T12:01:11.633,1788935471.6333,9216,1732,22.21
2026-09-09T12:01:11.649,1788935471.6491,9217,7404,94.92
2026-09-09T12:01:11.659,1788935471.6596,9218,1256,16.1
2026-09-09T12:01:11.665,1788935471.6652,9219,4096,52.51
2026-09-09T12:01:11.665,1788935471.6652,9220,900,11.54
2026-09-09T12:01:11.697,1788935471.6971,9221,4648,59.59
2026-09-09T12:01:11.697,1788935471.6971,9222,604,7.74
2026-09-09T12:01:11.697,1788935471.6971,9223,5228,67.03
2026-09-09T12:01:11.713,1788935471.7130,9224,308,3.95
2026-09-09T12:01:11.730,1788935471.7305,9225,5672,72.72
2026-09-09T12:01:11.730,1788935471.7305,9226,-140,-1.79
2026-09-09T12:01:11.744,1788935471.7448,9227,5852,75.03
2026-09-09T12:01:11.744,1788935471.7448,9228,3124,40.05
2026-09-09T12:01:11.764,1788935471.7647,9229,5732,73.49
2026-09-09T12:01:11.776,1788935471.7765,9230,2024,25.95
2026-09-09T12:01:11.776,1788935471.7765,9231,5316,68.15
2026-09-09T12:01:11.794,1788935471.7942,9232,680,8.72
2026-09-09T12:01:11.806,1788935471.8063,9233,4732,60.67
2026-09-09T12:01:11.823,1788935471.8237,9234,-776,-9.95
2026-09-09T12:01:11.823,1788935471.8237,9235,4112,52.72
2026-09-09T12:01:11.839,1788935471.8397,9236,-2028,-26.0
2026-09-09T12:01:11.839,1788935471.8397,9237,3920,50.26
2026-09-09T12:01:11.864,1788935471.8648,9238,-2508,-32.15
2026-09-09T12:01:11.864,1788935471.8648,9239,1136,14.56
2026-09-09T12:01:11.871,1788935471.8718,9240,-1936,-24.82
2026-09-09T12:01:11.887,1788935471.8878,9241,2988,38.31
2026-09-09T12:01:11.898,1788935471.8981,9242,-624,-8.0
2026-09-09T12:01:11.903,1788935471.9037,9243,5020,64.36
2026-09-09T12:01:11.903,1788935471.9037,9244,12,0.15
2026-09-09T12:01:11.919,1788935471.9194,9245,5940,76.15
2026-09-09T12:01:11.935,1788935471.9355,9246,-460,-5.9
2026-09-09T12:01:11.951,1788935471.9512,9247,5456,69.95
2026-09-09T12:01:11.951,1788935471.9512,9248,1904,24.41
2026-09-09T12:01:11.967,1788935471.9670,9249,4332,55.54
2026-09-09T12:01:11.983,1788935471.9832,9250,-288,-3.69
2026-09-09T12:01:11.983,1788935471.9832,9251,3104,39.79
2026-09-09T12:01:11.999,1788935471.9993,9252,-2396,-30.72
2026-09-09T12:01:11.999,1788935471.9993,9253,1392,17.85
2026-09-09T12:01:12.015,1788935472.0152,9254,-5024,-64.41
2026-09-09T12:01:12.015,1788935472.0152,9255,536,6.87
2026-09-09T12:01:12.031,1788935472.0310,9256,-5424,-69.54
2026-09-09T12:01:12.031,1788935472.0310,9257,1940,24.87
2026-09-09T12:01:12.065,1788935472.0653,9258,-3960,-50.77
2026-09-09T12:01:12.065,1788935472.0653,9259,980,12.56
2026-09-09T12:01:12.078,1788935472.0788,9260,-1612,-20.67
2026-09-09T12:01:12.078,1788935472.0788,9261,4200,53.85
2026-09-09T12:01:12.094,1788935472.0945,9262,-88,-1.13
2026-09-09T12:01:12.094,1788935472.0945,9263,5716,73.28
2026-09-09T12:01:12.114,1788935472.1142,9264,-112,-1.44
2026-09-09T12:01:12.126,1788935472.1260,9265,6076,77.9
2026-09-09T12:01:12.126,1788935472.1260,9266,40,0.51
2026-09-09T12:01:12.142,1788935472.1423,9267,6600,84.62
2026-09-09T12:01:12.142,1788935472.1423,9268,2720,34.87
2026-09-09T12:01:12.165,1788935472.1658,9269,6228,79.85
2026-09-09T12:01:12.181,1788935472.1813,9270,1464,18.77
2026-09-09T12:01:12.189,1788935472.1900,9271,5908,75.74
2026-09-09T12:01:12.189,1788935472.1900,9272,340,4.36
2026-09-09T12:01:12.205,1788935472.2057,9273,5652,72.46
2026-09-09T12:01:12.205,1788935472.2057,9274,-540,-6.92
2026-09-09T12:01:12.221,1788935472.2218,9275,5448,69.85
2026-09-09T12:01:12.237,1788935472.2375,9276,-1192,-15.28
2026-09-09T12:01:12.245,1788935472.2455,9277,5248,67.28
2026-09-09T12:01:12.253,1788935472.2534,9278,-1716,-22.0
2026-09-09T12:01:12.266,1788935472.2661,9279,2696,34.56
2026-09-09T12:01:12.269,1788935472.2692,9280,-2208,-28.31
2026-09-09T12:01:12.286,1788935472.2867,9281,2980,38.21
2026-09-09T12:01:12.300,1788935472.3008,9282,-2744,-35.18
2026-09-09T12:01:12.306,1788935472.3068,9283,3076,39.44
2026-09-09T12:01:12.316,1788935472.3165,9284,-3368,-43.18
2026-09-09T12:01:12.316,1788935472.3165,9285,2872,36.82
2026-09-09T12:01:12.334,1788935472.3342,9286,-4136,-53.03
2026-09-09T12:01:12.347,1788935472.3479,9287,2312,29.64
2026-09-09T12:01:12.347,1788935472.3479,9288,-2240,-28.72
2026-09-09T12:01:12.366,1788935472.3661,9289,1544,19.79
2026-09-09T12:01:12.380,1788935472.3800,9290,-3920,-50.26
2026-09-09T12:01:12.380,1788935472.3800,9291,624,8.0
2026-09-09T12:01:12.395,1788935472.3959,9292,-5528,-70.87
2026-09-09T12:01:12.395,1788935472.3959,9293,-108,-1.38
2026-09-09T12:01:12.411,1788935472.4117,9294,-6684,-85.69
2026-09-09T12:01:12.427,1788935472.4278,9295,-500,-6.41
2026-09-09T12:01:12.427,1788935472.4278,9296,-7272,-93.23
2026-09-09T12:01:12.443,1788935472.4437,9297,-464,-5.95
2026-09-09T12:01:12.459,1788935472.4597,9298,-7144,-91.59
2026-09-09T12:01:12.466,1788935472.4662,9299,-1804,-23.13
2026-09-09T12:01:12.475,1788935472.4753,9300,-6336,-81.23
2026-09-09T12:01:12.475,1788935472.4753,9301,-56,-0.72
2026-09-09T12:01:12.495,1788935472.4954,9302,-5044,-64.67
2026-09-09T12:01:12.507,1788935472.5074,9303,1724,22.1
2026-09-09T12:01:12.515,1788935472.5154,9304,-4364,-55.95
2026-09-09T12:01:12.525,1788935472.5252,9305,2188,28.05
2026-09-09T12:01:12.539,1788935472.5397,9306,-4912,-62.97
2026-09-09T12:01:12.539,1788935472.5397,9307,1544,19.79
2026-09-09T12:01:12.559,1788935472.5591,9308,-3840,-49.23
2026-09-09T12:01:12.570,1788935472.5706,9309,-360,-4.62
2026-09-09T12:01:12.575,1788935472.5751,9310,-6680,-85.64
2026-09-09T12:01:12.586,1788935472.5862,9311,-1812,-23.23
2026-09-09T12:01:12.586,1788935472.5862,9312,-8396,-107.64
2026-09-09T12:01:12.601,1788935472.6020,9313,-3060,-39.23
2026-09-09T12:01:12.621,1788935472.6220,9314,-10292,-131.95
2026-09-09T12:01:12.626,1788935472.6264,9315,-3540,-45.38
2026-09-09T12:01:12.635,1788935472.6357,9316,-9388,-120.36
2026-09-09T12:01:12.645,1788935472.6457,9317,-3788,-48.56
2026-09-09T12:01:12.666,1788935472.6661,9318,-7448,-95.49
2026-09-09T12:01:12.666,1788935472.6661,9319,-1384,-17.74
2026-09-09T12:01:12.666,1788935472.6661,9320,-6192,-79.38
2026-09-09T12:01:12.689,1788935472.6895,9321,544,6.97
2026-09-09T12:01:12.697,1788935472.6974,9322,-4884,-62.62
2026-09-09T12:01:12.697,1788935472.6974,9323,2096,26.87
2026-09-09T12:01:12.713,1788935472.7134,9324,-4312,-55.28
2026-09-09T12:01:12.723,1788935472.7231,9325,2468,31.64
2026-09-09T12:01:12.729,1788935472.7298,9326,-4536,-58.15
2026-09-09T12:01:12.746,1788935472.7465,9327,2176,27.9
2026-09-09T12:01:12.746,1788935472.7465,9328,-3076,-39.44
2026-09-09T12:01:12.766,1788935472.7665,9329,2324,29.79
2026-09-09T12:01:12.776,1788935472.7761,9330,-3672,-47.08
2026-09-09T12:01:12.791,1788935472.7919,9331,2276,29.18
2026-09-09T12:01:12.795,1788935472.7959,9332,-4284,-54.92
2026-09-09T12:01:12.807,1788935472.8075,9333,2104,26.97
2026-09-09T12:01:12.807,1788935472.8075,9334,-4772,-61.18
2026-09-09T12:01:12.823,1788935472.8235,9335,1852,23.74
2026-09-09T12:01:12.835,1788935472.8353,9336,-5200,-66.67
2026-09-09T12:01:12.839,1788935472.8393,9337,-64,-0.82
2026-09-09T12:01:12.855,1788935472.8554,9338,-5528,-70.87
2026-09-09T12:01:12.866,1788935472.8664,9339,332,4.26
2026-09-09T12:01:12.875,1788935472.8754,9340,-5768,-73.95
2026-09-09T12:01:12.885,1788935472.8855,9341,652,8.36
2026-09-09T12:01:12.905,1788935472.9054,9342,-5856,-75.08
2026-09-09T12:01:12.905,1788935472.9054,9343,948,12.15
2026-09-09T12:01:12.919,1788935472.9191,9344,-5780,-74.1
2026-09-09T12:01:12.925,1788935472.9251,9345,1172,15.03
2026-09-09T12:01:12.934,1788935472.9350,9346,-5588,-71.64
2026-09-09T12:01:12.934,1788935472.9350,9347,1296,16.62
2026-09-09T12:01:12.950,1788935472.9509,9348,-4448,-57.03
2026-09-09T12:01:12.966,1788935472.9666,9349,1340,17.18
2026-09-09T12:01:12.982,1788935472.9824,9350,-5036,-64.56
2026-09-09T12:01:12.985,1788935472.9852,9351,1252,16.05
2026-09-09T12:01:12.995,1788935472.9952,9352,-5548,-71.13
2026-09-09T12:01:13.006,1788935473.0063,9353,1044,13.38
2026-09-09T12:01:13.016,1788935473.0161,9354,-5976,-76.62
2026-09-09T12:01:13.030,1788935473.0301,9355,744,9.54
2026-09-09T12:01:13.036,1788935473.0366,9356,-6256,-80.21
2026-09-09T12:01:13.045,1788935473.0458,9357,-572,-7.33
2026-09-09T12:01:13.045,1788935473.0458,9358,-6384,-81.85
2026-09-09T12:01:13.061,1788935473.0617,9359,-20,-0.26
2026-09-09T12:01:13.068,1788935473.0682,9360,-6160,-78.97
2026-09-09T12:01:13.087,1788935473.0877,9361,768,9.85
2026-09-09T12:01:13.093,1788935473.0939,9362,-5452,-69.9
2026-09-09T12:01:13.093,1788935473.0939,9363,1844,23.64
2026-09-09T12:01:13.109,1788935473.1097,9364,-4452,-57.08
2026-09-09T12:01:13.125,1788935473.1254,9365,2740,35.13
2026-09-09T12:01:13.125,1788935473.1254,9366,-3728,-47.79
2026-09-09T12:01:13.141,1788935473.1413,9367,3140,40.26
2026-09-09T12:01:13.157,1788935473.1574,9368,-3028,-38.82
2026-09-09T12:01:13.173,1788935473.1735,9369,3008,38.56
2026-09-09T12:01:13.173,1788935473.1735,9370,-3820,-48.97
2026-09-09T12:01:13.189,1788935473.1893,9371,2476,31.74
2026-09-09T12:01:13.189,1788935473.1893,9372,-4656,-59.69
2026-09-09T12:01:13.204,1788935473.2049,9373,1868,23.95
2026-09-09T12:01:13.204,1788935473.2049,9374,-5188,-66.51
2026-09-09T12:01:13.220,1788935473.2209,9375,1440,18.46
2026-09-09T12:01:13.220,1788935473.2209,9376,-5680,-72.82
2026-09-09T12:01:13.252,1788935473.2529,9377,196,2.51
2026-09-09T12:01:13.252,1788935473.2529,9378,-6212,-79.64
2026-09-09T12:01:13.268,1788935473.2686,9379,384,4.92
2026-09-09T12:01:13.268,1788935473.2686,9380,-6188,-79.33
2026-09-09T12:01:13.284,1788935473.2846,9381,756,9.69
2026-09-09T12:01:13.284,1788935473.2846,9382,-5812,-74.51
2026-09-09T12:01:13.300,1788935473.3003,9383,1416,18.15
2026-09-09T12:01:13.316,1788935473.3162,9384,-5020,-64.36
2026-09-09T12:01:13.324,1788935473.3242,9385,2092,26.82
2026-09-09T12:01:13.332,1788935473.3323,9386,-4108,-52.67
2026-09-09T12:01:13.332,1788935473.3323,9387,2712,34.77
2026-09-09T12:01:13.364,1788935473.3640,9388,-3708,-47.54
2026-09-09T12:01:13.364,1788935473.3640,9389,2796,35.85
2026-09-09T12:01:13.381,1788935473.3810,9390,-4104,-52.62
2026-09-09T12:01:13.381,1788935473.3810,9391,2588,33.18
2026-09-09T12:01:13.405,1788935473.4056,9392,-4344,-55.69
2026-09-09T12:01:13.405,1788935473.4056,9393,2460,31.54
2026-09-09T12:01:13.410,1788935473.4109,9394,-4508,-57.79
2026-09-09T12:01:13.426,1788935473.4269,9395,2164,27.74
2026-09-09T12:01:13.426,1788935473.4269,9396,-4612,-59.13
2026-09-09T12:01:13.444,1788935473.4447,9397,1840,23.59
2026-09-09T12:01:13.444,1788935473.4447,9398,-4640,-59.49
2026-09-09T12:01:13.458,1788935473.4585,9399,2140,27.44
2026-09-09T12:01:13.484,1788935473.4850,9400,-4572,-58.62
2026-09-09T12:01:13.484,1788935473.4850,9401,2376,30.46
2026-09-09T12:01:13.490,1788935473.4902,9402,-4396,-56.36
2026-09-09T12:01:13.506,1788935473.5062,9403,2532,32.46
2026-09-09T12:01:13.522,1788935473.5221,9404,-4140,-53.08
2026-09-09T12:01:13.522,1788935473.5221,9405,2620,33.59
2026-09-09T12:01:13.537,1788935473.5379,9406,-3816,-48.92
2026-09-09T12:01:13.537,1788935473.5379,9407,2664,34.15
2026-09-09T12:01:13.553,1788935473.5537,9408,-4072,-52.21
2026-09-09T12:01:13.559,1788935473.5592,9409,2604,33.38
2026-09-09T12:01:13.570,1788935473.5706,9410,-4380,-56.15
2026-09-09T12:01:13.585,1788935473.5852,9411,2424,31.08
2026-09-09T12:01:13.601,1788935473.6012,9412,-4572,-58.62
2026-09-09T12:01:13.601,1788935473.6012,9413,2132,27.33
2026-09-09T12:01:13.617,1788935473.6172,9414,-4752,-60.92
2026-09-09T12:01:13.617,1788935473.6172,9415,1764,22.62
2026-09-09T12:01:13.640,1788935473.6403,9416,-4852,-62.21
2026-09-09T12:01:13.641,1788935473.6413,9417,1776,22.77
2026-09-09T12:01:13.648,1788935473.6488,9418,-4888,-62.67
2026-09-09T12:01:13.664,1788935473.6646,9419,2004,25.69
2026-09-09T12:01:13.680,1788935473.6802,9420,-4800,-61.54
2026-09-09T12:01:13.680,1788935473.6802,9421,2152,27.59
2026-09-09T12:01:13.696,1788935473.6963,9422,-4484,-57.49
2026-09-09T12:01:13.711,1788935473.7120,9423,2396,30.72
2026-09-09T12:01:13.721,1788935473.7213,9424,-4012,-51.44
2026-09-09T12:01:13.721,1788935473.7218,9425,2652,34.0
2026-09-09T12:01:13.728,1788935473.7285,9426,-3508,-44.97
2026-09-09T12:01:13.743,1788935473.7437,9427,2828,36.26
2026-09-09T12:01:13.743,1788935473.7437,9428,-3968,-50.87
2026-09-09T12:01:13.760,1788935473.7600,9429,2912,37.33
2026-09-09T12:01:13.775,1788935473.7758,9430,-4068,-52.15
2026-09-09T12:01:13.775,1788935473.7758,9431,2736,35.08
2026-09-09T12:01:13.791,1788935473.7916,9432,-4236,-54.31
2026-09-09T12:01:13.791,1788935473.7916,9433,2376,30.46
2026-09-09T12:01:13.823,1788935473.8233,9434,-4372,-56.05
2026-09-09T12:01:13.823,1788935473.8233,9435,1916,24.56
2026-09-09T12:01:13.839,1788935473.8393,9436,-4512,-57.85
2026-09-09T12:01:13.839,1788935473.8393,9437,2292,29.38
2026-09-09T12:01:13.855,1788935473.8551,9438,-4512,-57.85
2026-09-09T12:01:13.855,1788935473.8551,9439,2404,30.82
2026-09-09T12:01:13.879,1788935473.8793,9440,-4452,-57.08
2026-09-09T12:01:13.886,1788935473.8866,9441,2376,30.46
2026-09-09T12:01:13.886,1788935473.8866,9442,-4252,-54.51
2026-09-09T12:01:13.902,1788935473.9027,9443,2496,32.0
2026-09-09T12:01:13.915,1788935473.9160,9444,-3744,-48.0
2026-09-09T12:01:13.926,1788935473.9262,9445,2696,34.56
2026-09-09T12:01:13.939,1788935473.9400,9446,-3224,-41.33
2026-09-09T12:01:13.949,1788935473.9496,9447,2780,35.64
2026-09-09T12:01:13.955,1788935473.9556,9448,-4156,-53.28
2026-09-09T12:01:13.965,1788935473.9654,9449,2784,35.69
2026-09-09T12:01:13.982,1788935473.9826,9450,-4100,-52.56
2026-09-09T12:01:13.982,1788935473.9826,9451,2656,34.05
2026-09-09T12:01:13.996,1788935473.9965,9452,-4108,-52.67
2026-09-09T12:01:13.996,1788935473.9965,9453,2384,30.56
2026-09-09T12:01:14.012,1788935474.0122,9454,-4128,-52.92
2026-09-09T12:01:14.028,1788935474.0283,9455,2104,26.97
2026-09-09T12:01:14.028,1788935474.0283,9456,-4024,-51.59
2026-09-09T12:01:14.044,1788935474.0441,9457,2940,37.69
2026-09-09T12:01:14.060,1788935474.0601,9458,-3844,-49.28
2026-09-09T12:01:14.071,1788935474.0718,9459,3116,39.95
2026-09-09T12:01:14.076,1788935474.0761,9460,-3600,-46.15
2026-09-09T12:01:14.091,1788935474.0920,9461,3208,41.13
2026-09-09T12:01:14.091,1788935474.0920,9462,-3276,-42.0
2026-09-09T12:01:14.107,1788935474.1079,9463,3244,41.59
2026-09-09T12:01:14.107,1788935474.1079,9464,-2932,-37.59
2026-09-09T12:01:14.123,1788935474.1240,9465,3196,40.97
2026-09-09T12:01:14.123,1788935474.1240,9466,-3752,-48.1
2026-09-09T12:01:14.139,1788935474.1397,9467,3072,39.38
2026-09-09T12:01:14.155,1788935474.1560,9468,-3928,-50.36
2026-09-09T12:01:14.155,1788935474.1560,9469,2860,36.67
2026-09-09T12:01:14.172,1788935474.1720,9470,-4028,-51.64
2026-09-09T12:01:14.187,1788935474.1877,9471,2616,33.54
2026-09-09T12:01:14.203,1788935474.2034,9472,-4008,-51.38
2026-09-09T12:01:14.203,1788935474.2034,9473,2324,29.79
2026-09-09T12:01:14.219,1788935474.2195,9474,-3956,-50.72
2026-09-09T12:01:14.219,1788935474.2195,9475,2028,26.0
2026-09-09T12:01:14.235,1788935474.2354,9476,-3816,-48.92
2026-09-09T12:01:14.244,1788935474.2446,9477,3160,40.51
2026-09-09T12:01:14.251,1788935474.2514,9478,-3620,-46.41
2026-09-09T12:01:14.251,1788935474.2514,9479,3268,41.9
2026-09-09T12:01:14.276,1788935474.2766,9480,-3328,-42.67
2026-09-09T12:01:14.283,1788935474.2837,9481,3308,42.41
2026-09-09T12:01:14.299,1788935474.2994,9482,-3008,-38.56
2026-09-09T12:01:14.299,1788935474.2994,9483,3272,41.95
2026-09-09T12:01:14.315,1788935474.3152,9484,-2688,-34.46
2026-09-09T12:01:14.331,1788935474.3311,9485,3136,40.21
2026-09-09T12:01:14.331,1788935474.3311,9486,-3860,-49.49
2026-09-09T12:01:14.347,1788935474.3472,9487,3000,38.46
2026-09-09T12:01:14.354,1788935474.3547,9488,-3940,-50.51
2026-09-09T12:01:14.363,1788935474.3633,9489,2808,36.0
2026-09-09T12:01:14.379,1788935474.3791,9490,-3908,-50.1
2026-09-09T12:01:14.379,1788935474.3791,9491,2584,33.13
2026-09-09T12:01:14.395,1788935474.3953,9492,-3812,-48.87
2026-09-09T12:01:14.411,1788935474.4111,9493,2336,29.95
2026-09-09T12:01:14.411,1788935474.4111,9494,-3716,-47.64
2026-09-09T12:01:14.426,1788935474.4270,9495,2024,25.95
2026-09-09T12:01:14.426,1788935474.4270,9496,-3536,-45.33
2026-09-09T12:01:14.442,1788935474.4429,9497,3400,43.59
2026-09-09T12:01:14.458,1788935474.4587,9498,-3296,-42.26
2026-09-09T12:01:14.458,1788935474.4587,9499,3436,44.05
2026-09-09T12:01:14.474,1788935474.4746,9500,-3008,-38.56
2026-09-09T12:01:14.490,1788935474.4904,9501,3416,43.79
2026-09-09T12:01:14.490,1788935474.4904,9502,-2704,-34.67
2026-09-09T12:01:14.506,1788935474.5064,9503,3336,42.77
2026-09-09T12:01:14.506,1788935474.5064,9504,-2408,-30.87
2026-09-09T12:01:14.538,1788935474.5380,9505,3124,40.05
2026-09-09T12:01:14.538,1788935474.5380,9506,-3880,-49.74
2026-09-09T12:01:14.538,1788935474.5380,9507,2896,37.13
2026-09-09T12:01:14.559,1788935474.5592,9508,-3948,-50.62
2026-09-09T12:01:14.564,1788935474.5643,9509,2628,33.69
2026-09-09T12:01:14.573,1788935474.5735,9510,-3932,-50.41
2026-09-09T12:01:14.586,1788935474.5863,9511,2372,30.41
2026-09-09T12:01:14.586,1788935474.5863,9512,-3816,-48.92
2026-09-09T12:01:14.602,1788935474.6023,9513,2104,26.97
2026-09-09T12:01:14.617,1788935474.6180,9514,-3644,-46.72
2026-09-09T12:01:14.626,1788935474.6260,9515,1840,23.59
2026-09-09T12:01:14.633,1788935474.6338,9516,-3368,-43.18
2026-09-09T12:01:14.649,1788935474.6497,9517,3476,44.56
2026-09-09T12:01:14.649,1788935474.6497,9518,-3040,-38.97
2026-09-09T12:01:14.668,1788935474.6681,9519,3508,44.97
2026-09-09T12:01:14.681,1788935474.6813,9520,-2720,-34.87
2026-09-09T12:01:14.681,1788935474.6813,9521,3472,44.51
2026-09-09T12:01:14.697,1788935474.6974,9522,-2380,-30.51
2026-09-09T12:01:14.697,1788935474.6974,9523,3340,42.82
2026-09-09T12:01:14.713,1788935474.7134,9524,-2060,-26.41
2026-09-09T12:01:14.729,1788935474.7292,9525,3128,40.1
2026-09-09T12:01:14.733,1788935474.7340,9526,-3764,-48.26
2026-09-09T12:01:14.744,1788935474.7450,9527,2868,36.77
2026-09-09T12:01:14.744,1788935474.7450,9528,-3812,-48.87
2026-09-09T12:01:14.776,1788935474.7766,9529,2556,32.77
2026-09-09T12:01:14.776,1788935474.7766,9530,-3764,-48.26
2026-09-09T12:01:14.776,1788935474.7766,9531,2248,28.82
2026-09-09T12:01:14.792,1788935474.7927,9532,-3644,-46.72
2026-09-09T12:01:14.808,1788935474.8087,9533,1980,25.38
2026-09-09T12:01:14.808,1788935474.8087,9534,-3444,-44.15
2026-09-09T12:01:14.824,1788935474.8245,9535,1676,21.49
2026-09-09T12:01:14.824,1788935474.8245,9536,-3160,-40.51
2026-09-09T12:01:14.840,1788935474.8406,9537,3496,44.82
2026-09-09T12:01:14.856,1788935474.8564,9538,-2836,-36.36
2026-09-09T12:01:14.856,1788935474.8564,9539,3476,44.56
2026-09-09T12:01:14.873,1788935474.8734,9540,-2504,-32.1
2026-09-09T12:01:14.888,1788935474.8881,9541,3380,43.33
2026-09-09T12:01:14.888,1788935474.8881,9542,-2208,-28.31
2026-09-09T12:01:14.904,1788935474.9041,9543,3204,41.08
2026-09-09T12:01:14.904,1788935474.9041,9544,-1884,-24.15
2026-09-09T12:01:14.922,1788935474.9225,9545,2936,37.64
2026-09-09T12:01:14.936,1788935474.9362,9546,-3828,-49.08
2026-09-09T12:01:14.945,1788935474.9451,9547,2640,33.85
2026-09-09T12:01:14.951,1788935474.9519,9548,-3852,-49.38
2026-09-09T12:01:14.973,1788935474.9736,9549,2324,29.79
2026-09-09T12:01:14.973,1788935474.9736,9550,-3764,-48.26
2026-09-09T12:01:14.983,1788935474.9839,9551,2004,25.69
2026-09-09T12:01:14.983,1788935474.9839,9552,-3600,-46.15
2026-09-09T12:01:14.999,1788935474.9998,9553,1724,22.1
2026-09-09T12:01:15.015,1788935475.0156,9554,-3344,-42.87
2026-09-09T12:01:15.015,1788935475.0156,9555,1460,18.72
2026-09-09T12:01:15.035,1788935475.0354,9556,-3020,-38.72
2026-09-09T12:01:15.047,1788935475.0472,9557,3464,44.41
2026-09-09T12:01:15.047,1788935475.0472,9558,-2656,-34.05
2026-09-09T12:01:15.069,1788935475.0692,9559,3420,43.85
2026-09-09T12:01:15.078,1788935475.0789,9560,-2296,-29.44
2026-09-09T12:01:15.078,1788935475.0789,9561,3292,42.21
2026-09-09T12:01:15.095,1788935475.0951,9562,-1972,-25.28
2026-09-09T12:01:15.095,1788935475.0951,9563,3064,39.28
2026-09-09T12:01:15.111,1788935475.1113,9564,-1672,-21.44
2026-09-09T12:01:15.127,1788935475.1272,9565,2752,35.28
2026-09-09T12:01:15.137,1788935475.1373,9566,-3824,-49.03
2026-09-09T12:01:15.143,1788935475.1430,9567,2476,31.74
2026-09-09T12:01:15.158,1788935475.1587,9568,-3764,-48.26
2026-09-09T12:01:15.158,1788935475.1587,9569,2188,28.05
2026-09-09T12:01:15.174,1788935475.1741,9570,-3632,-46.56
2026-09-09T12:01:15.189,1788935475.1898,9571,1900,24.36
2026-09-09T12:01:15.189,1788935475.1898,9572,-3360,-43.08
2026-09-09T12:01:15.205,1788935475.2057,9573,1648,21.13
2026-09-09T12:01:15.205,1788935475.2057,9574,-3016,-38.67
2026-09-09T12:01:15.221,1788935475.2219,9575,1388,17.79
2026-09-09T12:01:15.243,1788935475.2432,9576,-2620,-33.59
2026-09-09T12:01:15.243,1788935475.2432,9577,3600,46.15
2026-09-09T12:01:15.253,1788935475.2539,9578,-2244,-28.77
2026-09-09T12:01:15.253,1788935475.2539,9579,3556,45.59
2026-09-09T12:01:15.288,1788935475.2884,9580,-1876,-24.05
2026-09-09T12:01:15.288,1788935475.2884,9581,3392,43.49
2026-09-09T12:01:15.288,1788935475.2884,9582,-1536,-19.69
2026-09-09T12:01:15.301,1788935475.3018,9583,3164,40.56
2026-09-09T12:01:15.317,1788935475.3176,9584,-1184,-15.18
2026-09-09T12:01:15.327,1788935475.3276,9585,2876,36.87
2026-09-09T12:01:15.333,1788935475.3336,9586,-3476,-44.56
2026-09-09T12:01:15.333,1788935475.3336,9587,2588,33.18
2026-09-09T12:01:15.365,1788935475.3659,9588,-3376,-43.28
2026-09-09T12:01:15.365,1788935475.3659,9589,2292,29.38
2026-09-09T12:01:15.378,1788935475.3780,9590,-3164,-40.56
2026-09-09T12:01:15.390,1788935475.3901,9591,1988,25.49
2026-09-09T12:01:15.397,1788935475.3976,9592,-2896,-37.13
2026-09-09T12:01:15.413,1788935475.4135,9593,1720,22.05
2026-09-09T12:01:15.413,1788935475.4135,9594,-2572,-32.97
2026-09-09T12:01:15.413,1788935475.4135,9595,3772,48.36
2026-09-09T12:01:15.429,1788935475.4296,9596,-2252,-28.87
2026-09-09T12:01:15.445,1788935475.4455,9597,3708,47.54
2026-09-09T12:01:15.445,1788935475.4455,9598,-1924,-24.67
2026-09-09T12:01:15.467,1788935475.4671,9599,3540,45.38
2026-09-09T12:01:15.476,1788935475.4761,9600,-1600,-20.51
2026-09-09T12:01:15.492,1788935475.4929,9601,3296,42.26
2026-09-09T12:01:15.492,1788935475.4929,9602,-1308,-16.77
2026-09-09T12:01:15.508,1788935475.5088,9603,3000,38.46
2026-09-09T12:01:15.508,1788935475.5088,9604,-992,-12.72
2026-09-09T12:01:15.524,1788935475.5249,9605,2708,34.72
2026-09-09T12:01:15.524,1788935475.5249,9606,-3412,-43.74
2026-09-09T12:01:15.540,1788935475.5406,9607,2404,30.82
2026-09-09T12:01:15.558,1788935475.5581,9608,-3272,-41.95
2026-09-09T12:01:15.573,1788935475.5740,9609,2088,26.77
2026-09-09T12:01:15.575,1788935475.5760,9610,-3028,-38.82
2026-09-09T12:01:15.575,1788935475.5760,9611,1796,23.03
2026-09-09T12:01:15.588,1788935475.5885,9612,-2740,-35.13
2026-09-09T12:01:15.604,1788935475.6044,9613,1480,18.97
2026-09-09T12:01:15.604,1788935475.6044,9614,-2460,-31.54
2026-09-09T12:01:15.631,1788935475.6316,9615,3688,47.28
2026-09-09T12:01:15.635,1788935475.6359,9616,-2128,-27.28
2026-09-09T12:01:15.651,1788935475.6520,9617,3508,44.97
2026-09-09T12:01:15.651,1788935475.6520,9618,-1812,-23.23
2026-09-09T12:01:15.667,1788935475.6676,9619,3284,42.1
2026-09-09T12:01:15.676,1788935475.6764,9620,-1516,-19.44
2026-09-09T12:01:15.683,1788935475.6836,9621,3028,38.82
2026-09-09T12:01:15.683,1788935475.6836,9622,-1224,-15.69
2026-09-09T12:01:15.699,1788935475.6995,9623,2700,34.62
2026-09-09T12:01:15.715,1788935475.7156,9624,-904,-11.59
2026-09-09T12:01:15.731,1788935475.7313,9625,2400,30.77
2026-09-09T12:01:15.735,1788935475.7359,9626,-3448,-44.21
2026-09-09T12:01:15.747,1788935475.7472,9627,2116,27.13
2026-09-09T12:01:15.747,1788935475.7472,9628,-3232,-41.44
2026-09-09T12:01:15.763,1788935475.7630,9629,1832,23.49
2026-09-09T12:01:15.776,1788935475.7763,9630,-2932,-37.59
2026-09-09T12:01:15.778,1788935475.7787,9631,1544,19.79
2026-09-09T12:01:15.794,1788935475.7948,9632,-2588,-33.18
2026-09-09T12:01:15.810,1788935475.8107,9633,1248,16.0
2026-09-09T12:01:15.810,1788935475.8107,9634,-2296,-29.44
2026-09-09T12:01:15.826,1788935475.8269,9635,3576,45.85
2026-09-09T12:01:15.826,1788935475.8269,9636,-1948,-24.97
2026-09-09T12:01:15.842,1788935475.8426,9637,3400,43.59
2026-09-09T12:01:15.860,1788935475.8600,9638,-1640,-21.03
2026-09-09T12:01:15.868,1788935475.8688,9639,3152,40.41
2026-09-09T12:01:15.876,1788935475.8762,9640,-1328,-17.03
2026-09-09T12:01:15.876,1788935475.8762,9641,2844,36.46
2026-09-09T12:01:15.890,1788935475.8905,9642,-1004,-12.87
2026-09-09T12:01:15.906,1788935475.9065,9643,2564,32.87
2026-09-09T12:01:15.916,1788935475.9163,9644,-716,-9.18
2026-09-09T12:01:15.926,1788935475.9265,9645,2264,29.03
2026-09-09T12:01:15.934,1788935475.9349,9646,-3304,-42.36
2026-09-09T12:01:15.945,1788935475.9459,9647,1948,24.97
2026-09-09T12:01:15.969,1788935475.9695,9648,-3044,-39.03
2026-09-09T12:01:15.974,1788935475.9745,9649,1684,21.59
2026-09-09T12:01:15.976,1788935475.9761,9650,-2720,-34.87
2026-09-09T12:01:15.986,1788935475.9864,9651,1364,17.49
2026-09-09T12:01:15.986,1788935475.9864,9652,-2388,-30.62
2026-09-09T12:01:16.001,1788935476.0014,9653,1088,13.95
2026-09-09T12:01:16.017,1788935476.0172,9654,-2080,-26.67
2026-09-09T12:01:16.025,1788935476.0252,9655,3496,44.82
2026-09-09T12:01:16.032,1788935476.0329,9656,-1756,-22.51
2026-09-09T12:01:16.048,1788935476.0490,9657,3252,41.69
2026-09-09T12:01:16.048,1788935476.0490,9658,-1428,-18.31
2026-09-09T12:01:16.064,1788935476.0650,9659,2980,38.21
2026-09-09T12:01:16.080,1788935476.0809,9660,-1132,-14.51
2026-09-09T12:01:16.080,1788935476.0809,9661,2684,34.41
2026-09-09T12:01:16.097,1788935476.0971,9662,-836,-10.72
2026-09-09T12:01:16.105,1788935476.1051,9663,2396,30.72
2026-09-09T12:01:16.113,1788935476.1134,9664,-452,-5.79
2026-09-09T12:01:16.129,1788935476.1292,9665,2080,26.67
2026-09-09T12:01:16.135,1788935476.1353,9666,-3132,-40.15
2026-09-09T12:01:16.145,1788935476.1453,9667,1796,23.03
2026-09-09T12:01:16.161,1788935476.1612,9668,-2832,-36.31
2026-09-09T12:01:16.161,1788935476.1612,9669,1504,19.28
2026-09-09T12:01:16.176,1788935476.1765,9670,-2524,-32.36
2026-09-09T12:01:16.186,1788935476.1866,9671,1216,15.59
2026-09-09T12:01:16.208,1788935476.2082,9672,-2192,-28.1
2026-09-09T12:01:16.208,1788935476.2082,9673,872,11.18
2026-09-09T12:01:16.217,1788935476.2179,9674,-1872,-24.0
2026-09-09T12:01:16.223,1788935476.2240,9675,3344,42.87
2026-09-09T12:01:16.234,1788935476.2344,9676,-1556,-19.95
2026-09-09T12:01:16.239,1788935476.2396,9677,3096,39.69
2026-09-09T12:01:16.260,1788935476.2605,9678,-1248,-16.0
2026-09-09T12:01:16.264,1788935476.2648,9679,2792,35.79
2026-09-09T12:01:16.277,1788935476.2770,9680,-888,-11.38
2026-09-09T12:01:16.286,1788935476.2869,9681,2508,32.15
2026-09-09T12:01:16.286,1788935476.2869,9682,-608,-7.79
2026-09-09T12:01:16.302,1788935476.3025,9683,2180,27.95
2026-09-09T12:01:16.318,1788935476.3183,9684,-248,-3.18
2026-09-09T12:01:16.318,1788935476.3183,9685,1892,24.26
2026-09-09T12:01:16.338,1788935476.3384,9686,-2968,-38.05
2026-09-09T12:01:16.350,1788935476.3503,9687,1600,20.51
2026-09-09T12:01:16.366,1788935476.3662,9688,-2632,-33.74
2026-09-09T12:01:16.366,1788935476.3662,9689,1332,17.08
2026-09-09T12:01:16.377,1788935476.3772,9690,-2296,-29.44
2026-09-09T12:01:16.383,1788935476.3839,9691,980,12.56
2026-09-09T12:01:16.397,1788935476.3977,9692,-2028,-26.0
2026-09-09T12:01:16.397,1788935476.3977,9693,612,7.85
2026-09-09T12:01:16.413,1788935476.4134,9694,-1712,-21.95
2026-09-09T12:01:16.413,1788935476.4134,9695,3156,40.46
2026-09-09T12:01:16.444,1788935476.4450,9696,-1400,-17.95
2026-09-09T12:01:16.444,1788935476.4450,9697,2872,36.82
2026-09-09T12:01:16.463,1788935476.4640,9698,-1100,-14.1
2026-09-09T12:01:16.463,1788935476.4640,9699,2556,32.77
2026-09-09T12:01:16.478,1788935476.4782,9700,-796,-10.21
2026-09-09T12:01:16.478,1788935476.4782,9701,2280,29.23
2026-09-09T12:01:16.492,1788935476.4929,9702,-460,-5.9
2026-09-09T12:01:16.508,1788935476.5086,9703,1956,25.08
2026-09-09T12:01:16.508,1788935476.5086,9704,-84,-1.08
2026-09-09T12:01:16.524,1788935476.5248,9705,1684,21.59
2026-09-09T12:01:16.524,1788935476.5248,9706,-2820,-36.15
2026-09-09T12:01:16.540,1788935476.5409,9707,1384,17.74
2026-09-09T12:01:16.559,1788935476.5594,9708,-2500,-32.05
2026-09-09T12:01:16.572,1788935476.5723,9709,1084,13.9
2026-09-09T12:01:16.578,1788935476.5784,9710,-2184,-28.0
2026-09-09T12:01:16.588,1788935476.5882,9711,740,9.49
2026-09-09T12:01:16.588,1788935476.5882,9712,-1860,-23.85
2026-09-09T12:01:16.603,1788935476.6039,9713,376,4.82
2026-09-09T12:01:16.619,1788935476.6196,9714,-1544,-19.79
2026-09-09T12:01:16.625,1788935476.6256,9715,2976,38.15
2026-09-09T12:01:16.635,1788935476.6355,9716,-1228,-15.74
2026-09-09T12:01:16.640,1788935476.6408,9717,2680,34.36
2026-09-09T12:01:16.656,1788935476.6568,9718,-928,-11.9
2026-09-09T12:01:16.667,1788935476.6673,9719,2384,30.56
2026-09-09T12:01:16.683,1788935476.6834,9720,-580,-7.44
2026-09-09T12:01:16.683,1788935476.6834,9721,2076,26.62
2026-09-09T12:01:16.703,1788935476.7030,9722,-228,-2.92
2026-09-09T12:01:16.707,1788935476.7072,9723,1800,23.08
2026-09-09T12:01:16.721,1788935476.7217,9724,144,1.85
2026-09-09T12:01:16.721,1788935476.7217,9725,1504,19.28
2026-09-09T12:01:16.732,1788935476.7323,9726,-2628,-33.69
2026-09-09T12:01:16.746,1788935476.7469,9727,1196,15.33
2026-09-09T12:01:16.746,1788935476.7469,9728,-2284,-29.28
2026-09-09T12:01:16.762,1788935476.7629,9729,876,11.23
2026-09-09T12:01:16.762,1788935476.7629,9730,-1980,-25.38
2026-09-09T12:01:16.778,1788935476.7786,9731,504,6.46
2026-09-09T12:01:16.794,1788935476.7944,9732,-1664,-21.33
2026-09-09T12:01:16.810,1788935476.8103,9733,116,1.49
2026-09-09T12:01:16.810,1788935476.8103,9734,-1356,-17.38
2026-09-09T12:01:16.825,1788935476.8255,9735,2788,35.74
2026-09-09T12:01:16.841,1788935476.8415,9736,-1048,-13.44
2026-09-09T12:01:16.841,1788935476.8415,9737,2492,31.95
2026-09-09T12:01:16.857,1788935476.8574,9738,-748,-9.59
2026-09-09T12:01:16.865,1788935476.8654,9739,2192,28.1
2026-09-09T12:01:16.873,1788935476.8733,9740,-396,-5.08
2026-09-09T12:01:16.888,1788935476.8889,9741,1892,24.26
2026-09-09T12:01:16.888,1788935476.8889,9742,-8,-0.1
2026-09-09T12:01:16.905,1788935476.9051,9743,1592,20.41
2026-09-09T12:01:16.921,1788935476.9211,9744,-2760,-35.38
2026-09-09T12:01:16.921,1788935476.9211,9745,1332,17.08
2026-09-09T12:01:16.938,1788935476.9388,9746,-2428,-31.13
2026-09-09T12:01:16.938,1788935476.9388,9747,1008,12.92
2026-09-09T12:01:16.952,1788935476.9528,9748,-2092,-26.82
2026-09-09T12:01:16.952,1788935476.9528,9749,676,8.67
2026-09-09T12:01:16.979,1788935476.9795,9750,-1772,-22.72
2026-09-09T12:01:16.984,1788935476.9849,9751,296,3.79
2026-09-09T12:01:17.000,1788935477.0005,9752,-1500,-19.23
2026-09-09T12:01:17.004,1788935477.0049,9753,-132,-1.69
2026-09-09T12:01:17.016,1788935477.0161,9754,-1184,-15.18
2026-09-09T12:01:17.026,1788935477.0262,9755,2596,33.28
2026-09-09T12:01:17.037,1788935477.0380,9756,-892,-11.44
2026-09-09T12:01:17.051,1788935477.0515,9757,2284,29.28
2026-09-09T12:01:17.057,1788935477.0574,9758,-536,-6.87
2026-09-09T12:01:17.063,1788935477.0637,9759,2000,25.64
2026-09-09T12:01:17.079,1788935477.0798,9760,-160,-2.05
2026-09-09T12:01:17.079,1788935477.0798,9761,1708,21.9
2026-09-09T12:01:17.095,1788935477.0957,9762,196,2.51
2026-09-09T12:01:17.095,1788935477.0957,9763,1420,18.21
2026-09-09T12:01:17.115,1788935477.1156,9764,-2576,-33.03
2026-09-09T12:01:17.127,1788935477.1275,9765,1116,14.31
2026-09-09T12:01:17.127,1788935477.1275,9766,-2260,-28.97
2026-09-09T12:01:17.143,1788935477.1434,9767,764,9.79
2026-09-09T12:01:17.159,1788935477.1596,9768,-1964,-25.18
2026-09-09T12:01:17.159,1788935477.1596,9769,420,5.38
2026-09-09T12:01:17.180,1788935477.1809,9770,-1624,-20.82
2026-09-09T12:01:17.180,1788935477.1809,9771,28,0.36
2026-09-09T12:01:17.191,1788935477.1915,9772,-1320,-16.92
2026-09-09T12:01:17.207,1788935477.2074,9773,-444,-5.69
2026-09-09T12:01:17.217,1788935477.2174,9774,-1008,-12.92
2026-09-09T12:01:17.223,1788935477.2233,9775,2420,31.03
2026-09-09T12:01:17.239,1788935477.2390,9776,-680,-8.72
2026-09-09T12:01:17.239,1788935477.2390,9777,2096,26.87
2026-09-09T12:01:17.254,1788935477.2549,9778,-348,-4.46
2026-09-09T12:01:17.254,1788935477.2549,9779,1804,23.13
2026-09-09T12:01:17.286,1788935477.2868,9780,40,0.51
2026-09-09T12:01:17.286,1788935477.2868,9781,1516,19.44
2026-09-09T12:01:17.286,1788935477.2868,9782,452,5.79
2026-09-09T12:01:17.302,1788935477.3025,9783,1232,15.79
2026-09-09T12:01:17.318,1788935477.3185,9784,-2400,-30.77
2026-09-09T12:01:17.318,1788935477.3185,9785,908,11.64
2026-09-09T12:01:17.334,1788935477.3346,9786,-2068,-26.51
2026-09-09T12:01:17.334,1788935477.3346,9787,556,7.13
2026-09-09T12:01:17.350,1788935477.3506,9788,-1760,-22.56
2026-09-09T12:01:17.350,1788935477.3506,9789,172,2.21
2026-09-09T12:01:17.366,1788935477.3665,9790,-1484,-19.03
2026-09-09T12:01:17.382,1788935477.3826,9791,-252,-3.23
2026-09-09T12:01:17.400,1788935477.4007,9792,-1168,-14.97
2026-09-09T12:01:17.409,1788935477.4097,9793,-780,-10.0
2026-09-09T12:01:17.414,1788935477.4148,9794,-832,-10.67
2026-09-09T12:01:17.425,1788935477.4253,9795,2216,28.41
2026-09-09T12:01:17.430,1788935477.4309,9796,-480,-6.15
2026-09-09T12:01:17.450,1788935477.4502,9797,1940,24.87
2026-09-09T12:01:17.457,1788935477.4575,9798,-104,-1.33
2026-09-09T12:01:17.464,1788935477.4644,9799,1632,20.92
2026-09-09T12:01:17.481,1788935477.4810,9800,260,3.33
2026-09-09T12:01:17.481,1788935477.4810,9801,1340,17.18
2026-09-09T12:01:17.494,1788935477.4942,9802,744,9.54
2026-09-09T12:01:17.494,1788935477.4942,9803,1040,13.33
2026-09-09T12:01:17.510,1788935477.5103,9804,-2220,-28.46
2026-09-09T12:01:17.527,1788935477.5275,9805,700,8.97
2026-09-09T12:01:17.542,1788935477.5424,9806,-1904,-24.41
2026-09-09T12:01:17.559,1788935477.5593,9807,320,4.1
2026-09-09T12:01:17.559,1788935477.5593,9808,-1612,-20.67
2026-09-09T12:01:17.559,1788935477.5593,9809,-68,-0.87
2026-09-09T12:01:17.574,1788935477.5748,9810,-1288,-16.51
2026-09-09T12:01:17.589,1788935477.5896,9811,-544,-6.97
2026-09-09T12:01:17.589,1788935477.5896,9812,-992,-12.72
2026-09-09T12:01:17.605,1788935477.6055,9813,-1172,-15.03
2026-09-09T12:01:17.605,1788935477.6055,9814,-648,-8.31
2026-09-09T12:01:17.621,1788935477.6215,9815,2020,25.9
2026-09-09T12:01:17.637,1788935477.6376,9816,-296,-3.79
2026-09-09T12:01:17.637,1788935477.6376,9817,1740,22.31
2026-09-09T12:01:17.653,1788935477.6535,9818,80,1.03
2026-09-09T12:01:17.669,1788935477.6696,9819,1448,18.56
2026-09-09T12:01:17.669,1788935477.6696,9820,528,6.77
2026-09-09T12:01:17.685,1788935477.6854,9821,1132,14.51
2026-09-09T12:01:17.685,1788935477.6854,9822,1100,14.1
2026-09-09T12:01:17.701,1788935477.7013,9823,840,10.77
2026-09-09T12:01:17.701,1788935477.7013,9824,-2040,-26.15
2026-09-09T12:01:17.722,1788935477.7230,9825,484,6.21
2026-09-09T12:01:17.749,1788935477.7495,9826,-1740,-22.31
2026-09-09T12:01:17.749,1788935477.7495,9827,92,1.18
2026-09-09T12:01:17.749,1788935477.7495,9828,-1404,-18.0
2026-09-09T12:01:17.765,1788935477.7656,9829,-356,-4.56
2026-09-09T12:01:17.781,1788935477.7816,9830,-1112,-14.26
2026-09-09T12:01:17.781,1788935477.7816,9831,-920,-11.79
2026-09-09T12:01:17.797,1788935477.7973,9832,-800,-10.26
2026-09-09T12:01:17.804,1788935477.8045,9833,-1568,-20.1
2026-09-09T12:01:17.813,1788935477.8132,9834,-452,-5.79
2026-09-09T12:01:17.813,1788935477.8132,9835,1848,23.69
2026-09-09T12:01:17.829,1788935477.8293,9836,-60,-0.77
2026-09-09T12:01:17.845,1788935477.8455,9837,1568,20.1
2026-09-09T12:01:17.858,1788935477.8580,9838,312,4.0
2026-09-09T12:01:17.861,1788935477.8611,9839,1280,16.41
2026-09-09T12:01:17.877,1788935477.8771,9840,856,10.97
2026-09-09T12:01:17.883,1788935477.8832,9841,968,12.41
2026-09-09T12:01:17.894,1788935477.8948,9842,1468,18.82
2026-09-09T12:01:17.908,1788935477.9085,9843,608,7.79
2026-09-09T12:01:17.908,1788935477.9085,9844,-1872,-24.0
2026-09-09T12:01:17.925,1788935477.9258,9845,224,2.87
2026-09-09T12:01:17.941,1788935477.9417,9846,-1564,-20.05
2026-09-09T12:01:17.946,1788935477.9460,9847,-180,-2.31
2026-09-09T12:01:17.955,1788935477.9556,9848,-1244,-15.95
2026-09-09T12:01:17.973,1788935477.9734,9849,-684,-8.77
2026-09-09T12:01:17.983,1788935477.9833,9850,-948,-12.15
2026-09-09T12:01:17.987,1788935477.9874,9851,-1316,-16.87
2026-09-09T12:01:17.987,1788935477.9874,9852,-604,-7.74
2026-09-09T12:01:18.003,1788935478.0032,9853,-1988,-25.49
2026-09-09T12:01:18.019,1788935478.0191,9854,-240,-3.08
2026-09-09T12:01:18.025,1788935478.0255,9855,1664,21.33
2026-09-09T12:01:18.034,1788935478.0349,9856,152,1.95
2026-09-09T12:01:18.050,1788935478.0509,9857,1392,17.85
2026-09-09T12:01:18.056,1788935478.0569,9858,616,7.9
2026-09-09T12:01:18.066,1788935478.0665,9859,1080,13.85
2026-09-09T12:01:18.075,1788935478.0752,9860,1164,14.92
2026-09-09T12:01:18.098,1788935478.0983,9861,756,9.69
2026-09-09T12:01:18.098,1788935478.0983,9862,1836,23.54
2026-09-09T12:01:18.098,1788935478.0983,9863,372,4.77
2026-09-09T12:01:18.114,1788935478.1141,9864,-1704,-21.85
2026-09-09T12:01:18.114,1788935478.1141,9865,-12,-0.15
2026-09-09T12:01:18.129,1788935478.1299,9866,-1388,-17.79
2026-09-09T12:01:18.145,1788935478.1456,9867,-460,-5.9
2026-09-09T12:01:18.145,1788935478.1456,9868,-1060,-13.59
2026-09-09T12:01:18.161,1788935478.1613,9869,-1052,-13.49
2026-09-09T12:01:18.176,1788935478.1770,9870,-760,-9.74
2026-09-09T12:01:18.183,1788935478.1834,9871,-1720,-22.05
2026-09-09T12:01:18.193,1788935478.1931,9872,-412,-5.28
2026-09-09T12:01:18.209,1788935478.2090,9873,-2356,-30.21
2026-09-09T12:01:18.209,1788935478.2090,9874,-24,-0.31
2026-09-09T12:01:18.231,1788935478.2315,9875,1488,19.08
2026-09-09T12:01:18.231,1788935478.2315,9876,412,5.28
2026-09-09T12:01:18.249,1788935478.2491,9877,1188,15.23
2026-09-09T12:01:18.256,1788935478.2567,9878,976,12.51
2026-09-09T12:01:18.256,1788935478.2567,9879,872,11.18
2026-09-09T12:01:18.272,1788935478.2727,9880,1580,20.26
2026-09-09T12:01:18.288,1788935478.2884,9881,536,6.87
2026-09-09T12:01:18.288,1788935478.2884,9882,2192,28.1
2026-09-09T12:01:18.304,1788935478.3046,9883,160,2.05
2026-09-09T12:01:18.304,1788935478.3046,9884,-1508,-19.33
2026-09-09T12:01:18.320,1788935478.3203,9885,-256,-3.28
2026-09-09T12:01:18.335,1788935478.3360,9886,-1224,-15.69
2026-09-09T12:01:18.335,1788935478.3360,9887,-788,-10.1
2026-09-09T12:01:18.351,1788935478.3517,9888,-900,-11.54
2026-09-09T12:01:18.368,1788935478.3687,9889,-1424,-18.26
2026-09-09T12:01:18.375,1788935478.3752,9890,-556,-7.13
2026-09-09T12:01:18.383,1788935478.3837,9891,-2088,-26.77
2026-09-09T12:01:18.383,1788935478.3837,9892,-208,-2.67
2026-09-09T12:01:18.399,1788935478.3994,9893,1616,20.72
2026-09-09T12:01:18.415,1788935478.4152,9894,208,2.67
2026-09-09T12:01:18.415,1788935478.4152,9895,1308,16.77
2026-09-09T12:01:18.446,1788935478.4468,9896,692,8.87
2026-09-09T12:01:18.446,1788935478.4468,9897,1020,13.08
2026-09-09T12:01:18.446,1788935478.4468,9898,1292,16.56
2026-09-09T12:01:18.464,1788935478.4645,9899,704,9.03
2026-09-09T12:01:18.478,1788935478.4783,9900,1936,24.82
2026-09-09T12:01:18.484,1788935478.4849,9901,308,3.95
2026-09-09T12:01:18.494,1788935478.4941,9902,2504,32.1
2026-09-09T12:01:18.509,1788935478.5097,9903,-68,-0.87
2026-09-09T12:01:18.509,1788935478.5097,9904,-1356,-17.38
2026-09-09T12:01:18.525,1788935478.5255,9905,-568,-7.28
2026-09-09T12:01:18.525,1788935478.5255,9906,-1052,-13.49
2026-09-09T12:01:18.541,1788935478.5413,9907,-1164,-14.92
2026-09-09T12:01:18.559,1788935478.5594,9908,-712,-9.13
2026-09-09T12:01:18.559,1788935478.5594,9909,-1820,-23.33
2026-09-09T12:01:18.574,1788935478.5741,9910,-356,-4.56
2026-09-09T12:01:18.589,1788935478.5891,9911,-2444,-31.33
2026-09-09T12:01:18.589,1788935478.5891,9912,28,0.36
2026-09-09T12:01:18.605,1788935478.6053,9913,1448,18.56
2026-09-09T12:01:18.605,1788935478.6053,9914,480,6.15
2026-09-09T12:01:18.625,1788935478.6252,9915,1160,14.87
2026-09-09T12:01:18.637,1788935478.6372,9916,1032,13.23
2026-09-09T12:01:18.646,1788935478.6469,9917,840,10.77
2026-09-09T12:01:18.655,1788935478.6556,9918,1680,21.54
2026-09-09T12:01:18.661,1788935478.6611,9919,496,6.36
2026-09-09T12:01:18.684,1788935478.6849,9920,2272,29.13
2026-09-09T12:01:18.684,1788935478.6849,9921,96,1.23
2026-09-09T12:01:18.684,1788935478.6849,9922,2772,35.54
2026-09-09T12:01:18.700,1788935478.7006,9923,-332,-4.26
2026-09-09T12:01:18.721,1788935478.7214,9924,-1156,-14.82
2026-09-09T12:01:18.721,1788935478.7214,9925,-884,-11.33
2026-09-09T12:01:18.733,1788935478.7336,9926,-828,-10.62
2026-09-09T12:01:18.748,1788935478.7482,9927,-1528,-19.59
2026-09-09T12:01:18.754,1788935478.7542,9928,-488,-6.26
2026-09-09T12:01:18.763,1788935478.7640,9929,-2192,-28.1
2026-09-09T12:01:18.763,1788935478.7640,9930,-144,-1.85
2026-09-09T12:01:18.785,1788935478.7856,9931,-2776,-35.59
2026-09-09T12:01:18.795,1788935478.7958,9932,248,3.18
2026-09-09T12:01:18.795,1788935478.7958,9933,1296,16.62
2026-09-09T12:01:18.811,1788935478.8119,9934,804,10.31
2026-09-09T12:01:18.829,1788935478.8298,9935,1000,12.82
2026-09-09T12:01:18.835,1788935478.8354,9936,1424,18.26
2026-09-09T12:01:18.843,1788935478.8436,9937,636,8.15
2026-09-09T12:01:18.843,1788935478.8436,9938,2036,26.1
2026-09-09T12:01:18.859,1788935478.8595,9939,264,3.38
2026-09-09T12:01:18.875,1788935478.8755,9940,2600,33.33
2026-09-09T12:01:18.885,1788935478.8856,9941,-140,-1.79
2026-09-09T12:01:18.891,1788935478.8915,9942,2992,38.36
2026-09-09T12:01:18.891,1788935478.8915,9943,-652,-8.36
2026-09-09T12:01:18.923,1788935478.9232,9944,-972,-12.46
2026-09-09T12:01:18.923,1788935478.9232,9945,-1264,-16.21
2026-09-09T12:01:18.939,1788935478.9392,9946,-644,-8.26
2026-09-09T12:01:18.939,1788935478.9392,9947,-1916,-24.56
2026-09-09T12:01:18.957,1788935478.9575,9948,-256,-3.28
2026-09-09T12:01:18.957,1788935478.9575,9949,-2552,-32.72
2026-09-09T12:01:18.976,1788935478.9770,9950,128,1.64
2026-09-09T12:01:18.986,1788935478.9868,9951,-2976,-38.15
2026-09-09T12:01:18.986,1788935478.9868,9952,592,7.59
2026-09-09T12:01:19.008,1788935479.0086,9953,1116,14.31
2026-09-09T12:01:19.016,1788935479.0162,9954,1168,14.97
2026-09-09T12:01:19.023,1788935479.0236,9955,788,10.1
2026-09-09T12:01:19.046,1788935479.0461,9956,1820,23.33
2026-09-09T12:01:19.047,1788935479.0477,9957,408,5.23
2026-09-09T12:01:19.055,1788935479.0552,9958,2388,30.62
2026-09-09T12:01:19.070,1788935479.0709,9959,20,0.26
2026-09-09T12:01:19.070,1788935479.0709,9960,2860,36.67
2026-09-09T12:01:19.086,1788935479.0869,9961,-428,-5.49
2026-09-09T12:01:19.086,1788935479.0869,9962,3148,40.36
2026-09-09T12:01:19.104,1788935479.1047,9963,-988,-12.67
2026-09-09T12:01:19.118,1788935479.1186,9964,-768,-9.85
2026-09-09T12:01:19.125,1788935479.1257,9965,-1660,-21.28
2026-09-09T12:01:19.134,1788935479.1346,9966,-424,-5.44
2026-09-09T12:01:19.134,1788935479.1346,9967,-2304,-29.54
2026-09-09T12:01:19.150,1788935479.1504,9968,-52,-0.67
2026-09-09T12:01:19.166,1788935479.1664,9969,-2836,-36.36
2026-09-09T12:01:19.175,1788935479.1760,9970,384,4.92
2026-09-09T12:01:19.186,1788935479.1860,9971,-3216,-41.23
2026-09-09T12:01:19.197,1788935479.1980,9972,928,11.9
2026-09-09T12:01:19.197,1788935479.1980,9973,924,11.85
2026-09-09T12:01:19.214,1788935479.2141,9974,1544,19.79
2026-09-09T12:01:19.229,1788935479.2298,9975,584,7.49
2026-09-09T12:01:19.229,1788935479.2298,9976,2196,28.15
2026-09-09T12:01:19.246,1788935479.2462,9977,220,2.82
2026-09-09T12:01:19.246,1788935479.2462,9978,2712,34.77
2026-09-09T12:01:19.262,1788935479.2620,9979,-188,-2.41
2026-09-09T12:01:19.278,1788935479.2782,9980,3076,39.44
2026-09-09T12:01:19.286,1788935479.2862,9981,-732,-9.38
2026-09-09T12:01:19.294,1788935479.2941,9982,3344,42.87
2026-09-09T12:01:19.310,1788935479.3102,9983,-1376,-17.64
2026-09-09T12:01:19.310,1788935479.3102,9984,-536,-6.87
2026-09-09T12:01:19.326,1788935479.3261,9985,-2052,-26.31
2026-09-09T12:01:19.326,1788935479.3261,9986,-180,-2.31
2026-09-09T12:01:19.341,1788935479.3418,9987,-2636,-33.79
2026-09-09T12:01:19.341,1788935479.3418,9988,204,2.62
2026-09-09T12:01:19.357,1788935479.3577,9989,-3084,-39.54
2026-09-09T12:01:19.386,1788935479.3862,9990,688,8.82
2026-09-09T12:01:19.389,1788935479.3892,9991,-3376,-43.28
2026-09-09T12:01:19.389,1788935479.3892,9992,1280,16.41
2026-09-09T12:01:19.405,1788935479.4051,9993,724,9.28
2026-09-09T12:01:19.422,1788935479.4229,9994,1908,24.46
2026-09-09T12:01:19.427,1788935479.4270,9995,340,4.36
2026-09-09T12:01:19.440,1788935479.4407,9996,2500,32.05
2026-09-09T12:01:19.447,1788935479.4473,9997,-44,-0.56
2026-09-09T12:01:19.452,1788935479.4528,9998,2920,37.44
2026-09-09T12:01:19.452,1788935479.4528,9999,-532,-6.82
2026-09-09T12:01:19.468,1788935479.4689,10000,3224,41.33
2026-09-09T12:01:19.486,1788935479.4863,10001,-1128,-14.46
2026-09-09T12:01:19.500,1788935479.5005,10002,3408,43.69
2026-09-09T12:01:19.500,1788935479.5005,10003,-1780,-22.82
2026-09-09T12:01:19.516,1788935479.5165,10004,-312,-4.0
2026-09-09T12:01:19.532,1788935479.5328,10005,-2408,-30.87
2026-09-09T12:01:19.532,1788935479.5328,10006,40,0.51
2026-09-09T12:01:19.548,1788935479.5488,10007,-2924,-37.49
2026-09-09T12:01:19.559,1788935479.5592,10008,488,6.26
2026-09-09T12:01:19.566,1788935479.5663,10009,-3248,-41.64
2026-09-09T12:01:19.566,1788935479.5663,10010,1064,13.64
2026-09-09T12:01:19.586,1788935479.5863,10011,-3452,-44.26
2026-09-09T12:01:19.596,1788935479.5966,10012,1708,21.9
2026-09-09T12:01:19.612,1788935479.6126,10013,564,7.23
2026-09-09T12:01:19.612,1788935479.6126,10014,2340,30.0
2026-09-09T12:01:19.612,1788935479.6126,10015,164,2.1
2026-09-09T12:01:19.628,1788935479.6283,10016,2824,36.21
2026-09-09T12:01:19.644,1788935479.6444,10017,-276,-3.54
2026-09-09T12:01:19.644,1788935479.6444,10018,3168,40.62
2026-09-09T12:01:19.660,1788935479.6602,10019,-820,-10.51
2026-09-09T12:01:19.675,1788935479.6760,10020,3392,43.49
2026-09-09T12:01:19.692,1788935479.6921,10021,-1480,-18.97
2026-09-09T12:01:19.692,1788935479.6921,10022,-464,-5.95
2026-09-09T12:01:19.692,1788935479.6921,10023,-2160,-27.69
2026-09-09T12:01:19.707,1788935479.7080,10024,-84,-1.08
2026-09-09T12:01:19.729,1788935479.7292,10025,-2696,-34.56
2026-09-09T12:01:19.739,1788935479.7395,10026,292,3.74
2026-09-09T12:01:19.739,1788935479.7395,10027,-3112,-39.9
2026-09-09T12:01:19.755,1788935479.7554,10028,844,10.82
2026-09-09T12:01:19.755,1788935479.7554,10029,-3388,-43.44
2026-09-09T12:01:19.771,1788935479.7713,10030,1416,18.15
2026-09-09T12:01:19.786,1788935479.7869,10031,-3572,-45.79
2026-09-09T12:01:19.786,1788935479.7869,10032,2056,26.36
2026-09-09T12:01:19.802,1788935479.8028,10033,300,3.85
2026-09-09T12:01:19.802,1788935479.8028,10034,2600,33.33
2026-09-09T12:01:19.826,1788935479.8268,10035,-116,-1.49
2026-09-09T12:01:19.843,1788935479.8437,10036,2996,38.41
2026-09-09T12:01:19.850,1788935479.8501,10037,-620,-7.95
2026-09-09T12:01:19.850,1788935479.8501,10038,3292,42.21
2026-09-09T12:01:19.865,1788935479.8660,10039,-1236,-15.85
2026-09-09T12:01:19.865,1788935479.8660,10040,3464,44.41
2026-09-09T12:01:19.888,1788935479.8881,10041,-1912,-24.51
2026-09-09T12:01:19.897,1788935479.8979,10042,-252,-3.23
2026-09-09T12:01:19.897,1788935479.8979,10043,-2532,-32.46
2026-09-09T12:01:19.913,1788935479.9136,10044,104,1.33
2026-09-09T12:01:19.913,1788935479.9136,10045,-2996,-38.41
2026-09-09T12:01:19.929,1788935479.9294,10046,572,7.33
2026-09-09T12:01:19.945,1788935479.9453,10047,-3332,-42.72
2026-09-09T12:01:19.945,1788935479.9453,10048,1132,14.51
2026-09-09T12:01:19.965,1788935479.9658,10049,-3532,-45.28
2026-09-09T12:01:19.977,1788935479.9770,10050,1772,22.72
2026-09-09T12:01:19.988,1788935479.9882,10051,-3648,-46.77
2026-09-09T12:01:19.993,1788935479.9932,10052,2392,30.67
2026-09-09T12:01:20.008,1788935480.0090,10053,52,0.67
2026-09-09T12:01:20.014,1788935480.0150,10054,2844,36.46
2026-09-09T12:01:20.024,1788935480.0248,10055,-392,-5.03
2026-09-09T12:01:20.024,1788935480.0248,10056,3164,40.56
2026-09-09T12:01:20.040,1788935480.0407,10057,-976,-12.51
2026-09-09T12:01:20.056,1788935480.0568,10058,3376,43.28
2026-09-09T12:01:20.073,1788935480.0731,10059,-1648,-21.13
2026-09-09T12:01:20.073,1788935480.0731,10060,3504,44.92
2026-09-09T12:01:20.088,1788935480.0883,10061,-2296,-29.44
2026-09-09T12:01:20.094,1788935480.0943,10062,-92,-1.18
2026-09-09T12:01:20.104,1788935480.1045,10063,-2832,-36.31
2026-09-09T12:01:20.104,1788935480.1045,10064,352,4.51
2026-09-09T12:01:20.120,1788935480.1203,10065,-3224,-41.33
2026-09-09T12:01:20.136,1788935480.1364,10066,872,11.18
2026-09-09T12:01:20.152,1788935480.1521,10067,-3468,-44.46
2026-09-09T12:01:20.152,1788935480.1521,10068,1504,19.28
2026-09-09T12:01:20.152,1788935480.1521,10069,-3636,-46.62
2026-09-09T12:01:20.168,1788935480.1682,10070,2136,27.38
2026-09-09T12:01:20.188,1788935480.1888,10071,-3708,-47.54
2026-09-09T12:01:20.200,1788935480.2000,10072,2664,34.15
2026-09-09T12:01:20.200,1788935480.2000,10073,-196,-2.51
2026-09-09T12:01:20.215,1788935480.2158,10074,3028,38.82
2026-09-09T12:01:20.215,1788935480.2158,10075,-732,-9.38
2026-09-09T12:01:20.238,1788935480.2381,10076,3300,42.31
2026-09-09T12:01:20.247,1788935480.2478,10077,-1344,-17.23
2026-09-09T12:01:20.247,1788935480.2478,10078,3476,44.56
2026-09-09T12:01:20.263,1788935480.2636,10079,-2040,-26.15
2026-09-09T12:01:20.263,1788935480.2636,10080,3552,45.54
2026-09-09T12:01:20.279,1788935480.2796,10081,-2632,-33.74
2026-09-09T12:01:20.304,1788935480.3048,10082,172,2.21
2026-09-09T12:01:20.311,1788935480.3115,10083,-3080,-39.49
2026-09-09T12:01:20.315,1788935480.3155,10084,652,8.36
2026-09-09T12:01:20.327,1788935480.3275,10085,-3376,-43.28
2026-09-09T12:01:20.327,1788935480.3275,10086,1264,16.21
2026-09-09T12:01:20.343,1788935480.3435,10087,-3572,-45.79
2026-09-09T12:01:20.343,1788935480.3435,10088,1904,24.41
2026-09-09T12:01:20.359,1788935480.3592,10089,-3656,-46.87
2026-09-09T12:01:20.375,1788935480.3752,10090,2476,31.74
2026-09-09T12:01:20.375,1788935480.3752,10091,-3716,-47.64
2026-09-09T12:01:20.390,1788935480.3910,10092,2900,37.18
2026-09-09T12:01:20.407,1788935480.4070,10093,-496,-6.36
2026-09-09T12:01:20.422,1788935480.4227,10094,3216,41.23
2026-09-09T12:01:20.422,1788935480.4227,10095,-1092,-14.0
2026-09-09T12:01:20.438,1788935480.4383,10096,3424,43.9
2026-09-09T12:01:20.438,1788935480.4383,10097,-1760,-22.56
2026-09-09T12:01:20.454,1788935480.4543,10098,3528,45.23
2026-09-09T12:01:20.470,1788935480.4701,10099,-2416,-30.97
2026-09-09T12:01:20.470,1788935480.4701,10100,3580,45.9
2026-09-09T12:01:20.489,1788935480.4892,10101,-2908,-37.28
2026-09-09T12:01:20.502,1788935480.5021,10102,448,5.74
2026-09-09T12:01:20.506,1788935480.5060,10103,-3288,-42.15
2026-09-09T12:01:20.516,1788935480.5160,10104,984,12.62
2026-09-09T12:01:20.525,1788935480.5258,10105,-3508,-44.97
2026-09-09T12:01:20.535,1788935480.5357,10106,1624,20.82
2026-09-09T12:01:20.549,1788935480.5494,10107,-3656,-46.87
2026-09-09T12:01:20.549,1788935480.5494,10108,2268,29.08
2026-09-09T12:01:20.566,1788935480.5661,10109,-3700,-47.44
2026-09-09T12:01:20.566,1788935480.5661,10110,2740,35.13
2026-09-09T12:01:20.581,1788935480.5813,10111,-3704,-47.49
2026-09-09T12:01:20.597,1788935480.5973,10112,3072,39.38
2026-09-09T12:01:20.597,1788935480.5973,10113,-852,-10.92
2026-09-09T12:01:20.613,1788935480.6132,10114,3348,42.92
2026-09-09T12:01:20.613,1788935480.6132,10115,-1504,-19.28
2026-09-09T12:01:20.637,1788935480.6370,10116,3488,44.72
2026-09-09T12:01:20.661,1788935480.6611,10117,-2172,-27.85
2026-09-09T12:01:20.661,1788935480.6611,10118,3576,45.85
2026-09-09T12:01:20.661,1788935480.6611,10119,-2724,-34.92
2026-09-09T12:01:20.677,1788935480.6771,10120,3588,46.0
2026-09-09T12:01:20.677,1788935480.6771,10121,-3144,-40.31
2026-09-09T12:01:20.692,1788935480.6928,10122,760,9.74
2026-09-09T12:01:20.708,1788935480.7089,10123,-3424,-43.9
2026-09-09T12:01:20.721,1788935480.7214,10124,1384,17.74
2026-09-09T12:01:20.726,1788935480.7265,10125,-3600,-46.15
2026-09-09T12:01:20.726,1788935480.7265,10126,2024,25.95
2026-09-09T12:01:20.741,1788935480.7413,10127,-3692,-47.33
2026-09-09T12:01:20.757,1788935480.7574,10128,2568,32.92
2026-09-09T12:01:20.773,1788935480.7732,10129,-3708,-47.54
2026-09-09T12:01:20.773,1788935480.7732,10130,2976,38.15
2026-09-09T12:01:20.792,1788935480.7926,10131,-608,-7.79
2026-09-09T12:01:20.796,1788935480.7968,10132,3248,41.64
2026-09-09T12:01:20.804,1788935480.8049,10133,-1220,-15.64
2026-09-09T12:01:20.804,1788935480.8049,10134,3436,44.05
2026-09-09T12:01:20.821,1788935480.8210,10135,-1896,-24.31
2026-09-09T12:01:20.837,1788935480.8370,10136,3552,45.54
2026-09-09T12:01:20.852,1788935480.8528,10137,-2532,-32.46
2026-09-09T12:01:20.852,1788935480.8528,10138,3576,45.85
2026-09-09T12:01:20.852,1788935480.8528,10139,-3008,-38.56
2026-09-09T12:01:20.868,1788935480.8688,10140,3556,45.59
2026-09-09T12:01:20.890,1788935480.8901,10141,-3340,-42.82
2026-09-09T12:01:20.890,1788935480.8901,10142,1104,14.15
2026-09-09T12:01:20.900,1788935480.9006,10143,-3556,-45.59
2026-09-09T12:01:20.916,1788935480.9164,10144,1756,22.51
2026-09-09T12:01:20.916,1788935480.9164,10145,-3672,-47.08
2026-09-09T12:01:20.932,1788935480.9321,10146,2360,30.26
2026-09-09T12:01:20.948,1788935480.9481,10147,-3708,-47.54
2026-09-09T12:01:20.956,1788935480.9561,10148,2824,36.21
2026-09-09T12:01:20.966,1788935480.9670,10149,-3680,-47.18
2026-09-09T12:01:20.974,1788935480.9749,10150,3144,40.31
2026-09-09T12:01:20.981,1788935480.9818,10151,-956,-12.26
2026-09-09T12:01:21.001,1788935481.0018,10152,3360,43.08
2026-09-09T12:01:21.011,1788935481.0115,10153,-1628,-20.87
2026-09-09T12:01:21.011,1788935481.0115,10154,3484,44.67
2026-09-09T12:01:21.031,1788935481.0312,10155,-2284,-29.28
2026-09-09T12:01:21.043,1788935481.0432,10156,3572,45.79
2026-09-09T12:01:21.043,1788935481.0432,10157,-2812,-36.05
2026-09-09T12:01:21.059,1788935481.0591,10158,3576,45.85
2026-09-09T12:01:21.065,1788935481.0652,10159,-3228,-41.38
2026-09-09T12:01:21.074,1788935481.0749,10160,3492,44.77
2026-09-09T12:01:21.085,1788935481.0854,10161,-3488,-44.72
2026-09-09T12:01:21.090,1788935481.0902,10162,1496,19.18
2026-09-09T12:01:21.106,1788935481.1061,10163,-3624,-46.46
2026-09-09T12:01:21.121,1788935481.1217,10164,2116,27.13
2026-09-09T12:01:21.121,1788935481.1217,10165,-3716,-47.64
2026-09-09T12:01:21.137,1788935481.1378,10166,2656,34.05
2026-09-09T12:01:21.137,1788935481.1378,10167,-3712,-47.59
2026-09-09T12:01:21.153,1788935481.1539,10168,3048,39.08
2026-09-09T12:01:21.169,1788935481.1696,10169,-3660,-46.92
2026-09-09T12:01:21.175,1788935481.1756,10170,3292,42.21
2026-09-09T12:01:21.185,1788935481.1857,10171,-1356,-17.38
2026-09-09T12:01:21.191,1788935481.1915,10172,3436,44.05
2026-09-09T12:01:21.201,1788935481.2017,10173,-2036,-26.1
2026-09-09T12:01:21.201,1788935481.2017,10174,3552,45.54
2026-09-09T12:01:21.235,1788935481.2357,10175,-2628,-33.69
2026-09-09T12:01:21.235,1788935481.2357,10176,3556,45.59
2026-09-09T12:01:21.235,1788935481.2357,10177,-3096,-39.69
2026-09-09T12:01:21.249,1788935481.2496,10178,3548,45.49
2026-09-09T12:01:21.265,1788935481.2654,10179,-3376,-43.28
2026-09-09T12:01:21.265,1788935481.2654,10180,3420,43.85
2026-09-09T12:01:21.281,1788935481.2811,10181,-3584,-45.95
2026-09-09T12:01:21.297,1788935481.2972,10182,1864,23.9
2026-09-09T12:01:21.297,1788935481.2972,10183,-3692,-47.33
2026-09-09T12:01:21.313,1788935481.3131,10184,2452,31.44
2026-09-09T12:01:21.313,1788935481.3131,10185,-3724,-47.74
2026-09-09T12:01:21.336,1788935481.3363,10186,2888,37.03
2026-09-09T12:01:21.348,1788935481.3482,10187,-3696,-47.38
2026-09-09T12:01:21.361,1788935481.3611,10188,3192,40.92
2026-09-09T12:01:21.367,1788935481.3671,10189,-3584,-45.95
2026-09-09T12:01:21.376,1788935481.3769,10190,3440,44.1
2026-09-09T12:01:21.376,1788935481.3769,10191,-1748,-22.41
2026-09-09T12:01:21.392,1788935481.3923,10192,3524,45.18
2026-09-09T12:01:21.408,1788935481.4083,10193,-2388,-30.62
2026-09-09T12:01:21.414,1788935481.4143,10194,3588,46.0
2026-09-09T12:01:21.428,1788935481.4287,10195,-2896,-37.13
2026-09-09T12:01:21.434,1788935481.4341,10196,3576,45.85
2026-09-09T12:01:21.440,1788935481.4401,10197,-3284,-42.1
2026-09-09T12:01:21.456,1788935481.4560,10198,3480,44.62
2026-09-09T12:01:21.471,1788935481.4718,10199,-3520,-45.13
2026-09-09T12:01:21.478,1788935481.4782,10200,3316,42.51
2026-09-09T12:01:21.487,1788935481.4877,10201,-3648,-46.77
2026-09-09T12:01:21.493,1788935481.4937,10202,2232,28.62
2026-09-09T12:01:21.505,1788935481.5058,10203,-3736,-47.9
2026-09-09T12:01:21.505,1788935481.5058,10204,2712,34.77
2026-09-09T12:01:21.519,1788935481.5196,10205,-3736,-47.9
2026-09-09T12:01:21.535,1788935481.5355,10206,3088,39.59
2026-09-09T12:01:21.535,1788935481.5355,10207,-3640,-46.67
2026-09-09T12:01:21.551,1788935481.5516,10208,3320,42.56
2026-09-09T12:01:21.559,1788935481.5595,10209,-3480,-44.62
2026-09-09T12:01:21.583,1788935481.5836,10210,3480,44.62
2026-09-09T12:01:21.593,1788935481.5937,10211,-2152,-27.59
2026-09-09T12:01:21.593,1788935481.5937,10212,3560,45.64
2026-09-09T12:01:21.599,1788935481.5996,10213,-2736,-35.08
2026-09-09T12:01:21.615,1788935481.6158,10214,3588,46.0
2026-09-09T12:01:21.625,1788935481.6259,10215,-3136,-40.21
2026-09-09T12:01:21.635,1788935481.6358,10216,3556,45.59
2026-09-09T12:01:21.648,1788935481.6487,10217,-3420,-43.85
2026-09-09T12:01:21.655,1788935481.6552,10218,3396,43.54
2026-09-09T12:01:21.663,1788935481.6640,10219,-3612,-46.31
2026-09-09T12:01:21.663,1788935481.6640,10220,3180,40.77
2026-09-09T12:01:21.679,1788935481.6797,10221,-3696,-47.38
2026-09-09T12:01:21.700,1788935481.7007,10222,2528,32.41
2026-09-09T12:01:21.711,1788935481.7113,10223,-3752,-48.1
2026-09-09T12:01:21.711,1788935481.7113,10224,2944,37.74
2026-09-09T12:01:21.728,1788935481.7283,10225,-3696,-47.38
2026-09-09T12:01:21.742,1788935481.7428,10226,3220,41.28
2026-09-09T12:01:21.742,1788935481.7428,10227,-3580,-45.9
2026-09-09T12:01:21.758,1788935481.7587,10228,3424,43.9
2026-09-09T12:01:21.767,1788935481.7672,10229,-3380,-43.33
2026-09-09T12:01:21.775,1788935481.7759,10230,3496,44.82
2026-09-09T12:01:21.775,1788935481.7759,10231,-2540,-32.56
2026-09-09T12:01:21.793,1788935481.7940,10232,3568,45.74
2026-09-09T12:01:21.805,1788935481.8055,10233,-3024,-38.77
2026-09-09T12:01:21.823,1788935481.8236,10234,3556,45.59
2026-09-09T12:01:21.827,1788935481.8279,10235,-3352,-42.97
2026-09-09T12:01:21.837,1788935481.8371,10236,3456,44.31
2026-09-09T12:01:21.837,1788935481.8371,10237,-3560,-45.64
2026-09-09T12:01:21.853,1788935481.8530,10238,3300,42.31
2026-09-09T12:01:21.853,1788935481.8530,10239,-3688,-47.28
2026-09-09T12:01:21.868,1788935481.8687,10240,3072,39.38
2026-09-09T12:01:21.884,1788935481.8847,10241,-3732,-47.85
2026-09-09T12:01:21.894,1788935481.8943,10242,2864,36.72
2026-09-09T12:01:21.900,1788935481.9004,10243,-3652,-46.82
2026-09-09T12:01:21.916,1788935481.9164,10244,3268,41.9
2026-09-09T12:01:21.932,1788935481.9325,10245,-3552,-45.54
2026-09-09T12:01:21.932,1788935481.9325,10246,3492,44.77
2026-09-09T12:01:21.932,1788935481.9325,10247,-3356,-43.03
2026-09-09T12:01:21.948,1788935481.9483,10248,3704,47.49
2026-09-09T12:01:21.972,1788935481.9724,10249,-3052,-39.13
2026-09-09T12:01:21.980,1788935481.9802,10250,3832,49.13
2026-09-09T12:01:21.980,1788935481.9802,10251,-2540,-32.56
2026-09-09T12:01:21.996,1788935481.9961,10252,4208,53.95
2026-09-09T12:01:22.005,1788935482.0059,10253,-2072,-26.56
2026-09-09T12:01:22.011,1788935482.0118,10254,5152,66.05
2026-09-09T12:01:22.011,1788935482.0118,10255,-1880,-24.1
2026-09-09T12:01:22.027,1788935482.0279,10256,5196,66.62
2026-09-09T12:01:22.043,1788935482.0437,10257,-2056,-26.36
2026-09-09T12:01:22.059,1788935482.0595,10258,4660,59.74
2026-09-09T12:01:22.059,1788935482.0595,10259,-2608,-33.44
2026-09-09T12:01:22.075,1788935482.0753,10260,3612,46.31
2026-09-09T12:01:22.094,1788935482.0943,10261,-3116,-39.95
2026-09-09T12:01:22.094,1788935482.0943,10262,3636,46.62
2026-09-09T12:01:22.106,1788935482.1069,10263,-3424,-43.9
2026-09-09T12:01:22.114,1788935482.1148,10264,3628,46.51
2026-09-09T12:01:22.122,1788935482.1229,10265,-3564,-45.69
2026-09-09T12:01:22.138,1788935482.1388,10266,3668,47.03
2026-09-09T12:01:22.138,1788935482.1388,10267,-3504,-44.92
2026-09-09T12:01:22.156,1788935482.1568,10268,3628,46.51
2026-09-09T12:01:22.170,1788935482.1707,10269,-3276,-42.0
2026-09-09T12:01:22.170,1788935482.1707,10270,3604,46.21
2026-09-09T12:01:22.186,1788935482.1867,10271,-3248,-41.64
2026-09-09T12:01:22.196,1788935482.1964,10272,3540,45.38
2026-09-09T12:01:22.202,1788935482.2029,10273,-3636,-46.62
2026-09-09T12:01:22.202,1788935482.2029,10274,3428,43.95
2026-09-09T12:01:22.228,1788935482.2287,10275,-3908,-50.1
2026-09-09T12:01:22.234,1788935482.2350,10276,3192,40.92
2026-09-09T12:01:22.250,1788935482.2508,10277,-4044,-51.85
2026-09-09T12:01:22.250,1788935482.2508,10278,2932,37.59
2026-09-09T12:01:22.266,1788935482.2667,10279,-4092,-52.46
2026-09-09T12:01:22.266,1788935482.2667,10280,2664,34.15
2026-09-09T12:01:22.294,1788935482.2942,10281,-4076,-52.26
2026-09-09T12:01:22.298,1788935482.2983,10282,2988,38.31
2026-09-09T12:01:22.298,1788935482.2983,10283,-4004,-51.33
2026-09-09T12:01:22.314,1788935482.3142,10284,3260,41.79
2026-09-09T12:01:22.330,1788935482.3303,10285,-3792,-48.62
2026-09-09T12:01:22.330,1788935482.3303,10286,3416,43.79
2026-09-09T12:01:22.346,1788935482.3463,10287,-3512,-45.03
2026-09-09T12:01:22.346,1788935482.3463,10288,3536,45.33
2026-09-09T12:01:22.368,1788935482.3680,10289,-3172,-40.67
2026-09-09T12:01:22.377,1788935482.3780,10290,3552,45.54
2026-09-09T12:01:22.377,1788935482.3780,10291,-3452,-44.26
2026-09-09T12:01:22.394,1788935482.3943,10292,3536,45.33
2026-09-09T12:01:22.409,1788935482.4094,10293,-3700,-47.44
2026-09-09T12:01:22.422,1788935482.4227,10294,3400,43.59
2026-09-09T12:01:22.425,1788935482.4252,10295,-3848,-49.33
2026-09-09T12:01:22.425,1788935482.4252,10296,3168,40.62
2026-09-09T12:01:22.441,1788935482.4411,10297,-3900,-50.0
2026-09-09T12:01:22.456,1788935482.4568,10298,2880,36.92
2026-09-09T12:01:22.456,1788935482.4568,10299,-3948,-50.62
2026-09-09T12:01:22.472,1788935482.4726,10300,2968,38.05
2026-09-09T12:01:22.488,1788935482.4885,10301,-3908,-50.1
2026-09-09T12:01:22.494,1788935482.4946,10302,3232,41.44
2026-09-09T12:01:22.504,1788935482.5046,10303,-3756,-48.15
2026-09-09T12:01:22.527,1788935482.5280,10304,3416,43.79
2026-09-09T12:01:22.527,1788935482.5280,10305,-3516,-45.08
2026-09-09T12:01:22.537,1788935482.5372,10306,3540,45.38
2026-09-09T12:01:22.537,1788935482.5372,10307,-3196,-40.97
2026-09-09T12:01:22.559,1788935482.5595,10308,3600,46.15
2026-09-09T12:01:22.570,1788935482.5709,10309,-2872,-36.82
2026-09-09T12:01:22.570,1788935482.5709,10310,3560,45.64
2026-09-09T12:01:22.584,1788935482.5843,10311,-3516,-45.08
2026-09-09T12:01:22.599,1788935482.5999,10312,3472,44.51
2026-09-09T12:01:22.599,1788935482.5999,10313,-3712,-47.59
2026-09-09T12:01:22.615,1788935482.6158,10314,3292,42.21
2026-09-09T12:01:22.624,1788935482.6249,10315,-3828,-49.08
2026-09-09T12:01:22.647,1788935482.6478,10316,3028,38.82
2026-09-09T12:01:22.647,1788935482.6478,10317,-3864,-49.54
2026-09-09T12:01:22.647,1788935482.6478,10318,2720,34.87
2026-09-09T12:01:22.663,1788935482.6638,10319,-3852,-49.38
2026-09-09T12:01:22.679,1788935482.6796,10320,3136,40.21
2026-09-09T12:01:22.679,1788935482.6796,10321,-3732,-47.85
2026-09-09T12:01:22.695,1788935482.6954,10322,3396,43.54
2026-09-09T12:01:22.695,1788935482.6954,10323,-3548,-45.49
2026-09-09T12:01:22.711,1788935482.7111,10324,3516,45.08
2026-09-09T12:01:22.727,1788935482.7271,10325,-3252,-41.69
2026-09-09T12:01:22.736,1788935482.7366,10326,3596,46.1
2026-09-09T12:01:22.746,1788935482.7467,10327,-2960,-37.95
2026-09-09T12:01:22.758,1788935482.7583,10328,3612,46.31
2026-09-09T12:01:22.774,1788935482.7741,10329,-2608,-33.44
2026-09-09T12:01:22.774,1788935482.7741,10330,3544,45.44
2026-09-09T12:01:22.789,1788935482.7898,10331,-3592,-46.05
2026-09-09T12:01:22.796,1788935482.7967,10332,3384,43.38
2026-09-09T12:01:22.805,1788935482.8059,10333,-3744,-48.0
2026-09-09T12:01:22.821,1788935482.8216,10334,3156,40.46
2026-09-09T12:01:22.821,1788935482.8216,10335,-3836,-49.18
2026-09-09T12:01:22.841,1788935482.8411,10336,2884,36.97
2026-09-09T12:01:22.845,1788935482.8455,10337,-3828,-49.08
2026-09-09T12:01:22.853,1788935482.8536,10338,2576,33.03
2026-09-09T12:01:22.853,1788935482.8536,10339,-3756,-48.15
2026-09-09T12:01:22.885,1788935482.8855,10340,3332,42.72
2026-09-09T12:01:22.885,1788935482.8855,10341,-3612,-46.31
2026-09-09T12:01:22.897,1788935482.8970,10342,3496,44.82
2026-09-09T12:01:22.901,1788935482.9014,10343,-3376,-43.28
2026-09-09T12:01:22.924,1788935482.9248,10344,3608,46.26
2026-09-09T12:01:22.924,1788935482.9248,10345,-3048,-39.08
2026-09-09T12:01:22.933,1788935482.9335,10346,3652,46.82
2026-09-09T12:01:22.949,1788935482.9492,10347,-2716,-34.82
2026-09-09T12:01:22.949,1788935482.9492,10348,3608,46.26
2026-09-09T12:01:22.964,1788935482.9649,10349,-2412,-30.92
2026-09-09T12:01:22.964,1788935482.9649,10350,3480,44.62
2026-09-09T12:01:22.983,1788935482.9834,10351,-3668,-47.03
2026-09-09T12:01:22.996,1788935482.9969,10352,3288,42.15
2026-09-09T12:01:23.014,1788935483.0149,10353,-3772,-48.36
2026-09-09T12:01:23.019,1788935483.0198,10354,3016,38.67
2026-09-09T12:01:23.028,1788935483.0288,10355,-3804,-48.77
2026-09-09T12:01:23.028,1788935483.0288,10356,2740,35.13
2026-09-09T12:01:23.044,1788935483.0447,10357,-3756,-48.15
2026-09-09T12:01:23.060,1788935483.0605,10358,2448,31.38
2026-09-09T12:01:23.060,1788935483.0605,10359,-3664,-46.97
2026-09-09T12:01:23.076,1788935483.0766,10360,3476,44.56
2026-09-09T12:01:23.076,1788935483.0766,10361,-3432,-44.0
2026-09-09T12:01:23.092,1788935483.0928,10362,3604,46.21
2026-09-09T12:01:23.098,1788935483.0982,10363,-3164,-40.56
2026-09-09T12:01:23.124,1788935483.1247,10364,3676,47.13
2026-09-09T12:01:23.124,1788935483.1247,10365,-2840,-36.41
2026-09-09T12:01:23.140,1788935483.1409,10366,3664,46.97
2026-09-09T12:01:23.140,1788935483.1409,10367,-2516,-32.26
2026-09-09T12:01:23.156,1788935483.1566,10368,3588,46.0
2026-09-09T12:01:23.156,1788935483.1566,10369,-2212,-28.36
2026-09-09T12:01:23.172,1788935483.1726,10370,3400,43.59
2026-09-09T12:01:23.188,1788935483.1883,10371,-3752,-48.1
2026-09-09T12:01:23.198,1788935483.1980,10372,3148,40.36
2026-09-09T12:01:23.204,1788935483.2044,10373,-3844,-49.28
2026-09-09T12:01:23.204,1788935483.2044,10374,2864,36.72
2026-09-09T12:01:23.220,1788935483.2201,10375,-3824,-49.03
2026-09-09T12:01:23.235,1788935483.2357,10376,2568,32.92
2026-09-09T12:01:23.235,1788935483.2357,10377,-3756,-48.15
