iso_time,epoch_seconds,sample_index,q1_raw,q1_voltage_mv,q1_activity,q1_activity_mv
2026-09-10T14:12:20.252,1789029740.2523,1,-349,-4.47,2544,32.62
2026-09-10T14:12:20.259,1789029740.2595,2,1181,15.14,3713,47.6
2026-09-10T14:12:20.264,1789029740.2648,3,-2496,-32.0,3677,47.14
2026-09-10T14:12:20.266,1789029740.2668,4,-2162,-27.72,3677,47.14
2026-09-10T14:12:20.272,1789029740.2724,5,206,2.64,3677,47.14
2026-09-10T14:12:20.274,1789029740.2744,6,1354,17.36,3850,49.36
2026-09-10T14:12:20.285,1789029740.2852,7,-2400,-30.77,3754,48.13
2026-09-10T14:12:20.295,1789029740.2953,8,-1786,-22.9,3754,48.13
2026-09-10T14:12:20.295,1789029740.2953,9,689,8.83,3754,48.13
2026-09-10T14:12:20.310,1789029740.3110,10,1434,18.38,3834,49.15
2026-09-10T14:12:20.326,1789029740.3267,11,-2351,-30.14,3785,48.53
2026-09-10T14:12:20.326,1789029740.3267,12,-1510,-19.36,3785,48.53
2026-09-10T14:12:20.326,1789029740.3267,13,1004,12.87,3785,48.53
2026-09-10T14:12:20.342,1789029740.3424,14,1388,17.79,3739,47.94
2026-09-10T14:12:20.342,1789029740.3424,15,-286,-3.67,2898,37.15
2026-09-10T14:12:20.342,1789029740.3424,16,-1303,-16.71,2691,34.5
2026-09-10T14:12:20.349,1789029740.3495,17,1238,15.87,2691,34.5
2026-09-10T14:12:20.349,1789029740.3495,18,1273,16.32,2576,33.03
2026-09-10T14:12:20.349,1789029740.3495,19,-556,-7.13,2576,33.03
2026-09-10T14:12:20.358,1789029740.3583,20,-1093,-14.01,2366,30.33
2026-09-10T14:12:20.358,1789029740.3583,21,1367,17.53,2460,31.54
2026-09-10T14:12:20.370,1789029740.3701,22,1138,14.59,2460,31.54
2026-09-10T14:12:20.370,1789029740.3701,23,-878,-11.26,2460,31.54
2026-09-10T14:12:20.374,1789029740.3741,24,-2251,-28.86,3618,46.38
2026-09-10T14:12:20.374,1789029740.3741,25,1513,19.4,3764,48.26
2026-09-10T14:12:20.389,1789029740.3898,26,1007,12.91,3764,48.26
2026-09-10T14:12:20.390,1789029740.3904,27,-1169,-14.99,3764,48.26
2026-09-10T14:12:20.390,1789029740.3904,28,-2120,-27.18,3633,46.58
2026-09-10T14:12:20.390,1789029740.3904,29,1579,20.24,3699,47.42
2026-09-10T14:12:20.390,1789029740.3904,30,872,11.18,3699,47.42
2026-09-10T14:12:20.405,1789029740.4056,31,-1427,-18.29,3699,47.42
2026-09-10T14:12:20.405,1789029740.4056,32,-2009,-25.76,3588,46.0
2026-09-10T14:12:20.405,1789029740.4056,33,-366,-4.69,2881,36.94
2026-09-10T14:12:20.405,1789029740.4056,34,710,9.1,2719,34.86
2026-09-10T14:12:20.421,1789029740.4213,35,-1629,-20.88,2719,34.86
2026-09-10T14:12:20.421,1789029740.4213,36,-1911,-24.5,2621,33.6
2026-09-10T14:12:20.433,1789029740.4338,37,-95,-1.22,2621,33.6
2026-09-10T14:12:20.440,1789029740.4401,38,503,6.45,2414,30.95
2026-09-10T14:12:20.442,1789029740.4421,39,-1835,-23.53,2414,30.95
2026-09-10T14:12:20.452,1789029740.4529,40,-1804,-23.13,2338,29.97
2026-09-10T14:12:20.452,1789029740.4529,41,179,2.29,2338,29.97
2026-09-10T14:12:20.452,1789029740.4529,42,1502,19.26,3337,42.78
2026-09-10T14:12:20.471,1789029740.4714,43,-2013,-25.81,3515,45.06
2026-09-10T14:12:20.475,1789029740.4758,44,-1657,-21.24,3515,45.06
2026-09-10T14:12:20.481,1789029740.4819,45,486,6.23,3515,45.06
2026-09-10T14:12:20.484,1789029740.4845,46,1388,17.79,3401,43.6
2026-09-10T14:12:20.484,1789029740.4845,47,-2078,-26.64,3466,44.44
2026-09-10T14:12:20.484,1789029740.4845,48,-1518,-19.46,3466,44.44
2026-09-10T14:12:20.500,1789029740.5002,49,756,9.69,3466,44.44
2026-09-10T14:12:20.500,1789029740.5002,50,1297,16.63,3375,43.27
2026-09-10T14:12:20.500,1789029740.5002,51,-2195,-28.14,3492,44.77
2026-09-10T14:12:20.500,1789029740.5002,52,-1423,-18.24,3492,44.77
2026-09-10T14:12:20.515,1789029740.5159,53,891,11.42,3492,44.77
2026-09-10T14:12:20.515,1789029740.5159,54,1155,14.81,3350,42.95
2026-09-10T14:12:20.515,1789029740.5159,55,-349,-4.47,2578,33.05
2026-09-10T14:12:20.515,1789029740.5159,56,-1187,-15.22,2342,30.03
2026-09-10T14:12:20.533,1789029740.5339,57,1101,14.12,2342,30.03
2026-09-10T14:12:20.539,1789029740.5399,58,1113,14.27,2300,29.49
2026-09-10T14:12:20.541,1789029740.5419,59,-527,-6.76,2300,29.49
2026-09-10T14:12:20.547,1789029740.5473,60,-917,-11.76,2030,26.03
2026-09-10T14:12:20.547,1789029740.5473,61,1326,17.0,2243,28.76
2026-09-10T14:12:20.563,1789029740.5631,62,1069,13.71,2243,28.76
2026-09-10T14:12:20.570,1789029740.5705,63,-715,-9.17,2243,28.76
2026-09-10T14:12:20.570,1789029740.5705,64,-1944,-24.92,3270,41.92
2026-09-10T14:12:20.578,1789029740.5789,65,1494,19.15,3438,44.08
2026-09-10T14:12:20.578,1789029740.5789,66,1032,13.23,3438,44.08
2026-09-10T14:12:20.578,1789029740.5789,67,-932,-11.95,3438,44.08
2026-09-10T14:12:20.578,1789029740.5789,68,-1804,-23.13,3298,42.28
2026-09-10T14:12:20.594,1789029740.5948,69,1624,20.82,3428,43.95
2026-09-10T14:12:20.594,1789029740.5948,70,918,11.77,3428,43.95
2026-09-10T14:12:20.594,1789029740.5948,71,-1174,-15.05,3428,43.95
2026-09-10T14:12:20.610,1789029740.6105,72,-1697,-21.76,3321,42.58
2026-09-10T14:12:20.610,1789029740.6105,73,-159,-2.04,2615,33.53
2026-09-10T14:12:20.610,1789029740.6105,74,776,9.95,2473,31.71
2026-09-10T14:12:20.610,1789029740.6105,75,-1351,-17.32,2473,31.71
2026-09-10T14:12:20.626,1789029740.6266,76,-1566,-20.08,2342,30.03
2026-09-10T14:12:20.626,1789029740.6266,77,156,2.0,2342,30.03
2026-09-10T14:12:20.626,1789029740.6266,78,653,8.37,2219,28.45
2026-09-10T14:12:20.642,1789029740.6424,79,-1506,-19.31,2219,28.45
2026-09-10T14:12:20.642,1789029740.6424,80,-1408,-18.05,2159,27.68
2026-09-10T14:12:20.658,1789029740.6581,81,462,5.92,2159,27.68
2026-09-10T14:12:20.658,1789029740.6581,82,1644,21.08,3150,40.38
2026-09-10T14:12:20.670,1789029740.6706,83,-1640,-21.03,3284,42.1
2026-09-10T14:12:20.673,1789029740.6737,84,-1306,-16.74,3284,42.1
2026-09-10T14:12:20.673,1789029740.6737,85,747,9.58,3284,42.1
2026-09-10T14:12:20.673,1789029740.6737,86,1576,20.21,3216,41.23
2026-09-10T14:12:20.673,1789029740.6737,87,-1795,-23.01,3371,43.22
2026-09-10T14:12:20.689,1789029740.6894,88,-1268,-16.26,3371,43.22
2026-09-10T14:12:20.689,1789029740.6894,89,849,10.88,3371,43.22
2026-09-10T14:12:20.689,1789029740.6894,90,1354,17.36,3149,40.37
2026-09-10T14:12:20.713,1789029740.7131,91,-1944,-24.92,3298,42.28
2026-09-10T14:12:20.716,1789029740.7163,92,-1140,-14.62,3298,42.28
2026-09-10T14:12:20.718,1789029740.7180,93,1104,14.15,3298,42.28
2026-09-10T14:12:20.720,1789029740.7201,94,1360,17.44,3304,42.36
2026-09-10T14:12:20.723,1789029740.7236,95,-45,-0.58,2500,32.05
2026-09-10T14:12:20.729,1789029740.7299,96,-790,-10.13,2150,27.56
2026-09-10T14:12:20.732,1789029740.7329,97,1457,18.68,2247,28.81
2026-09-10T14:12:20.734,1789029740.7349,98,1383,17.73,2247,28.81
2026-09-10T14:12:20.742,1789029740.7423,99,-250,-3.21,2247,28.81
2026-09-10T14:12:20.747,1789029740.7475,100,-662,-8.49,2119,27.17
2026-09-10T14:12:20.758,1789029740.7587,101,1453,18.63,2115,27.12
2026-09-10T14:12:20.763,1789029740.7630,102,959,12.29,2115,27.12
2026-09-10T14:12:20.768,1789029740.7681,103,-869,-11.14,2322,29.77
2026-09-10T14:12:20.770,1789029740.7706,104,-2005,-25.71,3458,44.33
2026-09-10T14:12:20.775,1789029740.7756,105,1457,18.68,3462,44.38
2026-09-10T14:12:20.784,1789029740.7846,106,867,11.12,3462,44.38
2026-09-10T14:12:20.788,1789029740.7886,107,-1096,-14.05,3462,44.38
2026-09-10T14:12:20.793,1789029740.7933,108,-1916,-24.56,3373,43.24
2026-09-10T14:12:20.799,1789029740.7994,109,1497,19.19,3413,43.76
2026-09-10T14:12:20.802,1789029740.8024,110,747,9.58,3413,43.76
2026-09-10T14:12:20.809,1789029740.8096,111,-1304,-16.72,3413,43.76
2026-09-10T14:12:20.820,1789029740.8201,112,-1682,-21.56,3179,40.76
2026-09-10T14:12:20.821,1789029740.8211,113,-64,-0.82,2429,31.14
2026-09-10T14:12:20.821,1789029740.8211,114,722,9.26,2404,30.82
2026-09-10T14:12:20.821,1789029740.8211,115,-1345,-17.24,2404,30.82
2026-09-10T14:12:20.821,1789029740.8211,116,-1456,-18.67,2178,27.92
2026-09-10T14:12:20.836,1789029740.8368,117,270,3.46,2178,27.92
2026-09-10T14:12:20.840,1789029740.8405,118,631,8.09,2087,26.76
2026-09-10T14:12:20.840,1789029740.8405,119,-1476,-18.92,2107,27.01
2026-09-10T14:12:20.840,1789029740.8405,120,-1394,-17.87,2107,27.01
2026-09-10T14:12:20.856,1789029740.8567,121,391,5.01,2107,27.01
2026-09-10T14:12:20.856,1789029740.8567,122,1430,18.33,2906,37.26
2026-09-10T14:12:20.856,1789029740.8567,123,-1785,-22.88,3215,41.22
2026-09-10T14:12:20.874,1789029740.8741,124,-1422,-18.23,3215,41.22
2026-09-10T14:12:20.878,1789029740.8789,125,612,7.85,3215,41.22
2026-09-10T14:12:20.884,1789029740.8842,126,1425,18.27,3210,41.15
2026-09-10T14:12:20.887,1789029740.8880,127,-1777,-22.78,3202,41.05
2026-09-10T14:12:20.892,1789029740.8922,128,-1166,-14.95,3202,41.05
2026-09-10T14:12:20.897,1789029740.8978,129,1070,13.72,3202,41.05
2026-09-10T14:12:20.905,1789029740.9055,130,1586,20.33,3363,43.12
2026-09-10T14:12:20.905,1789029740.9055,131,204,2.62,2752,35.28
2026-09-10T14:12:20.905,1789029740.9055,132,-834,-10.69,2420,31.03
2026-09-10T14:12:20.905,1789029740.9055,133,1405,18.01,2420,31.03
2026-09-10T14:12:20.917,1789029740.9172,134,1619,20.76,2453,31.45
2026-09-10T14:12:20.920,1789029740.9202,135,225,2.88,2453,31.45
2026-09-10T14:12:20.935,1789029740.9352,136,-642,-8.23,2261,28.99
2026-09-10T14:12:20.941,1789029740.9416,137,1469,18.83,2261,28.99
2026-09-10T14:12:20.945,1789029740.9460,138,1443,18.5,2111,27.06
2026-09-10T14:12:20.951,1789029740.9512,139,-107,-1.37,2111,27.06
2026-09-10T14:12:20.953,1789029740.9532,140,-492,-6.31,1961,25.14
2026-09-10T14:12:20.954,1789029740.9542,141,1554,19.92,2046,26.23
2026-09-10T14:12:20.954,1789029740.9542,142,1232,15.79,2046,26.23
2026-09-10T14:12:20.971,1789029740.9710,143,-485,-6.22,2046,26.23
2026-09-10T14:12:20.971,1789029740.9710,144,-1647,-21.12,3201,41.04
2026-09-10T14:12:20.985,1789029740.9856,145,1533,19.65,3180,40.77
2026-09-10T14:12:20.985,1789029740.9856,146,1079,13.83,3180,40.77
2026-09-10T14:12:20.985,1789029740.9856,147,-721,-9.24,3180,40.77
2026-09-10T14:12:20.985,1789029740.9856,148,-1487,-19.06,3020,38.72
2026-09-10T14:12:20.997,1789029740.9973,149,1596,20.46,3083,39.53
2026-09-10T14:12:20.997,1789029740.9973,150,902,11.56,3083,39.53
2026-09-10T14:12:21.006,1789029741.0064,151,-986,-12.64,3083,39.53
2026-09-10T14:12:21.006,1789029741.0064,152,-1282,-16.44,2878,36.9
2026-09-10T14:12:21.017,1789029741.0170,153,287,3.68,2184,28.0
2026-09-10T14:12:21.017,1789029741.0170,154,1063,13.63,2345,30.06
2026-09-10T14:12:21.017,1789029741.0170,155,-894,-11.46,2345,30.06
2026-09-10T14:12:21.017,1789029741.0170,156,-1050,-13.46,2113,27.09
2026-09-10T14:12:21.032,1789029741.0327,157,618,7.92,2113,27.09
2026-09-10T14:12:21.032,1789029741.0327,158,1271,16.29,2321,29.76
2026-09-10T14:12:21.032,1789029741.0327,159,-834,-10.69,2321,29.76
2026-09-10T14:12:21.048,1789029741.0485,160,-842,-10.79,2113,27.09
2026-09-10T14:12:21.048,1789029741.0485,161,897,11.5,2113,27.09
2026-09-10T14:12:21.048,1789029741.0485,162,1897,24.32,2739,35.12
2026-09-10T14:12:21.064,1789029741.0642,163,-1269,-16.27,3166,40.59
2026-09-10T14:12:21.064,1789029741.0642,164,-1012,-12.97,3166,40.59
2026-09-10T14:12:21.071,1789029741.0711,165,948,12.15,3166,40.59
2026-09-10T14:12:21.071,1789029741.0711,166,1684,21.59,2953,37.86
2026-09-10T14:12:21.080,1789029741.0800,167,-1620,-20.77,3304,42.36
2026-09-10T14:12:21.080,1789029741.0800,168,-1346,-17.26,3304,42.36
2026-09-10T14:12:21.095,1789029741.0957,169,695,8.91,3304,42.36
2026-09-10T14:12:21.095,1789029741.0957,170,1156,14.82,2776,35.59
2026-09-10T14:12:21.095,1789029741.0957,171,-60,-0.77,2502,32.08
2026-09-10T14:12:21.111,1789029741.1115,172,-1109,-14.22,2265,29.04
2026-09-10T14:12:21.111,1789029741.1115,173,984,12.62,2265,29.04
2026-09-10T14:12:21.111,1789029741.1115,174,1164,14.92,2273,29.14
2026-09-10T14:12:21.111,1789029741.1115,175,-141,-1.81,2273,29.14
2026-09-10T14:12:21.127,1789029741.1272,176,-817,-10.47,1981,25.4
2026-09-10T14:12:21.130,1789029741.1306,177,1166,14.95,1983,25.42
2026-09-10T14:12:21.130,1789029741.1306,178,1105,14.17,1983,25.42
2026-09-10T14:12:21.130,1789029741.1306,179,-335,-4.29,1983,25.42
2026-09-10T14:12:21.142,1789029741.1429,180,-599,-7.68,1765,22.63
2026-09-10T14:12:21.158,1789029741.1586,181,1311,16.81,1910,24.49
2026-09-10T14:12:21.171,1789029741.1712,182,1006,12.9,1910,24.49
2026-09-10T14:12:21.174,1789029741.1744,183,-542,-6.95,1910,24.49
2026-09-10T14:12:21.174,1789029741.1744,184,-1528,-19.59,2839,36.4
2026-09-10T14:12:21.174,1789029741.1744,185,1391,17.83,2919,37.42
2026-09-10T14:12:21.190,1789029741.1900,186,878,11.26,2919,37.42
2026-09-10T14:12:21.190,1789029741.1900,187,-761,-9.76,2919,37.42
2026-09-10T14:12:21.205,1789029741.2058,188,-1414,-18.13,2805,35.96
2026-09-10T14:12:21.205,1789029741.2058,189,1364,17.49,2778,35.62
2026-09-10T14:12:21.205,1789029741.2058,190,707,9.06,2778,35.62
2026-09-10T14:12:21.221,1789029741.2215,191,-968,-12.41,2778,35.62
2026-09-10T14:12:21.221,1789029741.2215,192,-1296,-16.62,2660,34.1
2026-09-10T14:12:21.221,1789029741.2215,193,-19,-0.24,2003,25.68
2026-09-10T14:12:21.221,1789029741.2215,194,496,6.36,1792,22.97
2026-09-10T14:12:21.237,1789029741.2373,195,-1126,-14.44,1792,22.97
2026-09-10T14:12:21.237,1789029741.2373,196,-1150,-14.74,1646,21.1
2026-09-10T14:12:21.237,1789029741.2373,197,263,3.37,1646,21.1
2026-09-10T14:12:21.237,1789029741.2373,198,501,6.42,1651,21.17
2026-09-10T14:12:21.237,1789029741.2373,199,-1057,-13.55,1651,21.17
2026-09-10T14:12:21.237,1789029741.2373,200,-913,-11.71,1558,19.97
2026-09-10T14:12:21.253,1789029741.2531,201,446,5.72,1558,19.97
2026-09-10T14:12:21.253,1789029741.2531,202,1117,14.32,2174,27.87
2026-09-10T14:12:21.253,1789029741.2531,203,-1169,-14.99,2286,29.31
2026-09-10T14:12:21.274,1789029741.2744,204,-764,-9.79,2286,29.31
2026-09-10T14:12:21.277,1789029741.2774,205,727,9.32,2286,29.31
2026-09-10T14:12:21.280,1789029741.2805,206,1108,14.21,2277,29.19
2026-09-10T14:12:21.285,1789029741.2855,207,-1165,-14.94,2273,29.14
2026-09-10T14:12:21.291,1789029741.2915,208,-584,-7.49,2273,29.14
2026-09-10T14:12:21.295,1789029741.2954,209,862,11.05,2273,29.14
2026-09-10T14:12:21.295,1789029741.2954,210,971,12.45,2136,27.38
2026-09-10T14:12:21.310,1789029741.3102,211,-21,-0.27,1555,19.94
2026-09-10T14:12:21.310,1789029741.3102,212,-484,-6.21,1455,18.65
2026-09-10T14:12:21.310,1789029741.3102,213,933,11.96,1455,18.65
2026-09-10T14:12:21.310,1789029741.3102,214,786,10.08,1417,18.17
2026-09-10T14:12:21.330,1789029741.3302,215,-201,-2.58,1417,18.17
2026-09-10T14:12:21.332,1789029741.3322,216,-368,-4.72,1301,16.68
2026-09-10T14:12:21.334,1789029741.3344,217,986,12.64,1354,17.36
2026-09-10T14:12:21.345,1789029741.3459,218,666,8.54,1354,17.36
2026-09-10T14:12:21.345,1789029741.3459,219,-401,-5.14,1387,17.78
2026-09-10T14:12:21.345,1789029741.3459,220,-251,-3.22,1387,17.78
2026-09-10T14:12:21.357,1789029741.3577,221,966,12.38,1367,17.53
2026-09-10T14:12:21.357,1789029741.3577,222,518,6.64,1367,17.53
2026-09-10T14:12:21.373,1789029741.3734,223,-588,-7.54,1554,19.92
2026-09-10T14:12:21.373,1789029741.3734,224,-1057,-13.55,2023,25.94
2026-09-10T14:12:21.373,1789029741.3734,225,1027,13.17,2084,26.72
2026-09-10T14:12:21.382,1789029741.3825,226,483,6.19,2084,26.72
2026-09-10T14:12:21.389,1789029741.3897,227,-659,-8.45,2084,26.72
2026-09-10T14:12:21.389,1789029741.3897,228,-864,-11.08,1891,24.24
2026-09-10T14:12:21.389,1789029741.3897,229,1027,13.17,1891,24.24
2026-09-10T14:12:21.389,1789029741.3897,230,355,4.55,1891,24.24
2026-09-10T14:12:21.405,1789029741.4051,231,-790,-10.13,1891,24.24
2026-09-10T14:12:21.405,1789029741.4051,232,-795,-10.19,1822,23.36
2026-09-10T14:12:21.413,1789029741.4135,233,180,2.31,1150,14.74
2026-09-10T14:12:21.420,1789029741.4209,234,223,2.86,1018,13.05
2026-09-10T14:12:21.420,1789029741.4209,235,-922,-11.82,1145,14.68
2026-09-10T14:12:21.420,1789029741.4209,236,-718,-9.21,1145,14.68
2026-09-10T14:12:21.436,1789029741.4367,237,305,3.91,1227,15.73
2026-09-10T14:12:21.436,1789029741.4367,238,92,1.18,1227,15.73
2026-09-10T14:12:21.453,1789029741.4533,239,-1000,-12.82,1305,16.73
2026-09-10T14:12:21.454,1789029741.4543,240,-592,-7.59,1305,16.73
2026-09-10T14:12:21.467,1789029741.4678,241,490,6.28,1490,19.1
2026-09-10T14:12:21.471,1789029741.4715,242,820,10.51,1820,23.33
2026-09-10T14:12:21.471,1789029741.4715,243,-1023,-13.12,1843,23.63
2026-09-10T14:12:21.471,1789029741.4715,244,-519,-6.65,1843,23.63
2026-09-10T14:12:21.471,1789029741.4715,245,599,7.68,1843,23.63
2026-09-10T14:12:21.471,1789029741.4715,246,713,9.14,1736,22.26
2026-09-10T14:12:21.485,1789029741.4856,247,-1006,-12.9,1719,22.04
2026-09-10T14:12:21.485,1789029741.4856,248,-374,-4.79,1719,22.04
2026-09-10T14:12:21.485,1789029741.4856,249,788,10.1,1794,23.0
2026-09-10T14:12:21.485,1789029741.4856,250,673,8.63,1794,23.0
2026-09-10T14:12:21.501,1789029741.5013,251,-118,-1.51,1162,14.9
2026-09-10T14:12:21.501,1789029741.5013,252,-286,-3.67,1074,13.77
2026-09-10T14:12:21.501,1789029741.5013,253,819,10.5,1105,14.17
2026-09-10T14:12:21.517,1789029741.5170,254,528,6.77,1105,14.17
2026-09-10T14:12:21.517,1789029741.5170,255,-342,-4.38,1161,14.88
2026-09-10T14:12:21.517,1789029741.5170,256,-257,-3.29,1161,14.88
2026-09-10T14:12:21.532,1789029741.5328,257,804,10.31,1146,14.69
2026-09-10T14:12:21.532,1789029741.5328,258,437,5.6,1146,14.69
2026-09-10T14:12:21.532,1789029741.5328,259,-408,-5.23,1212,15.54
2026-09-10T14:12:21.548,1789029741.5486,260,-55,-0.71,1212,15.54
2026-09-10T14:12:21.548,1789029741.5486,261,933,11.96,1341,17.19
2026-09-10T14:12:21.564,1789029741.5642,262,473,6.06,1341,17.19
2026-09-10T14:12:21.564,1789029741.5642,263,-477,-6.12,1410,18.08
2026-09-10T14:12:21.571,1789029741.5718,264,-759,-9.73,1692,21.69
2026-09-10T14:12:21.571,1789029741.5718,265,1008,12.92,1767,22.65
2026-09-10T14:12:21.580,1789029741.5800,266,420,5.38,1767,22.65
2026-09-10T14:12:21.580,1789029741.5800,267,-582,-7.46,1767,22.65
2026-09-10T14:12:21.580,1789029741.5800,268,-647,-8.29,1655,21.22
2026-09-10T14:12:21.580,1789029741.5800,269,1010,12.95,1657,21.24
2026-09-10T14:12:21.595,1789029741.5957,270,366,4.69,1657,21.24
2026-09-10T14:12:21.595,1789029741.5957,271,-643,-8.24,1657,21.24
2026-09-10T14:12:21.611,1789029741.6115,272,-501,-6.42,1653,21.19
2026-09-10T14:12:21.611,1789029741.6115,273,393,5.04,1036,13.28
2026-09-10T14:12:21.611,1789029741.6115,274,292,3.74,1036,13.28
2026-09-10T14:12:21.627,1789029741.6275,275,-697,-8.94,1090,13.97
2026-09-10T14:12:21.627,1789029741.6275,276,-411,-5.27,1090,13.97
2026-09-10T14:12:21.643,1789029741.6432,277,539,6.91,1236,15.85
2026-09-10T14:12:21.643,1789029741.6432,278,229,2.94,1236,15.85
2026-09-10T14:12:21.643,1789029741.6432,279,-756,-9.69,1295,16.6
2026-09-10T14:12:21.661,1789029741.6612,280,-321,-4.12,1295,16.6
2026-09-10T14:12:21.672,1789029741.6720,281,700,8.97,1456,18.67
2026-09-10T14:12:21.674,1789029741.6747,282,966,12.38,1722,22.08
2026-09-10T14:12:21.674,1789029741.6747,283,-783,-10.04,1749,22.42
2026-09-10T14:12:21.674,1789029741.6747,284,-260,-3.33,1749,22.42
2026-09-10T14:12:21.692,1789029741.6927,285,801,10.27,1749,22.42
2026-09-10T14:12:21.692,1789029741.6927,286,842,10.79,1625,20.83
2026-09-10T14:12:21.692,1789029741.6927,287,-837,-10.73,1679,21.53
2026-09-10T14:12:21.692,1789029741.6927,288,-230,-2.95,1679,21.53
2026-09-10T14:12:21.706,1789029741.7062,289,827,10.6,1679,21.53
2026-09-10T14:12:21.706,1789029741.7062,290,700,8.97,1664,21.33
2026-09-10T14:12:21.706,1789029741.7062,291,-91,-1.17,1057,13.55
2026-09-10T14:12:21.706,1789029741.7062,292,-139,-1.78,966,12.38
2026-09-10T14:12:21.706,1789029741.7062,293,913,11.71,1052,13.49
2026-09-10T14:12:21.706,1789029741.7062,294,642,8.23,1052,13.49
2026-09-10T14:12:21.721,1789029741.7220,295,-177,-2.27,1090,13.97
2026-09-10T14:12:21.721,1789029741.7220,296,-45,-0.58,1090,13.97
2026-09-10T14:12:21.721,1789029741.7220,297,967,12.4,1144,14.67
2026-09-10T14:12:21.737,1789029741.7376,298,535,6.86,1144,14.67
2026-09-10T14:12:21.737,1789029741.7376,299,-315,-4.04,1282,16.44
2026-09-10T14:12:21.737,1789029741.7376,300,38,0.49,1282,16.44
2026-09-10T14:12:21.753,1789029741.7533,301,990,12.69,1305,16.73
2026-09-10T14:12:21.753,1789029741.7533,302,454,5.82,1305,16.73
2026-09-10T14:12:21.753,1789029741.7533,303,-480,-6.15,1470,18.85
2026-09-10T14:12:21.769,1789029741.7692,304,-734,-9.41,1724,22.1
2026-09-10T14:12:21.772,1789029741.7720,305,976,12.51,1710,21.92
2026-09-10T14:12:21.772,1789029741.7720,306,360,4.62,1710,21.92
2026-09-10T14:12:21.772,1789029741.7720,307,-621,-7.96,1710,21.92
2026-09-10T14:12:21.786,1789029741.7869,308,-651,-8.35,1627,20.86
2026-09-10T14:12:21.800,1789029741.8007,309,975,12.5,1626,20.85
2026-09-10T14:12:21.800,1789029741.8007,310,299,3.83,1626,20.85
2026-09-10T14:12:21.800,1789029741.8007,311,-698,-8.95,1673,21.45
2026-09-10T14:12:21.816,1789029741.8164,312,-527,-6.76,1673,21.45
2026-09-10T14:12:21.816,1789029741.8164,313,387,4.96,1085,13.91
2026-09-10T14:12:21.816,1789029741.8164,314,286,3.67,1085,13.91
2026-09-10T14:12:21.832,1789029741.8321,315,-688,-8.82,1075,13.78
2026-09-10T14:12:21.838,1789029741.8381,316,-357,-4.58,1075,13.78
2026-09-10T14:12:21.841,1789029741.8418,317,612,7.85,1300,16.67
2026-09-10T14:12:21.841,1789029741.8418,318,286,3.67,1300,16.67
2026-09-10T14:12:21.841,1789029741.8418,319,-667,-8.55,1279,16.4
2026-09-10T14:12:21.841,1789029741.8418,320,-225,-2.88,1279,16.4
2026-09-10T14:12:21.848,1789029741.8487,321,804,10.31,1471,18.86
2026-09-10T14:12:21.863,1789029741.8637,322,1049,13.45,1716,22.0
2026-09-10T14:12:21.877,1789029741.8773,323,-676,-8.67,1725,22.12
2026-09-10T14:12:21.879,1789029741.8793,324,-141,-1.81,1725,22.12
2026-09-10T14:12:21.879,1789029741.8793,325,927,11.88,1725,22.12
2026-09-10T14:12:21.879,1789029741.8793,326,956,12.26,1632,20.92
2026-09-10T14:12:21.895,1789029741.8956,327,-705,-9.04,1661,21.29
2026-09-10T14:12:21.895,1789029741.8956,328,-62,-0.79,1661,21.29
2026-09-10T14:12:21.910,1789029741.9109,329,1054,13.51,1759,22.55
2026-09-10T14:12:21.917,1789029741.9178,330,910,11.67,1759,22.55
2026-09-10T14:12:21.926,1789029741.9269,331,83,1.06,1116,14.31
2026-09-10T14:12:21.926,1789029741.9269,332,41,0.53,1013,12.99
2026-09-10T14:12:21.926,1789029741.9269,333,1097,14.06,1056,13.54
2026-09-10T14:12:21.926,1789029741.9269,334,777,9.96,1056,13.54
2026-09-10T14:12:21.926,1789029741.9269,335,-82,-1.05,1179,15.12
2026-09-10T14:12:21.926,1789029741.9269,336,17,0.22,1179,15.12
2026-09-10T14:12:21.926,1789029741.9269,337,1013,12.99,1095,14.04
2026-09-10T14:12:21.942,1789029741.9426,338,577,7.4,1095,14.04
2026-09-10T14:12:21.942,1789029741.9426,339,-337,-4.32,1350,17.31
2026-09-10T14:12:21.942,1789029741.9426,340,-840,-10.77,1853,23.76
2026-09-10T14:12:21.954,1789029741.9541,341,967,12.4,1807,23.17
2026-09-10T14:12:21.958,1789029741.9583,342,439,5.63,1807,23.17
2026-09-10T14:12:21.962,1789029741.9624,343,-506,-6.49,1807,23.17
2026-09-10T14:12:21.962,1789029741.9624,344,-780,-10.0,1747,22.4
2026-09-10T14:12:21.972,1789029741.9722,345,994,12.74,1774,22.74
2026-09-10T14:12:21.974,1789029741.9746,346,379,4.86,1774,22.74
2026-09-10T14:12:21.974,1789029741.9746,347,-607,-7.78,1774,22.74
2026-09-10T14:12:21.989,1789029741.9893,348,-653,-8.37,1647,21.12
2026-09-10T14:12:21.989,1789029741.9893,349,1057,13.55,1710,21.92
2026-09-10T14:12:21.989,1789029741.9893,350,401,5.14,1710,21.92
2026-09-10T14:12:22.005,1789029742.0050,351,-581,-7.45,1710,21.92
2026-09-10T14:12:22.005,1789029742.0050,352,-410,-5.26,1638,21.0
2026-09-10T14:12:22.020,1789029742.0208,353,511,6.55,1092,14.0
2026-09-10T14:12:22.020,1789029742.0208,354,481,6.17,1092,14.0
2026-09-10T14:12:22.020,1789029742.0208,355,-493,-6.32,1004,12.87
2026-09-10T14:12:22.020,1789029742.0208,356,-203,-2.6,1004,12.87
2026-09-10T14:12:22.039,1789029742.0400,357,757,9.71,1250,16.03
2026-09-10T14:12:22.044,1789029742.0440,358,438,5.62,1250,16.03
2026-09-10T14:12:22.047,1789029742.0472,359,-524,-6.72,1281,16.42
2026-09-10T14:12:22.053,1789029742.0533,360,-110,-1.41,1281,16.42
2026-09-10T14:12:22.060,1789029742.0608,361,918,11.77,1442,18.49
2026-09-10T14:12:22.065,1789029742.0651,362,1191,15.27,1715,21.99
2026-09-10T14:12:22.067,1789029742.0673,363,-460,-5.9,1651,21.17
2026-09-10T14:12:22.068,1789029742.0683,364,106,1.36,1651,21.17
2026-09-10T14:12:22.074,1789029742.0744,365,1210,15.51,1670,21.41
2026-09-10T14:12:22.075,1789029742.0753,366,1281,16.42,1741,22.32
2026-09-10T14:12:22.080,1789029742.0808,367,-330,-4.23,1611,20.65
2026-09-10T14:12:22.092,1789029742.0924,368,287,3.68,1611,20.65
2026-09-10T14:12:22.094,1789029742.0940,369,1354,17.36,1684,21.59
2026-09-10T14:12:22.094,1789029742.0940,370,1181,15.14,1684,21.59
2026-09-10T14:12:22.109,1789029742.1090,371,392,5.03,1067,13.68
2026-09-10T14:12:22.118,1789029742.1187,372,276,3.54,1078,13.82
2026-09-10T14:12:22.124,1789029742.1248,373,1291,16.55,1015,13.01
2026-09-10T14:12:22.124,1789029742.1248,374,1006,12.9,1015,13.01
2026-09-10T14:12:22.124,1789029742.1248,375,194,2.49,1097,14.06
2026-09-10T14:12:22.149,1789029742.1492,376,323,4.14,1097,14.06
2026-09-10T14:12:22.151,1789029742.1512,377,1298,16.64,1104,14.15
2026-09-10T14:12:22.156,1789029742.1567,378,889,11.4,1104,14.15
2026-09-10T14:12:22.156,1789029742.1567,379,21,0.27,1277,16.37
2026-09-10T14:12:22.156,1789029742.1567,380,-411,-5.27,1709,21.91
2026-09-10T14:12:22.156,1789029742.1567,381,1289,16.53,1700,21.79
2026-09-10T14:12:22.156,1789029742.1567,382,772,9.9,1700,21.79
2026-09-10T14:12:22.156,1789029742.1567,383,-131,-1.68,1700,21.79
2026-09-10T14:12:22.172,1789029742.1726,384,-394,-5.05,1683,21.58
2026-09-10T14:12:22.172,1789029742.1726,385,1262,16.18,1656,21.23
2026-09-10T14:12:22.172,1789029742.1726,386,641,8.22,1656,21.23
2026-09-10T14:12:22.172,1789029742.1726,387,-310,-3.97,1656,21.23
2026-09-10T14:12:22.172,1789029742.1726,388,-396,-5.08,1658,21.26
2026-09-10T14:12:22.190,1789029742.1903,389,1220,15.64,1616,20.72
2026-09-10T14:12:22.190,1789029742.1903,390,543,6.96,1616,20.72
2026-09-10T14:12:22.204,1789029742.2040,391,-431,-5.53,1651,21.17
2026-09-10T14:12:22.204,1789029742.2040,392,-346,-4.44,1651,21.17
2026-09-10T14:12:22.204,1789029742.2040,393,512,6.56,974,12.49
2026-09-10T14:12:22.219,1789029742.2197,394,401,5.14,943,12.09
2026-09-10T14:12:22.219,1789029742.2197,395,-600,-7.69,1112,14.26
2026-09-10T14:12:22.219,1789029742.2197,396,-362,-4.64,1112,14.26
2026-09-10T14:12:22.235,1789029742.2356,397,575,7.37,1175,15.06
2026-09-10T14:12:22.235,1789029742.2356,398,281,3.6,1175,15.06
2026-09-10T14:12:22.244,1789029742.2450,399,-676,-8.67,1251,16.04
2026-09-10T14:12:22.251,1789029742.2513,400,-297,-3.81,1251,16.04
2026-09-10T14:12:22.251,1789029742.2513,401,704,9.03,1380,17.69
2026-09-10T14:12:22.251,1789029742.2513,402,1005,12.88,1681,21.55
2026-09-10T14:12:22.266,1789029742.2670,403,-704,-9.03,1709,21.91
2026-09-10T14:12:22.272,1789029742.2726,404,-205,-2.63,1709,21.91
2026-09-10T14:12:22.272,1789029742.2726,405,892,11.44,1709,21.91
2026-09-10T14:12:22.282,1789029742.2827,406,980,12.56,1684,21.59
2026-09-10T14:12:22.282,1789029742.2827,407,-712,-9.13,1692,21.69
2026-09-10T14:12:22.282,1789029742.2827,408,-153,-1.96,1692,21.69
2026-09-10T14:12:22.282,1789029742.2827,409,971,12.45,1692,21.69
2026-09-10T14:12:22.298,1789029742.2984,410,887,11.37,1683,21.58
2026-09-10T14:12:22.306,1789029742.3063,411,92,1.18,1124,14.41
2026-09-10T14:12:22.306,1789029742.3063,412,-58,-0.74,1029,13.19
2026-09-10T14:12:22.314,1789029742.3141,413,1047,13.42,1105,14.17
2026-09-10T14:12:22.314,1789029742.3141,414,763,9.78,1105,14.17
2026-09-10T14:12:22.329,1789029742.3298,415,-60,-0.77,1107,14.19
2026-09-10T14:12:22.329,1789029742.3298,416,31,0.4,1107,14.19
2026-09-10T14:12:22.329,1789029742.3298,417,1123,14.4,1183,15.17
2026-09-10T14:12:22.329,1789029742.3298,418,762,9.77,1183,15.17
2026-09-10T14:12:22.345,1789029742.3455,419,-121,-1.55,1244,15.95
2026-09-10T14:12:22.345,1789029742.3455,420,-624,-8.0,1747,22.4
2026-09-10T14:12:22.361,1789029742.3613,421,1265,16.22,1889,24.22
2026-09-10T14:12:22.372,1789029742.3729,422,780,10.0,1889,24.22
2026-09-10T14:12:22.377,1789029742.3774,423,-183,-2.35,1889,24.22
2026-09-10T14:12:22.384,1789029742.3841,424,-498,-6.38,1763,22.6
2026-09-10T14:12:22.384,1789029742.3841,425,1351,17.32,1849,23.71
2026-09-10T14:12:22.384,1789029742.3841,426,745,9.55,1849,23.71
2026-09-10T14:12:22.384,1789029742.3841,427,-261,-3.35,1849,23.71
2026-09-10T14:12:22.393,1789029742.3933,428,-344,-4.41,1695,21.73
2026-09-10T14:12:22.393,1789029742.3933,429,1511,19.37,1855,23.78
2026-09-10T14:12:22.393,1789029742.3933,430,857,10.99,1855,23.78
2026-09-10T14:12:22.409,1789029742.4091,431,-199,-2.55,1855,23.78
2026-09-10T14:12:22.409,1789029742.4091,432,-86,-1.1,1710,21.92
2026-09-10T14:12:22.409,1789029742.4091,433,895,11.47,1094,14.03
2026-09-10T14:12:22.409,1789029742.4091,434,893,11.45,1094,14.03
2026-09-10T14:12:22.424,1789029742.4247,435,-235,-3.01,1130,14.49
2026-09-10T14:12:22.424,1789029742.4247,436,-318,-4.08,1213,15.55
2026-09-10T14:12:22.424,1789029742.4247,437,663,8.5,1211,15.53
2026-09-10T14:12:22.424,1789029742.4247,438,388,4.97,981,12.58
2026-09-10T14:12:22.446,1789029742.4464,439,-710,-9.1,1373,17.6
2026-09-10T14:12:22.449,1789029742.4496,440,-339,-4.35,1373,17.6
2026-09-10T14:12:22.456,1789029742.4561,441,803,10.29,1513,19.4
2026-09-10T14:12:22.456,1789029742.4561,442,1119,14.35,1829,23.45
2026-09-10T14:12:22.456,1789029742.4561,443,-834,-10.69,1953,25.04
2026-09-10T14:12:22.456,1789029742.4561,444,-323,-4.14,1953,25.04
2026-09-10T14:12:22.477,1789029742.4777,445,859,11.01,1953,25.04
2026-09-10T14:12:22.477,1789029742.4777,446,907,11.63,1741,22.32
2026-09-10T14:12:22.488,1789029742.4880,447,-1036,-13.28,1943,24.91
2026-09-10T14:12:22.488,1789029742.4880,448,-364,-4.67,1943,24.91
2026-09-10T14:12:22.488,1789029742.4880,449,857,10.99,1943,24.91
2026-09-10T14:12:22.488,1789029742.4880,450,714,9.15,1893,24.27
2026-09-10T14:12:22.503,1789029742.5038,451,-197,-2.53,1221,15.65
2026-09-10T14:12:22.503,1789029742.5038,452,-404,-5.18,1261,16.17
2026-09-10T14:12:22.503,1789029742.5038,453,830,10.64,1234,15.82
2026-09-10T14:12:22.519,1789029742.5198,454,555,7.12,1234,15.82
2026-09-10T14:12:22.519,1789029742.5198,455,-351,-4.5,1234,15.82
2026-09-10T14:12:22.519,1789029742.5198,456,-261,-3.35,1181,15.14
2026-09-10T14:12:22.519,1789029742.5198,457,952,12.21,1303,16.71
2026-09-10T14:12:22.519,1789029742.5198,458,592,7.59,1303,16.71
2026-09-10T14:12:22.535,1789029742.5355,459,-394,-5.05,1346,17.26
2026-09-10T14:12:22.551,1789029742.5512,460,-953,-12.22,1905,24.42
2026-09-10T14:12:22.551,1789029742.5512,461,1203,15.42,2156,27.64
2026-09-10T14:12:22.551,1789029742.5512,462,710,9.1,2156,27.64
2026-09-10T14:12:22.573,1789029742.5733,463,-329,-4.22,2156,27.64
2026-09-10T14:12:22.573,1789029742.5733,464,-619,-7.94,1822,23.36
2026-09-10T14:12:22.582,1789029742.5826,465,1629,20.88,2248,28.82
2026-09-10T14:12:22.582,1789029742.5826,466,1059,13.58,2248,28.82
2026-09-10T14:12:22.582,1789029742.5826,467,-49,-0.63,2248,28.82
2026-09-10T14:12:22.598,1789029742.5987,468,-97,-1.24,1726,22.13
2026-09-10T14:12:22.598,1789029742.5987,469,2012,25.79,2109,27.04
2026-09-10T14:12:22.598,1789029742.5987,470,1272,16.31,2109,27.04
2026-09-10T14:12:22.598,1789029742.5987,471,63,0.81,2109,27.04
2026-09-10T14:12:22.614,1789029742.6144,472,158,2.03,1949,24.99
2026-09-10T14:12:22.616,1789029742.6164,473,1234,15.82,1209,15.5
2026-09-10T14:12:22.616,1789029742.6164,474,1273,16.32,1210,15.51
2026-09-10T14:12:22.616,1789029742.6164,475,56,0.72,1217,15.6
2026-09-10T14:12:22.616,1789029742.6164,476,344,4.41,1217,15.6
2026-09-10T14:12:22.630,1789029742.6307,477,1450,18.59,1394,17.87
2026-09-10T14:12:22.630,1789029742.6307,478,1105,14.17,1394,17.87
2026-09-10T14:12:22.646,1789029742.6461,479,-195,-2.5,1645,21.09
2026-09-10T14:12:22.646,1789029742.6461,480,217,2.78,1645,21.09
2026-09-10T14:12:22.646,1789029742.6461,481,1440,18.46,1635,20.96
2026-09-10T14:12:22.661,1789029742.6617,482,1755,22.5,1950,25.0
2026-09-10T14:12:22.661,1789029742.6617,483,-395,-5.06,2150,27.56
2026-09-10T14:12:22.661,1789029742.6617,484,162,2.08,2150,27.56
2026-09-10T14:12:22.673,1789029742.6734,485,1474,18.9,2150,27.56
2026-09-10T14:12:22.677,1789029742.6774,486,1564,20.05,1959,25.12
2026-09-10T14:12:22.677,1789029742.6774,487,-568,-7.28,2132,27.33
2026-09-10T14:12:22.693,1789029742.6930,488,122,1.56,2132,27.33
2026-09-10T14:12:22.693,1789029742.6930,489,1441,18.47,2132,27.33
2026-09-10T14:12:22.693,1789029742.6930,490,1312,16.82,2009,25.76
2026-09-10T14:12:22.709,1789029742.7091,491,303,3.88,1319,16.91
2026-09-10T14:12:22.709,1789029742.7091,492,52,0.67,1389,17.81
2026-09-10T14:12:22.709,1789029742.7091,493,1344,17.23,1292,16.56
2026-09-10T14:12:22.709,1789029742.7091,494,1043,13.37,1292,16.56
2026-09-10T14:12:22.724,1789029742.7250,495,15,0.19,1329,17.04
2026-09-10T14:12:22.724,1789029742.7250,496,-18,-0.23,1362,17.46
2026-09-10T14:12:22.724,1789029742.7250,497,1262,16.18,1280,16.41
2026-09-10T14:12:22.724,1789029742.7250,498,793,10.17,1280,16.41
2026-09-10T14:12:22.740,1789029742.7406,499,-338,-4.33,1600,20.51
2026-09-10T14:12:22.740,1789029742.7406,500,-993,-12.73,2255,28.91
2026-09-10T14:12:22.765,1789029742.7658,501,1132,14.51,2125,27.24
2026-09-10T14:12:22.765,1789029742.7658,502,555,7.12,2125,27.24
2026-09-10T14:12:22.773,1789029742.7732,503,-639,-8.19,2125,27.24
2026-09-10T14:12:22.773,1789029742.7732,504,-1052,-13.49,2184,28.0
2026-09-10T14:12:22.786,1789029742.7864,505,1068,13.69,2120,27.18
2026-09-10T14:12:22.792,1789029742.7921,506,348,4.46,2120,27.18
2026-09-10T14:12:22.803,1789029742.8038,507,-922,-11.82,2120,27.18
2026-09-10T14:12:22.803,1789029742.8038,508,-1098,-14.08,2166,27.77
2026-09-10T14:12:22.803,1789029742.8038,509,938,12.03,2036,26.1
2026-09-10T14:12:22.803,1789029742.8038,510,123,1.58,2036,26.1
2026-09-10T14:12:22.819,1789029742.8198,511,-1198,-15.36,2136,27.38
2026-09-10T14:12:22.819,1789029742.8198,512,-1133,-14.53,2136,27.38
2026-09-10T14:12:22.819,1789029742.8198,513,-69,-0.88,1321,16.94
2026-09-10T14:12:22.819,1789029742.8198,514,-187,-2.4,1129,14.47
2026-09-10T14:12:22.835,1789029742.8356,515,-1502,-19.26,1433,18.37
2026-09-10T14:12:22.839,1789029742.8398,516,-1272,-16.31,1433,18.37
2026-09-10T14:12:22.841,1789029742.8420,517,-176,-2.26,1326,17.0
2026-09-10T14:12:22.844,1789029742.8442,518,-568,-7.28,1326,17.0
2026-09-10T14:12:22.845,1789029742.8458,519,-1874,-24.03,1698,21.77
2026-09-10T14:12:22.851,1789029742.8514,520,-1491,-19.12,1698,21.77
2026-09-10T14:12:22.851,1789029742.8514,521,-261,-3.35,1613,20.68
2026-09-10T14:12:22.851,1789029742.8514,522,80,1.03,1954,25.05
2026-09-10T14:12:22.867,1789029742.8676,523,-2141,-27.45,2221,28.47
2026-09-10T14:12:22.873,1789029742.8733,524,-1568,-20.1,2221,28.47
2026-09-10T14:12:22.873,1789029742.8733,525,-262,-3.36,2221,28.47
2026-09-10T14:12:22.883,1789029742.8832,526,-153,-1.96,1988,25.49
2026-09-10T14:12:22.883,1789029742.8832,527,-2280,-29.23,2127,27.27
2026-09-10T14:12:22.883,1789029742.8832,528,-1555,-19.94,2127,27.27
2026-09-10T14:12:22.892,1789029742.8921,529,-213,-2.73,2127,27.27
2026-09-10T14:12:22.899,1789029742.8997,530,-308,-3.95,2067,26.5
2026-09-10T14:12:22.899,1789029742.8997,531,-1255,-16.09,1342,17.21
2026-09-10T14:12:22.915,1789029742.9150,532,-1421,-18.22,1208,15.49
2026-09-10T14:12:22.915,1789029742.9150,533,-64,-0.82,1357,17.4
2026-09-10T14:12:22.915,1789029742.9150,534,-316,-4.05,1357,17.4
2026-09-10T14:12:22.915,1789029742.9150,535,-1318,-16.9,1357,17.4
2026-09-10T14:12:22.930,1789029742.9309,536,-1205,-15.45,1254,16.08
2026-09-10T14:12:22.930,1789029742.9309,537,140,1.79,1458,18.69
2026-09-10T14:12:22.930,1789029742.9309,538,-245,-3.14,1458,18.69
2026-09-10T14:12:22.930,1789029742.9309,539,-1300,-16.67,1440,18.46
2026-09-10T14:12:22.946,1789029742.9466,540,-1891,-24.24,2031,26.04
2026-09-10T14:12:22.946,1789029742.9466,541,408,5.23,2299,29.47
2026-09-10T14:12:22.946,1789029742.9466,542,-105,-1.35,2299,29.47
2026-09-10T14:12:22.962,1789029742.9623,543,-1237,-15.86,2299,29.47
2026-09-10T14:12:22.962,1789029742.9623,544,-1564,-20.05,1972,25.28
2026-09-10T14:12:22.978,1789029742.9782,545,688,8.82,2252,28.87
2026-09-10T14:12:22.978,1789029742.9782,546,49,0.63,2252,28.87
2026-09-10T14:12:22.978,1789029742.9782,547,-1163,-14.91,2252,28.87
2026-09-10T14:12:22.978,1789029742.9782,548,-1266,-16.23,1954,25.05
2026-09-10T14:12:22.993,1789029742.9939,549,839,10.76,2105,26.99
2026-09-10T14:12:22.993,1789029742.9939,550,56,0.72,2105,26.99
2026-09-10T14:12:23.009,1789029743.0095,551,-1240,-15.9,2105,26.99
2026-09-10T14:12:23.025,1789029743.0257,552,-1143,-14.65,2079,26.65
2026-09-10T14:12:23.028,1789029743.0285,553,-51,-0.65,1296,16.62
2026-09-10T14:12:23.033,1789029743.0337,554,-182,-2.33,1189,15.24
2026-09-10T14:12:23.033,1789029743.0337,555,-1517,-19.45,1466,18.79
2026-09-10T14:12:23.033,1789029743.0337,556,-1267,-16.24,1466,18.79
2026-09-10T14:12:23.041,1789029743.0415,557,-106,-1.36,1411,18.09
2026-09-10T14:12:23.041,1789029743.0415,558,-488,-6.26,1411,18.09
2026-09-10T14:12:23.041,1789029743.0415,559,-1786,-22.9,1680,21.54
2026-09-10T14:12:23.041,1789029743.0415,560,-1359,-17.42,1680,21.54
2026-09-10T14:12:23.057,1789029743.0573,561,-93,-1.19,1693,21.71
2026-09-10T14:12:23.057,1789029743.0573,562,283,3.63,2069,26.53
2026-09-10T14:12:23.057,1789029743.0573,563,-1935,-24.81,2218,28.44
2026-09-10T14:12:23.057,1789029743.0573,564,-1296,-16.62,2218,28.44
2026-09-10T14:12:23.073,1789029743.0730,565,65,0.83,2218,28.44
2026-09-10T14:12:23.073,1789029743.0735,566,213,2.73,2148,27.54
2026-09-10T14:12:23.073,1789029743.0735,567,-1861,-23.86,2074,26.59
2026-09-10T14:12:23.088,1789029743.0887,568,-1086,-13.92,2074,26.59
2026-09-10T14:12:23.088,1789029743.0887,569,351,4.5,2212,28.36
2026-09-10T14:12:23.088,1789029743.0887,570,329,4.22,2212,28.36
2026-09-10T14:12:23.104,1789029743.1047,571,-604,-7.74,1437,18.42
2026-09-10T14:12:23.104,1789029743.1047,572,-652,-8.36,1003,12.86
2026-09-10T14:12:23.104,1789029743.1047,573,779,9.99,1431,18.35
2026-09-10T14:12:23.120,1789029743.1203,574,556,7.13,1431,18.35
2026-09-10T14:12:23.120,1789029743.1203,575,-430,-5.51,1431,18.35
2026-09-10T14:12:23.120,1789029743.1203,576,-284,-3.64,1209,15.5
2026-09-10T14:12:23.136,1789029743.1362,577,1061,13.6,1491,19.12
2026-09-10T14:12:23.136,1789029743.1362,578,661,8.47,1491,19.12
2026-09-10T14:12:23.136,1789029743.1362,579,-377,-4.83,1438,18.44
2026-09-10T14:12:23.136,1789029743.1362,580,-976,-12.51,2037,26.12
2026-09-10T14:12:23.151,1789029743.1518,581,1420,18.21,2396,30.72
2026-09-10T14:12:23.151,1789029743.1518,582,858,11.0,2396,30.72
2026-09-10T14:12:23.151,1789029743.1518,583,-333,-4.27,2396,30.72
2026-09-10T14:12:23.167,1789029743.1677,584,-720,-9.23,2140,27.44
2026-09-10T14:12:23.167,1789029743.1677,585,1538,19.72,2258,28.95
2026-09-10T14:12:23.173,1789029743.1734,586,872,11.18,2258,28.95
2026-09-10T14:12:23.173,1789029743.1734,587,-412,-5.28,2258,28.95
2026-09-10T14:12:23.183,1789029743.1833,588,-546,-7.0,2084,26.72
2026-09-10T14:12:23.183,1789029743.1833,589,1454,18.64,2000,25.64
2026-09-10T14:12:23.198,1789029743.1990,590,592,7.59,2000,25.64
2026-09-10T14:12:23.198,1789029743.1990,591,-790,-10.13,2244,28.77
2026-09-10T14:12:23.214,1789029743.2148,592,-747,-9.58,2244,28.77
2026-09-10T14:12:23.214,1789029743.2148,593,304,3.9,1382,17.72
2026-09-10T14:12:23.214,1789029743.2148,594,159,2.04,1094,14.03
2026-09-10T14:12:23.239,1789029743.2390,595,-1218,-15.62,1522,19.51
2026-09-10T14:12:23.241,1789029743.2411,596,-977,-12.53,1522,19.51
2026-09-10T14:12:23.246,1789029743.2461,597,175,2.24,1393,17.86
2026-09-10T14:12:23.250,1789029743.2507,598,-225,-2.88,1393,17.86
2026-09-10T14:12:23.250,1789029743.2507,599,-1576,-20.21,1751,22.45
2026-09-10T14:12:23.250,1789029743.2507,600,-1130,-14.49,1751,22.45
2026-09-10T14:12:23.250,1789029743.2507,601,110,1.41,1686,21.62
2026-09-10T14:12:23.261,1789029743.2618,602,446,5.72,2022,25.92
2026-09-10T14:12:23.261,1789029743.2618,603,-1830,-23.46,2276,29.18
2026-09-10T14:12:23.261,1789029743.2618,604,-1255,-16.09,2276,29.18
2026-09-10T14:12:23.273,1789029743.2733,605,110,1.41,2276,29.18
2026-09-10T14:12:23.277,1789029743.2775,606,214,2.74,2044,26.21
2026-09-10T14:12:23.277,1789029743.2775,607,-1984,-25.44,2198,28.18
2026-09-10T14:12:23.277,1789029743.2775,608,-1252,-16.05,2198,28.18
2026-09-10T14:12:23.293,1789029743.2931,609,145,1.86,2198,28.18
2026-09-10T14:12:23.293,1789029743.2931,610,32,0.41,2129,27.29
2026-09-10T14:12:23.293,1789029743.2931,611,-988,-12.67,1397,17.91
2026-09-10T14:12:23.308,1789029743.3088,612,-1172,-15.03,1317,16.88
2026-09-10T14:12:23.308,1789029743.3088,613,241,3.09,1413,18.12
2026-09-10T14:12:23.308,1789029743.3088,614,-44,-0.56,1413,18.12
2026-09-10T14:12:23.324,1789029743.3246,615,-1104,-14.15,1413,18.12
2026-09-10T14:12:23.324,1789029743.3246,616,-1024,-13.13,1345,17.24
2026-09-10T14:12:23.324,1789029743.3246,617,308,3.95,1412,18.1
2026-09-10T14:12:23.340,1789029743.3403,618,-153,-1.96,1412,18.1
2026-09-10T14:12:23.340,1789029743.3403,619,-1257,-16.12,1565,20.06
2026-09-10T14:12:23.340,1789029743.3403,620,-1904,-24.41,2212,28.36
2026-09-10T14:12:23.355,1789029743.3560,621,351,4.5,2255,28.91
2026-09-10T14:12:23.355,1789029743.3560,622,-234,-3.0,2255,28.91
2026-09-10T14:12:23.355,1789029743.3560,623,-1429,-18.32,2255,28.91
2026-09-10T14:12:23.355,1789029743.3560,624,-1832,-23.49,2183,27.99
2026-09-10T14:12:23.373,1789029743.3736,625,374,4.79,2206,28.28
2026-09-10T14:12:23.373,1789029743.3736,626,-303,-3.88,2206,28.28
2026-09-10T14:12:23.373,1789029743.3736,627,-1598,-20.49,2206,28.28
2026-09-10T14:12:23.382,1789029743.3827,628,-1716,-22.0,2090,26.79
2026-09-10T14:12:23.388,1789029743.3883,629,-637,-8.17,1413,18.12
2026-09-10T14:12:23.388,1789029743.3883,630,-372,-4.77,1344,17.23
2026-09-10T14:12:23.403,1789029743.4035,631,-1683,-21.58,1344,17.23
2026-09-10T14:12:23.403,1789029743.4035,632,-1540,-19.74,1311,16.81
2026-09-10T14:12:23.413,1789029743.4133,633,-422,-5.41,1311,16.81
2026-09-10T14:12:23.418,1789029743.4185,634,-402,-5.15,1281,16.42
2026-09-10T14:12:23.422,1789029743.4224,635,-1697,-21.76,1295,16.6
2026-09-10T14:12:23.422,1789029743.4224,636,-1358,-17.41,1295,16.6
2026-09-10T14:12:23.430,1789029743.4307,637,-121,-1.55,1576,20.21
2026-09-10T14:12:23.435,1789029743.4351,638,-362,-4.64,1576,20.21
2026-09-10T14:12:23.441,1789029743.4419,639,-1613,-20.68,1492,19.13
2026-09-10T14:12:23.445,1789029743.4454,640,-1095,-14.04,1492,19.13
2026-09-10T14:12:23.471,1789029743.4714,641,238,3.05,1851,23.73
2026-09-10T14:12:23.476,1789029743.4761,642,677,8.68,2290,29.36
2026-09-10T14:12:23.479,1789029743.4791,643,-1461,-18.73,2138,27.41
2026-09-10T14:12:23.488,1789029743.4885,644,-795,-10.19,2138,27.41
2026-09-10T14:12:23.497,1789029743.4977,645,588,7.54,2138,27.41
2026-09-10T14:12:23.504,1789029743.5041,646,746,9.56,2207,28.29
2026-09-10T14:12:23.518,1789029743.5187,647,-1292,-16.56,2038,26.13
2026-09-10T14:12:23.520,1789029743.5207,648,-499,-6.4,2038,26.13
2026-09-10T14:12:23.523,1789029743.5237,649,903,11.58,2195,28.14
2026-09-10T14:12:23.528,1789029743.5289,650,815,10.45,2195,28.14
2026-09-10T14:12:23.534,1789029743.5350,651,-148,-1.9,1402,17.97
2026-09-10T14:12:23.537,1789029743.5378,652,-271,-3.47,1174,15.05
2026-09-10T14:12:23.537,1789029743.5378,653,1074,13.77,1345,17.24
2026-09-10T14:12:23.543,1789029743.5431,654,786,10.08,1345,17.24
2026-09-10T14:12:23.545,1789029743.5458,655,-233,-2.99,1345,17.24
2026-09-10T14:12:23.548,1789029743.5480,656,-140,-1.79,1307,16.76
2026-09-10T14:12:23.551,1789029743.5510,657,1160,14.87,1393,17.86
2026-09-10T14:12:23.552,1789029743.5525,658,680,8.72,1393,17.86
2026-09-10T14:12:23.552,1789029743.5525,659,-435,-5.58,1595,20.45
2026-09-10T14:12:23.563,1789029743.5638,660,-1081,-13.86,2241,28.73
2026-09-10T14:12:23.567,1789029743.5674,661,1083,13.88,2164,27.74
2026-09-10T14:12:23.574,1789029743.5741,662,495,6.35,2164,27.74
2026-09-10T14:12:23.574,1789029743.5741,663,-719,-9.22,2164,27.74
2026-09-10T14:12:23.583,1789029743.5831,664,-1072,-13.74,2155,27.63
2026-09-10T14:12:23.583,1789029743.5831,665,1029,13.19,2101,26.94
2026-09-10T14:12:23.583,1789029743.5831,666,305,3.91,2101,26.94
2026-09-10T14:12:23.598,1789029743.5990,667,-941,-12.06,2101,26.94
2026-09-10T14:12:23.601,1789029743.6013,668,-1061,-13.6,2090,26.79
2026-09-10T14:12:23.601,1789029743.6013,669,19,0.24,1366,17.51
2026-09-10T14:12:23.608,1789029743.6090,670,187,2.4,1248,16.0
2026-09-10T14:12:23.617,1789029743.6173,671,-1081,-13.86,1268,16.26
2026-09-10T14:12:23.617,1789029743.6173,672,-937,-12.01,1268,16.26
2026-09-10T14:12:23.631,1789029743.6315,673,155,1.99,1268,16.26
2026-09-10T14:12:23.637,1789029743.6374,674,122,1.56,1236,15.85
2026-09-10T14:12:23.641,1789029743.6415,675,-1110,-14.23,1265,16.22
2026-09-10T14:12:23.652,1789029743.6523,676,-802,-10.28,1265,16.22
2026-09-10T14:12:23.652,1789029743.6523,677,393,5.04,1503,19.27
2026-09-10T14:12:23.662,1789029743.6622,678,99,1.27,1503,19.27
2026-09-10T14:12:23.662,1789029743.6622,679,-1121,-14.37,1514,19.41
2026-09-10T14:12:23.674,1789029743.6743,680,-621,-7.96,1514,19.41
2026-09-10T14:12:23.682,1789029743.6828,681,654,8.38,1775,22.76
2026-09-10T14:12:23.687,1789029743.6871,682,1015,13.01,2136,27.38
2026-09-10T14:12:23.690,1789029743.6901,683,-1005,-12.88,2020,25.9
2026-09-10T14:12:23.692,1789029743.6921,684,-357,-4.58,2020,25.9
2026-09-10T14:12:23.692,1789029743.6921,685,1008,12.92,2020,25.9
2026-09-10T14:12:23.692,1789029743.6921,686,1132,14.51,2137,27.4
2026-09-10T14:12:23.692,1789029743.6921,687,-885,-11.35,2017,25.86
2026-09-10T14:12:23.692,1789029743.6921,688,-145,-1.86,2017,25.86
2026-09-10T14:12:23.692,1789029743.6921,689,1207,15.47,2092,26.82
2026-09-10T14:12:23.692,1789029743.6921,690,1078,13.82,2092,26.82
2026-09-10T14:12:23.692,1789029743.6921,691,98,1.26,1352,17.33
2026-09-10T14:12:23.707,1789029743.7080,692,-51,-0.65,1258,16.13
2026-09-10T14:12:23.707,1789029743.7080,693,1278,16.38,1329,17.04
2026-09-10T14:12:23.716,1789029743.7168,694,961,12.32,1329,17.04
2026-09-10T14:12:23.716,1789029743.7168,695,-103,-1.32,1381,17.71
2026-09-10T14:12:23.723,1789029743.7237,696,-35,-0.45,1381,17.71
2026-09-10T14:12:23.739,1789029743.7394,697,1189,15.24,1292,16.56
2026-09-10T14:12:23.739,1789029743.7394,698,708,9.08,1292,16.56
2026-09-10T14:12:23.739,1789029743.7394,699,-406,-5.21,1595,20.45
2026-09-10T14:12:23.755,1789029743.7551,700,-1005,-12.88,2194,28.13
2026-09-10T14:12:23.755,1789029743.7551,701,1147,14.71,2152,27.59
2026-09-10T14:12:23.755,1789029743.7551,702,507,6.5,2152,27.59
2026-09-10T14:12:23.771,1789029743.7710,703,-683,-8.76,2152,27.59
2026-09-10T14:12:23.774,1789029743.7744,704,-1032,-13.23,2179,27.94
2026-09-10T14:12:23.774,1789029743.7744,705,1052,13.49,2084,26.72
2026-09-10T14:12:23.786,1789029743.7867,706,332,4.26,2084,26.72
2026-09-10T14:12:23.786,1789029743.7867,707,-910,-11.67,2084,26.72
2026-09-10T14:12:23.804,1789029743.8046,708,-990,-12.69,2042,26.18
2026-09-10T14:12:23.804,1789029743.8046,709,26,0.33,1322,16.95
2026-09-10T14:12:23.804,1789029743.8046,710,210,2.69,1200,15.38
2026-09-10T14:12:23.818,1789029743.8184,711,-1047,-13.42,1257,16.12
2026-09-10T14:12:23.818,1789029743.8184,712,-919,-11.78,1257,16.12
2026-09-10T14:12:23.818,1789029743.8184,713,205,2.63,1257,16.12
2026-09-10T14:12:23.825,1789029743.8256,714,120,1.54,1252,16.05
2026-09-10T14:12:23.825,1789029743.8256,715,-1137,-14.58,1342,17.21
2026-09-10T14:12:23.825,1789029743.8256,716,-812,-10.41,1342,17.21
2026-09-10T14:12:23.834,1789029743.8340,717,347,4.45,1484,19.03
2026-09-10T14:12:23.834,1789029743.8340,718,26,0.33,1484,19.03
2026-09-10T14:12:23.844,1789029743.8446,719,-1190,-15.26,1537,19.71
2026-09-10T14:12:23.846,1789029743.8466,720,-685,-8.78,1537,19.71
2026-09-10T14:12:23.856,1789029743.8562,721,577,7.4,1767,22.65
2026-09-10T14:12:23.862,1789029743.8622,722,911,11.68,2101,26.94
2026-09-10T14:12:23.864,1789029743.8642,723,-1176,-15.08,2087,26.76
2026-09-10T14:12:23.865,1789029743.8659,724,-544,-6.97,2087,26.76
2026-09-10T14:12:23.874,1789029743.8746,725,766,9.82,2087,26.76
2026-09-10T14:12:23.874,1789029743.8746,726,855,10.96,2031,26.04
2026-09-10T14:12:23.884,1789029743.8841,727,-1180,-15.13,2035,26.09
2026-09-10T14:12:23.884,1789029743.8841,728,-427,-5.47,2035,26.09
2026-09-10T14:12:23.892,1789029743.8922,729,907,11.63,2087,26.76
2026-09-10T14:12:23.892,1789029743.8922,730,755,9.68,2087,26.76
2026-09-10T14:12:23.898,1789029743.8986,731,-204,-2.62,1334,17.1
2026-09-10T14:12:23.913,1789029743.9139,732,-331,-4.24,1238,15.87
2026-09-10T14:12:23.913,1789029743.9139,733,995,12.76,1326,17.0
2026-09-10T14:12:23.913,1789029743.9139,734,679,8.71,1326,17.0
2026-09-10T14:12:23.913,1789029743.9139,735,-324,-4.15,1326,17.0
2026-09-10T14:12:23.929,1789029743.9298,736,-214,-2.74,1319,16.91
2026-09-10T14:12:23.929,1789029743.9298,737,1059,13.58,1383,17.73
2026-09-10T14:12:23.929,1789029743.9298,738,583,7.47,1383,17.73
2026-09-10T14:12:23.929,1789029743.9298,739,-496,-6.36,1555,19.94
2026-09-10T14:12:23.945,1789029743.9457,740,-1058,-13.56,2117,27.14
2026-09-10T14:12:23.945,1789029743.9457,741,1103,14.14,2161,27.71
2026-09-10T14:12:23.945,1789029743.9457,742,490,6.28,2161,27.71
2026-09-10T14:12:23.961,1789029743.9615,743,-664,-8.51,2161,27.71
2026-09-10T14:12:23.974,1789029743.9750,744,-957,-12.27,2060,26.41
2026-09-10T14:12:23.974,1789029743.9750,745,1151,14.76,2108,27.03
2026-09-10T14:12:23.977,1789029743.9776,746,458,5.87,2108,27.03
2026-09-10T14:12:23.977,1789029743.9776,747,-760,-9.74,2108,27.03
2026-09-10T14:12:23.977,1789029743.9776,748,-817,-10.47,1968,25.23
2026-09-10T14:12:23.993,1789029743.9933,749,234,3.0,1275,16.35
2026-09-10T14:12:23.993,1789029743.9933,750,405,5.19,1222,15.67
2026-09-10T14:12:24.009,1789029744.0094,751,-817,-10.47,1222,15.67
2026-09-10T14:12:24.009,1789029744.0094,752,-690,-8.85,1222,15.67
2026-09-10T14:12:24.009,1789029744.0094,753,429,5.5,1246,15.97
2026-09-10T14:12:24.026,1789029744.0264,754,367,4.71,1246,15.97
2026-09-10T14:12:24.031,1789029744.0318,755,-851,-10.91,1280,16.41
2026-09-10T14:12:24.033,1789029744.0334,756,-511,-6.55,1280,16.41
2026-09-10T14:12:24.033,1789029744.0339,757,679,8.71,1530,19.62
2026-09-10T14:12:24.033,1789029744.0339,758,335,4.29,1530,19.62
2026-09-10T14:12:24.040,1789029744.0410,759,-874,-11.21,1553,19.91
2026-09-10T14:12:24.040,1789029744.0410,760,-359,-4.6,1553,19.91
2026-09-10T14:12:24.056,1789029744.0568,761,911,11.68,1785,22.88
2026-09-10T14:12:24.056,1789029744.0568,762,1207,15.47,2081,26.68
2026-09-10T14:12:24.056,1789029744.0568,763,-879,-11.27,2086,26.74
2026-09-10T14:12:24.056,1789029744.0568,764,-243,-3.12,2086,26.74
2026-09-10T14:12:24.056,1789029744.0568,765,1046,13.41,2086,26.74
2026-09-10T14:12:24.074,1789029744.0749,766,1134,14.54,2013,25.81
2026-09-10T14:12:24.074,1789029744.0749,767,-887,-11.37,2021,25.91
2026-09-10T14:12:24.088,1789029744.0886,768,-188,-2.41,2021,25.91
2026-09-10T14:12:24.088,1789029744.0886,769,1141,14.63,2028,26.0
2026-09-10T14:12:24.088,1789029744.0886,770,952,12.21,2028,26.0
2026-09-10T14:12:24.104,1789029744.1047,771,-31,-0.4,1329,17.04
2026-09-10T14:12:24.104,1789029744.1047,772,-135,-1.73,1276,16.36
2026-09-10T14:12:24.104,1789029744.1047,773,1173,15.04,1308,16.77
2026-09-10T14:12:24.120,1789029744.1204,774,856,10.97,1308,16.77
2026-09-10T14:12:24.120,1789029744.1204,775,-127,-1.63,1308,16.77
2026-09-10T14:12:24.125,1789029744.1254,776,-27,-0.35,1300,16.67
2026-09-10T14:12:24.133,1789029744.1337,777,1229,15.76,1356,17.38
2026-09-10T14:12:24.136,1789029744.1363,778,713,9.14,1356,17.38
2026-09-10T14:12:24.136,1789029744.1363,779,-362,-4.64,1591,20.4
2026-09-10T14:12:24.142,1789029744.1420,780,-917,-11.76,2146,27.51
2026-09-10T14:12:24.164,1789029744.1649,781,1179,15.12,2096,26.87
2026-09-10T14:12:24.167,1789029744.1678,782,582,7.46,2096,26.87
2026-09-10T14:12:24.174,1789029744.1749,783,-572,-7.33,2096,26.87
2026-09-10T14:12:24.183,1789029744.1836,784,-882,-11.31,2061,26.42
2026-09-10T14:12:24.191,1789029744.1910,785,1217,15.6,2099,26.91
2026-09-10T14:12:24.191,1789029744.1910,786,504,6.46,2099,26.91
2026-09-10T14:12:24.199,1789029744.1993,787,-710,-9.1,2099,26.91
2026-09-10T14:12:24.215,1789029744.2150,788,-751,-9.63,1968,25.23
2026-09-10T14:12:24.215,1789029744.2150,789,276,3.54,1255,16.09
2026-09-10T14:12:24.215,1789029744.2150,790,446,5.72,1197,15.35
2026-09-10T14:12:24.230,1789029744.2309,791,-776,-9.95,1222,15.67
2026-09-10T14:12:24.230,1789029744.2309,792,-605,-7.76,1222,15.67
2026-09-10T14:12:24.230,1789029744.2309,793,486,6.23,1262,16.18
2026-09-10T14:12:24.230,1789029744.2309,794,391,5.01,1262,16.18
2026-09-10T14:12:24.230,1789029744.2309,795,-831,-10.65,1317,16.88
2026-09-10T14:12:24.230,1789029744.2309,796,-479,-6.14,1317,16.88
2026-09-10T14:12:24.246,1789029744.2465,797,699,8.96,1530,19.62
2026-09-10T14:12:24.250,1789029744.2502,798,327,4.19,1530,19.62
2026-09-10T14:12:24.250,1789029744.2502,799,-882,-11.31,1581,20.27
2026-09-10T14:12:24.250,1789029744.2502,800,-383,-4.91,1581,20.27
2026-09-10T14:12:24.266,1789029744.2668,801,899,11.53,1781,22.83
2026-09-10T14:12:24.266,1789029744.2668,802,1163,14.91,2045,26.22
2026-09-10T14:12:24.266,1789029744.2668,803,-902,-11.56,2065,26.47
2026-09-10T14:12:24.277,1789029744.2778,804,-279,-3.58,2065,26.47
2026-09-10T14:12:24.285,1789029744.2850,805,1046,13.41,2065,26.47
2026-09-10T14:12:24.285,1789029744.2850,806,1070,13.72,1972,25.28
2026-09-10T14:12:24.293,1789029744.2936,807,-958,-12.28,2028,26.0
2026-09-10T14:12:24.293,1789029744.2936,808,-267,-3.42,2028,26.0
2026-09-10T14:12:24.293,1789029744.2936,809,1014,13.0,2028,26.0
2026-09-10T14:12:24.303,1789029744.3039,810,750,9.62,1972,25.28
2026-09-10T14:12:24.309,1789029744.3095,811,-300,-3.85,1314,16.85
2026-09-10T14:12:24.309,1789029744.3095,812,-602,-7.72,1616,20.72
2026-09-10T14:12:24.309,1789029744.3095,813,636,8.15,1352,17.33
2026-09-10T14:12:24.325,1789029744.3251,814,170,2.18,1238,15.87
2026-09-10T14:12:24.325,1789029744.3251,815,-863,-11.06,1499,19.22
2026-09-10T14:12:24.340,1789029744.3408,816,-693,-8.88,1499,19.22
2026-09-10T14:12:24.340,1789029744.3408,817,566,7.26,1429,18.32
2026-09-10T14:12:24.340,1789029744.3408,818,60,0.77,1429,18.32
2026-09-10T14:12:24.340,1789029744.3408,819,-1009,-12.94,1575,20.19
2026-09-10T14:12:24.356,1789029744.3564,820,-1557,-19.96,2123,27.22
2026-09-10T14:12:24.366,1789029744.3666,821,556,7.13,2113,27.09
2026-09-10T14:12:24.366,1789029744.3666,822,-106,-1.36,2113,27.09
2026-09-10T14:12:24.374,1789029744.3748,823,-1250,-16.03,2113,27.09
2026-09-10T14:12:24.374,1789029744.3748,824,-1581,-20.27,2137,27.4
2026-09-10T14:12:24.374,1789029744.3748,825,463,5.94,2044,26.21
2026-09-10T14:12:24.374,1789029744.3748,826,-298,-3.82,2044,26.21
2026-09-10T14:12:24.374,1789029744.3748,827,-1593,-20.42,2056,26.36
2026-09-10T14:12:24.383,1789029744.3833,828,-1655,-21.22,2118,27.15
2026-09-10T14:12:24.388,1789029744.3885,829,-577,-7.4,1357,17.4
2026-09-10T14:12:24.388,1789029744.3885,830,-472,-6.05,1183,15.17
2026-09-10T14:12:24.403,1789029744.4037,831,-1674,-21.46,1202,15.41
2026-09-10T14:12:24.422,1789029744.4226,832,-1559,-19.99,1202,15.41
2026-09-10T14:12:24.428,1789029744.4286,833,-493,-6.32,1202,15.41
2026-09-10T14:12:24.430,1789029744.4302,834,-844,-10.82,1181,15.14
2026-09-10T14:12:24.435,1789029744.4352,835,-2177,-27.91,1684,21.59
2026-09-10T14:12:24.441,1789029744.4415,836,-1940,-24.87,1684,21.59
2026-09-10T14:12:24.450,1789029744.4509,837,-849,-10.88,1333,17.09
2026-09-10T14:12:24.466,1789029744.4665,838,-285,-3.65,1892,24.26
2026-09-10T14:12:24.466,1789029744.4665,839,-2491,-31.94,2206,28.28
2026-09-10T14:12:24.466,1789029744.4665,840,-1958,-25.1,2206,28.28
2026-09-10T14:12:24.482,1789029744.4823,841,-578,-7.41,2206,28.28
2026-09-10T14:12:24.482,1789029744.4823,842,-220,-2.82,2271,29.12
2026-09-10T14:12:24.482,1789029744.4823,843,-2410,-30.9,2190,28.08
2026-09-10T14:12:24.482,1789029744.4823,844,-1649,-21.14,2190,28.08
2026-09-10T14:12:24.493,1789029744.4935,845,-182,-2.33,2228,28.56
2026-09-10T14:12:24.493,1789029744.4935,846,-101,-1.29,2309,29.6
2026-09-10T14:12:24.498,1789029744.4987,847,-2193,-28.12,2092,26.82
2026-09-10T14:12:24.498,1789029744.4987,848,-1412,-18.1,2092,26.82
2026-09-10T14:12:24.498,1789029744.4987,849,37,0.47,2230,28.59
2026-09-10T14:12:24.498,1789029744.4987,850,-175,-2.24,2230,28.59
2026-09-10T14:12:24.513,1789029744.5137,851,-1226,-15.72,1449,18.58
2026-09-10T14:12:24.513,1789029744.5137,852,-1337,-17.14,1374,17.62
2026-09-10T14:12:24.513,1789029744.5137,853,108,1.38,1445,18.53
2026-09-10T14:12:24.529,1789029744.5295,854,-236,-3.03,1445,18.53
2026-09-10T14:12:24.529,1789029744.5295,855,-1319,-16.91,1445,18.53
2026-09-10T14:12:24.529,1789029744.5295,856,-1289,-16.53,1427,18.29
2026-09-10T14:12:24.529,1789029744.5295,857,56,0.72,1375,17.63
2026-09-10T14:12:24.545,1789029744.5451,858,-600,-7.69,1375,17.63
2026-09-10T14:12:24.545,1789029744.5451,859,-1978,-25.36,2034,26.08
2026-09-10T14:12:24.545,1789029744.5451,860,-2766,-35.46,2822,36.18
2026-09-10T14:12:24.545,1789029744.5451,861,-828,-10.62,2166,27.77
2026-09-10T14:12:24.560,1789029744.5608,862,-1757,-22.53,1938,24.85
2026-09-10T14:12:24.560,1789029744.5608,863,-3310,-42.44,2482,31.82
2026-09-10T14:12:24.560,1789029744.5608,864,-3941,-50.53,3113,39.91
2026-09-10T14:12:24.576,1789029744.5766,865,-2165,-27.76,2184,28.0
2026-09-10T14:12:24.577,1789029744.5777,866,-3369,-43.19,1776,22.77
2026-09-10T14:12:24.577,1789029744.5777,867,-5160,-66.15,2995,38.4
2026-09-10T14:12:24.593,1789029744.5932,868,-5672,-72.72,3507,44.96
2026-09-10T14:12:24.593,1789029744.5932,869,-4825,-61.86,2303,29.53
2026-09-10T14:12:24.593,1789029744.5932,870,-5475,-70.19,847,10.86
2026-09-10T14:12:24.608,1789029744.6083,871,-7461,-95.65,2636,33.79
2026-09-10T14:12:24.612,1789029744.6124,872,-7652,-98.1,2827,36.24
2026-09-10T14:12:24.612,1789029744.6124,873,-6282,-80.54,2177,27.91
2026-09-10T14:12:24.624,1789029744.6241,874,-5706,-73.15,1946,24.95
2026-09-10T14:12:24.624,1789029744.6241,875,-6868,-88.05,1946,24.95
2026-09-10T14:12:24.624,1789029744.6241,876,-6205,-79.55,1162,14.9
2026-09-10T14:12:24.624,1789029744.6241,877,-4337,-55.6,2531,32.45
2026-09-10T14:12:24.624,1789029744.6241,878,-3372,-43.23,3496,44.82
2026-09-10T14:12:24.639,1789029744.6398,879,-5838,-74.85,2833,36.32
2026-09-10T14:12:24.639,1789029744.6398,880,-5147,-65.99,2466,31.62
2026-09-10T14:12:24.655,1789029744.6556,881,-3427,-43.94,2466,31.62
2026-09-10T14:12:24.655,1789029744.6556,882,-3013,-38.63,2825,36.22
2026-09-10T14:12:24.674,1789029744.6748,883,-5757,-73.81,2744,35.18
2026-09-10T14:12:24.674,1789029744.6748,884,-4919,-63.06,2744,35.18
2026-09-10T14:12:24.674,1789029744.6748,885,-2971,-38.09,2786,35.72
2026-09-10T14:12:24.686,1789029744.6869,886,-2860,-36.67,2897,37.14
2026-09-10T14:12:24.686,1789029744.6869,887,-5637,-72.27,2777,35.6
2026-09-10T14:12:24.686,1789029744.6869,888,-4711,-60.4,2777,35.6
2026-09-10T14:12:24.702,1789029744.7025,889,-2828,-36.26,2809,36.01
2026-09-10T14:12:24.702,1789029744.7025,890,-3185,-40.83,2809,36.01
2026-09-10T14:12:24.718,1789029744.7183,891,-4625,-59.29,1883,24.14
2026-09-10T14:12:24.718,1789029744.7183,892,-5103,-65.42,2275,29.17
2026-09-10T14:12:24.718,1789029744.7183,893,-3271,-41.94,1918,24.59
2026-09-10T14:12:24.733,1789029744.7340,894,-3810,-48.85,1832,23.49
2026-09-10T14:12:24.733,1789029744.7340,895,-5167,-66.24,1896,24.31
2026-09-10T14:12:24.733,1789029744.7340,896,-4974,-63.77,1896,24.31
2026-09-10T14:12:24.749,1789029744.7499,897,-3027,-38.81,2140,27.44
2026-09-10T14:12:24.749,1789029744.7499,898,-3775,-48.4,2140,27.44
2026-09-10T14:12:24.749,1789029744.7499,899,-5584,-71.59,2557,32.78
2026-09-10T14:12:24.749,1789029744.7499,900,-6659,-85.37,3632,46.56
2026-09-10T14:12:24.749,1789029744.7499,901,-3751,-48.09,2908,37.28
2026-09-10T14:12:24.765,1789029744.7655,902,-4984,-63.9,2908,37.28
2026-09-10T14:12:24.765,1789029744.7655,903,-7033,-90.17,3282,42.08
2026-09-10T14:12:24.765,1789029744.7655,904,-7705,-98.78,3954,50.69
2026-09-10T14:12:24.765,1789029744.7655,905,-3752,-48.1,3953,50.68
2026-09-10T14:12:24.774,1789029744.7748,906,-4890,-62.69,3953,50.68
2026-09-10T14:12:24.781,1789029744.7813,907,-6783,-86.96,3953,50.68
2026-09-10T14:12:24.781,1789029744.7813,908,-6636,-85.08,3031,38.86
2026-09-10T14:12:24.781,1789029744.7813,909,-4486,-57.51,2297,29.45
2026-09-10T14:12:24.797,1789029744.7971,910,-3659,-46.91,3124,40.05
2026-09-10T14:12:24.797,1789029744.7971,911,-5589,-71.65,2977,38.17
2026-09-10T14:12:24.812,1789029744.8128,912,-5067,-64.96,1930,24.74
2026-09-10T14:12:24.820,1789029744.8204,913,-2795,-35.83,2794,35.82
2026-09-10T14:12:24.823,1789029744.8236,914,-2336,-29.95,3253,41.71
2026-09-10T14:12:24.825,1789029744.8258,915,-4219,-54.09,2731,35.01
2026-09-10T14:12:24.826,1789029744.8269,916,-3438,-44.08,1883,24.14
2026-09-10T14:12:24.831,1789029744.8315,917,-1157,-14.83,3062,39.26
2026-09-10T14:12:24.831,1789029744.8315,918,-45,-0.58,4174,53.51
2026-09-10T14:12:24.831,1789029744.8315,919,-2679,-34.35,3393,43.5
2026-09-10T14:12:24.844,1789029744.8443,920,-1429,-18.32,2634,33.77
2026-09-10T14:12:24.844,1789029744.8443,921,1305,16.73,3984,51.08
2026-09-10T14:12:24.860,1789029744.8602,922,2108,27.03,4787,61.37
2026-09-10T14:12:24.860,1789029744.8602,923,-1051,-13.47,3537,45.35
2026-09-10T14:12:24.860,1789029744.8602,924,389,4.99,3159,40.5
2026-09-10T14:12:24.875,1789029744.8759,925,3048,39.08,4099,52.55
2026-09-10T14:12:24.875,1789029744.8759,926,3152,40.41,4203,53.88
2026-09-10T14:12:24.875,1789029744.8759,927,-546,-7.0,3698,47.41
2026-09-10T14:12:24.875,1789029744.8759,928,832,10.67,3698,47.41
2026-09-10T14:12:24.892,1789029744.8922,929,3393,43.5,3939,50.5
2026-09-10T14:12:24.892,1789029744.8922,930,3084,39.54,3939,50.5
2026-09-10T14:12:24.907,1789029744.9074,931,1352,17.33,2561,32.83
2026-09-10T14:12:24.908,1789029744.9081,932,1280,16.41,2113,27.09
2026-09-10T14:12:24.908,1789029744.9081,933,3787,48.55,2507,32.14
2026-09-10T14:12:24.908,1789029744.9081,934,3136,40.21,2507,32.14
2026-09-10T14:12:24.923,1789029744.9232,935,1260,16.15,2527,32.4
2026-09-10T14:12:24.923,1789029744.9232,936,1583,20.29,2527,32.4
2026-09-10T14:12:24.938,1789029744.9388,937,4013,51.45,2753,35.29
2026-09-10T14:12:24.938,1789029744.9388,938,3062,39.26,2753,35.29
2026-09-10T14:12:24.938,1789029744.9388,939,1062,13.62,2951,37.83
2026-09-10T14:12:24.954,1789029744.9545,940,145,1.86,3868,49.59
2026-09-10T14:12:24.954,1789029744.9545,941,3930,50.38,3785,48.53
2026-09-10T14:12:24.970,1789029744.9704,942,2742,35.15,3785,48.53
2026-09-10T14:12:24.974,1789029744.9747,943,632,8.1,3785,48.53
2026-09-10T14:12:24.974,1789029744.9747,944,241,3.09,3689,47.29
2026-09-10T14:12:24.986,1789029744.9861,945,4420,56.67,4179,53.58
2026-09-10T14:12:24.986,1789029744.9861,946,3158,40.49,4179,53.58
2026-09-10T14:12:24.986,1789029744.9861,947,978,12.54,4179,53.58
2026-09-10T14:12:25.002,1789029745.0021,948,962,12.33,3458,44.33
2026-09-10T14:12:25.002,1789029745.0021,949,3143,40.29,2196,28.15
2026-09-10T14:12:25.002,1789029745.0021,950,3414,43.77,2452,31.44
2026-09-10T14:12:25.002,1789029745.0021,951,645,8.27,2769,35.5
2026-09-10T14:12:25.002,1789029745.0021,952,1034,13.26,2769,35.5
2026-09-10T14:12:25.017,1789029745.0178,953,3746,48.03,3101,39.76
2026-09-10T14:12:25.017,1789029745.0178,954,3437,44.06,3101,39.76
2026-09-10T14:12:25.017,1789029745.0178,955,248,3.18,3498,44.85
2026-09-10T14:12:25.017,1789029745.0178,956,775,9.94,3498,44.85
2026-09-10T14:12:25.041,1789029745.0413,957,812,10.41,3189,40.88
2026-09-10T14:12:25.041,1789029745.0413,958,328,4.21,564,7.23
2026-09-10T14:12:25.049,1789029745.0492,959,-2890,-37.05,3702,47.46
2026-09-10T14:12:25.049,1789029745.0492,960,-1703,-21.83,3702,47.46
2026-09-10T14:12:25.049,1789029745.0492,961,1144,14.67,4034,51.72
2026-09-10T14:12:25.064,1789029745.0650,962,1892,24.26,4782,61.31
2026-09-10T14:12:25.064,1789029745.0650,963,-1421,-18.22,3595,46.09
2026-09-10T14:12:25.064,1789029745.0650,964,-88,-1.13,3313,42.47
2026-09-10T14:12:25.074,1789029745.0747,965,2673,34.27,4094,52.49
2026-09-10T14:12:25.074,1789029745.0747,966,2890,37.05,4311,55.27
2026-09-10T14:12:25.080,1789029745.0808,967,-435,-5.58,3325,42.63
2026-09-10T14:12:25.080,1789029745.0808,968,891,11.42,3325,42.63
2026-09-10T14:12:25.080,1789029745.0808,969,3344,42.87,3779,48.45
2026-09-10T14:12:25.096,1789029745.0967,970,3047,39.06,3779,48.45
2026-09-10T14:12:25.112,1789029745.1126,971,1391,17.83,2453,31.45
2026-09-10T14:12:25.112,1789029745.1126,972,1158,14.85,2186,28.03
2026-09-10T14:12:25.112,1789029745.1126,973,3426,43.92,2268,29.08
2026-09-10T14:12:25.112,1789029745.1126,974,2728,34.97,2268,29.08
2026-09-10T14:12:25.128,1789029745.1286,975,1046,13.41,2380,30.51
2026-09-10T14:12:25.128,1789029745.1286,976,1342,17.21,2380,30.51
2026-09-10T14:12:25.128,1789029745.1286,977,3589,46.01,2543,32.6
2026-09-10T14:12:25.128,1789029745.1286,978,2719,34.86,2543,32.6
2026-09-10T14:12:25.144,1789029745.1443,979,857,10.99,2732,35.03
2026-09-10T14:12:25.144,1789029745.1443,980,-71,-0.91,3660,46.92
2026-09-10T14:12:25.144,1789029745.1443,981,3595,46.09,3666,47.0
2026-09-10T14:12:25.160,1789029745.1601,982,2501,32.06,3666,47.0
2026-09-10T14:12:25.160,1789029745.1601,983,503,6.45,3666,47.0
2026-09-10T14:12:25.160,1789029745.1601,984,66,0.85,3529,45.24
2026-09-10T14:12:25.160,1789029745.1601,985,3674,47.1,3608,46.26
2026-09-10T14:12:25.180,1789029745.1807,986,2392,30.67,3608,46.26
2026-09-10T14:12:25.192,1789029745.1921,987,267,3.42,3608,46.26
2026-09-10T14:12:25.192,1789029745.1921,988,170,2.18,3504,44.92
2026-09-10T14:12:25.192,1789029745.1921,989,1981,25.4,2222,28.49
2026-09-10T14:12:25.210,1789029745.2106,990,2127,27.27,1957,25.09
2026-09-10T14:12:25.219,1789029745.2198,991,-33,-0.42,2160,27.69
2026-09-10T14:12:25.223,1789029745.2236,992,235,3.01,2160,27.69
2026-09-10T14:12:25.223,1789029745.2236,993,2170,27.82,2203,28.24
2026-09-10T14:12:25.223,1789029745.2236,994,1832,23.49,2203,28.24
2026-09-10T14:12:25.239,1789029745.2393,995,-287,-3.68,2457,31.5
2026-09-10T14:12:25.239,1789029745.2393,996,314,4.03,2457,31.5
2026-09-10T14:12:25.255,1789029745.2550,997,2421,31.04,2708,34.72
2026-09-10T14:12:25.255,1789029745.2550,998,3279,42.04,3566,45.72
2026-09-10T14:12:25.255,1789029745.2550,999,-456,-5.85,3735,47.88
2026-09-10T14:12:25.255,1789029745.2550,1000,406,5.21,3735,47.88
2026-09-10T14:12:25.255,1789029745.2550,1001,2700,34.62,3735,47.88
2026-09-10T14:12:25.270,1789029745.2709,1002,3062,39.26,3518,45.1
2026-09-10T14:12:25.274,1789029745.2746,1003,-607,-7.78,3669,47.04
2026-09-10T14:12:25.274,1789029745.2746,1004,507,6.5,3669,47.04
2026-09-10T14:12:25.274,1789029745.2746,1005,2893,37.09,3669,47.04
2026-09-10T14:12:25.274,1789029745.2746,1006,2846,36.49,3500,44.87
2026-09-10T14:12:25.274,1789029745.2746,1007,-614,-7.87,3507,44.96
2026-09-10T14:12:25.286,1789029745.2866,1008,752,9.64,3507,44.96
2026-09-10T14:12:25.286,1789029745.2866,1009,3149,40.37,3763,48.24
2026-09-10T14:12:25.286,1789029745.2866,1010,2745,35.19,3763,48.24
2026-09-10T14:12:25.302,1789029745.3027,1011,1074,13.77,2397,30.73
2026-09-10T14:12:25.302,1789029745.3027,1012,1004,12.87,2145,27.5
2026-09-10T14:12:25.302,1789029745.3027,1013,3300,42.31,2296,29.44
2026-09-10T14:12:25.318,1789029745.3183,1014,2651,33.99,2296,29.44
2026-09-10T14:12:25.318,1789029745.3183,1015,889,11.4,2411,30.91
2026-09-10T14:12:25.318,1789029745.3183,1016,1303,16.71,2411,30.91
2026-09-10T14:12:25.333,1789029745.3340,1017,3501,44.88,2612,33.49
2026-09-10T14:12:25.333,1789029745.3340,1018,2576,33.03,2612,33.49
2026-09-10T14:12:25.333,1789029745.3340,1019,686,8.79,2815,36.09
2026-09-10T14:12:25.333,1789029745.3340,1020,-45,-0.58,3546,45.46
2026-09-10T14:12:25.349,1789029745.3497,1021,3705,47.5,3750,48.08
2026-09-10T14:12:25.365,1789029745.3655,1022,2594,33.26,3750,48.08
2026-09-10T14:12:25.365,1789029745.3655,1023,632,8.1,3750,48.08
2026-09-10T14:12:25.374,1789029745.3746,1024,362,4.64,3343,42.86
2026-09-10T14:12:25.374,1789029745.3746,1025,3860,49.49,3498,44.85
2026-09-10T14:12:25.382,1789029745.3826,1026,2581,33.09,3498,44.85
2026-09-10T14:12:25.382,1789029745.3826,1027,635,8.14,3498,44.85
2026-09-10T14:12:25.382,1789029745.3826,1028,796,10.21,3225,41.35
2026-09-10T14:12:25.382,1789029745.3826,1029,2613,33.5,1978,25.36
2026-09-10T14:12:25.397,1789029745.3973,1030,2663,34.14,2028,26.0
2026-09-10T14:12:25.397,1789029745.3973,1031,789,10.12,1874,24.03
2026-09-10T14:12:25.412,1789029745.4124,1032,1362,17.46,1874,24.03
2026-09-10T14:12:25.412,1789029745.4124,1033,3468,44.46,2679,34.35
2026-09-10T14:12:25.412,1789029745.4124,1034,3372,43.23,2679,34.35
2026-09-10T14:12:25.421,1789029745.4219,1035,1671,21.42,2106,27.0
2026-09-10T14:12:25.421,1789029745.4219,1036,2589,33.19,1797,23.04
2026-09-10T14:12:25.444,1789029745.4442,1037,4770,61.15,3099,39.73
2026-09-10T14:12:25.444,1789029745.4442,1038,5452,69.9,3781,48.47
2026-09-10T14:12:25.460,1789029745.4600,1039,2347,30.09,3105,39.81
2026-09-10T14:12:25.460,1789029745.4600,1040,3442,44.13,3105,39.81
2026-09-10T14:12:25.460,1789029745.4600,1041,5584,71.59,3237,41.5
2026-09-10T14:12:25.475,1789029745.4760,1042,5606,71.87,3259,41.78
2026-09-10T14:12:25.475,1789029745.4760,1043,2133,27.35,3473,44.53
2026-09-10T14:12:25.475,1789029745.4760,1044,3121,40.01,3473,44.53
2026-09-10T14:12:25.491,1789029745.4918,1045,5065,64.94,3473,44.53
2026-09-10T14:12:25.491,1789029745.4918,1046,4621,59.24,2932,37.59
2026-09-10T14:12:25.509,1789029745.5097,1047,1304,16.72,3761,48.22
2026-09-10T14:12:25.509,1789029745.5097,1048,2470,31.67,3761,48.22
2026-09-10T14:12:25.509,1789029745.5097,1049,4421,56.68,3317,42.53
2026-09-10T14:12:25.523,1789029745.5234,1050,3716,47.64,3117,39.96
2026-09-10T14:12:25.523,1789029745.5234,1051,2005,25.71,2416,30.97
2026-09-10T14:12:25.523,1789029745.5234,1052,1935,24.81,2486,31.87
2026-09-10T14:12:25.523,1789029745.5234,1053,3811,48.86,1876,24.05
2026-09-10T14:12:25.539,1789029745.5393,1054,2800,35.9,1876,24.05
2026-09-10T14:12:25.539,1789029745.5393,1055,1101,14.12,2710,34.74
2026-09-10T14:12:25.539,1789029745.5393,1056,1493,19.14,2710,34.74
2026-09-10T14:12:25.539,1789029745.5393,1057,3263,41.83,2162,27.72
2026-09-10T14:12:25.555,1789029745.5554,1058,2098,26.9,2162,27.72
2026-09-10T14:12:25.555,1789029745.5554,1059,302,3.87,2961,37.96
2026-09-10T14:12:25.555,1789029745.5554,1060,-271,-3.47,3534,45.31
2026-09-10T14:12:25.571,1789029745.5715,1061,2853,36.58,3124,40.05
2026-09-10T14:12:25.574,1789029745.5747,1062,1578,20.23,3124,40.05
2026-09-10T14:12:25.574,1789029745.5747,1063,-264,-3.38,3124,40.05
2026-09-10T14:12:25.574,1789029745.5747,1064,-451,-5.78,3304,42.36
2026-09-10T14:12:25.574,1789029745.5747,1065,2538,32.54,2989,38.32
2026-09-10T14:12:25.587,1789029745.5873,1066,1128,14.46,2989,38.32
2026-09-10T14:12:25.587,1789029745.5873,1067,-740,-9.49,3278,42.03
2026-09-10T14:12:25.587,1789029745.5873,1068,-561,-7.19,3278,42.03
2026-09-10T14:12:25.587,1789029745.5873,1069,1061,13.6,1868,23.95
2026-09-10T14:12:25.604,1789029745.6045,1070,772,9.9,1801,23.09
2026-09-10T14:12:25.614,1789029745.6149,1071,-1055,-13.53,2116,27.13
2026-09-10T14:12:25.618,1789029745.6187,1072,-599,-7.68,2116,27.13
2026-09-10T14:12:25.618,1789029745.6187,1073,1219,15.63,2274,29.15
2026-09-10T14:12:25.618,1789029745.6187,1074,530,6.79,2274,29.15
2026-09-10T14:12:25.634,1789029745.6344,1075,-1256,-16.1,2475,31.73
2026-09-10T14:12:25.640,1789029745.6401,1076,-531,-6.81,2475,31.73
2026-09-10T14:12:25.643,1789029745.6433,1077,1411,18.09,2667,34.19
2026-09-10T14:12:25.648,1789029745.6483,1078,1910,24.49,3166,40.59
2026-09-10T14:12:25.650,1789029745.6501,1079,-1363,-17.47,3273,41.96
2026-09-10T14:12:25.650,1789029745.6501,1080,-430,-5.51,3273,41.96
2026-09-10T14:12:25.666,1789029745.6661,1081,1664,21.33,3273,41.96
2026-09-10T14:12:25.666,1789029745.6661,1082,1797,23.04,3160,40.51
2026-09-10T14:12:25.674,1789029745.6746,1083,-1399,-17.94,3196,40.97
2026-09-10T14:12:25.674,1789029745.6746,1084,-269,-3.45,3196,40.97
2026-09-10T14:12:25.674,1789029745.6746,1085,1840,23.59,3239,41.53
2026-09-10T14:12:25.674,1789029745.6746,1086,1605,20.58,3239,41.53
2026-09-10T14:12:25.674,1789029745.6746,1087,151,1.94,2109,27.04
2026-09-10T14:12:25.681,1789029745.6820,1088,-145,-1.86,1985,25.45
2026-09-10T14:12:25.681,1789029745.6820,1089,1964,25.18,2109,27.04
2026-09-10T14:12:25.681,1789029745.6820,1090,1440,18.46,2109,27.04
2026-09-10T14:12:25.713,1789029745.7135,1091,-109,-1.4,2109,27.04
2026-09-10T14:12:25.713,1789029745.7135,1092,-55,-0.71,2073,26.58
2026-09-10T14:12:25.713,1789029745.7135,1093,2013,25.81,2122,27.21
2026-09-10T14:12:25.729,1789029745.7292,1094,1233,15.81,2122,27.21
2026-09-10T14:12:25.729,1789029745.7292,1095,-364,-4.67,2377,30.47
2026-09-10T14:12:25.744,1789029745.7448,1096,87,1.12,2377,30.47
2026-09-10T14:12:25.744,1789029745.7448,1097,2011,25.78,2375,30.45
2026-09-10T14:12:25.760,1789029745.7606,1098,1015,13.01,2375,30.45
2026-09-10T14:12:25.760,1789029745.7606,1099,-705,-9.04,2716,34.82
2026-09-10T14:12:25.774,1789029745.7745,1100,-1338,-17.15,3349,42.94
2026-09-10T14:12:25.776,1789029745.7765,1101,1990,25.51,3328,42.67
2026-09-10T14:12:25.776,1789029745.7765,1102,822,10.54,3328,42.67
2026-09-10T14:12:25.776,1789029745.7765,1103,-1013,-12.99,3328,42.67
2026-09-10T14:12:25.792,1789029745.7922,1104,-1241,-15.91,3231,41.42
2026-09-10T14:12:25.792,1789029745.7922,1105,1934,24.79,3175,40.71
2026-09-10T14:12:25.792,1789029745.7922,1106,631,8.09,3175,40.71
2026-09-10T14:12:25.792,1789029745.7922,1107,-1264,-16.21,3198,41.0
2026-09-10T14:12:25.792,1789029745.7922,1108,-1187,-15.22,3198,41.0
2026-09-10T14:12:25.792,1789029745.7922,1109,502,6.44,1895,24.29
2026-09-10T14:12:25.792,1789029745.7922,1110,425,5.45,1766,22.64
2026-09-10T14:12:25.807,1789029745.8079,1111,-1461,-18.73,1963,25.17
2026-09-10T14:12:25.807,1789029745.8079,1112,-1071,-13.73,1963,25.17
2026-09-10T14:12:25.807,1789029745.8079,1113,777,9.96,2238,28.69
2026-09-10T14:12:25.807,1789029745.8079,1114,267,3.42,2238,28.69
2026-09-10T14:12:25.825,1789029745.8255,1115,-1558,-19.97,2335,29.94
2026-09-10T14:12:25.825,1789029745.8255,1116,-892,-11.44,2335,29.94
2026-09-10T14:12:25.825,1789029745.8255,1117,1092,14.0,2650,33.97
2026-09-10T14:12:25.839,1789029745.8392,1118,1648,21.13,3206,41.1
2026-09-10T14:12:25.839,1789029745.8392,1119,-1599,-20.5,3247,41.63
2026-09-10T14:12:25.839,1789029745.8392,1120,-733,-9.4,3247,41.63
2026-09-10T14:12:25.854,1789029745.8550,1121,1366,17.51,3247,41.63
2026-09-10T14:12:25.854,1789029745.8550,1122,1536,19.69,3135,40.19
2026-09-10T14:12:25.862,1789029745.8620,1123,-1642,-21.05,3178,40.74
2026-09-10T14:12:25.870,1789029745.8706,1124,-556,-7.13,3178,40.74
2026-09-10T14:12:25.874,1789029745.8747,1125,1611,20.65,3253,41.71
2026-09-10T14:12:25.874,1789029745.8747,1126,1388,17.79,3253,41.71
2026-09-10T14:12:25.886,1789029745.8863,1127,-61,-0.78,2167,27.78
2026-09-10T14:12:25.886,1789029745.8863,1128,-367,-4.71,1978,25.36
2026-09-10T14:12:25.891,1789029745.8920,1129,1779,22.81,2146,27.51
2026-09-10T14:12:25.902,1789029745.9027,1130,1256,16.1,2146,27.51
2026-09-10T14:12:25.902,1789029745.9027,1131,-233,-2.99,2146,27.51
2026-09-10T14:12:25.902,1789029745.9027,1132,-190,-2.44,2012,25.79
2026-09-10T14:12:25.917,1789029745.9178,1133,1895,24.29,2128,27.28
2026-09-10T14:12:25.917,1789029745.9178,1134,1131,14.5,2128,27.28
2026-09-10T14:12:25.917,1789029745.9178,1135,-501,-6.42,2396,30.72
2026-09-10T14:12:25.917,1789029745.9178,1136,-29,-0.37,2396,30.72
2026-09-10T14:12:25.933,1789029745.9334,1137,1955,25.06,2456,31.49
2026-09-10T14:12:25.933,1789029745.9334,1138,971,12.45,2456,31.49
2026-09-10T14:12:25.933,1789029745.9334,1139,-781,-10.01,2736,35.08
2026-09-10T14:12:25.933,1789029745.9334,1140,-1382,-17.72,3337,42.78
2026-09-10T14:12:25.955,1789029745.9555,1141,1967,25.22,3349,42.94
2026-09-10T14:12:25.955,1789029745.9555,1142,799,10.24,3349,42.94
2026-09-10T14:12:25.955,1789029745.9555,1143,-1036,-13.28,3349,42.94
2026-09-10T14:12:25.974,1789029745.9749,1144,-1248,-16.0,3215,41.22
2026-09-10T14:12:25.981,1789029745.9810,1145,1984,25.44,3232,41.44
2026-09-10T14:12:25.981,1789029745.9810,1146,692,8.87,3232,41.44
2026-09-10T14:12:25.981,1789029745.9810,1147,-1219,-15.63,3232,41.44
2026-09-10T14:12:25.998,1789029745.9988,1148,-1050,-13.46,3203,41.06
2026-09-10T14:12:26.006,1789029746.0064,1149,658,8.44,1911,24.5
2026-09-10T14:12:26.012,1789029746.0124,1150,576,7.38,1877,24.06
2026-09-10T14:12:26.012,1789029746.0124,1151,-1314,-16.85,1972,25.28
2026-09-10T14:12:26.028,1789029746.0281,1152,-865,-11.09,1972,25.28
2026-09-10T14:12:26.028,1789029746.0281,1153,1014,13.0,2328,29.85
2026-09-10T14:12:26.043,1789029746.0438,1154,463,5.94,2328,29.85
2026-09-10T14:12:26.043,1789029746.0438,1155,-1383,-17.73,2397,30.73
2026-09-10T14:12:26.043,1789029746.0438,1156,-678,-8.69,2397,30.73
2026-09-10T14:12:26.043,1789029746.0438,1157,1341,17.19,2724,34.92
2026-09-10T14:12:26.043,1789029746.0438,1158,1828,23.44,3211,41.17
2026-09-10T14:12:26.059,1789029746.0594,1159,-1409,-18.06,3237,41.5
2026-09-10T14:12:26.059,1789029746.0594,1160,-531,-6.81,3237,41.5
2026-09-10T14:12:26.059,1789029746.0594,1161,1591,20.4,3237,41.5
2026-09-10T14:12:26.059,1789029746.0594,1162,1704,21.85,3113,39.91
2026-09-10T14:12:26.059,1789029746.0594,1163,-1431,-18.35,3135,40.19
2026-09-10T14:12:26.074,1789029746.0749,1164,-378,-4.85,3135,40.19
2026-09-10T14:12:26.074,1789029746.0749,1165,1796,23.03,3227,41.37
2026-09-10T14:12:26.074,1789029746.0749,1166,1553,19.91,3227,41.37
2026-09-10T14:12:26.090,1789029746.0907,1167,95,1.22,2174,27.87
2026-09-10T14:12:26.090,1789029746.0907,1168,-228,-2.92,2024,25.95
2026-09-10T14:12:26.090,1789029746.0907,1169,1893,24.27,2121,27.19
2026-09-10T14:12:26.090,1789029746.0907,1170,1366,17.51,2121,27.19
2026-09-10T14:12:26.106,1789029746.1064,1171,-148,-1.9,2121,27.19
2026-09-10T14:12:26.106,1789029746.1064,1172,-46,-0.59,2041,26.17
2026-09-10T14:12:26.106,1789029746.1064,1173,1995,25.58,2143,27.47
2026-09-10T14:12:26.106,1789029746.1064,1174,1179,15.12,2143,27.47
2026-09-10T14:12:26.122,1789029746.1222,1175,-410,-5.26,2405,30.83
2026-09-10T14:12:26.122,1789029746.1222,1176,101,1.29,2405,30.83
2026-09-10T14:12:26.122,1789029746.1222,1177,2013,25.81,2423,31.06
2026-09-10T14:12:26.137,1789029746.1380,1178,1041,13.35,2423,31.06
2026-09-10T14:12:26.137,1789029746.1380,1179,-687,-8.81,2700,34.62
2026-09-10T14:12:26.137,1789029746.1380,1180,-1261,-16.17,3274,41.97
2026-09-10T14:12:26.153,1789029746.1536,1181,2039,26.14,3300,42.31
2026-09-10T14:12:26.153,1789029746.1536,1182,871,11.17,3300,42.31
2026-09-10T14:12:26.169,1789029746.1693,1183,-952,-12.21,3300,42.31
2026-09-10T14:12:26.175,1789029746.1751,1184,-1148,-14.72,3187,40.86
2026-09-10T14:12:26.175,1789029746.1751,1185,2026,25.97,3174,40.69
2026-09-10T14:12:26.175,1789029746.1751,1186,722,9.26,3174,40.69
2026-09-10T14:12:26.184,1789029746.1849,1187,-1164,-14.92,3190,40.9
2026-09-10T14:12:26.184,1789029746.1849,1188,-1020,-13.08,3190,40.9
2026-09-10T14:12:26.184,1789029746.1849,1189,668,8.56,1886,24.18
2026-09-10T14:12:26.200,1789029746.2007,1190,538,6.9,1832,23.49
2026-09-10T14:12:26.200,1789029746.2007,1191,-1336,-17.13,2004,25.69
2026-09-10T14:12:26.200,1789029746.2007,1192,-867,-11.12,2004,25.69
2026-09-10T14:12:26.200,1789029746.2007,1193,944,12.1,2280,29.23
2026-09-10T14:12:26.200,1789029746.2007,1194,385,4.94,2280,29.23
2026-09-10T14:12:26.216,1789029746.2164,1195,-1456,-18.67,2400,30.77
2026-09-10T14:12:26.232,1789029746.2320,1196,-762,-9.77,2400,30.77
2026-09-10T14:12:26.247,1789029746.2478,1197,1225,15.71,2681,34.37
2026-09-10T14:12:26.247,1789029746.2478,1198,1680,21.54,3136,40.21
2026-09-10T14:12:26.247,1789029746.2478,1199,-1576,-20.21,3256,41.74
2026-09-10T14:12:26.247,1789029746.2478,1200,-653,-8.37,3256,41.74
2026-09-10T14:12:26.263,1789029746.2635,1201,1457,18.68,3256,41.74
2026-09-10T14:12:26.275,1789029746.2754,1202,1527,19.58,3103,39.78
2026-09-10T14:12:26.279,1789029746.2792,1203,-1643,-21.06,3170,40.64
2026-09-10T14:12:26.294,1789029746.2949,1204,-528,-6.77,3170,40.64
2026-09-10T14:12:26.294,1789029746.2949,1205,1610,20.64,3253,41.71
2026-09-10T14:12:26.303,1789029746.3033,1206,1340,17.18,3253,41.71
2026-09-10T14:12:26.309,1789029746.3094,1207,-134,-1.72,2138,27.41
2026-09-10T14:12:26.310,1789029746.3109,1208,-403,-5.17,2013,25.81
2026-09-10T14:12:26.312,1789029746.3129,1209,1719,22.04,2122,27.21
2026-09-10T14:12:26.314,1789029746.3149,1210,1176,15.08,2122,27.21
2026-09-10T14:12:26.316,1789029746.3169,1211,-368,-4.72,2122,27.21
2026-09-10T14:12:26.316,1789029746.3169,1212,-209,-2.68,2087,26.76
2026-09-10T14:12:26.316,1789029746.3169,1213,1832,23.49,2200,28.21
2026-09-10T14:12:26.316,1789029746.3169,1214,1037,13.29,2200,28.21
2026-09-10T14:12:26.326,1789029746.3268,1215,-607,-7.78,2439,31.27
2026-09-10T14:12:26.326,1789029746.3268,1216,-3,-0.04,2439,31.27
2026-09-10T14:12:26.326,1789029746.3268,1217,1881,24.12,2488,31.9
2026-09-10T14:12:26.326,1789029746.3268,1218,890,11.41,2488,31.9
2026-09-10T14:12:26.342,1789029746.3428,1219,-870,-11.15,2751,35.27
2026-09-10T14:12:26.342,1789029746.3428,1220,-1342,-17.21,3223,41.32
2026-09-10T14:12:26.358,1789029746.3585,1221,1942,24.9,3284,42.1
2026-09-10T14:12:26.358,1789029746.3585,1222,770,9.87,3284,42.1
2026-09-10T14:12:26.358,1789029746.3585,1223,-1077,-13.81,3284,42.1
2026-09-10T14:12:26.358,1789029746.3585,1224,-1172,-15.03,3114,39.92
2026-09-10T14:12:26.374,1789029746.3741,1225,1951,25.01,3123,40.04
2026-09-10T14:12:26.375,1789029746.3756,1226,643,8.24,3123,40.04
2026-09-10T14:12:26.382,1789029746.3827,1227,-1272,-16.31,3223,41.32
2026-09-10T14:12:26.390,1789029746.3904,1228,-1011,-12.96,3223,41.32
2026-09-10T14:12:26.402,1789029746.4022,1229,701,8.99,1973,25.29
2026-09-10T14:12:26.404,1789029746.4048,1230,471,6.04,1973,25.29
2026-09-10T14:12:26.410,1789029746.4102,1231,-1379,-17.68,2080,26.67
2026-09-10T14:12:26.410,1789029746.4102,1232,-881,-11.29,2080,26.67
2026-09-10T14:12:26.421,1789029746.4212,1233,990,12.69,2369,30.37
2026-09-10T14:12:26.421,1789029746.4212,1234,347,4.45,2369,30.37
2026-09-10T14:12:26.421,1789029746.4212,1235,-1486,-19.05,2476,31.74
2026-09-10T14:12:26.421,1789029746.4212,1236,-736,-9.44,2476,31.74
2026-09-10T14:12:26.436,1789029746.4368,1237,1267,16.24,2753,35.29
2026-09-10T14:12:26.436,1789029746.4368,1238,1674,21.46,3160,40.51
2026-09-10T14:12:26.436,1789029746.4368,1239,-1562,-20.03,3236,41.49
2026-09-10T14:12:26.436,1789029746.4368,1240,-599,-7.68,3236,41.49
2026-09-10T14:12:26.452,1789029746.4526,1241,1503,19.27,3236,41.49
2026-09-10T14:12:26.452,1789029746.4526,1242,1501,19.24,3065,39.29
2026-09-10T14:12:26.452,1789029746.4526,1243,-1593,-20.42,3096,39.69
2026-09-10T14:12:26.452,1789029746.4526,1244,-475,-6.09,3096,39.69
2026-09-10T14:12:26.475,1789029746.4757,1245,1659,21.27,3252,41.69
2026-09-10T14:12:26.484,1789029746.4841,1246,1313,16.83,3252,41.69
2026-09-10T14:12:26.484,1789029746.4841,1247,-165,-2.12,2134,27.36
2026-09-10T14:12:26.484,1789029746.4841,1248,-334,-4.28,1993,25.55
2026-09-10T14:12:26.484,1789029746.4841,1249,1748,22.41,2082,26.69
2026-09-10T14:12:26.499,1789029746.4998,1250,1125,14.42,2082,26.69
2026-09-10T14:12:26.499,1789029746.4998,1251,-408,-5.23,2156,27.64
2026-09-10T14:12:26.515,1789029746.5158,1252,-184,-2.36,2156,27.64
2026-09-10T14:12:26.515,1789029746.5158,1253,1809,23.19,2217,28.42
2026-09-10T14:12:26.515,1789029746.5158,1254,986,12.64,2217,28.42
2026-09-10T14:12:26.531,1789029746.5315,1255,-702,-9.0,2511,32.19
2026-09-10T14:12:26.531,1789029746.5315,1256,-1511,-19.37,3320,42.56
2026-09-10T14:12:26.547,1789029746.5472,1257,1843,23.63,3354,43.0
2026-09-10T14:12:26.547,1789029746.5472,1258,791,10.14,3354,43.0
2026-09-10T14:12:26.547,1789029746.5472,1259,-984,-12.62,3354,43.0
2026-09-10T14:12:26.547,1789029746.5472,1260,-1392,-17.85,3235,41.47
2026-09-10T14:12:26.562,1789029746.5629,1261,1877,24.06,3269,41.91
2026-09-10T14:12:26.562,1789029746.5629,1262,658,8.44,3269,41.91
2026-09-10T14:12:26.562,1789029746.5629,1263,-1213,-15.55,3269,41.91
2026-09-10T14:12:26.562,1789029746.5629,1264,-1228,-15.74,3105,39.81
2026-09-10T14:12:26.562,1789029746.5629,1265,1867,23.94,3095,39.68
2026-09-10T14:12:26.578,1789029746.5786,1266,524,6.72,3095,39.68
2026-09-10T14:12:26.578,1789029746.5786,1267,-1370,-17.56,3237,41.5
2026-09-10T14:12:26.578,1789029746.5786,1268,-1085,-13.91,3237,41.5
2026-09-10T14:12:26.594,1789029746.5944,1269,687,8.81,2057,26.37
2026-09-10T14:12:26.594,1789029746.5944,1270,390,5.0,2057,26.37
2026-09-10T14:12:26.594,1789029746.5944,1271,-1480,-18.97,2167,27.78
2026-09-10T14:12:26.610,1789029746.6100,1272,-910,-11.67,2167,27.78
2026-09-10T14:12:26.610,1789029746.6100,1273,1005,12.88,2485,31.86
2026-09-10T14:12:26.610,1789029746.6100,1274,275,3.53,2485,31.86
2026-09-10T14:12:26.625,1789029746.6257,1275,-1562,-20.03,2567,32.91
2026-09-10T14:12:26.625,1789029746.6257,1276,-748,-9.59,2567,32.91
2026-09-10T14:12:26.625,1789029746.6257,1277,1283,16.45,2845,36.47
2026-09-10T14:12:26.625,1789029746.6257,1278,1598,20.49,3160,40.51
2026-09-10T14:12:26.641,1789029746.6415,1279,-1585,-20.32,3183,40.81
2026-09-10T14:12:26.641,1789029746.6415,1280,-611,-7.83,3183,40.81
2026-09-10T14:12:26.657,1789029746.6572,1281,1520,19.49,3183,40.81
2026-09-10T14:12:26.657,1789029746.6572,1282,1430,18.33,3105,39.81
2026-09-10T14:12:26.657,1789029746.6572,1283,-1648,-21.13,3168,40.62
2026-09-10T14:12:26.675,1789029746.6758,1284,-461,-5.91,3168,40.62
2026-09-10T14:12:26.680,1789029746.6810,1285,1684,21.59,3332,42.72
2026-09-10T14:12:26.680,1789029746.6810,1286,1302,16.69,3332,42.72
2026-09-10T14:12:26.688,1789029746.6887,1287,-211,-2.71,2145,27.5
2026-09-10T14:12:26.688,1789029746.6887,1288,-288,-3.69,1972,25.28
2026-09-10T14:12:26.688,1789029746.6887,1289,1777,22.78,2065,26.47
2026-09-10T14:12:26.688,1789029746.6887,1290,1110,14.23,2065,26.47
2026-09-10T14:12:26.704,1789029746.7045,1291,-434,-5.56,2211,28.35
2026-09-10T14:12:26.704,1789029746.7045,1292,-107,-1.37,2211,28.35
2026-09-10T14:12:26.704,1789029746.7045,1293,1846,23.67,2280,29.23
2026-09-10T14:12:26.704,1789029746.7045,1294,987,12.65,2280,29.23
2026-09-10T14:12:26.704,1789029746.7045,1295,-729,-9.35,2575,33.01
2026-09-10T14:12:26.735,1789029746.7358,1296,-1438,-18.44,3284,42.1
2026-09-10T14:12:26.735,1789029746.7358,1297,1879,24.09,3317,42.53
2026-09-10T14:12:26.735,1789029746.7358,1298,808,10.36,3317,42.53
2026-09-10T14:12:26.735,1789029746.7358,1299,-980,-12.56,3317,42.53
2026-09-10T14:12:26.751,1789029746.7515,1300,-1312,-16.82,3191,40.91
2026-09-10T14:12:26.767,1789029746.7672,1301,1904,24.41,3216,41.23
2026-09-10T14:12:26.767,1789029746.7672,1302,665,8.53,3216,41.23
2026-09-10T14:12:26.775,1789029746.7757,1303,-1218,-15.62,3216,41.23
2026-09-10T14:12:26.794,1789029746.7948,1304,-1173,-15.04,3122,40.03
2026-09-10T14:12:26.794,1789029746.7948,1305,1886,24.18,3104,39.79
2026-09-10T14:12:26.798,1789029746.7985,1306,506,6.49,3104,39.79
2026-09-10T14:12:26.798,1789029746.7985,1307,-1376,-17.64,3262,41.82
2026-09-10T14:12:26.798,1789029746.7985,1308,-1038,-13.31,3262,41.82
2026-09-10T14:12:26.798,1789029746.7985,1309,730,9.36,2106,27.0
2026-09-10T14:12:26.798,1789029746.7985,1310,388,4.97,2106,27.0
2026-09-10T14:12:26.814,1789029746.8142,1311,-1490,-19.1,2220,28.46
2026-09-10T14:12:26.814,1789029746.8142,1312,-880,-11.28,2220,28.46
2026-09-10T14:12:26.814,1789029746.8142,1313,1064,13.64,2554,32.74
2026-09-10T14:12:26.814,1789029746.8142,1314,245,3.14,2554,32.74
2026-09-10T14:12:26.831,1789029746.8313,1315,-1592,-20.41,2656,34.05
2026-09-10T14:12:26.831,1789029746.8313,1316,-746,-9.56,2656,34.05
2026-09-10T14:12:26.831,1789029746.8313,1317,1325,16.99,2917,37.4
2026-09-10T14:12:26.831,1789029746.8313,1318,1552,19.9,3144,40.31
2026-09-10T14:12:26.845,1789029746.8459,1319,-1623,-20.81,3175,40.71
2026-09-10T14:12:26.845,1789029746.8459,1320,-616,-7.9,3175,40.71
2026-09-10T14:12:26.845,1789029746.8459,1321,1550,19.87,3175,40.71
2026-09-10T14:12:26.861,1789029746.8615,1322,1396,17.9,3173,40.68
2026-09-10T14:12:26.861,1789029746.8615,1323,-1637,-20.99,3187,40.86
2026-09-10T14:12:26.861,1789029746.8615,1324,-439,-5.63,3187,40.86
2026-09-10T14:12:26.861,1789029746.8615,1325,1687,21.63,3324,42.62
2026-09-10T14:12:26.877,1789029746.8775,1326,1208,15.49,3324,42.62
2026-09-10T14:12:26.877,1789029746.8775,1327,-272,-3.49,2126,27.26
2026-09-10T14:12:26.877,1789029746.8775,1328,-293,-3.76,1980,25.38
2026-09-10T14:12:26.894,1789029746.8942,1329,1756,22.51,2049,26.27
2026-09-10T14:12:26.894,1789029746.8942,1330,1085,13.91,2049,26.27
2026-09-10T14:12:26.909,1789029746.9093,1331,-523,-6.71,2279,29.22
2026-09-10T14:12:26.909,1789029746.9093,1332,-127,-1.63,2279,29.22
2026-09-10T14:12:26.909,1789029746.9093,1333,1838,23.56,2361,30.27
2026-09-10T14:12:26.909,1789029746.9093,1334,906,11.62,2361,30.27
2026-09-10T14:12:26.925,1789029746.9251,1335,-817,-10.47,2655,34.04
2026-09-10T14:12:26.925,1789029746.9251,1336,-1466,-18.79,3304,42.36
2026-09-10T14:12:26.925,1789029746.9251,1337,1820,23.33,3286,42.13
2026-09-10T14:12:26.941,1789029746.9411,1338,740,9.49,3286,42.13
2026-09-10T14:12:26.946,1789029746.9465,1339,-1102,-14.13,3286,42.13
2026-09-10T14:12:26.949,1789029746.9493,1340,-1366,-17.51,3186,40.85
2026-09-10T14:12:26.956,1789029746.9570,1341,1822,23.36,3188,40.87
2026-09-10T14:12:26.956,1789029746.9570,1342,539,6.91,3188,40.87
2026-09-10T14:12:26.956,1789029746.9570,1343,-1323,-16.96,3188,40.87
2026-09-10T14:12:26.956,1789029746.9570,1344,-1218,-15.62,3145,40.32
2026-09-10T14:12:26.972,1789029746.9727,1345,1805,23.14,3128,40.1
2026-09-10T14:12:26.972,1789029746.9727,1346,410,5.26,3128,40.1
2026-09-10T14:12:26.988,1789029746.9884,1347,-1479,-18.96,3284,42.1
2026-09-10T14:12:26.988,1789029746.9884,1348,-1106,-14.18,3284,42.1
2026-09-10T14:12:27.004,1789029747.0043,1349,739,9.47,2218,28.44
2026-09-10T14:12:27.004,1789029747.0043,1350,257,3.29,2218,28.44
2026-09-10T14:12:27.020,1789029747.0202,1351,-1588,-20.36,2327,29.83
2026-09-10T14:12:27.020,1789029747.0202,1352,-922,-11.82,2327,29.83
2026-09-10T14:12:27.020,1789029747.0202,1353,1042,13.36,2630,33.72
2026-09-10T14:12:27.035,1789029747.0359,1354,140,1.79,2630,33.72
2026-09-10T14:12:27.035,1789029747.0359,1355,-1657,-21.24,2699,34.6
2026-09-10T14:12:27.051,1789029747.0515,1356,-770,-9.87,2699,34.6
2026-09-10T14:12:27.051,1789029747.0515,1357,1337,17.14,2994,38.38
2026-09-10T14:12:27.051,1789029747.0515,1358,1459,18.71,3116,39.95
2026-09-10T14:12:27.051,1789029747.0515,1359,-1730,-22.18,3189,40.88
2026-09-10T14:12:27.067,1789029747.0672,1360,-640,-8.21,3189,40.88
2026-09-10T14:12:27.067,1789029747.0672,1361,1503,19.27,3233,41.45
2026-09-10T14:12:27.075,1789029747.0759,1362,1297,16.63,3233,41.45
2026-09-10T14:12:27.075,1789029747.0759,1363,-1711,-21.94,3214,41.21
2026-09-10T14:12:27.075,1789029747.0759,1364,-477,-6.12,3214,41.21
2026-09-10T14:12:27.075,1789029747.0759,1365,1645,21.09,3356,43.03
2026-09-10T14:12:27.083,1789029747.0839,1366,1131,14.5,3356,43.03
2026-09-10T14:12:27.083,1789029747.0839,1367,-398,-5.1,2122,27.21
2026-09-10T14:12:27.083,1789029747.0839,1368,-338,-4.33,2043,26.19
2026-09-10T14:12:27.083,1789029747.0839,1369,1704,21.85,2102,26.95
2026-09-10T14:12:27.099,1789029747.0991,1370,949,12.17,2102,26.95
2026-09-10T14:12:27.110,1789029747.1108,1371,-675,-8.65,2379,30.5
2026-09-10T14:12:27.114,1789029747.1142,1372,-174,-2.23,2379,30.5
2026-09-10T14:12:27.114,1789029747.1142,1373,1747,22.4,2422,31.05
2026-09-10T14:12:27.114,1789029747.1142,1374,776,9.95,2422,31.05
2026-09-10T14:12:27.127,1789029747.1277,1375,-967,-12.4,2714,34.79
2026-09-10T14:12:27.130,1789029747.1300,1376,-1567,-20.09,3314,42.49
2026-09-10T14:12:27.130,1789029747.1300,1377,1759,22.55,3326,42.64
2026-09-10T14:12:27.146,1789029747.1461,1378,600,7.69,3326,42.64
2026-09-10T14:12:27.152,1789029747.1522,1379,-1226,-15.72,3326,42.64
2026-09-10T14:12:27.154,1789029747.1542,1380,-1425,-18.27,3184,40.82
2026-09-10T14:12:27.162,1789029747.1620,1381,1740,22.31,3165,40.58
2026-09-10T14:12:27.162,1789029747.1620,1382,449,5.76,3165,40.58
2026-09-10T14:12:27.162,1789029747.1620,1383,-1437,-18.42,3177,40.73
2026-09-10T14:12:27.175,1789029747.1759,1384,-1303,-16.71,3177,40.73
2026-09-10T14:12:27.186,1789029747.1862,1385,1692,21.69,3129,40.12
2026-09-10T14:12:27.190,1789029747.1901,1386,274,3.51,3129,40.12
2026-09-10T14:12:27.193,1789029747.1933,1387,-1599,-20.5,3291,42.19
2026-09-10T14:12:27.193,1789029747.1933,1388,-1153,-14.78,3291,42.19
2026-09-10T14:12:27.193,1789029747.1933,1389,703,9.01,2302,29.51
2026-09-10T14:12:27.193,1789029747.1933,1390,150,1.92,2302,29.51
2026-09-10T14:12:27.208,1789029747.2090,1391,-1714,-21.97,2417,30.99
2026-09-10T14:12:27.208,1789029747.2090,1392,-1004,-12.87,2417,30.99
2026-09-10T14:12:27.208,1789029747.2090,1393,996,12.77,2710,34.74
2026-09-10T14:12:27.224,1789029747.2246,1394,7,0.09,2710,34.74
2026-09-10T14:12:27.224,1789029747.2246,1395,-1761,-22.58,2757,35.35
2026-09-10T14:12:27.224,1789029747.2246,1396,-870,-11.15,2757,35.35
2026-09-10T14:12:27.224,1789029747.2246,1397,1249,16.01,3010,38.59
2026-09-10T14:12:27.224,1789029747.2246,1398,1324,16.97,3085,39.55
2026-09-10T14:12:27.240,1789029747.2403,1399,-1817,-23.29,3141,40.27
2026-09-10T14:12:27.240,1789029747.2403,1400,-702,-9.0,3141,40.27
2026-09-10T14:12:27.256,1789029747.2563,1401,1445,18.53,3262,41.82
2026-09-10T14:12:27.256,1789029747.2563,1402,1172,15.03,3262,41.82
2026-09-10T14:12:27.271,1789029747.2720,1403,-1808,-23.18,3253,41.71
2026-09-10T14:12:27.278,1789029747.2786,1404,-517,-6.63,3253,41.71
2026-09-10T14:12:27.278,1789029747.2786,1405,1589,20.37,3397,43.55
2026-09-10T14:12:27.287,1789029747.2876,1406,1035,13.27,3397,43.55
2026-09-10T14:12:27.287,1789029747.2876,1407,-489,-6.27,2106,27.0
2026-09-10T14:12:27.287,1789029747.2876,1408,-340,-4.36,2078,26.64
2026-09-10T14:12:27.303,1789029747.3033,1409,1701,21.81,2190,28.08
2026-09-10T14:12:27.303,1789029747.3033,1410,874,11.21,2190,28.08
2026-09-10T14:12:27.319,1789029747.3191,1411,-753,-9.65,2454,31.46
2026-09-10T14:12:27.319,1789029747.3191,1412,-148,-1.9,2454,31.46
2026-09-10T14:12:27.334,1789029747.3348,1413,1745,22.37,2498,32.03
2026-09-10T14:12:27.334,1789029747.3348,1414,742,9.51,2498,32.03
2026-09-10T14:12:27.334,1789029747.3348,1415,-1021,-13.09,2766,35.46
2026-09-10T14:12:27.334,1789029747.3348,1416,-1517,-19.45,3262,41.82
2026-09-10T14:12:27.334,1789029747.3348,1417,1773,22.73,3290,42.18
2026-09-10T14:12:27.350,1789029747.3505,1418,610,7.82,3290,42.18
2026-09-10T14:12:27.350,1789029747.3505,1419,-1252,-16.05,3290,42.18
2026-09-10T14:12:27.350,1789029747.3505,1420,-1372,-17.59,3145,40.32
2026-09-10T14:12:27.350,1789029747.3505,1421,1793,22.99,3165,40.58
2026-09-10T14:12:27.350,1789029747.3505,1422,470,6.03,3165,40.58
2026-09-10T14:12:27.366,1789029747.3661,1423,-1404,-18.0,3197,40.99
2026-09-10T14:12:27.366,1789029747.3661,1424,-1211,-15.53,3197,40.99
2026-09-10T14:12:27.366,1789029747.3661,1425,1776,22.77,3180,40.77
2026-09-10T14:12:27.376,1789029747.3764,1426,333,4.27,3180,40.77
2026-09-10T14:12:27.382,1789029747.3825,1427,-1560,-20.0,3336,42.77
2026-09-10T14:12:27.382,1789029747.3825,1428,-1034,-13.26,3336,42.77
2026-09-10T14:12:27.382,1789029747.3825,1429,842,10.79,2402,30.79
2026-09-10T14:12:27.398,1789029747.3984,1430,196,2.51,2402,30.79
2026-09-10T14:12:27.398,1789029747.3984,1431,-1641,-21.04,2483,31.83
2026-09-10T14:12:27.398,1789029747.3984,1432,-894,-11.46,2483,31.83
2026-09-10T14:12:27.413,1789029747.4136,1433,1137,14.58,2778,35.62
2026-09-10T14:12:27.413,1789029747.4136,1434,59,0.76,2778,35.62
2026-09-10T14:12:27.413,1789029747.4136,1435,-1710,-21.92,2847,36.5
2026-09-10T14:12:27.413,1789029747.4136,1436,-771,-9.88,2847,36.5
2026-09-10T14:12:27.429,1789029747.4292,1437,1396,17.9,3106,39.82
2026-09-10T14:12:27.429,1789029747.4292,1438,1367,17.53,3106,39.82
2026-09-10T14:12:27.444,1789029747.4450,1439,-1738,-22.28,3134,40.18
2026-09-10T14:12:27.444,1789029747.4450,1440,-616,-7.9,3134,40.18
2026-09-10T14:12:27.444,1789029747.4450,1441,1555,19.94,3293,42.22
2026-09-10T14:12:27.461,1789029747.4611,1442,1193,15.29,3293,42.22
2026-09-10T14:12:27.461,1789029747.4611,1443,-1739,-22.29,3294,42.23
2026-09-10T14:12:27.461,1789029747.4611,1444,-460,-5.9,3294,42.23
2026-09-10T14:12:27.461,1789029747.4611,1445,1630,20.9,3369,43.19
2026-09-10T14:12:27.476,1789029747.4765,1446,1032,13.23,3369,43.19
2026-09-10T14:12:27.476,1789029747.4765,1447,-536,-6.87,2166,27.77
2026-09-10T14:12:27.476,1789029747.4765,1448,-316,-4.05,2166,27.77
2026-09-10T14:12:27.492,1789029747.4921,1449,1674,21.46,2210,28.33
2026-09-10T14:12:27.492,1789029747.4921,1450,839,10.76,2210,28.33
2026-09-10T14:12:27.492,1789029747.4921,1451,-848,-10.87,2522,32.33
2026-09-10T14:12:27.508,1789029747.5080,1452,-126,-1.62,2522,32.33
2026-09-10T14:12:27.523,1789029747.5237,1453,1698,21.77,2546,32.64
2026-09-10T14:12:27.523,1789029747.5237,1454,647,8.29,2546,32.64
2026-09-10T14:12:27.523,1789029747.5237,1455,-1139,-14.6,2837,36.37
2026-09-10T14:12:27.523,1789029747.5237,1456,-1551,-19.88,3249,41.65
2026-09-10T14:12:27.539,1789029747.5397,1457,1703,21.83,3254,41.72
2026-09-10T14:12:27.539,1789029747.5397,1458,509,6.53,3254,41.72
2026-09-10T14:12:27.555,1789029747.5554,1459,-1353,-17.35,3254,41.72
2026-09-10T14:12:27.555,1789029747.5554,1460,-1416,-18.15,3119,39.99
2026-09-10T14:12:27.574,1789029747.5740,1461,1705,21.86,3121,40.01
2026-09-10T14:12:27.582,1789029747.5821,1462,362,4.64,3121,40.01
2026-09-10T14:12:27.587,1789029747.5871,1463,-1516,-19.44,3221,41.29
2026-09-10T14:12:27.587,1789029747.5871,1464,-1242,-15.92,3221,41.29
2026-09-10T14:12:27.587,1789029747.5871,1465,531,6.81,2047,26.24
2026-09-10T14:12:27.587,1789029747.5871,1466,239,3.06,2047,26.24
2026-09-10T14:12:27.587,1789029747.5871,1467,-1634,-20.95,2165,27.76
2026-09-10T14:12:27.602,1789029747.6028,1468,-1064,-13.64,2165,27.76
2026-09-10T14:12:27.602,1789029747.6028,1469,860,11.03,2494,31.97
2026-09-10T14:12:27.602,1789029747.6028,1470,134,1.72,2494,31.97
2026-09-10T14:12:27.602,1789029747.6028,1471,-1670,-21.41,2530,32.44
2026-09-10T14:12:27.602,1789029747.6028,1472,-880,-11.28,2530,32.44
2026-09-10T14:12:27.616,1789029747.6167,1473,1212,15.54,2882,36.95
2026-09-10T14:12:27.619,1789029747.6191,1474,37,0.47,2882,36.95
2026-09-10T14:12:27.619,1789029747.6191,1475,-1699,-21.78,2911,37.32
2026-09-10T14:12:27.619,1789029747.6191,1476,-696,-8.92,2911,37.32
2026-09-10T14:12:27.619,1789029747.6191,1477,1447,18.55,3146,40.33
2026-09-10T14:12:27.634,1789029747.6342,1478,1365,17.5,3146,40.33
2026-09-10T14:12:27.634,1789029747.6342,1479,-1704,-21.85,3151,40.4
2026-09-10T14:12:27.649,1789029747.6499,1480,-506,-6.49,3151,40.4
2026-09-10T14:12:27.649,1789029747.6499,1481,1616,20.72,3320,42.56
2026-09-10T14:12:27.649,1789029747.6499,1482,1230,15.77,3320,42.56
2026-09-10T14:12:27.665,1789029747.6656,1483,-1646,-21.1,3262,41.82
2026-09-10T14:12:27.665,1789029747.6656,1484,-343,-4.4,3262,41.82
2026-09-10T14:12:27.665,1789029747.6656,1485,1730,22.18,3376,43.28
2026-09-10T14:12:27.681,1789029747.6812,1486,1043,13.37,3376,43.28
2026-09-10T14:12:27.681,1789029747.6812,1487,-517,-6.63,2247,28.81
2026-09-10T14:12:27.681,1789029747.6812,1488,-204,-2.62,2247,28.81
2026-09-10T14:12:27.696,1789029747.6970,1489,1756,22.51,2273,29.14
2026-09-10T14:12:27.696,1789029747.6970,1490,874,11.21,2273,29.14
2026-09-10T14:12:27.712,1789029747.7127,1491,-830,-10.64,2586,33.15
2026-09-10T14:12:27.712,1789029747.7127,1492,-53,-0.68,2586,33.15
2026-09-10T14:12:27.712,1789029747.7127,1493,1796,23.03,2626,33.67
2026-09-10T14:12:27.728,1789029747.7287,1494,693,8.88,2626,33.67
2026-09-10T14:12:27.728,1789029747.7287,1495,-1118,-14.33,2914,37.36
2026-09-10T14:12:27.728,1789029747.7287,1496,-1470,-18.85,3266,41.87
2026-09-10T14:12:27.728,1789029747.7287,1497,1768,22.67,3238,41.51
2026-09-10T14:12:27.744,1789029747.7444,1498,517,6.63,3238,41.51
2026-09-10T14:12:27.744,1789029747.7444,1499,-1373,-17.6,3238,41.51
2026-09-10T14:12:27.744,1789029747.7444,1500,-1332,-17.08,3141,40.27
2026-09-10T14:12:27.744,1789029747.7444,1501,1716,22.0,3089,39.6
2026-09-10T14:12:27.761,1789029747.7613,1502,357,4.58,3089,39.6
2026-09-10T14:12:27.762,1789029747.7623,1503,-1552,-19.9,3268,41.9
2026-09-10T14:12:27.767,1789029747.7675,1504,-1198,-15.36,3268,41.9
2026-09-10T14:12:27.776,1789029747.7766,1505,591,7.58,2143,27.47
2026-09-10T14:12:27.776,1789029747.7766,1506,210,2.69,2143,27.47
2026-09-10T14:12:27.791,1789029747.7919,1507,-1651,-21.17,2242,28.74
2026-09-10T14:12:27.791,1789029747.7919,1508,-1053,-13.5,2242,28.74
2026-09-10T14:12:27.791,1789029747.7919,1509,907,11.63,2558,32.79
2026-09-10T14:12:27.807,1789029747.8076,1510,66,0.85,2558,32.79
2026-09-10T14:12:27.807,1789029747.8076,1511,-1742,-22.33,2649,33.96
2026-09-10T14:12:27.823,1789029747.8232,1512,-924,-11.85,2649,33.96
2026-09-10T14:12:27.823,1789029747.8232,1513,1184,15.18,2926,37.51
2026-09-10T14:12:27.823,1789029747.8232,1514,-54,-0.69,2926,37.51
2026-09-10T14:12:27.840,1789029747.8403,1515,-1810,-23.21,2994,38.38
2026-09-10T14:12:27.840,1789029747.8403,1516,-743,-9.53,2994,38.38
2026-09-10T14:12:27.854,1789029747.8546,1517,1408,18.05,3218,41.26
2026-09-10T14:12:27.854,1789029747.8546,1518,1227,15.73,3218,41.26
2026-09-10T14:12:27.854,1789029747.8546,1519,-1813,-23.24,3221,41.29
2026-09-10T14:12:27.854,1789029747.8546,1520,-582,-7.46,3221,41.29
2026-09-10T14:12:27.854,1789029747.8546,1521,1568,20.1,3381,43.35
2026-09-10T14:12:27.854,1789029747.8546,1522,1070,13.72,3381,43.35
2026-09-10T14:12:27.870,1789029747.8707,1523,-1777,-22.78,3345,42.88
2026-09-10T14:12:27.870,1789029747.8707,1524,-414,-5.31,3345,42.88
2026-09-10T14:12:27.876,1789029747.8767,1525,1660,21.28,3437,44.06
2026-09-10T14:12:27.876,1789029747.8767,1526,933,11.96,3437,44.06
2026-09-10T14:12:27.876,1789029747.8767,1527,-666,-8.54,2326,29.82
2026-09-10T14:12:27.886,1789029747.8867,1528,-217,-2.78,2326,29.82
2026-09-10T14:12:27.892,1789029747.8920,1529,1724,22.1,2390,30.64
2026-09-10T14:12:27.892,1789029747.8920,1530,777,9.96,2390,30.64
2026-09-10T14:12:27.902,1789029747.9030,1531,-966,-12.38,2690,34.49
2026-09-10T14:12:27.902,1789029747.9030,1532,-16,-0.21,2690,34.49
2026-09-10T14:12:27.902,1789029747.9030,1533,1752,22.46,2718,34.85
2026-09-10T14:12:27.918,1789029747.9181,1534,633,8.12,2718,34.85
2026-09-10T14:12:27.918,1789029747.9181,1535,-1197,-15.35,2949,37.81
2026-09-10T14:12:27.918,1789029747.9181,1536,-1421,-18.22,3173,40.68
2026-09-10T14:12:27.933,1789029747.9337,1537,1792,22.97,3213,41.19
2026-09-10T14:12:27.933,1789029747.9337,1538,493,6.32,3213,41.19
2026-09-10T14:12:27.933,1789029747.9337,1539,-1373,-17.6,3213,41.19
2026-09-10T14:12:27.933,1789029747.9337,1540,-1275,-16.35,3165,40.58
2026-09-10T14:12:27.951,1789029747.9518,1541,1756,22.51,3129,40.12
2026-09-10T14:12:27.966,1789029747.9661,1542,341,4.37,3129,40.12
2026-09-10T14:12:27.968,1789029747.9688,1543,-1524,-19.54,3280,42.05
2026-09-10T14:12:27.976,1789029747.9769,1544,-1110,-14.23,3280,42.05
2026-09-10T14:12:27.976,1789029747.9769,1545,670,8.59,2194,28.13
2026-09-10T14:12:27.981,1789029747.9813,1546,209,2.68,2194,28.13
2026-09-10T14:12:27.981,1789029747.9813,1547,-1648,-21.13,2318,29.72
2026-09-10T14:12:27.981,1789029747.9813,1548,-961,-12.32,2318,29.72
2026-09-10T14:12:27.981,1789029747.9813,1549,1022,13.1,2670,34.23
2026-09-10T14:12:27.997,1789029747.9970,1550,92,1.18,2670,34.23
2026-09-10T14:12:27.997,1789029747.9970,1551,-1736,-22.26,2758,35.36
2026-09-10T14:12:28.012,1789029748.0121,1552,-821,-10.53,2758,35.36
2026-09-10T14:12:28.012,1789029748.0121,1553,1310,16.79,3046,39.05
2026-09-10T14:12:28.013,1789029748.0131,1554,-41,-0.53,3046,39.05
2026-09-10T14:12:28.013,1789029748.0131,1555,-1777,-22.78,3087,39.58
2026-09-10T14:12:28.013,1789029748.0131,1556,-694,-8.9,3087,39.58
2026-09-10T14:12:28.028,1789029748.0289,1557,1489,19.09,3266,41.87
2026-09-10T14:12:28.049,1789029748.0497,1558,1247,15.99,3266,41.87
2026-09-10T14:12:28.051,1789029748.0517,1559,-1769,-22.68,3258,41.77
2026-09-10T14:12:28.052,1789029748.0528,1560,-526,-6.74,3258,41.77
2026-09-10T14:12:28.060,1789029748.0603,1561,1604,20.56,3373,43.24
2026-09-10T14:12:28.060,1789029748.0603,1562,1082,13.87,3373,43.24
2026-09-10T14:12:28.076,1789029748.0769,1563,-1737,-22.27,3341,42.83
2026-09-10T14:12:28.076,1789029748.0769,1564,-358,-4.59,3341,42.83
2026-09-10T14:12:28.076,1789029748.0769,1565,1703,21.83,3440,44.1
2026-09-10T14:12:28.092,1789029748.0921,1566,921,11.81,3440,44.1
2026-09-10T14:12:28.092,1789029748.0921,1567,-727,-9.32,2430,31.15
2026-09-10T14:12:28.107,1789029748.1079,1568,-193,-2.47,2430,31.15
2026-09-10T14:12:28.107,1789029748.1079,1569,1751,22.45,2478,31.77
2026-09-10T14:12:28.107,1789029748.1079,1570,745,9.55,2478,31.77
2026-09-10T14:12:28.107,1789029748.1079,1571,-1014,-13.0,2765,35.45
2026-09-10T14:12:28.107,1789029748.1079,1572,-8,-0.1,2765,35.45
2026-09-10T14:12:28.123,1789029748.1236,1573,1748,22.41,2762,35.41
2026-09-10T14:12:28.123,1789029748.1236,1574,585,7.5,2762,35.41
2026-09-10T14:12:28.123,1789029748.1236,1575,-1265,-16.22,3013,38.63
2026-09-10T14:12:28.123,1789029748.1236,1576,-1428,-18.31,3176,40.72
2026-09-10T14:12:28.123,1789029748.1236,1577,1752,22.46,3180,40.77
2026-09-10T14:12:28.139,1789029748.1394,1578,425,5.45,3180,40.77
2026-09-10T14:12:28.139,1789029748.1394,1579,-1448,-18.56,3200,41.03
2026-09-10T14:12:28.139,1789029748.1394,1580,-1271,-16.29,3200,41.03
2026-09-10T14:12:28.155,1789029748.1551,1581,1721,22.06,3169,40.63
2026-09-10T14:12:28.155,1789029748.1551,1582,282,3.62,3169,40.63
2026-09-10T14:12:28.155,1789029748.1551,1583,-1575,-20.19,3296,42.26
2026-09-10T14:12:28.170,1789029748.1708,1584,-1105,-14.17,3296,42.26
2026-09-10T14:12:28.170,1789029748.1708,1585,739,9.47,2314,29.67
2026-09-10T14:12:28.176,1789029748.1768,1586,178,2.28,2314,29.67
2026-09-10T14:12:28.176,1789029748.1768,1587,-1671,-21.42,2410,30.9
2026-09-10T14:12:28.186,1789029748.1868,1588,-932,-11.95,2410,30.9
2026-09-10T14:12:28.186,1789029748.1868,1589,1095,14.04,2766,35.46
2026-09-10T14:12:28.186,1789029748.1868,1590,61,0.78,2766,35.46
2026-09-10T14:12:28.202,1789029748.2026,1591,-1731,-22.19,2826,36.23
2026-09-10T14:12:28.218,1789029748.2183,1592,-780,-10.0,2826,36.23
2026-09-10T14:12:28.218,1789029748.2183,1593,1359,17.42,3090,39.62
2026-09-10T14:12:28.218,1789029748.2183,1594,-72,-0.92,3090,39.62
2026-09-10T14:12:28.218,1789029748.2183,1595,-1744,-22.36,3103,39.78
2026-09-10T14:12:28.234,1789029748.2340,1596,-617,-7.91,3103,39.78
2026-09-10T14:12:28.234,1789029748.2340,1597,1541,19.76,3285,42.12
2026-09-10T14:12:28.234,1789029748.2340,1598,1231,15.78,3285,42.12
2026-09-10T14:12:28.234,1789029748.2340,1599,-1724,-22.1,3265,41.86
2026-09-10T14:12:28.250,1789029748.2500,1600,-462,-5.92,3265,41.86
2026-09-10T14:12:28.250,1789029748.2500,1601,1636,20.97,3360,43.08
2026-09-10T14:12:28.250,1789029748.2500,1602,1054,13.51,3360,43.08
2026-09-10T14:12:28.250,1789029748.2500,1603,-1689,-21.65,3325,42.63
2026-09-10T14:12:28.265,1789029748.2658,1604,-294,-3.77,3325,42.63
2026-09-10T14:12:28.265,1789029748.2658,1605,1695,21.73,3384,43.38
2026-09-10T14:12:28.265,1789029748.2658,1606,901,11.55,3384,43.38
2026-09-10T14:12:28.276,1789029748.2769,1607,-755,-9.68,2450,31.41
2026-09-10T14:12:28.297,1789029748.2974,1608,-126,-1.62,2450,31.41
2026-09-10T14:12:28.297,1789029748.2974,1609,1759,22.55,2514,32.23
2026-09-10T14:12:28.308,1789029748.3085,1610,728,9.33,2514,32.23
2026-09-10T14:12:28.313,1789029748.3131,1611,-1051,-13.47,2810,36.03
2026-09-10T14:12:28.313,1789029748.3131,1612,43,0.55,2810,36.03
2026-09-10T14:12:28.329,1789029748.3291,1613,1803,23.12,2854,36.59
2026-09-10T14:12:28.329,1789029748.3291,1614,616,7.9,2854,36.59
2026-09-10T14:12:28.329,1789029748.3291,1615,-1406,-18.03,3209,41.14
2026-09-10T14:12:28.344,1789029748.3448,1616,-2013,-25.81,3816,48.92
2026-09-10T14:12:28.344,1789029748.3448,1617,2175,27.88,4188,53.69
2026-09-10T14:12:28.362,1789029748.3621,1618,439,5.63,4188,53.69
2026-09-10T14:12:28.368,1789029748.3686,1619,-2195,-28.14,4370,56.03
2026-09-10T14:12:28.372,1789029748.3724,1620,-2039,-26.14,4370,56.03
2026-09-10T14:12:28.376,1789029748.3768,1621,2240,28.72,4435,56.86
2026-09-10T14:12:28.376,1789029748.3768,1622,271,3.47,4435,56.86
2026-09-10T14:12:28.382,1789029748.3823,1623,-2462,-31.56,4702,60.28
2026-09-10T14:12:28.382,1789029748.3823,1624,-1920,-24.62,4702,60.28
2026-09-10T14:12:28.382,1789029748.3823,1625,787,10.09,3249,41.65
2026-09-10T14:12:28.382,1789029748.3823,1626,140,1.79,3249,41.65
2026-09-10T14:12:28.392,1789029748.3926,1627,-2577,-33.04,3364,43.13
2026-09-10T14:12:28.393,1789029748.3932,1628,-1627,-20.86,3364,43.13
2026-09-10T14:12:28.393,1789029748.3932,1629,1355,17.37,3932,50.41
2026-09-10T14:12:28.393,1789029748.3932,1630,30,0.38,3932,50.41
2026-09-10T14:12:28.408,1789029748.4083,1631,-2570,-32.95,3925,50.32
2026-09-10T14:12:28.408,1789029748.4083,1632,-1328,-17.03,3925,50.32
2026-09-10T14:12:28.408,1789029748.4083,1633,1789,22.94,4359,55.88
2026-09-10T14:12:28.408,1789029748.4083,1634,1930,24.74,4500,57.69
2026-09-10T14:12:28.424,1789029748.4241,1635,-2541,-32.58,4471,57.32
2026-09-10T14:12:28.424,1789029748.4241,1636,-1035,-13.27,4471,57.32
2026-09-10T14:12:28.424,1789029748.4241,1637,2037,26.12,4578,58.69
2026-09-10T14:12:28.439,1789029748.4397,1638,1717,22.01,4578,58.69
2026-09-10T14:12:28.439,1789029748.4397,1639,-2496,-32.0,4533,58.12
2026-09-10T14:12:28.439,1789029748.4397,1640,-771,-9.88,4533,58.12
2026-09-10T14:12:28.439,1789029748.4397,1641,2196,28.15,4692,60.15
2026-09-10T14:12:28.455,1789029748.4555,1642,1476,18.92,4692,60.15
2026-09-10T14:12:28.455,1789029748.4555,1643,-2387,-30.6,4583,58.76
2026-09-10T14:12:28.471,1789029748.4711,1644,-546,-7.0,4583,58.76
2026-09-10T14:12:28.476,1789029748.4769,1645,2236,28.67,4623,59.27
2026-09-10T14:12:28.476,1789029748.4769,1646,1152,14.77,4623,59.27
2026-09-10T14:12:28.487,1789029748.4872,1647,-1137,-14.58,3373,43.24
2026-09-10T14:12:28.487,1789029748.4872,1648,-360,-4.62,3373,43.24
2026-09-10T14:12:28.487,1789029748.4872,1649,2138,27.41,3275,41.99
2026-09-10T14:12:28.487,1789029748.4872,1650,829,10.63,3275,41.99
2026-09-10T14:12:28.502,1789029748.5029,1651,-1498,-19.21,3636,46.62
2026-09-10T14:12:28.502,1789029748.5029,1652,-92,-1.18,3636,46.62
2026-09-10T14:12:28.502,1789029748.5029,1653,1992,25.54,3490,44.74
2026-09-10T14:12:28.518,1789029748.5187,1654,537,6.88,3490,44.74
2026-09-10T14:12:28.518,1789029748.5187,1655,-1689,-21.65,3681,47.19
2026-09-10T14:12:28.518,1789029748.5187,1656,-1731,-22.19,3723,47.73
2026-09-10T14:12:28.518,1789029748.5187,1657,1771,22.71,3502,44.9
2026-09-10T14:12:28.534,1789029748.5344,1658,312,4.0,3502,44.9
2026-09-10T14:12:28.534,1789029748.5344,1659,-1689,-21.65,3502,44.9
2026-09-10T14:12:28.534,1789029748.5344,1660,-1366,-17.51,3460,44.36
2026-09-10T14:12:28.569,1789029748.5695,1661,1653,21.19,3342,42.85
2026-09-10T14:12:28.569,1789029748.5695,1662,147,1.88,3342,42.85
2026-09-10T14:12:28.576,1789029748.5770,1663,-1758,-22.54,3411,43.73
2026-09-10T14:12:28.581,1789029748.5819,1664,-1171,-15.01,3411,43.73
2026-09-10T14:12:28.581,1789029748.5819,1665,790,10.13,2548,32.67
2026-09-10T14:12:28.581,1789029748.5819,1666,21,0.27,2548,32.67
2026-09-10T14:12:28.597,1789029748.5977,1667,-1836,-23.54,2626,33.67
2026-09-10T14:12:28.597,1789029748.5977,1668,-1000,-12.82,2626,33.67
2026-09-10T14:12:28.597,1789029748.5977,1669,1128,14.46,2964,38.0
2026-09-10T14:12:28.613,1789029748.6133,1670,-114,-1.46,2964,38.0
2026-09-10T14:12:28.613,1789029748.6133,1671,-1866,-23.92,2994,38.38
2026-09-10T14:12:28.629,1789029748.6290,1672,-838,-10.74,2994,38.38
2026-09-10T14:12:28.629,1789029748.6290,1673,1325,16.99,3191,40.91
2026-09-10T14:12:28.629,1789029748.6290,1674,1256,16.1,3191,40.91
2026-09-10T14:12:28.629,1789029748.6290,1675,-1832,-23.49,3157,40.47
2026-09-10T14:12:28.629,1789029748.6290,1676,-649,-8.32,3157,40.47
2026-09-10T14:12:28.644,1789029748.6447,1677,1509,19.35,3341,42.83
2026-09-10T14:12:28.644,1789029748.6447,1678,1083,13.88,3341,42.83
2026-09-10T14:12:28.644,1789029748.6447,1679,-1827,-23.42,3336,42.77
2026-09-10T14:12:28.644,1789029748.6447,1680,-488,-6.26,3336,42.77
2026-09-10T14:12:28.660,1789029748.6605,1681,1598,20.49,3425,43.91
2026-09-10T14:12:28.660,1789029748.6605,1682,900,11.54,3425,43.91
2026-09-10T14:12:28.660,1789029748.6605,1683,-1761,-22.58,3359,43.06
2026-09-10T14:12:28.660,1789029748.6605,1684,-314,-4.03,3359,43.06
2026-09-10T14:12:28.677,1789029748.6772,1685,1667,21.37,3428,43.95
2026-09-10T14:12:28.677,1789029748.6772,1686,728,9.33,3428,43.95
2026-09-10T14:12:28.677,1789029748.6772,1687,-982,-12.59,2649,33.96
2026-09-10T14:12:28.691,1789029748.6918,1688,-144,-1.85,2649,33.96
2026-09-10T14:12:28.691,1789029748.6918,1689,1689,21.65,2671,34.24
2026-09-10T14:12:28.691,1789029748.6918,1690,586,7.51,2671,34.24
2026-09-10T14:12:28.707,1789029748.7075,1691,-1260,-16.15,2949,37.81
2026-09-10T14:12:28.707,1789029748.7075,1692,75,0.96,2949,37.81
2026-09-10T14:12:28.707,1789029748.7075,1693,1714,21.97,2974,38.13
2026-09-10T14:12:28.707,1789029748.7075,1694,436,5.59,2974,38.13
2026-09-10T14:12:28.723,1789029748.7233,1695,-1454,-18.64,3168,40.62
2026-09-10T14:12:28.723,1789029748.7233,1696,-1408,-18.05,3168,40.62
2026-09-10T14:12:28.739,1789029748.7391,1697,1688,21.64,3142,40.28
2026-09-10T14:12:28.739,1789029748.7391,1698,305,3.91,3142,40.28
2026-09-10T14:12:28.739,1789029748.7391,1699,-1596,-20.46,3284,42.1
2026-09-10T14:12:28.739,1789029748.7391,1700,-1206,-15.46,3284,42.1
2026-09-10T14:12:28.761,1789029748.7611,1701,1657,21.24,3253,41.71
2026-09-10T14:12:28.764,1789029748.7643,1702,178,2.28,3253,41.71
2026-09-10T14:12:28.766,1789029748.7666,1703,-1702,-21.82,3359,43.06
2026-09-10T14:12:28.770,1789029748.7704,1704,-1044,-13.38,3359,43.06
2026-09-10T14:12:28.777,1789029748.7771,1705,920,11.79,2622,33.62
2026-09-10T14:12:28.777,1789029748.7771,1706,59,0.76,2622,33.62
2026-09-10T14:12:28.777,1789029748.7771,1707,-1742,-22.33,2662,34.13
2026-09-10T14:12:28.777,1789029748.7771,1708,-899,-11.53,2662,34.13
2026-09-10T14:12:28.786,1789029748.7865,1709,1245,15.96,2987,38.29
2026-09-10T14:12:28.786,1789029748.7865,1710,-38,-0.49,2987,38.29
2026-09-10T14:12:28.810,1789029748.8103,1711,-1782,-22.85,3027,38.81
2026-09-10T14:12:28.817,1789029748.8179,1712,-707,-9.06,3027,38.81
2026-09-10T14:12:28.817,1789029748.8179,1713,1468,18.82,3250,41.67
2026-09-10T14:12:28.817,1789029748.8179,1714,1274,16.33,3250,41.67
2026-09-10T14:12:28.817,1789029748.8179,1715,-1778,-22.79,3246,41.62
2026-09-10T14:12:28.833,1789029748.8336,1716,-543,-6.96,3246,41.62
2026-09-10T14:12:28.833,1789029748.8336,1717,1611,20.65,3389,43.45
2026-09-10T14:12:28.850,1789029748.8502,1718,1105,14.17,3389,43.45
2026-09-10T14:12:28.850,1789029748.8507,1719,-1730,-22.18,3341,42.83
2026-09-10T14:12:28.850,1789029748.8507,1720,-399,-5.12,3341,42.83
2026-09-10T14:12:28.877,1789029748.8771,1721,1719,22.04,3449,44.22
2026-09-10T14:12:28.880,1789029748.8808,1722,944,12.1,3449,44.22
2026-09-10T14:12:28.880,1789029748.8808,1723,-1669,-21.4,3388,43.44
2026-09-10T14:12:28.880,1789029748.8808,1724,-199,-2.55,3388,43.44
2026-09-10T14:12:28.892,1789029748.8922,1725,1730,22.18,3399,43.58
2026-09-10T14:12:28.892,1789029748.8922,1726,771,9.88,3399,43.58
2026-09-10T14:12:28.897,1789029748.8971,1727,-956,-12.26,2686,34.44
2026-09-10T14:12:28.897,1789029748.8971,1728,-22,-0.28,2686,34.44
2026-09-10T14:12:28.897,1789029748.8971,1729,1766,22.64,2722,34.9
2026-09-10T14:12:28.897,1789029748.8971,1730,635,8.14,2722,34.9
2026-09-10T14:12:28.897,1789029748.8971,1731,-1235,-15.83,3001,38.47
2026-09-10T14:12:28.912,1789029748.9122,1732,175,2.24,3001,38.47
2026-09-10T14:12:28.912,1789029748.9122,1733,1767,22.65,3002,38.49
2026-09-10T14:12:28.912,1789029748.9122,1734,468,6.0,3002,38.49
2026-09-10T14:12:28.912,1789029748.9122,1735,-1434,-18.38,3201,41.04
2026-09-10T14:12:28.927,1789029748.9280,1736,-1276,-16.36,3201,41.04
2026-09-10T14:12:28.927,1789029748.9280,1737,1735,22.24,3169,40.63
2026-09-10T14:12:28.927,1789029748.9280,1738,312,4.0,3169,40.63
2026-09-10T14:12:28.944,1789029748.9440,1739,-1581,-20.27,3316,42.51
2026-09-10T14:12:28.944,1789029748.9440,1740,-1123,-14.4,3316,42.51
2026-09-10T14:12:28.959,1789029748.9597,1741,1667,21.37,3248,41.64
2026-09-10T14:12:28.959,1789029748.9597,1742,180,2.31,3248,41.64
2026-09-10T14:12:28.959,1789029748.9597,1743,-1680,-21.54,3347,42.91
2026-09-10T14:12:28.959,1789029748.9597,1744,-978,-12.54,3347,42.91
2026-09-10T14:12:28.975,1789029748.9757,1745,1014,13.0,2694,34.54
2026-09-10T14:12:28.977,1789029748.9772,1746,68,0.87,2694,34.54
2026-09-10T14:12:28.977,1789029748.9772,1747,-1752,-22.46,2766,35.46
2026-09-10T14:12:28.991,1789029748.9914,1748,-801,-10.27,2766,35.46
2026-09-10T14:12:28.991,1789029748.9914,1749,1306,16.74,3058,39.21
2026-09-10T14:12:28.991,1789029748.9914,1750,-45,-0.58,3058,39.21
2026-09-10T14:12:29.007,1789029749.0072,1751,-1749,-22.42,3055,39.17
2026-09-10T14:12:29.007,1789029749.0072,1752,-670,-8.59,3055,39.17
2026-09-10T14:12:29.007,1789029749.0072,1753,1513,19.4,3262,41.82
2026-09-10T14:12:29.022,1789029749.0229,1754,1219,15.63,3262,41.82
2026-09-10T14:12:29.022,1789029749.0229,1755,-1773,-22.73,3286,42.13
2026-09-10T14:12:29.022,1789029749.0229,1756,-518,-6.64,3286,42.13
2026-09-10T14:12:29.022,1789029749.0229,1757,1608,20.62,3381,43.35
2026-09-10T14:12:29.022,1789029749.0229,1758,1050,13.46,3381,43.35
2026-09-10T14:12:29.038,1789029749.0387,1759,-1749,-22.42,3357,43.04
2026-09-10T14:12:29.038,1789029749.0387,1760,-358,-4.59,3357,43.04
2026-09-10T14:12:29.038,1789029749.0387,1761,1688,21.64,3437,44.06
2026-09-10T14:12:29.054,1789029749.0547,1762,873,11.19,3437,44.06
2026-09-10T14:12:29.070,1789029749.0705,1763,-1675,-21.47,3363,43.12
2026-09-10T14:12:29.077,1789029749.0773,1764,-177,-2.27,3363,43.12
2026-09-10T14:12:29.077,1789029749.0773,1765,1732,22.21,3407,43.68
2026-09-10T14:12:29.086,1789029749.0862,1766,721,9.24,3407,43.68
2026-09-10T14:12:29.086,1789029749.0862,1767,-1070,-13.72,2802,35.92
2026-09-10T14:12:29.086,1789029749.0862,1768,9,0.12,2802,35.92
2026-09-10T14:12:29.102,1789029749.1020,1769,1753,22.47,2823,36.19
2026-09-10T14:12:29.102,1789029749.1020,1770,570,7.31,2823,36.19
2026-09-10T14:12:29.119,1789029749.1196,1771,-1301,-16.68,3054,39.15
2026-09-10T14:12:29.119,1789029749.1196,1772,210,2.69,3054,39.15
2026-09-10T14:12:29.119,1789029749.1196,1773,1737,22.27,3038,38.95
2026-09-10T14:12:29.133,1789029749.1338,1774,411,5.27,3038,38.95
2026-09-10T14:12:29.133,1789029749.1338,1775,-1483,-19.01,3220,41.28
2026-09-10T14:12:29.133,1789029749.1338,1776,-1281,-16.42,3220,41.28
2026-09-10T14:12:29.138,1789029749.1390,1777,1702,21.82,3185,40.83
2026-09-10T14:12:29.140,1789029749.1410,1778,251,3.22,3185,40.83
2026-09-10T14:12:29.140,1789029749.1410,1779,-1634,-20.95,3336,42.77
2026-09-10T14:12:29.140,1789029749.1410,1780,-1143,-14.65,3336,42.77
2026-09-10T14:12:29.159,1789029749.1597,1781,1634,20.95,3268,41.9
2026-09-10T14:12:29.161,1789029749.1619,1782,156,2.0,3268,41.9
2026-09-10T14:12:29.161,1789029749.1619,1783,-1697,-21.76,3331,42.71
2026-09-10T14:12:29.165,1789029749.1652,1784,-946,-12.13,3331,42.71
2026-09-10T14:12:29.165,1789029749.1652,1785,1090,13.97,2787,35.73
2026-09-10T14:12:29.177,1789029749.1774,1786,23,0.29,2787,35.73
2026-09-10T14:12:29.180,1789029749.1809,1787,-1761,-22.58,2851,36.55
2026-09-10T14:12:29.180,1789029749.1809,1788,-786,-10.08,2851,36.55
2026-09-10T14:12:29.180,1789029749.1809,1789,1357,17.4,3118,39.97
2026-09-10T14:12:29.196,1789029749.1965,1790,-101,-1.29,3118,39.97
2026-09-10T14:12:29.196,1789029749.1965,1791,-1773,-22.73,3130,40.13
2026-09-10T14:12:29.212,1789029749.2122,1792,-610,-7.82,3130,40.13
2026-09-10T14:12:29.212,1789029749.2122,1793,1528,19.59,3301,42.32
2026-09-10T14:12:29.212,1789029749.2122,1794,1186,15.21,3301,42.32
2026-09-10T14:12:29.227,1789029749.2279,1795,-1753,-22.47,3281,42.06
2026-09-10T14:12:29.227,1789029749.2279,1796,-462,-5.92,3281,42.06
2026-09-10T14:12:29.227,1789029749.2279,1797,1655,21.22,3408,43.69
2026-09-10T14:12:29.227,1789029749.2279,1798,1049,13.45,3408,43.69
2026-09-10T14:12:29.243,1789029749.2436,1799,-1713,-21.96,3368,43.18
2026-09-10T14:12:29.243,1789029749.2436,1800,-298,-3.82,3368,43.18
2026-09-10T14:12:29.259,1789029749.2593,1801,1719,22.04,3432,44.0
2026-09-10T14:12:29.259,1789029749.2593,1802,880,11.28,3432,44.0
2026-09-10T14:12:29.259,1789029749.2593,1803,-1632,-20.92,3351,42.96
2026-09-10T14:12:29.259,1789029749.2593,1804,-122,-1.56,3351,42.96
2026-09-10T14:12:29.274,1789029749.2750,1805,1755,22.5,3387,43.42
2026-09-10T14:12:29.274,1789029749.2750,1806,708,9.08,3387,43.42
2026-09-10T14:12:29.277,1789029749.2776,1807,-1095,-14.04,2850,36.54
2026-09-10T14:12:29.277,1789029749.2776,1808,63,0.81,2850,36.54
2026-09-10T14:12:29.290,1789029749.2906,1809,1779,22.81,2874,36.85
2026-09-10T14:12:29.290,1789029749.2906,1810,556,7.13,2874,36.85
2026-09-10T14:12:29.306,1789029749.3063,1811,-1334,-17.1,3113,39.91
2026-09-10T14:12:29.322,1789029749.3223,1812,260,3.33,3113,39.91
2026-09-10T14:12:29.322,1789029749.3223,1813,1739,22.29,3073,39.4
2026-09-10T14:12:29.322,1789029749.3223,1814,377,4.83,3073,39.4
2026-09-10T14:12:29.338,1789029749.3381,1815,-1521,-19.5,3260,41.79
2026-09-10T14:12:29.338,1789029749.3381,1816,-1227,-15.73,3260,41.79
2026-09-10T14:12:29.338,1789029749.3381,1817,1696,21.74,3217,41.24
2026-09-10T14:12:29.353,1789029749.3540,1818,245,3.14,3217,41.24
2026-09-10T14:12:29.369,1789029749.3697,1819,-1640,-21.03,3336,42.77
2026-09-10T14:12:29.369,1789029749.3697,1820,-1085,-13.91,3336,42.77
2026-09-10T14:12:29.385,1789029749.3855,1821,1620,20.77,3260,41.79
2026-09-10T14:12:29.386,1789029749.3860,1822,129,1.65,3260,41.79
2026-09-10T14:12:29.386,1789029749.3860,1823,-1719,-22.04,3339,42.81
2026-09-10T14:12:29.386,1789029749.3860,1824,-924,-11.85,3339,42.81
2026-09-10T14:12:29.386,1789029749.3860,1825,1131,14.5,2850,36.54
2026-09-10T14:12:29.386,1789029749.3860,1826,-11,-0.14,2850,36.54
2026-09-10T14:12:29.386,1789029749.3860,1827,-1735,-22.24,2866,36.74
2026-09-10T14:12:29.401,1789029749.4011,1828,-728,-9.33,2866,36.74
2026-09-10T14:12:29.401,1789029749.4011,1829,1411,18.09,3146,40.33
2026-09-10T14:12:29.401,1789029749.4011,1830,-120,-1.54,3146,40.33
2026-09-10T14:12:29.401,1789029749.4011,1831,-1772,-22.72,3183,40.81
2026-09-10T14:12:29.416,1789029749.4169,1832,-589,-7.55,3183,40.81
2026-09-10T14:12:29.416,1789029749.4169,1833,1578,20.23,3350,42.95
2026-09-10T14:12:29.416,1789029749.4169,1834,1139,14.6,3350,42.95
2026-09-10T14:12:29.416,1789029749.4169,1835,-1744,-22.36,3322,42.59
2026-09-10T14:12:29.432,1789029749.4326,1836,-417,-5.35,3322,42.59
2026-09-10T14:12:29.432,1789029749.4326,1837,1673,21.45,3417,43.81
2026-09-10T14:12:29.432,1789029749.4326,1838,970,12.44,3417,43.81
2026-09-10T14:12:29.448,1789029749.4484,1839,-1679,-21.53,3352,42.97
2026-09-10T14:12:29.448,1789029749.4484,1840,-265,-3.4,3352,42.97
2026-09-10T14:12:29.448,1789029749.4484,1841,1732,22.21,3411,43.73
2026-09-10T14:12:29.464,1789029749.4641,1842,841,10.78,3411,43.73
2026-09-10T14:12:29.464,1789029749.4641,1843,-878,-11.26,2610,33.46
2026-09-10T14:12:29.464,1789029749.4641,1844,-68,-0.87,2610,33.46
2026-09-10T14:12:29.464,1789029749.4641,1845,1788,22.92,2666,34.18
2026-09-10T14:12:29.479,1789029749.4799,1846,693,8.88,2666,34.18
2026-09-10T14:12:29.479,1789029749.4799,1847,-1154,-14.79,2942,37.72
2026-09-10T14:12:29.479,1789029749.4799,1848,121,1.55,2942,37.72
2026-09-10T14:12:29.496,1789029749.4963,1849,1776,22.77,2930,37.56
2026-09-10T14:12:29.496,1789029749.4963,1850,513,6.58,2930,37.56
2026-09-10T14:12:29.496,1789029749.4963,1851,-1369,-17.55,3145,40.32
2026-09-10T14:12:29.511,1789029749.5114,1852,342,4.38,3145,40.32
2026-09-10T14:12:29.511,1789029749.5114,1853,1764,22.62,3133,40.17
2026-09-10T14:12:29.524,1789029749.5241,1854,373,4.78,3133,40.17
2026-09-10T14:12:29.528,1789029749.5281,1855,-1532,-19.64,3296,42.26
2026-09-10T14:12:29.531,1789029749.5314,1856,-1190,-15.26,3296,42.26
2026-09-10T14:12:29.535,1789029749.5355,1857,1704,21.85,3236,41.49
2026-09-10T14:12:29.539,1789029749.5395,1858,210,2.69,3236,41.49
2026-09-10T14:12:29.539,1789029749.5395,1859,-1639,-21.01,3343,42.86
2026-09-10T14:12:29.539,1789029749.5395,1860,-1033,-13.24,3343,42.86
2026-09-10T14:12:29.556,1789029749.5566,1861,1600,20.51,3239,41.53
2026-09-10T14:12:29.557,1789029749.5572,1862,89,1.14,3239,41.53
2026-09-10T14:12:29.563,1789029749.5637,1863,-1719,-22.04,3319,42.55
2026-09-10T14:12:29.567,1789029749.5680,1864,-868,-11.13,3319,42.55
2026-09-10T14:12:29.577,1789029749.5779,1865,1219,15.63,2938,37.67
2026-09-10T14:12:29.586,1789029749.5868,1866,-23,-0.29,2938,37.67
2026-09-10T14:12:29.587,1789029749.5874,1867,-1767,-22.65,2986,38.28
2026-09-10T14:12:29.587,1789029749.5874,1868,-692,-8.87,2986,38.28
2026-09-10T14:12:29.587,1789029749.5874,1869,1450,18.59,3217,41.24
2026-09-10T14:12:29.602,1789029749.6026,1870,-172,-2.21,3217,41.24
2026-09-10T14:12:29.602,1789029749.6026,1871,-1756,-22.51,3206,41.1
2026-09-10T14:12:29.618,1789029749.6184,1872,-529,-6.78,3206,41.1
2026-09-10T14:12:29.628,1789029749.6280,1873,1625,20.83,3381,43.35
2026-09-10T14:12:29.642,1789029749.6429,1874,1119,14.35,3381,43.35
2026-09-10T14:12:29.642,1789029749.6429,1875,-1720,-22.05,3345,42.88
2026-09-10T14:12:29.654,1789029749.6549,1876,-385,-4.94,3345,42.88
2026-09-10T14:12:29.654,1789029749.6549,1877,1696,21.74,3416,43.79
2026-09-10T14:12:29.665,1789029749.6653,1878,970,12.44,3416,43.79
2026-09-10T14:12:29.668,1789029749.6687,1879,-1671,-21.42,3367,43.17
2026-09-10T14:12:29.668,1789029749.6687,1880,-209,-2.68,3367,43.17
2026-09-10T14:12:29.668,1789029749.6687,1881,1736,22.26,3407,43.68
2026-09-10T14:12:29.678,1789029749.6781,1882,817,10.47,3407,43.68
2026-09-10T14:12:29.680,1789029749.6810,1883,-918,-11.77,2654,34.03
2026-09-10T14:12:29.680,1789029749.6810,1884,-20,-0.26,2654,34.03
2026-09-10T14:12:29.680,1789029749.6810,1885,1752,22.46,2670,34.23
2026-09-10T14:12:29.680,1789029749.6810,1886,657,8.42,2670,34.23
2026-09-10T14:12:29.680,1789029749.6810,1887,-1218,-15.62,2970,38.08
2026-09-10T14:12:29.680,1789029749.6810,1888,169,2.17,2970,38.08
2026-09-10T14:12:29.680,1789029749.6810,1889,1792,22.97,3010,38.59
2026-09-10T14:12:29.680,1789029749.6810,1890,501,6.42,3010,38.59
2026-09-10T14:12:29.696,1789029749.6969,1891,-1401,-17.96,3193,40.94
2026-09-10T14:12:29.712,1789029749.7126,1892,418,5.36,3193,40.94
2026-09-10T14:12:29.712,1789029749.7126,1893,1756,22.51,3157,40.47
2026-09-10T14:12:29.712,1789029749.7126,1894,365,4.68,3157,40.47
2026-09-10T14:12:29.712,1789029749.7126,1895,-1560,-20.0,3316,42.51
2026-09-10T14:12:29.712,1789029749.7126,1896,-1134,-14.54,3316,42.51
2026-09-10T14:12:29.728,1789029749.7282,1897,1712,21.95,3272,41.95
2026-09-10T14:12:29.728,1789029749.7282,1898,197,2.53,3272,41.95
2026-09-10T14:12:29.743,1789029749.7440,1899,-1680,-21.54,3392,43.49
2026-09-10T14:12:29.743,1789029749.7440,1900,-973,-12.47,3392,43.49
2026-09-10T14:12:29.743,1789029749.7440,1901,1599,20.5,3279,42.04
2026-09-10T14:12:29.759,1789029749.7598,1902,88,1.13,3279,42.04
2026-09-10T14:12:29.759,1789029749.7598,1903,-1740,-22.31,3339,42.81
2026-09-10T14:12:29.759,1789029749.7598,1904,-821,-10.53,3339,42.81
2026-09-10T14:12:29.775,1789029749.7755,1905,1298,16.64,3038,38.95
2026-09-10T14:12:29.777,1789029749.7780,1906,-21,-0.27,3038,38.95
2026-09-10T14:12:29.777,1789029749.7780,1907,-1761,-22.58,3059,39.22
2026-09-10T14:12:29.777,1789029749.7780,1908,-654,-8.38,3059,39.22
2026-09-10T14:12:29.777,1789029749.7780,1909,1517,19.45,3278,42.03
2026-09-10T14:12:29.791,1789029749.7912,1910,-174,-2.23,3278,42.03
2026-09-10T14:12:29.806,1789029749.8068,1911,-1797,-23.04,3314,42.49
2026-09-10T14:12:29.806,1789029749.8068,1912,-1030,-13.21,3314,42.49
2026-09-10T14:12:29.822,1789029749.8226,1913,2122,27.21,3919,50.24
2026-09-10T14:12:29.822,1789029749.8226,1914,1709,21.91,3919,50.24
2026-09-10T14:12:29.822,1789029749.8226,1915,-3434,-44.03,5556,71.23
2026-09-10T14:12:29.838,1789029749.8382,1916,-1160,-14.87,5556,71.23
2026-09-10T14:12:29.841,1789029749.8417,1917,2700,34.62,6134,78.64
2026-09-10T14:12:29.841,1789029749.8417,1918,1622,20.79,6134,78.64
2026-09-10T14:12:29.855,1789029749.8551,1919,-3335,-42.76,6035,77.37
2026-09-10T14:12:29.855,1789029749.8551,1920,-770,-9.87,6035,77.37
2026-09-10T14:12:29.878,1789029749.8782,1921,3013,38.63,6348,81.38
2026-09-10T14:12:29.885,1789029749.8853,1922,1509,19.35,6348,81.38
2026-09-10T14:12:29.892,1789029749.8922,1923,-1821,-23.35,4834,61.97
2026-09-10T14:12:29.892,1789029749.8922,1924,-334,-4.28,4834,61.97
2026-09-10T14:12:29.892,1789029749.8922,1925,3240,41.54,5061,64.88
2026-09-10T14:12:29.892,1789029749.8922,1926,1311,16.81,5061,64.88
2026-09-10T14:12:29.902,1789029749.9022,1927,-2266,-29.05,5506,70.59
2026-09-10T14:12:29.904,1789029749.9042,1928,86,1.1,5506,70.59
2026-09-10T14:12:29.906,1789029749.9063,1929,3306,42.38,5572,71.44
2026-09-10T14:12:29.908,1789029749.9084,1930,1037,13.29,5572,71.44
2026-09-10T14:12:29.909,1789029749.9094,1931,-2627,-33.68,5933,76.06
2026-09-10T14:12:29.909,1789029749.9094,1932,613,7.86,5933,76.06
2026-09-10T14:12:29.916,1789029749.9169,1933,3299,42.29,5926,75.97
2026-09-10T14:12:29.916,1789029749.9169,1934,778,9.97,5926,75.97
2026-09-10T14:12:29.916,1789029749.9169,1935,-2881,-36.94,6180,79.23
2026-09-10T14:12:29.916,1789029749.9169,1936,-2322,-29.77,6180,79.23
2026-09-10T14:12:29.916,1789029749.9169,1937,3202,41.05,6083,77.99
2026-09-10T14:12:29.932,1789029749.9326,1938,510,6.54,6083,77.99
2026-09-10T14:12:29.932,1789029749.9326,1939,-3036,-38.92,6238,79.97
2026-09-10T14:12:29.953,1789029749.9532,1940,-1956,-25.08,6238,79.97
2026-09-10T14:12:29.960,1789029749.9608,1941,2972,38.1,6008,77.03
2026-09-10T14:12:29.963,1789029749.9640,1942,325,4.17,6008,77.03
2026-09-10T14:12:29.963,1789029749.9640,1943,-3077,-39.45,6049,77.55
2026-09-10T14:12:29.963,1789029749.9640,1944,-1613,-20.68,6049,77.55
2026-09-10T14:12:29.978,1789029749.9782,1945,2242,28.74,5319,68.19
2026-09-10T14:12:29.979,1789029749.9799,1946,87,1.12,5319,68.19
2026-09-10T14:12:29.979,1789029749.9799,1947,-2977,-38.17,5219,66.91
2026-09-10T14:12:29.979,1789029749.9799,1948,-1210,-15.51,5219,66.91
2026-09-10T14:12:29.995,1789029749.9956,1949,2503,32.09,5480,70.26
2026-09-10T14:12:29.995,1789029749.9956,1950,-251,-3.22,5480,70.26
2026-09-10T14:12:30.011,1789029750.0113,1951,-2774,-35.56,5277,67.65
2026-09-10T14:12:30.011,1789029750.0113,1952,-828,-10.62,5277,67.65
2026-09-10T14:12:30.011,1789029750.0113,1953,2416,30.97,5190,66.54
2026-09-10T14:12:30.027,1789029750.0271,1954,1550,19.87,5190,66.54
2026-09-10T14:12:30.027,1789029750.0271,1955,-2297,-29.45,4713,60.42
2026-09-10T14:12:30.027,1789029750.0271,1956,-680,-8.72,4713,60.42
2026-09-10T14:12:30.043,1789029750.0431,1957,1503,19.27,3847,49.32
2026-09-10T14:12:30.043,1789029750.0431,1958,585,7.5,3800,48.72
2026-09-10T14:12:30.043,1789029750.0431,1959,-2045,-26.22,3548,45.49
2026-09-10T14:12:30.043,1789029750.0431,1960,-473,-6.06,3548,45.49
2026-09-10T14:12:30.043,1789029750.0431,1961,1501,19.24,3546,45.46
2026-09-10T14:12:30.043,1789029750.0431,1962,471,6.04,3546,45.46
2026-09-10T14:12:30.058,1789029750.0589,1963,-1383,-17.73,2884,36.97
2026-09-10T14:12:30.058,1789029750.0589,1964,-174,-2.23,2884,36.97
2026-09-10T14:12:30.078,1789029750.0782,1965,1594,20.44,2977,38.17
2026-09-10T14:12:30.078,1789029750.0782,1966,360,4.62,2977,38.17
2026-09-10T14:12:30.090,1789029750.0908,1967,-1553,-19.91,3147,40.35
2026-09-10T14:12:30.090,1789029750.0908,1968,107,1.37,3147,40.35
2026-09-10T14:12:30.090,1789029750.0908,1969,1655,21.22,3208,41.13
2026-09-10T14:12:30.090,1789029750.0908,1970,264,3.38,3208,41.13
2026-09-10T14:12:30.106,1789029750.1065,1971,-1645,-21.09,3300,42.31
2026-09-10T14:12:30.122,1789029750.1222,1972,423,5.42,3300,42.31
2026-09-10T14:12:30.122,1789029750.1222,1973,1633,20.94,3278,42.03
2026-09-10T14:12:30.122,1789029750.1222,1974,143,1.83,3278,42.03
2026-09-10T14:12:30.137,1789029750.1379,1975,-1758,-22.54,3391,43.47
2026-09-10T14:12:30.137,1789029750.1379,1976,-1179,-15.12,3391,43.47
2026-09-10T14:12:30.153,1789029750.1536,1977,1587,20.35,3345,42.88
2026-09-10T14:12:30.153,1789029750.1536,1978,57,0.73,3345,42.88
2026-09-10T14:12:30.153,1789029750.1536,1979,-1804,-23.13,3391,43.47
2026-09-10T14:12:30.153,1789029750.1536,1980,-973,-12.47,3391,43.47
2026-09-10T14:12:30.169,1789029750.1695,1981,1471,18.86,3275,41.99
2026-09-10T14:12:30.169,1789029750.1695,1982,-55,-0.71,3275,41.99
2026-09-10T14:12:30.169,1789029750.1695,1983,-1807,-23.17,3278,42.03
2026-09-10T14:12:30.178,1789029750.1783,1984,-820,-10.51,3278,42.03
2026-09-10T14:12:30.178,1789029750.1783,1985,1356,17.38,3163,40.55
2026-09-10T14:12:30.178,1789029750.1783,1986,-139,-1.78,3163,40.55
2026-09-10T14:12:30.185,1789029750.1851,1987,-1818,-23.31,3174,40.69
2026-09-10T14:12:30.185,1789029750.1851,1988,-611,-7.83,3174,40.69
2026-09-10T14:12:30.185,1789029750.1851,1989,1547,19.83,3365,43.14
2026-09-10T14:12:30.195,1789029750.1956,1990,-347,-4.45,3365,43.14
2026-09-10T14:12:30.200,1789029750.2009,1991,-1782,-22.85,3329,42.68
2026-09-10T14:12:30.200,1789029750.2009,1992,-459,-5.88,3329,42.68
2026-09-10T14:12:30.200,1789029750.2009,1993,1639,21.01,3421,43.86
2026-09-10T14:12:30.216,1789029750.2166,1994,956,12.26,3421,43.86
2026-09-10T14:12:30.216,1789029750.2166,1995,-1721,-22.06,3360,43.08
2026-09-10T14:12:30.216,1789029750.2166,1996,-270,-3.46,3360,43.08
2026-09-10T14:12:30.232,1789029750.2324,1997,1743,22.35,3464,44.41
2026-09-10T14:12:30.232,1789029750.2324,1998,844,10.82,3464,44.41
2026-09-10T14:12:30.232,1789029750.2324,1999,-1624,-20.82,3367,43.17
2026-09-10T14:12:30.232,1789029750.2324,2000,-89,-1.14,3367,43.17
2026-09-10T14:12:30.248,1789029750.2481,2001,1767,22.65,3391,43.47
2026-09-10T14:12:30.248,1789029750.2481,2002,708,9.08,3391,43.47
2026-09-10T14:12:30.263,1789029750.2639,2003,-1127,-14.45,2894,37.1
2026-09-10T14:12:30.263,1789029750.2639,2004,119,1.53,2894,37.1
2026-09-10T14:12:30.279,1789029750.2799,2005,1843,23.63,2970,38.08
2026-09-10T14:12:30.279,1789029750.2799,2006,544,6.97,2970,38.08
2026-09-10T14:12:30.279,1789029750.2799,2007,-1354,-17.36,3197,40.99
2026-09-10T14:12:30.279,1789029750.2799,2008,344,4.41,3197,40.99
2026-09-10T14:12:30.295,1789029750.2956,2009,1799,23.06,3153,40.42
2026-09-10T14:12:30.295,1789029750.2956,2010,372,4.77,3153,40.42
2026-09-10T14:12:30.295,1789029750.2956,2011,-1522,-19.51,3321,42.58
2026-09-10T14:12:30.311,1789029750.3113,2012,637,8.17,3321,42.58
2026-09-10T14:12:30.311,1789029750.3113,2013,1739,22.29,3261,41.81
2026-09-10T14:12:30.311,1789029750.3113,2014,248,3.18,3261,41.81
2026-09-10T14:12:30.311,1789029750.3113,2015,-1657,-21.24,3396,43.54
2026-09-10T14:12:30.311,1789029750.3113,2016,-1039,-13.32,3396,43.54
2026-09-10T14:12:30.327,1789029750.3272,2017,1634,20.95,3291,42.19
2026-09-10T14:12:30.327,1789029750.3272,2018,135,1.73,3291,42.19
2026-09-10T14:12:30.355,1789029750.3553,2019,-1729,-22.17,3363,43.12
2026-09-10T14:12:30.358,1789029750.3585,2020,-867,-11.12,3363,43.12
2026-09-10T14:12:30.358,1789029750.3585,2021,1516,19.44,3245,41.6
2026-09-10T14:12:30.374,1789029750.3742,2022,14,0.18,3245,41.6
2026-09-10T14:12:30.382,1789029750.3823,2023,-1734,-22.23,3250,41.67
2026-09-10T14:12:30.382,1789029750.3823,2024,-679,-8.71,3250,41.67
2026-09-10T14:12:30.390,1789029750.3905,2025,1476,18.92,3210,41.15
2026-09-10T14:12:30.390,1789029750.3905,2026,-127,-1.63,3210,41.15
2026-09-10T14:12:30.405,1789029750.4057,2027,-1731,-22.19,3207,41.12
2026-09-10T14:12:30.405,1789029750.4057,2028,-520,-6.67,3207,41.12
2026-09-10T14:12:30.421,1789029750.4213,2029,1618,20.74,3349,42.94
2026-09-10T14:12:30.421,1789029750.4213,2030,-353,-4.53,3349,42.94
2026-09-10T14:12:30.421,1789029750.4213,2031,-1720,-22.05,3338,42.79
2026-09-10T14:12:30.421,1789029750.4213,2032,-357,-4.58,3338,42.79
2026-09-10T14:12:30.436,1789029750.4370,2033,1720,22.05,3440,44.1
2026-09-10T14:12:30.436,1789029750.4370,2034,1002,12.85,3440,44.1
2026-09-10T14:12:30.436,1789029750.4370,2035,-1660,-21.28,3380,43.33
2026-09-10T14:12:30.436,1789029750.4370,2036,-197,-2.53,3380,43.33
2026-09-10T14:12:30.436,1789029750.4370,2037,1771,22.71,3431,43.99
2026-09-10T14:12:30.452,1789029750.4527,2038,856,10.97,3431,43.99
2026-09-10T14:12:30.452,1789029750.4527,2039,-1547,-19.83,3318,42.54
2026-09-10T14:12:30.452,1789029750.4527,2040,-9,-0.12,3318,42.54
2026-09-10T14:12:30.468,1789029750.4685,2041,1823,23.37,3370,43.21
2026-09-10T14:12:30.468,1789029750.4685,2042,680,8.72,3370,43.21
2026-09-10T14:12:30.468,1789029750.4685,2043,-1167,-14.96,2990,38.33
2026-09-10T14:12:30.468,1789029750.4685,2044,199,2.55,2990,38.33
2026-09-10T14:12:30.478,1789029750.4784,2045,1846,23.67,3013,38.63
2026-09-10T14:12:30.488,1789029750.4889,2046,515,6.6,3013,38.63
2026-09-10T14:12:30.490,1789029750.4909,2047,-1391,-17.83,3237,41.5
2026-09-10T14:12:30.491,1789029750.4920,2048,440,5.64,3237,41.5
2026-09-10T14:12:30.491,1789029750.4920,2049,1802,23.1,3193,40.94
2026-09-10T14:12:30.491,1789029750.4920,2050,359,4.6,3193,40.94
2026-09-10T14:12:30.499,1789029750.4999,2051,-1555,-19.94,3357,43.04
2026-09-10T14:12:30.499,1789029750.4999,2052,-1124,-14.41,3357,43.04
2026-09-10T14:12:30.499,1789029750.4999,2053,1737,22.27,3292,42.21
2026-09-10T14:12:30.515,1789029750.5155,2054,238,3.05,3292,42.21
2026-09-10T14:12:30.515,1789029750.5155,2055,-1663,-21.32,3400,43.59
2026-09-10T14:12:30.515,1789029750.5155,2056,-1000,-12.82,3400,43.59
2026-09-10T14:12:30.531,1789029750.5313,2057,1620,20.77,3283,42.09
2026-09-10T14:12:30.531,1789029750.5313,2058,113,1.45,3283,42.09
2026-09-10T14:12:30.546,1789029750.5470,2059,-1695,-21.73,3315,42.5
2026-09-10T14:12:30.546,1789029750.5470,2060,-808,-10.36,3315,42.5
2026-09-10T14:12:30.546,1789029750.5470,2061,1462,18.74,3157,40.47
2026-09-10T14:12:30.562,1789029750.5626,2062,-4,-0.05,3157,40.47
2026-09-10T14:12:30.562,1789029750.5626,2063,-1748,-22.41,3210,41.15
2026-09-10T14:12:30.562,1789029750.5626,2064,-641,-8.22,3210,41.15
2026-09-10T14:12:30.562,1789029750.5626,2065,1537,19.71,3285,42.12
2026-09-10T14:12:30.578,1789029750.5788,2066,-166,-2.13,3285,42.12
2026-09-10T14:12:30.578,1789029750.5788,2067,-1733,-22.22,3270,41.92
2026-09-10T14:12:30.578,1789029750.5788,2068,-454,-5.82,3270,41.92
2026-09-10T14:12:30.578,1789029750.5788,2069,1659,21.27,3392,43.49
2026-09-10T14:12:30.594,1789029750.5942,2070,-404,-5.18,3392,43.49
2026-09-10T14:12:30.594,1789029750.5942,2071,-1682,-21.56,3341,42.83
2026-09-10T14:12:30.594,1789029750.5942,2072,-291,-3.73,3341,42.83
2026-09-10T14:12:30.609,1789029750.6100,2073,1754,22.49,3436,44.05
2026-09-10T14:12:30.625,1789029750.6258,2074,939,12.04,3436,44.05
2026-09-10T14:12:30.625,1789029750.6258,2075,-1618,-20.74,3372,43.23
2026-09-10T14:12:30.625,1789029750.6258,2076,-124,-1.59,3372,43.23
2026-09-10T14:12:30.641,1789029750.6416,2077,1805,23.14,3423,43.88
2026-09-10T14:12:30.641,1789029750.6416,2078,798,10.23,3423,43.88
2026-09-10T14:12:30.641,1789029750.6416,2079,-1509,-19.35,3314,42.49
2026-09-10T14:12:30.657,1789029750.6573,2080,56,0.72,3314,42.49
2026-09-10T14:12:30.673,1789029750.6732,2081,1820,23.33,3329,42.68
2026-09-10T14:12:30.678,1789029750.6787,2082,657,8.42,3329,42.68
2026-09-10T14:12:30.689,1789029750.6890,2083,-1245,-15.96,3065,39.29
2026-09-10T14:12:30.689,1789029750.6890,2084,273,3.5,3065,39.29
2026-09-10T14:12:30.689,1789029750.6890,2085,1844,23.64,3089,39.6
2026-09-10T14:12:30.689,1789029750.6890,2086,488,6.26,3089,39.6
2026-09-10T14:12:30.689,1789029750.6890,2087,-1425,-18.27,3269,41.91
2026-09-10T14:12:30.704,1789029750.7047,2088,517,6.63,3269,41.91
2026-09-10T14:12:30.704,1789029750.7047,2089,1795,23.01,3220,41.28
2026-09-10T14:12:30.704,1789029750.7047,2090,336,4.31,3220,41.28
2026-09-10T14:12:30.704,1789029750.7047,2091,-1569,-20.12,3364,43.13
2026-09-10T14:12:30.704,1789029750.7047,2092,-1083,-13.88,3364,43.13
2026-09-10T14:12:30.720,1789029750.7204,2093,1738,22.28,3307,42.4
2026-09-10T14:12:30.720,1789029750.7204,2094,199,2.55,3307,42.4
2026-09-10T14:12:30.720,1789029750.7204,2095,-1646,-21.1,3384,43.38
2026-09-10T14:12:30.720,1789029750.7204,2096,-900,-11.54,3384,43.38
2026-09-10T14:12:30.738,1789029750.7381,2097,1591,20.4,3237,41.5
2026-09-10T14:12:30.743,1789029750.7435,2098,81,1.04,3237,41.5
2026-09-10T14:12:30.745,1789029750.7456,2099,-1723,-22.09,3314,42.49
2026-09-10T14:12:30.747,1789029750.7478,2100,-748,-9.59,3314,42.49
2026-09-10T14:12:30.752,1789029750.7521,2101,1425,18.27,3148,40.36
2026-09-10T14:12:30.752,1789029750.7521,2102,-45,-0.58,3148,40.36
2026-09-10T14:12:30.752,1789029750.7521,2103,-1740,-22.31,3165,40.58
2026-09-10T14:12:30.767,1789029750.7678,2104,-594,-7.62,3165,40.58
2026-09-10T14:12:30.767,1789029750.7678,2105,1597,20.47,3337,42.78
2026-09-10T14:12:30.778,1789029750.7786,2106,-243,-3.12,3337,42.78
2026-09-10T14:12:30.783,1789029750.7838,2107,-1710,-21.92,3307,42.4
2026-09-10T14:12:30.783,1789029750.7838,2108,-423,-5.42,3307,42.4
2026-09-10T14:12:30.783,1789029750.7838,2109,1707,21.88,3417,43.81
2026-09-10T14:12:30.783,1789029750.7838,2110,-488,-6.26,3417,43.81
2026-09-10T14:12:30.799,1789029750.7997,2111,-1678,-21.51,3385,43.4
2026-09-10T14:12:30.815,1789029750.8155,2112,-248,-3.18,3385,43.4
2026-09-10T14:12:30.815,1789029750.8155,2113,1769,22.68,3447,44.19
2026-09-10T14:12:30.815,1789029750.8155,2114,914,11.72,3447,44.19
2026-09-10T14:12:30.815,1789029750.8155,2115,-1610,-20.64,3379,43.32
2026-09-10T14:12:30.831,1789029750.8312,2116,-88,-1.13,3379,43.32
2026-09-10T14:12:30.831,1789029750.8312,2117,1813,23.24,3423,43.88
2026-09-10T14:12:30.831,1789029750.8312,2118,725,9.29,3423,43.88
2026-09-10T14:12:30.831,1789029750.8312,2119,-1505,-19.29,3318,42.54
2026-09-10T14:12:30.846,1789029750.8469,2120,97,1.24,3318,42.54
2026-09-10T14:12:30.846,1789029750.8469,2121,1824,23.38,3329,42.68
2026-09-10T14:12:30.846,1789029750.8469,2122,581,7.45,3329,42.68
2026-09-10T14:12:30.862,1789029750.8627,2123,-1321,-16.94,3145,40.32
2026-09-10T14:12:30.864,1789029750.8641,2124,317,4.06,3145,40.32
2026-09-10T14:12:30.864,1789029750.8641,2125,1808,23.18,3129,40.12
2026-09-10T14:12:30.878,1789029750.8785,2126,433,5.55,3129,40.12
2026-09-10T14:12:30.892,1789029750.8921,2127,-1497,-19.19,3305,42.37
2026-09-10T14:12:30.894,1789029750.8947,2128,618,7.92,3305,42.37
2026-09-10T14:12:30.894,1789029750.8947,2129,1764,22.62,3261,41.81
2026-09-10T14:12:30.894,1789029750.8947,2130,281,3.6,3261,41.81
2026-09-10T14:12:30.909,1789029750.9098,2131,-1600,-20.51,3364,43.13
2026-09-10T14:12:30.925,1789029750.9257,2132,-1050,-13.46,3364,43.13
2026-09-10T14:12:30.925,1789029750.9257,2133,1686,21.62,3286,42.13
2026-09-10T14:12:30.925,1789029750.9257,2134,144,1.85,3286,42.13
2026-09-10T14:12:30.941,1789029750.9415,2135,-1693,-21.71,3379,43.32
2026-09-10T14:12:30.941,1789029750.9415,2136,-882,-11.31,3379,43.32
2026-09-10T14:12:30.957,1789029750.9572,2137,1548,19.85,3241,41.55
2026-09-10T14:12:30.957,1789029750.9572,2138,50,0.64,3241,41.55
2026-09-10T14:12:30.957,1789029750.9572,2139,-1722,-22.08,3270,41.92
2026-09-10T14:12:30.957,1789029750.9572,2140,-703,-9.01,3270,41.92
2026-09-10T14:12:30.957,1789029750.9572,2141,1402,17.97,3124,40.05
2026-09-10T14:12:30.972,1789029750.9729,2142,-76,-0.97,3124,40.05
2026-09-10T14:12:30.972,1789029750.9729,2143,-1743,-22.35,3145,40.32
2026-09-10T14:12:30.978,1789029750.9788,2144,-524,-6.72,3145,40.32
2026-09-10T14:12:30.978,1789029750.9788,2145,1650,21.15,3393,43.5
2026-09-10T14:12:30.978,1789029750.9788,2146,-294,-3.77,3393,43.5
2026-09-10T14:12:30.988,1789029750.9887,2147,-2081,-26.68,3731,47.83
2026-09-10T14:12:30.988,1789029750.9887,2148,-605,-7.76,3731,47.83
2026-09-10T14:12:30.988,1789029750.9887,2149,2222,28.49,4303,55.17
2026-09-10T14:12:30.988,1789029750.9887,2150,-808,-10.36,4303,55.17
2026-09-10T14:12:31.004,1789029751.0043,2151,-2425,-31.09,4647,59.58
2026-09-10T14:12:31.004,1789029751.0043,2152,-464,-5.95,4647,59.58
2026-09-10T14:12:31.020,1789029751.0201,2153,2442,31.31,4867,62.4
2026-09-10T14:12:31.020,1789029751.0201,2154,1281,16.42,4867,62.4
2026-09-10T14:12:31.020,1789029751.0201,2155,-2384,-30.56,4826,61.87
2026-09-10T14:12:31.020,1789029751.0201,2156,-214,-2.74,4826,61.87
2026-09-10T14:12:31.020,1789029751.0201,2157,2567,32.91,4951,63.47
2026-09-10T14:12:31.035,1789029751.0359,2158,1081,13.86,4951,63.47
2026-09-10T14:12:31.035,1789029751.0359,2159,-2241,-28.73,4808,61.64
2026-09-10T14:12:31.051,1789029751.0515,2160,92,1.18,4808,61.64
2026-09-10T14:12:31.051,1789029751.0515,2161,2675,34.29,4916,63.03
2026-09-10T14:12:31.066,1789029751.0667,2162,865,11.09,4916,63.03
2026-09-10T14:12:31.066,1789029751.0667,2163,-2003,-25.68,4678,59.97
2026-09-10T14:12:31.066,1789029751.0667,2164,421,5.4,4678,59.97
2026-09-10T14:12:31.078,1789029751.0787,2165,2636,33.79,4639,59.47
2026-09-10T14:12:31.082,1789029751.0824,2166,617,7.91,4639,59.47
2026-09-10T14:12:31.082,1789029751.0824,2167,-2273,-29.14,4909,62.94
2026-09-10T14:12:31.082,1789029751.0824,2168,871,11.17,4909,62.94
2026-09-10T14:12:31.082,1789029751.0824,2169,2600,33.33,4873,62.47
2026-09-10T14:12:31.098,1789029751.0980,2170,446,5.72,4873,62.47
2026-09-10T14:12:31.098,1789029751.0980,2171,-2420,-31.03,5020,64.36
2026-09-10T14:12:31.098,1789029751.0980,2172,-1611,-20.65,5020,64.36
2026-09-10T14:12:31.113,1789029751.1138,2173,2438,31.26,4858,62.28
2026-09-10T14:12:31.113,1789029751.1138,2174,237,3.04,4858,62.28
2026-09-10T14:12:31.113,1789029751.1138,2175,-2476,-31.74,4914,63.0
2026-09-10T14:12:31.113,1789029751.1138,2176,-1314,-16.85,4914,63.0
2026-09-10T14:12:31.130,1789029751.1306,2177,2212,28.36,4688,60.1
2026-09-10T14:12:31.136,1789029751.1366,2178,87,1.12,4688,60.1
2026-09-10T14:12:31.145,1789029751.1453,2179,-2453,-31.45,4665,59.81
2026-09-10T14:12:31.145,1789029751.1453,2180,-1011,-12.96,4665,59.81
2026-09-10T14:12:31.161,1789029751.1612,2181,1868,23.95,4321,55.4
2026-09-10T14:12:31.161,1789029751.1612,2182,-123,-1.58,4321,55.4
2026-09-10T14:12:31.173,1789029751.1736,2183,-2302,-29.51,4170,53.46
2026-09-10T14:12:31.178,1789029751.1789,2184,-701,-8.99,4170,53.46
2026-09-10T14:12:31.178,1789029751.1789,2185,2125,27.24,4427,56.76
2026-09-10T14:12:31.178,1789029751.1789,2186,-385,-4.94,4427,56.76
2026-09-10T14:12:31.192,1789029751.1927,2187,-2063,-26.45,4188,53.69
2026-09-10T14:12:31.192,1789029751.1927,2188,-403,-5.17,4188,53.69
2026-09-10T14:12:31.208,1789029751.2084,2189,2074,26.59,4137,53.04
2026-09-10T14:12:31.208,1789029751.2084,2190,-659,-8.45,4137,53.04
2026-09-10T14:12:31.224,1789029751.2242,2191,-1792,-22.97,3866,49.56
2026-09-10T14:12:31.224,1789029751.2242,2192,-161,-2.06,3866,49.56
2026-09-10T14:12:31.224,1789029751.2242,2193,1936,24.82,3728,47.79
2026-09-10T14:12:31.224,1789029751.2242,2194,872,11.18,3728,47.79
2026-09-10T14:12:31.224,1789029751.2242,2195,-1584,-20.31,3520,45.13
2026-09-10T14:12:31.224,1789029751.2242,2196,31,0.4,3520,45.13
2026-09-10T14:12:31.239,1789029751.2400,2197,1879,24.09,3463,44.4
2026-09-10T14:12:31.239,1789029751.2400,2198,675,8.65,3463,44.4
2026-09-10T14:12:31.239,1789029751.2400,2199,-1403,-17.99,3282,42.08
2026-09-10T14:12:31.239,1789029751.2400,2200,235,3.01,3282,42.08
2026-09-10T14:12:31.255,1789029751.2557,2201,1842,23.62,3245,41.6
2026-09-10T14:12:31.255,1789029751.2557,2202,527,6.76,3245,41.6
2026-09-10T14:12:31.255,1789029751.2557,2203,-1431,-18.35,3273,41.96
2026-09-10T14:12:31.271,1789029751.2714,2204,471,6.04,3273,41.96
2026-09-10T14:12:31.278,1789029751.2790,2205,1789,22.94,3220,41.28
2026-09-10T14:12:31.278,1789029751.2790,2206,366,4.69,3220,41.28
2026-09-10T14:12:31.278,1789029751.2790,2207,-1571,-20.14,3360,43.08
2026-09-10T14:12:31.287,1789029751.2871,2208,760,9.74,3360,43.08
2026-09-10T14:12:31.287,1789029751.2871,2209,1713,21.96,3284,42.1
2026-09-10T14:12:31.287,1789029751.2871,2210,198,2.54,3284,42.1
2026-09-10T14:12:31.302,1789029751.3027,2211,-1703,-21.83,3416,43.79
2026-09-10T14:12:31.302,1789029751.3027,2212,-992,-12.72,3416,43.79
2026-09-10T14:12:31.302,1789029751.3027,2213,1592,20.41,3295,42.24
2026-09-10T14:12:31.318,1789029751.3185,2214,73,0.94,3295,42.24
2026-09-10T14:12:31.318,1789029751.3185,2215,-1763,-22.6,3355,43.01
2026-09-10T14:12:31.334,1789029751.3341,2216,-828,-10.62,3355,43.01
2026-09-10T14:12:31.334,1789029751.3341,2217,1438,18.44,3201,41.04
2026-09-10T14:12:31.334,1789029751.3341,2218,-76,-0.97,3201,41.04
2026-09-10T14:12:31.334,1789029751.3341,2219,-1787,-22.91,3225,41.35
2026-09-10T14:12:31.349,1789029751.3500,2220,-668,-8.56,3225,41.35
2026-09-10T14:12:31.349,1789029751.3500,2221,1530,19.62,3317,42.53
2026-09-10T14:12:31.349,1789029751.3500,2222,-241,-3.09,3317,42.53
2026-09-10T14:12:31.365,1789029751.3656,2223,-1776,-22.77,3306,42.38
2026-09-10T14:12:31.365,1789029751.3656,2224,-485,-6.22,3306,42.38
2026-09-10T14:12:31.365,1789029751.3656,2225,1681,21.55,3457,44.32
2026-09-10T14:12:31.365,1789029751.3656,2226,-486,-6.23,3457,44.32
2026-09-10T14:12:31.378,1789029751.3789,2227,-1748,-22.41,3429,43.96
2026-09-10T14:12:31.383,1789029751.3830,2228,-309,-3.96,3429,43.96
2026-09-10T14:12:31.383,1789029751.3830,2229,1760,22.56,3508,44.97
2026-09-10T14:12:31.383,1789029751.3830,2230,-770,-9.87,3508,44.97
2026-09-10T14:12:31.413,1789029751.4132,2231,-1667,-21.37,3427,43.94
2026-09-10T14:12:31.413,1789029751.4132,2232,-141,-1.81,3427,43.94
2026-09-10T14:12:31.413,1789029751.4132,2233,1784,22.87,3451,44.24
2026-09-10T14:12:31.429,1789029751.4291,2234,741,9.5,3451,44.24
2026-09-10T14:12:31.429,1789029751.4291,2235,-1558,-19.97,3342,42.85
2026-09-10T14:12:31.429,1789029751.4291,2236,44,0.56,3342,42.85
2026-09-10T14:12:31.444,1789029751.4448,2237,1820,23.33,3378,43.31
2026-09-10T14:12:31.444,1789029751.4448,2238,605,7.76,3378,43.31
2026-09-10T14:12:31.460,1789029751.4604,2239,-1392,-17.85,3212,41.18
2026-09-10T14:12:31.460,1789029751.4604,2240,285,3.65,3212,41.18
2026-09-10T14:12:31.478,1789029751.4789,2241,1808,23.18,3200,41.03
2026-09-10T14:12:31.478,1789029751.4789,2242,477,6.12,3200,41.03
2026-09-10T14:12:31.478,1789029751.4789,2243,-1493,-19.14,3301,42.32
2026-09-10T14:12:31.492,1789029751.4921,2244,518,6.64,3301,42.32
2026-09-10T14:12:31.492,1789029751.4921,2245,1784,22.87,3277,42.01
2026-09-10T14:12:31.492,1789029751.4921,2246,301,3.86,3277,42.01
2026-09-10T14:12:31.492,1789029751.4921,2247,-1617,-20.73,3401,43.6
2026-09-10T14:12:31.492,1789029751.4921,2248,850,10.9,3401,43.6
2026-09-10T14:12:31.492,1789029751.4921,2249,1663,21.32,3280,42.05
2026-09-10T14:12:31.507,1789029751.5077,2250,168,2.15,3280,42.05
2026-09-10T14:12:31.507,1789029751.5077,2251,-1744,-22.36,3407,43.68
2026-09-10T14:12:31.507,1789029751.5077,2252,-970,-12.44,3407,43.68
2026-09-10T14:12:31.507,1789029751.5077,2253,1542,19.77,3286,42.13
2026-09-10T14:12:31.528,1789029751.5289,2254,40,0.51,3286,42.13
2026-09-10T14:12:31.534,1789029751.5349,2255,-1772,-22.72,3314,42.49
2026-09-10T14:12:31.536,1789029751.5366,2256,-781,-10.01,3314,42.49
2026-09-10T14:12:31.539,1789029751.5393,2257,1404,18.0,3176,40.72
2026-09-10T14:12:31.539,1789029751.5393,2258,-86,-1.1,3176,40.72
2026-09-10T14:12:31.539,1789029751.5393,2259,-1797,-23.04,3201,41.04
2026-09-10T14:12:31.539,1789029751.5393,2260,-614,-7.87,3201,41.04
2026-09-10T14:12:31.554,1789029751.5550,2261,1584,20.31,3381,43.35
2026-09-10T14:12:31.554,1789029751.5550,2262,-283,-3.63,3381,43.35
2026-09-10T14:12:31.554,1789029751.5550,2263,-1766,-22.64,3350,42.95
2026-09-10T14:12:31.570,1789029751.5707,2264,-439,-5.63,3350,42.95
2026-09-10T14:12:31.570,1789029751.5707,2265,1727,22.14,3493,44.78
2026-09-10T14:12:31.570,1789029751.5707,2266,-552,-7.08,3493,44.78
2026-09-10T14:12:31.578,1789029751.5789,2267,-1718,-22.03,3445,44.17
2026-09-10T14:12:31.586,1789029751.5867,2268,-275,-3.53,3445,44.17
2026-09-10T14:12:31.586,1789029751.5867,2269,1766,22.64,3484,44.67
2026-09-10T14:12:31.602,1789029751.6025,2270,-836,-10.72,3484,44.67
2026-09-10T14:12:31.602,1789029751.6025,2271,-1649,-21.14,3415,43.78
2026-09-10T14:12:31.618,1789029751.6186,2272,-86,-1.1,3415,43.78
2026-09-10T14:12:31.618,1789029751.6186,2273,1810,23.21,3459,44.35
2026-09-10T14:12:31.618,1789029751.6186,2274,703,9.01,3459,44.35
2026-09-10T14:12:31.618,1789029751.6186,2275,-1504,-19.28,3314,42.49
2026-09-10T14:12:31.634,1789029751.6344,2276,94,1.21,3314,42.49
2026-09-10T14:12:31.634,1789029751.6344,2277,1822,23.36,3326,42.64
2026-09-10T14:12:31.634,1789029751.6344,2278,547,7.01,3326,42.64
2026-09-10T14:12:31.634,1789029751.6344,2279,-1366,-17.51,3188,40.87
2026-09-10T14:12:31.634,1789029751.6344,2280,331,4.24,3188,40.87
2026-09-10T14:12:31.650,1789029751.6500,2281,1798,23.05,3164,40.56
2026-09-10T14:12:31.650,1789029751.6500,2282,387,4.96,3164,40.56
2026-09-10T14:12:31.650,1789029751.6500,2283,-1526,-19.56,3324,42.62
2026-09-10T14:12:31.681,1789029751.6816,2284,620,7.95,3324,42.62
2026-09-10T14:12:31.681,1789029751.6816,2285,1738,22.28,3264,41.85
2026-09-10T14:12:31.681,1789029751.6816,2286,247,3.17,3264,41.85
2026-09-10T14:12:31.681,1789029751.6816,2287,-1658,-21.26,3396,43.54
2026-09-10T14:12:31.697,1789029751.6973,2288,925,11.86,3396,43.54
2026-09-10T14:12:31.697,1789029751.6973,2289,1605,20.58,3263,41.83
2026-09-10T14:12:31.712,1789029751.7130,2290,127,1.63,3263,41.83
2026-09-10T14:12:31.712,1789029751.7130,2291,-1730,-22.18,3335,42.76
2026-09-10T14:12:31.728,1789029751.7288,2292,-935,-11.99,3335,42.76
2026-09-10T14:12:31.744,1789029751.7448,2293,1484,19.03,3214,41.21
2026-09-10T14:12:31.744,1789029751.7448,2294,-10,-0.13,3214,41.21
2026-09-10T14:12:31.744,1789029751.7448,2295,-1794,-23.0,3278,42.03
2026-09-10T14:12:31.760,1789029751.7605,2296,-755,-9.68,3278,42.03
2026-09-10T14:12:31.760,1789029751.7605,2297,1343,17.22,3137,40.22
2026-09-10T14:12:31.760,1789029751.7605,2298,-155,-1.99,3137,40.22
2026-09-10T14:12:31.760,1789029751.7605,2299,-1786,-22.9,3129,40.12
2026-09-10T14:12:31.760,1789029751.7605,2300,-571,-7.32,3129,40.12
2026-09-10T14:12:31.760,1789029751.7605,2301,1635,20.96,3421,43.86
2026-09-10T14:12:31.776,1789029751.7764,2302,-340,-4.36,3421,43.86
2026-09-10T14:12:31.776,1789029751.7764,2303,-1778,-22.79,3413,43.76
2026-09-10T14:12:31.779,1789029751.7791,2304,-407,-5.22,3413,43.76
2026-09-10T14:12:31.779,1789029751.7791,2305,1726,22.13,3504,44.92
2026-09-10T14:12:31.779,1789029751.7791,2306,-613,-7.86,3504,44.92
2026-09-10T14:12:31.792,1789029751.7921,2307,-1718,-22.03,3444,44.15
2026-09-10T14:12:31.792,1789029751.7921,2308,-239,-3.06,3444,44.15
2026-09-10T14:12:31.792,1789029751.7921,2309,1770,22.69,3488,44.72
2026-09-10T14:12:31.792,1789029751.7921,2310,-921,-11.81,3488,44.72
2026-09-10T14:12:31.808,1789029751.8081,2311,-1613,-20.68,3383,43.37
2026-09-10T14:12:31.808,1789029751.8081,2312,-31,-0.4,3383,43.37
2026-09-10T14:12:31.808,1789029751.8081,2313,1825,23.4,3438,44.08
2026-09-10T14:12:31.808,1789029751.8081,2314,670,8.59,3438,44.08
2026-09-10T14:12:31.824,1789029751.8243,2315,-1464,-18.77,3289,42.17
2026-09-10T14:12:31.824,1789029751.8243,2316,166,2.13,3289,42.17
2026-09-10T14:12:31.824,1789029751.8243,2317,1817,23.29,3281,42.06
2026-09-10T14:12:31.824,1789029751.8243,2318,510,6.54,3281,42.06
2026-09-10T14:12:31.841,1789029751.8415,2319,-1318,-16.9,3135,40.19
2026-09-10T14:12:31.847,1789029751.8477,2320,419,5.37,3135,40.19
2026-09-10T14:12:31.855,1789029751.8557,2321,1801,23.09,3119,39.99
2026-09-10T14:12:31.855,1789029751.8557,2322,362,4.64,3119,39.99
2026-09-10T14:12:31.871,1789029751.8715,2323,-1591,-20.4,3392,43.49
2026-09-10T14:12:31.873,1789029751.8734,2324,688,8.82,3392,43.49
2026-09-10T14:12:31.879,1789029751.8792,2325,1717,22.01,3308,42.41
2026-09-10T14:12:31.879,1789029751.8792,2326,226,2.9,3308,42.41
2026-09-10T14:12:31.887,1789029751.8873,2327,-1691,-21.68,3408,43.69
2026-09-10T14:12:31.892,1789029751.8922,2328,1016,13.03,3408,43.69
2026-09-10T14:12:31.892,1789029751.8922,2329,1592,20.41,3283,42.09
2026-09-10T14:12:31.892,1789029751.8922,2330,90,1.15,3283,42.09
2026-09-10T14:12:31.903,1789029751.9038,2331,-1731,-22.19,3323,42.6
2026-09-10T14:12:31.903,1789029751.9038,2332,-844,-10.82,3323,42.6
2026-09-10T14:12:31.903,1789029751.9038,2333,1486,19.05,3217,41.24
2026-09-10T14:12:31.918,1789029751.9188,2334,-28,-0.36,3217,41.24
2026-09-10T14:12:31.919,1789029751.9198,2335,-1775,-22.76,3261,41.81
2026-09-10T14:12:31.926,1789029751.9269,2336,-676,-8.67,3261,41.81
2026-09-10T14:12:31.930,1789029751.9301,2337,1316,16.87,3091,39.63
2026-09-10T14:12:31.934,1789029751.9345,2338,-181,-2.32,3091,39.63
2026-09-10T14:12:31.934,1789029751.9345,2339,-1780,-22.82,3096,39.69
2026-09-10T14:12:31.950,1789029751.9506,2340,-513,-6.58,3096,39.69
2026-09-10T14:12:31.950,1789029751.9506,2341,1665,21.35,3445,44.17
2026-09-10T14:12:31.966,1789029751.9663,2342,-402,-5.15,3445,44.17
2026-09-10T14:12:31.966,1789029751.9663,2343,-1733,-22.22,3398,43.56
2026-09-10T14:12:31.966,1789029751.9663,2344,-318,-4.08,3398,43.56
2026-09-10T14:12:31.982,1789029751.9822,2345,1731,22.19,3464,44.41
2026-09-10T14:12:31.982,1789029751.9822,2346,-719,-9.22,3464,44.41
2026-09-10T14:12:31.982,1789029751.9822,2347,-1692,-21.69,3423,43.88
2026-09-10T14:12:31.997,1789029751.9979,2348,-202,-2.59,3423,43.88
2026-09-10T14:12:32.013,1789029752.0136,2349,1795,23.01,3487,44.71
2026-09-10T14:12:32.013,1789029752.0136,2350,-1015,-13.01,3487,44.71
2026-09-10T14:12:32.013,1789029752.0136,2351,-1583,-20.29,3378,43.31
2026-09-10T14:12:32.013,1789029752.0136,2352,3,0.04,3378,43.31
2026-09-10T14:12:32.029,1789029752.0294,2353,1811,23.22,3394,43.51
2026-09-10T14:12:32.029,1789029752.0294,2354,620,7.95,3394,43.51
2026-09-10T14:12:32.029,1789029752.0294,2355,-1441,-18.47,3252,41.69
2026-09-10T14:12:32.029,1789029752.0294,2356,209,2.68,3252,41.69
2026-09-10T14:12:32.029,1789029752.0294,2357,1808,23.18,3249,41.65
2026-09-10T14:12:32.045,1789029752.0451,2358,445,5.71,3249,41.65
2026-09-10T14:12:32.045,1789029752.0451,2359,-1287,-16.5,3095,39.68
2026-09-10T14:12:32.045,1789029752.0451,2360,466,5.97,3095,39.68
2026-09-10T14:12:32.060,1789029752.0608,2361,1764,22.62,3051,39.12
2026-09-10T14:12:32.060,1789029752.0608,2362,293,3.76,3051,39.12
2026-09-10T14:12:32.060,1789029752.0608,2363,-1620,-20.77,3384,43.38
2026-09-10T14:12:32.060,1789029752.0608,2364,758,9.72,3384,43.38
2026-09-10T14:12:32.079,1789029752.0794,2365,1691,21.68,3311,42.45
2026-09-10T14:12:32.079,1789029752.0794,2366,193,2.47,3311,42.45
2026-09-10T14:12:32.084,1789029752.0844,2367,-1712,-21.95,3403,43.63
2026-09-10T14:12:32.092,1789029752.0922,2368,1099,14.09,3403,43.63
2026-09-10T14:12:32.092,1789029752.0928,2369,1582,20.28,3294,42.23
2026-09-10T14:12:32.092,1789029752.0928,2370,36,0.46,3294,42.23
2026-09-10T14:12:32.107,1789029752.1079,2371,-1776,-22.77,3358,43.05
2026-09-10T14:12:32.107,1789029752.1079,2372,-821,-10.53,3358,43.05
2026-09-10T14:12:32.123,1789029752.1236,2373,1413,18.12,3189,40.88
2026-09-10T14:12:32.123,1789029752.1236,2374,-73,-0.94,3189,40.88
2026-09-10T14:12:32.123,1789029752.1236,2375,-1776,-22.77,3189,40.88
2026-09-10T14:12:32.123,1789029752.1236,2376,-633,-8.12,3189,40.88
2026-09-10T14:12:32.139,1789029752.1393,2377,1263,16.19,3039,38.96
2026-09-10T14:12:32.139,1789029752.1393,2378,-254,-3.26,3039,38.96
2026-09-10T14:12:32.139,1789029752.1393,2379,-1761,-22.58,3024,38.77
2026-09-10T14:12:32.139,1789029752.1393,2380,-450,-5.77,3024,38.77
2026-09-10T14:12:32.155,1789029752.1550,2381,1680,21.54,3441,44.12
2026-09-10T14:12:32.155,1789029752.1550,2382,-503,-6.45,3441,44.12
2026-09-10T14:12:32.155,1789029752.1550,2383,-1717,-22.01,3397,43.55
2026-09-10T14:12:32.155,1789029752.1550,2384,-282,-3.62,3397,43.55
2026-09-10T14:12:32.170,1789029752.1707,2385,1767,22.65,3484,44.67
2026-09-10T14:12:32.170,1789029752.1707,2386,-768,-9.85,3484,44.67
2026-09-10T14:12:32.179,1789029752.1793,2387,-1641,-21.04,3408,43.69
2026-09-10T14:12:32.179,1789029752.1793,2388,-118,-1.51,3408,43.69
2026-09-10T14:12:32.202,1789029752.2023,2389,1802,23.1,3443,44.14
2026-09-10T14:12:32.202,1789029752.2023,2390,739,9.47,3443,44.14
2026-09-10T14:12:32.202,1789029752.2023,2391,-1532,-19.64,3334,42.74
2026-09-10T14:12:32.218,1789029752.2182,2392,78,1.0,3334,42.74
2026-09-10T14:12:32.218,1789029752.2182,2393,1846,23.67,3378,43.31
2026-09-10T14:12:32.233,1789029752.2339,2394,595,7.63,3378,43.31
2026-09-10T14:12:32.233,1789029752.2339,2395,-1902,-24.38,3748,48.05
2026-09-10T14:12:32.233,1789029752.2339,2396,181,2.32,3748,48.05
2026-09-10T14:12:32.249,1789029752.2498,2397,2489,31.91,4391,56.29
2026-09-10T14:12:32.249,1789029752.2498,2398,571,7.32,4391,56.29
2026-09-10T14:12:32.265,1789029752.2656,2399,-2110,-27.05,4599,58.96
2026-09-10T14:12:32.265,1789029752.2656,2400,542,6.95,4599,58.96
2026-09-10T14:12:32.281,1789029752.2812,2401,2568,32.92,4678,59.97
2026-09-10T14:12:32.281,1789029752.2812,2402,418,5.36,4678,59.97
2026-09-10T14:12:32.281,1789029752.2812,2403,-2568,-32.92,5136,65.85
2026-09-10T14:12:32.281,1789029752.2812,2404,1082,13.87,5136,65.85
2026-09-10T14:12:32.281,1789029752.2812,2405,2546,32.64,5114,65.56
2026-09-10T14:12:32.281,1789029752.2812,2406,248,3.18,5114,65.56
2026-09-10T14:12:32.281,1789029752.2812,2407,-2753,-35.29,5299,67.94
2026-09-10T14:12:32.296,1789029752.2968,2408,1616,20.72,5299,67.94
2026-09-10T14:12:32.296,1789029752.2968,2409,2390,30.64,5143,65.94
2026-09-10T14:12:32.296,1789029752.2968,2410,57,0.73,5143,65.94
2026-09-10T14:12:32.296,1789029752.2968,2411,-2884,-36.97,5274,67.62
2026-09-10T14:12:32.313,1789029752.3135,2412,-1492,-19.13,5274,67.62
2026-09-10T14:12:32.315,1789029752.3156,2413,2166,27.77,5050,64.74
2026-09-10T14:12:32.320,1789029752.3205,2414,-159,-2.04,5050,64.74
2026-09-10T14:12:32.327,1789029752.3279,2415,-2898,-37.15,5064,64.92
2026-09-10T14:12:32.330,1789029752.3309,2416,-1191,-15.27,5064,64.92
2026-09-10T14:12:32.333,1789029752.3332,2417,1897,24.32,4795,61.47
2026-09-10T14:12:32.338,1789029752.3381,2418,-411,-5.27,4795,61.47
2026-09-10T14:12:32.343,1789029752.3437,2419,-2809,-36.01,4706,60.33
2026-09-10T14:12:32.343,1789029752.3437,2420,-846,-10.85,4706,60.33
2026-09-10T14:12:32.343,1789029752.3437,2421,2497,32.01,5306,68.03
2026-09-10T14:12:32.359,1789029752.3595,2422,-755,-9.68,5306,68.03
2026-09-10T14:12:32.359,1789029752.3595,2423,-2604,-33.38,5101,65.4
2026-09-10T14:12:32.359,1789029752.3595,2424,-514,-6.59,5101,65.4
2026-09-10T14:12:32.375,1789029752.3753,2425,2560,32.82,5164,66.21
2026-09-10T14:12:32.379,1789029752.3793,2426,-1123,-14.4,5164,66.21
2026-09-10T14:12:32.382,1789029752.3823,2427,-2343,-30.04,4903,62.86
2026-09-10T14:12:32.391,1789029752.3916,2428,-198,-2.54,4903,62.86
2026-09-10T14:12:32.391,1789029752.3916,2429,2451,31.42,4794,61.46
2026-09-10T14:12:32.391,1789029752.3916,2430,993,12.73,4794,61.46
2026-09-10T14:12:32.406,1789029752.4066,2431,-2025,-25.96,4476,57.38
2026-09-10T14:12:32.406,1789029752.4066,2432,63,0.81,4476,57.38
2026-09-10T14:12:32.406,1789029752.4066,2433,2259,28.96,4284,54.92
2026-09-10T14:12:32.422,1789029752.4224,2434,674,8.64,4284,54.92
2026-09-10T14:12:32.422,1789029752.4224,2435,-1706,-21.87,3965,50.83
2026-09-10T14:12:32.422,1789029752.4224,2436,337,4.32,3965,50.83
2026-09-10T14:12:32.422,1789029752.4224,2437,2036,26.1,3742,47.97
2026-09-10T14:12:32.422,1789029752.4224,2438,420,5.38,3742,47.97
2026-09-10T14:12:32.438,1789029752.4381,2439,-1319,-16.91,3355,43.01
2026-09-10T14:12:32.438,1789029752.4381,2440,662,8.49,3355,43.01
2026-09-10T14:12:32.453,1789029752.4540,2441,1847,23.68,3166,40.59
2026-09-10T14:12:32.469,1789029752.4698,2442,272,3.49,3166,40.59
2026-09-10T14:12:32.479,1789029752.4793,2443,-1721,-22.06,3568,45.74
2026-09-10T14:12:32.479,1789029752.4793,2444,1006,12.9,3568,45.74
2026-09-10T14:12:32.485,1789029752.4855,2445,1682,21.56,3403,43.63
2026-09-10T14:12:32.485,1789029752.4855,2446,140,1.79,3403,43.63
2026-09-10T14:12:32.485,1789029752.4855,2447,-1757,-22.53,3439,44.09
2026-09-10T14:12:32.501,1789029752.5012,2448,1257,16.12,3439,44.09
2026-09-10T14:12:32.501,1789029752.5012,2449,1500,19.23,3257,41.76
2026-09-10T14:12:32.516,1789029752.5169,2450,-17,-0.22,3257,41.76
2026-09-10T14:12:32.532,1789029752.5330,2451,-1809,-23.19,3309,42.42
2026-09-10T14:12:32.532,1789029752.5330,2452,-758,-9.72,3309,42.42
2026-09-10T14:12:32.532,1789029752.5330,2453,1327,17.01,3136,40.21
2026-09-10T14:12:32.532,1789029752.5330,2454,-182,-2.33,3136,40.21
2026-09-10T14:12:32.532,1789029752.5330,2455,-1822,-23.36,3149,40.37
2026-09-10T14:12:32.548,1789029752.5486,2456,-574,-7.36,3149,40.37
2026-09-10T14:12:32.548,1789029752.5486,2457,1133,14.53,2955,37.88
2026-09-10T14:12:32.548,1789029752.5486,2458,-391,-5.01,2955,37.88
2026-09-10T14:12:32.548,1789029752.5486,2459,-1777,-22.78,2910,37.31
2026-09-10T14:12:32.548,1789029752.5486,2460,-418,-5.36,2910,37.31
2026-09-10T14:12:32.564,1789029752.5645,2461,1731,22.19,3508,44.97
2026-09-10T14:12:32.564,1789029752.5645,2462,-655,-8.4,3508,44.97
2026-09-10T14:12:32.564,1789029752.5645,2463,-1721,-22.06,3452,44.26
2026-09-10T14:12:32.564,1789029752.5645,2464,-246,-3.15,3452,44.26
2026-09-10T14:12:32.580,1789029752.5804,2465,1751,22.45,3472,44.51
2026-09-10T14:12:32.580,1789029752.5804,2466,-995,-12.76,3472,44.51
2026-09-10T14:12:32.580,1789029752.5804,2467,-1615,-20.71,3366,43.15
2026-09-10T14:12:32.580,1789029752.5804,2468,-53,-0.68,3366,43.15
2026-09-10T14:12:32.580,1789029752.5804,2469,1787,22.91,3402,43.62
2026-09-10T14:12:32.596,1789029752.5961,2470,620,7.95,3402,43.62
2026-09-10T14:12:32.596,1789029752.5961,2471,-1501,-19.24,3288,42.15
2026-09-10T14:12:32.611,1789029752.6117,2472,133,1.71,3288,42.15
2026-09-10T14:12:32.617,1789029752.6170,2473,1768,22.67,3269,41.91
2026-09-10T14:12:32.617,1789029752.6170,2474,457,5.86,3269,41.91
2026-09-10T14:12:32.617,1789029752.6170,2475,-1359,-17.42,3127,40.09
2026-09-10T14:12:32.628,1789029752.6281,2476,359,4.6,3127,40.09
2026-09-10T14:12:32.628,1789029752.6281,2477,1789,22.94,3148,40.36
2026-09-10T14:12:32.628,1789029752.6281,2478,326,4.18,3148,40.36
2026-09-10T14:12:32.643,1789029752.6432,2479,-1177,-15.09,2966,38.03
2026-09-10T14:12:32.643,1789029752.6432,2480,700,8.97,2966,38.03
2026-09-10T14:12:32.658,1789029752.6589,2481,1721,22.06,2898,37.15
2026-09-10T14:12:32.658,1789029752.6589,2482,182,2.33,2898,37.15
2026-09-10T14:12:32.658,1789029752.6589,2483,-1710,-21.92,3431,43.99
2026-09-10T14:12:32.658,1789029752.6589,2484,1012,12.97,3431,43.99
2026-09-10T14:12:32.679,1789029752.6793,2485,1592,20.41,3302,42.33
2026-09-10T14:12:32.679,1789029752.6793,2486,66,0.85,3302,42.33
2026-09-10T14:12:32.679,1789029752.6793,2487,-1750,-22.44,3342,42.85
2026-09-10T14:12:32.690,1789029752.6905,2488,1332,17.08,3342,42.85
2026-09-10T14:12:32.690,1789029752.6905,2489,1467,18.81,3217,41.24
2026-09-10T14:12:32.690,1789029752.6905,2490,-31,-0.4,3217,41.24
2026-09-10T14:12:32.707,1789029752.7075,2491,-1775,-22.76,3242,41.56
2026-09-10T14:12:32.712,1789029752.7129,2492,-668,-8.56,3242,41.56
2026-09-10T14:12:32.713,1789029752.7134,2493,1309,16.78,3084,39.54
2026-09-10T14:12:32.722,1789029752.7223,2494,-212,-2.72,3084,39.54
2026-09-10T14:12:32.722,1789029752.7223,2495,-1776,-22.77,3085,39.55
2026-09-10T14:12:32.738,1789029752.7381,2496,-501,-6.42,3085,39.55
2026-09-10T14:12:32.738,1789029752.7381,2497,1119,14.35,2895,37.12
2026-09-10T14:12:32.738,1789029752.7381,2498,-430,-5.51,2895,37.12
2026-09-10T14:12:32.738,1789029752.7381,2499,-1732,-22.21,2851,36.55
2026-09-10T14:12:32.753,1789029752.7538,2500,-345,-4.42,2851,36.55
2026-09-10T14:12:32.769,1789029752.7695,2501,1736,22.26,3468,44.46
2026-09-10T14:12:32.769,1789029752.7695,2502,-718,-9.21,3468,44.46
2026-09-10T14:12:32.785,1789029752.7854,2503,-1668,-21.38,3404,43.64
2026-09-10T14:12:32.785,1789029752.7854,2504,-173,-2.22,3404,43.64
2026-09-10T14:12:32.785,1789029752.7854,2505,1768,22.67,3436,44.05
2026-09-10T14:12:32.801,1789029752.8011,2506,-1038,-13.31,3436,44.05
2026-09-10T14:12:32.801,1789029752.8011,2507,-1586,-20.33,3354,43.0
2026-09-10T14:12:32.801,1789029752.8011,2508,4,0.05,3354,43.0
2026-09-10T14:12:32.801,1789029752.8011,2509,1792,22.97,3378,43.31
2026-09-10T14:12:32.801,1789029752.8011,2510,577,7.4,3378,43.31
2026-09-10T14:12:32.816,1789029752.8167,2511,-1456,-18.67,3248,41.64
2026-09-10T14:12:32.816,1789029752.8167,2512,182,2.33,3248,41.64
2026-09-10T14:12:32.816,1789029752.8167,2513,1785,22.88,3241,41.55
2026-09-10T14:12:32.816,1789029752.8167,2514,410,5.26,3241,41.55
2026-09-10T14:12:32.816,1789029752.8167,2515,-1322,-16.95,3107,39.83
2026-09-10T14:12:32.832,1789029752.8324,2516,428,5.49,3107,39.83
2026-09-10T14:12:32.832,1789029752.8324,2517,1718,22.03,3040,38.97
2026-09-10T14:12:32.832,1789029752.8324,2518,239,3.06,3040,38.97
2026-09-10T14:12:32.848,1789029752.8480,2519,-1195,-15.32,2913,37.35
2026-09-10T14:12:32.848,1789029752.8480,2520,722,9.26,2913,37.35
2026-09-10T14:12:32.848,1789029752.8480,2521,1611,20.65,2806,35.97
2026-09-10T14:12:32.863,1789029752.8637,2522,92,1.18,2806,35.97
2026-09-10T14:12:32.863,1789029752.8637,2523,-1816,-23.28,3427,43.94
2026-09-10T14:12:32.863,1789029752.8637,2524,1047,13.42,3427,43.94
2026-09-10T14:12:32.863,1789029752.8637,2525,1463,18.76,3279,42.04
2026-09-10T14:12:32.879,1789029752.8795,2526,-46,-0.59,3279,42.04
2026-09-10T14:12:32.881,1789029752.8818,2527,-1854,-23.77,3317,42.53
2026-09-10T14:12:32.881,1789029752.8818,2528,1292,16.56,3317,42.53
2026-09-10T14:12:32.895,1789029752.8959,2529,1323,16.96,3177,40.73
2026-09-10T14:12:32.895,1789029752.8959,2530,-182,-2.33,3177,40.73
2026-09-10T14:12:32.911,1789029752.9111,2531,-1881,-24.12,3204,41.08
2026-09-10T14:12:32.911,1789029752.9111,2532,-734,-9.41,3204,41.08
2026-09-10T14:12:32.911,1789029752.9111,2533,1135,14.55,3016,38.67
2026-09-10T14:12:32.911,1789029752.9111,2534,-361,-4.63,3016,38.67
2026-09-10T14:12:32.926,1789029752.9268,2535,-1860,-23.85,2995,38.4
2026-09-10T14:12:32.926,1789029752.9268,2536,-544,-6.97,2995,38.4
2026-09-10T14:12:32.926,1789029752.9268,2537,980,12.56,2840,36.41
2026-09-10T14:12:32.926,1789029752.9268,2538,-604,-7.74,2840,36.41
2026-09-10T14:12:32.942,1789029752.9424,2539,-1802,-23.1,2782,35.67
2026-09-10T14:12:32.942,1789029752.9424,2540,-351,-4.5,2782,35.67
2026-09-10T14:12:32.956,1789029752.9565,2541,1687,21.63,3489,44.73
2026-09-10T14:12:32.956,1789029752.9565,2542,-891,-11.42,3489,44.73
2026-09-10T14:12:32.962,1789029752.9622,2543,-1696,-21.74,3383,43.37
2026-09-10T14:12:32.968,1789029752.9683,2544,-161,-2.06,3383,43.37
2026-09-10T14:12:32.968,1789029752.9683,2545,1760,22.56,3456,44.31
2026-09-10T14:12:32.979,1789029752.9795,2546,-1150,-14.74,3456,44.31
2026-09-10T14:12:32.989,1789029752.9899,2547,-1553,-19.91,3313,42.47
2026-09-10T14:12:32.989,1789029752.9899,2548,65,0.83,3313,42.47
2026-09-10T14:12:32.989,1789029752.9899,2549,1768,22.67,3321,42.58
2026-09-10T14:12:33.005,1789029753.0056,2550,525,6.73,3321,42.58
2026-09-10T14:12:33.005,1789029753.0056,2551,-1383,-17.73,3151,40.4
2026-09-10T14:12:33.021,1789029753.0213,2552,286,3.67,3151,40.4
2026-09-10T14:12:33.021,1789029753.0213,2553,1785,22.88,3168,40.62
2026-09-10T14:12:33.037,1789029753.0371,2554,402,5.15,3168,40.62
2026-09-10T14:12:33.037,1789029753.0371,2555,-1213,-15.55,2998,38.44
2026-09-10T14:12:33.054,1789029753.0545,2556,591,7.58,2998,38.44
2026-09-10T14:12:33.059,1789029753.0597,2557,1769,22.68,2982,38.23
2026-09-10T14:12:33.060,1789029753.0607,2558,262,3.36,2982,38.23
2026-09-10T14:12:33.060,1789029753.0607,2559,-1025,-13.14,2794,35.82
2026-09-10T14:12:33.068,1789029753.0684,2560,955,12.24,2794,35.82
2026-09-10T14:12:33.068,1789029753.0684,2561,1704,21.85,2729,34.99
2026-09-10T14:12:33.068,1789029753.0684,2562,181,2.32,2729,34.99
2026-09-10T14:12:33.068,1789029753.0684,2563,-1660,-21.28,3364,43.13
2026-09-10T14:12:33.079,1789029753.0796,2564,1306,16.74,3364,43.13
2026-09-10T14:12:33.084,1789029753.0841,2565,1593,20.42,3253,41.71
2026-09-10T14:12:33.084,1789029753.0841,2566,95,1.22,3253,41.71
2026-09-10T14:12:33.084,1789029753.0841,2567,-1666,-21.36,3259,41.78
2026-09-10T14:12:33.084,1789029753.0841,2568,1579,20.24,3259,41.78
2026-09-10T14:12:33.084,1789029753.0841,2569,1485,19.04,3245,41.6
2026-09-10T14:12:33.100,1789029753.1001,2570,-17,-0.22,3245,41.6
2026-09-10T14:12:33.111,1789029753.1115,2571,-1633,-20.94,3212,41.18
2026-09-10T14:12:33.111,1789029753.1115,2572,-414,-5.31,3118,39.97
2026-09-10T14:12:33.115,1789029753.1154,2573,1324,16.97,2957,37.91
2026-09-10T14:12:33.115,1789029753.1154,2574,-189,-2.42,2957,37.91
2026-09-10T14:12:33.115,1789029753.1154,2575,-1600,-20.51,2924,37.49
2026-09-10T14:12:33.131,1789029753.1311,2576,-218,-2.79,2924,37.49
2026-09-10T14:12:33.131,1789029753.1311,2577,1140,14.62,2740,35.13
2026-09-10T14:12:33.131,1789029753.1311,2578,-469,-6.01,2740,35.13
2026-09-10T14:12:33.131,1789029753.1311,2579,-1535,-19.68,2675,34.29
2026-09-10T14:12:33.146,1789029753.1469,2580,-73,-0.94,2675,34.29
2026-09-10T14:12:33.146,1789029753.1469,2581,1895,24.29,3430,43.97
2026-09-10T14:12:33.162,1789029753.1627,2582,-756,-9.69,3430,43.97
2026-09-10T14:12:33.162,1789029753.1627,2583,-1449,-18.58,3344,42.87
2026-09-10T14:12:33.162,1789029753.1627,2584,69,0.88,3344,42.87
2026-09-10T14:12:33.179,1789029753.1795,2585,1881,24.12,3330,42.69
2026-09-10T14:12:33.179,1789029753.1795,2586,-1062,-13.62,3330,42.69
2026-09-10T14:12:33.179,1789029753.1795,2587,-1342,-17.21,3223,41.32
2026-09-10T14:12:33.179,1789029753.1795,2588,252,3.23,3223,41.32
2026-09-10T14:12:33.194,1789029753.1942,2589,1871,23.99,3213,41.19
2026-09-10T14:12:33.194,1789029753.1942,2590,583,7.47,3213,41.19
2026-09-10T14:12:33.194,1789029753.1942,2591,-1218,-15.62,3089,39.6
2026-09-10T14:12:33.210,1789029753.2102,2592,459,5.88,3089,39.6
2026-09-10T14:12:33.210,1789029753.2102,2593,1825,23.4,3043,39.01
2026-09-10T14:12:33.210,1789029753.2102,2594,406,5.21,3043,39.01
2026-09-10T14:12:33.210,1789029753.2102,2595,-1122,-14.38,2947,37.78
2026-09-10T14:12:33.225,1789029753.2260,2596,703,9.01,2947,37.78
2026-09-10T14:12:33.230,1789029753.2300,2597,1708,21.9,2830,36.28
2026-09-10T14:12:33.230,1789029753.2300,2598,229,2.94,2830,36.28
2026-09-10T14:12:33.241,1789029753.2418,2599,-1668,-21.38,3376,43.28
2026-09-10T14:12:33.241,1789029753.2418,2600,967,12.4,3376,43.28
2026-09-10T14:12:33.257,1789029753.2574,2601,1587,20.35,3255,41.73
2026-09-10T14:12:33.257,1789029753.2574,2602,69,0.88,3255,41.73
2026-09-10T14:12:33.273,1789029753.2730,2603,-1731,-22.19,3318,42.54
2026-09-10T14:12:33.279,1789029753.2794,2604,1291,16.55,3318,42.54
2026-09-10T14:12:33.279,1789029753.2794,2605,1454,18.64,3185,40.83
2026-09-10T14:12:33.288,1789029753.2887,2606,-52,-0.67,3185,40.83
2026-09-10T14:12:33.288,1789029753.2887,2607,-1760,-22.56,3214,41.21
2026-09-10T14:12:33.288,1789029753.2887,2608,1490,19.1,3250,41.67
2026-09-10T14:12:33.304,1789029753.3045,2609,1284,16.46,3250,41.67
2026-09-10T14:12:33.304,1789029753.3045,2610,-185,-2.37,3250,41.67
2026-09-10T14:12:33.320,1789029753.3202,2611,-1776,-22.77,3266,41.87
2026-09-10T14:12:33.320,1789029753.3202,2612,-529,-6.78,3060,39.23
2026-09-10T14:12:33.320,1789029753.3202,2613,1106,14.18,2882,36.95
2026-09-10T14:12:33.320,1789029753.3202,2614,-438,-5.62,2882,36.95
2026-09-10T14:12:33.335,1789029753.3360,2615,-1736,-22.26,2842,36.44
2026-09-10T14:12:33.335,1789029753.3360,2616,-378,-4.85,2842,36.44
2026-09-10T14:12:33.335,1789029753.3360,2617,937,12.01,2673,34.27
2026-09-10T14:12:33.335,1789029753.3360,2618,-698,-8.95,2673,34.27
2026-09-10T14:12:33.335,1789029753.3360,2619,-1652,-21.18,2589,33.19
2026-09-10T14:12:33.335,1789029753.3360,2620,-153,-1.96,2589,33.19
2026-09-10T14:12:33.363,1789029753.3632,2621,1755,22.5,3407,43.68
2026-09-10T14:12:33.367,1789029753.3674,2622,-979,-12.55,3407,43.68
2026-09-10T14:12:33.369,1789029753.3694,2623,-1531,-19.63,3286,42.13
2026-09-10T14:12:33.384,1789029753.3840,2624,35,0.45,3286,42.13
2026-09-10T14:12:33.387,1789029753.3878,2625,1823,23.37,3354,43.0
2026-09-10T14:12:33.392,1789029753.3923,2626,-1219,-15.63,3354,43.0
2026-09-10T14:12:33.402,1789029753.4027,2627,-1362,-17.46,3185,40.83
2026-09-10T14:12:33.406,1789029753.4063,2628,268,3.44,3185,40.83
2026-09-10T14:12:33.414,1789029753.4144,2629,1843,23.63,3205,41.09
2026-09-10T14:12:33.421,1789029753.4212,2630,475,6.09,3205,41.09
2026-09-10T14:12:33.432,1789029753.4321,2631,-1205,-15.45,3048,39.08
2026-09-10T14:12:33.432,1789029753.4321,2632,516,6.62,3048,39.08
2026-09-10T14:12:33.432,1789029753.4321,2633,1806,23.15,3011,38.6
2026-09-10T14:12:33.445,1789029753.4458,2634,339,4.35,3011,38.6
2026-09-10T14:12:33.445,1789029753.4458,2635,-1085,-13.91,2891,37.06
2026-09-10T14:12:33.461,1789029753.4616,2636,804,10.31,2891,37.06
2026-09-10T14:12:33.465,1789029753.4656,2637,1712,21.95,2797,35.86
2026-09-10T14:12:33.471,1789029753.4717,2638,210,2.69,2797,35.86
2026-09-10T14:12:33.479,1789029753.4793,2639,-1651,-21.17,3363,43.12
2026-09-10T14:12:33.479,1789029753.4793,2640,1111,14.24,3363,43.12
2026-09-10T14:12:33.479,1789029753.4793,2641,1615,20.71,3266,41.87
2026-09-10T14:12:33.497,1789029753.4977,2642,72,0.92,3266,41.87
2026-09-10T14:12:33.502,1789029753.5020,2643,-1732,-22.21,3347,42.91
2026-09-10T14:12:33.504,1789029753.5047,2644,1394,17.87,3347,42.91
2026-09-10T14:12:33.508,1789029753.5088,2645,1440,18.46,3172,40.67
2026-09-10T14:12:33.508,1789029753.5088,2646,-49,-0.63,3172,40.67
2026-09-10T14:12:33.508,1789029753.5088,2647,-1761,-22.58,3201,41.04
2026-09-10T14:12:33.508,1789029753.5088,2648,2048,26.26,3809,48.83
2026-09-10T14:12:33.524,1789029753.5245,2649,1500,19.23,3809,48.83
2026-09-10T14:12:33.524,1789029753.5245,2650,-733,-9.4,3809,48.83
2026-09-10T14:12:33.524,1789029753.5245,2651,-3219,-41.27,5267,67.53
2026-09-10T14:12:33.524,1789029753.5245,2652,-1318,-16.9,4719,60.5
2026-09-10T14:12:33.524,1789029753.5245,2653,1578,20.23,4797,61.5
2026-09-10T14:12:33.524,1789029753.5245,2654,-936,-12.0,4797,61.5
2026-09-10T14:12:33.524,1789029753.5245,2655,-3088,-39.59,4666,59.82
2026-09-10T14:12:33.524,1789029753.5245,2656,-900,-11.54,4666,59.82
2026-09-10T14:12:33.524,1789029753.5245,2657,1477,18.94,4565,58.53
2026-09-10T14:12:33.524,1789029753.5245,2658,-1309,-16.78,4565,58.53
2026-09-10T14:12:33.540,1789029753.5402,2659,-2943,-37.73,4420,56.67
2026-09-10T14:12:33.540,1789029753.5402,2660,-524,-6.72,4420,56.67
2026-09-10T14:12:33.555,1789029753.5559,2661,2746,35.21,5689,72.94
2026-09-10T14:12:33.571,1789029753.5716,2662,-1766,-22.64,5689,72.94
2026-09-10T14:12:33.571,1789029753.5716,2663,-2743,-35.17,5489,70.37
2026-09-10T14:12:33.579,1789029753.5794,2664,-184,-2.36,5489,70.37
2026-09-10T14:12:33.587,1789029753.5873,2665,2897,37.14,5640,72.31
2026-09-10T14:12:33.587,1789029753.5873,2666,-2127,-27.27,5640,72.31
2026-09-10T14:12:33.587,1789029753.5873,2667,-2522,-32.33,5419,69.47
2026-09-10T14:12:33.602,1789029753.6029,2668,240,3.08,5419,69.47
2026-09-10T14:12:33.602,1789029753.6029,2669,2943,37.73,5465,70.06
2026-09-10T14:12:33.618,1789029753.6187,2670,807,10.35,5465,70.06
2026-09-10T14:12:33.618,1789029753.6187,2671,-2231,-28.6,5174,66.33
2026-09-10T14:12:33.634,1789029753.6345,2672,698,8.95,5174,66.33
2026-09-10T14:12:33.634,1789029753.6345,2673,2899,37.17,5130,65.77
2026-09-10T14:12:33.634,1789029753.6345,2674,580,7.44,5130,65.77
2026-09-10T14:12:33.634,1789029753.6345,2675,-1908,-24.46,4807,61.63
2026-09-10T14:12:33.650,1789029753.6503,2676,1199,15.37,4807,61.63
2026-09-10T14:12:33.650,1789029753.6503,2677,2671,34.24,4579,58.71
2026-09-10T14:12:33.650,1789029753.6503,2678,376,4.82,4579,58.71
2026-09-10T14:12:33.650,1789029753.6503,2679,-2601,-33.35,5272,67.59
2026-09-10T14:12:33.650,1789029753.6503,2680,1663,21.32,5272,67.59
2026-09-10T14:12:33.665,1789029753.6660,2681,2344,30.05,4945,63.4
2026-09-10T14:12:33.665,1789029753.6660,2682,135,1.73,4945,63.4
2026-09-10T14:12:33.665,1789029753.6660,2683,-2501,-32.06,4845,62.12
2026-09-10T14:12:33.665,1789029753.6660,2684,1945,24.94,4845,62.12
2026-09-10T14:12:33.681,1789029753.6816,2685,1946,24.95,4447,57.01
2026-09-10T14:12:33.681,1789029753.6816,2686,-66,-0.85,4447,57.01
2026-09-10T14:12:33.681,1789029753.6816,2687,-2302,-29.51,4248,54.46
2026-09-10T14:12:33.681,1789029753.6816,2688,1850,23.72,4248,54.46
2026-09-10T14:12:33.697,1789029753.6973,2689,1259,16.14,4152,53.23
2026-09-10T14:12:33.697,1789029753.6973,2690,-398,-5.1,4152,53.23
2026-09-10T14:12:33.697,1789029753.6973,2691,-1940,-24.87,3790,48.59
2026-09-10T14:12:33.713,1789029753.7131,2692,-557,-7.14,3199,41.01
2026-09-10T14:12:33.713,1789029753.7131,2693,899,11.53,2839,36.4
2026-09-10T14:12:33.713,1789029753.7131,2694,-700,-8.97,2839,36.4
2026-09-10T14:12:33.713,1789029753.7131,2695,-1825,-23.4,2724,34.92
2026-09-10T14:12:33.728,1789029753.7289,2696,-366,-4.69,2724,34.92
2026-09-10T14:12:33.728,1789029753.7289,2697,757,9.71,2582,33.1
2026-09-10T14:12:33.728,1789029753.7289,2698,-982,-12.59,2582,33.1
2026-09-10T14:12:33.744,1789029753.7448,2699,-1715,-21.99,2472,31.69
2026-09-10T14:12:33.744,1789029753.7448,2700,-184,-2.36,2472,31.69
2026-09-10T14:12:33.744,1789029753.7448,2701,1693,21.71,3408,43.69
2026-09-10T14:12:33.760,1789029753.7605,2702,-1236,-15.85,3408,43.69
2026-09-10T14:12:33.760,1789029753.7605,2703,-1567,-20.09,3260,41.79
2026-09-10T14:12:33.760,1789029753.7605,2704,19,0.24,3260,41.79
2026-09-10T14:12:33.776,1789029753.7761,2705,1715,21.99,3282,42.08
2026-09-10T14:12:33.779,1789029753.7796,2706,-1461,-18.73,3282,42.08
2026-09-10T14:12:33.779,1789029753.7796,2707,-1412,-18.1,3176,40.72
2026-09-10T14:12:33.779,1789029753.7796,2708,274,3.51,3176,40.72
2026-09-10T14:12:33.792,1789029753.7920,2709,1705,21.86,3166,40.59
2026-09-10T14:12:33.792,1789029753.7920,2710,270,3.46,3117,39.96
2026-09-10T14:12:33.808,1789029753.8081,2711,-1229,-15.76,2934,37.62
2026-09-10T14:12:33.808,1789029753.8081,2712,576,7.38,2934,37.62
2026-09-10T14:12:33.821,1789029753.8212,2713,1666,21.36,2895,37.12
2026-09-10T14:12:33.824,1789029753.8241,2714,179,2.29,2895,37.12
2026-09-10T14:12:33.824,1789029753.8241,2715,-1051,-13.47,2717,34.83
2026-09-10T14:12:33.824,1789029753.8241,2716,914,11.72,2717,34.83
2026-09-10T14:12:33.839,1789029753.8400,2717,1578,20.23,2629,33.71
2026-09-10T14:12:33.839,1789029753.8400,2718,56,0.72,2629,33.71
2026-09-10T14:12:33.839,1789029753.8400,2719,-1772,-22.72,3350,42.95
2026-09-10T14:12:33.839,1789029753.8400,2720,1246,15.97,3350,42.95
2026-09-10T14:12:33.855,1789029753.8559,2721,1469,18.83,3241,41.55
2026-09-10T14:12:33.855,1789029753.8559,2722,-65,-0.83,3241,41.55
2026-09-10T14:12:33.855,1789029753.8559,2723,-1784,-22.87,3253,41.71
2026-09-10T14:12:33.872,1789029753.8727,2724,1469,18.83,3253,41.71
2026-09-10T14:12:33.879,1789029753.8797,2725,1296,16.62,3253,41.71
2026-09-10T14:12:33.887,1789029753.8874,2726,-185,-2.37,3253,41.71
2026-09-10T14:12:33.895,1789029753.8954,2727,-1789,-22.94,3258,41.77
2026-09-10T14:12:33.897,1789029753.8975,2728,1632,20.92,3421,43.86
2026-09-10T14:12:33.899,1789029753.8997,2729,1138,14.59,3421,43.86
2026-09-10T14:12:33.899,1789029753.8997,2730,-402,-5.15,3421,43.86
2026-09-10T14:12:33.903,1789029753.9036,2731,-1737,-22.27,3369,43.19
2026-09-10T14:12:33.903,1789029753.9036,2732,-366,-4.69,2875,36.86
2026-09-10T14:12:33.914,1789029753.9141,2733,977,12.53,2714,34.79
2026-09-10T14:12:33.921,1789029753.9212,2734,-635,-8.14,2714,34.79
2026-09-10T14:12:33.924,1789029753.9242,2735,-1653,-21.19,2630,33.72
2026-09-10T14:12:33.932,1789029753.9328,2736,-154,-1.97,2630,33.72
2026-09-10T14:12:33.937,1789029753.9378,2737,827,10.6,2480,31.79
2026-09-10T14:12:33.939,1789029753.9398,2738,-908,-11.64,2480,31.79
2026-09-10T14:12:33.944,1789029753.9450,2739,-1520,-19.49,2347,30.09
2026-09-10T14:12:33.948,1789029753.9490,2740,42,0.54,2347,30.09
2026-09-10T14:12:33.948,1789029753.9490,2741,1853,23.76,3373,43.24
2026-09-10T14:12:33.948,1789029753.9490,2742,-1185,-15.19,3373,43.24
2026-09-10T14:12:33.964,1789029753.9646,2743,-1384,-17.74,3237,41.5
2026-09-10T14:12:33.964,1789029753.9646,2744,222,2.85,3237,41.5
2026-09-10T14:12:33.964,1789029753.9646,2745,1821,23.35,3205,41.09
2026-09-10T14:12:33.964,1789029753.9646,2746,-1408,-18.05,3229,41.4
2026-09-10T14:12:33.979,1789029753.9798,2747,-1247,-15.99,3229,41.4
2026-09-10T14:12:33.979,1789029753.9798,2748,466,5.97,3229,41.4
2026-09-10T14:12:33.979,1789029753.9798,2749,1780,22.82,3188,40.87
2026-09-10T14:12:33.995,1789029753.9955,2750,309,3.96,3027,38.81
2026-09-10T14:12:34.011,1789029754.0111,2751,-1118,-14.33,2898,37.15
2026-09-10T14:12:34.011,1789029754.0111,2752,759,9.73,2898,37.15
2026-09-10T14:12:34.011,1789029754.0111,2753,1716,22.0,2834,36.33
2026-09-10T14:12:34.011,1789029754.0111,2754,177,2.27,2834,36.33
2026-09-10T14:12:34.027,1789029754.0272,2755,-961,-12.32,2677,34.32
2026-09-10T14:12:34.027,1789029754.0272,2756,1067,13.68,2677,34.32
2026-09-10T14:12:34.027,1789029754.0272,2757,1582,20.28,2543,32.6
2026-09-10T14:12:34.027,1789029754.0272,2758,80,1.03,2543,32.6
2026-09-10T14:12:34.042,1789029754.0429,2759,-1752,-22.46,3334,42.74
2026-09-10T14:12:34.042,1789029754.0429,2760,1358,17.41,3334,42.74
2026-09-10T14:12:34.042,1789029754.0429,2761,1449,18.58,3201,41.04
2026-09-10T14:12:34.058,1789029754.0587,2762,-57,-0.73,3201,41.04
2026-09-10T14:12:34.058,1789029754.0587,2763,-1745,-22.37,3194,40.95
2026-09-10T14:12:34.058,1789029754.0587,2764,1552,19.9,3297,42.27
2026-09-10T14:12:34.079,1789029754.0798,2765,1254,16.08,3297,42.27
2026-09-10T14:12:34.090,1789029754.0902,2766,-227,-2.91,3297,42.27
2026-09-10T14:12:34.090,1789029754.0902,2767,-1734,-22.23,3286,42.13
2026-09-10T14:12:34.090,1789029754.0902,2768,-495,-6.35,2988,38.31
2026-09-10T14:12:34.090,1789029754.0902,2769,1092,14.0,2826,36.23
2026-09-10T14:12:34.105,1789029754.1060,2770,-456,-5.85,2826,36.23
2026-09-10T14:12:34.105,1789029754.1060,2771,-1694,-21.72,2786,35.72
2026-09-10T14:12:34.121,1789029754.1216,2772,-307,-3.94,2786,35.72
2026-09-10T14:12:34.121,1789029754.1216,2773,923,11.83,2617,33.55
2026-09-10T14:12:34.137,1789029754.1374,2774,-725,-9.29,2617,33.55
2026-09-10T14:12:34.137,1789029754.1374,2775,-1630,-20.9,2553,32.73
2026-09-10T14:12:34.153,1789029754.1531,2776,-116,-1.49,2553,32.73
2026-09-10T14:12:34.153,1789029754.1531,2777,766,9.82,2396,30.72
2026-09-10T14:12:34.153,1789029754.1531,2778,-1021,-13.09,2396,30.72
2026-09-10T14:12:34.153,1789029754.1531,2779,-1509,-19.35,2275,29.17
2026-09-10T14:12:34.168,1789029754.1690,2780,85,1.09,2275,29.17
2026-09-10T14:12:34.168,1789029754.1690,2781,1828,23.44,3337,42.78
2026-09-10T14:12:34.168,1789029754.1690,2782,-1269,-16.27,3337,42.78
2026-09-10T14:12:34.168,1789029754.1690,2783,-1360,-17.44,3188,40.87
2026-09-10T14:12:34.179,1789029754.1797,2784,285,3.65,3188,40.87
2026-09-10T14:12:34.179,1789029754.1797,2785,1816,23.28,3176,40.72
2026-09-10T14:12:34.184,1789029754.1846,2786,-1461,-18.73,3277,42.01
2026-09-10T14:12:34.184,1789029754.1846,2787,-1211,-15.53,3277,42.01
2026-09-10T14:12:34.184,1789029754.1846,2788,554,7.1,3277,42.01
2026-09-10T14:12:34.184,1789029754.1846,2789,1760,22.56,3221,41.29
2026-09-10T14:12:34.200,1789029754.2003,2790,285,3.65,2971,38.09
2026-09-10T14:12:34.200,1789029754.2003,2791,-1066,-13.67,2826,36.23
2026-09-10T14:12:34.200,1789029754.2003,2792,830,10.64,2826,36.23
2026-09-10T14:12:34.215,1789029754.2160,2793,1683,21.58,2749,35.24
2026-09-10T14:12:34.215,1789029754.2160,2794,152,1.95,2749,35.24
2026-09-10T14:12:34.215,1789029754.2160,2795,-922,-11.82,2605,33.4
2026-09-10T14:12:34.215,1789029754.2160,2796,1170,15.0,2605,33.4
2026-09-10T14:12:34.231,1789029754.2316,2797,1549,19.86,2471,31.68
2026-09-10T14:12:34.231,1789029754.2316,2798,15,0.19,2471,31.68
2026-09-10T14:12:34.247,1789029754.2474,2799,-1749,-22.42,3298,42.28
2026-09-10T14:12:34.247,1789029754.2474,2800,1453,18.63,3298,42.28
2026-09-10T14:12:34.247,1789029754.2474,2801,1407,18.04,3202,41.05
2026-09-10T14:12:34.263,1789029754.2631,2802,-126,-1.62,3202,41.05
2026-09-10T14:12:34.263,1789029754.2631,2803,-1758,-22.54,3211,41.17
2026-09-10T14:12:34.263,1789029754.2631,2804,1620,20.77,3378,43.31
2026-09-10T14:12:34.283,1789029754.2831,2805,1205,15.45,3378,43.31
2026-09-10T14:12:34.287,1789029754.2874,2806,-304,-3.9,3378,43.31
2026-09-10T14:12:34.290,1789029754.2901,2807,-1758,-22.54,3378,43.31
2026-09-10T14:12:34.294,1789029754.2949,2808,-411,-5.27,2963,37.99
2026-09-10T14:12:34.294,1789029754.2949,2809,1051,13.47,2809,36.01
2026-09-10T14:12:34.305,1789029754.3051,2810,-501,-6.42,2809,36.01
2026-09-10T14:12:34.310,1789029754.3107,2811,-1691,-21.68,2742,35.15
2026-09-10T14:12:34.310,1789029754.3107,2812,-228,-2.92,2742,35.15
2026-09-10T14:12:34.310,1789029754.3107,2813,870,11.15,2561,32.83
2026-09-10T14:12:34.310,1789029754.3107,2814,-830,-10.64,2561,32.83
2026-09-10T14:12:34.310,1789029754.3107,2815,-1602,-20.54,2472,31.69
2026-09-10T14:12:34.326,1789029754.3263,2816,-56,-0.72,2472,31.69
2026-09-10T14:12:34.326,1789029754.3263,2817,685,8.78,2287,29.32
2026-09-10T14:12:34.326,1789029754.3263,2818,-1117,-14.32,2287,29.32
2026-09-10T14:12:34.326,1789029754.3263,2819,-1509,-19.35,2194,28.13
2026-09-10T14:12:34.357,1789029754.3578,2820,97,1.24,2194,28.13
2026-09-10T14:12:34.357,1789029754.3578,2821,1788,22.92,3297,42.27
2026-09-10T14:12:34.373,1789029754.3735,2822,-1361,-17.45,3297,42.27
2026-09-10T14:12:34.382,1789029754.3830,2823,-1339,-17.17,3149,40.37
2026-09-10T14:12:34.389,1789029754.3892,2824,334,4.28,3149,40.37
2026-09-10T14:12:34.389,1789029754.3898,2825,1773,22.73,3134,40.18
2026-09-10T14:12:34.389,1789029754.3898,2826,-1516,-19.44,3289,42.17
2026-09-10T14:12:34.404,1789029754.4050,2827,-1170,-15.0,3289,42.17
2026-09-10T14:12:34.404,1789029754.4050,2828,627,8.04,3289,42.17
2026-09-10T14:12:34.420,1789029754.4206,2829,1736,22.26,3252,41.69
2026-09-10T14:12:34.420,1789029754.4206,2830,262,3.36,2906,37.26
2026-09-10T14:12:34.420,1789029754.4206,2831,-1009,-12.94,2745,35.19
2026-09-10T14:12:34.436,1789029754.4363,2832,951,12.19,2745,35.19
2026-09-10T14:12:34.436,1789029754.4363,2833,1643,21.06,2652,34.0
2026-09-10T14:12:34.436,1789029754.4363,2834,125,1.6,2652,34.0
2026-09-10T14:12:34.436,1789029754.4363,2835,-853,-10.94,2496,32.0
2026-09-10T14:12:34.436,1789029754.4363,2836,1238,15.87,2496,32.0
2026-09-10T14:12:34.451,1789029754.4519,2837,1498,19.21,2351,30.14
2026-09-10T14:12:34.451,1789029754.4519,2838,0,0.0,2351,30.14
2026-09-10T14:12:34.451,1789029754.4519,2839,-1776,-22.77,3274,41.97
2026-09-10T14:12:34.451,1789029754.4519,2840,1485,19.04,3274,41.97
2026-09-10T14:12:34.451,1789029754.4519,2841,1328,17.03,3261,41.81
2026-09-10T14:12:34.467,1789029754.4677,2842,-158,-2.03,3261,41.81
2026-09-10T14:12:34.467,1789029754.4677,2843,-1773,-22.73,3258,41.77
2026-09-10T14:12:34.479,1789029754.4799,2844,1636,20.97,3409,43.71
2026-09-10T14:12:34.483,1789029754.4834,2845,1182,15.15,3409,43.71
2026-09-10T14:12:34.483,1789029754.4834,2846,-339,-4.35,3409,43.71
2026-09-10T14:12:34.493,1789029754.4939,2847,-1702,-21.82,3338,42.79
2026-09-10T14:12:34.499,1789029754.4998,2848,-359,-4.6,2884,36.97
2026-09-10T14:12:34.501,1789029754.5018,2849,1028,13.18,2730,35.0
2026-09-10T14:12:34.501,1789029754.5018,2850,-604,-7.74,2730,35.0
2026-09-10T14:12:34.514,1789029754.5150,2851,-1662,-21.31,2690,34.49
2026-09-10T14:12:34.514,1789029754.5150,2852,-164,-2.1,2690,34.49
2026-09-10T14:12:34.514,1789029754.5150,2853,846,10.85,2508,32.15
2026-09-10T14:12:34.514,1789029754.5150,2854,-901,-11.55,2508,32.15
2026-09-10T14:12:34.514,1789029754.5150,2855,-1550,-19.87,2396,30.72
2026-09-10T14:12:34.514,1789029754.5150,2856,-4,-0.05,2396,30.72
2026-09-10T14:12:34.530,1789029754.5308,2857,665,8.53,2215,28.4
2026-09-10T14:12:34.530,1789029754.5308,2858,-1205,-15.45,2215,28.4
2026-09-10T14:12:34.546,1789029754.5469,2859,-1453,-18.63,2118,27.15
2026-09-10T14:12:34.546,1789029754.5469,2860,177,2.27,2118,27.15
2026-09-10T14:12:34.546,1789029754.5469,2861,1784,22.87,3237,41.5
2026-09-10T14:12:34.562,1789029754.5626,2862,-1405,-18.01,3237,41.5
2026-09-10T14:12:34.562,1789029754.5626,2863,-1267,-16.24,3189,40.88
2026-09-10T14:12:34.562,1789029754.5626,2864,414,5.31,3189,40.88
2026-09-10T14:12:34.562,1789029754.5626,2865,1784,22.87,3189,40.88
2026-09-10T14:12:34.580,1789029754.5801,2866,-1552,-19.9,3336,42.77
2026-09-10T14:12:34.580,1789029754.5801,2867,-1150,-14.74,3336,42.77
2026-09-10T14:12:34.580,1789029754.5801,2868,742,9.51,3336,42.77
2026-09-10T14:12:34.580,1789029754.5801,2869,1908,24.46,3460,44.36
2026-09-10T14:12:34.594,1789029754.5945,2870,76,0.97,3058,39.21
2026-09-10T14:12:34.594,1789029754.5945,2871,-1400,-17.95,3308,42.41
2026-09-10T14:12:34.610,1789029754.6102,2872,1102,14.13,3308,42.41
2026-09-10T14:12:34.625,1789029754.6259,2873,1841,23.6,3241,41.55
2026-09-10T14:12:34.625,1789029754.6259,2874,-50,-0.64,3241,41.55
2026-09-10T14:12:34.625,1789029754.6259,2875,-1177,-15.09,3018,38.69
2026-09-10T14:12:34.625,1789029754.6259,2876,1472,18.87,3018,38.69
2026-09-10T14:12:34.641,1789029754.6417,2877,1686,21.62,2863,36.71
2026-09-10T14:12:34.641,1789029754.6417,2878,-180,-2.31,2863,36.71
2026-09-10T14:12:34.641,1789029754.6417,2879,-2372,-30.41,4058,52.03
2026-09-10T14:12:34.657,1789029754.6575,2880,1774,22.74,4146,53.15
2026-09-10T14:12:34.676,1789029754.6765,2881,1519,19.47,4146,53.15
2026-09-10T14:12:34.680,1789029754.6807,2882,-351,-4.5,4146,53.15
2026-09-10T14:12:34.688,1789029754.6888,2883,-2366,-30.33,4140,53.08
2026-09-10T14:12:34.688,1789029754.6888,2884,1970,25.26,4336,55.59
2026-09-10T14:12:34.688,1789029754.6888,2885,1303,16.71,4336,55.59
2026-09-10T14:12:34.704,1789029754.7046,2886,-602,-7.72,4336,55.59
2026-09-10T14:12:34.704,1789029754.7046,2887,-2256,-28.92,4226,54.18
2026-09-10T14:12:34.704,1789029754.7046,2888,-555,-7.12,3559,45.63
2026-09-10T14:12:34.704,1789029754.7046,2889,1143,14.65,3399,43.58
2026-09-10T14:12:34.704,1789029754.7046,2890,-942,-12.08,3399,43.58
2026-09-10T14:12:34.720,1789029754.7203,2891,-2110,-27.05,3253,41.71
2026-09-10T14:12:34.720,1789029754.7203,2892,-302,-3.87,3253,41.71
2026-09-10T14:12:34.720,1789029754.7203,2893,907,11.63,3017,38.68
2026-09-10T14:12:34.720,1789029754.7203,2894,-1248,-16.0,3017,38.68
2026-09-10T14:12:34.736,1789029754.7361,2895,-1931,-24.76,2838,36.38
2026-09-10T14:12:34.736,1789029754.7361,2896,-32,-0.41,2838,36.38
2026-09-10T14:12:34.736,1789029754.7361,2897,696,8.92,2627,33.68
2026-09-10T14:12:34.736,1789029754.7361,2898,-1543,-19.78,2627,33.68
2026-09-10T14:12:34.751,1789029754.7517,2899,-1713,-21.96,2409,30.88
2026-09-10T14:12:34.751,1789029754.7517,2900,198,2.54,2409,30.88
2026-09-10T14:12:34.751,1789029754.7517,2901,2005,25.71,3718,47.67
2026-09-10T14:12:34.767,1789029754.7675,2902,-1736,-22.26,3741,47.96
2026-09-10T14:12:34.775,1789029754.7755,2903,-1506,-19.31,3741,47.96
2026-09-10T14:12:34.778,1789029754.7785,2904,472,6.05,3741,47.96
2026-09-10T14:12:34.780,1789029754.7804,2905,1858,23.82,3594,46.08
2026-09-10T14:12:34.783,1789029754.7835,2906,-2057,-26.37,3915,50.19
2026-09-10T14:12:34.789,1789029754.7895,2907,-1613,-20.68,3915,50.19
2026-09-10T14:12:34.795,1789029754.7955,2908,341,4.37,3915,50.19
2026-09-10T14:12:34.796,1789029754.7965,2909,1256,16.1,3313,42.47
2026-09-10T14:12:34.796,1789029754.7965,2910,-333,-4.27,2869,36.78
2026-09-10T14:12:34.812,1789029754.8122,2911,-1435,-18.4,2691,34.5
2026-09-10T14:12:34.812,1789029754.8122,2912,659,8.45,2691,34.5
2026-09-10T14:12:34.812,1789029754.8122,2913,1140,14.62,2575,33.01
2026-09-10T14:12:34.828,1789029754.8280,2914,-420,-5.38,2575,33.01
2026-09-10T14:12:34.828,1789029754.8280,2915,-1222,-15.67,2362,30.28
2026-09-10T14:12:34.828,1789029754.8280,2916,966,12.38,2362,30.28
2026-09-10T14:12:34.843,1789029754.8439,2917,1015,13.01,2237,28.68
2026-09-10T14:12:34.846,1789029754.8469,2918,-477,-6.12,2237,28.68
2026-09-10T14:12:34.846,1789029754.8469,2919,-2139,-27.42,3154,40.44
2026-09-10T14:12:34.846,1789029754.8469,2920,1225,15.71,3364,43.13
2026-09-10T14:12:34.859,1789029754.8595,2921,900,11.54,3364,43.13
2026-09-10T14:12:34.859,1789029754.8595,2922,-584,-7.49,3364,43.13
2026-09-10T14:12:34.859,1789029754.8595,2923,-2065,-26.47,3290,42.18
2026-09-10T14:12:34.859,1789029754.8595,2924,1410,18.08,3475,44.55
2026-09-10T14:12:34.859,1789029754.8595,2925,784,10.05,3475,44.55
2026-09-10T14:12:34.859,1789029754.8595,2926,-783,-10.04,3475,44.55
2026-09-10T14:12:34.892,1789029754.8928,2927,-1964,-25.18,3374,43.26
2026-09-10T14:12:34.892,1789029754.8928,2928,-544,-6.97,2748,35.23
2026-09-10T14:12:34.907,1789029754.9076,2929,664,8.51,2628,33.69
2026-09-10T14:12:34.907,1789029754.9076,2930,-1018,-13.05,2628,33.69
2026-09-10T14:12:34.918,1789029754.9183,2931,-1842,-23.62,2506,32.13
2026-09-10T14:12:34.922,1789029754.9229,2932,-315,-4.04,2506,32.13
2026-09-10T14:12:34.922,1789029754.9229,2933,536,6.87,2378,30.49
2026-09-10T14:12:34.922,1789029754.9229,2934,-1270,-16.28,2378,30.49
2026-09-10T14:12:34.938,1789029754.9387,2935,-1685,-21.6,2221,28.47
2026-09-10T14:12:34.938,1789029754.9387,2936,-67,-0.86,2221,28.47
2026-09-10T14:12:34.954,1789029754.9545,2937,431,5.53,2116,27.13
2026-09-10T14:12:34.954,1789029754.9545,2938,-1455,-18.65,2116,27.13
2026-09-10T14:12:34.954,1789029754.9545,2939,-1485,-19.04,1916,24.56
2026-09-10T14:12:34.970,1789029754.9701,2940,189,2.42,1916,24.56
2026-09-10T14:12:34.970,1789029754.9701,2941,1660,21.28,3145,40.32
2026-09-10T14:12:34.970,1789029754.9701,2942,-1608,-20.62,3268,41.9
2026-09-10T14:12:34.980,1789029754.9801,2943,-1293,-16.58,3268,41.9
2026-09-10T14:12:34.985,1789029754.9859,2944,488,6.26,3268,41.9
2026-09-10T14:12:34.985,1789029754.9859,2945,1666,21.36,3274,41.97
2026-09-10T14:12:34.985,1789029754.9859,2946,-1709,-21.91,3375,43.27
2026-09-10T14:12:34.985,1789029754.9859,2947,-1115,-14.29,3375,43.27
2026-09-10T14:12:35.001,1789029755.0016,2948,838,10.74,3375,43.27
2026-09-10T14:12:35.001,1789029755.0016,2949,1614,20.69,3323,42.6
2026-09-10T14:12:35.001,1789029755.0016,2950,72,0.92,2729,34.99
2026-09-10T14:12:35.017,1789029755.0173,2951,-929,-11.91,2543,32.6
2026-09-10T14:12:35.017,1789029755.0173,2952,1178,15.1,2543,32.6
2026-09-10T14:12:35.017,1789029755.0173,2953,1482,19.0,2411,30.91
2026-09-10T14:12:35.017,1789029755.0173,2954,8,0.1,2411,30.91
2026-09-10T14:12:35.017,1789029755.0173,2955,-709,-9.09,2191,28.09
2026-09-10T14:12:35.032,1789029755.0330,2956,1466,18.79,2191,28.09
2026-09-10T14:12:35.032,1789029755.0330,2957,1392,17.85,2175,27.88
2026-09-10T14:12:35.032,1789029755.0330,2958,-106,-1.36,2175,27.88
2026-09-10T14:12:35.032,1789029755.0330,2959,-1757,-22.53,3223,41.32
2026-09-10T14:12:35.048,1789029755.0488,2960,1640,21.03,3397,43.55
2026-09-10T14:12:35.048,1789029755.0488,2961,1237,15.86,3397,43.55
2026-09-10T14:12:35.066,1789029755.0660,2962,-271,-3.47,3397,43.55
2026-09-10T14:12:35.071,1789029755.0715,2963,-1714,-21.97,3354,43.0
2026-09-10T14:12:35.080,1789029755.0801,2964,1762,22.59,3476,44.56
2026-09-10T14:12:35.080,1789029755.0801,2965,1027,13.17,3476,44.56
2026-09-10T14:12:35.080,1789029755.0801,2966,-541,-6.94,3476,44.56
2026-09-10T14:12:35.080,1789029755.0801,2967,-1659,-21.27,3421,43.86
2026-09-10T14:12:35.080,1789029755.0801,2968,-213,-2.73,2686,34.44
2026-09-10T14:12:35.095,1789029755.0958,2969,881,11.29,2540,32.56
2026-09-10T14:12:35.095,1789029755.0958,2970,-846,-10.85,2540,32.56
2026-09-10T14:12:35.111,1789029755.1115,2971,-1551,-19.88,2432,31.18
2026-09-10T14:12:35.111,1789029755.1115,2972,-25,-0.32,2432,31.18
2026-09-10T14:12:35.111,1789029755.1115,2973,728,9.33,2279,29.22
2026-09-10T14:12:35.111,1789029755.1115,2974,-1143,-14.65,2279,29.22
2026-09-10T14:12:35.111,1789029755.1115,2975,-1430,-18.33,2158,27.67
2026-09-10T14:12:35.127,1789029755.1276,2976,195,2.5,2158,27.67
2026-09-10T14:12:35.127,1789029755.1276,2977,1835,23.53,3265,41.86
2026-09-10T14:12:35.127,1789029755.1276,2978,-1347,-17.27,3265,41.86
2026-09-10T14:12:35.127,1789029755.1276,2979,-1290,-16.54,3182,40.79
2026-09-10T14:12:35.143,1789029755.1433,2980,439,5.63,3182,40.79
2026-09-10T14:12:35.159,1789029755.1590,2981,1826,23.41,3173,40.68
2026-09-10T14:12:35.159,1789029755.1590,2982,-1515,-19.42,3341,42.83
2026-09-10T14:12:35.174,1789029755.1747,2983,-1133,-14.53,3341,42.83
2026-09-10T14:12:35.180,1789029755.1802,2984,703,9.01,3341,42.83
2026-09-10T14:12:35.180,1789029755.1802,2985,1761,22.58,3276,42.0
2026-09-10T14:12:35.190,1789029755.1906,2986,-1619,-20.76,3380,43.33
2026-09-10T14:12:35.190,1789029755.1906,2987,-973,-12.47,3380,43.33
2026-09-10T14:12:35.206,1789029755.2064,2988,1007,12.91,3380,43.33
2026-09-10T14:12:35.206,1789029755.2064,2989,1655,21.22,3274,41.97
2026-09-10T14:12:35.222,1789029755.2222,2990,124,1.59,2628,33.69
2026-09-10T14:12:35.222,1789029755.2222,2991,-813,-10.42,2468,31.64
2026-09-10T14:12:35.222,1789029755.2222,2992,1322,16.95,2468,31.64
2026-09-10T14:12:35.237,1789029755.2379,2993,1557,19.96,2370,30.38
2026-09-10T14:12:35.237,1789029755.2379,2994,-5,-0.06,2370,30.38
2026-09-10T14:12:35.237,1789029755.2379,2995,-623,-7.99,2180,27.95
2026-09-10T14:12:35.237,1789029755.2379,2996,1536,19.69,2180,27.95
2026-09-10T14:12:35.237,1789029755.2379,2997,1366,17.51,2159,27.68
2026-09-10T14:12:35.237,1789029755.2379,2998,-108,-1.38,2159,27.68
2026-09-10T14:12:35.237,1789029755.2379,2999,-1703,-21.83,3239,41.53
2026-09-10T14:12:35.253,1789029755.2536,3000,1705,21.86,3408,43.69
2026-09-10T14:12:35.253,1789029755.2536,3001,1215,15.58,3408,43.69
2026-09-10T14:12:35.253,1789029755.2536,3002,-318,-4.08,3408,43.69
2026-09-10T14:12:35.253,1789029755.2536,3003,-1665,-21.35,3370,43.21
2026-09-10T14:12:35.269,1789029755.2693,3004,1815,23.27,3480,44.62
2026-09-10T14:12:35.269,1789029755.2693,3005,1016,13.03,3480,44.62
2026-09-10T14:12:35.280,1789029755.2803,3006,-628,-8.05,3480,44.62
2026-09-10T14:12:35.280,1789029755.2803,3007,-1606,-20.59,3421,43.86
2026-09-10T14:12:35.284,1789029755.2850,3008,-119,-1.53,2622,33.62
2026-09-10T14:12:35.284,1789029755.2850,3009,838,10.74,2444,31.33
2026-09-10T14:12:35.284,1789029755.2850,3010,-929,-11.91,2444,31.33
2026-09-10T14:12:35.300,1789029755.3007,3011,-1522,-19.51,2360,30.26
2026-09-10T14:12:35.300,1789029755.3007,3012,64,0.82,2360,30.26
2026-09-10T14:12:35.316,1789029755.3165,3013,717,9.19,2239,28.71
2026-09-10T14:12:35.316,1789029755.3165,3014,-1190,-15.26,2239,28.71
2026-09-10T14:12:35.316,1789029755.3165,3015,-2673,-34.27,3390,43.46
2026-09-10T14:12:35.316,1789029755.3165,3016,-35,-0.45,3390,43.46
2026-09-10T14:12:35.332,1789029755.3322,3017,3289,42.17,5962,76.44
2026-09-10T14:12:35.332,1789029755.3322,3018,-2592,-33.23,5962,76.44
2026-09-10T14:12:35.347,1789029755.3480,3019,-2662,-34.13,5951,76.29
2026-09-10T14:12:35.347,1789029755.3480,3020,569,7.29,5951,76.29
2026-09-10T14:12:35.347,1789029755.3480,3021,3454,44.28,6116,78.41
2026-09-10T14:12:35.363,1789029755.3637,3022,-2807,-35.99,6261,80.27
2026-09-10T14:12:35.363,1789029755.3637,3023,-2316,-29.69,6261,80.27
2026-09-10T14:12:35.363,1789029755.3637,3024,1213,15.55,6261,80.27
2026-09-10T14:12:35.363,1789029755.3637,3025,3421,43.86,6228,79.85
2026-09-10T14:12:35.382,1789029755.3825,3026,-3067,-39.32,6488,83.18
2026-09-10T14:12:35.383,1789029755.3835,3027,-2091,-26.81,6488,83.18
2026-09-10T14:12:35.383,1789029755.3835,3028,1813,23.24,6488,83.18
2026-09-10T14:12:35.390,1789029755.3908,3029,3206,41.1,6273,80.42
2026-09-10T14:12:35.394,1789029755.3948,3030,413,5.29,5297,67.91
2026-09-10T14:12:35.405,1789029755.4055,3031,-1816,-23.28,5022,64.38
2026-09-10T14:12:35.410,1789029755.4106,3032,2404,30.82,5022,64.38
2026-09-10T14:12:35.410,1789029755.4106,3033,3002,38.49,4818,61.77
2026-09-10T14:12:35.426,1789029755.4263,3034,158,2.03,4818,61.77
2026-09-10T14:12:35.426,1789029755.4263,3035,-1497,-19.19,4499,57.68
2026-09-10T14:12:35.426,1789029755.4263,3036,2801,35.91,4499,57.68
2026-09-10T14:12:35.441,1789029755.4420,3037,2710,34.74,4298,55.1
2026-09-10T14:12:35.441,1789029755.4420,3038,-105,-1.35,4298,55.1
2026-09-10T14:12:35.441,1789029755.4420,3039,-3380,-43.33,6181,79.24
2026-09-10T14:12:35.462,1789029755.4625,3040,3070,39.36,6450,82.69
2026-09-10T14:12:35.473,1789029755.4734,3041,2338,29.97,6450,82.69
2026-09-10T14:12:35.480,1789029755.4804,3042,-588,-7.54,6450,82.69
2026-09-10T14:12:35.489,1789029755.4895,3043,-3305,-42.37,6375,81.73
2026-09-10T14:12:35.489,1789029755.4895,3044,3259,41.78,6564,84.15
2026-09-10T14:12:35.489,1789029755.4895,3045,2070,26.54,6564,84.15
2026-09-10T14:12:35.489,1789029755.4895,3046,-1138,-14.59,6564,84.15
2026-09-10T14:12:35.505,1789029755.5053,3047,-3185,-40.83,6444,82.62
2026-09-10T14:12:35.505,1789029755.5053,3048,-497,-6.37,5255,67.37
2026-09-10T14:12:35.505,1789029755.5053,3049,1768,22.67,4953,63.5
2026-09-10T14:12:35.505,1789029755.5053,3050,-1623,-20.81,4953,63.5
2026-09-10T14:12:35.505,1789029755.5053,3051,-2929,-37.55,4697,60.22
2026-09-10T14:12:35.505,1789029755.5053,3052,-81,-1.04,4697,60.22
2026-09-10T14:12:35.521,1789029755.5210,3053,1426,18.28,4355,55.83
2026-09-10T14:12:35.521,1789029755.5210,3054,-2060,-26.41,4355,55.83
2026-09-10T14:12:35.521,1789029755.5210,3055,-2512,-32.21,3938,50.49
2026-09-10T14:12:35.521,1789029755.5210,3056,310,3.97,3938,50.49
2026-09-10T14:12:35.536,1789029755.5367,3057,2621,33.6,5133,65.81
2026-09-10T14:12:35.536,1789029755.5367,3058,-1971,-25.27,5133,65.81
2026-09-10T14:12:35.536,1789029755.5367,3059,-1663,-21.32,4592,58.87
2026-09-10T14:12:35.536,1789029755.5367,3060,255,3.27,4592,58.87
2026-09-10T14:12:35.552,1789029755.5524,3061,1502,19.26,3473,44.53
2026-09-10T14:12:35.552,1789029755.5524,3062,-1888,-24.21,3390,43.46
2026-09-10T14:12:35.552,1789029755.5524,3063,-1312,-16.82,3390,43.46
2026-09-10T14:12:35.568,1789029755.5681,3064,657,8.42,3390,43.46
2026-09-10T14:12:35.568,1789029755.5681,3065,1490,19.1,3378,43.31
2026-09-10T14:12:35.568,1789029755.5681,3066,-1831,-23.47,3321,42.58
2026-09-10T14:12:35.583,1789029755.5838,3067,-1028,-13.18,3321,42.58
2026-09-10T14:12:35.599,1789029755.5996,3068,1044,13.38,3321,42.58
2026-09-10T14:12:35.599,1789029755.5996,3069,1448,18.56,3279,42.04
2026-09-10T14:12:35.615,1789029755.6153,3070,-78,-1.0,2476,31.74
2026-09-10T14:12:35.615,1789029755.6153,3071,-855,-10.96,2303,29.53
2026-09-10T14:12:35.615,1789029755.6153,3072,1357,17.4,2303,29.53
2026-09-10T14:12:35.615,1789029755.6153,3073,1311,16.81,2212,28.36
2026-09-10T14:12:35.631,1789029755.6310,3074,-150,-1.92,2212,28.36
2026-09-10T14:12:35.631,1789029755.6310,3075,-606,-7.77,1963,25.17
2026-09-10T14:12:35.631,1789029755.6310,3076,1540,19.74,2146,27.51
2026-09-10T14:12:35.646,1789029755.6468,3077,1158,14.85,2146,27.51
2026-09-10T14:12:35.646,1789029755.6468,3078,-318,-4.08,2146,27.51
2026-09-10T14:12:35.646,1789029755.6468,3079,-1773,-22.73,3313,42.47
2026-09-10T14:12:35.646,1789029755.6468,3080,1684,21.59,3457,44.32
2026-09-10T14:12:35.646,1789029755.6468,3081,1021,13.09,3457,44.32
2026-09-10T14:12:35.646,1789029755.6468,3082,-599,-7.68,3457,44.32
2026-09-10T14:12:35.662,1789029755.6627,3083,-1720,-22.05,3404,43.64
2026-09-10T14:12:35.662,1789029755.6627,3084,1715,21.99,3435,44.04
2026-09-10T14:12:35.662,1789029755.6627,3085,841,10.78,3435,44.04
2026-09-10T14:12:35.680,1789029755.6804,3086,-871,-11.17,3435,44.04
2026-09-10T14:12:35.694,1789029755.6941,3087,-1607,-20.6,3322,42.59
2026-09-10T14:12:35.694,1789029755.6941,3088,-89,-1.14,2448,31.38
2026-09-10T14:12:35.694,1789029755.6941,3089,704,9.03,2311,29.63
2026-09-10T14:12:35.694,1789029755.6941,3090,-1118,-14.33,2311,29.63
2026-09-10T14:12:35.709,1789029755.7098,3091,-1462,-18.74,2166,27.77
2026-09-10T14:12:35.725,1789029755.7256,3092,140,1.79,2166,27.77
2026-09-10T14:12:35.725,1789029755.7256,3093,548,7.03,2010,25.77
2026-09-10T14:12:35.725,1789029755.7256,3094,-1358,-17.41,2010,25.77
2026-09-10T14:12:35.741,1789029755.7413,3095,-1317,-16.88,1906,24.44
2026-09-10T14:12:35.741,1789029755.7413,3096,349,4.47,1906,24.44
2026-09-10T14:12:35.756,1789029755.7569,3097,1779,22.81,3137,40.22
2026-09-10T14:12:35.756,1789029755.7569,3098,-1513,-19.4,3292,42.21
2026-09-10T14:12:35.756,1789029755.7569,3099,-1163,-14.91,3292,42.21
2026-09-10T14:12:35.756,1789029755.7569,3100,633,8.12,3292,42.21
2026-09-10T14:12:35.772,1789029755.7727,3101,1739,22.29,3252,41.69
2026-09-10T14:12:35.772,1789029755.7727,3102,-1597,-20.47,3336,42.77
2026-09-10T14:12:35.772,1789029755.7727,3103,-1019,-13.06,3336,42.77
2026-09-10T14:12:35.780,1789029755.7804,3104,961,12.32,3336,42.77
2026-09-10T14:12:35.780,1789029755.7804,3105,1649,21.14,3246,41.62
2026-09-10T14:12:35.780,1789029755.7804,3106,-1690,-21.67,3339,42.81
2026-09-10T14:12:35.780,1789029755.7804,3107,-835,-10.71,3339,42.81
2026-09-10T14:12:35.788,1789029755.7885,3108,1264,16.21,3339,42.81
2026-09-10T14:12:35.788,1789029755.7885,3109,1527,19.58,3217,41.24
2026-09-10T14:12:35.788,1789029755.7885,3110,29,0.37,2362,30.28
2026-09-10T14:12:35.804,1789029755.8041,3111,-664,-8.51,2191,28.09
2026-09-10T14:12:35.804,1789029755.8041,3112,1523,19.53,2191,28.09
2026-09-10T14:12:35.804,1789029755.8041,3113,1361,17.45,2187,28.04
2026-09-10T14:12:35.804,1789029755.8041,3114,-125,-1.6,2187,28.04
2026-09-10T14:12:35.822,1789029755.8227,3115,-493,-6.32,2016,25.85
2026-09-10T14:12:35.822,1789029755.8227,3116,1677,21.5,2170,27.82
2026-09-10T14:12:35.835,1789029755.8355,3117,1182,15.15,2170,27.82
2026-09-10T14:12:35.835,1789029755.8355,3118,-319,-4.09,2170,27.82
2026-09-10T14:12:35.835,1789029755.8355,3119,-1717,-22.01,3394,43.51
2026-09-10T14:12:35.851,1789029755.8517,3120,1751,22.45,3468,44.46
2026-09-10T14:12:35.857,1789029755.8576,3121,992,12.72,3468,44.46
2026-09-10T14:12:35.862,1789029755.8625,3122,-620,-7.95,3468,44.46
2026-09-10T14:12:35.866,1789029755.8670,3123,-1650,-21.15,3401,43.6
2026-09-10T14:12:35.866,1789029755.8670,3124,1797,23.04,3447,44.19
2026-09-10T14:12:35.882,1789029755.8827,3125,850,10.9,3447,44.19
2026-09-10T14:12:35.882,1789029755.8827,3126,-913,-11.71,3447,44.19
2026-09-10T14:12:35.892,1789029755.8921,3127,-1553,-19.91,3350,42.95
2026-09-10T14:12:35.892,1789029755.8921,3128,13,0.17,2403,30.81
2026-09-10T14:12:35.898,1789029755.8984,3129,666,8.54,2219,28.45
2026-09-10T14:12:35.900,1789029755.9002,3130,-1181,-15.14,2219,28.45
2026-09-10T14:12:35.900,1789029755.9002,3131,-1404,-18.0,2070,26.54
2026-09-10T14:12:35.914,1789029755.9140,3132,209,2.68,2070,26.54
2026-09-10T14:12:35.914,1789029755.9140,3133,509,6.53,1913,24.53
2026-09-10T14:12:35.914,1789029755.9140,3134,-1385,-17.76,1913,24.53
2026-09-10T14:12:35.914,1789029755.9140,3135,-1259,-16.14,1894,24.28
2026-09-10T14:12:35.932,1789029755.9323,3136,458,5.87,1894,24.28
2026-09-10T14:12:35.932,1789029755.9323,3137,1784,22.87,3169,40.63
2026-09-10T14:12:35.936,1789029755.9366,3138,-1528,-19.59,3312,42.46
2026-09-10T14:12:35.937,1789029755.9376,3139,-1134,-14.54,3312,42.46
2026-09-10T14:12:35.937,1789029755.9376,3140,714,9.15,3312,42.46
2026-09-10T14:12:35.961,1789029755.9611,3141,1707,21.88,3235,41.47
2026-09-10T14:12:35.961,1789029755.9611,3142,-1648,-21.13,3355,43.01
2026-09-10T14:12:35.976,1789029755.9770,3143,-954,-12.23,3355,43.01
2026-09-10T14:12:35.980,1789029755.9805,3144,1054,13.51,3355,43.01
2026-09-10T14:12:35.980,1789029755.9805,3145,1630,20.9,3278,42.03
2026-09-10T14:12:35.992,1789029755.9926,3146,-1689,-21.65,3319,42.55
2026-09-10T14:12:35.992,1789029755.9926,3147,-778,-9.97,3319,42.55
2026-09-10T14:12:35.992,1789029755.9926,3148,1357,17.4,3319,42.55
2026-09-10T14:12:35.992,1789029755.9926,3149,1491,19.12,3180,40.77
2026-09-10T14:12:36.008,1789029756.0085,3150,-6,-0.08,2269,29.09
2026-09-10T14:12:36.032,1789029756.0322,3151,-608,-7.79,2099,26.91
2026-09-10T14:12:36.032,1789029756.0322,3152,1579,20.24,2187,28.04
2026-09-10T14:12:36.039,1789029756.0399,3153,1313,16.83,2187,28.04
2026-09-10T14:12:36.039,1789029756.0399,3154,-145,-1.86,2187,28.04
2026-09-10T14:12:36.039,1789029756.0399,3155,-449,-5.76,2028,26.0
2026-09-10T14:12:36.039,1789029756.0399,3156,1728,22.15,2177,27.91
2026-09-10T14:12:36.039,1789029756.0399,3157,1150,14.74,2177,27.91
2026-09-10T14:12:36.039,1789029756.0399,3158,-399,-5.12,2177,27.91
2026-09-10T14:12:36.055,1789029756.0555,3159,-1661,-21.29,3389,43.45
2026-09-10T14:12:36.055,1789029756.0555,3160,1806,23.15,3467,44.45
2026-09-10T14:12:36.055,1789029756.0555,3161,1019,13.06,3467,44.45
2026-09-10T14:12:36.055,1789029756.0555,3162,-661,-8.47,3467,44.45
2026-09-10T14:12:36.071,1789029756.0714,3163,-1578,-20.23,3384,43.38
2026-09-10T14:12:36.071,1789029756.0714,3164,1856,23.79,3434,44.03
2026-09-10T14:12:36.071,1789029756.0714,3165,841,10.78,3434,44.03
2026-09-10T14:12:36.080,1789029756.0806,3166,-950,-12.18,3434,44.03
2026-09-10T14:12:36.086,1789029756.0870,3167,-1450,-18.59,3306,42.38
2026-09-10T14:12:36.086,1789029756.0870,3168,103,1.32,2291,29.37
2026-09-10T14:12:36.086,1789029756.0870,3169,695,8.91,2145,27.5
2026-09-10T14:12:36.086,1789029756.0870,3170,-1211,-15.53,2145,27.5
2026-09-10T14:12:36.102,1789029756.1028,3171,-2586,-33.15,3281,42.06
2026-09-10T14:12:36.102,1789029756.1028,3172,-36,-0.46,3281,42.06
2026-09-10T14:12:36.118,1789029756.1185,3173,931,11.94,3517,45.09
2026-09-10T14:12:36.118,1789029756.1185,3174,-2712,-34.77,3643,46.71
2026-09-10T14:12:36.124,1789029756.1248,3175,-2702,-34.64,3643,46.71
2026-09-10T14:12:36.126,1789029756.1268,3176,589,7.55,3643,46.71
2026-09-10T14:12:36.136,1789029756.1362,3177,3295,42.24,6007,77.01
2026-09-10T14:12:36.145,1789029756.1456,3178,-2829,-36.27,6124,78.51
2026-09-10T14:12:36.150,1789029756.1500,3179,-2282,-29.26,6124,78.51
2026-09-10T14:12:36.150,1789029756.1500,3180,1279,16.4,6124,78.51
2026-09-10T14:12:36.166,1789029756.1662,3181,3342,42.85,6171,79.12
2026-09-10T14:12:36.166,1789029756.1662,3182,-3042,-39.0,6384,81.85
2026-09-10T14:12:36.166,1789029756.1662,3183,-1974,-25.31,6384,81.85
2026-09-10T14:12:36.166,1789029756.1662,3184,1974,25.31,6384,81.85
2026-09-10T14:12:36.166,1789029756.1662,3185,3198,41.0,6240,80.0
2026-09-10T14:12:36.182,1789029756.1822,3186,453,5.81,5172,66.31
2026-09-10T14:12:36.182,1789029756.1822,3187,-1664,-21.33,4862,62.33
2026-09-10T14:12:36.182,1789029756.1822,3188,2486,31.87,4862,62.33
2026-09-10T14:12:36.197,1789029756.1979,3189,2965,38.01,4629,59.35
2026-09-10T14:12:36.197,1789029756.1979,3190,209,2.68,4629,59.35
2026-09-10T14:12:36.197,1789029756.1979,3191,-1367,-17.53,4332,55.54
2026-09-10T14:12:36.197,1789029756.1979,3192,2847,36.5,4332,55.54
2026-09-10T14:12:36.197,1789029756.1979,3193,2643,33.88,4214,54.03
2026-09-10T14:12:36.213,1789029756.2137,3194,-215,-2.76,4214,54.03
2026-09-10T14:12:36.213,1789029756.2137,3195,-1125,-14.42,3972,50.92
2026-09-10T14:12:36.213,1789029756.2137,3196,3119,39.99,4244,54.41
2026-09-10T14:12:36.229,1789029756.2297,3197,2323,29.78,4244,54.41
2026-09-10T14:12:36.256,1789029756.2568,3198,-638,-8.18,4244,54.41
2026-09-10T14:12:36.259,1789029756.2591,3199,-3284,-42.1,6403,82.09
2026-09-10T14:12:36.261,1789029756.2616,3200,3288,42.15,6572,84.26
2026-09-10T14:12:36.261,1789029756.2616,3201,2019,25.88,6572,84.26
2026-09-10T14:12:36.280,1789029756.2804,3202,-1212,-15.54,6572,84.26
2026-09-10T14:12:36.280,1789029756.2804,3203,-3072,-39.38,6360,81.54
2026-09-10T14:12:36.280,1789029756.2804,3204,3342,42.85,6414,82.23
2026-09-10T14:12:36.293,1789029756.2933,3205,1645,21.09,6414,82.23
2026-09-10T14:12:36.309,1789029756.3095,3206,-1726,-22.13,6414,82.23
2026-09-10T14:12:36.309,1789029756.3095,3207,-2859,-36.65,6201,79.5
2026-09-10T14:12:36.309,1789029756.3095,3208,-60,-0.77,4504,57.74
2026-09-10T14:12:36.309,1789029756.3095,3209,1232,15.79,4091,52.45
2026-09-10T14:12:36.309,1789029756.3095,3210,-2161,-27.71,4091,52.45
2026-09-10T14:12:36.325,1789029756.3253,3211,-2525,-32.37,3757,48.17
2026-09-10T14:12:36.325,1789029756.3253,3212,-211,-2.71,3757,48.17
2026-09-10T14:12:36.325,1789029756.3253,3213,-1253,-16.06,2314,29.67
2026-09-10T14:12:36.325,1789029756.3253,3214,-3256,-41.74,3045,39.04
2026-09-10T14:12:36.325,1789029756.3253,3215,-2811,-36.04,3045,39.04
2026-09-10T14:12:36.341,1789029756.3411,3216,-820,-10.51,2436,31.23
2026-09-10T14:12:36.341,1789029756.3411,3217,451,5.78,3707,47.53
2026-09-10T14:12:36.341,1789029756.3411,3218,-2663,-34.14,3262,41.82
2026-09-10T14:12:36.341,1789029756.3411,3219,-1993,-25.55,3114,39.92
2026-09-10T14:12:36.341,1789029756.3411,3220,63,0.81,3114,39.92
2026-09-10T14:12:36.356,1789029756.3568,3221,867,11.12,3530,45.26
2026-09-10T14:12:36.356,1789029756.3568,3222,-2298,-29.46,3165,40.58
2026-09-10T14:12:36.356,1789029756.3568,3223,-1450,-18.59,3165,40.58
2026-09-10T14:12:36.372,1789029756.3725,3224,720,9.23,3165,40.58
2026-09-10T14:12:36.383,1789029756.3831,3225,1073,13.76,3371,43.22
2026-09-10T14:12:36.383,1789029756.3831,3226,-407,-5.22,2523,32.35
2026-09-10T14:12:36.388,1789029756.3887,3227,-1045,-13.4,2118,27.15
2026-09-10T14:12:36.388,1789029756.3887,3228,1155,14.81,2200,28.21
2026-09-10T14:12:36.388,1789029756.3887,3229,1075,13.78,2200,28.21
2026-09-10T14:12:36.403,1789029756.4038,3230,-374,-4.79,2200,28.21
2026-09-10T14:12:36.403,1789029756.4038,3231,-733,-9.4,1888,24.21
2026-09-10T14:12:36.403,1789029756.4038,3232,1426,18.28,2159,27.68
2026-09-10T14:12:36.403,1789029756.4038,3233,1017,13.04,2159,27.68
2026-09-10T14:12:36.419,1789029756.4196,3234,-463,-5.94,2159,27.68
2026-09-10T14:12:36.419,1789029756.4196,3235,-502,-6.44,1928,24.72
2026-09-10T14:12:36.419,1789029756.4196,3236,1600,20.51,2102,26.95
2026-09-10T14:12:36.435,1789029756.4354,3237,925,11.86,2102,26.95
2026-09-10T14:12:36.435,1789029756.4354,3238,-634,-8.13,2234,28.64
2026-09-10T14:12:36.435,1789029756.4354,3239,-1728,-22.15,3328,42.67
2026-09-10T14:12:36.435,1789029756.4354,3240,1744,22.36,3472,44.51
2026-09-10T14:12:36.451,1789029756.4510,3241,805,10.32,3472,44.51
2026-09-10T14:12:36.451,1789029756.4510,3242,-906,-11.62,3472,44.51
2026-09-10T14:12:36.466,1789029756.4667,3243,-1582,-20.28,3326,42.64
2026-09-10T14:12:36.466,1789029756.4667,3244,1776,22.77,3358,43.05
2026-09-10T14:12:36.466,1789029756.4667,3245,685,8.78,3358,43.05
2026-09-10T14:12:36.480,1789029756.4806,3246,-1154,-14.79,3358,43.05
2026-09-10T14:12:36.482,1789029756.4823,3247,-1437,-18.42,3213,41.19
2026-09-10T14:12:36.482,1789029756.4823,3248,165,2.12,2122,27.21
2026-09-10T14:12:36.482,1789029756.4823,3249,529,6.78,1966,25.21
2026-09-10T14:12:36.482,1789029756.4823,3250,-1349,-17.29,1966,25.21
2026-09-10T14:12:36.513,1789029756.5138,3251,-1276,-16.36,1878,24.08
2026-09-10T14:12:36.513,1789029756.5138,3252,405,5.19,1878,24.08
2026-09-10T14:12:36.513,1789029756.5138,3253,404,5.18,1754,22.49
2026-09-10T14:12:36.529,1789029756.5295,3254,-1497,-19.19,1902,24.38
2026-09-10T14:12:36.529,1789029756.5295,3255,-1115,-14.29,1902,24.38
2026-09-10T14:12:36.529,1789029756.5295,3256,717,9.19,2214,28.38
2026-09-10T14:12:36.545,1789029756.5452,3257,1758,22.54,3255,41.73
2026-09-10T14:12:36.545,1789029756.5452,3258,-1582,-20.28,3340,42.82
2026-09-10T14:12:36.545,1789029756.5452,3259,-915,-11.73,3340,42.82
2026-09-10T14:12:36.560,1789029756.5609,3260,1064,13.64,3340,42.82
2026-09-10T14:12:36.580,1789029756.5805,3261,1668,21.38,3250,41.67
2026-09-10T14:12:36.580,1789029756.5805,3262,-1631,-20.91,3299,42.29
2026-09-10T14:12:36.592,1789029756.5922,3263,-757,-9.71,3299,42.29
2026-09-10T14:12:36.592,1789029756.5922,3264,1370,17.56,3299,42.29
2026-09-10T14:12:36.592,1789029756.5922,3265,1533,19.65,3164,40.56
2026-09-10T14:12:36.592,1789029756.5922,3266,51,0.65,2290,29.36
2026-09-10T14:12:36.592,1789029756.5922,3267,-599,-7.68,2132,27.33
2026-09-10T14:12:36.592,1789029756.5922,3268,1607,20.6,2206,28.28
2026-09-10T14:12:36.608,1789029756.6080,3269,1373,17.6,2206,28.28
2026-09-10T14:12:36.608,1789029756.6080,3270,-88,-1.13,2206,28.28
2026-09-10T14:12:36.608,1789029756.6080,3271,-421,-5.4,2028,26.0
2026-09-10T14:12:36.608,1789029756.6080,3272,1732,22.21,2153,27.6
2026-09-10T14:12:36.608,1789029756.6080,3273,1222,15.67,2153,27.6
2026-09-10T14:12:36.608,1789029756.6080,3274,-283,-3.63,2153,27.6
2026-09-10T14:12:36.623,1789029756.6237,3275,-228,-2.92,2015,25.83
2026-09-10T14:12:36.623,1789029756.6237,3276,1853,23.76,2136,27.38
2026-09-10T14:12:36.623,1789029756.6237,3277,1042,13.36,2136,27.38
2026-09-10T14:12:36.641,1789029756.6417,3278,-566,-7.26,2419,31.01
2026-09-10T14:12:36.646,1789029756.6464,3279,-1544,-19.79,3397,43.55
2026-09-10T14:12:36.648,1789029756.6485,3280,1874,24.03,3418,43.82
2026-09-10T14:12:36.656,1789029756.6561,3281,903,11.58,3418,43.82
2026-09-10T14:12:36.656,1789029756.6561,3282,-896,-11.49,3418,43.82
2026-09-10T14:12:36.656,1789029756.6561,3283,-1469,-18.83,3343,42.86
2026-09-10T14:12:36.671,1789029756.6712,3284,1864,23.9,3333,42.73
2026-09-10T14:12:36.671,1789029756.6712,3285,709,9.09,3333,42.73
2026-09-10T14:12:36.680,1789029756.6804,3286,-1150,-14.74,3333,42.73
2026-09-10T14:12:36.680,1789029756.6804,3287,-1341,-17.19,3205,41.09
2026-09-10T14:12:36.686,1789029756.6869,3288,296,3.79,2050,26.28
2026-09-10T14:12:36.686,1789029756.6869,3289,564,7.23,1905,24.42
2026-09-10T14:12:36.686,1789029756.6869,3290,-1331,-17.06,1905,24.42
2026-09-10T14:12:36.702,1789029756.7026,3291,-1197,-15.35,1895,24.29
2026-09-10T14:12:36.702,1789029756.7026,3292,547,7.01,1895,24.29
2026-09-10T14:12:36.718,1789029756.7184,3293,410,5.26,1878,24.08
2026-09-10T14:12:36.718,1789029756.7184,3294,-1476,-18.92,2023,25.94
2026-09-10T14:12:36.718,1789029756.7184,3295,-994,-12.74,2023,25.94
2026-09-10T14:12:36.718,1789029756.7184,3296,870,11.15,2346,30.08
2026-09-10T14:12:36.734,1789029756.7341,3297,1771,22.71,3247,41.63
2026-09-10T14:12:36.734,1789029756.7341,3298,-1585,-20.32,3356,43.03
2026-09-10T14:12:36.734,1789029756.7341,3299,-847,-10.86,3356,43.03
2026-09-10T14:12:36.750,1789029756.7502,3300,1176,15.08,3356,43.03
2026-09-10T14:12:36.750,1789029756.7502,3301,1659,21.27,3244,41.59
2026-09-10T14:12:36.750,1789029756.7502,3302,-1644,-21.08,3303,42.35
2026-09-10T14:12:36.750,1789029756.7502,3303,-701,-8.99,3303,42.35
2026-09-10T14:12:36.766,1789029756.7661,3304,1445,18.53,3303,42.35
2026-09-10T14:12:36.766,1789029756.7661,3305,1500,19.23,3144,40.31
2026-09-10T14:12:36.766,1789029756.7661,3306,-2,-0.03,2201,28.22
2026-09-10T14:12:36.781,1789029756.7820,3307,-535,-6.86,2035,26.09
2026-09-10T14:12:36.797,1789029756.7977,3308,1627,20.86,2162,27.72
2026-09-10T14:12:36.797,1789029756.7977,3309,1340,17.18,2162,27.72
2026-09-10T14:12:36.797,1789029756.7977,3310,-153,-1.96,2162,27.72
2026-09-10T14:12:36.813,1789029756.8135,3311,-386,-4.95,2013,25.81
2026-09-10T14:12:36.813,1789029756.8135,3312,1768,22.67,2154,27.62
2026-09-10T14:12:36.813,1789029756.8135,3313,1161,14.88,2154,27.62
2026-09-10T14:12:36.829,1789029756.8295,3314,-380,-4.87,2154,27.62
2026-09-10T14:12:36.829,1789029756.8295,3315,-200,-2.56,2148,27.54
2026-09-10T14:12:36.845,1789029756.8452,3316,1837,23.55,2217,28.42
2026-09-10T14:12:36.845,1789029756.8452,3317,998,12.79,2217,28.42
2026-09-10T14:12:36.845,1789029756.8452,3318,-662,-8.49,2499,32.04
2026-09-10T14:12:36.860,1789029756.8610,3319,-1540,-19.74,3377,43.29
2026-09-10T14:12:36.860,1789029756.8610,3320,1886,24.18,3426,43.92
2026-09-10T14:12:36.860,1789029756.8610,3321,835,10.71,3426,43.92
2026-09-10T14:12:36.876,1789029756.8766,3322,-964,-12.36,3426,43.92
2026-09-10T14:12:36.876,1789029756.8766,3323,-1384,-17.74,3270,41.92
2026-09-10T14:12:36.880,1789029756.8806,3324,1900,24.36,3284,42.1
2026-09-10T14:12:36.880,1789029756.8806,3325,709,9.09,3284,42.1
2026-09-10T14:12:36.880,1789029756.8806,3326,-1198,-15.36,3284,42.1
2026-09-10T14:12:36.880,1789029756.8806,3327,-1297,-16.63,3197,40.99
2026-09-10T14:12:36.892,1789029756.8927,3328,608,7.79,2006,25.72
2026-09-10T14:12:36.892,1789029756.8927,3329,1339,17.17,2636,33.79
2026-09-10T14:12:36.892,1789029756.8927,3330,-2354,-30.18,3693,47.35
2026-09-10T14:12:36.909,1789029756.9092,3331,-2229,-28.58,3693,47.35
2026-09-10T14:12:36.909,1789029756.9092,3332,1040,13.33,3693,47.35
2026-09-10T14:12:36.909,1789029756.9092,3333,1002,12.85,3394,43.51
2026-09-10T14:12:36.909,1789029756.9092,3334,-2746,-35.21,3786,48.54
2026-09-10T14:12:36.923,1789029756.9235,3335,-2143,-27.47,3786,48.54
2026-09-10T14:12:36.923,1789029756.9235,3336,1573,20.17,4319,55.37
2026-09-10T14:12:36.923,1789029756.9235,3337,3475,44.55,6221,79.76
2026-09-10T14:12:36.923,1789029756.9235,3338,-2982,-38.23,6457,82.78
2026-09-10T14:12:36.939,1789029756.9391,3339,-1834,-23.51,6457,82.78
2026-09-10T14:12:36.939,1789029756.9391,3340,2181,27.96,6457,82.78
2026-09-10T14:12:36.954,1789029756.9549,3341,3341,42.83,6323,81.06
2026-09-10T14:12:36.954,1789029756.9549,3342,-3114,-39.92,6455,82.76
2026-09-10T14:12:36.970,1789029756.9708,3343,-1578,-20.23,6455,82.76
2026-09-10T14:12:36.970,1789029756.9708,3344,2676,34.31,6455,82.76
2026-09-10T14:12:36.980,1789029756.9807,3345,3038,38.95,6152,78.87
2026-09-10T14:12:36.986,1789029756.9865,3346,246,3.15,4616,59.18
2026-09-10T14:12:36.986,1789029756.9865,3347,-1291,-16.55,4329,55.5
2026-09-10T14:12:36.986,1789029756.9865,3348,3066,39.31,4357,55.86
2026-09-10T14:12:37.000,1789029757.0000,3349,2731,35.01,4357,55.86
2026-09-10T14:12:37.002,1789029757.0022,3350,-152,-1.95,4357,55.86
2026-09-10T14:12:37.002,1789029757.0022,3351,-991,-12.71,4057,52.01
2026-09-10T14:12:37.002,1789029757.0022,3352,3289,42.17,4280,54.87
2026-09-10T14:12:37.018,1789029757.0183,3353,2380,30.51,4280,54.87
2026-09-10T14:12:37.018,1789029757.0183,3354,-665,-8.53,4280,54.87
2026-09-10T14:12:37.018,1789029757.0183,3355,-642,-8.23,3954,50.69
2026-09-10T14:12:37.018,1789029757.0183,3356,3449,44.22,4114,52.74
2026-09-10T14:12:37.036,1789029757.0369,3357,2115,27.12,4114,52.74
2026-09-10T14:12:37.042,1789029757.0429,3358,-1265,-16.22,4714,60.44
2026-09-10T14:12:37.049,1789029757.0500,3359,-3112,-39.9,6561,84.12
2026-09-10T14:12:37.057,1789029757.0579,3360,3521,45.14,6633,85.04
2026-09-10T14:12:37.065,1789029757.0653,3361,1768,22.67,6633,85.04
2026-09-10T14:12:37.065,1789029757.0653,3362,-1815,-23.27,6633,85.04
2026-09-10T14:12:37.084,1789029757.0846,3363,-2880,-36.92,6401,82.06
2026-09-10T14:12:37.084,1789029757.0846,3364,3603,46.19,6483,83.12
2026-09-10T14:12:37.097,1789029757.0972,3365,1469,18.83,6483,83.12
2026-09-10T14:12:37.097,1789029757.0972,3366,-2253,-28.88,6483,83.12
2026-09-10T14:12:37.097,1789029757.0972,3367,-2624,-33.64,6227,79.83
2026-09-10T14:12:37.112,1789029757.1123,3368,454,5.82,4093,52.47
2026-09-10T14:12:37.112,1789029757.1123,3369,1059,13.58,3683,47.22
2026-09-10T14:12:37.127,1789029757.1279,3370,-2621,-33.6,3683,47.22
2026-09-10T14:12:37.127,1789029757.1279,3371,-2375,-30.45,3680,47.18
2026-09-10T14:12:37.127,1789029757.1279,3372,678,8.69,3680,47.18
2026-09-10T14:12:37.127,1789029757.1279,3373,-1160,-14.87,3299,42.29
2026-09-10T14:12:37.143,1789029757.1437,3374,-3564,-45.69,4242,54.38
2026-09-10T14:12:37.143,1789029757.1437,3375,-2786,-35.72,4242,54.38
2026-09-10T14:12:37.143,1789029757.1437,3376,-567,-7.27,2997,38.42
2026-09-10T14:12:37.143,1789029757.1437,3377,223,2.86,3787,48.55
2026-09-10T14:12:37.143,1789029757.1437,3378,-2917,-37.4,3140,40.26
2026-09-10T14:12:37.143,1789029757.1437,3379,-1938,-24.85,3140,40.26
2026-09-10T14:12:37.159,1789029757.1595,3380,298,3.82,3215,41.22
2026-09-10T14:12:37.159,1789029757.1595,3381,605,7.76,3522,45.15
2026-09-10T14:12:37.159,1789029757.1595,3382,-2466,-31.62,3071,39.37
2026-09-10T14:12:37.159,1789029757.1595,3383,-1345,-17.24,3071,39.37
2026-09-10T14:12:37.175,1789029757.1751,3384,904,11.59,3370,43.21
2026-09-10T14:12:37.175,1789029757.1751,3385,777,9.96,3370,43.21
2026-09-10T14:12:37.180,1789029757.1808,3386,-646,-8.28,2249,28.83
2026-09-10T14:12:37.180,1789029757.1808,3387,-927,-11.88,1831,23.47
2026-09-10T14:12:37.190,1789029757.1908,3388,1297,16.63,2224,28.51
2026-09-10T14:12:37.190,1789029757.1908,3389,844,10.82,2224,28.51
2026-09-10T14:12:37.190,1789029757.1908,3390,-656,-8.41,2224,28.51
2026-09-10T14:12:37.206,1789029757.2067,3391,-593,-7.6,1953,25.04
2026-09-10T14:12:37.206,1789029757.2067,3392,1529,19.6,2185,28.01
2026-09-10T14:12:37.206,1789029757.2067,3393,799,10.24,2185,28.01
2026-09-10T14:12:37.222,1789029757.2224,3394,-808,-10.36,2337,29.96
2026-09-10T14:12:37.222,1789029757.2224,3395,-302,-3.87,2337,29.96
2026-09-10T14:12:37.222,1789029757.2224,3396,1691,21.68,2499,32.04
2026-09-10T14:12:37.222,1789029757.2224,3397,745,9.55,2499,32.04
2026-09-10T14:12:37.238,1789029757.2381,3398,-1042,-13.36,2733,35.04
2026-09-10T14:12:37.238,1789029757.2381,3399,-1646,-21.1,3337,42.78
2026-09-10T14:12:37.253,1789029757.2539,3400,1772,22.72,3418,43.82
2026-09-10T14:12:37.253,1789029757.2539,3401,610,7.82,3418,43.82
2026-09-10T14:12:37.253,1789029757.2539,3402,-1261,-16.17,3418,43.82
2026-09-10T14:12:37.253,1789029757.2539,3403,-1480,-18.97,3252,41.69
2026-09-10T14:12:37.269,1789029757.2695,3404,1793,22.99,3273,41.96
2026-09-10T14:12:37.269,1789029757.2695,3405,478,6.13,3273,41.96
2026-09-10T14:12:37.280,1789029757.2809,3406,-1420,-18.21,3273,41.96
2026-09-10T14:12:37.285,1789029757.2856,3407,-1282,-16.44,3213,41.19
2026-09-10T14:12:37.285,1789029757.2856,3408,447,5.73,1898,24.33
2026-09-10T14:12:37.285,1789029757.2856,3409,378,4.85,1867,23.94
2026-09-10T14:12:37.285,1789029757.2856,3410,-1531,-19.63,1978,25.36
2026-09-10T14:12:37.306,1789029757.3061,3411,-1097,-14.06,1978,25.36
2026-09-10T14:12:37.311,1789029757.3112,3412,803,10.29,2334,29.92
2026-09-10T14:12:37.311,1789029757.3112,3413,265,3.4,2334,29.92
2026-09-10T14:12:37.317,1789029757.3174,3414,-1616,-20.72,2419,31.01
2026-09-10T14:12:37.317,1789029757.3174,3415,-906,-11.62,2419,31.01
2026-09-10T14:12:37.333,1789029757.3331,3416,1146,14.69,2762,35.41
2026-09-10T14:12:37.333,1789029757.3331,3417,1629,20.88,3245,41.6
2026-09-10T14:12:37.333,1789029757.3331,3418,-1670,-21.41,3299,42.29
2026-09-10T14:12:37.348,1789029757.3488,3419,-743,-9.53,3299,42.29
2026-09-10T14:12:37.348,1789029757.3488,3420,1436,18.41,3299,42.29
2026-09-10T14:12:37.364,1789029757.3645,3421,1502,19.26,3172,40.67
2026-09-10T14:12:37.364,1789029757.3645,3422,-1676,-21.49,3178,40.74
2026-09-10T14:12:37.380,1789029757.3808,3423,-565,-7.24,3178,40.74
2026-09-10T14:12:37.384,1789029757.3845,3424,1645,21.09,3321,42.58
2026-09-10T14:12:37.396,1789029757.3967,3425,1347,17.27,3321,42.58
2026-09-10T14:12:37.396,1789029757.3967,3426,-139,-1.78,2210,28.33
2026-09-10T14:12:37.396,1789029757.3967,3427,-375,-4.81,2020,25.9
2026-09-10T14:12:37.411,1789029757.4117,3428,1774,22.74,2149,27.55
2026-09-10T14:12:37.411,1789029757.4117,3429,1195,15.32,2149,27.55
2026-09-10T14:12:37.411,1789029757.4117,3430,-358,-4.59,2149,27.55
2026-09-10T14:12:37.411,1789029757.4117,3431,-206,-2.64,2132,27.33
2026-09-10T14:12:37.411,1789029757.4117,3432,1855,23.78,2213,28.37
2026-09-10T14:12:37.411,1789029757.4117,3433,1008,12.92,2213,28.37
2026-09-10T14:12:37.429,1789029757.4295,3434,-640,-8.21,2495,31.99
2026-09-10T14:12:37.433,1789029757.4339,3435,-1566,-20.08,3421,43.86
2026-09-10T14:12:37.438,1789029757.4387,3436,1869,23.96,3435,44.04
2026-09-10T14:12:37.438,1789029757.4387,3437,861,11.04,3435,44.04
2026-09-10T14:12:37.443,1789029757.4431,3438,-966,-12.38,3435,44.04
2026-09-10T14:12:37.443,1789029757.4431,3439,-1446,-18.54,3315,42.5
2026-09-10T14:12:37.443,1789029757.4431,3440,1899,24.35,3345,42.88
2026-09-10T14:12:37.458,1789029757.4589,3441,667,8.55,3345,42.88
2026-09-10T14:12:37.458,1789029757.4589,3442,-1227,-15.73,3345,42.88
2026-09-10T14:12:37.458,1789029757.4589,3443,-1314,-16.85,3213,41.19
2026-09-10T14:12:37.458,1789029757.4589,3444,1889,24.22,3203,41.06
2026-09-10T14:12:37.474,1789029757.4745,3445,490,6.28,3203,41.06
2026-09-10T14:12:37.480,1789029757.4808,3446,-1408,-18.05,3297,42.27
2026-09-10T14:12:37.480,1789029757.4808,3447,-1166,-14.95,3297,42.27
2026-09-10T14:12:37.490,1789029757.4901,3448,602,7.72,2010,25.77
2026-09-10T14:12:37.490,1789029757.4901,3449,349,4.47,2010,25.77
2026-09-10T14:12:37.490,1789029757.4901,3450,-1545,-19.81,2147,27.53
2026-09-10T14:12:37.505,1789029757.5059,3451,-983,-12.6,2147,27.53
2026-09-10T14:12:37.505,1789029757.5059,3452,929,11.91,2474,31.72
2026-09-10T14:12:37.521,1789029757.5216,3453,255,3.27,2474,31.72
2026-09-10T14:12:37.521,1789029757.5216,3454,-1614,-20.69,2543,32.6
2026-09-10T14:12:37.521,1789029757.5216,3455,-840,-10.77,2543,32.6
2026-09-10T14:12:37.521,1789029757.5216,3456,1247,15.99,2861,36.68
2026-09-10T14:12:37.537,1789029757.5373,3457,1622,20.79,3236,41.49
2026-09-10T14:12:37.537,1789029757.5373,3458,-1668,-21.38,3290,42.18
2026-09-10T14:12:37.537,1789029757.5373,3459,-694,-8.9,3290,42.18
2026-09-10T14:12:37.537,1789029757.5373,3460,1501,19.24,3290,42.18
2026-09-10T14:12:37.553,1789029757.5531,3461,1463,18.76,3169,40.63
2026-09-10T14:12:37.553,1789029757.5531,3462,-1667,-21.37,3168,40.62
2026-09-10T14:12:37.553,1789029757.5531,3463,-536,-6.87,3168,40.62
2026-09-10T14:12:37.568,1789029757.5689,3464,1702,21.82,3369,43.19
2026-09-10T14:12:37.568,1789029757.5689,3465,1279,16.4,3369,43.19
2026-09-10T14:12:37.568,1789029757.5689,3466,-218,-2.79,2238,28.69
2026-09-10T14:12:37.580,1789029757.5808,3467,-326,-4.18,2028,26.0
2026-09-10T14:12:37.584,1789029757.5846,3468,1807,23.17,2133,27.35
2026-09-10T14:12:37.584,1789029757.5846,3469,1128,14.46,2133,27.35
2026-09-10T14:12:37.600,1789029757.6007,3470,-444,-5.69,2251,28.86
2026-09-10T14:12:37.600,1789029757.6007,3471,-148,-1.9,2251,28.86
2026-09-10T14:12:37.616,1789029757.6165,3472,1876,24.05,2320,29.74
2026-09-10T14:12:37.617,1789029757.6175,3473,965,12.37,2320,29.74
2026-09-10T14:12:37.617,1789029757.6175,3474,-751,-9.63,2627,33.68
2026-09-10T14:12:37.632,1789029757.6328,3475,-1516,-19.44,3392,43.49
2026-09-10T14:12:37.632,1789029757.6328,3476,1878,24.08,3394,43.51
2026-09-10T14:12:37.647,1789029757.6480,3477,798,10.23,3394,43.51
2026-09-10T14:12:37.647,1789029757.6480,3478,-1029,-13.19,3394,43.51
2026-09-10T14:12:37.663,1789029757.6637,3479,-1393,-17.86,3271,41.94
2026-09-10T14:12:37.663,1789029757.6637,3480,1912,24.51,3305,42.37
2026-09-10T14:12:37.663,1789029757.6637,3481,645,8.27,3305,42.37
2026-09-10T14:12:37.681,1789029757.6811,3482,-1266,-16.23,3305,42.37
2026-09-10T14:12:37.681,1789029757.6811,3483,-1257,-16.12,3178,40.74
2026-09-10T14:12:37.681,1789029757.6811,3484,1890,24.23,3156,40.46
2026-09-10T14:12:37.681,1789029757.6811,3485,475,6.09,3156,40.46
2026-09-10T14:12:37.681,1789029757.6811,3486,-1455,-18.65,3345,42.88
2026-09-10T14:12:37.681,1789029757.6811,3487,-1089,-13.96,3345,42.88
2026-09-10T14:12:37.681,1789029757.6811,3488,739,9.47,2194,28.13
2026-09-10T14:12:37.695,1789029757.6953,3489,321,4.12,2194,28.13
2026-09-10T14:12:37.695,1789029757.6953,3490,-1564,-20.05,2303,29.53
2026-09-10T14:12:37.695,1789029757.6953,3491,-938,-12.03,2303,29.53
2026-09-10T14:12:37.711,1789029757.7113,3492,1045,13.4,2609,33.45
2026-09-10T14:12:37.711,1789029757.7113,3493,203,2.6,2609,33.45
2026-09-10T14:12:37.711,1789029757.7113,3494,-1642,-21.05,2687,34.45
2026-09-10T14:12:37.711,1789029757.7113,3495,-764,-9.79,2687,34.45
2026-09-10T14:12:37.727,1789029757.7271,3496,1351,17.32,2993,38.37
2026-09-10T14:12:37.727,1789029757.7271,3497,1590,20.38,3232,41.44
2026-09-10T14:12:37.727,1789029757.7271,3498,-1680,-21.54,3270,41.92
2026-09-10T14:12:37.743,1789029757.7431,3499,-598,-7.67,3270,41.92
2026-09-10T14:12:37.743,1789029757.7431,3500,1592,20.41,3272,41.95
2026-09-10T14:12:37.743,1789029757.7431,3501,1406,18.03,3272,41.95
2026-09-10T14:12:37.758,1789029757.7588,3502,-1671,-21.42,3263,41.83
2026-09-10T14:12:37.758,1789029757.7588,3503,-425,-5.45,3263,41.83
2026-09-10T14:12:37.758,1789029757.7588,3504,1733,22.22,3404,43.64
2026-09-10T14:12:37.774,1789029757.7746,3505,1250,16.03,3404,43.64
2026-09-10T14:12:37.781,1789029757.7810,3506,-275,-3.53,2158,27.67
2026-09-10T14:12:37.781,1789029757.7810,3507,-283,-3.63,2016,25.85
2026-09-10T14:12:37.790,1789029757.7903,3508,1822,23.36,2105,26.99
2026-09-10T14:12:37.790,1789029757.7903,3509,1087,13.94,2105,26.99
2026-09-10T14:12:37.790,1789029757.7903,3510,-561,-7.19,2383,30.55
2026-09-10T14:12:37.805,1789029757.8059,3511,-109,-1.4,2383,30.55
2026-09-10T14:12:37.805,1789029757.8059,3512,1868,23.95,2429,31.14
2026-09-10T14:12:37.805,1789029757.8059,3513,896,11.49,2429,31.14
2026-09-10T14:12:37.823,1789029757.8231,3514,-887,-11.37,2755,35.32
2026-09-10T14:12:37.829,1789029757.8291,3515,-1524,-19.54,3392,43.49
2026-09-10T14:12:37.832,1789029757.8329,3516,1890,24.23,3414,43.77
2026-09-10T14:12:37.832,1789029757.8329,3517,731,9.37,3414,43.77
2026-09-10T14:12:37.832,1789029757.8329,3518,-1144,-14.67,3414,43.77
2026-09-10T14:12:37.837,1789029757.8373,3519,-1376,-17.64,3266,41.87
2026-09-10T14:12:37.837,1789029757.8373,3520,1889,24.22,3265,41.86
2026-09-10T14:12:37.852,1789029757.8530,3521,581,7.45,3265,41.86
2026-09-10T14:12:37.868,1789029757.8689,3522,-1357,-17.4,3265,41.86
2026-09-10T14:12:37.868,1789029757.8689,3523,-1204,-15.44,3246,41.62
2026-09-10T14:12:37.881,1789029757.8811,3524,1879,24.09,3236,41.49
2026-09-10T14:12:37.884,1789029757.8845,3525,428,5.49,3236,41.49
2026-09-10T14:12:37.884,1789029757.8845,3526,-1514,-19.41,3393,43.5
2026-09-10T14:12:37.892,1789029757.8921,3527,-1084,-13.9,3393,43.5
2026-09-10T14:12:37.901,1789029757.9011,3528,808,10.36,2322,29.77
2026-09-10T14:12:37.901,1789029757.9011,3529,298,3.82,2322,29.77
2026-09-10T14:12:37.901,1789029757.9011,3530,-1603,-20.55,2411,30.91
2026-09-10T14:12:37.931,1789029757.9319,3531,-901,-11.55,2411,30.91
2026-09-10T14:12:37.931,1789029757.9319,3532,1226,15.72,2829,36.27
2026-09-10T14:12:37.931,1789029757.9319,3533,95,1.22,2829,36.27
2026-09-10T14:12:37.947,1789029757.9476,3534,-3513,-45.04,4739,60.76
2026-09-10T14:12:37.947,1789029757.9476,3535,-2007,-25.73,4739,60.76
2026-09-10T14:12:37.947,1789029757.9476,3536,2224,28.51,5737,73.55
2026-09-10T14:12:37.947,1789029757.9476,3537,2952,37.85,6465,82.88
2026-09-10T14:12:37.947,1789029757.9476,3538,-3265,-41.86,6217,79.71
2026-09-10T14:12:37.947,1789029757.9476,3539,-1440,-18.46,6217,79.71
2026-09-10T14:12:37.963,1789029757.9635,3540,2869,36.78,6217,79.71
2026-09-10T14:12:37.963,1789029757.9635,3541,2858,36.64,6134,78.64
2026-09-10T14:12:37.963,1789029757.9635,3542,-3225,-41.35,6094,78.13
2026-09-10T14:12:37.979,1789029757.9796,3543,-1077,-13.81,6094,78.13
2026-09-10T14:12:37.981,1789029757.9811,3544,3228,41.38,6453,82.73
2026-09-10T14:12:37.981,1789029757.9811,3545,2587,33.17,6453,82.73
2026-09-10T14:12:37.981,1789029757.9811,3546,-379,-4.86,4305,55.19
2026-09-10T14:12:37.981,1789029757.9811,3547,-789,-10.12,4017,51.5
2026-09-10T14:12:37.995,1789029757.9954,3548,3406,43.67,4195,53.78
2026-09-10T14:12:37.995,1789029757.9954,3549,2257,28.94,4195,53.78
2026-09-10T14:12:37.995,1789029757.9954,3550,-904,-11.59,4310,55.26
2026-09-10T14:12:37.995,1789029757.9954,3551,-456,-5.85,4310,55.26
2026-09-10T14:12:38.011,1789029758.0112,3552,3485,44.68,4389,56.27
2026-09-10T14:12:38.011,1789029758.0112,3553,1952,25.03,4389,56.27
2026-09-10T14:12:38.011,1789029758.0112,3554,-1508,-19.33,4993,64.01
2026-09-10T14:12:38.027,1789029758.0270,3555,-2958,-37.92,6443,82.6
2026-09-10T14:12:38.027,1789029758.0270,3556,3522,45.15,6480,83.08
2026-09-10T14:12:38.027,1789029758.0270,3557,1604,20.56,6480,83.08
2026-09-10T14:12:38.042,1789029758.0427,3558,-2038,-26.13,6480,83.08
2026-09-10T14:12:38.042,1789029758.0427,3559,-2742,-35.15,6264,80.31
2026-09-10T14:12:38.042,1789029758.0427,3560,3572,45.79,6314,80.95
2026-09-10T14:12:38.058,1789029758.0584,3561,1258,16.13,6314,80.95
2026-09-10T14:12:38.058,1789029758.0584,3562,-2455,-31.47,6314,80.95
2026-09-10T14:12:38.058,1789029758.0584,3563,-2501,-32.06,6073,77.86
2026-09-10T14:12:38.079,1789029758.0792,3564,3150,40.38,5651,72.45
2026-09-10T14:12:38.082,1789029758.0822,3565,462,5.92,5651,72.45
2026-09-10T14:12:38.082,1789029758.0822,3566,-3292,-42.21,6442,82.59
2026-09-10T14:12:38.090,1789029758.0901,3567,-3283,-42.09,6442,82.59
2026-09-10T14:12:38.090,1789029758.0901,3568,-1278,-16.38,3754,48.13
2026-09-10T14:12:38.090,1789029758.0901,3569,-1724,-22.1,2014,25.82
2026-09-10T14:12:38.090,1789029758.0901,3570,-3458,-44.33,2180,27.95
2026-09-10T14:12:38.105,1789029758.1058,3571,-2540,-32.56,2180,27.95
2026-09-10T14:12:38.105,1789029758.1058,3572,-282,-3.62,3176,40.72
2026-09-10T14:12:38.105,1789029758.1058,3573,-1110,-14.23,3176,40.72
2026-09-10T14:12:38.105,1789029758.1058,3574,-2782,-35.67,2500,32.05
2026-09-10T14:12:38.105,1789029758.1058,3575,-1703,-21.83,2500,32.05
2026-09-10T14:12:38.121,1789029758.1220,3576,560,7.18,3342,42.85
2026-09-10T14:12:38.137,1789029758.1377,3577,634,8.13,3416,43.79
2026-09-10T14:12:38.153,1789029758.1534,3578,-2342,-30.03,2976,38.15
2026-09-10T14:12:38.153,1789029758.1534,3579,-1125,-14.42,2976,38.15
2026-09-10T14:12:38.153,1789029758.1534,3580,1124,14.41,3466,44.44
2026-09-10T14:12:38.169,1789029758.1691,3581,811,10.4,3466,44.44
2026-09-10T14:12:38.181,1789029758.1813,3582,-2057,-26.37,3181,40.78
2026-09-10T14:12:38.189,1789029758.1891,3583,-725,-9.29,3181,40.78
2026-09-10T14:12:38.189,1789029758.1891,3584,1437,18.42,3494,44.79
2026-09-10T14:12:38.200,1789029758.2009,3585,824,10.56,3494,44.79
2026-09-10T14:12:38.200,1789029758.2009,3586,-751,-9.63,2188,28.05
2026-09-10T14:12:38.200,1789029758.2009,3587,-421,-5.4,2188,28.05
2026-09-10T14:12:38.200,1789029758.2009,3588,1617,20.73,2368,30.36
2026-09-10T14:12:38.218,1789029758.2188,3589,750,9.62,2368,30.36
2026-09-10T14:12:38.221,1789029758.2215,3590,-957,-12.27,2574,33.0
2026-09-10T14:12:38.225,1789029758.2258,3591,-150,-1.92,2574,33.0
2026-09-10T14:12:38.228,1789029758.2286,3592,1722,22.08,2679,34.35
2026-09-10T14:12:38.228,1789029758.2286,3593,664,8.51,2679,34.35
2026-09-10T14:12:38.232,1789029758.2326,3594,-1171,-15.01,2893,37.09
2026-09-10T14:12:38.232,1789029758.2326,3595,-1526,-19.56,3248,41.64
2026-09-10T14:12:38.232,1789029758.2326,3596,1815,23.27,3341,42.83
2026-09-10T14:12:38.232,1789029758.2326,3597,536,6.87,3341,42.83
2026-09-10T14:12:38.248,1789029758.2484,3598,-1342,-17.21,3341,42.83
2026-09-10T14:12:38.248,1789029758.2484,3599,-1329,-17.04,3157,40.47
2026-09-10T14:12:38.248,1789029758.2484,3600,1831,23.47,3173,40.68
2026-09-10T14:12:38.264,1789029758.2645,3601,452,5.79,3173,40.68
2026-09-10T14:12:38.264,1789029758.2645,3602,-1474,-18.9,3305,42.37
2026-09-10T14:12:38.264,1789029758.2645,3603,-1124,-14.41,3305,42.37
2026-09-10T14:12:38.264,1789029758.2645,3604,672,8.62,2146,27.51
2026-09-10T14:12:38.264,1789029758.2645,3605,335,4.29,2146,27.51
2026-09-10T14:12:38.281,1789029758.2811,3606,-1567,-20.09,2239,28.71
2026-09-10T14:12:38.281,1789029758.2811,3607,-965,-12.37,2239,28.71
2026-09-10T14:12:38.281,1789029758.2811,3608,1019,13.06,2586,33.15
2026-09-10T14:12:38.295,1789029758.2958,3609,197,2.53,2586,33.15
2026-09-10T14:12:38.295,1789029758.2958,3610,-1656,-21.23,2675,34.29
2026-09-10T14:12:38.311,1789029758.3114,3611,-810,-10.38,2675,34.29
2026-09-10T14:12:38.311,1789029758.3114,3612,1329,17.04,2985,38.27
2026-09-10T14:12:38.311,1789029758.3114,3613,102,1.31,2985,38.27
2026-09-10T14:12:38.311,1789029758.3114,3614,-1674,-21.46,3003,38.5
2026-09-10T14:12:38.327,1789029758.3273,3615,-620,-7.95,3003,38.5
2026-09-10T14:12:38.327,1789029758.3273,3616,1595,20.45,3269,41.91
2026-09-10T14:12:38.327,1789029758.3273,3617,1412,18.1,3269,41.91
2026-09-10T14:12:38.342,1789029758.3429,3618,-1653,-21.19,3248,41.64
2026-09-10T14:12:38.342,1789029758.3429,3619,-426,-5.46,3248,41.64
2026-09-10T14:12:38.342,1789029758.3429,3620,1751,22.45,3404,43.64
2026-09-10T14:12:38.358,1789029758.3588,3621,1264,16.21,3404,43.64
2026-09-10T14:12:38.358,1789029758.3588,3622,-1616,-20.72,3367,43.17
2026-09-10T14:12:38.358,1789029758.3588,3623,-261,-3.35,3367,43.17
2026-09-10T14:12:38.358,1789029758.3588,3624,1836,23.54,3452,44.26
2026-09-10T14:12:38.372,1789029758.3726,3625,1105,14.17,3452,44.26
2026-09-10T14:12:38.374,1789029758.3746,3626,-536,-6.87,2372,30.41
2026-09-10T14:12:38.381,1789029758.3812,3627,-75,-0.96,2372,30.41
2026-09-10T14:12:38.382,1789029758.3827,3628,1901,24.37,2437,31.24
2026-09-10T14:12:38.390,1789029758.3909,3629,941,12.06,2437,31.24
2026-09-10T14:12:38.390,1789029758.3909,3630,-822,-10.54,2723,34.91
2026-09-10T14:12:38.405,1789029758.4059,3631,111,1.42,2723,34.91
2026-09-10T14:12:38.405,1789029758.4059,3632,1918,24.59,2740,35.13
2026-09-10T14:12:38.421,1789029758.4218,3633,795,10.19,2740,35.13
2026-09-10T14:12:38.421,1789029758.4218,3634,-1100,-14.1,3018,38.69
2026-09-10T14:12:38.421,1789029758.4218,3635,-1340,-17.18,3258,41.77
2026-09-10T14:12:38.437,1789029758.4374,3636,1928,24.72,3268,41.9
2026-09-10T14:12:38.437,1789029758.4374,3637,585,7.5,3268,41.9
2026-09-10T14:12:38.453,1789029758.4532,3638,-1318,-16.9,3268,41.9
2026-09-10T14:12:38.453,1789029758.4532,3639,-1181,-15.14,3246,41.62
2026-09-10T14:12:38.469,1789029758.4692,3640,1890,24.23,3208,41.13
2026-09-10T14:12:38.469,1789029758.4692,3641,427,5.47,3208,41.13
2026-09-10T14:12:38.481,1789029758.4812,3642,-1487,-19.06,3377,43.29
2026-09-10T14:12:38.484,1789029758.4849,3643,-1041,-13.35,3377,43.29
2026-09-10T14:12:38.484,1789029758.4849,3644,839,10.76,2326,29.82
2026-09-10T14:12:38.484,1789029758.4849,3645,308,3.95,2326,29.82
2026-09-10T14:12:38.484,1789029758.4849,3646,-1585,-20.32,2424,31.08
2026-09-10T14:12:38.484,1789029758.4849,3647,-859,-11.01,2424,31.08
2026-09-10T14:12:38.484,1789029758.4849,3648,1177,15.09,2762,35.41
2026-09-10T14:12:38.500,1789029758.5008,3649,190,2.44,2762,35.41
2026-09-10T14:12:38.500,1789029758.5008,3650,-1627,-20.86,2804,35.95
2026-09-10T14:12:38.500,1789029758.5008,3651,-717,-9.19,2804,35.95
2026-09-10T14:12:38.500,1789029758.5008,3652,1446,18.54,3073,39.4
2026-09-10T14:12:38.500,1789029758.5008,3653,58,0.74,3073,39.4
2026-09-10T14:12:38.516,1789029758.5165,3654,-1670,-21.41,3116,39.95
2026-09-10T14:12:38.516,1789029758.5165,3655,-543,-6.96,3116,39.95
2026-09-10T14:12:38.516,1789029758.5165,3656,1671,21.42,3341,42.83
2026-09-10T14:12:38.532,1789029758.5322,3657,1368,17.54,3341,42.83
2026-09-10T14:12:38.532,1789029758.5322,3658,-1665,-21.35,3336,42.77
2026-09-10T14:12:38.532,1789029758.5322,3659,-386,-4.95,3336,42.77
2026-09-10T14:12:38.549,1789029758.5495,3660,1783,22.86,3448,44.21
2026-09-10T14:12:38.551,1789029758.5515,3661,1204,15.44,3448,44.21
2026-09-10T14:12:38.563,1789029758.5631,3662,-1627,-20.86,3410,43.72
2026-09-10T14:12:38.563,1789029758.5631,3663,-213,-2.73,3410,43.72
2026-09-10T14:12:38.563,1789029758.5631,3664,1836,23.54,3463,44.4
2026-09-10T14:12:38.581,1789029758.5815,3665,1029,13.19,3463,44.4
2026-09-10T14:12:38.581,1789029758.5815,3666,-655,-8.4,2491,31.94
2026-09-10T14:12:38.581,1789029758.5815,3667,-38,-0.49,2491,31.94
2026-09-10T14:12:38.594,1789029758.5944,3668,1914,24.54,2569,32.94
2026-09-10T14:12:38.594,1789029758.5944,3669,866,11.1,2569,32.94
2026-09-10T14:12:38.594,1789029758.5944,3670,-941,-12.06,2855,36.6
2026-09-10T14:12:38.613,1789029758.6134,3671,156,2.0,2855,36.6
2026-09-10T14:12:38.614,1789029758.6150,3672,1948,24.97,2889,37.04
2026-09-10T14:12:38.619,1789029758.6193,3673,692,8.87,2889,37.04
2026-09-10T14:12:38.621,1789029758.6215,3674,-1191,-15.27,3139,40.24
2026-09-10T14:12:38.626,1789029758.6261,3675,-1278,-16.38,3226,41.36
2026-09-10T14:12:38.626,1789029758.6261,3676,1898,24.33,3176,40.72
2026-09-10T14:12:38.626,1789029758.6261,3677,550,7.05,3176,40.72
2026-09-10T14:12:38.626,1789029758.6261,3678,-1380,-17.69,3278,42.03
2026-09-10T14:12:38.641,1789029758.6419,3679,-1139,-14.6,3278,42.03
2026-09-10T14:12:38.641,1789029758.6419,3680,1859,23.83,3239,41.53
2026-09-10T14:12:38.665,1789029758.6657,3681,416,5.33,3239,41.53
2026-09-10T14:12:38.665,1789029758.6657,3682,-1526,-19.56,3385,43.4
2026-09-10T14:12:38.673,1789029758.6735,3683,-968,-12.41,3385,43.4
2026-09-10T14:12:38.681,1789029758.6816,3684,1044,13.38,2570,32.95
2026-09-10T14:12:38.681,1789029758.6816,3685,751,9.63,2570,32.95
2026-09-10T14:12:38.689,1789029758.6892,3686,-2972,-38.1,4016,51.49
2026-09-10T14:12:38.689,1789029758.6892,3687,-1836,-23.54,4016,51.49
2026-09-10T14:12:38.704,1789029758.7049,3688,2247,28.81,5219,66.91
2026-09-10T14:12:38.704,1789029758.7049,3689,681,8.73,5219,66.91
2026-09-10T14:12:38.720,1789029758.7207,3690,-2978,-38.18,5225,66.99
2026-09-10T14:12:38.720,1789029758.7207,3691,-1398,-17.92,5225,66.99
2026-09-10T14:12:38.736,1789029758.7365,3692,2879,36.91,5857,75.09
2026-09-10T14:12:38.736,1789029758.7365,3693,483,6.19,5857,75.09
2026-09-10T14:12:38.736,1789029758.7365,3694,-3035,-38.91,5914,75.82
2026-09-10T14:12:38.736,1789029758.7365,3695,-1115,-14.29,5914,75.82
2026-09-10T14:12:38.736,1789029758.7365,3696,3257,41.76,6292,80.67
2026-09-10T14:12:38.736,1789029758.7365,3697,2965,38.01,6292,80.67
2026-09-10T14:12:38.736,1789029758.7365,3698,-3115,-39.94,6372,81.69
2026-09-10T14:12:38.752,1789029758.7524,3699,-795,-10.19,6372,81.69
2026-09-10T14:12:38.752,1789029758.7524,3700,3496,44.82,6611,84.76
2026-09-10T14:12:38.752,1789029758.7524,3701,2638,33.82,6611,84.76
2026-09-10T14:12:38.768,1789029758.7681,3702,-3106,-39.82,6602,84.64
2026-09-10T14:12:38.768,1789029758.7681,3703,-550,-7.05,6602,84.64
2026-09-10T14:12:38.768,1789029758.7681,3704,3656,46.87,6762,86.69
2026-09-10T14:12:38.768,1789029758.7681,3705,2286,29.31,6762,86.69
2026-09-10T14:12:38.781,1789029758.7818,3706,-1119,-14.35,4775,61.22
2026-09-10T14:12:38.783,1789029758.7838,3707,-227,-2.91,4775,61.22
2026-09-10T14:12:38.783,1789029758.7838,3708,3658,46.9,4777,61.24
2026-09-10T14:12:38.783,1789029758.7838,3709,1916,24.56,4777,61.24
2026-09-10T14:12:38.799,1789029758.7994,3710,-1704,-21.85,5362,68.74
2026-09-10T14:12:38.799,1789029758.7994,3711,114,1.46,5362,68.74
2026-09-10T14:12:38.799,1789029758.7994,3712,3618,46.38,5322,68.23
2026-09-10T14:12:38.815,1789029758.8152,3713,1524,19.54,5322,68.23
2026-09-10T14:12:38.815,1789029758.8152,3714,-2118,-27.15,5736,73.54
2026-09-10T14:12:38.815,1789029758.8152,3715,-2502,-32.08,6120,78.46
2026-09-10T14:12:38.830,1789029758.8309,3716,2502,32.08,5004,64.15
2026-09-10T14:12:38.830,1789029758.8309,3717,-360,-4.62,5004,64.15
2026-09-10T14:12:38.846,1789029758.8467,3718,-2754,-35.31,5256,67.38
2026-09-10T14:12:38.846,1789029758.8467,3719,-2331,-29.88,5256,67.38
2026-09-10T14:12:38.846,1789029758.8467,3720,867,11.12,3621,46.42
2026-09-10T14:12:38.862,1789029758.8624,3721,-568,-7.28,3621,46.42
2026-09-10T14:12:38.862,1789029758.8624,3722,-2410,-30.9,3277,42.01
2026-09-10T14:12:38.862,1789029758.8624,3723,-1749,-22.42,3277,42.01
2026-09-10T14:12:38.862,1789029758.8624,3724,306,3.92,2716,34.82
2026-09-10T14:12:38.878,1789029758.8783,3725,-391,-5.01,2716,34.82
2026-09-10T14:12:38.881,1789029758.8820,3726,-2182,-27.97,2488,31.9
2026-09-10T14:12:38.881,1789029758.8820,3727,-1313,-16.83,2488,31.9
2026-09-10T14:12:38.892,1789029758.8922,3728,852,10.92,3034,38.9
2026-09-10T14:12:38.894,1789029758.8946,3729,-320,-4.1,3034,38.9
2026-09-10T14:12:38.894,1789029758.8946,3730,-2047,-26.24,2899,37.17
2026-09-10T14:12:38.909,1789029758.9097,3731,-991,-12.71,2899,37.17
2026-09-10T14:12:38.925,1789029758.9254,3732,1249,16.01,3296,42.26
2026-09-10T14:12:38.926,1789029758.9268,3733,1128,14.46,3296,42.26
2026-09-10T14:12:38.926,1789029758.9268,3734,-1971,-25.27,3220,41.28
2026-09-10T14:12:38.941,1789029758.9411,3735,-707,-9.06,3220,41.28
2026-09-10T14:12:38.941,1789029758.9411,3736,1504,19.28,3475,44.55
2026-09-10T14:12:38.941,1789029758.9411,3737,1038,13.31,3475,44.55
2026-09-10T14:12:38.956,1789029758.9568,3738,-1852,-23.74,3356,43.03
2026-09-10T14:12:38.956,1789029758.9568,3739,-449,-5.76,3356,43.03
2026-09-10T14:12:38.956,1789029758.9568,3740,1677,21.5,3529,45.24
2026-09-10T14:12:38.972,1789029758.9727,3741,934,11.97,3529,45.24
2026-09-10T14:12:38.988,1789029758.9883,3742,-1755,-22.5,3432,44.0
2026-09-10T14:12:38.988,1789029758.9883,3743,-256,-3.28,3432,44.0
2026-09-10T14:12:38.988,1789029758.9883,3744,1749,22.42,3504,44.92
2026-09-10T14:12:39.006,1789029759.0061,3745,782,10.03,3504,44.92
2026-09-10T14:12:39.008,1789029759.0088,3746,-965,-12.37,2714,34.79
2026-09-10T14:12:39.011,1789029759.0110,3747,-39,-0.5,2714,34.79
2026-09-10T14:12:39.013,1789029759.0137,3748,1793,22.99,2758,35.36
2026-09-10T14:12:39.014,1789029759.0148,3749,674,8.64,2758,35.36
2026-09-10T14:12:39.014,1789029759.0148,3750,-1200,-15.38,2993,38.37
2026-09-10T14:12:39.019,1789029759.0197,3751,178,2.28,2993,38.37
2026-09-10T14:12:39.019,1789029759.0197,3752,1837,23.55,3037,38.94
2026-09-10T14:12:39.019,1789029759.0197,3753,506,6.49,3037,38.94
2026-09-10T14:12:39.019,1789029759.0197,3754,-1412,-18.1,3249,41.65
2026-09-10T14:12:39.019,1789029759.0197,3755,-1274,-16.33,3249,41.65
2026-09-10T14:12:39.035,1789029759.0353,3756,1837,23.55,3249,41.65
2026-09-10T14:12:39.035,1789029759.0353,3757,390,5.0,3249,41.65
2026-09-10T14:12:39.035,1789029759.0353,3758,-1532,-19.64,3369,43.19
2026-09-10T14:12:39.035,1789029759.0353,3759,-1090,-13.97,3369,43.19
2026-09-10T14:12:39.035,1789029759.0353,3760,1772,22.72,3304,42.36
2026-09-10T14:12:39.051,1789029759.0511,3761,245,3.14,3304,42.36
2026-09-10T14:12:39.051,1789029759.0511,3762,-1636,-20.97,3408,43.69
2026-09-10T14:12:39.051,1789029759.0511,3763,-950,-12.18,3408,43.69
2026-09-10T14:12:39.066,1789029759.0668,3764,1118,14.33,2754,35.31
2026-09-10T14:12:39.066,1789029759.0668,3765,151,1.94,2754,35.31
2026-09-10T14:12:39.066,1789029759.0668,3766,-1702,-21.82,2820,36.15
2026-09-10T14:12:39.082,1789029759.0822,3767,-759,-9.73,2820,36.15
2026-09-10T14:12:39.082,1789029759.0822,3768,1388,17.79,3090,39.62
2026-09-10T14:12:39.082,1789029759.0822,3769,49,0.63,3090,39.62
2026-09-10T14:12:39.098,1789029759.0980,3770,-1720,-22.05,3108,39.85
2026-09-10T14:12:39.098,1789029759.0980,3771,-597,-7.65,3108,39.85
2026-09-10T14:12:39.098,1789029759.0980,3772,1630,20.9,3350,42.95
2026-09-10T14:12:39.113,1789029759.1138,3773,1363,17.47,3350,42.95
2026-09-10T14:12:39.113,1789029759.1138,3774,-1674,-21.46,3304,42.36
2026-09-10T14:12:39.129,1789029759.1294,3775,-399,-5.12,3304,42.36
2026-09-10T14:12:39.129,1789029759.1294,3776,3006,38.54,4680,60.0
2026-09-10T14:12:39.129,1789029759.1294,3777,2527,32.4,4680,60.0
2026-09-10T14:12:39.129,1789029759.1294,3778,-3170,-40.64,6176,79.18
2026-09-10T14:12:39.145,1789029759.1452,3779,-749,-9.6,6176,79.18
2026-09-10T14:12:39.145,1789029759.1452,3780,3406,43.67,6576,84.31
2026-09-10T14:12:39.145,1789029759.1452,3781,2316,29.69,6576,84.31
2026-09-10T14:12:39.160,1789029759.1609,3782,-3041,-38.99,6447,82.65
2026-09-10T14:12:39.160,1789029759.1609,3783,-337,-4.32,6447,82.65
2026-09-10T14:12:39.160,1789029759.1609,3784,3624,46.46,6665,85.45
2026-09-10T14:12:39.172,1789029759.1724,3785,2022,25.92,6665,85.45
2026-09-10T14:12:39.174,1789029759.1744,3786,-1490,-19.1,5114,65.56
2026-09-10T14:12:39.180,1789029759.1808,3787,-17,-0.22,5114,65.56
2026-09-10T14:12:39.185,1789029759.1854,3788,3691,47.32,5181,66.42
2026-09-10T14:12:39.189,1789029759.1891,3789,1725,22.12,5181,66.42
2026-09-10T14:12:39.204,1789029759.2045,3790,-1986,-25.46,5677,72.78
2026-09-10T14:12:39.204,1789029759.2045,3791,325,4.17,5677,72.78
2026-09-10T14:12:39.204,1789029759.2045,3792,3695,47.37,5681,72.83
2026-09-10T14:12:39.220,1789029759.2202,3793,1405,18.01,5681,72.83
2026-09-10T14:12:39.220,1789029759.2202,3794,-2433,-31.19,6128,78.56
2026-09-10T14:12:39.220,1789029759.2202,3795,-2471,-31.68,6166,79.05
2026-09-10T14:12:39.235,1789029759.2358,3796,3595,46.09,6066,77.77
2026-09-10T14:12:39.235,1789029759.2358,3797,1045,13.4,6066,77.77
2026-09-10T14:12:39.235,1789029759.2358,3798,-2755,-35.32,6350,81.41
2026-09-10T14:12:39.251,1789029759.2514,3799,-2220,-28.46,6350,81.41
2026-09-10T14:12:39.251,1789029759.2514,3800,3383,43.37,6138,78.69
2026-09-10T14:12:39.267,1789029759.2673,3801,678,8.69,6138,78.69
2026-09-10T14:12:39.267,1789029759.2673,3802,-2932,-37.59,6315,80.96
2026-09-10T14:12:39.283,1789029759.2833,3803,-1981,-25.4,6315,80.96
2026-09-10T14:12:39.283,1789029759.2833,3804,1419,18.19,4351,55.78
2026-09-10T14:12:39.283,1789029759.2833,3805,-1853,-23.76,4351,55.78
2026-09-10T14:12:39.283,1789029759.2833,3806,-4350,-55.77,5769,73.96
2026-09-10T14:12:39.283,1789029759.2833,3807,-3257,-41.76,5769,73.96
2026-09-10T14:12:39.283,1789029759.2833,3808,-852,-10.92,3498,44.85
2026-09-10T14:12:39.299,1789029759.2991,3809,-1986,-25.46,3498,44.85
2026-09-10T14:12:39.299,1789029759.2991,3810,-3522,-45.15,2670,34.23
2026-09-10T14:12:39.299,1789029759.2991,3811,-2217,-28.42,2670,34.23
2026-09-10T14:12:39.299,1789029759.2991,3812,108,1.38,3630,46.54
2026-09-10T14:12:39.314,1789029759.3148,3813,-100,-1.28,3630,46.54
2026-09-10T14:12:39.314,1789029759.3148,3814,-2822,-36.18,2930,37.56
2026-09-10T14:12:39.314,1789029759.3148,3815,-1435,-18.4,2930,37.56
2026-09-10T14:12:39.314,1789029759.3148,3816,778,9.97,3600,46.15
2026-09-10T14:12:39.330,1789029759.3305,3817,227,2.91,3600,46.15
2026-09-10T14:12:39.330,1789029759.3305,3818,-2353,-30.17,3131,40.14
2026-09-10T14:12:39.346,1789029759.3464,3819,-887,-11.37,3131,40.14
2026-09-10T14:12:39.346,1789029759.3464,3820,1204,15.44,3557,45.6
2026-09-10T14:12:39.346,1789029759.3464,3821,411,5.27,3557,45.6
2026-09-10T14:12:39.362,1789029759.3621,3822,-2013,-25.81,3217,41.24
2026-09-10T14:12:39.362,1789029759.3621,3823,-429,-5.5,3217,41.24
2026-09-10T14:12:39.362,1789029759.3621,3824,1472,18.87,3485,44.68
2026-09-10T14:12:39.378,1789029759.3780,3825,438,5.62,3485,44.68
2026-09-10T14:12:39.382,1789029759.3823,3826,-1355,-17.37,2827,36.24
2026-09-10T14:12:39.394,1789029759.3941,3827,-83,-1.06,2827,36.24
2026-09-10T14:12:39.394,1789029759.3947,3828,1653,21.19,3008,38.56
2026-09-10T14:12:39.394,1789029759.3947,3829,403,5.17,3008,38.56
2026-09-10T14:12:39.394,1789029759.3947,3830,-1487,-19.06,3140,40.26
2026-09-10T14:12:39.417,1789029759.4179,3831,221,2.83,3140,40.26
2026-09-10T14:12:39.420,1789029759.4206,3832,1736,22.26,3223,41.32
2026-09-10T14:12:39.425,1789029759.4255,3833,349,4.47,3223,41.32
2026-09-10T14:12:39.425,1789029759.4255,3834,-1576,-20.21,3312,42.46
2026-09-10T14:12:39.425,1789029759.4255,3835,-1262,-16.18,3312,42.46
2026-09-10T14:12:39.425,1789029759.4255,3836,1736,22.26,3312,42.46
2026-09-10T14:12:39.425,1789029759.4255,3837,250,3.21,3312,42.46
2026-09-10T14:12:39.441,1789029759.4412,3838,-1627,-20.86,3363,43.12
2026-09-10T14:12:39.441,1789029759.4412,3839,-1045,-13.4,3363,43.12
2026-09-10T14:12:39.441,1789029759.4412,3840,1687,21.63,3314,42.49
2026-09-10T14:12:39.456,1789029759.4570,3841,197,2.53,3314,42.49
2026-09-10T14:12:39.456,1789029759.4570,3842,-1664,-21.33,3351,42.96
2026-09-10T14:12:39.472,1789029759.4726,3843,-845,-10.83,3351,42.96
2026-09-10T14:12:39.472,1789029759.4726,3844,1262,16.18,2926,37.51
2026-09-10T14:12:39.482,1789029759.4823,3845,87,1.12,2926,37.51
2026-09-10T14:12:39.488,1789029759.4887,3846,-1693,-21.71,2955,37.88
2026-09-10T14:12:39.488,1789029759.4887,3847,-651,-8.35,2955,37.88
2026-09-10T14:12:39.499,1789029759.4994,3848,1540,19.74,3233,41.45
2026-09-10T14:12:39.505,1789029759.5051,3849,-28,-0.36,3233,41.45
2026-09-10T14:12:39.505,1789029759.5051,3850,-1680,-21.54,3220,41.28
2026-09-10T14:12:39.522,1789029759.5228,3851,-465,-5.96,3220,41.28
2026-09-10T14:12:39.528,1789029759.5288,3852,1713,21.96,3393,43.5
2026-09-10T14:12:39.538,1789029759.5384,3853,1254,16.08,3393,43.5
2026-09-10T14:12:39.538,1789029759.5384,3854,-1630,-20.9,3343,42.86
2026-09-10T14:12:39.538,1789029759.5384,3855,-292,-3.74,3343,42.86
2026-09-10T14:12:39.554,1789029759.5541,3856,1814,23.26,3444,44.15
2026-09-10T14:12:39.554,1789029759.5541,3857,1098,14.08,3444,44.15
2026-09-10T14:12:39.554,1789029759.5541,3858,-1544,-19.79,3358,43.05
2026-09-10T14:12:39.554,1789029759.5541,3859,-74,-0.95,3358,43.05
2026-09-10T14:12:39.554,1789029759.5541,3860,1898,24.33,3442,44.13
2026-09-10T14:12:39.554,1789029759.5541,3861,951,12.19,3442,44.13
2026-09-10T14:12:39.569,1789029759.5698,3862,-1442,-18.49,3340,42.82
2026-09-10T14:12:39.569,1789029759.5698,3863,84,1.08,3340,42.82
2026-09-10T14:12:39.569,1789029759.5698,3864,1928,24.72,3370,43.21
2026-09-10T14:12:39.569,1789029759.5698,3865,800,10.26,3370,43.21
2026-09-10T14:12:39.578,1789029759.5788,3866,-1051,-13.47,2979,38.19
2026-09-10T14:12:39.582,1789029759.5823,3867,298,3.82,2979,38.19
2026-09-10T14:12:39.586,1789029759.5861,3868,1925,24.68,2976,38.15
2026-09-10T14:12:39.593,1789029759.5934,3869,674,8.64,2976,38.15
2026-09-10T14:12:39.601,1789029759.6011,3870,-1257,-16.12,3182,40.79
2026-09-10T14:12:39.601,1789029759.6011,3871,541,6.94,3182,40.79
2026-09-10T14:12:39.601,1789029759.6011,3872,1950,25.0,3207,41.12
2026-09-10T14:12:39.601,1789029759.6011,3873,499,6.4,3207,41.12
2026-09-10T14:12:39.616,1789029759.6168,3874,-1403,-17.99,3353,42.99
2026-09-10T14:12:39.616,1789029759.6168,3875,-1034,-13.26,3353,42.99
2026-09-10T14:12:39.616,1789029759.6168,3876,1859,23.83,3262,41.82
2026-09-10T14:12:39.632,1789029759.6329,3877,348,4.46,3262,41.82
2026-09-10T14:12:39.632,1789029759.6329,3878,-1530,-19.62,3389,43.45
2026-09-10T14:12:39.632,1789029759.6329,3879,-860,-11.03,3389,43.45
2026-09-10T14:12:39.648,1789029759.6486,3880,1755,22.5,3285,42.12
2026-09-10T14:12:39.648,1789029759.6486,3881,224,2.87,3285,42.12
2026-09-10T14:12:39.668,1789029759.6683,3882,-1592,-20.41,3347,42.91
2026-09-10T14:12:39.668,1789029759.6683,3883,-698,-8.95,3347,42.91
2026-09-10T14:12:39.668,1789029759.6683,3884,1449,18.58,3041,38.99
2026-09-10T14:12:39.682,1789029759.6824,3885,101,1.29,3041,38.99
2026-09-10T14:12:39.682,1789029759.6824,3886,-1616,-20.72,3065,39.29
2026-09-10T14:12:39.682,1789029759.6824,3887,-525,-6.73,3065,39.29
2026-09-10T14:12:39.695,1789029759.6957,3888,1669,21.4,3285,42.12
2026-09-10T14:12:39.695,1789029759.6957,3889,-47,-0.6,3285,42.12
2026-09-10T14:12:39.695,1789029759.6957,3890,-1627,-20.86,3296,42.26
2026-09-10T14:12:39.711,1789029759.7114,3891,-365,-4.68,3296,42.26
2026-09-10T14:12:39.711,1789029759.7114,3892,1809,23.19,3436,44.05
2026-09-10T14:12:39.711,1789029759.7114,3893,1250,16.03,3436,44.05
2026-09-10T14:12:39.711,1789029759.7114,3894,-1582,-20.28,3391,43.47
2026-09-10T14:12:39.711,1789029759.7114,3895,-188,-2.41,3391,43.47
2026-09-10T14:12:39.711,1789029759.7114,3896,1881,24.12,3463,44.4
2026-09-10T14:12:39.727,1789029759.7271,3897,1077,13.81,3463,44.4
2026-09-10T14:12:39.727,1789029759.7271,3898,-1529,-19.6,3410,43.72
2026-09-10T14:12:39.743,1789029759.7431,3899,57,0.73,3410,43.72
2026-09-10T14:12:39.743,1789029759.7431,3900,3725,47.76,5254,67.36
2026-09-10T14:12:39.758,1789029759.7588,3901,2271,29.12,5254,67.36
2026-09-10T14:12:39.758,1789029759.7588,3902,-2661,-34.12,6386,81.87
2026-09-10T14:12:39.774,1789029759.7744,3903,185,2.37,6386,81.87
2026-09-10T14:12:39.774,1789029759.7744,3904,4004,51.33,6665,85.45
2026-09-10T14:12:39.782,1789029759.7825,3905,2045,26.22,6665,85.45
2026-09-10T14:12:39.790,1789029759.7901,3906,-1667,-21.37,5671,72.71
2026-09-10T14:12:39.790,1789029759.7901,3907,665,8.53,5671,72.71
2026-09-10T14:12:39.790,1789029759.7901,3908,4110,52.69,5777,74.06
2026-09-10T14:12:39.816,1789029759.8168,3909,1770,22.69,5777,74.06
2026-09-10T14:12:39.817,1789029759.8179,3910,-2105,-26.99,6215,79.68
2026-09-10T14:12:39.821,1789029759.8219,3911,1156,14.82,6215,79.68
2026-09-10T14:12:39.821,1789029759.8219,3912,4035,51.73,6140,78.72
2026-09-10T14:12:39.821,1789029759.8219,3913,1439,18.45,6140,78.72
2026-09-10T14:12:39.821,1789029759.8219,3914,-2450,-31.41,6485,83.14
2026-09-10T14:12:39.837,1789029759.8376,3915,-2009,-25.76,6485,83.14
2026-09-10T14:12:39.837,1789029759.8376,3916,3881,49.76,6331,81.17
2026-09-10T14:12:39.837,1789029759.8376,3917,1154,14.79,6331,81.17
2026-09-10T14:12:39.837,1789029759.8376,3918,-2731,-35.01,6612,84.77
2026-09-10T14:12:39.837,1789029759.8376,3919,-1776,-22.77,6612,84.77
2026-09-10T14:12:39.856,1789029759.8561,3920,3610,46.28,6341,81.29
2026-09-10T14:12:39.856,1789029759.8566,3921,844,10.82,6341,81.29
2026-09-10T14:12:39.856,1789029759.8566,3922,-2964,-38.0,6574,84.28
2026-09-10T14:12:39.869,1789029759.8692,3923,-1540,-19.74,6574,84.28
2026-09-10T14:12:39.869,1789029759.8692,3924,2750,35.26,5714,73.26
2026-09-10T14:12:39.869,1789029759.8692,3925,511,6.55,5714,73.26
2026-09-10T14:12:39.869,1789029759.8692,3926,-3107,-39.83,5857,75.09
2026-09-10T14:12:39.884,1789029759.8848,3927,-1247,-15.99,5857,75.09
2026-09-10T14:12:39.892,1789029759.8921,3928,3118,39.97,6225,79.81
2026-09-10T14:12:39.892,1789029759.8921,3929,90,1.15,6225,79.81
2026-09-10T14:12:39.892,1789029759.8921,3930,-3178,-40.74,6296,80.72
2026-09-10T14:12:39.901,1789029759.9012,3931,-1002,-12.85,6296,80.72
2026-09-10T14:12:39.901,1789029759.9012,3932,3278,42.03,6456,82.77
2026-09-10T14:12:39.916,1789029759.9163,3933,2545,32.63,6456,82.77
2026-09-10T14:12:39.916,1789029759.9163,3934,-3107,-39.83,6385,81.86
2026-09-10T14:12:39.916,1789029759.9163,3935,-683,-8.76,6385,81.86
2026-09-10T14:12:39.916,1789029759.9163,3936,3268,41.9,6375,81.73
2026-09-10T14:12:39.933,1789029759.9339,3937,1887,24.19,6375,81.73
2026-09-10T14:12:39.933,1789029759.9339,3938,-1765,-22.63,5033,64.53
2026-09-10T14:12:39.947,1789029759.9476,3939,-70,-0.9,5033,64.53
2026-09-10T14:12:39.947,1789029759.9476,3940,1930,24.74,3695,47.37
2026-09-10T14:12:39.947,1789029759.9476,3941,802,10.28,3695,47.37
2026-09-10T14:12:39.963,1789029759.9635,3942,-1528,-19.59,3458,44.33
2026-09-10T14:12:39.963,1789029759.9635,3943,58,0.74,3458,44.33
2026-09-10T14:12:39.963,1789029759.9635,3944,1777,22.78,3305,42.37
2026-09-10T14:12:39.963,1789029759.9635,3945,550,7.05,3305,42.37
2026-09-10T14:12:39.979,1789029759.9791,3946,-1360,-17.44,3137,40.22
2026-09-10T14:12:39.982,1789029759.9825,3947,251,3.22,3137,40.22
2026-09-10T14:12:39.982,1789029759.9825,3948,1762,22.59,3122,40.03
2026-09-10T14:12:39.995,1789029759.9952,3949,387,4.96,3122,40.03
2026-09-10T14:12:39.995,1789029759.9952,3950,-1550,-19.87,3312,42.46
2026-09-10T14:12:39.995,1789029759.9952,3951,541,6.94,3312,42.46
2026-09-10T14:12:40.010,1789029760.0110,3952,1695,21.73,3245,41.6
2026-09-10T14:12:40.010,1789029760.0110,3953,236,3.03,3245,41.6
2026-09-10T14:12:40.034,1789029760.0347,3954,-1657,-21.24,3352,42.97
2026-09-10T14:12:40.034,1789029760.0347,3955,-1094,-14.03,3352,42.97
2026-09-10T14:12:40.042,1789029760.0425,3956,1627,20.86,3284,42.1
2026-09-10T14:12:40.042,1789029760.0425,3957,100,1.28,3284,42.1
2026-09-10T14:12:40.042,1789029760.0425,3958,-1760,-22.56,3387,43.42
2026-09-10T14:12:40.058,1789029760.0581,3959,-929,-11.91,3387,43.42
2026-09-10T14:12:40.058,1789029760.0581,3960,1502,19.26,3262,41.82
2026-09-10T14:12:40.074,1789029760.0742,3961,-4,-0.05,3262,41.82
2026-09-10T14:12:40.090,1789029760.0902,3962,-1784,-22.87,3286,42.13
2026-09-10T14:12:40.090,1789029760.0902,3963,-749,-9.6,3286,42.13
2026-09-10T14:12:40.090,1789029760.0902,3964,1410,18.08,3194,40.95
2026-09-10T14:12:40.090,1789029760.0902,3965,-121,-1.55,3194,40.95
2026-09-10T14:12:40.090,1789029760.0902,3966,-1760,-22.56,3170,40.64
2026-09-10T14:12:40.105,1789029760.1059,3967,-585,-7.5,3170,40.64
2026-09-10T14:12:40.105,1789029760.1059,3968,1613,20.68,3373,43.24
2026-09-10T14:12:40.105,1789029760.1059,3969,-314,-4.03,3373,43.24
2026-09-10T14:12:40.105,1789029760.1059,3970,-1757,-22.53,3370,43.21
2026-09-10T14:12:40.105,1789029760.1059,3971,-406,-5.21,3370,43.21
2026-09-10T14:12:40.121,1789029760.1215,3972,1696,21.74,3453,44.27
2026-09-10T14:12:40.121,1789029760.1215,3973,989,12.68,3453,44.27
2026-09-10T14:12:40.121,1789029760.1215,3974,-1697,-21.76,3393,43.5
2026-09-10T14:12:40.121,1789029760.1215,3975,-226,-2.9,3393,43.5
2026-09-10T14:12:40.121,1789029760.1215,3976,1771,22.71,3468,44.46
2026-09-10T14:12:40.137,1789029760.1373,3977,836,10.72,3468,44.46
2026-09-10T14:12:40.137,1789029760.1373,3978,-1612,-20.67,3383,43.37
2026-09-10T14:12:40.137,1789029760.1373,3979,-73,-0.94,3383,43.37
2026-09-10T14:12:40.137,1789029760.1373,3980,1791,22.96,3403,43.63
2026-09-10T14:12:40.153,1789029760.1532,3981,696,8.92,3403,43.63
2026-09-10T14:12:40.153,1789029760.1532,3982,-1191,-15.27,2982,38.23
2026-09-10T14:12:40.169,1789029760.1691,3983,148,1.9,2982,38.23
2026-09-10T14:12:40.169,1789029760.1691,3984,1811,23.22,3002,38.49
2026-09-10T14:12:40.169,1789029760.1691,3985,544,6.97,3002,38.49
2026-09-10T14:12:40.169,1789029760.1691,3986,-1386,-17.77,3197,40.99
2026-09-10T14:12:40.184,1789029760.1848,3987,392,5.03,3197,40.99
2026-09-10T14:12:40.184,1789029760.1848,3988,1791,22.96,3177,40.73
2026-09-10T14:12:40.184,1789029760.1848,3989,408,5.23,3177,40.73
2026-09-10T14:12:40.204,1789029760.2041,3990,-1534,-19.67,3325,42.63
2026-09-10T14:12:40.216,1789029760.2162,3991,701,8.99,3325,42.63
2026-09-10T14:12:40.216,1789029760.2162,3992,1742,22.33,3276,42.0
2026-09-10T14:12:40.216,1789029760.2162,3993,255,3.27,3276,42.0
2026-09-10T14:12:40.216,1789029760.2162,3994,-1642,-21.05,3384,43.38
2026-09-10T14:12:40.231,1789029760.2319,3995,-975,-12.5,3384,43.38
2026-09-10T14:12:40.231,1789029760.2319,3996,1632,20.92,3274,41.97
2026-09-10T14:12:40.231,1789029760.2319,3997,114,1.46,3274,41.97
2026-09-10T14:12:40.247,1789029760.2476,3998,-1726,-22.13,3358,43.05
2026-09-10T14:12:40.247,1789029760.2476,3999,-832,-10.67,3358,43.05
2026-09-10T14:12:40.247,1789029760.2476,4000,1494,19.15,3220,41.28
2026-09-10T14:12:40.263,1789029760.2632,4001,-3,-0.04,3220,41.28
2026-09-10T14:12:40.263,1789029760.2632,4002,-1743,-22.35,3237,41.5
2026-09-10T14:12:40.263,1789029760.2632,4003,-661,-8.47,3237,41.5
2026-09-10T14:12:40.263,1789029760.2632,4004,1526,19.56,3269,41.91
2026-09-10T14:12:40.263,1789029760.2632,4005,-125,-1.6,3269,41.91
2026-09-10T14:12:40.263,1789029760.2632,4006,-1757,-22.53,3283,42.09
2026-09-10T14:12:40.278,1789029760.2789,4007,-502,-6.44,3283,42.09
2026-09-10T14:12:40.282,1789029760.2826,4008,1660,21.28,3417,43.81
2026-09-10T14:12:40.294,1789029760.2946,4009,-379,-4.86,3417,43.81
2026-09-10T14:12:40.294,1789029760.2946,4010,-1697,-21.76,3357,43.04
2026-09-10T14:12:40.310,1789029760.3105,4011,-327,-4.19,3357,43.04
2026-09-10T14:12:40.310,1789029760.3105,4012,1775,22.76,3472,44.51
2026-09-10T14:12:40.310,1789029760.3105,4013,976,12.51,3472,44.51
2026-09-10T14:12:40.310,1789029760.3105,4014,-1618,-20.74,3393,43.5
2026-09-10T14:12:40.326,1789029760.3262,4015,-143,-1.83,3393,43.5
2026-09-10T14:12:40.326,1789029760.3262,4016,1809,23.19,3427,43.94
2026-09-10T14:12:40.326,1789029760.3262,4017,826,10.59,3427,43.94
2026-09-10T14:12:40.341,1789029760.3419,4018,-1537,-19.71,3346,42.9
2026-09-10T14:12:40.357,1789029760.3576,4019,29,0.37,3346,42.9
2026-09-10T14:12:40.357,1789029760.3576,4020,1853,23.76,3390,43.46
2026-09-10T14:12:40.357,1789029760.3576,4021,665,8.53,3390,43.46
2026-09-10T14:12:40.373,1789029760.3732,4022,-1221,-15.65,3074,39.41
2026-09-10T14:12:40.373,1789029760.3732,4023,225,2.88,3074,39.41
2026-09-10T14:12:40.373,1789029760.3732,4024,1836,23.54,3057,39.19
2026-09-10T14:12:40.373,1789029760.3732,4025,501,6.42,3057,39.19
2026-09-10T14:12:40.382,1789029760.3828,4026,-1425,-18.27,3261,41.81
2026-09-10T14:12:40.382,1789029760.3828,4027,490,6.28,3261,41.81
2026-09-10T14:12:40.389,1789029760.3896,4028,1800,23.08,3225,41.35
2026-09-10T14:12:40.389,1789029760.3896,4029,373,4.78,3225,41.35
2026-09-10T14:12:40.389,1789029760.3896,4030,-1557,-19.96,3357,43.04
2026-09-10T14:12:40.404,1789029760.4046,4031,809,10.37,3357,43.04
2026-09-10T14:12:40.404,1789029760.4046,4032,1714,21.97,3271,41.94
2026-09-10T14:12:40.404,1789029760.4046,4033,232,2.97,3271,41.94
2026-09-10T14:12:40.420,1789029760.4204,4034,-1645,-21.09,3359,43.06
2026-09-10T14:12:40.420,1789029760.4204,4035,-935,-11.99,3359,43.06
2026-09-10T14:12:40.420,1789029760.4204,4036,1616,20.72,3261,41.81
2026-09-10T14:12:40.436,1789029760.4360,4037,126,1.62,3261,41.81
2026-09-10T14:12:40.436,1789029760.4360,4038,-1682,-21.56,3298,42.28
2026-09-10T14:12:40.436,1789029760.4360,4039,-744,-9.54,3298,42.28
2026-09-10T14:12:40.436,1789029760.4360,4040,1470,18.85,3152,40.41
2026-09-10T14:12:40.451,1789029760.4517,4041,-20,-0.26,3152,40.41
2026-09-10T14:12:40.451,1789029760.4517,4042,-1696,-21.74,3166,40.59
2026-09-10T14:12:40.467,1789029760.4674,4043,-577,-7.4,3166,40.59
2026-09-10T14:12:40.467,1789029760.4674,4044,1617,20.73,3313,42.47
2026-09-10T14:12:40.467,1789029760.4674,4045,-519,-6.65,3313,42.47
2026-09-10T14:12:40.483,1789029760.4831,4046,-3609,-46.27,5226,67.0
2026-09-10T14:12:40.483,1789029760.4831,4047,-1447,-18.55,5226,67.0
2026-09-10T14:12:40.483,1789029760.4831,4048,2919,37.42,6528,83.69
2026-09-10T14:12:40.483,1789029760.4831,4049,-681,-8.73,6528,83.69
2026-09-10T14:12:40.498,1789029760.4988,4050,-3394,-43.51,6313,80.94
2026-09-10T14:12:40.498,1789029760.4988,4051,-853,-10.94,6313,80.94
2026-09-10T14:12:40.514,1789029760.5144,4052,3338,42.79,6732,86.31
2026-09-10T14:12:40.514,1789029760.5144,4053,2165,27.76,6732,86.31
2026-09-10T14:12:40.514,1789029760.5144,4054,-3243,-41.58,6581,84.37
2026-09-10T14:12:40.514,1789029760.5144,4055,-426,-5.46,6581,84.37
2026-09-10T14:12:40.514,1789029760.5144,4056,3619,46.4,6862,87.97
2026-09-10T14:12:40.530,1789029760.5302,4057,1913,24.53,6862,87.97
2026-09-10T14:12:40.530,1789029760.5302,4058,-3008,-38.56,6627,84.96
2026-09-10T14:12:40.530,1789029760.5302,4059,-44,-0.56,6627,84.96
2026-09-10T14:12:40.546,1789029760.5462,4060,3692,47.33,6700,85.9
2026-09-10T14:12:40.561,1789029760.5619,4061,1626,20.85,6700,85.9
2026-09-10T14:12:40.561,1789029760.5619,4062,-2204,-28.26,5896,75.59
2026-09-10T14:12:40.561,1789029760.5619,4063,335,4.29,5896,75.59
2026-09-10T14:12:40.561,1789029760.5619,4064,3734,47.87,5938,76.13
2026-09-10T14:12:40.577,1789029760.5776,4065,1311,16.81,5938,76.13
2026-09-10T14:12:40.583,1789029760.5831,4066,-2586,-33.15,6320,81.03
2026-09-10T14:12:40.583,1789029760.5831,4067,878,11.26,6320,81.03
2026-09-10T14:12:40.593,1789029760.5934,4068,3667,47.01,6253,80.17
2026-09-10T14:12:40.593,1789029760.5934,4069,992,12.72,6253,80.17
2026-09-10T14:12:40.613,1789029760.6137,4070,-2867,-36.76,6534,83.77
2026-09-10T14:12:40.625,1789029760.6256,4071,1521,19.5,6534,83.77
2026-09-10T14:12:40.625,1789029760.6256,4072,3427,43.94,6294,80.69
2026-09-10T14:12:40.625,1789029760.6256,4073,701,8.99,6294,80.69
2026-09-10T14:12:40.641,1789029760.6415,4074,-3065,-39.29,6492,83.23
2026-09-10T14:12:40.641,1789029760.6415,4075,-1949,-24.99,6492,83.23
2026-09-10T14:12:40.641,1789029760.6415,4076,3106,39.82,6171,79.12
2026-09-10T14:12:40.641,1789029760.6415,4077,406,5.21,6171,79.12
2026-09-10T14:12:40.641,1789029760.6415,4078,-2991,-38.35,6097,78.17
2026-09-10T14:12:40.641,1789029760.6415,4079,-1472,-18.87,6097,78.17
2026-09-10T14:12:40.657,1789029760.6574,4080,2309,29.6,5300,67.95
2026-09-10T14:12:40.657,1789029760.6574,4081,-40,-0.51,5300,67.95
2026-09-10T14:12:40.657,1789029760.6574,4082,-2028,-26.0,4337,55.6
2026-09-10T14:12:40.657,1789029760.6574,4083,-712,-9.13,4337,55.6
2026-09-10T14:12:40.673,1789029760.6731,4084,1595,20.45,3623,46.45
2026-09-10T14:12:40.673,1789029760.6731,4085,-340,-4.36,3623,46.45
2026-09-10T14:12:40.683,1789029760.6831,4086,-1843,-23.63,3438,44.08
2026-09-10T14:12:40.683,1789029760.6831,4087,-511,-6.55,3438,44.08
2026-09-10T14:12:40.688,1789029760.6888,4088,1647,21.12,3490,44.74
2026-09-10T14:12:40.688,1789029760.6888,4089,-636,-8.15,3490,44.74
2026-09-10T14:12:40.704,1789029760.7045,4090,-1777,-22.78,3424,43.9
2026-09-10T14:12:40.704,1789029760.7045,4091,-302,-3.87,3424,43.9
2026-09-10T14:12:40.704,1789029760.7045,4092,1731,22.19,3508,44.97
2026-09-10T14:12:40.720,1789029760.7202,4093,788,10.1,3508,44.97
2026-09-10T14:12:40.720,1789029760.7202,4094,-1663,-21.32,3394,43.51
2026-09-10T14:12:40.720,1789029760.7202,4095,-145,-1.86,3394,43.51
2026-09-10T14:12:40.720,1789029760.7202,4096,1708,21.9,3371,43.22
2026-09-10T14:12:40.735,1789029760.7360,4097,609,7.81,3371,43.22
2026-09-10T14:12:40.735,1789029760.7360,4098,-1560,-20.0,3268,41.9
2026-09-10T14:12:40.735,1789029760.7360,4099,54,0.69,3268,41.9
2026-09-10T14:12:40.751,1789029760.7517,4100,1762,22.59,3322,42.59
2026-09-10T14:12:40.751,1789029760.7517,4101,467,5.99,3322,42.59
2026-09-10T14:12:40.767,1789029760.7674,4102,-1475,-18.91,3237,41.5
2026-09-10T14:12:40.767,1789029760.7674,4103,296,3.79,3237,41.5
2026-09-10T14:12:40.767,1789029760.7674,4104,1755,22.5,3230,41.41
2026-09-10T14:12:40.767,1789029760.7674,4105,320,4.1,3230,41.41
2026-09-10T14:12:40.783,1789029760.7833,4106,-1613,-20.68,3368,43.18
2026-09-10T14:12:40.783,1789029760.7833,4107,614,7.87,3368,43.18
2026-09-10T14:12:40.783,1789029760.7833,4108,1700,21.79,3313,42.47
2026-09-10T14:12:40.799,1789029760.7995,4109,177,2.27,3313,42.47
2026-09-10T14:12:40.799,1789029760.7995,4110,-1708,-21.9,3408,43.69
2026-09-10T14:12:40.799,1789029760.7995,4111,931,11.94,3408,43.69
2026-09-10T14:12:40.799,1789029760.7995,4112,1604,20.56,3312,42.46
2026-09-10T14:12:40.799,1789029760.7995,4113,81,1.04,3312,42.46
2026-09-10T14:12:40.815,1789029760.8153,4114,-1791,-22.96,3395,43.53
2026-09-10T14:12:40.815,1789029760.8153,4115,-932,-11.95,3395,43.53
2026-09-10T14:12:40.830,1789029760.8310,4116,1455,18.65,3246,41.62
2026-09-10T14:12:40.830,1789029760.8310,4117,-31,-0.4,3246,41.62
2026-09-10T14:12:40.846,1789029760.8467,4118,-1843,-23.63,3298,42.28
2026-09-10T14:12:40.846,1789029760.8467,4119,-715,-9.17,3298,42.28
2026-09-10T14:12:40.846,1789029760.8467,4120,1290,16.54,3133,40.17
2026-09-10T14:12:40.862,1789029760.8625,4121,-195,-2.5,3133,40.17
2026-09-10T14:12:40.862,1789029760.8625,4122,-1799,-23.06,3089,39.6
2026-09-10T14:12:40.878,1789029760.8781,4123,-556,-7.13,3089,39.6
2026-09-10T14:12:40.883,1789029760.8834,4124,1627,20.86,3426,43.92
2026-09-10T14:12:40.894,1789029760.8944,4125,-404,-5.18,3426,43.92
2026-09-10T14:12:40.894,1789029760.8944,4126,-1767,-22.65,3394,43.51
2026-09-10T14:12:40.894,1789029760.8944,4127,-380,-4.87,3394,43.51
2026-09-10T14:12:40.909,1789029760.9095,4128,1746,22.38,3513,45.04
2026-09-10T14:12:40.909,1789029760.9095,4129,-661,-8.47,3513,45.04
2026-09-10T14:12:40.909,1789029760.9095,4130,-1678,-21.51,3424,43.9
2026-09-10T14:12:40.909,1789029760.9095,4131,-188,-2.41,3424,43.9
2026-09-10T14:12:40.909,1789029760.9095,4132,1821,23.35,3499,44.86
2026-09-10T14:12:40.925,1789029760.9252,4133,790,10.13,3499,44.86
2026-09-10T14:12:40.925,1789029760.9252,4134,-1553,-19.91,3374,43.26
2026-09-10T14:12:40.925,1789029760.9252,4135,21,0.27,3374,43.26
2026-09-10T14:12:40.925,1789029760.9252,4136,1837,23.55,3390,43.46
2026-09-10T14:12:40.925,1789029760.9252,4137,641,8.22,3390,43.46
2026-09-10T14:12:40.941,1789029760.9413,4138,-1448,-18.56,3285,42.12
2026-09-10T14:12:40.946,1789029760.9465,4139,197,2.53,3285,42.12
2026-09-10T14:12:40.948,1789029760.9485,4140,1817,23.29,3265,41.86
2026-09-10T14:12:40.957,1789029760.9571,4141,526,6.74,3265,41.86
2026-09-10T14:12:40.957,1789029760.9571,4142,-1436,-18.41,3253,41.71
2026-09-10T14:12:40.957,1789029760.9571,4143,482,6.18,3253,41.71
2026-09-10T14:12:40.957,1789029760.9571,4144,1808,23.18,3244,41.59
2026-09-10T14:12:40.972,1789029760.9728,4145,361,4.63,3244,41.59
2026-09-10T14:12:40.972,1789029760.9728,4146,-1596,-20.46,3404,43.64
2026-09-10T14:12:40.983,1789029760.9834,4147,759,9.73,3404,43.64
2026-09-10T14:12:40.988,1789029760.9886,4148,1716,22.0,3312,42.46
2026-09-10T14:12:40.988,1789029760.9886,4149,221,2.83,3312,42.46
2026-09-10T14:12:40.988,1789029760.9886,4150,-1680,-21.54,3396,43.54
2026-09-10T14:12:41.011,1789029761.0113,4151,-969,-12.42,3396,43.54
2026-09-10T14:12:41.016,1789029761.0167,4152,1630,20.9,3310,42.44
2026-09-10T14:12:41.019,1789029761.0200,4153,92,1.18,3310,42.44
2026-09-10T14:12:41.019,1789029761.0200,4154,-1741,-22.32,3371,43.22
2026-09-10T14:12:41.019,1789029761.0200,4155,-814,-10.44,3371,43.22
2026-09-10T14:12:41.035,1789029761.0357,4156,1452,18.62,3193,40.94
2026-09-10T14:12:41.035,1789029761.0357,4157,-30,-0.38,3193,40.94
2026-09-10T14:12:41.035,1789029761.0357,4158,-1770,-22.69,3222,41.31
2026-09-10T14:12:41.051,1789029761.0513,4159,-635,-8.14,3222,41.31
2026-09-10T14:12:41.051,1789029761.0513,4160,1302,16.69,3072,39.38
2026-09-10T14:12:41.051,1789029761.0513,4161,-219,-2.81,3072,39.38
2026-09-10T14:12:41.067,1789029761.0672,4162,-1782,-22.85,3084,39.54
2026-09-10T14:12:41.067,1789029761.0672,4163,-471,-6.04,3084,39.54
2026-09-10T14:12:41.067,1789029761.0672,4164,1694,21.72,3476,44.56
2026-09-10T14:12:41.067,1789029761.0672,4165,-465,-5.96,3476,44.56
2026-09-10T14:12:41.067,1789029761.0672,4166,-1727,-22.14,3421,43.86
2026-09-10T14:12:41.067,1789029761.0672,4167,-304,-3.9,3421,43.86
2026-09-10T14:12:41.083,1789029761.0835,4168,1765,22.63,3492,44.77
2026-09-10T14:12:41.083,1789029761.0835,4169,-729,-9.35,3492,44.77
2026-09-10T14:12:41.083,1789029761.0835,4170,-1610,-20.64,3375,43.27
2026-09-10T14:12:41.114,1789029761.1145,4171,-104,-1.33,3375,43.27
2026-09-10T14:12:41.114,1789029761.1145,4172,1820,23.33,3430,43.97
2026-09-10T14:12:41.114,1789029761.1145,4173,769,9.86,3430,43.97
2026-09-10T14:12:41.130,1789029761.1302,4174,-1514,-19.41,3334,42.74
2026-09-10T14:12:41.130,1789029761.1302,4175,72,0.92,3334,42.74
2026-09-10T14:12:41.145,1789029761.1459,4176,1848,23.69,3362,43.1
2026-09-10T14:12:41.145,1789029761.1459,4177,637,8.17,3362,43.1
2026-09-10T14:12:41.145,1789029761.1459,4178,-1345,-17.24,3193,40.94
2026-09-10T14:12:41.161,1789029761.1616,4179,300,3.85,3193,40.94
2026-09-10T14:12:41.161,1789029761.1616,4180,1835,23.53,3180,40.77
2026-09-10T14:12:41.183,1789029761.1838,4181,476,6.1,3180,40.77
2026-09-10T14:12:41.183,1789029761.1838,4182,-1454,-18.64,3289,42.17
2026-09-10T14:12:41.183,1789029761.1838,4183,569,7.29,3289,42.17
2026-09-10T14:12:41.183,1789029761.1838,4184,1802,23.1,3256,41.74
2026-09-10T14:12:41.183,1789029761.1838,4185,339,4.35,3256,41.74
2026-09-10T14:12:41.193,1789029761.1931,4186,-1570,-20.13,3372,43.23
2026-09-10T14:12:41.193,1789029761.1931,4187,888,11.38,3372,43.23
2026-09-10T14:12:41.193,1789029761.1931,4188,1713,21.96,3283,42.09
2026-09-10T14:12:41.193,1789029761.1931,4189,206,2.64,3283,42.09
2026-09-10T14:12:41.208,1789029761.2088,4190,-1683,-21.58,3396,43.54
2026-09-10T14:12:41.208,1789029761.2088,4191,-924,-11.85,3396,43.54
2026-09-10T14:12:41.208,1789029761.2088,4192,1603,20.55,3286,42.13
2026-09-10T14:12:41.224,1789029761.2246,4193,105,1.35,3286,42.13
2026-09-10T14:12:41.224,1789029761.2246,4194,-1708,-21.9,3311,42.45
2026-09-10T14:12:41.224,1789029761.2246,4195,-725,-9.29,3311,42.45
2026-09-10T14:12:41.224,1789029761.2246,4196,1440,18.46,3148,40.36
2026-09-10T14:12:41.240,1789029761.2404,4197,-38,-0.49,3148,40.36
2026-09-10T14:12:41.240,1789029761.2404,4198,-1718,-22.03,3158,40.49
2026-09-10T14:12:41.240,1789029761.2404,4199,-543,-6.96,3158,40.49
2026-09-10T14:12:41.240,1789029761.2404,4200,1277,16.37,2995,38.4
2026-09-10T14:12:41.256,1789029761.2561,4201,-224,-2.87,2995,38.4
2026-09-10T14:12:41.256,1789029761.2561,4202,-1707,-21.88,2984,38.26
2026-09-10T14:12:41.256,1789029761.2561,4203,-377,-4.83,2984,38.26
2026-09-10T14:12:41.271,1789029761.2718,4204,1769,22.68,3476,44.56
2026-09-10T14:12:41.271,1789029761.2718,4205,-482,-6.18,3476,44.56
2026-09-10T14:12:41.271,1789029761.2718,4206,-1633,-20.94,3402,43.62
2026-09-10T14:12:41.283,1789029761.2838,4207,-218,-2.79,3402,43.62
2026-09-10T14:12:41.287,1789029761.2874,4208,1843,23.63,3476,44.56
2026-09-10T14:12:41.287,1789029761.2874,4209,-780,-10.0,3476,44.56
2026-09-10T14:12:41.303,1789029761.3032,4210,-1717,-22.01,3560,45.64
2026-09-10T14:12:41.303,1789029761.3032,4211,-462,-5.92,3560,45.64
2026-09-10T14:12:41.318,1789029761.3190,4212,3311,42.45,5028,64.46
2026-09-10T14:12:41.318,1789029761.3190,4213,1626,20.85,5028,64.46
2026-09-10T14:12:41.318,1789029761.3190,4214,-3037,-38.94,6348,81.38
2026-09-10T14:12:41.318,1789029761.3190,4215,-85,-1.09,6348,81.38
2026-09-10T14:12:41.335,1789029761.3351,4216,3532,45.28,6569,84.22
2026-09-10T14:12:41.335,1789029761.3351,4217,1466,18.79,6569,84.22
2026-09-10T14:12:41.335,1789029761.3351,4218,-2787,-35.73,6319,81.01
2026-09-10T14:12:41.335,1789029761.3351,4219,456,5.85,6319,81.01
2026-09-10T14:12:41.335,1789029761.3351,4220,3678,47.15,6465,82.88
2026-09-10T14:12:41.350,1789029761.3507,4221,1204,15.44,6465,82.88
2026-09-10T14:12:41.350,1789029761.3507,4222,-2725,-34.94,6403,82.09
2026-09-10T14:12:41.350,1789029761.3507,4223,1044,13.38,6403,82.09
2026-09-10T14:12:41.366,1789029761.3666,4224,3668,47.03,6393,81.96
2026-09-10T14:12:41.366,1789029761.3666,4225,949,12.17,6393,81.96
2026-09-10T14:12:41.389,1789029761.3891,4226,-3026,-38.79,6694,85.82
2026-09-10T14:12:41.390,1789029761.3901,4227,1686,21.62,6694,85.82
2026-09-10T14:12:41.390,1789029761.3901,4228,3500,44.87,6526,83.67
2026-09-10T14:12:41.403,1789029761.4034,4229,682,8.74,6526,83.67
2026-09-10T14:12:41.407,1789029761.4077,4230,-3241,-41.55,6741,86.42
2026-09-10T14:12:41.413,1789029761.4138,4231,-2016,-25.85,6741,86.42
2026-09-10T14:12:41.413,1789029761.4138,4232,3223,41.32,6464,82.87
2026-09-10T14:12:41.429,1789029761.4299,4233,382,4.9,6464,82.87
2026-09-10T14:12:41.429,1789029761.4299,4234,-3363,-43.12,6586,84.44
2026-09-10T14:12:41.445,1789029761.4456,4235,-1710,-21.92,6586,84.44
2026-09-10T14:12:41.445,1789029761.4456,4236,2926,37.51,6289,80.63
2026-09-10T14:12:41.445,1789029761.4456,4237,75,0.96,6289,80.63
2026-09-10T14:12:41.445,1789029761.4456,4238,-3398,-43.56,6324,81.08
2026-09-10T14:12:41.445,1789029761.4456,4239,-1352,-17.33,6324,81.08
2026-09-10T14:12:41.445,1789029761.4456,4240,2541,32.58,5939,76.14
2026-09-10T14:12:41.461,1789029761.4613,4241,-325,-4.17,5939,76.14
2026-09-10T14:12:41.461,1789029761.4613,4242,-3271,-41.94,5812,74.51
2026-09-10T14:12:41.461,1789029761.4613,4243,-975,-12.5,5812,74.51
2026-09-10T14:12:41.461,1789029761.4613,4244,3053,39.14,6324,81.08
2026-09-10T14:12:41.476,1789029761.4769,4245,-839,-10.76,6324,81.08
2026-09-10T14:12:41.476,1789029761.4769,4246,-2835,-36.35,5888,75.49
2026-09-10T14:12:41.476,1789029761.4769,4247,-528,-6.77,5888,75.49
2026-09-10T14:12:41.483,1789029761.4840,4248,1898,24.33,4733,60.68
2026-09-10T14:12:41.492,1789029761.4928,4249,-1340,-17.18,4733,60.68
2026-09-10T14:12:41.492,1789029761.4928,4250,-1975,-25.32,3873,49.65
2026-09-10T14:12:41.492,1789029761.4928,4251,-367,-4.71,3873,49.65
2026-09-10T14:12:41.508,1789029761.5086,4252,1487,19.06,3462,44.38
2026-09-10T14:12:41.508,1789029761.5086,4253,373,4.78,3462,44.38
2026-09-10T14:12:41.508,1789029761.5086,4254,-1703,-21.83,3190,40.9
2026-09-10T14:12:41.524,1789029761.5243,4255,-68,-0.87,3190,40.9
2026-09-10T14:12:41.524,1789029761.5243,4256,1604,20.56,3307,42.4
2026-09-10T14:12:41.540,1789029761.5401,4257,322,4.13,3307,42.4
2026-09-10T14:12:41.540,1789029761.5401,4258,-1489,-19.09,3093,39.65
2026-09-10T14:12:41.555,1789029761.5558,4259,277,3.55,3093,39.65
2026-09-10T14:12:41.555,1789029761.5558,4260,1635,20.96,3124,40.05
2026-09-10T14:12:41.555,1789029761.5558,4261,217,2.78,3124,40.05
2026-09-10T14:12:41.571,1789029761.5715,4262,-1728,-22.15,3363,43.12
2026-09-10T14:12:41.571,1789029761.5715,4263,612,7.85,3363,43.12
2026-09-10T14:12:41.571,1789029761.5715,4264,1574,20.18,3302,42.33
2026-09-10T14:12:41.583,1789029761.5838,4265,104,1.33,3302,42.33
2026-09-10T14:12:41.587,1789029761.5871,4266,-1793,-22.99,3367,43.17
2026-09-10T14:12:41.587,1789029761.5871,4267,954,12.23,3367,43.17
2026-09-10T14:12:41.587,1789029761.5871,4268,1487,19.06,3280,42.05
2026-09-10T14:12:41.602,1789029761.6027,4269,17,0.22,3280,42.05
2026-09-10T14:12:41.602,1789029761.6027,4270,-1831,-23.47,3318,42.54
2026-09-10T14:12:41.602,1789029761.6027,4271,-932,-11.95,3318,42.54
2026-09-10T14:12:41.602,1789029761.6027,4272,1367,17.53,3198,41.0
2026-09-10T14:12:41.602,1789029761.6027,4273,-115,-1.47,3198,41.0
2026-09-10T14:12:41.618,1789029761.6184,4274,-1846,-23.67,3213,41.19
2026-09-10T14:12:41.618,1789029761.6184,4275,-735,-9.42,3213,41.19
2026-09-10T14:12:41.634,1789029761.6342,4276,1230,15.77,3076,39.44
2026-09-10T14:12:41.634,1789029761.6342,4277,-255,-3.27,3076,39.44
2026-09-10T14:12:41.650,1789029761.6502,4278,-1826,-23.41,3056,39.18
2026-09-10T14:12:41.650,1789029761.6502,4279,-562,-7.21,3056,39.18
2026-09-10T14:12:41.650,1789029761.6502,4280,1069,13.71,2895,37.12
2026-09-10T14:12:41.666,1789029761.6662,4281,-491,-6.29,2895,37.12
2026-09-10T14:12:41.666,1789029761.6662,4282,-1769,-22.68,2838,36.38
2026-09-10T14:12:41.683,1789029761.6838,4283,-402,-5.15,2838,36.38
2026-09-10T14:12:41.683,1789029761.6838,4284,1700,21.79,3469,44.47
2026-09-10T14:12:41.697,1789029761.6976,4285,-766,-9.82,3469,44.47
2026-09-10T14:12:41.697,1789029761.6976,4286,-1703,-21.83,3403,43.63
2026-09-10T14:12:41.697,1789029761.6976,4287,-189,-2.42,3403,43.63
2026-09-10T14:12:41.697,1789029761.6976,4288,1752,22.46,3455,44.29
2026-09-10T14:12:41.713,1789029761.7138,4289,-1074,-13.77,3455,44.29
2026-09-10T14:12:41.713,1789029761.7138,4290,-1586,-20.33,3338,42.79
2026-09-10T14:12:41.713,1789029761.7138,4291,-19,-0.24,3338,42.79
2026-09-10T14:12:41.713,1789029761.7138,4292,1793,22.99,3379,43.32
2026-09-10T14:12:41.713,1789029761.7138,4293,558,7.15,3379,43.32
2026-09-10T14:12:41.713,1789029761.7138,4294,-1415,-18.14,3208,41.13
2026-09-10T14:12:41.729,1789029761.7295,4295,214,2.74,3208,41.13
2026-09-10T14:12:41.729,1789029761.7295,4296,1789,22.94,3204,41.08
2026-09-10T14:12:41.729,1789029761.7295,4297,426,5.46,3204,41.08
2026-09-10T14:12:41.729,1789029761.7295,4298,-1285,-16.47,3074,39.41
2026-09-10T14:12:41.729,1789029761.7295,4299,484,6.21,3074,39.41
2026-09-10T14:12:41.747,1789029761.7473,4300,1742,22.33,3027,38.81
2026-09-10T14:12:41.749,1789029761.7493,4301,295,3.78,3027,38.81
2026-09-10T14:12:41.761,1789029761.7611,4302,-1618,-20.74,3360,43.08
2026-09-10T14:12:41.761,1789029761.7611,4303,825,10.58,3360,43.08
2026-09-10T14:12:41.761,1789029761.7611,4304,1669,21.4,3287,42.14
2026-09-10T14:12:41.776,1789029761.7768,4305,171,2.19,3287,42.14
2026-09-10T14:12:41.776,1789029761.7768,4306,-1746,-22.38,3415,43.78
2026-09-10T14:12:41.783,1789029761.7838,4307,1145,14.68,3415,43.78
2026-09-10T14:12:41.792,1789029761.7925,4308,1544,19.79,3290,42.18
2026-09-10T14:12:41.795,1789029761.7952,4309,42,0.54,3290,42.18
2026-09-10T14:12:41.796,1789029761.7968,4310,-1790,-22.95,3334,42.74
2026-09-10T14:12:41.808,1789029761.8082,4311,-799,-10.24,3334,42.74
2026-09-10T14:12:41.808,1789029761.8082,4312,1391,17.83,3181,40.78
2026-09-10T14:12:41.808,1789029761.8082,4313,-87,-1.12,3181,40.78
2026-09-10T14:12:41.823,1789029761.8240,4314,-1794,-23.0,3185,40.83
2026-09-10T14:12:41.823,1789029761.8240,4315,-631,-8.09,3185,40.83
2026-09-10T14:12:41.823,1789029761.8240,4316,1225,15.71,3019,38.71
2026-09-10T14:12:41.839,1789029761.8397,4317,-296,-3.79,3019,38.71
2026-09-10T14:12:41.839,1789029761.8397,4318,-1754,-22.49,2979,38.19
2026-09-10T14:12:41.839,1789029761.8397,4319,-452,-5.79,2979,38.19
2026-09-10T14:12:41.839,1789029761.8397,4320,1048,13.44,2802,35.92
2026-09-10T14:12:41.855,1789029761.8554,4321,-537,-6.88,2802,35.92
2026-09-10T14:12:41.855,1789029761.8554,4322,-1718,-22.03,2766,35.46
2026-09-10T14:12:41.855,1789029761.8554,4323,-272,-3.49,2766,35.46
2026-09-10T14:12:41.855,1789029761.8554,4324,1761,22.58,3479,44.6
2026-09-10T14:12:41.855,1789029761.8554,4325,-829,-10.63,3479,44.6
2026-09-10T14:12:41.871,1789029761.8710,4326,-1614,-20.69,3375,43.27
2026-09-10T14:12:41.871,1789029761.8710,4327,-83,-1.06,3375,43.27
2026-09-10T14:12:41.887,1789029761.8871,4328,1801,23.09,3415,43.78
2026-09-10T14:12:41.892,1789029761.8921,4329,-1129,-14.47,3415,43.78
2026-09-10T14:12:41.903,1789029761.9033,4330,-1489,-19.09,3290,42.18
2026-09-10T14:12:41.903,1789029761.9033,4331,113,1.45,3290,42.18
2026-09-10T14:12:41.918,1789029761.9184,4332,1833,23.5,3322,42.59
2026-09-10T14:12:41.926,1789029761.9268,4333,562,7.21,3322,42.59
2026-09-10T14:12:41.926,1789029761.9268,4334,-1315,-16.86,3148,40.36
2026-09-10T14:12:41.934,1789029761.9343,4335,346,4.44,3148,40.36
2026-09-10T14:12:41.934,1789029761.9343,4336,1808,23.18,3123,40.04
2026-09-10T14:12:41.934,1789029761.9343,4337,413,5.29,3123,40.04
2026-09-10T14:12:41.953,1789029761.9537,4338,-1174,-15.05,2982,38.23
2026-09-10T14:12:41.953,1789029761.9537,4339,654,8.38,2982,38.23
2026-09-10T14:12:41.965,1789029761.9658,4340,1792,22.97,2966,38.03
2026-09-10T14:12:41.965,1789029761.9658,4341,301,3.86,2966,38.03
2026-09-10T14:12:41.965,1789029761.9658,4342,-1632,-20.92,3424,43.9
2026-09-10T14:12:41.981,1789029761.9814,4343,966,12.38,3424,43.9
2026-09-10T14:12:41.983,1789029761.9838,4344,1698,21.77,3330,42.69
2026-09-10T14:12:41.983,1789029761.9838,4345,164,2.1,3330,42.69
2026-09-10T14:12:41.983,1789029761.9838,4346,-1697,-21.76,3395,43.53
2026-09-10T14:12:41.983,1789029761.9838,4347,1257,16.12,3395,43.53
2026-09-10T14:12:41.983,1789029761.9838,4348,1516,19.44,3213,41.19
2026-09-10T14:12:41.997,1789029761.9971,4349,42,0.54,3213,41.19
2026-09-10T14:12:41.997,1789029761.9971,4350,-1750,-22.44,3266,41.87
2026-09-10T14:12:42.012,1789029762.0128,4351,-699,-8.96,3266,41.87
2026-09-10T14:12:42.012,1789029762.0128,4352,1386,17.77,3136,40.21
2026-09-10T14:12:42.012,1789029762.0128,4353,-112,-1.44,3136,40.21
2026-09-10T14:12:42.012,1789029762.0128,4354,-1739,-22.29,3125,40.06
2026-09-10T14:12:42.028,1789029762.0285,4355,-556,-7.13,3125,40.06
2026-09-10T14:12:42.028,1789029762.0285,4356,1187,15.22,2926,37.51
2026-09-10T14:12:42.028,1789029762.0285,4357,-325,-4.17,2926,37.51
2026-09-10T14:12:42.028,1789029762.0285,4358,-1744,-22.36,2931,37.58
2026-09-10T14:12:42.028,1789029762.0285,4359,-369,-4.73,2931,37.58
2026-09-10T14:12:42.044,1789029762.0442,4360,1772,22.72,3516,45.08
2026-09-10T14:12:42.044,1789029762.0442,4361,-599,-7.68,3516,45.08
2026-09-10T14:12:42.059,1789029762.0599,4362,-1684,-21.59,3456,44.31
2026-09-10T14:12:42.059,1789029762.0599,4363,-194,-2.49,3456,44.31
2026-09-10T14:12:42.059,1789029762.0599,4364,1783,22.86,3467,44.45
2026-09-10T14:12:42.059,1789029762.0599,4365,-891,-11.42,3467,44.45
2026-09-10T14:12:42.084,1789029762.0849,4366,-1568,-20.1,3351,42.96
2026-09-10T14:12:42.084,1789029762.0849,4367,-14,-0.18,3351,42.96
2026-09-10T14:12:42.092,1789029762.0923,4368,1830,23.46,3398,43.56
2026-09-10T14:12:42.092,1789029762.0923,4369,-1187,-15.22,3398,43.56
2026-09-10T14:12:42.092,1789029762.0923,4370,-1435,-18.4,3265,41.86
2026-09-10T14:12:42.107,1789029762.1077,4371,191,2.45,3265,41.86
2026-09-10T14:12:42.107,1789029762.1077,4372,1846,23.67,3281,42.06
2026-09-10T14:12:42.107,1789029762.1077,4373,527,6.76,3281,42.06
2026-09-10T14:12:42.123,1789029762.1235,4374,-1258,-16.13,3104,39.79
2026-09-10T14:12:42.123,1789029762.1235,4375,447,5.73,3104,39.79
2026-09-10T14:12:42.123,1789029762.1235,4376,1818,23.31,3076,39.44
2026-09-10T14:12:42.123,1789029762.1235,4377,394,5.05,3076,39.44
2026-09-10T14:12:42.123,1789029762.1235,4378,-1145,-14.68,2963,37.99
2026-09-10T14:12:42.139,1789029762.1392,4379,763,9.78,2963,37.99
2026-09-10T14:12:42.139,1789029762.1392,4380,1756,22.51,2901,37.19
2026-09-10T14:12:42.155,1789029762.1552,4381,266,3.41,2901,37.19
2026-09-10T14:12:42.155,1789029762.1552,4382,-1635,-20.96,3391,43.47
2026-09-10T14:12:42.170,1789029762.1709,4383,1103,14.14,3391,43.47
2026-09-10T14:12:42.170,1789029762.1709,4384,1655,21.22,3290,42.18
2026-09-10T14:12:42.170,1789029762.1709,4385,136,1.74,3290,42.18
2026-09-10T14:12:42.188,1789029762.1886,4386,-1672,-21.44,3327,42.65
2026-09-10T14:12:42.196,1789029762.1968,4387,1377,17.65,3327,42.65
2026-09-10T14:12:42.197,1789029762.1979,4388,1516,19.44,3188,40.87
2026-09-10T14:12:42.202,1789029762.2023,4389,34,0.44,3188,40.87
2026-09-10T14:12:42.202,1789029762.2023,4390,-1710,-21.92,3226,41.36
2026-09-10T14:12:42.226,1789029762.2263,4391,-1004,-12.87,3226,41.36
2026-09-10T14:12:42.233,1789029762.2337,4392,2547,32.65,4257,54.58
2026-09-10T14:12:42.233,1789029762.2337,4393,-251,-3.22,4257,54.58
2026-09-10T14:12:42.233,1789029762.2337,4394,-3458,-44.33,6005,76.99
2026-09-10T14:12:42.233,1789029762.2337,4395,-1469,-18.83,6005,76.99
2026-09-10T14:12:42.233,1789029762.2337,4396,2258,28.95,5716,73.28
2026-09-10T14:12:42.249,1789029762.2494,4397,-635,-8.14,5716,73.28
2026-09-10T14:12:42.249,1789029762.2494,4398,-3476,-44.56,5734,73.51
2026-09-10T14:12:42.249,1789029762.2494,4399,-1035,-13.27,5734,73.51
2026-09-10T14:12:42.249,1789029762.2494,4400,3161,40.53,6637,85.09
2026-09-10T14:12:42.249,1789029762.2494,4401,-1155,-14.81,6637,85.09
2026-09-10T14:12:42.265,1789029762.2654,4402,-3359,-43.06,6520,83.59
2026-09-10T14:12:42.265,1789029762.2654,4403,-661,-8.47,6520,83.59
2026-09-10T14:12:42.265,1789029762.2654,4404,3337,42.78,6696,85.85
2026-09-10T14:12:42.265,1789029762.2654,4405,-1723,-22.09,6696,85.85
2026-09-10T14:12:42.281,1789029762.2813,4406,-3136,-40.21,6473,82.99
2026-09-10T14:12:42.284,1789029762.2840,4407,-260,-3.33,6473,82.99
2026-09-10T14:12:42.284,1789029762.2840,4408,3457,44.32,6593,84.53
2026-09-10T14:12:42.297,1789029762.2970,4409,-2182,-27.97,6593,84.53
2026-09-10T14:12:42.297,1789029762.2970,4410,-2882,-36.95,6339,81.27
2026-09-10T14:12:42.297,1789029762.2970,4411,142,1.82,6339,81.27
2026-09-10T14:12:42.312,1789029762.3129,4412,3453,44.27,6335,81.22
2026-09-10T14:12:42.312,1789029762.3129,4413,1160,14.87,6335,81.22
2026-09-10T14:12:42.312,1789029762.3129,4414,-2615,-33.53,6068,77.79
2026-09-10T14:12:42.312,1789029762.3129,4415,599,7.68,6068,77.79
2026-09-10T14:12:42.328,1789029762.3285,4416,3289,42.17,5904,75.69
2026-09-10T14:12:42.328,1789029762.3285,4417,840,10.77,5904,75.69
2026-09-10T14:12:42.328,1789029762.3285,4418,-2224,-28.51,5513,70.68
2026-09-10T14:12:42.348,1789029762.3482,4419,1145,14.68,5513,70.68
2026-09-10T14:12:42.348,1789029762.3482,4420,2848,36.51,5072,65.03
2026-09-10T14:12:42.359,1789029762.3599,4421,281,3.6,5072,65.03
2026-09-10T14:12:42.359,1789029762.3599,4422,-2892,-37.08,5740,73.59
2026-09-10T14:12:42.359,1789029762.3599,4423,76,0.97,5740,73.59
2026-09-10T14:12:42.359,1789029762.3599,4424,520,6.67,3412,43.74
2026-09-10T14:12:42.375,1789029762.3757,4425,-943,-12.09,3412,43.74
2026-09-10T14:12:42.382,1789029762.3823,4426,-2707,-34.71,3227,41.37
2026-09-10T14:12:42.394,1789029762.3942,4427,590,7.56,3297,42.27
2026-09-10T14:12:42.396,1789029762.3962,4428,660,8.46,3367,43.17
2026-09-10T14:12:42.398,1789029762.3983,4429,-735,-9.42,3367,43.17
2026-09-10T14:12:42.399,1789029762.3994,4430,-2344,-30.05,3004,38.51
2026-09-10T14:12:42.407,1789029762.4073,4431,-1194,-15.31,3004,38.51
2026-09-10T14:12:42.412,1789029762.4123,4432,750,9.62,3094,39.67
2026-09-10T14:12:42.412,1789029762.4123,4433,-705,-9.04,3094,39.67
2026-09-10T14:12:42.422,1789029762.4230,4434,-2142,-27.46,2892,37.08
2026-09-10T14:12:42.422,1789029762.4230,4435,-842,-10.79,2892,37.08
2026-09-10T14:12:42.438,1789029762.4387,4436,728,9.33,2870,36.79
2026-09-10T14:12:42.438,1789029762.4387,4437,-802,-10.28,2870,36.79
2026-09-10T14:12:42.438,1789029762.4387,4438,-1963,-25.17,2691,34.5
2026-09-10T14:12:42.438,1789029762.4387,4439,-548,-7.03,2691,34.5
2026-09-10T14:12:42.454,1789029762.4544,4440,1498,19.21,3461,44.37
2026-09-10T14:12:42.454,1789029762.4544,4441,-1010,-12.95,3461,44.37
2026-09-10T14:12:42.473,1789029762.4732,4442,-1798,-23.05,3296,42.26
2026-09-10T14:12:42.476,1789029762.4767,4443,-299,-3.83,3296,42.26
2026-09-10T14:12:42.488,1789029762.4883,4444,1610,20.64,3408,43.69
2026-09-10T14:12:42.490,1789029762.4903,4445,-1214,-15.56,3408,43.69
2026-09-10T14:12:42.494,1789029762.4943,4446,-1650,-21.15,3260,41.79
2026-09-10T14:12:42.494,1789029762.4943,4447,-39,-0.5,3260,41.79
2026-09-10T14:12:42.502,1789029762.5021,4448,1669,21.4,3319,42.55
2026-09-10T14:12:42.502,1789029762.5021,4449,-1407,-18.04,3319,42.55
2026-09-10T14:12:42.502,1789029762.5021,4450,-1450,-18.59,3119,39.99
2026-09-10T14:12:42.502,1789029762.5021,4451,200,2.56,3119,39.99
2026-09-10T14:12:42.502,1789029762.5021,4452,1731,22.19,3181,40.78
2026-09-10T14:12:42.502,1789029762.5021,4453,372,4.77,3181,40.78
2026-09-10T14:12:42.517,1789029762.5177,4454,-1259,-16.14,2990,38.33
2026-09-10T14:12:42.517,1789029762.5177,4455,526,6.74,2990,38.33
2026-09-10T14:12:42.517,1789029762.5177,4456,1704,21.85,2963,37.99
2026-09-10T14:12:42.533,1789029762.5335,4457,217,2.78,2963,37.99
2026-09-10T14:12:42.533,1789029762.5335,4458,-1081,-13.86,2785,35.71
2026-09-10T14:12:42.533,1789029762.5335,4459,859,11.01,2785,35.71
2026-09-10T14:12:42.533,1789029762.5335,4460,1608,20.62,2689,34.47
2026-09-10T14:12:42.549,1789029762.5491,4461,110,1.41,2689,34.47
2026-09-10T14:12:42.562,1789029762.5623,4462,-1719,-22.04,3327,42.65
2026-09-10T14:12:42.564,1789029762.5648,4463,1207,15.47,3327,42.65
2026-09-10T14:12:42.564,1789029762.5648,4464,1495,19.17,3214,41.21
2026-09-10T14:12:42.564,1789029762.5648,4465,21,0.27,3214,41.21
2026-09-10T14:12:42.564,1789029762.5648,4466,-1743,-22.35,3238,41.51
2026-09-10T14:12:42.585,1789029762.5859,4467,1447,18.55,3238,41.51
2026-09-10T14:12:42.587,1789029762.5880,4468,1357,17.4,3190,40.9
2026-09-10T14:12:42.596,1789029762.5963,4469,-96,-1.23,3190,40.9
2026-09-10T14:12:42.596,1789029762.5963,4470,-1756,-22.51,3203,41.06
2026-09-10T14:12:42.596,1789029762.5963,4471,-569,-7.29,3113,39.91
2026-09-10T14:12:42.611,1789029762.6120,4472,1195,15.32,2951,37.83
2026-09-10T14:12:42.618,1789029762.6181,4473,-286,-3.67,2951,37.83
2026-09-10T14:12:42.618,1789029762.6181,4474,-1705,-21.86,2900,37.18
2026-09-10T14:12:42.618,1789029762.6181,4475,-402,-5.15,2900,37.18
2026-09-10T14:12:42.628,1789029762.6283,4476,1057,13.55,2762,35.41
2026-09-10T14:12:42.628,1789029762.6283,4477,-547,-7.01,2762,35.41
2026-09-10T14:12:42.628,1789029762.6283,4478,-1629,-20.88,2686,34.44
2026-09-10T14:12:42.643,1789029762.6434,4479,-183,-2.35,2686,34.44
2026-09-10T14:12:42.643,1789029762.6434,4480,1794,23.0,3423,43.88
2026-09-10T14:12:42.643,1789029762.6434,4481,-845,-10.83,3423,43.88
2026-09-10T14:12:42.643,1789029762.6434,4482,-1534,-19.67,3328,42.67
2026-09-10T14:12:42.659,1789029762.6592,4483,-4,-0.05,3328,42.67
2026-09-10T14:12:42.674,1789029762.6750,4484,1837,23.55,3371,43.22
2026-09-10T14:12:42.684,1789029762.6849,4485,-1094,-14.03,3371,43.22
2026-09-10T14:12:42.684,1789029762.6849,4486,-1409,-18.06,3246,41.62
2026-09-10T14:12:42.690,1789029762.6906,4487,212,2.72,3246,41.62
2026-09-10T14:12:42.690,1789029762.6906,4488,1871,23.99,3280,42.05
2026-09-10T14:12:42.690,1789029762.6906,4489,-1334,-17.1,3280,42.05
2026-09-10T14:12:42.706,1789029762.7064,4490,-1269,-16.27,3205,41.09
2026-09-10T14:12:42.706,1789029762.7064,4491,432,5.54,3205,41.09
2026-09-10T14:12:42.722,1789029762.7221,4492,1846,23.67,3180,40.77
2026-09-10T14:12:42.722,1789029762.7221,4493,411,5.27,3115,39.94
2026-09-10T14:12:42.737,1789029762.7378,4494,-1073,-13.76,2919,37.42
2026-09-10T14:12:42.737,1789029762.7378,4495,748,9.59,2919,37.42
2026-09-10T14:12:42.737,1789029762.7378,4496,1773,22.73,2846,36.49
2026-09-10T14:12:42.737,1789029762.7378,4497,294,3.77,2846,36.49
2026-09-10T14:12:42.737,1789029762.7378,4498,-941,-12.06,2714,34.79
2026-09-10T14:12:42.755,1789029762.7551,4499,1050,13.46,2714,34.79
2026-09-10T14:12:42.755,1789029762.7551,4500,1666,21.36,2607,33.42
2026-09-10T14:12:42.755,1789029762.7551,4501,168,2.15,2607,33.42
2026-09-10T14:12:42.755,1789029762.7551,4502,-1697,-21.76,3363,43.12
2026-09-10T14:12:42.755,1789029762.7551,4503,1345,17.24,3363,43.12
2026-09-10T14:12:42.769,1789029762.7693,4504,1524,19.54,3221,41.29
2026-09-10T14:12:42.769,1789029762.7693,4505,66,0.85,3221,41.29
2026-09-10T14:12:42.769,1789029762.7693,4506,-1679,-21.53,3203,41.06
2026-09-10T14:12:42.784,1789029762.7849,4507,1566,20.08,3245,41.6
2026-09-10T14:12:42.784,1789029762.7849,4508,1356,17.38,3245,41.6
2026-09-10T14:12:42.784,1789029762.7849,4509,-113,-1.45,3245,41.6
2026-09-10T14:12:42.784,1789029762.7849,4510,-1705,-21.86,3271,41.94
2026-09-10T14:12:42.800,1789029762.8008,4511,-478,-6.13,3061,39.24
2026-09-10T14:12:42.800,1789029762.8008,4512,1185,15.19,2890,37.05
2026-09-10T14:12:42.816,1789029762.8165,4513,-331,-4.24,2890,37.05
2026-09-10T14:12:42.816,1789029762.8165,4514,-1654,-21.21,2839,36.4
2026-09-10T14:12:42.816,1789029762.8165,4515,-288,-3.69,2839,36.4
2026-09-10T14:12:42.816,1789029762.8165,4516,1015,13.01,2669,34.22
2026-09-10T14:12:42.832,1789029762.8322,4517,-613,-7.86,2669,34.22
2026-09-10T14:12:42.832,1789029762.8322,4518,-1591,-20.4,2606,33.41
2026-09-10T14:12:42.848,1789029762.8480,4519,-129,-1.65,2606,33.41
2026-09-10T14:12:42.848,1789029762.8480,4520,1844,23.64,3435,44.04
2026-09-10T14:12:42.848,1789029762.8480,4521,-899,-11.53,3435,44.04
2026-09-10T14:12:42.863,1789029762.8637,4522,-1479,-18.96,3323,42.6
2026-09-10T14:12:42.863,1789029762.8637,4523,62,0.79,3323,42.6
2026-09-10T14:12:42.863,1789029762.8637,4524,1850,23.72,3329,42.68
2026-09-10T14:12:42.863,1789029762.8637,4525,-1180,-15.13,3329,42.68
2026-09-10T14:12:42.879,1789029762.8793,4526,-1363,-17.47,3213,41.19
2026-09-10T14:12:42.879,1789029762.8793,4527,274,3.51,3213,41.19
2026-09-10T14:12:42.885,1789029762.8851,4528,1861,23.86,3224,41.33
2026-09-10T14:12:42.885,1789029762.8851,4529,534,6.85,3224,41.33
2026-09-10T14:12:42.895,1789029762.8956,4530,-1215,-15.58,3076,39.44
2026-09-10T14:12:42.895,1789029762.8956,4531,518,6.64,3076,39.44
2026-09-10T14:12:42.895,1789029762.8956,4532,1824,23.38,3039,38.96
2026-09-10T14:12:42.910,1789029762.9108,4533,385,4.94,3039,38.96
2026-09-10T14:12:42.926,1789029762.9264,4534,-1051,-13.47,2875,36.86
2026-09-10T14:12:42.926,1789029762.9264,4535,849,10.88,2875,36.86
2026-09-10T14:12:42.926,1789029762.9264,4536,1758,22.54,2809,36.01
2026-09-10T14:12:42.942,1789029762.9422,4537,283,3.63,2809,36.01
2026-09-10T14:12:42.942,1789029762.9422,4538,-904,-11.59,2662,34.13
2026-09-10T14:12:42.942,1789029762.9422,4539,1148,14.72,2662,34.13
2026-09-10T14:12:42.960,1789029762.9600,4540,1619,20.76,2523,32.35
2026-09-10T14:12:42.974,1789029762.9747,4541,149,1.91,2523,32.35
2026-09-10T14:12:42.986,1789029762.9866,4542,-1687,-21.63,3306,42.38
2026-09-10T14:12:42.989,1789029762.9893,4543,1446,18.54,3306,42.38
2026-09-10T14:12:42.989,1789029762.9893,4544,1476,18.92,3163,40.55
2026-09-10T14:12:42.989,1789029762.9893,4545,31,0.4,3163,40.55
2026-09-10T14:12:42.989,1789029762.9893,4546,-1714,-21.97,3190,40.9
2026-09-10T14:12:42.989,1789029762.9893,4547,1611,20.65,3325,42.63
2026-09-10T14:12:43.004,1789029763.0050,4548,1321,16.94,3325,42.63
2026-09-10T14:12:43.004,1789029763.0050,4549,-156,-2.0,3325,42.63
2026-09-10T14:12:43.004,1789029763.0050,4550,-1683,-21.58,3294,42.23
2026-09-10T14:12:43.004,1789029763.0050,4551,-425,-5.45,3004,38.51
2026-09-10T14:12:43.004,1789029763.0050,4552,1126,14.44,2809,36.01
2026-09-10T14:12:43.020,1789029763.0206,4553,-418,-5.36,2809,36.01
2026-09-10T14:12:43.020,1789029763.0206,4554,-1645,-21.09,2771,35.53
2026-09-10T14:12:43.020,1789029763.0206,4555,-246,-3.15,2771,35.53
2026-09-10T14:12:43.020,1789029763.0206,4556,964,12.36,2609,33.45
2026-09-10T14:12:43.036,1789029763.0365,4557,-708,-9.08,2609,33.45
2026-09-10T14:12:43.036,1789029763.0365,4558,-1597,-20.47,2561,32.83
2026-09-10T14:12:43.036,1789029763.0365,4559,-63,-0.81,2561,32.83
2026-09-10T14:12:43.036,1789029763.0365,4560,1821,23.35,3418,43.82
2026-09-10T14:12:43.052,1789029763.0522,4561,-985,-12.63,3418,43.82
2026-09-10T14:12:43.052,1789029763.0522,4562,-1453,-18.63,3274,41.97
2026-09-10T14:12:43.067,1789029763.0678,4563,104,1.33,3274,41.97
2026-09-10T14:12:43.067,1789029763.0678,4564,1916,24.56,3369,43.19
2026-09-10T14:12:43.067,1789029763.0678,4565,-2163,-27.73,4079,52.29
2026-09-10T14:12:43.067,1789029763.0678,4566,-2687,-34.45,4603,59.01
2026-09-10T14:12:43.085,1789029763.0850,4567,236,3.03,4603,59.01
2026-09-10T14:12:43.085,1789029763.0850,4568,3223,41.32,5910,75.77
2026-09-10T14:12:43.085,1789029763.0850,4569,1066,13.67,5910,75.77
2026-09-10T14:12:43.099,1789029763.0992,4570,-2408,-30.87,5631,72.19
2026-09-10T14:12:43.099,1789029763.0992,4571,769,9.86,5631,72.19
2026-09-10T14:12:43.115,1789029763.1151,4572,3366,43.15,5774,74.03
2026-09-10T14:12:43.115,1789029763.1151,4573,885,11.35,5774,74.03
2026-09-10T14:12:43.115,1789029763.1151,4574,-2124,-27.23,5490,70.38
2026-09-10T14:12:43.115,1789029763.1151,4575,1461,18.73,5490,70.38
2026-09-10T14:12:43.130,1789029763.1308,4576,3363,43.12,5487,70.35
2026-09-10T14:12:43.130,1789029763.1308,4577,726,9.31,5487,70.35
2026-09-10T14:12:43.130,1789029763.1308,4578,-1874,-24.03,5237,67.14
2026-09-10T14:12:43.130,1789029763.1308,4579,2070,26.54,5237,67.14
2026-09-10T14:12:43.146,1789029763.1465,4580,3194,40.95,5068,64.97
2026-09-10T14:12:43.146,1789029763.1465,4581,545,6.99,5068,64.97
2026-09-10T14:12:43.146,1789029763.1465,4582,-3085,-39.55,6279,80.5
2026-09-10T14:12:43.162,1789029763.1621,4583,2577,33.04,6279,80.5
2026-09-10T14:12:43.177,1789029763.1778,4584,2943,37.73,6028,77.28
2026-09-10T14:12:43.184,1789029763.1850,4585,296,3.79,6028,77.28
2026-09-10T14:12:43.184,1789029763.1850,4586,-3141,-40.27,6084,78.0
2026-09-10T14:12:43.193,1789029763.1934,4587,2904,37.23,6084,78.0
2026-09-10T14:12:43.193,1789029763.1934,4588,2568,32.92,6045,77.5
2026-09-10T14:12:43.193,1789029763.1934,4589,-86,-1.1,6045,77.5
2026-09-10T14:12:43.209,1789029763.2093,4590,-3077,-39.45,5981,76.68
2026-09-10T14:12:43.209,1789029763.2093,4591,-957,-12.27,5645,72.37
2026-09-10T14:12:43.224,1789029763.2249,4592,2183,27.99,5260,67.44
2026-09-10T14:12:43.224,1789029763.2249,4593,-634,-8.13,5260,67.44
2026-09-10T14:12:43.240,1789029763.2407,4594,-2839,-36.4,5022,64.38
2026-09-10T14:12:43.240,1789029763.2407,4595,-584,-7.49,5022,64.38
2026-09-10T14:12:43.240,1789029763.2407,4596,1324,16.97,4163,53.37
2026-09-10T14:12:43.240,1789029763.2407,4597,-1245,-15.96,4163,53.37
2026-09-10T14:12:43.240,1789029763.2407,4598,-2265,-29.04,3589,46.01
2026-09-10T14:12:43.256,1789029763.2565,4599,-596,-7.64,3589,46.01
2026-09-10T14:12:43.256,1789029763.2565,4600,1387,17.78,3652,46.82
2026-09-10T14:12:43.256,1789029763.2565,4601,-1600,-20.51,3652,46.82
2026-09-10T14:12:43.272,1789029763.2722,4602,-1918,-24.59,3305,42.37
2026-09-10T14:12:43.272,1789029763.2722,4603,-322,-4.13,3305,42.37
2026-09-10T14:12:43.272,1789029763.2722,4604,1403,17.99,3321,42.58
2026-09-10T14:12:43.272,1789029763.2722,4605,-1707,-21.88,3321,42.58
2026-09-10T14:12:43.287,1789029763.2880,4606,-1668,-21.38,3110,39.87
2026-09-10T14:12:43.287,1789029763.2880,4607,30,0.38,3110,39.87
2026-09-10T14:12:43.287,1789029763.2880,4608,1478,18.95,3185,40.83
2026-09-10T14:12:43.287,1789029763.2880,4609,144,1.85,3146,40.33
2026-09-10T14:12:43.287,1789029763.2880,4610,-1425,-18.27,2903,37.22
2026-09-10T14:12:43.303,1789029763.3037,4611,404,5.18,2903,37.22
2026-09-10T14:12:43.303,1789029763.3037,4612,1511,19.37,2936,37.64
2026-09-10T14:12:43.319,1789029763.3194,4613,89,1.14,2936,37.64
2026-09-10T14:12:43.319,1789029763.3194,4614,-1220,-15.64,2731,35.01
2026-09-10T14:12:43.319,1789029763.3194,4615,776,9.95,2731,35.01
2026-09-10T14:12:43.319,1789029763.3194,4616,1461,18.73,2681,34.37
2026-09-10T14:12:43.319,1789029763.3194,4617,16,0.21,2681,34.37
2026-09-10T14:12:43.335,1789029763.3350,4618,-1021,-13.09,2482,31.82
2026-09-10T14:12:43.335,1789029763.3350,4619,1111,14.24,2482,31.82
2026-09-10T14:12:43.350,1789029763.3507,4620,1346,17.26,2367,30.35
2026-09-10T14:12:43.350,1789029763.3507,4621,-75,-0.96,2367,30.35
2026-09-10T14:12:43.350,1789029763.3507,4622,-1874,-24.03,3220,41.28
2026-09-10T14:12:43.372,1789029763.3723,4623,1380,17.69,3254,41.72
2026-09-10T14:12:43.376,1789029763.3761,4624,1223,15.68,3254,41.72
2026-09-10T14:12:43.377,1789029763.3777,4625,-206,-2.64,3254,41.72
2026-09-10T14:12:43.382,1789029763.3828,4626,-1837,-23.55,3217,41.24
2026-09-10T14:12:43.384,1789029763.3849,4627,1561,20.01,3398,43.56
2026-09-10T14:12:43.384,1789029763.3849,4628,1070,13.72,3398,43.56
2026-09-10T14:12:43.384,1789029763.3849,4629,-426,-5.46,3398,43.56
2026-09-10T14:12:43.397,1789029763.3979,4630,-1792,-22.97,3353,42.99
2026-09-10T14:12:43.406,1789029763.4065,4631,-465,-5.96,2862,36.69
2026-09-10T14:12:43.408,1789029763.4085,4632,910,11.67,2702,34.64
2026-09-10T14:12:43.408,1789029763.4085,4633,-673,-8.63,2702,34.64
2026-09-10T14:12:43.413,1789029763.4136,4634,-1735,-22.24,2645,33.91
2026-09-10T14:12:43.429,1789029763.4293,4635,-256,-3.28,2645,33.91
2026-09-10T14:12:43.429,1789029763.4293,4636,774,9.92,2509,32.17
2026-09-10T14:12:43.429,1789029763.4293,4637,-965,-12.37,2509,32.17
2026-09-10T14:12:43.446,1789029763.4466,4638,-1601,-20.53,2375,30.45
2026-09-10T14:12:43.446,1789029763.4466,4639,-63,-0.81,2375,30.45
2026-09-10T14:12:43.446,1789029763.4466,4640,1770,22.69,3371,43.22
2026-09-10T14:12:43.463,1789029763.4634,4641,-1220,-15.64,3371,43.22
2026-09-10T14:12:43.471,1789029763.4714,4642,-1459,-18.71,3229,41.4
2026-09-10T14:12:43.478,1789029763.4785,4643,151,1.94,3229,41.4
2026-09-10T14:12:43.482,1789029763.4825,4644,1790,22.95,3249,41.65
2026-09-10T14:12:43.492,1789029763.4924,4645,-1415,-18.14,3249,41.65
2026-09-10T14:12:43.492,1789029763.4924,4646,-1301,-16.68,3205,41.09
2026-09-10T14:12:43.492,1789029763.4924,4647,436,5.59,3205,41.09
2026-09-10T14:12:43.492,1789029763.4924,4648,1758,22.54,3173,40.68
2026-09-10T14:12:43.508,1789029763.5081,4649,375,4.81,3059,39.22
2026-09-10T14:12:43.511,1789029763.5120,4650,-1116,-14.31,2874,36.85
2026-09-10T14:12:43.516,1789029763.5160,4651,716,9.18,2874,36.85
2026-09-10T14:12:43.518,1789029763.5180,4652,1745,22.37,2861,36.68
2026-09-10T14:12:43.520,1789029763.5200,4653,259,3.32,2861,36.68
2026-09-10T14:12:43.520,1789029763.5200,4654,-956,-12.26,2701,34.63
2026-09-10T14:12:43.523,1789029763.5238,4655,1080,13.85,2701,34.63
2026-09-10T14:12:43.523,1789029763.5238,4656,1639,21.01,2595,33.27
2026-09-10T14:12:43.523,1789029763.5238,4657,137,1.76,2595,33.27
2026-09-10T14:12:43.523,1789029763.5238,4658,-801,-10.27,2440,31.28
2026-09-10T14:12:43.539,1789029763.5394,4659,1366,17.51,2440,31.28
2026-09-10T14:12:43.539,1789029763.5394,4660,1477,18.94,2278,29.21
2026-09-10T14:12:43.555,1789029763.5551,4661,39,0.5,2278,29.21
2026-09-10T14:12:43.555,1789029763.5551,4662,-1733,-22.22,3210,41.15
2026-09-10T14:12:43.555,1789029763.5551,4663,1576,20.21,3309,42.42
2026-09-10T14:12:43.570,1789029763.5708,4664,1302,16.69,3309,42.42
2026-09-10T14:12:43.570,1789029763.5708,4665,-135,-1.73,3309,42.42
2026-09-10T14:12:43.570,1789029763.5708,4666,-1695,-21.73,3271,41.94
2026-09-10T14:12:43.570,1789029763.5708,4667,1702,21.82,3397,43.55
2026-09-10T14:12:43.586,1789029763.5868,4668,1135,14.55,3397,43.55
2026-09-10T14:12:43.586,1789029763.5868,4669,-401,-5.14,3397,43.55
2026-09-10T14:12:43.602,1789029763.6026,4670,-1680,-21.54,3382,43.36
2026-09-10T14:12:43.602,1789029763.6026,4671,-345,-4.42,2815,36.09
2026-09-10T14:12:43.602,1789029763.6026,4672,982,12.59,2662,34.13
2026-09-10T14:12:43.618,1789029763.6182,4673,-702,-9.0,2662,34.13
2026-09-10T14:12:43.618,1789029763.6182,4674,-1615,-20.71,2597,33.29
2026-09-10T14:12:43.618,1789029763.6182,4675,-145,-1.86,2597,33.29
2026-09-10T14:12:43.618,1789029763.6182,4676,804,10.31,2419,31.01
2026-09-10T14:12:43.633,1789029763.6339,4677,-999,-12.81,2419,31.01
2026-09-10T14:12:43.633,1789029763.6339,4678,-1499,-19.22,2303,29.53
2026-09-10T14:12:43.641,1789029763.6416,4679,67,0.86,2303,29.53
2026-09-10T14:12:43.641,1789029763.6416,4680,1819,23.32,3318,42.54
2026-09-10T14:12:43.649,1789029763.6497,4681,-1259,-16.14,3318,42.54
2026-09-10T14:12:43.649,1789029763.6497,4682,-1382,-17.72,3201,41.04
2026-09-10T14:12:43.649,1789029763.6497,4683,251,3.22,3201,41.04
2026-09-10T14:12:43.665,1789029763.6654,4684,1818,23.31,3200,41.03
2026-09-10T14:12:43.685,1789029763.6851,4685,-1439,-18.45,3257,41.76
2026-09-10T14:12:43.685,1789029763.6851,4686,-1209,-15.5,3257,41.76
2026-09-10T14:12:43.685,1789029763.6851,4687,520,6.67,3257,41.76
2026-09-10T14:12:43.697,1789029763.6972,4688,1786,22.9,3225,41.35
2026-09-10T14:12:43.697,1789029763.6972,4689,335,4.29,2995,38.4
2026-09-10T14:12:43.697,1789029763.6972,4690,-1072,-13.74,2858,36.64
2026-09-10T14:12:43.712,1789029763.7129,4691,860,11.03,2858,36.64
2026-09-10T14:12:43.712,1789029763.7129,4692,1700,21.79,2772,35.54
2026-09-10T14:12:43.728,1789029763.7286,4693,238,3.05,2772,35.54
2026-09-10T14:12:43.728,1789029763.7286,4694,-921,-11.81,2621,33.6
2026-09-10T14:12:43.744,1789029763.7443,4695,1163,14.91,2621,33.6
2026-09-10T14:12:43.744,1789029763.7443,4696,1582,20.28,2503,32.09
2026-09-10T14:12:43.744,1789029763.7443,4697,120,1.54,2503,32.09
2026-09-10T14:12:43.744,1789029763.7443,4698,-726,-9.31,2308,29.59
2026-09-10T14:12:43.744,1789029763.7443,4699,1441,18.47,2308,29.59
2026-09-10T14:12:43.744,1789029763.7443,4700,1420,18.21,2167,27.78
2026-09-10T14:12:43.764,1789029763.7648,4701,-18,-0.23,2167,27.78
2026-09-10T14:12:43.767,1789029763.7670,4702,-1734,-22.23,3175,40.71
2026-09-10T14:12:43.771,1789029763.7719,4703,1615,20.71,3349,42.94
2026-09-10T14:12:43.775,1789029763.7756,4704,1241,15.91,3349,42.94
2026-09-10T14:12:43.775,1789029763.7756,4705,-212,-2.72,3349,42.94
2026-09-10T14:12:43.775,1789029763.7756,4706,-1683,-21.58,3298,42.28
2026-09-10T14:12:43.785,1789029763.7852,4707,1753,22.47,3436,44.05
2026-09-10T14:12:43.791,1789029763.7913,4708,1098,14.08,3436,44.05
2026-09-10T14:12:43.791,1789029763.7913,4709,-454,-5.82,3436,44.05
2026-09-10T14:12:43.791,1789029763.7913,4710,-1644,-21.08,3397,43.55
2026-09-10T14:12:43.806,1789029763.8070,4711,-246,-3.15,2742,35.15
2026-09-10T14:12:43.806,1789029763.8070,4712,948,12.15,2592,33.23
2026-09-10T14:12:43.806,1789029763.8070,4713,-756,-9.69,2592,33.23
2026-09-10T14:12:43.822,1789029763.8227,4714,-1573,-20.17,2521,32.32
2026-09-10T14:12:43.822,1789029763.8227,4715,-51,-0.65,2521,32.32
2026-09-10T14:12:43.822,1789029763.8227,4716,754,9.67,2327,29.83
2026-09-10T14:12:43.822,1789029763.8227,4717,-1068,-13.69,2327,29.83
2026-09-10T14:12:43.838,1789029763.8384,4718,-1456,-18.67,2210,28.33
2026-09-10T14:12:43.838,1789029763.8384,4719,133,1.71,2210,28.33
2026-09-10T14:12:43.838,1789029763.8384,4720,1829,23.45,3285,42.12
2026-09-10T14:12:43.854,1789029763.8541,4721,-1301,-16.68,3285,42.12
2026-09-10T14:12:43.854,1789029763.8541,4722,-1324,-16.97,3153,40.42
2026-09-10T14:12:43.854,1789029763.8541,4723,362,4.64,3153,40.42
2026-09-10T14:12:43.869,1789029763.8698,4724,1844,23.64,3168,40.62
2026-09-10T14:12:43.869,1789029763.8698,4725,-1465,-18.78,3309,42.42
2026-09-10T14:12:43.869,1789029763.8698,4726,-1159,-14.86,3309,42.42
2026-09-10T14:12:43.885,1789029763.8853,4727,650,8.33,3309,42.42
2026-09-10T14:12:43.885,1789029763.8853,4728,1763,22.6,3228,41.38
2026-09-10T14:12:43.892,1789029763.8922,4729,324,4.15,2922,37.46
2026-09-10T14:12:43.892,1789029763.8922,4730,-979,-12.55,2742,35.15
2026-09-10T14:12:43.901,1789029763.9016,4731,969,12.42,2742,35.15
2026-09-10T14:12:43.901,1789029763.9016,4732,1657,21.24,2636,33.79
2026-09-10T14:12:43.901,1789029763.9016,4733,199,2.55,2636,33.79
2026-09-10T14:12:43.916,1789029763.9167,4734,-844,-10.82,2501,32.06
2026-09-10T14:12:43.932,1789029763.9323,4735,1260,16.15,2501,32.06
2026-09-10T14:12:43.932,1789029763.9323,4736,1531,19.63,2375,30.45
2026-09-10T14:12:43.932,1789029763.9323,4737,61,0.78,2375,30.45
2026-09-10T14:12:43.948,1789029763.9480,4738,-1723,-22.09,3254,41.72
2026-09-10T14:12:43.948,1789029763.9480,4739,1494,19.15,3254,41.72
2026-09-10T14:12:43.948,1789029763.9480,4740,1384,17.74,3217,41.24
2026-09-10T14:12:43.977,1789029763.9775,4741,-93,-1.19,3217,41.24
2026-09-10T14:12:43.979,1789029763.9796,4742,-1753,-22.47,3247,41.63
2026-09-10T14:12:43.985,1789029763.9855,4743,1660,21.28,3413,43.76
2026-09-10T14:12:43.995,1789029763.9952,4744,1186,15.21,3413,43.76
2026-09-10T14:12:43.995,1789029763.9952,4745,-275,-3.53,3413,43.76
2026-09-10T14:12:43.995,1789029763.9952,4746,-1686,-21.62,3346,42.9
2026-09-10T14:12:43.995,1789029763.9952,4747,1750,22.44,3436,44.05
2026-09-10T14:12:43.995,1789029763.9952,4748,1063,13.63,3436,44.05
2026-09-10T14:12:44.010,1789029764.0109,4749,-553,-7.09,3436,44.05
2026-09-10T14:12:44.010,1789029764.0109,4750,-1631,-20.91,3381,43.35
2026-09-10T14:12:44.010,1789029764.0109,4751,-192,-2.46,2694,34.54
2026-09-10T14:12:44.010,1789029764.0109,4752,1319,16.91,2950,37.82
2026-09-10T14:12:44.010,1789029764.0109,4753,-1767,-22.65,3086,39.56
2026-09-10T14:12:44.026,1789029764.0266,4754,-3360,-43.08,4679,59.99
2026-09-10T14:12:44.026,1789029764.0266,4755,-574,-7.36,4679,59.99
2026-09-10T14:12:44.026,1789029764.0266,4756,1495,19.17,4855,62.24
2026-09-10T14:12:44.026,1789029764.0266,4757,-2043,-26.19,4855,62.24
2026-09-10T14:12:44.042,1789029764.0423,4758,-2927,-37.53,4422,56.69
2026-09-10T14:12:44.042,1789029764.0423,4759,-11,-0.14,4422,56.69
2026-09-10T14:12:44.042,1789029764.0423,4760,3445,44.17,6372,81.69
2026-09-10T14:12:44.058,1789029764.0580,4761,-2382,-30.54,6372,81.69
2026-09-10T14:12:44.058,1789029764.0580,4762,-2629,-33.71,6074,77.87
2026-09-10T14:12:44.058,1789029764.0580,4763,534,6.85,6074,77.87
2026-09-10T14:12:44.058,1789029764.0580,4764,3544,45.44,6173,79.14
2026-09-10T14:12:44.074,1789029764.0741,4765,-2671,-34.24,6215,79.68
2026-09-10T14:12:44.074,1789029764.0741,4766,-2380,-30.51,6215,79.68
2026-09-10T14:12:44.074,1789029764.0741,4767,1093,14.01,6215,79.68
2026-09-10T14:12:44.085,1789029764.0856,4768,3493,44.78,6164,79.03
2026-09-10T14:12:44.089,1789029764.0898,4769,843,10.81,5873,75.29
2026-09-10T14:12:44.089,1789029764.0898,4770,-2089,-26.78,5582,71.56
2026-09-10T14:12:44.105,1789029764.1055,4771,1728,22.15,5582,71.56
2026-09-10T14:12:44.105,1789029764.1055,4772,3277,42.01,5366,68.79
2026-09-10T14:12:44.105,1789029764.1055,4773,604,7.74,5366,68.79
2026-09-10T14:12:44.121,1789029764.1212,4774,-1798,-23.05,5075,65.06
2026-09-10T14:12:44.121,1789029764.1212,4775,2269,29.09,5075,65.06
2026-09-10T14:12:44.121,1789029764.1212,4776,2944,37.74,4742,60.79
2026-09-10T14:12:44.137,1789029764.1372,4777,332,4.26,4742,60.79
2026-09-10T14:12:44.137,1789029764.1372,4778,-3057,-39.19,6001,76.94
2026-09-10T14:12:44.137,1789029764.1372,4779,2420,31.03,6001,76.94
2026-09-10T14:12:44.137,1789029764.1372,4780,2279,29.22,5477,70.22
2026-09-10T14:12:44.157,1789029764.1573,4781,-234,-3.0,5477,70.22
2026-09-10T14:12:44.157,1789029764.1578,4782,-3033,-38.88,5453,69.91
2026-09-10T14:12:44.163,1789029764.1632,4783,1112,14.26,5312,68.1
2026-09-10T14:12:44.168,1789029764.1687,4784,88,1.13,4145,53.14
2026-09-10T14:12:44.168,1789029764.1687,4785,-1680,-21.54,4145,53.14
2026-09-10T14:12:44.188,1789029764.1887,4786,-3042,-39.0,4154,53.26
2026-09-10T14:12:44.188,1789029764.1887,4787,644,8.26,3686,47.26
2026-09-10T14:12:44.188,1789029764.1887,4788,-66,-0.85,3686,47.26
2026-09-10T14:12:44.188,1789029764.1887,4789,-1662,-21.31,3686,47.26
2026-09-10T14:12:44.203,1789029764.2036,4790,-2583,-33.12,3227,41.37
2026-09-10T14:12:44.203,1789029764.2036,4791,-1045,-13.4,2517,32.27
2026-09-10T14:12:44.219,1789029764.2192,4792,107,1.37,2690,34.49
2026-09-10T14:12:44.235,1789029764.2350,4793,-1669,-21.4,2690,34.49
2026-09-10T14:12:44.235,1789029764.2350,4794,-2187,-28.04,2294,29.41
2026-09-10T14:12:44.250,1789029764.2507,4795,-594,-7.62,2294,29.41
2026-09-10T14:12:44.250,1789029764.2507,4796,167,2.14,2354,30.18
2026-09-10T14:12:44.250,1789029764.2507,4797,-1694,-21.72,2354,30.18
2026-09-10T14:12:44.250,1789029764.2507,4798,-1855,-23.78,2022,25.92
2026-09-10T14:12:44.250,1789029764.2507,4799,-160,-2.05,2022,25.92
2026-09-10T14:12:44.266,1789029764.2663,4800,1465,18.78,3320,42.56
2026-09-10T14:12:44.266,1789029764.2663,4801,-1734,-22.23,3320,42.56
2026-09-10T14:12:44.266,1789029764.2663,4802,-1567,-20.09,3199,41.01
2026-09-10T14:12:44.266,1789029764.2663,4803,235,3.01,3199,41.01
2026-09-10T14:12:44.282,1789029764.2820,4804,1574,20.18,3308,42.41
2026-09-10T14:12:44.286,1789029764.2861,4805,-1760,-22.56,3334,42.74
2026-09-10T14:12:44.286,1789029764.2861,4806,-1290,-16.54,3334,42.74
2026-09-10T14:12:44.286,1789029764.2861,4807,672,8.62,3334,42.74
2026-09-10T14:12:44.297,1789029764.2978,4808,1573,20.17,3333,42.73
2026-09-10T14:12:44.297,1789029764.2978,4809,83,1.06,2863,36.71
2026-09-10T14:12:44.308,1789029764.3080,4810,-1070,-13.72,2643,33.88
2026-09-10T14:12:44.313,1789029764.3135,4811,1042,13.36,2643,33.88
2026-09-10T14:12:44.313,1789029764.3135,4812,1478,18.95,2548,32.67
2026-09-10T14:12:44.313,1789029764.3135,4813,40,0.51,2548,32.67
2026-09-10T14:12:44.313,1789029764.3135,4814,-861,-11.04,2339,29.99
2026-09-10T14:12:44.329,1789029764.3292,4815,1326,17.0,2339,29.99
2026-09-10T14:12:44.329,1789029764.3292,4816,1381,17.71,2242,28.74
2026-09-10T14:12:44.329,1789029764.3292,4817,-68,-0.87,2242,28.74
2026-09-10T14:12:44.329,1789029764.3292,4818,-1804,-23.13,3185,40.83
2026-09-10T14:12:44.344,1789029764.3448,4819,1538,19.72,3342,42.85
2026-09-10T14:12:44.344,1789029764.3448,4820,1256,16.1,3342,42.85
2026-09-10T14:12:44.360,1789029764.3606,4821,-221,-2.83,3342,42.85
2026-09-10T14:12:44.360,1789029764.3606,4822,-1741,-22.32,3279,42.04
2026-09-10T14:12:44.360,1789029764.3606,4823,1684,21.59,3425,43.91
2026-09-10T14:12:44.360,1789029764.3606,4824,1090,13.97,3425,43.91
2026-09-10T14:12:44.376,1789029764.3762,4825,-475,-6.09,3425,43.91
2026-09-10T14:12:44.386,1789029764.3862,4826,-1677,-21.5,3361,43.09
2026-09-10T14:12:44.386,1789029764.3862,4827,1763,22.6,3440,44.1
2026-09-10T14:12:44.392,1789029764.3926,4828,916,11.74,3440,44.1
2026-09-10T14:12:44.392,1789029764.3926,4829,-744,-9.54,3440,44.1
2026-09-10T14:12:44.392,1789029764.3926,4830,-1581,-20.27,3344,42.87
2026-09-10T14:12:44.407,1789029764.4077,4831,-107,-1.37,2497,32.01
2026-09-10T14:12:44.407,1789029764.4077,4832,811,10.4,2392,30.67
2026-09-10T14:12:44.413,1789029764.4138,4833,-1040,-13.33,2392,30.67
2026-09-10T14:12:44.419,1789029764.4198,4834,-1464,-18.77,2275,29.17
2026-09-10T14:12:44.419,1789029764.4198,4835,101,1.29,2275,29.17
2026-09-10T14:12:44.425,1789029764.4256,4836,646,8.28,2110,27.05
2026-09-10T14:12:44.439,1789029764.4393,4837,-1261,-16.17,2110,27.05
2026-09-10T14:12:44.439,1789029764.4393,4838,-1300,-16.67,1946,24.95
2026-09-10T14:12:44.439,1789029764.4393,4839,333,4.27,1946,24.95
2026-09-10T14:12:44.454,1789029764.4550,4840,1848,23.69,3148,40.36
2026-09-10T14:12:44.454,1789029764.4550,4841,-1413,-18.12,3261,41.81
2026-09-10T14:12:44.470,1789029764.4708,4842,-1148,-14.72,3261,41.81
2026-09-10T14:12:44.470,1789029764.4708,4843,645,8.27,3261,41.81
2026-09-10T14:12:44.470,1789029764.4708,4844,1814,23.26,3227,41.37
2026-09-10T14:12:44.486,1789029764.4863,4845,-1542,-19.77,3356,43.03
2026-09-10T14:12:44.498,1789029764.4984,4846,-976,-12.51,3356,43.03
2026-09-10T14:12:44.502,1789029764.5027,4847,932,11.95,3356,43.03
2026-09-10T14:12:44.502,1789029764.5027,4848,1704,21.85,3246,41.62
2026-09-10T14:12:44.502,1789029764.5027,4849,246,3.15,2680,34.36
2026-09-10T14:12:44.502,1789029764.5027,4850,-873,-11.19,2577,33.04
2026-09-10T14:12:44.517,1789029764.5177,4851,1279,16.4,2577,33.04
2026-09-10T14:12:44.517,1789029764.5177,4852,1566,20.08,2439,31.27
2026-09-10T14:12:44.517,1789029764.5177,4853,83,1.06,2439,31.27
2026-09-10T14:12:44.517,1789029764.5177,4854,-714,-9.15,2280,29.23
2026-09-10T14:12:44.517,1789029764.5177,4855,1509,19.35,2280,29.23
2026-09-10T14:12:44.517,1789029764.5177,4856,1407,18.04,2223,28.5
2026-09-10T14:12:44.533,1789029764.5334,4857,-27,-0.35,2223,28.5
2026-09-10T14:12:44.533,1789029764.5334,4858,-1723,-22.09,3232,41.44
2026-09-10T14:12:44.533,1789029764.5334,4859,1646,21.1,3369,43.19
2026-09-10T14:12:44.551,1789029764.5512,4860,1244,15.95,3369,43.19
2026-09-10T14:12:44.558,1789029764.5582,4861,-233,-2.99,3369,43.19
2026-09-10T14:12:44.560,1789029764.5604,4862,-1672,-21.44,3318,42.54
2026-09-10T14:12:44.564,1789029764.5648,4863,1760,22.56,3432,44.0
2026-09-10T14:12:44.564,1789029764.5648,4864,1085,13.91,3432,44.0
2026-09-10T14:12:44.564,1789029764.5648,4865,-499,-6.4,3432,44.0
2026-09-10T14:12:44.564,1789029764.5648,4866,-1629,-20.88,3389,43.45
2026-09-10T14:12:44.581,1789029764.5815,4867,1818,23.31,3447,44.19
2026-09-10T14:12:44.586,1789029764.5864,4868,919,11.78,3447,44.19
2026-09-10T14:12:44.586,1789029764.5864,4869,-845,-10.83,3447,44.19
2026-09-10T14:12:44.596,1789029764.5966,4870,-1534,-19.67,3352,42.97
2026-09-10T14:12:44.596,1789029764.5966,4871,-4,-0.05,2453,31.45
2026-09-10T14:12:44.612,1789029764.6123,4872,757,9.71,2291,29.37
2026-09-10T14:12:44.612,1789029764.6123,4873,-1082,-13.87,2291,29.37
2026-09-10T14:12:44.612,1789029764.6123,4874,-1414,-18.13,2171,27.83
2026-09-10T14:12:44.627,1789029764.6279,4875,180,2.31,2171,27.83
2026-09-10T14:12:44.627,1789029764.6279,4876,628,8.05,2042,26.18
2026-09-10T14:12:44.627,1789029764.6279,4877,-1294,-16.59,2042,26.18
2026-09-10T14:12:44.627,1789029764.6279,4878,-1245,-15.96,1922,24.64
2026-09-10T14:12:44.643,1789029764.6436,4879,440,5.64,1922,24.64
2026-09-10T14:12:44.643,1789029764.6436,4880,1830,23.46,3124,40.05
2026-09-10T14:12:44.659,1789029764.6594,4881,-1459,-18.71,3289,42.17
2026-09-10T14:12:44.659,1789029764.6594,4882,-1085,-13.91,3289,42.17
2026-09-10T14:12:44.659,1789029764.6594,4883,747,9.58,3289,42.17
2026-09-10T14:12:44.659,1789029764.6594,4884,1796,23.03,3255,41.73
2026-09-10T14:12:44.675,1789029764.6753,4885,-1576,-20.21,3372,43.23
2026-09-10T14:12:44.675,1789029764.6753,4886,-930,-11.92,3372,43.23
2026-09-10T14:12:44.675,1789029764.6753,4887,1073,13.76,3372,43.23
2026-09-10T14:12:44.690,1789029764.6909,4888,1701,21.81,3277,42.01
2026-09-10T14:12:44.690,1789029764.6909,4889,218,2.79,2631,33.73
2026-09-10T14:12:44.706,1789029764.7070,4890,-784,-10.05,2485,31.86
2026-09-10T14:12:44.706,1789029764.7070,4891,1351,17.32,2485,31.86
2026-09-10T14:12:44.706,1789029764.7070,4892,1566,20.08,2350,30.13
2026-09-10T14:12:44.722,1789029764.7227,4893,80,1.03,2350,30.13
2026-09-10T14:12:44.722,1789029764.7227,4894,-606,-7.77,2172,27.85
2026-09-10T14:12:44.738,1789029764.7384,4895,1584,20.31,2190,28.08
2026-09-10T14:12:44.738,1789029764.7384,4896,1386,17.77,2190,28.08
2026-09-10T14:12:44.754,1789029764.7540,4897,-71,-0.91,2190,28.08
2026-09-10T14:12:44.754,1789029764.7540,4898,-1671,-21.42,3255,41.73
2026-09-10T14:12:44.754,1789029764.7540,4899,1717,22.01,3388,43.44
2026-09-10T14:12:44.754,1789029764.7540,4900,1183,15.17,3388,43.44
2026-09-10T14:12:44.769,1789029764.7698,4901,-310,-3.97,3388,43.44
2026-09-10T14:12:44.769,1789029764.7698,4902,-1649,-21.14,3366,43.15
2026-09-10T14:12:44.769,1789029764.7698,4903,1787,22.91,3436,44.05
2026-09-10T14:12:44.769,1789029764.7698,4904,1060,13.59,3436,44.05
2026-09-10T14:12:44.769,1789029764.7698,4905,-580,-7.44,3436,44.05
2026-09-10T14:12:44.769,1789029764.7698,4906,-1562,-20.03,3349,42.94
2026-09-10T14:12:44.785,1789029764.7854,4907,1869,23.96,3431,43.99
2026-09-10T14:12:44.786,1789029764.7864,4908,877,11.24,3431,43.99
2026-09-10T14:12:44.786,1789029764.7864,4909,-898,-11.51,3431,43.99
2026-09-10T14:12:44.801,1789029764.8011,4910,-1455,-18.65,3324,42.62
2026-09-10T14:12:44.801,1789029764.8011,4911,59,0.76,2332,29.9
2026-09-10T14:12:44.801,1789029764.8011,4912,719,9.22,2174,27.87
2026-09-10T14:12:44.816,1789029764.8169,4913,-1155,-14.81,2174,27.87
2026-09-10T14:12:44.816,1789029764.8169,4914,-1327,-17.01,2046,26.23
2026-09-10T14:12:44.816,1789029764.8169,4915,282,3.62,2046,26.23
2026-09-10T14:12:44.816,1789029764.8169,4916,574,7.36,1901,24.37
2026-09-10T14:12:44.832,1789029764.8326,4917,-1352,-17.33,1926,24.69
2026-09-10T14:12:44.832,1789029764.8326,4918,-1199,-15.37,1926,24.69
2026-09-10T14:12:44.832,1789029764.8326,4919,518,6.64,1926,24.69
2026-09-10T14:12:44.848,1789029764.8483,4920,1828,23.44,3180,40.77
2026-09-10T14:12:44.848,1789029764.8483,4921,-1525,-19.55,3353,42.99
2026-09-10T14:12:44.867,1789029764.8671,4922,-1063,-13.63,3353,42.99
2026-09-10T14:12:44.867,1789029764.8671,4923,853,10.94,3353,42.99
2026-09-10T14:12:44.867,1789029764.8671,4924,1762,22.59,3287,42.14
2026-09-10T14:12:44.867,1789029764.8671,4925,-1594,-20.44,3356,43.03
2026-09-10T14:12:44.879,1789029764.8799,4926,-896,-11.49,3356,43.03
2026-09-10T14:12:44.886,1789029764.8867,4927,1156,14.82,3356,43.03
2026-09-10T14:12:44.886,1789029764.8867,4928,1631,20.91,3225,41.35
2026-09-10T14:12:44.892,1789029764.8923,4929,157,2.01,2527,32.4
2026-09-10T14:12:44.896,1789029764.8962,4930,-745,-9.55,2376,30.46
2026-09-10T14:12:44.896,1789029764.8962,4931,1462,18.74,2376,30.46
2026-09-10T14:12:44.911,1789029764.9113,4932,1476,18.92,2221,28.47
2026-09-10T14:12:44.911,1789029764.9113,4933,46,0.59,2221,28.47
2026-09-10T14:12:44.911,1789029764.9113,4934,-591,-7.58,2067,26.5
2026-09-10T14:12:44.927,1789029764.9272,4935,1615,20.71,2206,28.28
2026-09-10T14:12:44.927,1789029764.9272,4936,1321,16.94,2206,28.28
2026-09-10T14:12:44.945,1789029764.9455,4937,-173,-2.22,2206,28.28
2026-09-10T14:12:44.950,1789029764.9510,4938,-1716,-22.0,3331,42.71
2026-09-10T14:12:44.953,1789029764.9537,4939,1721,22.06,3437,44.06
2026-09-10T14:12:44.963,1789029764.9635,4940,1126,14.44,3437,44.06
2026-09-10T14:12:44.963,1789029764.9635,4941,-403,-5.17,3437,44.06
2026-09-10T14:12:44.976,1789029764.9767,4942,-1673,-21.45,3394,43.51
2026-09-10T14:12:44.976,1789029764.9767,4943,1767,22.65,3440,44.1
2026-09-10T14:12:44.990,1789029764.9904,4944,972,12.46,3440,44.1
2026-09-10T14:12:44.990,1789029764.9904,4945,-1068,-13.69,3440,44.1
2026-09-10T14:12:45.001,1789029765.0017,4946,-2924,-37.49,4691,60.14
2026-09-10T14:12:45.007,1789029765.0077,4947,-708,-9.08,3896,49.95
2026-09-10T14:12:45.007,1789029765.0077,4948,1340,17.18,4264,54.67
2026-09-10T14:12:45.007,1789029765.0077,4949,-1870,-23.97,4264,54.67
2026-09-10T14:12:45.007,1789029765.0077,4950,-2990,-38.33,4330,55.51
2026-09-10T14:12:45.021,1789029765.0214,4951,-383,-4.91,4330,55.51
2026-09-10T14:12:45.021,1789029765.0214,4952,1131,14.5,4121,52.83
2026-09-10T14:12:45.021,1789029765.0214,4953,-2313,-29.65,4121,52.83
2026-09-10T14:12:45.021,1789029765.0214,4954,-2796,-35.85,3927,50.35
2026-09-10T14:12:45.021,1789029765.0214,4955,55,0.71,3927,50.35
2026-09-10T14:12:45.021,1789029765.0214,4956,947,12.14,3743,47.99
2026-09-10T14:12:45.037,1789029765.0371,4957,-2593,-33.24,3743,47.99
2026-09-10T14:12:45.037,1789029765.0371,4958,-2491,-31.94,3540,45.38
2026-09-10T14:12:45.037,1789029765.0371,4959,691,8.86,3540,45.38
2026-09-10T14:12:45.052,1789029765.0528,4960,3160,40.51,5753,73.76
2026-09-10T14:12:45.052,1789029765.0528,4961,-2759,-35.37,5919,75.88
2026-09-10T14:12:45.052,1789029765.0528,4962,-2172,-27.85,5919,75.88
2026-09-10T14:12:45.068,1789029765.0686,4963,1324,16.97,5919,75.88
2026-09-10T14:12:45.068,1789029765.0686,4964,3123,40.04,5882,75.41
2026-09-10T14:12:45.068,1789029765.0686,4965,-2883,-36.96,6006,77.0
2026-09-10T14:12:45.068,1789029765.0686,4966,-1832,-23.49,6006,77.0
2026-09-10T14:12:45.084,1789029765.0842,4967,1931,24.76,6006,77.0
2026-09-10T14:12:45.086,1789029765.0869,4968,2891,37.06,5774,74.03
2026-09-10T14:12:45.086,1789029765.0869,4969,416,5.33,4723,60.55
2026-09-10T14:12:45.099,1789029765.0999,4970,-1450,-18.59,4341,55.65
2026-09-10T14:12:45.099,1789029765.0999,4971,2344,30.05,4341,55.65
2026-09-10T14:12:45.115,1789029765.1156,4972,2526,32.38,3976,50.97
2026-09-10T14:12:45.115,1789029765.1156,4973,177,2.27,3976,50.97
2026-09-10T14:12:45.115,1789029765.1156,4974,-1013,-12.99,3539,45.37
2026-09-10T14:12:45.115,1789029765.1156,4975,2310,29.62,3539,45.37
2026-09-10T14:12:45.131,1789029765.1313,4976,1905,24.42,3323,42.6
2026-09-10T14:12:45.131,1789029765.1313,4977,-298,-3.82,3323,42.6
2026-09-10T14:12:45.131,1789029765.1313,4978,-2261,-28.99,4571,58.6
2026-09-10T14:12:45.147,1789029765.1471,4979,1555,19.94,4166,53.41
2026-09-10T14:12:45.147,1789029765.1471,4980,805,10.32,3816,48.92
2026-09-10T14:12:45.162,1789029765.1629,4981,-882,-11.31,3816,48.92
2026-09-10T14:12:45.162,1789029765.1629,4982,-2031,-26.04,3586,45.97
2026-09-10T14:12:45.162,1789029765.1629,4983,1516,19.44,3547,45.47
2026-09-10T14:12:45.162,1789029765.1629,4984,618,7.92,3547,45.47
2026-09-10T14:12:45.162,1789029765.1629,4985,-1109,-14.22,3547,45.47
2026-09-10T14:12:45.179,1789029765.1790,4986,-1849,-23.71,3365,43.14
2026-09-10T14:12:45.194,1789029765.1948,4987,-321,-4.12,2467,31.63
2026-09-10T14:12:45.194,1789029765.1948,4988,510,6.54,2359,30.24
2026-09-10T14:12:45.194,1789029765.1948,4989,-1328,-17.03,2359,30.24
2026-09-10T14:12:45.194,1789029765.1948,4990,-1683,-21.58,2193,28.12
2026-09-10T14:12:45.210,1789029765.2105,4991,-76,-0.97,2193,28.12
2026-09-10T14:12:45.210,1789029765.2105,4992,430,5.51,2113,27.09
2026-09-10T14:12:45.226,1789029765.2262,4993,-1480,-18.97,2113,27.09
2026-09-10T14:12:45.226,1789029765.2262,4994,-1450,-18.59,1910,24.49
2026-09-10T14:12:45.226,1789029765.2262,4995,199,2.55,1910,24.49
2026-09-10T14:12:45.242,1789029765.2420,4996,304,3.9,1784,22.87
2026-09-10T14:12:45.242,1789029765.2420,4997,-1605,-20.58,1909,24.47
2026-09-10T14:12:45.257,1789029765.2578,4998,-1259,-16.14,1909,24.47
2026-09-10T14:12:45.257,1789029765.2578,4999,570,7.31,2175,27.88
2026-09-10T14:12:45.257,1789029765.2578,5000,1668,21.38,3273,41.96
2026-09-10T14:12:45.257,1789029765.2578,5001,-1684,-21.59,3352,42.97
2026-09-10T14:12:45.273,1789029765.2736,5002,-1069,-13.71,3352,42.97
2026-09-10T14:12:45.273,1789029765.2736,5003,927,11.88,3352,42.97
2026-09-10T14:12:45.273,1789029765.2736,5004,1616,20.72,3300,42.31
2026-09-10T14:12:45.273,1789029765.2736,5005,-1703,-21.83,3319,42.55
2026-09-10T14:12:45.273,1789029765.2736,5006,-869,-11.14,3319,42.55
2026-09-10T14:12:45.273,1789029765.2736,5007,1267,16.24,3319,42.55
2026-09-10T14:12:45.286,1789029765.2869,5008,1490,19.1,3193,40.94
2026-09-10T14:12:45.289,1789029765.2892,5009,48,0.62,2359,30.24
2026-09-10T14:12:45.289,1789029765.2892,5010,-685,-8.78,2175,27.88
2026-09-10T14:12:45.304,1789029765.3049,5011,1505,19.29,2190,28.08
2026-09-10T14:12:45.304,1789029765.3049,5012,1351,17.32,2190,28.08
2026-09-10T14:12:45.304,1789029765.3049,5013,-94,-1.21,2190,28.08
2026-09-10T14:12:45.320,1789029765.3206,5014,-519,-6.65,2024,25.95
2026-09-10T14:12:45.320,1789029765.3206,5015,1679,21.53,2198,28.18
2026-09-10T14:12:45.320,1789029765.3206,5016,1189,15.24,2198,28.18
2026-09-10T14:12:45.320,1789029765.3206,5017,-316,-4.05,2198,28.18
2026-09-10T14:12:45.338,1789029765.3385,5018,-1691,-21.68,3370,43.21
2026-09-10T14:12:45.347,1789029765.3478,5019,1765,22.63,3456,44.31
2026-09-10T14:12:45.352,1789029765.3521,5020,1042,13.36,3456,44.31
2026-09-10T14:12:45.352,1789029765.3521,5021,-590,-7.56,3456,44.31
2026-09-10T14:12:45.367,1789029765.3678,5022,-1595,-20.45,3360,43.08
2026-09-10T14:12:45.367,1789029765.3678,5023,1823,23.37,3418,43.82
2026-09-10T14:12:45.367,1789029765.3678,5024,860,11.03,3418,43.82
2026-09-10T14:12:45.382,1789029765.3822,5025,-907,-11.63,3418,43.82
2026-09-10T14:12:45.384,1789029765.3843,5026,-1488,-19.08,3311,42.45
2026-09-10T14:12:45.386,1789029765.3870,5027,22,0.28,2348,30.1
2026-09-10T14:12:45.386,1789029765.3870,5028,719,9.22,2207,28.29
2026-09-10T14:12:45.386,1789029765.3870,5029,-1140,-14.62,2207,28.29
2026-09-10T14:12:45.399,1789029765.3996,5030,-1351,-17.32,2070,26.54
2026-09-10T14:12:45.399,1789029765.3996,5031,238,3.05,2070,26.54
2026-09-10T14:12:45.399,1789029765.3996,5032,590,7.56,1941,24.88
2026-09-10T14:12:45.399,1789029765.3996,5033,-1325,-16.99,1941,24.88
2026-09-10T14:12:45.415,1789029765.4153,5034,-1191,-15.27,1915,24.55
2026-09-10T14:12:45.415,1789029765.4153,5035,509,6.53,1915,24.55
2026-09-10T14:12:45.415,1789029765.4153,5036,404,5.18,1834,23.51
2026-09-10T14:12:45.431,1789029765.4311,5037,-1477,-18.94,1986,25.46
2026-09-10T14:12:45.431,1789029765.4311,5038,-1036,-13.28,1986,25.46
2026-09-10T14:12:45.446,1789029765.4468,5039,824,10.56,2301,29.5
2026-09-10T14:12:45.446,1789029765.4468,5040,1749,22.42,3226,41.36
2026-09-10T14:12:45.462,1789029765.4627,5041,-1587,-20.35,3336,42.77
2026-09-10T14:12:45.462,1789029765.4627,5042,-885,-11.35,3336,42.77
2026-09-10T14:12:45.462,1789029765.4627,5043,1103,14.14,3336,42.77
2026-09-10T14:12:45.482,1789029765.4821,5044,1655,21.22,3242,41.56
2026-09-10T14:12:45.487,1789029765.4872,5045,-1641,-21.04,3296,42.26
2026-09-10T14:12:45.487,1789029765.4872,5046,-754,-9.67,3296,42.26
2026-09-10T14:12:45.494,1789029765.4941,5047,1397,17.91,3296,42.26
2026-09-10T14:12:45.494,1789029765.4941,5048,1495,19.17,3136,40.21
2026-09-10T14:12:45.509,1789029765.5098,5049,34,0.44,2249,28.83
2026-09-10T14:12:45.509,1789029765.5098,5050,-588,-7.54,2083,26.71
2026-09-10T14:12:45.509,1789029765.5098,5051,1594,20.44,2182,27.97
2026-09-10T14:12:45.509,1789029765.5098,5052,1320,16.92,2182,27.97
2026-09-10T14:12:45.509,1789029765.5098,5053,-129,-1.65,2182,27.97
2026-09-10T14:12:45.525,1789029765.5255,5054,-414,-5.31,2008,25.74
2026-09-10T14:12:45.525,1789029765.5255,5055,1704,21.85,2118,27.15
2026-09-10T14:12:45.525,1789029765.5255,5056,1137,14.58,2118,27.15
2026-09-10T14:12:45.525,1789029765.5255,5057,-371,-4.76,2118,27.15
2026-09-10T14:12:45.525,1789029765.5255,5058,-1638,-21.0,3342,42.85
2026-09-10T14:12:45.541,1789029765.5413,5059,1797,23.04,3435,44.04
2026-09-10T14:12:45.541,1789029765.5413,5060,986,12.64,3435,44.04
2026-09-10T14:12:45.556,1789029765.5570,5061,-677,-8.68,3435,44.04
2026-09-10T14:12:45.556,1789029765.5570,5062,-1563,-20.04,3360,43.08
2026-09-10T14:12:45.556,1789029765.5570,5063,1820,23.33,3383,43.37
2026-09-10T14:12:45.556,1789029765.5570,5064,805,10.32,3383,43.37
2026-09-10T14:12:45.572,1789029765.5727,5065,-974,-12.49,3383,43.37
2026-09-10T14:12:45.572,1789029765.5727,5066,-1459,-18.71,3279,42.04
2026-09-10T14:12:45.572,1789029765.5727,5067,59,0.76,2264,29.03
2026-09-10T14:12:45.587,1789029765.5872,5068,660,8.46,2119,27.17
2026-09-10T14:12:45.588,1789029765.5887,5069,-1239,-15.88,2119,27.17
2026-09-10T14:12:45.588,1789029765.5887,5070,-1330,-17.05,1990,25.51
2026-09-10T14:12:45.613,1789029765.6133,5071,307,3.94,1990,25.51
2026-09-10T14:12:45.613,1789029765.6133,5072,519,6.65,1849,23.71
2026-09-10T14:12:45.620,1789029765.6201,5073,-1387,-17.78,1906,24.44
2026-09-10T14:12:45.620,1789029765.6201,5074,-1182,-15.15,1906,24.44
2026-09-10T14:12:45.620,1789029765.6201,5075,571,7.32,1958,25.1
2026-09-10T14:12:45.620,1789029765.6201,5076,374,4.79,1958,25.1
2026-09-10T14:12:45.635,1789029765.6359,5077,-1524,-19.54,2095,26.86
2026-09-10T14:12:45.635,1789029765.6359,5078,-1006,-12.9,2095,26.86
2026-09-10T14:12:45.635,1789029765.6359,5079,902,11.56,2426,31.1
2026-09-10T14:12:45.635,1789029765.6359,5080,1690,21.67,3214,41.21
2026-09-10T14:12:45.651,1789029765.6519,5081,-1613,-20.68,3303,42.35
2026-09-10T14:12:45.651,1789029765.6519,5082,-867,-11.12,3303,42.35
2026-09-10T14:12:45.651,1789029765.6519,5083,1221,15.65,3303,42.35
2026-09-10T14:12:45.667,1789029765.6676,5084,1608,20.62,3221,41.29
2026-09-10T14:12:45.667,1789029765.6676,5085,-1655,-21.22,3263,41.83
2026-09-10T14:12:45.687,1789029765.6872,5086,-696,-8.92,3263,41.83
2026-09-10T14:12:45.687,1789029765.6872,5087,1454,18.64,3263,41.83
2026-09-10T14:12:45.698,1789029765.6990,5088,1433,18.37,3109,39.86
2026-09-10T14:12:45.698,1789029765.6990,5089,-21,-0.27,2150,27.56
2026-09-10T14:12:45.698,1789029765.6990,5090,-530,-6.79,1984,25.44
2026-09-10T14:12:45.714,1789029765.7146,5091,1628,20.87,2158,27.67
2026-09-10T14:12:45.714,1789029765.7146,5092,1233,15.81,2158,27.67
2026-09-10T14:12:45.731,1789029765.7316,5093,-203,-2.6,2158,27.67
2026-09-10T14:12:45.742,1789029765.7425,5094,-380,-4.87,2008,25.74
2026-09-10T14:12:45.746,1789029765.7462,5095,1737,22.27,2117,27.14
2026-09-10T14:12:45.746,1789029765.7462,5096,1107,14.19,2117,27.14
2026-09-10T14:12:45.746,1789029765.7462,5097,-482,-6.18,2219,28.45
2026-09-10T14:12:45.746,1789029765.7462,5098,-1636,-20.97,3373,43.24
2026-09-10T14:12:45.746,1789029765.7462,5099,1799,23.06,3435,44.04
2026-09-10T14:12:45.762,1789029765.7622,5100,928,11.9,3435,44.04
2026-09-10T14:12:45.762,1789029765.7622,5101,-787,-10.09,3435,44.04
2026-09-10T14:12:45.762,1789029765.7622,5102,-1528,-19.59,3327,42.65
2026-09-10T14:12:45.762,1789029765.7622,5103,1818,23.31,3346,42.9
2026-09-10T14:12:45.778,1789029765.7780,5104,763,9.78,3346,42.9
2026-09-10T14:12:45.778,1789029765.7780,5105,-1084,-13.9,3346,42.9
2026-09-10T14:12:45.778,1789029765.7780,5106,-1428,-18.31,3246,41.62
2026-09-10T14:12:45.787,1789029765.7872,5107,122,1.56,2191,28.09
2026-09-10T14:12:45.787,1789029765.7872,5108,594,7.62,2022,25.92
2026-09-10T14:12:45.793,1789029765.7937,5109,-1316,-16.87,2022,25.92
2026-09-10T14:12:45.793,1789029765.7937,5110,-1295,-16.6,1910,24.49
2026-09-10T14:12:45.793,1789029765.7937,5111,386,4.95,1910,24.49
2026-09-10T14:12:45.809,1789029765.8095,5112,445,5.71,1761,22.58
2026-09-10T14:12:45.809,1789029765.8095,5113,-1472,-18.87,1917,24.58
2026-09-10T14:12:45.809,1789029765.8095,5114,-1111,-14.24,1917,24.58
2026-09-10T14:12:45.825,1789029765.8251,5115,670,8.59,2142,27.46
2026-09-10T14:12:45.825,1789029765.8251,5116,320,4.1,2142,27.46
2026-09-10T14:12:45.825,1789029765.8251,5117,-1585,-20.32,2255,28.91
2026-09-10T14:12:45.825,1789029765.8251,5118,-975,-12.5,2255,28.91
2026-09-10T14:12:45.840,1789029765.8408,5119,985,12.63,2570,32.95
2026-09-10T14:12:45.840,1789029765.8408,5120,1689,21.65,3274,41.97
2026-09-10T14:12:45.856,1789029765.8565,5121,-1654,-21.21,3343,42.86
2026-09-10T14:12:45.856,1789029765.8565,5122,-820,-10.51,3343,42.86
2026-09-10T14:12:45.856,1789029765.8565,5123,1315,16.86,3343,42.86
2026-09-10T14:12:45.872,1789029765.8722,5124,1554,19.92,3208,41.13
2026-09-10T14:12:45.872,1789029765.8722,5125,-1672,-21.44,3226,41.36
2026-09-10T14:12:45.872,1789029765.8722,5126,-654,-8.38,3226,41.36
2026-09-10T14:12:45.887,1789029765.8873,5127,1541,19.76,3226,41.36
2026-09-10T14:12:45.888,1789029765.8883,5128,1431,18.35,3213,41.19
2026-09-10T14:12:45.892,1789029765.8922,5129,-55,-0.71,2195,28.14
2026-09-10T14:12:45.892,1789029765.8922,5130,-941,-12.06,2482,31.82
2026-09-10T14:12:45.904,1789029765.9046,5131,2206,28.28,3147,40.35
2026-09-10T14:12:45.904,1789029765.9046,5132,1762,22.59,3147,40.35
2026-09-10T14:12:45.904,1789029765.9046,5133,-385,-4.94,3147,40.35
2026-09-10T14:12:45.904,1789029765.9046,5134,-722,-9.26,2928,37.54
2026-09-10T14:12:45.919,1789029765.9198,5135,2437,31.24,3159,40.5
2026-09-10T14:12:45.919,1789029765.9198,5136,1612,20.67,3159,40.5
2026-09-10T14:12:45.935,1789029765.9355,5137,-799,-10.24,3236,41.49
2026-09-10T14:12:45.935,1789029765.9355,5138,-2544,-32.62,4981,63.86
2026-09-10T14:12:45.935,1789029765.9355,5139,2616,33.54,5160,66.15
2026-09-10T14:12:45.951,1789029765.9512,5140,1438,18.44,5160,66.15
2026-09-10T14:12:45.951,1789029765.9512,5141,-1263,-16.19,5160,66.15
2026-09-10T14:12:45.967,1789029765.9672,5142,-2415,-30.96,5031,64.5
2026-09-10T14:12:45.967,1789029765.9672,5143,2724,34.92,5139,65.88
2026-09-10T14:12:45.987,1789029765.9875,5144,1189,15.24,5139,65.88
2026-09-10T14:12:45.987,1789029765.9875,5145,-1652,-21.18,5139,65.88
2026-09-10T14:12:45.987,1789029765.9875,5146,-2213,-28.37,4937,63.29
2026-09-10T14:12:45.998,1789029765.9988,5147,103,1.32,3402,43.62
2026-09-10T14:12:45.998,1789029765.9988,5148,956,12.26,3169,40.63
2026-09-10T14:12:45.998,1789029765.9988,5149,-1911,-24.5,3169,40.63
2026-09-10T14:12:45.998,1789029765.9988,5150,-1928,-24.72,2884,36.97
2026-09-10T14:12:45.998,1789029765.9988,5151,520,6.67,2884,36.97
2026-09-10T14:12:45.998,1789029765.9988,5152,688,8.82,2616,33.54
2026-09-10T14:12:46.014,1789029766.0145,5153,-1995,-25.58,2683,34.4
2026-09-10T14:12:46.014,1789029766.0145,5154,-1519,-19.47,2683,34.4
2026-09-10T14:12:46.014,1789029766.0145,5155,883,11.32,2878,36.9
2026-09-10T14:12:46.030,1789029766.0301,5156,2155,27.63,4150,53.21
2026-09-10T14:12:46.030,1789029766.0301,5157,-1882,-24.13,4037,51.76
2026-09-10T14:12:46.030,1789029766.0301,5158,-1127,-14.45,4037,51.76
2026-09-10T14:12:46.045,1789029766.0459,5159,1049,13.45,4037,51.76
2026-09-10T14:12:46.045,1789029766.0459,5160,1597,20.47,3479,44.6
2026-09-10T14:12:46.061,1789029766.0615,5161,-1841,-23.6,3438,44.08
2026-09-10T14:12:46.061,1789029766.0615,5162,-942,-12.08,3438,44.08
2026-09-10T14:12:46.068,1789029766.0686,5163,1242,15.92,3438,44.08
2026-09-10T14:12:46.068,1789029766.0686,5164,1369,17.55,3210,41.15
2026-09-10T14:12:46.068,1789029766.0686,5165,-1876,-24.05,3245,41.6
2026-09-10T14:12:46.077,1789029766.0772,5166,-801,-10.27,3245,41.6
2026-09-10T14:12:46.077,1789029766.0772,5167,1418,18.18,3294,42.23
2026-09-10T14:12:46.093,1789029766.0931,5168,1189,15.24,3294,42.23
2026-09-10T14:12:46.108,1789029766.1087,5169,-280,-3.59,2219,28.45
2026-09-10T14:12:46.113,1789029766.1136,5170,-583,-7.47,2001,25.65
2026-09-10T14:12:46.113,1789029766.1136,5171,1555,19.94,2138,27.41
2026-09-10T14:12:46.127,1789029766.1272,5172,1049,13.45,2138,27.41
2026-09-10T14:12:46.131,1789029766.1310,5173,-491,-6.29,2138,27.41
2026-09-10T14:12:46.134,1789029766.1342,5174,-422,-5.41,2046,26.23
2026-09-10T14:12:46.134,1789029766.1348,5175,1651,21.17,2142,27.46
2026-09-10T14:12:46.134,1789029766.1348,5176,897,11.5,2142,27.46
2026-09-10T14:12:46.140,1789029766.1406,5177,-763,-9.78,2414,30.95
2026-09-10T14:12:46.140,1789029766.1406,5178,-1692,-21.69,3343,42.86
2026-09-10T14:12:46.140,1789029766.1406,5179,1720,22.05,3412,43.74
2026-09-10T14:12:46.140,1789029766.1406,5180,737,9.45,3412,43.74
2026-09-10T14:12:46.156,1789029766.1564,5181,-1050,-13.46,3412,43.74
2026-09-10T14:12:46.156,1789029766.1564,5182,-1578,-20.23,3298,42.28
2026-09-10T14:12:46.156,1789029766.1564,5183,1748,22.41,3326,42.64
2026-09-10T14:12:46.156,1789029766.1564,5184,586,7.51,3326,42.64
2026-09-10T14:12:46.174,1789029766.1745,5185,-1289,-16.53,3326,42.64
2026-09-10T14:12:46.187,1789029766.1877,5186,-1424,-18.26,3172,40.67
2026-09-10T14:12:46.187,1789029766.1877,5187,162,2.08,2010,25.77
2026-09-10T14:12:46.187,1789029766.1877,5188,422,5.41,1846,23.67
2026-09-10T14:12:46.203,1789029766.2037,5189,-1503,-19.27,1925,24.68
2026-09-10T14:12:46.203,1789029766.2037,5190,-1281,-16.42,1925,24.68
2026-09-10T14:12:46.219,1789029766.2194,5191,460,5.9,1963,25.17
2026-09-10T14:12:46.219,1789029766.2194,5192,291,3.73,1963,25.17
2026-09-10T14:12:46.235,1789029766.2350,5193,-1622,-20.79,2082,26.69
2026-09-10T14:12:46.235,1789029766.2350,5194,-1132,-14.51,2082,26.69
2026-09-10T14:12:46.235,1789029766.2350,5195,777,9.96,2399,30.76
2026-09-10T14:12:46.235,1789029766.2350,5196,1634,20.95,3256,41.74
2026-09-10T14:12:46.250,1789029766.2509,5197,-1713,-21.96,3347,42.91
2026-09-10T14:12:46.250,1789029766.2509,5198,-962,-12.33,3347,42.91
2026-09-10T14:12:46.250,1789029766.2509,5199,1117,14.32,3347,42.91
2026-09-10T14:12:46.250,1789029766.2509,5200,1517,19.45,3230,41.41
2026-09-10T14:12:46.250,1789029766.2509,5201,-1753,-22.47,3270,41.92
2026-09-10T14:12:46.266,1789029766.2666,5202,-786,-10.08,3270,41.92
2026-09-10T14:12:46.266,1789029766.2666,5203,1389,17.81,3270,41.92
2026-09-10T14:12:46.266,1789029766.2666,5204,1379,17.68,3142,40.28
2026-09-10T14:12:46.266,1789029766.2666,5205,-1734,-22.23,3123,40.04
2026-09-10T14:12:46.282,1789029766.2825,5206,-615,-7.88,3123,40.04
2026-09-10T14:12:46.282,1789029766.2825,5207,1571,20.14,3305,42.37
2026-09-10T14:12:46.287,1789029766.2878,5208,1229,15.76,3305,42.37
2026-09-10T14:12:46.290,1789029766.2905,5209,-276,-3.54,2186,28.03
2026-09-10T14:12:46.298,1789029766.2982,5210,-436,-5.59,2007,25.73
2026-09-10T14:12:46.298,1789029766.2982,5211,1690,21.67,2126,27.26
2026-09-10T14:12:46.314,1789029766.3142,5212,1055,13.53,2126,27.26
2026-09-10T14:12:46.314,1789029766.3142,5213,-485,-6.22,2175,27.88
2026-09-10T14:12:46.314,1789029766.3142,5214,-264,-3.38,2175,27.88
2026-09-10T14:12:46.314,1789029766.3142,5215,1757,22.53,2242,28.74
2026-09-10T14:12:46.329,1789029766.3298,5216,902,11.56,2242,28.74
2026-09-10T14:12:46.329,1789029766.3298,5217,-798,-10.23,2555,32.76
2026-09-10T14:12:46.329,1789029766.3298,5218,-1599,-20.5,3356,43.03
2026-09-10T14:12:46.345,1789029766.3459,5219,1776,22.77,3375,43.27
2026-09-10T14:12:46.345,1789029766.3459,5220,753,9.65,3375,43.27
2026-09-10T14:12:46.361,1789029766.3617,5221,-1074,-13.77,3375,43.27
2026-09-10T14:12:46.361,1789029766.3617,5222,-1450,-18.59,3226,41.36
2026-09-10T14:12:46.361,1789029766.3617,5223,1808,23.18,3258,41.77
2026-09-10T14:12:46.377,1789029766.3775,5224,609,7.81,3258,41.77
2026-09-10T14:12:46.377,1789029766.3775,5225,-1306,-16.74,3258,41.77
2026-09-10T14:12:46.382,1789029766.3825,5226,-1321,-16.94,3129,40.12
2026-09-10T14:12:46.387,1789029766.3878,5227,324,4.15,1930,24.74
2026-09-10T14:12:46.387,1789029766.3878,5228,436,5.59,1757,22.53
2026-09-10T14:12:46.393,1789029766.3937,5229,-1497,-19.19,1933,24.78
2026-09-10T14:12:46.393,1789029766.3937,5230,-1168,-14.97,1933,24.78
2026-09-10T14:12:46.393,1789029766.3937,5231,617,7.91,2114,27.1
2026-09-10T14:12:46.393,1789029766.3937,5232,312,4.0,2114,27.1
2026-09-10T14:12:46.408,1789029766.4088,5233,-1621,-20.78,2238,28.69
2026-09-10T14:12:46.408,1789029766.4088,5234,-1023,-13.12,2238,28.69
2026-09-10T14:12:46.408,1789029766.4088,5235,941,12.06,2562,32.85
2026-09-10T14:12:46.440,1789029766.4401,5236,1649,21.14,3270,41.92
2026-09-10T14:12:46.440,1789029766.4401,5237,-1706,-21.87,3355,43.01
2026-09-10T14:12:46.440,1789029766.4401,5238,-891,-11.42,3355,43.01
2026-09-10T14:12:46.440,1789029766.4401,5239,1244,15.95,3355,43.01
2026-09-10T14:12:46.455,1789029766.4558,5240,1507,19.32,3213,41.19
2026-09-10T14:12:46.471,1789029766.4714,5241,-1743,-22.35,3250,41.67
2026-09-10T14:12:46.471,1789029766.4714,5242,-700,-8.97,3250,41.67
2026-09-10T14:12:46.471,1789029766.4714,5243,1471,18.86,3250,41.67
2026-09-10T14:12:46.492,1789029766.4928,5244,1353,17.35,3214,41.21
2026-09-10T14:12:46.492,1789029766.4928,5245,-1744,-22.36,3215,41.22
2026-09-10T14:12:46.502,1789029766.5028,5246,-569,-7.29,3215,41.22
2026-09-10T14:12:46.502,1789029766.5028,5247,1621,20.78,3365,43.14
2026-09-10T14:12:46.502,1789029766.5028,5248,1147,14.71,3365,43.14
2026-09-10T14:12:46.502,1789029766.5028,5249,-313,-4.01,2190,28.08
2026-09-10T14:12:46.502,1789029766.5028,5250,-386,-4.95,2007,25.73
2026-09-10T14:12:46.519,1789029766.5193,5251,1724,22.1,2110,27.05
2026-09-10T14:12:46.525,1789029766.5258,5252,1005,12.88,2110,27.05
2026-09-10T14:12:46.527,1789029766.5280,5253,-575,-7.37,2299,29.47
2026-09-10T14:12:46.529,1789029766.5296,5254,-194,-2.49,2299,29.47
2026-09-10T14:12:46.529,1789029766.5296,5255,1787,22.91,2362,30.28
2026-09-10T14:12:46.534,1789029766.5342,5256,864,11.08,2362,30.28
2026-09-10T14:12:46.534,1789029766.5342,5257,-908,-11.64,2695,34.55
2026-09-10T14:12:46.534,1789029766.5342,5258,-1532,-19.64,3319,42.55
2026-09-10T14:12:46.534,1789029766.5342,5259,1826,23.41,3358,43.05
2026-09-10T14:12:46.549,1789029766.5499,5260,699,8.96,3358,43.05
2026-09-10T14:12:46.549,1789029766.5499,5261,-1164,-14.92,3358,43.05
2026-09-10T14:12:46.549,1789029766.5499,5262,-1419,-18.19,3245,41.6
2026-09-10T14:12:46.565,1789029766.5656,5263,1813,23.24,3232,41.44
2026-09-10T14:12:46.565,1789029766.5656,5264,534,6.85,3232,41.44
2026-09-10T14:12:46.565,1789029766.5656,5265,-1392,-17.85,3232,41.44
2026-09-10T14:12:46.581,1789029766.5812,5266,-1274,-16.33,3205,41.09
2026-09-10T14:12:46.581,1789029766.5812,5267,443,5.68,1926,24.69
2026-09-10T14:12:46.587,1789029766.5875,5268,390,5.0,1835,23.53
2026-09-10T14:12:46.587,1789029766.5875,5269,-1536,-19.69,1979,25.37
2026-09-10T14:12:46.597,1789029766.5970,5270,-1106,-14.18,1979,25.37
2026-09-10T14:12:46.612,1789029766.6128,5271,743,9.53,2279,29.22
2026-09-10T14:12:46.612,1789029766.6128,5272,241,3.09,2279,29.22
2026-09-10T14:12:46.612,1789029766.6128,5273,-1624,-20.82,2367,30.35
2026-09-10T14:12:46.612,1789029766.6128,5274,-957,-12.27,2367,30.35
2026-09-10T14:12:46.628,1789029766.6287,5275,1046,13.41,2670,34.23
2026-09-10T14:12:46.628,1789029766.6287,5276,1606,20.59,3230,41.41
2026-09-10T14:12:46.628,1789029766.6287,5277,-1692,-21.69,3298,42.28
2026-09-10T14:12:46.628,1789029766.6287,5278,-806,-10.33,3298,42.28
2026-09-10T14:12:46.644,1789029766.6443,5279,1369,17.55,3298,42.28
2026-09-10T14:12:46.644,1789029766.6443,5280,1452,18.62,3144,40.31
2026-09-10T14:12:46.644,1789029766.6443,5281,-1742,-22.33,3194,40.95
2026-09-10T14:12:46.644,1789029766.6443,5282,-627,-8.04,3194,40.95
2026-09-10T14:12:46.660,1789029766.6601,5283,1560,20.0,3302,42.33
2026-09-10T14:12:46.665,1789029766.6655,5284,1290,16.54,3302,42.33
2026-09-10T14:12:46.675,1789029766.6759,5285,-1727,-22.14,3287,42.14
2026-09-10T14:12:46.687,1789029766.6875,5286,-468,-6.0,3287,42.14
2026-09-10T14:12:46.691,1789029766.6915,5287,1682,21.56,3409,43.71
2026-09-10T14:12:46.691,1789029766.6915,5288,1139,14.6,3409,43.71
2026-09-10T14:12:46.691,1789029766.6915,5289,-437,-5.6,2150,27.56
2026-09-10T14:12:46.707,1789029766.7075,5290,-285,-3.65,2119,27.17
2026-09-10T14:12:46.707,1789029766.7075,5291,1768,22.67,2205,28.27
2026-09-10T14:12:46.723,1789029766.7232,5292,957,12.27,2205,28.27
2026-09-10T14:12:46.723,1789029766.7232,5293,-679,-8.71,2447,31.37
2026-09-10T14:12:46.738,1789029766.7389,5294,-118,-1.51,2447,31.37
2026-09-10T14:12:46.738,1789029766.7389,5295,1807,23.17,2486,31.87
2026-09-10T14:12:46.738,1789029766.7389,5296,836,10.72,2486,31.87
2026-09-10T14:12:46.738,1789029766.7389,5297,-987,-12.65,2794,35.82
2026-09-10T14:12:46.754,1789029766.7546,5298,-1496,-19.18,3303,42.35
2026-09-10T14:12:46.754,1789029766.7546,5299,1822,23.36,3318,42.54
2026-09-10T14:12:46.754,1789029766.7546,5300,631,8.09,3318,42.54
2026-09-10T14:12:46.754,1789029766.7546,5301,-1244,-15.95,3318,42.54
2026-09-10T14:12:46.754,1789029766.7546,5302,-1355,-17.37,3177,40.73
2026-09-10T14:12:46.770,1789029766.7705,5303,1830,23.46,3185,40.83
2026-09-10T14:12:46.770,1789029766.7705,5304,498,6.38,3185,40.83
2026-09-10T14:12:46.770,1789029766.7705,5305,-1440,-18.46,3270,41.92
2026-09-10T14:12:46.770,1789029766.7705,5306,-1226,-15.72,3270,41.92
2026-09-10T14:12:46.770,1789029766.7705,5307,547,7.01,1987,25.47
2026-09-10T14:12:46.787,1789029766.7877,5308,342,4.38,1987,25.47
2026-09-10T14:12:46.787,1789029766.7877,5309,-1568,-20.1,2115,27.12
2026-09-10T14:12:46.787,1789029766.7877,5310,-1069,-13.71,2115,27.12
2026-09-10T14:12:46.801,1789029766.8020,5311,863,11.06,2431,31.17
2026-09-10T14:12:46.801,1789029766.8020,5312,209,2.68,2431,31.17
2026-09-10T14:12:46.801,1789029766.8020,5313,-1652,-21.18,2515,32.24
2026-09-10T14:12:46.817,1789029766.8179,5314,-926,-11.87,2515,32.24
2026-09-10T14:12:46.817,1789029766.8179,5315,1174,15.05,2826,36.23
2026-09-10T14:12:46.817,1789029766.8179,5316,1582,20.28,3234,41.46
2026-09-10T14:12:46.817,1789029766.8179,5317,-1705,-21.86,3287,42.14
2026-09-10T14:12:46.841,1789029766.8413,5318,-742,-9.51,3287,42.14
2026-09-10T14:12:46.841,1789029766.8413,5319,1653,21.19,3358,43.05
2026-09-10T14:12:46.849,1789029766.8492,5320,2098,26.9,3803,48.76
2026-09-10T14:12:46.849,1789029766.8492,5321,-3046,-39.05,5144,65.95
2026-09-10T14:12:46.865,1789029766.8650,5322,-1346,-17.26,5144,65.95
2026-09-10T14:12:46.865,1789029766.8650,5323,2363,30.29,5409,69.35
2026-09-10T14:12:46.865,1789029766.8650,5324,2098,26.9,5409,69.35
2026-09-10T14:12:46.880,1789029766.8808,5325,-366,-4.69,3709,47.55
2026-09-10T14:12:46.880,1789029766.8808,5326,-1029,-13.19,3392,43.49
2026-09-10T14:12:46.887,1789029766.8875,5327,2715,34.81,3744,48.0
2026-09-10T14:12:46.892,1789029766.8922,5328,1953,25.04,3744,48.0
2026-09-10T14:12:46.897,1789029766.8971,5329,-763,-9.78,3744,48.0
2026-09-10T14:12:46.897,1789029766.8971,5330,-740,-9.49,3478,44.59
2026-09-10T14:12:46.897,1789029766.8971,5331,2923,37.47,3686,47.26
2026-09-10T14:12:46.912,1789029766.9128,5332,1715,21.99,3686,47.26
2026-09-10T14:12:46.913,1789029766.9133,5333,-1248,-16.0,4171,53.47
2026-09-10T14:12:46.918,1789029766.9187,5334,-391,-5.01,4171,53.47
2026-09-10T14:12:46.928,1789029766.9281,5335,3050,39.1,4298,55.1
2026-09-10T14:12:46.928,1789029766.9281,5336,1442,18.49,4298,55.1
2026-09-10T14:12:46.928,1789029766.9281,5337,-1708,-21.9,4758,61.0
2026-09-10T14:12:46.943,1789029766.9438,5338,-2633,-33.76,5683,72.86
2026-09-10T14:12:46.943,1789029766.9438,5339,3033,38.88,5666,72.64
2026-09-10T14:12:46.943,1789029766.9438,5340,1186,15.21,5666,72.64
2026-09-10T14:12:46.959,1789029766.9596,5341,-2023,-25.94,5666,72.64
2026-09-10T14:12:46.975,1789029766.9754,5342,-2271,-29.12,5304,68.0
2026-09-10T14:12:46.975,1789029766.9754,5343,2765,35.45,5036,64.56
2026-09-10T14:12:46.992,1789029766.9925,5344,734,9.41,5036,64.56
2026-09-10T14:12:46.993,1789029766.9931,5345,-2185,-28.01,5036,64.56
2026-09-10T14:12:46.993,1789029766.9931,5346,-1933,-24.78,4950,63.46
2026-09-10T14:12:46.993,1789029766.9931,5347,691,8.86,2919,37.42
2026-09-10T14:12:47.006,1789029767.0068,5348,387,4.96,2876,36.87
2026-09-10T14:12:47.006,1789029767.0068,5349,-2551,-32.71,3242,41.56
2026-09-10T14:12:47.006,1789029767.0068,5350,-1965,-25.19,3242,41.56
2026-09-10T14:12:47.006,1789029767.0068,5351,215,2.76,2938,37.67
2026-09-10T14:12:47.006,1789029767.0068,5352,-1316,-16.87,2766,35.46
2026-09-10T14:12:47.006,1789029767.0068,5353,-3363,-43.12,3578,45.87
2026-09-10T14:12:47.022,1789029767.0224,5354,-2478,-31.77,3578,45.87
2026-09-10T14:12:47.022,1789029767.0224,5355,-257,-3.29,3106,39.82
2026-09-10T14:12:47.038,1789029767.0383,5356,68,0.87,3431,43.99
2026-09-10T14:12:47.038,1789029767.0383,5357,-3078,-39.46,3146,40.33
2026-09-10T14:12:47.038,1789029767.0383,5358,-1958,-25.1,3146,40.33
2026-09-10T14:12:47.038,1789029767.0383,5359,297,3.81,3375,43.27
2026-09-10T14:12:47.054,1789029767.0540,5360,236,3.03,3375,43.27
2026-09-10T14:12:47.054,1789029767.0540,5361,-2712,-34.77,3009,38.58
2026-09-10T14:12:47.054,1789029767.0540,5362,-1478,-18.95,3009,38.58
2026-09-10T14:12:47.069,1789029767.0698,5363,776,9.95,3488,44.72
2026-09-10T14:12:47.069,1789029767.0698,5364,365,4.68,3488,44.72
2026-09-10T14:12:47.069,1789029767.0698,5365,-1128,-14.46,2254,28.9
2026-09-10T14:12:47.069,1789029767.0698,5366,-1027,-13.17,1904,24.41
2026-09-10T14:12:47.085,1789029767.0857,5367,1121,14.37,2249,28.83
2026-09-10T14:12:47.087,1789029767.0878,5368,441,5.65,2249,28.83
2026-09-10T14:12:47.087,1789029767.0878,5369,-1161,-14.88,2282,29.26
2026-09-10T14:12:47.100,1789029767.1009,5370,-652,-8.36,2282,29.26
2026-09-10T14:12:47.100,1789029767.1009,5371,1351,17.32,2512,32.21
2026-09-10T14:12:47.116,1789029767.1166,5372,446,5.72,2512,32.21
2026-09-10T14:12:47.116,1789029767.1166,5373,-1244,-15.95,2595,33.27
2026-09-10T14:12:47.116,1789029767.1166,5374,-316,-4.05,2595,33.27
2026-09-10T14:12:47.132,1789029767.1322,5375,1525,19.55,2769,35.5
2026-09-10T14:12:47.132,1789029767.1322,5376,415,5.32,2769,35.5
2026-09-10T14:12:47.132,1789029767.1322,5377,-1418,-18.18,2943,37.73
2026-09-10T14:12:47.132,1789029767.1322,5378,-1669,-21.4,3194,40.95
2026-09-10T14:12:47.147,1789029767.1479,5379,1646,21.1,3315,42.5
2026-09-10T14:12:47.147,1789029767.1479,5380,356,4.56,3315,42.5
2026-09-10T14:12:47.147,1789029767.1479,5381,-1542,-19.77,3315,42.5
2026-09-10T14:12:47.147,1789029767.1479,5382,-1416,-18.15,3188,40.87
2026-09-10T14:12:47.163,1789029767.1636,5383,1704,21.85,3246,41.62
2026-09-10T14:12:47.163,1789029767.1636,5384,266,3.41,3246,41.62
2026-09-10T14:12:47.163,1789029767.1636,5385,-1603,-20.55,3307,42.4
2026-09-10T14:12:47.163,1789029767.1636,5386,-1197,-15.35,3307,42.4
2026-09-10T14:12:47.187,1789029767.1878,5387,664,8.51,2267,29.06
2026-09-10T14:12:47.195,1789029767.1952,5388,207,2.65,2267,29.06
2026-09-10T14:12:47.195,1789029767.1952,5389,-1682,-21.56,2346,30.08
2026-09-10T14:12:47.195,1789029767.1952,5390,-1020,-13.08,2346,30.08
2026-09-10T14:12:47.210,1789029767.2109,5391,1016,13.03,2698,34.59
2026-09-10T14:12:47.210,1789029767.2109,5392,106,1.36,2698,34.59
2026-09-10T14:12:47.226,1789029767.2265,5393,-1722,-22.08,2738,35.1
2026-09-10T14:12:47.226,1789029767.2265,5394,-808,-10.36,2738,35.1
2026-09-10T14:12:47.242,1789029767.2422,5395,1344,17.23,3066,39.31
2026-09-10T14:12:47.242,1789029767.2422,5396,1482,19.0,3204,41.08
2026-09-10T14:12:47.242,1789029767.2422,5397,-1715,-21.99,3197,40.99
2026-09-10T14:12:47.257,1789029767.2579,5398,-601,-7.71,3197,40.99
2026-09-10T14:12:47.257,1789029767.2579,5399,1594,20.44,3309,42.42
2026-09-10T14:12:47.257,1789029767.2579,5400,1347,17.27,3309,42.42
2026-09-10T14:12:47.257,1789029767.2579,5401,-1681,-21.55,3275,41.99
2026-09-10T14:12:47.273,1789029767.2736,5402,-443,-5.68,3275,41.99
2026-09-10T14:12:47.273,1789029767.2736,5403,1751,22.45,3432,44.0
2026-09-10T14:12:47.273,1789029767.2736,5404,1196,15.33,3432,44.0
2026-09-10T14:12:47.273,1789029767.2736,5405,-357,-4.58,2194,28.13
2026-09-10T14:12:47.273,1789029767.2736,5406,-221,-2.83,2108,27.03
2026-09-10T14:12:47.273,1789029767.2736,5407,1812,23.23,2169,27.81
2026-09-10T14:12:47.289,1789029767.2896,5408,1045,13.4,2169,27.81
2026-09-10T14:12:47.289,1789029767.2896,5409,-635,-8.14,2447,31.37
2026-09-10T14:12:47.289,1789029767.2896,5410,-59,-0.76,2447,31.37
2026-09-10T14:12:47.308,1789029767.3090,5411,1890,24.23,2525,32.37
2026-09-10T14:12:47.311,1789029767.3111,5412,862,11.05,2525,32.37
2026-09-10T14:12:47.317,1789029767.3171,5413,-901,-11.55,2791,35.78
2026-09-10T14:12:47.321,1789029767.3211,5414,144,1.85,2791,35.78
2026-09-10T14:12:47.321,1789029767.3211,5415,1896,24.31,2797,35.86
2026-09-10T14:12:47.321,1789029767.3211,5416,732,9.38,2797,35.86
2026-09-10T14:12:47.336,1789029767.3369,5417,-1175,-15.06,3071,39.37
2026-09-10T14:12:47.336,1789029767.3369,5418,-1318,-16.9,3214,41.21
2026-09-10T14:12:47.336,1789029767.3369,5419,1918,24.59,3236,41.49
2026-09-10T14:12:47.336,1789029767.3369,5420,570,7.31,3236,41.49
2026-09-10T14:12:47.352,1789029767.3525,5421,-1352,-17.33,3270,41.92
2026-09-10T14:12:47.366,1789029767.3663,5422,-1151,-14.76,3270,41.92
2026-09-10T14:12:47.368,1789029767.3683,5423,1876,24.05,3228,41.38
2026-09-10T14:12:47.368,1789029767.3683,5424,424,5.44,3228,41.38
2026-09-10T14:12:47.368,1789029767.3683,5425,-1501,-19.24,3377,43.29
2026-09-10T14:12:47.384,1789029767.3848,5426,-1000,-12.82,3377,43.29
2026-09-10T14:12:47.387,1789029767.3879,5427,900,11.54,2401,30.78
2026-09-10T14:12:47.387,1789029767.3879,5428,290,3.72,2401,30.78
2026-09-10T14:12:47.387,1789029767.3879,5429,-1595,-20.45,2495,31.99
2026-09-10T14:12:47.399,1789029767.4000,5430,-869,-11.14,2495,31.99
2026-09-10T14:12:47.399,1789029767.4000,5431,1234,15.82,2829,36.27
2026-09-10T14:12:47.399,1789029767.4000,5432,155,1.99,2829,36.27
2026-09-10T14:12:47.399,1789029767.4000,5433,-1653,-21.19,2887,37.01
2026-09-10T14:12:47.415,1789029767.4157,5434,-675,-8.65,2887,37.01
2026-09-10T14:12:47.415,1789029767.4157,5435,1508,19.33,3161,40.53
2026-09-10T14:12:47.415,1789029767.4157,5436,1502,19.26,3161,40.53
2026-09-10T14:12:47.431,1789029767.4314,5437,-1656,-21.23,3164,40.56
2026-09-10T14:12:47.431,1789029767.4314,5438,-514,-6.59,3164,40.56
2026-09-10T14:12:47.447,1789029767.4471,5439,1660,21.28,3316,42.51
2026-09-10T14:12:47.447,1789029767.4471,5440,1322,16.95,3316,42.51
2026-09-10T14:12:47.462,1789029767.4629,5441,-1639,-21.01,3299,42.29
2026-09-10T14:12:47.462,1789029767.4629,5442,-372,-4.77,3299,42.29
2026-09-10T14:12:47.462,1789029767.4629,5443,1781,22.83,3420,43.85
2026-09-10T14:12:47.478,1789029767.4786,5444,1170,15.0,3420,43.85
2026-09-10T14:12:47.487,1789029767.4879,5445,-418,-5.36,2199,28.19
2026-09-10T14:12:47.487,1789029767.4879,5446,-163,-2.09,2199,28.19
2026-09-10T14:12:47.494,1789029767.4942,5447,1862,23.87,2280,29.23
2026-09-10T14:12:47.494,1789029767.4942,5448,999,12.81,2280,29.23
2026-09-10T14:12:47.510,1789029767.5101,5449,-713,-9.14,2575,33.01
2026-09-10T14:12:47.510,1789029767.5101,5450,8,0.1,2575,33.01
2026-09-10T14:12:47.510,1789029767.5101,5451,1876,24.05,2589,33.19
2026-09-10T14:12:47.510,1789029767.5101,5452,844,10.82,2589,33.19
2026-09-10T14:12:47.510,1789029767.5101,5453,-991,-12.71,2867,36.76
2026-09-10T14:12:47.525,1789029767.5258,5454,194,2.49,2867,36.76
2026-09-10T14:12:47.525,1789029767.5258,5455,1902,24.38,2893,37.09
2026-09-10T14:12:47.525,1789029767.5258,5456,670,8.59,2893,37.09
2026-09-10T14:12:47.525,1789029767.5258,5457,-1225,-15.71,3127,40.09
2026-09-10T14:12:47.541,1789029767.5419,5458,-1252,-16.05,3154,40.44
2026-09-10T14:12:47.541,1789029767.5419,5459,1884,24.15,3136,40.21
2026-09-10T14:12:47.541,1789029767.5419,5460,524,6.72,3136,40.21
2026-09-10T14:12:47.541,1789029767.5419,5461,-1410,-18.08,3294,42.23
2026-09-10T14:12:47.557,1789029767.5576,5462,-1100,-14.1,3294,42.23
2026-09-10T14:12:47.557,1789029767.5576,5463,1865,23.91,3275,41.99
2026-09-10T14:12:47.557,1789029767.5576,5464,382,4.9,3275,41.99
2026-09-10T14:12:47.573,1789029767.5734,5465,-1512,-19.38,3377,43.29
2026-09-10T14:12:47.573,1789029767.5734,5466,-926,-11.87,3377,43.29
2026-09-10T14:12:47.573,1789029767.5734,5467,1010,12.95,2522,32.33
2026-09-10T14:12:47.589,1789029767.5892,5468,275,3.53,2522,32.33
2026-09-10T14:12:47.589,1789029767.5892,5469,-1606,-20.59,2616,33.54
2026-09-10T14:12:47.589,1789029767.5892,5470,-792,-10.15,2616,33.54
2026-09-10T14:12:47.604,1789029767.6048,5471,1332,17.08,2938,37.67
2026-09-10T14:12:47.604,1789029767.6048,5472,152,1.95,2938,37.67
2026-09-10T14:12:47.620,1789029767.6206,5473,-1661,-21.29,2993,38.37
2026-09-10T14:12:47.621,1789029767.6212,5474,-626,-8.03,2993,38.37
2026-09-10T14:12:47.621,1789029767.6212,5475,1552,19.9,3213,41.19
2026-09-10T14:12:47.621,1789029767.6212,5476,1434,18.38,3213,41.19
2026-09-10T14:12:47.636,1789029767.6363,5477,-1671,-21.42,3223,41.32
2026-09-10T14:12:47.636,1789029767.6363,5478,-473,-6.06,3223,41.32
2026-09-10T14:12:47.636,1789029767.6363,5479,1693,21.71,3364,43.13
2026-09-10T14:12:47.636,1789029767.6363,5480,1267,16.24,3364,43.13
2026-09-10T14:12:47.651,1789029767.6519,5481,-1641,-21.04,3334,42.74
2026-09-10T14:12:47.651,1789029767.6519,5482,-323,-4.14,3334,42.74
2026-09-10T14:12:47.651,1789029767.6519,5483,1806,23.15,3447,44.19
2026-09-10T14:12:47.667,1789029767.6676,5484,1107,14.19,3447,44.19
2026-09-10T14:12:47.667,1789029767.6676,5485,-525,-6.73,2331,29.88
2026-09-10T14:12:47.667,1789029767.6676,5486,-141,-1.81,2331,29.88
2026-09-10T14:12:47.688,1789029767.6882,5487,1864,23.9,2389,30.63
2026-09-10T14:12:47.688,1789029767.6882,5488,944,12.1,2389,30.63
2026-09-10T14:12:47.702,1789029767.7023,5489,-843,-10.81,2707,34.71
2026-09-10T14:12:47.704,1789029767.7050,5490,42,0.54,2707,34.71
2026-09-10T14:12:47.714,1789029767.7149,5491,1910,24.49,2753,35.29
2026-09-10T14:12:47.714,1789029767.7149,5492,774,9.92,2753,35.29
2026-09-10T14:12:47.714,1789029767.7149,5493,-1089,-13.96,2999,38.45
2026-09-10T14:12:47.730,1789029767.7307,5494,-1377,-17.65,3287,42.14
2026-09-10T14:12:47.730,1789029767.7307,5495,1904,24.41,3281,42.06
2026-09-10T14:12:47.746,1789029767.7463,5496,612,7.85,3281,42.06
2026-09-10T14:12:47.746,1789029767.7463,5497,-1310,-16.79,3281,42.06
2026-09-10T14:12:47.746,1789029767.7463,5498,-1237,-15.86,3214,41.21
2026-09-10T14:12:47.746,1789029767.7463,5499,1866,23.92,3176,40.72
2026-09-10T14:12:47.762,1789029767.7620,5500,475,6.09,3176,40.72
2026-09-10T14:12:47.762,1789029767.7620,5501,-1439,-18.45,3305,42.37
2026-09-10T14:12:47.762,1789029767.7620,5502,-1045,-13.4,3305,42.37
2026-09-10T14:12:47.762,1789029767.7620,5503,1812,23.23,3251,41.68
2026-09-10T14:12:47.762,1789029767.7620,5504,353,4.53,3251,41.68
2026-09-10T14:12:47.777,1789029767.7778,5505,-1553,-19.91,3365,43.14
2026-09-10T14:12:47.777,1789029767.7778,5506,-951,-12.19,3365,43.14
2026-09-10T14:12:47.777,1789029767.7778,5507,1693,21.71,3246,41.62
2026-09-10T14:12:47.788,1789029767.7884,5508,577,7.4,3246,41.62
2026-09-10T14:12:47.793,1789029767.7935,5509,-3169,-40.63,4862,62.33
2026-09-10T14:12:47.793,1789029767.7935,5510,-1885,-24.17,4862,62.33
2026-09-10T14:12:47.793,1789029767.7935,5511,2407,30.86,5576,71.49
2026-09-10T14:12:47.809,1789029767.8093,5512,457,5.86,5576,71.49
2026-09-10T14:12:47.809,1789029767.8093,5513,-3265,-41.86,5672,72.72
2026-09-10T14:12:47.809,1789029767.8093,5514,-1504,-19.28,5672,72.72
2026-09-10T14:12:47.809,1789029767.8093,5515,2957,37.91,6222,79.77
2026-09-10T14:12:47.824,1789029767.8249,5516,3034,38.9,6299,80.76
2026-09-10T14:12:47.824,1789029767.8249,5517,-3322,-42.59,6356,81.49
2026-09-10T14:12:47.824,1789029767.8249,5518,-1217,-15.6,6356,81.49
2026-09-10T14:12:47.840,1789029767.8407,5519,3291,42.19,6613,84.78
2026-09-10T14:12:47.840,1789029767.8407,5520,2694,34.54,6613,84.78
2026-09-10T14:12:47.856,1789029767.8564,5521,-3331,-42.71,6622,84.9
2026-09-10T14:12:47.856,1789029767.8564,5522,-862,-11.05,6622,84.9
2026-09-10T14:12:47.856,1789029767.8564,5523,3458,44.33,6789,87.04
2026-09-10T14:12:47.872,1789029767.8721,5524,2368,30.36,6789,87.04
2026-09-10T14:12:47.872,1789029767.8721,5525,-901,-11.55,4359,55.88
2026-09-10T14:12:47.872,1789029767.8721,5526,-529,-6.78,4359,55.88
2026-09-10T14:12:47.872,1789029767.8721,5527,3585,45.96,4486,57.51
2026-09-10T14:12:47.888,1789029767.8883,5528,2047,26.24,4486,57.51
2026-09-10T14:12:47.892,1789029767.8923,5529,-1441,-18.47,5026,64.44
2026-09-10T14:12:47.892,1789029767.8923,5530,-164,-2.1,5026,64.44
2026-09-10T14:12:47.903,1789029767.9035,5531,3525,45.19,4966,63.67
2026-09-10T14:12:47.904,1789029767.9042,5532,1647,21.12,4966,63.67
2026-09-10T14:12:47.904,1789029767.9042,5533,-1935,-24.81,5460,70.0
2026-09-10T14:12:47.919,1789029767.9191,5534,-2640,-33.85,6165,79.04
2026-09-10T14:12:47.919,1789029767.9191,5535,3238,41.51,5878,75.36
2026-09-10T14:12:47.934,1789029767.9348,5536,1093,14.01,5878,75.36
2026-09-10T14:12:47.934,1789029767.9348,5537,-2171,-27.83,5878,75.36
2026-09-10T14:12:47.934,1789029767.9348,5538,-2031,-26.04,5409,69.35
2026-09-10T14:12:47.950,1789029767.9505,5539,1748,22.41,3919,50.24
2026-09-10T14:12:47.950,1789029767.9505,5540,137,1.76,3919,50.24
2026-09-10T14:12:47.966,1789029767.9663,5541,-1887,-24.19,3779,48.45
2026-09-10T14:12:47.966,1789029767.9663,5542,-1384,-17.74,3635,46.6
2026-09-10T14:12:47.966,1789029767.9663,5543,1511,19.37,3398,43.56
2026-09-10T14:12:47.988,1789029767.9883,5544,29,0.37,3398,43.56
2026-09-10T14:12:47.997,1789029767.9976,5545,-1851,-23.73,3362,43.1
2026-09-10T14:12:47.999,1789029767.9990,5546,-1147,-14.71,3362,43.1
2026-09-10T14:12:47.999,1789029767.9990,5547,905,11.6,2756,35.33
2026-09-10T14:12:48.013,1789029768.0134,5548,-60,-0.77,2756,35.33
2026-09-10T14:12:48.013,1789029768.0134,5549,-1876,-24.05,2781,35.65
2026-09-10T14:12:48.013,1789029768.0134,5550,-932,-11.95,2781,35.65
2026-09-10T14:12:48.013,1789029768.0134,5551,1247,15.99,3123,40.04
2026-09-10T14:12:48.029,1789029768.0291,5552,-123,-1.58,3123,40.04
2026-09-10T14:12:48.029,1789029768.0291,5553,-1842,-23.62,3089,39.6
2026-09-10T14:12:48.029,1789029768.0291,5554,-731,-9.37,3089,39.6
2026-09-10T14:12:48.029,1789029768.0291,5555,1468,18.82,3310,42.44
2026-09-10T14:12:48.029,1789029768.0291,5556,1158,14.85,3310,42.44
2026-09-10T14:12:48.044,1789029768.0448,5557,-1821,-23.35,3289,42.17
2026-09-10T14:12:48.044,1789029768.0448,5558,-538,-6.9,3289,42.17
2026-09-10T14:12:48.044,1789029768.0448,5559,1608,20.62,3429,43.96
2026-09-10T14:12:48.044,1789029768.0448,5560,1018,13.05,3429,43.96
2026-09-10T14:12:48.060,1789029768.0605,5561,-1756,-22.51,3364,43.13
2026-09-10T14:12:48.060,1789029768.0605,5562,-365,-4.68,3364,43.13
2026-09-10T14:12:48.060,1789029768.0605,5563,1688,21.64,3444,44.15
2026-09-10T14:12:48.060,1789029768.0605,5564,846,10.85,3444,44.15
2026-09-10T14:12:48.076,1789029768.0762,5565,-818,-10.49,2506,32.13
2026-09-10T14:12:48.076,1789029768.0762,5566,-156,-2.0,2506,32.13
2026-09-10T14:12:48.076,1789029768.0762,5567,1725,22.12,2543,32.6
2026-09-10T14:12:48.088,1789029768.0883,5568,714,9.15,2543,32.6
2026-09-10T14:12:48.092,1789029768.0929,5569,-1113,-14.27,2838,36.38
2026-09-10T14:12:48.101,1789029768.1017,5570,30,0.38,2838,36.38
2026-09-10T14:12:48.107,1789029768.1077,5571,1765,22.63,2878,36.9
2026-09-10T14:12:48.107,1789029768.1077,5572,551,7.06,2878,36.9
2026-09-10T14:12:48.123,1789029768.1234,5573,-1324,-16.97,3089,39.6
2026-09-10T14:12:48.123,1789029768.1234,5574,-1378,-17.67,3143,40.29
2026-09-10T14:12:48.123,1789029768.1234,5575,1770,22.69,3148,40.36
2026-09-10T14:12:48.123,1789029768.1234,5576,431,5.53,3148,40.36
2026-09-10T14:12:48.123,1789029768.1234,5577,-1511,-19.37,3281,42.06
2026-09-10T14:12:48.139,1789029768.1391,5578,-1233,-15.81,3281,42.06
2026-09-10T14:12:48.139,1789029768.1391,5579,1754,22.49,3265,41.86
2026-09-10T14:12:48.139,1789029768.1391,5580,287,3.68,3265,41.86
2026-09-10T14:12:48.154,1789029768.1548,5581,-1602,-20.54,3356,43.03
2026-09-10T14:12:48.154,1789029768.1548,5582,-1028,-13.18,3356,43.03
2026-09-10T14:12:48.154,1789029768.1548,5583,1689,21.65,3291,42.19
2026-09-10T14:12:48.169,1789029768.1692,5584,178,2.28,3291,42.19
2026-09-10T14:12:48.170,1789029768.1707,5585,-1691,-21.68,3380,43.33
2026-09-10T14:12:48.176,1789029768.1768,5586,-888,-11.38,3380,43.33
2026-09-10T14:12:48.180,1789029768.1808,5587,1239,15.88,2930,37.56
2026-09-10T14:12:48.188,1789029768.1886,5588,69,0.88,2930,37.56
2026-09-10T14:12:48.202,1789029768.2025,5589,-1720,-22.05,2959,37.94
2026-09-10T14:12:48.202,1789029768.2025,5590,-705,-9.04,2959,37.94
2026-09-10T14:12:48.202,1789029768.2025,5591,1470,18.85,3190,40.9
2026-09-10T14:12:48.218,1789029768.2181,5592,-61,-0.78,3190,40.9
2026-09-10T14:12:48.218,1789029768.2181,5593,-1725,-22.12,3195,40.96
2026-09-10T14:12:48.218,1789029768.2181,5594,-531,-6.81,3195,40.96
2026-09-10T14:12:48.234,1789029768.2342,5595,1632,20.92,3357,43.04
2026-09-10T14:12:48.234,1789029768.2342,5596,1213,15.55,3357,43.04
2026-09-10T14:12:48.249,1789029768.2498,5597,-1682,-21.56,3314,42.49
2026-09-10T14:12:48.249,1789029768.2498,5598,-368,-4.72,3314,42.49
2026-09-10T14:12:48.249,1789029768.2498,5599,1750,22.44,3432,44.0
2026-09-10T14:12:48.265,1789029768.2655,5600,1067,13.68,3432,44.0
2026-09-10T14:12:48.265,1789029768.2655,5601,-1635,-20.96,3385,43.4
2026-09-10T14:12:48.265,1789029768.2655,5602,-161,-2.06,3385,43.4
2026-09-10T14:12:48.265,1789029768.2655,5603,1804,23.13,3439,44.09
2026-09-10T14:12:48.265,1789029768.2655,5604,913,11.71,3439,44.09
2026-09-10T14:12:48.265,1789029768.2655,5605,-839,-10.76,2643,33.88
2026-09-10T14:12:48.281,1789029768.2812,5606,-26,-0.33,2643,33.88
2026-09-10T14:12:48.281,1789029768.2812,5607,1854,23.77,2693,34.53
2026-09-10T14:12:48.281,1789029768.2812,5608,727,9.32,2693,34.53
2026-09-10T14:12:48.297,1789029768.2970,5609,-1124,-14.41,2978,38.18
2026-09-10T14:12:48.297,1789029768.2970,5610,158,2.03,2978,38.18
2026-09-10T14:12:48.297,1789029768.2970,5611,1826,23.41,2950,37.82
2026-09-10T14:12:48.312,1789029768.3128,5612,563,7.22,2950,37.82
2026-09-10T14:12:48.312,1789029768.3128,5613,-1347,-17.27,3173,40.68
2026-09-10T14:12:48.312,1789029768.3128,5614,-1314,-16.85,3173,40.68
2026-09-10T14:12:48.312,1789029768.3128,5615,1793,22.99,3140,40.26
2026-09-10T14:12:48.328,1789029768.3284,5616,394,5.05,3140,40.26
2026-09-10T14:12:48.328,1789029768.3284,5617,-1519,-19.47,3312,42.46
2026-09-10T14:12:48.328,1789029768.3284,5618,-1145,-14.68,3312,42.46
2026-09-10T14:12:48.344,1789029768.3441,5619,1749,22.42,3268,41.9
2026-09-10T14:12:48.344,1789029768.3441,5620,266,3.41,3268,41.9
2026-09-10T14:12:48.359,1789029768.3597,5621,-1607,-20.6,3356,43.03
2026-09-10T14:12:48.359,1789029768.3597,5622,-961,-12.32,3356,43.03
2026-09-10T14:12:48.359,1789029768.3597,5623,1631,20.91,3238,41.51
2026-09-10T14:12:48.375,1789029768.3756,5624,164,2.1,3238,41.51
2026-09-10T14:12:48.382,1789029768.3821,5625,-1672,-21.44,3303,42.35
2026-09-10T14:12:48.382,1789029768.3827,5626,-834,-10.69,3303,42.35
2026-09-10T14:12:48.392,1789029768.3921,5627,1301,16.68,2973,38.12
2026-09-10T14:12:48.392,1789029768.3921,5628,30,0.38,2973,38.12
2026-09-10T14:12:48.392,1789029768.3921,5629,-1726,-22.13,3027,38.81
2026-09-10T14:12:48.392,1789029768.3921,5630,-667,-8.55,3027,38.81
2026-09-10T14:12:48.407,1789029768.4072,5631,1524,19.54,3250,41.67
2026-09-10T14:12:48.407,1789029768.4072,5632,-127,-1.63,3250,41.67
2026-09-10T14:12:48.407,1789029768.4072,5633,-1727,-22.14,3251,41.68
2026-09-10T14:12:48.407,1789029768.4072,5634,-488,-6.26,3251,41.68
2026-09-10T14:12:48.422,1789029768.4229,5635,1666,21.36,3393,43.5
2026-09-10T14:12:48.422,1789029768.4229,5636,1167,14.96,3393,43.5
2026-09-10T14:12:48.422,1789029768.4229,5637,-1684,-21.59,3350,42.95
2026-09-10T14:12:48.422,1789029768.4229,5638,-313,-4.01,3350,42.95
2026-09-10T14:12:48.438,1789029768.4390,5639,1792,22.97,3476,44.56
2026-09-10T14:12:48.454,1789029768.4549,5640,1021,13.09,3476,44.56
2026-09-10T14:12:48.454,1789029768.4549,5641,-1597,-20.47,3389,43.45
2026-09-10T14:12:48.454,1789029768.4549,5642,-150,-1.92,3389,43.45
2026-09-10T14:12:48.470,1789029768.4705,5643,1826,23.41,3423,43.88
2026-09-10T14:12:48.470,1789029768.4705,5644,843,10.81,3423,43.88
2026-09-10T14:12:48.488,1789029768.4888,5645,-940,-12.05,2766,35.46
2026-09-10T14:12:48.495,1789029768.4959,5646,53,0.68,2766,35.46
2026-09-10T14:12:48.498,1789029768.4980,5647,1849,23.71,2789,35.76
2026-09-10T14:12:48.501,1789029768.5019,5648,698,8.95,2789,35.76
2026-09-10T14:12:48.501,1789029768.5019,5649,-1165,-14.94,3014,38.64
2026-09-10T14:12:48.517,1789029768.5176,5650,241,3.09,3014,38.64
2026-09-10T14:12:48.517,1789029768.5176,5651,1816,23.28,2981,38.22
2026-09-10T14:12:48.517,1789029768.5176,5652,529,6.78,2981,38.22
2026-09-10T14:12:48.517,1789029768.5176,5653,-1381,-17.71,3197,40.99
2026-09-10T14:12:48.517,1789029768.5176,5654,-1243,-15.94,3197,40.99
2026-09-10T14:12:48.533,1789029768.5333,5655,1800,23.08,3181,40.78
2026-09-10T14:12:48.533,1789029768.5333,5656,384,4.92,3181,40.78
2026-09-10T14:12:48.533,1789029768.5333,5657,-1545,-19.81,3345,42.88
2026-09-10T14:12:48.533,1789029768.5333,5658,-1063,-13.63,3345,42.88
2026-09-10T14:12:48.533,1789029768.5333,5659,1722,22.08,3267,41.88
2026-09-10T14:12:48.533,1789029768.5333,5660,231,2.96,3267,41.88
2026-09-10T14:12:48.549,1789029768.5493,5661,-1618,-20.74,3340,42.82
2026-09-10T14:12:48.549,1789029768.5493,5662,-911,-11.68,3340,42.82
2026-09-10T14:12:48.549,1789029768.5493,5663,1132,14.51,2750,35.26
2026-09-10T14:12:48.565,1789029768.5654,5664,118,1.51,2750,35.26
2026-09-10T14:12:48.565,1789029768.5654,5665,-1707,-21.88,2839,36.4
2026-09-10T14:12:48.565,1789029768.5654,5666,-748,-9.59,2839,36.4
2026-09-10T14:12:48.581,1789029768.5810,5667,1403,17.99,3110,39.87
2026-09-10T14:12:48.588,1789029768.5888,5668,8,0.1,3110,39.87
2026-09-10T14:12:48.588,1789029768.5888,5669,-1709,-21.91,3112,39.9
2026-09-10T14:12:48.596,1789029768.5968,5670,-602,-7.72,3112,39.9
2026-09-10T14:12:48.596,1789029768.5968,5671,1621,20.78,3330,42.69
2026-09-10T14:12:48.612,1789029768.6125,5672,-163,-2.09,3330,42.69
2026-09-10T14:12:48.612,1789029768.6125,5673,-1718,-22.03,3339,42.81
2026-09-10T14:12:48.612,1789029768.6125,5674,-427,-5.47,3339,42.81
2026-09-10T14:12:48.628,1789029768.6282,5675,1718,22.03,3436,44.05
2026-09-10T14:12:48.628,1789029768.6282,5676,1128,14.46,3436,44.05
2026-09-10T14:12:48.628,1789029768.6282,5677,-1663,-21.32,3381,43.35
2026-09-10T14:12:48.628,1789029768.6282,5678,-253,-3.24,3381,43.35
2026-09-10T14:12:48.643,1789029768.6438,5679,1800,23.08,3463,44.4
2026-09-10T14:12:48.643,1789029768.6438,5680,941,12.06,3463,44.4
2026-09-10T14:12:48.643,1789029768.6438,5681,-1580,-20.26,3380,43.33
2026-09-10T14:12:48.659,1789029768.6595,5682,-61,-0.78,3380,43.33
2026-09-10T14:12:48.659,1789029768.6595,5683,1835,23.53,3415,43.78
2026-09-10T14:12:48.659,1789029768.6595,5684,820,10.51,3415,43.78
2026-09-10T14:12:48.659,1789029768.6595,5685,-1011,-12.96,2846,36.49
2026-09-10T14:12:48.659,1789029768.6595,5686,122,1.56,2846,36.49
2026-09-10T14:12:48.675,1789029768.6752,5687,1882,24.13,2893,37.09
2026-09-10T14:12:48.690,1789029768.6909,5688,726,9.31,2893,37.09
2026-09-10T14:12:48.690,1789029768.6909,5689,-2376,-30.46,4258,54.59
2026-09-10T14:12:48.706,1789029768.7066,5690,120,1.54,4258,54.59
2026-09-10T14:12:48.706,1789029768.7066,5691,3412,43.74,5788,74.21
2026-09-10T14:12:48.706,1789029768.7066,5692,1186,15.21,5788,74.21
2026-09-10T14:12:48.722,1789029768.7223,5693,-2634,-33.77,6046,77.51
2026-09-10T14:12:48.722,1789029768.7223,5694,-2592,-33.23,6046,77.51
2026-09-10T14:12:48.722,1789029768.7223,5695,3563,45.68,6197,79.45
2026-09-10T14:12:48.738,1789029768.7381,5696,981,12.58,6197,79.45
2026-09-10T14:12:48.738,1789029768.7381,5697,-2943,-37.73,6506,83.41
2026-09-10T14:12:48.753,1789029768.7538,5698,-2363,-30.29,6506,83.41
2026-09-10T14:12:48.753,1789029768.7538,5699,3501,44.88,6444,82.62
2026-09-10T14:12:48.753,1789029768.7538,5700,699,8.96,6444,82.62
2026-09-10T14:12:48.769,1789029768.7695,5701,-3224,-41.33,6725,86.22
2026-09-10T14:12:48.769,1789029768.7695,5702,-2091,-26.81,6725,86.22
2026-09-10T14:12:48.769,1789029768.7695,5703,2129,27.29,5353,68.63
2026-09-10T14:12:48.769,1789029768.7695,5704,480,6.15,5353,68.63
2026-09-10T14:12:48.769,1789029768.7695,5705,-3354,-43.0,5483,70.29
2026-09-10T14:12:48.769,1789029768.7695,5706,-1749,-22.42,5483,70.29
2026-09-10T14:12:48.785,1789029768.7853,5707,2674,34.28,6028,77.28
2026-09-10T14:12:48.788,1789029768.7889,5708,235,3.01,6028,77.28
2026-09-10T14:12:48.788,1789029768.7889,5709,-3410,-43.72,6084,78.0
2026-09-10T14:12:48.800,1789029768.8010,5710,-1448,-18.56,6084,78.0
2026-09-10T14:12:48.800,1789029768.8010,5711,3073,39.4,6483,83.12
2026-09-10T14:12:48.800,1789029768.8010,5712,-186,-2.38,6483,83.12
2026-09-10T14:12:48.816,1789029768.8167,5713,-3437,-44.06,6510,83.46
2026-09-10T14:12:48.816,1789029768.8167,5714,-1104,-14.15,6510,83.46
2026-09-10T14:12:48.816,1789029768.8167,5715,3333,42.73,6770,86.79
2026-09-10T14:12:48.816,1789029768.8167,5716,2416,30.97,6770,86.79
2026-09-10T14:12:48.832,1789029768.8325,5717,-3319,-42.55,6652,85.28
2026-09-10T14:12:48.832,1789029768.8325,5718,-730,-9.36,6652,85.28
2026-09-10T14:12:48.832,1789029768.8325,5719,3381,43.35,6700,85.9
2026-09-10T14:12:48.848,1789029768.8485,5720,2008,25.74,6700,85.9
2026-09-10T14:12:48.864,1789029768.8642,5721,-3003,-38.5,6384,81.85
2026-09-10T14:12:48.864,1789029768.8642,5722,-335,-4.29,6384,81.85
2026-09-10T14:12:48.864,1789029768.8642,5723,3138,40.23,6141,78.73
2026-09-10T14:12:48.864,1789029768.8642,5724,1394,17.87,6141,78.73
2026-09-10T14:12:48.864,1789029768.8642,5725,-1732,-22.21,4870,62.44
2026-09-10T14:12:48.883,1789029768.8835,5726,-552,-7.08,4870,62.44
2026-09-10T14:12:48.888,1789029768.8884,5727,1218,15.62,3126,40.08
2026-09-10T14:12:48.892,1789029768.8922,5728,-94,-1.21,2950,37.82
2026-09-10T14:12:48.896,1789029768.8961,5729,-2002,-25.67,3220,41.28
2026-09-10T14:12:48.896,1789029768.8961,5730,-215,-2.76,3220,41.28
2026-09-10T14:12:48.896,1789029768.8961,5731,1274,16.33,3276,42.0
2026-09-10T14:12:48.896,1789029768.8961,5732,-95,-1.22,3276,42.0
2026-09-10T14:12:48.911,1789029768.9114,5733,-2002,-25.67,3276,42.0
2026-09-10T14:12:48.911,1789029768.9114,5734,-1626,-20.85,3276,42.0
2026-09-10T14:12:48.911,1789029768.9114,5735,1367,17.53,3369,43.19
2026-09-10T14:12:48.943,1789029768.9430,5736,-102,-1.31,3369,43.19
2026-09-10T14:12:48.943,1789029768.9430,5737,-1982,-25.41,3349,42.94
2026-09-10T14:12:48.943,1789029768.9430,5738,-1350,-17.31,3349,42.94
2026-09-10T14:12:48.943,1789029768.9430,5739,1333,17.09,3315,42.5
2026-09-10T14:12:48.958,1789029768.9587,5740,-153,-1.96,3315,42.5
2026-09-10T14:12:48.958,1789029768.9587,5741,-1984,-25.44,3317,42.53
2026-09-10T14:12:48.974,1789029768.9744,5742,-1120,-14.36,3317,42.53
2026-09-10T14:12:48.974,1789029768.9744,5743,1032,13.23,3016,38.67
2026-09-10T14:12:48.990,1789029768.9905,5744,-177,-2.27,3016,38.67
2026-09-10T14:12:48.990,1789029768.9905,5745,-1944,-24.92,2976,38.15
2026-09-10T14:12:48.990,1789029768.9905,5746,-893,-11.45,2976,38.15
2026-09-10T14:12:49.007,1789029769.0076,5747,1323,16.96,3267,41.88
2026-09-10T14:12:49.007,1789029769.0076,5748,-311,-3.99,3267,41.88
2026-09-10T14:12:49.007,1789029769.0076,5749,-1914,-24.54,3237,41.5
2026-09-10T14:12:49.007,1789029769.0076,5750,-694,-8.9,3237,41.5
2026-09-10T14:12:49.021,1789029769.0218,5751,1493,19.14,3407,43.68
2026-09-10T14:12:49.021,1789029769.0218,5752,-477,-6.12,3407,43.68
2026-09-10T14:12:49.021,1789029769.0218,5753,-1835,-23.53,3328,42.67
2026-09-10T14:12:49.021,1789029769.0218,5754,-468,-6.0,3328,42.67
2026-09-10T14:12:49.021,1789029769.0218,5755,1618,20.74,3453,44.27
2026-09-10T14:12:49.021,1789029769.0218,5756,891,11.42,3453,44.27
2026-09-10T14:12:49.037,1789029769.0376,5757,-1749,-22.42,3367,43.17
2026-09-10T14:12:49.037,1789029769.0376,5758,-286,-3.67,3367,43.17
2026-09-10T14:12:49.037,1789029769.0376,5759,1711,21.94,3460,44.36
2026-09-10T14:12:49.037,1789029769.0376,5760,756,9.69,3460,44.36
2026-09-10T14:12:49.053,1789029769.0535,5761,-1643,-21.06,3354,43.0
2026-09-10T14:12:49.053,1789029769.0535,5762,-80,-1.03,3354,43.0
2026-09-10T14:12:49.053,1789029769.0535,5763,1744,22.36,3387,43.42
2026-09-10T14:12:49.069,1789029769.0692,5764,625,8.01,3387,43.42
2026-09-10T14:12:49.069,1789029769.0692,5765,-1297,-16.63,3041,38.99
2026-09-10T14:12:49.069,1789029769.0692,5766,142,1.82,3041,38.99
2026-09-10T14:12:49.069,1789029769.0692,5767,1757,22.53,3054,39.15
2026-09-10T14:12:49.088,1789029769.0889,5768,446,5.72,3054,39.15
2026-09-10T14:12:49.088,1789029769.0889,5769,-1464,-18.77,3221,41.29
2026-09-10T14:12:49.088,1789029769.0889,5770,411,5.27,3221,41.29
2026-09-10T14:12:49.100,1789029769.1005,5771,1746,22.38,3210,41.15
2026-09-10T14:12:49.100,1789029769.1005,5772,319,4.09,3210,41.15
2026-09-10T14:12:49.116,1789029769.1162,5773,-1590,-20.38,3336,42.77
2026-09-10T14:12:49.116,1789029769.1162,5774,-1160,-14.87,3336,42.77
2026-09-10T14:12:49.116,1789029769.1162,5775,1717,22.01,3307,42.4
2026-09-10T14:12:49.131,1789029769.1319,5776,211,2.71,3307,42.4
2026-09-10T14:12:49.131,1789029769.1319,5777,-1670,-21.41,3387,43.42
2026-09-10T14:12:49.131,1789029769.1319,5778,-992,-12.72,3387,43.42
2026-09-10T14:12:49.131,1789029769.1319,5779,1604,20.56,3274,41.97
2026-09-10T14:12:49.147,1789029769.1476,5780,122,1.56,3274,41.97
2026-09-10T14:12:49.147,1789029769.1476,5781,-1703,-21.83,3307,42.4
2026-09-10T14:12:49.163,1789029769.1633,5782,-808,-10.36,3307,42.4
2026-09-10T14:12:49.163,1789029769.1633,5783,1371,17.58,3074,39.41
2026-09-10T14:12:49.163,1789029769.1633,5784,0,0.0,3074,39.41
2026-09-10T14:12:49.163,1789029769.1633,5785,-1728,-22.15,3099,39.73
2026-09-10T14:12:49.163,1789029769.1633,5786,-621,-7.96,3099,39.73
2026-09-10T14:12:49.178,1789029769.1790,5787,1565,20.06,3293,42.22
2026-09-10T14:12:49.178,1789029769.1790,5788,-178,-2.28,3293,42.22
2026-09-10T14:12:49.194,1789029769.1947,5789,-1741,-22.32,3306,42.38
2026-09-10T14:12:49.194,1789029769.1947,5790,-442,-5.67,3306,42.38
2026-09-10T14:12:49.210,1789029769.2103,5791,1695,21.73,3436,44.05
2026-09-10T14:12:49.210,1789029769.2103,5792,-436,-5.59,3436,44.05
2026-09-10T14:12:49.226,1789029769.2260,5793,-1702,-21.82,3397,43.55
2026-09-10T14:12:49.226,1789029769.2260,5794,-291,-3.73,3397,43.55
2026-09-10T14:12:49.235,1789029769.2355,5795,1778,22.79,3480,44.62
2026-09-10T14:12:49.241,1789029769.2419,5796,959,12.29,3480,44.62
2026-09-10T14:12:49.241,1789029769.2419,5797,-1622,-20.79,3400,43.59
2026-09-10T14:12:49.257,1789029769.2575,5798,-100,-1.28,3400,43.59
2026-09-10T14:12:49.257,1789029769.2575,5799,1805,23.14,3427,43.94
2026-09-10T14:12:49.267,1789029769.2680,5800,806,10.33,3427,43.94
2026-09-10T14:12:49.275,1789029769.2757,5801,-1530,-19.62,3335,42.76
2026-09-10T14:12:49.277,1789029769.2779,5802,84,1.08,3335,42.76
2026-09-10T14:12:49.280,1789029769.2806,5803,1868,23.95,3398,43.56
2026-09-10T14:12:49.283,1789029769.2833,5804,633,8.12,3398,43.56
2026-09-10T14:12:49.284,1789029769.2844,5805,-1262,-16.18,3130,40.13
2026-09-10T14:12:49.284,1789029769.2844,5806,301,3.86,3130,40.13
2026-09-10T14:12:49.288,1789029769.2889,5807,1840,23.59,3102,39.77
2026-09-10T14:12:49.288,1789029769.2889,5808,464,5.95,3102,39.77
2026-09-10T14:12:49.288,1789029769.2889,5809,-1461,-18.73,3301,42.32
2026-09-10T14:12:49.288,1789029769.2889,5810,565,7.24,3301,42.32
2026-09-10T14:12:49.304,1789029769.3050,5811,1799,23.06,3260,41.79
2026-09-10T14:12:49.304,1789029769.3050,5812,348,4.46,3260,41.79
2026-09-10T14:12:49.304,1789029769.3050,5813,-1578,-20.23,3377,43.29
2026-09-10T14:12:49.320,1789029769.3207,5814,-1047,-13.42,3377,43.29
2026-09-10T14:12:49.320,1789029769.3207,5815,1729,22.17,3307,42.4
2026-09-10T14:12:49.320,1789029769.3207,5816,211,2.71,3307,42.4
2026-09-10T14:12:49.320,1789029769.3207,5817,-1654,-21.21,3383,43.37
2026-09-10T14:12:49.336,1789029769.3363,5818,-880,-11.28,3383,43.37
2026-09-10T14:12:49.336,1789029769.3363,5819,1603,20.55,3257,41.76
2026-09-10T14:12:49.336,1789029769.3363,5820,97,1.24,3257,41.76
2026-09-10T14:12:49.351,1789029769.3520,5821,-1700,-21.79,3303,42.35
2026-09-10T14:12:49.351,1789029769.3520,5822,-713,-9.14,3303,42.35
2026-09-10T14:12:49.367,1789029769.3677,5823,1482,19.0,3182,40.79
2026-09-10T14:12:49.367,1789029769.3677,5824,-18,-0.23,3182,40.79
2026-09-10T14:12:49.367,1789029769.3677,5825,-1718,-22.03,3200,41.03
2026-09-10T14:12:49.384,1789029769.3842,5826,-539,-6.91,3200,41.03
2026-09-10T14:12:49.384,1789029769.3842,5827,1651,21.17,3369,43.19
2026-09-10T14:12:49.388,1789029769.3889,5828,-208,-2.67,3369,43.19
2026-09-10T14:12:49.388,1789029769.3889,5829,-1699,-21.78,3350,42.95
2026-09-10T14:12:49.399,1789029769.3993,5830,-389,-4.99,3350,42.95
2026-09-10T14:12:49.399,1789029769.3993,5831,1769,22.68,3468,44.46
2026-09-10T14:12:49.414,1789029769.4150,5832,1106,14.18,3468,44.46
2026-09-10T14:12:49.414,1789029769.4150,5833,-1649,-21.14,3418,43.82
2026-09-10T14:12:49.414,1789029769.4150,5834,-202,-2.59,3418,43.82
2026-09-10T14:12:49.414,1789029769.4150,5835,1815,23.27,3464,44.41
2026-09-10T14:12:49.414,1789029769.4150,5836,947,12.14,3464,44.41
2026-09-10T14:12:49.430,1789029769.4308,5837,-1557,-19.96,3372,43.23
2026-09-10T14:12:49.430,1789029769.4308,5838,-7,-0.09,3372,43.23
2026-09-10T14:12:49.446,1789029769.4468,5839,1857,23.81,3414,43.77
2026-09-10T14:12:49.446,1789029769.4468,5840,778,9.97,3414,43.77
2026-09-10T14:12:49.462,1789029769.4626,5841,-1441,-18.47,3298,42.28
2026-09-10T14:12:49.462,1789029769.4626,5842,173,2.22,3298,42.28
2026-09-10T14:12:49.462,1789029769.4626,5843,1872,24.0,3313,42.47
2026-09-10T14:12:49.478,1789029769.4783,5844,621,7.96,3313,42.47
2026-09-10T14:12:49.478,1789029769.4783,5845,-1294,-16.59,3166,40.59
2026-09-10T14:12:49.489,1789029769.4890,5846,400,5.13,3166,40.59
2026-09-10T14:12:49.494,1789029769.4949,5847,1863,23.88,3157,40.47
2026-09-10T14:12:49.494,1789029769.4949,5848,475,6.09,3157,40.47
2026-09-10T14:12:49.510,1789029769.5103,5849,-1458,-18.69,3321,42.58
2026-09-10T14:12:49.510,1789029769.5103,5850,700,8.97,3321,42.58
2026-09-10T14:12:49.527,1789029769.5277,5851,1789,22.94,3247,41.63
2026-09-10T14:12:49.529,1789029769.5297,5852,318,4.08,3247,41.63
2026-09-10T14:12:49.531,1789029769.5318,5853,-1587,-20.35,3376,43.28
2026-09-10T14:12:49.533,1789029769.5338,5854,-989,-12.68,3376,43.28
2026-09-10T14:12:49.537,1789029769.5375,5855,1691,21.68,3278,42.03
2026-09-10T14:12:49.537,1789029769.5375,5856,188,2.41,3278,42.03
2026-09-10T14:12:49.537,1789029769.5375,5857,-1672,-21.44,3363,43.12
2026-09-10T14:12:49.537,1789029769.5375,5858,-810,-10.38,3363,43.12
2026-09-10T14:12:49.537,1789029769.5375,5859,1568,20.1,3240,41.54
2026-09-10T14:12:49.552,1789029769.5526,5860,58,0.74,3240,41.54
2026-09-10T14:12:49.552,1789029769.5526,5861,-1702,-21.82,3270,41.92
2026-09-10T14:12:49.552,1789029769.5526,5862,-667,-8.55,3270,41.92
2026-09-10T14:12:49.568,1789029769.5689,5863,1515,19.42,3217,41.24
2026-09-10T14:12:49.574,1789029769.5740,5864,-108,-1.38,3217,41.24
2026-09-10T14:12:49.579,1789029769.5797,5865,-1728,-22.15,3243,41.58
2026-09-10T14:12:49.579,1789029769.5797,5866,-497,-6.37,3243,41.58
2026-09-10T14:12:49.584,1789029769.5841,5867,1681,21.55,3409,43.71
2026-09-10T14:12:49.588,1789029769.5890,5868,-310,-3.97,3409,43.71
2026-09-10T14:12:49.588,1789029769.5890,5869,-1673,-21.45,3354,43.0
2026-09-10T14:12:49.599,1789029769.5998,5870,-302,-3.87,3354,43.0
2026-09-10T14:12:49.599,1789029769.5998,5871,1787,22.91,3460,44.36
2026-09-10T14:12:49.615,1789029769.6155,5872,1020,13.08,3460,44.36
2026-09-10T14:12:49.615,1789029769.6155,5873,-1634,-20.95,3421,43.86
2026-09-10T14:12:49.615,1789029769.6155,5874,-160,-2.05,3421,43.86
2026-09-10T14:12:49.631,1789029769.6312,5875,1841,23.6,3475,44.55
2026-09-10T14:12:49.631,1789029769.6312,5876,882,11.31,3475,44.55
2026-09-10T14:12:49.631,1789029769.6312,5877,-1498,-19.21,3339,42.81
2026-09-10T14:12:49.631,1789029769.6312,5878,32,0.41,3339,42.81
2026-09-10T14:12:49.647,1789029769.6470,5879,1880,24.1,3378,43.31
2026-09-10T14:12:49.647,1789029769.6470,5880,860,11.03,3378,43.31
2026-09-10T14:12:49.647,1789029769.6470,5881,-2480,-31.79,4360,55.9
2026-09-10T14:12:49.662,1789029769.6628,5882,42,0.54,4360,55.9
2026-09-10T14:12:49.662,1789029769.6628,5883,3029,38.83,5509,70.63
2026-09-10T14:12:49.662,1789029769.6628,5884,1066,13.67,5509,70.63
2026-09-10T14:12:49.662,1789029769.6628,5885,-2187,-28.04,5216,66.87
2026-09-10T14:12:49.662,1789029769.6628,5886,575,7.37,5216,66.87
2026-09-10T14:12:49.681,1789029769.6817,5887,3181,40.78,5368,68.82
2026-09-10T14:12:49.687,1789029769.6876,5888,904,11.59,5368,68.82
2026-09-10T14:12:49.690,1789029769.6909,5889,-2455,-31.47,5636,72.26
2026-09-10T14:12:49.694,1789029769.6943,5890,1134,14.54,5636,72.26
2026-09-10T14:12:49.709,1789029769.7100,5891,3126,40.08,5581,71.55
2026-09-10T14:12:49.709,1789029769.7100,5892,714,9.15,5581,71.55
2026-09-10T14:12:49.709,1789029769.7100,5893,-2637,-33.81,5763,73.88
2026-09-10T14:12:49.725,1789029769.7257,5894,-1779,-22.81,5763,73.88
2026-09-10T14:12:49.725,1789029769.7257,5895,2950,37.82,5587,71.63
2026-09-10T14:12:49.725,1789029769.7257,5896,466,5.97,5587,71.63
2026-09-10T14:12:49.741,1789029769.7414,5897,-2748,-35.23,5698,73.05
2026-09-10T14:12:49.741,1789029769.7414,5898,-1497,-19.19,5698,73.05
2026-09-10T14:12:49.741,1789029769.7414,5899,2652,34.0,5400,69.23
2026-09-10T14:12:49.741,1789029769.7414,5900,258,3.31,5400,69.23
2026-09-10T14:12:49.757,1789029769.7572,5901,-2751,-35.27,5403,69.27
2026-09-10T14:12:49.772,1789029769.7728,5902,-1160,-14.87,5403,69.27
2026-09-10T14:12:49.772,1789029769.7728,5903,2372,30.41,5123,65.68
2026-09-10T14:12:49.772,1789029769.7728,5904,-49,-0.63,5123,65.68
2026-09-10T14:12:49.772,1789029769.7728,5905,-2489,-31.91,4861,62.32
2026-09-10T14:12:49.772,1789029769.7728,5906,-780,-10.0,4861,62.32
2026-09-10T14:12:49.788,1789029769.7886,5907,2316,29.69,4805,61.6
2026-09-10T14:12:49.789,1789029769.7892,5908,-428,-5.49,4805,61.6
2026-09-10T14:12:49.789,1789029769.7892,5909,-2142,-27.46,4458,57.15
2026-09-10T14:12:49.789,1789029769.7892,5910,-430,-5.51,4458,57.15
2026-09-10T14:12:49.804,1789029769.8046,5911,2060,26.41,4202,53.87
2026-09-10T14:12:49.804,1789029769.8046,5912,1108,14.21,4202,53.87
2026-09-10T14:12:49.804,1789029769.8046,5913,-1825,-23.4,3885,49.81
2026-09-10T14:12:49.820,1789029769.8203,5914,-230,-2.95,3885,49.81
2026-09-10T14:12:49.820,1789029769.8203,5915,1775,22.76,3600,46.15
2026-09-10T14:12:49.820,1789029769.8203,5916,720,9.23,3600,46.15
2026-09-10T14:12:49.820,1789029769.8203,5917,-1639,-21.01,3414,43.77
2026-09-10T14:12:49.835,1789029769.8359,5918,-64,-0.82,3414,43.77
2026-09-10T14:12:49.835,1789029769.8359,5919,1748,22.41,3387,43.42
2026-09-10T14:12:49.835,1789029769.8359,5920,549,7.04,3387,43.42
2026-09-10T14:12:49.851,1789029769.8516,5921,-1484,-19.03,3232,41.44
2026-09-10T14:12:49.851,1789029769.8516,5922,130,1.67,3232,41.44
2026-09-10T14:12:49.870,1789029769.8704,5923,1721,22.06,3205,41.09
2026-09-10T14:12:49.870,1789029769.8704,5924,387,4.96,3205,41.09
2026-09-10T14:12:49.870,1789029769.8704,5925,-1527,-19.58,3248,41.64
2026-09-10T14:12:49.883,1789029769.8832,5926,424,5.44,3248,41.64
2026-09-10T14:12:49.889,1789029769.8892,5927,1719,22.04,3246,41.62
2026-09-10T14:12:49.892,1789029769.8922,5928,264,3.38,3246,41.62
2026-09-10T14:12:49.892,1789029769.8922,5929,-1641,-21.04,3360,43.08
2026-09-10T14:12:49.899,1789029769.8996,5930,782,10.03,3360,43.08
2026-09-10T14:12:49.899,1789029769.8996,5931,1607,20.6,3248,41.64
2026-09-10T14:12:49.899,1789029769.8996,5932,129,1.65,3248,41.64
2026-09-10T14:12:49.914,1789029769.9147,5933,-1728,-22.15,3335,42.76
2026-09-10T14:12:49.914,1789029769.9147,5934,-989,-12.68,3335,42.76
2026-09-10T14:12:49.924,1789029769.9249,5935,1511,19.37,3239,41.53
2026-09-10T14:12:49.924,1789029769.9249,5936,17,0.22,3239,41.53
2026-09-10T14:12:49.930,1789029769.9305,5937,-1775,-22.76,3286,42.13
2026-09-10T14:12:49.930,1789029769.9305,5938,-821,-10.53,3286,42.13
2026-09-10T14:12:49.946,1789029769.9462,5939,1361,17.45,3136,40.21
2026-09-10T14:12:49.946,1789029769.9462,5940,-112,-1.44,3136,40.21
2026-09-10T14:12:49.961,1789029769.9619,5941,-1787,-22.91,3148,40.36
2026-09-10T14:12:49.961,1789029769.9619,5942,-644,-8.26,3148,40.36
2026-09-10T14:12:49.974,1789029769.9750,5943,1518,19.46,3305,42.37
2026-09-10T14:12:49.977,1789029769.9777,5944,-317,-4.06,3305,42.37
2026-09-10T14:12:49.989,1789029769.9892,5945,-1767,-22.65,3285,42.12
2026-09-10T14:12:49.993,1789029769.9935,5946,-496,-6.36,3285,42.12
2026-09-10T14:12:50.009,1789029770.0093,5947,1650,21.15,3417,43.81
2026-09-10T14:12:50.010,1789029770.0107,5948,-537,-6.88,3417,43.81
2026-09-10T14:12:50.010,1789029770.0107,5949,-1711,-21.94,3361,43.09
2026-09-10T14:12:50.010,1789029770.0107,5950,-304,-3.9,3361,43.09
2026-09-10T14:12:50.024,1789029770.0250,5951,1713,21.96,3424,43.9
2026-09-10T14:12:50.024,1789029770.0250,5952,846,10.85,3424,43.9
2026-09-10T14:12:50.024,1789029770.0250,5953,-1606,-20.59,3319,42.55
2026-09-10T14:12:50.024,1789029770.0250,5954,-103,-1.32,3319,42.55
2026-09-10T14:12:50.024,1789029770.0250,5955,1769,22.68,3375,43.27
2026-09-10T14:12:50.040,1789029770.0408,5956,698,8.95,3375,43.27
2026-09-10T14:12:50.040,1789029770.0408,5957,-1496,-19.18,3265,41.86
2026-09-10T14:12:50.040,1789029770.0408,5958,81,1.04,3265,41.86
2026-09-10T14:12:50.040,1789029770.0408,5959,1789,22.94,3285,42.12
2026-09-10T14:12:50.056,1789029770.0565,5960,574,7.36,3285,42.12
2026-09-10T14:12:50.056,1789029770.0565,5961,-1343,-17.22,3132,40.15
2026-09-10T14:12:50.056,1789029770.0565,5962,310,3.97,3132,40.15
2026-09-10T14:12:50.072,1789029770.0729,5963,1781,22.83,3124,40.05
2026-09-10T14:12:50.075,1789029770.0750,5964,410,5.26,3124,40.05
2026-09-10T14:12:50.077,1789029770.0772,5965,-1507,-19.32,3288,42.15
2026-09-10T14:12:50.080,1789029770.0810,5966,603,7.73,3288,42.15
2026-09-10T14:12:50.083,1789029770.0837,5967,1729,22.17,3236,41.49
2026-09-10T14:12:50.089,1789029770.0892,5968,286,3.67,3236,41.49
2026-09-10T14:12:50.089,1789029770.0892,5969,-1599,-20.5,3328,42.67
2026-09-10T14:12:50.089,1789029770.0892,5970,939,12.04,3328,42.67
2026-09-10T14:12:50.103,1789029770.1039,5971,1671,21.42,3270,41.92
2026-09-10T14:12:50.119,1789029770.1196,5972,173,2.22,3270,41.92
2026-09-10T14:12:50.119,1789029770.1196,5973,-1668,-21.38,3339,42.81
2026-09-10T14:12:50.119,1789029770.1196,5974,-861,-11.04,3339,42.81
2026-09-10T14:12:50.119,1789029770.1196,5975,1549,19.86,3217,41.24
2026-09-10T14:12:50.119,1789029770.1196,5976,59,0.76,3217,41.24
2026-09-10T14:12:50.135,1789029770.1356,5977,-1709,-21.91,3258,41.77
2026-09-10T14:12:50.135,1789029770.1356,5978,-702,-9.0,3258,41.77
2026-09-10T14:12:50.135,1789029770.1356,5979,1375,17.63,3084,39.54
2026-09-10T14:12:50.135,1789029770.1356,5980,-107,-1.37,3084,39.54
2026-09-10T14:12:50.151,1789029770.1514,5981,-1726,-22.13,3101,39.76
2026-09-10T14:12:50.151,1789029770.1514,5982,-536,-6.87,3101,39.76
2026-09-10T14:12:50.167,1789029770.1672,5983,1611,20.65,3337,42.78
2026-09-10T14:12:50.167,1789029770.1672,5984,-336,-4.31,3337,42.78
2026-09-10T14:12:50.167,1789029770.1672,5985,-1703,-21.83,3314,42.49
2026-09-10T14:12:50.167,1789029770.1672,5986,-372,-4.77,3314,42.49
2026-09-10T14:12:50.167,1789029770.1672,5987,1709,21.91,3412,43.74
2026-09-10T14:12:50.182,1789029770.1828,5988,-597,-7.65,3412,43.74
2026-09-10T14:12:50.198,1789029770.1985,5989,-1655,-21.22,3364,43.13
2026-09-10T14:12:50.198,1789029770.1985,5990,-225,-2.88,3364,43.13
2026-09-10T14:12:50.214,1789029770.2142,5991,1768,22.67,3423,43.88
2026-09-10T14:12:50.214,1789029770.2142,5992,837,10.73,3423,43.88
2026-09-10T14:12:50.230,1789029770.2302,5993,-1551,-19.88,3319,42.55
2026-09-10T14:12:50.230,1789029770.2302,5994,-20,-0.26,3319,42.55
2026-09-10T14:12:50.230,1789029770.2302,5995,1824,23.38,3375,43.27
2026-09-10T14:12:50.245,1789029770.2459,5996,684,8.77,3375,43.27
2026-09-10T14:12:50.256,1789029770.2562,5997,-1438,-18.44,3262,41.82
2026-09-10T14:12:50.256,1789029770.2562,5998,160,2.05,3262,41.82
2026-09-10T14:12:50.261,1789029770.2617,5999,1815,23.27,3253,41.71
2026-09-10T14:12:50.261,1789029770.2617,6000,532,6.82,3253,41.71
2026-09-10T14:12:50.261,1789029770.2617,6001,-1374,-17.62,3189,40.88
2026-09-10T14:12:50.277,1789029770.2773,6002,433,5.55,3189,40.88
2026-09-10T14:12:50.277,1789029770.2773,6003,1779,22.81,3153,40.42
2026-09-10T14:12:50.277,1789029770.2773,6004,392,5.03,3153,40.42
2026-09-10T14:12:50.277,1789029770.2773,6005,-1542,-19.77,3321,42.58
2026-09-10T14:12:50.277,1789029770.2773,6006,681,8.73,3321,42.58
2026-09-10T14:12:50.289,1789029770.2891,6007,1702,21.82,3244,41.59
2026-09-10T14:12:50.293,1789029770.2931,6008,228,2.92,3244,41.59
2026-09-10T14:12:50.293,1789029770.2931,6009,-1645,-21.09,3347,42.91
2026-09-10T14:12:50.293,1789029770.2931,6010,1013,12.99,3347,42.91
2026-09-10T14:12:50.308,1789029770.3089,6011,1613,20.68,3258,41.77
2026-09-10T14:12:50.308,1789029770.3089,6012,107,1.37,3258,41.77
2026-09-10T14:12:50.308,1789029770.3089,6013,-1706,-21.87,3319,42.55
2026-09-10T14:12:50.308,1789029770.3089,6014,-831,-10.65,3319,42.55
2026-09-10T14:12:50.324,1789029770.3247,6015,1459,18.71,3165,40.58
2026-09-10T14:12:50.324,1789029770.3247,6016,-7,-0.09,3165,40.58
2026-09-10T14:12:50.324,1789029770.3247,6017,-1715,-21.99,3174,40.69
2026-09-10T14:12:50.340,1789029770.3406,6018,-652,-8.36,3174,40.69
2026-09-10T14:12:50.340,1789029770.3406,6019,1305,16.73,3020,38.72
2026-09-10T14:12:50.340,1789029770.3406,6020,-160,-2.05,3020,38.72
2026-09-10T14:12:50.356,1789029770.3563,6021,-1720,-22.05,3025,38.78
2026-09-10T14:12:50.356,1789029770.3563,6022,-509,-6.53,3025,38.78
2026-09-10T14:12:50.371,1789029770.3720,6023,1641,21.04,3361,43.09
2026-09-10T14:12:50.371,1789029770.3720,6024,-382,-4.9,3361,43.09
2026-09-10T14:12:50.371,1789029770.3720,6025,-1688,-21.64,3329,42.68
2026-09-10T14:12:50.382,1789029770.3825,6026,-330,-4.23,3329,42.68
2026-09-10T14:12:50.387,1789029770.3876,6027,1731,22.19,3419,43.83
2026-09-10T14:12:50.389,1789029770.3892,6028,-675,-8.65,3419,43.83
2026-09-10T14:12:50.389,1789029770.3892,6029,-1628,-20.87,3359,43.06
2026-09-10T14:12:50.389,1789029770.3892,6030,-162,-2.08,3359,43.06
2026-09-10T14:12:50.403,1789029770.4034,6031,1767,22.65,3395,43.53
2026-09-10T14:12:50.403,1789029770.4034,6032,780,10.0,3395,43.53
2026-09-10T14:12:50.403,1789029770.4034,6033,-1520,-19.49,3287,42.14
2026-09-10T14:12:50.419,1789029770.4192,6034,10,0.13,3287,42.14
2026-09-10T14:12:50.419,1789029770.4192,6035,1802,23.1,3322,42.59
2026-09-10T14:12:50.419,1789029770.4192,6036,631,8.09,3322,42.59
2026-09-10T14:12:50.419,1789029770.4192,6037,-1378,-17.67,3180,40.77
2026-09-10T14:12:50.434,1789029770.4348,6038,255,3.27,3180,40.77
2026-09-10T14:12:50.450,1789029770.4505,6039,1818,23.31,3196,40.97
2026-09-10T14:12:50.450,1789029770.4505,6040,479,6.14,3196,40.97
2026-09-10T14:12:50.470,1789029770.4705,6041,-1455,-18.65,3273,41.96
2026-09-10T14:12:50.478,1789029770.4781,6042,500,6.41,3273,41.96
2026-09-10T14:12:50.482,1789029770.4821,6043,1754,22.49,3209,41.14
2026-09-10T14:12:50.489,1789029770.4893,6044,343,4.4,3209,41.14
2026-09-10T14:12:50.489,1789029770.4893,6045,-1547,-19.83,3301,42.32
2026-09-10T14:12:50.497,1789029770.4978,6046,828,10.62,3301,42.32
2026-09-10T14:12:50.497,1789029770.4978,6047,1668,21.38,3215,41.22
2026-09-10T14:12:50.513,1789029770.5134,6048,194,2.49,3215,41.22
2026-09-10T14:12:50.513,1789029770.5134,6049,-1675,-21.47,3343,42.86
2026-09-10T14:12:50.513,1789029770.5134,6050,1103,14.14,3343,42.86
2026-09-10T14:12:50.513,1789029770.5134,6051,1539,19.73,3214,41.21
2026-09-10T14:12:50.529,1789029770.5291,6052,53,0.68,3214,41.21
2026-09-10T14:12:50.529,1789029770.5291,6053,-1735,-22.24,3274,41.97
2026-09-10T14:12:50.529,1789029770.5291,6054,-796,-10.21,3274,41.97
2026-09-10T14:12:50.529,1789029770.5291,6055,1386,17.77,3121,40.01
2026-09-10T14:12:50.529,1789029770.5291,6056,-60,-0.77,3121,40.01
2026-09-10T14:12:50.545,1789029770.5452,6057,-1760,-22.56,3146,40.33
2026-09-10T14:12:50.545,1789029770.5452,6058,-617,-7.91,3146,40.33
2026-09-10T14:12:50.545,1789029770.5452,6059,1216,15.59,2976,38.15
2026-09-10T14:12:50.545,1789029770.5452,6060,-241,-3.09,2976,38.15
2026-09-10T14:12:50.560,1789029770.5609,6061,-1728,-22.15,2944,37.74
2026-09-10T14:12:50.560,1789029770.5609,6062,-454,-5.82,2944,37.74
2026-09-10T14:12:50.560,1789029770.5609,6063,1672,21.44,3400,43.59
2026-09-10T14:12:50.560,1789029770.5609,6064,-494,-6.33,3400,43.59
2026-09-10T14:12:50.576,1789029770.5766,6065,-1668,-21.38,3340,42.82
2026-09-10T14:12:50.576,1789029770.5766,6066,-282,-3.62,3340,42.82
2026-09-10T14:12:50.576,1789029770.5766,6067,1739,22.29,3407,43.68
2026-09-10T14:12:50.589,1789029770.5893,6068,-771,-9.88,3407,43.68
2026-09-10T14:12:50.592,1789029770.5923,6069,-1592,-20.41,3331,42.71
2026-09-10T14:12:50.592,1789029770.5923,6070,-74,-0.95,3331,42.71
2026-09-10T14:12:50.607,1789029770.6080,6071,1790,22.95,3382,43.36
2026-09-10T14:12:50.607,1789029770.6080,6072,731,9.37,3382,43.36
2026-09-10T14:12:50.607,1789029770.6080,6073,-1463,-18.76,3253,41.71
2026-09-10T14:12:50.623,1789029770.6237,6074,106,1.36,3253,41.71
2026-09-10T14:12:50.623,1789029770.6237,6075,1814,23.26,3277,42.01
2026-09-10T14:12:50.623,1789029770.6237,6076,619,7.94,3277,42.01
2026-09-10T14:12:50.639,1789029770.6394,6077,-1330,-17.05,3144,40.31
2026-09-10T14:12:50.639,1789029770.6394,6078,339,4.35,3144,40.31
2026-09-10T14:12:50.639,1789029770.6394,6079,1813,23.24,3143,40.29
2026-09-10T14:12:50.639,1789029770.6394,6080,474,6.08,3143,40.29
2026-09-10T14:12:50.655,1789029770.6551,6081,-1475,-18.91,3288,42.15
2026-09-10T14:12:50.655,1789029770.6551,6082,588,7.54,3288,42.15
2026-09-10T14:12:50.655,1789029770.6551,6083,2965,38.01,4440,56.92
2026-09-10T14:12:50.655,1789029770.6551,6084,526,6.74,4440,56.92
2026-09-10T14:12:50.670,1789029770.6708,6085,-3104,-39.79,6069,77.81
2026-09-10T14:12:50.670,1789029770.6708,6086,1181,15.14,6069,77.81
2026-09-10T14:12:50.670,1789029770.6708,6087,3049,39.09,6153,78.88
2026-09-10T14:12:50.670,1789029770.6708,6088,409,5.24,6153,78.88
2026-09-10T14:12:50.689,1789029770.6894,6089,-3305,-42.37,6354,81.46
2026-09-10T14:12:50.702,1789029770.7023,6090,1897,24.32,6354,81.46
2026-09-10T14:12:50.702,1789029770.7023,6091,2965,38.01,6270,80.38
2026-09-10T14:12:50.722,1789029770.7224,6092,206,2.64,6270,80.38
2026-09-10T14:12:50.722,1789029770.7224,6093,-3423,-43.88,6388,81.9
2026-09-10T14:12:50.722,1789029770.7224,6094,-1838,-23.56,6388,81.9
2026-09-10T14:12:50.734,1789029770.7341,6095,2740,35.13,6163,79.01
2026-09-10T14:12:50.734,1789029770.7341,6096,9,0.12,6163,79.01
2026-09-10T14:12:50.749,1789029770.7498,6097,-3479,-44.6,6219,79.73
2026-09-10T14:12:50.749,1789029770.7498,6098,-1521,-19.5,6219,79.73
2026-09-10T14:12:50.749,1789029770.7498,6099,2490,31.92,5969,76.53
2026-09-10T14:12:50.765,1789029770.7654,6100,-356,-4.56,5969,76.53
2026-09-10T14:12:50.765,1789029770.7654,6101,-3415,-43.78,5905,75.71
2026-09-10T14:12:50.765,1789029770.7654,6102,-1161,-14.88,5905,75.71
2026-09-10T14:12:50.765,1789029770.7654,6103,3059,39.22,6474,83.0
2026-09-10T14:12:50.765,1789029770.7654,6104,-869,-11.14,6474,83.0
2026-09-10T14:12:50.781,1789029770.7811,6105,-3370,-43.21,6429,82.42
2026-09-10T14:12:50.781,1789029770.7811,6106,-833,-10.68,6429,82.42
2026-09-10T14:12:50.781,1789029770.7811,6107,3199,41.01,6569,84.22
2026-09-10T14:12:50.789,1789029770.7895,6108,-1413,-18.12,6569,84.22
2026-09-10T14:12:50.789,1789029770.7895,6109,-3084,-39.54,6283,80.55
2026-09-10T14:12:50.796,1789029770.7969,6110,-444,-5.69,6283,80.55
2026-09-10T14:12:50.796,1789029770.7969,6111,3238,41.51,6322,81.05
2026-09-10T14:12:50.796,1789029770.7969,6112,1506,19.31,6322,81.05
2026-09-10T14:12:50.812,1789029770.8126,6113,-2741,-35.14,5979,76.65
2026-09-10T14:12:50.812,1789029770.8126,6114,-58,-0.74,5979,76.65
2026-09-10T14:12:50.812,1789029770.8126,6115,3066,39.31,5807,74.45
2026-09-10T14:12:50.828,1789029770.8283,6116,1122,14.38,5807,74.45
2026-09-10T14:12:50.828,1789029770.8283,6117,-2278,-29.21,5344,68.51
2026-09-10T14:12:50.828,1789029770.8283,6118,383,4.91,5344,68.51
2026-09-10T14:12:50.843,1789029770.8439,6119,2677,34.32,4955,63.53
2026-09-10T14:12:50.843,1789029770.8439,6120,687,8.81,4955,63.53
2026-09-10T14:12:50.866,1789029770.8665,6121,-2096,-26.87,4773,61.19
2026-09-10T14:12:50.868,1789029770.8687,6122,459,5.88,4773,61.19
2026-09-10T14:12:50.871,1789029770.8714,6123,1541,19.76,3637,46.63
2026-09-10T14:12:50.875,1789029770.8753,6124,-41,-0.53,3637,46.63
2026-09-10T14:12:50.875,1789029770.8753,6125,-2005,-25.71,3546,45.46
2026-09-10T14:12:50.892,1789029770.8924,6126,688,8.82,3546,45.46
2026-09-10T14:12:50.892,1789029770.8924,6127,1365,17.5,3370,43.21
2026-09-10T14:12:50.892,1789029770.8924,6128,-132,-1.69,3370,43.21
2026-09-10T14:12:50.892,1789029770.8924,6129,-1971,-25.27,3336,42.77
2026-09-10T14:12:50.907,1789029770.9077,6130,1053,13.5,3336,42.77
2026-09-10T14:12:50.907,1789029770.9077,6131,1257,16.12,3228,41.38
2026-09-10T14:12:50.907,1789029770.9077,6132,-192,-2.46,3228,41.38
2026-09-10T14:12:50.907,1789029770.9077,6133,-1956,-25.08,3213,41.19
2026-09-10T14:12:50.907,1789029770.9077,6134,-912,-11.69,3213,41.19
2026-09-10T14:12:50.923,1789029770.9233,6135,1146,14.69,3102,39.77
2026-09-10T14:12:50.925,1789029770.9254,6136,-310,-3.97,3102,39.77
2026-09-10T14:12:50.930,1789029770.9306,6137,-1905,-24.42,3051,39.12
2026-09-10T14:12:50.938,1789029770.9386,6138,-689,-8.83,3051,39.12
2026-09-10T14:12:50.938,1789029770.9386,6139,1004,12.87,2909,37.29
2026-09-10T14:12:50.954,1789029770.9543,6140,-524,-6.72,2909,37.29
2026-09-10T14:12:50.958,1789029770.9582,6141,-1854,-23.77,2858,36.64
2026-09-10T14:12:50.958,1789029770.9582,6142,-471,-6.04,2858,36.64
2026-09-10T14:12:50.970,1789029770.9700,6143,1583,20.29,3437,44.06
2026-09-10T14:12:50.970,1789029770.9700,6144,-787,-10.09,3437,44.06
2026-09-10T14:12:50.985,1789029770.9858,6145,-1756,-22.51,3339,42.81
2026-09-10T14:12:50.989,1789029770.9896,6146,-289,-3.71,3339,42.81
2026-09-10T14:12:51.001,1789029771.0014,6147,1692,21.69,3448,44.21
2026-09-10T14:12:51.001,1789029771.0014,6148,-1037,-13.29,3448,44.21
2026-09-10T14:12:51.001,1789029771.0014,6149,-1633,-20.94,3325,42.63
2026-09-10T14:12:51.018,1789029771.0184,6150,-55,-0.71,3325,42.63
2026-09-10T14:12:51.018,1789029771.0184,6151,1714,21.97,3347,42.91
2026-09-10T14:12:51.018,1789029771.0184,6152,555,7.12,3347,42.91
2026-09-10T14:12:51.018,1789029771.0184,6153,-1474,-18.9,3188,40.87
2026-09-10T14:12:51.018,1789029771.0184,6154,132,1.69,3188,40.87
2026-09-10T14:12:51.018,1789029771.0184,6155,1747,22.4,3221,41.29
2026-09-10T14:12:51.032,1789029771.0329,6156,424,5.44,3221,41.29
2026-09-10T14:12:51.032,1789029771.0329,6157,-1308,-16.77,3055,39.17
2026-09-10T14:12:51.032,1789029771.0329,6158,409,5.24,3055,39.17
2026-09-10T14:12:51.032,1789029771.0329,6159,1732,22.21,3040,38.97
2026-09-10T14:12:51.048,1789029771.0487,6160,297,3.81,3040,38.97
2026-09-10T14:12:51.048,1789029771.0487,6161,-1632,-20.92,3364,43.13
2026-09-10T14:12:51.048,1789029771.0487,6162,735,9.42,3364,43.13
2026-09-10T14:12:51.064,1789029771.0643,6163,1676,21.49,3308,42.41
2026-09-10T14:12:51.064,1789029771.0643,6164,190,2.44,3308,42.41
2026-09-10T14:12:51.064,1789029771.0643,6165,-1707,-21.88,3383,43.37
2026-09-10T14:12:51.064,1789029771.0643,6166,1059,13.58,3383,43.37
2026-09-10T14:12:51.088,1789029771.0883,6167,1587,20.35,3294,42.23
2026-09-10T14:12:51.091,1789029771.0918,6168,97,1.24,3294,42.23
2026-09-10T14:12:51.093,1789029771.0938,6169,-1723,-22.09,3310,42.44
2026-09-10T14:12:51.095,1789029771.0958,6170,1362,17.46,3310,42.44
2026-09-10T14:12:51.097,1789029771.0978,6171,1437,18.42,3160,40.51
2026-09-10T14:12:51.111,1789029771.1115,6172,-32,-0.41,3160,40.51
2026-09-10T14:12:51.111,1789029771.1115,6173,-1736,-22.26,3173,40.68
2026-09-10T14:12:51.127,1789029771.1272,6174,-626,-8.03,3173,40.68
2026-09-10T14:12:51.127,1789029771.1272,6175,1287,16.5,3023,38.76
2026-09-10T14:12:51.127,1789029771.1272,6176,-226,-2.9,3023,38.76
2026-09-10T14:12:51.127,1789029771.1272,6177,-1713,-21.96,3000,38.46
2026-09-10T14:12:51.142,1789029771.1430,6178,-451,-5.78,3000,38.46
2026-09-10T14:12:51.142,1789029771.1430,6179,1092,14.0,2805,35.96
2026-09-10T14:12:51.142,1789029771.1430,6180,-420,-5.38,2805,35.96
2026-09-10T14:12:51.158,1789029771.1587,6181,-1686,-21.62,2778,35.62
2026-09-10T14:12:51.158,1789029771.1587,6182,-272,-3.49,2778,35.62
2026-09-10T14:12:51.158,1789029771.1587,6183,1749,22.42,3435,44.04
2026-09-10T14:12:51.158,1789029771.1587,6184,-717,-9.19,3435,44.04
2026-09-10T14:12:51.174,1789029771.1744,6185,-1594,-20.44,3343,42.86
2026-09-10T14:12:51.174,1789029771.1744,6186,-96,-1.23,3343,42.86
2026-09-10T14:12:51.174,1789029771.1744,6187,1800,23.08,3394,43.51
2026-09-10T14:12:51.189,1789029771.1899,6188,-1034,-13.26,3394,43.51
2026-09-10T14:12:51.189,1789029771.1899,6189,-1482,-19.0,3282,42.08
2026-09-10T14:12:51.205,1789029771.2055,6190,84,1.08,3282,42.08
2026-09-10T14:12:51.205,1789029771.2055,6191,1812,23.23,3294,42.23
2026-09-10T14:12:51.221,1789029771.2212,6192,597,7.65,3294,42.23
2026-09-10T14:12:51.221,1789029771.2212,6193,-1352,-17.33,3164,40.56
2026-09-10T14:12:51.236,1789029771.2363,6194,273,3.5,3164,40.56
2026-09-10T14:12:51.236,1789029771.2363,6195,1824,23.38,3176,40.72
2026-09-10T14:12:51.253,1789029771.2530,6196,453,5.81,3176,40.72
2026-09-10T14:12:51.255,1789029771.2557,6197,-1195,-15.32,3019,38.71
2026-09-10T14:12:51.260,1789029771.2606,6198,557,7.14,3019,38.71
2026-09-10T14:12:51.263,1789029771.2638,6199,1767,22.65,2962,37.97
2026-09-10T14:12:51.267,1789029771.2677,6200,304,3.9,2962,37.97
2026-09-10T14:12:51.267,1789029771.2677,6201,-1617,-20.73,3384,43.38
2026-09-10T14:12:51.267,1789029771.2677,6202,862,11.05,3384,43.38
2026-09-10T14:12:51.267,1789029771.2677,6203,1678,21.51,3295,42.24
2026-09-10T14:12:51.267,1789029771.2677,6204,188,2.41,3295,42.24
2026-09-10T14:12:51.267,1789029771.2677,6205,-1669,-21.4,3347,42.91
2026-09-10T14:12:51.283,1789029771.2833,6206,1205,15.45,3347,42.91
2026-09-10T14:12:51.290,1789029771.2902,6207,1544,19.79,3213,41.19
2026-09-10T14:12:51.290,1789029771.2902,6208,58,0.74,3213,41.19
2026-09-10T14:12:51.290,1789029771.2902,6209,-1730,-22.18,3274,41.97
2026-09-10T14:12:51.290,1789029771.2902,6210,-759,-9.73,3274,41.97
2026-09-10T14:12:51.299,1789029771.2991,6211,1386,17.77,3116,39.95
2026-09-10T14:12:51.299,1789029771.2991,6212,-71,-0.91,3116,39.95
2026-09-10T14:12:51.314,1789029771.3148,6213,-1735,-22.24,3121,40.01
2026-09-10T14:12:51.314,1789029771.3148,6214,-556,-7.13,3121,40.01
2026-09-10T14:12:51.314,1789029771.3148,6215,1220,15.64,2955,37.88
2026-09-10T14:12:51.314,1789029771.3148,6216,-273,-3.5,2955,37.88
2026-09-10T14:12:51.330,1789029771.3304,6217,-1712,-21.95,2932,37.59
2026-09-10T14:12:51.330,1789029771.3304,6218,-413,-5.29,2932,37.59
2026-09-10T14:12:51.330,1789029771.3304,6219,1077,13.81,2789,35.76
2026-09-10T14:12:51.346,1789029771.3461,6220,-531,-6.81,2789,35.76
2026-09-10T14:12:51.361,1789029771.3617,6221,-1653,-21.19,2730,35.0
2026-09-10T14:12:51.361,1789029771.3617,6222,-246,-3.15,2730,35.0
2026-09-10T14:12:51.361,1789029771.3617,6223,1775,22.76,3428,43.95
2026-09-10T14:12:51.361,1789029771.3617,6224,-844,-10.82,3428,43.95
2026-09-10T14:12:51.377,1789029771.3776,6225,-1576,-20.21,3351,42.96
2026-09-10T14:12:51.382,1789029771.3824,6226,-62,-0.79,3351,42.96
2026-09-10T14:12:51.382,1789029771.3824,6227,1790,22.95,3366,43.15
2026-09-10T14:12:51.382,1789029771.3824,6228,-1132,-14.51,3366,43.15
2026-09-10T14:12:51.393,1789029771.3934,6229,-1463,-18.76,3253,41.71
2026-09-10T14:12:51.393,1789029771.3940,6230,122,1.56,3253,41.71
2026-09-10T14:12:51.393,1789029771.3940,6231,1806,23.15,3269,41.91
2026-09-10T14:12:51.393,1789029771.3940,6232,559,7.17,3269,41.91
2026-09-10T14:12:51.409,1789029771.4091,6233,-1310,-16.79,3116,39.95
2026-09-10T14:12:51.409,1789029771.4091,6234,331,4.24,3116,39.95
2026-09-10T14:12:51.409,1789029771.4091,6235,1790,22.95,3100,39.74
2026-09-10T14:12:51.424,1789029771.4248,6236,407,5.22,3100,39.74
2026-09-10T14:12:51.440,1789029771.4406,6237,-1161,-14.88,2951,37.83
2026-09-10T14:12:51.440,1789029771.4406,6238,636,8.15,2951,37.83
2026-09-10T14:12:51.440,1789029771.4406,6239,1737,22.27,2898,37.15
2026-09-10T14:12:51.440,1789029771.4406,6240,275,3.53,2898,37.15
2026-09-10T14:12:51.456,1789029771.4563,6241,-1611,-20.65,3348,42.92
2026-09-10T14:12:51.471,1789029771.4720,6242,968,12.41,3348,42.92
2026-09-10T14:12:51.471,1789029771.4720,6243,1636,20.97,3247,41.63
2026-09-10T14:12:51.471,1789029771.4720,6244,145,1.86,3247,41.63
2026-09-10T14:12:51.496,1789029771.4965,6245,-1695,-21.73,3331,42.71
2026-09-10T14:12:51.496,1789029771.4965,6246,1267,16.24,3331,42.71
2026-09-10T14:12:51.503,1789029771.5034,6247,1506,19.31,3201,41.04
2026-09-10T14:12:51.503,1789029771.5034,6248,24,0.31,3201,41.04
2026-09-10T14:12:51.503,1789029771.5034,6249,-1712,-21.95,3218,41.26
2026-09-10T14:12:51.503,1789029771.5034,6250,-689,-8.83,3218,41.26
2026-09-10T14:12:51.519,1789029771.5192,6251,1351,17.32,3063,39.27
2026-09-10T14:12:51.519,1789029771.5192,6252,-130,-1.67,3063,39.27
2026-09-10T14:12:51.519,1789029771.5192,6253,-1729,-22.17,3080,39.49
2026-09-10T14:12:51.519,1789029771.5192,6254,-507,-6.5,3080,39.49
2026-09-10T14:12:51.519,1789029771.5192,6255,1197,15.35,2926,37.51
2026-09-10T14:12:51.534,1789029771.5349,6256,-340,-4.36,2926,37.51
2026-09-10T14:12:51.534,1789029771.5349,6257,-1686,-21.62,2883,36.96
2026-09-10T14:12:51.534,1789029771.5349,6258,-340,-4.36,2883,36.96
2026-09-10T14:12:51.534,1789029771.5349,6259,1063,13.63,2749,35.24
2026-09-10T14:12:51.550,1789029771.5507,6260,-905,-11.6,2749,35.24
2026-09-10T14:12:51.550,1789029771.5507,6261,-3798,-48.69,4861,62.32
2026-09-10T14:12:51.550,1789029771.5507,6262,-1131,-14.5,4861,62.32
2026-09-10T14:12:51.566,1789029771.5665,6263,3041,38.99,6839,87.68
2026-09-10T14:12:51.566,1789029771.5665,6264,-1701,-21.81,6839,87.68
2026-09-10T14:12:51.566,1789029771.5665,6265,-3382,-43.36,6423,82.35
2026-09-10T14:12:51.582,1789029771.5827,6266,-465,-5.96,6423,82.35
2026-09-10T14:12:51.582,1789029771.5827,6267,3461,44.37,6843,87.73
2026-09-10T14:12:51.582,1789029771.5827,6268,-2107,-27.01,6843,87.73
2026-09-10T14:12:51.590,1789029771.5903,6269,-3047,-39.06,6508,83.44
2026-09-10T14:12:51.598,1789029771.5987,6270,21,0.27,6508,83.44
2026-09-10T14:12:51.598,1789029771.5987,6271,3661,46.94,6708,86.0
2026-09-10T14:12:51.614,1789029771.6148,6272,1378,17.67,6708,86.0
2026-09-10T14:12:51.614,1789029771.6148,6273,-2789,-35.76,6450,82.69
2026-09-10T14:12:51.623,1789029771.6239,6274,586,7.51,6450,82.69
2026-09-10T14:12:51.623,1789029771.6239,6275,3672,47.08,6461,82.83
2026-09-10T14:12:51.627,1789029771.6279,6276,1117,14.32,6461,82.83
2026-09-10T14:12:51.630,1789029771.6309,6277,-2500,-32.05,6172,79.13
2026-09-10T14:12:51.638,1789029771.6390,6278,1174,15.05,6172,79.13
2026-09-10T14:12:51.642,1789029771.6430,6279,3609,46.27,6109,78.32
2026-09-10T14:12:51.647,1789029771.6476,6280,903,11.58,6109,78.32
2026-09-10T14:12:51.657,1789029771.6578,6281,-3048,-39.08,6657,85.35
2026-09-10T14:12:51.658,1789029771.6584,6282,1812,23.23,6657,85.35
2026-09-10T14:12:51.662,1789029771.6623,6283,3449,44.22,6497,83.29
2026-09-10T14:12:51.678,1789029771.6782,6284,635,8.14,6497,83.29
2026-09-10T14:12:51.678,1789029771.6782,6285,-3247,-41.63,6696,85.85
2026-09-10T14:12:51.690,1789029771.6906,6286,2401,30.78,6696,85.85
2026-09-10T14:12:51.694,1789029771.6940,6287,3124,40.05,6371,81.68
2026-09-10T14:12:51.694,1789029771.6940,6288,332,4.26,6371,81.68
2026-09-10T14:12:51.694,1789029771.6940,6289,-3334,-42.74,6458,82.79
2026-09-10T14:12:51.709,1789029771.7097,6290,-1609,-20.63,6458,82.79
2026-09-10T14:12:51.709,1789029771.7097,6291,2775,35.58,6109,78.32
2026-09-10T14:12:51.725,1789029771.7255,6292,-32,-0.41,6109,78.32
2026-09-10T14:12:51.725,1789029771.7255,6293,-3316,-42.51,6091,78.09
2026-09-10T14:12:51.741,1789029771.7413,6294,-1255,-16.09,6091,78.09
2026-09-10T14:12:51.741,1789029771.7413,6295,2294,29.41,5610,71.92
2026-09-10T14:12:51.741,1789029771.7413,6296,-463,-5.94,5610,71.92
2026-09-10T14:12:51.741,1789029771.7413,6297,-2141,-27.45,4435,56.86
2026-09-10T14:12:51.741,1789029771.7413,6298,-344,-4.41,4435,56.86
2026-09-10T14:12:51.757,1789029771.7571,6299,1057,13.55,3198,41.0
2026-09-10T14:12:51.757,1789029771.7571,6300,-703,-9.01,3198,41.0
2026-09-10T14:12:51.757,1789029771.7571,6301,-1668,-21.38,2725,34.94
2026-09-10T14:12:51.757,1789029771.7571,6302,-153,-1.96,2725,34.94
2026-09-10T14:12:51.757,1789029771.7571,6303,1755,22.5,3423,43.88
2026-09-10T14:12:51.772,1789029771.7729,6304,-1063,-13.63,3423,43.88
2026-09-10T14:12:51.772,1789029771.7729,6305,-1574,-20.18,3329,42.68
2026-09-10T14:12:51.772,1789029771.7729,6306,-28,-0.36,3329,42.68
2026-09-10T14:12:51.790,1789029771.7906,6307,1724,22.1,3298,42.28
2026-09-10T14:12:51.790,1789029771.7906,6308,-1345,-17.24,3298,42.28
2026-09-10T14:12:51.790,1789029771.7906,6309,-1444,-18.51,3168,40.62
2026-09-10T14:12:51.790,1789029771.7906,6310,150,1.92,3168,40.62
2026-09-10T14:12:51.804,1789029771.8043,6311,1713,21.96,3157,40.47
2026-09-10T14:12:51.804,1789029771.8043,6312,370,4.74,3157,40.47
2026-09-10T14:12:51.804,1789029771.8043,6313,-1317,-16.88,3030,38.85
2026-09-10T14:12:51.819,1789029771.8199,6314,452,5.79,3030,38.85
2026-09-10T14:12:51.819,1789029771.8199,6315,1678,21.51,2995,38.4
2026-09-10T14:12:51.819,1789029771.8199,6316,224,2.87,2995,38.4
2026-09-10T14:12:51.819,1789029771.8199,6317,-1178,-15.1,2856,36.62
2026-09-10T14:12:51.838,1789029771.8381,6318,766,9.82,2856,36.62
2026-09-10T14:12:51.838,1789029771.8381,6319,1583,20.29,2761,35.4
2026-09-10T14:12:51.838,1789029771.8381,6320,97,1.24,2761,35.4
2026-09-10T14:12:51.860,1789029771.8601,6321,-1763,-22.6,3346,42.9
2026-09-10T14:12:51.860,1789029771.8601,6322,1063,13.63,3346,42.9
2026-09-10T14:12:51.867,1789029771.8670,6323,1471,18.86,3234,41.46
2026-09-10T14:12:51.867,1789029771.8670,6324,-23,-0.29,3234,41.46
2026-09-10T14:12:51.867,1789029771.8670,6325,-1790,-22.95,3261,41.81
2026-09-10T14:12:51.867,1789029771.8670,6326,1356,17.38,3261,41.81
2026-09-10T14:12:51.882,1789029771.8827,6327,1303,16.71,3146,40.33
2026-09-10T14:12:51.882,1789029771.8827,6328,-131,-1.68,3146,40.33
2026-09-10T14:12:51.892,1789029771.8923,6329,-1802,-23.1,3158,40.49
2026-09-10T14:12:51.892,1789029771.8923,6330,-639,-8.19,3105,39.81
2026-09-10T14:12:51.899,1789029771.8991,6331,1182,15.15,2984,38.26
2026-09-10T14:12:51.899,1789029771.8991,6332,-291,-3.73,2984,38.26
2026-09-10T14:12:51.899,1789029771.8991,6333,-1782,-22.85,2964,38.0
2026-09-10T14:12:51.914,1789029771.9143,6334,-507,-6.5,2964,38.0
2026-09-10T14:12:51.930,1789029771.9300,6335,1001,12.83,2783,35.68
2026-09-10T14:12:51.930,1789029771.9300,6336,-559,-7.17,2783,35.68
2026-09-10T14:12:51.930,1789029771.9300,6337,-1729,-22.17,2730,35.0
2026-09-10T14:12:51.945,1789029771.9459,6338,-338,-4.33,2730,35.0
2026-09-10T14:12:51.945,1789029771.9459,6339,836,10.72,2565,32.88
2026-09-10T14:12:51.945,1789029771.9459,6340,-851,-10.91,2565,32.88
2026-09-10T14:12:51.961,1789029771.9615,6341,-1627,-20.86,2463,31.58
2026-09-10T14:12:51.961,1789029771.9615,6342,-113,-1.45,2463,31.58
2026-09-10T14:12:51.977,1789029771.9772,6343,1747,22.4,3374,43.26
2026-09-10T14:12:51.977,1789029771.9772,6344,-1130,-14.49,3374,43.26
2026-09-10T14:12:51.992,1789029771.9928,6345,-1506,-19.31,3253,41.71
2026-09-10T14:12:51.992,1789029771.9928,6346,96,1.23,3253,41.71
2026-09-10T14:12:51.992,1789029771.9928,6347,1792,22.97,3298,42.28
2026-09-10T14:12:51.992,1789029771.9928,6348,-1345,-17.24,3298,42.28
2026-09-10T14:12:52.008,1789029772.0086,6349,-1336,-17.13,3137,40.22
2026-09-10T14:12:52.008,1789029772.0086,6350,313,4.01,3137,40.22
2026-09-10T14:12:52.008,1789029772.0086,6351,1764,22.62,3109,39.86
2026-09-10T14:12:52.008,1789029772.0086,6352,409,5.24,3100,39.74
2026-09-10T14:12:52.008,1789029772.0086,6353,-1195,-15.32,2959,37.94
2026-09-10T14:12:52.008,1789029772.0086,6354,618,7.92,2959,37.94
2026-09-10T14:12:52.025,1789029772.0256,6355,1723,22.09,2918,37.41
2026-09-10T14:12:52.025,1789029772.0256,6356,269,3.45,2918,37.41
2026-09-10T14:12:52.025,1789029772.0256,6357,-1030,-13.21,2753,35.29
2026-09-10T14:12:52.025,1789029772.0256,6358,910,11.67,2753,35.29
2026-09-10T14:12:52.044,1789029772.0445,6359,1607,20.6,2637,33.81
2026-09-10T14:12:52.051,1789029772.0516,6360,120,1.54,2637,33.81
2026-09-10T14:12:52.055,1789029772.0559,6361,-1720,-22.05,3327,42.65
2026-09-10T14:12:52.055,1789029772.0559,6362,1218,15.62,3327,42.65
2026-09-10T14:12:52.055,1789029772.0559,6363,1481,18.99,3201,41.04
2026-09-10T14:12:52.055,1789029772.0559,6364,23,0.29,3201,41.04
2026-09-10T14:12:52.071,1789029772.0716,6365,-1749,-22.42,3230,41.41
2026-09-10T14:12:52.071,1789029772.0716,6366,1441,18.47,3230,41.41
2026-09-10T14:12:52.071,1789029772.0716,6367,1343,17.22,3190,40.9
2026-09-10T14:12:52.090,1789029772.0908,6368,-134,-1.72,3190,40.9
2026-09-10T14:12:52.090,1789029772.0908,6369,-1753,-22.47,3194,40.95
2026-09-10T14:12:52.090,1789029772.0908,6370,-562,-7.21,3096,39.69
2026-09-10T14:12:52.103,1789029772.1032,6371,1154,14.79,2907,37.27
2026-09-10T14:12:52.103,1789029772.1032,6372,-327,-4.19,2907,37.27
2026-09-10T14:12:52.118,1789029772.1189,6373,-1718,-22.03,2872,36.82
2026-09-10T14:12:52.118,1789029772.1189,6374,-399,-5.12,2872,36.82
2026-09-10T14:12:52.118,1789029772.1189,6375,980,12.56,2698,34.59
2026-09-10T14:12:52.118,1789029772.1189,6376,-628,-8.05,2698,34.59
2026-09-10T14:12:52.134,1789029772.1346,6377,-1669,-21.4,2649,33.96
2026-09-10T14:12:52.134,1789029772.1346,6378,-235,-3.01,2649,33.96
2026-09-10T14:12:52.134,1789029772.1346,6379,1746,22.38,3415,43.78
2026-09-10T14:12:52.134,1789029772.1346,6380,-916,-11.74,3415,43.78
2026-09-10T14:12:52.150,1789029772.1506,6381,-1564,-20.05,3310,42.44
2026-09-10T14:12:52.150,1789029772.1506,6382,-14,-0.18,3310,42.44
2026-09-10T14:12:52.150,1789029772.1506,6383,1786,22.9,3350,42.95
2026-09-10T14:12:52.166,1789029772.1664,6384,-1168,-14.97,3350,42.95
2026-09-10T14:12:52.182,1789029772.1820,6385,-1435,-18.4,3221,41.29
2026-09-10T14:12:52.182,1789029772.1820,6386,158,2.03,3221,41.29
2026-09-10T14:12:52.190,1789029772.1907,6387,1782,22.85,3217,41.24
2026-09-10T14:12:52.197,1789029772.1977,6388,-1383,-17.73,3217,41.24
2026-09-10T14:12:52.197,1789029772.1977,6389,-1262,-16.18,3165,40.58
2026-09-10T14:12:52.197,1789029772.1977,6390,407,5.22,3165,40.58
2026-09-10T14:12:52.213,1789029772.2133,6391,1746,22.38,3129,40.12
2026-09-10T14:12:52.213,1789029772.2133,6392,363,4.65,3008,38.56
2026-09-10T14:12:52.229,1789029772.2291,6393,-1145,-14.68,2891,37.06
2026-09-10T14:12:52.229,1789029772.2291,6394,712,9.13,2891,37.06
2026-09-10T14:12:52.229,1789029772.2291,6395,1721,22.06,2866,36.74
2026-09-10T14:12:52.244,1789029772.2447,6396,234,3.0,2866,36.74
2026-09-10T14:12:52.244,1789029772.2447,6397,-972,-12.46,2693,34.53
2026-09-10T14:12:52.244,1789029772.2447,6398,1032,13.23,2693,34.53
2026-09-10T14:12:52.260,1789029772.2605,6399,1616,20.72,2588,33.18
2026-09-10T14:12:52.260,1789029772.2605,6400,117,1.5,2588,33.18
2026-09-10T14:12:52.260,1789029772.2605,6401,-1707,-21.88,3323,42.6
2026-09-10T14:12:52.260,1789029772.2605,6402,1327,17.01,3323,42.6
2026-09-10T14:12:52.276,1789029772.2763,6403,1470,18.85,3177,40.73
2026-09-10T14:12:52.276,1789029772.2763,6404,12,0.15,3177,40.73
2026-09-10T14:12:52.276,1789029772.2763,6405,-1708,-21.9,3178,40.74
2026-09-10T14:12:52.276,1789029772.2763,6406,1521,19.5,3229,41.4
2026-09-10T14:12:52.290,1789029772.2908,6407,1299,16.65,3229,41.4
2026-09-10T14:12:52.292,1789029772.2928,6408,-158,-2.03,3229,41.4
2026-09-10T14:12:52.295,1789029772.2959,6409,-1701,-21.81,3222,41.31
2026-09-10T14:12:52.300,1789029772.3001,6410,-495,-6.35,3000,38.46
2026-09-10T14:12:52.308,1789029772.3082,6411,1121,14.37,2822,36.18
2026-09-10T14:12:52.308,1789029772.3082,6412,-412,-5.28,2822,36.18
2026-09-10T14:12:52.308,1789029772.3082,6413,-1682,-21.56,2803,35.94
2026-09-10T14:12:52.323,1789029772.3239,6414,-312,-4.0,2803,35.94
2026-09-10T14:12:52.323,1789029772.3239,6415,955,12.24,2637,33.81
2026-09-10T14:12:52.323,1789029772.3239,6416,-689,-8.83,2637,33.81
2026-09-10T14:12:52.323,1789029772.3239,6417,-1598,-20.49,2553,32.73
2026-09-10T14:12:52.339,1789029772.3396,6418,-152,-1.95,2553,32.73
2026-09-10T14:12:52.339,1789029772.3396,6419,1781,22.83,3379,43.32
2026-09-10T14:12:52.339,1789029772.3396,6420,-957,-12.27,3379,43.32
2026-09-10T14:12:52.355,1789029772.3553,6421,-1498,-19.21,3279,42.04
2026-09-10T14:12:52.355,1789029772.3553,6422,72,0.92,3279,42.04
2026-09-10T14:12:52.355,1789029772.3553,6423,1800,23.08,3298,42.28
2026-09-10T14:12:52.371,1789029772.3710,6424,-1234,-15.82,3298,42.28
2026-09-10T14:12:52.371,1789029772.3710,6425,-1365,-17.5,3165,40.58
2026-09-10T14:12:52.382,1789029772.3823,6426,245,3.14,3165,40.58
2026-09-10T14:12:52.387,1789029772.3873,6427,1820,23.33,3185,40.83
2026-09-10T14:12:52.390,1789029772.3908,6428,-1433,-18.37,3253,41.71
2026-09-10T14:12:52.390,1789029772.3908,6429,-1240,-15.9,3253,41.71
2026-09-10T14:12:52.390,1789029772.3908,6430,509,6.53,3253,41.71
2026-09-10T14:12:52.402,1789029772.4025,6431,1771,22.71,3204,41.08
2026-09-10T14:12:52.402,1789029772.4025,6432,324,4.15,3011,38.6
2026-09-10T14:12:52.402,1789029772.4025,6433,-1087,-13.94,2858,36.64
2026-09-10T14:12:52.402,1789029772.4025,6434,805,10.32,2858,36.64
2026-09-10T14:12:52.435,1789029772.4353,6435,1686,21.62,2773,35.55
2026-09-10T14:12:52.440,1789029772.4402,6436,212,2.72,2773,35.55
2026-09-10T14:12:52.445,1789029772.4456,6437,-915,-11.73,2601,33.35
2026-09-10T14:12:52.449,1789029772.4495,6438,1145,14.68,2601,33.35
2026-09-10T14:12:52.449,1789029772.4495,6439,1552,19.9,2467,31.63
2026-09-10T14:12:52.449,1789029772.4495,6440,110,1.41,2467,31.63
2026-09-10T14:12:52.465,1789029772.4652,6441,-1706,-21.87,3258,41.77
2026-09-10T14:12:52.465,1789029772.4652,6442,1427,18.29,3258,41.77
2026-09-10T14:12:52.480,1789029772.4810,6443,1418,18.18,3133,40.17
2026-09-10T14:12:52.490,1789029772.4909,6444,-36,-0.46,3133,40.17
2026-09-10T14:12:52.490,1789029772.4909,6445,-1716,-22.0,3143,40.29
2026-09-10T14:12:52.496,1789029772.4966,6446,1621,20.78,3337,42.78
2026-09-10T14:12:52.502,1789029772.5023,6447,1231,15.78,3337,42.78
2026-09-10T14:12:52.502,1789029772.5023,6448,-222,-2.85,3337,42.78
2026-09-10T14:12:52.508,1789029772.5083,6449,-1689,-21.65,3310,42.44
2026-09-10T14:12:52.508,1789029772.5083,6450,-426,-5.46,2920,37.44
2026-09-10T14:12:52.512,1789029772.5123,6451,1093,14.01,2782,35.67
2026-09-10T14:12:52.512,1789029772.5123,6452,-455,-5.83,2782,35.67
2026-09-10T14:12:52.512,1789029772.5123,6453,-1642,-21.05,2735,35.06
2026-09-10T14:12:52.512,1789029772.5123,6454,-247,-3.17,2735,35.06
2026-09-10T14:12:52.528,1789029772.5281,6455,963,12.35,2605,33.4
2026-09-10T14:12:52.528,1789029772.5281,6456,-725,-9.29,2605,33.4
2026-09-10T14:12:52.528,1789029772.5281,6457,-1570,-20.13,2533,32.47
2026-09-10T14:12:52.528,1789029772.5281,6458,-68,-0.87,2533,32.47
2026-09-10T14:12:52.543,1789029772.5437,6459,2972,38.1,4542,58.23
2026-09-10T14:12:52.543,1789029772.5437,6460,-2085,-26.73,5057,64.83
2026-09-10T14:12:52.543,1789029772.5437,6461,-3369,-43.19,6341,81.29
2026-09-10T14:12:52.559,1789029772.5593,6462,-420,-5.38,6341,81.29
2026-09-10T14:12:52.559,1789029772.5593,6463,3378,43.31,6747,86.5
2026-09-10T14:12:52.559,1789029772.5593,6464,-2409,-30.88,6747,86.5
2026-09-10T14:12:52.574,1789029772.5750,6465,-2987,-38.29,6365,81.6
2026-09-10T14:12:52.574,1789029772.5750,6466,208,2.67,6365,81.6
2026-09-10T14:12:52.574,1789029772.5750,6467,3580,45.9,6567,84.19
2026-09-10T14:12:52.574,1789029772.5750,6468,-2803,-35.94,6567,84.19
2026-09-10T14:12:52.591,1789029772.5911,6469,-2696,-34.56,6383,81.83
2026-09-10T14:12:52.591,1789029772.5911,6470,839,10.76,6383,81.83
2026-09-10T14:12:52.606,1789029772.6063,6471,3623,46.45,6426,82.38
2026-09-10T14:12:52.606,1789029772.6063,6472,945,12.12,6319,81.01
2026-09-10T14:12:52.618,1789029772.6189,6473,-2387,-30.6,6010,77.05
2026-09-10T14:12:52.622,1789029772.6226,6474,1507,19.32,6010,77.05
2026-09-10T14:12:52.622,1789029772.6226,6475,3561,45.65,5948,76.26
2026-09-10T14:12:52.622,1789029772.6226,6476,807,10.35,5948,76.26
2026-09-10T14:12:52.622,1789029772.6226,6477,-2020,-25.9,5581,71.55
2026-09-10T14:12:52.637,1789029772.6376,6478,2232,28.62,5581,71.55
2026-09-10T14:12:52.637,1789029772.6376,6479,3383,43.37,5403,69.27
2026-09-10T14:12:52.637,1789029772.6376,6480,606,7.77,5403,69.27
2026-09-10T14:12:52.653,1789029772.6533,6481,-3280,-42.05,6663,85.42
2026-09-10T14:12:52.653,1789029772.6533,6482,2779,35.63,6663,85.42
2026-09-10T14:12:52.669,1789029772.6694,6483,3136,40.21,6416,82.26
2026-09-10T14:12:52.669,1789029772.6694,6484,344,4.41,6416,82.26
2026-09-10T14:12:52.685,1789029772.6852,6485,-3265,-41.86,6401,82.06
2026-09-10T14:12:52.685,1789029772.6852,6486,3089,39.6,6401,82.06
2026-09-10T14:12:52.691,1789029772.6912,6487,2781,35.65,6354,81.46
2026-09-10T14:12:52.700,1789029772.7009,6488,-150,-1.92,6354,81.46
2026-09-10T14:12:52.700,1789029772.7009,6489,-3270,-41.92,6359,81.53
2026-09-10T14:12:52.700,1789029772.7009,6490,-1013,-12.99,6051,77.58
2026-09-10T14:12:52.716,1789029772.7166,6491,2350,30.13,5620,72.05
2026-09-10T14:12:52.732,1789029772.7323,6492,-691,-8.86,5620,72.05
2026-09-10T14:12:52.732,1789029772.7323,6493,-3020,-38.72,5370,68.85
2026-09-10T14:12:52.732,1789029772.7323,6494,-584,-7.49,5370,68.85
2026-09-10T14:12:52.747,1789029772.7480,6495,1450,18.59,4470,57.31
2026-09-10T14:12:52.747,1789029772.7480,6496,-1171,-15.01,4470,57.31
2026-09-10T14:12:52.747,1789029772.7480,6497,-1987,-25.47,3437,44.06
2026-09-10T14:12:52.747,1789029772.7480,6498,-247,-3.17,3437,44.06
2026-09-10T14:12:52.747,1789029772.7480,6499,1722,22.08,3709,47.55
2026-09-10T14:12:52.747,1789029772.7480,6500,-1323,-16.96,3709,47.55
2026-09-10T14:12:52.763,1789029772.7636,6501,-1638,-21.0,3360,43.08
2026-09-10T14:12:52.763,1789029772.7636,6502,-19,-0.24,3360,43.08
2026-09-10T14:12:52.763,1789029772.7636,6503,1673,21.45,3311,42.45
2026-09-10T14:12:52.779,1789029772.7793,6504,-1503,-19.27,3311,42.45
2026-09-10T14:12:52.779,1789029772.7793,6505,-1425,-18.27,3176,40.72
2026-09-10T14:12:52.779,1789029772.7793,6506,232,2.97,3176,40.72
2026-09-10T14:12:52.791,1789029772.7911,6507,1643,21.06,3146,40.33
2026-09-10T14:12:52.801,1789029772.8014,6508,-1620,-20.77,3263,41.83
2026-09-10T14:12:52.801,1789029772.8014,6509,-1270,-16.28,3263,41.83
2026-09-10T14:12:52.801,1789029772.8014,6510,575,7.37,3263,41.83
2026-09-10T14:12:52.801,1789029772.8014,6511,1601,20.53,3221,41.29
2026-09-10T14:12:52.810,1789029772.8107,6512,146,1.87,2871,36.81
2026-09-10T14:12:52.810,1789029772.8107,6513,-1091,-13.99,2692,34.51
2026-09-10T14:12:52.810,1789029772.8107,6514,889,11.4,2692,34.51
2026-09-10T14:12:52.826,1789029772.8269,6515,1501,19.24,2592,33.23
2026-09-10T14:12:52.831,1789029772.8317,6516,32,0.41,2592,33.23
2026-09-10T14:12:52.837,1789029772.8377,6517,-906,-11.62,2407,30.86
2026-09-10T14:12:52.842,1789029772.8422,6518,1202,15.41,2407,30.86
2026-09-10T14:12:52.842,1789029772.8422,6519,1381,17.71,2287,29.32
2026-09-10T14:12:52.842,1789029772.8422,6520,-76,-0.97,2287,29.32
2026-09-10T14:12:52.857,1789029772.8578,6521,-1816,-23.28,3197,40.99
2026-09-10T14:12:52.857,1789029772.8578,6522,1414,18.13,3230,41.41
2026-09-10T14:12:52.857,1789029772.8578,6523,1213,15.55,3230,41.41
2026-09-10T14:12:52.873,1789029772.8735,6524,-240,-3.08,3230,41.41
2026-09-10T14:12:52.873,1789029772.8735,6525,-1811,-23.22,3225,41.35
2026-09-10T14:12:52.873,1789029772.8735,6526,1574,20.18,3385,43.4
2026-09-10T14:12:52.873,1789029772.8735,6527,1048,13.44,3385,43.4
2026-09-10T14:12:52.892,1789029772.8922,6528,-464,-5.95,3385,43.4
2026-09-10T14:12:52.892,1789029772.8922,6529,-1762,-22.59,3336,42.77
2026-09-10T14:12:52.892,1789029772.8922,6530,-419,-5.37,2810,36.03
2026-09-10T14:12:52.905,1789029772.9056,6531,888,11.38,2650,33.97
2026-09-10T14:12:52.905,1789029772.9056,6532,-743,-9.53,2650,33.97
2026-09-10T14:12:52.905,1789029772.9056,6533,-1688,-21.64,2576,33.03
2026-09-10T14:12:52.905,1789029772.9056,6534,-222,-2.85,2576,33.03
2026-09-10T14:12:52.920,1789029772.9207,6535,724,9.28,2412,30.92
2026-09-10T14:12:52.920,1789029772.9207,6536,-1034,-13.26,2412,30.92
2026-09-10T14:12:52.936,1789029772.9364,6537,-1574,-20.18,2298,29.46
2026-09-10T14:12:52.936,1789029772.9364,6538,-44,-0.56,2298,29.46
2026-09-10T14:12:52.936,1789029772.9364,6539,1724,22.1,3298,42.28
2026-09-10T14:12:52.952,1789029772.9521,6540,-1281,-16.42,3298,42.28
2026-09-10T14:12:52.952,1789029772.9521,6541,-1452,-18.62,3176,40.72
2026-09-10T14:12:52.967,1789029772.9679,6542,170,2.18,3176,40.72
2026-09-10T14:12:52.967,1789029772.9679,6543,1749,22.42,3201,41.04
2026-09-10T14:12:52.983,1789029772.9837,6544,-1448,-18.56,3201,41.04
2026-09-10T14:12:52.991,1789029772.9913,6545,-1298,-16.64,3197,40.99
2026-09-10T14:12:52.991,1789029772.9913,6546,443,5.68,3197,40.99
2026-09-10T14:12:52.999,1789029772.9996,6547,1725,22.12,3173,40.68
2026-09-10T14:12:52.999,1789029772.9996,6548,-1599,-20.5,3324,42.62
2026-09-10T14:12:52.999,1789029772.9996,6549,-1096,-14.05,3324,42.62
2026-09-10T14:12:52.999,1789029772.9996,6550,776,9.95,3324,42.62
2026-09-10T14:12:52.999,1789029772.9996,6551,1673,21.45,3272,41.95
2026-09-10T14:12:53.015,1789029773.0153,6552,190,2.44,2769,35.5
2026-09-10T14:12:53.015,1789029773.0153,6553,-928,-11.9,2601,33.35
2026-09-10T14:12:53.020,1789029773.0208,6554,1104,14.15,2601,33.35
2026-09-10T14:12:53.020,1789029773.0208,6555,1551,19.88,2479,31.78
2026-09-10T14:12:53.020,1789029773.0208,6556,77,0.99,2479,31.78
2026-09-10T14:12:53.032,1789029773.0324,6557,-784,-10.05,2335,29.94
2026-09-10T14:12:53.032,1789029773.0324,6558,1363,17.47,2335,29.94
2026-09-10T14:12:53.032,1789029773.0324,6559,1374,17.62,2158,27.67
2026-09-10T14:12:53.046,1789029773.0467,6560,-64,-0.82,2158,27.67
2026-09-10T14:12:53.046,1789029773.0467,6561,-1780,-22.82,3154,40.44
2026-09-10T14:12:53.046,1789029773.0467,6562,1530,19.62,3310,42.44
2026-09-10T14:12:53.062,1789029773.0624,6563,1208,15.49,3310,42.44
2026-09-10T14:12:53.062,1789029773.0624,6564,-225,-2.88,3310,42.44
2026-09-10T14:12:53.062,1789029773.0624,6565,-1752,-22.46,3282,42.08
2026-09-10T14:12:53.078,1789029773.0782,6566,1629,20.88,3381,43.35
2026-09-10T14:12:53.078,1789029773.0782,6567,1058,13.56,3381,43.35
2026-09-10T14:12:53.078,1789029773.0782,6568,-494,-6.33,3381,43.35
2026-09-10T14:12:53.100,1789029773.1009,6569,-1700,-21.79,3329,42.68
2026-09-10T14:12:53.101,1789029773.1020,6570,-321,-4.12,2758,35.36
2026-09-10T14:12:53.109,1789029773.1098,6571,897,11.5,2597,33.29
2026-09-10T14:12:53.112,1789029773.1126,6572,-750,-9.62,2597,33.29
2026-09-10T14:12:53.121,1789029773.1217,6573,-1631,-20.91,2528,32.41
2026-09-10T14:12:53.125,1789029773.1255,6574,-137,-1.76,2528,32.41
2026-09-10T14:12:53.127,1789029773.1275,6575,749,9.6,2380,30.51
2026-09-10T14:12:53.127,1789029773.1275,6576,-1078,-13.82,2380,30.51
2026-09-10T14:12:53.127,1789029773.1275,6577,-1534,-19.67,2283,29.27
2026-09-10T14:12:53.141,1789029773.1411,6578,44,0.56,2283,29.27
2026-09-10T14:12:53.141,1789029773.1411,6579,1780,22.82,3314,42.49
2026-09-10T14:12:53.141,1789029773.1411,6580,-1321,-16.94,3314,42.49
2026-09-10T14:12:53.156,1789029773.1568,6581,-1388,-17.79,3168,40.62
2026-09-10T14:12:53.156,1789029773.1568,6582,269,3.45,3168,40.62
2026-09-10T14:12:53.156,1789029773.1568,6583,1768,22.67,3156,40.46
2026-09-10T14:12:53.172,1789029773.1725,6584,-1492,-19.13,3260,41.79
2026-09-10T14:12:53.172,1789029773.1725,6585,-1242,-15.92,3260,41.79
2026-09-10T14:12:53.191,1789029773.1914,6586,534,6.85,3260,41.79
2026-09-10T14:12:53.191,1789029773.1914,6587,1736,22.26,3228,41.38
2026-09-10T14:12:53.191,1789029773.1914,6588,254,3.26,2978,38.18
2026-09-10T14:12:53.204,1789029773.2041,6589,-1073,-13.76,2809,36.01
2026-09-10T14:12:53.204,1789029773.2041,6590,855,10.96,2809,36.01
2026-09-10T14:12:53.227,1789029773.2277,6591,1640,21.03,2713,34.78
2026-09-10T14:12:53.235,1789029773.2357,6592,129,1.65,2713,34.78
2026-09-10T14:12:53.235,1789029773.2357,6593,-924,-11.85,2564,32.87
2026-09-10T14:12:53.235,1789029773.2357,6594,1179,15.12,2564,32.87
2026-09-10T14:12:53.251,1789029773.2514,6595,1503,19.27,2427,31.12
2026-09-10T14:12:53.251,1789029773.2514,6596,33,0.42,2427,31.12
2026-09-10T14:12:53.251,1789029773.2514,6597,-768,-9.85,2271,29.12
2026-09-10T14:12:53.251,1789029773.2514,6598,1403,17.99,2271,29.12
2026-09-10T14:12:53.251,1789029773.2514,6599,1345,17.24,2171,27.83
2026-09-10T14:12:53.251,1789029773.2514,6600,-112,-1.44,2171,27.83
2026-09-10T14:12:53.267,1789029773.2672,6601,-1792,-22.97,3195,40.96
2026-09-10T14:12:53.267,1789029773.2672,6602,1570,20.13,3362,43.1
2026-09-10T14:12:53.267,1789029773.2672,6603,1171,15.01,3362,43.1
2026-09-10T14:12:53.267,1789029773.2672,6604,-321,-4.12,3362,43.1
2026-09-10T14:12:53.267,1789029773.2672,6605,-1744,-22.36,3314,42.49
2026-09-10T14:12:53.282,1789029773.2829,6606,1673,21.45,3417,43.81
2026-09-10T14:12:53.291,1789029773.2914,6607,1006,12.9,3417,43.81
2026-09-10T14:12:53.291,1789029773.2914,6608,-610,-7.82,3417,43.81
2026-09-10T14:12:53.291,1789029773.2914,6609,-1703,-21.83,3376,43.28
2026-09-10T14:12:53.298,1789029773.2985,6610,-293,-3.76,2709,34.73
2026-09-10T14:12:53.298,1789029773.2985,6611,858,11.0,2561,32.83
2026-09-10T14:12:53.298,1789029773.2985,6612,-870,-11.15,2561,32.83
2026-09-10T14:12:53.314,1789029773.3144,6613,-1602,-20.54,2460,31.54
2026-09-10T14:12:53.314,1789029773.3144,6614,-88,-1.13,2460,31.54
2026-09-10T14:12:53.314,1789029773.3144,6615,690,8.85,2292,29.38
2026-09-10T14:12:53.330,1789029773.3301,6616,-1141,-14.63,2292,29.38
2026-09-10T14:12:53.330,1789029773.3301,6617,-1481,-18.99,2171,27.83
2026-09-10T14:12:53.330,1789029773.3301,6618,113,1.45,2171,27.83
2026-09-10T14:12:53.345,1789029773.3459,6619,1761,22.58,3242,41.56
2026-09-10T14:12:53.345,1789029773.3459,6620,-1360,-17.44,3242,41.56
2026-09-10T14:12:53.361,1789029773.3616,6621,-1319,-16.91,3121,40.01
2026-09-10T14:12:53.361,1789029773.3616,6622,334,4.28,3121,40.01
2026-09-10T14:12:53.361,1789029773.3616,6623,1769,22.68,3129,40.12
2026-09-10T14:12:53.377,1789029773.3773,6624,-1492,-19.13,3261,41.81
2026-09-10T14:12:53.382,1789029773.3825,6625,-1202,-15.41,3261,41.81
2026-09-10T14:12:53.382,1789029773.3825,6626,671,8.6,3261,41.81
2026-09-10T14:12:53.391,1789029773.3914,6627,1728,22.15,3220,41.28
2026-09-10T14:12:53.393,1789029773.3937,6628,274,3.51,2930,37.56
2026-09-10T14:12:53.393,1789029773.3937,6629,-1001,-12.83,2729,34.99
2026-09-10T14:12:53.393,1789029773.3937,6630,999,12.81,2729,34.99
2026-09-10T14:12:53.393,1789029773.3937,6631,2079,26.65,3080,39.49
2026-09-10T14:12:53.408,1789029773.4085,6632,-465,-5.96,3080,39.49
2026-09-10T14:12:53.414,1789029773.4146,6633,-2600,-33.33,4679,59.99
2026-09-10T14:12:53.420,1789029773.4206,6634,1686,21.62,4679,59.99
2026-09-10T14:12:53.420,1789029773.4206,6635,2724,34.92,5324,68.26
2026-09-10T14:12:53.424,1789029773.4242,6636,49,0.63,5324,68.26
2026-09-10T14:12:53.440,1789029773.4400,6637,-1929,-24.73,4653,59.65
2026-09-10T14:12:53.440,1789029773.4400,6638,2515,32.24,4653,59.65
2026-09-10T14:12:53.440,1789029773.4400,6639,2773,35.55,4702,60.28
2026-09-10T14:12:53.440,1789029773.4400,6640,-42,-0.54,4702,60.28
2026-09-10T14:12:53.455,1789029773.4557,6641,-3558,-45.62,6331,81.17
2026-09-10T14:12:53.455,1789029773.4557,6642,3026,38.79,6584,84.41
2026-09-10T14:12:53.471,1789029773.4714,6643,2566,32.9,6584,84.41
2026-09-10T14:12:53.471,1789029773.4714,6644,-392,-5.03,6584,84.41
2026-09-10T14:12:53.487,1789029773.4870,6645,-3439,-44.09,6465,82.88
2026-09-10T14:12:53.491,1789029773.4917,6646,3247,41.63,6686,85.72
2026-09-10T14:12:53.502,1789029773.5028,6647,2322,29.77,6686,85.72
2026-09-10T14:12:53.502,1789029773.5028,6648,-883,-11.32,6686,85.72
2026-09-10T14:12:53.502,1789029773.5028,6649,-3359,-43.06,6606,84.69
2026-09-10T14:12:53.502,1789029773.5028,6650,-738,-9.46,5681,72.83
2026-09-10T14:12:53.518,1789029773.5184,6651,2047,26.24,5406,69.31
2026-09-10T14:12:53.518,1789029773.5184,6652,-1473,-18.88,5406,69.31
2026-09-10T14:12:53.518,1789029773.5184,6653,-3215,-41.22,5262,67.46
2026-09-10T14:12:53.518,1789029773.5184,6654,-358,-4.59,5262,67.46
2026-09-10T14:12:53.518,1789029773.5184,6655,1721,22.06,4936,63.28
2026-09-10T14:12:53.534,1789029773.5342,6656,-2014,-25.82,4936,63.28
2026-09-10T14:12:53.534,1789029773.5342,6657,-2962,-37.97,4683,60.04
2026-09-10T14:12:53.534,1789029773.5342,6658,6,0.08,4683,60.04
2026-09-10T14:12:53.534,1789029773.5342,6659,3574,45.82,6536,83.79
2026-09-10T14:12:53.549,1789029773.5498,6660,-2462,-31.56,6536,83.79
2026-09-10T14:12:53.549,1789029773.5498,6661,-2732,-35.03,6306,80.85
2026-09-10T14:12:53.549,1789029773.5498,6662,494,6.33,6306,80.85
2026-09-10T14:12:53.565,1789029773.5655,6663,3393,43.5,6125,78.53
2026-09-10T14:12:53.565,1789029773.5655,6664,-2680,-34.36,6125,78.53
2026-09-10T14:12:53.565,1789029773.5655,6665,-2230,-28.59,6073,77.86
2026-09-10T14:12:53.581,1789029773.5812,6666,459,5.88,6073,77.86
2026-09-10T14:12:53.581,1789029773.5812,6667,1381,17.71,4061,52.06
2026-09-10T14:12:53.581,1789029773.5812,6668,-364,-4.67,3611,46.29
2026-09-10T14:12:53.596,1789029773.5969,6669,-1554,-19.92,2935,37.63
2026-09-10T14:12:53.596,1789029773.5969,6670,552,7.08,2935,37.63
2026-09-10T14:12:53.613,1789029773.6130,6671,1102,14.13,2656,34.05
2026-09-10T14:12:53.617,1789029773.6179,6672,-338,-4.33,2656,34.05
2026-09-10T14:12:53.621,1789029773.6217,6673,-1181,-15.14,2283,29.27
2026-09-10T14:12:53.624,1789029773.6250,6674,992,12.72,2283,29.27
2026-09-10T14:12:53.628,1789029773.6282,6675,1080,13.85,2261,28.99
2026-09-10T14:12:53.634,1789029773.6342,6676,-304,-3.9,2261,28.99
2026-09-10T14:12:53.643,1789029773.6439,6677,-911,-11.68,1991,25.53
2026-09-10T14:12:53.643,1789029773.6439,6678,1288,16.51,2199,28.19
2026-09-10T14:12:53.643,1789029773.6439,6679,1047,13.42,2199,28.19
2026-09-10T14:12:53.643,1789029773.6439,6680,-389,-4.99,2199,28.19
2026-09-10T14:12:53.660,1789029773.6601,6681,-1911,-24.5,3199,41.01
2026-09-10T14:12:53.660,1789029773.6601,6682,1491,19.12,3402,43.62
2026-09-10T14:12:53.665,1789029773.6653,6683,957,12.27,3402,43.62
2026-09-10T14:12:53.667,1789029773.6673,6684,-563,-7.22,3402,43.62
2026-09-10T14:12:53.675,1789029773.6752,6685,-1789,-22.94,3280,42.05
2026-09-10T14:12:53.675,1789029773.6752,6686,1608,20.62,3397,43.55
2026-09-10T14:12:53.691,1789029773.6915,6687,810,10.38,3397,43.55
2026-09-10T14:12:53.691,1789029773.6915,6688,-853,-10.94,3397,43.55
2026-09-10T14:12:53.691,1789029773.6915,6689,-1702,-21.82,3310,42.44
2026-09-10T14:12:53.691,1789029773.6915,6690,-219,-2.81,2512,32.21
2026-09-10T14:12:53.706,1789029773.7067,6691,691,8.86,2393,30.68
2026-09-10T14:12:53.706,1789029773.7067,6692,-1092,-14.0,2393,30.68
2026-09-10T14:12:53.722,1789029773.7223,6693,-1568,-20.1,2259,28.96
2026-09-10T14:12:53.722,1789029773.7223,6694,-13,-0.17,2259,28.96
2026-09-10T14:12:53.738,1789029773.7380,6695,548,7.03,2116,27.13
2026-09-10T14:12:53.738,1789029773.7380,6696,-1334,-17.1,2116,27.13
2026-09-10T14:12:53.738,1789029773.7380,6697,-1421,-18.22,1969,25.24
2026-09-10T14:12:53.753,1789029773.7538,6698,209,2.68,1969,25.24
2026-09-10T14:12:53.753,1789029773.7538,6699,1712,21.95,3133,40.17
2026-09-10T14:12:53.753,1789029773.7538,6700,-1500,-19.23,3212,41.18
2026-09-10T14:12:53.769,1789029773.7695,6701,-1287,-16.5,3212,41.18
2026-09-10T14:12:53.769,1789029773.7695,6702,482,6.18,3212,41.18
2026-09-10T14:12:53.769,1789029773.7695,6703,1685,21.6,3185,40.83
2026-09-10T14:12:53.769,1789029773.7695,6704,-1627,-20.86,3312,42.46
2026-09-10T14:12:53.769,1789029773.7695,6705,-1081,-13.86,3312,42.46
2026-09-10T14:12:53.769,1789029773.7695,6706,816,10.46,3312,42.46
2026-09-10T14:12:53.769,1789029773.7695,6707,1624,20.82,3251,41.68
2026-09-10T14:12:53.785,1789029773.7851,6708,126,1.62,2705,34.68
2026-09-10T14:12:53.791,1789029773.7915,6709,-920,-11.79,2544,32.62
2026-09-10T14:12:53.800,1789029773.8008,6710,1160,14.87,2544,32.62
2026-09-10T14:12:53.800,1789029773.8008,6711,1511,19.37,2431,31.17
2026-09-10T14:12:53.800,1789029773.8008,6712,25,0.32,2431,31.17
2026-09-10T14:12:53.816,1789029773.8166,6713,-764,-9.79,2275,29.17
2026-09-10T14:12:53.816,1789029773.8166,6714,1403,17.99,2275,29.17
2026-09-10T14:12:53.816,1789029773.8166,6715,1346,17.26,2167,27.78
2026-09-10T14:12:53.816,1789029773.8166,6716,-68,-0.87,2167,27.78
2026-09-10T14:12:53.832,1789029773.8323,6717,-581,-7.45,1984,25.44
2026-09-10T14:12:53.832,1789029773.8323,6718,1594,20.44,2175,27.88
2026-09-10T14:12:53.832,1789029773.8323,6719,1220,15.64,2175,27.88
2026-09-10T14:12:53.848,1789029773.8480,6720,-245,-3.14,2175,27.88
2026-09-10T14:12:53.863,1789029773.8637,6721,-1704,-21.85,3298,42.28
2026-09-10T14:12:53.863,1789029773.8637,6722,1688,21.64,3392,43.49
2026-09-10T14:12:53.863,1789029773.8637,6723,1065,13.65,3392,43.49
2026-09-10T14:12:53.863,1789029773.8637,6724,-519,-6.65,3392,43.49
2026-09-10T14:12:53.879,1789029773.8797,6725,-1641,-21.04,3329,42.68
2026-09-10T14:12:53.879,1789029773.8797,6726,1767,22.65,3408,43.69
2026-09-10T14:12:53.879,1789029773.8797,6727,876,11.23,3408,43.69
2026-09-10T14:12:53.891,1789029773.8916,6728,-800,-10.26,3408,43.69
2026-09-10T14:12:53.895,1789029773.8960,6729,-1568,-20.1,3335,42.76
2026-09-10T14:12:53.895,1789029773.8960,6730,-78,-1.0,2444,31.33
2026-09-10T14:12:53.895,1789029773.8960,6731,751,9.63,2319,29.73
2026-09-10T14:12:53.895,1789029773.8960,6732,-1076,-13.79,2319,29.73
2026-09-10T14:12:53.911,1789029773.9111,6733,-1452,-18.62,2203,28.24
2026-09-10T14:12:53.911,1789029773.9111,6734,158,2.03,2203,28.24
2026-09-10T14:12:53.911,1789029773.9111,6735,566,7.26,2018,25.87
2026-09-10T14:12:53.926,1789029773.9268,6736,-1300,-16.67,2018,25.87
2026-09-10T14:12:53.926,1789029773.9268,6737,-1307,-16.76,1873,24.01
2026-09-10T14:12:53.942,1789029773.9427,6738,358,4.59,1873,24.01
2026-09-10T14:12:53.942,1789029773.9427,6739,1761,22.58,3068,39.33
2026-09-10T14:12:53.942,1789029773.9427,6740,-1460,-18.72,3221,41.29
2026-09-10T14:12:53.958,1789029773.9583,6741,-1138,-14.59,3221,41.29
2026-09-10T14:12:53.958,1789029773.9583,6742,658,8.44,3221,41.29
2026-09-10T14:12:53.974,1789029773.9740,6743,1748,22.41,3208,41.13
2026-09-10T14:12:53.974,1789029773.9740,6744,-1584,-20.31,3332,42.72
2026-09-10T14:12:53.974,1789029773.9740,6745,-986,-12.64,3332,42.72
2026-09-10T14:12:53.991,1789029773.9918,6746,958,12.28,3332,42.72
2026-09-10T14:12:53.991,1789029773.9918,6747,1650,21.15,3234,41.46
2026-09-10T14:12:54.009,1789029774.0091,6748,148,1.9,2636,33.79
2026-09-10T14:12:54.013,1789029774.0134,6749,-834,-10.69,2484,31.85
2026-09-10T14:12:54.015,1789029774.0156,6750,1273,16.32,2484,31.85
2026-09-10T14:12:54.016,1789029774.0167,6751,1504,19.28,2338,29.97
2026-09-10T14:12:54.021,1789029774.0212,6752,38,0.49,2338,29.97
2026-09-10T14:12:54.021,1789029774.0212,6753,-659,-8.45,2163,27.73
2026-09-10T14:12:54.021,1789029774.0212,6754,1499,19.22,2163,27.73
2026-09-10T14:12:54.021,1789029774.0212,6755,1369,17.55,2158,27.67
2026-09-10T14:12:54.021,1789029774.0212,6756,-104,-1.33,2158,27.67
2026-09-10T14:12:54.037,1789029774.0376,6757,-1704,-21.85,3203,41.06
2026-09-10T14:12:54.040,1789029774.0406,6758,1649,21.14,3353,42.99
2026-09-10T14:12:54.040,1789029774.0406,6759,1187,15.22,3353,42.99
2026-09-10T14:12:54.052,1789029774.0526,6760,-314,-4.03,3353,42.99
2026-09-10T14:12:54.052,1789029774.0526,6761,-1673,-21.45,3322,42.59
2026-09-10T14:12:54.052,1789029774.0526,6762,1763,22.6,3436,44.05
2026-09-10T14:12:54.068,1789029774.0683,6763,1016,13.03,3436,44.05
2026-09-10T14:12:54.068,1789029774.0683,6764,-588,-7.54,3436,44.05
2026-09-10T14:12:54.068,1789029774.0683,6765,-1605,-20.58,3368,43.18
2026-09-10T14:12:54.068,1789029774.0683,6766,1790,22.95,3395,43.53
2026-09-10T14:12:54.083,1789029774.0839,6767,855,10.96,3395,43.53
2026-09-10T14:12:54.083,1789029774.0839,6768,-873,-11.19,3395,43.53
2026-09-10T14:12:54.091,1789029774.0917,6769,-1509,-19.35,3299,42.29
2026-09-10T14:12:54.099,1789029774.0996,6770,9,0.12,2364,30.31
2026-09-10T14:12:54.099,1789029774.0996,6771,717,9.19,2226,28.54
2026-09-10T14:12:54.115,1789029774.1153,6772,-1145,-14.68,2226,28.54
2026-09-10T14:12:54.115,1789029774.1153,6773,-1373,-17.6,2090,26.79
2026-09-10T14:12:54.115,1789029774.1153,6774,216,2.77,2090,26.79
2026-09-10T14:12:54.115,1789029774.1153,6775,553,7.09,1926,24.69
2026-09-10T14:12:54.131,1789029774.1311,6776,-1342,-17.21,1926,24.69
2026-09-10T14:12:54.131,1789029774.1311,6777,-1252,-16.05,1895,24.29
2026-09-10T14:12:54.131,1789029774.1311,6778,457,5.86,1895,24.29
2026-09-10T14:12:54.146,1789029774.1469,6779,1787,22.91,3129,40.12
2026-09-10T14:12:54.146,1789029774.1469,6780,-1490,-19.1,3277,42.01
2026-09-10T14:12:54.146,1789029774.1469,6781,-1108,-14.21,3277,42.01
2026-09-10T14:12:54.146,1789029774.1469,6782,749,9.6,3277,42.01
2026-09-10T14:12:54.162,1789029774.1629,6783,1714,21.97,3204,41.08
2026-09-10T14:12:54.162,1789029774.1629,6784,-1614,-20.69,3328,42.67
2026-09-10T14:12:54.162,1789029774.1629,6785,-940,-12.05,3328,42.67
2026-09-10T14:12:54.162,1789029774.1629,6786,1060,13.59,3328,42.67
2026-09-10T14:12:54.178,1789029774.1785,6787,1612,20.67,3226,41.36
2026-09-10T14:12:54.194,1789029774.1947,6788,122,1.56,2552,32.72
2026-09-10T14:12:54.194,1789029774.1947,6789,-748,-9.59,2360,30.26
2026-09-10T14:12:54.194,1789029774.1947,6790,1343,17.22,2360,30.26
2026-09-10T14:12:54.210,1789029774.2103,6791,1453,18.63,2201,28.22
2026-09-10T14:12:54.210,1789029774.2103,6792,40,0.51,2201,28.22
2026-09-10T14:12:54.210,1789029774.2103,6793,-606,-7.77,2059,26.4
2026-09-10T14:12:54.226,1789029774.2260,6794,1552,19.9,2158,27.67
2026-09-10T14:12:54.226,1789029774.2260,6795,1314,16.85,2158,27.67
2026-09-10T14:12:54.241,1789029774.2417,6796,-143,-1.83,2158,27.67
2026-09-10T14:12:54.241,1789029774.2417,6797,-1706,-21.87,3258,41.77
2026-09-10T14:12:54.241,1789029774.2417,6798,1678,21.51,3384,43.38
2026-09-10T14:12:54.257,1789029774.2573,6799,1164,14.92,3384,43.38
2026-09-10T14:12:54.257,1789029774.2573,6800,-365,-4.68,3384,43.38
2026-09-10T14:12:54.257,1789029774.2573,6801,-1663,-21.32,3341,42.83
2026-09-10T14:12:54.273,1789029774.2731,6802,2664,34.15,4327,55.47
2026-09-10T14:12:54.273,1789029774.2731,6803,1770,22.69,4327,55.47
2026-09-10T14:12:54.273,1789029774.2731,6804,-1313,-16.83,4327,55.47
2026-09-10T14:12:54.273,1789029774.2731,6805,-3340,-42.82,6004,76.97
2026-09-10T14:12:54.285,1789029774.2853,6806,3228,41.38,6568,84.21
2026-09-10T14:12:54.288,1789029774.2888,6807,1672,21.44,6568,84.21
2026-09-10T14:12:54.291,1789029774.2918,6808,-1743,-22.35,6568,84.21
2026-09-10T14:12:54.299,1789029774.2991,6809,-3140,-40.26,6368,81.64
2026-09-10T14:12:54.299,1789029774.2991,6810,-292,-3.74,4812,61.69
2026-09-10T14:12:54.304,1789029774.3045,6811,1508,19.33,4648,59.59
2026-09-10T14:12:54.304,1789029774.3045,6812,-2202,-28.23,4648,59.59
2026-09-10T14:12:54.304,1789029774.3045,6813,-2926,-37.51,4434,56.85
2026-09-10T14:12:54.320,1789029774.3205,6814,178,2.28,4434,56.85
2026-09-10T14:12:54.320,1789029774.3205,6815,1255,16.09,4181,53.6
2026-09-10T14:12:54.320,1789029774.3205,6816,-2586,-33.15,4181,53.6
2026-09-10T14:12:54.320,1789029774.3205,6817,-2655,-34.04,3910,50.13
2026-09-10T14:12:54.336,1789029774.3361,6818,691,8.86,3910,50.13
2026-09-10T14:12:54.336,1789029774.3361,6819,3548,45.49,6203,79.53
2026-09-10T14:12:54.336,1789029774.3361,6820,-2905,-37.24,6453,82.73
2026-09-10T14:12:54.351,1789029774.3520,6821,-2366,-30.33,6453,82.73
2026-09-10T14:12:54.367,1789029774.3678,6822,1315,16.86,6453,82.73
2026-09-10T14:12:54.367,1789029774.3678,6823,3442,44.13,6347,81.37
2026-09-10T14:12:54.367,1789029774.3678,6824,-3130,-40.13,6572,84.26
2026-09-10T14:12:54.384,1789029774.3845,6825,-2110,-27.05,6572,84.26
2026-09-10T14:12:54.384,1789029774.3845,6826,1954,25.05,6572,84.26
2026-09-10T14:12:54.391,1789029774.3918,6827,3235,41.47,6365,81.6
2026-09-10T14:12:54.391,1789029774.3918,6828,426,5.46,5345,68.53
2026-09-10T14:12:54.400,1789029774.4006,6829,-1787,-22.91,5022,64.38
2026-09-10T14:12:54.403,1789029774.4033,6830,2428,31.13,5022,64.38
2026-09-10T14:12:54.406,1789029774.4065,6831,2851,36.55,4638,59.46
2026-09-10T14:12:54.409,1789029774.4093,6832,128,1.64,4638,59.46
2026-09-10T14:12:54.410,1789029774.4109,6833,-1424,-18.26,4275,54.81
2026-09-10T14:12:54.415,1789029774.4152,6834,2669,34.22,4275,54.81
2026-09-10T14:12:54.415,1789029774.4152,6835,2391,30.65,4093,52.47
2026-09-10T14:12:54.430,1789029774.4309,6836,-270,-3.46,4093,52.47
2026-09-10T14:12:54.430,1789029774.4309,6837,-3117,-39.96,5786,74.18
2026-09-10T14:12:54.430,1789029774.4309,6838,2611,33.47,5728,73.44
2026-09-10T14:12:54.446,1789029774.4466,6839,1777,22.78,5728,73.44
2026-09-10T14:12:54.446,1789029774.4466,6840,-838,-10.74,5728,73.44
2026-09-10T14:12:54.462,1789029774.4623,6841,-3071,-39.37,5682,72.85
2026-09-10T14:12:54.462,1789029774.4623,6842,2481,31.81,5552,71.18
2026-09-10T14:12:54.478,1789029774.4780,6843,1267,16.24,5552,71.18
2026-09-10T14:12:54.478,1789029774.4780,6844,-1614,-20.69,5552,71.18
2026-09-10T14:12:54.495,1789029774.4952,6845,-3251,-41.68,5732,73.49
2026-09-10T14:12:54.495,1789029774.4952,6846,416,5.33,4518,57.92
2026-09-10T14:12:54.495,1789029774.4952,6847,-770,-9.87,3667,47.01
2026-09-10T14:12:54.495,1789029774.4952,6848,-2631,-33.73,3667,47.01
2026-09-10T14:12:54.510,1789029774.5101,6849,-2945,-37.76,3361,43.09
2026-09-10T14:12:54.510,1789029774.5101,6850,-1265,-16.22,2175,27.88
2026-09-10T14:12:54.510,1789029774.5101,6851,-582,-7.46,2363,30.29
2026-09-10T14:12:54.510,1789029774.5101,6852,-2388,-30.62,2363,30.29
2026-09-10T14:12:54.510,1789029774.5101,6853,-2323,-29.78,1806,23.15
2026-09-10T14:12:54.525,1789029774.5251,6854,-598,-7.67,1806,23.15
2026-09-10T14:12:54.525,1789029774.5251,6855,-323,-4.14,2065,26.47
2026-09-10T14:12:54.540,1789029774.5408,6856,-2118,-27.15,2000,25.64
2026-09-10T14:12:54.540,1789029774.5408,6857,-1741,-22.32,1795,23.01
2026-09-10T14:12:54.540,1789029774.5408,6858,117,1.5,2235,28.65
2026-09-10T14:12:54.540,1789029774.5408,6859,1309,16.78,3427,43.94
2026-09-10T14:12:54.556,1789029774.5565,6860,-1856,-23.79,3165,40.58
2026-09-10T14:12:54.556,1789029774.5565,6861,-1193,-15.29,3165,40.58
2026-09-10T14:12:54.556,1789029774.5565,6862,824,10.56,3165,40.58
2026-09-10T14:12:54.556,1789029774.5565,6863,1613,20.68,3469,44.47
2026-09-10T14:12:54.572,1789029774.5723,6864,-1566,-20.08,3179,40.76
2026-09-10T14:12:54.579,1789029774.5799,6865,-700,-8.97,3179,40.76
2026-09-10T14:12:54.579,1789029774.5799,6866,1486,19.05,3179,40.76
2026-09-10T14:12:54.579,1789029774.5799,6867,1829,23.45,3395,43.53
2026-09-10T14:12:54.588,1789029774.5885,6868,366,4.69,2529,32.42
2026-09-10T14:12:54.591,1789029774.5919,6869,-207,-2.65,2036,26.1
2026-09-10T14:12:54.591,1789029774.5919,6870,2014,25.82,2221,28.47
2026-09-10T14:12:54.603,1789029774.6037,6871,1898,24.33,2221,28.47
2026-09-10T14:12:54.619,1789029774.6195,6872,503,6.45,2221,28.47
2026-09-10T14:12:54.619,1789029774.6195,6873,177,2.27,1837,23.55
2026-09-10T14:12:54.619,1789029774.6195,6874,2384,30.56,2207,28.29
2026-09-10T14:12:54.619,1789029774.6195,6875,1919,24.6,2207,28.29
2026-09-10T14:12:54.619,1789029774.6195,6876,472,6.05,2207,28.29
2026-09-10T14:12:54.635,1789029774.6353,6877,-834,-10.69,3218,41.26
2026-09-10T14:12:54.635,1789029774.6353,6878,2595,33.27,3429,43.96
2026-09-10T14:12:54.635,1789029774.6353,6879,1873,24.01,3429,43.96
2026-09-10T14:12:54.651,1789029774.6511,6880,261,3.35,3429,43.96
2026-09-10T14:12:54.651,1789029774.6511,6881,-732,-9.38,3327,42.65
2026-09-10T14:12:54.651,1789029774.6511,6882,2720,34.87,3452,44.26
2026-09-10T14:12:54.651,1789029774.6511,6883,1734,22.23,3452,44.26
2026-09-10T14:12:54.666,1789029774.6668,6884,7,0.09,3452,44.26
2026-09-10T14:12:54.666,1789029774.6668,6885,-581,-7.45,3301,42.32
2026-09-10T14:12:54.682,1789029774.6824,6886,2773,35.55,3354,43.0
2026-09-10T14:12:54.691,1789029774.6919,6887,1646,21.1,3354,43.0
2026-09-10T14:12:54.698,1789029774.6981,6888,-144,-1.85,3354,43.0
2026-09-10T14:12:54.698,1789029774.6981,6889,-292,-3.74,3065,39.29
2026-09-10T14:12:54.698,1789029774.6981,6890,1382,17.72,1938,24.85
2026-09-10T14:12:54.713,1789029774.7139,6891,1649,21.14,1941,24.88
2026-09-10T14:12:54.713,1789029774.7139,6892,-218,-2.79,1941,24.88
2026-09-10T14:12:54.713,1789029774.7139,6893,-81,-1.04,1867,23.94
2026-09-10T14:12:54.729,1789029774.7298,6894,1599,20.5,1867,23.94
2026-09-10T14:12:54.729,1789029774.7298,6895,1322,16.95,1817,23.29
2026-09-10T14:12:54.729,1789029774.7298,6896,-615,-7.88,2214,28.38
2026-09-10T14:12:54.745,1789029774.7457,6897,-157,-2.01,2214,28.38
2026-09-10T14:12:54.745,1789029774.7457,6898,1624,20.82,2239,28.71
2026-09-10T14:12:54.745,1789029774.7457,6899,2474,31.72,3089,39.6
2026-09-10T14:12:54.745,1789029774.7457,6900,-980,-12.56,3454,44.28
2026-09-10T14:12:54.745,1789029774.7457,6901,-248,-3.18,3454,44.28
2026-09-10T14:12:54.761,1789029774.7615,6902,1717,22.01,3454,44.28
2026-09-10T14:12:54.761,1789029774.7615,6903,2126,27.26,3106,39.82
2026-09-10T14:12:54.761,1789029774.7615,6904,-1260,-16.15,3386,43.41
2026-09-10T14:12:54.761,1789029774.7615,6905,-303,-3.88,3386,43.41
2026-09-10T14:12:54.777,1789029774.7774,6906,1826,23.41,3386,43.41
2026-09-10T14:12:54.777,1789029774.7774,6907,1811,23.22,3086,39.56
2026-09-10T14:12:54.777,1789029774.7774,6908,228,2.92,2129,27.29
2026-09-10T14:12:54.793,1789029774.7938,6909,-263,-3.37,2089,26.78
2026-09-10T14:12:54.799,1789029774.7991,6910,1886,24.18,2149,27.55
2026-09-10T14:12:54.808,1789029774.8088,6911,1518,19.46,2149,27.55
2026-09-10T14:12:54.808,1789029774.8088,6912,-51,-0.65,2149,27.55
2026-09-10T14:12:54.808,1789029774.8088,6913,-221,-2.83,2107,27.01
2026-09-10T14:12:54.808,1789029774.8088,6914,1924,24.67,2145,27.5
2026-09-10T14:12:54.824,1789029774.8246,6915,1264,16.21,2145,27.5
2026-09-10T14:12:54.824,1789029774.8246,6916,-397,-5.09,2321,29.76
2026-09-10T14:12:54.824,1789029774.8246,6917,-1603,-20.55,3527,45.22
2026-09-10T14:12:54.824,1789029774.8246,6918,2023,25.94,3626,46.49
2026-09-10T14:12:54.840,1789029774.8405,6919,1088,13.95,3626,46.49
2026-09-10T14:12:54.840,1789029774.8405,6920,-673,-8.63,3626,46.49
2026-09-10T14:12:54.856,1789029774.8565,6921,-1482,-19.0,3505,44.94
2026-09-10T14:12:54.856,1789029774.8565,6922,2095,26.86,3577,45.86
2026-09-10T14:12:54.856,1789029774.8565,6923,927,11.88,3577,45.86
2026-09-10T14:12:54.856,1789029774.8565,6924,-957,-12.27,3577,45.86
2026-09-10T14:12:54.856,1789029774.8565,6925,-1345,-17.24,3440,44.1
2026-09-10T14:12:54.875,1789029774.8751,6926,2119,27.17,3464,44.41
2026-09-10T14:12:54.892,1789029774.8926,6927,779,9.99,3464,44.41
2026-09-10T14:12:54.892,1789029774.8926,6928,-1237,-15.86,3464,44.41
2026-09-10T14:12:54.904,1789029774.9046,6929,-1212,-15.54,3356,43.03
2026-09-10T14:12:54.904,1789029774.9046,6930,605,7.76,2016,25.85
2026-09-10T14:12:54.904,1789029774.9046,6931,575,7.37,1842,23.62
2026-09-10T14:12:54.904,1789029774.9046,6932,-1448,-18.56,2053,26.32
2026-09-10T14:12:54.919,1789029774.9199,6933,-1030,-13.21,2053,26.32
2026-09-10T14:12:54.919,1789029774.9199,6934,850,10.9,2298,29.46
2026-09-10T14:12:54.919,1789029774.9199,6935,371,4.76,2298,29.46
2026-09-10T14:12:54.935,1789029774.9356,6936,-1595,-20.45,2445,31.35
2026-09-10T14:12:54.935,1789029774.9356,6937,-893,-11.45,2445,31.35
2026-09-10T14:12:54.951,1789029774.9515,6938,1163,14.91,2758,35.36
2026-09-10T14:12:54.951,1789029774.9515,6939,1938,24.85,3533,45.29
2026-09-10T14:12:54.951,1789029774.9515,6940,-1698,-21.77,3636,46.62
2026-09-10T14:12:54.951,1789029774.9515,6941,-703,-9.01,3636,46.62
2026-09-10T14:12:54.951,1789029774.9515,6942,1495,19.17,3636,46.62
2026-09-10T14:12:54.951,1789029774.9515,6943,1770,22.69,3468,44.46
2026-09-10T14:12:54.967,1789029774.9673,6944,-1750,-22.44,3520,45.13
2026-09-10T14:12:54.967,1789029774.9673,6945,-535,-6.86,3520,45.13
2026-09-10T14:12:54.967,1789029774.9673,6946,1751,22.45,3520,45.13
2026-09-10T14:12:54.983,1789029774.9834,6947,1621,20.78,3501,44.88
2026-09-10T14:12:54.983,1789029774.9834,6948,-94,-1.21,2286,29.31
2026-09-10T14:12:54.992,1789029774.9924,6949,-358,-4.59,2109,27.04
2026-09-10T14:12:54.999,1789029774.9991,6950,1927,24.71,2285,29.29
2026-09-10T14:12:54.999,1789029774.9991,6951,1379,17.68,2285,29.29
2026-09-10T14:12:54.999,1789029774.9991,6952,-290,-3.72,2285,29.29
2026-09-10T14:12:55.020,1789029775.0204,6953,-174,-2.23,2217,28.42
2026-09-10T14:12:55.022,1789029775.0225,6954,2051,26.29,2341,30.01
2026-09-10T14:12:55.022,1789029775.0225,6955,1195,15.32,2341,30.01
2026-09-10T14:12:55.030,1789029775.0304,6956,-582,-7.46,2633,33.76
2026-09-10T14:12:55.038,1789029775.0383,6957,-1680,-21.54,3731,47.83
2026-09-10T14:12:55.038,1789029775.0383,6958,2075,26.6,3755,48.14
2026-09-10T14:12:55.047,1789029775.0473,6959,963,12.35,3755,48.14
2026-09-10T14:12:55.047,1789029775.0473,6960,-909,-11.65,3755,48.14
2026-09-10T14:12:55.061,1789029775.0618,6961,-1578,-20.23,3653,46.83
2026-09-10T14:12:55.061,1789029775.0618,6962,2068,26.51,3646,46.74
2026-09-10T14:12:55.061,1789029775.0618,6963,784,10.05,3646,46.74
2026-09-10T14:12:55.061,1789029775.0618,6964,-1183,-15.17,3646,46.74
2026-09-10T14:12:55.061,1789029775.0618,6965,-1438,-18.44,3506,44.95
2026-09-10T14:12:55.077,1789029775.0775,6966,395,5.06,2222,28.49
2026-09-10T14:12:55.077,1789029775.0775,6967,601,7.71,2039,26.14
2026-09-10T14:12:55.077,1789029775.0775,6968,-1429,-18.32,2039,26.14
2026-09-10T14:12:55.077,1789029775.0775,6969,-1247,-15.99,2030,26.03
2026-09-10T14:12:55.093,1789029775.0934,6970,610,7.82,2039,26.14
2026-09-10T14:12:55.093,1789029775.0934,6971,435,5.58,2039,26.14
2026-09-10T14:12:55.109,1789029775.1090,6972,-1615,-20.71,2225,28.53
2026-09-10T14:12:55.124,1789029775.1249,6973,-1084,-13.9,2225,28.53
2026-09-10T14:12:55.130,1789029775.1307,6974,920,11.79,2535,32.5
2026-09-10T14:12:55.132,1789029775.1327,6975,265,3.4,2535,32.5
2026-09-10T14:12:55.132,1789029775.1327,6976,-1748,-22.41,2668,34.21
2026-09-10T14:12:55.140,1789029775.1405,6977,-886,-11.36,2668,34.21
2026-09-10T14:12:55.140,1789029775.1405,6978,1266,16.23,3014,38.64
2026-09-10T14:12:55.156,1789029775.1563,6979,1845,23.65,3593,46.06
2026-09-10T14:12:55.156,1789029775.1563,6980,-1839,-23.58,3684,47.23
2026-09-10T14:12:55.172,1789029775.1721,6981,-735,-9.42,3684,47.23
2026-09-10T14:12:55.172,1789029775.1721,6982,1531,19.63,3684,47.23
2026-09-10T14:12:55.191,1789029775.1917,6983,1657,21.24,3496,44.82
2026-09-10T14:12:55.194,1789029775.1946,6984,-1905,-24.42,3562,45.67
2026-09-10T14:12:55.196,1789029775.1967,6985,-561,-7.19,3562,45.67
2026-09-10T14:12:55.199,1789029775.1994,6986,1741,22.32,3646,46.74
2026-09-10T14:12:55.200,1789029775.2000,6987,1442,18.49,3646,46.74
2026-09-10T14:12:55.203,1789029775.2037,6988,-287,-3.68,2302,29.51
2026-09-10T14:12:55.203,1789029775.2037,6989,-411,-5.27,2152,27.59
2026-09-10T14:12:55.203,1789029775.2037,6990,1903,24.4,2314,29.67
2026-09-10T14:12:55.203,1789029775.2037,6991,1223,15.68,2314,29.67
2026-09-10T14:12:55.219,1789029775.2194,6992,-509,-6.53,2412,30.92
2026-09-10T14:12:55.219,1789029775.2194,6993,-228,-2.92,2412,30.92
2026-09-10T14:12:55.219,1789029775.2194,6994,1989,25.5,2498,32.03
2026-09-10T14:12:55.219,1789029775.2194,6995,1009,12.94,2498,32.03
2026-09-10T14:12:55.235,1789029775.2353,6996,-791,-10.14,2780,35.64
2026-09-10T14:12:55.235,1789029775.2353,6997,-1800,-23.08,3789,48.58
2026-09-10T14:12:55.235,1789029775.2353,6998,2004,25.69,3804,48.77
2026-09-10T14:12:55.235,1789029775.2353,6999,816,10.46,3804,48.77
2026-09-10T14:12:55.250,1789029775.2509,7000,-1120,-14.36,3804,48.77
2026-09-10T14:12:55.250,1789029775.2509,7001,-1675,-21.47,3679,47.17
2026-09-10T14:12:55.250,1789029775.2509,7002,2023,25.94,3698,47.41
2026-09-10T14:12:55.266,1789029775.2666,7003,607,7.78,3698,47.41
2026-09-10T14:12:55.266,1789029775.2666,7004,-1435,-18.4,3698,47.41
2026-09-10T14:12:55.266,1789029775.2666,7005,-1502,-19.26,3525,45.19
2026-09-10T14:12:55.282,1789029775.2823,7006,328,4.21,2109,27.04
2026-09-10T14:12:55.282,1789029775.2823,7007,423,5.42,1925,24.68
2026-09-10T14:12:55.292,1789029775.2925,7008,-1663,-21.32,2086,26.74
2026-09-10T14:12:55.297,1789029775.2980,7009,-1332,-17.08,2086,26.74
2026-09-10T14:12:55.297,1789029775.2980,7010,545,6.99,2208,28.31
2026-09-10T14:12:55.297,1789029775.2980,7011,231,2.96,2208,28.31
2026-09-10T14:12:55.313,1789029775.3136,7012,-1822,-23.36,2367,30.35
2026-09-10T14:12:55.313,1789029775.3136,7013,-1154,-14.79,2367,30.35
2026-09-10T14:12:55.313,1789029775.3136,7014,870,11.15,2692,34.51
2026-09-10T14:12:55.329,1789029775.3293,7015,64,0.82,2692,34.51
2026-09-10T14:12:55.329,1789029775.3293,7016,-1957,-25.09,2827,36.24
2026-09-10T14:12:55.329,1789029775.3293,7017,-997,-12.78,2827,36.24
2026-09-10T14:12:55.329,1789029775.3293,7018,1199,15.37,3156,40.46
2026-09-10T14:12:55.329,1789029775.3293,7019,1702,21.82,3659,46.91
2026-09-10T14:12:55.345,1789029775.3451,7020,-2028,-26.0,3730,47.82
2026-09-10T14:12:55.345,1789029775.3451,7021,-804,-10.31,3730,47.82
2026-09-10T14:12:55.360,1789029775.3609,7022,1527,19.58,3730,47.82
2026-09-10T14:12:55.360,1789029775.3609,7023,1533,19.65,3561,45.65
2026-09-10T14:12:55.376,1789029775.3767,7024,-2016,-25.85,3549,45.5
2026-09-10T14:12:55.382,1789029775.3824,7025,-604,-7.74,3549,45.5
2026-09-10T14:12:55.382,1789029775.3824,7026,1758,22.54,3774,48.38
2026-09-10T14:12:55.382,1789029775.3824,7027,1339,17.17,3774,48.38
2026-09-10T14:12:55.393,1789029775.3930,7028,-394,-5.05,2362,30.28
2026-09-10T14:12:55.393,1789029775.3930,7029,-413,-5.29,2171,27.83
2026-09-10T14:12:55.393,1789029775.3930,7030,1897,24.32,2310,29.62
2026-09-10T14:12:55.408,1789029775.4081,7031,1142,14.64,2310,29.62
2026-09-10T14:12:55.423,1789029775.4237,7032,-635,-8.14,2532,32.46
2026-09-10T14:12:55.423,1789029775.4237,7033,-209,-2.68,2532,32.46
2026-09-10T14:12:55.423,1789029775.4237,7034,1988,25.49,2623,33.63
2026-09-10T14:12:55.439,1789029775.4394,7035,948,12.15,2623,33.63
2026-09-10T14:12:55.439,1789029775.4394,7036,-904,-11.59,2892,37.08
2026-09-10T14:12:55.439,1789029775.4394,7037,-1784,-22.87,3772,48.36
2026-09-10T14:12:55.439,1789029775.4394,7038,2027,25.99,3811,48.86
2026-09-10T14:12:55.455,1789029775.4551,7039,755,9.68,3811,48.86
2026-09-10T14:12:55.455,1789029775.4551,7040,-1220,-15.64,3811,48.86
2026-09-10T14:12:55.455,1789029775.4551,7041,-1623,-20.81,3650,46.79
2026-09-10T14:12:55.455,1789029775.4551,7042,2022,25.92,3645,46.73
2026-09-10T14:12:55.470,1789029775.4708,7043,575,7.37,3645,46.73
2026-09-10T14:12:55.470,1789029775.4708,7044,-1500,-19.23,3645,46.73
2026-09-10T14:12:55.470,1789029775.4708,7045,-1458,-18.69,3522,45.15
2026-09-10T14:12:55.470,1789029775.4708,7046,416,5.33,2075,26.6
2026-09-10T14:12:55.486,1789029775.4865,7047,414,5.31,1916,24.56
2026-09-10T14:12:55.486,1789029775.4865,7048,-1703,-21.83,2119,27.17
2026-09-10T14:12:55.492,1789029775.4924,7049,-1241,-15.91,2119,27.17
2026-09-10T14:12:55.492,1789029775.4924,7050,692,8.87,2395,30.71
2026-09-10T14:12:55.502,1789029775.5022,7051,222,2.85,2395,30.71
2026-09-10T14:12:55.502,1789029775.5022,7052,-1843,-23.63,2535,32.5
2026-09-10T14:12:55.517,1789029775.5179,7053,-1068,-13.69,2535,32.5
2026-09-10T14:12:55.517,1789029775.5179,7054,1004,12.87,2847,36.5
2026-09-10T14:12:55.517,1789029775.5179,7055,61,0.78,2847,36.5
2026-09-10T14:12:55.517,1789029775.5179,7056,-1931,-24.76,2935,37.63
2026-09-10T14:12:55.533,1789029775.5338,7057,-908,-11.64,2935,37.63
2026-09-10T14:12:55.533,1789029775.5338,7058,1368,17.54,3299,42.29
2026-09-10T14:12:55.549,1789029775.5495,7059,1703,21.83,3634,46.59
2026-09-10T14:12:55.549,1789029775.5495,7060,-1984,-25.44,3687,47.27
2026-09-10T14:12:55.549,1789029775.5495,7061,-720,-9.23,3687,47.27
2026-09-10T14:12:55.565,1789029775.5652,7062,1647,21.12,3687,47.27
2026-09-10T14:12:55.565,1789029775.5652,7063,1521,19.5,3631,46.55
2026-09-10T14:12:55.565,1789029775.5652,7064,-2000,-25.64,3647,46.76
2026-09-10T14:12:55.565,1789029775.5652,7065,-529,-6.78,3647,46.76
2026-09-10T14:12:55.584,1789029775.5841,7066,1825,23.4,3825,49.04
2026-09-10T14:12:55.587,1789029775.5878,7067,1290,16.54,3825,49.04
2026-09-10T14:12:55.593,1789029775.5933,7068,-471,-6.04,2354,30.18
2026-09-10T14:12:55.596,1789029775.5966,7069,-397,-5.09,2296,29.44
2026-09-10T14:12:55.596,1789029775.5966,7070,1912,24.51,2383,30.55
2026-09-10T14:12:55.596,1789029775.5966,7071,1069,13.71,2383,30.55
2026-09-10T14:12:55.612,1789029775.6123,7072,-747,-9.58,2659,34.09
2026-09-10T14:12:55.612,1789029775.6123,7073,-229,-2.94,2659,34.09
2026-09-10T14:12:55.628,1789029775.6284,7074,1968,25.23,2715,34.81
2026-09-10T14:12:55.628,1789029775.6284,7075,841,10.78,2715,34.81
2026-09-10T14:12:55.628,1789029775.6284,7076,-1083,-13.88,3051,39.12
2026-09-10T14:12:55.644,1789029775.6440,7077,-1846,-23.67,3814,48.9
2026-09-10T14:12:55.644,1789029775.6440,7078,1981,25.4,3827,49.06
2026-09-10T14:12:55.644,1789029775.6440,7079,641,8.22,3827,49.06
2026-09-10T14:12:55.659,1789029775.6598,7080,-1429,-18.32,3827,49.06
2026-09-10T14:12:55.659,1789029775.6598,7081,-1728,-22.15,3709,47.55
2026-09-10T14:12:55.675,1789029775.6756,7082,1966,25.21,3694,47.36
2026-09-10T14:12:55.675,1789029775.6756,7083,443,5.68,3694,47.36
2026-09-10T14:12:55.692,1789029775.6927,7084,-1703,-21.83,3694,47.36
2026-09-10T14:12:55.692,1789029775.6927,7085,-1556,-19.95,3669,47.04
2026-09-10T14:12:55.692,1789029775.6927,7086,398,5.1,2146,27.51
2026-09-10T14:12:55.692,1789029775.6927,7087,277,3.55,2101,26.94
2026-09-10T14:12:55.692,1789029775.6927,7088,-1912,-24.51,2310,29.62
2026-09-10T14:12:55.706,1789029775.7069,7089,-1377,-17.65,2310,29.62
2026-09-10T14:12:55.706,1789029775.7069,7090,672,8.62,2584,33.13
2026-09-10T14:12:55.706,1789029775.7069,7091,94,1.21,2584,33.13
2026-09-10T14:12:55.706,1789029775.7069,7092,-2070,-26.54,2742,35.15
2026-09-10T14:12:55.723,1789029775.7230,7093,-1198,-15.36,2742,35.15
2026-09-10T14:12:55.723,1789029775.7230,7094,1023,13.12,3093,39.65
2026-09-10T14:12:55.723,1789029775.7230,7095,-72,-0.92,3093,39.65
2026-09-10T14:12:55.738,1789029775.7387,7096,-2144,-27.49,3167,40.6
2026-09-10T14:12:55.738,1789029775.7387,7097,-1004,-12.87,3167,40.6
2026-09-10T14:12:55.738,1789029775.7387,7098,1404,18.0,3548,45.49
2026-09-10T14:12:55.738,1789029775.7387,7099,1599,20.5,3743,47.99
2026-09-10T14:12:55.738,1789029775.7387,7100,-2182,-27.97,3781,48.47
2026-09-10T14:12:55.754,1789029775.7544,7101,-814,-10.44,3781,48.47
2026-09-10T14:12:55.754,1789029775.7544,7102,1673,21.45,3855,49.42
2026-09-10T14:12:55.770,1789029775.7700,7103,1427,18.29,3855,49.42
2026-09-10T14:12:55.770,1789029775.7700,7104,-2161,-27.71,3834,49.15
2026-09-10T14:12:55.770,1789029775.7700,7105,-633,-8.12,3834,49.15
2026-09-10T14:12:55.770,1789029775.7700,7106,1846,23.67,4007,51.37
2026-09-10T14:12:55.770,1789029775.7700,7107,1230,15.77,4007,51.37
2026-09-10T14:12:55.786,1789029775.7861,7108,-602,-7.72,2479,31.78
2026-09-10T14:12:55.792,1789029775.7926,7109,-440,-5.64,2448,31.38
2026-09-10T14:12:55.801,1789029775.8018,7110,1966,25.21,2568,32.92
2026-09-10T14:12:55.801,1789029775.8018,7111,1022,13.1,2568,32.92
2026-09-10T14:12:55.817,1789029775.8175,7112,-914,-11.72,2880,36.92
2026-09-10T14:12:55.817,1789029775.8175,7113,-242,-3.1,2880,36.92
2026-09-10T14:12:55.817,1789029775.8175,7114,2047,26.24,2961,37.96
2026-09-10T14:12:55.833,1789029775.8332,7115,799,10.24,2961,37.96
2026-09-10T14:12:55.833,1789029775.8332,7116,-1284,-16.46,3331,42.71
2026-09-10T14:12:55.833,1789029775.8332,7117,-1991,-25.53,4038,51.77
2026-09-10T14:12:55.833,1789029775.8332,7118,2045,26.22,4036,51.74
2026-09-10T14:12:55.833,1789029775.8332,7119,593,7.6,4036,51.74
2026-09-10T14:12:55.833,1789029775.8332,7120,-1634,-20.95,4036,51.74
2026-09-10T14:12:55.848,1789029775.8488,7121,-1811,-23.22,3856,49.44
2026-09-10T14:12:55.848,1789029775.8488,7122,2039,26.14,3850,49.36
2026-09-10T14:12:55.848,1789029775.8488,7123,391,5.01,3850,49.36
2026-09-10T14:12:55.864,1789029775.8645,7124,-1914,-24.54,3953,50.68
2026-09-10T14:12:55.880,1789029775.8806,7125,-1655,-21.22,3953,50.68
2026-09-10T14:12:55.880,1789029775.8806,7126,368,4.72,2305,29.55
2026-09-10T14:12:55.892,1789029775.8927,7127,167,2.14,2282,29.26
2026-09-10T14:12:55.896,1789029775.8969,7128,-2138,-27.41,2506,32.13
2026-09-10T14:12:55.896,1789029775.8969,7129,-1474,-18.9,2506,32.13
2026-09-10T14:12:55.896,1789029775.8969,7130,724,9.28,2862,36.69
2026-09-10T14:12:55.911,1789029775.9120,7131,10,0.13,2862,36.69
2026-09-10T14:12:55.911,1789029775.9120,7132,-2254,-28.9,2978,38.18
2026-09-10T14:12:55.927,1789029775.9277,7133,-1293,-16.58,2978,38.18
2026-09-10T14:12:55.927,1789029775.9277,7134,1100,14.1,3354,43.0
2026-09-10T14:12:55.943,1789029775.9434,7135,-148,-1.9,3354,43.0
2026-09-10T14:12:55.943,1789029775.9434,7136,-2327,-29.83,3427,43.94
2026-09-10T14:12:55.943,1789029775.9434,7137,-1082,-13.87,3427,43.94
2026-09-10T14:12:55.943,1789029775.9434,7138,1498,19.21,3825,49.04
2026-09-10T14:12:55.943,1789029775.9434,7139,1656,21.23,3983,51.06
2026-09-10T14:12:55.959,1789029775.9591,7140,-2305,-29.55,3961,50.78
2026-09-10T14:12:55.959,1789029775.9591,7141,-848,-10.87,3961,50.78
2026-09-10T14:12:55.959,1789029775.9591,7142,1803,23.12,4108,52.67
2026-09-10T14:12:55.959,1789029775.9591,7143,1476,18.92,4108,52.67
2026-09-10T14:12:55.976,1789029775.9764,7144,-2300,-29.49,4103,52.6
2026-09-10T14:12:55.984,1789029775.9845,7145,-623,-7.99,4103,52.6
2026-09-10T14:12:55.986,1789029775.9861,7146,2004,25.69,4304,55.18
2026-09-10T14:12:55.990,1789029775.9905,7147,1332,17.08,4304,55.18
2026-09-10T14:12:55.993,1789029775.9930,7148,-689,-8.83,2693,34.53
2026-09-10T14:12:55.993,1789029775.9930,7149,-414,-5.31,2693,34.53
2026-09-10T14:12:55.993,1789029775.9930,7150,2156,27.64,2845,36.47
2026-09-10T14:12:56.006,1789029776.0062,7151,1131,14.5,2845,36.47
2026-09-10T14:12:56.006,1789029776.0062,7152,-973,-12.47,3129,40.12
2026-09-10T14:12:56.006,1789029776.0062,7153,-165,-2.12,3129,40.12
2026-09-10T14:12:56.021,1789029776.0218,7154,2292,29.38,3265,41.86
2026-09-10T14:12:56.021,1789029776.0218,7155,987,12.65,3265,41.86
2026-09-10T14:12:56.021,1789029776.0218,7156,-1321,-16.94,3613,46.32
2026-09-10T14:12:56.021,1789029776.0218,7157,-2016,-25.85,4308,55.23
2026-09-10T14:12:56.037,1789029776.0375,7158,2356,30.21,4372,56.05
2026-09-10T14:12:56.037,1789029776.0375,7159,823,10.55,4372,56.05
2026-09-10T14:12:56.054,1789029776.0542,7160,-1641,-21.04,4372,56.05
2026-09-10T14:12:56.055,1789029776.0552,7161,-1830,-23.46,4186,53.67
2026-09-10T14:12:56.055,1789029776.0552,7162,2424,31.08,4254,54.54
2026-09-10T14:12:56.069,1789029776.0691,7163,678,8.69,4254,54.54
2026-09-10T14:12:56.069,1789029776.0691,7164,-1888,-24.21,4312,55.28
2026-09-10T14:12:56.069,1789029776.0691,7165,-1613,-20.68,4312,55.28
2026-09-10T14:12:56.069,1789029776.0691,7166,605,7.76,2566,32.9
2026-09-10T14:12:56.084,1789029776.0847,7167,522,6.69,2493,31.96
2026-09-10T14:12:56.084,1789029776.0847,7168,-2076,-26.62,2681,34.37
2026-09-10T14:12:56.093,1789029776.0931,7169,-1408,-18.05,2681,34.37
2026-09-10T14:12:56.093,1789029776.0931,7170,1021,13.09,3097,39.71
2026-09-10T14:12:56.100,1789029776.1004,7171,356,4.56,3097,39.71
2026-09-10T14:12:56.100,1789029776.1004,7172,-2205,-28.27,3226,41.36
2026-09-10T14:12:56.100,1789029776.1004,7173,-1181,-15.14,3226,41.36
2026-09-10T14:12:56.116,1789029776.1161,7174,1472,18.87,3677,47.14
2026-09-10T14:12:56.131,1789029776.1319,7175,2238,28.69,4443,56.96
2026-09-10T14:12:56.131,1789029776.1319,7176,-2259,-28.96,4497,57.65
2026-09-10T14:12:56.131,1789029776.1319,7177,-995,-12.76,4497,57.65
2026-09-10T14:12:56.147,1789029776.1476,7178,1877,24.06,4497,57.65
2026-09-10T14:12:56.147,1789029776.1476,7179,2058,26.38,4317,55.35
2026-09-10T14:12:56.147,1789029776.1476,7180,-2274,-29.15,4332,55.54
2026-09-10T14:12:56.163,1789029776.1633,7181,-773,-9.91,4332,55.54
2026-09-10T14:12:56.163,1789029776.1633,7182,2130,27.31,4404,56.46
2026-09-10T14:12:56.187,1789029776.1871,7183,1889,24.22,4404,56.46
2026-09-10T14:12:56.187,1789029776.1871,7184,-2293,-29.4,4423,56.71
2026-09-10T14:12:56.195,1789029776.1951,7185,-580,-7.44,4423,56.71
2026-09-10T14:12:56.195,1789029776.1951,7186,2330,29.87,4623,59.27
2026-09-10T14:12:56.195,1789029776.1951,7187,1653,21.19,4623,59.27
2026-09-10T14:12:56.195,1789029776.1951,7188,-514,-6.59,2910,37.31
2026-09-10T14:12:56.195,1789029776.1951,7189,-395,-5.06,2844,36.46
2026-09-10T14:12:56.195,1789029776.1951,7190,2431,31.17,2945,37.76
2026-09-10T14:12:56.210,1789029776.2108,7191,1405,18.01,2945,37.76
2026-09-10T14:12:56.210,1789029776.2108,7192,-928,-11.9,3359,43.06
2026-09-10T14:12:56.210,1789029776.2108,7193,-168,-2.15,3359,43.06
2026-09-10T14:12:56.210,1789029776.2108,7194,2497,32.01,3425,43.91
2026-09-10T14:12:56.226,1789029776.2265,7195,1155,14.81,3425,43.91
2026-09-10T14:12:56.226,1789029776.2265,7196,-1370,-17.56,3867,49.58
2026-09-10T14:12:56.226,1789029776.2265,7197,-2080,-26.67,4577,58.68
2026-09-10T14:12:56.226,1789029776.2265,7198,2512,32.21,4592,58.87
2026-09-10T14:12:56.242,1789029776.2423,7199,954,12.23,4592,58.87
2026-09-10T14:12:56.242,1789029776.2423,7200,-1730,-22.18,4592,58.87
2026-09-10T14:12:56.258,1789029776.2580,7201,-1883,-24.14,4395,56.35
2026-09-10T14:12:56.258,1789029776.2580,7202,2495,31.99,4378,56.13
2026-09-10T14:12:56.258,1789029776.2580,7203,757,9.71,4378,56.13
2026-09-10T14:12:56.258,1789029776.2580,7204,-2006,-25.72,4501,57.71
2026-09-10T14:12:56.273,1789029776.2737,7205,-1686,-21.62,4501,57.71
2026-09-10T14:12:56.273,1789029776.2737,7206,673,8.63,2763,35.42
2026-09-10T14:12:56.273,1789029776.2737,7207,548,7.03,2679,34.35
2026-09-10T14:12:56.289,1789029776.2894,7208,-2202,-28.23,2875,36.86
2026-09-10T14:12:56.293,1789029776.2933,7209,-1477,-18.94,2875,36.86
2026-09-10T14:12:56.305,1789029776.3051,7210,1093,14.01,3295,42.24
2026-09-10T14:12:56.305,1789029776.3051,7211,339,4.35,3295,42.24
2026-09-10T14:12:56.305,1789029776.3051,7212,-2322,-29.77,3415,43.78
2026-09-10T14:12:56.320,1789029776.3207,7213,-1281,-16.42,3415,43.78
2026-09-10T14:12:56.320,1789029776.3207,7214,1528,19.59,3850,49.36
2026-09-10T14:12:56.330,1789029776.3308,7215,2166,27.77,4488,57.54
2026-09-10T14:12:56.336,1789029776.3364,7216,-2403,-30.81,4569,58.58
2026-09-10T14:12:56.336,1789029776.3364,7217,-1085,-13.91,4569,58.58
2026-09-10T14:12:56.352,1789029776.3524,7218,1891,24.24,4569,58.58
2026-09-10T14:12:56.352,1789029776.3524,7219,1959,25.12,4362,55.92
2026-09-10T14:12:56.354,1789029776.3544,7220,-2428,-31.13,4387,56.24
2026-09-10T14:12:56.356,1789029776.3565,7221,-858,-11.0,4387,56.24
2026-09-10T14:12:56.356,1789029776.3565,7222,2149,27.55,4577,58.68
2026-09-10T14:12:56.360,1789029776.3609,7223,1757,22.53,4577,58.68
2026-09-10T14:12:56.369,1789029776.3695,7224,-2405,-30.83,4554,58.38
2026-09-10T14:12:56.371,1789029776.3711,7225,-612,-7.85,4554,58.38
2026-09-10T14:12:56.387,1789029776.3879,7226,2303,29.53,4708,60.36
2026-09-10T14:12:56.391,1789029776.3912,7227,1530,19.62,4708,60.36
2026-09-10T14:12:56.393,1789029776.3932,7228,-736,-9.44,3039,38.96
2026-09-10T14:12:56.393,1789029776.3932,7229,-380,-4.87,3039,38.96
2026-09-10T14:12:56.399,1789029776.4000,7230,2401,30.78,3137,40.22
2026-09-10T14:12:56.399,1789029776.4000,7231,1280,16.41,3137,40.22
2026-09-10T14:12:56.415,1789029776.4158,7232,-1133,-14.53,3534,45.31
2026-09-10T14:12:56.415,1789029776.4158,7233,-148,-1.9,3534,45.31
2026-09-10T14:12:56.415,1789029776.4158,7234,2421,31.04,3554,45.56
2026-09-10T14:12:56.431,1789029776.4315,7235,1063,13.63,3554,45.56
2026-09-10T14:12:56.431,1789029776.4315,7236,-1525,-19.55,3946,50.59
2026-09-10T14:12:56.447,1789029776.4473,7237,-2063,-26.45,4484,57.49
2026-09-10T14:12:56.447,1789029776.4473,7238,2453,31.45,4516,57.9
2026-09-10T14:12:56.447,1789029776.4473,7239,843,10.81,4516,57.9
2026-09-10T14:12:56.447,1789029776.4473,7240,-1852,-23.74,4516,57.9
2026-09-10T14:12:56.462,1789029776.4630,7241,-1845,-23.65,4305,55.19
2026-09-10T14:12:56.462,1789029776.4630,7242,2449,31.4,4301,55.14
2026-09-10T14:12:56.462,1789029776.4630,7243,647,8.29,4301,55.14
2026-09-10T14:12:56.462,1789029776.4630,7244,-2091,-26.81,4540,58.21
2026-09-10T14:12:56.462,1789029776.4630,7245,-1603,-20.55,4540,58.21
2026-09-10T14:12:56.478,1789029776.4787,7246,819,10.5,2910,37.31
2026-09-10T14:12:56.478,1789029776.4787,7247,426,5.46,2910,37.31
2026-09-10T14:12:56.478,1789029776.4787,7248,-2231,-28.6,3050,39.1
2026-09-10T14:12:56.494,1789029776.4947,7249,-1387,-17.78,3050,39.1
2026-09-10T14:12:56.494,1789029776.4947,7250,1243,15.94,3474,44.54
2026-09-10T14:12:56.510,1789029776.5105,7251,265,3.4,3474,44.54
2026-09-10T14:12:56.510,1789029776.5105,7252,-2312,-29.64,3555,45.58
2026-09-10T14:12:56.510,1789029776.5105,7253,-1195,-15.32,3555,45.58
2026-09-10T14:12:56.510,1789029776.5105,7254,1670,21.41,3982,51.05
2026-09-10T14:12:56.510,1789029776.5105,7255,2083,26.71,4395,56.35
2026-09-10T14:12:56.526,1789029776.5263,7256,-2393,-30.68,4476,57.38
2026-09-10T14:12:56.526,1789029776.5263,7257,-976,-12.51,4476,57.38
2026-09-10T14:12:56.526,1789029776.5263,7258,1964,25.18,4476,57.38
2026-09-10T14:12:56.542,1789029776.5420,7259,1864,23.9,4357,55.86
2026-09-10T14:12:56.542,1789029776.5420,7260,-2426,-31.1,4390,56.28
2026-09-10T14:12:56.557,1789029776.5576,7261,-745,-9.55,4390,56.28
2026-09-10T14:12:56.557,1789029776.5576,7262,2178,27.92,4604,59.03
2026-09-10T14:12:56.557,1789029776.5576,7263,1654,21.21,4604,59.03
2026-09-10T14:12:56.573,1789029776.5734,7264,-2383,-30.55,4561,58.47
2026-09-10T14:12:56.573,1789029776.5734,7265,-570,-7.31,4561,58.47
2026-09-10T14:12:56.573,1789029776.5734,7266,2309,29.6,4692,60.15
2026-09-10T14:12:56.573,1789029776.5734,7267,1412,18.1,4692,60.15
2026-09-10T14:12:56.573,1789029776.5734,7268,-850,-10.9,3159,40.5
2026-09-10T14:12:56.593,1789029776.5932,7269,-314,-4.03,3159,40.5
2026-09-10T14:12:56.593,1789029776.5932,7270,2420,31.03,3270,41.92
2026-09-10T14:12:56.604,1789029776.6049,7271,1198,15.36,3270,41.92
2026-09-10T14:12:56.604,1789029776.6049,7272,-1234,-15.82,3654,46.85
2026-09-10T14:12:56.604,1789029776.6049,7273,-37,-0.47,3654,46.85
2026-09-10T14:12:56.620,1789029776.6205,7274,2479,31.78,3713,47.6
2026-09-10T14:12:56.620,1789029776.6205,7275,993,12.73,3713,47.6
2026-09-10T14:12:56.636,1789029776.6362,7276,-1627,-20.86,4106,52.64
2026-09-10T14:12:56.636,1789029776.6362,7277,-1980,-25.38,4459,57.17
2026-09-10T14:12:56.636,1789029776.6362,7278,2503,32.09,4483,57.47
2026-09-10T14:12:56.651,1789029776.6519,7279,769,9.86,4483,57.47
2026-09-10T14:12:56.651,1789029776.6519,7280,-1946,-24.95,4483,57.47
2026-09-10T14:12:56.667,1789029776.6677,7281,-1798,-23.05,4449,57.04
2026-09-10T14:12:56.667,1789029776.6677,7282,2291,29.37,4237,54.32
2026-09-10T14:12:56.683,1789029776.6834,7283,454,5.82,4237,54.32
2026-09-10T14:12:56.683,1789029776.6834,7284,-2184,-28.0,4475,57.37
2026-09-10T14:12:56.683,1789029776.6834,7285,-1635,-20.96,4475,57.37
2026-09-10T14:12:56.693,1789029776.6933,7286,711,9.12,2895,37.12
2026-09-10T14:12:56.699,1789029776.6992,7287,188,2.41,2895,37.12
2026-09-10T14:12:56.699,1789029776.6992,7288,-2388,-30.62,3099,39.73
2026-09-10T14:12:56.699,1789029776.6992,7289,-1515,-19.42,3099,39.73
2026-09-10T14:12:56.699,1789029776.6992,7290,1095,14.04,3483,44.65
2026-09-10T14:12:56.699,1789029776.6992,7291,-45,-0.58,3483,44.65
2026-09-10T14:12:56.699,1789029776.6992,7292,-2533,-32.47,3628,46.51
2026-09-10T14:12:56.714,1789029776.7149,7293,-1327,-17.01,3628,46.51
2026-09-10T14:12:56.714,1789029776.7149,7294,1510,19.36,4043,51.83
2026-09-10T14:12:56.714,1789029776.7149,7295,1804,23.13,4337,55.6
2026-09-10T14:12:56.714,1789029776.7149,7296,-2550,-32.69,4354,55.82
2026-09-10T14:12:56.730,1789029776.7307,7297,-1072,-13.74,4354,55.82
2026-09-10T14:12:56.730,1789029776.7307,7298,1780,22.82,4354,55.82
2026-09-10T14:12:56.746,1789029776.7463,7299,1637,20.99,4330,55.51
2026-09-10T14:12:56.746,1789029776.7463,7300,-2512,-32.21,4292,55.03
2026-09-10T14:12:56.746,1789029776.7463,7301,-838,-10.74,4292,55.03
2026-09-10T14:12:56.764,1789029776.7646,7302,2065,26.47,4577,58.68
2026-09-10T14:12:56.770,1789029776.7706,7303,1429,18.32,4577,58.68
2026-09-10T14:12:56.774,1789029776.7744,7304,-2450,-31.41,4515,57.88
2026-09-10T14:12:56.777,1789029776.7779,7305,-588,-7.54,4515,57.88
2026-09-10T14:12:56.777,1789029776.7779,7306,2258,28.95,4708,60.36
2026-09-10T14:12:56.777,1789029776.7779,7307,1301,16.68,4708,60.36
2026-09-10T14:12:56.793,1789029776.7934,7308,-1028,-13.18,3286,42.13
2026-09-10T14:12:56.793,1789029776.7934,7309,-271,-3.47,3286,42.13
2026-09-10T14:12:56.793,1789029776.7934,7310,2418,31.0,3446,44.18
2026-09-10T14:12:56.809,1789029776.8093,7311,1117,14.32,3446,44.18
2026-09-10T14:12:56.809,1789029776.8093,7312,-1471,-18.86,3889,49.86
2026-09-10T14:12:56.809,1789029776.8093,7313,-37,-0.47,3889,49.86
2026-09-10T14:12:56.809,1789029776.8093,7314,2463,31.58,3934,50.44
2026-09-10T14:12:56.824,1789029776.8249,7315,858,11.0,3934,50.44
2026-09-10T14:12:56.824,1789029776.8249,7316,-1858,-23.82,4321,55.4
2026-09-10T14:12:56.824,1789029776.8249,7317,-2027,-25.99,4490,57.56
2026-09-10T14:12:56.824,1789029776.8249,7318,2480,31.79,4507,57.78
2026-09-10T14:12:56.840,1789029776.8406,7319,655,8.4,4507,57.78
2026-09-10T14:12:56.840,1789029776.8406,7320,-2128,-27.28,4608,59.08
2026-09-10T14:12:56.856,1789029776.8563,7321,-1796,-23.03,4608,59.08
2026-09-10T14:12:56.856,1789029776.8563,7322,2433,31.19,4561,58.47
2026-09-10T14:12:56.871,1789029776.8720,7323,396,5.08,4561,58.47
2026-09-10T14:12:56.871,1789029776.8720,7324,-2326,-29.82,4759,61.01
2026-09-10T14:12:56.871,1789029776.8720,7325,-1585,-20.32,4759,61.01
2026-09-10T14:12:56.871,1789029776.8720,7326,1009,12.94,3335,42.76
2026-09-10T14:12:56.887,1789029776.8879,7327,233,2.99,3335,42.76
2026-09-10T14:12:56.893,1789029776.8938,7328,-2436,-31.23,3445,44.17
2026-09-10T14:12:56.893,1789029776.8938,7329,-1331,-17.06,3445,44.17
2026-09-10T14:12:56.904,1789029776.9043,7330,1450,18.59,3886,49.82
2026-09-10T14:12:56.904,1789029776.9043,7331,21,0.27,3886,49.82
2026-09-10T14:12:56.919,1789029776.9195,7332,-2520,-32.31,3970,50.9
2026-09-10T14:12:56.919,1789029776.9195,7333,-1126,-14.44,3970,50.9
2026-09-10T14:12:56.935,1789029776.9352,7334,1847,23.68,4367,55.99
2026-09-10T14:12:56.935,1789029776.9352,7335,1919,24.6,4439,56.91
2026-09-10T14:12:56.935,1789029776.9352,7336,-2519,-32.29,4438,56.9
2026-09-10T14:12:56.935,1789029776.9352,7337,-877,-11.24,4438,56.9
2026-09-10T14:12:56.935,1789029776.9352,7338,2106,27.0,4625,59.29
2026-09-10T14:12:56.950,1789029776.9509,7339,1702,21.82,4625,59.29
2026-09-10T14:12:56.950,1789029776.9509,7340,-2479,-31.78,4585,58.78
2026-09-10T14:12:56.950,1789029776.9509,7341,-626,-8.03,4585,58.78
2026-09-10T14:12:56.950,1789029776.9509,7342,2297,29.45,4776,61.23
2026-09-10T14:12:56.966,1789029776.9665,7343,1476,18.92,4776,61.23
2026-09-10T14:12:56.966,1789029776.9665,7344,-2367,-30.35,4664,59.79
2026-09-10T14:12:56.966,1789029776.9665,7345,-370,-4.74,4664,59.79
2026-09-10T14:12:56.982,1789029776.9823,7346,2452,31.44,4819,61.78
2026-09-10T14:12:56.982,1789029776.9823,7347,1270,16.28,4819,61.78
2026-09-10T14:12:56.982,1789029776.9823,7348,-1163,-14.91,3615,46.35
2026-09-10T14:12:56.998,1789029776.9981,7349,-149,-1.91,3615,46.35
2026-09-10T14:12:56.998,1789029776.9981,7350,2527,32.4,3690,47.31
2026-09-10T14:12:56.998,1789029776.9981,7351,1049,13.45,3690,47.31
2026-09-10T14:12:56.998,1789029776.9981,7352,-1571,-20.14,4098,52.54
2026-09-10T14:12:57.013,1789029777.0139,7353,124,1.59,4098,52.54
2026-09-10T14:12:57.013,1789029777.0139,7354,2535,32.5,4106,52.64
2026-09-10T14:12:57.013,1789029777.0139,7355,837,10.73,4106,52.64
2026-09-10T14:12:57.029,1789029777.0295,7356,-1890,-24.23,4425,56.73
2026-09-10T14:12:57.029,1789029777.0295,7357,-1895,-24.29,4430,56.79
2026-09-10T14:12:57.029,1789029777.0295,7358,2555,32.76,4450,57.05
2026-09-10T14:12:57.045,1789029777.0453,7359,621,7.96,4450,57.05
2026-09-10T14:12:57.045,1789029777.0453,7360,-2125,-27.24,4680,60.0
2026-09-10T14:12:57.045,1789029777.0453,7361,-1677,-21.5,4680,60.0
2026-09-10T14:12:57.062,1789029777.0624,7362,2486,31.87,4611,59.12
2026-09-10T14:12:57.062,1789029777.0624,7363,429,5.5,4611,59.12
2026-09-10T14:12:57.062,1789029777.0624,7364,-2325,-29.81,4811,61.68
2026-09-10T14:12:57.062,1789029777.0624,7365,-1472,-18.87,4811,61.68
2026-09-10T14:12:57.076,1789029777.0768,7366,1258,16.13,3583,45.94
2026-09-10T14:12:57.085,1789029777.0856,7367,216,2.77,3583,45.94
2026-09-10T14:12:57.085,1789029777.0856,7368,-2453,-31.45,3711,47.58
2026-09-10T14:12:57.085,1789029777.0856,7369,-1220,-15.64,3711,47.58
2026-09-10T14:12:57.094,1789029777.0941,7370,1689,21.65,4142,53.1
2026-09-10T14:12:57.094,1789029777.0941,7371,-6,-0.08,4142,53.1
2026-09-10T14:12:57.108,1789029777.1086,7372,-2526,-32.38,4215,54.04
2026-09-10T14:12:57.124,1789029777.1243,7373,-996,-12.77,4215,54.04
2026-09-10T14:12:57.124,1789029777.1243,7374,2048,26.26,4574,58.64
2026-09-10T14:12:57.124,1789029777.1243,7375,1956,25.08,4574,58.64
2026-09-10T14:12:57.124,1789029777.1243,7376,-2535,-32.5,4583,58.76
2026-09-10T14:12:57.140,1789029777.1402,7377,-781,-10.01,4583,58.76
2026-09-10T14:12:57.140,1789029777.1402,7378,2290,29.36,4825,61.86
2026-09-10T14:12:57.156,1789029777.1560,7379,1729,22.17,4825,61.86
2026-09-10T14:12:57.161,1789029777.1612,7380,-2492,-31.95,4782,61.31
2026-09-10T14:12:57.171,1789029777.1718,7381,-542,-6.95,4782,61.31
2026-09-10T14:12:57.171,1789029777.1718,7382,2456,31.49,4948,63.44
2026-09-10T14:12:57.171,1789029777.1718,7383,1471,18.86,4948,63.44
2026-09-10T14:12:57.187,1789029777.1876,7384,-875,-11.22,3331,42.71
2026-09-10T14:12:57.194,1789029777.1942,7385,-286,-3.67,3331,42.71
2026-09-10T14:12:57.194,1789029777.1942,7386,2523,32.35,3398,43.56
2026-09-10T14:12:57.194,1789029777.1942,7387,1233,15.81,3398,43.56
2026-09-10T14:12:57.194,1789029777.1942,7388,-1332,-17.08,3855,49.42
2026-09-10T14:12:57.203,1789029777.2033,7389,-86,-1.1,3855,49.42
2026-09-10T14:12:57.203,1789029777.2033,7390,2563,32.86,3895,49.94
2026-09-10T14:12:57.203,1789029777.2033,7391,989,12.68,3895,49.94
2026-09-10T14:12:57.203,1789029777.2033,7392,-1707,-21.88,4270,54.74
2026-09-10T14:12:57.203,1789029777.2033,7393,188,2.41,4270,54.74
2026-09-10T14:12:57.219,1789029777.2190,7394,2571,32.96,4278,54.85
2026-09-10T14:12:57.219,1789029777.2190,7395,781,10.01,4278,54.85
2026-09-10T14:12:57.219,1789029777.2190,7396,-2034,-26.08,4605,59.04
2026-09-10T14:12:57.234,1789029777.2347,7397,-1870,-23.97,4605,59.04
2026-09-10T14:12:57.234,1789029777.2347,7398,2547,32.65,4581,58.73
2026-09-10T14:12:57.234,1789029777.2347,7399,569,7.29,4581,58.73
2026-09-10T14:12:57.234,1789029777.2347,7400,-2261,-28.99,4808,61.64
2026-09-10T14:12:57.250,1789029777.2505,7401,-1680,-21.54,4808,61.64
2026-09-10T14:12:57.250,1789029777.2505,7402,2435,31.22,4696,60.21
2026-09-10T14:12:57.266,1789029777.2663,7403,329,4.22,4696,60.21
2026-09-10T14:12:57.266,1789029777.2663,7404,-2412,-30.92,4847,62.14
2026-09-10T14:12:57.266,1789029777.2663,7405,-1427,-18.29,4847,62.14
2026-09-10T14:12:57.281,1789029777.2820,7406,1323,16.96,3735,47.88
2026-09-10T14:12:57.281,1789029777.2820,7407,113,1.45,3735,47.88
2026-09-10T14:12:57.294,1789029777.2943,7408,-2535,-32.5,3858,49.46
2026-09-10T14:12:57.297,1789029777.2976,7409,-1229,-15.76,3858,49.46
2026-09-10T14:12:57.297,1789029777.2976,7410,1715,21.99,4250,54.49
2026-09-10T14:12:57.297,1789029777.2976,7411,-79,-1.01,4250,54.49
2026-09-10T14:12:57.313,1789029777.3134,7412,-2583,-33.12,4298,55.1
2026-09-10T14:12:57.313,1789029777.3134,7413,-1013,-12.99,4298,55.1
2026-09-10T14:12:57.313,1789029777.3134,7414,2043,26.19,4626,59.31
2026-09-10T14:12:57.313,1789029777.3134,7415,1839,23.58,4626,59.31
2026-09-10T14:12:57.329,1789029777.3293,7416,-2563,-32.86,4606,59.05
2026-09-10T14:12:57.329,1789029777.3293,7417,-777,-9.96,4606,59.05
2026-09-10T14:12:57.329,1789029777.3293,7418,2282,29.26,4845,62.12
2026-09-10T14:12:57.329,1789029777.3293,7419,1605,20.58,4845,62.12
2026-09-10T14:12:57.347,1789029777.3476,7420,-2491,-31.94,4773,61.19
2026-09-10T14:12:57.360,1789029777.3607,7421,-529,-6.78,4773,61.19
2026-09-10T14:12:57.360,1789029777.3607,7422,2441,31.29,4932,63.23
2026-09-10T14:12:57.376,1789029777.3764,7423,1372,17.59,4932,63.23
2026-09-10T14:12:57.376,1789029777.3764,7424,-1022,-13.1,3463,44.4
2026-09-10T14:12:57.382,1789029777.3823,7425,-272,-3.49,3463,44.4
2026-09-10T14:12:57.382,1789029777.3823,7426,2513,32.22,3535,45.32
2026-09-10T14:12:57.394,1789029777.3942,7427,1135,14.55,3535,45.32
2026-09-10T14:12:57.394,1789029777.3942,7428,-1478,-18.95,3991,51.17
2026-09-10T14:12:57.408,1789029777.4080,7429,-11,-0.14,3991,51.17
2026-09-10T14:12:57.408,1789029777.4080,7430,2549,32.68,4027,51.63
2026-09-10T14:12:57.423,1789029777.4237,7431,939,12.04,4027,51.63
2026-09-10T14:12:57.423,1789029777.4237,7432,-1821,-23.35,4370,56.03
2026-09-10T14:12:57.423,1789029777.4237,7433,282,3.62,4370,56.03
2026-09-10T14:12:57.439,1789029777.4394,7434,2557,32.78,4378,56.13
2026-09-10T14:12:57.439,1789029777.4394,7435,715,9.17,4378,56.13
2026-09-10T14:12:57.439,1789029777.4394,7436,-2111,-27.06,4668,59.85
2026-09-10T14:12:57.439,1789029777.4394,7437,-1799,-23.06,4668,59.85
2026-09-10T14:12:57.439,1789029777.4394,7438,2485,31.86,4596,58.92
2026-09-10T14:12:57.439,1789029777.4394,7439,492,6.31,4596,58.92
2026-09-10T14:12:57.439,1789029777.4394,7440,-2274,-29.15,4759,61.01
2026-09-10T14:12:57.455,1789029777.4551,7441,-1557,-19.96,4759,61.01
2026-09-10T14:12:57.455,1789029777.4551,7442,2405,30.83,4679,59.99
2026-09-10T14:12:57.455,1789029777.4551,7443,307,3.94,4679,59.99
2026-09-10T14:12:57.470,1789029777.4708,7444,-2418,-31.0,4823,61.83
2026-09-10T14:12:57.470,1789029777.4708,7445,-1324,-16.97,4823,61.83
2026-09-10T14:12:57.470,1789029777.4708,7446,1497,19.19,3915,50.19
2026-09-10T14:12:57.470,1789029777.4708,7447,98,1.26,3915,50.19
2026-09-10T14:12:57.486,1789029777.4865,7448,-2490,-31.92,3987,51.12
2026-09-10T14:12:57.494,1789029777.4943,7449,-1120,-14.36,3987,51.12
2026-09-10T14:12:57.494,1789029777.4943,7450,1884,24.15,4374,56.08
2026-09-10T14:12:57.502,1789029777.5023,7451,-119,-1.53,4374,56.08
2026-09-10T14:12:57.502,1789029777.5023,7452,-2531,-32.45,4415,56.6
2026-09-10T14:12:57.502,1789029777.5023,7453,-885,-11.35,4415,56.6
2026-09-10T14:12:57.517,1789029777.5180,7454,2147,27.53,4678,59.97
2026-09-10T14:12:57.517,1789029777.5180,7455,1778,22.79,4678,59.97
2026-09-10T14:12:57.533,1789029777.5336,7456,-2515,-32.24,4662,59.77
2026-09-10T14:12:57.533,1789029777.5336,7457,-670,-8.59,4662,59.77
2026-09-10T14:12:57.533,1789029777.5336,7458,2341,30.01,4856,62.26
2026-09-10T14:12:57.533,1789029777.5336,7459,1536,19.69,4856,62.26
2026-09-10T14:12:57.554,1789029777.5540,7460,-2447,-31.37,4788,61.38
2026-09-10T14:12:57.562,1789029777.5622,7461,-414,-5.31,4788,61.38
2026-09-10T14:12:57.567,1789029777.5677,7462,2472,31.69,4919,63.06
2026-09-10T14:12:57.569,1789029777.5693,7463,1290,16.54,4919,63.06
2026-09-10T14:12:57.569,1789029777.5693,7464,-1155,-14.81,3627,46.5
2026-09-10T14:12:57.569,1789029777.5693,7465,-189,-2.42,3627,46.5
2026-09-10T14:12:57.580,1789029777.5806,7466,2504,32.1,3659,46.91
2026-09-10T14:12:57.580,1789029777.5806,7467,1054,13.51,3659,46.91
2026-09-10T14:12:57.580,1789029777.5806,7468,-1582,-20.28,4086,52.38
2026-09-10T14:12:57.580,1789029777.5806,7469,61,0.78,4086,52.38
2026-09-10T14:12:57.596,1789029777.5967,7470,2540,32.56,4122,52.85
2026-09-10T14:12:57.619,1789029777.6192,7471,850,10.9,4122,52.85
2026-09-10T14:12:57.619,1789029777.6192,7472,-1921,-24.63,4461,57.19
2026-09-10T14:12:57.628,1789029777.6285,7473,334,4.28,4461,57.19
2026-09-10T14:12:57.629,1789029777.6291,7474,2521,32.32,4442,56.95
2026-09-10T14:12:57.629,1789029777.6291,7475,615,7.88,4442,56.95
2026-09-10T14:12:57.629,1789029777.6291,7476,-2187,-28.04,4708,60.36
2026-09-10T14:12:57.644,1789029777.6446,7477,-1763,-22.6,4708,60.36
2026-09-10T14:12:57.650,1789029777.6506,7478,2437,31.24,4624,59.28
2026-09-10T14:12:57.652,1789029777.6526,7479,420,5.38,4624,59.28
2026-09-10T14:12:57.658,1789029777.6587,7480,-2370,-30.38,4807,61.63
2026-09-10T14:12:57.662,1789029777.6624,7481,-1528,-19.59,4807,61.63
2026-09-10T14:12:57.676,1789029777.6763,7482,2357,30.22,4727,60.6
2026-09-10T14:12:57.676,1789029777.6763,7483,204,2.62,4727,60.6
2026-09-10T14:12:57.676,1789029777.6763,7484,-2481,-31.81,4838,62.03
2026-09-10T14:12:57.676,1789029777.6763,7485,-1299,-16.65,4838,62.03
2026-09-10T14:12:57.676,1789029777.6763,7486,1582,20.28,4063,52.09
2026-09-10T14:12:57.691,1789029777.6920,7487,23,0.29,4063,52.09
2026-09-10T14:12:57.693,1789029777.6940,7488,-2545,-32.63,4127,52.91
2026-09-10T14:12:57.693,1789029777.6940,7489,-1059,-13.58,4127,52.91
2026-09-10T14:12:57.693,1789029777.6940,7490,1953,25.04,4498,57.67
2026-09-10T14:12:57.707,1789029777.7072,7491,-178,-2.28,4498,57.67
2026-09-10T14:12:57.707,1789029777.7072,7492,-2533,-32.47,4486,57.51
2026-09-10T14:12:57.707,1789029777.7072,7493,-831,-10.65,4486,57.51
2026-09-10T14:12:57.722,1789029777.7229,7494,2216,28.41,4749,60.88
2026-09-10T14:12:57.722,1789029777.7229,7495,1711,21.94,4749,60.88
2026-09-10T14:12:57.722,1789029777.7229,7496,-2534,-32.49,4750,60.9
2026-09-10T14:12:57.722,1789029777.7229,7497,-616,-7.9,4750,60.9
2026-09-10T14:12:57.739,1789029777.7390,7498,2375,30.45,4909,62.94
2026-09-10T14:12:57.746,1789029777.7462,7499,1485,19.04,4909,62.94
2026-09-10T14:12:57.746,1789029777.7462,7500,-2449,-31.4,4824,61.85
2026-09-10T14:12:57.754,1789029777.7542,7501,-412,-5.28,4824,61.85
2026-09-10T14:12:57.754,1789029777.7542,7502,2462,31.56,4911,62.96
2026-09-10T14:12:57.754,1789029777.7542,7503,1244,15.95,4911,62.96
2026-09-10T14:12:57.769,1789029777.7699,7504,-1281,-16.42,3743,47.99
2026-09-10T14:12:57.769,1789029777.7699,7505,-130,-1.67,3743,47.99
2026-09-10T14:12:57.769,1789029777.7699,7506,2530,32.44,3811,48.86
2026-09-10T14:12:57.785,1789029777.7856,7507,984,12.62,3811,48.86
2026-09-10T14:12:57.785,1789029777.7856,7508,-1676,-21.49,4206,53.92
2026-09-10T14:12:57.794,1789029777.7941,7509,123,1.58,4206,53.92
2026-09-10T14:12:57.801,1789029777.8012,7510,2527,32.4,4203,53.88
2026-09-10T14:12:57.801,1789029777.8012,7511,777,9.96,4203,53.88
2026-09-10T14:12:57.801,1789029777.8012,7512,-2018,-25.87,4545,58.27
2026-09-10T14:12:57.816,1789029777.8169,7513,417,5.35,4545,58.27
2026-09-10T14:12:57.816,1789029777.8169,7514,2504,32.1,4522,57.97
2026-09-10T14:12:57.816,1789029777.8169,7515,554,7.1,4522,57.97
2026-09-10T14:12:57.816,1789029777.8169,7516,-2264,-29.03,4768,61.13
2026-09-10T14:12:57.816,1789029777.8169,7517,-1735,-22.24,4768,61.13
2026-09-10T14:12:57.832,1789029777.8326,7518,2452,31.44,4716,60.46
2026-09-10T14:12:57.832,1789029777.8326,7519,379,4.86,4716,60.46
2026-09-10T14:12:57.848,1789029777.8482,7520,-2387,-30.6,4839,62.04
2026-09-10T14:12:57.863,1789029777.8639,7521,-1490,-19.1,4839,62.04
2026-09-10T14:12:57.863,1789029777.8639,7522,2287,29.32,4674,59.92
2026-09-10T14:12:57.863,1789029777.8639,7523,150,1.92,4674,59.92
2026-09-10T14:12:57.879,1789029777.8795,7524,-2526,-32.38,4813,61.71
2026-09-10T14:12:57.879,1789029777.8795,7525,-1252,-16.05,4813,61.71
2026-09-10T14:12:57.879,1789029777.8795,7526,1693,21.71,4219,54.09
2026-09-10T14:12:57.895,1789029777.8958,7527,-50,-0.64,4219,54.09
2026-09-10T14:12:57.895,1789029777.8958,7528,-2574,-33.0,4267,54.71
2026-09-10T14:12:57.910,1789029777.9108,7529,-1056,-13.54,4267,54.71
2026-09-10T14:12:57.910,1789029777.9108,7530,2036,26.1,4610,59.1
2026-09-10T14:12:57.926,1789029777.9265,7531,-279,-3.58,4610,59.1
2026-09-10T14:12:57.926,1789029777.9265,7532,-2582,-33.1,4618,59.21
2026-09-10T14:12:57.926,1789029777.9265,7533,-836,-10.72,4618,59.21
2026-09-10T14:12:57.926,1789029777.9265,7534,2251,28.86,4833,61.96
2026-09-10T14:12:57.926,1789029777.9265,7535,1654,21.21,4833,61.96
2026-09-10T14:12:57.926,1789029777.9265,7536,-2550,-32.69,4801,61.55
2026-09-10T14:12:57.926,1789029777.9265,7537,-596,-7.64,4801,61.55
2026-09-10T14:12:57.942,1789029777.9423,7538,2403,30.81,4953,63.5
2026-09-10T14:12:57.942,1789029777.9423,7539,1417,18.17,4953,63.5
2026-09-10T14:12:57.942,1789029777.9423,7540,-2448,-31.38,4851,62.19
2026-09-10T14:12:57.942,1789029777.9423,7541,-335,-4.29,4851,62.19
2026-09-10T14:12:57.964,1789029777.9643,7542,2482,31.82,4930,63.21
2026-09-10T14:12:57.968,1789029777.9687,7543,1177,15.09,4930,63.21
2026-09-10T14:12:57.969,1789029777.9697,7544,-1436,-18.41,3918,50.23
2026-09-10T14:12:57.973,1789029777.9736,7545,-69,-0.88,3918,50.23
2026-09-10T14:12:57.973,1789029777.9736,7546,2547,32.65,3983,51.06
2026-09-10T14:12:57.973,1789029777.9736,7547,937,12.01,3983,51.06
2026-09-10T14:12:57.989,1789029777.9893,7548,-1819,-23.32,4366,55.97
2026-09-10T14:12:57.994,1789029777.9943,7549,177,2.27,4366,55.97
2026-09-10T14:12:57.994,1789029777.9943,7550,2516,32.26,4335,55.58
2026-09-10T14:12:58.004,1789029778.0050,7551,714,9.15,4335,55.58
2026-09-10T14:12:58.004,1789029778.0050,7552,-2113,-27.09,4629,59.35
2026-09-10T14:12:58.020,1789029778.0207,7553,507,6.5,4629,59.35
2026-09-10T14:12:58.020,1789029778.0207,7554,2481,31.81,4594,58.9
2026-09-10T14:12:58.020,1789029778.0207,7555,479,6.14,4594,58.9
2026-09-10T14:12:58.020,1789029778.0207,7556,-2318,-29.72,4799,61.53
2026-09-10T14:12:58.036,1789029778.0364,7557,-1685,-21.6,4799,61.53
2026-09-10T14:12:58.036,1789029778.0364,7558,2350,30.13,4668,59.85
2026-09-10T14:12:58.036,1789029778.0364,7559,265,3.4,4668,59.85
2026-09-10T14:12:58.036,1789029778.0364,7560,-2441,-31.29,4791,61.42
2026-09-10T14:12:58.052,1789029778.0521,7561,-1459,-18.71,4791,61.42
2026-09-10T14:12:58.052,1789029778.0521,7562,2182,27.97,4623,59.27
2026-09-10T14:12:58.052,1789029778.0521,7563,69,0.88,4623,59.27
2026-09-10T14:12:58.068,1789029778.0686,7564,-2551,-32.71,4733,60.68
2026-09-10T14:12:58.071,1789029778.0711,7565,-1205,-15.45,4733,60.68
2026-09-10T14:12:58.071,1789029778.0711,7566,1727,22.14,4278,54.85
2026-09-10T14:12:58.071,1789029778.0711,7567,-147,-1.88,4278,54.85
2026-09-10T14:12:58.083,1789029778.0835,7568,-2554,-32.74,4281,54.88
2026-09-10T14:12:58.100,1789029778.1010,7569,-1024,-13.13,4281,54.88
2026-09-10T14:12:58.106,1789029778.1061,7570,1996,25.59,4550,58.33
2026-09-10T14:12:58.115,1789029778.1150,7571,-387,-4.96,4550,58.33
2026-09-10T14:12:58.115,1789029778.1150,7572,-2553,-32.73,4549,58.32
2026-09-10T14:12:58.115,1789029778.1150,7573,-779,-9.99,4549,58.32
2026-09-10T14:12:58.130,1789029778.1307,7574,2180,27.95,4733,60.68
2026-09-10T14:12:58.130,1789029778.1307,7575,1467,18.81,4733,60.68
2026-09-10T14:12:58.146,1789029778.1465,7576,-2472,-31.69,4652,59.64
2026-09-10T14:12:58.146,1789029778.1465,7577,-558,-7.15,4652,59.64
2026-09-10T14:12:58.162,1789029778.1622,7578,2300,29.49,4772,61.18
2026-09-10T14:12:58.162,1789029778.1622,7579,1259,16.14,4772,61.18
2026-09-10T14:12:58.162,1789029778.1622,7580,-2381,-30.53,4681,60.01
2026-09-10T14:12:58.177,1789029778.1778,7581,-316,-4.05,4681,60.01
2026-09-10T14:12:58.177,1789029778.1778,7582,2333,29.91,4714,60.44
2026-09-10T14:12:58.177,1789029778.1778,7583,1028,13.18,4714,60.44
2026-09-10T14:12:58.177,1789029778.1778,7584,-1512,-19.38,3845,49.29
2026-09-10T14:12:58.177,1789029778.1778,7585,-61,-0.78,3845,49.29
2026-09-10T14:12:58.177,1789029778.1778,7586,2403,30.81,3915,50.19
2026-09-10T14:12:58.177,1789029778.1778,7587,829,10.63,3915,50.19
2026-09-10T14:12:58.194,1789029778.1946,7588,-1834,-23.51,4237,54.32
2026-09-10T14:12:58.194,1789029778.1946,7589,197,2.53,4237,54.32
2026-09-10T14:12:58.194,1789029778.1946,7590,2396,30.72,4230,54.23
2026-09-10T14:12:58.209,1789029778.2093,7591,619,7.94,4230,54.23
2026-09-10T14:12:58.209,1789029778.2093,7592,-2107,-27.01,4503,57.73
2026-09-10T14:12:58.209,1789029778.2093,7593,-1815,-23.27,4503,57.73
2026-09-10T14:12:58.209,1789029778.2093,7594,2354,30.18,4461,57.19
2026-09-10T14:12:58.225,1789029778.2251,7595,436,5.59,4461,57.19
2026-09-10T14:12:58.225,1789029778.2251,7596,-2269,-29.09,4623,59.27
2026-09-10T14:12:58.225,1789029778.2251,7597,-1604,-20.56,4623,59.27
2026-09-10T14:12:58.225,1789029778.2251,7598,2274,29.15,4543,58.24
2026-09-10T14:12:58.240,1789029778.2408,7599,249,3.19,4543,58.24
2026-09-10T14:12:58.240,1789029778.2408,7600,-2420,-31.03,4694,60.18
2026-09-10T14:12:58.256,1789029778.2566,7601,-1378,-17.67,4694,60.18
2026-09-10T14:12:58.256,1789029778.2566,7602,2098,26.9,4518,57.92
2026-09-10T14:12:58.256,1789029778.2566,7603,50,0.64,4518,57.92
2026-09-10T14:12:58.272,1789029778.2725,7604,-2495,-31.99,4593,58.88
2026-09-10T14:12:58.272,1789029778.2725,7605,-1145,-14.68,4593,58.88
2026-09-10T14:12:58.272,1789029778.2725,7606,1764,22.62,4259,54.6
2026-09-10T14:12:58.272,1789029778.2725,7607,-143,-1.83,4259,54.6
2026-09-10T14:12:58.288,1789029778.2881,7608,-2514,-32.23,4278,54.85
2026-09-10T14:12:58.294,1789029778.2947,7609,-964,-12.36,4278,54.85
2026-09-10T14:12:58.294,1789029778.2947,7610,2015,25.83,4529,58.06
2026-09-10T14:12:58.303,1789029778.3039,7611,-411,-5.27,4529,58.06
2026-09-10T14:12:58.303,1789029778.3039,7612,-2485,-31.86,4500,57.69
2026-09-10T14:12:58.303,1789029778.3039,7613,-728,-9.33,4500,57.69
2026-09-10T14:12:58.303,1789029778.3039,7614,2203,28.24,4688,60.1
2026-09-10T14:12:58.319,1789029778.3196,7615,1451,18.6,4688,60.1
2026-09-10T14:12:58.323,1789029778.3236,7616,-2404,-30.82,4607,59.06
2026-09-10T14:12:58.328,1789029778.3284,7617,-499,-6.4,4607,59.06
2026-09-10T14:12:58.335,1789029778.3352,7618,2287,29.32,4691,60.14
2026-09-10T14:12:58.354,1789029778.3540,7619,1218,15.62,4691,60.14
2026-09-10T14:12:58.360,1789029778.3605,7620,-2298,-29.46,4585,58.78
2026-09-10T14:12:58.366,1789029778.3667,7621,-269,-3.45,4585,58.78
2026-09-10T14:12:58.366,1789029778.3667,7622,2380,30.51,4678,59.97
2026-09-10T14:12:58.366,1789029778.3667,7623,1023,13.12,4678,59.97
2026-09-10T14:12:58.382,1789029778.3829,7624,-1541,-19.76,3921,50.27
2026-09-10T14:12:58.382,1789029778.3829,7625,21,0.27,3921,50.27
2026-09-10T14:12:58.394,1789029778.3948,7626,2417,30.99,3958,50.74
2026-09-10T14:12:58.398,1789029778.3981,7627,824,10.56,3958,50.74
2026-09-10T14:12:58.398,1789029778.3981,7628,-1828,-23.44,4245,54.42
2026-09-10T14:12:58.413,1789029778.4139,7629,315,4.04,4245,54.42
2026-09-10T14:12:58.413,1789029778.4139,7630,2410,30.9,4238,54.33
2026-09-10T14:12:58.413,1789029778.4139,7631,640,8.21,4238,54.33
2026-09-10T14:12:58.413,1789029778.4139,7632,-2070,-26.54,4480,57.44
2026-09-10T14:12:58.429,1789029778.4295,7633,-1690,-21.67,4480,57.44
2026-09-10T14:12:58.429,1789029778.4295,7634,2350,30.13,4420,56.67
2026-09-10T14:12:58.429,1789029778.4295,7635,437,5.6,4420,56.67
2026-09-10T14:12:58.429,1789029778.4295,7636,-2241,-28.73,4591,58.86
2026-09-10T14:12:58.429,1789029778.4295,7637,-1492,-19.13,4591,58.86
2026-09-10T14:12:58.429,1789029778.4295,7638,2234,28.64,4475,57.37
2026-09-10T14:12:58.429,1789029778.4295,7639,245,3.14,4475,57.37
2026-09-10T14:12:58.445,1789029778.4452,7640,-2364,-30.31,4598,58.95
2026-09-10T14:12:58.461,1789029778.4612,7641,-1291,-16.55,4598,58.95
2026-09-10T14:12:58.461,1789029778.4612,7642,2056,26.36,4420,56.67
2026-09-10T14:12:58.461,1789029778.4612,7643,72,0.92,4420,56.67
2026-09-10T14:12:58.461,1789029778.4612,7644,-2412,-30.92,4468,57.28
2026-09-10T14:12:58.476,1789029778.4769,7645,-1075,-13.78,4468,57.28
2026-09-10T14:12:58.476,1789029778.4769,7646,1830,23.46,4242,54.38
2026-09-10T14:12:58.476,1789029778.4769,7647,-169,-2.17,4242,54.38
2026-09-10T14:12:58.476,1789029778.4769,7648,-2464,-31.59,4294,55.05
2026-09-10T14:12:58.492,1789029778.4926,7649,-886,-11.36,4294,55.05
2026-09-10T14:12:58.494,1789029778.4946,7650,2037,26.12,4501,57.71
2026-09-10T14:12:58.508,1789029778.5083,7651,-453,-5.81,4501,57.71
2026-09-10T14:12:58.508,1789029778.5083,7652,-2483,-31.83,4520,57.95
2026-09-10T14:12:58.523,1789029778.5240,7653,-726,-9.31,4520,57.95
2026-09-10T14:12:58.523,1789029778.5240,7654,2189,28.06,4672,59.9
2026-09-10T14:12:58.523,1789029778.5240,7655,1360,17.44,4672,59.9
2026-09-10T14:12:58.523,1789029778.5240,7656,-2429,-31.14,4618,59.21
2026-09-10T14:12:58.539,1789029778.5396,7657,-508,-6.51,4618,59.21
2026-09-10T14:12:58.539,1789029778.5396,7658,2258,28.95,4687,60.09
2026-09-10T14:12:58.539,1789029778.5396,7659,1129,14.47,4687,60.09
2026-09-10T14:12:58.539,1789029778.5396,7660,-2322,-29.77,4580,58.72
2026-09-10T14:12:58.555,1789029778.5554,7661,-277,-3.55,4580,58.72
2026-09-10T14:12:58.555,1789029778.5554,7662,2280,29.23,4602,59.0
2026-09-10T14:12:58.555,1789029778.5554,7663,915,11.73,4602,59.0
2026-09-10T14:12:58.555,1789029778.5554,7664,-1700,-21.79,3980,51.03
2026-09-10T14:12:58.571,1789029778.5710,7665,-17,-0.22,3980,51.03
2026-09-10T14:12:58.571,1789029778.5710,7666,2327,29.83,4027,51.63
2026-09-10T14:12:58.586,1789029778.5868,7667,706,9.05,4027,51.63
2026-09-10T14:12:58.602,1789029778.6025,7668,-1993,-25.55,4320,55.38
2026-09-10T14:12:58.602,1789029778.6025,7669,274,3.51,4320,55.38
2026-09-10T14:12:58.602,1789029778.6025,7670,2305,29.55,4298,55.1
2026-09-10T14:12:58.618,1789029778.6182,7671,512,6.56,4298,55.1
2026-09-10T14:12:58.618,1789029778.6182,7672,-2226,-28.54,4531,58.09
2026-09-10T14:12:58.618,1789029778.6182,7673,-1769,-22.68,4531,58.09
2026-09-10T14:12:58.634,1789029778.6343,7674,2259,28.96,4485,57.5
2026-09-10T14:12:58.634,1789029778.6343,7675,302,3.87,4485,57.5
2026-09-10T14:12:58.650,1789029778.6504,7676,-2359,-30.24,4618,59.21
2026-09-10T14:12:58.650,1789029778.6504,7677,-1550,-19.87,4618,59.21
2026-09-10T14:12:58.650,1789029778.6504,7678,2116,27.13,4475,57.37
2026-09-10T14:12:58.650,1789029778.6504,7679,140,1.79,4475,57.37
2026-09-10T14:12:58.666,1789029778.6662,7680,-2461,-31.55,4577,58.68
2026-09-10T14:12:58.666,1789029778.6662,7681,-1323,-16.96,4577,58.68
2026-09-10T14:12:58.666,1789029778.6662,7682,1960,25.13,4421,56.68
2026-09-10T14:12:58.666,1789029778.6662,7683,-47,-0.6,4421,56.68
2026-09-10T14:12:58.666,1789029778.6662,7684,-2499,-32.04,4459,57.17
2026-09-10T14:12:58.681,1789029778.6818,7685,-1093,-14.01,4459,57.17
2026-09-10T14:12:58.681,1789029778.6818,7686,1831,23.47,4330,55.51
2026-09-10T14:12:58.681,1789029778.6818,7687,-239,-3.06,4330,55.51
2026-09-10T14:12:58.681,1789029778.6818,7688,-2494,-31.97,4325,55.45
2026-09-10T14:12:58.694,1789029778.6946,7689,-872,-11.18,4325,55.45
2026-09-10T14:12:58.697,1789029778.6975,7690,2047,26.24,4541,58.22
2026-09-10T14:12:58.697,1789029778.6975,7691,-563,-7.22,4541,58.22
2026-09-10T14:12:58.713,1789029778.7133,7692,-2453,-31.45,4500,57.69
2026-09-10T14:12:58.713,1789029778.7133,7693,-659,-8.45,4500,57.69
2026-09-10T14:12:58.713,1789029778.7133,7694,2187,28.04,4640,59.49
2026-09-10T14:12:58.713,1789029778.7133,7695,1311,16.81,4640,59.49
2026-09-10T14:12:58.729,1789029778.7290,7696,-2327,-29.83,4514,57.87
2026-09-10T14:12:58.729,1789029778.7290,7697,-402,-5.15,4514,57.87
2026-09-10T14:12:58.729,1789029778.7290,7698,2312,29.64,4639,59.47
2026-09-10T14:12:58.729,1789029778.7290,7699,1099,14.09,4639,59.47
2026-09-10T14:12:58.751,1789029778.7513,7700,-2180,-27.95,4492,57.59
2026-09-10T14:12:58.757,1789029778.7573,7701,-132,-1.69,4492,57.59
2026-09-10T14:12:58.760,1789029778.7604,7702,2365,30.32,4545,58.27
2026-09-10T14:12:58.760,1789029778.7604,7703,932,11.95,4545,58.27
2026-09-10T14:12:58.760,1789029778.7604,7704,-1700,-21.79,4065,52.12
2026-09-10T14:12:58.776,1789029778.7765,7705,119,1.53,4065,52.12
2026-09-10T14:12:58.776,1789029778.7765,7706,2386,30.59,4086,52.38
2026-09-10T14:12:58.776,1789029778.7765,7707,717,9.19,4086,52.38
2026-09-10T14:12:58.776,1789029778.7765,7708,-1958,-25.1,4344,55.69
2026-09-10T14:12:58.794,1789029778.7948,7709,465,5.96,4344,55.69
2026-09-10T14:12:58.794,1789029778.7948,7710,2371,30.4,4329,55.5
2026-09-10T14:12:58.807,1789029778.8079,7711,514,6.59,4329,55.5
2026-09-10T14:12:58.807,1789029778.8079,7712,-2164,-27.74,4535,58.14
2026-09-10T14:12:58.807,1789029778.8079,7713,-1600,-20.51,4535,58.14
2026-09-10T14:12:58.807,1789029778.8079,7714,2271,29.12,4435,56.86
2026-09-10T14:12:58.807,1789029778.8079,7715,322,4.13,4435,56.86
2026-09-10T14:12:58.823,1789029778.8236,7716,-2299,-29.47,4570,58.59
2026-09-10T14:12:58.839,1789029778.8394,7717,-1386,-17.77,4570,58.59
2026-09-10T14:12:58.839,1789029778.8394,7718,2130,27.31,4429,56.78
2026-09-10T14:12:58.839,1789029778.8394,7719,130,1.67,4429,56.78
2026-09-10T14:12:58.855,1789029778.8552,7720,-2379,-30.5,4509,57.81
2026-09-10T14:12:58.855,1789029778.8552,7721,-1177,-15.09,4509,57.81
2026-09-10T14:12:58.871,1789029778.8710,7722,1941,24.88,4320,55.38
2026-09-10T14:12:58.871,1789029778.8710,7723,-75,-0.96,4320,55.38
2026-09-10T14:12:58.871,1789029778.8710,7724,-2435,-31.22,4376,56.1
2026-09-10T14:12:58.886,1789029778.8867,7725,-957,-12.27,4376,56.1
2026-09-10T14:12:58.892,1789029778.8922,7726,1931,24.76,4366,55.97
2026-09-10T14:12:58.905,1789029778.9051,7727,-292,-3.74,4366,55.97
2026-09-10T14:12:58.905,1789029778.9051,7728,-2402,-30.79,4333,55.55
2026-09-10T14:12:58.905,1789029778.9051,7729,-753,-9.65,4333,55.55
2026-09-10T14:12:58.905,1789029778.9051,7730,2138,27.41,4540,58.21
2026-09-10T14:12:58.918,1789029778.9182,7731,-624,-8.0,4540,58.21
2026-09-10T14:12:58.918,1789029778.9182,7732,-2382,-30.54,4520,57.95
2026-09-10T14:12:58.918,1789029778.9182,7733,-533,-6.83,4520,57.95
2026-09-10T14:12:58.918,1789029778.9182,7734,2245,28.78,4627,59.32
2026-09-10T14:12:58.918,1789029778.9182,7735,1265,16.22,4627,59.32
2026-09-10T14:12:58.934,1789029778.9340,7736,-2272,-29.13,4517,57.91
2026-09-10T14:12:58.934,1789029778.9340,7737,-299,-3.83,4517,57.91
2026-09-10T14:12:58.934,1789029778.9340,7738,2286,29.31,4558,58.44
2026-09-10T14:12:58.934,1789029778.9340,7739,1045,13.4,4558,58.44
2026-09-10T14:12:58.949,1789029778.9497,7740,-2113,-27.09,4399,56.4
2026-09-10T14:12:58.949,1789029778.9497,7741,-33,-0.42,4399,56.4
2026-09-10T14:12:58.949,1789029778.9497,7742,2371,30.4,4484,57.49
2026-09-10T14:12:58.965,1789029778.9653,7743,842,10.79,4484,57.49
2026-09-10T14:12:58.965,1789029778.9653,7744,-1794,-23.0,4165,53.4
2026-09-10T14:12:58.965,1789029778.9653,7745,233,2.99,4165,53.4
2026-09-10T14:12:58.981,1789029778.9811,7746,2356,30.21,4150,53.21
2026-09-10T14:12:58.981,1789029778.9811,7747,651,8.35,4150,53.21
2026-09-10T14:12:58.981,1789029778.9811,7748,-2028,-26.0,4384,56.21
2026-09-10T14:12:58.996,1789029778.9967,7749,587,7.53,4384,56.21
2026-09-10T14:12:58.996,1789029778.9967,7750,2313,29.65,4341,55.65
2026-09-10T14:12:59.012,1789029779.0125,7751,464,5.95,4341,55.65
2026-09-10T14:12:59.012,1789029779.0125,7752,-2174,-27.87,4487,57.53
2026-09-10T14:12:59.012,1789029779.0125,7753,-1510,-19.36,4487,57.53
2026-09-10T14:12:59.012,1789029779.0125,7754,2245,28.78,4419,56.65
2026-09-10T14:12:59.012,1789029779.0125,7755,284,3.64,4419,56.65
2026-09-10T14:12:59.028,1789029779.0281,7756,-2277,-29.19,4522,57.97
2026-09-10T14:12:59.028,1789029779.0281,7757,-1272,-16.31,4522,57.97
2026-09-10T14:12:59.028,1789029779.0281,7758,2123,27.22,4400,56.41
2026-09-10T14:12:59.043,1789029779.0439,7759,143,1.83,4400,56.41
2026-09-10T14:12:59.043,1789029779.0439,7760,-2326,-29.82,4449,57.04
2026-09-10T14:12:59.057,1789029779.0575,7761,-1045,-13.4,4449,57.04
2026-09-10T14:12:59.059,1789029779.0595,7762,1944,24.92,4270,54.74
2026-09-10T14:12:59.059,1789029779.0595,7763,-43,-0.55,4270,54.74
2026-09-10T14:12:59.059,1789029779.0595,7764,-2343,-30.04,4287,54.96
2026-09-10T14:12:59.059,1789029779.0595,7765,-826,-10.59,4287,54.96
2026-09-10T14:12:59.077,1789029779.0773,7766,2061,26.42,4404,56.46
2026-09-10T14:12:59.090,1789029779.0909,7767,-302,-3.87,4404,56.46
2026-09-10T14:12:59.095,1789029779.0950,7768,-2280,-29.23,4341,55.65
2026-09-10T14:12:59.095,1789029779.0950,7769,-580,-7.44,4341,55.65
2026-09-10T14:12:59.095,1789029779.0950,7770,2263,29.01,4543,58.24
2026-09-10T14:12:59.114,1789029779.1144,7771,-632,-8.1,4543,58.24
2026-09-10T14:12:59.122,1789029779.1222,7772,-2213,-28.37,4476,57.38
2026-09-10T14:12:59.122,1789029779.1222,7773,-341,-4.37,4476,57.38
2026-09-10T14:12:59.122,1789029779.1222,7774,2349,30.12,4562,58.49
2026-09-10T14:12:59.148,1789029779.1486,7775,1263,16.19,4562,58.49
2026-09-10T14:12:59.153,1789029779.1537,7776,-2094,-26.85,4443,56.96
2026-09-10T14:12:59.153,1789029779.1537,7777,-113,-1.45,4443,56.96
2026-09-10T14:12:59.153,1789029779.1537,7778,2395,30.71,4489,57.55
2026-09-10T14:12:59.153,1789029779.1537,7779,1062,13.62,4489,57.55
2026-09-10T14:12:59.153,1789029779.1537,7780,-1941,-24.88,4336,55.59
2026-09-10T14:12:59.169,1789029779.1693,7781,127,1.63,4336,55.59
2026-09-10T14:12:59.169,1789029779.1693,7782,2390,30.64,4331,55.53
2026-09-10T14:12:59.169,1789029779.1693,7783,861,11.04,4331,55.53
2026-09-10T14:12:59.169,1789029779.1693,7784,-1746,-22.38,4136,53.03
2026-09-10T14:12:59.169,1789029779.1693,7785,403,5.17,4136,53.03
2026-09-10T14:12:59.169,1789029779.1693,7786,2374,30.44,4120,52.82
2026-09-10T14:12:59.184,1789029779.1850,7787,608,7.79,4120,52.82
2026-09-10T14:12:59.184,1789029779.1850,7788,-1998,-25.62,4372,56.05
2026-09-10T14:12:59.184,1789029779.1850,7789,760,9.74,4372,56.05
2026-09-10T14:12:59.195,1789029779.1951,7790,2313,29.65,4311,55.27
2026-09-10T14:12:59.200,1789029779.2007,7791,432,5.54,4311,55.27
2026-09-10T14:12:59.216,1789029779.2164,7792,-2154,-27.62,4467,57.27
2026-09-10T14:12:59.216,1789029779.2164,7793,-1381,-17.71,4467,57.27
2026-09-10T14:12:59.216,1789029779.2164,7794,2232,28.62,4386,56.23
2026-09-10T14:12:59.216,1789029779.2164,7795,247,3.17,4386,56.23
2026-09-10T14:12:59.232,1789029779.2321,7796,-2278,-29.21,4510,57.82
2026-09-10T14:12:59.232,1789029779.2321,7797,-1197,-15.35,4510,57.82
2026-09-10T14:12:59.232,1789029779.2321,7798,2041,26.17,4319,55.37
2026-09-10T14:12:59.232,1789029779.2321,7799,54,0.69,4319,55.37
2026-09-10T14:12:59.247,1789029779.2480,7800,-2351,-30.14,4392,56.31
2026-09-10T14:12:59.247,1789029779.2480,7801,-1010,-12.95,4392,56.31
2026-09-10T14:12:59.263,1789029779.2637,7802,1811,23.22,4162,53.36
2026-09-10T14:12:59.263,1789029779.2637,7803,-184,-2.36,4162,53.36
2026-09-10T14:12:59.263,1789029779.2637,7804,-2419,-31.01,4230,54.23
2026-09-10T14:12:59.279,1789029779.2795,7805,-854,-10.95,4230,54.23
2026-09-10T14:12:59.279,1789029779.2795,7806,2038,26.13,4457,57.14
2026-09-10T14:12:59.279,1789029779.2795,7807,-488,-6.26,4457,57.14
2026-09-10T14:12:59.279,1789029779.2795,7808,-2442,-31.31,4480,57.44
2026-09-10T14:12:59.295,1789029779.2951,7809,-673,-8.63,4480,57.44
2026-09-10T14:12:59.295,1789029779.2951,7810,2170,27.82,4612,59.13
2026-09-10T14:12:59.295,1789029779.2951,7811,-928,-11.9,4612,59.13
2026-09-10T14:12:59.295,1789029779.2951,7812,-2388,-30.62,4558,58.44
2026-09-10T14:12:59.310,1789029779.3108,7813,-475,-6.09,4558,58.44
2026-09-10T14:12:59.319,1789029779.3195,7814,2235,28.65,4623,59.27
2026-09-10T14:12:59.330,1789029779.3306,7815,1046,13.41,4623,59.27
2026-09-10T14:12:59.330,1789029779.3306,7816,-2313,-29.65,4548,58.31
2026-09-10T14:12:59.342,1789029779.3423,7817,-235,-3.01,4548,58.31
2026-09-10T14:12:59.342,1789029779.3423,7818,2253,28.88,4566,58.54
2026-09-10T14:12:59.342,1789029779.3423,7819,829,10.63,4566,58.54
2026-09-10T14:12:59.358,1789029779.3581,7820,-2172,-27.85,4425,56.73
2026-09-10T14:12:59.358,1789029779.3581,7821,-35,-0.45,4425,56.73
2026-09-10T14:12:59.373,1789029779.3739,7822,2253,28.88,4425,56.73
2026-09-10T14:12:59.373,1789029779.3739,7823,588,7.54,4425,56.73
2026-09-10T14:12:59.396,1789029779.3965,7824,-2126,-27.26,4379,56.14
2026-09-10T14:12:59.397,1789029779.3975,7825,290,3.72,4379,56.14
2026-09-10T14:12:59.397,1789029779.3975,7826,2221,28.47,4347,55.73
2026-09-10T14:12:59.405,1789029779.4053,7827,372,4.77,4347,55.73
2026-09-10T14:12:59.405,1789029779.4053,7828,-2341,-30.01,4562,58.49
2026-09-10T14:12:59.405,1789029779.4053,7829,707,9.06,4562,58.49
2026-09-10T14:12:59.405,1789029779.4053,7830,2152,27.59,4493,57.6
2026-09-10T14:12:59.420,1789029779.4210,7831,180,2.31,4493,57.6
2026-09-10T14:12:59.420,1789029779.4210,7832,-2437,-31.24,4589,58.83
2026-09-10T14:12:59.420,1789029779.4210,7833,-1492,-19.13,4589,58.83
2026-09-10T14:12:59.420,1789029779.4210,7834,2050,26.28,4487,57.53
2026-09-10T14:12:59.420,1789029779.4210,7835,38,0.49,4487,57.53
2026-09-10T14:12:59.436,1789029779.4367,7836,-2511,-32.19,4561,58.47
2026-09-10T14:12:59.436,1789029779.4367,7837,-1257,-16.12,4561,58.47
2026-09-10T14:12:59.436,1789029779.4367,7838,1902,24.38,4413,56.58
2026-09-10T14:12:59.436,1789029779.4367,7839,-150,-1.92,4413,56.58
2026-09-10T14:12:59.452,1789029779.4525,7840,-2521,-32.32,4423,56.71
2026-09-10T14:12:59.452,1789029779.4525,7841,-1003,-12.86,4423,56.71
2026-09-10T14:12:59.452,1789029779.4525,7842,1685,21.6,4206,53.92
2026-09-10T14:12:59.468,1789029779.4682,7843,-353,-4.53,4206,53.92
2026-09-10T14:12:59.468,1789029779.4682,7844,-2452,-31.44,4137,53.04
2026-09-10T14:12:59.468,1789029779.4682,7845,-730,-9.36,4137,53.04
2026-09-10T14:12:59.468,1789029779.4682,7846,2149,27.55,4601,58.99
2026-09-10T14:12:59.483,1789029779.4839,7847,-634,-8.13,4601,58.99
2026-09-10T14:12:59.483,1789029779.4839,7848,-2319,-29.73,4468,57.28
2026-09-10T14:12:59.495,1789029779.4955,7849,-414,-5.31,4468,57.28
2026-09-10T14:12:59.500,1789029779.5002,7850,2304,29.54,4623,59.27
2026-09-10T14:12:59.515,1789029779.5153,7851,-950,-12.18,4623,59.27
2026-09-10T14:12:59.515,1789029779.5153,7852,-2155,-27.63,4459,57.17
2026-09-10T14:12:59.523,1789029779.5238,7853,-154,-1.97,4459,57.17
2026-09-10T14:12:59.526,1789029779.5269,7854,2434,31.21,4589,58.83
2026-09-10T14:12:59.531,1789029779.5318,7855,1093,14.01,4589,58.83
2026-09-10T14:12:59.535,1789029779.5358,7856,-1974,-25.31,4408,56.51
2026-09-10T14:12:59.538,1789029779.5388,7857,113,1.45,4408,56.51
2026-09-10T14:12:59.541,1789029779.5420,7858,2537,32.53,4511,57.83
2026-09-10T14:12:59.544,1789029779.5441,7859,955,12.24,4511,57.83
2026-09-10T14:12:59.544,1789029779.5441,7860,-1798,-23.05,4335,55.58
2026-09-10T14:12:59.551,1789029779.5516,7861,401,5.14,4335,55.58
2026-09-10T14:12:59.551,1789029779.5516,7862,2507,32.14,4305,55.19
2026-09-10T14:12:59.551,1789029779.5516,7863,729,9.35,4305,55.19
2026-09-10T14:12:59.551,1789029779.5516,7864,-1957,-25.09,4464,57.23
2026-09-10T14:12:59.567,1789029779.5675,7865,697,8.94,4464,57.23
2026-09-10T14:12:59.583,1789029779.5839,7866,2422,31.05,4379,56.14
2026-09-10T14:12:59.583,1789029779.5839,7867,500,6.41,4379,56.14
2026-09-10T14:12:59.599,1789029779.5990,7868,-2174,-27.87,4596,58.92
2026-09-10T14:12:59.599,1789029779.5990,7869,1029,13.19,4596,58.92
2026-09-10T14:12:59.609,1789029779.6097,7870,2277,29.19,4451,57.06
2026-09-10T14:12:59.614,1789029779.6146,7871,244,3.13,4451,57.06
2026-09-10T14:12:59.630,1789029779.6304,7872,-2405,-30.83,4682,60.03
2026-09-10T14:12:59.630,1789029779.6304,7873,-1368,-17.54,4682,60.03
2026-09-10T14:12:59.646,1789029779.6462,7874,2092,26.82,4497,57.65
2026-09-10T14:12:59.646,1789029779.6462,7875,-4,-0.05,4497,57.65
2026-09-10T14:12:59.646,1789029779.6462,7876,-2584,-33.13,4676,59.95
2026-09-10T14:12:59.646,1789029779.6462,7877,-1210,-15.51,4676,59.95
2026-09-10T14:12:59.661,1789029779.6620,7878,1812,23.23,4396,56.36
2026-09-10T14:12:59.661,1789029779.6620,7879,-267,-3.42,4396,56.36
2026-09-10T14:12:59.661,1789029779.6620,7880,-2670,-34.23,4482,57.46
2026-09-10T14:12:59.661,1789029779.6620,7881,-1056,-13.54,4482,57.46
2026-09-10T14:12:59.661,1789029779.6620,7882,1933,24.78,4603,59.01
2026-09-10T14:12:59.677,1789029779.6776,7883,-565,-7.24,4603,59.01
2026-09-10T14:12:59.677,1789029779.6776,7884,-2655,-34.04,4588,58.82
2026-09-10T14:12:59.677,1789029779.6776,7885,-877,-11.24,4588,58.82
2026-09-10T14:12:59.677,1789029779.6776,7886,2075,26.6,4730,60.64
2026-09-10T14:12:59.677,1789029779.6776,7887,-930,-11.92,4730,60.64
2026-09-10T14:12:59.693,1789029779.6933,7888,-2615,-33.53,4690,60.13
2026-09-10T14:12:59.695,1789029779.6958,7889,-620,-7.95,4690,60.13
2026-09-10T14:12:59.695,1789029779.6958,7890,2146,27.51,4761,61.04
2026-09-10T14:12:59.709,1789029779.7092,7891,-1346,-17.26,4761,61.04
2026-09-10T14:12:59.709,1789029779.7092,7892,-2453,-31.45,4599,58.96
2026-09-10T14:12:59.709,1789029779.7092,7893,-412,-5.28,4599,58.96
2026-09-10T14:12:59.709,1789029779.7092,7894,2170,27.82,4623,59.27
2026-09-10T14:12:59.724,1789029779.7249,7895,790,10.13,4623,59.27
2026-09-10T14:12:59.724,1789029779.7249,7896,-2267,-29.06,4437,56.88
2026-09-10T14:12:59.724,1789029779.7249,7897,-166,-2.13,4437,56.88
2026-09-10T14:12:59.724,1789029779.7249,7898,2111,27.06,4378,56.13
2026-09-10T14:12:59.740,1789029779.7405,7899,554,7.1,4378,56.13
2026-09-10T14:12:59.740,1789029779.7405,7900,-2068,-26.51,4179,53.58
2026-09-10T14:12:59.756,1789029779.7562,7901,56,0.72,4179,53.58
2026-09-10T14:12:59.756,1789029779.7562,7902,2040,26.15,4108,52.67
2026-09-10T14:12:59.772,1789029779.7721,7903,296,3.79,4108,52.67
2026-09-10T14:12:59.772,1789029779.7721,7904,-2273,-29.14,4313,55.29
2026-09-10T14:12:59.772,1789029779.7721,7905,279,3.58,4313,55.29
2026-09-10T14:12:59.772,1789029779.7721,7906,1826,23.41,4099,52.55
2026-09-10T14:12:59.787,1789029779.7878,7907,-53,-0.68,4099,52.55
2026-09-10T14:12:59.787,1789029779.7878,7908,-2509,-32.17,4335,55.58
2026-09-10T14:12:59.795,1789029779.7958,7909,464,5.95,4335,55.58
2026-09-10T14:12:59.795,1789029779.7958,7910,1430,18.33,3939,50.5
2026-09-10T14:12:59.803,1789029779.8035,7911,-395,-5.06,3939,50.5
2026-09-10T14:12:59.803,1789029779.8035,7912,-2722,-34.9,4152,53.23
2026-09-10T14:12:59.803,1789029779.8035,7913,-1819,-23.32,4152,53.23
2026-09-10T14:12:59.819,1789029779.8192,7914,958,12.28,3680,47.18
2026-09-10T14:12:59.819,1789029779.8192,7915,-778,-9.97,3680,47.18
2026-09-10T14:12:59.819,1789029779.8192,7916,-2851,-36.55,3809,48.83
2026-09-10T14:12:59.835,1789029779.8350,7917,-1715,-21.99,3809,48.83
2026-09-10T14:12:59.835,1789029779.8350,7918,653,8.37,3504,44.92
2026-09-10T14:12:59.850,1789029779.8507,7919,-1014,-13.0,3504,44.92
2026-09-10T14:12:59.850,1789029779.8507,7920,-2854,-36.59,3507,44.96
2026-09-10T14:12:59.850,1789029779.8507,7921,-1599,-20.5,3507,44.96
2026-09-10T14:12:59.866,1789029779.8663,7922,668,8.56,3522,45.15
2026-09-10T14:12:59.866,1789029779.8663,7923,-1300,-16.67,3522,45.15
2026-09-10T14:12:59.885,1789029779.8851,7924,-2811,-36.04,3479,44.6
2026-09-10T14:12:59.892,1789029779.8922,7925,-1520,-19.49,3479,44.6
2026-09-10T14:12:59.898,1789029779.8985,7926,570,7.31,3381,43.35
2026-09-10T14:12:59.898,1789029779.8985,7927,-1868,-23.95,3381,43.35
2026-09-10T14:12:59.916,1789029779.9160,7928,-3181,-40.78,3751,48.09
2026-09-10T14:12:59.919,1789029779.9190,7929,-1805,-23.14,3751,48.09
2026-09-10T14:12:59.921,1789029779.9210,7930,146,1.87,3327,42.65
2026-09-10T14:12:59.921,1789029779.9210,7931,-2100,-26.92,3327,42.65
2026-09-10T14:12:59.921,1789029779.9210,7932,-3208,-41.13,3354,43.0
2026-09-10T14:12:59.921,1789029779.9210,7933,-2887,-37.01,3354,43.0
2026-09-10T14:12:59.921,1789029779.9210,7934,-992,-12.72,2216,28.41
2026-09-10T14:12:59.940,1789029779.9400,7935,-1832,-23.49,2216,28.41
2026-09-10T14:12:59.943,1789029779.9433,7936,-3767,-48.29,2775,35.58
2026-09-10T14:12:59.952,1789029779.9526,7937,-2357,-30.22,2775,35.58
2026-09-10T14:12:59.952,1789029779.9526,7938,-839,-10.76,2928,37.54
2026-09-10T14:12:59.952,1789029779.9526,7939,-1860,-23.85,2928,37.54
2026-09-10T14:12:59.952,1789029779.9526,7940,-3571,-45.78,2732,35.03
2026-09-10T14:12:59.968,1789029779.9683,7941,-2141,-27.45,2732,35.03
2026-09-10T14:12:59.968,1789029779.9683,7942,-908,-11.64,2663,34.14
2026-09-10T14:12:59.968,1789029779.9683,7943,-2081,-26.68,2663,34.14
2026-09-10T14:12:59.983,1789029779.9840,7944,-3801,-48.73,2893,37.09
2026-09-10T14:12:59.983,1789029779.9840,7945,-2156,-27.64,2893,37.09
2026-09-10T14:12:59.983,1789029779.9840,7946,-1300,-16.67,2501,32.06
2026-09-10T14:12:59.983,1789029779.9840,7947,-2578,-33.05,2501,32.06
2026-09-10T14:12:59.999,1789029779.9996,7948,-4332,-55.54,3032,38.87
2026-09-10T14:12:59.999,1789029779.9996,7949,-2684,-34.41,3032,38.87
2026-09-10T14:12:59.999,1789029779.9996,7950,-2329,-29.86,2003,25.68
2026-09-10T14:12:59.999,1789029779.9996,7951,-3852,-49.38,2003,25.68
2026-09-10T14:13:00.019,1789029780.0194,7952,-5773,-74.01,3444,44.15
2026-09-10T14:13:00.023,1789029780.0234,7953,-5439,-69.73,3444,44.15
2026-09-10T14:13:00.023,1789029780.0234,7954,-4098,-52.54,1921,24.63
2026-09-10T14:13:00.031,1789029780.0311,7955,-5493,-70.42,1675,21.47
2026-09-10T14:13:00.031,1789029780.0311,7956,-7128,-91.38,3030,38.85
2026-09-10T14:13:00.031,1789029780.0311,7957,-6540,-83.85,3030,38.85
2026-09-10T14:13:00.046,1789029780.0468,7958,-5507,-70.6,1635,20.96
2026-09-10T14:13:00.046,1789029780.0468,7959,-6941,-88.99,1621,20.78
2026-09-10T14:13:00.046,1789029780.0468,7960,-8594,-110.18,3087,39.58
2026-09-10T14:13:00.062,1789029780.0624,7961,-8016,-102.77,3087,39.58
2026-09-10T14:13:00.062,1789029780.0624,7962,-6485,-83.14,2109,27.04
2026-09-10T14:13:00.062,1789029780.0624,7963,-7211,-92.45,2109,27.04
2026-09-10T14:13:00.062,1789029780.0624,7964,-7903,-101.32,1531,19.63
2026-09-10T14:13:00.080,1789029780.0803,7965,-6464,-82.87,1439,18.45
2026-09-10T14:13:00.080,1789029780.0803,7966,-4554,-58.38,3349,42.94
2026-09-10T14:13:00.080,1789029780.0803,7967,-6409,-82.17,3349,42.94
2026-09-10T14:13:00.080,1789029780.0803,7968,-7344,-94.15,2790,35.77
2026-09-10T14:13:00.080,1789029780.0803,7969,-6344,-81.33,2790,35.77
2026-09-10T14:13:00.095,1789029780.0958,7970,-4851,-62.19,2493,31.96
2026-09-10T14:13:00.109,1789029780.1095,7971,-6778,-86.9,2493,31.96
2026-09-10T14:13:00.109,1789029780.1095,7972,-7224,-92.62,2373,30.42
2026-09-10T14:13:00.125,1789029780.1252,7973,-6000,-76.92,2373,30.42
2026-09-10T14:13:00.125,1789029780.1252,7974,-4820,-61.79,2404,30.82
2026-09-10T14:13:00.125,1789029780.1252,7975,-5897,-75.6,2404,30.82
2026-09-10T14:13:00.125,1789029780.1252,7976,-7961,-102.06,3141,40.27
2026-09-10T14:13:00.140,1789029780.1409,7977,-6846,-87.77,3141,40.27
2026-09-10T14:13:00.140,1789029780.1409,7978,-5723,-73.37,2238,28.69
2026-09-10T14:13:00.156,1789029780.1565,7979,-6712,-86.05,2238,28.69
2026-09-10T14:13:00.156,1789029780.1565,7980,-8010,-102.69,2287,29.32
2026-09-10T14:13:00.172,1789029780.1723,7981,-6603,-84.65,2287,29.32
2026-09-10T14:13:00.172,1789029780.1723,7982,-5413,-69.4,2597,33.29
2026-09-10T14:13:00.188,1789029780.1882,7983,-6252,-80.15,2597,33.29
2026-09-10T14:13:00.188,1789029780.1882,7984,-7464,-95.69,2051,26.29
2026-09-10T14:13:00.195,1789029780.1960,7985,-5124,-65.69,2340,30.0
2026-09-10T14:13:00.195,1789029780.1960,7986,-4056,-52.0,3408,43.69
2026-09-10T14:13:00.195,1789029780.1960,7987,-4820,-61.79,3408,43.69
2026-09-10T14:13:00.195,1789029780.1960,7988,-5945,-76.22,1889,24.22
2026-09-10T14:13:00.203,1789029780.2039,7989,-3178,-40.74,2767,35.47
2026-09-10T14:13:00.203,1789029780.2039,7990,-2237,-28.68,3708,47.54
2026-09-10T14:13:00.203,1789029780.2039,7991,-3117,-39.96,3708,47.54
2026-09-10T14:13:00.203,1789029780.2039,7992,-4257,-54.58,2020,25.9
2026-09-10T14:13:00.203,1789029780.2039,7993,-3336,-42.77,2020,25.9
2026-09-10T14:13:00.219,1789029780.2196,7994,-1169,-14.99,3088,39.59
2026-09-10T14:13:00.219,1789029780.2196,7995,-2056,-26.36,3088,39.59
2026-09-10T14:13:00.219,1789029780.2196,7996,-3148,-40.36,2167,27.78
2026-09-10T14:13:00.235,1789029780.2353,7997,-2120,-27.18,1979,25.37
2026-09-10T14:13:00.235,1789029780.2353,7998,-358,-4.59,2790,35.77
2026-09-10T14:13:00.235,1789029780.2353,7999,-1309,-16.78,2790,35.77
2026-09-10T14:13:00.235,1789029780.2353,8000,-2440,-31.28,2082,26.69
2026-09-10T14:13:00.250,1789029780.2509,8001,-1454,-18.64,2082,26.69
2026-09-10T14:13:00.250,1789029780.2509,8002,235,3.01,2675,34.29
2026-09-10T14:13:00.266,1789029780.2667,8003,-1237,-15.86,2675,34.29
2026-09-10T14:13:00.266,1789029780.2667,8004,-2080,-26.67,2315,29.68
2026-09-10T14:13:00.266,1789029780.2667,8005,-1020,-13.08,2315,29.68
2026-09-10T14:13:00.266,1789029780.2667,8006,412,5.28,2492,31.95
2026-09-10T14:13:00.282,1789029780.2824,8007,-1465,-18.78,2492,31.95
2026-09-10T14:13:00.282,1789029780.2824,8008,-1987,-25.47,2399,30.76
2026-09-10T14:13:00.295,1789029780.2959,8009,-643,-8.24,2399,30.76
2026-09-10T14:13:00.298,1789029780.2981,8010,987,12.65,2974,38.13
2026-09-10T14:13:00.298,1789029780.2981,8011,-699,-8.96,2974,38.13
2026-09-10T14:13:00.313,1789029780.3139,8012,-824,-10.56,1811,23.22
2026-09-10T14:13:00.313,1789029780.3139,8013,459,5.88,1811,23.22
2026-09-10T14:13:00.313,1789029780.3139,8014,1817,23.29,2641,33.86
2026-09-10T14:13:00.313,1789029780.3139,8015,1110,14.23,2641,33.86
2026-09-10T14:13:00.330,1789029780.3305,8016,265,3.4,1552,19.9
2026-09-10T14:13:00.332,1789029780.3327,8017,1260,16.15,1552,19.9
2026-09-10T14:13:00.336,1789029780.3365,8018,2375,30.45,2110,27.05
2026-09-10T14:13:00.340,1789029780.3403,8019,1590,20.38,2110,27.05
2026-09-10T14:13:00.345,1789029780.3453,8020,279,3.58,2096,26.87
2026-09-10T14:13:00.360,1789029780.3608,8021,1542,19.77,2096,26.87
2026-09-10T14:13:00.376,1789029780.3765,8022,2536,32.51,2257,28.94
2026-09-10T14:13:00.376,1789029780.3765,8023,1742,22.33,2257,28.94
2026-09-10T14:13:00.382,1789029780.3824,8024,539,6.91,1997,25.6
2026-09-10T14:13:00.392,1789029780.3921,8025,2549,32.68,2010,25.77
2026-09-10T14:13:00.395,1789029780.3960,8026,3251,41.68,2712,34.77
2026-09-10T14:13:00.395,1789029780.3960,8027,2286,29.31,2712,34.77
2026-09-10T14:13:00.395,1789029780.3960,8028,893,11.45,2358,30.23
2026-09-10T14:13:00.407,1789029780.4078,8029,2229,28.58,2358,30.23
2026-09-10T14:13:00.423,1789029780.4235,8030,1972,25.28,1393,17.86
2026-09-10T14:13:00.423,1789029780.4235,8031,756,9.69,1473,18.88
2026-09-10T14:13:00.423,1789029780.4235,8032,-506,-6.49,2735,35.06
2026-09-10T14:13:00.439,1789029780.4393,8033,80,1.03,2478,31.77
2026-09-10T14:13:00.439,1789029780.4393,8034,1426,18.28,1932,24.77
2026-09-10T14:13:00.439,1789029780.4393,8035,244,3.13,1932,24.77
2026-09-10T14:13:00.439,1789029780.4393,8036,-1057,-13.55,2483,31.83
2026-09-10T14:13:00.439,1789029780.4393,8037,-509,-6.53,2483,31.83
2026-09-10T14:13:00.439,1789029780.4393,8038,514,6.59,1571,20.14
2026-09-10T14:13:00.439,1789029780.4393,8039,-520,-6.67,1571,20.14
2026-09-10T14:13:00.454,1789029780.4549,8040,-1466,-18.79,1980,25.38
2026-09-10T14:13:00.454,1789029780.4549,8041,-640,-8.21,1980,25.38
2026-09-10T14:13:00.454,1789029780.4549,8042,818,10.49,2284,29.28
2026-09-10T14:13:00.454,1789029780.4549,8043,-307,-3.94,2284,29.28
2026-09-10T14:13:00.471,1789029780.4713,8044,-938,-12.03,1756,22.51
2026-09-10T14:13:00.473,1789029780.4733,8045,6,0.08,1756,22.51
2026-09-10T14:13:00.478,1789029780.4785,8046,1405,18.01,2343,30.04
2026-09-10T14:13:00.478,1789029780.4785,8047,-16,-0.21,2343,30.04
2026-09-10T14:13:00.486,1789029780.4863,8048,-540,-6.92,1945,24.94
2026-09-10T14:13:00.496,1789029780.4961,8049,450,5.77,1945,24.94
2026-09-10T14:13:00.496,1789029780.4961,8050,1712,21.95,2252,28.87
2026-09-10T14:13:00.501,1789029780.5020,8051,1,0.01,2252,28.87
2026-09-10T14:13:00.501,1789029780.5020,8052,-275,-3.53,1987,25.47
2026-09-10T14:13:00.501,1789029780.5020,8053,738,9.46,1987,25.47
2026-09-10T14:13:00.517,1789029780.5177,8054,1859,23.83,2134,27.36
2026-09-10T14:13:00.517,1789029780.5177,8055,1216,15.59,2134,27.36
2026-09-10T14:13:00.517,1789029780.5177,8056,-93,-1.19,1952,25.03
2026-09-10T14:13:00.533,1789029780.5335,8057,960,12.31,1952,25.03
2026-09-10T14:13:00.533,1789029780.5335,8058,1968,25.23,2061,26.42
2026-09-10T14:13:00.533,1789029780.5335,8059,1232,15.79,2061,26.42
2026-09-10T14:13:00.549,1789029780.5493,8060,72,0.92,1896,24.31
2026-09-10T14:13:00.549,1789029780.5493,8061,1200,15.38,1896,24.31
2026-09-10T14:13:00.549,1789029780.5493,8062,2039,26.14,1967,25.22
2026-09-10T14:13:00.565,1789029780.5654,8063,1183,15.17,1967,25.22
2026-09-10T14:13:00.565,1789029780.5654,8064,-102,-1.31,2141,27.45
2026-09-10T14:13:00.565,1789029780.5654,8065,1438,18.44,2141,27.45
2026-09-10T14:13:00.565,1789029780.5654,8066,2036,26.1,2138,27.41
2026-09-10T14:13:00.581,1789029780.5811,8067,1156,14.82,2138,27.41
2026-09-10T14:13:00.581,1789029780.5811,8068,-132,-1.69,2168,27.79
2026-09-10T14:13:00.581,1789029780.5811,8069,1663,21.32,2168,27.79
2026-09-10T14:13:00.597,1789029780.5971,8070,1989,25.5,2121,27.19
2026-09-10T14:13:00.612,1789029780.6128,8071,1053,13.5,2121,27.19
2026-09-10T14:13:00.612,1789029780.6128,8072,-187,-2.4,2176,27.9
2026-09-10T14:13:00.626,1789029780.6268,8073,393,5.04,2176,27.9
2026-09-10T14:13:00.628,1789029780.6286,8074,1829,23.45,2016,25.85
2026-09-10T14:13:00.628,1789029780.6286,8075,878,11.26,2016,25.85
2026-09-10T14:13:00.628,1789029780.6286,8076,-242,-3.1,2071,26.55
2026-09-10T14:13:00.644,1789029780.6443,8077,431,5.53,2071,26.55
2026-09-10T14:13:00.644,1789029780.6443,8078,1687,21.63,1929,24.73
2026-09-10T14:13:00.644,1789029780.6443,8079,700,8.97,1929,24.73
2026-09-10T14:13:00.644,1789029780.6443,8080,-303,-3.88,1990,25.51
2026-09-10T14:13:00.675,1789029780.6758,8081,498,6.38,1990,25.51
2026-09-10T14:13:00.675,1789029780.6758,8082,1865,23.91,2168,27.79
2026-09-10T14:13:00.675,1789029780.6758,8083,523,6.71,2168,27.79
2026-09-10T14:13:00.675,1789029780.6758,8084,-259,-3.32,2124,27.23
2026-09-10T14:13:00.691,1789029780.6916,8085,622,7.97,2124,27.23
2026-09-10T14:13:00.691,1789029780.6916,8086,1964,25.18,2223,28.5
2026-09-10T14:13:00.696,1789029780.6962,8087,410,5.26,2223,28.5
2026-09-10T14:13:00.696,1789029780.6962,8088,-120,-1.54,2084,26.72
2026-09-10T14:13:00.696,1789029780.6962,8089,877,11.24,2084,26.72
2026-09-10T14:13:00.696,1789029780.6962,8090,2141,27.45,2261,28.99
2026-09-10T14:13:00.707,1789029780.7072,8091,1589,20.37,2261,28.99
2026-09-10T14:13:00.707,1789029780.7072,8092,141,1.81,2000,25.64
2026-09-10T14:13:00.707,1789029780.7072,8093,1193,15.29,2000,25.64
2026-09-10T14:13:00.707,1789029780.7072,8094,2368,30.36,2227,28.55
2026-09-10T14:13:00.707,1789029780.7072,8095,1719,22.04,2227,28.55
2026-09-10T14:13:00.731,1789029780.7316,8096,394,5.05,1974,25.31
2026-09-10T14:13:00.733,1789029780.7332,8097,1501,19.24,1974,25.31
2026-09-10T14:13:00.738,1789029780.7387,8098,2503,32.09,2109,27.04
2026-09-10T14:13:00.738,1789029780.7387,8099,1737,22.27,2109,27.04
2026-09-10T14:13:00.738,1789029780.7387,8100,569,7.29,1934,24.79
2026-09-10T14:13:00.754,1789029780.7544,8101,1727,22.14,1934,24.79
2026-09-10T14:13:00.754,1789029780.7544,8102,2536,32.51,1967,25.22
2026-09-10T14:13:00.754,1789029780.7544,8103,1706,21.87,1967,25.22
2026-09-10T14:13:00.770,1789029780.7701,8104,359,4.6,2177,27.91
2026-09-10T14:13:00.770,1789029780.7701,8105,1983,25.42,2177,27.91
2026-09-10T14:13:00.785,1789029780.7857,8106,2571,32.96,2212,28.36
2026-09-10T14:13:00.785,1789029780.7857,8107,1657,21.24,2212,28.36
2026-09-10T14:13:00.785,1789029780.7857,8108,327,4.19,2244,28.77
2026-09-10T14:13:00.785,1789029780.7857,8109,2198,28.18,2244,28.77
2026-09-10T14:13:00.801,1789029780.8014,8110,2498,32.03,2171,27.83
2026-09-10T14:13:00.801,1789029780.8014,8111,1552,19.9,2171,27.83
2026-09-10T14:13:00.801,1789029780.8014,8112,266,3.41,2232,28.62
2026-09-10T14:13:00.801,1789029780.8014,8113,869,11.14,2232,28.62
2026-09-10T14:13:00.817,1789029780.8172,8114,2361,30.27,2095,26.86
2026-09-10T14:13:00.817,1789029780.8172,8115,1355,17.37,2095,26.86
2026-09-10T14:13:00.817,1789029780.8172,8116,158,2.03,2203,28.24
2026-09-10T14:13:00.817,1789029780.8172,8117,886,11.36,2203,28.24
2026-09-10T14:13:00.833,1789029780.8330,8118,2165,27.76,2007,25.73
2026-09-10T14:13:00.833,1789029780.8330,8119,1097,14.06,2007,25.73
2026-09-10T14:13:00.833,1789029780.8330,8120,72,0.92,2093,26.83
2026-09-10T14:13:00.864,1789029780.8644,8121,920,11.79,2093,26.83
2026-09-10T14:13:00.864,1789029780.8644,8122,2328,29.85,2256,28.92
2026-09-10T14:13:00.864,1789029780.8644,8123,863,11.06,2256,28.92
2026-09-10T14:13:00.864,1789029780.8644,8124,52,0.67,2276,29.18
2026-09-10T14:13:00.880,1789029780.8800,8125,1012,12.97,2276,29.18
2026-09-10T14:13:00.880,1789029780.8800,8126,2380,30.51,2328,29.85
2026-09-10T14:13:00.880,1789029780.8800,8127,655,8.4,2328,29.85
2026-09-10T14:13:00.896,1789029780.8967,8128,145,1.86,2235,28.65
2026-09-10T14:13:00.896,1789029780.8967,8129,1188,15.23,2235,28.65
2026-09-10T14:13:00.896,1789029780.8967,8130,2499,32.04,2354,30.18
2026-09-10T14:13:00.919,1789029780.9199,8131,1906,24.44,2354,30.18
2026-09-10T14:13:00.927,1789029780.9278,8132,380,4.87,2119,27.17
2026-09-10T14:13:00.927,1789029780.9278,8133,1498,19.21,2119,27.17
2026-09-10T14:13:00.927,1789029780.9278,8134,2729,34.99,2349,30.12
2026-09-10T14:13:00.927,1789029780.9278,8135,1990,25.51,2349,30.12
2026-09-10T14:13:00.927,1789029780.9278,8136,632,8.1,2097,26.88
2026-09-10T14:13:00.927,1789029780.9278,8137,1817,23.29,2097,26.88
2026-09-10T14:13:00.943,1789029780.9435,8138,2842,36.44,2210,28.33
2026-09-10T14:13:00.943,1789029780.9435,8139,2019,25.88,2210,28.33
2026-09-10T14:13:00.943,1789029780.9435,8140,829,10.63,2013,25.81
2026-09-10T14:13:00.959,1789029780.9594,8141,2102,26.95,2013,25.81
2026-09-10T14:13:00.959,1789029780.9594,8142,2897,37.14,2068,26.51
2026-09-10T14:13:00.959,1789029780.9594,8143,2002,25.67,2068,26.51
2026-09-10T14:13:00.959,1789029780.9594,8144,578,7.41,2319,29.73
2026-09-10T14:13:00.975,1789029780.9750,8145,2328,29.85,2319,29.73
2026-09-10T14:13:00.975,1789029780.9750,8146,2879,36.91,2301,29.5
2026-09-10T14:13:00.975,1789029780.9750,8147,1920,24.62,2301,29.5
2026-09-10T14:13:00.975,1789029780.9750,8148,533,6.83,2346,30.08
2026-09-10T14:13:00.990,1789029780.9907,8149,2498,32.03,2346,30.08
2026-09-10T14:13:00.996,1789029780.9963,8150,2785,35.71,2252,28.87
2026-09-10T14:13:01.006,1789029781.0064,8151,1786,22.9,2252,28.87
2026-09-10T14:13:01.006,1789029781.0064,8152,487,6.24,2298,29.46
2026-09-10T14:13:01.006,1789029781.0064,8153,1093,14.01,2298,29.46
2026-09-10T14:13:01.022,1789029781.0221,8154,2642,33.87,2155,27.63
2026-09-10T14:13:01.022,1789029781.0221,8155,1620,20.77,2155,27.63
2026-09-10T14:13:01.022,1789029781.0221,8156,434,5.56,2208,28.31
2026-09-10T14:13:01.037,1789029781.0379,8157,1192,15.28,2208,28.31
2026-09-10T14:13:01.037,1789029781.0379,8158,2533,32.47,2099,26.91
2026-09-10T14:13:01.037,1789029781.0379,8159,1435,18.4,2099,26.91
2026-09-10T14:13:01.037,1789029781.0379,8160,422,5.41,2111,27.06
2026-09-10T14:13:01.053,1789029781.0535,8161,1260,16.15,2111,27.06
2026-09-10T14:13:01.053,1789029781.0535,8162,2711,34.76,2289,29.35
2026-09-10T14:13:01.053,1789029781.0535,8163,1203,15.42,2289,29.35
2026-09-10T14:13:01.053,1789029781.0535,8164,426,5.46,2285,29.29
2026-09-10T14:13:01.069,1789029781.0694,8165,1337,17.14,2285,29.29
2026-09-10T14:13:01.069,1789029781.0694,8166,2719,34.86,2293,29.4
2026-09-10T14:13:01.069,1789029781.0694,8167,928,11.9,2293,29.4
2026-09-10T14:13:01.086,1789029781.0866,8168,369,4.73,2350,30.13
2026-09-10T14:13:01.096,1789029781.0964,8169,1351,17.32,2350,30.13
2026-09-10T14:13:01.100,1789029781.1008,8170,2754,35.31,2385,30.58
2026-09-10T14:13:01.100,1789029781.1008,8171,2143,27.47,2385,30.58
2026-09-10T14:13:01.120,1789029781.1207,8172,392,5.03,2362,30.28
2026-09-10T14:13:01.126,1789029781.1261,8173,1443,18.5,2362,30.28
2026-09-10T14:13:01.132,1789029781.1322,8174,2585,33.14,2193,28.12
2026-09-10T14:13:01.132,1789029781.1322,8175,1843,23.63,2193,28.12
2026-09-10T14:13:01.132,1789029781.1322,8176,398,5.1,2187,28.04
2026-09-10T14:13:01.147,1789029781.1479,8177,1444,18.51,2187,28.04
2026-09-10T14:13:01.147,1789029781.1479,8178,2503,32.09,2105,26.99
2026-09-10T14:13:01.147,1789029781.1479,8179,1761,22.58,2105,26.99
2026-09-10T14:13:01.163,1789029781.1636,8180,297,3.81,2206,28.28
2026-09-10T14:13:01.163,1789029781.1636,8181,1532,19.64,2206,28.28
2026-09-10T14:13:01.163,1789029781.1636,8182,2362,30.28,2065,26.47
2026-09-10T14:13:01.163,1789029781.1636,8183,1453,18.63,2065,26.47
2026-09-10T14:13:01.163,1789029781.1636,8184,-77,-0.99,2439,31.27
2026-09-10T14:13:01.179,1789029781.1794,8185,1383,17.73,2439,31.27
2026-09-10T14:13:01.179,1789029781.1794,8186,1922,24.64,1999,25.63
2026-09-10T14:13:01.179,1789029781.1794,8187,938,12.03,1999,25.63
2026-09-10T14:13:01.179,1789029781.1794,8188,-534,-6.85,2456,31.49
2026-09-10T14:13:01.196,1789029781.1966,8189,1373,17.6,2456,31.49
2026-09-10T14:13:01.196,1789029781.1966,8190,1483,19.01,2017,25.86
2026-09-10T14:13:01.196,1789029781.1966,8191,438,5.62,2017,25.86
2026-09-10T14:13:01.210,1789029781.2108,8192,-944,-12.1,2427,31.12
2026-09-10T14:13:01.210,1789029781.2108,8193,-448,-5.74,2427,31.12
2026-09-10T14:13:01.210,1789029781.2108,8194,1010,12.95,1954,25.05
2026-09-10T14:13:01.226,1789029781.2265,8195,-2,-0.03,1954,25.05
2026-09-10T14:13:01.226,1789029781.2265,8196,-1218,-15.62,2228,28.56
2026-09-10T14:13:01.226,1789029781.2265,8197,-534,-6.85,2228,28.56
2026-09-10T14:13:01.242,1789029781.2422,8198,857,10.99,2075,26.6
2026-09-10T14:13:01.242,1789029781.2422,8199,-242,-3.1,2075,26.6
2026-09-10T14:13:01.242,1789029781.2422,8200,-1265,-16.22,2122,27.21
2026-09-10T14:13:01.257,1789029781.2579,8201,-449,-5.76,2122,27.21
2026-09-10T14:13:01.257,1789029781.2579,8202,981,12.58,2246,28.79
2026-09-10T14:13:01.257,1789029781.2579,8203,-457,-5.86,2246,28.79
2026-09-10T14:13:01.273,1789029781.2737,8204,-1224,-15.69,2205,28.27
2026-09-10T14:13:01.273,1789029781.2737,8205,-299,-3.83,2205,28.27
2026-09-10T14:13:01.273,1789029781.2737,8206,1130,14.49,2354,30.18
2026-09-10T14:13:01.273,1789029781.2737,8207,-501,-6.42,2354,30.18
2026-09-10T14:13:01.289,1789029781.2894,8208,-971,-12.45,2101,26.94
2026-09-10T14:13:01.296,1789029781.2968,8209,89,1.14,2101,26.94
2026-09-10T14:13:01.296,1789029781.2968,8210,1452,18.62,2423,31.06
2026-09-10T14:13:01.305,1789029781.3051,8211,967,12.4,2423,31.06
2026-09-10T14:13:01.305,1789029781.3051,8212,-592,-7.59,2044,26.21
2026-09-10T14:13:01.305,1789029781.3051,8213,507,6.5,2044,26.21
2026-09-10T14:13:01.305,1789029781.3051,8214,1765,22.63,2357,30.22
2026-09-10T14:13:01.320,1789029781.3207,8215,1142,14.64,2357,30.22
2026-09-10T14:13:01.336,1789029781.3365,8216,-250,-3.21,2015,25.83
2026-09-10T14:13:01.336,1789029781.3365,8217,975,12.5,2015,25.83
2026-09-10T14:13:01.336,1789029781.3365,8218,2023,25.94,2273,29.14
2026-09-10T14:13:01.352,1789029781.3522,8219,1324,16.97,2273,29.14
2026-09-10T14:13:01.352,1789029781.3522,8220,123,1.58,1900,24.36
2026-09-10T14:13:01.360,1789029781.3603,8221,1446,18.54,1900,24.36
2026-09-10T14:13:01.368,1789029781.3682,8222,2296,29.44,2173,27.86
2026-09-10T14:13:01.368,1789029781.3682,8223,1523,19.53,2173,27.86
2026-09-10T14:13:01.384,1789029781.3847,8224,101,1.29,2195,28.14
2026-09-10T14:13:01.384,1789029781.3847,8225,1887,24.19,2195,28.14
2026-09-10T14:13:01.396,1789029781.3969,8226,2456,31.49,2355,30.19
2026-09-10T14:13:01.399,1789029781.3998,8227,1590,20.38,2355,30.19
2026-09-10T14:13:01.399,1789029781.3998,8228,212,2.72,2244,28.77
2026-09-10T14:13:01.399,1789029781.3998,8229,2145,27.5,2244,28.77
2026-09-10T14:13:01.399,1789029781.3998,8230,2460,31.54,2248,28.82
2026-09-10T14:13:01.415,1789029781.4155,8231,1519,19.47,2248,28.82
2026-09-10T14:13:01.415,1789029781.4155,8232,209,2.68,2251,28.86
2026-09-10T14:13:01.415,1789029781.4155,8233,740,9.49,2251,28.86
2026-09-10T14:13:01.415,1789029781.4155,8234,2292,29.38,2083,26.71
2026-09-10T14:13:01.415,1789029781.4155,8235,1288,16.51,2083,26.71
2026-09-10T14:13:01.415,1789029781.4155,8236,95,1.22,2197,28.17
2026-09-10T14:13:01.431,1789029781.4312,8237,718,9.21,2197,28.17
2026-09-10T14:13:01.431,1789029781.4312,8238,2075,26.6,1980,25.38
2026-09-10T14:13:01.447,1789029781.4470,8239,939,12.04,1980,25.38
2026-09-10T14:13:01.447,1789029781.4470,8240,-121,-1.55,2196,28.15
2026-09-10T14:13:01.447,1789029781.4470,8241,636,8.15,2196,28.15
2026-09-10T14:13:01.462,1789029781.4628,8242,2073,26.58,2194,28.13
2026-09-10T14:13:01.462,1789029781.4628,8243,542,6.95,2194,28.13
2026-09-10T14:13:01.462,1789029781.4628,8244,-276,-3.54,2349,30.12
2026-09-10T14:13:01.478,1789029781.4785,8245,561,7.19,2349,30.12
2026-09-10T14:13:01.478,1789029781.4785,8246,1955,25.06,2231,28.6
2026-09-10T14:13:01.478,1789029781.4785,8247,173,2.22,2231,28.6
2026-09-10T14:13:01.478,1789029781.4785,8248,-395,-5.06,2350,30.13
2026-09-10T14:13:01.496,1789029781.4969,8249,526,6.74,2350,30.13
2026-09-10T14:13:01.496,1789029781.4969,8250,1828,23.44,2223,28.5
2026-09-10T14:13:01.511,1789029781.5115,8251,1261,16.17,2223,28.5
2026-09-10T14:13:01.516,1789029781.5170,8252,-483,-6.19,2311,29.63
2026-09-10T14:13:01.520,1789029781.5202,8253,543,6.96,2311,29.63
2026-09-10T14:13:01.525,1789029781.5258,8254,1712,21.95,2195,28.14
2026-09-10T14:13:01.525,1789029781.5258,8255,1074,13.77,2195,28.14
2026-09-10T14:13:01.525,1789029781.5258,8256,-485,-6.22,2197,28.17
2026-09-10T14:13:01.525,1789029781.5258,8257,689,8.83,2197,28.17
2026-09-10T14:13:01.541,1789029781.5416,8258,1694,21.72,2179,27.94
2026-09-10T14:13:01.541,1789029781.5416,8259,972,12.46,2179,27.94
2026-09-10T14:13:01.541,1789029781.5416,8260,-370,-4.74,2064,26.46
2026-09-10T14:13:01.557,1789029781.5573,8261,907,11.63,2064,26.46
2026-09-10T14:13:01.557,1789029781.5573,8262,1732,22.21,2102,26.95
2026-09-10T14:13:01.563,1789029781.5636,8263,909,11.65,2102,26.95
2026-09-10T14:13:01.565,1789029781.5656,8264,-567,-7.27,2299,29.47
2026-09-10T14:13:01.575,1789029781.5754,8265,1145,14.68,2299,29.47
2026-09-10T14:13:01.589,1789029781.5892,8266,1688,21.64,2255,28.91
2026-09-10T14:13:01.589,1789029781.5892,8267,818,10.49,2255,28.91
2026-09-10T14:13:01.589,1789029781.5892,8268,-594,-7.62,2282,29.26
2026-09-10T14:13:01.596,1789029781.5970,8269,1349,17.29,2282,29.26
2026-09-10T14:13:01.604,1789029781.6049,8270,1668,21.38,2262,29.0
2026-09-10T14:13:01.604,1789029781.6049,8271,742,9.51,2262,29.0
2026-09-10T14:13:01.620,1789029781.6205,8272,-557,-7.14,2225,28.53
2026-09-10T14:13:01.620,1789029781.6205,8273,21,0.27,2225,28.53
2026-09-10T14:13:01.636,1789029781.6362,8274,1683,21.58,2240,28.72
2026-09-10T14:13:01.636,1789029781.6362,8275,672,8.62,2240,28.72
2026-09-10T14:13:01.636,1789029781.6362,8276,-527,-6.76,2210,28.33
2026-09-10T14:13:01.636,1789029781.6362,8277,200,2.56,2210,28.33
2026-09-10T14:13:01.651,1789029781.6519,8278,1700,21.79,2227,28.55
2026-09-10T14:13:01.651,1789029781.6519,8279,569,7.29,2227,28.55
2026-09-10T14:13:01.651,1789029781.6519,8280,-433,-5.55,2133,27.35
2026-09-10T14:13:01.651,1789029781.6519,8281,377,4.83,2133,27.35
2026-09-10T14:13:01.651,1789029781.6519,8282,1895,24.29,2328,29.85
2026-09-10T14:13:01.651,1789029781.6519,8283,473,6.06,2328,29.85
2026-09-10T14:13:01.667,1789029781.6676,8284,-317,-4.06,2212,28.36
2026-09-10T14:13:01.667,1789029781.6676,8285,577,7.4,2212,28.36
2026-09-10T14:13:01.667,1789029781.6676,8286,2106,27.0,2423,31.06
2026-09-10T14:13:01.667,1789029781.6676,8287,439,5.63,2423,31.06
2026-09-10T14:13:01.683,1789029781.6832,8288,-158,-2.03,2264,29.03
2026-09-10T14:13:01.683,1789029781.6832,8289,842,10.79,2264,29.03
2026-09-10T14:13:01.699,1789029781.6991,8290,2319,29.73,2477,31.76
2026-09-10T14:13:01.699,1789029781.6991,8291,1842,23.62,2477,31.76
2026-09-10T14:13:01.714,1789029781.7149,8292,17,0.22,2302,29.51
2026-09-10T14:13:01.714,1789029781.7149,8293,1113,14.27,2302,29.51
2026-09-10T14:13:01.714,1789029781.7149,8294,2461,31.55,2444,31.33
2026-09-10T14:13:01.714,1789029781.7149,8295,1931,24.76,2444,31.33
2026-09-10T14:13:01.730,1789029781.7305,8296,1026,13.15,1435,18.4
2026-09-10T14:13:01.732,1789029781.7326,8297,2330,29.87,1435,18.4
2026-09-10T14:13:01.746,1789029781.7463,8298,2541,32.58,1515,19.42
2026-09-10T14:13:01.746,1789029781.7463,8299,2023,25.94,1515,19.42
2026-09-10T14:13:01.746,1789029781.7463,8300,511,6.55,2030,26.03
2026-09-10T14:13:01.761,1789029781.7619,8301,1571,20.14,2030,26.03
2026-09-10T14:13:01.761,1789029781.7619,8302,2245,28.78,1734,22.23
2026-09-10T14:13:01.761,1789029781.7619,8303,1424,18.26,1734,22.23
2026-09-10T14:13:01.761,1789029781.7619,8304,-346,-4.44,2591,33.22
2026-09-10T14:13:01.777,1789029781.7776,8305,1373,17.6,2591,33.22
2026-09-10T14:13:01.777,1789029781.7776,8306,2075,26.6,2421,31.04
2026-09-10T14:13:01.777,1789029781.7776,8307,1187,15.22,2421,31.04
2026-09-10T14:13:01.777,1789029781.7776,8308,-390,-5.0,2465,31.6
2026-09-10T14:13:01.793,1789029781.7933,8309,1428,18.31,2465,31.6
2026-09-10T14:13:01.793,1789029781.7933,8310,1867,23.94,2257,28.94
2026-09-10T14:13:01.797,1789029781.7972,8311,991,12.71,2257,28.94
2026-09-10T14:13:01.808,1789029781.8090,8312,-412,-5.28,2279,29.22
2026-09-10T14:13:01.824,1789029781.8246,8313,133,1.71,2279,29.22
2026-09-10T14:13:01.824,1789029781.8246,8314,2301,29.5,2713,34.78
2026-09-10T14:13:01.824,1789029781.8246,8315,1076,13.79,2713,34.78
2026-09-10T14:13:01.824,1789029781.8246,8316,-704,-9.03,3005,38.53
2026-09-10T14:13:01.842,1789029781.8430,8317,95,1.22,3005,38.53
2026-09-10T14:13:01.848,1789029781.8482,8318,1763,22.6,2467,31.63
2026-09-10T14:13:01.856,1789029781.8561,8319,525,6.73,2467,31.63
2026-09-10T14:13:01.856,1789029781.8561,8320,-693,-8.88,2456,31.49
2026-09-10T14:13:01.871,1789029781.8718,8321,45,0.58,2456,31.49
2026-09-10T14:13:01.871,1789029781.8718,8322,1689,21.65,2382,30.54
2026-09-10T14:13:01.871,1789029781.8718,8323,216,2.77,2382,30.54
2026-09-10T14:13:01.887,1789029781.8876,8324,-728,-9.33,2417,30.99
2026-09-10T14:13:01.892,1789029781.8922,8325,170,2.18,2417,30.99
2026-09-10T14:13:01.897,1789029781.8973,8326,1738,22.28,2466,31.62
2026-09-10T14:13:01.897,1789029781.8973,8327,-186,-2.38,2466,31.62
2026-09-10T14:13:01.897,1789029781.8973,8328,-910,-11.67,2648,33.95
2026-09-10T14:13:01.903,1789029781.9039,8329,82,1.05,2648,33.95
2026-09-10T14:13:01.903,1789029781.9039,8330,1542,19.77,2452,31.44
2026-09-10T14:13:01.903,1789029781.9039,8331,1056,13.54,2452,31.44
2026-09-10T14:13:01.903,1789029781.9039,8332,-466,-5.97,2008,25.74
2026-09-10T14:13:01.903,1789029781.9039,8333,923,11.83,2008,25.74
2026-09-10T14:13:01.923,1789029781.9234,8334,2204,28.26,2670,34.23
2026-09-10T14:13:01.926,1789029781.9261,8335,1439,18.45,2670,34.23
2026-09-10T14:13:01.928,1789029781.9283,8336,-497,-6.37,2701,34.63
2026-09-10T14:13:01.934,1789029781.9349,8337,737,9.45,2701,34.63
2026-09-10T14:13:01.934,1789029781.9349,8338,2002,25.67,2499,32.04
2026-09-10T14:13:01.934,1789029781.9349,8339,1358,17.41,2499,32.04
2026-09-10T14:13:01.950,1789029781.9507,8340,-831,-10.65,2833,36.32
2026-09-10T14:13:01.950,1789029781.9507,8341,867,11.12,2833,36.32
2026-09-10T14:13:01.950,1789029781.9507,8342,1795,23.01,2626,33.67
2026-09-10T14:13:01.950,1789029781.9507,8343,868,11.13,2626,33.67
2026-09-10T14:13:01.966,1789029781.9664,8344,-751,-9.63,2546,32.64
2026-09-10T14:13:01.966,1789029781.9664,8345,1030,13.21,2546,32.64
2026-09-10T14:13:01.966,1789029781.9664,8346,1682,21.56,2433,31.19
2026-09-10T14:13:01.981,1789029781.9820,8347,792,10.15,2433,31.19
2026-09-10T14:13:01.981,1789029781.9820,8348,-839,-10.76,2521,32.32
2026-09-10T14:13:01.981,1789029781.9820,8349,1326,17.0,2521,32.32
2026-09-10T14:13:01.997,1789029781.9973,8350,1745,22.37,2584,33.13
2026-09-10T14:13:01.997,1789029781.9973,8351,538,6.9,2584,33.13
2026-09-10T14:13:02.013,1789029782.0130,8352,-956,-12.26,2701,34.63
2026-09-10T14:13:02.013,1789029782.0130,8353,-377,-4.83,2701,34.63
2026-09-10T14:13:02.013,1789029782.0130,8354,1795,23.01,2751,35.27
2026-09-10T14:13:02.013,1789029782.0130,8355,712,9.13,2751,35.27
2026-09-10T14:13:02.028,1789029782.0286,8356,-582,-7.46,2377,30.47
2026-09-10T14:13:02.028,1789029782.0286,8357,68,0.87,2377,30.47
2026-09-10T14:13:02.028,1789029782.0286,8358,1489,19.09,2071,26.55
2026-09-10T14:13:02.028,1789029782.0286,8359,220,2.82,2071,26.55
2026-09-10T14:13:02.044,1789029782.0444,8360,-949,-12.17,2438,31.26
2026-09-10T14:13:02.060,1789029782.0603,8361,-142,-1.82,2438,31.26
2026-09-10T14:13:02.060,1789029782.0603,8362,1443,18.5,2392,30.67
2026-09-10T14:13:02.076,1789029782.0764,8363,-20,-0.26,2392,30.67
2026-09-10T14:13:02.076,1789029782.0764,8364,-916,-11.74,2359,30.24
2026-09-10T14:13:02.085,1789029782.0859,8365,64,0.82,2359,30.24
2026-09-10T14:13:02.093,1789029782.0936,8366,1672,21.44,2588,33.18
2026-09-10T14:13:02.097,1789029782.0974,8367,-124,-1.59,2588,33.18
2026-09-10T14:13:02.108,1789029782.1081,8368,-760,-9.74,2432,31.18
2026-09-10T14:13:02.108,1789029782.1081,8369,203,2.6,2432,31.18
2026-09-10T14:13:02.108,1789029782.1081,8370,1471,18.86,2231,28.6
2026-09-10T14:13:02.123,1789029782.1238,8371,965,12.37,2231,28.6
2026-09-10T14:13:02.123,1789029782.1238,8372,-877,-11.24,2348,30.1
2026-09-10T14:13:02.123,1789029782.1238,8373,214,2.74,2348,30.1
2026-09-10T14:13:02.123,1789029782.1238,8374,1438,18.44,2315,29.68
2026-09-10T14:13:02.139,1789029782.1395,8375,816,10.46,2315,29.68
2026-09-10T14:13:02.139,1789029782.1395,8376,-852,-10.92,2290,29.36
2026-09-10T14:13:02.139,1789029782.1395,8377,527,6.76,2290,29.36
2026-09-10T14:13:02.139,1789029782.1395,8378,1741,22.32,2593,33.24
2026-09-10T14:13:02.139,1789029782.1395,8379,1086,13.92,2593,33.24
2026-09-10T14:13:02.139,1789029782.1395,8380,-514,-6.59,2255,28.91
2026-09-10T14:13:02.155,1789029782.1552,8381,918,11.77,2255,28.91
2026-09-10T14:13:02.155,1789029782.1552,8382,1838,23.56,2352,30.15
2026-09-10T14:13:02.155,1789029782.1552,8383,1043,13.37,2352,30.15
2026-09-10T14:13:02.170,1789029782.1709,8384,-609,-7.81,2447,31.37
2026-09-10T14:13:02.170,1789029782.1709,8385,1007,12.91,2447,31.37
2026-09-10T14:13:02.170,1789029782.1709,8386,1655,21.22,2264,29.03
2026-09-10T14:13:02.170,1789029782.1709,8387,765,9.81,2264,29.03
2026-09-10T14:13:02.186,1789029782.1867,8388,-818,-10.49,2473,31.71
2026-09-10T14:13:02.186,1789029782.1867,8389,1067,13.68,2473,31.71
2026-09-10T14:13:02.197,1789029782.1974,8390,1551,19.88,2369,30.37
2026-09-10T14:13:02.202,1789029782.2024,8391,589,7.55,2369,30.37
2026-09-10T14:13:02.202,1789029782.2024,8392,-909,-11.65,2460,31.54
2026-09-10T14:13:02.202,1789029782.2024,8393,-466,-5.97,2460,31.54
2026-09-10T14:13:02.218,1789029782.2181,8394,1472,18.87,2381,30.53
2026-09-10T14:13:02.218,1789029782.2181,8395,370,4.74,2381,30.53
2026-09-10T14:13:02.233,1789029782.2338,8396,-964,-12.36,2436,31.23
2026-09-10T14:13:02.233,1789029782.2338,8397,-376,-4.82,2436,31.23
2026-09-10T14:13:02.233,1789029782.2338,8398,1353,17.35,2317,29.71
2026-09-10T14:13:02.233,1789029782.2338,8399,124,1.59,2317,29.71
2026-09-10T14:13:02.249,1789029782.2496,8400,-1045,-13.4,2398,30.74
2026-09-10T14:13:02.249,1789029782.2496,8401,-309,-3.96,2398,30.74
2026-09-10T14:13:02.249,1789029782.2496,8402,1296,16.62,2341,30.01
2026-09-10T14:13:02.265,1789029782.2654,8403,-137,-1.76,2341,30.01
2026-09-10T14:13:02.265,1789029782.2654,8404,-1073,-13.76,2369,30.37
2026-09-10T14:13:02.265,1789029782.2654,8405,-217,-2.78,2369,30.37
2026-09-10T14:13:02.265,1789029782.2654,8406,1344,17.23,2417,30.99
2026-09-10T14:13:02.281,1789029782.2811,8407,-373,-4.78,2417,30.99
2026-09-10T14:13:02.281,1789029782.2811,8408,-1096,-14.05,2440,31.28
2026-09-10T14:13:02.281,1789029782.2811,8409,-88,-1.13,2440,31.28
2026-09-10T14:13:02.301,1789029782.3012,8410,1381,17.71,2477,31.76
2026-09-10T14:13:02.316,1789029782.3162,8411,995,12.76,2477,31.76
2026-09-10T14:13:02.322,1789029782.3228,8412,-1054,-13.51,2435,31.22
2026-09-10T14:13:02.323,1789029782.3233,8413,70,0.9,2435,31.22
2026-09-10T14:13:02.328,1789029782.3282,8414,1381,17.71,2435,31.22
2026-09-10T14:13:02.333,1789029782.3337,8415,876,11.23,2435,31.22
2026-09-10T14:13:02.333,1789029782.3337,8416,-1016,-13.03,2397,30.73
2026-09-10T14:13:02.344,1789029782.3440,8417,256,3.28,2397,30.73
2026-09-10T14:13:02.344,1789029782.3440,8418,1383,17.73,2399,30.76
2026-09-10T14:13:02.344,1789029782.3440,8419,769,9.86,2399,30.76
2026-09-10T14:13:02.359,1789029782.3597,8420,-930,-11.92,2313,29.65
2026-09-10T14:13:02.359,1789029782.3597,8421,462,5.92,2313,29.65
2026-09-10T14:13:02.375,1789029782.3754,8422,1420,18.21,2350,30.13
2026-09-10T14:13:02.375,1789029782.3754,8423,626,8.03,2350,30.13
2026-09-10T14:13:02.382,1789029782.3824,8424,-1028,-13.18,2448,31.38
2026-09-10T14:13:02.382,1789029782.3824,8425,659,8.45,2448,31.38
2026-09-10T14:13:02.382,1789029782.3824,8426,1361,17.45,2389,30.63
2026-09-10T14:13:02.391,1789029782.3917,8427,496,6.36,2389,30.63
2026-09-10T14:13:02.391,1789029782.3917,8428,-1122,-14.38,2483,31.83
2026-09-10T14:13:02.397,1789029782.3975,8429,817,10.47,2483,31.83
2026-09-10T14:13:02.397,1789029782.3975,8430,1306,16.74,2428,31.13
2026-09-10T14:13:02.406,1789029782.4068,8431,321,4.12,2428,31.13
2026-09-10T14:13:02.406,1789029782.4068,8432,-1200,-15.38,2506,32.13
2026-09-10T14:13:02.406,1789029782.4068,8433,-712,-9.13,2506,32.13
2026-09-10T14:13:02.406,1789029782.4068,8434,1251,16.04,2451,31.42
2026-09-10T14:13:02.422,1789029782.4226,8435,118,1.51,2451,31.42
2026-09-10T14:13:02.422,1789029782.4226,8436,-1206,-15.46,2457,31.5
2026-09-10T14:13:02.422,1789029782.4226,8437,-585,-7.5,2457,31.5
2026-09-10T14:13:02.438,1789029782.4383,8438,1201,15.4,2407,30.86
2026-09-10T14:13:02.438,1789029782.4383,8439,-104,-1.33,2407,30.86
2026-09-10T14:13:02.438,1789029782.4383,8440,-1247,-15.99,2448,31.38
2026-09-10T14:13:02.454,1789029782.4541,8441,-443,-5.68,2448,31.38
2026-09-10T14:13:02.454,1789029782.4541,8442,1179,15.12,2426,31.1
2026-09-10T14:13:02.469,1789029782.4698,8443,-330,-4.23,2426,31.1
2026-09-10T14:13:02.469,1789029782.4698,8444,-1221,-15.65,2400,30.77
2026-09-10T14:13:02.469,1789029782.4698,8445,-300,-3.85,2400,30.77
2026-09-10T14:13:02.485,1789029782.4855,8446,1305,16.73,2526,32.38
2026-09-10T14:13:02.485,1789029782.4855,8447,-540,-6.92,2526,32.38
2026-09-10T14:13:02.485,1789029782.4855,8448,-1194,-15.31,2499,32.04
2026-09-10T14:13:02.497,1789029782.4976,8449,-141,-1.81,2499,32.04
2026-09-10T14:13:02.501,1789029782.5013,8450,1352,17.33,2546,32.64
2026-09-10T14:13:02.501,1789029782.5013,8451,910,11.67,2546,32.64
2026-09-10T14:13:02.501,1789029782.5013,8452,-1150,-14.74,2502,32.08
2026-09-10T14:13:02.501,1789029782.5013,8453,62,0.79,2502,32.08
2026-09-10T14:13:02.516,1789029782.5169,8454,1362,17.46,2512,32.21
2026-09-10T14:13:02.516,1789029782.5169,8455,809,10.37,2512,32.21
2026-09-10T14:13:02.516,1789029782.5169,8456,-1087,-13.94,2449,31.4
2026-09-10T14:13:02.516,1789029782.5169,8457,269,3.45,2449,31.4
2026-09-10T14:13:02.537,1789029782.5373,8458,1388,17.79,2475,31.73
2026-09-10T14:13:02.548,1789029782.5483,8459,679,8.71,2475,31.73
2026-09-10T14:13:02.548,1789029782.5483,8460,-1072,-13.74,2460,31.54
2026-09-10T14:13:02.563,1789029782.5640,8461,492,6.31,2460,31.54
2026-09-10T14:13:02.563,1789029782.5640,8462,1386,17.77,2458,31.51
2026-09-10T14:13:02.563,1789029782.5640,8463,537,6.88,2458,31.51
2026-09-10T14:13:02.579,1789029782.5796,8464,-1181,-15.14,2567,32.91
2026-09-10T14:13:02.579,1789029782.5796,8465,687,8.81,2567,32.91
2026-09-10T14:13:02.579,1789029782.5796,8466,1305,16.73,2486,31.87
2026-09-10T14:13:02.595,1789029782.5953,8467,368,4.72,2486,31.87
2026-09-10T14:13:02.597,1789029782.5979,8468,-1294,-16.59,2599,33.32
2026-09-10T14:13:02.597,1789029782.5979,8469,831,10.65,2599,33.32
2026-09-10T14:13:02.611,1789029782.6111,8470,1255,16.09,2549,32.68
2026-09-10T14:13:02.619,1789029782.6197,8471,146,1.87,2549,32.68
2026-09-10T14:13:02.619,1789029782.6197,8472,-1358,-17.41,2613,33.5
2026-09-10T14:13:02.619,1789029782.6197,8473,-789,-10.12,2613,33.5
2026-09-10T14:13:02.627,1789029782.6275,8474,1167,14.96,2525,32.37
2026-09-10T14:13:02.627,1789029782.6275,8475,-98,-1.26,2525,32.37
2026-09-10T14:13:02.627,1789029782.6275,8476,-1458,-18.69,2625,33.65
2026-09-10T14:13:02.627,1789029782.6275,8477,-672,-8.62,2625,33.65
2026-09-10T14:13:02.627,1789029782.6275,8478,1075,13.78,2533,32.47
2026-09-10T14:13:02.642,1789029782.6425,8479,-362,-4.64,2533,32.47
2026-09-10T14:13:02.642,1789029782.6425,8480,-1476,-18.92,2551,32.71
2026-09-10T14:13:02.658,1789029782.6582,8481,-562,-7.21,2551,32.71
2026-09-10T14:13:02.658,1789029782.6582,8482,1160,14.87,2636,33.79
2026-09-10T14:13:02.658,1789029782.6582,8483,-613,-7.86,2636,33.79
2026-09-10T14:13:02.658,1789029782.6582,8484,-1458,-18.69,2618,33.56
2026-09-10T14:13:02.673,1789029782.6739,8485,-408,-5.23,2618,33.56
2026-09-10T14:13:02.673,1789029782.6739,8486,1233,15.81,2691,34.5
2026-09-10T14:13:02.673,1789029782.6739,8487,-863,-11.06,2691,34.5
2026-09-10T14:13:02.689,1789029782.6896,8488,-1428,-18.31,2661,34.12
2026-09-10T14:13:02.689,1789029782.6896,8489,-238,-3.05,2661,34.12
2026-09-10T14:13:02.697,1789029782.6979,8490,1299,16.65,2727,34.96
2026-09-10T14:13:02.713,1789029782.7139,8491,754,9.67,2727,34.96
2026-09-10T14:13:02.716,1789029782.7165,8492,-1369,-17.55,2668,34.21
2026-09-10T14:13:02.721,1789029782.7211,8493,-24,-0.31,2668,34.21
2026-09-10T14:13:02.721,1789029782.7211,8494,1345,17.24,2714,34.79
2026-09-10T14:13:02.721,1789029782.7211,8495,639,8.19,2714,34.79
2026-09-10T14:13:02.721,1789029782.7211,8496,-1306,-16.74,2651,33.99
2026-09-10T14:13:02.736,1789029782.7368,8497,219,2.81,2651,33.99
2026-09-10T14:13:02.736,1789029782.7368,8498,1334,17.1,2640,33.85
2026-09-10T14:13:02.736,1789029782.7368,8499,513,6.58,2640,33.85
2026-09-10T14:13:02.736,1789029782.7368,8500,-1357,-17.4,2691,34.5
2026-09-10T14:13:02.752,1789029782.7525,8501,457,5.86,2691,34.5
2026-09-10T14:13:02.752,1789029782.7525,8502,1307,16.76,2664,34.15
2026-09-10T14:13:02.752,1789029782.7525,8503,358,4.59,2664,34.15
2026-09-10T14:13:02.768,1789029782.7682,8504,-1452,-18.62,2759,35.37
2026-09-10T14:13:02.768,1789029782.7682,8505,671,8.6,2759,35.37
2026-09-10T14:13:02.783,1789029782.7839,8506,1276,16.36,2728,34.97
2026-09-10T14:13:02.783,1789029782.7839,8507,187,2.4,2728,34.97
2026-09-10T14:13:02.798,1789029782.7981,8508,-1550,-19.87,2826,36.23
2026-09-10T14:13:02.799,1789029782.7999,8509,-988,-12.67,2826,36.23
2026-09-10T14:13:02.799,1789029782.7999,8510,1229,15.76,2779,35.63
2026-09-10T14:13:02.815,1789029782.8156,8511,8,0.1,2779,35.63
2026-09-10T14:13:02.815,1789029782.8156,8512,-1580,-20.26,2809,36.01
2026-09-10T14:13:02.831,1789029782.8312,8513,-846,-10.85,2809,36.01
2026-09-10T14:13:02.831,1789029782.8312,8514,1177,15.09,2757,35.35
2026-09-10T14:13:02.846,1789029782.8469,8515,-219,-2.81,2757,35.35
2026-09-10T14:13:02.846,1789029782.8469,8516,-1566,-20.08,2743,35.17
2026-09-10T14:13:02.846,1789029782.8469,8517,-684,-8.77,2743,35.17
2026-09-10T14:13:02.846,1789029782.8469,8518,1118,14.33,2684,34.41
2026-09-10T14:13:02.846,1789029782.8469,8519,-451,-5.78,2684,34.41
2026-09-10T14:13:02.862,1789029782.8627,8520,-1521,-19.5,2639,33.83
2026-09-10T14:13:02.862,1789029782.8627,8521,-475,-6.09,2639,33.83
2026-09-10T14:13:02.862,1789029782.8627,8522,1307,16.76,2828,36.26
2026-09-10T14:13:02.862,1789029782.8627,8523,-674,-8.64,2828,36.26
2026-09-10T14:13:02.862,1789029782.8627,8524,-1447,-18.55,2754,35.31
2026-09-10T14:13:02.878,1789029782.8783,8525,-290,-3.72,2754,35.31
2026-09-10T14:13:02.878,1789029782.8783,8526,1443,18.5,2890,37.05
2026-09-10T14:13:02.878,1789029782.8783,8527,-862,-11.05,2890,37.05
2026-09-10T14:13:02.878,1789029782.8783,8528,-1355,-17.37,2798,35.87
2026-09-10T14:13:02.894,1789029782.8948,8529,-49,-0.63,2798,35.87
2026-09-10T14:13:02.898,1789029782.8983,8530,1499,19.22,2854,36.59
2026-09-10T14:13:02.910,1789029782.9101,8531,889,11.4,2854,36.59
2026-09-10T14:13:02.910,1789029782.9101,8532,-1251,-16.04,2750,35.26
2026-09-10T14:13:02.910,1789029782.9101,8533,202,2.59,2750,35.26
2026-09-10T14:13:02.910,1789029782.9101,8534,1522,19.51,2773,35.55
2026-09-10T14:13:02.925,1789029782.9258,8535,772,9.9,2773,35.55
2026-09-10T14:13:02.925,1789029782.9258,8536,-1151,-14.76,2673,34.27
2026-09-10T14:13:02.925,1789029782.9258,8537,470,6.03,2673,34.27
2026-09-10T14:13:02.941,1789029782.9415,8538,1540,19.74,2691,34.5
2026-09-10T14:13:02.941,1789029782.9415,8539,634,8.13,2691,34.5
2026-09-10T14:13:02.941,1789029782.9415,8540,-1293,-16.58,2833,36.32
2026-09-10T14:13:02.957,1789029782.9573,8541,684,8.77,2833,36.32
2026-09-10T14:13:02.957,1789029782.9573,8542,1478,18.95,2771,35.53
2026-09-10T14:13:02.957,1789029782.9573,8543,472,6.05,2771,35.53
2026-09-10T14:13:02.972,1789029782.9729,8544,-1382,-17.72,2860,36.67
2026-09-10T14:13:02.972,1789029782.9729,8545,899,11.53,2860,36.67
2026-09-10T14:13:02.972,1789029782.9729,8546,1432,18.36,2814,36.08
2026-09-10T14:13:02.972,1789029782.9729,8547,290,3.72,2814,36.08
2026-09-10T14:13:02.988,1789029782.9886,8548,-1451,-18.6,2883,36.96
2026-09-10T14:13:02.988,1789029782.9886,8549,-829,-10.63,2883,36.96
2026-09-10T14:13:02.998,1789029782.9984,8550,1350,17.31,2801,35.91
2026-09-10T14:13:03.004,1789029783.0045,8551,65,0.83,2801,35.91
2026-09-10T14:13:03.004,1789029783.0045,8552,-1460,-18.72,2810,36.03
2026-09-10T14:13:03.004,1789029783.0045,8553,-662,-8.49,2810,36.03
2026-09-10T14:13:03.004,1789029783.0045,8554,1288,16.51,2748,35.23
2026-09-10T14:13:03.004,1789029783.0045,8555,-161,-2.06,2748,35.23
2026-09-10T14:13:03.035,1789029783.0360,8556,-1456,-18.67,2744,35.18
2026-09-10T14:13:03.035,1789029783.0360,8557,-539,-6.91,2744,35.18
2026-09-10T14:13:03.035,1789029783.0360,8558,1194,15.31,2650,33.97
2026-09-10T14:13:03.035,1789029783.0360,8559,-426,-5.46,2650,33.97
2026-09-10T14:13:03.051,1789029783.0516,8560,-1417,-18.17,2611,33.47
2026-09-10T14:13:03.051,1789029783.0516,8561,-359,-4.6,2611,33.47
2026-09-10T14:13:03.067,1789029783.0675,8562,1438,18.44,2855,36.6
2026-09-10T14:13:03.067,1789029783.0675,8563,-664,-8.51,2855,36.6
2026-09-10T14:13:03.083,1789029783.0833,8564,-1357,-17.4,2795,35.83
2026-09-10T14:13:03.094,1789029783.0950,8565,-156,-2.0,2795,35.83
2026-09-10T14:13:03.098,1789029783.0986,8566,1493,19.14,2850,36.54
2026-09-10T14:13:03.104,1789029783.1046,8567,-841,-10.78,2850,36.54
2026-09-10T14:13:03.111,1789029783.1120,8568,-1262,-16.18,2755,35.32
2026-09-10T14:13:03.115,1789029783.1150,8569,79,1.01,2755,35.32
2026-09-10T14:13:03.118,1789029783.1185,8570,1595,20.45,2857,36.63
2026-09-10T14:13:03.126,1789029783.1261,8571,889,11.4,2857,36.63
2026-09-10T14:13:03.128,1789029783.1288,8572,-1183,-15.17,2778,35.62
2026-09-10T14:13:03.132,1789029783.1320,8573,310,3.97,2778,35.62
2026-09-10T14:13:03.135,1789029783.1350,8574,1589,20.37,2772,35.54
2026-09-10T14:13:03.138,1789029783.1380,8575,790,10.13,2772,35.54
2026-09-10T14:13:03.140,1789029783.1400,8576,-1076,-13.79,2665,34.17
2026-09-10T14:13:03.145,1789029783.1453,8577,568,7.28,2665,34.17
2026-09-10T14:13:03.151,1789029783.1518,8578,1570,20.13,2646,33.92
2026-09-10T14:13:03.153,1789029783.1537,8579,628,8.05,2646,33.92
2026-09-10T14:13:03.157,1789029783.1573,8580,-1279,-16.4,2849,36.53
2026-09-10T14:13:03.174,1789029783.1742,8581,802,10.28,2849,36.53
2026-09-10T14:13:03.174,1789029783.1748,8582,1527,19.58,2806,35.97
2026-09-10T14:13:03.174,1789029783.1748,8583,485,6.22,2806,35.97
2026-09-10T14:13:03.181,1789029783.1817,8584,-1329,-17.04,2856,36.62
2026-09-10T14:13:03.185,1789029783.1858,8585,1004,12.87,2856,36.62
2026-09-10T14:13:03.190,1789029783.1908,8586,1492,19.13,2821,36.17
2026-09-10T14:13:03.192,1789029783.1928,8587,318,4.08,2821,36.17
2026-09-10T14:13:03.195,1789029783.1958,8588,-1347,-17.27,2839,36.4
2026-09-10T14:13:03.203,1789029783.2038,8589,-710,-9.1,2839,36.4
2026-09-10T14:13:03.207,1789029783.2080,8590,1448,18.56,2795,35.83
2026-09-10T14:13:03.212,1789029783.2128,8591,106,1.36,2795,35.83
2026-09-10T14:13:03.217,1789029783.2178,8592,-1350,-17.31,2798,35.87
2026-09-10T14:13:03.226,1789029783.2262,8593,-545,-6.99,2798,35.87
2026-09-10T14:13:03.230,1789029783.2309,8594,1368,17.54,2718,34.85
2026-09-10T14:13:03.232,1789029783.2327,8595,-121,-1.55,2718,34.85
2026-09-10T14:13:03.244,1789029783.2448,8596,-1325,-16.99,2693,34.53
2026-09-10T14:13:03.248,1789029783.2482,8597,-308,-3.95,2693,34.53
2026-09-10T14:13:03.255,1789029783.2553,8598,1383,17.73,2708,34.72
2026-09-10T14:13:03.258,1789029783.2581,8599,-254,-3.26,2708,34.72
2026-09-10T14:13:03.262,1789029783.2629,8600,-1125,-14.42,2508,32.15
2026-09-10T14:13:03.274,1789029783.2740,8601,7,0.09,2508,32.15
2026-09-10T14:13:03.278,1789029783.2788,8602,1771,22.71,2896,37.13
2026-09-10T14:13:03.285,1789029783.2858,8603,-425,-5.45,2896,37.13
2026-09-10T14:13:03.289,1789029783.2896,8604,-1015,-13.01,2786,35.72
2026-09-10T14:13:03.298,1789029783.2981,8605,229,2.94,2786,35.72
2026-09-10T14:13:03.301,1789029783.3012,8606,1840,23.59,2855,36.6
2026-09-10T14:13:03.304,1789029783.3049,8607,-620,-7.95,2855,36.6
2026-09-10T14:13:03.305,1789029783.3053,8608,-926,-11.87,2766,35.46
2026-09-10T14:13:03.306,1789029783.3063,8609,430,5.51,2766,35.46
2026-09-10T14:13:03.306,1789029783.3063,8610,1832,23.49,2758,35.36
2026-09-10T14:13:03.308,1789029783.3083,8611,1077,13.81,2758,35.36
2026-09-10T14:13:03.309,1789029783.3093,8612,-916,-11.74,2748,35.23
2026-09-10T14:13:03.314,1789029783.3143,8613,620,7.95,2748,35.23
2026-09-10T14:13:03.321,1789029783.3219,8614,1781,22.83,2697,34.58
2026-09-10T14:13:03.322,1789029783.3230,8615,886,11.36,2697,34.58
2026-09-10T14:13:03.324,1789029783.3244,8616,-881,-11.29,2662,34.13
2026-09-10T14:13:03.338,1789029783.3390,8617,814,10.44,2662,34.13
2026-09-10T14:13:03.338,1789029783.3390,8618,1703,21.83,2584,33.13
2026-09-10T14:13:03.347,1789029783.3472,8619,680,8.72,2584,33.13
2026-09-10T14:13:03.347,1789029783.3472,8620,-1218,-15.62,2921,37.45
2026-09-10T14:13:03.363,1789029783.3638,8621,1010,12.95,2921,37.45
2026-09-10T14:13:03.372,1789029783.3723,8622,1610,20.64,2828,36.26
2026-09-10T14:13:03.372,1789029783.3723,8623,500,6.41,2828,36.26
2026-09-10T14:13:03.382,1789029783.3826,8624,-1266,-16.23,2876,36.87
2026-09-10T14:13:03.388,1789029783.3889,8625,1173,15.04,2876,36.87
2026-09-10T14:13:03.389,1789029783.3895,8626,1513,19.4,2779,35.63
2026-09-10T14:13:03.401,1789029783.4012,8627,267,3.42,2779,35.63
2026-09-10T14:13:03.401,1789029783.4012,8628,-1390,-17.82,2903,37.22
2026-09-10T14:13:03.409,1789029783.4096,8629,-625,-8.01,2903,37.22
2026-09-10T14:13:03.414,1789029783.4144,8630,1413,18.12,2803,35.94
2026-09-10T14:13:03.420,1789029783.4203,8631,15,0.19,2803,35.94
2026-09-10T14:13:03.422,1789029783.4227,8632,-1369,-17.55,2782,35.67
2026-09-10T14:13:03.426,1789029783.4267,8633,-444,-5.69,2782,35.67
2026-09-10T14:13:03.428,1789029783.4287,8634,1285,16.47,2654,34.03
2026-09-10T14:13:03.431,1789029783.4320,8635,-260,-3.33,2654,34.03
2026-09-10T14:13:03.433,1789029783.4339,8636,-1375,-17.63,2660,34.1
2026-09-10T14:13:03.436,1789029783.4369,8637,-334,-4.28,2660,34.1
2026-09-10T14:13:03.438,1789029783.4388,8638,1178,15.1,2553,32.73
2026-09-10T14:13:03.448,1789029783.4486,8639,-519,-6.65,2553,32.73
2026-09-10T14:13:03.451,1789029783.4516,8640,-1341,-17.19,2519,32.29
2026-09-10T14:13:03.466,1789029783.4668,8641,-188,-2.41,2519,32.29
2026-09-10T14:13:03.468,1789029783.4688,8642,1517,19.45,2858,36.64
2026-09-10T14:13:03.471,1789029783.4716,8643,-817,-10.47,2858,36.64
2026-09-10T14:13:03.476,1789029783.4766,8644,-1358,-17.41,2875,36.86
2026-09-10T14:13:03.484,1789029783.4849,8645,-80,-1.03,2875,36.86
2026-09-10T14:13:03.489,1789029783.4892,8646,1464,18.77,2822,36.18
2026-09-10T14:13:03.490,1789029783.4909,8647,-1157,-14.83,2822,36.18
2026-09-10T14:13:03.497,1789029783.4974,8648,-1460,-18.72,2924,37.49
2026-09-10T14:13:03.503,1789029783.5037,8649,-51,-0.65,2924,37.49
2026-09-10T14:13:03.506,1789029783.5068,8650,1278,16.38,2738,35.1
2026-09-10T14:13:03.514,1789029783.5148,8651,449,5.76,2738,35.1
2026-09-10T14:13:03.524,1789029783.5246,8652,-1511,-19.37,2789,35.76
2026-09-10T14:13:03.527,1789029783.5270,8653,71,0.91,2789,35.76
2026-09-10T14:13:03.531,1789029783.5312,8654,1190,15.26,2701,34.63
2026-09-10T14:13:03.543,1789029783.5434,8655,274,3.51,2701,34.63
2026-09-10T14:13:03.548,1789029783.5485,8656,-1429,-18.32,2619,33.58
2026-09-10T14:13:03.554,1789029783.5545,8657,333,4.27,2619,33.58
2026-09-10T14:13:03.555,1789029783.5554,8658,1199,15.37,2628,33.69
2026-09-10T14:13:03.555,1789029783.5554,8659,179,2.29,2628,33.69
2026-09-10T14:13:03.555,1789029783.5554,8660,-1662,-21.31,2861,36.68
2026-09-10T14:13:03.570,1789029783.5702,8661,649,8.32,2861,36.68
2026-09-10T14:13:03.570,1789029783.5702,8662,1211,15.53,2873,36.83
2026-09-10T14:13:03.586,1789029783.5860,8663,78,1.0,2873,36.83
2026-09-10T14:13:03.586,1789029783.5860,8664,-1646,-21.1,2857,36.63
2026-09-10T14:13:03.586,1789029783.5860,8665,860,11.03,2857,36.63
2026-09-10T14:13:03.586,1789029783.5860,8666,1165,14.94,2811,36.04
2026-09-10T14:13:03.586,1789029783.5860,8667,-132,-1.69,2811,36.04
2026-09-10T14:13:03.586,1789029783.5860,8668,-1731,-22.19,2896,37.13
2026-09-10T14:13:03.586,1789029783.5860,8669,-953,-12.22,2896,37.13
2026-09-10T14:13:03.599,1789029783.5995,8670,1028,13.18,2759,35.37
2026-09-10T14:13:03.601,1789029783.6018,8671,-417,-5.35,2759,35.37
2026-09-10T14:13:03.601,1789029783.6018,8672,-1755,-22.5,2783,35.68
2026-09-10T14:13:03.601,1789029783.6018,8673,-824,-10.56,2783,35.68
2026-09-10T14:13:03.617,1789029783.6177,8674,915,11.73,2670,34.23
2026-09-10T14:13:03.617,1789029783.6177,8675,-681,-8.73,2670,34.23
2026-09-10T14:13:03.633,1789029783.6333,8676,-1722,-22.08,2637,33.81
2026-09-10T14:13:03.633,1789029783.6333,8677,-651,-8.35,2637,33.81
2026-09-10T14:13:03.649,1789029783.6492,8678,1183,15.17,2905,37.24
2026-09-10T14:13:03.649,1789029783.6492,8679,-857,-10.99,2905,37.24
2026-09-10T14:13:03.664,1789029783.6643,8680,-1593,-20.42,2776,35.59
2026-09-10T14:13:03.674,1789029783.6747,8681,-399,-5.12,2776,35.59
2026-09-10T14:13:03.681,1789029783.6819,8682,1323,16.96,2916,37.38
2026-09-10T14:13:03.690,1789029783.6904,8683,-994,-12.74,2916,37.38
2026-09-10T14:13:03.694,1789029783.6948,8684,-1442,-18.49,2765,35.45
2026-09-10T14:13:03.704,1789029783.7049,8685,-112,-1.44,2765,35.45
2026-09-10T14:13:03.709,1789029783.7097,8686,1452,18.62,2894,37.1
2026-09-10T14:13:03.717,1789029783.7178,8687,-1105,-14.17,2894,37.1
2026-09-10T14:13:03.721,1789029783.7211,8688,-1288,-16.51,2740,35.13
2026-09-10T14:13:03.724,1789029783.7242,8689,197,2.53,2740,35.13
2026-09-10T14:13:03.727,1789029783.7272,8690,1536,19.69,2824,36.21
2026-09-10T14:13:03.729,1789029783.7299,8691,706,9.05,2824,36.21
2026-09-10T14:13:03.729,1789029783.7299,8692,-1152,-14.77,2688,34.46
2026-09-10T14:13:03.738,1789029783.7388,8693,477,6.12,2688,34.46
2026-09-10T14:13:03.741,1789029783.7418,8694,1531,19.63,2683,34.4
2026-09-10T14:13:03.744,1789029783.7448,8695,597,7.65,2683,34.4
2026-09-10T14:13:03.748,1789029783.7488,8696,-1044,-13.38,2575,33.01
2026-09-10T14:13:03.755,1789029783.7557,8697,736,9.44,2575,33.01
2026-09-10T14:13:03.757,1789029783.7578,8698,1509,19.35,2553,32.73
2026-09-10T14:13:03.760,1789029783.7606,8699,459,5.88,2553,32.73
2026-09-10T14:13:03.764,1789029783.7649,8700,-1371,-17.58,2880,36.92
2026-09-10T14:13:03.770,1789029783.7709,8701,1006,12.9,2880,36.92
2026-09-10T14:13:03.770,1789029783.7709,8702,1550,19.87,2921,37.45
2026-09-10T14:13:03.770,1789029783.7709,8703,388,4.97,2921,37.45
2026-09-10T14:13:03.770,1789029783.7709,8704,-1366,-17.51,2916,37.38
2026-09-10T14:13:03.786,1789029783.7865,8705,1274,16.33,2916,37.38
2026-09-10T14:13:03.786,1789029783.7865,8706,1565,20.06,2931,37.58
2026-09-10T14:13:03.786,1789029783.7865,8707,259,3.32,2931,37.58
2026-09-10T14:13:03.786,1789029783.7865,8708,-1298,-16.64,2863,36.71
2026-09-10T14:13:03.802,1789029783.8022,8709,-477,-6.12,2863,36.71
2026-09-10T14:13:03.802,1789029783.8022,8710,1559,19.99,2857,36.63
2026-09-10T14:13:03.802,1789029783.8022,8711,73,0.94,2857,36.63
2026-09-10T14:13:03.802,1789029783.8022,8712,-1251,-16.04,2810,36.03
2026-09-10T14:13:03.817,1789029783.8179,8713,-286,-3.67,2810,36.03
2026-09-10T14:13:03.817,1789029783.8179,8714,1469,18.83,2720,34.87
2026-09-10T14:13:03.817,1789029783.8179,8715,-193,-2.47,2720,34.87
2026-09-10T14:13:03.833,1789029783.8335,8716,-1252,-16.05,2721,34.88
2026-09-10T14:13:03.833,1789029783.8335,8717,-132,-1.69,2721,34.88
2026-09-10T14:13:03.833,1789029783.8335,8718,1709,21.91,2961,37.96
2026-09-10T14:13:03.833,1789029783.8335,8719,-483,-6.19,2961,37.96
2026-09-10T14:13:03.833,1789029783.8335,8720,-1237,-15.86,2946,37.77
2026-09-10T14:13:03.849,1789029783.8493,8721,0,0.0,2946,37.77
2026-09-10T14:13:03.849,1789029783.8493,8722,1716,22.0,2953,37.86
2026-09-10T14:13:03.865,1789029783.8651,8723,-735,-9.42,2953,37.86
2026-09-10T14:13:03.869,1789029783.8691,8724,-1160,-14.87,2876,36.87
2026-09-10T14:13:03.869,1789029783.8691,8725,204,2.62,2876,36.87
2026-09-10T14:13:03.869,1789029783.8691,8726,1771,22.71,2931,37.58
2026-09-10T14:13:03.882,1789029783.8824,8727,-920,-11.79,2931,37.58
2026-09-10T14:13:03.886,1789029783.8868,8728,-1080,-13.85,2851,36.55
2026-09-10T14:13:03.893,1789029783.8930,8729,444,5.69,2851,36.55
2026-09-10T14:13:03.896,1789029783.8964,8730,1750,22.44,2830,36.28
2026-09-10T14:13:03.918,1789029783.9189,8731,868,11.13,2830,36.28
2026-09-10T14:13:03.926,1789029783.9268,8732,-976,-12.51,2726,34.95
2026-09-10T14:13:03.929,1789029783.9292,8733,692,8.87,2726,34.95
2026-09-10T14:13:03.934,1789029783.9349,8734,1698,21.77,2674,34.28
2026-09-10T14:13:03.943,1789029783.9439,8735,727,9.32,2674,34.28
2026-09-10T14:13:03.949,1789029783.9497,8736,-903,-11.58,2601,33.35
2026-09-10T14:13:03.956,1789029783.9569,8737,900,11.54,2601,33.35
2026-09-10T14:13:03.966,1789029783.9667,8738,1613,20.68,2516,32.26
2026-09-10T14:13:03.970,1789029783.9707,8739,507,6.5,2516,32.26
2026-09-10T14:13:03.982,1789029783.9828,8740,-1375,-17.63,2988,38.31
2026-09-10T14:13:03.992,1789029783.9921,8741,1037,13.29,2988,38.31
2026-09-10T14:13:03.996,1789029783.9964,8742,1461,18.73,2836,36.36
2026-09-10T14:13:03.999,1789029783.9990,8743,224,2.87,2836,36.36
2026-09-10T14:13:03.999,1789029783.9998,8744,-1541,-19.76,3002,38.49
2026-09-10T14:13:04.002,1789029784.0028,8745,1056,13.54,3002,38.49
2026-09-10T14:13:04.004,1789029784.0047,8746,1232,15.79,2773,35.55
2026-09-10T14:13:04.007,1789029784.0078,8747,-157,-2.01,2773,35.55
2026-09-10T14:13:04.010,1789029784.0108,8748,-1708,-21.9,2940,37.69
2026-09-10T14:13:04.014,1789029784.0146,8749,-913,-11.71,2940,37.69
2026-09-10T14:13:04.016,1789029784.0168,8750,890,11.41,2598,33.31
2026-09-10T14:13:04.025,1789029784.0258,8751,-693,-8.88,2598,33.31
2026-09-10T14:13:04.030,1789029784.0308,8752,-2026,-25.97,2916,37.38
2026-09-10T14:13:04.033,1789029784.0337,8753,-1042,-13.36,2916,37.38
2026-09-10T14:13:04.040,1789029784.0408,8754,570,7.31,2596,33.28
2026-09-10T14:13:04.048,1789029784.0485,8755,-1132,-14.51,2596,33.28
2026-09-10T14:13:04.051,1789029784.0510,8756,-2099,-26.91,2669,34.22
2026-09-10T14:13:04.053,1789029784.0538,8757,-979,-12.55,2669,34.22
2026-09-10T14:13:04.060,1789029784.0608,8758,825,10.58,2924,37.49
2026-09-10T14:13:04.067,1789029784.0677,8759,-1388,-17.79,2924,37.49
2026-09-10T14:13:04.070,1789029784.0710,8760,-2019,-25.88,2844,36.46
2026-09-10T14:13:04.082,1789029784.0829,8761,-711,-9.12,2844,36.46
2026-09-10T14:13:04.084,1789029784.0849,8762,964,12.36,2983,38.24
2026-09-10T14:13:04.088,1789029784.0882,8763,-1406,-18.03,2983,38.24
2026-09-10T14:13:04.091,1789029784.0912,8764,-1720,-22.05,2684,34.41
2026-09-10T14:13:04.098,1789029784.0985,8765,-293,-3.76,2684,34.41
2026-09-10T14:13:04.104,1789029784.1049,8766,1188,15.23,2908,37.28
2026-09-10T14:13:04.107,1789029784.1079,8767,-1391,-17.83,2908,37.28
2026-09-10T14:13:04.109,1789029784.1099,8768,-1469,-18.83,2657,34.06
2026-09-10T14:13:04.120,1789029784.1203,8769,80,1.03,2657,34.06
2026-09-10T14:13:04.120,1789029784.1203,8770,1324,16.97,2793,35.81
2026-09-10T14:13:04.120,1789029784.1203,8771,471,6.04,2793,35.81
2026-09-10T14:13:04.136,1789029784.1361,8772,-1305,-16.73,2629,33.71
2026-09-10T14:13:04.136,1789029784.1361,8773,412,5.28,2629,33.71
2026-09-10T14:13:04.136,1789029784.1361,8774,1358,17.41,2663,34.14
2026-09-10T14:13:04.151,1789029784.1518,8775,377,4.83,2663,34.14
2026-09-10T14:13:04.151,1789029784.1518,8776,-1151,-14.76,2509,32.17
2026-09-10T14:13:04.151,1789029784.1518,8777,666,8.54,2509,32.17
2026-09-10T14:13:04.151,1789029784.1518,8778,1315,16.86,2466,31.62
2026-09-10T14:13:04.151,1789029784.1518,8779,234,3.0,2466,31.62
2026-09-10T14:13:04.151,1789029784.1518,8780,-1591,-20.4,2906,37.26
2026-09-10T14:13:04.167,1789029784.1675,8781,859,11.01,2906,37.26
2026-09-10T14:13:04.167,1789029784.1675,8782,1248,16.0,2839,36.4
2026-09-10T14:13:04.167,1789029784.1675,8783,35,0.45,2839,36.4
2026-09-10T14:13:04.167,1789029784.1675,8784,-1625,-20.83,2873,36.83
2026-09-10T14:13:04.167,1789029784.1675,8785,1009,12.94,2873,36.83
2026-09-10T14:13:04.167,1789029784.1675,8786,1173,15.04,2798,35.87
2026-09-10T14:13:04.183,1789029784.1833,8787,-203,-2.6,2798,35.87
2026-09-10T14:13:04.183,1789029784.1833,8788,-1659,-21.27,2832,36.31
2026-09-10T14:13:04.183,1789029784.1833,8789,-796,-10.21,2832,36.31
2026-09-10T14:13:04.202,1789029784.2024,8790,1099,14.09,2758,35.36
2026-09-10T14:13:04.210,1789029784.2104,8791,-450,-5.77,2758,35.36
2026-09-10T14:13:04.212,1789029784.2124,8792,-1672,-21.44,2771,35.53
2026-09-10T14:13:04.216,1789029784.2164,8793,-637,-8.17,2771,35.53
2026-09-10T14:13:04.222,1789029784.2225,8794,1016,13.03,2688,34.46
2026-09-10T14:13:04.226,1789029784.2265,8795,-704,-9.03,2688,34.46
2026-09-10T14:13:04.230,1789029784.2302,8796,-1617,-20.73,2633,33.76
2026-09-10T14:13:04.230,1789029784.2302,8797,-463,-5.94,2633,33.76
2026-09-10T14:13:04.245,1789029784.2459,8798,1327,17.01,2944,37.74
2026-09-10T14:13:04.245,1789029784.2459,8799,-942,-12.08,2944,37.74
2026-09-10T14:13:04.245,1789029784.2459,8800,-1554,-19.92,2881,36.94
2026-09-10T14:13:04.263,1789029784.2631,8801,-256,-3.28,2881,36.94
2026-09-10T14:13:04.265,1789029784.2658,8802,1457,18.68,3011,38.6
2026-09-10T14:13:04.268,1789029784.2684,8803,-1136,-14.56,3011,38.6
2026-09-10T14:13:04.270,1789029784.2706,8804,-1455,-18.65,2912,37.33
2026-09-10T14:13:04.270,1789029784.2706,8805,2,0.03,2912,37.33
2026-09-10T14:13:04.277,1789029784.2773,8806,1466,18.79,2921,37.45
2026-09-10T14:13:04.285,1789029784.2851,8807,-1278,-16.38,2921,37.45
2026-09-10T14:13:04.285,1789029784.2851,8808,-1341,-17.19,2807,35.99
2026-09-10T14:13:04.293,1789029784.2930,8809,248,3.18,2807,35.99
2026-09-10T14:13:04.300,1789029784.3002,8810,1503,19.27,2844,36.46
2026-09-10T14:13:04.308,1789029784.3087,8811,573,7.35,2844,36.46
2026-09-10T14:13:04.308,1789029784.3087,8812,-1216,-15.59,2719,34.86
2026-09-10T14:13:04.308,1789029784.3087,8813,537,6.88,2719,34.86
2026-09-10T14:13:04.308,1789029784.3087,8814,1471,18.86,2687,34.45
2026-09-10T14:13:04.324,1789029784.3244,8815,441,5.65,2687,34.45
2026-09-10T14:13:04.324,1789029784.3244,8816,-1095,-14.04,2566,32.9
2026-09-10T14:13:04.340,1789029784.3401,8817,794,10.18,2566,32.9
2026-09-10T14:13:04.340,1789029784.3401,8818,1407,18.04,2502,32.08
2026-09-10T14:13:04.340,1789029784.3401,8819,269,3.45,2502,32.08
2026-09-10T14:13:04.340,1789029784.3401,8820,-1564,-20.05,2971,38.09
2026-09-10T14:13:04.355,1789029784.3558,8821,990,12.69,2971,38.09
2026-09-10T14:13:04.355,1789029784.3558,8822,1330,17.05,2894,37.1
2026-09-10T14:13:04.355,1789029784.3558,8823,69,0.88,2894,37.1
2026-09-10T14:13:04.371,1789029784.3715,8824,-1579,-20.24,2909,37.29
2026-09-10T14:13:04.371,1789029784.3715,8825,1162,14.9,2909,37.29
2026-09-10T14:13:04.382,1789029784.3823,8826,1273,16.32,2852,36.56
2026-09-10T14:13:04.382,1789029784.3823,8827,-164,-2.1,2852,36.56
2026-09-10T14:13:04.382,1789029784.3823,8828,-1559,-19.99,2832,36.31
2026-09-10T14:13:04.387,1789029784.3878,8829,-633,-8.12,2832,36.31
2026-09-10T14:13:04.387,1789029784.3878,8830,1200,15.38,2759,35.37
2026-09-10T14:13:04.402,1789029784.4029,8831,-384,-4.92,2759,35.37
2026-09-10T14:13:04.418,1789029784.4187,8832,-1523,-19.53,2723,34.91
2026-09-10T14:13:04.418,1789029784.4187,8833,-433,-5.55,2723,34.91
2026-09-10T14:13:04.418,1789029784.4187,8834,1123,14.4,2646,33.92
2026-09-10T14:13:04.418,1789029784.4187,8835,-613,-7.86,2646,33.92
2026-09-10T14:13:04.434,1789029784.4344,8836,-1439,-18.45,2562,32.85
2026-09-10T14:13:04.434,1789029784.4344,8837,-237,-3.04,2562,32.85
2026-09-10T14:13:04.450,1789029784.4507,8838,1512,19.38,2951,37.83
2026-09-10T14:13:04.456,1789029784.4569,8839,-826,-10.59,2951,37.83
2026-09-10T14:13:04.457,1789029784.4580,8840,-1343,-17.22,2855,36.6
2026-09-10T14:13:04.465,1789029784.4658,8841,-22,-0.28,2855,36.6
2026-09-10T14:13:04.465,1789029784.4658,8842,1591,20.4,2934,37.62
2026-09-10T14:13:04.481,1789029784.4815,8843,-999,-12.81,2934,37.62
2026-09-10T14:13:04.481,1789029784.4815,8844,-1235,-15.83,2826,36.23
2026-09-10T14:13:04.481,1789029784.4815,8845,213,2.73,2826,36.23
2026-09-10T14:13:04.495,1789029784.4958,8846,1609,20.63,2844,36.46
2026-09-10T14:13:04.498,1789029784.4982,8847,778,9.97,2844,36.46
2026-09-10T14:13:04.500,1789029784.5002,8848,-1140,-14.62,2749,35.24
2026-09-10T14:13:04.500,1789029784.5002,8849,472,6.05,2749,35.24
2026-09-10T14:13:04.500,1789029784.5002,8850,1630,20.9,2770,35.51
2026-09-10T14:13:04.500,1789029784.5002,8851,676,8.67,2770,35.51
2026-09-10T14:13:04.513,1789029784.5134,8852,-1010,-12.95,2640,33.85
2026-09-10T14:13:04.513,1789029784.5134,8853,766,9.82,2640,33.85
2026-09-10T14:13:04.513,1789029784.5134,8854,1587,20.35,2597,33.29
2026-09-10T14:13:04.513,1789029784.5134,8855,557,7.14,2597,33.29
2026-09-10T14:13:04.529,1789029784.5290,8856,-864,-11.08,2451,31.42
2026-09-10T14:13:04.529,1789029784.5290,8857,1007,12.91,2451,31.42
2026-09-10T14:13:04.529,1789029784.5290,8858,1547,19.83,2411,30.91
2026-09-10T14:13:04.544,1789029784.5447,8859,385,4.94,2411,30.91
2026-09-10T14:13:04.544,1789029784.5447,8860,-1380,-17.69,2927,37.53
2026-09-10T14:13:04.560,1789029784.5605,8861,1180,15.13,2927,37.53
2026-09-10T14:13:04.560,1789029784.5605,8862,1472,18.87,2852,36.56
2026-09-10T14:13:04.560,1789029784.5605,8863,162,2.08,2852,36.56
2026-09-10T14:13:04.576,1789029784.5763,8864,-1411,-18.09,2883,36.96
2026-09-10T14:13:04.580,1789029784.5806,8865,1301,16.68,2883,36.96
2026-09-10T14:13:04.580,1789029784.5806,8866,1348,17.28,2759,35.37
2026-09-10T14:13:04.592,1789029784.5930,8867,-117,-1.5,2759,35.37
2026-09-10T14:13:04.592,1789029784.5930,8868,-1477,-18.94,2825,36.22
2026-09-10T14:13:04.600,1789029784.6003,8869,-555,-7.12,2825,36.22
2026-09-10T14:13:04.600,1789029784.6003,8870,1178,15.1,2655,34.04
2026-09-10T14:13:04.608,1789029784.6082,8871,-451,-5.78,2655,34.04
2026-09-10T14:13:04.608,1789029784.6082,8872,-1505,-19.29,2683,34.4
2026-09-10T14:13:04.608,1789029784.6082,8873,-415,-5.32,2683,34.4
2026-09-10T14:13:04.623,1789029784.6239,8874,1053,13.5,2558,32.79
2026-09-10T14:13:04.623,1789029784.6239,8875,-715,-9.17,2558,32.79
2026-09-10T14:13:04.623,1789029784.6239,8876,-1484,-19.03,2537,32.53
2026-09-10T14:13:04.623,1789029784.6239,8877,-266,-3.41,2537,32.53
2026-09-10T14:13:04.623,1789029784.6239,8878,1451,18.6,2935,37.63
2026-09-10T14:13:04.639,1789029784.6395,8879,-947,-12.14,2935,37.63
2026-09-10T14:13:04.639,1789029784.6395,8880,-1431,-18.35,2882,36.95
2026-09-10T14:13:04.664,1789029784.6643,8881,-85,-1.09,2882,36.95
2026-09-10T14:13:04.667,1789029784.6670,8882,1563,20.04,2994,38.38
2026-09-10T14:13:04.671,1789029784.6710,8883,-1126,-14.44,2994,38.38
2026-09-10T14:13:04.671,1789029784.6710,8884,-1350,-17.31,2913,37.35
2026-09-10T14:13:04.671,1789029784.6710,8885,171,2.19,2913,37.35
2026-09-10T14:13:04.671,1789029784.6710,8886,1547,19.83,2897,37.14
2026-09-10T14:13:04.687,1789029784.6870,8887,709,9.09,2897,37.14
2026-09-10T14:13:04.687,1789029784.6870,8888,-1241,-15.91,2788,35.74
2026-09-10T14:13:04.700,1789029784.7004,8889,432,5.54,2788,35.74
2026-09-10T14:13:04.702,1789029784.7027,8890,1534,19.67,2775,35.58
2026-09-10T14:13:04.718,1789029784.7184,8891,576,7.38,2775,35.58
2026-09-10T14:13:04.718,1789029784.7184,8892,-1153,-14.78,2687,34.45
2026-09-10T14:13:04.718,1789029784.7184,8893,672,8.62,2687,34.45
2026-09-10T14:13:04.734,1789029784.7341,8894,1493,19.14,2646,33.92
2026-09-10T14:13:04.734,1789029784.7341,8895,407,5.22,2646,33.92
2026-09-10T14:13:04.734,1789029784.7341,8896,-1036,-13.28,2529,32.42
2026-09-10T14:13:04.734,1789029784.7341,8897,888,11.38,2529,32.42
2026-09-10T14:13:04.734,1789029784.7341,8898,1400,17.95,2436,31.23
2026-09-10T14:13:04.749,1789029784.7498,8899,191,2.45,2436,31.23
2026-09-10T14:13:04.749,1789029784.7498,8900,-1626,-20.85,3026,38.79
2026-09-10T14:13:04.749,1789029784.7498,8901,1056,13.54,3026,38.79
2026-09-10T14:13:04.749,1789029784.7498,8902,1304,16.72,2930,37.56
2026-09-10T14:13:04.765,1789029784.7654,8903,-45,-0.58,2930,37.56
2026-09-10T14:13:04.765,1789029784.7654,8904,-1617,-20.73,2921,37.45
2026-09-10T14:13:04.765,1789029784.7654,8905,1176,15.08,2921,37.45
2026-09-10T14:13:04.765,1789029784.7654,8906,1196,15.33,2813,36.06
2026-09-10T14:13:04.781,1789029784.7811,8907,-297,-3.81,2813,36.06
2026-09-10T14:13:04.781,1789029784.7811,8908,-1596,-20.46,2792,35.79
2026-09-10T14:13:04.781,1789029784.7811,8909,-621,-7.96,2792,35.79
2026-09-10T14:13:04.796,1789029784.7967,8910,1108,14.21,2704,34.67
2026-09-10T14:13:04.800,1789029784.8006,8911,-556,-7.13,2704,34.67
2026-09-10T14:13:04.812,1789029784.8124,8912,-1566,-20.08,2674,34.28
2026-09-10T14:13:04.812,1789029784.8124,8913,-440,-5.64,2674,34.28
2026-09-10T14:13:04.812,1789029784.8124,8914,1000,12.82,2566,32.9
2026-09-10T14:13:04.828,1789029784.8281,8915,-792,-10.15,2566,32.9
2026-09-10T14:13:04.828,1789029784.8281,8916,-1497,-19.19,2497,32.01
2026-09-10T14:13:04.828,1789029784.8281,8917,-247,-3.17,2497,32.01
2026-09-10T14:13:04.843,1789029784.8440,8918,1454,18.64,2951,37.83
2026-09-10T14:13:04.843,1789029784.8440,8919,-999,-12.81,2951,37.83
2026-09-10T14:13:04.843,1789029784.8440,8920,-1391,-17.83,2845,36.47
2026-09-10T14:13:04.859,1789029784.8597,8921,-14,-0.18,2845,36.47
2026-09-10T14:13:04.859,1789029784.8597,8922,1474,18.9,2865,36.73
2026-09-10T14:13:04.859,1789029784.8597,8923,-1170,-15.0,2865,36.73
2026-09-10T14:13:04.875,1789029784.8758,8924,-1302,-16.69,2776,35.59
2026-09-10T14:13:04.879,1789029784.8796,8925,215,2.76,2776,35.59
2026-09-10T14:13:04.880,1789029784.8807,8926,1530,19.62,2832,36.31
2026-09-10T14:13:04.881,1789029784.8817,8927,648,8.31,2832,36.31
2026-09-10T14:13:04.887,1789029784.8876,8928,-1197,-15.35,2727,34.96
2026-09-10T14:13:04.892,1789029784.8920,8929,480,6.15,2727,34.96
2026-09-10T14:13:04.899,1789029784.8993,8930,1486,19.05,2683,34.4
2026-09-10T14:13:04.913,1789029784.9134,8931,488,6.26,2683,34.4
2026-09-10T14:13:04.919,1789029784.9191,8932,-1072,-13.74,2558,32.79
2026-09-10T14:13:04.924,1789029784.9243,8933,720,9.23,2558,32.79
2026-09-10T14:13:04.927,1789029784.9277,8934,1453,18.63,2525,32.37
2026-09-10T14:13:04.927,1789029784.9277,8935,339,4.35,2525,32.37
2026-09-10T14:13:04.927,1789029784.9277,8936,-976,-12.51,2429,31.14
2026-09-10T14:13:04.942,1789029784.9430,8937,928,11.9,2429,31.14
2026-09-10T14:13:04.942,1789029784.9430,8938,1360,17.44,2336,29.95
2026-09-10T14:13:04.942,1789029784.9430,8939,155,1.99,2336,29.95
2026-09-10T14:13:04.958,1789029784.9587,8940,-1562,-20.03,2922,37.46
2026-09-10T14:13:04.976,1789029784.9765,8941,1100,14.1,2922,37.46
2026-09-10T14:13:04.976,1789029784.9765,8942,1287,16.5,2849,36.53
2026-09-10T14:13:04.976,1789029784.9765,8943,-78,-1.0,2849,36.53
2026-09-10T14:13:04.990,1789029784.9903,8944,-1593,-20.42,2880,36.92
2026-09-10T14:13:04.990,1789029784.9903,8945,1228,15.74,2880,36.92
2026-09-10T14:13:04.990,1789029784.9903,8946,1203,15.42,2821,36.17
2026-09-10T14:13:04.990,1789029784.9903,8947,-346,-4.44,2821,36.17
2026-09-10T14:13:05.000,1789029785.0009,8948,-1572,-20.15,2800,35.9
2026-09-10T14:13:05.000,1789029785.0009,8949,-554,-7.1,2775,35.58
2026-09-10T14:13:05.005,1789029785.0060,8950,1075,13.78,2647,33.94
2026-09-10T14:13:05.005,1789029785.0060,8951,-602,-7.72,2647,33.94
2026-09-10T14:13:05.005,1789029785.0060,8952,-1535,-19.68,2610,33.46
2026-09-10T14:13:05.005,1789029785.0060,8953,-381,-4.88,2610,33.46
2026-09-10T14:13:05.021,1789029785.0216,8954,975,12.5,2510,32.18
2026-09-10T14:13:05.021,1789029785.0216,8955,-833,-10.68,2510,32.18
2026-09-10T14:13:05.021,1789029785.0216,8956,-1446,-18.54,2421,31.04
2026-09-10T14:13:05.021,1789029785.0216,8957,-188,-2.41,2421,31.04
2026-09-10T14:13:05.037,1789029785.0373,8958,1449,18.58,2895,37.12
2026-09-10T14:13:05.037,1789029785.0373,8959,-1024,-13.13,2895,37.12
2026-09-10T14:13:05.037,1789029785.0373,8960,-1364,-17.49,2813,36.06
2026-09-10T14:13:05.059,1789029785.0599,8961,25,0.32,2813,36.06
2026-09-10T14:13:05.062,1789029785.0620,8962,1477,18.94,2841,36.42
2026-09-10T14:13:05.062,1789029785.0626,8963,-1200,-15.38,2841,36.42
2026-09-10T14:13:05.068,1789029785.0687,8964,-1279,-16.4,2756,35.33
2026-09-10T14:13:05.068,1789029785.0687,8965,274,3.51,2756,35.33
2026-09-10T14:13:05.068,1789029785.0687,8966,1481,18.99,2760,35.38
2026-09-10T14:13:05.084,1789029785.0844,8967,591,7.58,2760,35.38
2026-09-10T14:13:05.084,1789029785.0844,8968,-1174,-15.05,2655,34.04
2026-09-10T14:13:05.084,1789029785.0844,8969,507,6.5,2655,34.04
2026-09-10T14:13:05.101,1789029785.1011,8970,1445,18.53,2619,33.58
2026-09-10T14:13:05.101,1789029785.1016,8971,451,5.78,2619,33.58
2026-09-10T14:13:05.101,1789029785.1016,8972,-1073,-13.76,2518,32.28
2026-09-10T14:13:05.115,1789029785.1158,8973,759,9.73,2518,32.28
2026-09-10T14:13:05.115,1789029785.1158,8974,1408,18.05,2481,31.81
2026-09-10T14:13:05.115,1789029785.1158,8975,295,3.78,2481,31.81
2026-09-10T14:13:05.131,1789029785.1314,8976,-929,-11.91,2337,29.96
2026-09-10T14:13:05.131,1789029785.1314,8977,951,12.19,2337,29.96
2026-09-10T14:13:05.131,1789029785.1314,8978,1339,17.17,2268,29.08
2026-09-10T14:13:05.131,1789029785.1314,8979,106,1.36,2268,29.08
2026-09-10T14:13:05.147,1789029785.1471,8980,-1554,-19.92,2893,37.09
2026-09-10T14:13:05.162,1789029785.1628,8981,1127,14.45,2893,37.09
2026-09-10T14:13:05.162,1789029785.1628,8982,1246,15.97,2800,35.9
2026-09-10T14:13:05.162,1789029785.1628,8983,-130,-1.67,2800,35.9
2026-09-10T14:13:05.178,1789029785.1785,8984,-1562,-20.03,2808,36.0
2026-09-10T14:13:05.178,1789029785.1785,8985,1255,16.09,2817,36.12
2026-09-10T14:13:05.178,1789029785.1785,8986,1162,14.9,2817,36.12
2026-09-10T14:13:05.194,1789029785.1942,8987,-379,-4.86,2817,36.12
2026-09-10T14:13:05.201,1789029785.2010,8988,-1533,-19.65,2788,35.74
2026-09-10T14:13:05.201,1789029785.2010,8989,-487,-6.24,2695,34.55
2026-09-10T14:13:05.209,1789029785.2099,8990,1077,13.81,2610,33.46
2026-09-10T14:13:05.229,1789029785.2293,8991,-627,-8.04,2610,33.46
2026-09-10T14:13:05.231,1789029785.2314,8992,-1476,-18.92,2553,32.73
2026-09-10T14:13:05.233,1789029785.2335,8993,-315,-4.04,2553,32.73
2026-09-10T14:13:05.233,1789029785.2335,8994,977,12.53,2453,31.45
2026-09-10T14:13:05.241,1789029785.2413,8995,-855,-10.96,2453,31.45
2026-09-10T14:13:05.241,1789029785.2413,8996,-1408,-18.05,2385,30.58
2026-09-10T14:13:05.241,1789029785.2413,8997,-110,-1.41,2385,30.58
2026-09-10T14:13:05.241,1789029785.2413,8998,1490,19.1,2898,37.15
2026-09-10T14:13:05.241,1789029785.2413,8999,-1051,-13.47,2898,37.15
2026-09-10T14:13:05.241,1789029785.2413,9000,-1327,-17.01,2817,36.12
2026-09-10T14:13:05.257,1789029785.2571,9001,118,1.51,2817,36.12
2026-09-10T14:13:05.257,1789029785.2571,9002,1546,19.82,2873,36.83
2026-09-10T14:13:05.257,1789029785.2571,9003,-1211,-15.53,2873,36.83
2026-09-10T14:13:05.257,1789029785.2571,9004,-1230,-15.77,2776,35.59
2026-09-10T14:13:05.272,1789029785.2728,9005,351,4.5,2776,35.59
2026-09-10T14:13:05.272,1789029785.2728,9006,1529,19.6,2759,35.37
2026-09-10T14:13:05.272,1789029785.2728,9007,595,7.63,2759,35.37
2026-09-10T14:13:05.288,1789029785.2888,9008,-1114,-14.28,2643,33.88
2026-09-10T14:13:05.288,1789029785.2888,9009,599,7.68,2643,33.88
2026-09-10T14:13:05.288,1789029785.2888,9010,1476,18.92,2590,33.21
2026-09-10T14:13:05.304,1789029785.3045,9011,430,5.51,2590,33.21
2026-09-10T14:13:05.304,1789029785.3045,9012,-1014,-13.0,2490,31.92
2026-09-10T14:13:05.304,1789029785.3045,9013,818,10.49,2490,31.92
2026-09-10T14:13:05.320,1789029785.3206,9014,1403,17.99,2417,30.99
2026-09-10T14:13:05.320,1789029785.3206,9015,286,3.67,2417,30.99
2026-09-10T14:13:05.336,1789029785.3363,9016,-1503,-19.27,2906,37.26
2026-09-10T14:13:05.336,1789029785.3363,9017,998,12.79,2906,37.26
2026-09-10T14:13:05.336,1789029785.3363,9018,1338,17.15,2841,36.42
2026-09-10T14:13:05.336,1789029785.3363,9019,61,0.78,2841,36.42
2026-09-10T14:13:05.351,1789029785.3520,9020,-1555,-19.94,2893,37.09
2026-09-10T14:13:05.351,1789029785.3520,9021,1162,14.9,2893,37.09
2026-09-10T14:13:05.351,1789029785.3520,9022,1229,15.76,2784,35.69
2026-09-10T14:13:05.367,1789029785.3677,9023,-196,-2.51,2784,35.69
2026-09-10T14:13:05.367,1789029785.3677,9024,-1567,-20.09,2796,35.85
2026-09-10T14:13:05.367,1789029785.3677,9025,1270,16.28,2837,36.37
2026-09-10T14:13:05.367,1789029785.3677,9026,1141,14.63,2837,36.37
2026-09-10T14:13:05.383,1789029785.3834,9027,-448,-5.74,2837,36.37
2026-09-10T14:13:05.384,1789029785.3840,9028,-1554,-19.92,2824,36.21
2026-09-10T14:13:05.384,1789029785.3840,9029,-480,-6.15,2695,34.55
2026-09-10T14:13:05.384,1789029785.3840,9030,1045,13.4,2599,33.32
2026-09-10T14:13:05.414,1789029785.4148,9031,-707,-9.06,2599,33.32
2026-09-10T14:13:05.414,1789029785.4148,9032,-1501,-19.24,2546,32.64
2026-09-10T14:13:05.430,1789029785.4305,9033,-291,-3.73,2546,32.64
2026-09-10T14:13:05.430,1789029785.4305,9034,941,12.06,2442,31.31
2026-09-10T14:13:05.430,1789029785.4305,9035,-915,-11.73,2442,31.31
2026-09-10T14:13:05.430,1789029785.4305,9036,-1423,-18.24,2364,30.31
2026-09-10T14:13:05.449,1789029785.4500,9037,-106,-1.36,2364,30.31
2026-09-10T14:13:05.456,1789029785.4565,9038,1471,18.86,2894,37.1
2026-09-10T14:13:05.462,1789029785.4620,9039,-1094,-14.03,2894,37.1
2026-09-10T14:13:05.462,1789029785.4620,9040,-1350,-17.31,2821,36.17
2026-09-10T14:13:05.477,1789029785.4777,9041,139,1.78,2821,36.17
2026-09-10T14:13:05.477,1789029785.4777,9042,1547,19.83,2897,37.14
2026-09-10T14:13:05.477,1789029785.4777,9043,-1270,-16.28,2897,37.14
2026-09-10T14:13:05.477,1789029785.4777,9044,-1261,-16.17,2817,36.12
2026-09-10T14:13:05.493,1789029785.4935,9045,384,4.92,2817,36.12
2026-09-10T14:13:05.493,1789029785.4935,9046,1534,19.67,2804,35.95
2026-09-10T14:13:05.493,1789029785.4935,9047,560,7.18,2795,35.83
2026-09-10T14:13:05.501,1789029785.5011,9048,-1144,-14.67,2678,34.33
2026-09-10T14:13:05.501,1789029785.5011,9049,624,8.0,2678,34.33
2026-09-10T14:13:05.501,1789029785.5011,9050,1494,19.15,2638,33.82
2026-09-10T14:13:05.509,1789029785.5092,9051,424,5.44,2638,33.82
2026-09-10T14:13:05.509,1789029785.5092,9052,-1044,-13.38,2538,32.54
2026-09-10T14:13:05.509,1789029785.5092,9053,828,10.62,2538,32.54
2026-09-10T14:13:05.509,1789029785.5092,9054,1409,18.06,2453,31.45
2026-09-10T14:13:05.509,1789029785.5092,9055,239,3.06,2453,31.45
2026-09-10T14:13:05.524,1789029785.5249,9056,-1562,-20.03,2971,38.09
2026-09-10T14:13:05.524,1789029785.5249,9057,1016,13.03,2971,38.09
2026-09-10T14:13:05.540,1789029785.5406,9058,1328,17.03,2890,37.05
2026-09-10T14:13:05.540,1789029785.5406,9059,3,0.04,2890,37.05
2026-09-10T14:13:05.540,1789029785.5406,9060,-1597,-20.47,2925,37.5
2026-09-10T14:13:05.556,1789029785.5563,9061,1160,14.87,2925,37.5
2026-09-10T14:13:05.556,1789029785.5563,9062,1208,15.49,2805,35.96
2026-09-10T14:13:05.556,1789029785.5563,9063,-257,-3.29,2805,35.96
2026-09-10T14:13:05.571,1789029785.5720,9064,-1592,-20.41,2800,35.9
2026-09-10T14:13:05.571,1789029785.5720,9065,1285,16.47,2877,36.88
2026-09-10T14:13:05.571,1789029785.5720,9066,1112,14.26,2877,36.88
2026-09-10T14:13:05.587,1789029785.5877,9067,-513,-6.58,2877,36.88
2026-09-10T14:13:05.587,1789029785.5877,9068,-1543,-19.78,2828,36.26
2026-09-10T14:13:05.587,1789029785.5877,9069,-457,-5.86,2655,34.04
2026-09-10T14:13:05.587,1789029785.5877,9070,1000,12.82,2543,32.6
2026-09-10T14:13:05.603,1789029785.6034,9071,-764,-9.79,2543,32.6
2026-09-10T14:13:05.603,1789029785.6034,9072,-1493,-19.14,2493,31.96
2026-09-10T14:13:05.603,1789029785.6034,9073,-255,-3.27,2493,31.96
2026-09-10T14:13:05.619,1789029785.6191,9074,900,11.54,2393,30.68
2026-09-10T14:13:05.619,1789029785.6191,9075,-975,-12.5,2393,30.68
2026-09-10T14:13:05.619,1789029785.6191,9076,-1400,-17.95,2300,29.49
2026-09-10T14:13:05.619,1789029785.6191,9077,-42,-0.54,2300,29.49
2026-09-10T14:13:05.634,1789029785.6349,9078,1486,19.05,2886,37.0
2026-09-10T14:13:05.634,1789029785.6349,9079,-1139,-14.6,2886,37.0
2026-09-10T14:13:05.634,1789029785.6349,9080,-1310,-16.79,2796,35.85
2026-09-10T14:13:05.666,1789029785.6663,9081,171,2.19,2796,35.85
2026-09-10T14:13:05.666,1789029785.6663,9082,1486,19.05,2796,35.85
2026-09-10T14:13:05.666,1789029785.6663,9083,-1266,-16.23,2796,35.85
2026-09-10T14:13:05.682,1789029785.6820,9084,-1205,-15.45,2752,35.28
2026-09-10T14:13:05.682,1789029785.6820,9085,427,5.47,2752,35.28
2026-09-10T14:13:05.682,1789029785.6820,9086,1478,18.95,2744,35.18
2026-09-10T14:13:05.697,1789029785.6979,9087,512,6.56,2683,34.4
2026-09-10T14:13:05.701,1789029785.7012,9088,-1085,-13.91,2563,32.86
2026-09-10T14:13:05.701,1789029785.7012,9089,688,8.82,2563,32.86
2026-09-10T14:13:05.713,1789029785.7135,9090,1429,18.32,2514,32.23
2026-09-10T14:13:05.729,1789029785.7294,9091,367,4.71,2514,32.23
2026-09-10T14:13:05.729,1789029785.7294,9092,-976,-12.51,2405,30.83
2026-09-10T14:13:05.729,1789029785.7294,9093,880,11.28,2405,30.83
2026-09-10T14:13:05.729,1789029785.7294,9094,1368,17.54,2344,30.05
2026-09-10T14:13:05.729,1789029785.7294,9095,163,2.09,2344,30.05
2026-09-10T14:13:05.744,1789029785.7450,9096,-1534,-19.67,2902,37.21
2026-09-10T14:13:05.744,1789029785.7450,9097,1040,13.33,2902,37.21
2026-09-10T14:13:05.744,1789029785.7450,9098,1291,16.55,2825,36.22
2026-09-10T14:13:05.744,1789029785.7450,9099,-26,-0.33,2825,36.22
2026-09-10T14:13:05.744,1789029785.7450,9100,-1577,-20.22,2868,36.77
2026-09-10T14:13:05.760,1789029785.7608,9101,1196,15.33,2868,36.77
2026-09-10T14:13:05.760,1789029785.7608,9102,1195,15.32,2773,35.55
2026-09-10T14:13:05.776,1789029785.7764,9103,-306,-3.92,2773,35.55
2026-09-10T14:13:05.776,1789029785.7764,9104,-1565,-20.06,2761,35.4
2026-09-10T14:13:05.776,1789029785.7764,9105,1324,16.97,2889,37.04
2026-09-10T14:13:05.776,1789029785.7764,9106,1095,14.04,2889,37.04
2026-09-10T14:13:05.792,1789029785.7921,9107,-558,-7.15,2889,37.04
2026-09-10T14:13:05.792,1789029785.7921,9108,-1520,-19.49,2844,36.46
2026-09-10T14:13:05.792,1789029785.7921,9109,-406,-5.21,2615,33.53
2026-09-10T14:13:05.801,1789029785.8014,9110,1007,12.91,2527,32.4
2026-09-10T14:13:05.807,1789029785.8079,9111,-793,-10.17,2527,32.4
2026-09-10T14:13:05.807,1789029785.8079,9112,-1458,-18.69,2465,31.6
2026-09-10T14:13:05.807,1789029785.8079,9113,-197,-2.53,2465,31.6
2026-09-10T14:13:05.807,1789029785.8079,9114,902,11.56,2360,30.26
2026-09-10T14:13:05.823,1789029785.8235,9115,-989,-12.68,2360,30.26
2026-09-10T14:13:05.823,1789029785.8235,9116,-1369,-17.55,2271,29.12
2026-09-10T14:13:05.823,1789029785.8235,9117,24,0.31,2271,29.12
2026-09-10T14:13:05.843,1789029785.8439,9118,1496,19.18,2865,36.73
2026-09-10T14:13:05.846,1789029785.8466,9119,-1157,-14.83,2865,36.73
2026-09-10T14:13:05.849,1789029785.8493,9120,-1260,-16.15,2756,35.33
2026-09-10T14:13:05.854,1789029785.8549,9121,257,3.29,2756,35.33
2026-09-10T14:13:05.854,1789029785.8549,9122,1516,19.44,2776,35.59
2026-09-10T14:13:05.854,1789029785.8549,9123,-1269,-16.27,2785,35.71
2026-09-10T14:13:05.870,1789029785.8708,9124,-1160,-14.87,2785,35.71
2026-09-10T14:13:05.870,1789029785.8708,9125,517,6.63,2785,35.71
2026-09-10T14:13:05.870,1789029785.8708,9126,1515,19.42,2784,35.69
2026-09-10T14:13:05.870,1789029785.8708,9127,489,6.27,2675,34.29
2026-09-10T14:13:05.886,1789029785.8865,9128,-1036,-13.28,2551,32.71
2026-09-10T14:13:05.892,1789029785.8924,9129,772,9.9,2551,32.71
2026-09-10T14:13:05.892,1789029785.8924,9130,1457,18.68,2493,31.96
2026-09-10T14:13:05.902,1789029785.9029,9131,368,4.72,2493,31.96
2026-09-10T14:13:05.902,1789029785.9029,9132,-908,-11.64,2365,30.32
2026-09-10T14:13:05.921,1789029785.9216,9133,964,12.36,2365,30.32
2026-09-10T14:13:05.925,1789029785.9258,9134,1372,17.59,2280,29.23
2026-09-10T14:13:05.925,1789029785.9258,9135,178,2.28,2280,29.23
2026-09-10T14:13:05.933,1789029785.9336,9136,-1498,-19.21,2870,36.79
2026-09-10T14:13:05.933,1789029785.9336,9137,1143,14.65,2870,36.79
2026-09-10T14:13:05.933,1789029785.9336,9138,1322,16.95,2820,36.15
2026-09-10T14:13:05.949,1789029785.9495,9139,-35,-0.45,2820,36.15
2026-09-10T14:13:05.949,1789029785.9495,9140,-1487,-19.06,2809,36.01
2026-09-10T14:13:05.965,1789029785.9651,9141,1329,17.04,2816,36.1
2026-09-10T14:13:05.965,1789029785.9651,9142,1276,16.36,2816,36.1
2026-09-10T14:13:05.965,1789029785.9651,9143,-245,-3.14,2816,36.1
2026-09-10T14:13:05.980,1789029785.9808,9144,-1440,-18.46,2769,35.5
2026-09-10T14:13:05.980,1789029785.9808,9145,1483,19.01,2923,37.47
2026-09-10T14:13:05.980,1789029785.9808,9146,1238,15.87,2923,37.47
2026-09-10T14:13:05.980,1789029785.9808,9147,-455,-5.83,2923,37.47
2026-09-10T14:13:05.996,1789029785.9966,9148,-1334,-17.1,2817,36.12
2026-09-10T14:13:05.996,1789029785.9966,9149,-180,-2.31,2572,32.97
2026-09-10T14:13:06.001,1789029786.0012,9150,1190,15.26,2524,32.36
2026-09-10T14:13:06.001,1789029786.0012,9151,-615,-7.88,2524,32.36
2026-09-10T14:13:06.012,1789029786.0123,9152,-1208,-15.49,2398,30.74
2026-09-10T14:13:06.012,1789029786.0123,9153,81,1.04,2398,30.74
2026-09-10T14:13:06.012,1789029786.0123,9154,1158,14.85,2366,30.33
2026-09-10T14:13:06.012,1789029786.0123,9155,-755,-9.68,2366,30.33
2026-09-10T14:13:06.028,1789029786.0280,9156,-1052,-13.49,2210,28.33
2026-09-10T14:13:06.028,1789029786.0280,9157,372,4.77,2210,28.33
2026-09-10T14:13:06.028,1789029786.0280,9158,1815,23.27,2867,36.76
2026-09-10T14:13:06.043,1789029786.0437,9159,-853,-10.94,2867,36.76
2026-09-10T14:13:06.043,1789029786.0437,9160,-905,-11.6,2720,34.87
2026-09-10T14:13:06.059,1789029786.0595,9161,642,8.23,2720,34.87
2026-09-10T14:13:06.059,1789029786.0595,9162,1860,23.85,2765,35.45
2026-09-10T14:13:06.059,1789029786.0595,9163,-975,-12.5,2835,36.35
2026-09-10T14:13:06.059,1789029786.0595,9164,-812,-10.41,2835,36.35
2026-09-10T14:13:06.075,1789029786.0753,9165,912,11.69,2835,36.35
2026-09-10T14:13:06.075,1789029786.0753,9166,1824,23.38,2799,35.88
2026-09-10T14:13:06.075,1789029786.0753,9167,781,10.01,2636,33.79
2026-09-10T14:13:06.091,1789029786.0910,9168,-722,-9.26,2546,32.64
2026-09-10T14:13:06.091,1789029786.0910,9169,1093,14.01,2546,32.64
2026-09-10T14:13:06.101,1789029786.1015,9170,1709,21.91,2431,31.17
2026-09-10T14:13:06.108,1789029786.1081,9171,586,7.51,2431,31.17
2026-09-10T14:13:06.108,1789029786.1081,9172,-671,-8.6,2380,30.51
2026-09-10T14:13:06.108,1789029786.1081,9173,1223,15.68,2380,30.51
2026-09-10T14:13:06.122,1789029786.1225,9174,1570,20.13,2241,28.73
2026-09-10T14:13:06.122,1789029786.1225,9175,312,4.0,2241,28.73
2026-09-10T14:13:06.122,1789029786.1225,9176,-1361,-17.45,2931,37.58
2026-09-10T14:13:06.122,1789029786.1225,9177,1311,16.81,2931,37.58
2026-09-10T14:13:06.122,1789029786.1225,9178,1426,18.28,2787,35.73
2026-09-10T14:13:06.138,1789029786.1383,9179,-12,-0.15,2787,35.73
2026-09-10T14:13:06.153,1789029786.1539,9180,-1428,-18.31,2854,36.59
2026-09-10T14:13:06.153,1789029786.1539,9181,1356,17.38,2854,36.59
2026-09-10T14:13:06.169,1789029786.1696,9182,1243,15.94,2784,35.69
2026-09-10T14:13:06.169,1789029786.1696,9183,-338,-4.33,2784,35.69
2026-09-10T14:13:06.169,1789029786.1696,9184,-1493,-19.14,2849,36.53
2026-09-10T14:13:06.185,1789029786.1857,9185,1375,17.63,2868,36.77
2026-09-10T14:13:06.185,1789029786.1857,9186,1077,13.81,2868,36.77
2026-09-10T14:13:06.185,1789029786.1857,9187,-671,-8.6,2868,36.77
2026-09-10T14:13:06.201,1789029786.2014,9188,-1516,-19.44,2891,37.06
2026-09-10T14:13:06.201,1789029786.2014,9189,-394,-5.05,2593,33.24
2026-09-10T14:13:06.217,1789029786.2171,9190,886,11.36,2402,30.79
2026-09-10T14:13:06.217,1789029786.2171,9191,-978,-12.54,2402,30.79
2026-09-10T14:13:06.217,1789029786.2171,9192,-1554,-19.92,2440,31.28
2026-09-10T14:13:06.217,1789029786.2171,9193,-260,-3.33,2440,31.28
2026-09-10T14:13:06.234,1789029786.2344,9194,664,8.51,2218,28.44
2026-09-10T14:13:06.237,1789029786.2370,9195,-1286,-16.49,2218,28.44
2026-09-10T14:13:06.241,1789029786.2413,9196,-1593,-20.42,2257,28.94
2026-09-10T14:13:06.245,1789029786.2450,9197,-187,-2.4,2257,28.94
2026-09-10T14:13:06.245,1789029786.2450,9198,1170,15.0,2763,35.42
2026-09-10T14:13:06.248,1789029786.2486,9199,-1608,-20.62,2778,35.62
2026-09-10T14:13:06.248,1789029786.2486,9200,-1650,-21.15,2820,36.15
2026-09-10T14:13:06.259,1789029786.2598,9201,-84,-1.08,2820,36.15
2026-09-10T14:13:06.263,1789029786.2639,9202,1045,13.4,2695,34.55
2026-09-10T14:13:06.263,1789029786.2639,9203,-1836,-23.54,2881,36.94
2026-09-10T14:13:06.273,1789029786.2738,9204,-1632,-20.92,2881,36.94
2026-09-10T14:13:06.275,1789029786.2758,9205,94,1.21,2881,36.94
2026-09-10T14:13:06.279,1789029786.2798,9206,942,12.08,2778,35.62
2026-09-10T14:13:06.283,1789029786.2838,9207,-102,-1.31,2574,33.0
2026-09-10T14:13:06.285,1789029786.2858,9208,-1494,-19.15,2436,31.23
2026-09-10T14:13:06.293,1789029786.2938,9209,332,4.26,2436,31.23
2026-09-10T14:13:06.295,1789029786.2956,9210,919,11.78,2413,30.94
2026-09-10T14:13:06.307,1789029786.3076,9211,-205,-2.63,2413,30.94
2026-09-10T14:13:06.313,1789029786.3133,9212,-1321,-16.94,2240,28.72
2026-09-10T14:13:06.317,1789029786.3173,9213,601,7.71,2240,28.72
2026-09-10T14:13:06.325,1789029786.3254,9214,958,12.28,2279,29.22
2026-09-10T14:13:06.327,1789029786.3271,9215,-313,-4.01,2279,29.22
2026-09-10T14:13:06.327,1789029786.3271,9216,-1904,-24.41,2862,36.69
2026-09-10T14:13:06.327,1789029786.3271,9217,840,10.77,2862,36.69
2026-09-10T14:13:06.327,1789029786.3271,9218,968,12.41,2872,36.82
2026-09-10T14:13:06.342,1789029786.3429,9219,-420,-5.38,2872,36.82
2026-09-10T14:13:06.342,1789029786.3429,9220,-1758,-22.54,2726,34.95
2026-09-10T14:13:06.358,1789029786.3586,9221,1112,14.26,2870,36.79
2026-09-10T14:13:06.358,1789029786.3586,9222,984,12.62,2870,36.79
2026-09-10T14:13:06.358,1789029786.3586,9223,-592,-7.59,2870,36.79
2026-09-10T14:13:06.358,1789029786.3586,9224,-1650,-21.15,2762,35.41
2026-09-10T14:13:06.374,1789029786.3743,9225,-579,-7.42,2634,33.77
2026-09-10T14:13:06.374,1789029786.3743,9226,930,11.92,2580,33.08
2026-09-10T14:13:06.382,1789029786.3825,9227,-810,-10.38,2580,33.08
2026-09-10T14:13:06.390,1789029786.3907,9228,-1594,-20.44,2524,32.36
2026-09-10T14:13:06.401,1789029786.4016,9229,-384,-4.92,2524,32.36
2026-09-10T14:13:06.405,1789029786.4057,9230,888,11.38,2482,31.82
2026-09-10T14:13:06.405,1789029786.4057,9231,-979,-12.55,2482,31.82
2026-09-10T14:13:06.405,1789029786.4057,9232,-1452,-18.62,2340,30.0
2026-09-10T14:13:06.421,1789029786.4215,9233,-114,-1.46,2340,30.0
2026-09-10T14:13:06.421,1789029786.4215,9234,805,10.32,2257,28.94
2026-09-10T14:13:06.421,1789029786.4215,9235,-1102,-14.13,2257,28.94
2026-09-10T14:13:06.437,1789029786.4373,9236,-1330,-17.05,2135,27.37
2026-09-10T14:13:06.437,1789029786.4373,9237,143,1.83,2135,27.37
2026-09-10T14:13:06.452,1789029786.4530,9238,1479,18.96,2809,36.01
2026-09-10T14:13:06.452,1789029786.4530,9239,-1238,-15.87,2809,36.01
2026-09-10T14:13:06.452,1789029786.4530,9240,-1201,-15.4,2717,34.83
2026-09-10T14:13:06.468,1789029786.4687,9241,408,5.23,2717,34.83
2026-09-10T14:13:06.468,1789029786.4687,9242,1506,19.31,2744,35.18
2026-09-10T14:13:06.468,1789029786.4687,9243,-1346,-17.26,2852,36.56
2026-09-10T14:13:06.468,1789029786.4687,9244,-1073,-13.76,2852,36.56
2026-09-10T14:13:06.468,1789029786.4687,9245,683,8.76,2852,36.56
2026-09-10T14:13:06.484,1789029786.4844,9246,1493,19.14,2839,36.4
2026-09-10T14:13:06.484,1789029786.4844,9247,411,5.27,2566,32.9
2026-09-10T14:13:06.484,1789029786.4844,9248,-965,-12.37,2458,31.51
2026-09-10T14:13:06.484,1789029786.4844,9249,903,11.58,2458,31.51
2026-09-10T14:13:06.484,1789029786.4844,9250,1427,18.29,2392,30.67
2026-09-10T14:13:06.501,1789029786.5015,9251,254,3.26,2392,30.67
2026-09-10T14:13:06.501,1789029786.5015,9252,-829,-10.63,2256,28.92
2026-09-10T14:13:06.515,1789029786.5157,9253,1066,13.67,2256,28.92
2026-09-10T14:13:06.515,1789029786.5157,9254,1342,17.21,2171,27.83
2026-09-10T14:13:06.515,1789029786.5157,9255,36,0.46,2171,27.83
2026-09-10T14:13:06.531,1789029786.5313,9256,-1508,-19.33,2850,36.54
2026-09-10T14:13:06.531,1789029786.5313,9257,1209,15.5,2850,36.54
2026-09-10T14:13:06.531,1789029786.5313,9258,1248,16.0,2756,35.33
2026-09-10T14:13:06.531,1789029786.5313,9259,-205,-2.63,2756,35.33
2026-09-10T14:13:06.547,1789029786.5470,9260,-1520,-19.49,2768,35.49
2026-09-10T14:13:06.547,1789029786.5470,9261,1332,17.08,2852,36.56
2026-09-10T14:13:06.562,1789029786.5626,9262,1151,14.76,2852,36.56
2026-09-10T14:13:06.562,1789029786.5626,9263,-465,-5.96,2852,36.56
2026-09-10T14:13:06.562,1789029786.5626,9264,-1484,-19.03,2816,36.1
2026-09-10T14:13:06.578,1789029786.5784,9265,-394,-5.05,2635,33.78
2026-09-10T14:13:06.578,1789029786.5784,9266,1058,13.56,2542,32.59
2026-09-10T14:13:06.578,1789029786.5784,9267,-726,-9.31,2542,32.59
2026-09-10T14:13:06.578,1789029786.5784,9268,-1435,-18.4,2493,31.96
2026-09-10T14:13:06.594,1789029786.5941,9269,-214,-2.74,2493,31.96
2026-09-10T14:13:06.594,1789029786.5941,9270,925,11.86,2360,30.26
2026-09-10T14:13:06.609,1789029786.6097,9271,-938,-12.03,2360,30.26
2026-09-10T14:13:06.609,1789029786.6097,9272,-1350,-17.31,2275,29.17
2026-09-10T14:13:06.609,1789029786.6097,9273,11,0.14,2275,29.17
2026-09-10T14:13:06.609,1789029786.6097,9274,829,10.63,2179,27.94
2026-09-10T14:13:06.621,1789029786.6215,9275,-1098,-14.08,2179,27.94
2026-09-10T14:13:06.628,1789029786.6285,9276,-1246,-15.97,2075,26.6
2026-09-10T14:13:06.631,1789029786.6318,9277,243,3.12,2075,26.6
2026-09-10T14:13:06.636,1789029786.6361,9278,1550,19.87,2796,35.85
2026-09-10T14:13:06.641,1789029786.6411,9279,-1247,-15.99,2797,35.86
2026-09-10T14:13:06.641,1789029786.6411,9280,-1166,-14.95,2797,35.86
2026-09-10T14:13:06.663,1789029786.6631,9281,486,6.23,2797,35.86
2026-09-10T14:13:06.666,1789029786.6662,9282,1521,19.5,2768,35.49
2026-09-10T14:13:06.666,1789029786.6662,9283,-1347,-17.27,2868,36.77
2026-09-10T14:13:06.672,1789029786.6729,9284,-1038,-13.31,2868,36.77
2026-09-10T14:13:06.672,1789029786.6729,9285,722,9.26,2868,36.77
2026-09-10T14:13:06.688,1789029786.6886,9286,1459,18.71,2806,35.97
2026-09-10T14:13:06.688,1789029786.6886,9287,349,4.47,2497,32.01
2026-09-10T14:13:06.688,1789029786.6886,9288,-938,-12.03,2397,30.73
2026-09-10T14:13:06.701,1789029786.7017,9289,917,11.76,2397,30.73
2026-09-10T14:13:06.704,1789029786.7043,9290,1382,17.72,2320,29.74
2026-09-10T14:13:06.719,1789029786.7200,9291,192,2.46,2320,29.74
2026-09-10T14:13:06.719,1789029786.7200,9292,-810,-10.38,2192,28.1
2026-09-10T14:13:06.719,1789029786.7200,9293,1081,13.86,2192,28.1
2026-09-10T14:13:06.719,1789029786.7200,9294,1312,16.82,2122,27.21
2026-09-10T14:13:06.719,1789029786.7200,9295,-33,-0.42,2122,27.21
2026-09-10T14:13:06.719,1789029786.7200,9296,-1537,-19.71,2849,36.53
2026-09-10T14:13:06.735,1789029786.7357,9297,1208,15.49,2849,36.53
2026-09-10T14:13:06.735,1789029786.7357,9298,1207,15.47,2745,35.19
2026-09-10T14:13:06.735,1789029786.7357,9299,-305,-3.91,2745,35.19
2026-09-10T14:13:06.735,1789029786.7357,9300,-1528,-19.59,2736,35.08
2026-09-10T14:13:06.751,1789029786.7514,9301,1352,17.33,2880,36.92
2026-09-10T14:13:06.751,1789029786.7514,9302,1099,14.09,2880,36.92
2026-09-10T14:13:06.751,1789029786.7514,9303,-554,-7.1,2880,36.92
2026-09-10T14:13:06.767,1789029786.7671,9304,-1488,-19.08,2840,36.41
2026-09-10T14:13:06.767,1789029786.7671,9305,-362,-4.64,2587,33.17
2026-09-10T14:13:06.767,1789029786.7671,9306,1002,12.85,2490,31.92
2026-09-10T14:13:06.782,1789029786.7829,9307,-790,-10.13,2490,31.92
2026-09-10T14:13:06.782,1789029786.7829,9308,-1431,-18.35,2433,31.19
2026-09-10T14:13:06.782,1789029786.7829,9309,-157,-2.01,2433,31.19
2026-09-10T14:13:06.801,1789029786.8017,9310,898,11.51,2329,29.86
2026-09-10T14:13:06.814,1789029786.8142,9311,-1002,-12.85,2329,29.86
2026-09-10T14:13:06.814,1789029786.8142,9312,-1338,-17.15,2236,28.67
2026-09-10T14:13:06.814,1789029786.8142,9313,51,0.65,2236,28.67
2026-09-10T14:13:06.814,1789029786.8142,9314,789,10.12,2127,27.27
2026-09-10T14:13:06.814,1789029786.8142,9315,-1146,-14.69,2127,27.27
2026-09-10T14:13:06.829,1789029786.8299,9316,-1229,-15.76,2018,25.87
2026-09-10T14:13:06.829,1789029786.8299,9317,295,3.78,2018,25.87
2026-09-10T14:13:06.829,1789029786.8299,9318,1518,19.46,2747,35.22
2026-09-10T14:13:06.829,1789029786.8299,9319,-1282,-16.44,2800,35.9
2026-09-10T14:13:06.845,1789029786.8458,9320,-1153,-14.78,2800,35.9
2026-09-10T14:13:06.845,1789029786.8458,9321,547,7.01,2800,35.9
2026-09-10T14:13:06.845,1789029786.8458,9322,1505,19.29,2787,35.73
2026-09-10T14:13:06.863,1789029786.8634,9323,-1395,-17.88,2900,37.18
2026-09-10T14:13:06.867,1789029786.8674,9324,-1029,-13.19,2900,37.18
2026-09-10T14:13:06.867,1789029786.8674,9325,771,9.88,2900,37.18
2026-09-10T14:13:06.877,1789029786.8771,9326,1444,18.51,2839,36.4
2026-09-10T14:13:06.877,1789029786.8771,9327,314,4.03,2473,31.71
2026-09-10T14:13:06.893,1789029786.8938,9328,-909,-11.65,2353,30.17
2026-09-10T14:13:06.893,1789029786.8938,9329,966,12.38,2353,30.17
2026-09-10T14:13:06.901,1789029786.9018,9330,1367,17.53,2276,29.18
2026-09-10T14:13:06.908,1789029786.9089,9331,133,1.71,2276,29.18
2026-09-10T14:13:06.908,1789029786.9089,9332,-793,-10.17,2160,27.69
2026-09-10T14:13:06.924,1789029786.9246,9333,1130,14.49,2160,27.69
2026-09-10T14:13:06.924,1789029786.9246,9334,1281,16.42,2074,26.59
2026-09-10T14:13:06.924,1789029786.9246,9335,-100,-1.28,2074,26.59
2026-09-10T14:13:06.940,1789029786.9403,9336,-1551,-19.88,2832,36.31
2026-09-10T14:13:06.940,1789029786.9403,9337,1245,15.96,2832,36.31
2026-09-10T14:13:06.956,1789029786.9561,9338,1192,15.28,2796,35.85
2026-09-10T14:13:06.956,1789029786.9561,9339,-356,-4.56,2796,35.85
2026-09-10T14:13:06.956,1789029786.9561,9340,-1539,-19.73,2784,35.69
2026-09-10T14:13:06.971,1789029786.9718,9341,1365,17.5,2904,37.23
2026-09-10T14:13:06.971,1789029786.9718,9342,1096,14.05,2904,37.23
2026-09-10T14:13:06.971,1789029786.9718,9343,-624,-8.0,2904,37.23
2026-09-10T14:13:06.971,1789029786.9718,9344,-1478,-18.95,2843,36.45
2026-09-10T14:13:06.971,1789029786.9718,9345,-324,-4.15,2574,33.0
2026-09-10T14:13:06.971,1789029786.9718,9346,983,12.6,2461,31.55
2026-09-10T14:13:06.987,1789029786.9874,9347,-856,-10.97,2461,31.55
2026-09-10T14:13:06.987,1789029786.9874,9348,-1409,-18.06,2392,30.67
2026-09-10T14:13:06.987,1789029786.9874,9349,-116,-1.49,2392,30.67
2026-09-10T14:13:06.987,1789029786.9874,9350,879,11.27,2288,29.33
2026-09-10T14:13:07.003,1789029787.0034,9351,-1032,-13.23,2288,29.33
2026-09-10T14:13:07.003,1789029787.0034,9352,-1332,-17.08,2211,28.35
2026-09-10T14:13:07.003,1789029787.0034,9353,93,1.19,2211,28.35
2026-09-10T14:13:07.024,1789029787.0244,9354,1509,19.35,2841,36.42
2026-09-10T14:13:07.028,1789029787.0287,9355,-1204,-15.44,2841,36.42
2026-09-10T14:13:07.029,1789029787.0298,9356,-1232,-15.79,2741,35.14
2026-09-10T14:13:07.034,1789029787.0348,9357,349,4.47,2741,35.14
2026-09-10T14:13:07.034,1789029787.0348,9358,1520,19.49,2752,35.28
2026-09-10T14:13:07.034,1789029787.0348,9359,-1316,-16.87,2836,36.36
2026-09-10T14:13:07.050,1789029787.0504,9360,-1123,-14.4,2836,36.36
2026-09-10T14:13:07.050,1789029787.0504,9361,593,7.6,2836,36.36
2026-09-10T14:13:07.066,1789029787.0661,9362,1503,19.27,2819,36.14
2026-09-10T14:13:07.066,1789029787.0661,9363,-1437,-18.42,2940,37.69
2026-09-10T14:13:07.066,1789029787.0661,9364,-1015,-13.01,2940,37.69
2026-09-10T14:13:07.066,1789029787.0661,9365,817,10.47,2940,37.69
2026-09-10T14:13:07.081,1789029787.0818,9366,1418,18.18,2855,36.6
2026-09-10T14:13:07.086,1789029787.0864,9367,272,3.49,2433,31.19
2026-09-10T14:13:07.086,1789029787.0864,9368,-903,-11.58,2321,29.76
2026-09-10T14:13:07.086,1789029787.0864,9369,996,12.77,2321,29.76
2026-09-10T14:13:07.098,1789029787.0981,9370,1341,17.19,2244,28.77
2026-09-10T14:13:07.102,1789029787.1020,9371,79,1.01,2244,28.77
2026-09-10T14:13:07.102,1789029787.1020,9372,-755,-9.68,2096,26.87
2026-09-10T14:13:07.114,1789029787.1147,9373,1136,14.56,2096,26.87
2026-09-10T14:13:07.121,1789029787.1218,9374,1255,16.09,2010,25.77
2026-09-10T14:13:07.121,1789029787.1218,9375,-157,-2.01,2010,25.77
2026-09-10T14:13:07.121,1789029787.1218,9376,-1557,-19.96,2812,36.05
2026-09-10T14:13:07.129,1789029787.1292,9377,1264,16.21,2821,36.17
2026-09-10T14:13:07.144,1789029787.1449,9378,1143,14.65,2821,36.17
2026-09-10T14:13:07.144,1789029787.1449,9379,-426,-5.46,2821,36.17
2026-09-10T14:13:07.144,1789029787.1449,9380,-1536,-19.69,2800,35.9
2026-09-10T14:13:07.160,1789029787.1606,9381,1388,17.79,2924,37.49
2026-09-10T14:13:07.160,1789029787.1606,9382,1046,13.41,2924,37.49
2026-09-10T14:13:07.176,1789029787.1766,9383,-682,-8.74,2924,37.49
2026-09-10T14:13:07.176,1789029787.1766,9384,-1483,-19.01,2871,36.81
2026-09-10T14:13:07.176,1789029787.1766,9385,-289,-3.71,2529,32.42
2026-09-10T14:13:07.192,1789029787.1922,9386,966,12.38,2449,31.4
2026-09-10T14:13:07.192,1789029787.1922,9387,-906,-11.62,2449,31.4
2026-09-10T14:13:07.202,1789029787.2021,9388,-1386,-17.77,2352,30.15
2026-09-10T14:13:07.207,1789029787.2079,9389,-69,-0.88,2352,30.15
2026-09-10T14:13:07.207,1789029787.2079,9390,838,10.74,2224,28.51
2026-09-10T14:13:07.207,1789029787.2079,9391,-1069,-13.71,2224,28.51
2026-09-10T14:13:07.223,1789029787.2236,9392,-1309,-16.78,2147,27.53
2026-09-10T14:13:07.223,1789029787.2236,9393,152,1.95,2147,27.53
2026-09-10T14:13:07.223,1789029787.2236,9394,1503,19.27,2812,36.05
2026-09-10T14:13:07.223,1789029787.2236,9395,-1241,-15.91,2812,36.05
2026-09-10T14:13:07.223,1789029787.2236,9396,-1201,-15.4,2744,35.18
2026-09-10T14:13:07.223,1789029787.2236,9397,400,5.13,2744,35.18
2026-09-10T14:13:07.239,1789029787.2394,9398,1503,19.27,2744,35.18
2026-09-10T14:13:07.239,1789029787.2394,9399,-1349,-17.29,2852,36.56
2026-09-10T14:13:07.239,1789029787.2394,9400,-1116,-14.31,2852,36.56
2026-09-10T14:13:07.255,1789029787.2551,9401,648,8.31,2852,36.56
2026-09-10T14:13:07.255,1789029787.2551,9402,1466,18.79,2815,36.09
2026-09-10T14:13:07.255,1789029787.2551,9403,-1450,-18.59,2916,37.38
2026-09-10T14:13:07.270,1789029787.2708,9404,-984,-12.62,2916,37.38
2026-09-10T14:13:07.270,1789029787.2708,9405,856,10.97,2916,37.38
2026-09-10T14:13:07.270,1789029787.2708,9406,1381,17.71,2831,36.29
2026-09-10T14:13:07.270,1789029787.2708,9407,219,2.81,2365,30.32
2026-09-10T14:13:07.289,1789029787.2891,9408,-872,-11.18,2253,28.88
2026-09-10T14:13:07.294,1789029787.2943,9409,1032,13.23,2253,28.88
2026-09-10T14:13:07.294,1789029787.2943,9410,1320,16.92,2192,28.1
2026-09-10T14:13:07.302,1789029787.3024,9411,14,0.18,2192,28.1
2026-09-10T14:13:07.318,1789029787.3180,9412,-719,-9.22,2039,26.14
2026-09-10T14:13:07.318,1789029787.3180,9413,1175,15.06,2039,26.14
2026-09-10T14:13:07.318,1789029787.3180,9414,1239,15.88,1958,25.1
2026-09-10T14:13:07.318,1789029787.3180,9415,-222,-2.85,1958,25.1
2026-09-10T14:13:07.333,1789029787.3339,9416,-1565,-20.06,2804,35.95
2026-09-10T14:13:07.333,1789029787.3339,9417,1287,16.5,2852,36.56
2026-09-10T14:13:07.333,1789029787.3339,9418,1118,14.33,2852,36.56
2026-09-10T14:13:07.333,1789029787.3339,9419,-494,-6.33,2852,36.56
2026-09-10T14:13:07.349,1789029787.3496,9420,-1512,-19.38,2799,35.88
2026-09-10T14:13:07.349,1789029787.3496,9421,1411,18.09,2923,37.47
2026-09-10T14:13:07.349,1789029787.3496,9422,1034,13.26,2923,37.47
2026-09-10T14:13:07.349,1789029787.3496,9423,-730,-9.36,2923,37.47
2026-09-10T14:13:07.365,1789029787.3653,9424,-1471,-18.86,2882,36.95
2026-09-10T14:13:07.365,1789029787.3653,9425,-238,-3.05,2505,32.12
2026-09-10T14:13:07.365,1789029787.3653,9426,918,11.77,2389,30.63
2026-09-10T14:13:07.382,1789029787.3825,9427,-954,-12.23,2389,30.63
2026-09-10T14:13:07.382,1789029787.3825,9428,-1378,-17.67,2296,29.44
2026-09-10T14:13:07.397,1789029787.3973,9429,-33,-0.42,2296,29.44
2026-09-10T14:13:07.402,1789029787.4028,9430,789,10.12,2167,27.78
2026-09-10T14:13:07.402,1789029787.4028,9431,-1130,-14.49,2167,27.78
2026-09-10T14:13:07.416,1789029787.4163,9432,-1281,-16.42,2070,26.54
2026-09-10T14:13:07.422,1789029787.4223,9433,208,2.67,2070,26.54
2026-09-10T14:13:07.422,1789029787.4223,9434,1515,19.42,2796,35.85
2026-09-10T14:13:07.428,1789029787.4283,9435,-1270,-16.28,2796,35.85
2026-09-10T14:13:07.428,1789029787.4283,9436,-1185,-15.19,2785,35.71
2026-09-10T14:13:07.444,1789029787.4440,9437,472,6.05,2785,35.71
2026-09-10T14:13:07.444,1789029787.4440,9438,1490,19.1,2760,35.38
2026-09-10T14:13:07.459,1789029787.4597,9439,-1386,-17.77,2876,36.87
2026-09-10T14:13:07.459,1789029787.4597,9440,-1068,-13.69,2876,36.87
2026-09-10T14:13:07.459,1789029787.4597,9441,708,9.08,2876,36.87
2026-09-10T14:13:07.459,1789029787.4597,9442,1449,18.58,2835,36.35
2026-09-10T14:13:07.459,1789029787.4597,9443,-1474,-18.9,2923,37.47
2026-09-10T14:13:07.475,1789029787.4758,9444,-964,-12.36,2923,37.47
2026-09-10T14:13:07.475,1789029787.4758,9445,900,11.54,2923,37.47
2026-09-10T14:13:07.475,1789029787.4758,9446,1372,17.59,2846,36.49
2026-09-10T14:13:07.475,1789029787.4758,9447,175,2.24,2336,29.95
2026-09-10T14:13:07.491,1789029787.4914,9448,-836,-10.72,2208,28.31
2026-09-10T14:13:07.491,1789029787.4914,9449,1075,13.78,2208,28.31
2026-09-10T14:13:07.491,1789029787.4914,9450,1279,16.4,2115,27.12
2026-09-10T14:13:07.507,1789029787.5072,9451,-42,-0.54,2115,27.12
2026-09-10T14:13:07.507,1789029787.5072,9452,-688,-8.82,1967,25.22
2026-09-10T14:13:07.507,1789029787.5072,9453,1207,15.47,1967,25.22
2026-09-10T14:13:07.522,1789029787.5229,9454,1182,15.15,1895,24.29
2026-09-10T14:13:07.522,1789029787.5229,9455,-318,-4.08,1895,24.29
2026-09-10T14:13:07.522,1789029787.5229,9456,-1565,-20.06,2772,35.54
2026-09-10T14:13:07.522,1789029787.5229,9457,1323,16.96,2888,37.03
2026-09-10T14:13:07.538,1789029787.5386,9458,1098,14.08,2888,37.03
2026-09-10T14:13:07.538,1789029787.5386,9459,-558,-7.15,2888,37.03
2026-09-10T14:13:07.538,1789029787.5386,9460,-1520,-19.49,2843,36.45
2026-09-10T14:13:07.554,1789029787.5542,9461,1428,18.31,2948,37.79
2026-09-10T14:13:07.554,1789029787.5542,9462,994,12.74,2948,37.79
2026-09-10T14:13:07.569,1789029787.5700,9463,-802,-10.28,2948,37.79
2026-09-10T14:13:07.569,1789029787.5700,9464,-1447,-18.55,2875,36.86
2026-09-10T14:13:07.569,1789029787.5700,9465,-189,-2.42,2441,31.29
2026-09-10T14:13:07.569,1789029787.5700,9466,890,11.41,2337,29.96
2026-09-10T14:13:07.585,1789029787.5858,9467,-1006,-12.9,2337,29.96
2026-09-10T14:13:07.585,1789029787.5858,9468,-1354,-17.36,2244,28.77
2026-09-10T14:13:07.585,1789029787.5858,9469,32,0.41,2244,28.77
2026-09-10T14:13:07.585,1789029787.5858,9470,762,9.77,2116,27.13
2026-09-10T14:13:07.602,1789029787.6029,9471,-1161,-14.88,2116,27.13
2026-09-10T14:13:07.602,1789029787.6029,9472,-1249,-16.01,2011,25.78
2026-09-10T14:13:07.602,1789029787.6029,9473,280,3.59,2011,25.78
2026-09-10T14:13:07.617,1789029787.6171,9474,1507,19.32,2756,35.33
2026-09-10T14:13:07.620,1789029787.6200,9475,-1285,-16.47,2792,35.79
2026-09-10T14:13:07.620,1789029787.6200,9476,-1152,-14.77,2792,35.79
2026-09-10T14:13:07.633,1789029787.6334,9477,528,6.77,2792,35.79
2026-09-10T14:13:07.648,1789029787.6486,9478,1502,19.26,2787,35.73
2026-09-10T14:13:07.648,1789029787.6486,9479,-1422,-18.23,2924,37.49
2026-09-10T14:13:07.648,1789029787.6486,9480,-1036,-13.28,2924,37.49
2026-09-10T14:13:07.664,1789029787.6643,9481,764,9.79,2924,37.49
2026-09-10T14:13:07.664,1789029787.6643,9482,1421,18.22,2843,36.45
2026-09-10T14:13:07.664,1789029787.6643,9483,-1486,-19.05,2907,37.27
2026-09-10T14:13:07.679,1789029787.6800,9484,-940,-12.05,2907,37.27
2026-09-10T14:13:07.679,1789029787.6800,9485,948,12.15,2907,37.27
2026-09-10T14:13:07.679,1789029787.6800,9486,1348,17.28,2834,36.33
2026-09-10T14:13:07.702,1789029787.7029,9487,95,1.22,2288,29.33
2026-09-10T14:13:07.702,1789029787.7029,9488,-788,-10.1,2136,27.38
2026-09-10T14:13:07.711,1789029787.7113,9489,1096,14.05,2136,27.38
2026-09-10T14:13:07.711,1789029787.7113,9490,1251,16.04,2039,26.14
2026-09-10T14:13:07.711,1789029787.7113,9491,-114,-1.46,2039,26.14
2026-09-10T14:13:07.711,1789029787.7113,9492,-655,-8.4,1906,24.44
2026-09-10T14:13:07.727,1789029787.7271,9493,1220,15.64,1906,24.44
2026-09-10T14:13:07.727,1789029787.7271,9494,1159,14.86,1875,24.04
2026-09-10T14:13:07.727,1789029787.7271,9495,-378,-4.85,1875,24.04
2026-09-10T14:13:07.727,1789029787.7271,9496,-1580,-20.26,2800,35.9
2026-09-10T14:13:07.727,1789029787.7271,9497,1328,17.03,2908,37.28
2026-09-10T14:13:07.727,1789029787.7271,9498,1067,13.68,2908,37.28
2026-09-10T14:13:07.743,1789029787.7431,9499,-637,-8.17,2908,37.28
2026-09-10T14:13:07.743,1789029787.7431,9500,-1499,-19.22,2827,36.24
2026-09-10T14:13:07.758,1789029787.7589,9501,1432,18.36,2931,37.58
2026-09-10T14:13:07.758,1789029787.7589,9502,959,12.29,2931,37.58
2026-09-10T14:13:07.758,1789029787.7589,9503,-865,-11.09,2931,37.58
2026-09-10T14:13:07.774,1789029787.7746,9504,-1434,-18.38,2866,36.74
2026-09-10T14:13:07.774,1789029787.7746,9505,-140,-1.79,2393,30.68
2026-09-10T14:13:07.774,1789029787.7746,9506,859,11.01,2293,29.4
2026-09-10T14:13:07.774,1789029787.7746,9507,-1061,-13.6,2293,29.4
2026-09-10T14:13:07.774,1789029787.7746,9508,-1336,-17.13,2195,28.14
2026-09-10T14:13:07.790,1789029787.7903,9509,97,1.24,2195,28.14
2026-09-10T14:13:07.790,1789029787.7903,9510,735,9.42,2071,26.55
2026-09-10T14:13:07.815,1789029787.8151,9511,-1208,-15.49,2071,26.55
2026-09-10T14:13:07.816,1789029787.8162,9512,-1223,-15.68,1958,25.1
2026-09-10T14:13:07.821,1789029787.8218,9513,333,4.27,1958,25.1
2026-09-10T14:13:07.821,1789029787.8218,9514,1508,19.33,2731,35.01
2026-09-10T14:13:07.821,1789029787.8218,9515,-1328,-17.03,2836,36.36
2026-09-10T14:13:07.821,1789029787.8218,9516,-1139,-14.6,2836,36.36
2026-09-10T14:13:07.837,1789029787.8375,9517,581,7.45,2836,36.36
2026-09-10T14:13:07.837,1789029787.8375,9518,1447,18.55,2775,35.58
2026-09-10T14:13:07.837,1789029787.8375,9519,-1432,-18.36,2879,36.91
2026-09-10T14:13:07.837,1789029787.8375,9520,-1018,-13.05,2879,36.91
2026-09-10T14:13:07.853,1789029787.8531,9521,821,10.53,2879,36.91
2026-09-10T14:13:07.853,1789029787.8531,9522,1398,17.92,2830,36.28
2026-09-10T14:13:07.853,1789029787.8531,9523,261,3.35,2416,30.97
2026-09-10T14:13:07.868,1789029787.8688,9524,-894,-11.46,2292,29.38
2026-09-10T14:13:07.868,1789029787.8688,9525,993,12.73,2292,29.38
2026-09-10T14:13:07.868,1789029787.8688,9526,1333,17.09,2227,28.55
2026-09-10T14:13:07.868,1789029787.8688,9527,48,0.62,2227,28.55
2026-09-10T14:13:07.884,1789029787.8844,9528,-762,-9.77,2095,26.86
2026-09-10T14:13:07.892,1789029787.8921,9529,1137,14.58,2095,26.86
2026-09-10T14:13:07.892,1789029787.8921,9530,1232,15.79,1994,25.56
2026-09-10T14:13:07.903,1789029787.9035,9531,-176,-2.26,1994,25.56
